timestamp,strike,side,open,high,low,close,volume,oi,iv
2025-08-25 09:00:00,23500,CE,815.82,822.12,811.68,815.24,0,20639,0.1636
2025-08-25 09:00:00,23500,PE,143.81,146.26,143.94,144.11,0,18943,0.1586
2025-08-25 09:00:00,23550,CE,757.68,786.82,766.56,771.02,0,23258,0.1628
2025-08-25 09:00:00,23550,PE,144.79,143.89,143.08,143.52,0,20852,0.1608
2025-08-25 09:00:00,23600,CE,730.06,741.47,711.92,723.48,0,24374,0.1592
2025-08-25 09:00:00,23600,PE,126.77,129.11,126.87,127.24,0,21705,0.1576
2025-08-25 09:00:00,23650,CE,673.12,680.22,668.82,670.66,0,24246,0.165
2025-08-25 09:00:00,23650,PE,134.36,137.48,134.65,134.99,0,23563,0.1615
2025-08-25 09:00:00,23700,CE,622.21,625.37,616.9,621.13,0,26986,0.1596
2025-08-25 09:00:00,23700,PE,129.19,130.54,128.29,129.2,0,27227,0.1606
2025-08-25 09:00:00,23750,CE,568.9,575.85,568.45,569.34,0,27988,0.1599
2025-08-25 09:00:00,23750,PE,140.4,144.2,142.11,142.21,0,28290,0.1612
2025-08-25 09:00:00,23800,CE,521.84,523.08,516.78,522.7,0,29661,0.1594
2025-08-25 09:00:00,23800,PE,140.37,140.66,139.08,139.6,0,27759,0.1595
2025-08-25 09:00:00,23850,CE,460.52,465.29,462.15,462.72,0,32168,0.158
2025-08-25 09:00:00,23850,PE,126.41,127.64,123.75,126.1,0,30607,0.1577
2025-08-25 09:00:00,23900,CE,424.68,426.22,419.57,422.39,0,32033,0.1626
2025-08-25 09:00:00,23900,PE,135.33,135.7,134.35,134.99,0,31429,0.1611
2025-08-25 09:00:00,23950,CE,376.86,378.15,372.69,373.34,0,36005,0.1585
2025-08-25 09:00:00,23950,PE,133.78,135.57,130.24,132.44,0,34275,0.1618
2025-08-25 09:00:00,24000,CE,318.9,319.29,316.4,316.58,0,38698,0.1603
2025-08-25 09:00:00,24000,PE,130.36,137.32,130.56,132.73,0,36348,0.1587
2025-08-25 09:00:00,24050,CE,276.15,278.19,274.86,274.99,0,42079,0.1567
2025-08-25 09:00:00,24050,PE,130.42,130.75,129.41,129.52,0,42110,0.1597
2025-08-25 09:00:00,24100,CE,224.04,222.33,218.77,221.43,0,45779,0.1592
2025-08-25 09:00:00,24100,PE,137.59,138.95,137.33,138.13,0,46308,0.1574
2025-08-25 09:00:00,24150,CE,167.43,170.72,167.04,167.91,0,52713,0.1595
2025-08-25 09:00:00,24150,PE,139.02,140.27,139.38,139.79,0,52092,0.156
2025-08-25 09:00:00,24200,CE,136.84,140.62,137.26,138.01,0,52846,0.1609
2025-08-25 09:00:00,24200,PE,141.67,145.56,140.69,141.69,0,54574,0.1576
2025-08-25 09:00:00,24250,CE,133.25,133.03,130.2,131.28,0,49394,0.1636
2025-08-25 09:00:00,24250,PE,193.72,197.25,194.99,195.49,0,46217,0.1619
2025-08-25 09:00:00,24300,CE,129.63,127.96,126.91,127.85,0,42538,0.1598
2025-08-25 09:00:00,24300,PE,247.77,251.14,248.43,248.95,0,44075,0.157
2025-08-25 09:00:00,24350,CE,120.94,123.82,121.74,122.58,0,39457,0.1589
2025-08-25 09:00:00,24350,PE,300.67,303.88,295.65,300.57,0,37936,0.1607
2025-08-25 09:00:00,24400,CE,130.37,131.32,129.95,130.82,0,36169,0.1595
2025-08-25 09:00:00,24400,PE,336.56,349.36,337.39,341.65,0,35773,0.1586
2025-08-25 09:00:00,24450,CE,131.58,133.8,131.81,133.55,0,34573,0.1607
2025-08-25 09:00:00,24450,PE,398.16,399.09,395.52,396.26,0,33680,0.1599
2025-08-25 09:00:00,24500,CE,130.79,131.01,129.35,129.52,0,29880,0.1618
2025-08-25 09:00:00,24500,PE,457.05,456.7,439.88,448.75,0,29518,0.1596
2025-08-25 09:00:00,24550,CE,127.31,131.85,126.61,128.28,0,28466,0.1605
2025-08-25 09:00:00,24550,PE,491.77,493.83,490.12,492.95,0,27944,0.1581
2025-08-25 09:00:00,24600,CE,141.84,144.48,143.55,143.56,0,29060,0.1578
2025-08-25 09:00:00,24600,PE,553.39,561.3,545.9,555.09,0,26639,0.1611
2025-08-25 09:00:00,24650,CE,130.96,137.28,132.23,132.9,0,26529,0.1637
2025-08-25 09:00:00,24650,PE,585.3,592.98,585.47,587.49,0,24502,0.1589
2025-08-25 09:00:00,24700,CE,132.0,134.72,131.98,132.16,0,24363,0.1621
2025-08-25 09:00:00,24700,PE,634.62,643.59,633.34,641.36,0,26333,0.1598
2025-08-25 09:00:00,24750,CE,122.27,122.0,120.19,121.95,0,23917,0.156
2025-08-25 09:00:00,24750,PE,691.21,724.37,689.01,700.78,0,22497,0.1606
2025-08-25 09:00:00,24800,CE,136.69,140.25,135.65,138.19,0,23203,0.1624
2025-08-25 09:00:00,24800,PE,747.64,761.7,746.1,748.91,0,22217,0.1618
2025-08-25 09:00:00,24850,CE,130.36,132.53,129.42,131.27,0,20126,0.1644
2025-08-25 09:00:00,24850,PE,785.53,800.73,790.14,791.71,0,23172,0.1612
2025-08-25 09:00:00,24900,CE,128.33,130.98,129.2,129.78,0,22000,0.1595
2025-08-25 09:00:00,24900,PE,828.77,839.53,830.83,834.07,0,20516,0.1562
2025-08-25 09:05:00,23500,CE,838.86,832.77,824.06,826.05,0,18933,0.1604
2025-08-25 09:05:00,23500,PE,138.54,140.64,138.72,139.35,0,20446,0.1614
2025-08-25 09:05:00,23550,CE,772.59,776.03,769.18,770.79,0,21845,0.1587
2025-08-25 09:05:00,23550,PE,125.72,127.52,126.03,126.32,0,23509,0.1591
2025-08-25 09:05:00,23600,CE,721.89,737.52,721.43,729.44,0,23809,0.1637
2025-08-25 09:05:00,23600,PE,134.49,135.59,134.44,134.78,0,21767,0.162
2025-08-25 09:05:00,23650,CE,667.01,676.46,655.46,664.87,0,24120,0.1598
2025-08-25 09:05:00,23650,PE,139.68,140.22,136.85,139.1,0,22798,0.1549
2025-08-25 09:05:00,23700,CE,618.82,618.08,613.01,613.5,0,25310,0.1603
2025-08-25 09:05:00,23700,PE,131.74,133.76,130.0,130.96,0,25556,0.1552
2025-08-25 09:05:00,23750,CE,584.9,581.73,576.29,579.96,0,26947,0.1618
2025-08-25 09:05:00,23750,PE,130.81,131.14,129.6,129.91,0,26617,0.1617
2025-08-25 09:05:00,23800,CE,516.08,515.3,507.25,513.66,0,28334,0.1611
2025-08-25 09:05:00,23800,PE,139.84,143.42,139.73,139.86,0,29773,0.1644
2025-08-25 09:05:00,23850,CE,453.72,459.79,453.05,456.95,0,30510,0.1594
2025-08-25 09:05:00,23850,PE,129.67,133.43,130.14,130.47,0,28655,0.1586
2025-08-25 09:05:00,23900,CE,419.89,432.13,420.18,421.06,0,33623,0.1596
2025-08-25 09:05:00,23900,PE,127.85,132.01,128.67,129.76,0,33130,0.1602
2025-08-25 09:05:00,23950,CE,376.64,376.42,372.91,373.12,0,35948,0.1635
2025-08-25 09:05:00,23950,PE,140.69,143.06,140.08,141.5,0,36008,0.1614
2025-08-25 09:05:00,24000,CE,316.15,318.07,316.41,318.06,0,36780,0.1596
2025-08-25 09:05:00,24000,PE,139.15,140.32,135.61,136.91,0,39975,0.1603
2025-08-25 09:05:00,24050,CE,276.7,275.69,272.69,274.88,0,43501,0.1585
2025-08-25 09:05:00,24050,PE,134.44,136.47,131.89,134.6,0,40123,0.1642
2025-08-25 09:05:00,24100,CE,230.0,234.05,227.16,228.52,0,44556,0.1606
2025-08-25 09:05:00,24100,PE,131.9,132.25,130.99,132.03,0,44665,0.158
2025-08-25 09:05:00,24150,CE,173.22,176.14,175.67,175.81,0,52603,0.1619
2025-08-25 09:05:00,24150,PE,131.54,132.71,131.98,132.55,0,52467,0.1608
2025-08-25 09:05:00,24200,CE,129.07,130.71,128.15,128.49,0,52148,0.1585
2025-08-25 09:05:00,24200,PE,149.23,149.62,147.64,149.17,0,53610,0.1599
2025-08-25 09:05:00,24250,CE,137.47,138.24,136.47,138.2,0,46550,0.1607
2025-08-25 09:05:00,24250,PE,201.64,201.94,197.41,200.24,0,45729,0.1636
2025-08-25 09:05:00,24300,CE,134.72,134.02,132.98,133.57,0,42024,0.1594
2025-08-25 09:05:00,24300,PE,244.1,248.84,242.85,244.57,0,41412,0.161
2025-08-25 09:05:00,24350,CE,131.62,133.59,132.25,133.22,0,40788,0.1615
2025-08-25 09:05:00,24350,PE,305.67,311.33,299.59,303.27,0,40539,0.1635
2025-08-25 09:05:00,24400,CE,143.12,141.66,140.33,140.49,0,35016,0.1597
2025-08-25 09:05:00,24400,PE,355.9,358.82,350.62,355.05,0,36548,0.1611
2025-08-25 09:05:00,24450,CE,139.45,142.71,138.36,139.98,0,32438,0.1604
2025-08-25 09:05:00,24450,PE,396.38,399.06,394.83,398.6,0,33879,0.1572
2025-08-25 09:05:00,24500,CE,134.52,135.57,134.58,134.6,0,32904,0.1599
2025-08-25 09:05:00,24500,PE,442.59,447.54,438.13,443.51,0,32840,0.1605
2025-08-25 09:05:00,24550,CE,127.83,129.5,126.21,127.53,0,30649,0.1609
2025-08-25 09:05:00,24550,PE,484.01,504.11,487.84,489.63,0,28281,0.1587
2025-08-25 09:05:00,24600,CE,132.79,136.52,133.63,134.34,0,26317,0.1587
2025-08-25 09:05:00,24600,PE,547.35,560.58,545.73,550.19,0,26196,0.1628
2025-08-25 09:05:00,24650,CE,126.89,128.98,127.63,128.37,0,24500,0.1599
2025-08-25 09:05:00,24650,PE,589.84,602.05,584.96,592.66,0,26447,0.1581
2025-08-25 09:05:00,24700,CE,133.11,139.39,132.63,133.85,0,25230,0.1616
2025-08-25 09:05:00,24700,PE,648.95,657.54,653.78,654.93,0,26126,0.1627
2025-08-25 09:05:00,24750,CE,145.17,144.26,142.13,142.91,0,21705,0.1611
2025-08-25 09:05:00,24750,PE,692.8,702.42,679.59,690.18,0,22405,0.16
2025-08-25 09:05:00,24800,CE,132.8,134.61,130.87,133.17,0,23124,0.1577
2025-08-25 09:05:00,24800,PE,738.59,751.89,733.13,739.8,0,22938,0.1598
2025-08-25 09:05:00,24850,CE,123.87,126.57,125.09,125.62,0,20895,0.16
2025-08-25 09:05:00,24850,PE,805.49,804.91,792.12,801.66,0,19795,0.1602
2025-08-25 09:05:00,24900,CE,137.81,138.98,137.73,138.12,0,20186,0.1595
2025-08-25 09:05:00,24900,PE,830.45,857.42,822.74,843.56,0,18937,0.1617
2025-08-25 09:10:00,23500,CE,829.19,838.5,815.69,821.13,0,20943,0.1583
2025-08-25 09:10:00,23500,PE,137.89,138.59,135.39,136.51,0,22407,0.1634
2025-08-25 09:10:00,23550,CE,766.19,786.13,769.37,770.03,0,20572,0.1569
2025-08-25 09:10:00,23550,PE,139.39,141.18,138.88,140.2,0,20261,0.1597
2025-08-25 09:10:00,23600,CE,717.03,731.36,709.81,718.54,0,23828,0.1611
2025-08-25 09:10:00,23600,PE,137.22,140.05,135.73,136.75,0,20975,0.1598
2025-08-25 09:10:00,23650,CE,655.36,663.72,655.58,660.63,0,26013,0.1601
2025-08-25 09:10:00,23650,PE,133.23,132.77,131.53,132.16,0,25179,0.1625
2025-08-25 09:10:00,23700,CE,617.18,626.53,620.59,622.6,0,25028,0.1602
2025-08-25 09:10:00,23700,PE,133.83,135.9,133.67,133.73,0,24865,0.1625
2025-08-25 09:10:00,23750,CE,573.18,578.12,570.33,576.66,0,26455,0.1651
2025-08-25 09:10:00,23750,PE,133.69,133.62,131.96,133.26,0,26494,0.1621
2025-08-25 09:10:00,23800,CE,517.81,531.12,520.6,522.71,0,29944,0.1607
2025-08-25 09:10:00,23800,PE,135.01,135.19,132.85,134.98,0,29785,0.1574
2025-08-25 09:10:00,23850,CE,463.48,463.67,451.99,459.19,0,29305,0.157
2025-08-25 09:10:00,23850,PE,132.96,134.11,130.12,131.78,0,29206,0.1594
2025-08-25 09:10:00,23900,CE,419.44,428.76,417.09,418.73,0,32822,0.1623
2025-08-25 09:10:00,23900,PE,128.54,129.86,127.19,128.29,0,33261,0.1608
2025-08-25 09:10:00,23950,CE,374.2,381.19,369.88,372.47,0,36074,0.1581
2025-08-25 09:10:00,23950,PE,128.72,129.93,126.33,127.63,0,34420,0.1595
2025-08-25 09:10:00,24000,CE,319.11,326.54,315.21,319.33,0,38017,0.161
2025-08-25 09:10:00,24000,PE,137.86,138.14,135.73,137.45,0,36505,0.1658
2025-08-25 09:10:00,24050,CE,272.35,270.2,265.0,270.18,0,41362,0.1598
2025-08-25 09:10:00,24050,PE,127.15,128.44,126.03,126.46,0,42289,0.1591
2025-08-25 09:10:00,24100,CE,220.71,220.37,217.81,219.51,0,44898,0.16
2025-08-25 09:10:00,24100,PE,142.67,147.27,141.59,143.11,0,44955,0.1607
2025-08-25 09:10:00,24150,CE,171.64,172.8,170.14,170.83,0,50587,0.1593
2025-08-25 09:10:00,24150,PE,127.66,130.09,128.49,128.9,0,52204,0.1592
2025-08-25 09:10:00,24200,CE,146.44,146.14,145.56,146.13,0,53504,0.1617
2025-08-25 09:10:00,24200,PE,148.85,148.99,146.19,148.56,0,54764,0.1583
2025-08-25 09:10:00,24250,CE,138.14,138.71,136.33,137.8,0,45823,0.1626
2025-08-25 09:10:00,24250,PE,198.55,200.89,196.73,199.25,0,48973,0.1617
2025-08-25 09:10:00,24300,CE,131.04,131.27,130.27,131.14,0,41278,0.1578
2025-08-25 09:10:00,24300,PE,246.43,251.15,246.92,247.77,0,42392,0.1567
2025-08-25 09:10:00,24350,CE,136.0,135.55,131.56,134.08,0,39104,0.1629
2025-08-25 09:10:00,24350,PE,303.72,306.25,299.88,302.84,0,38344,0.1618
2025-08-25 09:10:00,24400,CE,134.51,133.86,131.24,133.06,0,38236,0.1588
2025-08-25 09:10:00,24400,PE,358.07,357.54,355.1,356.55,0,37850,0.1564
2025-08-25 09:10:00,24450,CE,131.7,130.79,129.91,130.62,0,33902,0.1581
2025-08-25 09:10:00,24450,PE,397.89,406.18,396.49,397.35,0,33429,0.1576
2025-08-25 09:10:00,24500,CE,134.91,133.41,132.83,133.12,0,32368,0.1638
2025-08-25 09:10:00,24500,PE,448.54,450.21,447.89,448.5,0,32151,0.1588
2025-08-25 09:10:00,24550,CE,144.44,145.58,141.99,143.0,0,29239,0.1622
2025-08-25 09:10:00,24550,PE,510.2,513.35,502.84,505.15,0,30625,0.1606
2025-08-25 09:10:00,24600,CE,124.83,127.27,124.93,125.41,0,26326,0.1587
2025-08-25 09:10:00,24600,PE,539.93,547.4,533.67,542.47,0,26665,0.1562
2025-08-25 09:10:00,24650,CE,137.88,140.0,136.6,137.08,0,24062,0.1623
2025-08-25 09:10:00,24650,PE,601.01,604.38,595.96,598.21,0,24468,0.1601
2025-08-25 09:10:00,24700,CE,144.88,143.35,141.29,142.97,0,23392,0.1604
2025-08-25 09:10:00,24700,PE,642.29,650.69,642.4,642.99,0,25096,0.1561
2025-08-25 09:10:00,24750,CE,135.9,137.42,135.68,137.18,0,24766,0.1579
2025-08-25 09:10:00,24750,PE,688.9,695.24,679.72,690.58,0,23704,0.1577
2025-08-25 09:10:00,24800,CE,132.37,132.91,130.54,131.77,0,21994,0.1552
2025-08-25 09:10:00,24800,PE,736.63,749.16,730.62,738.45,0,21293,0.1614
2025-08-25 09:10:00,24850,CE,145.12,146.08,143.33,144.84,0,19591,0.1611
2025-08-25 09:10:00,24850,PE,792.76,794.05,777.42,786.67,0,21524,0.1575
2025-08-25 09:10:00,24900,CE,130.49,130.79,128.28,130.25,0,18813,0.1554
2025-08-25 09:10:00,24900,PE,846.94,848.8,838.81,846.83,0,21411,0.161
2025-08-25 09:15:00,23500,CE,825.72,835.19,806.23,817.28,215,27983,0.1416
2025-08-25 09:15:00,23500,PE,114.34,116.19,113.08,114.43,22,27336,0.1429
2025-08-25 09:15:00,23550,CE,751.16,758.46,756.11,758.29,15,31676,0.147
2025-08-25 09:15:00,23550,PE,126.32,125.62,124.54,125.25,270,32041,0.1429
2025-08-25 09:15:00,23600,CE,712.62,713.22,705.41,712.29,328,34645,0.1442
2025-08-25 09:15:00,23600,PE,124.47,126.53,125.63,126.0,451,29805,0.1436
2025-08-25 09:15:00,23650,CE,662.07,661.64,653.19,657.39,79,36027,0.1447
2025-08-25 09:15:00,23650,PE,122.82,125.2,122.97,123.68,171,35282,0.1443
2025-08-25 09:15:00,23700,CE,616.82,617.37,608.67,611.15,411,36882,0.14
2025-08-25 09:15:00,23700,PE,123.68,121.73,121.6,121.61,180,34549,0.1452
2025-08-25 09:15:00,23750,CE,560.97,564.0,558.71,562.68,389,35031,0.1421
2025-08-25 09:15:00,23750,PE,114.85,116.3,113.12,113.86,223,37943,0.1434
2025-08-25 09:15:00,23800,CE,516.89,512.99,508.36,511.57,161,39135,0.143
2025-08-25 09:15:00,23800,PE,126.29,127.2,121.77,124.45,732,39159,0.1461
2025-08-25 09:15:00,23850,CE,451.39,455.36,449.27,451.0,727,45866,0.1423
2025-08-25 09:15:00,23850,PE,127.19,127.97,123.72,125.45,546,41221,0.1428
2025-08-25 09:15:00,23900,CE,419.06,421.23,411.09,414.84,191,49235,0.1435
2025-08-25 09:15:00,23900,PE,114.7,117.03,114.38,114.63,15,46652,0.1447
2025-08-25 09:15:00,23950,CE,365.11,368.75,360.03,363.73,577,52539,0.1452
2025-08-25 09:15:00,23950,PE,117.97,120.52,118.15,118.76,859,49211,0.1449
2025-08-25 09:15:00,24000,CE,314.85,327.84,318.9,319.41,541,55896,0.1456
2025-08-25 09:15:00,24000,PE,120.44,124.15,119.94,121.43,1023,55432,0.141
2025-08-25 09:15:00,24050,CE,253.42,254.12,250.08,253.93,161,63135,0.14
2025-08-25 09:15:00,24050,PE,121.56,124.34,121.34,122.86,617,58666,0.1431
2025-08-25 09:15:00,24100,CE,212.46,215.47,213.83,214.51,273,65536,0.1403
2025-08-25 09:15:00,24100,PE,127.15,128.21,124.4,126.07,976,70002,0.1434
2025-08-25 09:15:00,24150,CE,157.49,159.83,158.38,158.76,700,73288,0.1401
2025-08-25 09:15:00,24150,PE,113.92,114.54,112.93,114.28,1383,76509,0.1433
2025-08-25 09:15:00,24200,CE,118.16,119.3,115.6,118.0,1017,80928,0.143
2025-08-25 09:15:00,24200,PE,126.53,126.82,125.53,126.77,1709,81026,0.1414
2025-08-25 09:15:00,24250,CE,121.46,124.08,121.14,122.03,923,74037,0.1455
2025-08-25 09:15:00,24250,PE,178.71,181.21,178.7,179.78,781,73763,0.1432
2025-08-25 09:15:00,24300,CE,121.55,122.36,119.5,121.11,531,65965,0.1447
2025-08-25 09:15:00,24300,PE,219.27,220.18,217.5,218.34,486,65368,0.1418
2025-08-25 09:15:00,24350,CE,128.08,127.27,126.53,127.07,787,60598,0.141
2025-08-25 09:15:00,24350,PE,290.4,294.63,288.99,290.23,192,62097,0.1428
2025-08-25 09:15:00,24400,CE,114.01,116.15,113.8,114.24,115,52548,0.1431
2025-08-25 09:15:00,24400,PE,320.06,322.16,319.83,321.28,369,52834,0.1434
2025-08-25 09:15:00,24450,CE,113.25,117.71,115.18,115.36,339,48438,0.1426
2025-08-25 09:15:00,24450,PE,373.67,372.57,370.82,371.69,416,51079,0.1384
2025-08-25 09:15:00,24500,CE,113.14,113.59,112.61,112.93,710,44856,0.1389
2025-08-25 09:15:00,24500,PE,424.96,426.3,421.29,424.78,231,46828,0.1421
2025-08-25 09:15:00,24550,CE,118.49,118.71,116.21,116.57,59,42235,0.1385
2025-08-25 09:15:00,24550,PE,483.71,485.58,480.76,483.16,183,43206,0.144
2025-08-25 09:15:00,24600,CE,106.8,107.63,106.71,107.29,68,41746,0.1397
2025-08-25 09:15:00,24600,PE,528.42,535.34,523.05,528.26,205,39856,0.1403
2025-08-25 09:15:00,24650,CE,126.51,125.92,124.63,124.87,394,37178,0.1449
2025-08-25 09:15:00,24650,PE,590.57,584.14,580.71,581.23,311,35928,0.145
2025-08-25 09:15:00,24700,CE,119.89,122.59,121.18,121.45,495,35260,0.145
2025-08-25 09:15:00,24700,PE,617.87,625.48,617.2,621.24,145,33739,0.1407
2025-08-25 09:15:00,24750,CE,131.1,132.2,127.46,129.98,268,35300,0.1453
2025-08-25 09:15:00,24750,PE,681.49,680.51,674.28,676.14,576,32572,0.1442
2025-08-25 09:15:00,24800,CE,126.08,126.77,123.81,125.44,229,29288,0.1435
2025-08-25 09:15:00,24800,PE,712.13,721.67,711.79,715.66,312,29953,0.1404
2025-08-25 09:15:00,24850,CE,117.23,117.94,115.68,117.19,440,30166,0.1432
2025-08-25 09:15:00,24850,PE,772.74,793.63,771.74,775.94,125,32456,0.1416
2025-08-25 09:15:00,24900,CE,115.16,117.44,114.75,115.05,415,27353,0.1405
2025-08-25 09:15:00,24900,PE,829.1,833.45,821.54,827.34,68,27136,0.1428
2025-08-25 09:20:00,23500,CE,806.89,828.21,809.04,811.84,201,27870,0.1451
2025-08-25 09:20:00,23500,PE,126.0,126.46,124.63,125.99,429,27897,0.1477
2025-08-25 09:20:00,23550,CE,745.27,764.36,744.97,751.04,412,32090,0.1444
2025-08-25 09:20:00,23550,PE,126.21,129.62,124.77,125.95,76,31620,0.1449
2025-08-25 09:20:00,23600,CE,698.66,693.25,691.5,692.61,528,34781,0.1415
2025-08-25 09:20:00,23600,PE,114.35,116.66,114.2,114.35,144,30155,0.1435
2025-08-25 09:20:00,23650,CE,638.07,655.72,651.39,652.17,116,36348,0.146
2025-08-25 09:20:00,23650,PE,117.64,119.6,118.4,118.58,545,35268,0.1448
2025-08-25 09:20:00,23700,CE,602.06,603.35,599.13,601.91,434,37160,0.143
2025-08-25 09:20:00,23700,PE,126.49,128.05,125.47,126.41,579,34649,0.1468
2025-08-25 09:20:00,23750,CE,553.76,560.51,554.3,559.59,214,34672,0.1448
2025-08-25 09:20:00,23750,PE,117.67,119.47,117.18,117.48,257,37410,0.1455
2025-08-25 09:20:00,23800,CE,515.7,512.69,501.47,509.0,532,38978,0.1439
2025-08-25 09:20:00,23800,PE,115.94,119.51,113.96,115.76,541,38633,0.1437
2025-08-25 09:20:00,23850,CE,453.72,456.36,449.33,452.89,272,45740,0.1405
2025-08-25 09:20:00,23850,PE,110.55,112.23,109.49,111.13,83,41615,0.14
2025-08-25 09:20:00,23900,CE,402.37,398.9,391.86,397.55,538,49648,0.1387
2025-08-25 09:20:00,23900,PE,119.15,120.2,118.85,118.98,717,46092,0.1406
2025-08-25 09:20:00,23950,CE,354.21,358.58,350.98,355.48,849,52022,0.1454
2025-08-25 09:20:00,23950,PE,118.9,120.14,117.83,118.49,854,49414,0.1448
2025-08-25 09:20:00,24000,CE,304.48,307.96,303.85,304.61,892,55895,0.1427
2025-08-25 09:20:00,24000,PE,115.34,117.05,114.22,114.61,188,55011,0.141
2025-08-25 09:20:00,24050,CE,245.12,247.39,241.54,244.34,162,63501,0.1403
2025-08-25 09:20:00,24050,PE,120.22,120.39,118.86,119.23,658,58325,0.1417
2025-08-25 09:20:00,24100,CE,197.89,198.66,197.02,197.59,192,65029,0.1408
2025-08-25 09:20:00,24100,PE,113.46,114.07,111.93,112.03,374,70301,0.1431
2025-08-25 09:20:00,24150,CE,158.67,161.06,157.19,158.95,1438,73417,0.1437
2025-08-25 09:20:00,24150,PE,122.87,120.39,118.9,119.83,1602,76382,0.1466
2025-08-25 09:20:00,24200,CE,119.81,118.83,116.99,118.42,582,81159,0.1452
2025-08-25 09:20:00,24200,PE,130.77,133.98,129.37,130.26,252,81519,0.1368
2025-08-25 09:20:00,24250,CE,124.68,124.84,122.36,123.37,1135,73478,0.1406
2025-08-25 09:20:00,24250,PE,177.03,179.97,177.44,177.74,290,73916,0.1411
2025-08-25 09:20:00,24300,CE,123.18,124.27,120.24,122.3,940,65626,0.1466
2025-08-25 09:20:00,24300,PE,241.9,240.95,239.29,239.62,951,65336,0.1436
2025-08-25 09:20:00,24350,CE,114.55,114.74,113.31,113.67,764,60506,0.143
2025-08-25 09:20:00,24350,PE,292.54,292.22,286.92,290.31,520,61964,0.143
2025-08-25 09:20:00,24400,CE,107.5,108.24,107.54,108.13,172,52176,0.1403
2025-08-25 09:20:00,24400,PE,336.05,339.13,336.87,338.81,182,53197,0.1438
2025-08-25 09:20:00,24450,CE,111.76,114.5,110.05,112.69,397,48293,0.1478
2025-08-25 09:20:00,24450,PE,393.07,390.85,386.87,388.42,787,51543,0.1418
2025-08-25 09:20:00,24500,CE,118.31,118.29,117.27,118.21,207,44681,0.1409
2025-08-25 09:20:00,24500,PE,436.31,445.97,439.69,439.85,353,47235,0.144
2025-08-25 09:20:00,24550,CE,113.49,116.58,113.84,114.57,524,42288,0.1401
2025-08-25 09:20:00,24550,PE,495.02,494.16,486.39,493.37,192,43068,0.1415
2025-08-25 09:20:00,24600,CE,116.16,119.91,117.04,117.39,32,41990,0.1416
2025-08-25 09:20:00,24600,PE,538.79,537.06,532.94,534.95,662,40199,0.144
2025-08-25 09:20:00,24650,CE,113.28,113.48,111.88,112.98,215,37157,0.141
2025-08-25 09:20:00,24650,PE,584.32,601.52,582.47,585.04,642,35838,0.1471
2025-08-25 09:20:00,24700,CE,124.4,126.28,123.5,123.82,529,35352,0.1437
2025-08-25 09:20:00,24700,PE,625.19,641.72,629.92,635.62,319,33841,0.1433
2025-08-25 09:20:00,24750,CE,116.77,116.5,115.27,115.61,139,35210,0.1459
2025-08-25 09:20:00,24750,PE,684.57,692.03,686.7,690.04,186,32881,0.1442
2025-08-25 09:20:00,24800,CE,114.74,114.99,112.62,113.64,345,29167,0.1399
2025-08-25 09:20:00,24800,PE,731.29,737.74,726.66,733.44,460,29896,0.1406
2025-08-25 09:20:00,24850,CE,121.07,121.04,119.52,120.65,504,30292,0.1436
2025-08-25 09:20:00,24850,PE,773.9,785.61,780.41,784.44,469,33040,0.1427
2025-08-25 09:20:00,24900,CE,114.29,114.61,112.49,113.29,169,27065,0.1415
2025-08-25 09:20:00,24900,PE,828.81,833.21,828.0,831.2,421,26814,0.1433
2025-08-25 09:25:00,23500,CE,825.25,854.08,820.7,836.82,377,27482,0.1409
2025-08-25 09:25:00,23500,PE,117.67,120.35,116.33,117.56,434,28124,0.141
2025-08-25 09:25:00,23550,CE,792.03,803.83,796.13,796.42,277,32028,0.1439
2025-08-25 09:25:00,23550,PE,127.84,128.23,126.22,127.21,337,31486,0.1444
2025-08-25 09:25:00,23600,CE,745.84,741.22,735.21,738.98,226,34425,0.1445
2025-08-25 09:25:00,23600,PE,111.89,112.42,111.43,111.68,95,30624,0.1421
2025-08-25 09:25:00,23650,CE,690.36,698.82,689.41,695.08,442,36279,0.1438
2025-08-25 09:25:00,23650,PE,121.52,122.28,121.1,121.97,489,35397,0.1439
2025-08-25 09:25:00,23700,CE,656.34,659.4,643.76,648.95,377,36695,0.1479
2025-08-25 09:25:00,23700,PE,124.46,127.53,124.84,125.16,340,34178,0.1435
2025-08-25 09:25:00,23750,CE,593.39,597.74,595.68,597.13,457,34152,0.147
2025-08-25 09:25:00,23750,PE,121.63,121.87,121.78,121.85,347,37250,0.144
2025-08-25 09:25:00,23800,CE,544.45,548.79,542.15,546.73,103,38945,0.1425
2025-08-25 09:25:00,23800,PE,126.44,126.24,125.09,125.84,152,38326,0.1456
2025-08-25 09:25:00,23850,CE,485.14,491.08,488.67,489.33,683,45559,0.1401
2025-08-25 09:25:00,23850,PE,114.76,115.28,114.49,114.89,316,41022,0.1434
2025-08-25 09:25:00,23900,CE,445.76,447.04,443.23,446.19,258,49469,0.1416
2025-08-25 09:25:00,23900,PE,123.87,125.81,122.27,124.07,600,45635,0.1467
2025-08-25 09:25:00,23950,CE,391.99,393.63,385.23,389.75,842,51576,0.1412
2025-08-25 09:25:00,23950,PE,117.03,116.61,115.13,116.06,596,48819,0.1417
2025-08-25 09:25:00,24000,CE,351.31,355.57,352.19,353.61,818,56130,0.1444
2025-08-25 09:25:00,24000,PE,112.07,112.96,110.38,111.98,836,55528,0.141
2025-08-25 09:25:00,24050,CE,298.93,299.34,292.77,297.0,925,63646,0.1468
2025-08-25 09:25:00,24050,PE,122.78,124.4,122.02,122.36,930,57840,0.1419
2025-08-25 09:25:00,24100,CE,247.42,253.11,247.06,247.09,809,65616,0.1434
2025-08-25 09:25:00,24100,PE,118.92,119.67,118.26,118.47,481,70871,0.1396
2025-08-25 09:25:00,24150,CE,192.29,193.91,192.06,193.28,730,73378,0.1399
2025-08-25 09:25:00,24150,PE,122.21,123.87,121.23,122.74,442,75911,0.1453
2025-08-25 09:25:00,24200,CE,147.5,151.46,146.91,147.35,1453,81423,0.1448
2025-08-25 09:25:00,24200,PE,127.5,129.21,128.7,128.91,678,82072,0.1469
2025-08-25 09:25:00,24250,CE,112.49,114.65,112.99,113.17,324,73812,0.1378
2025-08-25 09:25:00,24250,PE,154.58,158.25,155.17,155.24,759,74065,0.1449
2025-08-25 09:25:00,24300,CE,117.52,121.5,117.11,117.24,74,65758,0.1431
2025-08-25 09:25:00,24300,PE,191.97,189.74,186.73,189.24,968,65909,0.1433
2025-08-25 09:25:00,24350,CE,118.31,118.31,116.96,118.05,442,59993,0.1448
2025-08-25 09:25:00,24350,PE,243.28,246.44,237.91,243.01,95,61543,0.1397
2025-08-25 09:25:00,24400,CE,124.72,124.63,123.28,123.9,343,52572,0.1413
2025-08-25 09:25:00,24400,PE,290.73,294.86,293.28,293.79,229,52771,0.1411
2025-08-25 09:25:00,24450,CE,116.97,120.11,117.13,117.22,47,48152,0.1412
2025-08-25 09:25:00,24450,PE,346.44,354.12,347.4,349.03,605,51280,0.1441
2025-08-25 09:25:00,24500,CE,117.98,118.86,116.52,117.15,455,44373,0.1418
2025-08-25 09:25:00,24500,PE,402.41,403.8,399.01,401.95,725,46665,0.1434
2025-08-25 09:25:00,24550,CE,117.62,118.1,116.08,117.24,177,42367,0.1396
2025-08-25 09:25:00,24550,PE,453.76,453.95,449.57,453.89,700,42949,0.1426
2025-08-25 09:25:00,24600,CE,110.6,111.5,109.82,111.15,65,42051,0.1401
2025-08-25 09:25:00,24600,PE,495.34,498.13,491.2,493.56,215,39964,0.1405
2025-08-25 09:25:00,24650,CE,121.67,121.58,119.97,121.31,656,37686,0.1402
2025-08-25 09:25:00,24650,PE,553.67,558.5,542.24,546.78,192,35947,0.1463
2025-08-25 09:25:00,24700,CE,115.49,113.65,111.62,113.6,363,35905,0.1406
2025-08-25 09:25:00,24700,PE,592.48,597.69,593.55,594.93,628,33661,0.1427
2025-08-25 09:25:00,24750,CE,112.9,112.64,110.69,112.05,25,34612,0.1409
2025-08-25 09:25:00,24750,PE,634.81,656.94,638.78,643.4,13,33218,0.1422
2025-08-25 09:25:00,24800,CE,122.46,127.58,123.14,123.58,435,29559,0.1432
2025-08-25 09:25:00,24800,PE,691.65,701.42,680.04,691.05,89,29366,0.1399
2025-08-25 09:25:00,24850,CE,111.3,112.86,110.37,110.83,101,30442,0.1426
2025-08-25 09:25:00,24850,PE,736.93,735.31,731.72,734.52,13,33233,0.1374
2025-08-25 09:25:00,24900,CE,116.11,116.9,116.22,116.63,467,26639,0.1439
2025-08-25 09:25:00,24900,PE,797.89,810.54,785.17,793.53,389,26877,0.1396
2025-08-25 09:30:00,23500,CE,796.77,792.98,785.58,789.53,500,27173,0.1431
2025-08-25 09:30:00,23500,PE,119.84,120.3,119.92,120.05,126,27543,0.1426
2025-08-25 09:30:00,23550,CE,727.48,739.78,734.92,736.6,397,32468,0.1452
2025-08-25 09:30:00,23550,PE,113.98,114.73,113.29,113.75,19,31476,0.1454
2025-08-25 09:30:00,23600,CE,684.72,705.72,686.95,692.47,431,34763,0.1466
2025-08-25 09:30:00,23600,PE,114.34,116.4,114.2,114.45,552,30891,0.1408
2025-08-25 09:30:00,23650,CE,643.02,631.19,629.21,630.61,581,36871,0.1438
2025-08-25 09:30:00,23650,PE,129.11,128.89,128.23,128.84,585,35322,0.1452
2025-08-25 09:30:00,23700,CE,568.44,578.58,563.86,570.24,280,36608,0.1397
2025-08-25 09:30:00,23700,PE,125.75,129.05,125.24,126.93,639,33916,0.1449
2025-08-25 09:30:00,23750,CE,532.59,530.85,528.45,529.22,545,34302,0.1429
2025-08-25 09:30:00,23750,PE,128.15,129.87,127.67,128.61,55,37233,0.1453
2025-08-25 09:30:00,23800,CE,485.33,493.69,480.94,485.85,161,39219,0.1429
2025-08-25 09:30:00,23800,PE,112.67,112.82,111.42,112.29,354,38153,0.1436
2025-08-25 09:30:00,23850,CE,436.7,435.12,433.98,434.39,68,45116,0.1449
2025-08-25 09:30:00,23850,PE,116.3,121.8,117.7,117.88,647,41456,0.1438
2025-08-25 09:30:00,23900,CE,390.64,401.36,388.73,389.78,278,49862,0.1446
2025-08-25 09:30:00,23900,PE,114.6,114.68,112.68,113.97,514,45456,0.144
2025-08-25 09:30:00,23950,CE,332.2,335.53,330.85,333.69,466,51804,0.144
2025-08-25 09:30:00,23950,PE,126.02,128.39,125.87,126.58,923,48809,0.1455
2025-08-25 09:30:00,24000,CE,288.15,288.82,280.13,284.05,403,56443,0.1433
2025-08-25 09:30:00,24000,PE,114.21,115.32,114.32,115.04,601,55396,0.1475
2025-08-25 09:30:00,24050,CE,235.43,243.84,233.32,238.9,595,63688,0.1459
2025-08-25 09:30:00,24050,PE,118.38,120.72,118.38,118.97,196,57309,0.1424
2025-08-25 09:30:00,24100,CE,189.06,193.89,185.16,187.78,976,65225,0.1447
2025-08-25 09:30:00,24100,PE,113.02,115.88,114.79,114.88,785,71209,0.1439
2025-08-25 09:30:00,24150,CE,133.25,133.5,131.44,133.45,388,73235,0.1476
2025-08-25 09:30:00,24150,PE,116.23,115.87,114.09,115.05,1668,75353,0.1437
2025-08-25 09:30:00,24200,CE,114.99,115.74,114.07,114.46,1215,81024,0.1417
2025-08-25 09:30:00,24200,PE,149.17,151.23,148.74,150.64,1452,81965,0.139
2025-08-25 09:30:00,24250,CE,121.29,120.33,118.74,120.23,32,74073,0.1408
2025-08-25 09:30:00,24250,PE,203.94,204.26,203.78,203.84,222,73901,0.1436
2025-08-25 09:30:00,24300,CE,110.95,112.1,111.28,111.49,619,66052,0.1458
2025-08-25 09:30:00,24300,PE,249.62,255.32,250.11,251.07,519,66338,0.1424
2025-08-25 09:30:00,24350,CE,117.34,117.98,116.55,117.72,529,59802,0.1445
2025-08-25 09:30:00,24350,PE,292.82,297.95,296.19,297.56,376,61903,0.1429
2025-08-25 09:30:00,24400,CE,129.9,130.28,128.6,129.93,653,52124,0.1416
2025-08-25 09:30:00,24400,PE,354.27,362.97,354.54,357.41,736,52669,0.1422
2025-08-25 09:30:00,24450,CE,113.61,114.2,112.51,112.54,319,47669,0.1401
2025-08-25 09:30:00,24450,PE,396.68,399.15,396.06,397.12,887,50743,0.1408
2025-08-25 09:30:00,24500,CE,123.11,122.81,121.29,122.04,813,43850,0.1442
2025-08-25 09:30:00,24500,PE,449.0,454.28,439.15,449.36,419,46190,0.1379
2025-08-25 09:30:00,24550,CE,122.31,123.72,121.29,121.79,378,42769,0.1384
2025-08-25 09:30:00,24550,PE,495.36,495.9,486.6,493.57,450,43001,0.1431
2025-08-25 09:30:00,24600,CE,107.53,108.4,106.18,107.41,93,42587,0.141
2025-08-25 09:30:00,24600,PE,555.85,562.31,555.14,556.33,270,40009,0.1413
2025-08-25 09:30:00,24650,CE,114.2,113.3,111.96,112.44,589,37840,0.1419
2025-08-25 09:30:00,24650,PE,597.39,608.68,604.95,607.83,484,35568,0.1439
2025-08-25 09:30:00,24700,CE,119.68,122.08,120.36,120.95,288,35953,0.1413
2025-08-25 09:30:00,24700,PE,659.33,659.22,647.14,651.26,116,33523,0.1426
2025-08-25 09:30:00,24750,CE,118.93,119.85,117.13,119.31,483,35129,0.1449
2025-08-25 09:30:00,24750,PE,711.09,703.87,698.18,703.72,478,33738,0.1431
2025-08-25 09:30:00,24800,CE,125.94,128.61,125.65,125.93,547,29197,0.1408
2025-08-25 09:30:00,24800,PE,761.25,762.97,747.78,752.41,470,29510,0.1411
2025-08-25 09:30:00,24850,CE,119.85,121.19,118.96,119.95,447,30607,0.1447
2025-08-25 09:30:00,24850,PE,812.44,818.19,812.42,812.92,72,33308,0.1471
2025-08-25 09:30:00,24900,CE,114.81,116.02,113.96,115.04,377,26188,0.1426
2025-08-25 09:30:00,24900,PE,849.06,851.34,844.12,850.6,252,27061,0.1435
2025-08-25 09:35:00,23500,CE,824.48,837.46,827.28,830.84,239,27531,0.1437
2025-08-25 09:35:00,23500,PE,131.75,131.44,129.24,130.81,71,27357,0.1441
2025-08-25 09:35:00,23550,CE,776.14,793.29,775.4,780.39,508,32485,0.144
2025-08-25 09:35:00,23550,PE,125.84,125.91,125.44,125.52,103,31015,0.1445
2025-08-25 09:35:00,23600,CE,725.93,731.23,721.36,721.94,338,35279,0.1449
2025-08-25 09:35:00,23600,PE,123.26,123.01,121.89,122.62,36,30422,0.1477
2025-08-25 09:35:00,23650,CE,690.36,684.15,662.95,675.8,230,36521,0.1412
2025-08-25 09:35:00,23650,PE,125.0,126.32,123.24,124.84,81,35080,0.145
2025-08-25 09:35:00,23700,CE,627.69,628.08,618.02,626.68,412,36998,0.1451
2025-08-25 09:35:00,23700,PE,119.01,119.31,117.72,118.04,202,34156,0.1423
2025-08-25 09:35:00,23750,CE,576.99,583.22,577.49,578.41,560,33710,0.1421
2025-08-25 09:35:00,23750,PE,115.28,116.77,114.94,115.9,580,36853,0.1413
2025-08-25 09:35:00,23800,CE,542.45,542.39,528.34,536.59,503,39519,0.1458
2025-08-25 09:35:00,23800,PE,129.1,131.45,128.76,128.84,618,38037,0.1431
2025-08-25 09:35:00,23850,CE,479.0,485.6,473.47,475.98,522,44547,0.1419
2025-08-25 09:35:00,23850,PE,117.35,117.12,115.98,116.28,358,42012,0.1412
2025-08-25 09:35:00,23900,CE,424.25,428.94,426.35,426.52,146,49443,0.1456
2025-08-25 09:35:00,23900,PE,119.42,121.58,118.54,120.16,601,45468,0.1465
2025-08-25 09:35:00,23950,CE,374.37,372.31,368.61,369.83,432,51501,0.141
2025-08-25 09:35:00,23950,PE,119.46,120.01,118.7,119.48,172,49093,0.1428
2025-08-25 09:35:00,24000,CE,331.2,341.88,332.78,332.85,379,56775,0.1473
2025-08-25 09:35:00,24000,PE,127.24,128.12,126.88,127.3,465,55272,0.1453
2025-08-25 09:35:00,24050,CE,270.82,269.71,266.21,268.99,278,63878,0.1404
2025-08-25 09:35:00,24050,PE,111.76,113.83,111.58,112.55,339,57799,0.1413
2025-08-25 09:35:00,24100,CE,214.76,219.85,209.8,212.77,541,65602,0.1391
2025-08-25 09:35:00,24100,PE,135.01,135.92,134.53,135.48,619,71106,0.1503
2025-08-25 09:35:00,24150,CE,187.73,190.0,187.58,187.58,688,73164,0.1434
2025-08-25 09:35:00,24150,PE,111.61,109.99,108.27,109.6,725,75817,0.1429
2025-08-25 09:35:00,24200,CE,135.91,135.27,133.19,133.73,1237,80465,0.1442
2025-08-25 09:35:00,24200,PE,124.54,125.2,120.88,123.05,129,81392,0.1451
2025-08-25 09:35:00,24250,CE,127.25,127.1,126.34,126.56,1087,73719,0.1451
2025-08-25 09:35:00,24250,PE,165.05,164.46,160.13,164.16,617,74294,0.1437
2025-08-25 09:35:00,24300,CE,119.26,123.46,119.64,120.03,197,65635,0.1432
2025-08-25 09:35:00,24300,PE,211.35,215.83,211.6,212.74,127,66080,0.1444
2025-08-25 09:35:00,24350,CE,109.52,110.79,108.58,110.16,124,59956,0.1419
2025-08-25 09:35:00,24350,PE,256.51,257.09,254.64,256.36,882,61524,0.1402
2025-08-25 09:35:00,24400,CE,119.77,119.74,117.7,119.6,566,51887,0.1434
2025-08-25 09:35:00,24400,PE,315.84,313.54,313.1,313.3,101,52629,0.1413
2025-08-25 09:35:00,24450,CE,115.85,118.51,115.83,115.9,675,47342,0.1456
2025-08-25 09:35:00,24450,PE,367.71,369.63,361.16,362.92,761,51333,0.1409
2025-08-25 09:35:00,24500,CE,123.84,123.85,122.17,123.72,62,43446,0.1422
2025-08-25 09:35:00,24500,PE,411.51,416.97,413.15,415.01,264,46609,0.1425
2025-08-25 09:35:00,24550,CE,119.68,120.16,119.93,119.96,125,42733,0.1437
2025-08-25 09:35:00,24550,PE,458.49,466.13,454.94,460.31,439,42555,0.1431
2025-08-25 09:35:00,24600,CE,104.92,104.37,102.27,104.34,43,42129,0.1422
2025-08-25 09:35:00,24600,PE,508.6,518.06,502.82,506.87,53,40009,0.1425
2025-08-25 09:35:00,24650,CE,121.24,122.85,120.79,121.52,651,37664,0.1403
2025-08-25 09:35:00,24650,PE,564.33,572.09,561.18,564.06,186,35249,0.1433
2025-08-25 09:35:00,24700,CE,123.12,124.71,123.59,124.62,637,36503,0.145
2025-08-25 09:35:00,24700,PE,599.6,610.09,602.63,605.72,424,33479,0.142
2025-08-25 09:35:00,24750,CE,123.72,125.2,121.63,124.22,105,35643,0.1446
2025-08-25 09:35:00,24750,PE,664.6,672.18,661.41,667.29,10,33334,0.1426
2025-08-25 09:35:00,24800,CE,123.44,124.73,122.73,123.8,393,28817,0.1438
2025-08-25 09:35:00,24800,PE,696.71,711.56,696.64,704.33,70,29625,0.1439
2025-08-25 09:35:00,24850,CE,114.92,115.13,114.58,114.86,22,30330,0.1416
2025-08-25 09:35:00,24850,PE,750.88,765.56,758.51,764.92,352,32929,0.1407
2025-08-25 09:35:00,24900,CE,116.01,118.26,115.22,117.1,393,25701,0.1437
2025-08-25 09:35:00,24900,PE,821.23,829.14,802.7,809.45,319,26552,0.1444
2025-08-25 09:40:00,23500,CE,836.08,852.52,835.25,836.81,371,27834,0.1477
2025-08-25 09:40:00,23500,PE,121.48,124.69,120.72,121.41,402,27095,0.1457
2025-08-25 09:40:00,23550,CE,786.23,791.48,784.35,784.45,132,33059,0.1452
2025-08-25 09:40:00,23550,PE,118.66,120.08,119.26,119.79,390,30634,0.1416
2025-08-25 09:40:00,23600,CE,738.84,742.87,735.26,735.29,25,35104,0.1462
2025-08-25 09:40:00,23600,PE,116.29,116.55,114.99,115.36,376,30271,0.1389
2025-08-25 09:40:00,23650,CE,671.22,686.63,674.67,682.54,482,36521,0.1402
2025-08-25 09:40:00,23650,PE,119.78,121.91,120.25,121.83,590,35524,0.1446
2025-08-25 09:40:00,23700,CE,638.47,650.27,633.4,636.81,303,37399,0.1436
2025-08-25 09:40:00,23700,PE,121.68,122.52,119.4,121.12,289,33567,0.1391
2025-08-25 09:40:00,23750,CE,579.02,593.85,576.68,587.03,215,33601,0.1439
2025-08-25 09:40:00,23750,PE,114.23,116.61,113.13,114.15,659,37246,0.143
2025-08-25 09:40:00,23800,CE,546.74,552.58,541.21,544.45,116,38919,0.1445
2025-08-25 09:40:00,23800,PE,122.49,125.28,121.44,123.7,388,38077,0.1447
2025-08-25 09:40:00,23850,CE,473.5,480.92,477.65,478.49,577,44258,0.1446
2025-08-25 09:40:00,23850,PE,121.17,120.32,119.3,119.45,636,41907,0.1383
2025-08-25 09:40:00,23900,CE,415.9,425.36,411.75,418.69,292,49347,0.1445
2025-08-25 09:40:00,23900,PE,131.66,132.91,130.77,131.19,800,45338,0.1427
2025-08-25 09:40:00,23950,CE,373.91,380.75,372.37,373.9,525,51971,0.1441
2025-08-25 09:40:00,23950,PE,127.9,128.8,127.23,127.65,31,49136,0.1438
2025-08-25 09:40:00,24000,CE,320.61,327.57,321.02,321.87,727,57259,0.1398
2025-08-25 09:40:00,24000,PE,112.19,112.31,111.28,111.86,78,55544,0.1437
2025-08-25 09:40:00,24050,CE,276.59,275.92,273.08,274.28,915,63699,0.1389
2025-08-25 09:40:00,24050,PE,133.28,133.93,132.06,132.64,852,57791,0.1416
2025-08-25 09:40:00,24100,CE,232.33,234.71,229.22,231.25,850,65469,0.1446
2025-08-25 09:40:00,24100,PE,122.49,120.94,120.56,120.58,244,71500,0.1429
2025-08-25 09:40:00,24150,CE,176.81,176.96,174.69,176.76,337,72789,0.1419
2025-08-25 09:40:00,24150,PE,116.49,117.29,115.43,116.55,1305,76340,0.1429
2025-08-25 09:40:00,24200,CE,127.62,129.87,127.15,128.57,1061,80561,0.1436
2025-08-25 09:40:00,24200,PE,113.49,115.33,112.82,113.8,640,81526,0.1412
2025-08-25 09:40:00,24250,CE,125.63,126.53,123.78,125.66,975,73739,0.1411
2025-08-25 09:40:00,24250,PE,159.82,160.18,158.07,160.1,1046,74359,0.142
2025-08-25 09:40:00,24300,CE,115.68,118.25,116.11,116.37,1204,65836,0.1421
2025-08-25 09:40:00,24300,PE,207.51,208.23,202.45,205.72,540,66266,0.1401
2025-08-25 09:40:00,24350,CE,108.06,109.01,108.53,108.82,292,59612,0.1405
2025-08-25 09:40:00,24350,PE,253.45,263.38,255.62,256.06,997,61622,0.1434
2025-08-25 09:40:00,24400,CE,123.03,122.06,119.71,121.53,74,51712,0.1435
2025-08-25 09:40:00,24400,PE,311.3,314.07,308.26,309.12,1057,52793,0.1404
2025-08-25 09:40:00,24450,CE,113.6,117.81,115.26,115.6,844,47399,0.1448
2025-08-25 09:40:00,24450,PE,352.92,356.78,352.68,354.72,56,50948,0.1433
2025-08-25 09:40:00,24500,CE,118.22,119.3,118.5,118.5,94,43727,0.1408
2025-08-25 09:40:00,24500,PE,408.32,417.85,407.32,412.28,672,46557,0.1431
2025-08-25 09:40:00,24550,CE,111.5,113.38,110.01,111.72,591,42794,0.1396
2025-08-25 09:40:00,24550,PE,456.39,463.4,455.81,458.2,604,42762,0.1442
2025-08-25 09:40:00,24600,CE,120.84,125.37,121.06,121.07,348,42312,0.142
2025-08-25 09:40:00,24600,PE,512.72,516.16,510.72,513.58,247,40307,0.1409
2025-08-25 09:40:00,24650,CE,120.31,119.41,116.67,119.37,639,37312,0.1464
2025-08-25 09:40:00,24650,PE,558.79,565.43,560.01,560.81,469,34781,0.1422
2025-08-25 09:40:00,24700,CE,112.87,113.13,112.24,112.8,253,36706,0.1429
2025-08-25 09:40:00,24700,PE,601.45,605.35,598.13,604.09,189,33162,0.1428
2025-08-25 09:40:00,24750,CE,123.03,123.75,122.94,122.97,241,35180,0.1469
2025-08-25 09:40:00,24750,PE,648.22,661.06,651.77,656.0,387,32891,0.143
2025-08-25 09:40:00,24800,CE,125.37,125.75,123.82,124.7,198,28592,0.1431
2025-08-25 09:40:00,24800,PE,709.26,723.97,717.78,718.55,559,30215,0.1458
2025-08-25 09:40:00,24850,CE,125.03,126.49,125.67,126.07,51,29918,0.1446
2025-08-25 09:40:00,24850,PE,757.15,752.28,746.96,749.66,401,32687,0.1415
2025-08-25 09:40:00,24900,CE,122.46,121.07,119.33,121.05,336,26205,0.1431
2025-08-25 09:40:00,24900,PE,809.93,822.84,799.43,807.98,91,27107,0.1423
2025-08-25 09:45:00,23500,CE,879.17,888.18,868.3,882.1,32,27508,0.1428
2025-08-25 09:45:00,23500,PE,126.69,128.33,125.49,126.61,249,27551,0.1463
2025-08-25 09:45:00,23550,CE,839.22,828.67,819.99,824.35,285,32625,0.1434
2025-08-25 09:45:00,23550,PE,115.24,116.86,115.99,116.1,132,30947,0.1427
2025-08-25 09:45:00,23600,CE,768.58,779.2,772.69,774.87,304,34519,0.1429
2025-08-25 09:45:00,23600,PE,125.05,126.98,124.35,125.23,272,30158,0.1447
2025-08-25 09:45:00,23650,CE,733.04,727.55,717.78,727.15,9,36217,0.1438
2025-08-25 09:45:00,23650,PE,124.89,126.43,123.29,124.54,529,35768,0.1414
2025-08-25 09:45:00,23700,CE,685.25,695.73,680.48,680.71,51,36818,0.1461
2025-08-25 09:45:00,23700,PE,121.8,124.56,119.52,121.92,213,33524,0.1467
2025-08-25 09:45:00,23750,CE,623.32,631.14,622.79,626.66,294,33837,0.1462
2025-08-25 09:45:00,23750,PE,126.76,127.5,126.38,127.45,119,36702,0.147
2025-08-25 09:45:00,23800,CE,567.28,581.66,571.37,575.98,462,39395,0.1433
2025-08-25 09:45:00,23800,PE,126.95,129.73,126.76,126.8,123,37910,0.1414
2025-08-25 09:45:00,23850,CE,531.57,531.14,524.71,529.25,462,43856,0.1428
2025-08-25 09:45:00,23850,PE,123.41,123.45,120.97,122.95,630,41577,0.1406
2025-08-25 09:45:00,23900,CE,486.43,489.64,478.84,482.76,426,49153,0.1427
2025-08-25 09:45:00,23900,PE,110.71,111.6,109.4,110.72,530,44976,0.1419
2025-08-25 09:45:00,23950,CE,427.21,431.63,425.19,429.06,96,51983,0.1471
2025-08-25 09:45:00,23950,PE,120.39,121.38,119.16,120.25,743,49295,0.1443
2025-08-25 09:45:00,24000,CE,378.4,387.72,381.68,382.08,711,57179,0.1473
2025-08-25 09:45:00,24000,PE,117.49,119.85,117.13,118.14,144,55456,0.1472
2025-08-25 09:45:00,24050,CE,325.39,330.68,326.62,327.14,1020,64037,0.1438
2025-08-25 09:45:00,24050,PE,123.88,124.79,120.74,123.3,732,57552,0.1443
2025-08-25 09:45:00,24100,CE,280.95,282.84,275.88,278.07,699,65616,0.1439
2025-08-25 09:45:00,24100,PE,121.41,123.55,119.92,121.61,760,71971,0.1447
2025-08-25 09:45:00,24150,CE,226.2,232.77,225.83,227.34,895,72454,0.1419
2025-08-25 09:45:00,24150,PE,127.61,127.8,126.93,127.66,305,76483,0.1418
2025-08-25 09:45:00,24200,CE,167.88,167.77,166.84,167.52,1301,81098,0.1448
2025-08-25 09:45:00,24200,PE,118.55,117.02,115.47,116.81,923,81561,0.1408
2025-08-25 09:45:00,24250,CE,129.18,131.03,130.18,130.43,1444,74311,0.1439
2025-08-25 09:45:00,24250,PE,115.06,114.67,112.48,114.23,77,74131,0.1418
2025-08-25 09:45:00,24300,CE,126.72,127.08,125.34,126.39,534,65913,0.1466
2025-08-25 09:45:00,24300,PE,166.97,169.9,166.79,166.95,475,66039,0.1421
2025-08-25 09:45:00,24350,CE,117.25,119.27,116.62,117.49,54,59016,0.1466
2025-08-25 09:45:00,24350,PE,217.55,213.25,211.77,213.21,616,62218,0.1438
2025-08-25 09:45:00,24400,CE,121.88,124.54,120.72,122.28,363,51400,0.1449
2025-08-25 09:45:00,24400,PE,256.21,260.68,255.0,258.86,327,53360,0.1431
2025-08-25 09:45:00,24450,CE,114.85,115.15,114.24,114.52,709,47582,0.1424
2025-08-25 09:45:00,24450,PE,318.55,320.03,317.32,317.96,214,51432,0.1419
2025-08-25 09:45:00,24500,CE,125.53,127.22,124.95,125.36,201,44287,0.1425
2025-08-25 09:45:00,24500,PE,382.74,375.95,370.68,374.71,912,46638,0.1421
2025-08-25 09:45:00,24550,CE,110.95,113.75,111.05,111.56,760,43393,0.1435
2025-08-25 09:45:00,24550,PE,404.14,417.87,409.39,410.22,513,43082,0.1464
2025-08-25 09:45:00,24600,CE,109.66,110.02,108.33,109.95,480,42340,0.1446
2025-08-25 09:45:00,24600,PE,466.79,468.05,462.55,466.79,277,40492,0.1442
2025-08-25 09:45:00,24650,CE,120.42,121.39,119.42,120.35,207,36945,0.1424
2025-08-25 09:45:00,24650,PE,505.6,517.23,510.82,513.9,213,34194,0.1442
2025-08-25 09:45:00,24700,CE,114.71,114.48,112.98,114.29,647,36414,0.1399
2025-08-25 09:45:00,24700,PE,577.47,582.06,566.64,571.83,555,33083,0.1438
2025-08-25 09:45:00,24750,CE,117.16,117.48,116.37,117.03,226,34853,0.143
2025-08-25 09:45:00,24750,PE,612.88,634.86,617.04,619.3,533,32907,0.1426
2025-08-25 09:45:00,24800,CE,124.16,125.57,123.22,124.95,278,28781,0.1441
2025-08-25 09:45:00,24800,PE,655.52,669.37,648.05,660.8,489,30401,0.143
2025-08-25 09:45:00,24850,CE,122.57,124.22,121.99,123.25,273,30390,0.1451
2025-08-25 09:45:00,24850,PE,715.9,732.43,704.62,715.24,514,33246,0.1421
2025-08-25 09:45:00,24900,CE,123.73,122.95,122.0,122.8,57,26673,0.1408
2025-08-25 09:45:00,24900,PE,753.69,774.47,755.79,761.5,111,27251,0.138
2025-08-25 09:50:00,23500,CE,843.51,869.51,840.79,844.82,329,27154,0.1443
2025-08-25 09:50:00,23500,PE,111.77,111.93,110.71,111.84,12,28083,0.1445
2025-08-25 09:50:00,23550,CE,800.49,813.19,791.36,793.44,467,32234,0.1412
2025-08-25 09:50:00,23550,PE,123.11,124.36,119.95,122.01,318,30528,0.1422
2025-08-25 09:50:00,23600,CE,746.63,745.09,738.32,740.2,316,34300,0.1424
2025-08-25 09:50:00,23600,PE,119.31,122.2,120.51,121.79,417,30246,0.1392
2025-08-25 09:50:00,23650,CE,710.0,704.23,692.9,698.63,295,36434,0.1437
2025-08-25 09:50:00,23650,PE,116.08,118.05,115.24,115.47,283,35183,0.1426
2025-08-25 09:50:00,23700,CE,653.19,662.19,650.8,651.65,373,37151,0.1421
2025-08-25 09:50:00,23700,PE,115.51,119.03,115.47,116.32,309,33134,0.143
2025-08-25 09:50:00,23750,CE,601.49,608.29,600.72,601.05,15,33592,0.1396
2025-08-25 09:50:00,23750,PE,111.95,112.51,111.98,112.0,510,36488,0.1439
2025-08-25 09:50:00,23800,CE,556.71,552.39,546.25,549.21,678,39193,0.1447
2025-08-25 09:50:00,23800,PE,121.83,120.85,120.18,120.67,309,38222,0.1427
2025-08-25 09:50:00,23850,CE,500.64,504.52,498.95,499.73,472,43305,0.1416
2025-08-25 09:50:00,23850,PE,116.03,118.97,115.77,116.09,69,41212,0.141
2025-08-25 09:50:00,23900,CE,446.21,453.23,445.36,446.23,721,48579,0.1404
2025-08-25 09:50:00,23900,PE,121.97,122.04,117.84,120.45,71,45309,0.1422
2025-08-25 09:50:00,23950,CE,393.62,400.82,393.04,393.42,566,52563,0.1451
2025-08-25 09:50:00,23950,PE,120.4,121.03,119.01,119.24,209,49486,0.1448
2025-08-25 09:50:00,24000,CE,343.68,344.38,340.69,342.71,147,57287,0.1428
2025-08-25 09:50:00,24000,PE,113.99,114.7,113.94,114.61,119,55945,0.1433
2025-08-25 09:50:00,24050,CE,292.87,298.19,294.2,295.03,467,63742,0.1451
2025-08-25 09:50:00,24050,PE,130.22,127.93,126.87,127.65,1080,57031,0.142
2025-08-25 09:50:00,24100,CE,250.17,250.94,249.19,249.92,990,65627,0.1435
2025-08-25 09:50:00,24100,PE,114.86,116.09,112.98,114.85,854,71683,0.1428
2025-08-25 09:50:00,24150,CE,191.02,193.2,189.89,191.65,1241,72395,0.1425
2025-08-25 09:50:00,24150,PE,111.04,112.88,111.28,111.32,601,76430,0.1445
2025-08-25 09:50:00,24200,CE,144.61,145.21,144.45,145.16,503,80880,0.1403
2025-08-25 09:50:00,24200,PE,118.27,120.15,118.71,119.25,251,81544,0.1411
2025-08-25 09:50:00,24250,CE,128.65,128.16,126.33,127.88,805,74167,0.1446
2025-08-25 09:50:00,24250,PE,143.37,143.25,140.71,142.24,1641,73666,0.1437
2025-08-25 09:50:00,24300,CE,118.85,119.39,117.63,118.14,1301,66353,0.1409
2025-08-25 09:50:00,24300,PE,191.43,189.78,188.58,188.74,54,66280,0.1399
2025-08-25 09:50:00,24350,CE,123.33,124.42,120.64,123.01,277,58465,0.1398
2025-08-25 09:50:00,24350,PE,240.88,243.55,240.71,241.91,1078,61756,0.1427
2025-08-25 09:50:00,24400,CE,111.21,111.1,109.83,110.96,344,50915,0.1446
2025-08-25 09:50:00,24400,PE,291.53,291.39,289.35,290.08,173,52834,0.143
2025-08-25 09:50:00,24450,CE,125.28,126.56,123.62,125.67,844,47052,0.1419
2025-08-25 09:50:00,24450,PE,337.9,340.75,337.23,337.58,762,51020,0.1454
2025-08-25 09:50:00,24500,CE,124.56,125.37,123.63,124.02,832,44704,0.1443
2025-08-25 09:50:00,24500,PE,389.46,389.0,380.67,388.16,577,47031,0.1424
2025-08-25 09:50:00,24550,CE,124.33,124.66,121.4,123.68,258,43732,0.1446
2025-08-25 09:50:00,24550,PE,433.63,439.58,428.93,434.23,195,43219,0.1413
2025-08-25 09:50:00,24600,CE,119.24,120.58,118.39,118.93,707,42608,0.1464
2025-08-25 09:50:00,24600,PE,488.02,496.53,482.88,489.04,216,40778,0.1395
2025-08-25 09:50:00,24650,CE,123.9,124.24,122.53,122.63,632,37412,0.1438
2025-08-25 09:50:00,24650,PE,546.64,551.07,535.22,543.98,530,34472,0.1413
2025-08-25 09:50:00,24700,CE,125.25,126.04,124.29,125.7,525,36697,0.1487
2025-08-25 09:50:00,24700,PE,594.41,604.91,592.24,592.93,98,33447,0.1392
2025-08-25 09:50:00,24750,CE,117.37,117.68,117.29,117.34,120,34920,0.1415
2025-08-25 09:50:00,24750,PE,642.43,648.03,634.31,637.04,218,32562,0.1365
2025-08-25 09:50:00,24800,CE,115.29,115.75,114.44,114.51,172,28282,0.1438
2025-08-25 09:50:00,24800,PE,694.74,703.59,687.54,694.88,264,30303,0.1447
2025-08-25 09:50:00,24850,CE,116.01,118.43,114.98,116.13,229,29900,0.1419
2025-08-25 09:50:00,24850,PE,752.38,750.77,731.57,743.16,340,32849,0.1413
2025-08-25 09:50:00,24900,CE,122.2,123.66,120.62,123.28,451,26101,0.1471
2025-08-25 09:50:00,24900,PE,788.14,805.14,793.03,793.3,37,27011,0.1416
2025-08-25 09:55:00,23500,CE,774.78,765.57,759.15,765.56,226,27717,0.146
2025-08-25 09:55:00,23500,PE,121.44,123.64,121.73,121.98,288,27937,0.1439
2025-08-25 09:55:00,23550,CE,703.41,718.5,694.32,708.48,481,31923,0.1427
2025-08-25 09:55:00,23550,PE,120.6,120.91,119.16,119.28,515,30412,0.1439
2025-08-25 09:55:00,23600,CE,667.15,670.83,663.16,664.35,197,34061,0.1431
2025-08-25 09:55:00,23600,PE,112.81,114.05,111.73,112.93,15,30454,0.1439
2025-08-25 09:55:00,23650,CE,617.47,629.95,612.84,614.41,378,36595,0.1429
2025-08-25 09:55:00,23650,PE,122.15,123.81,119.82,121.79,425,34615,0.143
2025-08-25 09:55:00,23700,CE,568.69,563.77,551.61,561.74,609,37164,0.1428
2025-08-25 09:55:00,23700,PE,119.01,119.45,117.14,119.23,482,32577,0.1428
2025-08-25 09:55:00,23750,CE,505.2,520.78,504.18,509.34,569,33804,0.1437
2025-08-25 09:55:00,23750,PE,121.94,122.42,120.6,121.7,281,37010,0.1447
2025-08-25 09:55:00,23800,CE,459.41,460.75,450.84,457.65,527,39681,0.1469
2025-08-25 09:55:00,23800,PE,115.69,117.56,115.82,117.03,662,37868,0.143
2025-08-25 09:55:00,23850,CE,416.72,423.41,416.67,418.29,870,43596,0.1443
2025-08-25 09:55:00,23850,PE,114.32,115.37,114.08,114.38,177,41563,0.1432
2025-08-25 09:55:00,23900,CE,364.26,366.74,359.11,365.38,419,49016,0.1428
2025-08-25 09:55:00,23900,PE,112.33,113.98,111.64,113.26,178,45020,0.1468
2025-08-25 09:55:00,23950,CE,304.51,309.08,300.59,306.66,379,52504,0.1412
2025-08-25 09:55:00,23950,PE,118.62,119.03,116.29,118.66,675,49151,0.1399
2025-08-25 09:55:00,24000,CE,256.31,258.97,254.61,257.47,841,56716,0.1386
2025-08-25 09:55:00,24000,PE,120.04,120.62,117.84,118.49,404,56135,0.1428
2025-08-25 09:55:00,24050,CE,219.44,219.49,216.91,218.97,371,63659,0.1437
2025-08-25 09:55:00,24050,PE,112.64,113.06,112.12,112.95,823,56728,0.1421
2025-08-25 09:55:00,24100,CE,173.92,172.21,170.1,170.99,1497,66043,0.1469
2025-08-25 09:55:00,24100,PE,118.53,120.83,118.31,120.17,1508,71677,0.1424
2025-08-25 09:55:00,24150,CE,115.1,115.42,113.83,115.4,623,72988,0.1448
2025-08-25 09:55:00,24150,PE,114.94,115.45,115.26,115.37,1291,76782,0.1435
2025-08-25 09:55:00,24200,CE,115.24,115.91,113.35,115.35,293,81323,0.1408
2025-08-25 09:55:00,24200,PE,174.08,174.42,172.86,173.46,802,81871,0.1421
2025-08-25 09:55:00,24250,CE,112.38,113.7,112.75,112.94,1078,73694,0.1442
2025-08-25 09:55:00,24250,PE,221.42,224.49,224.08,224.43,148,73144,0.1432
2025-08-25 09:55:00,24300,CE,121.62,122.86,121.67,122.47,748,66851,0.1435
2025-08-25 09:55:00,24300,PE,280.01,283.61,276.95,278.87,53,65845,0.1433
2025-08-25 09:55:00,24350,CE,110.98,112.26,111.13,111.81,511,58334,0.1378
2025-08-25 09:55:00,24350,PE,329.3,336.83,330.6,331.23,121,61887,0.1408
2025-08-25 09:55:00,24400,CE,119.43,120.66,118.12,119.38,849,50569,0.1412
2025-08-25 09:55:00,24400,PE,369.31,376.91,368.67,372.39,18,52504,0.1427
2025-08-25 09:55:00,24450,CE,121.75,122.15,120.53,121.83,169,47011,0.1403
2025-08-25 09:55:00,24450,PE,430.56,431.99,428.58,430.64,104,50853,0.1416
2025-08-25 09:55:00,24500,CE,121.64,124.02,121.58,122.18,105,44915,0.1457
2025-08-25 09:55:00,24500,PE,478.76,477.14,469.02,473.61,377,46521,0.1428
2025-08-25 09:55:00,24550,CE,120.94,123.62,120.92,121.51,43,43718,0.1387
2025-08-25 09:55:00,24550,PE,527.74,543.63,523.41,527.19,437,42828,0.1395
2025-08-25 09:55:00,24600,CE,124.37,124.52,122.54,123.54,227,42736,0.1449
2025-08-25 09:55:00,24600,PE,572.55,575.48,573.22,573.77,326,40317,0.1437
2025-08-25 09:55:00,24650,CE,121.11,123.75,121.8,121.93,255,37049,0.1471
2025-08-25 09:55:00,24650,PE,633.09,633.53,625.43,628.34,591,34836,0.1467
2025-08-25 09:55:00,24700,CE,117.07,117.28,115.92,117.21,193,36379,0.1432
2025-08-25 09:55:00,24700,PE,677.79,682.05,668.78,681.11,89,33731,0.1463
2025-08-25 09:55:00,24750,CE,118.37,118.14,117.41,117.83,520,34647,0.1434
2025-08-25 09:55:00,24750,PE,714.27,737.41,719.59,720.25,365,32244,0.1423
2025-08-25 09:55:00,24800,CE,125.64,130.3,125.88,126.26,491,28040,0.1406
2025-08-25 09:55:00,24800,PE,773.38,779.35,771.14,773.58,59,30760,0.1433
2025-08-25 09:55:00,24850,CE,119.42,118.94,117.29,117.49,480,29776,0.1425
2025-08-25 09:55:00,24850,PE,821.94,830.05,825.82,826.18,461,32541,0.1469
2025-08-25 09:55:00,24900,CE,125.49,127.81,125.47,125.71,136,26144,0.1443
2025-08-25 09:55:00,24900,PE,864.72,878.62,859.45,868.1,293,26873,0.1386
2025-08-25 10:00:00,23500,CE,790.98,812.27,789.79,798.16,419,28065,0.1428
2025-08-25 10:00:00,23500,PE,115.91,116.58,114.99,116.36,70,28525,0.1443
2025-08-25 10:00:00,23550,CE,743.67,760.18,733.86,747.35,95,31954,0.1414
2025-08-25 10:00:00,23550,PE,121.33,123.26,119.41,121.02,238,30354,0.1437
2025-08-25 10:00:00,23600,CE,691.51,697.63,691.07,691.45,83,33872,0.1426
2025-08-25 10:00:00,23600,PE,108.97,110.44,109.54,109.59,26,31022,0.1412
2025-08-25 10:00:00,23650,CE,645.97,645.48,636.98,645.19,97,36574,0.1412
2025-08-25 10:00:00,23650,PE,106.59,110.92,107.16,107.49,141,34228,0.1404
2025-08-25 10:00:00,23700,CE,614.15,609.84,603.96,605.2,264,37727,0.1443
2025-08-25 10:00:00,23700,PE,111.97,114.83,113.53,114.33,321,33130,0.1424
2025-08-25 10:00:00,23750,CE,538.04,557.13,540.97,542.65,586,33726,0.1455
2025-08-25 10:00:00,23750,PE,121.44,122.24,120.41,121.75,638,36827,0.1441
2025-08-25 10:00:00,23800,CE,490.14,497.39,489.04,491.26,387,39897,0.144
2025-08-25 10:00:00,23800,PE,119.48,118.88,116.01,118.31,453,38262,0.1426
2025-08-25 10:00:00,23850,CE,444.0,446.88,443.66,445.76,145,43594,0.1419
2025-08-25 10:00:00,23850,PE,129.6,132.97,129.9,130.2,551,41359,0.1454
2025-08-25 10:00:00,23900,CE,395.14,400.24,394.38,395.86,779,48777,0.142
2025-08-25 10:00:00,23900,PE,117.49,118.51,117.55,117.82,280,44811,0.1432
2025-08-25 10:00:00,23950,CE,346.36,350.68,345.22,347.65,672,52045,0.1429
2025-08-25 10:00:00,23950,PE,109.39,111.47,110.69,111.13,154,49485,0.1394
2025-08-25 10:00:00,24000,CE,297.18,301.43,294.24,295.21,240,56241,0.1442
2025-08-25 10:00:00,24000,PE,117.29,118.68,118.08,118.35,301,56012,0.1383
2025-08-25 10:00:00,24050,CE,247.84,255.1,246.68,247.84,60,64060,0.1428
2025-08-25 10:00:00,24050,PE,125.59,127.86,124.74,125.49,161,56612,0.1455
2025-08-25 10:00:00,24100,CE,194.25,192.85,192.46,192.48,301,65796,0.1417
2025-08-25 10:00:00,24100,PE,109.74,109.92,109.5,109.64,85,72214,0.1386
2025-08-25 10:00:00,24150,CE,149.37,151.95,146.06,148.87,1527,72539,0.1421
2025-08-25 10:00:00,24150,PE,114.52,115.72,114.31,114.84,342,77243,0.144
2025-08-25 10:00:00,24200,CE,115.06,117.91,114.73,115.89,711,80797,0.1436
2025-08-25 10:00:00,24200,PE,137.1,137.61,136.85,137.33,251,81767,0.1449
2025-08-25 10:00:00,24250,CE,127.94,128.54,128.08,128.22,810,73852,0.1445
2025-08-25 10:00:00,24250,PE,186.87,189.05,185.99,186.54,239,72988,0.1432
2025-08-25 10:00:00,24300,CE,122.14,121.26,120.63,121.19,342,66892,0.1452
2025-08-25 10:00:00,24300,PE,230.4,230.4,225.11,227.3,416,65489,0.1427
2025-08-25 10:00:00,24350,CE,119.73,119.67,118.37,119.16,911,58416,0.1456
2025-08-25 10:00:00,24350,PE,284.46,286.03,282.87,285.83,537,61448,0.138
2025-08-25 10:00:00,24400,CE,119.31,119.84,116.53,118.41,86,50924,0.1434
2025-08-25 10:00:00,24400,PE,338.26,343.27,337.85,339.75,971,52604,0.1438
2025-08-25 10:00:00,24450,CE,110.17,111.53,109.43,109.7,50,46989,0.1404
2025-08-25 10:00:00,24450,PE,398.35,407.55,398.38,398.44,265,50318,0.1426
2025-08-25 10:00:00,24500,CE,111.32,113.93,113.01,113.33,130,44914,0.1424
2025-08-25 10:00:00,24500,PE,441.68,440.29,432.56,435.58,364,46597,0.1383
2025-08-25 10:00:00,24550,CE,112.68,116.64,114.42,114.52,538,43436,0.1423
2025-08-25 10:00:00,24550,PE,488.69,497.47,486.29,488.59,229,43041,0.1413
2025-08-25 10:00:00,24600,CE,119.81,121.47,118.91,120.0,150,42228,0.1404
2025-08-25 10:00:00,24600,PE,536.46,543.12,537.51,541.03,612,39967,0.1425
2025-08-25 10:00:00,24650,CE,117.64,118.69,116.39,117.5,90,37334,0.1444
2025-08-25 10:00:00,24650,PE,584.4,594.36,580.72,586.96,360,34412,0.1407
2025-08-25 10:00:00,24700,CE,114.96,116.42,114.93,115.61,534,36073,0.1423
2025-08-25 10:00:00,24700,PE,627.48,645.25,636.16,637.06,426,33912,0.1424
2025-08-25 10:00:00,24750,CE,110.38,113.14,110.74,111.83,490,34921,0.1408
2025-08-25 10:00:00,24750,PE,689.52,687.38,685.83,687.29,417,31705,0.1421
2025-08-25 10:00:00,24800,CE,117.4,118.23,117.72,117.83,522,27591,0.1411
2025-08-25 10:00:00,24800,PE,742.63,741.62,735.07,737.06,147,30695,0.1411
2025-08-25 10:00:00,24850,CE,113.28,118.22,112.88,114.76,158,29887,0.1408
2025-08-25 10:00:00,24850,PE,797.77,815.65,798.27,800.53,36,32485,0.1448
2025-08-25 10:00:00,24900,CE,118.33,121.73,119.69,120.27,180,26320,0.1421
2025-08-25 10:00:00,24900,PE,844.71,853.93,824.46,838.84,264,27180,0.1403
2025-08-25 10:05:00,23500,CE,835.07,843.96,828.76,833.43,90,28604,0.144
2025-08-25 10:05:00,23500,PE,111.89,112.42,110.51,110.7,204,28344,0.1419
2025-08-25 10:05:00,23550,CE,775.59,782.9,775.79,777.07,297,31549,0.1437
2025-08-25 10:05:00,23550,PE,125.57,126.81,125.96,125.98,437,30070,0.1439
2025-08-25 10:05:00,23600,CE,721.23,730.41,719.66,721.2,525,33449,0.1432
2025-08-25 10:05:00,23600,PE,114.47,115.4,114.94,115.38,490,30895,0.1449
2025-08-25 10:05:00,23650,CE,682.55,678.87,666.04,678.35,368,37021,0.1425
2025-08-25 10:05:00,23650,PE,112.34,113.34,111.93,112.06,85,34044,0.1436
2025-08-25 10:05:00,23700,CE,628.0,626.44,617.84,622.79,605,37305,0.1454
2025-08-25 10:05:00,23700,PE,116.45,117.22,114.29,116.46,75,33157,0.1427
2025-08-25 10:05:00,23750,CE,568.69,576.68,567.54,573.17,27,34316,0.1433
2025-08-25 10:05:00,23750,PE,123.59,123.77,120.9,121.48,616,36452,0.1419
2025-08-25 10:05:00,23800,CE,528.84,536.13,513.02,524.38,136,40230,0.1437
2025-08-25 10:05:00,23800,PE,117.37,119.75,117.27,117.8,386,38650,0.141
2025-08-25 10:05:00,23850,CE,474.11,488.35,476.64,483.03,763,43475,0.1446
2025-08-25 10:05:00,23850,PE,125.1,127.08,126.18,126.34,209,41502,0.1441
2025-08-25 10:05:00,23900,CE,425.9,431.45,428.8,431.25,548,48695,0.1418
2025-08-25 10:05:00,23900,PE,117.12,116.43,114.57,116.38,266,44525,0.1442
2025-08-25 10:05:00,23950,CE,375.68,381.7,373.66,378.19,496,51956,0.1458
2025-08-25 10:05:00,23950,PE,115.15,116.96,115.89,116.04,436,48999,0.1431
2025-08-25 10:05:00,24000,CE,329.98,328.33,325.63,327.92,912,56489,0.1424
2025-08-25 10:05:00,24000,PE,112.32,114.39,111.77,112.63,951,56407,0.1413
2025-08-25 10:05:00,24050,CE,273.4,278.08,271.72,275.64,720,63828,0.1469
2025-08-25 10:05:00,24050,PE,129.3,128.21,125.33,127.96,760,56691,0.1452
2025-08-25 10:05:00,24100,CE,222.72,226.3,221.4,222.29,1205,65474,0.1417
2025-08-25 10:05:00,24100,PE,120.22,121.11,119.38,119.56,54,71766,0.1432
2025-08-25 10:05:00,24150,CE,175.77,179.5,176.09,177.37,283,72735,0.144
2025-08-25 10:05:00,24150,PE,123.18,124.44,122.85,122.92,240,76803,0.1467
2025-08-25 10:05:00,24200,CE,130.89,132.09,128.62,130.78,716,81135,0.1442
2025-08-25 10:05:00,24200,PE,111.5,113.42,111.4,112.01,764,81493,0.1427
2025-08-25 10:05:00,24250,CE,119.73,119.89,119.32,119.62,459,74234,0.1435
2025-08-25 10:05:00,24250,PE,159.43,159.58,157.93,158.94,686,72830,0.14
2025-08-25 10:05:00,24300,CE,118.96,119.79,115.73,117.0,1045,66734,0.1471
2025-08-25 10:05:00,24300,PE,213.92,215.75,212.91,213.95,493,65789,0.1437
2025-08-25 10:05:00,24350,CE,113.25,112.88,111.56,112.4,400,58428,0.1447
2025-08-25 10:05:00,24350,PE,266.18,266.38,263.35,264.38,794,61089,0.1407
2025-08-25 10:05:00,24400,CE,109.55,110.86,110.1,110.76,151,51344,0.1413
2025-08-25 10:05:00,24400,PE,310.2,315.71,313.79,315.23,326,52412,0.1436
2025-08-25 10:05:00,24450,CE,120.33,120.83,118.96,119.22,571,46512,0.1414
2025-08-25 10:05:00,24450,PE,354.09,360.93,358.92,359.19,58,50217,0.1415
2025-08-25 10:05:00,24500,CE,119.18,119.87,118.1,118.92,846,45002,0.1428
2025-08-25 10:05:00,24500,PE,414.92,415.64,414.73,414.87,511,46728,0.144
2025-08-25 10:05:00,24550,CE,125.89,130.53,126.8,128.05,693,43838,0.1442
2025-08-25 10:05:00,24550,PE,463.28,464.55,462.6,464.19,32,43090,0.1439
2025-08-25 10:05:00,24600,CE,112.78,112.66,110.43,111.1,412,41896,0.1396
2025-08-25 10:05:00,24600,PE,525.51,537.68,522.34,524.74,725,39680,0.1419
2025-08-25 10:05:00,24650,CE,122.26,122.92,121.78,121.82,579,36855,0.1377
2025-08-25 10:05:00,24650,PE,566.75,572.82,570.08,571.83,421,34695,0.1396
2025-08-25 10:05:00,24700,CE,112.93,112.09,110.48,111.89,331,35600,0.1432
2025-08-25 10:05:00,24700,PE,618.35,615.16,604.36,610.86,89,34038,0.1416
2025-08-25 10:05:00,24750,CE,116.78,118.36,115.75,117.21,525,35037,0.146
2025-08-25 10:05:00,24750,PE,657.27,657.83,651.69,655.77,70,32047,0.1404
2025-08-25 10:05:00,24800,CE,118.02,119.93,118.95,119.26,268,27080,0.1403
2025-08-25 10:05:00,24800,PE,719.31,720.46,707.22,715.44,216,30338,0.1447
2025-08-25 10:05:00,24850,CE,117.06,118.73,116.21,116.64,534,30378,0.1427
2025-08-25 10:05:00,24850,PE,761.13,769.21,756.24,764.76,65,32571,0.1387
2025-08-25 10:05:00,24900,CE,125.37,126.91,123.74,125.35,12,26269,0.1412
2025-08-25 10:05:00,24900,PE,816.04,821.45,810.71,815.62,87,27477,0.1447
2025-08-25 10:10:00,23500,CE,792.34,811.41,786.62,789.5,45,29087,0.1455
2025-08-25 10:10:00,23500,PE,116.38,116.11,115.04,115.7,128,28059,0.1448
2025-08-25 10:10:00,23550,CE,743.77,747.06,743.05,746.41,492,32030,0.1432
2025-08-25 10:10:00,23550,PE,118.09,117.85,114.25,116.91,61,29600,0.142
2025-08-25 10:10:00,23600,CE,691.24,699.41,680.78,694.56,502,34022,0.1464
2025-08-25 10:10:00,23600,PE,121.22,121.0,119.26,120.69,292,30492,0.1406
2025-08-25 10:10:00,23650,CE,640.68,650.18,633.32,637.64,104,36740,0.144
2025-08-25 10:10:00,23650,PE,128.87,128.54,125.76,127.02,431,33559,0.1431
2025-08-25 10:10:00,23700,CE,586.9,597.8,585.29,585.44,430,37669,0.1408
2025-08-25 10:10:00,23700,PE,113.2,117.73,112.65,114.92,105,33738,0.1442
2025-08-25 10:10:00,23750,CE,547.42,545.76,542.31,544.97,704,34072,0.1424
2025-08-25 10:10:00,23750,PE,127.79,131.47,127.4,128.57,90,36242,0.1446
2025-08-25 10:10:00,23800,CE,505.72,505.74,503.56,503.94,207,39964,0.1481
2025-08-25 10:10:00,23800,PE,118.68,120.45,119.66,120.02,711,38235,0.1456
2025-08-25 10:10:00,23850,CE,437.22,438.39,434.57,436.28,273,43819,0.1397
2025-08-25 10:10:00,23850,PE,117.13,117.88,116.79,117.05,60,40974,0.1405
2025-08-25 10:10:00,23900,CE,389.59,400.9,387.75,392.34,284,49256,0.1458
2025-08-25 10:10:00,23900,PE,112.32,115.47,113.44,113.52,763,45037,0.143
2025-08-25 10:10:00,23950,CE,340.8,347.98,339.85,340.44,864,51498,0.1413
2025-08-25 10:10:00,23950,PE,113.11,115.77,111.42,112.42,409,49034,0.1409
2025-08-25 10:10:00,24000,CE,296.0,292.97,290.18,292.12,199,57080,0.142
2025-08-25 10:10:00,24000,PE,116.98,120.34,118.78,119.11,675,56830,0.1444
2025-08-25 10:10:00,24050,CE,234.63,241.09,239.01,239.27,337,64086,0.1407
2025-08-25 10:10:00,24050,PE,120.54,122.25,120.32,120.35,150,56117,0.1448
2025-08-25 10:10:00,24100,CE,182.49,185.24,184.92,184.92,920,64956,0.141
2025-08-25 10:10:00,24100,PE,121.72,121.79,120.04,120.99,410,72118,0.145
2025-08-25 10:10:00,24150,CE,140.8,142.59,141.6,142.28,839,72586,0.1417
2025-08-25 10:10:00,24150,PE,116.37,117.76,115.06,116.46,502,77005,0.1457
2025-08-25 10:10:00,24200,CE,128.09,129.38,126.29,126.92,1567,81422,0.1437
2025-08-25 10:10:00,24200,PE,135.78,135.16,134.98,135.08,606,81399,0.1398
2025-08-25 10:10:00,24250,CE,124.19,125.89,121.14,123.32,166,73806,0.1441
2025-08-25 10:10:00,24250,PE,196.39,194.99,193.94,194.95,394,72694,0.143
2025-08-25 10:10:00,24300,CE,117.6,117.94,115.82,117.69,1223,67179,0.145
2025-08-25 10:10:00,24300,PE,237.63,242.31,238.16,240.66,157,65586,0.143
2025-08-25 10:10:00,24350,CE,115.16,114.03,112.86,113.86,78,57903,0.1459
2025-08-25 10:10:00,24350,PE,304.31,300.72,298.54,300.09,423,61639,0.1408
2025-08-25 10:10:00,24400,CE,115.93,118.64,114.88,115.55,196,51560,0.1441
2025-08-25 10:10:00,24400,PE,341.68,351.47,344.26,345.38,398,52461,0.1413
2025-08-25 10:10:00,24450,CE,131.79,131.66,130.71,131.17,785,46906,0.1453
2025-08-25 10:10:00,24450,PE,392.78,398.21,389.45,391.03,748,50110,0.1434
2025-08-25 10:10:00,24500,CE,124.47,127.34,124.82,125.33,52,45584,0.1449
2025-08-25 10:10:00,24500,PE,445.85,451.47,440.56,446.39,821,47157,0.1437
2025-08-25 10:10:00,24550,CE,117.76,115.94,114.89,115.86,370,43574,0.1433
2025-08-25 10:10:00,24550,PE,493.91,513.53,491.54,493.45,143,42935,0.1399
2025-08-25 10:10:00,24600,CE,127.23,127.36,125.2,126.98,244,41626,0.1431
2025-08-25 10:10:00,24600,PE,542.78,546.75,544.85,545.83,674,39871,0.1418
2025-08-25 10:10:00,24650,CE,122.89,124.71,122.1,123.02,156,37022,0.1413
2025-08-25 10:10:00,24650,PE,599.87,601.71,594.01,600.24,470,34722,0.1435
2025-08-25 10:10:00,24700,CE,132.8,133.94,133.36,133.81,588,36159,0.1458
2025-08-25 10:10:00,24700,PE,650.14,652.15,645.09,646.28,274,34004,0.1424
2025-08-25 10:10:00,24750,CE,122.58,123.69,122.62,123.03,134,35377,0.142
2025-08-25 10:10:00,24750,PE,689.82,701.58,685.28,693.74,545,32236,0.1425
2025-08-25 10:10:00,24800,CE,122.65,123.68,120.83,121.74,118,27101,0.1451
2025-08-25 10:10:00,24800,PE,742.23,743.94,734.86,743.21,440,29788,0.1435
2025-08-25 10:10:00,24850,CE,110.24,109.74,108.82,109.14,312,30566,0.1416
2025-08-25 10:10:00,24850,PE,811.28,822.73,797.59,798.65,285,32742,0.1402
2025-08-25 10:10:00,24900,CE,115.0,115.38,114.38,115.26,446,25818,0.1426
2025-08-25 10:10:00,24900,PE,861.51,854.13,840.17,848.08,287,27832,0.1434
2025-08-25 10:15:00,23500,CE,828.95,832.67,813.05,820.02,422,29047,0.1436
2025-08-25 10:15:00,23500,PE,113.24,114.62,113.97,114.02,510,27847,0.1448
2025-08-25 10:15:00,23550,CE,774.6,783.28,767.31,773.91,242,32418,0.1477
2025-08-25 10:15:00,23550,PE,120.71,124.43,120.85,121.26,241,29412,0.141
2025-08-25 10:15:00,23600,CE,723.36,734.97,723.27,724.19,321,34168,0.1451
2025-08-25 10:15:00,23600,PE,117.11,116.21,113.07,115.36,553,30633,0.1381
2025-08-25 10:15:00,23650,CE,666.52,663.39,649.11,660.16,120,36203,0.1439
2025-08-25 10:15:00,23650,PE,115.18,115.97,114.26,115.16,585,33466,0.1453
2025-08-25 10:15:00,23700,CE,626.86,629.0,620.64,621.67,138,37336,0.1449
2025-08-25 10:15:00,23700,PE,121.2,123.71,122.13,122.31,77,33377,0.1444
2025-08-25 10:15:00,23750,CE,555.4,572.48,550.99,559.9,539,34257,0.1417
2025-08-25 10:15:00,23750,PE,118.0,118.56,116.07,116.71,417,35655,0.1418
2025-08-25 10:15:00,23800,CE,527.94,525.45,517.0,523.42,500,40526,0.1467
2025-08-25 10:15:00,23800,PE,122.96,125.19,123.19,123.52,683,38109,0.1454
2025-08-25 10:15:00,23850,CE,486.02,484.93,474.38,478.44,484,43577,0.1426
2025-08-25 10:15:00,23850,PE,117.66,119.38,117.99,118.52,710,41477,0.144
2025-08-25 10:15:00,23900,CE,427.37,428.4,424.76,426.63,204,49240,0.1459
2025-08-25 10:15:00,23900,PE,114.2,117.59,113.8,115.31,215,45174,0.143
2025-08-25 10:15:00,23950,CE,363.71,371.23,364.82,367.39,289,51733,0.1411
2025-08-25 10:15:00,23950,PE,112.71,111.49,110.33,111.37,932,49479,0.1407
2025-08-25 10:15:00,24000,CE,321.04,326.58,321.64,323.29,205,56635,0.1433
2025-08-25 10:15:00,24000,PE,117.61,117.23,116.05,116.11,857,56327,0.144
2025-08-25 10:15:00,24050,CE,267.32,269.6,263.99,265.95,480,64678,0.1448
2025-08-25 10:15:00,24050,PE,123.11,123.66,122.47,122.84,535,55527,0.1436
2025-08-25 10:15:00,24100,CE,227.77,230.49,225.22,227.81,1295,65205,0.1456
2025-08-25 10:15:00,24100,PE,117.98,118.19,117.78,117.99,453,72251,0.1417
2025-08-25 10:15:00,24150,CE,164.39,165.82,164.35,165.54,946,72649,0.1427
2025-08-25 10:15:00,24150,PE,124.6,126.95,124.09,126.81,1471,77347,0.1458
2025-08-25 10:15:00,24200,CE,122.21,125.54,122.26,122.71,485,82012,0.1433
2025-08-25 10:15:00,24200,PE,121.28,121.27,120.74,121.26,1725,80855,0.1406
2025-08-25 10:15:00,24250,CE,124.5,124.35,123.66,123.66,469,73943,0.1428
2025-08-25 10:15:00,24250,PE,165.66,169.29,164.96,166.52,1337,72954,0.1425
2025-08-25 10:15:00,24300,CE,117.29,117.57,116.15,117.24,766,66946,0.1449
2025-08-25 10:15:00,24300,PE,223.18,227.74,222.63,222.66,147,66057,0.1436
2025-08-25 10:15:00,24350,CE,129.61,129.91,127.47,128.49,629,57851,0.1418
2025-08-25 10:15:00,24350,PE,273.76,277.87,271.54,277.19,1142,61236,0.1445
2025-08-25 10:15:00,24400,CE,126.46,127.22,126.18,126.94,277,51985,0.1424
2025-08-25 10:15:00,24400,PE,314.93,324.25,318.56,319.4,309,52992,0.1438
2025-08-25 10:15:00,24450,CE,112.96,115.27,111.94,113.2,812,46425,0.1413
2025-08-25 10:15:00,24450,PE,377.01,384.21,376.97,379.99,441,50412,0.1471
2025-08-25 10:15:00,24500,CE,117.14,117.45,116.77,117.1,429,45242,0.1433
2025-08-25 10:15:00,24500,PE,421.21,425.25,415.55,421.03,52,46565,0.1432
2025-08-25 10:15:00,24550,CE,122.55,124.39,122.01,122.4,152,43286,0.1413
2025-08-25 10:15:00,24550,PE,473.42,471.68,467.94,470.55,249,43360,0.1454
2025-08-25 10:15:00,24600,CE,128.99,128.94,126.28,128.28,380,41195,0.1435
2025-08-25 10:15:00,24600,PE,522.86,528.62,518.87,522.25,72,39427,0.1433
2025-08-25 10:15:00,24650,CE,125.78,127.3,123.96,126.23,222,37308,0.1423
2025-08-25 10:15:00,24650,PE,557.82,570.12,555.48,563.89,44,34609,0.14
2025-08-25 10:15:00,24700,CE,126.68,131.13,126.44,126.57,293,35737,0.1434
2025-08-25 10:15:00,24700,PE,622.5,634.03,611.67,616.51,47,33680,0.1404
2025-08-25 10:15:00,24750,CE,125.92,128.33,124.67,125.18,99,35730,0.144
2025-08-25 10:15:00,24750,PE,659.05,661.72,658.71,659.45,553,32383,0.1413
2025-08-25 10:15:00,24800,CE,119.04,119.18,116.44,118.53,433,27414,0.1414
2025-08-25 10:15:00,24800,PE,715.91,726.52,711.28,717.61,500,29305,0.1439
2025-08-25 10:15:00,24850,CE,119.67,121.35,117.65,120.07,536,30515,0.1428
2025-08-25 10:15:00,24850,PE,770.66,770.63,758.84,769.89,296,33098,0.1445
2025-08-25 10:15:00,24900,CE,118.88,118.37,115.64,116.9,256,25536,0.1435
2025-08-25 10:15:00,24900,PE,823.15,832.63,815.51,819.97,17,27435,0.1408
2025-08-25 10:20:00,23500,CE,791.53,795.43,784.92,793.38,52,28905,0.1396
2025-08-25 10:20:00,23500,PE,123.8,127.1,125.38,125.75,410,27647,0.1476
2025-08-25 10:20:00,23550,CE,753.8,760.42,748.41,751.46,334,32040,0.1413
2025-08-25 10:20:00,23550,PE,123.15,123.86,123.31,123.41,330,29956,0.1463
2025-08-25 10:20:00,23600,CE,692.59,712.51,699.66,702.85,191,34147,0.1428
2025-08-25 10:20:00,23600,PE,121.98,125.53,122.05,122.76,564,30762,0.1454
2025-08-25 10:20:00,23650,CE,643.23,648.36,643.68,645.42,254,35748,0.141
2025-08-25 10:20:00,23650,PE,127.79,128.07,126.72,127.93,583,33598,0.1462
2025-08-25 10:20:00,23700,CE,588.91,588.64,584.67,584.79,47,37402,0.1432
2025-08-25 10:20:00,23700,PE,117.97,117.28,116.49,116.99,642,33895,0.1448
2025-08-25 10:20:00,23750,CE,547.37,565.91,549.07,551.67,148,34151,0.1464
2025-08-25 10:20:00,23750,PE,112.76,113.37,112.02,112.71,700,35993,0.1405
2025-08-25 10:20:00,23800,CE,496.29,510.94,491.32,495.22,433,40291,0.1429
2025-08-25 10:20:00,23800,PE,117.19,118.48,116.22,117.19,586,38203,0.1454
2025-08-25 10:20:00,23850,CE,438.21,442.61,438.28,439.9,440,44089,0.1435
2025-08-25 10:20:00,23850,PE,132.64,135.24,133.15,133.27,320,41627,0.1475
2025-08-25 10:20:00,23900,CE,395.29,401.51,392.2,394.97,53,49493,0.1411
2025-08-25 10:20:00,23900,PE,119.94,120.69,119.16,120.26,500,45625,0.1445
2025-08-25 10:20:00,23950,CE,344.44,348.72,343.26,343.61,341,52243,0.1438
2025-08-25 10:20:00,23950,PE,118.77,122.4,117.71,118.5,578,49128,0.1424
2025-08-25 10:20:00,24000,CE,296.47,299.24,293.27,296.41,191,56270,0.146
2025-08-25 10:20:00,24000,PE,119.54,122.95,120.03,120.45,345,56387,0.1438
2025-08-25 10:20:00,24050,CE,247.23,250.22,244.35,246.08,1077,65272,0.1414
2025-08-25 10:20:00,24050,PE,123.39,126.64,123.29,123.93,846,55515,0.1438
2025-08-25 10:20:00,24100,CE,187.17,188.23,187.55,187.99,875,65002,0.1445
2025-08-25 10:20:00,24100,PE,123.75,123.4,121.84,122.45,363,72295,0.1393
2025-08-25 10:20:00,24150,CE,146.44,151.27,145.84,147.02,1366,72126,0.1372
2025-08-25 10:20:00,24150,PE,121.94,122.69,120.6,121.14,206,76959,0.144
2025-08-25 10:20:00,24200,CE,115.86,118.93,115.33,116.89,368,81590,0.1499
2025-08-25 10:20:00,24200,PE,144.57,146.63,143.49,144.29,239,80288,0.1414
2025-08-25 10:20:00,24250,CE,117.3,118.18,115.87,116.86,509,74209,0.1416
2025-08-25 10:20:00,24250,PE,193.16,195.45,193.36,193.68,242,72744,0.1428
2025-08-25 10:20:00,24300,CE,118.27,122.81,118.76,119.71,1210,66548,0.1412
2025-08-25 10:20:00,24300,PE,231.95,241.17,233.71,236.44,1228,66071,0.1389
2025-08-25 10:20:00,24350,CE,113.31,115.63,113.22,113.9,805,57639,0.1434
2025-08-25 10:20:00,24350,PE,287.06,289.77,285.39,286.11,371,61107,0.1424
2025-08-25 10:20:00,24400,CE,124.34,124.13,123.14,123.35,141,51763,0.142
2025-08-25 10:20:00,24400,PE,343.51,344.3,339.1,341.33,892,52396,0.1396
2025-08-25 10:20:00,24450,CE,128.71,127.45,127.07,127.44,524,46650,0.1456
2025-08-25 10:20:00,24450,PE,397.78,401.48,399.3,399.48,140,49944,0.1409
2025-08-25 10:20:00,24500,CE,114.58,115.24,114.52,114.68,464,44904,0.1429
2025-08-25 10:20:00,24500,PE,448.14,459.64,445.66,450.38,812,46193,0.1379
2025-08-25 10:20:00,24550,CE,124.12,122.59,120.64,121.84,111,43083,0.1425
2025-08-25 10:20:00,24550,PE,502.47,504.89,496.2,500.96,262,42952,0.142
2025-08-25 10:20:00,24600,CE,119.53,120.57,119.28,120.28,477,41011,0.1411
2025-08-25 10:20:00,24600,PE,546.95,559.76,541.09,546.77,380,39118,0.1426
2025-08-25 10:20:00,24650,CE,119.7,119.96,118.62,118.73,73,36781,0.1431
2025-08-25 10:20:00,24650,PE,585.09,589.49,587.83,588.25,45,35053,0.1434
2025-08-25 10:20:00,24700,CE,110.57,112.08,109.8,110.86,172,35503,0.1397
2025-08-25 10:20:00,24700,PE,638.66,646.03,636.91,640.15,365,33194,0.1452
2025-08-25 10:20:00,24750,CE,124.24,124.26,119.84,122.26,356,35755,0.1432
2025-08-25 10:20:00,24750,PE,697.93,700.37,687.73,691.73,466,31930,0.1406
2025-08-25 10:20:00,24800,CE,121.83,123.72,121.16,122.53,18,27741,0.1447
2025-08-25 10:20:00,24800,PE,724.79,739.14,723.43,730.23,210,28778,0.1407
2025-08-25 10:20:00,24850,CE,115.65,117.54,114.62,116.26,295,30472,0.144
2025-08-25 10:20:00,24850,PE,790.95,798.59,795.86,797.95,499,33630,0.1419
2025-08-25 10:20:00,24900,CE,120.18,122.63,119.14,119.9,272,25126,0.1443
2025-08-25 10:20:00,24900,PE,845.6,852.41,831.94,840.71,375,27076,0.1419
2025-08-25 10:25:00,23500,CE,777.07,774.6,758.71,767.52,453,29025,0.1413
2025-08-25 10:25:00,23500,PE,112.78,116.51,114.48,114.73,196,28222,0.1427
2025-08-25 10:25:00,23550,CE,738.48,733.27,721.4,724.54,297,31903,0.1431
2025-08-25 10:25:00,23550,PE,115.4,116.61,115.22,115.36,115,30134,0.1439
2025-08-25 10:25:00,23600,CE,671.99,683.85,657.85,667.63,170,33729,0.144
2025-08-25 10:25:00,23600,PE,122.51,122.25,119.99,121.65,80,30931,0.1436
2025-08-25 10:25:00,23650,CE,614.54,625.41,619.71,622.98,593,35451,0.1418
2025-08-25 10:25:00,23650,PE,116.3,117.86,115.52,117.06,147,33733,0.1449
2025-08-25 10:25:00,23700,CE,569.68,576.51,556.34,565.61,108,36908,0.146
2025-08-25 10:25:00,23700,PE,123.5,124.78,122.76,124.24,442,33924,0.1442
2025-08-25 10:25:00,23750,CE,515.56,523.49,516.52,517.04,32,33835,0.1479
2025-08-25 10:25:00,23750,PE,122.3,123.99,119.86,122.5,156,36211,0.1467
2025-08-25 10:25:00,23800,CE,477.34,475.05,470.98,473.07,534,40588,0.1442
2025-08-25 10:25:00,23800,PE,122.81,125.57,119.45,121.03,90,38620,0.1448
2025-08-25 10:25:00,23850,CE,425.07,429.51,419.1,422.77,192,44679,0.1413
2025-08-25 10:25:00,23850,PE,122.76,125.47,123.36,124.89,756,41578,0.1463
2025-08-25 10:25:00,23900,CE,364.29,369.09,361.5,368.84,747,49697,0.1423
2025-08-25 10:25:00,23900,PE,124.33,127.64,125.32,126.57,736,45047,0.1426
2025-08-25 10:25:00,23950,CE,310.86,315.21,306.95,313.4,103,52729,0.1424
2025-08-25 10:25:00,23950,PE,123.17,122.84,120.72,122.37,821,49266,0.1419
2025-08-25 10:25:00,24000,CE,274.79,270.53,265.84,270.12,378,56175,0.1418
2025-08-25 10:25:00,24000,PE,116.98,117.52,116.68,116.8,471,56308,0.141
2025-08-25 10:25:00,24050,CE,216.56,220.55,216.16,217.49,840,65581,0.1443
2025-08-25 10:25:00,24050,PE,118.96,119.62,117.04,117.3,521,55915,0.1397
2025-08-25 10:25:00,24100,CE,159.33,163.48,160.34,160.58,161,65371,0.1409
2025-08-25 10:25:00,24100,PE,119.75,122.55,120.7,121.06,1040,72307,0.1436
2025-08-25 10:25:00,24150,CE,118.1,120.19,116.85,118.46,692,71971,0.1425
2025-08-25 10:25:00,24150,PE,127.82,128.25,126.21,127.14,666,77493,0.1436
2025-08-25 10:25:00,24200,CE,112.8,113.48,112.26,112.62,65,81751,0.1385
2025-08-25 10:25:00,24200,PE,160.3,163.38,160.44,160.58,1507,80340,0.1397
2025-08-25 10:25:00,24250,CE,116.74,118.48,116.82,117.73,853,74326,0.1414
2025-08-25 10:25:00,24250,PE,230.08,230.42,226.04,228.58,679,72899,0.1447
2025-08-25 10:25:00,24300,CE,115.24,115.87,115.41,115.67,1057,66803,0.142
2025-08-25 10:25:00,24300,PE,273.49,277.62,268.4,270.89,994,66134,0.1443
2025-08-25 10:25:00,24350,CE,123.22,123.41,121.73,123.05,812,58089,0.1441
2025-08-25 10:25:00,24350,PE,322.98,330.05,318.1,323.07,235,61538,0.146
2025-08-25 10:25:00,24400,CE,116.63,116.3,115.09,116.11,654,51693,0.142
2025-08-25 10:25:00,24400,PE,360.98,370.22,360.11,361.83,736,51998,0.1448
2025-08-25 10:25:00,24450,CE,115.38,116.27,114.52,115.38,608,46741,0.1435
2025-08-25 10:25:00,24450,PE,416.16,427.13,418.27,419.95,769,50088,0.1417
2025-08-25 10:25:00,24500,CE,121.87,127.93,123.53,124.47,424,44932,0.1449
2025-08-25 10:25:00,24500,PE,474.67,475.32,465.37,472.0,447,46661,0.1405
2025-08-25 10:25:00,24550,CE,113.63,117.6,114.85,115.35,581,42594,0.1419
2025-08-25 10:25:00,24550,PE,515.49,523.46,507.02,518.17,398,42696,0.141
2025-08-25 10:25:00,24600,CE,113.83,114.39,112.81,113.09,122,41449,0.1415
2025-08-25 10:25:00,24600,PE,565.81,575.05,566.56,572.75,590,39645,0.1451
2025-08-25 10:25:00,24650,CE,117.61,120.14,116.05,116.65,259,36692,0.1398
2025-08-25 10:25:00,24650,PE,617.85,622.04,617.68,620.08,502,34684,0.1438
2025-08-25 10:25:00,24700,CE,123.26,124.52,123.35,123.84,42,35407,0.1439
2025-08-25 10:25:00,24700,PE,671.56,687.85,669.97,674.9,383,33141,0.1447
2025-08-25 10:25:00,24750,CE,128.16,129.55,126.87,127.9,127,35778,0.146
2025-08-25 10:25:00,24750,PE,715.55,717.52,709.68,716.71,537,31659,0.1452
2025-08-25 10:25:00,24800,CE,125.15,125.98,123.87,125.3,220,27516,0.1425
2025-08-25 10:25:00,24800,PE,781.87,775.94,761.66,769.77,164,28964,0.1405
2025-08-25 10:25:00,24850,CE,119.38,118.33,116.25,117.87,196,30618,0.1435
2025-08-25 10:25:00,24850,PE,816.93,823.16,813.59,819.25,18,33824,0.1415
2025-08-25 10:25:00,24900,CE,111.33,112.13,109.91,110.63,58,24978,0.1387
2025-08-25 10:25:00,24900,PE,863.46,867.84,861.23,866.1,425,26879,0.1433
2025-08-25 10:30:00,23500,CE,753.42,755.9,749.74,750.26,385,28846,0.1399
2025-08-25 10:30:00,23500,PE,118.61,118.56,117.42,117.58,495,28763,0.1447
2025-08-25 10:30:00,23550,CE,698.01,709.65,696.44,699.64,527,31777,0.1424
2025-08-25 10:30:00,23550,PE,113.21,114.81,113.67,113.82,190,30261,0.1414
2025-08-25 10:30:00,23600,CE,668.45,665.23,658.37,659.6,504,33756,0.1445
2025-08-25 10:30:00,23600,PE,121.18,123.3,120.99,121.7,456,31382,0.146
2025-08-25 10:30:00,23650,CE,619.16,624.08,611.02,614.51,495,35293,0.1465
2025-08-25 10:30:00,23650,PE,121.37,125.93,123.49,123.85,172,33653,0.1427
2025-08-25 10:30:00,23700,CE,560.26,571.21,558.14,559.22,408,37319,0.1441
2025-08-25 10:30:00,23700,PE,129.04,128.32,125.64,127.77,219,33517,0.1433
2025-08-25 10:30:00,23750,CE,502.58,509.26,501.79,502.19,246,33948,0.1448
2025-08-25 10:30:00,23750,PE,123.88,122.51,121.57,122.22,184,36090,0.1409
2025-08-25 10:30:00,23800,CE,442.51,445.85,435.59,442.48,219,41170,0.1417
2025-08-25 10:30:00,23800,PE,115.9,116.37,115.76,116.36,425,38885,0.1429
2025-08-25 10:30:00,23850,CE,415.95,422.39,415.79,417.81,469,44091,0.1453
2025-08-25 10:30:00,23850,PE,126.99,125.84,124.85,125.42,245,41985,0.1464
2025-08-25 10:30:00,23900,CE,353.42,363.37,350.91,353.44,506,49940,0.1433
2025-08-25 10:30:00,23900,PE,118.57,121.18,117.31,119.72,747,45120,0.1434
2025-08-25 10:30:00,23950,CE,300.9,303.76,297.39,300.78,632,52412,0.1471
2025-08-25 10:30:00,23950,PE,127.5,127.68,126.12,126.73,283,48845,0.1433
2025-08-25 10:30:00,24000,CE,258.46,260.78,258.15,258.61,374,56329,0.1434
2025-08-25 10:30:00,24000,PE,113.38,112.86,111.71,112.25,1127,56235,0.1423
2025-08-25 10:30:00,24050,CE,206.87,206.99,204.84,206.5,839,66014,0.1442
2025-08-25 10:30:00,24050,PE,117.13,117.83,116.66,117.14,941,55629,0.1459
2025-08-25 10:30:00,24100,CE,153.39,155.67,154.65,155.35,468,65536,0.1428
2025-08-25 10:30:00,24100,PE,123.68,122.33,122.15,122.23,479,72005,0.1435
2025-08-25 10:30:00,24150,CE,125.78,127.4,126.74,126.85,1020,72134,0.1463
2025-08-25 10:30:00,24150,PE,136.97,137.81,133.41,137.61,452,76951,0.1392
2025-08-25 10:30:00,24200,CE,124.35,125.6,124.24,124.54,1123,81621,0.1439
2025-08-25 10:30:00,24200,PE,185.8,185.77,182.24,185.64,930,79947,0.1422
2025-08-25 10:30:00,24250,CE,119.3,121.83,118.91,119.28,413,74453,0.1437
2025-08-25 10:30:00,24250,PE,250.46,247.29,244.49,246.83,175,72679,0.1448
2025-08-25 10:30:00,24300,CE,112.66,113.56,111.55,112.92,815,67128,0.1425
2025-08-25 10:30:00,24300,PE,281.71,282.93,281.79,282.02,409,65671,0.1451
2025-08-25 10:30:00,24350,CE,115.86,118.79,115.11,115.83,42,58156,0.1412
2025-08-25 10:30:00,24350,PE,334.04,343.67,334.86,335.82,707,61650,0.1452
2025-08-25 10:30:00,24400,CE,119.78,122.67,118.58,119.54,381,51119,0.145
2025-08-25 10:30:00,24400,PE,378.17,390.4,383.06,383.75,219,51441,0.1441
2025-08-25 10:30:00,24450,CE,116.43,118.33,116.52,116.81,397,46510,0.1415
2025-08-25 10:30:00,24450,PE,427.98,436.05,425.14,430.9,72,50218,0.1419
2025-08-25 10:30:00,24500,CE,119.57,121.3,118.35,118.96,295,45487,0.1398
2025-08-25 10:30:00,24500,PE,485.57,490.46,483.21,485.72,331,46169,0.1418
2025-08-25 10:30:00,24550,CE,129.07,128.76,127.2,127.33,511,42837,0.1429
2025-08-25 10:30:00,24550,PE,539.05,541.02,532.34,538.34,670,42927,0.1476
2025-08-25 10:30:00,24600,CE,107.94,110.1,108.6,108.7,250,41652,0.1414
2025-08-25 10:30:00,24600,PE,570.29,583.43,577.78,578.36,538,39664,0.1391
2025-08-25 10:30:00,24650,CE,123.45,124.53,120.59,122.46,502,37252,0.1436
2025-08-25 10:30:00,24650,PE,642.22,637.86,636.44,636.95,477,34686,0.1424
2025-08-25 10:30:00,24700,CE,122.45,122.63,121.43,121.91,297,35812,0.1444
2025-08-25 10:30:00,24700,PE,694.67,708.55,688.9,691.71,518,32856,0.1458
2025-08-25 10:30:00,24750,CE,126.33,127.25,125.03,126.44,14,36145,0.1449
2025-08-25 10:30:00,24750,PE,738.95,740.58,724.33,727.37,138,32254,0.1411
2025-08-25 10:30:00,24800,CE,114.86,115.51,114.53,114.61,27,28008,0.1419
2025-08-25 10:30:00,24800,PE,786.76,785.69,773.4,780.72,362,28728,0.1416
2025-08-25 10:30:00,24850,CE,121.8,120.67,119.25,119.63,25,31033,0.143
2025-08-25 10:30:00,24850,PE,828.13,830.34,818.12,825.04,67,33338,0.1435
2025-08-25 10:30:00,24900,CE,119.75,121.33,120.05,120.26,380,25191,0.1418
2025-08-25 10:30:00,24900,PE,892.58,889.76,873.2,884.57,67,26689,0.1419
2025-08-25 10:35:00,23500,CE,734.54,732.21,723.52,727.59,380,29036,0.1453
2025-08-25 10:35:00,23500,PE,118.79,121.69,120.29,121.15,211,28657,0.1458
2025-08-25 10:35:00,23550,CE,693.9,685.05,680.52,682.56,56,31187,0.1466
2025-08-25 10:35:00,23550,PE,116.26,118.75,114.99,116.11,581,29938,0.1413
2025-08-25 10:35:00,23600,CE,634.52,637.76,625.56,633.29,592,33206,0.1429
2025-08-25 10:35:00,23600,PE,122.77,121.67,119.72,120.99,632,31294,0.1423
2025-08-25 10:35:00,23650,CE,564.6,574.75,562.09,570.47,552,35701,0.1421
2025-08-25 10:35:00,23650,PE,122.37,123.69,122.61,122.78,247,33938,0.1424
2025-08-25 10:35:00,23700,CE,521.52,520.82,516.42,518.69,252,37665,0.1443
2025-08-25 10:35:00,23700,PE,127.37,128.34,124.18,124.93,702,33885,0.1422
2025-08-25 10:35:00,23750,CE,478.45,480.37,471.69,479.19,578,33794,0.1433
2025-08-25 10:35:00,23750,PE,124.02,125.97,121.46,123.51,97,36097,0.1437
2025-08-25 10:35:00,23800,CE,425.66,425.03,413.58,422.09,123,41180,0.1415
2025-08-25 10:35:00,23800,PE,117.02,116.59,115.6,116.43,747,38420,0.1406
2025-08-25 10:35:00,23850,CE,371.04,376.79,366.71,369.79,846,44208,0.1425
2025-08-25 10:35:00,23850,PE,123.94,123.59,122.39,123.35,58,42249,0.1392
2025-08-25 10:35:00,23900,CE,328.78,331.74,324.3,327.22,17,50073,0.1423
2025-08-25 10:35:00,23900,PE,121.36,122.23,120.95,121.86,534,45415,0.1456
2025-08-25 10:35:00,23950,CE,283.18,283.74,277.39,278.7,446,51954,0.1418
2025-08-25 10:35:00,23950,PE,125.43,125.95,125.41,125.59,459,49158,0.1444
2025-08-25 10:35:00,24000,CE,221.01,220.97,218.84,220.03,1246,55978,0.1412
2025-08-25 10:35:00,24000,PE,114.87,113.91,111.8,113.89,472,56687,0.1416
2025-08-25 10:35:00,24050,CE,179.1,180.48,178.57,178.75,487,65707,0.1445
2025-08-25 10:35:00,24050,PE,114.22,112.86,112.18,112.56,1253,55619,0.1439
2025-08-25 10:35:00,24100,CE,120.67,124.7,122.32,122.75,1043,65520,0.1427
2025-08-25 10:35:00,24100,PE,123.79,125.35,124.18,124.75,1077,71727,0.1468
2025-08-25 10:35:00,24150,CE,113.15,115.5,112.47,113.25,1139,71968,0.1427
2025-08-25 10:35:00,24150,PE,158.03,159.92,156.23,157.25,822,76573,0.1396
2025-08-25 10:35:00,24200,CE,118.52,119.46,117.94,118.65,36,81705,0.1415
2025-08-25 10:35:00,24200,PE,211.88,212.28,209.9,211.7,204,80442,0.1436
2025-08-25 10:35:00,24250,CE,115.36,115.94,112.78,114.89,1134,74232,0.1451
2025-08-25 10:35:00,24250,PE,264.37,265.54,261.43,263.59,355,72688,0.1398
2025-08-25 10:35:00,24300,CE,116.09,115.85,115.01,115.56,229,67562,0.1399
2025-08-25 10:35:00,24300,PE,310.23,313.05,309.09,312.65,123,65613,0.1421
2025-08-25 10:35:00,24350,CE,115.25,116.79,113.04,114.61,193,58553,0.1428
2025-08-25 10:35:00,24350,PE,359.23,366.67,363.21,365.12,151,61585,0.1436
2025-08-25 10:35:00,24400,CE,119.27,118.67,116.73,117.72,729,51047,0.1441
2025-08-25 10:35:00,24400,PE,415.54,418.98,412.88,413.5,172,51029,0.1432
2025-08-25 10:35:00,24450,CE,112.78,114.49,113.85,114.31,490,46059,0.1384
2025-08-25 10:35:00,24450,PE,472.82,473.33,465.82,468.61,293,50351,0.1444
2025-08-25 10:35:00,24500,CE,108.39,107.77,107.28,107.34,289,45879,0.1412
2025-08-25 10:35:00,24500,PE,505.96,513.28,506.7,510.39,514,45731,0.1407
2025-08-25 10:35:00,24550,CE,116.16,117.78,117.07,117.11,567,43329,0.1453
2025-08-25 10:35:00,24550,PE,567.08,570.22,564.21,565.66,149,42757,0.1436
2025-08-25 10:35:00,24600,CE,123.66,125.44,124.22,124.76,261,41562,0.1439
2025-08-25 10:35:00,24600,PE,596.31,611.2,606.34,608.61,305,40137,0.1397
2025-08-25 10:35:00,24650,CE,123.58,127.75,122.49,124.1,398,37727,0.143
2025-08-25 10:35:00,24650,PE,668.24,672.05,658.34,665.06,219,34715,0.1416
2025-08-25 10:35:00,24700,CE,109.09,112.03,109.78,109.94,69,35544,0.1402
2025-08-25 10:35:00,24700,PE,713.32,723.92,707.67,709.22,338,32462,0.1404
2025-08-25 10:35:00,24750,CE,118.1,121.86,117.92,118.81,520,35870,0.1434
2025-08-25 10:35:00,24750,PE,738.62,758.13,746.91,752.37,94,32590,0.1394
2025-08-25 10:35:00,24800,CE,119.22,119.54,118.75,119.3,53,27797,0.1416
2025-08-25 10:35:00,24800,PE,808.93,824.12,814.04,817.25,108,28961,0.1445
2025-08-25 10:35:00,24850,CE,122.64,123.72,122.38,122.64,413,30667,0.1431
2025-08-25 10:35:00,24850,PE,867.63,862.06,856.51,860.11,208,33312,0.1393
2025-08-25 10:35:00,24900,CE,127.28,126.36,126.13,126.35,324,25013,0.1401
2025-08-25 10:35:00,24900,PE,921.67,929.82,914.29,921.65,247,26693,0.1396
2025-08-25 10:40:00,23500,CE,741.98,744.78,719.38,739.69,15,29119,0.1414
2025-08-25 10:40:00,23500,PE,108.97,110.36,109.05,109.3,321,29246,0.1421
2025-08-25 10:40:00,23550,CE,684.79,700.74,687.02,689.56,306,31666,0.1449
2025-08-25 10:40:00,23550,PE,124.53,122.74,119.99,121.79,212,30173,0.1441
2025-08-25 10:40:00,23600,CE,644.03,654.16,634.44,638.6,567,32790,0.144
2025-08-25 10:40:00,23600,PE,119.62,120.5,119.33,120.29,360,31796,0.144
2025-08-25 10:40:00,23650,CE,588.31,593.43,587.42,591.37,377,36172,0.1429
2025-08-25 10:40:00,23650,PE,120.42,117.89,117.37,117.57,288,34402,0.139
2025-08-25 10:40:00,23700,CE,532.57,541.15,535.94,536.75,456,37639,0.1424
2025-08-25 10:40:00,23700,PE,108.5,110.3,108.54,108.77,163,33489,0.1411
2025-08-25 10:40:00,23750,CE,484.05,484.9,483.53,483.93,232,34099,0.1428
2025-08-25 10:40:00,23750,PE,121.16,125.12,121.1,121.94,369,35963,0.1426
2025-08-25 10:40:00,23800,CE,437.67,440.39,434.21,434.89,399,40993,0.1445
2025-08-25 10:40:00,23800,PE,124.43,124.88,124.37,124.69,680,38288,0.1447
2025-08-25 10:40:00,23850,CE,377.22,384.65,375.05,381.21,440,44278,0.1425
2025-08-25 10:40:00,23850,PE,121.96,121.71,120.16,121.49,597,42049,0.1469
2025-08-25 10:40:00,23900,CE,345.71,352.49,342.04,345.68,89,50300,0.1459
2025-08-25 10:40:00,23900,PE,107.51,110.3,107.09,107.67,572,45592,0.1381
2025-08-25 10:40:00,23950,CE,285.54,291.29,284.03,284.79,618,51964,0.1418
2025-08-25 10:40:00,23950,PE,115.06,114.99,113.21,114.15,1066,48622,0.1444
2025-08-25 10:40:00,24000,CE,242.27,242.05,240.36,240.51,135,56501,0.1428
2025-08-25 10:40:00,24000,PE,126.83,126.42,125.75,126.3,1123,56581,0.1466
2025-08-25 10:40:00,24050,CE,189.78,194.29,190.13,191.92,793,65646,0.1434
2025-08-25 10:40:00,24050,PE,122.67,121.51,120.85,121.33,1443,55566,0.1427
2025-08-25 10:40:00,24100,CE,129.98,130.6,128.6,128.7,1292,65358,0.1419
2025-08-25 10:40:00,24100,PE,128.76,130.64,126.5,128.52,662,71936,0.1424
2025-08-25 10:40:00,24150,CE,114.85,114.38,113.08,114.35,658,71384,0.1419
2025-08-25 10:40:00,24150,PE,149.72,150.43,147.44,150.02,300,77021,0.1434
2025-08-25 10:40:00,24200,CE,121.95,122.19,120.63,121.15,523,81227,0.142
2025-08-25 10:40:00,24200,PE,202.46,205.64,201.7,202.17,1304,81041,0.1458
2025-08-25 10:40:00,24250,CE,117.58,121.03,117.74,118.35,618,74385,0.1417
2025-08-25 10:40:00,24250,PE,243.66,246.97,245.77,246.93,924,72167,0.1448
2025-08-25 10:40:00,24300,CE,115.67,116.27,115.3,115.51,334,67636,0.1426
2025-08-25 10:40:00,24300,PE,296.99,298.05,294.7,297.08,605,65410,0.141
2025-08-25 10:40:00,24350,CE,123.08,123.75,122.46,122.89,17,59096,0.1436
2025-08-25 10:40:00,24350,PE,345.03,345.14,342.75,343.56,607,61891,0.1414
2025-08-25 10:40:00,24400,CE,117.63,120.91,117.49,118.14,398,51055,0.1417
2025-08-25 10:40:00,24400,PE,400.38,402.15,400.11,400.34,404,50944,0.1426
2025-08-25 10:40:00,24450,CE,113.38,114.2,112.94,113.07,553,46654,0.1433
2025-08-25 10:40:00,24450,PE,440.38,460.69,445.5,446.01,639,50551,0.1426
2025-08-25 10:40:00,24500,CE,116.65,116.87,114.9,116.62,21,45895,0.1426
2025-08-25 10:40:00,24500,PE,510.31,507.43,503.45,506.73,723,45608,0.1411
2025-08-25 10:40:00,24550,CE,120.89,121.88,119.5,120.17,391,43118,0.1437
2025-08-25 10:40:00,24550,PE,550.66,559.66,544.52,550.99,143,43003,0.142
2025-08-25 10:40:00,24600,CE,119.26,122.04,118.99,119.42,213,41667,0.1449
2025-08-25 10:40:00,24600,PE,612.48,620.78,609.77,609.98,394,40554,0.1457
2025-08-25 10:40:00,24650,CE,122.63,122.99,122.39,122.73,579,37791,0.1442
2025-08-25 10:40:00,24650,PE,652.54,647.83,640.16,643.5,40,34813,0.1412
2025-08-25 10:40:00,24700,CE,118.69,119.68,119.13,119.29,514,35516,0.1415
2025-08-25 10:40:00,24700,PE,704.42,711.77,705.22,707.8,332,32777,0.1428
2025-08-25 10:40:00,24750,CE,114.46,118.22,114.5,115.35,246,35767,0.1397
2025-08-25 10:40:00,24750,PE,766.32,769.0,753.79,758.11,269,33012,0.1409
2025-08-25 10:40:00,24800,CE,119.65,120.24,118.43,119.54,258,27589,0.1445
2025-08-25 10:40:00,24800,PE,795.81,805.35,794.0,802.02,314,29192,0.1408
2025-08-25 10:40:00,24850,CE,120.06,120.53,119.94,120.24,452,31138,0.1438
2025-08-25 10:40:00,24850,PE,844.06,854.51,843.97,853.23,389,33634,0.1436
2025-08-25 10:40:00,24900,CE,121.17,121.32,119.88,120.53,216,24824,0.1438
2025-08-25 10:40:00,24900,PE,895.85,902.83,885.41,897.33,268,26940,0.1418
2025-08-25 10:45:00,23500,CE,729.58,743.44,733.4,735.47,294,28767,0.1414
2025-08-25 10:45:00,23500,PE,118.87,119.03,118.32,118.57,17,28715,0.1428
2025-08-25 10:45:00,23550,CE,681.59,691.15,678.53,679.98,258,32015,0.1424
2025-08-25 10:45:00,23550,PE,124.19,125.94,122.92,125.2,471,30542,0.1406
2025-08-25 10:45:00,23600,CE,645.84,661.24,637.17,640.23,450,32217,0.1419
2025-08-25 10:45:00,23600,PE,117.07,115.9,115.7,115.79,558,32333,0.1458
2025-08-25 10:45:00,23650,CE,595.57,601.57,595.61,597.69,574,36107,0.1475
2025-08-25 10:45:00,23650,PE,123.37,125.75,123.59,124.21,153,34888,0.1434
2025-08-25 10:45:00,23700,CE,536.13,540.29,534.52,538.88,143,37984,0.1472
2025-08-25 10:45:00,23700,PE,114.18,117.59,115.95,116.07,697,33969,0.1418
2025-08-25 10:45:00,23750,CE,477.64,474.79,472.29,473.2,411,34499,0.1423
2025-08-25 10:45:00,23750,PE,114.74,116.33,114.26,115.75,648,36531,0.1438
2025-08-25 10:45:00,23800,CE,441.8,446.27,434.79,438.88,312,41147,0.1475
2025-08-25 10:45:00,23800,PE,121.52,122.46,122.17,122.28,692,37960,0.1447
2025-08-25 10:45:00,23850,CE,394.88,391.81,390.74,391.66,219,44145,0.144
2025-08-25 10:45:00,23850,PE,118.83,121.33,119.29,120.08,341,42351,0.1422
2025-08-25 10:45:00,23900,CE,336.39,343.32,336.16,336.89,951,49888,0.1427
2025-08-25 10:45:00,23900,PE,119.12,122.63,118.69,119.98,341,46107,0.1427
2025-08-25 10:45:00,23950,CE,283.83,292.64,287.1,287.19,679,51610,0.1439
2025-08-25 10:45:00,23950,PE,121.14,123.13,121.82,122.24,689,49073,0.14
2025-08-25 10:45:00,24000,CE,242.77,240.85,239.0,240.75,489,56481,0.1423
2025-08-25 10:45:00,24000,PE,113.36,115.21,114.4,114.68,790,56989,0.1381
2025-08-25 10:45:00,24050,CE,178.21,183.27,180.36,181.02,835,66195,0.1428
2025-08-25 10:45:00,24050,PE,105.19,105.87,105.51,105.67,1109,55472,0.1474
2025-08-25 10:45:00,24100,CE,135.18,137.98,133.59,135.76,848,65593,0.1426
2025-08-25 10:45:00,24100,PE,111.45,111.09,110.22,110.31,147,71608,0.1376
2025-08-25 10:45:00,24150,CE,120.36,122.07,120.27,120.93,399,71744,0.1436
2025-08-25 10:45:00,24150,PE,153.8,152.88,151.39,152.24,1315,77404,0.1428
2025-08-25 10:45:00,24200,CE,120.4,122.57,119.97,120.75,165,80981,0.1435
2025-08-25 10:45:00,24200,PE,201.31,202.69,200.32,200.53,444,80469,0.1409
2025-08-25 10:45:00,24250,CE,119.24,120.33,115.72,116.32,326,74302,0.1421
2025-08-25 10:45:00,24250,PE,262.04,264.42,260.57,262.76,1072,71771,0.1452
2025-08-25 10:45:00,24300,CE,126.14,126.14,123.82,124.37,930,68018,0.1413
2025-08-25 10:45:00,24300,PE,304.52,309.92,304.26,304.85,185,65123,0.1449
2025-08-25 10:45:00,24350,CE,115.13,117.9,115.49,115.73,454,59628,0.1444
2025-08-25 10:45:00,24350,PE,352.12,354.65,349.15,352.17,767,62457,0.14
2025-08-25 10:45:00,24400,CE,122.15,125.41,121.8,122.57,287,51545,0.141
2025-08-25 10:45:00,24400,PE,404.43,405.38,399.29,401.9,848,51063,0.1437
2025-08-25 10:45:00,24450,CE,121.48,122.17,121.1,121.39,136,46374,0.1421
2025-08-25 10:45:00,24450,PE,451.98,456.21,449.3,454.55,116,50919,0.1407
2025-08-25 10:45:00,24500,CE,118.1,117.95,114.89,117.08,244,46136,0.1437
2025-08-25 10:45:00,24500,PE,503.8,505.87,501.6,502.8,210,46180,0.1406
2025-08-25 10:45:00,24550,CE,120.77,119.65,118.14,119.62,544,42970,0.1424
2025-08-25 10:45:00,24550,PE,547.84,563.7,546.35,552.58,339,42473,0.1458
2025-08-25 10:45:00,24600,CE,125.33,126.59,126.13,126.33,98,42265,0.1453
2025-08-25 10:45:00,24600,PE,611.91,609.62,603.42,606.76,536,40959,0.1429
2025-08-25 10:45:00,24650,CE,132.24,132.6,131.36,131.83,398,37456,0.1426
2025-08-25 10:45:00,24650,PE,655.55,665.76,642.02,656.83,73,35083,0.1435
2025-08-25 10:45:00,24700,CE,121.48,124.37,121.26,122.13,198,34916,0.1394
2025-08-25 10:45:00,24700,PE,703.22,719.96,691.22,700.85,22,32846,0.1403
2025-08-25 10:45:00,24750,CE,120.59,120.42,118.89,119.91,461,35602,0.1411
2025-08-25 10:45:00,24750,PE,765.13,763.99,749.97,759.2,547,32869,0.1422
2025-08-25 10:45:00,24800,CE,117.74,118.43,116.98,118.02,382,27282,0.1422
2025-08-25 10:45:00,24800,PE,796.2,814.51,795.89,801.49,318,28921,0.1416
2025-08-25 10:45:00,24850,CE,116.66,116.13,115.32,116.03,385,31083,0.1454
2025-08-25 10:45:00,24850,PE,855.65,867.77,842.17,848.53,28,33331,0.1398
2025-08-25 10:45:00,24900,CE,118.55,120.37,119.4,120.01,170,24783,0.1446
2025-08-25 10:45:00,24900,PE,895.93,924.33,889.73,900.38,132,27032,0.1436
2025-08-25 10:50:00,23500,CE,663.14,668.82,650.39,659.12,588,29020,0.1439
2025-08-25 10:50:00,23500,PE,121.73,121.48,120.43,120.84,197,28927,0.1433
2025-08-25 10:50:00,23550,CE,604.29,607.5,597.69,605.59,629,31705,0.1418
2025-08-25 10:50:00,23550,PE,121.63,122.43,119.54,121.6,159,29989,0.1429
2025-08-25 10:50:00,23600,CE,555.67,555.29,551.17,552.97,587,32616,0.1424
2025-08-25 10:50:00,23600,PE,124.31,123.4,120.62,122.86,294,32779,0.1441
2025-08-25 10:50:00,23650,CE,504.01,513.69,500.29,501.5,491,36681,0.1438
2025-08-25 10:50:00,23650,PE,116.32,119.61,118.5,118.87,691,35439,0.1442
2025-08-25 10:50:00,23700,CE,452.94,455.33,452.6,455.03,325,38144,0.1409
2025-08-25 10:50:00,23700,PE,119.36,119.22,118.6,118.66,146,34442,0.1446
2025-08-25 10:50:00,23750,CE,408.35,414.52,408.53,410.54,289,34436,0.1427
2025-08-25 10:50:00,23750,PE,120.65,120.82,119.76,120.61,528,36875,0.1423
2025-08-25 10:50:00,23800,CE,365.97,369.69,364.75,364.85,709,41693,0.1447
2025-08-25 10:50:00,23800,PE,118.01,118.84,116.61,117.35,691,38315,0.1454
2025-08-25 10:50:00,23850,CE,301.72,306.31,299.98,303.87,618,44043,0.1398
2025-08-25 10:50:00,23850,PE,112.73,111.64,110.7,111.1,976,42204,0.141
2025-08-25 10:50:00,23900,CE,251.4,260.16,251.06,254.99,748,49637,0.1424
2025-08-25 10:50:00,23900,PE,118.19,119.0,116.34,118.71,586,45947,0.1421
2025-08-25 10:50:00,23950,CE,206.24,206.51,203.61,203.63,367,51994,0.1408
2025-08-25 10:50:00,23950,PE,117.71,117.66,115.09,116.35,1046,49314,0.1444
2025-08-25 10:50:00,24000,CE,157.83,160.42,157.71,158.13,153,56180,0.1403
2025-08-25 10:50:00,24000,PE,122.51,122.17,119.89,121.22,362,57242,0.1436
2025-08-25 10:50:00,24050,CE,126.02,127.09,124.85,126.96,1556,66050,0.1434
2025-08-25 10:50:00,24050,PE,134.0,133.07,131.32,131.39,593,55541,0.1421
2025-08-25 10:50:00,24100,CE,124.86,128.46,124.19,126.49,1464,65437,0.1435
2025-08-25 10:50:00,24100,PE,180.06,179.27,175.74,178.51,430,71633,0.1452
2025-08-25 10:50:00,24150,CE,123.68,125.14,124.5,124.89,1184,72019,0.1439
2025-08-25 10:50:00,24150,PE,227.46,225.31,223.23,225.23,679,77681,0.1414
2025-08-25 10:50:00,24200,CE,136.03,136.49,132.69,134.49,35,81284,0.1487
2025-08-25 10:50:00,24200,PE,283.56,287.75,281.03,281.55,128,80338,0.1467
2025-08-25 10:50:00,24250,CE,117.28,116.95,115.48,116.84,370,74530,0.1434
2025-08-25 10:50:00,24250,PE,339.51,336.32,332.93,335.47,258,71457,0.1459
2025-08-25 10:50:00,24300,CE,121.65,124.2,121.31,121.79,824,67990,0.1432
2025-08-25 10:50:00,24300,PE,380.63,384.9,375.55,376.6,693,65222,0.1408
2025-08-25 10:50:00,24350,CE,128.54,127.84,126.97,127.74,533,59851,0.1443
2025-08-25 10:50:00,24350,PE,429.04,440.12,424.48,427.84,572,62951,0.1397
2025-08-25 10:50:00,24400,CE,115.33,116.24,113.56,114.29,618,51310,0.1403
2025-08-25 10:50:00,24400,PE,482.46,489.53,482.18,488.04,143,51477,0.1428
2025-08-25 10:50:00,24450,CE,118.95,123.43,118.4,119.55,278,46147,0.1425
2025-08-25 10:50:00,24450,PE,524.13,533.07,528.72,528.93,91,50981,0.1438
2025-08-25 10:50:00,24500,CE,112.25,113.82,111.55,112.3,352,46529,0.1419
2025-08-25 10:50:00,24500,PE,577.12,582.13,569.9,578.7,510,46447,0.1428
2025-08-25 10:50:00,24550,CE,124.1,123.67,122.88,123.55,346,43405,0.1437
2025-08-25 10:50:00,24550,PE,630.55,637.52,619.93,622.95,624,42850,0.1431
2025-08-25 10:50:00,24600,CE,123.45,126.23,126.13,126.17,214,41996,0.1438
2025-08-25 10:50:00,24600,PE,677.24,678.21,662.72,676.53,10,41550,0.1389
2025-08-25 10:50:00,24650,CE,121.74,122.19,118.63,121.35,415,37980,0.1447
2025-08-25 10:50:00,24650,PE,730.67,735.06,722.41,728.45,445,34999,0.1409
2025-08-25 10:50:00,24700,CE,119.7,121.95,118.93,120.36,84,34372,0.142
2025-08-25 10:50:00,24700,PE,768.1,784.34,778.45,779.33,424,32610,0.1463
2025-08-25 10:50:00,24750,CE,114.4,115.53,115.3,115.35,197,36005,0.1437
2025-08-25 10:50:00,24750,PE,829.85,846.62,827.94,832.37,247,33410,0.1414
2025-08-25 10:50:00,24800,CE,122.58,124.25,122.38,123.14,267,27680,0.1446
2025-08-25 10:50:00,24800,PE,878.36,884.75,877.54,880.87,67,28797,0.146
2025-08-25 10:50:00,24850,CE,122.03,121.77,120.08,120.99,90,30550,0.142
2025-08-25 10:50:00,24850,PE,929.36,929.47,915.6,925.96,456,33352,0.1453
2025-08-25 10:50:00,24900,CE,123.07,124.82,123.64,124.04,160,24634,0.1457
2025-08-25 10:50:00,24900,PE,974.31,993.13,966.07,975.27,111,26579,0.1401
2025-08-25 10:55:00,23500,CE,680.21,684.84,663.87,677.71,548,28547,0.1401
2025-08-25 10:55:00,23500,PE,113.02,116.62,112.59,112.98,236,28510,0.1465
2025-08-25 10:55:00,23550,CE,631.24,634.93,629.97,632.39,594,31351,0.1446
2025-08-25 10:55:00,23550,PE,112.25,116.13,113.15,113.48,257,30293,0.1441
2025-08-25 10:55:00,23600,CE,562.14,570.95,558.3,565.18,393,32474,0.1456
2025-08-25 10:55:00,23600,PE,121.95,127.11,121.28,122.63,389,32703,0.1416
2025-08-25 10:55:00,23650,CE,521.19,522.43,512.19,518.66,220,36799,0.143
2025-08-25 10:55:00,23650,PE,123.03,122.53,121.7,122.51,274,35991,0.1435
2025-08-25 10:55:00,23700,CE,468.52,485.07,468.59,476.25,372,38451,0.1429
2025-08-25 10:55:00,23700,PE,127.02,127.59,125.14,125.26,194,34616,0.1459
2025-08-25 10:55:00,23750,CE,434.94,437.63,431.48,434.35,486,34728,0.149
2025-08-25 10:55:00,23750,PE,121.17,124.98,120.56,121.39,403,37138,0.1439
2025-08-25 10:55:00,23800,CE,377.05,378.03,372.47,376.83,69,41921,0.1432
2025-08-25 10:55:00,23800,PE,117.67,119.76,117.19,118.47,710,38310,0.143
2025-08-25 10:55:00,23850,CE,321.5,322.65,319.06,319.7,51,44123,0.147
2025-08-25 10:55:00,23850,PE,125.61,128.97,124.27,126.03,812,42157,0.1397
2025-08-25 10:55:00,23900,CE,265.85,265.92,263.01,263.38,125,49510,0.1433
2025-08-25 10:55:00,23900,PE,121.57,125.75,122.73,123.01,1147,45671,0.1404
2025-08-25 10:55:00,23950,CE,231.05,236.43,231.08,231.63,701,51820,0.147
2025-08-25 10:55:00,23950,PE,118.97,118.46,117.63,117.86,935,49228,0.143
2025-08-25 10:55:00,24000,CE,171.74,171.28,167.57,169.71,592,56275,0.145
2025-08-25 10:55:00,24000,PE,120.36,121.73,120.4,120.73,869,57241,0.1412
2025-08-25 10:55:00,24050,CE,127.41,127.04,123.16,125.66,478,65579,0.1426
2025-08-25 10:55:00,24050,PE,122.1,121.61,120.06,120.77,1229,55348,0.1442
2025-08-25 10:55:00,24100,CE,122.49,122.73,121.63,121.78,959,65288,0.1453
2025-08-25 10:55:00,24100,PE,166.07,168.53,164.87,166.46,1326,71881,0.1454
2025-08-25 10:55:00,24150,CE,124.94,126.65,124.85,125.48,554,71818,0.1418
2025-08-25 10:55:00,24150,PE,212.14,213.48,210.83,212.14,1010,77090,0.1389
2025-08-25 10:55:00,24200,CE,117.5,120.72,118.19,118.78,86,80785,0.1418
2025-08-25 10:55:00,24200,PE,263.05,265.33,259.43,259.94,421,80334,0.1426
2025-08-25 10:55:00,24250,CE,116.9,118.35,116.52,116.89,322,74156,0.1434
2025-08-25 10:55:00,24250,PE,311.09,317.88,310.28,314.41,342,71450,0.1407
2025-08-25 10:55:00,24300,CE,120.49,122.73,119.91,120.17,295,68079,0.1419
2025-08-25 10:55:00,24300,PE,348.63,354.81,353.01,353.08,375,65742,0.1428
2025-08-25 10:55:00,24350,CE,127.07,126.76,123.49,124.07,866,60037,0.1462
2025-08-25 10:55:00,24350,PE,421.73,419.6,414.84,416.52,490,62388,0.1429
2025-08-25 10:55:00,24400,CE,124.45,124.91,124.02,124.53,504,51166,0.1441
2025-08-25 10:55:00,24400,PE,465.28,474.42,462.71,463.7,242,51829,0.1441
2025-08-25 10:55:00,24450,CE,119.65,122.69,120.15,120.85,42,45859,0.1392
2025-08-25 10:55:00,24450,PE,509.08,520.65,508.58,515.35,578,51490,0.14
2025-08-25 10:55:00,24500,CE,118.98,118.5,117.44,118.42,361,46563,0.145
2025-08-25 10:55:00,24500,PE,573.66,579.06,567.95,569.53,669,45957,0.1432
2025-08-25 10:55:00,24550,CE,131.33,132.84,130.72,130.81,316,43095,0.1464
2025-08-25 10:55:00,24550,PE,609.93,634.21,611.12,616.11,313,43337,0.1424
2025-08-25 10:55:00,24600,CE,116.95,118.15,116.92,117.12,366,42585,0.144
2025-08-25 10:55:00,24600,PE,662.92,665.74,655.72,662.37,311,41985,0.1413
2025-08-25 10:55:00,24650,CE,122.34,122.82,120.3,122.6,105,37764,0.1401
2025-08-25 10:55:00,24650,PE,706.76,711.29,708.72,710.36,163,35321,0.1411
2025-08-25 10:55:00,24700,CE,126.32,125.68,122.85,125.27,282,34038,0.1418
2025-08-25 10:55:00,24700,PE,774.17,771.3,758.67,766.02,100,32471,0.1425
2025-08-25 10:55:00,24750,CE,115.47,117.66,116.03,116.76,85,36241,0.1438
2025-08-25 10:55:00,24750,PE,815.84,810.11,803.09,805.76,437,33972,0.1432
2025-08-25 10:55:00,24800,CE,112.43,113.51,112.14,112.36,121,27607,0.1413
2025-08-25 10:55:00,24800,PE,874.03,889.28,864.02,865.54,250,28792,0.1396
2025-08-25 10:55:00,24850,CE,119.23,118.75,116.57,117.17,215,30214,0.1428
2025-08-25 10:55:00,24850,PE,902.31,924.13,911.73,914.22,59,33235,0.1415
2025-08-25 10:55:00,24900,CE,115.9,118.34,115.42,116.3,47,24109,0.1424
2025-08-25 10:55:00,24900,PE,956.69,966.38,962.83,964.33,236,27009,0.1444
2025-08-25 11:00:00,23500,CE,669.59,673.16,656.8,663.14,332,27975,0.1425
2025-08-25 11:00:00,23500,PE,118.73,121.92,120.82,121.06,512,28730,0.1444
2025-08-25 11:00:00,23550,CE,616.12,619.75,613.2,614.36,203,31078,0.1409
2025-08-25 11:00:00,23550,PE,113.06,115.08,114.39,114.55,583,30264,0.1418
2025-08-25 11:00:00,23600,CE,563.58,564.61,560.05,563.81,107,32211,0.1439
2025-08-25 11:00:00,23600,PE,124.22,125.52,122.55,123.55,191,32583,0.1452
2025-08-25 11:00:00,23650,CE,507.63,507.75,498.18,501.67,265,36855,0.142
2025-08-25 11:00:00,23650,PE,115.76,117.4,115.85,117.06,248,36160,0.1404
2025-08-25 11:00:00,23700,CE,463.25,467.84,461.64,463.37,402,38979,0.1427
2025-08-25 11:00:00,23700,PE,117.48,118.85,116.83,117.7,667,34414,0.1426
2025-08-25 11:00:00,23750,CE,402.45,413.39,397.73,403.14,50,34829,0.1428
2025-08-25 11:00:00,23750,PE,116.76,118.96,115.51,116.5,304,37620,0.1442
2025-08-25 11:00:00,23800,CE,365.01,369.07,360.7,364.08,397,41669,0.1427
2025-08-25 11:00:00,23800,PE,115.13,116.87,116.25,116.76,334,38748,0.1429
2025-08-25 11:00:00,23850,CE,312.39,311.96,308.47,310.46,134,44672,0.1416
2025-08-25 11:00:00,23850,PE,112.45,113.12,110.92,112.44,260,42573,0.1418
2025-08-25 11:00:00,23900,CE,261.45,266.9,260.52,260.96,652,49593,0.1422
2025-08-25 11:00:00,23900,PE,118.18,119.68,117.57,118.53,257,45937,0.144
2025-08-25 11:00:00,23950,CE,207.11,208.92,207.46,208.01,877,51797,0.1411
2025-08-25 11:00:00,23950,PE,118.28,119.98,118.54,118.62,626,49344,0.1437
2025-08-25 11:00:00,24000,CE,161.17,162.8,160.21,160.55,745,56844,0.1421
2025-08-25 11:00:00,24000,PE,118.97,125.95,120.29,120.64,88,56942,0.1446
2025-08-25 11:00:00,24050,CE,122.79,125.02,122.95,124.59,1507,65930,0.1439
2025-08-25 11:00:00,24050,PE,120.16,119.09,118.37,118.77,632,55355,0.1428
2025-08-25 11:00:00,24100,CE,117.27,117.79,116.18,117.16,64,64900,0.1447
2025-08-25 11:00:00,24100,PE,179.28,181.65,178.31,179.85,1418,72053,0.1436
2025-08-25 11:00:00,24150,CE,109.26,110.69,108.05,109.37,71,72168,0.1385
2025-08-25 11:00:00,24150,PE,230.35,232.62,229.47,230.29,539,77172,0.1424
2025-08-25 11:00:00,24200,CE,118.1,120.74,119.0,119.89,991,81189,0.1428
2025-08-25 11:00:00,24200,PE,267.89,266.61,263.75,265.5,173,80173,0.1437
2025-08-25 11:00:00,24250,CE,126.92,130.01,126.03,127.7,294,74652,0.1427
2025-08-25 11:00:00,24250,PE,330.02,330.17,321.27,324.48,811,71627,0.143
2025-08-25 11:00:00,24300,CE,113.13,115.29,113.38,114.44,69,68442,0.1386
2025-08-25 11:00:00,24300,PE,374.93,377.65,370.01,376.46,532,65469,0.139
2025-08-25 11:00:00,24350,CE,122.19,123.02,122.24,122.44,387,59972,0.1414
2025-08-25 11:00:00,24350,PE,431.44,434.65,429.99,430.78,263,62879,0.1462
2025-08-25 11:00:00,24400,CE,120.73,121.46,119.48,120.87,725,50627,0.141
2025-08-25 11:00:00,24400,PE,484.01,485.36,475.75,480.02,739,51713,0.1429
2025-08-25 11:00:00,24450,CE,114.79,116.92,114.42,115.88,587,46195,0.1376
2025-08-25 11:00:00,24450,PE,527.16,530.74,523.54,528.15,443,51782,0.1457
2025-08-25 11:00:00,24500,CE,116.64,124.35,117.73,119.46,468,46984,0.1455
2025-08-25 11:00:00,24500,PE,575.87,594.24,575.87,576.62,295,46244,0.1422
2025-08-25 11:00:00,24550,CE,121.04,124.22,121.38,122.09,625,43631,0.1446
2025-08-25 11:00:00,24550,PE,619.53,629.33,614.95,617.42,103,43334,0.139
2025-08-25 11:00:00,24600,CE,107.29,107.94,106.18,107.15,310,42734,0.1403
2025-08-25 11:00:00,24600,PE,675.21,673.62,668.76,673.13,391,42402,0.1442
2025-08-25 11:00:00,24650,CE,121.23,121.96,120.35,120.73,305,38006,0.1423
2025-08-25 11:00:00,24650,PE,726.29,744.14,728.79,730.73,510,34843,0.1413
2025-08-25 11:00:00,24700,CE,111.82,113.39,110.63,112.79,347,33878,0.1431
2025-08-25 11:00:00,24700,PE,774.66,784.4,778.44,780.68,486,32534,0.1434
2025-08-25 11:00:00,24750,CE,109.11,109.56,106.84,109.0,309,36546,0.1416
2025-08-25 11:00:00,24750,PE,816.71,830.2,804.15,815.31,129,34024,0.1435
2025-08-25 11:00:00,24800,CE,115.5,116.35,113.12,115.93,375,27940,0.1438
2025-08-25 11:00:00,24800,PE,877.02,891.52,885.46,886.42,116,29197,0.1463
2025-08-25 11:00:00,24850,CE,119.31,119.18,118.51,119.02,81,29932,0.1436
2025-08-25 11:00:00,24850,PE,922.88,938.13,923.83,923.99,396,33374,0.1435
2025-08-25 11:00:00,24900,CE,115.71,115.34,112.69,115.24,242,24177,0.1403
2025-08-25 11:00:00,24900,PE,989.0,997.33,984.46,985.42,427,26681,0.1444
2025-08-25 11:05:00,23500,CE,679.7,685.94,672.64,673.08,185,27962,0.1433
2025-08-25 11:05:00,23500,PE,118.87,119.15,117.76,118.56,507,28788,0.1434
2025-08-25 11:05:00,23550,CE,621.38,631.91,622.74,626.8,464,31458,0.1409
2025-08-25 11:05:00,23550,PE,116.96,116.57,115.09,116.13,568,30217,0.1432
2025-08-25 11:05:00,23600,CE,565.43,585.13,563.88,572.55,317,31708,0.1425
2025-08-25 11:05:00,23600,PE,122.91,123.04,121.96,122.42,64,32567,0.1439
2025-08-25 11:05:00,23650,CE,539.65,533.11,529.04,530.95,548,37260,0.145
2025-08-25 11:05:00,23650,PE,117.21,117.73,116.81,117.23,305,36245,0.1455
2025-08-25 11:05:00,23700,CE,475.42,479.55,475.49,479.04,641,38761,0.1468
2025-08-25 11:05:00,23700,PE,124.95,124.83,123.88,124.78,135,34919,0.1422
2025-08-25 11:05:00,23750,CE,438.92,439.3,432.37,433.17,472,34415,0.1435
2025-08-25 11:05:00,23750,PE,123.81,123.92,120.59,122.57,225,37412,0.1458
2025-08-25 11:05:00,23800,CE,375.56,378.24,368.2,371.79,199,41593,0.1408
2025-08-25 11:05:00,23800,PE,116.93,116.83,114.81,115.69,761,39033,0.1434
2025-08-25 11:05:00,23850,CE,330.54,334.16,330.33,330.62,945,45074,0.1444
2025-08-25 11:05:00,23850,PE,116.07,119.02,115.67,116.43,332,42043,0.1385
2025-08-25 11:05:00,23900,CE,275.56,275.7,272.97,273.53,190,49943,0.1424
2025-08-25 11:05:00,23900,PE,116.89,120.12,116.2,116.91,402,46201,0.141
2025-08-25 11:05:00,23950,CE,239.12,243.18,238.07,238.37,605,52270,0.1448
2025-08-25 11:05:00,23950,PE,121.53,123.63,121.55,123.44,669,49824,0.1427
2025-08-25 11:05:00,24000,CE,182.95,186.98,178.39,181.05,391,57177,0.1443
2025-08-25 11:05:00,24000,PE,124.87,125.91,122.84,123.22,791,56570,0.1441
2025-08-25 11:05:00,24050,CE,137.76,138.3,137.46,137.53,431,65706,0.1489
2025-08-25 11:05:00,24050,PE,119.2,120.68,118.52,118.98,295,55878,0.1434
2025-08-25 11:05:00,24100,CE,123.5,124.68,122.29,123.51,352,65017,0.1457
2025-08-25 11:05:00,24100,PE,160.67,161.33,158.08,159.92,903,72099,0.1413
2025-08-25 11:05:00,24150,CE,119.74,119.7,118.4,119.39,856,72666,0.145
2025-08-25 11:05:00,24150,PE,212.03,210.88,207.45,208.55,1308,77621,0.1444
2025-08-25 11:05:00,24200,CE,123.76,124.73,123.78,124.02,557,81461,0.1433
2025-08-25 11:05:00,24200,PE,246.04,246.4,241.31,245.48,237,80631,0.1394
2025-08-25 11:05:00,24250,CE,106.04,105.59,104.84,104.86,222,74188,0.1426
2025-08-25 11:05:00,24250,PE,299.71,309.04,300.67,302.09,884,71936,0.142
2025-08-25 11:05:00,24300,CE,118.34,119.74,118.3,118.91,146,69000,0.1425
2025-08-25 11:05:00,24300,PE,354.7,354.97,353.66,354.34,121,64927,0.1442
2025-08-25 11:05:00,24350,CE,112.9,113.31,111.95,112.37,838,59639,0.1408
2025-08-25 11:05:00,24350,PE,431.01,424.51,418.43,422.97,216,63231,0.1417
2025-08-25 11:05:00,24400,CE,116.34,118.71,115.03,118.56,494,50651,0.1451
2025-08-25 11:05:00,24400,PE,455.57,464.38,457.59,457.73,796,51216,0.1428
2025-08-25 11:05:00,24450,CE,121.7,123.51,120.71,121.47,691,45916,0.1409
2025-08-25 11:05:00,24450,PE,510.26,519.36,507.51,510.43,469,51570,0.1455
2025-08-25 11:05:00,24500,CE,124.57,124.23,123.79,123.88,211,46769,0.1448
2025-08-25 11:05:00,24500,PE,565.0,565.9,562.58,563.79,393,46697,0.1449
2025-08-25 11:05:00,24550,CE,113.61,116.43,113.13,114.03,82,43825,0.1433
2025-08-25 11:05:00,24550,PE,612.68,611.87,609.87,610.26,559,43615,0.1441
2025-08-25 11:05:00,24600,CE,111.46,116.64,113.85,114.19,597,42150,0.1419
2025-08-25 11:05:00,24600,PE,662.66,666.24,662.76,664.95,227,42315,0.1431
2025-08-25 11:05:00,24650,CE,116.39,118.57,117.21,117.51,312,37787,0.1427
2025-08-25 11:05:00,24650,PE,721.64,716.73,706.16,710.29,152,35265,0.1433
2025-08-25 11:05:00,24700,CE,123.45,123.05,121.23,122.81,133,34422,0.1436
2025-08-25 11:05:00,24700,PE,769.87,766.57,759.58,762.29,28,32442,0.1416
2025-08-25 11:05:00,24750,CE,117.95,118.5,116.14,117.84,317,37113,0.1401
2025-08-25 11:05:00,24750,PE,791.03,818.03,792.31,806.91,396,33441,0.1418
2025-08-25 11:05:00,24800,CE,116.46,117.72,115.56,117.02,368,27730,0.1383
2025-08-25 11:05:00,24800,PE,856.49,868.98,859.73,860.08,422,29526,0.1439
2025-08-25 11:05:00,24850,CE,116.36,116.44,114.45,115.48,95,29764,0.1397
2025-08-25 11:05:00,24850,PE,901.94,914.12,905.38,909.73,385,33879,0.1421
2025-08-25 11:05:00,24900,CE,119.15,119.16,116.53,116.9,272,23839,0.1427
2025-08-25 11:05:00,24900,PE,956.58,960.75,946.39,959.81,178,27035,0.1462
2025-08-25 11:10:00,23500,CE,663.09,667.39,660.0,660.45,369,27604,0.1441
2025-08-25 11:10:00,23500,PE,123.31,125.06,123.13,124.91,181,28424,0.1431
2025-08-25 11:10:00,23550,CE,606.45,615.29,600.29,602.61,311,31392,0.1426
2025-08-25 11:10:00,23550,PE,118.6,121.72,119.08,119.49,357,30750,0.1424
2025-08-25 11:10:00,23600,CE,555.47,560.37,555.8,556.73,457,31810,0.1433
2025-08-25 11:10:00,23600,PE,118.14,119.76,115.27,117.32,262,32729,0.1435
2025-08-25 11:10:00,23650,CE,509.52,517.64,503.48,511.37,715,36671,0.1453
2025-08-25 11:10:00,23650,PE,122.32,123.09,120.16,120.89,269,35712,0.1418
2025-08-25 11:10:00,23700,CE,455.35,461.38,458.18,459.21,175,38241,0.1425
2025-08-25 11:10:00,23700,PE,114.51,113.84,111.16,112.47,484,35302,0.1453
2025-08-25 11:10:00,23750,CE,413.53,422.1,413.6,415.12,828,34099,0.1422
2025-08-25 11:10:00,23750,PE,119.62,120.74,117.68,120.01,619,37206,0.146
2025-08-25 11:10:00,23800,CE,358.32,359.79,356.69,358.33,315,41724,0.142
2025-08-25 11:10:00,23800,PE,110.16,110.14,109.28,109.5,660,39133,0.1416
2025-08-25 11:10:00,23850,CE,305.87,313.08,310.11,310.16,122,44966,0.1427
2025-08-25 11:10:00,23850,PE,105.25,106.35,103.53,104.73,317,41448,0.1419
2025-08-25 11:10:00,23900,CE,263.09,268.84,262.36,264.31,67,49882,0.1438
2025-08-25 11:10:00,23900,PE,121.04,123.15,117.51,120.63,137,46487,0.1467
2025-08-25 11:10:00,23950,CE,210.97,213.6,209.9,210.02,97,51952,0.1467
2025-08-25 11:10:00,23950,PE,119.6,120.78,117.05,118.5,1339,50074,0.1441
2025-08-25 11:10:00,24000,CE,163.04,164.58,163.0,163.51,887,56595,0.1434
2025-08-25 11:10:00,24000,PE,113.87,114.57,114.09,114.1,93,57059,0.1397
2025-08-25 11:10:00,24050,CE,117.98,119.23,117.63,117.95,1394,66246,0.1458
2025-08-25 11:10:00,24050,PE,128.14,128.8,127.51,127.93,1409,55280,0.1445
2025-08-25 11:10:00,24100,CE,114.71,115.63,114.57,114.6,1197,64966,0.1393
2025-08-25 11:10:00,24100,PE,183.22,183.26,177.11,179.47,1032,71995,0.1439
2025-08-25 11:10:00,24150,CE,120.02,121.26,118.25,119.88,935,73076,0.146
2025-08-25 11:10:00,24150,PE,227.53,226.54,224.26,225.04,1256,77669,0.1448
2025-08-25 11:10:00,24200,CE,122.04,123.53,120.27,120.56,331,81594,0.1446
2025-08-25 11:10:00,24200,PE,279.62,293.69,277.31,282.76,580,80274,0.1441
2025-08-25 11:10:00,24250,CE,123.63,124.95,123.48,124.74,747,73680,0.1453
2025-08-25 11:10:00,24250,PE,341.08,345.6,333.4,338.19,423,72166,0.1468
2025-08-25 11:10:00,24300,CE,130.26,130.09,128.61,129.65,857,69144,0.1429
2025-08-25 11:10:00,24300,PE,381.05,382.39,379.68,380.29,910,65325,0.1395
2025-08-25 11:10:00,24350,CE,126.0,125.9,124.86,125.44,211,60052,0.1422
2025-08-25 11:10:00,24350,PE,420.97,437.07,420.26,424.49,295,63388,0.1429
2025-08-25 11:10:00,24400,CE,120.15,120.61,118.51,118.65,167,50697,0.1469
2025-08-25 11:10:00,24400,PE,484.67,488.32,477.8,481.09,536,51712,0.1436
2025-08-25 11:10:00,24450,CE,123.85,124.39,122.38,123.73,686,46277,0.1431
2025-08-25 11:10:00,24450,PE,530.83,545.44,529.62,531.23,411,52028,0.145
2025-08-25 11:10:00,24500,CE,117.22,116.07,113.15,115.29,81,47364,0.1414
2025-08-25 11:10:00,24500,PE,591.79,585.83,582.33,584.61,146,46581,0.1425
2025-08-25 11:10:00,24550,CE,113.17,113.83,112.32,113.14,576,44085,0.1423
2025-08-25 11:10:00,24550,PE,636.22,637.56,630.12,631.87,540,43840,0.1434
2025-08-25 11:10:00,24600,CE,125.1,126.59,123.87,124.87,362,41758,0.1458
2025-08-25 11:10:00,24600,PE,692.94,709.52,684.34,689.88,594,42478,0.1436
2025-08-25 11:10:00,24650,CE,111.9,113.24,111.03,112.94,379,37700,0.1442
2025-08-25 11:10:00,24650,PE,729.21,742.32,720.94,726.44,536,35205,0.1441
2025-08-25 11:10:00,24700,CE,116.13,116.81,115.36,116.27,108,34038,0.1412
2025-08-25 11:10:00,24700,PE,769.23,782.35,773.23,778.16,375,32735,0.1388
2025-08-25 11:10:00,24750,CE,128.61,128.52,126.44,128.02,110,37350,0.1435
2025-08-25 11:10:00,24750,PE,834.54,855.68,835.81,836.9,504,33479,0.1423
2025-08-25 11:10:00,24800,CE,113.69,114.29,111.45,113.11,467,27318,0.1432
2025-08-25 11:10:00,24800,PE,890.48,887.37,872.57,879.31,198,29594,0.1416
2025-08-25 11:10:00,24850,CE,115.32,115.62,114.58,115.38,169,29284,0.146
2025-08-25 11:10:00,24850,PE,935.22,937.92,927.54,931.3,214,33686,0.1425
2025-08-25 11:10:00,24900,CE,116.17,117.04,115.16,115.93,95,23685,0.142
2025-08-25 11:10:00,24900,PE,960.07,970.31,968.17,968.2,187,27495,0.1395
2025-08-25 11:15:00,23500,CE,715.29,715.94,705.19,709.9,287,27502,0.1469
2025-08-25 11:15:00,23500,PE,116.42,118.41,116.85,117.13,229,28542,0.1468
2025-08-25 11:15:00,23550,CE,652.99,656.88,648.85,654.75,175,31841,0.1439
2025-08-25 11:15:00,23550,PE,126.24,126.31,125.09,126.22,261,30660,0.1435
2025-08-25 11:15:00,23600,CE,615.57,617.54,600.65,611.1,51,32270,0.1392
2025-08-25 11:15:00,23600,PE,117.76,118.43,117.38,117.77,311,32292,0.1436
2025-08-25 11:15:00,23650,CE,567.5,573.26,562.0,562.52,128,36508,0.1425
2025-08-25 11:15:00,23650,PE,118.2,118.57,116.95,118.44,544,35225,0.1407
2025-08-25 11:15:00,23700,CE,500.08,500.31,496.98,499.01,100,38314,0.145
2025-08-25 11:15:00,23700,PE,123.44,125.36,122.48,123.8,378,35850,0.1451
2025-08-25 11:15:00,23750,CE,454.37,465.6,458.41,459.58,610,34287,0.1384
2025-08-25 11:15:00,23750,PE,119.12,121.12,118.61,120.42,279,37357,0.1418
2025-08-25 11:15:00,23800,CE,405.68,412.43,408.41,410.67,519,41457,0.1455
2025-08-25 11:15:00,23800,PE,125.07,125.56,122.19,124.3,334,39650,0.1427
2025-08-25 11:15:00,23850,CE,361.21,363.32,355.86,361.54,525,44931,0.1434
2025-08-25 11:15:00,23850,PE,119.48,119.14,117.82,119.06,770,41168,0.1437
2025-08-25 11:15:00,23900,CE,310.65,321.05,309.8,310.71,247,50467,0.1444
2025-08-25 11:15:00,23900,PE,117.35,118.49,117.15,118.16,858,46394,0.1428
2025-08-25 11:15:00,23950,CE,262.67,272.97,266.67,267.34,1128,51797,0.1427
2025-08-25 11:15:00,23950,PE,118.2,121.65,118.62,118.84,811,49515,0.1426
2025-08-25 11:15:00,24000,CE,217.16,216.01,214.1,214.5,950,56208,0.1453
2025-08-25 11:15:00,24000,PE,113.23,113.89,112.03,112.22,343,57430,0.1429
2025-08-25 11:15:00,24050,CE,155.03,154.41,153.93,154.39,341,66225,0.1421
2025-08-25 11:15:00,24050,PE,118.48,117.81,116.94,117.41,1442,55825,0.1397
2025-08-25 11:15:00,24100,CE,114.9,116.04,113.38,115.34,791,64466,0.1439
2025-08-25 11:15:00,24100,PE,131.05,134.65,129.19,129.53,521,72134,0.1422
2025-08-25 11:15:00,24150,CE,114.5,116.48,113.76,114.49,517,73339,0.1457
2025-08-25 11:15:00,24150,PE,181.18,184.95,182.68,183.42,1475,77814,0.1476
2025-08-25 11:15:00,24200,CE,116.85,121.08,116.95,117.33,816,81629,0.1451
2025-08-25 11:15:00,24200,PE,222.25,223.39,221.02,222.38,258,80367,0.144
2025-08-25 11:15:00,24250,CE,126.02,127.8,124.86,125.72,1069,73907,0.1451
2025-08-25 11:15:00,24250,PE,285.47,284.75,279.74,283.54,866,72601,0.1436
2025-08-25 11:15:00,24300,CE,122.5,124.12,119.99,122.38,408,68947,0.1456
2025-08-25 11:15:00,24300,PE,332.49,338.24,326.28,331.07,997,65276,0.1416
2025-08-25 11:15:00,24350,CE,121.74,120.49,120.12,120.26,688,60215,0.1455
2025-08-25 11:15:00,24350,PE,369.35,384.41,371.87,373.96,128,63165,0.1407
2025-08-25 11:15:00,24400,CE,124.14,123.7,123.1,123.64,287,50311,0.1428
2025-08-25 11:15:00,24400,PE,426.82,441.37,428.19,429.79,667,52271,0.1478
2025-08-25 11:15:00,24450,CE,119.2,122.07,119.33,119.65,759,45910,0.1462
2025-08-25 11:15:00,24450,PE,481.96,485.3,478.18,481.95,360,51707,0.1465
2025-08-25 11:15:00,24500,CE,106.64,109.35,107.52,107.74,56,47506,0.1435
2025-08-25 11:15:00,24500,PE,530.32,533.82,524.69,530.26,627,46073,0.1416
2025-08-25 11:15:00,24550,CE,125.61,124.06,122.8,123.99,439,43525,0.1414
2025-08-25 11:15:00,24550,PE,584.63,583.86,576.52,581.63,574,43316,0.1429
2025-08-25 11:15:00,24600,CE,116.22,117.31,116.11,116.23,283,41305,0.1421
2025-08-25 11:15:00,24600,PE,621.69,637.15,622.02,624.89,268,42393,0.1419
2025-08-25 11:15:00,24650,CE,118.73,118.6,118.26,118.3,327,38095,0.1429
2025-08-25 11:15:00,24650,PE,669.77,675.32,669.84,675.07,595,35015,0.141
2025-08-25 11:15:00,24700,CE,117.68,119.93,117.26,118.26,521,33951,0.1415
2025-08-25 11:15:00,24700,PE,724.85,744.0,721.03,730.0,74,32855,0.1427
2025-08-25 11:15:00,24750,CE,122.34,126.0,122.94,123.11,388,37112,0.1453
2025-08-25 11:15:00,24750,PE,783.92,800.15,771.62,780.49,318,33398,0.1459
2025-08-25 11:15:00,24800,CE,118.98,121.41,117.51,119.21,80,27181,0.1435
2025-08-25 11:15:00,24800,PE,824.52,831.26,816.31,829.21,221,29404,0.1455
2025-08-25 11:15:00,24850,CE,123.99,124.84,123.33,123.99,442,29150,0.1452
2025-08-25 11:15:00,24850,PE,866.85,877.42,871.12,872.23,305,33099,0.1417
2025-08-25 11:15:00,24900,CE,117.73,119.01,116.97,118.73,149,24148,0.1426
2025-08-25 11:15:00,24900,PE,922.56,928.53,905.6,916.32,411,28067,0.1422
2025-08-25 11:20:00,23500,CE,711.01,720.37,708.44,717.51,40,27936,0.144
2025-08-25 11:20:00,23500,PE,126.84,129.11,126.19,127.35,158,27948,0.1485
2025-08-25 11:20:00,23550,CE,670.99,695.46,663.17,671.03,64,32142,0.1433
2025-08-25 11:20:00,23550,PE,123.73,124.79,123.55,123.72,359,30747,0.1438
2025-08-25 11:20:00,23600,CE,629.75,628.33,611.4,624.42,565,31783,0.1417
2025-08-25 11:20:00,23600,PE,120.57,123.1,119.25,120.85,62,32811,0.1403
2025-08-25 11:20:00,23650,CE,576.59,583.15,575.36,579.6,418,36839,0.1439
2025-08-25 11:20:00,23650,PE,119.18,118.64,117.52,117.63,363,34799,0.1415
2025-08-25 11:20:00,23700,CE,524.26,523.33,519.69,522.28,389,38870,0.1444
2025-08-25 11:20:00,23700,PE,119.23,121.65,118.79,119.28,96,35401,0.1425
2025-08-25 11:20:00,23750,CE,476.45,481.11,475.4,478.67,282,34232,0.1428
2025-08-25 11:20:00,23750,PE,123.57,124.45,121.58,122.75,502,36947,0.1406
2025-08-25 11:20:00,23800,CE,427.45,423.43,415.89,423.18,803,41037,0.146
2025-08-25 11:20:00,23800,PE,115.22,115.07,114.46,114.73,183,40211,0.1418
2025-08-25 11:20:00,23850,CE,367.98,376.76,365.3,367.82,363,45017,0.1407
2025-08-25 11:20:00,23850,PE,115.44,116.79,116.12,116.55,417,40879,0.1428
2025-08-25 11:20:00,23900,CE,318.42,327.29,311.62,316.7,534,50798,0.1417
2025-08-25 11:20:00,23900,PE,120.9,120.42,118.09,118.62,28,46844,0.1415
2025-08-25 11:20:00,23950,CE,263.8,269.97,261.15,264.69,229,52298,0.145
2025-08-25 11:20:00,23950,PE,122.8,127.66,125.42,125.45,1115,50034,0.143
2025-08-25 11:20:00,24000,CE,213.51,220.6,213.16,214.63,859,56694,0.141
2025-08-25 11:20:00,24000,PE,113.56,114.28,111.59,112.56,1129,57596,0.1435
2025-08-25 11:20:00,24050,CE,173.36,176.44,174.04,175.64,1346,66035,0.1452
2025-08-25 11:20:00,24050,PE,119.37,120.79,119.31,120.2,1262,56335,0.1435
2025-08-25 11:20:00,24100,CE,125.24,125.74,123.55,124.61,1138,64012,0.1401
2025-08-25 11:20:00,24100,PE,114.09,116.79,113.91,115.1,402,71736,0.142
2025-08-25 11:20:00,24150,CE,114.92,116.35,113.54,115.47,834,73259,0.1392
2025-08-25 11:20:00,24150,PE,161.15,163.55,159.71,161.83,1281,77554,0.1443
2025-08-25 11:20:00,24200,CE,116.8,117.8,116.35,117.39,239,81767,0.1426
2025-08-25 11:20:00,24200,PE,215.19,222.1,216.98,217.64,204,80853,0.1451
2025-08-25 11:20:00,24250,CE,119.2,120.39,119.39,119.95,113,73896,0.1444
2025-08-25 11:20:00,24250,PE,262.43,264.45,261.36,262.13,1119,72665,0.1426
2025-08-25 11:20:00,24300,CE,122.35,122.09,120.02,121.34,855,68854,0.1433
2025-08-25 11:20:00,24300,PE,310.77,314.33,309.11,313.59,800,65525,0.1467
2025-08-25 11:20:00,24350,CE,119.67,120.85,118.51,119.35,497,59735,0.1444
2025-08-25 11:20:00,24350,PE,361.99,366.21,364.12,365.92,926,62623,0.1381
2025-08-25 11:20:00,24400,CE,117.6,117.34,117.05,117.11,319,50480,0.1438
2025-08-25 11:20:00,24400,PE,426.12,432.22,420.28,422.46,673,52312,0.1434
2025-08-25 11:20:00,24450,CE,128.62,128.6,126.75,127.76,329,45798,0.147
2025-08-25 11:20:00,24450,PE,464.89,472.57,466.13,466.71,781,51507,0.1417
2025-08-25 11:20:00,24500,CE,116.55,117.0,115.83,116.89,635,46968,0.1438
2025-08-25 11:20:00,24500,PE,511.34,508.11,501.29,507.71,493,46289,0.1451
2025-08-25 11:20:00,24550,CE,123.51,123.48,121.5,122.31,470,43430,0.143
2025-08-25 11:20:00,24550,PE,573.51,577.47,564.0,569.95,480,43250,0.1433
2025-08-25 11:20:00,24600,CE,123.7,124.52,119.85,123.1,387,41777,0.1477
2025-08-25 11:20:00,24600,PE,620.63,629.63,622.88,623.35,437,42678,0.1418
2025-08-25 11:20:00,24650,CE,127.99,128.29,125.62,126.96,588,37758,0.1453
2025-08-25 11:20:00,24650,PE,671.04,674.05,662.87,669.12,360,35203,0.1433
2025-08-25 11:20:00,24700,CE,111.54,114.26,111.42,113.11,400,33509,0.1424
2025-08-25 11:20:00,24700,PE,729.9,730.94,711.11,718.88,437,32487,0.1415
2025-08-25 11:20:00,24750,CE,117.02,117.82,116.85,117.06,226,37368,0.1408
2025-08-25 11:20:00,24750,PE,769.0,763.49,752.07,760.3,148,32949,0.1411
2025-08-25 11:20:00,24800,CE,115.6,118.11,116.01,116.5,349,26917,0.1391
2025-08-25 11:20:00,24800,PE,829.36,829.1,815.88,819.48,425,29881,0.1438
2025-08-25 11:20:00,24850,CE,118.08,119.15,116.56,118.3,176,29435,0.1427
2025-08-25 11:20:00,24850,PE,856.87,862.82,849.41,862.39,115,33614,0.1433
2025-08-25 11:20:00,24900,CE,117.52,116.87,116.19,116.75,120,24606,0.1442
2025-08-25 11:20:00,24900,PE,926.31,920.82,915.15,918.71,367,27842,0.1433
2025-08-25 11:25:00,23500,CE,766.06,763.03,759.35,760.57,447,28094,0.1398
2025-08-25 11:25:00,23500,PE,118.7,119.87,118.28,118.58,365,27802,0.1438
2025-08-25 11:25:00,23550,CE,730.32,747.77,710.12,722.83,141,32378,0.1466
2025-08-25 11:25:00,23550,PE,118.03,118.64,118.37,118.46,38,30565,0.1464
2025-08-25 11:25:00,23600,CE,682.6,680.58,676.95,680.56,94,31184,0.1427
2025-08-25 11:25:00,23600,PE,112.66,115.51,114.03,114.08,14,32323,0.1436
2025-08-25 11:25:00,23650,CE,616.6,626.48,609.68,617.17,607,37164,0.1437
2025-08-25 11:25:00,23650,PE,114.65,114.52,113.73,114.19,639,34299,0.142
2025-08-25 11:25:00,23700,CE,564.05,565.3,561.08,563.2,688,38989,0.1415
2025-08-25 11:25:00,23700,PE,115.31,118.77,116.15,116.37,550,35830,0.1432
2025-08-25 11:25:00,23750,CE,512.72,526.34,516.8,517.67,203,34521,0.1394
2025-08-25 11:25:00,23750,PE,120.87,122.21,120.85,120.95,484,36843,0.1436
2025-08-25 11:25:00,23800,CE,461.71,462.56,462.16,462.33,400,40687,0.1411
2025-08-25 11:25:00,23800,PE,113.39,113.47,110.7,111.29,158,40718,0.1411
2025-08-25 11:25:00,23850,CE,412.94,424.06,413.59,419.13,641,45096,0.144
2025-08-25 11:25:00,23850,PE,120.78,123.03,120.6,120.74,609,40765,0.1445
2025-08-25 11:25:00,23900,CE,354.08,354.96,349.64,353.26,250,51328,0.1393
2025-08-25 11:25:00,23900,PE,119.41,120.65,119.62,120.34,944,46502,0.1429
2025-08-25 11:25:00,23950,CE,310.3,315.32,307.8,310.86,849,52228,0.1437
2025-08-25 11:25:00,23950,PE,114.63,114.97,111.48,113.77,751,49564,0.1444
2025-08-25 11:25:00,24000,CE,273.06,274.82,267.34,268.86,575,56243,0.1438
2025-08-25 11:25:00,24000,PE,125.47,127.59,126.69,126.83,963,57474,0.1421
2025-08-25 11:25:00,24050,CE,217.05,217.29,214.98,216.66,368,66274,0.144
2025-08-25 11:25:00,24050,PE,124.17,123.6,122.64,123.18,1276,56141,0.1418
2025-08-25 11:25:00,24100,CE,169.85,169.31,166.15,169.05,1114,64239,0.1422
2025-08-25 11:25:00,24100,PE,121.64,121.94,121.36,121.6,769,72102,0.143
2025-08-25 11:25:00,24150,CE,126.82,129.29,124.66,126.38,252,73712,0.1488
2025-08-25 11:25:00,24150,PE,126.02,127.48,126.52,126.95,734,77007,0.1419
2025-08-25 11:25:00,24200,CE,122.38,122.25,119.77,120.78,1491,82095,0.1442
2025-08-25 11:25:00,24200,PE,172.28,173.1,171.86,171.88,1234,80429,0.1441
2025-08-25 11:25:00,24250,CE,117.48,119.22,116.1,116.13,988,74133,0.1403
2025-08-25 11:25:00,24250,PE,219.18,220.6,217.75,219.98,1184,72510,0.1404
2025-08-25 11:25:00,24300,CE,111.89,112.43,111.8,112.19,1075,69103,0.1403
2025-08-25 11:25:00,24300,PE,276.17,285.63,278.21,278.51,308,65181,0.1456
2025-08-25 11:25:00,24350,CE,127.04,129.77,127.12,128.1,938,59908,0.1425
2025-08-25 11:25:00,24350,PE,323.45,323.58,317.53,319.77,137,62173,0.1422
2025-08-25 11:25:00,24400,CE,121.1,122.83,120.36,120.5,780,50083,0.1447
2025-08-25 11:25:00,24400,PE,381.85,379.83,376.82,378.86,217,52449,0.1427
2025-08-25 11:25:00,24450,CE,124.85,128.36,126.57,127.49,744,45602,0.1446
2025-08-25 11:25:00,24450,PE,415.76,424.3,412.52,417.11,576,51751,0.1394
2025-08-25 11:25:00,24500,CE,114.18,115.42,113.3,113.59,480,47190,0.1445
2025-08-25 11:25:00,24500,PE,479.79,483.2,473.27,475.78,189,46434,0.1439
2025-08-25 11:25:00,24550,CE,113.29,115.01,113.37,114.45,14,43706,0.1438
2025-08-25 11:25:00,24550,PE,518.22,529.33,517.0,521.18,583,43602,0.1416
2025-08-25 11:25:00,24600,CE,120.54,123.73,120.18,120.83,31,42270,0.1427
2025-08-25 11:25:00,24600,PE,570.55,572.31,564.34,565.1,303,42174,0.1408
2025-08-25 11:25:00,24650,CE,115.18,116.05,114.16,115.88,346,37843,0.1425
2025-08-25 11:25:00,24650,PE,628.48,623.27,618.08,621.65,263,35501,0.1437
2025-08-25 11:25:00,24700,CE,123.81,124.65,122.55,124.0,331,33169,0.1426
2025-08-25 11:25:00,24700,PE,673.38,678.66,673.97,675.9,376,32203,0.1474
2025-08-25 11:25:00,24750,CE,106.15,106.74,105.35,105.68,75,37088,0.1399
2025-08-25 11:25:00,24750,PE,724.49,733.58,711.33,722.48,514,33035,0.1419
2025-08-25 11:25:00,24800,CE,125.17,126.44,123.01,124.49,176,26756,0.144
2025-08-25 11:25:00,24800,PE,775.3,776.11,771.28,772.88,462,30080,0.1415
2025-08-25 11:25:00,24850,CE,124.82,124.47,124.35,124.46,395,29567,0.1452
2025-08-25 11:25:00,24850,PE,834.47,834.83,831.89,833.42,505,33802,0.145
2025-08-25 11:25:00,24900,CE,122.9,123.7,122.87,122.88,198,24308,0.1447
2025-08-25 11:25:00,24900,PE,876.15,881.94,867.14,868.29,29,28162,0.1413
2025-08-25 11:30:00,23500,CE,760.77,780.54,762.47,762.85,507,28290,0.1455
2025-08-25 11:30:00,23500,PE,115.79,118.31,115.42,116.95,269,27358,0.1395
2025-08-25 11:30:00,23550,CE,716.51,725.06,703.71,714.39,373,32018,0.146
2025-08-25 11:30:00,23550,PE,107.49,111.27,107.63,108.48,361,30326,0.1416
2025-08-25 11:30:00,23600,CE,665.96,675.32,663.05,663.64,529,31707,0.1397
2025-08-25 11:30:00,23600,PE,115.9,116.54,113.26,113.73,150,32114,0.1423
2025-08-25 11:30:00,23650,CE,600.74,610.65,591.3,604.56,599,36587,0.141
2025-08-25 11:30:00,23650,PE,115.75,116.42,115.21,115.64,340,33868,0.1438
2025-08-25 11:30:00,23700,CE,564.34,558.54,556.91,557.97,307,38427,0.1418
2025-08-25 11:30:00,23700,PE,118.0,119.49,117.94,118.62,107,35713,0.1448
2025-08-25 11:30:00,23750,CE,515.12,512.87,506.29,510.93,56,34877,0.1444
2025-08-25 11:30:00,23750,PE,113.11,115.05,110.65,112.45,436,36783,0.1415
2025-08-25 11:30:00,23800,CE,458.81,465.11,458.36,459.26,388,41093,0.1427
2025-08-25 11:30:00,23800,PE,113.95,114.95,113.08,113.54,683,40175,0.1431
2025-08-25 11:30:00,23850,CE,399.45,406.75,398.23,401.02,605,45059,0.1396
2025-08-25 11:30:00,23850,PE,119.44,120.93,120.02,120.42,689,41109,0.1411
2025-08-25 11:30:00,23900,CE,366.53,373.26,364.72,367.34,685,51537,0.1431
2025-08-25 11:30:00,23900,PE,121.07,121.41,119.35,120.86,216,46925,0.1448
2025-08-25 11:30:00,23950,CE,314.54,319.38,315.94,316.0,751,51956,0.142
2025-08-25 11:30:00,23950,PE,117.56,116.72,116.37,116.63,260,49565,0.1408
2025-08-25 11:30:00,24000,CE,260.07,265.56,255.8,261.44,420,56455,0.1416
2025-08-25 11:30:00,24000,PE,116.26,115.61,114.35,115.27,495,57076,0.1399
2025-08-25 11:30:00,24050,CE,214.7,219.12,215.54,216.02,547,66652,0.1443
2025-08-25 11:30:00,24050,PE,116.94,117.35,114.52,115.77,1126,55914,0.1433
2025-08-25 11:30:00,24100,CE,165.13,165.26,163.5,164.04,1249,63750,0.1408
2025-08-25 11:30:00,24100,PE,121.57,123.06,120.41,120.63,1538,72420,0.1402
2025-08-25 11:30:00,24150,CE,124.96,126.02,124.42,125.1,99,73958,0.1457
2025-08-25 11:30:00,24150,PE,130.84,131.33,130.67,131.22,878,77467,0.1431
2025-08-25 11:30:00,24200,CE,120.61,123.52,120.08,121.12,375,82565,0.1453
2025-08-25 11:30:00,24200,PE,174.95,176.02,173.88,175.71,1298,80163,0.1421
2025-08-25 11:30:00,24250,CE,121.08,121.81,120.19,120.7,572,74302,0.1432
2025-08-25 11:30:00,24250,PE,222.67,225.06,223.96,224.34,327,73108,0.142
2025-08-25 11:30:00,24300,CE,117.95,120.84,117.99,119.0,233,68795,0.1421
2025-08-25 11:30:00,24300,PE,274.26,279.29,276.2,276.25,583,65148,0.1445
2025-08-25 11:30:00,24350,CE,119.62,119.01,118.17,118.72,67,60400,0.1473
2025-08-25 11:30:00,24350,PE,327.11,334.25,326.35,327.26,260,61696,0.1408
2025-08-25 11:30:00,24400,CE,119.94,121.53,121.31,121.35,491,50596,0.1444
2025-08-25 11:30:00,24400,PE,380.82,383.73,380.36,382.71,17,52434,0.1413
2025-08-25 11:30:00,24450,CE,120.15,121.14,118.83,118.92,778,46073,0.1446
2025-08-25 11:30:00,24450,PE,434.63,427.66,416.83,426.79,157,51896,0.1387
2025-08-25 11:30:00,24500,CE,121.7,122.88,122.05,122.26,659,47395,0.1393
2025-08-25 11:30:00,24500,PE,484.45,496.59,478.96,481.84,521,46761,0.1414
2025-08-25 11:30:00,24550,CE,114.35,116.1,114.06,114.3,336,43186,0.1387
2025-08-25 11:30:00,24550,PE,523.22,520.11,513.73,517.22,470,43755,0.1447
2025-08-25 11:30:00,24600,CE,114.8,114.98,113.58,114.16,580,42778,0.1419
2025-08-25 11:30:00,24600,PE,574.47,580.88,568.58,572.07,236,42721,0.1427
2025-08-25 11:30:00,24650,CE,127.34,128.31,124.74,127.0,16,38404,0.1436
2025-08-25 11:30:00,24650,PE,625.07,635.33,619.88,625.63,96,35675,0.1417
2025-08-25 11:30:00,24700,CE,116.07,119.89,116.59,116.63,411,33328,0.1443
2025-08-25 11:30:00,24700,PE,675.43,684.73,661.7,672.13,592,32265,0.1401
2025-08-25 11:30:00,24750,CE,111.59,115.69,111.76,111.95,82,37217,0.1428
2025-08-25 11:30:00,24750,PE,738.52,740.33,718.11,727.68,170,33169,0.1416
2025-08-25 11:30:00,24800,CE,118.62,119.25,117.99,118.32,208,26206,0.144
2025-08-25 11:30:00,24800,PE,787.0,793.34,776.67,780.55,343,29586,0.1447
2025-08-25 11:30:00,24850,CE,113.42,115.04,110.92,113.15,171,29710,0.1426
2025-08-25 11:30:00,24850,PE,828.51,831.74,827.71,827.95,447,33579,0.1415
2025-08-25 11:30:00,24900,CE,114.5,114.09,113.78,113.98,149,24069,0.1411
2025-08-25 11:30:00,24900,PE,872.6,881.55,873.55,879.94,280,27794,0.1431
2025-08-25 11:35:00,23500,CE,759.44,768.1,753.07,761.84,290,28651,0.1454
2025-08-25 11:35:00,23500,PE,116.59,117.55,115.96,116.72,51,27915,0.1391
2025-08-25 11:35:00,23550,CE,699.03,704.69,696.96,700.5,309,32171,0.1393
2025-08-25 11:35:00,23550,PE,118.72,120.14,118.73,118.77,357,30860,0.1428
2025-08-25 11:35:00,23600,CE,661.01,661.3,651.95,659.76,408,32167,0.1423
2025-08-25 11:35:00,23600,PE,115.15,118.12,116.36,116.44,181,31775,0.1417
2025-08-25 11:35:00,23650,CE,605.99,619.21,609.64,610.1,421,36171,0.1442
2025-08-25 11:35:00,23650,PE,120.56,123.15,120.66,121.04,81,33521,0.145
2025-08-25 11:35:00,23700,CE,561.12,563.49,552.64,559.9,196,37942,0.1423
2025-08-25 11:35:00,23700,PE,128.31,129.16,127.49,128.24,508,35812,0.1415
2025-08-25 11:35:00,23750,CE,509.56,512.46,507.25,509.87,158,34616,0.1401
2025-08-25 11:35:00,23750,PE,121.91,121.15,120.15,120.72,693,37278,0.1445
2025-08-25 11:35:00,23800,CE,472.69,482.0,467.82,470.16,110,41229,0.1416
2025-08-25 11:35:00,23800,PE,128.7,132.11,129.04,129.22,268,40006,0.1469
2025-08-25 11:35:00,23850,CE,413.06,424.76,415.67,418.33,530,45640,0.1449
2025-08-25 11:35:00,23850,PE,117.82,118.28,115.66,117.57,516,41652,0.143
2025-08-25 11:35:00,23900,CE,366.18,367.34,365.08,365.67,790,51871,0.1426
2025-08-25 11:35:00,23900,PE,114.72,116.87,114.83,115.67,761,47275,0.1408
2025-08-25 11:35:00,23950,CE,310.11,310.57,302.81,307.44,283,52528,0.1413
2025-08-25 11:35:00,23950,PE,117.62,118.01,116.23,117.91,975,49685,0.1441
2025-08-25 11:35:00,24000,CE,263.88,265.17,263.95,264.36,849,56911,0.141
2025-08-25 11:35:00,24000,PE,122.15,121.62,120.8,121.14,197,56553,0.1428
2025-08-25 11:35:00,24050,CE,212.5,213.17,208.23,210.38,1341,66716,0.1461
2025-08-25 11:35:00,24050,PE,119.65,120.34,117.86,117.97,979,55917,0.1432
2025-08-25 11:35:00,24100,CE,161.39,162.96,160.01,161.74,817,63195,0.1437
2025-08-25 11:35:00,24100,PE,121.61,123.85,121.07,123.05,468,71924,0.1447
2025-08-25 11:35:00,24150,CE,124.33,125.55,123.43,123.57,776,73384,0.1437
2025-08-25 11:35:00,24150,PE,132.39,134.19,132.23,133.63,1415,77219,0.143
2025-08-25 11:35:00,24200,CE,119.53,122.18,120.72,121.34,1113,82029,0.1428
2025-08-25 11:35:00,24200,PE,168.15,174.48,163.78,168.38,73,80070,0.1395
2025-08-25 11:35:00,24250,CE,119.61,118.77,117.59,118.64,1028,74677,0.1424
2025-08-25 11:35:00,24250,PE,230.36,233.0,229.74,231.64,718,73244,0.1397
2025-08-25 11:35:00,24300,CE,114.24,114.36,114.26,114.29,798,69003,0.1452
2025-08-25 11:35:00,24300,PE,280.19,281.11,276.79,279.61,857,64585,0.144
2025-08-25 11:35:00,24350,CE,111.09,112.77,112.28,112.68,452,60807,0.1419
2025-08-25 11:35:00,24350,PE,316.78,325.96,321.75,322.19,463,61271,0.1438
2025-08-25 11:35:00,24400,CE,125.84,127.63,125.48,125.69,627,50359,0.1458
2025-08-25 11:35:00,24400,PE,371.62,372.61,371.98,372.02,485,52454,0.1414
2025-08-25 11:35:00,24450,CE,121.85,121.25,120.25,120.72,599,46588,0.143
2025-08-25 11:35:00,24450,PE,435.96,442.62,432.41,434.69,597,52493,0.1438
2025-08-25 11:35:00,24500,CE,118.45,118.28,117.13,117.35,27,47734,0.1433
2025-08-25 11:35:00,24500,PE,476.11,476.78,470.38,474.04,336,47036,0.1407
2025-08-25 11:35:00,24550,CE,122.41,122.69,121.29,122.66,73,43219,0.1418
2025-08-25 11:35:00,24550,PE,528.24,530.05,527.05,528.42,33,43953,0.1474
2025-08-25 11:35:00,24600,CE,125.52,125.89,124.53,124.83,156,42351,0.1458
2025-08-25 11:35:00,24600,PE,576.51,592.54,568.94,577.05,63,42444,0.1422
2025-08-25 11:35:00,24650,CE,114.71,114.24,111.6,113.88,611,38985,0.1432
2025-08-25 11:35:00,24650,PE,630.57,627.42,617.96,623.74,60,36250,0.1412
2025-08-25 11:35:00,24700,CE,114.98,115.82,113.94,114.84,356,33115,0.1455
2025-08-25 11:35:00,24700,PE,681.67,677.71,672.01,675.77,564,31954,0.1446
2025-08-25 11:35:00,24750,CE,114.54,116.34,114.87,115.83,110,36892,0.1423
2025-08-25 11:35:00,24750,PE,718.81,730.09,720.43,723.81,90,33150,0.1436
2025-08-25 11:35:00,24800,CE,118.27,119.04,117.56,118.22,82,25874,0.1412
2025-08-25 11:35:00,24800,PE,765.06,777.56,767.68,772.6,204,29764,0.1414
2025-08-25 11:35:00,24850,CE,124.69,124.03,123.56,123.89,436,29199,0.1425
2025-08-25 11:35:00,24850,PE,823.23,842.12,825.4,825.43,323,33103,0.1416
2025-08-25 11:35:00,24900,CE,113.91,116.93,112.86,113.46,478,23801,0.1389
2025-08-25 11:35:00,24900,PE,867.45,887.73,868.27,870.53,415,28126,0.1408
2025-08-25 11:40:00,23500,CE,777.93,789.65,770.65,779.52,179,28438,0.1434
2025-08-25 11:40:00,23500,PE,120.28,123.09,119.18,120.53,176,27879,0.1455
2025-08-25 11:40:00,23550,CE,722.11,731.47,714.1,723.76,255,32358,0.1401
2025-08-25 11:40:00,23550,PE,121.06,123.1,121.99,122.45,267,31206,0.1432
2025-08-25 11:40:00,23600,CE,674.35,680.6,660.58,673.42,285,31935,0.1434
2025-08-25 11:40:00,23600,PE,116.17,116.85,114.36,115.6,202,32052,0.1421
2025-08-25 11:40:00,23650,CE,623.69,620.08,613.29,619.71,98,35914,0.1454
2025-08-25 11:40:00,23650,PE,116.17,116.86,114.95,115.96,206,33694,0.1451
2025-08-25 11:40:00,23700,CE,578.38,576.41,564.5,573.97,97,37883,0.1431
2025-08-25 11:40:00,23700,PE,112.1,114.17,110.08,111.71,464,36323,0.143
2025-08-25 11:40:00,23750,CE,526.09,534.5,518.94,529.57,327,35194,0.143
2025-08-25 11:40:00,23750,PE,114.53,115.01,114.47,114.55,449,37606,0.1399
2025-08-25 11:40:00,23800,CE,485.95,483.75,475.96,482.79,201,41727,0.1409
2025-08-25 11:40:00,23800,PE,123.08,124.07,122.53,123.18,214,39569,0.1445
2025-08-25 11:40:00,23850,CE,407.67,412.04,409.84,411.96,80,45825,0.1429
2025-08-25 11:40:00,23850,PE,118.05,118.35,117.54,117.72,544,41290,0.1411
2025-08-25 11:40:00,23900,CE,372.35,372.45,372.18,372.28,826,51603,0.1435
2025-08-25 11:40:00,23900,PE,118.31,122.03,120.07,120.54,578,47302,0.1429
2025-08-25 11:40:00,23950,CE,320.48,327.74,320.88,324.31,620,52818,0.1404
2025-08-25 11:40:00,23950,PE,115.38,117.98,115.51,116.28,962,49950,0.1448
2025-08-25 11:40:00,24000,CE,270.06,270.25,264.87,266.96,1050,57354,0.1433
2025-08-25 11:40:00,24000,PE,115.98,118.7,115.73,116.39,427,56624,0.1427
2025-08-25 11:40:00,24050,CE,222.39,226.92,222.78,223.09,275,67227,0.1407
2025-08-25 11:40:00,24050,PE,112.71,112.76,110.67,112.47,1264,56382,0.1435
2025-08-25 11:40:00,24100,CE,164.13,164.74,163.67,164.71,1122,63613,0.1429
2025-08-25 11:40:00,24100,PE,115.6,118.3,114.58,114.91,1198,71599,0.1405
2025-08-25 11:40:00,24150,CE,122.44,123.49,120.04,121.73,487,73421,0.1421
2025-08-25 11:40:00,24150,PE,123.45,124.13,122.88,123.14,761,77502,0.141
2025-08-25 11:40:00,24200,CE,112.21,112.06,110.69,111.84,1145,82600,0.1452
2025-08-25 11:40:00,24200,PE,178.84,179.22,175.62,177.48,1225,79483,0.1414
2025-08-25 11:40:00,24250,CE,118.2,118.99,116.82,118.77,470,74469,0.1422
2025-08-25 11:40:00,24250,PE,198.71,202.46,200.6,201.07,857,73054,0.1407
2025-08-25 11:40:00,24300,CE,123.08,122.7,121.97,122.54,1156,68749,0.1451
2025-08-25 11:40:00,24300,PE,271.27,279.49,270.78,272.08,527,64965,0.1435
2025-08-25 11:40:00,24350,CE,122.85,123.21,121.43,123.03,398,60261,0.1457
2025-08-25 11:40:00,24350,PE,314.09,312.47,306.14,311.94,362,61102,0.1438
2025-08-25 11:40:00,24400,CE,113.15,116.56,111.85,113.09,591,50613,0.1438
2025-08-25 11:40:00,24400,PE,364.37,371.36,365.76,367.98,531,52342,0.1438
2025-08-25 11:40:00,24450,CE,115.25,116.19,114.82,115.41,445,46160,0.1462
2025-08-25 11:40:00,24450,PE,422.39,425.52,420.07,422.81,169,52626,0.1459
2025-08-25 11:40:00,24500,CE,112.88,112.86,111.61,112.5,695,47761,0.1399
2025-08-25 11:40:00,24500,PE,462.61,464.68,457.72,460.11,60,47614,0.1423
2025-08-25 11:40:00,24550,CE,124.77,126.16,124.27,124.77,248,43517,0.1438
2025-08-25 11:40:00,24550,PE,507.29,514.97,504.56,510.44,667,44536,0.1422
2025-08-25 11:40:00,24600,CE,124.16,124.75,124.0,124.27,90,41974,0.1442
2025-08-25 11:40:00,24600,PE,568.22,589.97,566.21,570.59,450,42757,0.1456
2025-08-25 11:40:00,24650,CE,127.26,126.73,123.62,124.4,541,39046,0.1458
2025-08-25 11:40:00,24650,PE,607.99,623.21,609.44,611.28,111,36505,0.1444
2025-08-25 11:40:00,24700,CE,117.11,118.75,116.39,117.68,409,33076,0.1428
2025-08-25 11:40:00,24700,PE,668.29,678.81,659.44,667.73,390,31608,0.1426
2025-08-25 11:40:00,24750,CE,115.26,117.69,115.39,116.3,466,36346,0.142
2025-08-25 11:40:00,24750,PE,715.97,717.19,701.94,712.61,482,33555,0.1391
2025-08-25 11:40:00,24800,CE,121.54,121.5,119.98,120.91,374,26251,0.1426
2025-08-25 11:40:00,24800,PE,764.03,758.82,752.77,758.45,495,29359,0.1433
2025-08-25 11:40:00,24850,CE,125.39,127.99,124.82,126.06,283,29373,0.1418
2025-08-25 11:40:00,24850,PE,814.58,818.36,814.98,815.39,484,33388,0.144
2025-08-25 11:40:00,24900,CE,120.14,119.68,118.46,118.96,293,23870,0.1446
2025-08-25 11:40:00,24900,PE,863.53,868.82,859.57,864.62,77,27906,0.1425
2025-08-25 11:45:00,23500,CE,857.66,868.2,836.25,850.87,219,28895,0.1417
2025-08-25 11:45:00,23500,PE,125.63,126.17,124.64,125.74,428,28049,0.1434
2025-08-25 11:45:00,23550,CE,804.47,829.36,799.91,803.73,62,32622,0.1435
2025-08-25 11:45:00,23550,PE,117.88,118.18,116.35,117.4,244,31388,0.142
2025-08-25 11:45:00,23600,CE,742.12,756.35,739.25,745.07,243,32200,0.1438
2025-08-25 11:45:00,23600,PE,121.65,123.11,122.79,123.04,127,31626,0.1479
2025-08-25 11:45:00,23650,CE,706.01,715.44,696.98,703.21,135,36421,0.1406
2025-08-25 11:45:00,23650,PE,115.64,115.51,114.94,115.49,52,33436,0.1461
2025-08-25 11:45:00,23700,CE,656.64,657.99,639.94,652.98,218,38286,0.1458
2025-08-25 11:45:00,23700,PE,131.91,130.96,129.57,129.95,228,36795,0.1433
2025-08-25 11:45:00,23750,CE,596.73,610.97,596.77,600.18,652,35375,0.1432
2025-08-25 11:45:00,23750,PE,112.21,116.08,113.43,113.54,233,37723,0.143
2025-08-25 11:45:00,23800,CE,549.79,561.38,558.4,559.73,476,41257,0.1448
2025-08-25 11:45:00,23800,PE,119.99,121.0,118.98,120.25,590,39492,0.1445
2025-08-25 11:45:00,23850,CE,500.02,499.34,493.21,497.25,645,45958,0.1457
2025-08-25 11:45:00,23850,PE,117.0,118.14,116.95,117.9,656,40788,0.1454
2025-08-25 11:45:00,23900,CE,449.02,456.31,441.98,447.09,48,51136,0.1413
2025-08-25 11:45:00,23900,PE,113.72,113.64,112.79,113.21,721,47894,0.1414
2025-08-25 11:45:00,23950,CE,394.24,399.95,396.86,398.84,895,52616,0.1437
2025-08-25 11:45:00,23950,PE,119.7,120.1,118.25,119.9,247,49769,0.1426
2025-08-25 11:45:00,24000,CE,354.34,356.79,344.6,354.2,808,57055,0.142
2025-08-25 11:45:00,24000,PE,111.68,114.08,109.91,110.78,546,56799,0.1409
2025-08-25 11:45:00,24050,CE,299.33,309.75,300.95,301.51,406,67194,0.1401
2025-08-25 11:45:00,24050,PE,124.02,127.08,124.9,124.94,733,56730,0.143
2025-08-25 11:45:00,24100,CE,249.11,249.12,247.86,248.73,249,63627,0.1436
2025-08-25 11:45:00,24100,PE,118.15,119.77,117.83,118.03,206,71017,0.1394
2025-08-25 11:45:00,24150,CE,194.77,200.93,195.61,198.54,910,73400,0.1399
2025-08-25 11:45:00,24150,PE,112.36,112.48,111.35,111.91,380,76968,0.1441
2025-08-25 11:45:00,24200,CE,150.98,150.74,149.63,149.85,1541,82992,0.1439
2025-08-25 11:45:00,24200,PE,123.18,125.89,123.59,123.66,1524,79019,0.1436
2025-08-25 11:45:00,24250,CE,123.12,124.08,123.09,123.26,50,74129,0.1446
2025-08-25 11:45:00,24250,PE,144.06,142.5,140.66,142.37,192,73005,0.1438
2025-08-25 11:45:00,24300,CE,120.88,122.37,120.89,121.55,934,68383,0.1451
2025-08-25 11:45:00,24300,PE,182.73,186.28,181.07,182.24,583,65012,0.1455
2025-08-25 11:45:00,24350,CE,118.66,119.99,119.53,119.88,412,60213,0.1432
2025-08-25 11:45:00,24350,PE,229.02,234.97,228.73,231.68,748,61645,0.1402
2025-08-25 11:45:00,24400,CE,123.2,124.59,122.85,123.88,358,50119,0.1424
2025-08-25 11:45:00,24400,PE,289.35,294.78,289.92,290.67,970,52434,0.1467
2025-08-25 11:45:00,24450,CE,118.4,119.97,116.63,118.03,482,46424,0.1412
2025-08-25 11:45:00,24450,PE,341.87,348.41,342.13,343.79,984,52179,0.1449
2025-08-25 11:45:00,24500,CE,127.22,128.54,122.74,124.83,786,47924,0.1465
2025-08-25 11:45:00,24500,PE,397.41,398.36,391.01,393.64,539,48051,0.1446
2025-08-25 11:45:00,24550,CE,117.95,119.93,118.31,118.93,263,43862,0.1393
2025-08-25 11:45:00,24550,PE,442.7,445.94,437.8,441.64,482,45058,0.1454
2025-08-25 11:45:00,24600,CE,120.41,120.91,120.55,120.76,367,42238,0.1411
2025-08-25 11:45:00,24600,PE,486.99,490.92,485.81,487.13,389,42629,0.1392
2025-08-25 11:45:00,24650,CE,130.3,128.89,128.28,128.37,276,39550,0.1417
2025-08-25 11:45:00,24650,PE,543.86,547.41,541.01,542.14,601,36175,0.1408
2025-08-25 11:45:00,24700,CE,116.76,116.55,115.38,116.16,579,33176,0.1451
2025-08-25 11:45:00,24700,PE,593.85,600.89,588.77,594.67,79,31926,0.1447
2025-08-25 11:45:00,24750,CE,120.02,121.72,118.67,119.52,110,36792,0.1403
2025-08-25 11:45:00,24750,PE,648.39,652.93,643.99,644.45,290,34054,0.1412
2025-08-25 11:45:00,24800,CE,114.9,115.53,114.15,114.79,289,25752,0.1444
2025-08-25 11:45:00,24800,PE,679.68,697.58,682.24,689.33,454,29630,0.142
2025-08-25 11:45:00,24850,CE,124.75,125.04,123.03,123.6,174,29017,0.1418
2025-08-25 11:45:00,24850,PE,742.91,749.34,738.67,745.39,481,33722,0.1454
2025-08-25 11:45:00,24900,CE,116.98,118.82,115.28,116.37,163,24110,0.144
2025-08-25 11:45:00,24900,PE,796.19,792.67,788.51,792.48,133,27523,0.142
2025-08-25 11:50:00,23500,CE,856.36,878.3,860.97,866.69,326,29294,0.1397
2025-08-25 11:50:00,23500,PE,120.46,122.73,120.61,121.36,449,28003,0.1427
2025-08-25 11:50:00,23550,CE,836.7,836.42,807.19,826.64,80,32674,0.1455
2025-08-25 11:50:00,23550,PE,115.89,115.37,113.26,115.28,352,31953,0.1432
2025-08-25 11:50:00,23600,CE,762.22,772.52,756.03,767.76,68,32387,0.145
2025-08-25 11:50:00,23600,PE,121.28,120.97,119.63,120.87,281,31732,0.1449
2025-08-25 11:50:00,23650,CE,703.58,729.21,715.2,715.74,61,35841,0.1446
2025-08-25 11:50:00,23650,PE,116.02,117.23,113.15,115.09,350,33075,0.1445
2025-08-25 11:50:00,23700,CE,664.27,675.02,664.83,668.52,376,37717,0.1434
2025-08-25 11:50:00,23700,PE,118.59,120.54,117.86,118.03,488,36594,0.1471
2025-08-25 11:50:00,23750,CE,610.72,616.41,615.91,615.91,297,35188,0.148
2025-08-25 11:50:00,23750,PE,107.3,111.29,108.34,109.12,276,37759,0.1413
2025-08-25 11:50:00,23800,CE,578.08,574.51,568.07,570.69,449,41484,0.1425
2025-08-25 11:50:00,23800,PE,108.9,109.41,108.31,108.74,684,39107,0.1454
2025-08-25 11:50:00,23850,CE,519.12,536.1,518.71,529.43,648,46079,0.1444
2025-08-25 11:50:00,23850,PE,119.96,122.75,120.17,120.42,237,41288,0.1451
2025-08-25 11:50:00,23900,CE,456.25,459.29,452.84,455.78,570,50758,0.1425
2025-08-25 11:50:00,23900,PE,119.58,120.47,118.47,120.39,150,48084,0.1431
2025-08-25 11:50:00,23950,CE,420.03,417.02,407.26,412.28,639,52070,0.1436
2025-08-25 11:50:00,23950,PE,122.91,124.1,121.14,121.73,552,49806,0.1474
2025-08-25 11:50:00,24000,CE,368.24,367.01,364.88,366.77,925,57344,0.1425
2025-08-25 11:50:00,24000,PE,125.79,126.87,124.7,126.04,869,56239,0.1426
2025-08-25 11:50:00,24050,CE,324.11,328.09,324.23,327.93,810,66994,0.1428
2025-08-25 11:50:00,24050,PE,117.83,120.61,117.52,118.24,591,57183,0.1439
2025-08-25 11:50:00,24100,CE,261.62,261.76,259.91,261.33,1028,63297,0.1443
2025-08-25 11:50:00,24100,PE,127.19,128.9,126.62,128.13,297,71284,0.1429
2025-08-25 11:50:00,24150,CE,211.26,215.22,210.26,211.32,1177,73534,0.1422
2025-08-25 11:50:00,24150,PE,133.53,134.24,131.99,133.99,93,76564,0.1443
2025-08-25 11:50:00,24200,CE,164.12,164.63,162.38,162.93,1163,83282,0.145
2025-08-25 11:50:00,24200,PE,124.61,124.58,123.36,123.89,1386,79057,0.1447
2025-08-25 11:50:00,24250,CE,129.19,129.78,128.07,128.7,774,73663,0.1398
2025-08-25 11:50:00,24250,PE,118.46,119.96,119.07,119.59,1393,73544,0.1416
2025-08-25 11:50:00,24300,CE,121.11,120.97,119.8,120.95,92,68373,0.1428
2025-08-25 11:50:00,24300,PE,185.8,187.84,185.64,187.52,550,65306,0.1462
2025-08-25 11:50:00,24350,CE,122.68,123.75,123.16,123.19,1004,59874,0.1429
2025-08-25 11:50:00,24350,PE,219.52,226.36,221.64,223.52,1247,61209,0.1423
2025-08-25 11:50:00,24400,CE,124.26,123.8,123.28,123.66,908,50408,0.1443
2025-08-25 11:50:00,24400,PE,271.49,280.35,271.4,272.65,203,52642,0.1432
2025-08-25 11:50:00,24450,CE,122.27,123.34,121.77,122.73,292,46152,0.1444
2025-08-25 11:50:00,24450,PE,317.78,323.21,319.81,319.86,105,52474,0.1434
2025-08-25 11:50:00,24500,CE,121.3,121.81,119.08,120.4,761,47929,0.1428
2025-08-25 11:50:00,24500,PE,375.97,379.28,374.27,377.98,732,47869,0.144
2025-08-25 11:50:00,24550,CE,119.42,118.86,118.19,118.48,491,44206,0.143
2025-08-25 11:50:00,24550,PE,414.7,428.25,421.0,421.59,378,45198,0.1434
2025-08-25 11:50:00,24600,CE,122.13,124.39,120.13,121.59,125,42246,0.145
2025-08-25 11:50:00,24600,PE,465.87,480.36,468.78,470.82,675,42956,0.1418
2025-08-25 11:50:00,24650,CE,126.76,127.19,124.93,125.39,228,39603,0.1421
2025-08-25 11:50:00,24650,PE,521.66,519.28,516.21,518.55,458,36701,0.1403
2025-08-25 11:50:00,24700,CE,123.4,124.7,121.11,123.07,568,33557,0.1444
2025-08-25 11:50:00,24700,PE,561.18,570.71,556.73,565.13,516,31755,0.1396
2025-08-25 11:50:00,24750,CE,123.08,124.01,121.96,122.58,247,36749,0.1406
2025-08-25 11:50:00,24750,PE,625.98,628.34,622.88,625.86,278,34602,0.1422
2025-08-25 11:50:00,24800,CE,123.1,122.71,121.52,122.6,527,26226,0.1415
2025-08-25 11:50:00,24800,PE,677.26,681.13,676.0,678.86,368,29259,0.1426
2025-08-25 11:50:00,24850,CE,119.53,120.72,119.16,119.33,89,28746,0.1418
2025-08-25 11:50:00,24850,PE,726.65,741.42,718.67,727.64,372,33559,0.1406
2025-08-25 11:50:00,24900,CE,118.04,118.97,117.65,117.83,354,24565,0.143
2025-08-25 11:50:00,24900,PE,792.25,769.0,762.32,768.7,185,28035,0.1434
2025-08-25 11:55:00,23500,CE,893.86,886.85,870.22,880.04,249,29656,0.14
2025-08-25 11:55:00,23500,PE,119.81,120.09,118.49,119.11,35,27733,0.1434
2025-08-25 11:55:00,23550,CE,845.71,843.08,831.0,841.54,468,33138,0.1423
2025-08-25 11:55:00,23550,PE,108.85,112.78,110.1,110.41,290,31392,0.1388
2025-08-25 11:55:00,23600,CE,782.76,796.44,777.61,783.41,39,32294,0.1425
2025-08-25 11:55:00,23600,PE,120.33,120.87,119.16,119.57,476,31585,0.1457
2025-08-25 11:55:00,23650,CE,744.01,743.85,725.74,738.8,495,35883,0.1433
2025-08-25 11:55:00,23650,PE,115.3,115.72,114.36,115.37,83,33147,0.1414
2025-08-25 11:55:00,23700,CE,683.37,694.81,690.5,692.08,221,37387,0.1424
2025-08-25 11:55:00,23700,PE,126.96,129.4,126.19,127.0,402,36239,0.1436
2025-08-25 11:55:00,23750,CE,645.11,638.46,634.33,638.13,571,35552,0.1444
2025-08-25 11:55:00,23750,PE,121.0,124.77,120.76,121.57,494,37250,0.1391
2025-08-25 11:55:00,23800,CE,583.38,587.89,577.85,580.67,646,41475,0.1439
2025-08-25 11:55:00,23800,PE,114.6,118.21,114.12,114.71,495,38736,0.1441
2025-08-25 11:55:00,23850,CE,529.37,538.96,521.13,532.99,556,45862,0.1435
2025-08-25 11:55:00,23850,PE,116.74,118.22,117.13,117.14,512,41020,0.142
2025-08-25 11:55:00,23900,CE,482.75,485.42,477.26,483.96,724,51008,0.143
2025-08-25 11:55:00,23900,PE,117.76,118.64,117.26,118.24,358,48031,0.143
2025-08-25 11:55:00,23950,CE,448.07,450.98,445.69,447.2,14,51829,0.1453
2025-08-25 11:55:00,23950,PE,113.09,113.34,111.67,112.05,667,50203,0.1433
2025-08-25 11:55:00,24000,CE,393.07,393.72,388.42,391.11,919,56846,0.1432
2025-08-25 11:55:00,24000,PE,117.72,118.42,116.99,117.73,241,56558,0.1429
2025-08-25 11:55:00,24050,CE,334.03,334.45,329.92,333.35,376,66691,0.1447
2025-08-25 11:55:00,24050,PE,122.23,126.34,123.14,123.8,297,57684,0.1429
2025-08-25 11:55:00,24100,CE,287.98,290.95,288.94,289.17,969,62703,0.1416
2025-08-25 11:55:00,24100,PE,124.61,124.72,122.74,123.7,949,71351,0.1449
2025-08-25 11:55:00,24150,CE,237.22,249.21,234.74,237.76,1075,73680,0.1443
2025-08-25 11:55:00,24150,PE,125.16,126.14,124.42,125.72,880,76656,0.1431
2025-08-25 11:55:00,24200,CE,192.82,192.08,189.24,190.6,1074,83660,0.144
2025-08-25 11:55:00,24200,PE,115.79,115.3,114.82,114.88,750,78591,0.1429
2025-08-25 11:55:00,24250,CE,138.6,138.29,136.62,137.24,183,73561,0.1413
2025-08-25 11:55:00,24250,PE,117.04,117.54,117.42,117.49,819,73980,0.1436
2025-08-25 11:55:00,24300,CE,117.88,118.22,117.79,117.83,78,68839,0.1402
2025-08-25 11:55:00,24300,PE,141.18,141.23,139.08,140.77,113,65304,0.1412
2025-08-25 11:55:00,24350,CE,118.52,118.03,116.8,117.58,597,59943,0.1409
2025-08-25 11:55:00,24350,PE,190.18,193.61,187.97,190.59,80,61525,0.1407
2025-08-25 11:55:00,24400,CE,121.51,123.13,120.33,121.23,180,50743,0.1451
2025-08-25 11:55:00,24400,PE,249.75,252.13,248.24,248.8,696,53107,0.1446
2025-08-25 11:55:00,24450,CE,123.95,125.04,123.44,123.51,1059,46564,0.1413
2025-08-25 11:55:00,24450,PE,304.8,310.89,307.25,308.87,499,52371,0.1444
2025-08-25 11:55:00,24500,CE,125.23,127.86,125.33,125.69,652,48108,0.1432
2025-08-25 11:55:00,24500,PE,352.57,352.58,345.27,349.78,775,47848,0.1448
2025-08-25 11:55:00,24550,CE,117.69,122.2,118.18,118.61,419,43747,0.1396
2025-08-25 11:55:00,24550,PE,392.94,400.18,393.04,395.58,162,45584,0.142
2025-08-25 11:55:00,24600,CE,108.11,108.04,105.77,106.32,808,42368,0.1431
2025-08-25 11:55:00,24600,PE,447.43,455.11,445.71,450.14,290,42425,0.1437
2025-08-25 11:55:00,24650,CE,126.13,127.33,123.59,125.57,44,39815,0.1411
2025-08-25 11:55:00,24650,PE,513.48,517.46,505.26,510.52,488,36440,0.1454
2025-08-25 11:55:00,24700,CE,118.78,123.41,118.88,120.3,142,33040,0.1453
2025-08-25 11:55:00,24700,PE,549.79,550.57,536.16,546.11,482,31882,0.142
2025-08-25 11:55:00,24750,CE,125.94,127.94,124.77,125.84,225,37027,0.144
2025-08-25 11:55:00,24750,PE,603.07,605.34,595.39,600.49,556,34622,0.1414
2025-08-25 11:55:00,24800,CE,108.0,111.15,107.51,108.31,169,25632,0.145
2025-08-25 11:55:00,24800,PE,653.62,656.82,643.0,650.09,491,29351,0.1398
2025-08-25 11:55:00,24850,CE,112.08,111.95,110.58,111.59,207,28153,0.1414
2025-08-25 11:55:00,24850,PE,698.25,707.44,697.71,698.54,473,34070,0.1399
2025-08-25 11:55:00,24900,CE,116.9,118.95,116.79,117.24,268,24285,0.1465
2025-08-25 11:55:00,24900,PE,759.18,761.11,754.02,755.1,343,28480,0.143
2025-08-25 12:00:00,23500,CE,882.59,894.67,875.42,880.44,285,29070,0.1438
2025-08-25 12:00:00,23500,PE,113.0,112.98,110.16,112.13,100,27249,0.1422
2025-08-25 12:00:00,23550,CE,838.52,838.23,820.55,833.84,212,33079,0.1432
2025-08-25 12:00:00,23550,PE,118.01,118.61,117.49,117.65,273,31702,0.1427
2025-08-25 12:00:00,23600,CE,778.36,796.77,767.88,782.03,67,32825,0.1441
2025-08-25 12:00:00,23600,PE,129.6,128.18,126.13,127.85,146,31610,0.1448
2025-08-25 12:00:00,23650,CE,720.98,736.31,718.79,728.14,125,35709,0.1427
2025-08-25 12:00:00,23650,PE,111.51,114.26,112.31,112.76,468,32600,0.1415
2025-08-25 12:00:00,23700,CE,673.27,685.59,681.93,683.27,292,37487,0.1426
2025-08-25 12:00:00,23700,PE,119.19,121.68,119.54,119.66,342,36095,0.1452
2025-08-25 12:00:00,23750,CE,643.49,651.45,640.85,645.18,245,36042,0.1436
2025-08-25 12:00:00,23750,PE,125.13,125.48,123.36,125.18,160,37226,0.1426
2025-08-25 12:00:00,23800,CE,583.84,588.49,580.99,583.29,252,41793,0.146
2025-08-25 12:00:00,23800,PE,117.83,119.63,117.59,118.46,546,39153,0.1406
2025-08-25 12:00:00,23850,CE,536.79,534.07,525.16,527.19,72,45379,0.1426
2025-08-25 12:00:00,23850,PE,119.57,122.13,119.04,119.72,279,40949,0.1458
2025-08-25 12:00:00,23900,CE,472.36,481.97,472.01,475.69,61,51480,0.1397
2025-08-25 12:00:00,23900,PE,117.42,118.02,117.58,118.0,701,47940,0.1443
2025-08-25 12:00:00,23950,CE,440.34,439.11,431.31,437.26,654,51907,0.1448
2025-08-25 12:00:00,23950,PE,115.59,115.87,115.57,115.64,560,50650,0.1427
2025-08-25 12:00:00,24000,CE,382.27,389.6,379.48,381.85,98,56525,0.1421
2025-08-25 12:00:00,24000,PE,126.23,125.86,125.27,125.33,404,57031,0.1457
2025-08-25 12:00:00,24050,CE,334.81,340.42,333.37,334.96,609,66567,0.1436
2025-08-25 12:00:00,24050,PE,131.2,132.26,130.0,130.73,45,57795,0.1454
2025-08-25 12:00:00,24100,CE,278.15,288.35,280.76,281.18,319,62496,0.1474
2025-08-25 12:00:00,24100,PE,123.68,124.75,123.89,124.39,1129,71383,0.1443
2025-08-25 12:00:00,24150,CE,226.77,227.62,224.78,226.27,195,73139,0.1432
2025-08-25 12:00:00,24150,PE,127.93,128.6,126.58,126.98,509,76134,0.1438
2025-08-25 12:00:00,24200,CE,177.78,183.17,177.07,180.07,642,83557,0.144
2025-08-25 12:00:00,24200,PE,119.05,119.88,117.47,118.4,1293,78392,0.1406
2025-08-25 12:00:00,24250,CE,135.46,135.94,133.46,134.52,495,73699,0.141
2025-08-25 12:00:00,24250,PE,106.89,106.44,105.87,106.24,1109,73425,0.1411
2025-08-25 12:00:00,24300,CE,116.31,116.34,115.86,116.32,157,68440,0.1452
2025-08-25 12:00:00,24300,PE,160.63,161.58,159.18,159.55,1239,64955,0.1476
2025-08-25 12:00:00,24350,CE,124.56,128.38,123.33,125.37,1360,59871,0.144
2025-08-25 12:00:00,24350,PE,196.99,202.28,196.67,199.45,1280,61221,0.1445
2025-08-25 12:00:00,24400,CE,122.81,125.15,123.05,123.64,521,50308,0.1426
2025-08-25 12:00:00,24400,PE,264.52,261.37,259.85,261.31,1022,53224,0.1433
2025-08-25 12:00:00,24450,CE,118.32,118.76,116.97,117.4,97,46856,0.145
2025-08-25 12:00:00,24450,PE,308.68,309.77,304.93,308.33,956,52593,0.1378
2025-08-25 12:00:00,24500,CE,124.63,125.98,123.74,124.13,787,47839,0.1435
2025-08-25 12:00:00,24500,PE,355.32,362.69,358.56,359.83,428,48273,0.143
2025-08-25 12:00:00,24550,CE,117.65,120.79,117.77,119.12,543,43881,0.1462
2025-08-25 12:00:00,24550,PE,414.73,412.81,404.83,409.87,682,45721,0.1431
2025-08-25 12:00:00,24600,CE,120.81,122.29,119.55,120.65,114,42023,0.1441
2025-08-25 12:00:00,24600,PE,462.96,458.98,454.91,456.77,635,42115,0.1419
2025-08-25 12:00:00,24650,CE,112.72,114.25,113.14,113.63,504,39784,0.1413
2025-08-25 12:00:00,24650,PE,493.42,502.24,494.98,498.58,470,36125,0.1421
2025-08-25 12:00:00,24700,CE,111.72,115.32,112.61,113.63,224,33265,0.1406
2025-08-25 12:00:00,24700,PE,544.13,565.46,547.86,553.88,129,31652,0.1392
2025-08-25 12:00:00,24750,CE,119.39,121.37,119.09,119.09,652,36609,0.1413
2025-08-25 12:00:00,24750,PE,614.93,613.68,607.17,611.23,382,34203,0.1431
2025-08-25 12:00:00,24800,CE,112.33,112.78,109.92,110.59,436,25184,0.1449
2025-08-25 12:00:00,24800,PE,659.28,664.15,647.95,655.75,356,29278,0.1434
2025-08-25 12:00:00,24850,CE,119.83,119.84,118.01,119.43,402,27556,0.1426
2025-08-25 12:00:00,24850,PE,722.93,712.2,710.09,711.74,302,34120,0.1436
2025-08-25 12:00:00,24900,CE,115.85,116.79,115.17,115.5,138,24042,0.1414
2025-08-25 12:00:00,24900,PE,758.38,768.27,754.54,757.61,388,28542,0.1388
2025-08-25 12:05:00,23500,CE,852.51,878.1,856.3,865.48,281,29592,0.1378
2025-08-25 12:05:00,23500,PE,113.14,116.39,112.87,113.17,199,27691,0.1457
2025-08-25 12:05:00,23550,CE,826.6,825.78,819.77,822.52,492,33170,0.1399
2025-08-25 12:05:00,23550,PE,122.81,125.92,123.41,124.07,113,31603,0.1428
2025-08-25 12:05:00,23600,CE,788.27,795.57,782.06,784.73,33,33063,0.1441
2025-08-25 12:05:00,23600,PE,116.26,117.64,115.29,117.09,152,32117,0.1444
2025-08-25 12:05:00,23650,CE,726.86,733.53,721.09,730.32,370,35696,0.1437
2025-08-25 12:05:00,23650,PE,123.96,124.39,122.91,123.86,112,32119,0.1441
2025-08-25 12:05:00,23700,CE,670.78,680.09,668.81,673.21,403,37806,0.1434
2025-08-25 12:05:00,23700,PE,115.82,115.73,115.41,115.54,165,35507,0.1443
2025-08-25 12:05:00,23750,CE,638.58,646.7,628.77,631.15,209,36359,0.1426
2025-08-25 12:05:00,23750,PE,107.26,108.19,105.24,107.14,371,36727,0.143
2025-08-25 12:05:00,23800,CE,577.35,589.28,579.77,580.48,87,41320,0.1422
2025-08-25 12:05:00,23800,PE,122.09,126.43,120.2,121.48,515,39491,0.1413
2025-08-25 12:05:00,23850,CE,530.74,532.24,517.07,526.72,303,45606,0.1447
2025-08-25 12:05:00,23850,PE,113.29,113.36,112.55,112.7,27,41023,0.1426
2025-08-25 12:05:00,23900,CE,479.21,476.56,471.12,476.11,222,51864,0.1427
2025-08-25 12:05:00,23900,PE,113.6,114.08,113.33,113.65,388,48361,0.1427
2025-08-25 12:05:00,23950,CE,434.47,433.45,429.68,432.71,483,51856,0.1472
2025-08-25 12:05:00,23950,PE,118.65,120.57,119.14,119.54,804,51245,0.1462
2025-08-25 12:05:00,24000,CE,383.49,383.38,379.85,381.73,430,56354,0.1433
2025-08-25 12:05:00,24000,PE,122.55,122.98,120.15,121.16,605,56636,0.1417
2025-08-25 12:05:00,24050,CE,328.83,336.65,328.99,329.51,405,66982,0.1427
2025-08-25 12:05:00,24050,PE,121.62,122.65,120.31,120.38,918,57693,0.1414
2025-08-25 12:05:00,24100,CE,280.01,278.71,275.1,276.96,455,62945,0.1428
2025-08-25 12:05:00,24100,PE,123.04,127.22,121.78,123.42,244,70856,0.1454
2025-08-25 12:05:00,24150,CE,230.22,228.35,227.35,228.23,112,72672,0.1419
2025-08-25 12:05:00,24150,PE,121.03,121.24,119.71,120.66,1133,75582,0.1442
2025-08-25 12:05:00,24200,CE,177.37,180.41,176.71,177.97,506,83679,0.1441
2025-08-25 12:05:00,24200,PE,114.07,113.91,111.55,113.15,907,78790,0.1407
2025-08-25 12:05:00,24250,CE,128.84,128.54,125.5,127.19,1697,73582,0.1393
2025-08-25 12:05:00,24250,PE,119.41,119.87,119.1,119.33,424,72933,0.1394
2025-08-25 12:05:00,24300,CE,120.0,120.99,120.0,120.63,1410,68288,0.1413
2025-08-25 12:05:00,24300,PE,160.93,162.06,158.86,160.55,1421,64772,0.1425
2025-08-25 12:05:00,24350,CE,122.07,122.49,121.81,122.06,1036,60043,0.147
2025-08-25 12:05:00,24350,PE,215.18,221.07,215.5,217.03,979,61403,0.1441
2025-08-25 12:05:00,24400,CE,121.79,122.89,121.61,121.63,382,49831,0.1422
2025-08-25 12:05:00,24400,PE,262.73,265.88,258.74,260.55,32,53128,0.1466
2025-08-25 12:05:00,24450,CE,121.62,123.27,120.73,121.11,956,47027,0.1475
2025-08-25 12:05:00,24450,PE,305.91,309.0,307.0,307.29,728,52303,0.1441
2025-08-25 12:05:00,24500,CE,116.05,116.18,115.36,116.08,478,47727,0.1407
2025-08-25 12:05:00,24500,PE,360.92,360.28,357.69,359.94,145,48409,0.1419
2025-08-25 12:05:00,24550,CE,120.6,122.68,118.76,120.1,329,43764,0.1442
2025-08-25 12:05:00,24550,PE,395.97,405.23,395.72,398.92,532,45158,0.1421
2025-08-25 12:05:00,24600,CE,116.58,116.08,115.31,115.81,760,41690,0.1437
2025-08-25 12:05:00,24600,PE,455.84,459.84,450.85,451.91,555,42446,0.1447
2025-08-25 12:05:00,24650,CE,117.81,121.29,116.88,118.79,125,39482,0.1454
2025-08-25 12:05:00,24650,PE,500.78,512.03,497.94,502.58,316,36506,0.142
2025-08-25 12:05:00,24700,CE,121.81,124.41,120.96,122.67,447,33225,0.1429
2025-08-25 12:05:00,24700,PE,562.92,562.76,560.12,561.53,594,31619,0.1459
2025-08-25 12:05:00,24750,CE,124.64,126.86,124.09,125.07,579,36933,0.1458
2025-08-25 12:05:00,24750,PE,607.39,613.38,600.76,610.64,121,34062,0.1429
2025-08-25 12:05:00,24800,CE,121.9,123.19,122.48,122.55,25,24870,0.1437
2025-08-25 12:05:00,24800,PE,648.53,666.59,650.82,652.25,23,28804,0.1433
2025-08-25 12:05:00,24850,CE,114.51,115.05,114.38,114.7,11,27762,0.1392
2025-08-25 12:05:00,24850,PE,698.99,712.25,704.03,706.61,242,34083,0.1485
2025-08-25 12:05:00,24900,CE,129.73,130.72,127.48,129.84,419,24413,0.142
2025-08-25 12:05:00,24900,PE,752.61,766.04,748.02,756.28,294,28491,0.1427
2025-08-25 12:10:00,23500,CE,874.93,885.11,865.97,880.87,316,29489,0.145
2025-08-25 12:10:00,23500,PE,114.18,114.81,113.83,114.36,218,27449,0.1444
2025-08-25 12:10:00,23550,CE,827.68,834.77,818.29,824.79,102,32809,0.1436
2025-08-25 12:10:00,23550,PE,124.52,124.43,123.37,123.77,335,31999,0.1449
2025-08-25 12:10:00,23600,CE,779.82,792.69,770.99,779.3,231,32577,0.143
2025-08-25 12:10:00,23600,PE,124.56,124.89,123.3,124.59,329,32599,0.1428
2025-08-25 12:10:00,23650,CE,719.32,726.6,720.7,725.47,302,35128,0.1441
2025-08-25 12:10:00,23650,PE,126.86,128.17,125.38,126.64,54,32145,0.1453
2025-08-25 12:10:00,23700,CE,673.52,688.18,669.59,672.83,517,37275,0.1425
2025-08-25 12:10:00,23700,PE,123.79,125.54,122.96,123.32,453,35842,0.1441
2025-08-25 12:10:00,23750,CE,617.05,619.38,609.84,617.96,42,36012,0.1424
2025-08-25 12:10:00,23750,PE,121.45,121.54,119.6,120.15,13,36806,0.1416
2025-08-25 12:10:00,23800,CE,575.0,597.34,571.18,581.81,128,41819,0.1414
2025-08-25 12:10:00,23800,PE,113.99,114.25,112.88,113.31,72,39670,0.1443
2025-08-25 12:10:00,23850,CE,531.73,543.23,532.45,533.31,576,45219,0.1458
2025-08-25 12:10:00,23850,PE,118.76,119.91,118.41,119.19,193,41379,0.143
2025-08-25 12:10:00,23900,CE,484.68,480.88,476.11,480.48,84,51793,0.1419
2025-08-25 12:10:00,23900,PE,117.57,116.27,114.58,115.87,206,47776,0.146
2025-08-25 12:10:00,23950,CE,424.23,427.22,422.27,425.48,393,51840,0.1444
2025-08-25 12:10:00,23950,PE,120.24,121.44,119.44,119.52,305,51619,0.1405
2025-08-25 12:10:00,24000,CE,373.5,376.83,375.15,376.34,103,56269,0.142
2025-08-25 12:10:00,24000,PE,115.3,115.86,115.03,115.17,181,56946,0.1417
2025-08-25 12:10:00,24050,CE,327.0,326.56,323.98,326.5,581,67228,0.1435
2025-08-25 12:10:00,24050,PE,112.52,113.78,111.68,112.26,126,57641,0.14
2025-08-25 12:10:00,24100,CE,276.07,281.24,277.86,278.31,76,62732,0.1435
2025-08-25 12:10:00,24100,PE,115.04,115.7,114.79,115.2,1087,71127,0.1432
2025-08-25 12:10:00,24150,CE,228.95,232.27,226.98,227.79,121,72514,0.1444
2025-08-25 12:10:00,24150,PE,114.7,115.87,114.97,115.18,1133,75186,0.144
2025-08-25 12:10:00,24200,CE,178.24,181.48,176.77,177.26,1136,83464,0.1424
2025-08-25 12:10:00,24200,PE,112.4,113.48,112.02,112.2,725,79242,0.1413
2025-08-25 12:10:00,24250,CE,130.67,133.85,129.23,131.7,1189,73322,0.144
2025-08-25 12:10:00,24250,PE,122.76,124.22,121.56,124.05,43,72614,0.1464
2025-08-25 12:10:00,24300,CE,120.81,119.58,118.31,118.74,666,67848,0.1448
2025-08-25 12:10:00,24300,PE,154.45,156.39,155.12,155.22,1378,64238,0.1429
2025-08-25 12:10:00,24350,CE,125.06,125.24,123.78,124.85,738,60615,0.1434
2025-08-25 12:10:00,24350,PE,209.75,216.4,210.7,212.89,466,61447,0.1417
2025-08-25 12:10:00,24400,CE,123.45,125.93,122.8,123.92,105,50106,0.1475
2025-08-25 12:10:00,24400,PE,254.3,253.6,249.77,251.32,1162,53455,0.1436
2025-08-25 12:10:00,24450,CE,125.76,124.76,124.11,124.38,173,46849,0.1437
2025-08-25 12:10:00,24450,PE,311.41,315.19,309.17,313.01,773,52661,0.1412
2025-08-25 12:10:00,24500,CE,123.12,123.97,122.61,123.61,396,48280,0.1412
2025-08-25 12:10:00,24500,PE,355.43,373.35,359.01,359.87,208,48699,0.1401
2025-08-25 12:10:00,24550,CE,118.45,119.35,118.04,118.08,441,44018,0.1454
2025-08-25 12:10:00,24550,PE,404.22,405.22,404.31,404.6,527,45076,0.1429
2025-08-25 12:10:00,24600,CE,114.79,118.33,115.96,116.61,659,42099,0.144
2025-08-25 12:10:00,24600,PE,451.71,465.28,450.97,456.95,660,41952,0.1434
2025-08-25 12:10:00,24650,CE,128.53,130.85,128.05,129.49,322,39781,0.1475
2025-08-25 12:10:00,24650,PE,510.98,516.88,506.27,514.21,647,36340,0.1435
2025-08-25 12:10:00,24700,CE,128.77,130.09,128.32,128.56,516,33304,0.139
2025-08-25 12:10:00,24700,PE,556.37,554.79,552.51,554.67,161,32090,0.143
2025-08-25 12:10:00,24750,CE,115.06,116.89,116.14,116.19,294,37059,0.138
2025-08-25 12:10:00,24750,PE,607.07,615.98,613.41,614.27,194,33492,0.1454
2025-08-25 12:10:00,24800,CE,128.59,129.2,125.83,128.05,281,25137,0.1466
2025-08-25 12:10:00,24800,PE,666.92,666.64,653.79,663.74,206,29318,0.1442
2025-08-25 12:10:00,24850,CE,117.45,118.8,117.36,117.69,432,27932,0.1393
2025-08-25 12:10:00,24850,PE,710.95,708.11,693.5,703.73,464,34516,0.1377
2025-08-25 12:10:00,24900,CE,117.35,118.4,114.66,115.72,394,24803,0.1411
2025-08-25 12:10:00,24900,PE,772.53,775.64,757.45,767.63,389,28924,0.1452
2025-08-25 12:15:00,23500,CE,900.44,915.08,908.01,909.91,54,29301,0.1424
2025-08-25 12:15:00,23500,PE,119.18,121.64,116.82,118.22,411,27417,0.1463
2025-08-25 12:15:00,23550,CE,871.96,874.89,869.57,871.85,15,33226,0.1423
2025-08-25 12:15:00,23550,PE,118.12,120.34,119.02,119.63,321,32491,0.147
2025-08-25 12:15:00,23600,CE,821.65,836.33,818.64,825.76,16,32153,0.1456
2025-08-25 12:15:00,23600,PE,125.05,126.48,124.44,124.55,264,32216,0.1443
2025-08-25 12:15:00,23650,CE,774.37,775.9,772.06,773.07,284,34944,0.147
2025-08-25 12:15:00,23650,PE,120.93,120.8,118.55,119.49,120,32469,0.1462
2025-08-25 12:15:00,23700,CE,718.72,720.86,717.63,717.92,30,37724,0.1405
2025-08-25 12:15:00,23700,PE,116.4,120.49,116.58,116.61,95,35938,0.1435
2025-08-25 12:15:00,23750,CE,667.24,673.96,665.06,666.24,597,35547,0.1404
2025-08-25 12:15:00,23750,PE,121.44,124.52,120.45,121.02,559,36570,0.1412
2025-08-25 12:15:00,23800,CE,627.64,626.83,618.42,619.1,477,42247,0.1438
2025-08-25 12:15:00,23800,PE,121.46,121.54,119.7,120.34,156,39487,0.1469
2025-08-25 12:15:00,23850,CE,566.81,575.34,567.52,571.48,591,44742,0.1415
2025-08-25 12:15:00,23850,PE,123.34,123.57,120.5,121.77,84,41141,0.1442
2025-08-25 12:15:00,23900,CE,525.23,523.8,509.42,521.31,448,52161,0.1434
2025-08-25 12:15:00,23900,PE,111.47,111.86,110.82,111.24,418,47768,0.1419
2025-08-25 12:15:00,23950,CE,480.76,494.16,475.04,477.35,693,51445,0.1433
2025-08-25 12:15:00,23950,PE,112.53,113.61,112.39,112.9,717,51394,0.1397
2025-08-25 12:15:00,24000,CE,415.07,418.35,415.62,418.0,248,56813,0.1432
2025-08-25 12:15:00,24000,PE,125.29,124.71,124.04,124.29,562,56864,0.1435
2025-08-25 12:15:00,24050,CE,369.04,376.28,369.2,370.64,322,67157,0.1423
2025-08-25 12:15:00,24050,PE,116.38,118.13,114.28,116.31,750,57224,0.1447
2025-08-25 12:15:00,24100,CE,318.68,328.43,318.94,322.3,195,62497,0.1419
2025-08-25 12:15:00,24100,PE,120.34,120.82,120.4,120.69,511,71504,0.1455
2025-08-25 12:15:00,24150,CE,267.85,271.99,266.62,269.04,260,72857,0.1413
2025-08-25 12:15:00,24150,PE,125.11,126.96,124.13,125.33,1057,75108,0.1458
2025-08-25 12:15:00,24200,CE,219.07,219.3,216.39,216.93,1266,83936,0.1416
2025-08-25 12:15:00,24200,PE,108.84,110.43,108.33,109.39,1054,79098,0.141
2025-08-25 12:15:00,24250,CE,169.07,173.06,171.72,171.76,473,73759,0.1463
2025-08-25 12:15:00,24250,PE,120.84,121.07,120.52,121.0,683,72051,0.1418
2025-08-25 12:15:00,24300,CE,109.4,109.59,108.01,108.8,1290,67664,0.1433
2025-08-25 12:15:00,24300,PE,120.99,122.06,119.67,121.88,1674,64664,0.1446
2025-08-25 12:15:00,24350,CE,119.55,118.63,116.54,118.62,182,61096,0.1423
2025-08-25 12:15:00,24350,PE,156.32,157.04,154.18,155.46,1457,61754,0.141
2025-08-25 12:15:00,24400,CE,114.08,116.34,114.49,114.9,382,50309,0.1395
2025-08-25 12:15:00,24400,PE,219.85,218.32,214.72,216.47,1157,53833,0.1438
2025-08-25 12:15:00,24450,CE,113.71,115.58,115.26,115.37,516,47098,0.1422
2025-08-25 12:15:00,24450,PE,254.23,262.85,255.59,258.97,464,52366,0.1409
2025-08-25 12:15:00,24500,CE,118.09,118.91,117.28,118.53,712,48239,0.1437
2025-08-25 12:15:00,24500,PE,319.0,323.45,309.84,317.63,249,48891,0.1454
2025-08-25 12:15:00,24550,CE,113.04,114.17,112.07,112.83,316,44123,0.143
2025-08-25 12:15:00,24550,PE,361.06,367.01,355.97,363.67,353,45538,0.1409
2025-08-25 12:15:00,24600,CE,127.53,129.32,127.37,128.26,740,42067,0.1454
2025-08-25 12:15:00,24600,PE,411.37,415.27,412.72,413.84,620,41565,0.1409
2025-08-25 12:15:00,24650,CE,117.47,118.25,115.8,116.94,796,39438,0.1414
2025-08-25 12:15:00,24650,PE,464.86,467.86,461.09,466.07,694,36755,0.1439
2025-08-25 12:15:00,24700,CE,113.7,115.0,112.94,113.75,141,32714,0.1413
2025-08-25 12:15:00,24700,PE,523.36,522.07,518.6,520.85,548,32532,0.1396
2025-08-25 12:15:00,24750,CE,112.71,113.73,112.12,112.32,496,36525,0.1411
2025-08-25 12:15:00,24750,PE,564.7,589.86,574.38,575.17,448,33361,0.1465
2025-08-25 12:15:00,24800,CE,120.25,120.24,119.92,120.18,590,25497,0.1447
2025-08-25 12:15:00,24800,PE,618.3,624.58,615.34,616.96,516,29207,0.1414
2025-08-25 12:15:00,24850,CE,118.36,121.45,117.87,119.83,201,28318,0.1437
2025-08-25 12:15:00,24850,PE,667.22,668.6,661.85,664.69,78,34036,0.1402
2025-08-25 12:15:00,24900,CE,112.47,112.3,110.14,112.01,44,24816,0.1433
2025-08-25 12:15:00,24900,PE,720.33,728.55,717.74,720.45,51,29022,0.1426
2025-08-25 12:20:00,23500,CE,901.99,901.55,894.48,901.03,85,29770,0.1412
2025-08-25 12:20:00,23500,PE,121.78,121.3,119.85,121.09,208,26929,0.1439
2025-08-25 12:20:00,23550,CE,844.88,865.16,838.21,849.61,345,33032,0.1416
2025-08-25 12:20:00,23550,PE,128.13,128.45,126.37,127.46,135,32682,0.142
2025-08-25 12:20:00,23600,CE,802.93,800.91,792.92,797.42,498,32728,0.1434
2025-08-25 12:20:00,23600,PE,126.43,126.1,124.21,124.73,231,32633,0.144
2025-08-25 12:20:00,23650,CE,761.2,760.92,753.76,759.55,122,35359,0.1447
2025-08-25 12:20:00,23650,PE,119.82,120.45,118.26,119.59,518,32489,0.1454
2025-08-25 12:20:00,23700,CE,703.74,703.81,693.23,696.51,308,37801,0.1454
2025-08-25 12:20:00,23700,PE,121.5,123.25,122.29,122.48,51,36368,0.1459
2025-08-25 12:20:00,23750,CE,656.0,650.66,646.14,647.45,458,35990,0.1435
2025-08-25 12:20:00,23750,PE,120.76,119.19,117.55,118.25,80,36932,0.1437
2025-08-25 12:20:00,23800,CE,591.15,596.62,580.88,590.45,245,42629,0.1442
2025-08-25 12:20:00,23800,PE,119.69,123.55,119.99,121.05,654,39942,0.1424
2025-08-25 12:20:00,23850,CE,555.77,563.06,556.31,558.72,645,44278,0.1426
2025-08-25 12:20:00,23850,PE,117.37,117.76,116.65,117.45,239,40892,0.1449
2025-08-25 12:20:00,23900,CE,498.62,511.02,500.27,502.16,395,52732,0.1451
2025-08-25 12:20:00,23900,PE,116.49,119.36,115.94,117.89,523,47821,0.1422
2025-08-25 12:20:00,23950,CE,458.9,457.13,456.16,456.8,662,51056,0.1425
2025-08-25 12:20:00,23950,PE,121.42,120.86,120.17,120.38,546,51397,0.1405
2025-08-25 12:20:00,24000,CE,405.02,402.59,394.25,401.65,193,56987,0.1431
2025-08-25 12:20:00,24000,PE,123.61,123.95,121.89,123.4,753,57257,0.1444
2025-08-25 12:20:00,24050,CE,343.19,348.58,341.98,342.92,829,67531,0.1428
2025-08-25 12:20:00,24050,PE,117.42,119.07,116.69,117.69,468,56683,0.142
2025-08-25 12:20:00,24100,CE,302.58,303.61,300.92,302.19,1050,62441,0.1455
2025-08-25 12:20:00,24100,PE,113.12,119.39,114.53,116.25,695,70928,0.1409
2025-08-25 12:20:00,24150,CE,251.16,259.12,252.81,253.4,1086,73322,0.1448
2025-08-25 12:20:00,24150,PE,121.46,120.54,119.78,120.18,1134,74716,0.144
2025-08-25 12:20:00,24200,CE,194.82,197.04,196.42,196.6,1175,84085,0.1411
2025-08-25 12:20:00,24200,PE,119.2,118.52,116.21,118.02,222,79182,0.1391
2025-08-25 12:20:00,24250,CE,149.36,150.48,147.17,148.3,783,73909,0.1432
2025-08-25 12:20:00,24250,PE,124.57,128.26,125.37,126.5,159,72127,0.1402
2025-08-25 12:20:00,24300,CE,119.63,121.97,120.06,121.03,1153,67922,0.1422
2025-08-25 12:20:00,24300,PE,140.34,142.02,140.84,141.72,1305,64815,0.1436
2025-08-25 12:20:00,24350,CE,118.34,119.54,116.24,117.59,1020,60604,0.1417
2025-08-25 12:20:00,24350,PE,186.45,185.56,182.53,185.31,1157,61594,0.1445
2025-08-25 12:20:00,24400,CE,128.66,129.38,128.06,128.94,700,50364,0.1425
2025-08-25 12:20:00,24400,PE,233.92,234.1,231.95,234.03,1232,53623,0.1417
2025-08-25 12:20:00,24450,CE,117.7,118.18,115.6,117.02,442,47410,0.139
2025-08-25 12:20:00,24450,PE,287.15,289.53,285.47,287.78,717,52147,0.1394
2025-08-25 12:20:00,24500,CE,122.07,122.51,120.27,121.07,357,48633,0.1434
2025-08-25 12:20:00,24500,PE,339.34,341.56,339.9,340.27,845,48467,0.1452
2025-08-25 12:20:00,24550,CE,119.32,120.01,117.76,118.27,374,44446,0.1458
2025-08-25 12:20:00,24550,PE,390.57,390.08,384.89,388.77,121,45158,0.1443
2025-08-25 12:20:00,24600,CE,127.29,128.15,125.08,127.61,144,42100,0.1448
2025-08-25 12:20:00,24600,PE,432.29,437.13,430.61,436.24,385,41349,0.142
2025-08-25 12:20:00,24650,CE,118.43,120.86,117.84,118.55,116,39602,0.1404
2025-08-25 12:20:00,24650,PE,485.55,491.19,485.42,489.49,626,36410,0.1412
2025-08-25 12:20:00,24700,CE,117.72,118.52,117.2,118.26,482,33068,0.1427
2025-08-25 12:20:00,24700,PE,535.73,548.15,528.62,533.19,405,32620,0.1419
2025-08-25 12:20:00,24750,CE,119.58,121.06,119.12,119.28,121,37073,0.14
2025-08-25 12:20:00,24750,PE,593.24,594.48,587.28,590.91,641,33615,0.1426
2025-08-25 12:20:00,24800,CE,124.48,126.73,124.25,124.38,567,25625,0.1432
2025-08-25 12:20:00,24800,PE,638.35,648.0,637.95,642.07,418,29601,0.142
2025-08-25 12:20:00,24850,CE,124.16,126.1,122.34,123.6,31,27981,0.1454
2025-08-25 12:20:00,24850,PE,676.29,692.33,681.62,684.73,128,34195,0.1429
2025-08-25 12:20:00,24900,CE,122.01,123.72,120.01,121.5,142,24684,0.1413
2025-08-25 12:20:00,24900,PE,751.88,748.08,734.72,745.12,279,29314,0.1422
2025-08-25 12:25:00,23500,CE,912.22,913.42,908.12,909.45,244,29199,0.1409
2025-08-25 12:25:00,23500,PE,108.39,110.51,108.13,109.17,321,26842,0.1454
2025-08-25 12:25:00,23550,CE,871.66,874.72,870.72,872.78,62,33214,0.1434
2025-08-25 12:25:00,23550,PE,114.14,117.11,114.22,114.45,137,32634,0.1461
2025-08-25 12:25:00,23600,CE,795.23,834.19,800.71,809.58,496,32413,0.1418
2025-08-25 12:25:00,23600,PE,117.13,118.36,115.79,117.91,455,32590,0.1434
2025-08-25 12:25:00,23650,CE,778.63,774.67,767.33,768.04,505,35778,0.1444
2025-08-25 12:25:00,23650,PE,125.92,127.51,126.4,126.61,451,32137,0.1456
2025-08-25 12:25:00,23700,CE,713.67,734.52,723.5,725.84,454,37641,0.1435
2025-08-25 12:25:00,23700,PE,123.87,126.72,125.07,125.83,521,36956,0.1449
2025-08-25 12:25:00,23750,CE,658.65,668.63,659.78,666.37,374,36485,0.1459
2025-08-25 12:25:00,23750,PE,121.58,121.81,117.48,120.63,327,36372,0.1464
2025-08-25 12:25:00,23800,CE,614.41,631.47,616.78,618.56,565,42665,0.1419
2025-08-25 12:25:00,23800,PE,129.47,131.53,126.55,128.7,38,39420,0.1442
2025-08-25 12:25:00,23850,CE,556.17,565.11,555.54,559.91,502,44786,0.1413
2025-08-25 12:25:00,23850,PE,116.3,117.15,115.42,116.02,484,40821,0.1397
2025-08-25 12:25:00,23900,CE,505.05,515.21,503.86,510.78,236,52634,0.1455
2025-08-25 12:25:00,23900,PE,120.42,120.46,119.56,119.74,247,47548,0.146
2025-08-25 12:25:00,23950,CE,467.0,475.91,466.76,466.91,114,51138,0.1435
2025-08-25 12:25:00,23950,PE,107.02,108.91,107.36,108.56,185,50970,0.1414
2025-08-25 12:25:00,24000,CE,404.88,408.62,400.88,405.2,250,57345,0.1429
2025-08-25 12:25:00,24000,PE,121.23,122.79,121.11,121.26,505,57246,0.1445
2025-08-25 12:25:00,24050,CE,365.78,368.3,367.03,367.67,570,67610,0.1429
2025-08-25 12:25:00,24050,PE,121.67,123.06,121.86,122.78,482,57091,0.1442
2025-08-25 12:25:00,24100,CE,314.02,314.28,308.53,312.91,774,62063,0.1445
2025-08-25 12:25:00,24100,PE,111.5,113.13,111.26,111.69,864,70538,0.1407
2025-08-25 12:25:00,24150,CE,270.99,274.75,268.01,272.9,110,73226,0.1419
2025-08-25 12:25:00,24150,PE,114.08,115.83,114.03,114.29,474,75059,0.1392
2025-08-25 12:25:00,24200,CE,217.12,221.61,216.6,216.83,935,83555,0.1422
2025-08-25 12:25:00,24200,PE,111.96,116.41,112.97,113.51,677,79536,0.1406
2025-08-25 12:25:00,24250,CE,166.1,169.6,163.34,164.66,1137,73909,0.1416
2025-08-25 12:25:00,24250,PE,116.88,118.1,114.81,115.7,959,72201,0.1439
2025-08-25 12:25:00,24300,CE,130.37,130.2,129.85,130.17,433,67999,0.1464
2025-08-25 12:25:00,24300,PE,126.47,126.86,126.5,126.62,1207,64282,0.1449
2025-08-25 12:25:00,24350,CE,126.79,128.0,126.36,126.44,1055,60303,0.1436
2025-08-25 12:25:00,24350,PE,174.77,175.82,171.69,174.06,36,61900,0.1463
2025-08-25 12:25:00,24400,CE,124.25,126.98,123.9,123.96,524,50258,0.1421
2025-08-25 12:25:00,24400,PE,220.46,222.85,217.37,220.43,826,53695,0.1442
2025-08-25 12:25:00,24450,CE,117.56,117.84,115.86,116.45,726,47943,0.1433
2025-08-25 12:25:00,24450,PE,268.02,276.89,265.99,271.2,760,51602,0.1417
2025-08-25 12:25:00,24500,CE,112.78,114.22,112.31,112.79,244,48572,0.1387
2025-08-25 12:25:00,24500,PE,327.05,336.42,325.54,327.36,499,48300,0.1427
2025-08-25 12:25:00,24550,CE,121.04,121.73,120.73,121.08,186,43973,0.145
2025-08-25 12:25:00,24550,PE,372.96,372.1,366.89,371.73,149,45698,0.1423
2025-08-25 12:25:00,24600,CE,121.49,122.16,121.23,121.87,348,42653,0.1425
2025-08-25 12:25:00,24600,PE,425.96,434.41,425.06,426.54,297,41122,0.1438
2025-08-25 12:25:00,24650,CE,112.15,117.8,113.07,114.13,394,40138,0.1422
2025-08-25 12:25:00,24650,PE,469.12,479.55,468.8,475.43,451,35852,0.1468
2025-08-25 12:25:00,24700,CE,119.26,121.1,117.26,118.92,207,33645,0.141
2025-08-25 12:25:00,24700,PE,522.3,519.3,511.21,515.93,123,33023,0.1391
2025-08-25 12:25:00,24750,CE,122.73,124.07,122.22,123.18,635,36730,0.1443
2025-08-25 12:25:00,24750,PE,567.74,580.98,571.1,574.86,386,33734,0.1433
2025-08-25 12:25:00,24800,CE,118.23,121.47,116.21,118.87,510,25982,0.1473
2025-08-25 12:25:00,24800,PE,626.32,624.94,619.32,623.41,48,29384,0.1436
2025-08-25 12:25:00,24850,CE,120.53,119.28,118.53,119.17,565,27805,0.1409
2025-08-25 12:25:00,24850,PE,675.0,673.32,663.6,669.18,155,34349,0.1412
2025-08-25 12:25:00,24900,CE,125.85,125.63,124.38,125.47,118,24260,0.1454
2025-08-25 12:25:00,24900,PE,723.09,722.31,717.61,720.7,454,28855,0.1424
2025-08-25 12:30:00,23500,CE,911.96,921.29,915.2,915.26,416,28898,0.1431
2025-08-25 12:30:00,23500,PE,116.4,118.53,116.63,118.08,56,27131,0.1417
2025-08-25 12:30:00,23550,CE,851.76,869.98,848.63,858.71,93,33053,0.1432
2025-08-25 12:30:00,23550,PE,120.69,120.27,119.53,119.95,177,32642,0.1401
2025-08-25 12:30:00,23600,CE,824.85,820.13,808.3,811.56,248,32047,0.1426
2025-08-25 12:30:00,23600,PE,122.45,123.14,119.49,121.75,127,32222,0.144
2025-08-25 12:30:00,23650,CE,763.51,761.19,752.07,759.59,38,35958,0.1429
2025-08-25 12:30:00,23650,PE,121.91,125.85,121.52,123.01,260,31667,0.144
2025-08-25 12:30:00,23700,CE,700.99,707.08,700.59,701.56,196,37842,0.1409
2025-08-25 12:30:00,23700,PE,127.22,129.62,127.08,127.37,170,36836,0.1448
2025-08-25 12:30:00,23750,CE,663.62,678.34,659.08,660.94,455,36690,0.1431
2025-08-25 12:30:00,23750,PE,127.58,127.36,126.39,126.98,429,36230,0.1447
2025-08-25 12:30:00,23800,CE,625.19,609.5,602.78,608.2,319,43080,0.1402
2025-08-25 12:30:00,23800,PE,115.31,117.65,115.16,116.98,566,38886,0.1425
2025-08-25 12:30:00,23850,CE,554.39,568.38,558.36,560.24,582,45257,0.143
2025-08-25 12:30:00,23850,PE,123.58,125.06,123.5,123.88,654,40543,0.1413
2025-08-25 12:30:00,23900,CE,516.91,525.37,510.99,513.54,379,52085,0.1421
2025-08-25 12:30:00,23900,PE,120.01,122.14,119.76,120.01,92,47622,0.1413
2025-08-25 12:30:00,23950,CE,473.03,479.04,466.38,471.76,176,50807,0.1448
2025-08-25 12:30:00,23950,PE,116.51,119.3,117.03,117.31,248,50921,0.142
2025-08-25 12:30:00,24000,CE,413.49,416.63,411.8,415.11,145,57707,0.1429
2025-08-25 12:30:00,24000,PE,125.01,125.36,123.8,124.47,589,57595,0.1398
2025-08-25 12:30:00,24050,CE,369.24,371.33,365.58,368.19,889,67730,0.1437
2025-08-25 12:30:00,24050,PE,118.47,118.04,117.44,117.66,357,57664,0.1434
2025-08-25 12:30:00,24100,CE,307.89,309.52,301.43,307.26,608,62019,0.1422
2025-08-25 12:30:00,24100,PE,129.91,128.92,127.98,128.15,451,69985,0.1429
2025-08-25 12:30:00,24150,CE,258.24,261.32,253.55,260.17,1135,73609,0.1417
2025-08-25 12:30:00,24150,PE,118.35,121.29,118.02,118.99,836,74724,0.1409
2025-08-25 12:30:00,24200,CE,207.51,208.19,207.32,207.91,1252,83166,0.1408
2025-08-25 12:30:00,24200,PE,118.62,118.96,117.66,118.03,342,79020,0.1426
2025-08-25 12:30:00,24250,CE,156.47,154.53,153.58,154.51,467,73702,0.1438
2025-08-25 12:30:00,24250,PE,108.94,109.94,108.58,108.82,1242,71992,0.1408
2025-08-25 12:30:00,24300,CE,118.89,120.63,119.73,119.91,1679,67762,0.1438
2025-08-25 12:30:00,24300,PE,125.01,127.83,125.4,125.84,934,64393,0.146
2025-08-25 12:30:00,24350,CE,112.1,114.38,111.6,111.98,1242,60604,0.1454
2025-08-25 12:30:00,24350,PE,171.77,177.92,172.91,174.01,1299,62425,0.1415
2025-08-25 12:30:00,24400,CE,113.74,114.71,113.35,113.86,171,49770,0.1425
2025-08-25 12:30:00,24400,PE,224.94,224.69,220.83,221.96,595,53275,0.1437
2025-08-25 12:30:00,24450,CE,118.3,117.25,116.33,116.95,577,48050,0.1423
2025-08-25 12:30:00,24450,PE,284.84,290.46,286.86,287.39,331,51119,0.1437
2025-08-25 12:30:00,24500,CE,116.17,117.82,114.65,115.62,995,48416,0.1419
2025-08-25 12:30:00,24500,PE,328.61,329.05,326.63,327.29,868,48449,0.1421
2025-08-25 12:30:00,24550,CE,120.93,122.65,118.8,119.68,624,44309,0.1429
2025-08-25 12:30:00,24550,PE,372.92,380.29,374.06,375.52,259,45359,0.1449
2025-08-25 12:30:00,24600,CE,117.55,122.21,118.41,118.62,852,42854,0.1423
2025-08-25 12:30:00,24600,PE,425.94,427.33,421.59,425.42,259,41297,0.1408
2025-08-25 12:30:00,24650,CE,114.32,115.76,113.86,114.02,317,40569,0.1411
2025-08-25 12:30:00,24650,PE,484.98,481.84,475.24,477.9,406,35628,0.146
2025-08-25 12:30:00,24700,CE,114.52,115.1,114.26,114.9,507,33945,0.1426
2025-08-25 12:30:00,24700,PE,521.88,538.54,527.63,529.73,279,33325,0.1461
2025-08-25 12:30:00,24750,CE,120.43,124.16,120.07,123.0,167,36417,0.1413
2025-08-25 12:30:00,24750,PE,574.87,576.6,573.22,576.14,564,33879,0.1419
2025-08-25 12:30:00,24800,CE,115.16,115.98,114.46,115.62,32,26192,0.1453
2025-08-25 12:30:00,24800,PE,628.91,637.08,627.22,628.8,202,29113,0.1422
2025-08-25 12:30:00,24850,CE,115.42,114.71,113.16,114.36,259,27747,0.143
2025-08-25 12:30:00,24850,PE,682.0,679.75,671.82,678.32,535,34271,0.1422
2025-08-25 12:30:00,24900,CE,115.7,117.78,116.68,116.78,174,24588,0.1404
2025-08-25 12:30:00,24900,PE,716.42,726.56,723.71,725.37,310,28255,0.1425
2025-08-25 12:35:00,23500,CE,935.31,950.43,932.56,933.37,293,28899,0.1451
2025-08-25 12:35:00,23500,PE,118.99,119.26,117.71,118.5,267,26752,0.1456
2025-08-25 12:35:00,23550,CE,873.16,880.09,870.84,874.29,234,33229,0.1443
2025-08-25 12:35:00,23550,PE,127.46,127.43,126.74,126.75,329,32858,0.1451
2025-08-25 12:35:00,23600,CE,825.47,838.33,830.02,831.65,505,32048,0.1428
2025-08-25 12:35:00,23600,PE,126.63,129.8,125.41,127.28,222,32272,0.1433
2025-08-25 12:35:00,23650,CE,778.52,798.81,786.6,788.37,181,35736,0.1489
2025-08-25 12:35:00,23650,PE,117.06,117.32,116.64,117.09,371,31442,0.1422
2025-08-25 12:35:00,23700,CE,737.34,730.97,727.36,729.07,425,38136,0.1444
2025-08-25 12:35:00,23700,PE,125.43,123.17,121.07,123.14,538,36394,0.1426
2025-08-25 12:35:00,23750,CE,694.11,698.87,690.59,690.93,223,37015,0.1458
2025-08-25 12:35:00,23750,PE,115.32,118.33,114.89,115.19,262,36416,0.1424
2025-08-25 12:35:00,23800,CE,645.16,635.35,626.93,627.49,470,43541,0.1443
2025-08-25 12:35:00,23800,PE,113.88,115.29,112.09,113.7,152,38598,0.1395
2025-08-25 12:35:00,23850,CE,573.26,585.8,575.96,576.72,325,45264,0.1427
2025-08-25 12:35:00,23850,PE,122.82,125.11,122.16,122.9,615,39989,0.1454
2025-08-25 12:35:00,23900,CE,525.56,534.99,528.08,528.42,188,52580,0.1448
2025-08-25 12:35:00,23900,PE,123.78,123.89,122.36,123.59,452,47832,0.1434
2025-08-25 12:35:00,23950,CE,485.06,490.45,482.27,483.29,205,50954,0.1414
2025-08-25 12:35:00,23950,PE,126.07,129.7,126.82,127.04,298,51200,0.1431
2025-08-25 12:35:00,24000,CE,417.53,421.15,412.04,419.36,90,57448,0.1441
2025-08-25 12:35:00,24000,PE,121.57,121.01,119.49,120.51,555,57719,0.1402
2025-08-25 12:35:00,24050,CE,377.13,388.32,376.62,379.33,786,68091,0.1453
2025-08-25 12:35:00,24050,PE,124.67,126.12,124.22,125.03,28,57172,0.1419
2025-08-25 12:35:00,24100,CE,332.42,332.42,327.54,331.46,375,62569,0.143
2025-08-25 12:35:00,24100,PE,116.65,118.85,115.35,116.58,499,70455,0.1459
2025-08-25 12:35:00,24150,CE,284.12,284.67,282.97,282.98,85,74164,0.1421
2025-08-25 12:35:00,24150,PE,119.08,118.53,115.49,117.13,88,75094,0.1409
2025-08-25 12:35:00,24200,CE,227.18,235.74,228.18,229.49,1139,82919,0.1418
2025-08-25 12:35:00,24200,PE,118.34,118.82,117.58,118.19,404,79117,0.1466
2025-08-25 12:35:00,24250,CE,178.62,178.49,176.04,177.42,1082,73246,0.1394
2025-08-25 12:35:00,24250,PE,119.29,119.2,118.41,119.11,371,72297,0.144
2025-08-25 12:35:00,24300,CE,127.99,127.65,125.99,126.92,1419,67346,0.1415
2025-08-25 12:35:00,24300,PE,121.3,124.12,120.41,121.37,1560,64833,0.1446
2025-08-25 12:35:00,24350,CE,122.74,123.32,122.92,122.95,1359,60292,0.144
2025-08-25 12:35:00,24350,PE,167.3,171.1,167.94,168.83,1053,62017,0.1418
2025-08-25 12:35:00,24400,CE,117.69,118.37,116.38,117.59,283,49255,0.1406
2025-08-25 12:35:00,24400,PE,205.35,209.74,207.47,208.36,677,53528,0.1392
2025-08-25 12:35:00,24450,CE,113.67,116.61,114.39,115.66,251,47673,0.1393
2025-08-25 12:35:00,24450,PE,257.89,260.78,257.16,259.98,343,50756,0.1412
2025-08-25 12:35:00,24500,CE,115.55,115.61,114.55,115.13,888,48019,0.1422
2025-08-25 12:35:00,24500,PE,316.54,313.07,307.45,311.62,308,48215,0.1407
2025-08-25 12:35:00,24550,CE,118.98,120.73,119.31,119.53,207,44838,0.1454
2025-08-25 12:35:00,24550,PE,374.17,373.11,367.43,370.11,214,45342,0.1471
2025-08-25 12:35:00,24600,CE,118.68,120.91,118.96,119.75,502,42567,0.1441
2025-08-25 12:35:00,24600,PE,416.7,421.15,412.27,412.87,421,40901,0.1477
2025-08-25 12:35:00,24650,CE,112.83,114.41,111.34,112.84,396,39991,0.143
2025-08-25 12:35:00,24650,PE,461.36,460.33,455.36,459.95,361,35465,0.1446
2025-08-25 12:35:00,24700,CE,125.7,128.12,124.09,125.37,269,33477,0.1438
2025-08-25 12:35:00,24700,PE,508.02,521.28,511.48,512.72,745,32757,0.1428
2025-08-25 12:35:00,24750,CE,122.44,123.11,120.93,122.48,111,35940,0.142
2025-08-25 12:35:00,24750,PE,561.67,563.26,556.63,562.47,679,33661,0.1452
2025-08-25 12:35:00,24800,CE,119.51,121.65,117.5,118.13,285,26493,0.1435
2025-08-25 12:35:00,24800,PE,624.47,624.05,612.28,616.6,42,28593,0.1434
2025-08-25 12:35:00,24850,CE,124.0,127.17,125.56,126.07,119,27961,0.1421
2025-08-25 12:35:00,24850,PE,673.71,668.82,659.3,666.8,596,34415,0.1435
2025-08-25 12:35:00,24900,CE,119.62,119.93,119.07,119.52,502,25046,0.1421
2025-08-25 12:35:00,24900,PE,702.84,702.47,699.55,702.11,165,27875,0.1432
2025-08-25 12:40:00,23500,CE,954.25,984.73,963.65,968.29,76,29252,0.1434
2025-08-25 12:40:00,23500,PE,114.53,116.65,115.75,116.34,298,27189,0.1435
2025-08-25 12:40:00,23550,CE,924.39,931.88,920.26,922.53,238,33800,0.1416
2025-08-25 12:40:00,23550,PE,118.52,120.36,119.07,119.1,414,33228,0.1432
2025-08-25 12:40:00,23600,CE,870.81,874.2,863.83,872.2,391,31596,0.1462
2025-08-25 12:40:00,23600,PE,116.78,117.48,115.96,116.01,363,32808,0.1415
2025-08-25 12:40:00,23650,CE,832.64,835.14,821.05,826.35,154,36113,0.143
2025-08-25 12:40:00,23650,PE,119.44,121.26,118.25,119.07,183,31096,0.1444
2025-08-25 12:40:00,23700,CE,777.7,780.63,774.5,777.48,394,37734,0.1457
2025-08-25 12:40:00,23700,PE,120.79,122.28,120.56,121.49,262,36917,0.1446
2025-08-25 12:40:00,23750,CE,725.64,729.27,718.04,721.68,96,36601,0.142
2025-08-25 12:40:00,23750,PE,127.95,130.12,127.91,129.55,535,36748,0.1446
2025-08-25 12:40:00,23800,CE,667.91,675.28,665.94,673.09,283,43427,0.1436
2025-08-25 12:40:00,23800,PE,125.88,127.49,126.34,127.05,580,38866,0.1455
2025-08-25 12:40:00,23850,CE,612.84,630.56,617.82,620.52,582,44774,0.144
2025-08-25 12:40:00,23850,PE,116.07,119.21,116.64,117.82,344,40259,0.1409
2025-08-25 12:40:00,23900,CE,565.05,568.15,559.06,565.37,35,52594,0.1432
2025-08-25 12:40:00,23900,PE,112.89,117.02,114.95,115.42,48,48312,0.1415
2025-08-25 12:40:00,23950,CE,526.93,532.0,525.12,529.52,504,50580,0.1429
2025-08-25 12:40:00,23950,PE,118.07,119.58,117.83,119.09,388,50731,0.1446
2025-08-25 12:40:00,24000,CE,468.41,470.08,461.14,468.08,639,57083,0.1397
2025-08-25 12:40:00,24000,PE,119.4,118.91,117.53,117.9,486,57213,0.1445
2025-08-25 12:40:00,24050,CE,428.16,428.11,422.19,424.35,147,68667,0.1433
2025-08-25 12:40:00,24050,PE,114.04,114.47,114.01,114.12,340,56719,0.1403
2025-08-25 12:40:00,24100,CE,386.61,394.04,387.75,388.7,663,62210,0.1448
2025-08-25 12:40:00,24100,PE,129.6,130.7,129.43,130.61,561,70826,0.145
2025-08-25 12:40:00,24150,CE,330.19,334.09,331.51,333.52,716,73860,0.1457
2025-08-25 12:40:00,24150,PE,121.83,125.39,119.65,121.64,259,74760,0.1419
2025-08-25 12:40:00,24200,CE,285.72,284.78,280.73,284.04,740,83125,0.1457
2025-08-25 12:40:00,24200,PE,121.81,122.26,121.42,122.1,614,78995,0.1467
2025-08-25 12:40:00,24250,CE,217.67,223.61,218.39,218.51,101,73648,0.1425
2025-08-25 12:40:00,24250,PE,111.45,112.89,111.13,112.0,874,72462,0.1423
2025-08-25 12:40:00,24300,CE,171.44,173.17,171.29,172.14,178,67091,0.1453
2025-08-25 12:40:00,24300,PE,120.75,120.23,117.29,118.1,476,64950,0.1418
2025-08-25 12:40:00,24350,CE,118.64,120.42,117.71,119.37,1408,60731,0.1442
2025-08-25 12:40:00,24350,PE,125.1,125.42,122.69,124.29,944,61854,0.1422
2025-08-25 12:40:00,24400,CE,121.15,123.15,121.83,121.95,642,49538,0.1419
2025-08-25 12:40:00,24400,PE,160.02,163.06,160.35,161.27,506,53426,0.1428
2025-08-25 12:40:00,24450,CE,118.71,121.76,118.49,119.7,1052,47724,0.1422
2025-08-25 12:40:00,24450,PE,210.26,210.01,209.32,209.35,634,51036,0.1431
2025-08-25 12:40:00,24500,CE,123.94,124.82,122.88,123.95,353,47491,0.1474
2025-08-25 12:40:00,24500,PE,273.31,278.03,272.98,275.34,931,48160,0.1426
2025-08-25 12:40:00,24550,CE,110.92,114.18,112.02,112.53,354,44352,0.1403
2025-08-25 12:40:00,24550,PE,318.66,320.47,316.78,318.61,976,45612,0.1438
2025-08-25 12:40:00,24600,CE,121.46,124.67,120.69,121.9,272,42696,0.143
2025-08-25 12:40:00,24600,PE,368.97,370.24,365.02,367.02,450,40693,0.1402
2025-08-25 12:40:00,24650,CE,120.77,125.89,121.14,121.35,280,39482,0.1433
2025-08-25 12:40:00,24650,PE,413.37,421.21,413.5,414.75,847,35975,0.1426
2025-08-25 12:40:00,24700,CE,123.26,121.53,119.28,120.63,697,33255,0.1446
2025-08-25 12:40:00,24700,PE,475.71,478.09,463.02,469.43,797,32487,0.1448
2025-08-25 12:40:00,24750,CE,122.98,125.14,123.23,123.84,612,35461,0.146
2025-08-25 12:40:00,24750,PE,514.13,524.95,515.01,519.47,238,33753,0.147
2025-08-25 12:40:00,24800,CE,118.49,120.52,117.9,118.54,667,26211,0.1429
2025-08-25 12:40:00,24800,PE,566.14,570.87,560.07,563.91,304,29004,0.1431
2025-08-25 12:40:00,24850,CE,124.99,126.91,124.02,124.38,310,28180,0.1446
2025-08-25 12:40:00,24850,PE,607.88,621.81,604.45,613.25,276,33819,0.1462
2025-08-25 12:40:00,24900,CE,113.23,112.66,111.57,112.62,178,25124,0.144
2025-08-25 12:40:00,24900,PE,665.22,670.39,660.01,665.11,21,27553,0.1426
2025-08-25 12:45:00,23500,CE,1003.02,993.36,989.4,991.67,414,28670,0.145
2025-08-25 12:45:00,23500,PE,124.73,122.71,121.41,122.52,112,27332,0.1464
2025-08-25 12:45:00,23550,CE,945.73,965.33,947.35,947.76,259,33445,0.1451
2025-08-25 12:45:00,23550,PE,119.3,120.62,120.0,120.34,34,33707,0.1465
2025-08-25 12:45:00,23600,CE,887.64,902.35,886.66,896.05,265,31684,0.1451
2025-08-25 12:45:00,23600,PE,127.31,127.28,125.36,127.06,34,32459,0.1428
2025-08-25 12:45:00,23650,CE,828.01,856.06,843.52,844.03,44,36687,0.1429
2025-08-25 12:45:00,23650,PE,117.49,117.27,115.59,116.5,386,31151,0.1446
2025-08-25 12:45:00,23700,CE,797.02,793.07,788.81,791.86,361,37332,0.1451
2025-08-25 12:45:00,23700,PE,121.55,126.09,120.87,123.18,520,36937,0.1415
2025-08-25 12:45:00,23750,CE,748.7,747.84,742.1,745.88,291,37152,0.1445
2025-08-25 12:45:00,23750,PE,117.2,119.03,117.06,117.75,61,36657,0.1421
2025-08-25 12:45:00,23800,CE,699.94,707.46,692.61,693.04,60,43337,0.1442
2025-08-25 12:45:00,23800,PE,116.79,117.12,115.99,116.28,164,38819,0.145
2025-08-25 12:45:00,23850,CE,644.22,653.06,646.27,646.38,442,44510,0.1449
2025-08-25 12:45:00,23850,PE,112.14,113.16,111.33,113.12,41,39853,0.1441
2025-08-25 12:45:00,23900,CE,605.29,608.07,600.3,602.97,480,52688,0.1466
2025-08-25 12:45:00,23900,PE,124.27,125.57,122.97,123.88,653,48785,0.1461
2025-08-25 12:45:00,23950,CE,528.06,536.54,518.09,530.71,125,50862,0.1396
2025-08-25 12:45:00,23950,PE,119.58,120.06,118.76,119.68,75,50246,0.143
2025-08-25 12:45:00,24000,CE,490.26,490.46,485.82,490.39,613,56964,0.1449
2025-08-25 12:45:00,24000,PE,106.79,108.6,105.87,107.01,767,56619,0.1402
2025-08-25 12:45:00,24050,CE,448.25,455.9,437.87,448.63,425,68436,0.1439
2025-08-25 12:45:00,24050,PE,117.17,119.22,117.71,117.74,822,56922,0.1443
2025-08-25 12:45:00,24100,CE,378.2,388.5,379.9,381.68,705,61958,0.1434
2025-08-25 12:45:00,24100,PE,125.57,126.71,125.03,126.27,815,71234,0.1493
2025-08-25 12:45:00,24150,CE,347.63,352.8,345.34,346.41,788,73832,0.1422
2025-08-25 12:45:00,24150,PE,108.23,110.61,108.45,108.63,924,74963,0.1386
2025-08-25 12:45:00,24200,CE,278.91,283.99,279.48,282.47,90,83585,0.145
2025-08-25 12:45:00,24200,PE,123.95,125.84,122.19,123.58,41,79214,0.1429
2025-08-25 12:45:00,24250,CE,243.81,240.57,234.08,236.78,328,74124,0.1432
2025-08-25 12:45:00,24250,PE,121.31,123.84,121.88,122.5,918,72831,0.1455
2025-08-25 12:45:00,24300,CE,195.42,196.64,195.17,196.23,1008,67171,0.1437
2025-08-25 12:45:00,24300,PE,120.28,124.12,119.51,121.51,1238,64706,0.145
2025-08-25 12:45:00,24350,CE,142.86,144.08,142.13,143.95,895,60488,0.1432
2025-08-25 12:45:00,24350,PE,128.05,128.26,125.13,125.36,214,62304,0.1431
2025-08-25 12:45:00,24400,CE,129.6,128.98,128.22,128.4,824,49002,0.1432
2025-08-25 12:45:00,24400,PE,149.54,151.9,146.33,149.87,1351,53955,0.1447
2025-08-25 12:45:00,24450,CE,110.76,111.7,110.0,110.89,936,47516,0.1431
2025-08-25 12:45:00,24450,PE,208.44,206.0,201.28,204.43,1209,51322,0.1483
2025-08-25 12:45:00,24500,CE,123.34,123.28,121.17,122.99,365,47287,0.1457
2025-08-25 12:45:00,24500,PE,243.14,243.94,241.23,243.69,1215,48703,0.1438
2025-08-25 12:45:00,24550,CE,110.62,113.51,110.21,110.88,747,43795,0.1436
2025-08-25 12:45:00,24550,PE,296.62,301.72,297.01,298.0,265,45435,0.1435
2025-08-25 12:45:00,24600,CE,109.02,110.09,108.05,108.29,536,43136,0.1448
2025-08-25 12:45:00,24600,PE,333.88,338.77,334.04,336.65,840,40421,0.1446
2025-08-25 12:45:00,24650,CE,121.55,121.82,121.18,121.72,110,39212,0.1424
2025-08-25 12:45:00,24650,PE,405.4,406.7,399.34,402.23,222,36453,0.144
2025-08-25 12:45:00,24700,CE,117.32,117.42,115.05,117.11,25,33651,0.1419
2025-08-25 12:45:00,24700,PE,455.0,467.34,452.65,458.48,546,32013,0.1462
2025-08-25 12:45:00,24750,CE,113.52,115.73,113.79,114.07,525,35557,0.1407
2025-08-25 12:45:00,24750,PE,498.75,504.5,497.72,499.97,15,33421,0.142
2025-08-25 12:45:00,24800,CE,113.9,113.36,112.99,113.35,254,25869,0.1446
2025-08-25 12:45:00,24800,PE,544.86,558.98,536.23,543.79,414,29142,0.1426
2025-08-25 12:45:00,24850,CE,118.38,117.54,114.42,117.22,121,27728,0.1439
2025-08-25 12:45:00,24850,PE,607.04,599.15,595.71,598.51,436,33782,0.1407
2025-08-25 12:45:00,24900,CE,117.45,119.06,117.12,117.35,171,24830,0.1409
2025-08-25 12:45:00,24900,PE,657.61,655.23,632.32,647.6,34,27977,0.1469
2025-08-25 12:50:00,23500,CE,975.4,982.9,975.88,980.06,371,28735,0.1436
2025-08-25 12:50:00,23500,PE,126.89,127.82,126.83,127.18,158,26990,0.1438
2025-08-25 12:50:00,23550,CE,938.07,935.55,928.66,930.16,146,33956,0.1454
2025-08-25 12:50:00,23550,PE,121.8,122.34,121.35,121.78,47,34094,0.1409
2025-08-25 12:50:00,23600,CE,870.87,900.57,876.37,882.79,152,31402,0.1436
2025-08-25 12:50:00,23600,PE,129.43,133.32,129.24,129.66,392,33012,0.1471
2025-08-25 12:50:00,23650,CE,838.71,833.48,831.48,831.94,502,36408,0.1447
2025-08-25 12:50:00,23650,PE,117.86,118.57,116.67,117.58,302,30902,0.1423
2025-08-25 12:50:00,23700,CE,771.5,786.81,769.07,770.48,110,37195,0.1425
2025-08-25 12:50:00,23700,PE,115.97,116.52,114.55,114.72,41,36534,0.1427
2025-08-25 12:50:00,23750,CE,727.12,734.58,723.91,727.85,339,37376,0.1419
2025-08-25 12:50:00,23750,PE,121.77,122.78,121.65,122.59,159,36725,0.1454
2025-08-25 12:50:00,23800,CE,686.49,698.92,674.37,681.09,459,43810,0.1443
2025-08-25 12:50:00,23800,PE,115.34,119.84,115.15,115.81,343,38508,0.1436
2025-08-25 12:50:00,23850,CE,625.56,636.38,631.06,632.61,455,44114,0.1423
2025-08-25 12:50:00,23850,PE,113.26,115.65,113.64,114.64,97,39683,0.1441
2025-08-25 12:50:00,23900,CE,577.04,582.9,576.18,580.17,230,52263,0.1472
2025-08-25 12:50:00,23900,PE,118.37,117.76,116.44,117.06,46,49320,0.1419
2025-08-25 12:50:00,23950,CE,535.53,543.37,533.4,537.26,496,51122,0.1458
2025-08-25 12:50:00,23950,PE,112.27,114.01,111.92,111.97,59,50601,0.1422
2025-08-25 12:50:00,24000,CE,468.83,477.29,469.92,471.32,294,57261,0.1376
2025-08-25 12:50:00,24000,PE,129.49,129.9,129.36,129.5,391,56310,0.143
2025-08-25 12:50:00,24050,CE,436.01,449.24,429.42,435.2,233,68004,0.1436
2025-08-25 12:50:00,24050,PE,114.36,114.91,114.16,114.88,709,56837,0.1456
2025-08-25 12:50:00,24100,CE,385.29,394.01,386.7,387.31,729,62352,0.1451
2025-08-25 12:50:00,24100,PE,127.81,130.38,125.29,126.65,168,71030,0.1445
2025-08-25 12:50:00,24150,CE,324.38,324.42,316.69,324.18,142,73243,0.1412
2025-08-25 12:50:00,24150,PE,119.99,120.51,120.45,120.47,1013,75155,0.146
2025-08-25 12:50:00,24200,CE,275.08,280.38,273.22,273.87,527,83225,0.1445
2025-08-25 12:50:00,24200,PE,128.84,129.88,129.79,129.88,683,79265,0.1416
2025-08-25 12:50:00,24250,CE,235.49,235.64,234.37,235.03,304,73541,0.1444
2025-08-25 12:50:00,24250,PE,124.2,125.92,123.46,125.41,617,72841,0.1413
2025-08-25 12:50:00,24300,CE,182.36,181.61,180.43,181.39,1189,67043,0.1449
2025-08-25 12:50:00,24300,PE,129.12,130.7,129.09,129.57,165,65162,0.1441
2025-08-25 12:50:00,24350,CE,136.96,137.33,135.38,136.64,738,60754,0.1437
2025-08-25 12:50:00,24350,PE,120.59,119.32,117.7,119.02,102,61747,0.1393
2025-08-25 12:50:00,24400,CE,122.07,122.93,121.83,122.18,61,49349,0.1466
2025-08-25 12:50:00,24400,PE,159.64,156.98,154.07,156.94,397,54304,0.1433
2025-08-25 12:50:00,24450,CE,115.64,118.38,116.66,117.55,1281,47712,0.1425
2025-08-25 12:50:00,24450,PE,218.76,219.16,214.42,216.7,1335,51837,0.1416
2025-08-25 12:50:00,24500,CE,118.1,117.35,115.54,117.34,868,47650,0.1445
2025-08-25 12:50:00,24500,PE,261.49,261.99,260.97,261.97,728,48365,0.146
2025-08-25 12:50:00,24550,CE,122.86,123.4,120.75,121.5,125,43652,0.1388
2025-08-25 12:50:00,24550,PE,309.73,315.84,310.52,312.99,515,45254,0.1427
2025-08-25 12:50:00,24600,CE,121.19,122.66,119.04,120.93,112,43141,0.1436
2025-08-25 12:50:00,24600,PE,368.53,368.82,356.86,364.55,488,40965,0.1464
2025-08-25 12:50:00,24650,CE,117.24,116.56,115.95,116.02,839,39350,0.14
2025-08-25 12:50:00,24650,PE,412.21,416.4,405.4,410.61,749,36228,0.1428
2025-08-25 12:50:00,24700,CE,121.97,123.09,121.94,122.51,783,34180,0.1416
2025-08-25 12:50:00,24700,PE,461.43,467.12,453.17,459.36,112,32253,0.1389
2025-08-25 12:50:00,24750,CE,120.1,119.75,117.17,119.72,348,35276,0.1443
2025-08-25 12:50:00,24750,PE,511.25,517.78,507.68,510.51,315,33908,0.1405
2025-08-25 12:50:00,24800,CE,125.04,124.33,123.03,124.01,643,25682,0.1402
2025-08-25 12:50:00,24800,PE,561.99,570.35,557.22,559.22,327,29161,0.1417
2025-08-25 12:50:00,24850,CE,117.04,116.91,113.93,116.41,479,27703,0.1425
2025-08-25 12:50:00,24850,PE,615.02,607.67,588.41,604.69,263,34290,0.1439
2025-08-25 12:50:00,24900,CE,114.96,117.51,115.89,116.38,233,24548,0.1416
2025-08-25 12:50:00,24900,PE,656.24,670.2,658.29,663.0,206,27776,0.1428
2025-08-25 12:55:00,23500,CE,990.45,989.57,969.71,984.14,244,28927,0.1448
2025-08-25 12:55:00,23500,PE,132.09,131.73,130.12,131.03,64,27453,0.1461
2025-08-25 12:55:00,23550,CE,946.55,945.32,937.14,937.39,120,33493,0.1437
2025-08-25 12:55:00,23550,PE,124.76,125.26,123.6,124.97,306,33745,0.1414
2025-08-25 12:55:00,23600,CE,874.48,892.58,882.48,887.69,359,31939,0.1452
2025-08-25 12:55:00,23600,PE,116.79,117.71,115.56,116.08,332,33344,0.1468
2025-08-25 12:55:00,23650,CE,836.08,848.97,837.46,839.31,251,36223,0.1443
2025-08-25 12:55:00,23650,PE,121.08,122.74,120.14,121.48,310,30731,0.1442
2025-08-25 12:55:00,23700,CE,792.71,790.4,784.95,786.52,463,37158,0.1433
2025-08-25 12:55:00,23700,PE,124.2,124.87,122.52,123.95,267,36742,0.1442
2025-08-25 12:55:00,23750,CE,747.31,748.69,742.63,746.7,112,37449,0.146
2025-08-25 12:55:00,23750,PE,115.25,118.11,114.49,116.51,422,37056,0.1428
2025-08-25 12:55:00,23800,CE,681.21,695.23,686.91,688.76,140,43275,0.1395
2025-08-25 12:55:00,23800,PE,122.16,123.95,121.83,122.44,122,38890,0.1442
2025-08-25 12:55:00,23850,CE,640.27,640.71,627.42,633.71,173,43583,0.1401
2025-08-25 12:55:00,23850,PE,119.58,121.4,119.86,120.14,378,40140,0.1461
2025-08-25 12:55:00,23900,CE,585.23,592.72,578.64,580.85,158,51714,0.1435
2025-08-25 12:55:00,23900,PE,117.12,118.03,115.99,116.69,103,48873,0.1451
2025-08-25 12:55:00,23950,CE,536.48,542.51,533.52,537.38,156,50738,0.143
2025-08-25 12:55:00,23950,PE,123.29,123.39,122.45,123.22,460,50268,0.1441
2025-08-25 12:55:00,24000,CE,494.44,494.69,484.12,487.35,428,57143,0.145
2025-08-25 12:55:00,24000,PE,119.21,121.6,118.91,119.5,509,56496,0.1449
2025-08-25 12:55:00,24050,CE,433.59,436.53,435.99,436.34,501,68475,0.1426
2025-08-25 12:55:00,24050,PE,128.12,127.49,126.38,127.47,175,56866,0.1453
2025-08-25 12:55:00,24100,CE,393.03,395.6,387.81,391.12,368,62390,0.142
2025-08-25 12:55:00,24100,PE,121.77,123.48,121.35,123.25,140,70813,0.1442
2025-08-25 12:55:00,24150,CE,342.44,347.38,338.95,344.2,946,73603,0.1439
2025-08-25 12:55:00,24150,PE,113.75,115.28,113.68,114.04,437,74687,0.1455
2025-08-25 12:55:00,24200,CE,290.12,298.17,291.36,292.68,730,82986,0.1448
2025-08-25 12:55:00,24200,PE,116.5,118.88,116.93,117.85,380,78781,0.1427
2025-08-25 12:55:00,24250,CE,235.56,235.15,234.62,234.89,377,73198,0.1457
2025-08-25 12:55:00,24250,PE,113.15,114.33,113.1,113.16,62,72944,0.143
2025-08-25 12:55:00,24300,CE,187.99,193.17,188.06,190.93,1394,66594,0.1407
2025-08-25 12:55:00,24300,PE,121.04,122.03,121.07,121.75,97,64682,0.1442
2025-08-25 12:55:00,24350,CE,133.55,136.5,133.52,134.17,929,61145,0.1424
2025-08-25 12:55:00,24350,PE,114.88,116.41,113.85,113.96,539,61288,0.1457
2025-08-25 12:55:00,24400,CE,111.32,112.51,110.47,111.54,179,49478,0.1441
2025-08-25 12:55:00,24400,PE,152.08,152.5,149.01,150.31,596,54126,0.1464
2025-08-25 12:55:00,24450,CE,120.68,122.15,121.97,122.0,350,48187,0.1428
2025-08-25 12:55:00,24450,PE,198.13,199.26,195.79,195.93,537,52086,0.142
2025-08-25 12:55:00,24500,CE,126.21,126.71,125.96,126.48,914,47121,0.1412
2025-08-25 12:55:00,24500,PE,253.15,257.1,254.44,255.85,319,48839,0.1475
2025-08-25 12:55:00,24550,CE,117.55,119.23,117.29,117.78,965,43548,0.1451
2025-08-25 12:55:00,24550,PE,298.76,300.81,296.91,298.67,185,45011,0.1429
2025-08-25 12:55:00,24600,CE,117.84,119.09,116.82,117.15,935,43348,0.1394
2025-08-25 12:55:00,24600,PE,355.87,358.23,353.96,355.55,89,41226,0.1457
2025-08-25 12:55:00,24650,CE,129.62,129.8,128.04,129.79,144,39113,0.1404
2025-08-25 12:55:00,24650,PE,395.33,406.65,391.06,400.01,439,36049,0.143
2025-08-25 12:55:00,24700,CE,121.99,124.34,120.89,121.58,577,33767,0.1424
2025-08-25 12:55:00,24700,PE,445.97,452.33,447.3,449.41,722,32365,0.1419
2025-08-25 12:55:00,24750,CE,108.65,108.36,107.45,107.61,240,35824,0.1408
2025-08-25 12:55:00,24750,PE,502.96,503.85,493.71,501.52,369,33807,0.1441
2025-08-25 12:55:00,24800,CE,115.59,116.76,115.43,116.12,26,26277,0.1424
2025-08-25 12:55:00,24800,PE,551.9,554.2,551.49,552.37,599,28772,0.1423
2025-08-25 12:55:00,24850,CE,121.93,125.18,121.69,122.57,625,28058,0.145
2025-08-25 12:55:00,24850,PE,607.3,615.24,595.29,598.11,284,34803,0.1417
2025-08-25 12:55:00,24900,CE,123.9,126.37,122.58,123.49,350,24773,0.1429
2025-08-25 12:55:00,24900,PE,642.24,645.43,637.08,642.94,121,27307,0.14
2025-08-25 13:00:00,23500,CE,998.33,1006.12,993.55,997.87,231,28718,0.1449
2025-08-25 13:00:00,23500,PE,116.01,119.67,117.36,117.38,423,26955,0.1428
2025-08-25 13:00:00,23550,CE,953.14,967.15,940.51,949.5,345,33615,0.1429
2025-08-25 13:00:00,23550,PE,115.82,115.85,114.38,115.76,397,34342,0.1439
2025-08-25 13:00:00,23600,CE,900.57,913.15,886.66,904.75,412,31788,0.1431
2025-08-25 13:00:00,23600,PE,122.07,123.25,121.01,122.34,331,32939,0.1448
2025-08-25 13:00:00,23650,CE,861.33,859.64,846.29,852.19,245,35945,0.145
2025-08-25 13:00:00,23650,PE,120.26,123.86,121.3,121.91,130,30815,0.1419
2025-08-25 13:00:00,23700,CE,812.18,808.02,793.73,805.66,73,37240,0.1473
2025-08-25 13:00:00,23700,PE,123.1,122.11,121.01,121.42,214,36417,0.1459
2025-08-25 13:00:00,23750,CE,750.87,760.64,734.87,751.36,313,37749,0.1432
2025-08-25 13:00:00,23750,PE,120.52,122.02,119.69,120.75,339,36561,0.1429
2025-08-25 13:00:00,23800,CE,692.72,707.5,693.36,700.6,331,43422,0.1431
2025-08-25 13:00:00,23800,PE,118.95,123.26,118.87,120.06,401,38800,0.1441
2025-08-25 13:00:00,23850,CE,657.87,657.68,649.34,652.56,67,43135,0.1422
2025-08-25 13:00:00,23850,PE,123.36,126.01,122.7,123.77,212,40301,0.1425
2025-08-25 13:00:00,23900,CE,600.43,603.16,594.11,596.53,490,51921,0.1432
2025-08-25 13:00:00,23900,PE,111.76,112.85,112.24,112.71,213,48801,0.1418
2025-08-25 13:00:00,23950,CE,545.52,550.98,547.86,549.09,43,51095,0.1466
2025-08-25 13:00:00,23950,PE,118.5,121.46,118.46,118.78,256,50279,0.1469
2025-08-25 13:00:00,24000,CE,501.6,515.77,500.26,502.81,348,56885,0.142
2025-08-25 13:00:00,24000,PE,117.71,118.5,115.86,117.31,138,57040,0.1462
2025-08-25 13:00:00,24050,CE,444.97,461.15,447.67,452.09,110,69007,0.1415
2025-08-25 13:00:00,24050,PE,120.92,122.35,120.36,120.37,105,56380,0.1412
2025-08-25 13:00:00,24100,CE,403.58,403.09,397.13,398.74,810,62925,0.1417
2025-08-25 13:00:00,24100,PE,113.88,116.06,113.72,114.11,803,71143,0.1415
2025-08-25 13:00:00,24150,CE,357.02,355.22,350.96,353.44,492,73130,0.142
2025-08-25 13:00:00,24150,PE,114.99,114.74,112.76,113.9,588,74710,0.1434
2025-08-25 13:00:00,24200,CE,294.54,294.27,291.23,292.54,807,82427,0.1435
2025-08-25 13:00:00,24200,PE,123.0,126.41,125.06,125.3,100,78887,0.144
2025-08-25 13:00:00,24250,CE,243.54,248.2,241.69,242.71,1050,73717,0.1423
2025-08-25 13:00:00,24250,PE,117.14,118.58,116.65,117.57,705,72785,0.1407
2025-08-25 13:00:00,24300,CE,197.62,198.2,195.64,197.09,671,66604,0.1453
2025-08-25 13:00:00,24300,PE,129.64,129.92,127.81,129.26,872,64355,0.1446
2025-08-25 13:00:00,24350,CE,148.2,148.42,146.89,148.31,647,61194,0.1403
2025-08-25 13:00:00,24350,PE,116.0,115.84,115.36,115.45,1384,61651,0.1423
2025-08-25 13:00:00,24400,CE,130.41,131.41,128.38,129.88,1273,49136,0.1414
2025-08-25 13:00:00,24400,PE,138.01,139.08,137.03,137.84,699,54190,0.1405
2025-08-25 13:00:00,24450,CE,123.15,124.19,123.88,124.11,1392,48012,0.1453
2025-08-25 13:00:00,24450,PE,189.37,191.16,189.13,189.69,1322,52383,0.1416
2025-08-25 13:00:00,24500,CE,120.63,121.24,120.55,121.23,804,47363,0.1422
2025-08-25 13:00:00,24500,PE,249.59,253.53,246.47,246.99,1001,49077,0.1429
2025-08-25 13:00:00,24550,CE,125.71,129.13,124.61,126.22,757,43401,0.1455
2025-08-25 13:00:00,24550,PE,288.62,286.6,282.97,284.54,488,45130,0.1419
2025-08-25 13:00:00,24600,CE,117.65,116.2,114.58,115.92,850,43529,0.1417
2025-08-25 13:00:00,24600,PE,338.02,339.37,338.32,338.77,992,41442,0.1422
2025-08-25 13:00:00,24650,CE,125.01,125.18,123.85,124.4,381,39203,0.1476
2025-08-25 13:00:00,24650,PE,393.12,393.36,387.82,390.93,574,36489,0.1429
2025-08-25 13:00:00,24700,CE,120.07,121.7,119.78,119.97,224,33465,0.1428
2025-08-25 13:00:00,24700,PE,432.41,431.47,426.75,429.74,179,31831,0.1447
2025-08-25 13:00:00,24750,CE,122.11,124.24,121.02,121.97,525,36379,0.1455
2025-08-25 13:00:00,24750,PE,484.47,494.03,476.19,488.77,478,33279,0.1396
2025-08-25 13:00:00,24800,CE,123.11,124.8,121.1,122.84,268,26760,0.1455
2025-08-25 13:00:00,24800,PE,528.79,534.07,529.34,533.63,48,28906,0.1416
2025-08-25 13:00:00,24850,CE,117.98,117.95,117.49,117.58,300,28560,0.1415
2025-08-25 13:00:00,24850,PE,592.37,598.43,587.6,592.93,348,34880,0.1424
2025-08-25 13:00:00,24900,CE,115.33,118.18,115.87,116.71,455,25158,0.1403
2025-08-25 13:00:00,24900,PE,640.89,647.24,639.56,641.13,328,27572,0.1434
2025-08-25 13:05:00,23500,CE,1062.15,1061.88,1057.81,1061.17,333,28748,0.1414
2025-08-25 13:05:00,23500,PE,122.29,123.4,121.36,121.58,297,26790,0.1459
2025-08-25 13:05:00,23550,CE,1021.46,1020.09,1004.66,1008.59,157,33018,0.1441
2025-08-25 13:05:00,23550,PE,125.5,127.36,125.88,126.34,290,34043,0.1433
2025-08-25 13:05:00,23600,CE,952.02,985.8,958.36,959.75,367,32330,0.1419
2025-08-25 13:05:00,23600,PE,117.62,119.05,116.43,117.07,394,32669,0.1435
2025-08-25 13:05:00,23650,CE,893.71,913.55,900.29,901.18,309,36247,0.1433
2025-08-25 13:05:00,23650,PE,137.57,135.88,135.17,135.6,241,30825,0.1466
2025-08-25 13:05:00,23700,CE,853.08,866.11,856.0,859.72,221,37010,0.1429
2025-08-25 13:05:00,23700,PE,111.47,113.11,111.99,112.39,286,37006,0.143
2025-08-25 13:05:00,23750,CE,813.87,810.3,801.7,808.82,120,37205,0.1478
2025-08-25 13:05:00,23750,PE,122.74,124.33,122.45,122.93,37,36659,0.1417
2025-08-25 13:05:00,23800,CE,745.85,754.18,743.11,749.73,154,43375,0.145
2025-08-25 13:05:00,23800,PE,122.11,122.54,121.12,121.95,521,38291,0.1446
2025-08-25 13:05:00,23850,CE,699.66,719.64,696.21,699.66,109,42791,0.1431
2025-08-25 13:05:00,23850,PE,120.56,121.13,120.54,121.12,270,40534,0.1427
2025-08-25 13:05:00,23900,CE,665.18,676.45,659.21,660.92,121,51450,0.1467
2025-08-25 13:05:00,23900,PE,123.48,124.66,122.19,123.65,61,49162,0.1407
2025-08-25 13:05:00,23950,CE,607.08,614.71,601.58,606.68,29,51245,0.141
2025-08-25 13:05:00,23950,PE,129.61,131.9,128.79,130.23,383,49800,0.1475
2025-08-25 13:05:00,24000,CE,556.23,560.77,551.44,556.01,392,56629,0.1405
2025-08-25 13:05:00,24000,PE,115.24,116.05,114.32,115.64,367,56604,0.1435
2025-08-25 13:05:00,24050,CE,513.0,509.16,503.31,505.65,508,69364,0.1441
2025-08-25 13:05:00,24050,PE,118.84,118.94,117.98,118.76,14,56419,0.146
2025-08-25 13:05:00,24100,CE,446.55,452.53,441.08,448.87,533,62328,0.1407
2025-08-25 13:05:00,24100,PE,124.12,124.69,123.87,124.31,595,71194,0.1413
2025-08-25 13:05:00,24150,CE,407.51,409.14,402.31,407.93,282,73109,0.1429
2025-08-25 13:05:00,24150,PE,129.51,131.25,128.17,129.14,611,74881,0.1469
2025-08-25 13:05:00,24200,CE,357.14,362.01,353.78,356.53,762,81868,0.1451
2025-08-25 13:05:00,24200,PE,125.44,126.68,126.35,126.59,772,78329,0.142
2025-08-25 13:05:00,24250,CE,310.7,308.13,306.39,308.06,709,73536,0.1448
2025-08-25 13:05:00,24250,PE,123.49,123.9,121.08,123.03,85,73011,0.1436
2025-08-25 13:05:00,24300,CE,251.84,253.58,247.6,251.74,679,66803,0.1398
2025-08-25 13:05:00,24300,PE,119.38,119.88,116.65,118.68,468,64088,0.1424
2025-08-25 13:05:00,24350,CE,195.32,201.51,197.7,197.99,871,60853,0.1431
2025-08-25 13:05:00,24350,PE,112.68,114.13,111.47,112.5,1126,61870,0.1408
2025-08-25 13:05:00,24400,CE,139.7,143.14,140.93,141.73,1602,48568,0.1441
2025-08-25 13:05:00,24400,PE,123.75,124.7,122.62,123.74,949,54258,0.1406
2025-08-25 13:05:00,24450,CE,117.72,121.94,118.45,118.86,1462,47920,0.142
2025-08-25 13:05:00,24450,PE,125.56,127.86,125.7,126.37,1595,52069,0.1394
2025-08-25 13:05:00,24500,CE,126.41,127.52,123.86,125.94,1245,47387,0.1445
2025-08-25 13:05:00,24500,PE,182.22,189.78,183.7,184.24,1373,48737,0.1442
2025-08-25 13:05:00,24550,CE,112.66,113.47,111.54,112.52,345,43478,0.1402
2025-08-25 13:05:00,24550,PE,232.22,237.44,232.6,233.16,709,44708,0.1408
2025-08-25 13:05:00,24600,CE,133.91,134.4,131.87,133.83,739,43415,0.1457
2025-08-25 13:05:00,24600,PE,291.98,297.73,290.43,292.85,185,41454,0.1423
2025-08-25 13:05:00,24650,CE,114.92,117.95,115.82,116.33,711,38641,0.1443
2025-08-25 13:05:00,24650,PE,328.7,333.85,322.65,328.34,933,36621,0.1412
2025-08-25 13:05:00,24700,CE,121.69,121.0,119.18,120.05,250,33765,0.145
2025-08-25 13:05:00,24700,PE,377.9,388.12,377.85,381.79,778,32378,0.1424
2025-08-25 13:05:00,24750,CE,123.57,122.54,118.46,122.08,668,36022,0.1463
2025-08-25 13:05:00,24750,PE,438.44,442.57,440.01,440.53,149,32929,0.1404
2025-08-25 13:05:00,24800,CE,117.5,117.58,116.62,117.06,681,26525,0.1425
2025-08-25 13:05:00,24800,PE,492.82,497.07,482.99,487.68,264,29374,0.1438
2025-08-25 13:05:00,24850,CE,112.53,113.85,113.02,113.44,156,28448,0.1413
2025-08-25 13:05:00,24850,PE,530.22,530.81,522.27,528.46,221,34642,0.1435
2025-08-25 13:05:00,24900,CE,110.38,115.91,109.83,111.42,404,25447,0.1444
2025-08-25 13:05:00,24900,PE,578.64,589.02,575.32,580.24,186,27017,0.1417
2025-08-25 13:10:00,23500,CE,1056.35,1060.61,1050.44,1056.42,266,28806,0.145
2025-08-25 13:10:00,23500,PE,124.42,124.57,124.3,124.31,274,26730,0.1426
2025-08-25 13:10:00,23550,CE,995.77,1004.66,994.47,996.46,335,33167,0.1423
2025-08-25 13:10:00,23550,PE,113.75,114.09,112.13,112.31,327,34320,0.1414
2025-08-25 13:10:00,23600,CE,949.93,972.49,948.55,955.15,227,32119,0.1411
2025-08-25 13:10:00,23600,PE,124.2,124.24,123.83,124.1,265,32832,0.1434
2025-08-25 13:10:00,23650,CE,894.16,902.23,900.49,900.57,272,36276,0.1472
2025-08-25 13:10:00,23650,PE,119.66,121.28,119.92,120.01,166,30385,0.1451
2025-08-25 13:10:00,23700,CE,837.47,854.41,836.91,847.58,216,37468,0.1469
2025-08-25 13:10:00,23700,PE,124.39,124.37,122.37,122.99,356,37311,0.1434
2025-08-25 13:10:00,23750,CE,804.2,825.31,812.47,814.13,385,37710,0.1449
2025-08-25 13:10:00,23750,PE,122.28,122.82,121.79,122.4,124,36923,0.1425
2025-08-25 13:10:00,23800,CE,750.45,765.77,740.17,750.6,46,43068,0.1395
2025-08-25 13:10:00,23800,PE,120.48,118.33,116.79,118.03,25,38207,0.1462
2025-08-25 13:10:00,23850,CE,704.02,716.55,703.49,705.8,90,42655,0.1439
2025-08-25 13:10:00,23850,PE,124.18,124.01,122.2,123.64,86,39976,0.1441
2025-08-25 13:10:00,23900,CE,648.0,658.74,640.07,646.55,299,51342,0.1419
2025-08-25 13:10:00,23900,PE,118.86,117.89,116.12,117.1,263,48976,0.1408
2025-08-25 13:10:00,23950,CE,583.94,597.74,589.25,596.01,275,50649,0.1409
2025-08-25 13:10:00,23950,PE,107.56,107.96,105.35,106.15,319,50216,0.1416
2025-08-25 13:10:00,24000,CE,545.94,548.34,543.49,545.72,107,56201,0.1399
2025-08-25 13:10:00,24000,PE,107.4,108.21,107.63,107.82,551,56605,0.142
2025-08-25 13:10:00,24050,CE,506.74,513.99,502.22,504.51,203,69705,0.1459
2025-08-25 13:10:00,24050,PE,124.69,124.46,123.29,123.83,254,56544,0.145
2025-08-25 13:10:00,24100,CE,450.28,451.97,444.27,447.26,461,61931,0.1443
2025-08-25 13:10:00,24100,PE,115.12,116.53,115.49,116.47,621,71335,0.1426
2025-08-25 13:10:00,24150,CE,394.85,401.25,390.16,394.01,197,73418,0.1433
2025-08-25 13:10:00,24150,PE,122.16,122.7,121.27,121.73,558,75306,0.141
2025-08-25 13:10:00,24200,CE,362.88,359.95,358.28,359.02,805,81650,0.1445
2025-08-25 13:10:00,24200,PE,123.18,122.51,121.4,121.46,917,77769,0.1414
2025-08-25 13:10:00,24250,CE,292.97,300.03,293.99,294.63,374,73665,0.1407
2025-08-25 13:10:00,24250,PE,118.45,119.76,117.87,119.32,588,72681,0.1429
2025-08-25 13:10:00,24300,CE,248.56,248.62,246.48,247.94,258,67140,0.1427
2025-08-25 13:10:00,24300,PE,123.14,125.15,121.7,123.0,1068,64303,0.1428
2025-08-25 13:10:00,24350,CE,201.64,202.45,200.42,201.01,745,61180,0.1399
2025-08-25 13:10:00,24350,PE,123.46,125.71,122.57,123.78,349,62431,0.1437
2025-08-25 13:10:00,24400,CE,145.34,148.74,145.64,146.35,224,48669,0.1398
2025-08-25 13:10:00,24400,PE,110.08,109.99,108.55,109.96,565,54743,0.14
2025-08-25 13:10:00,24450,CE,114.12,116.2,114.03,114.3,436,48090,0.1418
2025-08-25 13:10:00,24450,PE,135.34,139.04,134.98,136.57,288,51687,0.1441
2025-08-25 13:10:00,24500,CE,117.35,119.53,117.83,118.67,617,47746,0.1438
2025-08-25 13:10:00,24500,PE,180.62,183.37,180.22,180.7,420,48969,0.1388
2025-08-25 13:10:00,24550,CE,117.71,118.49,115.97,116.83,732,44051,0.1417
2025-08-25 13:10:00,24550,PE,242.56,242.28,240.65,241.08,395,44400,0.1457
2025-08-25 13:10:00,24600,CE,132.23,132.59,130.41,131.24,1016,43214,0.1423
2025-08-25 13:10:00,24600,PE,287.86,286.72,284.76,285.58,255,41839,0.1397
2025-08-25 13:10:00,24650,CE,126.53,128.91,125.51,126.84,824,38116,0.1425
2025-08-25 13:10:00,24650,PE,333.3,342.26,329.22,332.33,867,36780,0.1417
2025-08-25 13:10:00,24700,CE,117.92,118.22,115.08,117.38,266,33807,0.1439
2025-08-25 13:10:00,24700,PE,387.44,393.99,383.77,387.78,230,31980,0.1429
2025-08-25 13:10:00,24750,CE,122.14,123.24,119.89,122.08,123,35620,0.1429
2025-08-25 13:10:00,24750,PE,442.42,450.09,441.4,443.37,495,33301,0.1476
2025-08-25 13:10:00,24800,CE,122.33,123.99,122.03,122.25,383,25943,0.146
2025-08-25 13:10:00,24800,PE,489.4,492.75,484.33,489.29,339,29670,0.1408
2025-08-25 13:10:00,24850,CE,116.52,117.19,116.0,116.48,602,28727,0.1426
2025-08-25 13:10:00,24850,PE,527.78,533.71,524.29,532.8,273,34821,0.146
2025-08-25 13:10:00,24900,CE,124.79,125.49,121.86,123.55,56,25338,0.1419
2025-08-25 13:10:00,24900,PE,571.68,576.95,568.24,573.36,365,26450,0.1433
2025-08-25 13:15:00,23500,CE,1044.7,1052.22,1045.66,1047.86,12,29168,0.1436
2025-08-25 13:15:00,23500,PE,127.64,129.28,127.64,128.48,97,26280,0.1467
2025-08-25 13:15:00,23550,CE,977.28,985.05,975.98,983.5,261,32903,0.1426
2025-08-25 13:15:00,23550,PE,115.33,117.22,115.66,116.72,427,34856,0.1422
2025-08-25 13:15:00,23600,CE,944.19,939.56,936.99,937.92,377,31881,0.143
2025-08-25 13:15:00,23600,PE,122.18,122.62,120.41,122.43,400,32538,0.1459
2025-08-25 13:15:00,23650,CE,876.37,888.63,869.41,880.83,120,36844,0.1427
2025-08-25 13:15:00,23650,PE,111.48,115.14,112.78,112.92,325,29888,0.1415
2025-08-25 13:15:00,23700,CE,847.17,848.54,834.77,843.37,446,37060,0.1441
2025-08-25 13:15:00,23700,PE,121.78,123.89,120.62,121.51,344,37236,0.145
2025-08-25 13:15:00,23750,CE,791.18,803.76,776.2,791.5,17,38055,0.1417
2025-08-25 13:15:00,23750,PE,123.65,126.3,122.22,123.18,365,37384,0.1442
2025-08-25 13:15:00,23800,CE,729.26,744.09,729.04,733.24,345,43374,0.1425
2025-08-25 13:15:00,23800,PE,121.71,121.65,119.76,121.2,506,38778,0.1445
2025-08-25 13:15:00,23850,CE,678.94,690.6,685.92,686.07,335,42075,0.1443
2025-08-25 13:15:00,23850,PE,126.15,127.7,125.85,126.25,211,40119,0.1431
2025-08-25 13:15:00,23900,CE,639.8,639.24,631.14,636.95,78,50881,0.1434
2025-08-25 13:15:00,23900,PE,120.52,121.11,120.45,120.74,254,49468,0.1425
2025-08-25 13:15:00,23950,CE,580.63,585.82,574.08,583.13,223,51171,0.1408
2025-08-25 13:15:00,23950,PE,116.79,118.5,116.76,117.34,540,49979,0.1455
2025-08-25 13:15:00,24000,CE,544.94,542.04,536.43,538.98,175,56594,0.1429
2025-08-25 13:15:00,24000,PE,114.79,117.07,112.47,113.95,546,56761,0.1435
2025-08-25 13:15:00,24050,CE,489.6,488.83,488.34,488.77,758,69225,0.1436
2025-08-25 13:15:00,24050,PE,127.7,127.17,126.6,126.85,306,56667,0.1453
2025-08-25 13:15:00,24100,CE,442.23,454.3,435.58,438.32,73,62502,0.1444
2025-08-25 13:15:00,24100,PE,113.91,116.1,113.72,114.7,486,71104,0.1427
2025-08-25 13:15:00,24150,CE,387.74,388.01,381.43,386.28,230,72819,0.1441
2025-08-25 13:15:00,24150,PE,116.46,119.88,115.53,116.87,549,75878,0.142
2025-08-25 13:15:00,24200,CE,337.3,336.73,333.52,335.91,52,81546,0.143
2025-08-25 13:15:00,24200,PE,119.65,118.39,117.31,118.21,673,77686,0.1446
2025-08-25 13:15:00,24250,CE,289.41,290.81,281.1,286.28,737,73920,0.1389
2025-08-25 13:15:00,24250,PE,127.12,125.95,123.98,125.07,1085,72806,0.1476
2025-08-25 13:15:00,24300,CE,224.87,228.62,223.94,225.78,904,66902,0.1437
2025-08-25 13:15:00,24300,PE,122.3,121.52,120.51,121.0,208,63822,0.1437
2025-08-25 13:15:00,24350,CE,186.02,188.32,187.53,187.91,179,61572,0.1404
2025-08-25 13:15:00,24350,PE,116.99,118.99,116.24,116.44,81,62411,0.1439
2025-08-25 13:15:00,24400,CE,126.81,127.59,126.17,127.55,1049,48875,0.1416
2025-08-25 13:15:00,24400,PE,110.04,111.48,110.43,110.46,137,55175,0.1403
2025-08-25 13:15:00,24450,CE,121.83,122.8,121.08,121.23,719,47511,0.1435
2025-08-25 13:15:00,24450,PE,153.88,154.32,152.56,153.98,236,52118,0.1431
2025-08-25 13:15:00,24500,CE,114.64,115.81,114.71,115.22,1309,48048,0.1417
2025-08-25 13:15:00,24500,PE,202.79,204.37,198.04,202.02,477,49505,0.1444
2025-08-25 13:15:00,24550,CE,116.52,117.05,115.71,116.74,350,43731,0.1427
2025-08-25 13:15:00,24550,PE,251.98,257.26,255.43,255.5,935,44186,0.1412
2025-08-25 13:15:00,24600,CE,115.58,119.34,117.62,117.93,573,43407,0.1423
2025-08-25 13:15:00,24600,PE,287.06,295.99,293.02,293.09,194,42349,0.1406
2025-08-25 13:15:00,24650,CE,123.84,124.14,123.59,123.97,176,38707,0.1449
2025-08-25 13:15:00,24650,PE,354.84,353.0,350.15,352.74,282,36680,0.1422
2025-08-25 13:15:00,24700,CE,118.31,118.71,116.27,117.42,236,33854,0.1413
2025-08-25 13:15:00,24700,PE,397.15,405.21,395.43,399.19,15,31584,0.1395
2025-08-25 13:15:00,24750,CE,116.95,121.06,116.77,117.04,431,35852,0.1423
2025-08-25 13:15:00,24750,PE,448.34,465.68,448.95,454.52,788,33705,0.1453
2025-08-25 13:15:00,24800,CE,126.17,128.12,127.13,127.29,698,26301,0.1423
2025-08-25 13:15:00,24800,PE,500.32,503.93,499.88,502.2,590,29485,0.1437
2025-08-25 13:15:00,24850,CE,132.01,131.66,128.48,129.54,637,29282,0.1434
2025-08-25 13:15:00,24850,PE,557.93,571.28,557.62,563.64,367,34365,0.1467
2025-08-25 13:15:00,24900,CE,126.19,125.96,124.02,125.22,38,25330,0.1445
2025-08-25 13:15:00,24900,PE,600.89,606.93,600.44,601.33,421,26515,0.1422
2025-08-25 13:20:00,23500,CE,1021.75,1043.04,1026.35,1029.33,375,29211,0.1407
2025-08-25 13:20:00,23500,PE,121.78,123.45,121.4,121.52,278,26589,0.1443
2025-08-25 13:20:00,23550,CE,1000.35,992.98,975.11,990.28,391,33034,0.1402
2025-08-25 13:20:00,23550,PE,121.49,120.93,119.93,120.01,246,34348,0.1468
2025-08-25 13:20:00,23600,CE,942.67,952.48,939.0,949.5,295,31496,0.1463
2025-08-25 13:20:00,23600,PE,113.43,115.86,115.33,115.54,172,32576,0.1444
2025-08-25 13:20:00,23650,CE,885.06,906.55,888.19,892.57,46,37077,0.144
2025-08-25 13:20:00,23650,PE,113.16,115.06,114.14,114.25,139,29905,0.1427
2025-08-25 13:20:00,23700,CE,842.03,846.27,840.07,845.59,181,36886,0.1426
2025-08-25 13:20:00,23700,PE,129.46,131.55,128.11,129.78,202,36697,0.1438
2025-08-25 13:20:00,23750,CE,796.99,801.12,772.69,785.28,110,38398,0.146
2025-08-25 13:20:00,23750,PE,121.52,121.81,119.59,120.65,71,37380,0.1434
2025-08-25 13:20:00,23800,CE,733.88,745.19,732.46,741.09,85,43420,0.1434
2025-08-25 13:20:00,23800,PE,125.52,124.27,123.63,124.08,362,38740,0.145
2025-08-25 13:20:00,23850,CE,689.3,695.6,682.4,691.58,458,41793,0.1452
2025-08-25 13:20:00,23850,PE,119.87,121.85,120.63,120.85,333,39850,0.1438
2025-08-25 13:20:00,23900,CE,645.46,640.17,632.4,638.41,324,50357,0.1455
2025-08-25 13:20:00,23900,PE,119.16,121.36,119.81,120.26,176,49717,0.1435
2025-08-25 13:20:00,23950,CE,595.07,598.94,590.75,592.64,523,50897,0.1466
2025-08-25 13:20:00,23950,PE,122.3,124.74,122.7,123.65,181,49737,0.143
2025-08-25 13:20:00,24000,CE,533.49,540.05,531.27,537.25,209,57186,0.1409
2025-08-25 13:20:00,24000,PE,114.24,116.17,113.9,113.92,471,56623,0.1451
2025-08-25 13:20:00,24050,CE,491.3,496.51,494.07,494.45,364,69237,0.1445
2025-08-25 13:20:00,24050,PE,121.58,122.13,120.58,120.74,433,56530,0.1397
2025-08-25 13:20:00,24100,CE,436.91,449.77,442.75,443.36,817,62250,0.1493
2025-08-25 13:20:00,24100,PE,121.0,120.55,119.0,120.31,366,70511,0.1429
2025-08-25 13:20:00,24150,CE,388.67,400.39,390.85,393.85,457,73244,0.1418
2025-08-25 13:20:00,24150,PE,119.6,121.21,119.18,119.62,913,75845,0.1388
2025-08-25 13:20:00,24200,CE,340.59,342.67,334.53,341.02,154,81809,0.1443
2025-08-25 13:20:00,24200,PE,118.2,119.66,116.36,117.98,651,78236,0.1435
2025-08-25 13:20:00,24250,CE,292.07,297.38,295.04,295.88,575,73323,0.1439
2025-08-25 13:20:00,24250,PE,119.34,121.51,119.46,119.64,1011,73016,0.1434
2025-08-25 13:20:00,24300,CE,239.11,242.23,237.16,240.23,1014,66444,0.1463
2025-08-25 13:20:00,24300,PE,117.67,119.19,117.27,118.19,588,63771,0.1448
2025-08-25 13:20:00,24350,CE,179.14,180.09,178.01,179.73,403,61988,0.1385
2025-08-25 13:20:00,24350,PE,121.64,119.97,119.12,119.84,290,61896,0.1441
2025-08-25 13:20:00,24400,CE,137.05,137.99,135.74,137.03,416,49462,0.1416
2025-08-25 13:20:00,24400,PE,123.95,123.72,123.01,123.66,215,55272,0.1426
2025-08-25 13:20:00,24450,CE,121.15,120.87,120.68,120.77,317,47384,0.1453
2025-08-25 13:20:00,24450,PE,162.47,162.61,159.28,159.77,902,51541,0.1415
2025-08-25 13:20:00,24500,CE,121.06,125.98,119.94,120.21,352,48152,0.1381
2025-08-25 13:20:00,24500,PE,201.21,204.09,199.49,202.6,42,49498,0.1448
2025-08-25 13:20:00,24550,CE,126.36,126.93,125.68,125.83,744,43389,0.144
2025-08-25 13:20:00,24550,PE,255.86,259.16,256.57,258.13,214,44174,0.1416
2025-08-25 13:20:00,24600,CE,117.99,119.23,117.33,118.56,786,42822,0.1425
2025-08-25 13:20:00,24600,PE,297.86,299.47,294.11,297.27,378,42948,0.146
2025-08-25 13:20:00,24650,CE,139.59,140.75,137.45,138.94,340,38505,0.1444
2025-08-25 13:20:00,24650,PE,352.08,349.85,346.92,349.74,727,36656,0.1427
2025-08-25 13:20:00,24700,CE,117.73,119.68,117.98,118.15,358,34195,0.1402
2025-08-25 13:20:00,24700,PE,402.02,405.74,401.86,402.08,41,31839,0.1445
2025-08-25 13:20:00,24750,CE,116.47,121.5,115.67,117.73,320,36318,0.1425
2025-08-25 13:20:00,24750,PE,455.7,467.08,444.76,454.22,598,34234,0.1433
2025-08-25 13:20:00,24800,CE,113.32,114.66,113.71,113.74,108,25928,0.1408
2025-08-25 13:20:00,24800,PE,497.47,506.29,494.58,500.81,685,29353,0.1409
2025-08-25 13:20:00,24850,CE,118.04,121.51,119.08,119.48,576,29506,0.1414
2025-08-25 13:20:00,24850,PE,546.16,551.44,547.23,547.92,357,33819,0.1427
2025-08-25 13:20:00,24900,CE,117.25,117.22,116.16,116.5,58,25590,0.1442
2025-08-25 13:20:00,24900,PE,599.01,602.15,588.58,599.01,73,25920,0.1449
2025-08-25 13:25:00,23500,CE,1086.16,1092.53,1088.86,1090.05,93,29707,0.1437
2025-08-25 13:25:00,23500,PE,121.73,123.89,120.83,123.2,254,26850,0.1447
2025-08-25 13:25:00,23550,CE,1040.15,1032.41,1026.46,1031.79,276,33112,0.1381
2025-08-25 13:25:00,23550,PE,119.92,120.69,118.49,119.3,112,34262,0.1439
2025-08-25 13:25:00,23600,CE,987.99,980.75,972.86,977.01,242,32081,0.141
2025-08-25 13:25:00,23600,PE,120.15,121.82,119.84,119.99,395,32859,0.1424
2025-08-25 13:25:00,23650,CE,940.53,941.83,922.16,935.69,374,37445,0.1434
2025-08-25 13:25:00,23650,PE,115.69,117.45,116.32,116.93,308,30295,0.1469
2025-08-25 13:25:00,23700,CE,873.67,880.97,867.7,878.49,42,36312,0.142
2025-08-25 13:25:00,23700,PE,125.44,125.76,124.52,125.71,217,36162,0.1442
2025-08-25 13:25:00,23750,CE,846.31,845.38,824.96,840.74,176,38036,0.1439
2025-08-25 13:25:00,23750,PE,122.1,120.93,119.56,119.75,484,37566,0.1459
2025-08-25 13:25:00,23800,CE,792.88,808.57,786.83,790.91,30,43568,0.1427
2025-08-25 13:25:00,23800,PE,126.92,130.63,125.24,127.08,391,38530,0.1406
2025-08-25 13:25:00,23850,CE,732.38,729.8,720.32,726.58,496,42360,0.1415
2025-08-25 13:25:00,23850,PE,124.15,124.09,122.87,124.03,550,39361,0.1443
2025-08-25 13:25:00,23900,CE,682.07,682.41,675.03,680.28,272,50689,0.1418
2025-08-25 13:25:00,23900,PE,121.2,123.34,122.17,122.75,268,49694,0.1409
2025-08-25 13:25:00,23950,CE,639.61,642.84,636.27,638.59,214,50799,0.1445
2025-08-25 13:25:00,23950,PE,124.74,124.48,123.7,124.14,442,49167,0.1419
2025-08-25 13:25:00,24000,CE,586.14,587.64,584.25,586.45,542,57459,0.1437
2025-08-25 13:25:00,24000,PE,119.11,117.26,115.71,116.25,103,56948,0.142
2025-08-25 13:25:00,24050,CE,528.11,537.33,521.34,530.31,383,69019,0.1444
2025-08-25 13:25:00,24050,PE,111.08,111.79,110.58,111.38,336,56550,0.1424
2025-08-25 13:25:00,24100,CE,481.69,475.92,471.34,474.0,174,62377,0.1412
2025-08-25 13:25:00,24100,PE,118.78,118.43,114.94,117.09,496,70352,0.1434
2025-08-25 13:25:00,24150,CE,424.23,432.38,422.54,425.22,397,73382,0.1414
2025-08-25 13:25:00,24150,PE,122.54,124.94,122.4,123.53,433,75765,0.1419
2025-08-25 13:25:00,24200,CE,393.55,389.47,385.23,388.84,886,82262,0.1425
2025-08-25 13:25:00,24200,PE,128.94,132.55,129.32,129.67,360,78498,0.1455
2025-08-25 13:25:00,24250,CE,338.94,342.45,334.35,334.83,830,72855,0.142
2025-08-25 13:25:00,24250,PE,128.17,126.42,125.25,126.22,610,73375,0.1435
2025-08-25 13:25:00,24300,CE,278.3,281.35,275.91,276.37,82,66249,0.1428
2025-08-25 13:25:00,24300,PE,113.25,113.49,112.26,113.37,910,64293,0.1431
2025-08-25 13:25:00,24350,CE,231.99,233.71,230.0,231.01,1272,62112,0.146
2025-08-25 13:25:00,24350,PE,120.02,120.23,119.3,119.76,74,61329,0.144
2025-08-25 13:25:00,24400,CE,182.14,182.4,179.72,182.06,1197,49743,0.1437
2025-08-25 13:25:00,24400,PE,123.16,123.01,121.19,122.78,304,54828,0.1443
2025-08-25 13:25:00,24450,CE,127.16,128.92,125.84,127.02,275,47836,0.1406
2025-08-25 13:25:00,24450,PE,113.3,114.72,110.52,112.41,1325,52078,0.1403
2025-08-25 13:25:00,24500,CE,126.64,126.35,123.28,125.48,203,48386,0.1424
2025-08-25 13:25:00,24500,PE,154.36,154.5,153.48,153.89,1464,49537,0.1405
2025-08-25 13:25:00,24550,CE,123.78,124.11,122.15,123.86,1063,43511,0.1454
2025-08-25 13:25:00,24550,PE,207.52,215.88,209.11,210.41,31,44088,0.1428
2025-08-25 13:25:00,24600,CE,127.17,128.13,126.57,127.16,328,42322,0.1429
2025-08-25 13:25:00,24600,PE,247.65,249.19,246.05,248.27,724,43462,0.141
2025-08-25 13:25:00,24650,CE,126.16,127.66,125.51,126.11,74,38300,0.14
2025-08-25 13:25:00,24650,PE,311.04,313.11,310.38,311.7,724,36431,0.1451
2025-08-25 13:25:00,24700,CE,127.55,129.28,128.48,128.57,127,33824,0.1426
2025-08-25 13:25:00,24700,PE,361.44,369.77,355.89,364.3,39,32429,0.144
2025-08-25 13:25:00,24750,CE,122.27,123.63,120.46,121.73,441,36849,0.1389
2025-08-25 13:25:00,24750,PE,404.19,410.09,405.63,405.75,610,34053,0.1435
2025-08-25 13:25:00,24800,CE,116.11,117.09,114.16,115.77,766,25640,0.1431
2025-08-25 13:25:00,24800,PE,460.08,473.9,454.97,460.72,157,29719,0.1416
2025-08-25 13:25:00,24850,CE,114.88,114.51,113.8,114.09,421,29413,0.1415
2025-08-25 13:25:00,24850,PE,518.65,524.38,511.19,514.12,446,34380,0.1433
2025-08-25 13:25:00,24900,CE,121.51,122.4,121.36,121.57,203,26071,0.1445
2025-08-25 13:25:00,24900,PE,563.67,567.69,554.99,560.25,637,26231,0.1433
2025-08-25 13:30:00,23500,CE,1018.59,1024.44,997.89,1020.97,72,29214,0.1413
2025-08-25 13:30:00,23500,PE,120.18,122.39,120.16,120.95,57,27092,0.1445
2025-08-25 13:30:00,23550,CE,968.29,974.19,971.63,973.11,181,33696,0.144
2025-08-25 13:30:00,23550,PE,116.38,119.55,117.86,118.26,10,34109,0.1454
2025-08-25 13:30:00,23600,CE,922.72,942.18,911.88,928.21,127,32538,0.142
2025-08-25 13:30:00,23600,PE,118.47,118.87,117.45,117.83,62,32748,0.1396
2025-08-25 13:30:00,23650,CE,883.2,906.35,876.84,884.24,421,38010,0.1465
2025-08-25 13:30:00,23650,PE,115.78,115.89,113.41,113.88,445,30479,0.1399
2025-08-25 13:30:00,23700,CE,822.86,825.54,801.7,814.64,90,35827,0.1417
2025-08-25 13:30:00,23700,PE,116.6,117.2,115.75,115.81,214,36136,0.1456
2025-08-25 13:30:00,23750,CE,784.84,777.15,766.46,771.25,280,37495,0.1413
2025-08-25 13:30:00,23750,PE,116.6,118.95,116.94,117.37,365,37440,0.1408
2025-08-25 13:30:00,23800,CE,724.25,737.78,719.28,721.36,70,44066,0.1436
2025-08-25 13:30:00,23800,PE,120.42,119.88,119.04,119.78,208,38208,0.1417
2025-08-25 13:30:00,23850,CE,682.99,681.26,668.99,672.74,301,42900,0.1422
2025-08-25 13:30:00,23850,PE,117.33,118.69,116.78,117.32,498,38880,0.141
2025-08-25 13:30:00,23900,CE,631.92,635.5,619.51,630.72,443,50886,0.1407
2025-08-25 13:30:00,23900,PE,116.69,118.96,117.66,117.68,568,50252,0.1436
2025-08-25 13:30:00,23950,CE,573.04,578.79,572.23,578.25,513,50983,0.145
2025-08-25 13:30:00,23950,PE,123.62,123.14,122.51,123.1,249,49645,0.144
2025-08-25 13:30:00,24000,CE,522.78,534.51,523.29,523.44,693,58048,0.1433
2025-08-25 13:30:00,24000,PE,120.0,122.03,121.61,121.93,701,57118,0.1417
2025-08-25 13:30:00,24050,CE,476.7,478.15,475.05,475.8,758,69357,0.1429
2025-08-25 13:30:00,24050,PE,127.04,127.59,126.18,126.71,200,55988,0.1432
2025-08-25 13:30:00,24100,CE,424.56,433.24,423.21,427.2,844,62289,0.1457
2025-08-25 13:30:00,24100,PE,117.32,118.28,115.5,115.78,754,70097,0.1444
2025-08-25 13:30:00,24150,CE,369.99,369.5,359.73,366.11,349,73771,0.1412
2025-08-25 13:30:00,24150,PE,121.65,123.85,122.11,122.64,502,75978,0.1469
2025-08-25 13:30:00,24200,CE,325.06,334.68,325.12,327.41,344,82399,0.1434
2025-08-25 13:30:00,24200,PE,120.37,120.21,119.8,120.11,515,79015,0.1444
2025-08-25 13:30:00,24250,CE,273.43,276.33,271.21,273.77,581,72361,0.1442
2025-08-25 13:30:00,24250,PE,118.27,118.36,116.12,117.6,860,73919,0.146
2025-08-25 13:30:00,24300,CE,227.25,227.32,224.66,226.24,1162,65769,0.1439
2025-08-25 13:30:00,24300,PE,129.44,128.58,128.3,128.53,1312,64109,0.142
2025-08-25 13:30:00,24350,CE,172.3,173.09,169.68,171.56,1266,62268,0.1416
2025-08-25 13:30:00,24350,PE,108.2,109.79,107.24,108.73,1473,61138,0.1378
2025-08-25 13:30:00,24400,CE,124.67,126.57,124.97,125.74,1094,49962,0.1436
2025-08-25 13:30:00,24400,PE,118.43,122.99,117.09,118.85,300,55158,0.1441
2025-08-25 13:30:00,24450,CE,115.63,117.13,115.9,116.34,241,48230,0.143
2025-08-25 13:30:00,24450,PE,156.34,158.95,157.59,157.86,216,51693,0.1481
2025-08-25 13:30:00,24500,CE,120.27,124.08,118.51,120.1,670,48004,0.1415
2025-08-25 13:30:00,24500,PE,217.93,219.44,217.14,217.75,122,48999,0.1433
2025-08-25 13:30:00,24550,CE,117.89,117.98,115.85,117.36,350,43500,0.1418
2025-08-25 13:30:00,24550,PE,284.71,282.67,278.42,281.59,69,43653,0.1477
2025-08-25 13:30:00,24600,CE,127.11,127.88,125.95,126.62,650,42104,0.1425
2025-08-25 13:30:00,24600,PE,322.44,327.78,320.21,325.4,801,43870,0.1416
2025-08-25 13:30:00,24650,CE,131.85,134.39,130.03,131.64,43,38838,0.1412
2025-08-25 13:30:00,24650,PE,372.39,379.41,371.31,371.55,655,36817,0.142
2025-08-25 13:30:00,24700,CE,121.22,122.63,119.09,120.03,423,33224,0.1432
2025-08-25 13:30:00,24700,PE,407.0,413.61,410.79,411.71,770,32510,0.1418
2025-08-25 13:30:00,24750,CE,122.92,121.36,119.89,120.24,42,36448,0.1425
2025-08-25 13:30:00,24750,PE,465.33,467.39,457.05,461.08,175,33903,0.1422
2025-08-25 13:30:00,24800,CE,119.08,118.05,117.2,117.81,334,25553,0.1435
2025-08-25 13:30:00,24800,PE,506.43,514.4,507.6,511.45,644,30250,0.1448
2025-08-25 13:30:00,24850,CE,110.55,112.18,111.57,111.6,471,29573,0.1428
2025-08-25 13:30:00,24850,PE,574.85,577.02,566.45,570.16,597,34101,0.143
2025-08-25 13:30:00,24900,CE,110.15,112.11,110.9,111.18,364,26242,0.1424
2025-08-25 13:30:00,24900,PE,612.8,613.16,611.79,613.03,191,26773,0.1424
2025-08-25 13:35:00,23500,CE,1104.18,1123.99,1086.32,1100.27,98,28684,0.1446
2025-08-25 13:35:00,23500,PE,119.78,119.82,118.67,119.25,132,27471,0.1446
2025-08-25 13:35:00,23550,CE,1055.36,1058.9,1042.44,1054.52,159,33356,0.1457
2025-08-25 13:35:00,23550,PE,122.46,123.88,122.42,122.83,361,33692,0.1424
2025-08-25 13:35:00,23600,CE,995.29,1013.62,994.55,1007.13,74,33016,0.1438
2025-08-25 13:35:00,23600,PE,113.73,114.06,112.75,113.28,143,32150,0.141
2025-08-25 13:35:00,23650,CE,976.23,966.07,952.1,957.24,199,38299,0.1461
2025-08-25 13:35:00,23650,PE,123.98,124.19,121.96,122.82,343,29983,0.1405
2025-08-25 13:35:00,23700,CE,914.02,945.33,895.23,906.24,138,35968,0.1439
2025-08-25 13:35:00,23700,PE,116.6,116.55,115.83,115.99,314,36281,0.1459
2025-08-25 13:35:00,23750,CE,856.76,864.93,838.53,855.27,173,37930,0.144
2025-08-25 13:35:00,23750,PE,127.39,128.33,126.09,126.14,46,37827,0.1468
2025-08-25 13:35:00,23800,CE,797.05,811.42,802.76,803.94,491,44288,0.1415
2025-08-25 13:35:00,23800,PE,118.09,119.39,118.05,118.44,229,38064,0.1421
2025-08-25 13:35:00,23850,CE,751.94,757.27,751.36,753.98,245,42499,0.1446
2025-08-25 13:35:00,23850,PE,120.84,122.99,120.43,121.25,129,39042,0.1475
2025-08-25 13:35:00,23900,CE,708.34,707.8,700.18,704.68,324,50882,0.1443
2025-08-25 13:35:00,23900,PE,120.49,119.89,119.4,119.41,281,49745,0.1446
2025-08-25 13:35:00,23950,CE,650.95,653.77,645.97,652.22,538,51529,0.1447
2025-08-25 13:35:00,23950,PE,126.65,124.68,122.96,124.34,159,49422,0.1424
2025-08-25 13:35:00,24000,CE,605.9,598.87,588.62,597.38,419,57450,0.145
2025-08-25 13:35:00,24000,PE,119.27,120.72,119.47,120.08,77,57600,0.1479
2025-08-25 13:35:00,24050,CE,548.65,559.79,552.09,552.1,131,69449,0.1404
2025-08-25 13:35:00,24050,PE,115.6,117.19,115.05,115.05,624,56267,0.1399
2025-08-25 13:35:00,24100,CE,501.42,506.92,498.44,502.68,215,61872,0.1444
2025-08-25 13:35:00,24100,PE,113.13,114.46,112.13,113.26,549,69982,0.1426
2025-08-25 13:35:00,24150,CE,447.83,454.98,448.93,449.37,796,73945,0.1444
2025-08-25 13:35:00,24150,PE,126.65,128.91,127.01,127.17,22,75679,0.1419
2025-08-25 13:35:00,24200,CE,387.84,399.36,395.31,395.68,671,82640,0.1423
2025-08-25 13:35:00,24200,PE,125.72,126.5,123.47,125.09,669,78695,0.146
2025-08-25 13:35:00,24250,CE,350.89,352.4,344.74,350.01,257,72011,0.1447
2025-08-25 13:35:00,24250,PE,125.94,125.38,124.13,124.76,690,73332,0.1425
2025-08-25 13:35:00,24300,CE,305.52,307.89,304.23,306.12,893,65507,0.1454
2025-08-25 13:35:00,24300,PE,120.71,123.51,119.35,120.8,542,63805,0.1414
2025-08-25 13:35:00,24350,CE,246.09,249.77,244.02,245.59,533,62585,0.1428
2025-08-25 13:35:00,24350,PE,122.16,123.47,121.76,122.14,259,61221,0.1442
2025-08-25 13:35:00,24400,CE,193.09,197.69,191.22,194.44,101,49575,0.1442
2025-08-25 13:35:00,24400,PE,122.04,123.18,120.14,121.45,964,55239,0.1461
2025-08-25 13:35:00,24450,CE,146.21,146.6,141.76,145.75,1004,47900,0.1445
2025-08-25 13:35:00,24450,PE,127.07,127.51,125.77,125.98,355,51603,0.1413
2025-08-25 13:35:00,24500,CE,123.54,124.96,123.01,124.4,240,48469,0.1478
2025-08-25 13:35:00,24500,PE,139.99,140.35,138.82,139.67,469,49262,0.1412
2025-08-25 13:35:00,24550,CE,121.61,124.92,121.23,123.17,244,43681,0.145
2025-08-25 13:35:00,24550,PE,191.48,193.43,193.03,193.23,311,43390,0.1443
2025-08-25 13:35:00,24600,CE,120.05,123.86,121.37,122.12,529,41653,0.1396
2025-08-25 13:35:00,24600,PE,238.78,239.98,235.37,237.42,174,44173,0.1427
2025-08-25 13:35:00,24650,CE,127.45,127.99,126.62,127.07,397,38919,0.1432
2025-08-25 13:35:00,24650,PE,278.75,285.84,283.46,283.58,727,36964,0.143
2025-08-25 13:35:00,24700,CE,116.1,116.72,114.75,115.41,635,33794,0.14
2025-08-25 13:35:00,24700,PE,339.28,344.7,341.16,341.31,639,32327,0.1445
2025-08-25 13:35:00,24750,CE,117.79,117.58,115.85,116.35,270,36808,0.1424
2025-08-25 13:35:00,24750,PE,394.08,394.24,390.76,392.67,393,33973,0.1428
2025-08-25 13:35:00,24800,CE,118.27,119.98,117.53,119.92,683,25235,0.1414
2025-08-25 13:35:00,24800,PE,450.31,454.92,440.83,449.62,196,29713,0.1444
2025-08-25 13:35:00,24850,CE,119.62,121.07,120.45,120.74,67,29712,0.1425
2025-08-25 13:35:00,24850,PE,483.64,485.87,481.93,483.35,394,33858,0.1438
2025-08-25 13:35:00,24900,CE,120.86,123.81,121.67,121.72,160,26476,0.1427
2025-08-25 13:35:00,24900,PE,550.98,550.65,542.01,549.81,72,27013,0.1434
2025-08-25 13:40:00,23500,CE,1121.74,1139.9,1107.86,1110.41,357,28630,0.1423
2025-08-25 13:40:00,23500,PE,123.62,126.13,124.52,124.67,198,27514,0.1416
2025-08-25 13:40:00,23550,CE,1075.03,1082.93,1073.32,1074.82,45,33507,0.1436
2025-08-25 13:40:00,23550,PE,126.04,127.45,126.05,126.43,154,33654,0.1433
2025-08-25 13:40:00,23600,CE,1026.18,1016.3,1007.74,1014.36,16,33468,0.1468
2025-08-25 13:40:00,23600,PE,129.27,129.26,127.16,127.17,147,31641,0.1456
2025-08-25 13:40:00,23650,CE,965.13,965.75,951.62,964.53,351,38874,0.1452
2025-08-25 13:40:00,23650,PE,117.41,117.72,116.08,117.52,236,29423,0.1418
2025-08-25 13:40:00,23700,CE,897.77,914.39,884.37,901.83,464,35617,0.1416
2025-08-25 13:40:00,23700,PE,120.29,120.38,119.43,119.45,118,36530,0.1399
2025-08-25 13:40:00,23750,CE,856.51,865.68,851.62,861.85,168,37431,0.1459
2025-08-25 13:40:00,23750,PE,121.32,122.93,120.84,121.31,338,37541,0.141
2025-08-25 13:40:00,23800,CE,798.65,819.7,808.67,809.23,446,43872,0.1439
2025-08-25 13:40:00,23800,PE,121.66,122.6,121.88,122.14,469,38332,0.1439
2025-08-25 13:40:00,23850,CE,764.63,772.2,761.29,765.97,137,42593,0.1417
2025-08-25 13:40:00,23850,PE,103.84,106.54,103.03,104.98,511,38519,0.1416
2025-08-25 13:40:00,23900,CE,721.1,726.53,705.18,709.99,474,50834,0.1395
2025-08-25 13:40:00,23900,PE,109.56,111.31,109.43,109.67,547,49395,0.1444
2025-08-25 13:40:00,23950,CE,663.28,667.43,653.15,660.09,443,52090,0.1428
2025-08-25 13:40:00,23950,PE,115.94,116.71,112.82,113.78,216,48951,0.1409
2025-08-25 13:40:00,24000,CE,604.1,604.55,599.98,604.45,261,57567,0.1407
2025-08-25 13:40:00,24000,PE,118.3,119.99,119.94,119.98,414,57578,0.1466
2025-08-25 13:40:00,24050,CE,569.53,572.37,557.6,561.36,650,69542,0.143
2025-08-25 13:40:00,24050,PE,119.08,120.71,119.56,120.23,450,56814,0.1418
2025-08-25 13:40:00,24100,CE,502.59,508.89,500.57,506.18,704,61681,0.144
2025-08-25 13:40:00,24100,PE,119.23,120.92,120.09,120.59,223,70280,0.1456
2025-08-25 13:40:00,24150,CE,457.77,457.5,451.62,456.43,431,73881,0.1447
2025-08-25 13:40:00,24150,PE,117.2,116.69,115.33,115.86,569,75871,0.1405
2025-08-25 13:40:00,24200,CE,406.67,411.42,401.86,407.59,806,82478,0.1423
2025-08-25 13:40:00,24200,PE,124.62,124.7,122.8,123.4,668,78367,0.1441
2025-08-25 13:40:00,24250,CE,368.39,365.22,359.99,363.88,906,71511,0.1423
2025-08-25 13:40:00,24250,PE,114.93,117.25,114.5,115.84,729,72854,0.1447
2025-08-25 13:40:00,24300,CE,300.92,302.92,298.4,300.31,943,66058,0.1405
2025-08-25 13:40:00,24300,PE,117.09,118.21,116.35,117.26,878,64151,0.1406
2025-08-25 13:40:00,24350,CE,262.34,268.74,261.37,263.23,583,62278,0.1466
2025-08-25 13:40:00,24350,PE,123.41,125.1,120.89,123.14,1181,61255,0.1456
2025-08-25 13:40:00,24400,CE,212.08,210.19,208.45,209.72,1116,49832,0.1468
2025-08-25 13:40:00,24400,PE,111.37,111.71,110.54,110.69,962,55062,0.1452
2025-08-25 13:40:00,24450,CE,156.64,157.92,156.23,157.46,687,47827,0.1424
2025-08-25 13:40:00,24450,PE,121.19,122.62,120.51,120.79,960,51865,0.1434
2025-08-25 13:40:00,24500,CE,122.74,124.61,120.56,122.8,366,48141,0.1458
2025-08-25 13:40:00,24500,PE,126.48,128.92,126.1,128.21,110,49293,0.142
2025-08-25 13:40:00,24550,CE,123.58,123.74,121.15,122.58,995,43333,0.1442
2025-08-25 13:40:00,24550,PE,173.69,178.3,172.26,175.25,1057,42793,0.1437
2025-08-25 13:40:00,24600,CE,115.28,116.75,112.71,114.7,1117,41881,0.1446
2025-08-25 13:40:00,24600,PE,224.14,228.39,223.35,223.96,885,44421,0.1415
2025-08-25 13:40:00,24650,CE,127.86,129.06,127.41,127.76,420,39513,0.1434
2025-08-25 13:40:00,24650,PE,282.62,282.89,279.26,282.01,855,36581,0.1409
2025-08-25 13:40:00,24700,CE,131.89,133.7,130.28,130.56,944,34081,0.1477
2025-08-25 13:40:00,24700,PE,328.8,334.41,324.36,327.25,329,32864,0.1417
2025-08-25 13:40:00,24750,CE,124.85,124.68,123.01,123.75,241,36981,0.1427
2025-08-25 13:40:00,24750,PE,383.77,385.33,380.24,383.16,627,34528,0.1461
2025-08-25 13:40:00,24800,CE,132.35,132.35,128.95,130.12,490,25828,0.1443
2025-08-25 13:40:00,24800,PE,429.1,436.23,426.99,427.05,251,30074,0.145
2025-08-25 13:40:00,24850,CE,129.7,130.78,129.33,129.4,201,30311,0.1449
2025-08-25 13:40:00,24850,PE,481.66,485.18,483.19,483.56,600,34008,0.1411
2025-08-25 13:40:00,24900,CE,118.13,118.7,118.63,118.64,59,26472,0.144
2025-08-25 13:40:00,24900,PE,531.31,531.64,529.77,531.44,114,27514,0.1392
2025-08-25 13:45:00,23500,CE,1146.03,1176.06,1145.96,1150.37,150,29027,0.1453
2025-08-25 13:45:00,23500,PE,116.18,117.38,117.07,117.23,350,27046,0.1465
2025-08-25 13:45:00,23550,CE,1083.33,1087.91,1062.44,1085.78,306,33270,0.1423
2025-08-25 13:45:00,23550,PE,127.76,129.59,128.42,129.06,49,33366,0.1451
2025-08-25 13:45:00,23600,CE,1043.82,1034.26,1010.44,1031.76,233,33894,0.1429
2025-08-25 13:45:00,23600,PE,123.6,124.61,123.47,124.2,291,31320,0.1452
2025-08-25 13:45:00,23650,CE,992.47,1008.69,991.72,996.14,134,38638,0.1479
2025-08-25 13:45:00,23650,PE,113.64,116.08,113.32,114.02,323,29445,0.1421
2025-08-25 13:45:00,23700,CE,953.07,950.66,940.7,944.29,18,35108,0.1423
2025-08-25 13:45:00,23700,PE,121.83,122.2,121.3,121.54,41,37083,0.1473
2025-08-25 13:45:00,23750,CE,891.76,891.6,880.11,881.12,245,37420,0.1434
2025-08-25 13:45:00,23750,PE,125.17,126.61,125.87,126.05,366,37169,0.1439
2025-08-25 13:45:00,23800,CE,841.09,858.77,840.51,844.86,23,43596,0.1442
2025-08-25 13:45:00,23800,PE,119.11,118.41,117.18,118.19,111,38689,0.1442
2025-08-25 13:45:00,23850,CE,786.81,800.1,789.78,796.94,434,42753,0.1435
2025-08-25 13:45:00,23850,PE,120.19,122.16,119.15,120.61,482,38476,0.1463
2025-08-25 13:45:00,23900,CE,735.67,759.9,737.17,741.44,141,50631,0.1452
2025-08-25 13:45:00,23900,PE,108.53,110.09,108.11,108.46,86,49875,0.1409
2025-08-25 13:45:00,23950,CE,706.48,708.05,679.76,692.73,361,52417,0.1437
2025-08-25 13:45:00,23950,PE,124.66,125.93,122.86,123.62,173,49212,0.1433
2025-08-25 13:45:00,24000,CE,638.12,641.08,622.89,637.19,214,57502,0.1395
2025-08-25 13:45:00,24000,PE,121.85,123.26,121.63,122.15,413,58155,0.142
2025-08-25 13:45:00,24050,CE,589.36,590.43,580.62,588.45,379,69794,0.1425
2025-08-25 13:45:00,24050,PE,119.27,120.45,119.68,119.89,403,56722,0.143
2025-08-25 13:45:00,24100,CE,532.69,537.96,533.98,537.4,671,62233,0.145
2025-08-25 13:45:00,24100,PE,123.2,125.81,123.34,124.14,231,70754,0.1431
2025-08-25 13:45:00,24150,CE,485.34,492.39,485.55,487.78,356,74168,0.1434
2025-08-25 13:45:00,24150,PE,123.76,124.94,124.37,124.41,407,76191,0.144
2025-08-25 13:45:00,24200,CE,454.47,454.65,440.18,447.76,734,82386,0.1424
2025-08-25 13:45:00,24200,PE,115.24,116.26,115.16,115.8,593,78375,0.1406
2025-08-25 13:45:00,24250,CE,389.75,393.24,389.91,390.45,736,71140,0.1446
2025-08-25 13:45:00,24250,PE,122.75,123.6,120.72,121.98,672,72968,0.1417
2025-08-25 13:45:00,24300,CE,331.45,339.07,332.0,332.83,465,65901,0.1437
2025-08-25 13:45:00,24300,PE,120.57,121.65,120.32,120.8,713,63967,0.1453
2025-08-25 13:45:00,24350,CE,290.47,298.32,292.56,293.61,54,62815,0.1437
2025-08-25 13:45:00,24350,PE,114.29,116.84,114.03,115.01,513,60852,0.1452
2025-08-25 13:45:00,24400,CE,228.26,233.13,227.3,227.91,301,50227,0.142
2025-08-25 13:45:00,24400,PE,121.12,121.47,119.89,121.26,433,54799,0.1452
2025-08-25 13:45:00,24450,CE,190.98,191.07,189.34,190.95,718,47261,0.1433
2025-08-25 13:45:00,24450,PE,126.26,125.78,124.11,124.47,822,51313,0.1428
2025-08-25 13:45:00,24500,CE,139.88,139.48,138.35,138.91,1421,48056,0.1436
2025-08-25 13:45:00,24500,PE,121.25,123.77,121.08,122.0,391,49238,0.1432
2025-08-25 13:45:00,24550,CE,116.21,118.75,114.26,115.72,303,43117,0.1435
2025-08-25 13:45:00,24550,PE,160.47,163.55,160.04,161.28,233,42995,0.1464
2025-08-25 13:45:00,24600,CE,116.08,117.89,116.16,117.2,1353,41863,0.1399
2025-08-25 13:45:00,24600,PE,202.12,202.71,196.31,200.64,157,43909,0.1446
2025-08-25 13:45:00,24650,CE,122.01,121.47,120.85,121.37,1015,39330,0.1456
2025-08-25 13:45:00,24650,PE,251.18,251.23,249.84,250.71,374,36103,0.1428
2025-08-25 13:45:00,24700,CE,123.69,127.66,123.66,124.47,725,33556,0.1408
2025-08-25 13:45:00,24700,PE,300.24,306.73,298.38,299.93,982,32513,0.1412
2025-08-25 13:45:00,24750,CE,111.43,110.89,110.04,110.09,82,37221,0.142
2025-08-25 13:45:00,24750,PE,352.15,356.16,354.79,355.12,356,34763,0.1394
2025-08-25 13:45:00,24800,CE,125.27,124.43,124.23,124.35,49,26261,0.1453
2025-08-25 13:45:00,24800,PE,413.2,420.62,407.84,408.98,286,30381,0.1412
2025-08-25 13:45:00,24850,CE,114.0,115.1,113.81,114.23,766,30353,0.1417
2025-08-25 13:45:00,24850,PE,455.31,458.03,450.39,455.45,282,33783,0.1436
2025-08-25 13:45:00,24900,CE,119.83,119.13,116.14,118.63,523,25878,0.1401
2025-08-25 13:45:00,24900,PE,511.84,509.7,503.49,505.37,121,27690,0.1421
2025-08-25 13:50:00,23500,CE,1134.08,1143.28,1117.16,1142.61,15,28774,0.1409
2025-08-25 13:50:00,23500,PE,116.92,116.68,116.1,116.45,250,26746,0.1453
2025-08-25 13:50:00,23550,CE,1103.91,1113.07,1093.36,1096.32,371,33839,0.1415
2025-08-25 13:50:00,23550,PE,120.51,122.57,121.61,122.44,19,32975,0.1419
2025-08-25 13:50:00,23600,CE,1039.76,1057.02,1029.69,1040.39,377,33332,0.1459
2025-08-25 13:50:00,23600,PE,126.36,125.32,123.99,125.11,205,31859,0.1427
2025-08-25 13:50:00,23650,CE,982.15,1001.48,982.58,991.54,257,38405,0.1441
2025-08-25 13:50:00,23650,PE,121.53,121.38,120.1,120.71,9,29317,0.1433
2025-08-25 13:50:00,23700,CE,954.57,955.84,943.14,951.43,248,34605,0.1456
2025-08-25 13:50:00,23700,PE,112.7,114.49,112.66,112.98,242,36967,0.1416
2025-08-25 13:50:00,23750,CE,887.68,907.14,875.51,896.43,159,37986,0.144
2025-08-25 13:50:00,23750,PE,128.47,130.25,128.37,128.99,424,37401,0.147
2025-08-25 13:50:00,23800,CE,865.79,864.29,845.82,853.6,297,43564,0.1457
2025-08-25 13:50:00,23800,PE,124.28,125.26,122.87,124.79,42,38457,0.1429
2025-08-25 13:50:00,23850,CE,801.48,808.45,789.9,793.18,13,42592,0.1434
2025-08-25 13:50:00,23850,PE,119.36,119.72,117.92,119.38,252,38609,0.1445
2025-08-25 13:50:00,23900,CE,735.51,745.89,734.24,738.27,202,50336,0.1395
2025-08-25 13:50:00,23900,PE,130.81,134.55,127.3,128.39,395,49457,0.1432
2025-08-25 13:50:00,23950,CE,693.69,703.71,699.81,701.56,81,52652,0.1457
2025-08-25 13:50:00,23950,PE,119.7,121.41,119.33,119.67,346,49655,0.1425
2025-08-25 13:50:00,24000,CE,637.05,658.44,642.44,643.59,462,57983,0.142
2025-08-25 13:50:00,24000,PE,126.48,125.66,124.94,125.28,416,58564,0.1426
2025-08-25 13:50:00,24050,CE,596.87,613.13,595.0,597.4,121,69830,0.1446
2025-08-25 13:50:00,24050,PE,112.76,113.36,112.4,113.12,626,57068,0.1433
2025-08-25 13:50:00,24100,CE,542.45,545.88,535.33,544.38,293,62744,0.1441
2025-08-25 13:50:00,24100,PE,121.68,122.92,121.55,122.44,230,70182,0.1409
2025-08-25 13:50:00,24150,CE,501.21,505.62,495.76,497.5,611,74062,0.1437
2025-08-25 13:50:00,24150,PE,123.65,123.35,121.24,123.22,38,75835,0.1432
2025-08-25 13:50:00,24200,CE,446.39,444.69,443.37,443.53,72,82982,0.1403
2025-08-25 13:50:00,24200,PE,119.23,121.56,118.64,120.17,703,78890,0.1422
2025-08-25 13:50:00,24250,CE,394.2,402.67,394.5,398.34,176,71502,0.147
2025-08-25 13:50:00,24250,PE,120.1,120.65,119.17,119.6,515,72723,0.1415
2025-08-25 13:50:00,24300,CE,350.72,349.71,343.38,347.11,668,66443,0.1436
2025-08-25 13:50:00,24300,PE,118.19,117.43,116.45,117.16,465,63402,0.1437
2025-08-25 13:50:00,24350,CE,301.4,298.79,296.53,297.92,931,62440,0.1453
2025-08-25 13:50:00,24350,PE,121.81,122.65,120.56,121.84,216,60992,0.1416
2025-08-25 13:50:00,24400,CE,244.48,244.63,238.93,243.28,993,50578,0.1436
2025-08-25 13:50:00,24400,PE,127.12,130.41,127.85,127.9,1077,55259,0.1435
2025-08-25 13:50:00,24450,CE,198.86,195.19,194.45,194.93,201,47021,0.1428
2025-08-25 13:50:00,24450,PE,111.19,113.76,109.82,112.9,1023,51181,0.141
2025-08-25 13:50:00,24500,CE,149.01,152.66,147.73,150.02,1185,48001,0.1404
2025-08-25 13:50:00,24500,PE,117.83,119.62,118.47,119.09,757,48670,0.1439
2025-08-25 13:50:00,24550,CE,116.34,116.35,114.24,115.4,1018,43553,0.1412
2025-08-25 13:50:00,24550,PE,139.87,139.05,138.29,138.36,1361,42800,0.1444
2025-08-25 13:50:00,24600,CE,123.88,123.87,120.67,122.6,968,41502,0.1414
2025-08-25 13:50:00,24600,PE,194.53,196.35,195.45,195.79,908,43800,0.1415
2025-08-25 13:50:00,24650,CE,121.45,124.22,120.63,121.97,1154,39582,0.1418
2025-08-25 13:50:00,24650,PE,242.86,247.84,243.67,246.24,109,36548,0.1435
2025-08-25 13:50:00,24700,CE,123.56,125.11,123.53,124.82,806,33214,0.1418
2025-08-25 13:50:00,24700,PE,290.94,300.94,292.32,292.73,325,32120,0.1429
2025-08-25 13:50:00,24750,CE,123.92,123.7,120.4,122.47,320,37753,0.1454
2025-08-25 13:50:00,24750,PE,345.29,355.04,345.93,348.93,900,34824,0.1437
2025-08-25 13:50:00,24800,CE,117.06,121.39,117.17,117.91,337,26099,0.1469
2025-08-25 13:50:00,24800,PE,393.02,401.22,381.52,388.24,867,30020,0.1445
2025-08-25 13:50:00,24850,CE,125.08,126.16,124.05,124.24,632,30947,0.1398
2025-08-25 13:50:00,24850,PE,434.5,442.34,438.65,439.84,712,34046,0.1441
2025-08-25 13:50:00,24900,CE,127.79,128.18,125.28,127.43,691,25539,0.1443
2025-08-25 13:50:00,24900,PE,499.0,493.83,480.12,492.06,754,27199,0.1429
2025-08-25 13:55:00,23500,CE,1098.24,1123.79,1099.95,1107.29,11,28413,0.1444
2025-08-25 13:55:00,23500,PE,125.28,125.57,125.16,125.54,244,26443,0.1369
2025-08-25 13:55:00,23550,CE,1048.22,1051.29,1049.16,1050.26,264,33372,0.1427
2025-08-25 13:55:00,23550,PE,125.01,127.07,125.97,126.19,290,32650,0.1454
2025-08-25 13:55:00,23600,CE,1002.55,1021.96,1009.62,1010.36,229,32872,0.1448
2025-08-25 13:55:00,23600,PE,118.53,119.34,118.48,119.3,419,31712,0.1449
2025-08-25 13:55:00,23650,CE,955.42,950.12,942.33,946.14,275,38388,0.1437
2025-08-25 13:55:00,23650,PE,116.75,118.86,117.14,118.23,271,29263,0.144
2025-08-25 13:55:00,23700,CE,893.69,896.74,893.6,894.69,41,35000,0.1419
2025-08-25 13:55:00,23700,PE,113.16,115.87,113.88,114.49,306,36671,0.1434
2025-08-25 13:55:00,23750,CE,860.21,857.7,850.05,855.25,49,38450,0.143
2025-08-25 13:55:00,23750,PE,119.94,121.25,118.45,120.05,170,37890,0.142
2025-08-25 13:55:00,23800,CE,813.61,816.44,803.42,808.67,401,44115,0.1459
2025-08-25 13:55:00,23800,PE,115.4,114.86,113.64,114.61,347,38074,0.143
2025-08-25 13:55:00,23850,CE,752.31,766.68,742.42,752.99,28,42286,0.1439
2025-08-25 13:55:00,23850,PE,116.68,116.87,116.19,116.75,246,38757,0.1392
2025-08-25 13:55:00,23900,CE,708.49,697.39,696.22,697.37,523,49905,0.1422
2025-08-25 13:55:00,23900,PE,117.5,118.3,116.65,116.65,373,48959,0.1427
2025-08-25 13:55:00,23950,CE,658.21,664.96,645.82,654.22,303,52140,0.1432
2025-08-25 13:55:00,23950,PE,109.33,110.72,108.84,110.29,237,49782,0.1392
2025-08-25 13:55:00,24000,CE,604.93,603.54,596.98,599.11,490,58348,0.1451
2025-08-25 13:55:00,24000,PE,133.79,136.05,132.64,134.55,351,58274,0.1459
2025-08-25 13:55:00,24050,CE,549.66,552.73,543.07,551.35,646,70350,0.1405
2025-08-25 13:55:00,24050,PE,118.56,118.49,118.39,118.42,683,57418,0.1421
2025-08-25 13:55:00,24100,CE,498.71,503.16,494.31,497.44,593,62236,0.146
2025-08-25 13:55:00,24100,PE,118.98,121.59,119.02,119.43,440,70070,0.1442
2025-08-25 13:55:00,24150,CE,453.54,455.21,445.91,450.21,223,73543,0.1444
2025-08-25 13:55:00,24150,PE,122.27,124.41,122.4,122.81,186,76333,0.1457
2025-08-25 13:55:00,24200,CE,404.01,408.34,403.96,407.27,815,83273,0.1434
2025-08-25 13:55:00,24200,PE,115.16,115.45,114.34,115.37,104,79113,0.1395
2025-08-25 13:55:00,24250,CE,352.93,357.01,355.18,355.93,138,71721,0.1464
2025-08-25 13:55:00,24250,PE,119.94,119.79,119.18,119.49,48,72465,0.1427
2025-08-25 13:55:00,24300,CE,305.71,303.27,301.1,303.18,149,66963,0.1399
2025-08-25 13:55:00,24300,PE,124.73,125.81,124.86,125.22,628,63909,0.1435
2025-08-25 13:55:00,24350,CE,252.03,257.82,250.69,253.23,44,62727,0.1455
2025-08-25 13:55:00,24350,PE,123.16,124.96,122.28,124.0,598,60954,0.1409
2025-08-25 13:55:00,24400,CE,200.24,206.81,202.75,203.61,1222,50034,0.1408
2025-08-25 13:55:00,24400,PE,123.34,125.44,121.73,123.46,1320,54692,0.1391
2025-08-25 13:55:00,24450,CE,150.25,150.38,147.05,149.43,606,46586,0.1389
2025-08-25 13:55:00,24450,PE,117.78,121.18,118.33,119.1,861,51295,0.1435
2025-08-25 13:55:00,24500,CE,127.31,128.72,124.24,126.03,1087,48358,0.1432
2025-08-25 13:55:00,24500,PE,145.18,147.11,143.93,144.43,1267,49208,0.1429
2025-08-25 13:55:00,24550,CE,120.04,120.55,120.01,120.02,658,43163,0.143
2025-08-25 13:55:00,24550,PE,186.77,187.47,185.81,186.03,243,42530,0.1407
2025-08-25 13:55:00,24600,CE,117.41,119.07,116.83,117.51,766,40966,0.1426
2025-08-25 13:55:00,24600,PE,245.65,246.73,244.55,244.91,1201,44386,0.1445
2025-08-25 13:55:00,24650,CE,128.77,130.99,129.13,129.9,199,39919,0.1439
2025-08-25 13:55:00,24650,PE,287.91,290.71,287.32,288.64,673,36524,0.1483
2025-08-25 13:55:00,24700,CE,109.47,113.07,110.84,111.36,742,33304,0.1412
2025-08-25 13:55:00,24700,PE,343.02,349.26,340.26,342.16,335,32194,0.1423
2025-08-25 13:55:00,24750,CE,119.88,122.9,120.3,120.36,136,37458,0.1411
2025-08-25 13:55:00,24750,PE,400.54,398.82,396.89,397.74,888,34446,0.1412
2025-08-25 13:55:00,24800,CE,115.83,115.05,114.25,114.75,505,25855,0.144
2025-08-25 13:55:00,24800,PE,445.1,453.64,439.78,442.36,395,29716,0.1406
2025-08-25 13:55:00,24850,CE,123.32,123.23,120.61,123.03,444,31016,0.141
2025-08-25 13:55:00,24850,PE,489.23,501.94,491.7,493.53,481,33815,0.1412
2025-08-25 13:55:00,24900,CE,124.76,124.85,123.36,123.87,419,25813,0.1427
2025-08-25 13:55:00,24900,PE,543.26,556.36,542.72,544.17,519,27280,0.145
2025-08-25 14:00:00,23500,CE,1060.48,1067.72,1055.02,1056.75,126,28451,0.1438
2025-08-25 14:00:00,23500,PE,127.33,129.69,127.07,128.03,222,26984,0.1481
2025-08-25 14:00:00,23550,CE,1017.84,1031.98,1017.46,1019.47,164,33158,0.1428
2025-08-25 14:00:00,23550,PE,119.94,120.75,118.8,119.56,320,32812,0.1443
2025-08-25 14:00:00,23600,CE,980.76,975.77,961.62,971.14,193,32272,0.1421
2025-08-25 14:00:00,23600,PE,118.15,120.61,117.8,117.81,315,31996,0.1437
2025-08-25 14:00:00,23650,CE,926.48,947.38,923.79,925.95,432,38391,0.1435
2025-08-25 14:00:00,23650,PE,121.92,120.49,119.4,120.1,242,28913,0.1454
2025-08-25 14:00:00,23700,CE,882.56,885.19,872.39,879.58,228,34401,0.1457
2025-08-25 14:00:00,23700,PE,128.86,130.94,128.7,129.41,248,36919,0.1441
2025-08-25 14:00:00,23750,CE,805.66,808.88,801.69,807.1,404,38645,0.1406
2025-08-25 14:00:00,23750,PE,123.7,127.08,123.15,125.23,414,38088,0.1418
2025-08-25 14:00:00,23800,CE,758.67,783.32,762.12,770.58,423,44039,0.1466
2025-08-25 14:00:00,23800,PE,125.19,126.43,123.24,124.69,328,38241,0.1436
2025-08-25 14:00:00,23850,CE,722.87,725.26,712.49,718.23,330,42371,0.141
2025-08-25 14:00:00,23850,PE,117.0,120.61,117.48,118.02,448,38443,0.146
2025-08-25 14:00:00,23900,CE,675.23,688.63,668.4,673.7,198,49927,0.1455
2025-08-25 14:00:00,23900,PE,119.09,120.5,116.79,118.48,394,48976,0.1434
2025-08-25 14:00:00,23950,CE,609.32,617.46,605.61,610.9,136,52528,0.1408
2025-08-25 14:00:00,23950,PE,118.68,121.06,117.66,118.89,356,49702,0.1446
2025-08-25 14:00:00,24000,CE,577.61,574.36,564.06,571.68,606,58271,0.1428
2025-08-25 14:00:00,24000,PE,118.24,119.73,119.14,119.72,120,58855,0.1419
2025-08-25 14:00:00,24050,CE,528.94,524.25,521.35,522.94,290,70823,0.1432
2025-08-25 14:00:00,24050,PE,116.22,116.03,114.27,115.39,387,57108,0.1415
2025-08-25 14:00:00,24100,CE,477.53,481.89,474.34,476.15,308,62728,0.1438
2025-08-25 14:00:00,24100,PE,124.76,127.14,124.25,124.35,755,69635,0.1428
2025-08-25 14:00:00,24150,CE,424.24,433.82,422.47,424.06,857,73967,0.1451
2025-08-25 14:00:00,24150,PE,121.08,122.12,119.64,120.68,567,75952,0.1413
2025-08-25 14:00:00,24200,CE,355.78,367.27,351.85,356.51,564,83183,0.1425
2025-08-25 14:00:00,24200,PE,117.29,118.05,116.67,117.38,132,79693,0.1408
2025-08-25 14:00:00,24250,CE,320.8,321.23,319.23,319.42,640,71237,0.141
2025-08-25 14:00:00,24250,PE,116.21,117.83,113.68,115.42,370,72872,0.1452
2025-08-25 14:00:00,24300,CE,277.51,282.4,274.6,278.35,529,66956,0.1425
2025-08-25 14:00:00,24300,PE,114.46,117.02,115.17,115.37,183,63442,0.1443
2025-08-25 14:00:00,24350,CE,214.92,220.46,215.56,215.64,1300,63269,0.1427
2025-08-25 14:00:00,24350,PE,114.33,115.72,112.97,115.48,146,61013,0.1433
2025-08-25 14:00:00,24400,CE,170.37,170.41,170.22,170.26,1052,50490,0.1432
2025-08-25 14:00:00,24400,PE,129.06,128.51,127.1,127.82,869,55134,0.1422
2025-08-25 14:00:00,24450,CE,112.83,114.47,112.38,113.85,241,46003,0.1416
2025-08-25 14:00:00,24450,PE,119.7,120.43,117.95,119.1,846,51012,0.1425
2025-08-25 14:00:00,24500,CE,123.52,124.23,122.53,123.34,1150,48162,0.1403
2025-08-25 14:00:00,24500,PE,172.61,175.67,173.14,174.34,631,49249,0.1409
2025-08-25 14:00:00,24550,CE,121.61,122.39,120.56,121.24,1266,42649,0.1431
2025-08-25 14:00:00,24550,PE,214.27,220.25,213.44,213.78,737,42396,0.1449
2025-08-25 14:00:00,24600,CE,112.38,114.94,112.21,112.28,60,41343,0.1417
2025-08-25 14:00:00,24600,PE,276.15,271.73,267.42,270.77,1064,43993,0.142
2025-08-25 14:00:00,24650,CE,123.65,126.81,123.28,124.21,795,40160,0.1413
2025-08-25 14:00:00,24650,PE,314.18,321.0,316.79,317.42,740,36476,0.1405
2025-08-25 14:00:00,24700,CE,125.66,126.17,124.25,125.46,312,32788,0.1441
2025-08-25 14:00:00,24700,PE,371.58,371.24,367.7,369.24,47,31806,0.1434
2025-08-25 14:00:00,24750,CE,112.55,115.35,111.44,111.88,461,37027,0.1433
2025-08-25 14:00:00,24750,PE,416.15,425.13,413.09,419.91,596,34589,0.143
2025-08-25 14:00:00,24800,CE,127.73,129.77,125.94,126.37,281,25359,0.1413
2025-08-25 14:00:00,24800,PE,460.76,463.84,457.47,463.43,416,30103,0.1419
2025-08-25 14:00:00,24850,CE,129.04,129.49,125.86,129.2,296,31383,0.1461
2025-08-25 14:00:00,24850,PE,515.58,520.97,515.32,518.43,219,33311,0.1402
2025-08-25 14:00:00,24900,CE,124.6,125.65,125.12,125.17,449,26278,0.1437
2025-08-25 14:00:00,24900,PE,571.16,579.05,566.7,569.75,606,27830,0.1414
2025-08-25 14:05:00,23500,CE,1040.32,1051.03,1033.49,1044.75,50,27903,0.1413
2025-08-25 14:05:00,23500,PE,128.42,126.52,125.77,126.43,237,27524,0.1453
2025-08-25 14:05:00,23550,CE,992.74,1010.15,996.89,1001.43,428,32893,0.1431
2025-08-25 14:05:00,23550,PE,122.78,122.94,120.84,122.36,165,33009,0.1431
2025-08-25 14:05:00,23600,CE,929.64,964.39,933.2,947.88,410,31881,0.1406
2025-08-25 14:05:00,23600,PE,119.65,119.24,117.05,118.64,438,32376,0.1444
2025-08-25 14:05:00,23650,CE,903.76,914.24,904.22,908.18,39,38801,0.1454
2025-08-25 14:05:00,23650,PE,124.4,126.24,122.55,123.74,304,29487,0.1435
2025-08-25 14:05:00,23700,CE,847.6,857.46,853.56,854.92,109,34992,0.1432
2025-08-25 14:05:00,23700,PE,122.11,121.27,120.19,120.26,31,36410,0.1427
2025-08-25 14:05:00,23750,CE,806.57,807.8,803.5,806.51,237,38834,0.1422
2025-08-25 14:05:00,23750,PE,123.83,124.2,121.44,122.89,93,37815,0.1428
2025-08-25 14:05:00,23800,CE,766.3,763.79,753.74,763.72,218,43589,0.1435
2025-08-25 14:05:00,23800,PE,110.24,110.15,109.92,110.12,103,37819,0.1398
2025-08-25 14:05:00,23850,CE,696.79,725.89,694.17,701.3,552,42894,0.1419
2025-08-25 14:05:00,23850,PE,118.87,119.6,119.15,119.2,367,38663,0.1463
2025-08-25 14:05:00,23900,CE,662.64,669.97,654.57,663.26,92,49387,0.1457
2025-08-25 14:05:00,23900,PE,124.69,126.61,124.57,125.13,238,49557,0.1459
2025-08-25 14:05:00,23950,CE,583.63,604.09,588.23,596.62,318,52897,0.1403
2025-08-25 14:05:00,23950,PE,122.04,123.06,122.45,122.83,248,49473,0.1428
2025-08-25 14:05:00,24000,CE,557.76,565.45,554.1,556.57,571,58236,0.1463
2025-08-25 14:05:00,24000,PE,122.7,121.41,120.94,121.34,515,59126,0.1418
2025-08-25 14:05:00,24050,CE,501.75,507.06,498.0,501.27,551,71034,0.1397
2025-08-25 14:05:00,24050,PE,111.14,114.13,111.25,112.37,612,57063,0.1432
2025-08-25 14:05:00,24100,CE,453.32,457.45,445.9,447.97,256,62742,0.1446
2025-08-25 14:05:00,24100,PE,118.12,120.85,119.22,119.68,273,69086,0.1452
2025-08-25 14:05:00,24150,CE,403.68,412.78,403.16,404.24,330,73967,0.1441
2025-08-25 14:05:00,24150,PE,120.25,120.0,118.28,119.23,468,75760,0.1437
2025-08-25 14:05:00,24200,CE,361.58,363.16,359.1,359.59,710,82925,0.1425
2025-08-25 14:05:00,24200,PE,122.7,125.44,121.71,122.88,636,79416,0.1423
2025-08-25 14:05:00,24250,CE,303.51,311.76,301.46,303.4,1064,71415,0.1394
2025-08-25 14:05:00,24250,PE,123.79,124.36,123.98,124.0,608,72787,0.1412
2025-08-25 14:05:00,24300,CE,246.81,250.37,249.2,249.78,919,66866,0.1426
2025-08-25 14:05:00,24300,PE,117.33,117.02,115.18,116.56,974,63033,0.1394
2025-08-25 14:05:00,24350,CE,206.83,210.11,207.14,207.84,1132,63823,0.142
2025-08-25 14:05:00,24350,PE,119.74,121.29,120.18,120.86,350,60681,0.1423
2025-08-25 14:05:00,24400,CE,157.39,158.29,156.34,156.46,1524,50377,0.1416
2025-08-25 14:05:00,24400,PE,116.21,117.51,116.26,116.64,1116,54762,0.1413
2025-08-25 14:05:00,24450,CE,115.3,115.56,113.29,114.0,747,46246,0.1423
2025-08-25 14:05:00,24450,PE,131.87,133.52,132.37,132.38,1533,50935,0.1422
2025-08-25 14:05:00,24500,CE,116.13,117.64,114.83,115.84,131,48058,0.1428
2025-08-25 14:05:00,24500,PE,186.57,185.71,184.76,185.2,947,49699,0.1391
2025-08-25 14:05:00,24550,CE,118.56,121.17,118.65,118.96,1066,42960,0.141
2025-08-25 14:05:00,24550,PE,236.33,236.95,232.13,234.84,228,42419,0.1463
2025-08-25 14:05:00,24600,CE,121.82,124.61,123.15,123.73,659,41305,0.1418
2025-08-25 14:05:00,24600,PE,290.96,288.53,284.78,284.87,1044,44544,0.1427
2025-08-25 14:05:00,24650,CE,121.02,121.69,119.45,120.76,226,40707,0.1409
2025-08-25 14:05:00,24650,PE,336.81,341.78,332.98,334.42,862,36721,0.1419
2025-08-25 14:05:00,24700,CE,120.36,120.56,119.12,120.41,361,33100,0.1407
2025-08-25 14:05:00,24700,PE,384.26,388.79,379.5,382.83,546,32284,0.1454
2025-08-25 14:05:00,24750,CE,107.51,108.38,107.74,107.9,604,37584,0.1407
2025-08-25 14:05:00,24750,PE,442.81,442.87,436.91,438.25,362,34087,0.1406
2025-08-25 14:05:00,24800,CE,119.3,119.49,117.53,117.7,389,25955,0.141
2025-08-25 14:05:00,24800,PE,475.79,476.15,470.62,473.1,514,30346,0.1393
2025-08-25 14:05:00,24850,CE,126.06,125.4,124.66,124.73,455,31494,0.1423
2025-08-25 14:05:00,24850,PE,530.32,532.66,526.28,531.16,55,33206,0.1429
2025-08-25 14:05:00,24900,CE,113.12,113.15,110.93,112.45,68,26081,0.1411
2025-08-25 14:05:00,24900,PE,585.12,594.59,588.1,590.51,488,28195,0.144
2025-08-25 14:10:00,23500,CE,1051.0,1061.29,1044.17,1045.33,98,28088,0.1425
2025-08-25 14:10:00,23500,PE,126.42,126.71,125.09,125.23,99,27164,0.1431
2025-08-25 14:10:00,23550,CE,984.48,995.92,981.98,990.35,418,33024,0.1425
2025-08-25 14:10:00,23550,PE,125.81,127.76,126.11,126.16,91,32578,0.1443
2025-08-25 14:10:00,23600,CE,919.52,944.38,936.7,937.84,29,31877,0.1435
2025-08-25 14:10:00,23600,PE,118.16,119.28,117.4,119.03,52,32476,0.1443
2025-08-25 14:10:00,23650,CE,892.56,904.53,888.67,889.47,211,38963,0.1427
2025-08-25 14:10:00,23650,PE,122.55,125.07,121.94,122.7,105,29061,0.1427
2025-08-25 14:10:00,23700,CE,848.01,855.6,841.1,849.28,57,34506,0.1429
2025-08-25 14:10:00,23700,PE,128.78,130.22,127.34,128.72,43,36120,0.1471
2025-08-25 14:10:00,23750,CE,792.61,797.86,783.43,790.32,423,38962,0.1445
2025-08-25 14:10:00,23750,PE,117.89,117.13,116.23,117.03,138,38333,0.1433
2025-08-25 14:10:00,23800,CE,742.56,746.61,729.14,737.82,425,43923,0.1449
2025-08-25 14:10:00,23800,PE,129.32,128.99,127.14,127.39,500,38113,0.1448
2025-08-25 14:10:00,23850,CE,696.17,698.47,693.12,696.58,564,42690,0.1464
2025-08-25 14:10:00,23850,PE,116.57,118.88,114.99,115.6,505,38197,0.142
2025-08-25 14:10:00,23900,CE,631.12,635.96,631.9,635.03,195,49857,0.139
2025-08-25 14:10:00,23900,PE,122.51,124.73,123.14,123.85,92,49558,0.1452
2025-08-25 14:10:00,23950,CE,581.61,587.57,568.05,584.17,234,52417,0.1411
2025-08-25 14:10:00,23950,PE,116.2,117.83,115.79,117.14,165,49514,0.1424
2025-08-25 14:10:00,24000,CE,544.4,545.45,539.87,544.23,455,58446,0.1455
2025-08-25 14:10:00,24000,PE,121.19,121.78,119.24,120.89,104,58909,0.1409
2025-08-25 14:10:00,24050,CE,499.52,500.96,493.73,495.57,91,70445,0.1446
2025-08-25 14:10:00,24050,PE,125.27,129.33,125.25,126.23,308,57208,0.1413
2025-08-25 14:10:00,24100,CE,445.05,449.84,445.55,446.64,318,62190,0.1457
2025-08-25 14:10:00,24100,PE,113.13,115.23,114.38,114.88,194,69005,0.1447
2025-08-25 14:10:00,24150,CE,399.71,404.23,391.08,394.52,333,74356,0.1406
2025-08-25 14:10:00,24150,PE,127.41,128.62,125.7,127.31,551,76358,0.1439
2025-08-25 14:10:00,24200,CE,333.93,333.77,331.24,333.75,189,82769,0.1441
2025-08-25 14:10:00,24200,PE,121.68,122.66,120.55,120.81,102,78840,0.1452
2025-08-25 14:10:00,24250,CE,296.06,296.4,290.88,295.55,1031,71406,0.1449
2025-08-25 14:10:00,24250,PE,114.16,115.61,113.47,114.52,741,72518,0.1446
2025-08-25 14:10:00,24300,CE,238.84,241.14,237.34,238.19,84,67337,0.1456
2025-08-25 14:10:00,24300,PE,113.99,115.33,111.98,113.59,833,63286,0.142
2025-08-25 14:10:00,24350,CE,192.9,191.08,187.94,190.77,776,63708,0.1414
2025-08-25 14:10:00,24350,PE,125.39,128.69,125.51,125.66,619,60995,0.1427
2025-08-25 14:10:00,24400,CE,135.95,137.41,135.15,135.37,402,50186,0.139
2025-08-25 14:10:00,24400,PE,114.83,114.45,113.91,114.27,534,54788,0.1409
2025-08-25 14:10:00,24450,CE,117.0,118.48,116.96,117.69,1574,46753,0.1431
2025-08-25 14:10:00,24450,PE,150.56,151.01,150.19,150.91,898,50575,0.1413
2025-08-25 14:10:00,24500,CE,111.41,112.39,110.91,111.3,1317,47833,0.1428
2025-08-25 14:10:00,24500,PE,211.71,211.73,206.92,209.59,513,50161,0.1448
2025-08-25 14:10:00,24550,CE,113.18,114.75,113.17,114.33,338,42914,0.1421
2025-08-25 14:10:00,24550,PE,251.03,250.9,248.52,250.45,1126,42200,0.1405
2025-08-25 14:10:00,24600,CE,120.36,121.74,120.96,121.68,689,40749,0.1437
2025-08-25 14:10:00,24600,PE,299.44,299.42,295.82,297.5,1088,44446,0.1428
2025-08-25 14:10:00,24650,CE,125.27,125.97,123.91,125.52,665,40707,0.1445
2025-08-25 14:10:00,24650,PE,351.45,355.24,350.2,351.17,436,36608,0.1438
2025-08-25 14:10:00,24700,CE,118.03,118.84,116.96,117.28,30,32832,0.1413
2025-08-25 14:10:00,24700,PE,387.12,401.11,384.82,392.87,350,32126,0.1394
2025-08-25 14:10:00,24750,CE,126.63,129.5,126.84,126.86,235,37754,0.1425
2025-08-25 14:10:00,24750,PE,450.75,452.65,439.65,448.71,684,34556,0.143
2025-08-25 14:10:00,24800,CE,121.27,121.84,120.27,121.76,739,26134,0.1449
2025-08-25 14:10:00,24800,PE,496.48,496.35,486.05,495.63,319,30521,0.1439
2025-08-25 14:10:00,24850,CE,131.27,132.02,130.41,131.38,103,31874,0.1405
2025-08-25 14:10:00,24850,PE,536.76,549.06,536.86,542.9,383,32804,0.1394
2025-08-25 14:10:00,24900,CE,131.12,133.29,130.23,132.34,287,25842,0.1446
2025-08-25 14:10:00,24900,PE,605.32,609.84,600.64,605.83,237,27655,0.1437
2025-08-25 14:15:00,23500,CE,1032.11,1032.44,1018.04,1029.65,13,27907,0.1443
2025-08-25 14:15:00,23500,PE,123.46,124.62,121.58,123.37,131,27762,0.1451
2025-08-25 14:15:00,23550,CE,984.82,1005.11,970.33,986.91,120,32819,0.1424
2025-08-25 14:15:00,23550,PE,112.91,113.99,112.93,113.74,402,33009,0.142
2025-08-25 14:15:00,23600,CE,944.14,937.12,934.18,934.71,33,31379,0.1415
2025-08-25 14:15:00,23600,PE,121.83,122.85,121.17,121.71,50,32427,0.1429
2025-08-25 14:15:00,23650,CE,891.66,896.33,883.6,884.02,279,38784,0.1439
2025-08-25 14:15:00,23650,PE,123.62,123.78,121.84,122.61,13,28702,0.1418
2025-08-25 14:15:00,23700,CE,840.13,831.53,828.13,829.39,314,34353,0.139
2025-08-25 14:15:00,23700,PE,114.33,114.86,113.02,113.23,69,36301,0.1413
2025-08-25 14:15:00,23750,CE,795.22,784.9,781.0,782.78,330,38950,0.1448
2025-08-25 14:15:00,23750,PE,124.74,126.05,123.56,124.56,502,38746,0.1422
2025-08-25 14:15:00,23800,CE,726.9,737.02,730.94,734.37,31,44408,0.1431
2025-08-25 14:15:00,23800,PE,117.58,121.91,116.45,117.16,36,38091,0.1481
2025-08-25 14:15:00,23850,CE,686.03,693.77,679.04,680.05,539,43268,0.1404
2025-08-25 14:15:00,23850,PE,119.94,121.81,120.62,121.24,22,37683,0.1405
2025-08-25 14:15:00,23900,CE,642.05,642.54,631.14,635.59,161,49588,0.146
2025-08-25 14:15:00,23900,PE,115.28,116.58,115.12,115.79,184,49458,0.1425
2025-08-25 14:15:00,23950,CE,576.17,589.25,577.57,582.34,223,52516,0.1462
2025-08-25 14:15:00,23950,PE,127.69,128.01,124.68,127.45,580,49569,0.1456
2025-08-25 14:15:00,24000,CE,521.47,522.96,511.66,521.9,249,58527,0.1415
2025-08-25 14:15:00,24000,PE,125.49,126.95,124.68,125.04,455,59384,0.1455
2025-08-25 14:15:00,24050,CE,465.9,475.6,465.71,468.83,743,70178,0.1411
2025-08-25 14:15:00,24050,PE,120.8,125.17,120.11,121.78,721,57588,0.1457
2025-08-25 14:15:00,24100,CE,434.41,438.75,436.63,436.71,121,62259,0.1453
2025-08-25 14:15:00,24100,PE,132.03,133.0,130.64,132.5,141,68993,0.148
2025-08-25 14:15:00,24150,CE,380.89,383.11,379.16,382.67,56,74115,0.1451
2025-08-25 14:15:00,24150,PE,121.9,122.3,120.18,121.77,553,76122,0.1444
2025-08-25 14:15:00,24200,CE,327.62,328.49,325.48,327.23,26,82635,0.1432
2025-08-25 14:15:00,24200,PE,118.54,119.8,117.87,118.14,562,79156,0.1443
2025-08-25 14:15:00,24250,CE,295.17,294.88,287.09,292.43,172,71378,0.1452
2025-08-25 14:15:00,24250,PE,117.28,119.0,117.29,117.74,242,72102,0.144
2025-08-25 14:15:00,24300,CE,226.36,226.17,222.94,225.59,175,67648,0.1433
2025-08-25 14:15:00,24300,PE,126.8,128.06,125.66,126.41,1188,63482,0.1438
2025-08-25 14:15:00,24350,CE,175.63,178.62,176.04,176.54,575,64247,0.1439
2025-08-25 14:15:00,24350,PE,111.32,114.49,111.32,111.91,748,61030,0.1427
2025-08-25 14:15:00,24400,CE,118.04,121.93,119.12,119.95,1115,50371,0.1406
2025-08-25 14:15:00,24400,PE,122.74,124.72,121.99,123.44,871,54763,0.1444
2025-08-25 14:15:00,24450,CE,127.28,127.14,125.66,126.57,516,46969,0.1429
2025-08-25 14:15:00,24450,PE,157.69,161.49,154.68,158.67,1064,50498,0.142
2025-08-25 14:15:00,24500,CE,115.69,115.7,114.32,114.78,972,47398,0.1435
2025-08-25 14:15:00,24500,PE,208.28,212.0,205.13,208.72,577,50745,0.1408
2025-08-25 14:15:00,24550,CE,118.73,118.59,116.41,117.95,881,43178,0.1406
2025-08-25 14:15:00,24550,PE,256.61,257.66,254.96,255.45,1033,42330,0.1406
2025-08-25 14:15:00,24600,CE,117.16,118.53,116.81,117.72,712,40726,0.144
2025-08-25 14:15:00,24600,PE,301.31,311.1,301.77,306.55,884,44699,0.1398
2025-08-25 14:15:00,24650,CE,122.54,124.69,122.18,122.36,512,40259,0.1434
2025-08-25 14:15:00,24650,PE,352.28,358.23,354.35,355.61,780,36399,0.1422
2025-08-25 14:15:00,24700,CE,122.92,125.98,123.18,123.48,325,32381,0.1453
2025-08-25 14:15:00,24700,PE,408.04,406.43,402.7,405.77,202,31677,0.1462
2025-08-25 14:15:00,24750,CE,115.81,115.27,113.23,115.01,90,37179,0.1447
2025-08-25 14:15:00,24750,PE,463.05,473.42,458.38,465.15,247,34863,0.146
2025-08-25 14:15:00,24800,CE,127.69,130.34,126.27,127.05,647,25806,0.1414
2025-08-25 14:15:00,24800,PE,517.74,521.06,506.44,511.58,324,30919,0.141
2025-08-25 14:15:00,24850,CE,123.5,127.99,123.51,124.02,495,32359,0.1434
2025-08-25 14:15:00,24850,PE,573.55,573.67,566.5,567.15,299,32406,0.145
2025-08-25 14:15:00,24900,CE,118.59,120.05,117.27,117.38,102,26092,0.1412
2025-08-25 14:15:00,24900,PE,610.11,618.9,603.21,610.52,27,27607,0.1419
2025-08-25 14:20:00,23500,CE,984.99,996.05,986.83,991.06,157,28409,0.1408
2025-08-25 14:20:00,23500,PE,123.26,123.51,120.69,122.77,431,27743,0.1445
2025-08-25 14:20:00,23550,CE,944.97,975.5,948.67,948.86,265,32673,0.1402
2025-08-25 14:20:00,23550,PE,120.99,122.19,121.04,121.77,353,32762,0.1466
2025-08-25 14:20:00,23600,CE,903.34,932.18,901.03,905.76,354,31863,0.1465
2025-08-25 14:20:00,23600,PE,118.93,119.27,117.76,119.11,87,32098,0.1411
2025-08-25 14:20:00,23650,CE,835.17,838.91,832.47,837.83,193,39177,0.142
2025-08-25 14:20:00,23650,PE,122.04,122.07,119.89,120.64,321,28335,0.1431
2025-08-25 14:20:00,23700,CE,807.13,804.6,798.73,800.58,198,34525,0.1429
2025-08-25 14:20:00,23700,PE,122.63,124.71,123.33,123.76,505,36242,0.1424
2025-08-25 14:20:00,23750,CE,735.61,748.69,742.24,745.87,49,38475,0.145
2025-08-25 14:20:00,23750,PE,110.31,111.3,109.76,110.41,24,38297,0.1435
2025-08-25 14:20:00,23800,CE,705.26,731.67,697.98,698.05,246,44145,0.1409
2025-08-25 14:20:00,23800,PE,117.47,119.69,115.24,117.86,182,38410,0.144
2025-08-25 14:20:00,23850,CE,641.56,652.63,630.15,644.64,301,43542,0.1429
2025-08-25 14:20:00,23850,PE,115.23,119.15,115.0,115.26,341,37329,0.1432
2025-08-25 14:20:00,23900,CE,605.62,614.42,592.45,599.33,628,49559,0.1463
2025-08-25 14:20:00,23900,PE,121.84,122.78,118.77,120.55,555,48974,0.1406
2025-08-25 14:20:00,23950,CE,542.1,551.98,544.53,547.71,604,52775,0.1439
2025-08-25 14:20:00,23950,PE,121.27,120.86,120.05,120.21,185,49920,0.1442
2025-08-25 14:20:00,24000,CE,487.04,504.5,484.03,488.98,570,58999,0.1447
2025-08-25 14:20:00,24000,PE,118.84,121.43,119.4,119.81,170,59846,0.1433
2025-08-25 14:20:00,24050,CE,447.15,444.62,436.96,440.89,632,69983,0.1451
2025-08-25 14:20:00,24050,PE,123.9,125.82,124.0,124.05,298,57293,0.1448
2025-08-25 14:20:00,24100,CE,397.13,398.55,391.57,394.98,437,62734,0.143
2025-08-25 14:20:00,24100,PE,118.11,120.2,116.42,116.8,756,68568,0.1423
2025-08-25 14:20:00,24150,CE,346.03,346.9,340.21,344.96,144,73586,0.1424
2025-08-25 14:20:00,24150,PE,131.37,131.12,130.45,130.72,613,75899,0.142
2025-08-25 14:20:00,24200,CE,303.29,303.53,297.69,299.47,840,82947,0.1411
2025-08-25 14:20:00,24200,PE,119.82,119.88,118.31,119.33,231,79389,0.1414
2025-08-25 14:20:00,24250,CE,251.77,254.75,252.5,254.0,948,71962,0.1433
2025-08-25 14:20:00,24250,PE,128.76,129.62,127.62,129.33,898,71933,0.1455
2025-08-25 14:20:00,24300,CE,202.19,206.21,201.35,202.27,1408,67379,0.1458
2025-08-25 14:20:00,24300,PE,116.73,121.63,119.29,119.56,1138,63335,0.1449
2025-08-25 14:20:00,24350,CE,145.57,147.67,146.77,147.41,1534,64585,0.1418
2025-08-25 14:20:00,24350,PE,130.72,131.67,129.05,130.07,993,60687,0.1454
2025-08-25 14:20:00,24400,CE,121.04,124.18,118.32,119.75,335,50908,0.1405
2025-08-25 14:20:00,24400,PE,141.64,143.88,140.75,141.54,1337,54778,0.1429
2025-08-25 14:20:00,24450,CE,117.26,117.03,114.68,115.17,1254,47308,0.1427
2025-08-25 14:20:00,24450,PE,195.03,193.52,192.2,192.69,567,50890,0.1433
2025-08-25 14:20:00,24500,CE,121.58,121.81,119.84,121.26,997,47372,0.1418
2025-08-25 14:20:00,24500,PE,241.28,242.95,240.67,241.52,44,51034,0.1399
2025-08-25 14:20:00,24550,CE,121.78,119.92,119.1,119.11,388,43015,0.143
2025-08-25 14:20:00,24550,PE,288.45,287.14,283.49,285.71,797,42703,0.1407
2025-08-25 14:20:00,24600,CE,120.53,121.78,120.52,120.97,102,41114,0.1464
2025-08-25 14:20:00,24600,PE,347.09,355.45,344.2,347.9,304,44778,0.1441
2025-08-25 14:20:00,24650,CE,119.44,121.22,118.67,119.79,790,39920,0.1422
2025-08-25 14:20:00,24650,PE,399.73,401.86,394.32,396.5,212,36963,0.1405
2025-08-25 14:20:00,24700,CE,117.5,117.77,116.34,117.16,319,32917,0.142
2025-08-25 14:20:00,24700,PE,444.16,450.62,440.62,444.99,306,31820,0.1434
2025-08-25 14:20:00,24750,CE,110.2,113.15,110.41,110.76,398,37759,0.1441
2025-08-25 14:20:00,24750,PE,488.72,496.67,493.34,494.28,428,34866,0.1463
2025-08-25 14:20:00,24800,CE,121.19,123.04,119.99,120.59,338,25656,0.1434
2025-08-25 14:20:00,24800,PE,545.1,556.17,539.53,539.71,320,30871,0.144
2025-08-25 14:20:00,24850,CE,123.03,125.86,123.96,124.83,511,31814,0.1434
2025-08-25 14:20:00,24850,PE,589.67,590.25,582.75,585.7,338,32464,0.1439
2025-08-25 14:20:00,24900,CE,126.3,125.82,125.01,125.11,472,26291,0.1427
2025-08-25 14:20:00,24900,PE,647.17,652.13,650.62,651.85,275,27138,0.1436
2025-08-25 14:25:00,23500,CE,963.77,982.29,967.95,973.55,168,28115,0.1424
2025-08-25 14:25:00,23500,PE,108.38,109.81,107.64,108.83,95,28008,0.1418
2025-08-25 14:25:00,23550,CE,927.07,924.82,910.04,920.63,224,33025,0.1418
2025-08-25 14:25:00,23550,PE,123.68,126.46,124.28,124.81,70,33345,0.1409
2025-08-25 14:25:00,23600,CE,851.45,876.52,868.94,870.45,233,31566,0.1417
2025-08-25 14:25:00,23600,PE,117.32,118.64,116.82,117.14,180,32507,0.1409
2025-08-25 14:25:00,23650,CE,821.73,834.36,815.37,823.56,363,38783,0.1457
2025-08-25 14:25:00,23650,PE,126.37,127.64,126.47,127.24,503,27892,0.1422
2025-08-25 14:25:00,23700,CE,771.77,775.88,771.3,773.96,153,34800,0.1433
2025-08-25 14:25:00,23700,PE,125.69,126.89,124.59,125.4,287,36177,0.143
2025-08-25 14:25:00,23750,CE,728.18,735.01,721.11,725.27,525,38827,0.1449
2025-08-25 14:25:00,23750,PE,122.59,123.55,120.71,121.92,545,38036,0.1444
2025-08-25 14:25:00,23800,CE,675.54,678.84,674.75,676.49,511,43800,0.1469
2025-08-25 14:25:00,23800,PE,112.58,113.77,112.52,112.63,485,38468,0.1426
2025-08-25 14:25:00,23850,CE,621.07,623.82,615.17,621.91,385,43080,0.1413
2025-08-25 14:25:00,23850,PE,119.88,119.35,117.63,119.07,562,37063,0.1425
2025-08-25 14:25:00,23900,CE,566.02,580.07,571.9,572.33,412,49158,0.1384
2025-08-25 14:25:00,23900,PE,113.63,114.23,112.57,113.73,632,48758,0.1449
2025-08-25 14:25:00,23950,CE,531.4,541.86,531.14,531.37,561,53093,0.1433
2025-08-25 14:25:00,23950,PE,115.76,117.44,113.99,115.93,408,49464,0.1417
2025-08-25 14:25:00,24000,CE,474.88,478.36,474.35,475.1,230,59133,0.1418
2025-08-25 14:25:00,24000,PE,119.78,119.87,119.5,119.72,429,59947,0.1433
2025-08-25 14:25:00,24050,CE,426.85,435.06,421.48,429.86,224,70028,0.1428
2025-08-25 14:25:00,24050,PE,109.83,111.12,109.8,110.68,86,57274,0.1423
2025-08-25 14:25:00,24100,CE,378.19,383.69,373.94,376.77,99,62930,0.1459
2025-08-25 14:25:00,24100,PE,126.26,128.04,126.77,126.9,538,68990,0.1421
2025-08-25 14:25:00,24150,CE,319.05,328.17,318.05,319.6,487,73180,0.145
2025-08-25 14:25:00,24150,PE,118.66,120.41,118.93,119.31,256,76275,0.1398
2025-08-25 14:25:00,24200,CE,272.74,274.22,271.17,272.34,1107,82420,0.1461
2025-08-25 14:25:00,24200,PE,121.07,125.85,121.95,122.96,787,79367,0.1447
2025-08-25 14:25:00,24250,CE,226.51,229.4,227.6,228.55,352,71975,0.1444
2025-08-25 14:25:00,24250,PE,120.06,120.93,118.79,120.41,1222,71570,0.1404
2025-08-25 14:25:00,24300,CE,186.17,189.45,185.76,186.01,1260,66886,0.141
2025-08-25 14:25:00,24300,PE,121.33,120.04,119.45,119.61,1088,62824,0.1445
2025-08-25 14:25:00,24350,CE,121.67,123.39,122.41,122.55,134,64029,0.1448
2025-08-25 14:25:00,24350,PE,114.19,115.46,112.49,114.11,1427,60775,0.1398
2025-08-25 14:25:00,24400,CE,116.2,116.68,115.26,116.02,1077,50494,0.14
2025-08-25 14:25:00,24400,PE,164.24,165.32,160.14,165.03,1430,55148,0.1441
2025-08-25 14:25:00,24450,CE,116.28,115.98,114.19,115.82,666,47786,0.1405
2025-08-25 14:25:00,24450,PE,204.4,202.81,201.28,202.76,210,50640,0.1418
2025-08-25 14:25:00,24500,CE,114.79,116.18,115.28,115.66,75,46969,0.1409
2025-08-25 14:25:00,24500,PE,268.33,270.74,265.96,268.87,998,50925,0.1411
2025-08-25 14:25:00,24550,CE,121.87,124.44,120.53,122.4,688,43472,0.1426
2025-08-25 14:25:00,24550,PE,317.57,320.98,316.26,318.63,812,42582,0.1464
2025-08-25 14:25:00,24600,CE,121.06,124.42,121.0,121.01,343,40644,0.1402
2025-08-25 14:25:00,24600,PE,362.53,363.72,354.24,358.24,796,45359,0.1436
2025-08-25 14:25:00,24650,CE,126.67,129.41,125.48,126.48,443,39919,0.1434
2025-08-25 14:25:00,24650,PE,412.49,424.0,419.09,419.76,742,36773,0.1424
2025-08-25 14:25:00,24700,CE,124.28,124.65,123.3,123.64,334,33389,0.1422
2025-08-25 14:25:00,24700,PE,466.98,473.49,462.67,467.88,312,32332,0.1454
2025-08-25 14:25:00,24750,CE,118.91,119.56,116.25,117.57,130,37755,0.1438
2025-08-25 14:25:00,24750,PE,525.88,531.9,513.65,518.01,370,34634,0.1427
2025-08-25 14:25:00,24800,CE,117.51,119.44,116.95,118.08,666,25635,0.1407
2025-08-25 14:25:00,24800,PE,564.94,561.21,558.94,560.57,609,30534,0.1413
2025-08-25 14:25:00,24850,CE,130.44,133.76,129.6,130.18,232,31787,0.1439
2025-08-25 14:25:00,24850,PE,613.17,617.0,605.2,609.73,369,32139,0.1428
2025-08-25 14:25:00,24900,CE,116.28,120.33,116.97,118.31,197,26437,0.1446
2025-08-25 14:25:00,24900,PE,668.04,691.06,664.65,666.23,176,27449,0.1419
2025-08-25 14:30:00,23500,CE,1015.92,1024.04,1002.9,1003.91,208,28678,0.1431
2025-08-25 14:30:00,23500,PE,121.91,125.08,121.58,122.21,107,28419,0.1431
2025-08-25 14:30:00,23550,CE,950.67,955.96,943.31,954.1,224,32528,0.1435
2025-08-25 14:30:00,23550,PE,122.47,122.35,119.51,121.86,319,32998,0.1448
2025-08-25 14:30:00,23600,CE,900.36,914.4,906.73,907.46,71,31604,0.1433
2025-08-25 14:30:00,23600,PE,105.39,105.99,104.52,105.14,371,32216,0.1428
2025-08-25 14:30:00,23650,CE,854.64,867.17,855.41,856.41,310,38200,0.1429
2025-08-25 14:30:00,23650,PE,114.7,117.09,113.7,115.87,97,28197,0.143
2025-08-25 14:30:00,23700,CE,799.61,808.36,800.61,805.17,15,34629,0.1424
2025-08-25 14:30:00,23700,PE,123.33,122.63,120.48,121.42,268,35656,0.1393
2025-08-25 14:30:00,23750,CE,755.55,777.73,760.62,762.65,536,38837,0.1425
2025-08-25 14:30:00,23750,PE,121.91,123.79,121.87,122.12,191,38608,0.1415
2025-08-25 14:30:00,23800,CE,720.29,713.12,703.82,709.38,328,44014,0.1439
2025-08-25 14:30:00,23800,PE,116.62,118.64,118.56,118.57,60,38058,0.1396
2025-08-25 14:30:00,23850,CE,646.68,658.39,637.34,652.42,37,43097,0.1438
2025-08-25 14:30:00,23850,PE,112.82,112.61,111.43,112.39,516,37545,0.1441
2025-08-25 14:30:00,23900,CE,602.85,623.93,599.76,610.08,381,48623,0.1461
2025-08-25 14:30:00,23900,PE,127.43,127.44,124.87,126.84,414,48923,0.147
2025-08-25 14:30:00,23950,CE,566.47,561.6,551.84,557.07,423,53358,0.1453
2025-08-25 14:30:00,23950,PE,123.21,123.27,120.51,122.28,396,49708,0.1463
2025-08-25 14:30:00,24000,CE,516.17,520.71,503.62,512.68,373,58713,0.1454
2025-08-25 14:30:00,24000,PE,117.29,117.3,116.18,116.53,71,60435,0.1406
2025-08-25 14:30:00,24050,CE,441.38,449.2,440.21,447.47,367,69814,0.1433
2025-08-25 14:30:00,24050,PE,116.22,117.37,116.21,116.73,249,56736,0.1443
2025-08-25 14:30:00,24100,CE,412.92,415.32,408.77,410.83,841,62429,0.144
2025-08-25 14:30:00,24100,PE,123.85,123.37,122.19,122.55,206,68939,0.1423
2025-08-25 14:30:00,24150,CE,355.4,365.0,354.93,355.23,359,72627,0.1408
2025-08-25 14:30:00,24150,PE,126.73,127.33,125.16,125.54,332,76610,0.1408
2025-08-25 14:30:00,24200,CE,301.89,305.19,302.77,302.83,284,82858,0.1436
2025-08-25 14:30:00,24200,PE,115.95,118.7,116.68,117.35,401,78783,0.1434
2025-08-25 14:30:00,24250,CE,265.52,266.38,261.97,264.07,149,72347,0.1488
2025-08-25 14:30:00,24250,PE,124.26,124.91,123.75,124.07,503,72147,0.1418
2025-08-25 14:30:00,24300,CE,206.73,206.11,204.33,205.73,1094,66322,0.146
2025-08-25 14:30:00,24300,PE,125.6,126.72,122.72,124.58,447,63093,0.1414
2025-08-25 14:30:00,24350,CE,149.7,150.17,149.52,150.13,125,64627,0.1406
2025-08-25 14:30:00,24350,PE,127.4,126.95,126.76,126.76,288,61131,0.1447
2025-08-25 14:30:00,24400,CE,117.43,118.88,118.24,118.54,1434,50500,0.1409
2025-08-25 14:30:00,24400,PE,140.67,141.66,136.5,138.11,1373,55609,0.1438
2025-08-25 14:30:00,24450,CE,127.95,130.59,128.59,129.74,1074,48035,0.1469
2025-08-25 14:30:00,24450,PE,182.26,182.2,176.75,179.93,579,50390,0.1389
2025-08-25 14:30:00,24500,CE,119.84,125.51,120.96,121.08,1104,46638,0.1415
2025-08-25 14:30:00,24500,PE,239.02,241.08,232.61,238.45,538,50940,0.1467
2025-08-25 14:30:00,24550,CE,117.94,119.69,117.48,118.2,451,43319,0.1428
2025-08-25 14:30:00,24550,PE,290.02,291.34,289.99,290.4,682,42377,0.1432
2025-08-25 14:30:00,24600,CE,112.0,114.6,112.64,113.48,1001,40257,0.1426
2025-08-25 14:30:00,24600,PE,338.48,342.0,340.54,341.53,403,45773,0.142
2025-08-25 14:30:00,24650,CE,118.84,119.78,116.67,118.72,444,40165,0.1454
2025-08-25 14:30:00,24650,PE,387.87,395.75,389.74,390.62,600,36570,0.1457
2025-08-25 14:30:00,24700,CE,116.05,117.92,116.76,117.51,630,33074,0.1419
2025-08-25 14:30:00,24700,PE,439.2,438.05,433.64,437.75,634,31885,0.1432
2025-08-25 14:30:00,24750,CE,125.18,124.98,124.28,124.62,542,37290,0.1436
2025-08-25 14:30:00,24750,PE,473.02,493.69,476.06,479.56,676,34784,0.1429
2025-08-25 14:30:00,24800,CE,115.1,116.44,113.62,115.46,40,25165,0.1433
2025-08-25 14:30:00,24800,PE,528.12,548.15,537.9,538.1,144,31086,0.1452
2025-08-25 14:30:00,24850,CE,116.9,115.83,115.12,115.8,400,31521,0.1432
2025-08-25 14:30:00,24850,PE,582.71,588.22,583.35,584.47,193,31569,0.1429
2025-08-25 14:30:00,24900,CE,113.7,113.48,112.71,113.48,136,26863,0.1381
2025-08-25 14:30:00,24900,PE,628.2,631.29,618.07,625.52,381,27290,0.143
2025-08-25 14:35:00,23500,CE,942.74,939.39,931.67,936.41,17,28489,0.1448
2025-08-25 14:35:00,23500,PE,128.02,129.2,127.38,128.14,180,27961,0.1458
2025-08-25 14:35:00,23550,CE,879.0,881.62,874.99,881.32,295,32720,0.1449
2025-08-25 14:35:00,23550,PE,125.84,125.35,123.57,124.68,480,32828,0.1428
2025-08-25 14:35:00,23600,CE,844.8,837.95,822.37,834.48,145,31991,0.1464
2025-08-25 14:35:00,23600,PE,118.26,117.5,115.69,117.42,182,32372,0.1417
2025-08-25 14:35:00,23650,CE,783.22,781.08,774.63,779.98,395,38655,0.1428
2025-08-25 14:35:00,23650,PE,123.08,124.07,122.5,123.71,175,28344,0.1443
2025-08-25 14:35:00,23700,CE,723.03,737.61,726.78,734.92,81,34964,0.1435
2025-08-25 14:35:00,23700,PE,123.08,123.24,120.06,121.98,34,35891,0.1433
2025-08-25 14:35:00,23750,CE,684.86,691.65,672.29,678.91,132,38792,0.1446
2025-08-25 14:35:00,23750,PE,129.32,130.76,128.17,130.1,54,38834,0.1471
2025-08-25 14:35:00,23800,CE,633.16,631.14,618.9,629.17,311,44210,0.1434
2025-08-25 14:35:00,23800,PE,118.47,119.75,118.21,119.01,227,37466,0.1421
2025-08-25 14:35:00,23850,CE,585.26,592.2,579.29,580.2,398,43335,0.1399
2025-08-25 14:35:00,23850,PE,121.56,121.27,120.01,121.16,453,37259,0.1445
2025-08-25 14:35:00,23900,CE,535.65,532.35,531.6,532.28,523,48673,0.1443
2025-08-25 14:35:00,23900,PE,111.95,113.94,111.28,112.62,162,48456,0.1421
2025-08-25 14:35:00,23950,CE,486.47,483.72,476.58,482.7,263,52785,0.1441
2025-08-25 14:35:00,23950,PE,118.18,117.47,116.87,117.07,564,49126,0.143
2025-08-25 14:35:00,24000,CE,432.44,442.44,433.53,434.91,54,58302,0.1428
2025-08-25 14:35:00,24000,PE,118.44,120.6,118.09,118.88,286,59858,0.1432
2025-08-25 14:35:00,24050,CE,375.28,390.03,378.11,380.65,590,69372,0.1467
2025-08-25 14:35:00,24050,PE,106.3,107.51,106.29,106.65,748,56807,0.1411
2025-08-25 14:35:00,24100,CE,342.14,344.53,341.18,341.85,100,62309,0.1424
2025-08-25 14:35:00,24100,PE,117.48,118.59,116.16,117.42,158,69515,0.1437
2025-08-25 14:35:00,24150,CE,284.62,285.52,282.24,284.9,683,72997,0.1455
2025-08-25 14:35:00,24150,PE,120.0,119.76,118.48,119.64,438,76186,0.1451
2025-08-25 14:35:00,24200,CE,242.02,243.05,241.66,242.32,318,82758,0.144
2025-08-25 14:35:00,24200,PE,119.33,120.33,117.69,118.24,996,78700,0.1429
2025-08-25 14:35:00,24250,CE,175.33,177.36,174.99,176.08,1374,72181,0.1429
2025-08-25 14:35:00,24250,PE,113.81,118.0,114.21,114.32,363,72141,0.1407
2025-08-25 14:35:00,24300,CE,126.84,128.12,123.77,125.9,217,66525,0.1426
2025-08-25 14:35:00,24300,PE,114.4,114.23,111.69,113.69,200,63262,0.1399
2025-08-25 14:35:00,24350,CE,117.39,118.33,114.57,117.1,618,64455,0.1379
2025-08-25 14:35:00,24350,PE,155.77,158.61,156.64,156.71,972,61377,0.1449
2025-08-25 14:35:00,24400,CE,118.14,118.15,117.08,118.11,1265,50247,0.1436
2025-08-25 14:35:00,24400,PE,205.32,206.96,204.24,205.55,1109,56011,0.1425
2025-08-25 14:35:00,24450,CE,113.82,117.46,115.88,116.21,1192,48592,0.141
2025-08-25 14:35:00,24450,PE,260.67,262.35,258.71,259.67,951,50143,0.1448
2025-08-25 14:35:00,24500,CE,117.31,119.15,115.91,117.12,748,46979,0.1441
2025-08-25 14:35:00,24500,PE,307.8,310.63,308.02,308.92,323,51316,0.1426
2025-08-25 14:35:00,24550,CE,120.54,122.76,119.57,120.11,682,43307,0.1413
2025-08-25 14:35:00,24550,PE,359.74,366.32,355.15,358.15,834,41882,0.1455
2025-08-25 14:35:00,24600,CE,121.66,121.35,117.82,120.32,607,40600,0.1407
2025-08-25 14:35:00,24600,PE,405.86,408.26,406.32,407.02,49,45661,0.1433
2025-08-25 14:35:00,24650,CE,116.44,121.41,115.92,118.35,425,39814,0.1421
2025-08-25 14:35:00,24650,PE,447.36,450.41,444.34,447.5,713,36721,0.1437
2025-08-25 14:35:00,24700,CE,117.64,119.08,116.56,117.89,214,32998,0.1416
2025-08-25 14:35:00,24700,PE,513.41,514.26,507.17,513.06,94,31390,0.1438
2025-08-25 14:35:00,24750,CE,119.83,120.37,117.55,119.66,523,37870,0.1444
2025-08-25 14:35:00,24750,PE,563.65,570.4,560.45,561.25,200,34477,0.1452
2025-08-25 14:35:00,24800,CE,118.9,123.48,116.58,117.72,448,25178,0.1445
2025-08-25 14:35:00,24800,PE,597.59,609.84,603.47,606.54,99,31286,0.1445
2025-08-25 14:35:00,24850,CE,118.23,117.28,115.32,116.36,136,31059,0.1418
2025-08-25 14:35:00,24850,PE,663.83,677.49,663.73,666.71,289,31856,0.1492
2025-08-25 14:35:00,24900,CE,118.92,120.59,118.45,119.54,304,27040,0.1408
2025-08-25 14:35:00,24900,PE,702.73,713.82,696.16,705.33,144,27282,0.1431
2025-08-25 14:40:00,23500,CE,901.01,921.82,914.96,915.84,332,28522,0.1427
2025-08-25 14:40:00,23500,PE,123.52,124.79,121.94,123.38,117,28506,0.1451
2025-08-25 14:40:00,23550,CE,879.47,887.57,869.83,872.64,40,33213,0.1437
2025-08-25 14:40:00,23550,PE,132.18,132.37,130.79,132.24,354,32362,0.1452
2025-08-25 14:40:00,23600,CE,811.56,820.93,815.5,818.6,136,31833,0.1413
2025-08-25 14:40:00,23600,PE,114.53,118.59,114.67,115.61,490,32392,0.1429
2025-08-25 14:40:00,23650,CE,765.96,768.72,760.86,766.64,145,39158,0.1422
2025-08-25 14:40:00,23650,PE,118.13,121.87,117.83,120.01,71,28723,0.1455
2025-08-25 14:40:00,23700,CE,718.18,722.52,716.86,720.63,474,34827,0.144
2025-08-25 14:40:00,23700,PE,117.69,117.67,117.33,117.6,33,36354,0.1439
2025-08-25 14:40:00,23750,CE,667.92,672.03,666.75,669.61,584,38645,0.139
2025-08-25 14:40:00,23750,PE,121.16,121.21,120.14,120.26,120,38559,0.1444
2025-08-25 14:40:00,23800,CE,611.75,632.77,613.08,618.45,96,44341,0.1414
2025-08-25 14:40:00,23800,PE,116.52,119.04,116.68,118.1,338,37293,0.143
2025-08-25 14:40:00,23850,CE,571.17,571.83,566.85,571.62,451,43481,0.141
2025-08-25 14:40:00,23850,PE,120.43,121.73,120.29,120.88,18,37150,0.1438
2025-08-25 14:40:00,23900,CE,520.2,533.13,523.79,524.34,639,49027,0.1457
2025-08-25 14:40:00,23900,PE,121.19,122.28,119.48,120.53,632,49001,0.1459
2025-08-25 14:40:00,23950,CE,467.78,470.56,454.78,466.11,61,52509,0.1435
2025-08-25 14:40:00,23950,PE,120.99,124.79,120.73,121.78,373,49138,0.1429
2025-08-25 14:40:00,24000,CE,410.42,417.01,411.79,411.94,683,58571,0.1459
2025-08-25 14:40:00,24000,PE,115.41,119.43,116.05,116.96,615,59448,0.1413
2025-08-25 14:40:00,24050,CE,357.0,362.22,357.97,360.96,647,69727,0.1433
2025-08-25 14:40:00,24050,PE,127.92,131.4,127.65,127.77,717,56906,0.1439
2025-08-25 14:40:00,24100,CE,314.66,315.25,312.91,314.05,108,61888,0.1429
2025-08-25 14:40:00,24100,PE,116.02,122.87,117.12,118.77,782,69956,0.1417
2025-08-25 14:40:00,24150,CE,268.79,268.68,265.46,267.97,968,72909,0.1434
2025-08-25 14:40:00,24150,PE,119.09,120.2,118.4,118.7,695,75797,0.146
2025-08-25 14:40:00,24200,CE,219.07,219.25,216.28,217.37,793,82392,0.1434
2025-08-25 14:40:00,24200,PE,121.82,122.41,120.72,120.74,1058,79042,0.1454
2025-08-25 14:40:00,24250,CE,171.29,169.58,168.47,169.06,101,72703,0.1421
2025-08-25 14:40:00,24250,PE,116.68,120.57,116.98,117.47,1221,71994,0.1449
2025-08-25 14:40:00,24300,CE,119.22,120.99,118.84,119.02,826,66019,0.1435
2025-08-25 14:40:00,24300,PE,129.17,132.74,129.41,129.74,1683,62782,0.1474
2025-08-25 14:40:00,24350,CE,118.88,120.35,117.87,117.98,1406,64640,0.1442
2025-08-25 14:40:00,24350,PE,168.62,169.13,167.77,168.93,1401,61221,0.1427
2025-08-25 14:40:00,24400,CE,121.66,123.97,121.26,122.08,1185,50158,0.1424
2025-08-25 14:40:00,24400,PE,215.58,217.79,214.1,215.99,476,55815,0.1392
2025-08-25 14:40:00,24450,CE,113.78,114.18,111.43,112.98,1111,48550,0.1418
2025-08-25 14:40:00,24450,PE,260.65,268.46,260.73,263.68,568,50315,0.1418
2025-08-25 14:40:00,24500,CE,125.21,126.56,125.65,125.9,588,47028,0.1469
2025-08-25 14:40:00,24500,PE,331.05,327.94,325.6,327.55,406,50913,0.1419
2025-08-25 14:40:00,24550,CE,118.49,122.76,120.39,120.59,941,43296,0.1414
2025-08-25 14:40:00,24550,PE,377.8,377.95,377.11,377.85,920,41834,0.1447
2025-08-25 14:40:00,24600,CE,118.16,120.84,117.93,118.14,523,40654,0.1431
2025-08-25 14:40:00,24600,PE,419.25,420.71,417.49,419.38,835,45193,0.1444
2025-08-25 14:40:00,24650,CE,120.27,119.95,118.43,119.3,418,39398,0.1443
2025-08-25 14:40:00,24650,PE,472.23,473.34,464.14,468.2,692,36757,0.1389
2025-08-25 14:40:00,24700,CE,115.77,118.45,116.93,117.8,681,32728,0.1432
2025-08-25 14:40:00,24700,PE,517.02,520.59,506.63,513.22,130,31544,0.146
2025-08-25 14:40:00,24750,CE,120.82,124.23,123.42,123.68,109,37717,0.1419
2025-08-25 14:40:00,24750,PE,566.31,583.92,562.63,566.58,223,34141,0.1407
2025-08-25 14:40:00,24800,CE,119.5,121.4,118.15,119.21,93,25365,0.1454
2025-08-25 14:40:00,24800,PE,625.17,630.05,621.99,622.03,489,31158,0.145
2025-08-25 14:40:00,24850,CE,125.17,126.26,124.77,125.07,176,30648,0.1462
2025-08-25 14:40:00,24850,PE,653.14,684.92,664.02,665.6,411,32226,0.142
2025-08-25 14:40:00,24900,CE,114.23,115.1,113.18,114.73,316,26958,0.1414
2025-08-25 14:40:00,24900,PE,714.95,724.87,713.71,713.98,372,27780,0.1432
2025-08-25 14:45:00,23500,CE,939.06,939.91,928.63,930.63,454,28154,0.1427
2025-08-25 14:45:00,23500,PE,123.59,125.16,122.14,124.47,222,28957,0.1438
2025-08-25 14:45:00,23550,CE,885.6,887.27,866.1,875.01,307,33592,0.1418
2025-08-25 14:45:00,23550,PE,121.06,122.07,118.71,121.13,479,31886,0.1402
2025-08-25 14:45:00,23600,CE,825.08,832.27,814.08,820.35,312,31871,0.1404
2025-08-25 14:45:00,23600,PE,125.14,126.86,124.28,124.36,149,32576,0.1434
2025-08-25 14:45:00,23650,CE,785.82,803.18,785.17,785.99,63,39152,0.1448
2025-08-25 14:45:00,23650,PE,136.56,138.61,134.97,136.07,225,28591,0.1464
2025-08-25 14:45:00,23700,CE,735.95,738.23,733.17,736.31,349,35359,0.1435
2025-08-25 14:45:00,23700,PE,108.28,112.53,110.04,110.08,533,36594,0.142
2025-08-25 14:45:00,23750,CE,674.36,687.07,672.91,680.44,203,39204,0.1411
2025-08-25 14:45:00,23750,PE,126.26,127.52,125.59,126.15,595,38974,0.1458
2025-08-25 14:45:00,23800,CE,637.89,652.01,635.29,637.7,555,44721,0.145
2025-08-25 14:45:00,23800,PE,113.23,115.37,113.38,113.48,484,37563,0.1455
2025-08-25 14:45:00,23850,CE,573.57,581.63,571.8,572.74,436,43656,0.144
2025-08-25 14:45:00,23850,PE,114.33,115.41,112.57,114.26,270,37614,0.143
2025-08-25 14:45:00,23900,CE,534.82,539.64,532.1,534.17,465,49163,0.1433
2025-08-25 14:45:00,23900,PE,116.48,118.2,116.6,117.19,542,48491,0.1427
2025-08-25 14:45:00,23950,CE,476.36,479.67,473.77,475.39,721,52608,0.1442
2025-08-25 14:45:00,23950,PE,120.25,120.14,118.7,119.85,740,48661,0.1411
2025-08-25 14:45:00,24000,CE,430.33,433.28,428.7,429.0,209,59110,0.141
2025-08-25 14:45:00,24000,PE,115.72,117.05,116.08,116.13,593,59624,0.1442
2025-08-25 14:45:00,24050,CE,373.24,376.03,372.02,374.21,384,69793,0.1424
2025-08-25 14:45:00,24050,PE,106.63,110.23,106.44,107.98,514,56543,0.1433
2025-08-25 14:45:00,24100,CE,338.01,335.88,331.29,335.8,587,61906,0.145
2025-08-25 14:45:00,24100,PE,122.97,123.65,121.7,122.14,332,69767,0.1436
2025-08-25 14:45:00,24150,CE,288.93,289.99,286.6,288.82,881,73119,0.1464
2025-08-25 14:45:00,24150,PE,116.75,117.88,117.41,117.55,546,75922,0.1473
2025-08-25 14:45:00,24200,CE,227.38,227.47,226.98,227.32,327,82391,0.1433
2025-08-25 14:45:00,24200,PE,115.86,116.09,115.81,115.85,733,78745,0.1412
2025-08-25 14:45:00,24250,CE,174.15,176.21,174.13,175.6,270,72733,0.1443
2025-08-25 14:45:00,24250,PE,119.56,121.67,120.18,120.82,1393,71948,0.1438
2025-08-25 14:45:00,24300,CE,130.19,133.74,130.91,130.99,1568,66440,0.1452
2025-08-25 14:45:00,24300,PE,126.42,123.84,121.6,123.45,1300,63255,0.1418
2025-08-25 14:45:00,24350,CE,117.41,119.08,116.34,116.94,661,64951,0.1458
2025-08-25 14:45:00,24350,PE,155.49,156.83,156.41,156.58,250,61004,0.1458
2025-08-25 14:45:00,24400,CE,119.91,122.3,119.39,120.09,779,49603,0.1394
2025-08-25 14:45:00,24400,PE,205.28,206.65,202.56,206.45,1045,56325,0.1457
2025-08-25 14:45:00,24450,CE,119.09,118.85,117.69,118.6,143,49140,0.1462
2025-08-25 14:45:00,24450,PE,258.01,256.69,253.37,255.01,123,49867,0.1404
2025-08-25 14:45:00,24500,CE,116.63,121.87,118.73,119.0,818,47250,0.1414
2025-08-25 14:45:00,24500,PE,318.32,323.9,314.71,318.56,1001,50823,0.147
2025-08-25 14:45:00,24550,CE,121.87,124.58,120.31,121.88,559,42874,0.14
2025-08-25 14:45:00,24550,PE,360.74,360.91,349.85,358.08,672,42431,0.145
2025-08-25 14:45:00,24600,CE,126.34,128.57,126.29,127.57,531,41173,0.1438
2025-08-25 14:45:00,24600,PE,413.74,419.2,407.61,408.03,355,45772,0.1426
2025-08-25 14:45:00,24650,CE,123.5,129.01,121.6,124.25,440,38970,0.1436
2025-08-25 14:45:00,24650,PE,450.21,463.59,447.4,453.79,301,36747,0.1451
2025-08-25 14:45:00,24700,CE,115.98,117.5,116.59,116.99,61,33202,0.1419
2025-08-25 14:45:00,24700,PE,521.9,525.58,517.88,518.38,188,31754,0.1435
2025-08-25 14:45:00,24750,CE,110.89,111.47,110.36,110.7,641,37638,0.1394
2025-08-25 14:45:00,24750,PE,551.86,564.68,551.64,552.17,428,34161,0.1436
2025-08-25 14:45:00,24800,CE,122.68,123.1,118.69,121.9,500,24811,0.1424
2025-08-25 14:45:00,24800,PE,603.12,613.35,601.83,604.87,240,31291,0.1402
2025-08-25 14:45:00,24850,CE,111.15,111.24,110.77,111.23,64,31079,0.1423
2025-08-25 14:45:00,24850,PE,655.39,677.01,651.14,654.04,389,31629,0.1416
2025-08-25 14:45:00,24900,CE,112.0,111.12,110.24,110.82,16,26549,0.1419
2025-08-25 14:45:00,24900,PE,714.59,714.14,700.3,707.41,385,27801,0.1449
2025-08-25 14:50:00,23500,CE,975.8,973.33,953.7,964.51,220,28227,0.1439
2025-08-25 14:50:00,23500,PE,112.66,114.08,111.97,112.98,226,28769,0.1426
2025-08-25 14:50:00,23550,CE,911.84,912.42,909.04,911.86,10,33025,0.1419
2025-08-25 14:50:00,23550,PE,121.94,123.32,121.17,121.86,326,32178,0.142
2025-08-25 14:50:00,23600,CE,843.21,852.01,843.88,850.16,124,31562,0.1456
2025-08-25 14:50:00,23600,PE,116.6,118.96,117.13,117.87,206,32749,0.1437
2025-08-25 14:50:00,23650,CE,793.02,800.14,788.86,795.91,311,39222,0.139
2025-08-25 14:50:00,23650,PE,118.34,121.26,117.99,118.59,27,28508,0.1407
2025-08-25 14:50:00,23700,CE,761.91,770.33,752.74,760.44,415,35467,0.1442
2025-08-25 14:50:00,23700,PE,120.85,123.76,120.7,121.48,444,36828,0.147
2025-08-25 14:50:00,23750,CE,696.62,716.88,700.73,702.09,522,39290,0.1399
2025-08-25 14:50:00,23750,PE,113.5,117.95,114.81,115.09,334,39043,0.145
2025-08-25 14:50:00,23800,CE,659.24,652.44,642.74,647.51,170,44644,0.1449
2025-08-25 14:50:00,23800,PE,110.96,109.94,108.7,109.68,112,37479,0.1432
2025-08-25 14:50:00,23850,CE,606.32,605.79,597.83,602.51,107,43645,0.144
2025-08-25 14:50:00,23850,PE,122.21,125.71,121.6,122.8,626,37556,0.1389
2025-08-25 14:50:00,23900,CE,557.77,552.75,545.75,552.03,521,49089,0.1426
2025-08-25 14:50:00,23900,PE,125.34,124.85,124.09,124.48,637,48143,0.1437
2025-08-25 14:50:00,23950,CE,495.68,513.44,496.81,502.79,632,52877,0.1453
2025-08-25 14:50:00,23950,PE,115.54,116.24,114.56,115.69,672,48220,0.1416
2025-08-25 14:50:00,24000,CE,457.85,469.12,452.77,462.65,732,59600,0.1437
2025-08-25 14:50:00,24000,PE,119.18,119.81,118.99,119.61,251,59773,0.1435
2025-08-25 14:50:00,24050,CE,409.79,408.47,404.25,406.73,528,69251,0.1424
2025-08-25 14:50:00,24050,PE,121.48,122.05,120.17,121.27,474,56733,0.1401
2025-08-25 14:50:00,24100,CE,348.34,361.64,352.81,354.3,212,61739,0.1411
2025-08-25 14:50:00,24100,PE,113.86,115.26,113.95,114.96,578,70282,0.1441
2025-08-25 14:50:00,24150,CE,288.47,294.82,289.64,292.86,82,73642,0.1379
2025-08-25 14:50:00,24150,PE,124.09,125.92,121.97,123.59,886,76337,0.1409
2025-08-25 14:50:00,24200,CE,249.98,257.28,249.48,249.86,76,82472,0.144
2025-08-25 14:50:00,24200,PE,119.1,122.52,119.46,119.64,460,79248,0.1395
2025-08-25 14:50:00,24250,CE,200.61,202.86,197.6,199.28,1030,72912,0.1417
2025-08-25 14:50:00,24250,PE,115.68,116.27,114.67,115.38,60,72398,0.143
2025-08-25 14:50:00,24300,CE,154.97,156.27,154.0,154.38,798,66032,0.1437
2025-08-25 14:50:00,24300,PE,127.82,128.52,126.01,126.91,1405,63740,0.1405
2025-08-25 14:50:00,24350,CE,113.69,114.63,112.06,113.14,858,65144,0.1447
2025-08-25 14:50:00,24350,PE,140.7,146.42,139.79,140.82,1049,60767,0.1466
2025-08-25 14:50:00,24400,CE,121.17,121.61,119.67,121.54,1093,50200,0.1427
2025-08-25 14:50:00,24400,PE,188.72,190.35,187.82,188.54,1359,56549,0.1414
2025-08-25 14:50:00,24450,CE,115.59,116.43,116.23,116.3,470,49630,0.1424
2025-08-25 14:50:00,24450,PE,234.64,235.7,234.17,234.22,1178,49273,0.1425
2025-08-25 14:50:00,24500,CE,117.45,119.01,116.86,118.2,392,47312,0.1431
2025-08-25 14:50:00,24500,PE,298.44,299.68,295.58,297.12,658,51078,0.1463
2025-08-25 14:50:00,24550,CE,124.79,124.68,121.51,123.13,528,42290,0.1444
2025-08-25 14:50:00,24550,PE,330.94,340.31,330.13,331.58,181,42746,0.1419
2025-08-25 14:50:00,24600,CE,117.9,119.83,118.08,118.55,641,41354,0.1405
2025-08-25 14:50:00,24600,PE,388.63,386.87,380.0,385.02,413,45501,0.1413
2025-08-25 14:50:00,24650,CE,123.73,123.68,121.13,123.22,268,39196,0.1421
2025-08-25 14:50:00,24650,PE,433.67,446.59,432.31,434.18,431,36304,0.1421
2025-08-25 14:50:00,24700,CE,128.71,128.37,127.18,128.36,317,33590,0.142
2025-08-25 14:50:00,24700,PE,493.14,492.66,491.02,491.1,470,32193,0.1432
2025-08-25 14:50:00,24750,CE,120.29,120.14,119.41,119.95,372,37620,0.1405
2025-08-25 14:50:00,24750,PE,534.21,538.63,526.83,530.73,684,34169,0.1415
2025-08-25 14:50:00,24800,CE,124.79,127.71,124.11,125.2,100,24693,0.1453
2025-08-25 14:50:00,24800,PE,587.0,595.43,585.2,587.76,439,31105,0.1417
2025-08-25 14:50:00,24850,CE,121.04,122.94,121.2,122.3,264,31526,0.1445
2025-08-25 14:50:00,24850,PE,626.98,641.61,622.18,630.55,279,31394,0.1421
2025-08-25 14:50:00,24900,CE,118.99,119.6,116.85,118.63,72,26432,0.1393
2025-08-25 14:50:00,24900,PE,691.93,690.39,681.58,686.45,456,27560,0.1421
2025-08-25 14:55:00,23500,CE,945.69,940.78,921.68,936.17,218,28415,0.1428
2025-08-25 14:55:00,23500,PE,131.31,133.39,131.38,131.43,422,29146,0.1473
2025-08-25 14:55:00,23550,CE,897.58,904.59,878.16,891.89,142,32622,0.1437
2025-08-25 14:55:00,23550,PE,123.64,125.11,123.47,124.15,322,31883,0.1447
2025-08-25 14:55:00,23600,CE,846.26,848.59,828.01,840.49,201,31086,0.144
2025-08-25 14:55:00,23600,PE,118.96,119.06,117.05,118.37,389,32341,0.1425
2025-08-25 14:55:00,23650,CE,792.37,791.29,778.18,784.86,205,39110,0.144
2025-08-25 14:55:00,23650,PE,118.71,118.9,116.82,118.02,30,28839,0.1453
2025-08-25 14:55:00,23700,CE,744.02,747.49,744.89,746.89,347,35516,0.1409
2025-08-25 14:55:00,23700,PE,119.67,120.3,117.82,118.87,106,36291,0.142
2025-08-25 14:55:00,23750,CE,697.77,702.84,688.2,695.18,41,39440,0.1438
2025-08-25 14:55:00,23750,PE,119.16,121.87,120.19,120.25,442,39397,0.1431
2025-08-25 14:55:00,23800,CE,638.43,653.98,641.27,642.29,503,44516,0.1455
2025-08-25 14:55:00,23800,PE,113.79,116.35,115.72,115.9,11,37173,0.1449
2025-08-25 14:55:00,23850,CE,590.4,606.8,594.03,595.75,528,43961,0.1462
2025-08-25 14:55:00,23850,PE,116.38,116.24,115.72,116.14,344,36984,0.1439
2025-08-25 14:55:00,23900,CE,539.05,538.92,532.1,537.0,558,49467,0.1427
2025-08-25 14:55:00,23900,PE,119.85,122.78,119.55,121.17,171,48508,0.1448
2025-08-25 14:55:00,23950,CE,488.56,505.02,489.02,493.94,497,53342,0.1411
2025-08-25 14:55:00,23950,PE,116.24,116.64,115.6,116.41,487,47727,0.1417
2025-08-25 14:55:00,24000,CE,441.76,447.26,439.49,443.3,545,59129,0.1467
2025-08-25 14:55:00,24000,PE,118.95,120.32,119.37,119.71,226,60220,0.1436
2025-08-25 14:55:00,24050,CE,399.06,402.24,399.26,400.61,882,69221,0.1437
2025-08-25 14:55:00,24050,PE,118.22,120.66,118.3,120.02,276,56603,0.1466
2025-08-25 14:55:00,24100,CE,338.04,339.72,335.92,337.51,255,61826,0.1427
2025-08-25 14:55:00,24100,PE,122.91,124.39,123.08,123.72,431,69752,0.1441
2025-08-25 14:55:00,24150,CE,287.44,288.87,285.61,288.2,687,73814,0.1426
2025-08-25 14:55:00,24150,PE,131.44,130.27,129.13,129.72,749,76871,0.1435
2025-08-25 14:55:00,24200,CE,242.57,245.96,242.47,243.26,889,82682,0.1427
2025-08-25 14:55:00,24200,PE,131.67,132.12,129.47,130.78,281,79205,0.1441
2025-08-25 14:55:00,24250,CE,191.58,194.03,192.2,192.24,637,73465,0.1436
2025-08-25 14:55:00,24250,PE,121.01,121.29,119.99,121.08,692,72624,0.1453
2025-08-25 14:55:00,24300,CE,137.15,141.33,136.58,138.76,917,65500,0.1402
2025-08-25 14:55:00,24300,PE,116.38,116.17,115.31,115.98,1569,63944,0.144
2025-08-25 14:55:00,24350,CE,117.21,117.26,115.87,116.64,395,64615,0.1395
2025-08-25 14:55:00,24350,PE,149.38,153.09,150.44,151.06,1526,60535,0.1387
2025-08-25 14:55:00,24400,CE,125.7,124.54,122.98,124.03,46,50338,0.144
2025-08-25 14:55:00,24400,PE,194.26,194.8,193.36,194.28,45,56207,0.1422
2025-08-25 14:55:00,24450,CE,124.28,123.91,122.97,123.64,1099,49075,0.141
2025-08-25 14:55:00,24450,PE,248.58,257.51,249.77,251.84,928,49414,0.1426
2025-08-25 14:55:00,24500,CE,116.03,117.99,116.17,116.17,346,47055,0.1426
2025-08-25 14:55:00,24500,PE,307.2,311.4,310.54,310.96,528,51117,0.1399
2025-08-25 14:55:00,24550,CE,118.2,120.0,118.3,119.8,879,42003,0.1433
2025-08-25 14:55:00,24550,PE,348.99,348.59,345.35,346.23,588,42969,0.1463
2025-08-25 14:55:00,24600,CE,119.39,120.73,119.67,120.51,25,41828,0.1433
2025-08-25 14:55:00,24600,PE,390.53,402.17,390.88,391.39,889,45004,0.1424
2025-08-25 14:55:00,24650,CE,124.63,126.26,124.85,125.42,225,39539,0.1448
2025-08-25 14:55:00,24650,PE,438.34,450.31,435.85,446.93,668,35891,0.1438
2025-08-25 14:55:00,24700,CE,120.03,122.23,120.43,121.25,698,33385,0.1443
2025-08-25 14:55:00,24700,PE,505.15,511.35,498.88,507.69,232,32021,0.1469
2025-08-25 14:55:00,24750,CE,131.02,131.86,130.61,131.45,478,37267,0.1457
2025-08-25 14:55:00,24750,PE,546.09,554.27,540.9,544.37,388,33659,0.1422
2025-08-25 14:55:00,24800,CE,131.69,132.52,131.86,132.46,106,25015,0.1431
2025-08-25 14:55:00,24800,PE,614.31,624.7,607.66,610.35,260,31457,0.1446
2025-08-25 14:55:00,24850,CE,116.83,119.88,117.73,117.78,459,32122,0.1407
2025-08-25 14:55:00,24850,PE,660.22,662.44,652.83,655.21,93,31915,0.1426
2025-08-25 14:55:00,24900,CE,113.73,113.78,113.14,113.17,521,26353,0.1419
2025-08-25 14:55:00,24900,PE,697.09,700.38,685.37,698.59,87,27120,0.1391
2025-08-25 15:00:00,23500,CE,902.5,915.04,902.26,902.69,243,27827,0.1437
2025-08-25 15:00:00,23500,PE,114.09,114.51,111.94,113.31,51,29183,0.1393
2025-08-25 15:00:00,23550,CE,857.96,853.19,847.9,851.21,280,33054,0.1454
2025-08-25 15:00:00,23550,PE,119.36,119.9,118.58,119.76,480,31604,0.1452
2025-08-25 15:00:00,23600,CE,812.34,821.48,797.88,810.46,176,30724,0.1416
2025-08-25 15:00:00,23600,PE,126.0,128.24,126.24,127.14,122,32267,0.1449
2025-08-25 15:00:00,23650,CE,767.15,766.11,760.02,760.07,542,39582,0.1442
2025-08-25 15:00:00,23650,PE,126.78,128.19,125.58,127.33,500,28781,0.1452
2025-08-25 15:00:00,23700,CE,705.81,704.51,698.23,703.62,383,35783,0.1405
2025-08-25 15:00:00,23700,PE,125.97,127.99,125.73,126.57,147,36246,0.1483
2025-08-25 15:00:00,23750,CE,650.22,654.28,646.51,654.17,342,39287,0.1413
2025-08-25 15:00:00,23750,PE,120.2,120.42,119.38,119.97,295,39326,0.1434
2025-08-25 15:00:00,23800,CE,607.04,624.96,604.06,609.63,50,44838,0.1461
2025-08-25 15:00:00,23800,PE,111.31,112.27,109.34,110.86,589,37478,0.1384
2025-08-25 15:00:00,23850,CE,547.86,554.29,552.98,554.26,653,43879,0.1407
2025-08-25 15:00:00,23850,PE,119.35,120.79,118.87,119.37,49,36705,0.1453
2025-08-25 15:00:00,23900,CE,501.64,522.0,502.43,503.34,644,49033,0.1418
2025-08-25 15:00:00,23900,PE,115.79,116.45,115.09,115.53,417,47909,0.1424
2025-08-25 15:00:00,23950,CE,456.41,468.09,449.89,451.61,272,52877,0.1411
2025-08-25 15:00:00,23950,PE,123.55,122.84,120.02,121.0,103,47324,0.1391
2025-08-25 15:00:00,24000,CE,399.91,403.93,400.72,402.62,483,59356,0.1413
2025-08-25 15:00:00,24000,PE,112.38,112.73,111.21,112.57,265,60601,0.1422
2025-08-25 15:00:00,24050,CE,352.87,362.87,355.66,355.89,390,69505,0.1446
2025-08-25 15:00:00,24050,PE,117.47,119.32,118.53,118.95,522,56870,0.1434
2025-08-25 15:00:00,24100,CE,307.18,316.55,309.23,311.27,1053,62419,0.1428
2025-08-25 15:00:00,24100,PE,117.79,118.52,117.0,117.87,639,70307,0.1462
2025-08-25 15:00:00,24150,CE,256.19,261.73,256.31,259.36,851,73536,0.1419
2025-08-25 15:00:00,24150,PE,116.16,115.58,114.38,114.71,1129,76445,0.1408
2025-08-25 15:00:00,24200,CE,200.26,200.2,196.98,200.12,654,82265,0.1418
2025-08-25 15:00:00,24200,PE,128.44,128.36,125.67,128.0,1080,79679,0.1419
2025-08-25 15:00:00,24250,CE,160.67,162.87,157.7,159.67,1306,72987,0.1446
2025-08-25 15:00:00,24250,PE,113.93,115.62,112.86,113.13,449,72432,0.1432
2025-08-25 15:00:00,24300,CE,122.04,123.75,120.43,121.37,223,65536,0.1432
2025-08-25 15:00:00,24300,PE,136.86,137.3,135.62,136.24,85,64080,0.1444
2025-08-25 15:00:00,24350,CE,126.17,128.69,123.84,125.05,852,64729,0.1501
2025-08-25 15:00:00,24350,PE,183.09,183.29,180.76,182.29,1339,60878,0.1438
2025-08-25 15:00:00,24400,CE,132.62,132.78,131.13,131.2,347,50424,0.1458
2025-08-25 15:00:00,24400,PE,224.29,229.68,225.72,226.23,1029,56628,0.1415
2025-08-25 15:00:00,24450,CE,124.34,126.16,122.84,123.22,735,48576,0.1436
2025-08-25 15:00:00,24450,PE,285.08,293.76,284.69,286.81,503,49844,0.1435
2025-08-25 15:00:00,24500,CE,111.06,113.41,110.44,110.87,90,47163,0.1407
2025-08-25 15:00:00,24500,PE,328.21,338.06,326.19,330.06,557,50784,0.143
2025-08-25 15:00:00,24550,CE,115.98,117.89,114.98,115.46,328,42576,0.1439
2025-08-25 15:00:00,24550,PE,374.82,379.2,377.16,378.6,556,43496,0.1395
2025-08-25 15:00:00,24600,CE,116.87,118.16,114.73,115.96,405,42242,0.1426
2025-08-25 15:00:00,24600,PE,433.53,429.57,425.73,429.02,529,45497,0.1416
2025-08-25 15:00:00,24650,CE,120.34,121.7,121.32,121.51,263,39397,0.1399
2025-08-25 15:00:00,24650,PE,486.14,484.2,481.27,482.01,43,35564,0.1425
2025-08-25 15:00:00,24700,CE,124.09,126.9,124.19,124.59,110,33004,0.1434
2025-08-25 15:00:00,24700,PE,535.89,540.23,527.18,534.91,231,32469,0.1439
2025-08-25 15:00:00,24750,CE,116.63,120.84,116.83,118.16,262,37658,0.1427
2025-08-25 15:00:00,24750,PE,580.76,593.08,579.53,580.05,551,34236,0.1417
2025-08-25 15:00:00,24800,CE,117.08,120.84,116.79,117.47,326,25432,0.1412
2025-08-25 15:00:00,24800,PE,639.01,635.41,625.57,629.95,271,31615,0.1403
2025-08-25 15:00:00,24850,CE,114.24,114.3,112.79,113.79,483,31692,0.1425
2025-08-25 15:00:00,24850,PE,688.01,689.62,686.12,686.52,43,31512,0.143
2025-08-25 15:00:00,24900,CE,110.64,113.73,110.5,111.9,407,26321,0.1374
2025-08-25 15:00:00,24900,PE,737.88,746.36,728.32,735.49,163,27441,0.1429
2025-08-25 15:05:00,23500,CE,927.97,933.89,920.71,922.23,14,27434,0.1455
2025-08-25 15:05:00,23500,PE,122.97,123.11,119.76,121.31,222,29681,0.1429
2025-08-25 15:05:00,23550,CE,873.76,882.21,876.15,876.92,366,33274,0.1439
2025-08-25 15:05:00,23550,PE,122.85,122.49,121.46,122.48,348,31378,0.1472
2025-08-25 15:05:00,23600,CE,822.81,839.51,821.95,822.61,233,31186,0.1429
2025-08-25 15:05:00,23600,PE,126.35,125.2,123.73,123.86,375,32385,0.1432
2025-08-25 15:05:00,23650,CE,764.79,775.7,764.95,774.59,52,39861,0.1449
2025-08-25 15:05:00,23650,PE,120.7,121.84,119.97,120.78,203,28643,0.1457
2025-08-25 15:05:00,23700,CE,712.23,728.15,707.79,714.25,387,35655,0.1454
2025-08-25 15:05:00,23700,PE,118.17,120.34,118.71,119.33,330,35661,0.1423
2025-08-25 15:05:00,23750,CE,656.56,664.8,656.31,662.26,120,39332,0.1436
2025-08-25 15:05:00,23750,PE,115.89,115.35,114.11,114.69,579,39638,0.1419
2025-08-25 15:05:00,23800,CE,616.37,620.83,615.82,616.5,275,45400,0.142
2025-08-25 15:05:00,23800,PE,124.1,123.02,122.66,122.93,185,37948,0.1432
2025-08-25 15:05:00,23850,CE,574.95,575.29,560.19,574.07,284,43383,0.1427
2025-08-25 15:05:00,23850,PE,126.85,125.4,124.6,125.21,13,37281,0.1461
2025-08-25 15:05:00,23900,CE,503.25,513.69,508.96,512.89,478,48612,0.1434
2025-08-25 15:05:00,23900,PE,120.35,120.76,119.85,120.22,733,47358,0.1433
2025-08-25 15:05:00,23950,CE,462.91,469.71,460.31,461.95,275,53175,0.1419
2025-08-25 15:05:00,23950,PE,119.86,118.93,117.84,118.47,54,47811,0.1388
2025-08-25 15:05:00,24000,CE,419.4,428.58,418.33,422.89,592,59895,0.1455
2025-08-25 15:05:00,24000,PE,119.7,123.8,120.24,120.51,728,60990,0.1426
2025-08-25 15:05:00,24050,CE,361.96,366.95,360.81,361.95,228,69150,0.1423
2025-08-25 15:05:00,24050,PE,126.5,127.33,126.42,127.24,241,56454,0.1464
2025-08-25 15:05:00,24100,CE,315.54,322.24,312.32,314.53,702,61889,0.144
2025-08-25 15:05:00,24100,PE,122.92,124.73,123.47,123.68,459,70405,0.1419
2025-08-25 15:05:00,24150,CE,259.83,267.07,260.34,262.64,640,73520,0.1428
2025-08-25 15:05:00,24150,PE,128.47,129.33,126.98,128.37,276,75976,0.1452
2025-08-25 15:05:00,24200,CE,222.37,224.39,219.99,221.72,1313,82222,0.1444
2025-08-25 15:05:00,24200,PE,109.24,110.72,110.2,110.34,799,79759,0.141
2025-08-25 15:05:00,24250,CE,170.84,173.57,172.29,172.53,581,73254,0.1455
2025-08-25 15:05:00,24250,PE,123.63,124.08,122.55,123.72,591,72329,0.1409
2025-08-25 15:05:00,24300,CE,119.65,118.32,116.9,118.0,1444,65318,0.144
2025-08-25 15:05:00,24300,PE,121.58,123.23,122.08,122.44,1261,64278,0.1394
2025-08-25 15:05:00,24350,CE,119.14,118.61,117.47,117.95,70,64950,0.1439
2025-08-25 15:05:00,24350,PE,161.38,163.41,161.37,163.31,1221,60602,0.1446
2025-08-25 15:05:00,24400,CE,120.45,124.61,120.68,121.05,1206,49847,0.1427
2025-08-25 15:05:00,24400,PE,220.7,223.3,222.55,222.56,254,57162,0.1433
2025-08-25 15:05:00,24450,CE,115.72,117.28,116.67,116.71,999,48882,0.1427
2025-08-25 15:05:00,24450,PE,265.92,266.4,265.83,266.13,710,49485,0.1414
2025-08-25 15:05:00,24500,CE,116.88,118.46,115.78,117.23,518,47241,0.1432
2025-08-25 15:05:00,24500,PE,328.65,339.76,329.61,331.04,108,50897,0.1417
2025-08-25 15:05:00,24550,CE,119.45,124.17,120.7,120.73,98,42127,0.1427
2025-08-25 15:05:00,24550,PE,367.08,366.93,364.99,366.47,173,43125,0.1422
2025-08-25 15:05:00,24600,CE,124.97,126.57,123.07,123.59,83,42790,0.1444
2025-08-25 15:05:00,24600,PE,408.43,413.93,405.53,411.09,695,45506,0.1408
2025-08-25 15:05:00,24650,CE,116.99,118.31,115.55,116.65,301,39026,0.1439
2025-08-25 15:05:00,24650,PE,468.05,481.37,471.08,471.08,754,35921,0.1406
2025-08-25 15:05:00,24700,CE,118.75,120.11,118.22,119.88,556,32968,0.143
2025-08-25 15:05:00,24700,PE,529.47,530.19,520.84,528.16,31,32635,0.1464
2025-08-25 15:05:00,24750,CE,118.97,119.83,117.32,118.02,339,37415,0.1435
2025-08-25 15:05:00,24750,PE,569.32,581.3,572.26,577.03,223,33705,0.1443
2025-08-25 15:05:00,24800,CE,124.31,125.6,122.83,123.98,560,25029,0.1426
2025-08-25 15:05:00,24800,PE,621.0,628.76,614.57,618.5,523,32182,0.1413
2025-08-25 15:05:00,24850,CE,114.83,118.39,114.28,116.05,37,31840,0.1404
2025-08-25 15:05:00,24850,PE,672.77,668.96,665.34,668.59,49,31909,0.1428
2025-08-25 15:05:00,24900,CE,124.0,124.85,123.42,124.07,292,25746,0.142
2025-08-25 15:05:00,24900,PE,724.8,742.73,725.63,726.13,441,27759,0.1402
2025-08-25 15:10:00,23500,CE,949.48,956.77,946.13,948.24,419,27415,0.1454
2025-08-25 15:10:00,23500,PE,116.42,117.86,114.76,116.27,422,29879,0.1422
2025-08-25 15:10:00,23550,CE,895.35,901.39,893.13,895.18,252,33103,0.1461
2025-08-25 15:10:00,23550,PE,117.14,122.85,117.43,118.81,144,31523,0.143
2025-08-25 15:10:00,23600,CE,839.44,859.86,833.15,840.89,370,30628,0.1425
2025-08-25 15:10:00,23600,PE,123.38,125.08,122.91,124.47,209,31839,0.1494
2025-08-25 15:10:00,23650,CE,821.62,814.84,803.98,805.16,213,40219,0.1452
2025-08-25 15:10:00,23650,PE,122.45,126.13,123.45,124.58,364,28192,0.1472
2025-08-25 15:10:00,23700,CE,754.69,762.0,753.22,755.15,398,35071,0.1434
2025-08-25 15:10:00,23700,PE,116.24,116.04,115.49,115.81,15,36155,0.1434
2025-08-25 15:10:00,23750,CE,699.24,694.02,691.5,693.45,28,39050,0.1441
2025-08-25 15:10:00,23750,PE,116.39,116.04,115.52,115.94,85,39736,0.1444
2025-08-25 15:10:00,23800,CE,656.52,663.6,644.46,650.38,329,45806,0.1446
2025-08-25 15:10:00,23800,PE,120.92,120.85,118.81,119.88,613,38243,0.1414
2025-08-25 15:10:00,23850,CE,597.35,605.23,595.31,598.47,315,42838,0.1415
2025-08-25 15:10:00,23850,PE,123.17,123.7,122.46,122.71,612,37354,0.1399
2025-08-25 15:10:00,23900,CE,534.95,545.68,535.18,539.68,163,48662,0.1413
2025-08-25 15:10:00,23900,PE,118.45,122.21,121.05,121.11,285,47178,0.1433
2025-08-25 15:10:00,23950,CE,499.63,504.53,495.79,497.47,353,53479,0.1439
2025-08-25 15:10:00,23950,PE,110.62,110.59,109.04,110.57,135,48367,0.1419
2025-08-25 15:10:00,24000,CE,445.84,452.57,439.92,446.88,64,59471,0.1442
2025-08-25 15:10:00,24000,PE,131.01,131.38,128.42,129.21,563,60564,0.1452
2025-08-25 15:10:00,24050,CE,402.6,403.12,398.93,402.01,704,69431,0.1439
2025-08-25 15:10:00,24050,PE,119.35,118.64,117.13,118.07,395,56399,0.1403
2025-08-25 15:10:00,24100,CE,349.09,348.46,342.46,346.6,990,62243,0.141
2025-08-25 15:10:00,24100,PE,124.19,125.71,122.96,123.76,632,69974,0.1454
2025-08-25 15:10:00,24150,CE,292.9,293.36,291.72,291.99,656,72967,0.1406
2025-08-25 15:10:00,24150,PE,123.92,124.94,123.03,123.46,290,76213,0.1438
2025-08-25 15:10:00,24200,CE,249.76,248.45,245.17,248.09,515,82815,0.1408
2025-08-25 15:10:00,24200,PE,128.78,130.98,127.18,129.06,1162,79272,0.1436
2025-08-25 15:10:00,24250,CE,197.61,200.44,197.9,198.05,1248,73691,0.1434
2025-08-25 15:10:00,24250,PE,117.24,116.87,114.22,116.15,170,72191,0.1414
2025-08-25 15:10:00,24300,CE,137.36,141.33,136.26,138.79,1559,64738,0.1436
2025-08-25 15:10:00,24300,PE,113.16,115.4,112.14,112.93,121,64290,0.14
2025-08-25 15:10:00,24350,CE,116.18,116.58,113.84,115.35,1583,64684,0.143
2025-08-25 15:10:00,24350,PE,150.63,149.4,146.6,149.27,1288,60834,0.1443
2025-08-25 15:10:00,24400,CE,119.77,121.01,118.19,118.22,227,49592,0.1409
2025-08-25 15:10:00,24400,PE,191.18,189.72,188.62,189.53,896,57140,0.1433
2025-08-25 15:10:00,24450,CE,122.21,123.56,120.9,122.94,311,48522,0.1426
2025-08-25 15:10:00,24450,PE,243.76,242.17,240.45,241.67,703,49878,0.1431
2025-08-25 15:10:00,24500,CE,121.15,121.86,120.25,120.92,468,47751,0.1436
2025-08-25 15:10:00,24500,PE,292.13,294.52,292.64,294.45,744,50781,0.1438
2025-08-25 15:10:00,24550,CE,118.3,118.99,115.85,117.35,709,42065,0.1412
2025-08-25 15:10:00,24550,PE,352.46,351.34,341.44,346.61,758,43704,0.1457
2025-08-25 15:10:00,24600,CE,115.99,118.1,113.21,115.36,717,42360,0.1405
2025-08-25 15:10:00,24600,PE,395.22,398.02,391.91,396.25,78,45876,0.1417
2025-08-25 15:10:00,24650,CE,115.95,117.72,115.53,116.53,706,39106,0.1448
2025-08-25 15:10:00,24650,PE,435.21,441.23,428.1,435.69,213,36377,0.1396
2025-08-25 15:10:00,24700,CE,123.2,123.28,122.22,122.55,351,32718,0.142
2025-08-25 15:10:00,24700,PE,496.06,494.64,492.39,493.97,289,32390,0.144
2025-08-25 15:10:00,24750,CE,119.84,122.49,120.4,121.01,209,37205,0.1435
2025-08-25 15:10:00,24750,PE,549.4,554.18,540.23,543.82,484,33124,0.1428
2025-08-25 15:10:00,24800,CE,121.72,122.88,119.48,121.0,248,24632,0.1411
2025-08-25 15:10:00,24800,PE,594.06,598.05,587.86,595.03,435,32775,0.145
2025-08-25 15:10:00,24850,CE,117.84,119.82,117.05,118.67,493,31538,0.1429
2025-08-25 15:10:00,24850,PE,651.62,662.03,648.54,652.88,325,31332,0.145
2025-08-25 15:10:00,24900,CE,120.57,123.07,121.8,122.02,248,25480,0.1458
2025-08-25 15:10:00,24900,PE,687.46,694.55,687.91,691.84,299,27649,0.143
2025-08-25 15:15:00,23500,CE,962.68,966.08,960.19,963.4,307,27472,0.1441
2025-08-25 15:15:00,23500,PE,114.45,118.32,114.31,116.69,419,29361,0.1431
2025-08-25 15:15:00,23550,CE,911.67,913.18,888.48,911.27,441,33451,0.143
2025-08-25 15:15:00,23550,PE,122.59,124.01,122.01,122.68,335,31913,0.1428
2025-08-25 15:15:00,23600,CE,866.03,871.76,866.65,870.19,32,30283,0.1434
2025-08-25 15:15:00,23600,PE,120.57,120.77,119.74,120.37,8,32197,0.1444
2025-08-25 15:15:00,23650,CE,808.16,817.1,806.04,807.55,188,40052,0.1431
2025-08-25 15:15:00,23650,PE,121.13,123.71,121.34,121.97,317,28099,0.1447
2025-08-25 15:15:00,23700,CE,761.5,774.84,763.14,768.89,349,35594,0.1455
2025-08-25 15:15:00,23700,PE,128.26,127.09,125.32,125.77,186,36625,0.1408
2025-08-25 15:15:00,23750,CE,705.83,725.63,712.64,719.38,310,38900,0.1457
2025-08-25 15:15:00,23750,PE,116.56,119.09,115.17,116.71,528,39721,0.1431
2025-08-25 15:15:00,23800,CE,662.46,662.91,649.45,659.04,86,45549,0.1406
2025-08-25 15:15:00,23800,PE,116.31,118.34,115.78,116.4,516,38261,0.1451
2025-08-25 15:15:00,23850,CE,612.93,614.2,608.04,611.77,368,43056,0.1404
2025-08-25 15:15:00,23850,PE,120.45,120.96,117.39,119.06,134,36865,0.1426
2025-08-25 15:15:00,23900,CE,551.93,559.28,550.66,554.86,312,49165,0.1409
2025-08-25 15:15:00,23900,PE,115.75,117.27,113.35,115.54,98,47440,0.143
2025-08-25 15:15:00,23950,CE,515.62,520.34,504.1,514.16,730,52995,0.1471
2025-08-25 15:15:00,23950,PE,125.51,129.6,126.28,127.16,109,48809,0.1451
2025-08-25 15:15:00,24000,CE,461.5,462.67,457.25,460.24,99,59763,0.1457
2025-08-25 15:15:00,24000,PE,119.96,124.68,119.46,120.42,645,60339,0.1415
2025-08-25 15:15:00,24050,CE,416.58,420.57,410.56,413.97,266,69456,0.1472
2025-08-25 15:15:00,24050,PE,123.58,124.88,123.01,123.84,451,56831,0.1448
2025-08-25 15:15:00,24100,CE,361.03,360.3,358.2,358.85,575,62804,0.1419
2025-08-25 15:15:00,24100,PE,124.82,124.76,122.29,124.74,242,69711,0.1433
2025-08-25 15:15:00,24150,CE,312.92,313.54,306.05,308.99,269,73147,0.1431
2025-08-25 15:15:00,24150,PE,123.52,124.36,122.28,122.49,52,76645,0.1458
2025-08-25 15:15:00,24200,CE,259.32,261.08,257.06,260.05,923,83400,0.143
2025-08-25 15:15:00,24200,PE,125.3,126.54,124.86,125.58,1141,78756,0.1445
2025-08-25 15:15:00,24250,CE,205.59,212.4,205.79,207.72,1015,73695,0.1399
2025-08-25 15:15:00,24250,PE,117.95,117.66,114.8,116.85,999,72639,0.141
2025-08-25 15:15:00,24300,CE,168.0,170.22,169.19,169.24,921,64141,0.1426
2025-08-25 15:15:00,24300,PE,129.48,130.19,129.12,129.4,1354,64214,0.1419
2025-08-25 15:15:00,24350,CE,121.63,123.75,119.0,119.92,817,64785,0.1433
2025-08-25 15:15:00,24350,PE,130.81,131.81,129.96,130.41,1598,60865,0.1436
2025-08-25 15:15:00,24400,CE,119.95,121.04,119.22,119.41,328,49871,0.1434
2025-08-25 15:15:00,24400,PE,181.57,183.47,181.03,181.03,951,56618,0.142
2025-08-25 15:15:00,24450,CE,119.35,120.43,118.62,119.37,700,48864,0.1421
2025-08-25 15:15:00,24450,PE,232.2,235.36,227.89,229.09,1148,49617,0.1422
2025-08-25 15:15:00,24500,CE,122.76,125.36,121.62,121.8,608,48140,0.1434
2025-08-25 15:15:00,24500,PE,276.36,277.95,273.38,277.76,677,50684,0.1435
2025-08-25 15:15:00,24550,CE,130.17,130.68,128.49,129.52,203,41516,0.145
2025-08-25 15:15:00,24550,PE,333.39,336.67,329.51,335.99,715,44260,0.144
2025-08-25 15:15:00,24600,CE,119.05,120.82,119.47,119.57,566,42696,0.1425
2025-08-25 15:15:00,24600,PE,377.62,376.43,374.7,375.57,636,45693,0.1413
2025-08-25 15:15:00,24650,CE,112.7,114.98,112.62,113.02,453,38830,0.1434
2025-08-25 15:15:00,24650,PE,428.09,428.72,419.57,425.74,201,36483,0.1457
2025-08-25 15:15:00,24700,CE,128.65,129.29,127.61,128.56,512,33302,0.1448
2025-08-25 15:15:00,24700,PE,480.74,487.07,479.04,482.63,195,32138,0.1466
2025-08-25 15:15:00,24750,CE,124.16,126.49,123.06,124.1,131,37742,0.1397
2025-08-25 15:15:00,24750,PE,523.14,526.65,521.32,523.15,572,32920,0.1407
2025-08-25 15:15:00,24800,CE,113.14,113.75,111.81,112.94,658,24876,0.1402
2025-08-25 15:15:00,24800,PE,570.02,585.07,570.91,574.62,329,32633,0.1413
2025-08-25 15:15:00,24850,CE,120.24,121.88,119.44,120.68,366,31040,0.1431
2025-08-25 15:15:00,24850,PE,630.71,637.84,630.34,633.0,118,31855,0.1448
2025-08-25 15:15:00,24900,CE,124.2,125.26,123.7,124.1,131,25076,0.1435
2025-08-25 15:15:00,24900,PE,670.62,676.89,667.2,673.75,515,28182,0.1417
2025-08-25 15:20:00,23500,CE,970.05,974.3,961.38,973.15,361,26995,0.1421
2025-08-25 15:20:00,23500,PE,120.17,122.36,118.46,120.31,370,29081,0.1462
2025-08-25 15:20:00,23550,CE,937.11,941.76,932.02,933.93,12,33956,0.1454
2025-08-25 15:20:00,23550,PE,114.28,113.85,112.49,113.31,128,32103,0.143
2025-08-25 15:20:00,23600,CE,898.73,894.52,872.27,880.01,42,29910,0.1456
2025-08-25 15:20:00,23600,PE,121.47,122.66,120.27,120.78,425,32307,0.1434
2025-08-25 15:20:00,23650,CE,830.3,825.54,809.85,822.21,506,39668,0.1445
2025-08-25 15:20:00,23650,PE,117.04,117.79,115.97,117.46,452,28548,0.146
2025-08-25 15:20:00,23700,CE,781.43,782.31,777.89,779.16,494,35053,0.1439
2025-08-25 15:20:00,23700,PE,121.04,118.53,118.28,118.47,63,36660,0.1422
2025-08-25 15:20:00,23750,CE,721.05,731.95,720.15,721.75,73,38376,0.1436
2025-08-25 15:20:00,23750,PE,111.71,114.59,111.46,112.59,459,39955,0.1431
2025-08-25 15:20:00,23800,CE,686.55,680.81,674.05,679.27,506,46071,0.1407
2025-08-25 15:20:00,23800,PE,116.45,118.19,115.56,116.97,93,38658,0.1439
2025-08-25 15:20:00,23850,CE,621.93,638.4,623.74,628.72,37,42902,0.1429
2025-08-25 15:20:00,23850,PE,127.97,132.8,126.04,127.81,196,36549,0.1464
2025-08-25 15:20:00,23900,CE,584.85,597.58,578.45,583.47,491,48710,0.1404
2025-08-25 15:20:00,23900,PE,120.73,121.03,119.18,120.32,552,47888,0.1436
2025-08-25 15:20:00,23950,CE,526.03,525.54,521.38,523.5,489,52492,0.1425
2025-08-25 15:20:00,23950,PE,111.67,112.44,111.01,111.53,439,48963,0.1427
2025-08-25 15:20:00,24000,CE,474.81,471.92,470.32,471.76,301,59603,0.1434
2025-08-25 15:20:00,24000,PE,108.36,110.64,109.52,109.83,375,60933,0.1395
2025-08-25 15:20:00,24050,CE,418.9,427.09,420.64,420.81,17,69466,0.1419
2025-08-25 15:20:00,24050,PE,119.97,122.97,120.28,121.76,279,56889,0.1408
2025-08-25 15:20:00,24100,CE,378.84,380.49,378.18,378.98,19,63305,0.1445
2025-08-25 15:20:00,24100,PE,126.24,126.81,125.17,126.56,434,70274,0.1435
2025-08-25 15:20:00,24150,CE,331.12,334.46,324.65,327.02,172,73247,0.1433
2025-08-25 15:20:00,24150,PE,122.84,125.87,121.97,122.42,705,77000,0.1414
2025-08-25 15:20:00,24200,CE,278.27,288.75,277.09,279.68,28,83561,0.143
2025-08-25 15:20:00,24200,PE,119.63,120.58,117.44,117.8,185,78668,0.1411
2025-08-25 15:20:00,24250,CE,216.81,222.4,218.36,219.54,89,73163,0.1424
2025-08-25 15:20:00,24250,PE,117.57,117.26,117.07,117.09,998,72900,0.1427
2025-08-25 15:20:00,24300,CE,187.69,190.81,186.78,189.12,1335,64381,0.1434
2025-08-25 15:20:00,24300,PE,114.91,115.06,111.49,113.67,897,63754,0.1453
2025-08-25 15:20:00,24350,CE,129.13,131.76,129.75,130.27,1345,64461,0.1421
2025-08-25 15:20:00,24350,PE,123.92,126.27,124.03,124.13,211,61143,0.1429
2025-08-25 15:20:00,24400,CE,130.2,129.32,128.18,129.01,929,49450,0.1428
2025-08-25 15:20:00,24400,PE,157.95,158.99,157.5,158.6,870,56847,0.1425
2025-08-25 15:20:00,24450,CE,120.39,122.72,119.99,121.32,685,49125,0.1389
2025-08-25 15:20:00,24450,PE,202.91,207.5,198.84,201.66,692,49441,0.1403
2025-08-25 15:20:00,24500,CE,127.07,128.41,125.76,126.91,281,47849,0.1433
2025-08-25 15:20:00,24500,PE,267.68,277.68,264.35,266.99,967,50531,0.1418
2025-08-25 15:20:00,24550,CE,126.95,128.1,127.31,127.97,766,41347,0.143
2025-08-25 15:20:00,24550,PE,314.76,318.39,313.02,313.55,567,44388,0.1419
2025-08-25 15:20:00,24600,CE,120.1,121.96,120.19,120.24,467,42988,0.1409
2025-08-25 15:20:00,24600,PE,359.0,365.42,357.34,359.09,889,46127,0.142
2025-08-25 15:20:00,24650,CE,117.21,119.64,116.92,118.11,809,38265,0.141
2025-08-25 15:20:00,24650,PE,409.42,416.46,410.16,411.92,669,36754,0.1459
2025-08-25 15:20:00,24700,CE,122.45,123.69,122.5,122.63,340,33079,0.1473
2025-08-25 15:20:00,24700,PE,462.49,468.06,461.11,462.28,55,32544,0.1454
2025-08-25 15:20:00,24750,CE,114.62,117.87,115.41,115.97,629,37232,0.1419
2025-08-25 15:20:00,24750,PE,507.84,521.13,513.85,514.04,439,32981,0.1409
2025-08-25 15:20:00,24800,CE,125.24,125.17,123.12,124.44,129,24934,0.1418
2025-08-25 15:20:00,24800,PE,566.1,560.65,557.82,558.28,565,32424,0.142
2025-08-25 15:20:00,24850,CE,122.15,121.64,119.67,120.65,474,31604,0.1442
2025-08-25 15:20:00,24850,PE,622.32,629.38,611.93,623.47,300,31383,0.1435
2025-08-25 15:20:00,24900,CE,126.24,126.94,125.35,126.84,188,24639,0.1384
2025-08-25 15:20:00,24900,PE,657.8,668.86,651.81,654.75,221,28355,0.1395
2025-08-25 15:25:00,23500,CE,982.32,982.54,961.79,964.31,96,27012,0.1442
2025-08-25 15:25:00,23500,PE,127.23,124.24,123.02,123.86,445,28798,0.1455
2025-08-25 15:25:00,23550,CE,926.57,917.79,907.93,915.16,411,33721,0.1451
2025-08-25 15:25:00,23550,PE,123.58,125.56,123.01,123.61,289,31691,0.144
2025-08-25 15:25:00,23600,CE,856.27,863.98,858.84,862.76,137,30351,0.1442
2025-08-25 15:25:00,23600,PE,109.44,110.5,109.88,110.3,291,32390,0.1415
2025-08-25 15:25:00,23650,CE,808.06,817.97,798.82,811.09,266,39361,0.1409
2025-08-25 15:25:00,23650,PE,118.23,119.29,117.63,118.39,478,28420,0.1457
2025-08-25 15:25:00,23700,CE,779.82,783.23,760.6,768.38,15,35541,0.1443
2025-08-25 15:25:00,23700,PE,125.97,126.92,126.41,126.68,33,37124,0.1474
2025-08-25 15:25:00,23750,CE,716.24,718.95,703.23,708.25,159,37858,0.1399
2025-08-25 15:25:00,23750,PE,127.26,127.22,124.75,125.49,133,40139,0.1433
2025-08-25 15:25:00,23800,CE,661.39,689.0,664.52,669.6,336,45654,0.1472
2025-08-25 15:25:00,23800,PE,114.74,117.62,115.64,116.95,189,38311,0.1431
2025-08-25 15:25:00,23850,CE,618.25,638.88,617.25,620.27,427,43339,0.1453
2025-08-25 15:25:00,23850,PE,126.0,125.53,123.27,125.28,173,37023,0.1421
2025-08-25 15:25:00,23900,CE,563.95,568.89,554.26,564.05,289,48209,0.1436
2025-08-25 15:25:00,23900,PE,119.04,118.9,117.72,118.2,231,48336,0.1443
2025-08-25 15:25:00,23950,CE,511.15,513.9,504.07,510.66,604,52766,0.1411
2025-08-25 15:25:00,23950,PE,109.85,111.97,109.3,110.02,304,49293,0.1432
2025-08-25 15:25:00,24000,CE,474.94,475.62,463.61,468.38,575,59953,0.1445
2025-08-25 15:25:00,24000,PE,121.97,125.71,122.11,122.8,454,60941,0.1439
2025-08-25 15:25:00,24050,CE,423.95,424.7,421.77,422.57,846,70002,0.1435
2025-08-25 15:25:00,24050,PE,112.61,112.34,111.33,111.45,476,56529,0.1417
2025-08-25 15:25:00,24100,CE,351.39,359.09,353.69,355.8,401,63310,0.1414
2025-08-25 15:25:00,24100,PE,114.64,116.39,113.68,114.12,654,70056,0.142
2025-08-25 15:25:00,24150,CE,317.66,322.67,319.77,321.62,64,73633,0.1425
2025-08-25 15:25:00,24150,PE,123.85,125.13,123.0,123.24,1007,76499,0.1409
2025-08-25 15:25:00,24200,CE,273.52,270.06,260.4,266.57,391,83481,0.1438
2025-08-25 15:25:00,24200,PE,117.9,119.6,117.36,118.38,907,78996,0.1419
2025-08-25 15:25:00,24250,CE,214.3,216.96,213.18,213.78,476,72937,0.1446
2025-08-25 15:25:00,24250,PE,117.29,117.15,115.85,116.73,559,72588,0.1439
2025-08-25 15:25:00,24300,CE,162.31,165.43,161.14,162.87,693,64096,0.143
2025-08-25 15:25:00,24300,PE,107.89,109.44,107.26,107.38,117,64010,0.1372
2025-08-25 15:25:00,24350,CE,116.68,117.66,116.67,116.79,1389,64205,0.1445
2025-08-25 15:25:00,24350,PE,138.05,138.62,136.7,138.06,721,61026,0.1421
2025-08-25 15:25:00,24400,CE,116.03,119.21,116.96,117.85,57,49504,0.1421
2025-08-25 15:25:00,24400,PE,176.27,177.65,174.9,176.33,698,57375,0.1425
2025-08-25 15:25:00,24450,CE,119.8,121.2,121.09,121.15,497,49478,0.1431
2025-08-25 15:25:00,24450,PE,220.91,224.53,221.2,221.88,520,49063,0.1452
2025-08-25 15:25:00,24500,CE,119.1,120.63,118.34,119.11,413,48308,0.1437
2025-08-25 15:25:00,24500,PE,271.81,271.16,267.36,270.76,308,50944,0.1415
2025-08-25 15:25:00,24550,CE,118.32,121.53,118.15,119.06,692,41641,0.1426
2025-08-25 15:25:00,24550,PE,331.59,332.17,330.86,331.49,780,44408,0.1432
2025-08-25 15:25:00,24600,CE,121.01,120.77,119.39,120.16,569,42471,0.1432
2025-08-25 15:25:00,24600,PE,366.41,368.28,367.12,367.37,658,46380,0.1408
2025-08-25 15:25:00,24650,CE,122.82,123.65,121.21,122.31,101,38287,0.1421
2025-08-25 15:25:00,24650,PE,422.78,430.98,422.97,423.99,441,36525,0.1445
2025-08-25 15:25:00,24700,CE,119.51,121.76,117.92,120.49,64,32490,0.1432
2025-08-25 15:25:00,24700,PE,473.56,486.1,467.07,474.21,174,32221,0.1421
2025-08-25 15:25:00,24750,CE,125.08,126.45,124.48,125.92,164,37358,0.1439
2025-08-25 15:25:00,24750,PE,516.41,522.81,513.08,517.26,314,32515,0.1419
2025-08-25 15:25:00,24800,CE,117.34,119.23,116.34,117.45,67,25120,0.1457
2025-08-25 15:25:00,24800,PE,580.93,574.19,570.14,573.46,636,32807,0.1427
2025-08-25 15:25:00,24850,CE,125.66,125.92,123.26,124.79,485,31385,0.143
2025-08-25 15:25:00,24850,PE,634.01,630.58,625.94,630.15,451,30881,0.1437
2025-08-25 15:25:00,24900,CE,123.49,123.95,121.93,123.64,110,24206,0.1439
2025-08-25 15:25:00,24900,PE,656.64,672.18,658.8,668.74,118,28184,0.1411
