timestamp,strike,side,open,high,low,close,volume,oi,iv
2025-08-26 09:00:00,23500,CE,1238.91,1246.88,1223.0,1230.1,0,20550,0.2003
2025-08-26 09:00:00,23500,PE,529.3,524.49,519.64,524.25,0,19790,0.2006
2025-08-26 09:00:00,23550,CE,1210.59,1215.21,1198.19,1205.57,0,22695,0.2011
2025-08-26 09:00:00,23550,PE,511.48,517.77,507.64,511.13,0,21992,0.2005
2025-08-26 09:00:00,23600,CE,1151.99,1174.88,1146.63,1165.64,0,22011,0.197
2025-08-26 09:00:00,23600,PE,536.8,542.01,533.76,533.92,0,20886,0.1994
2025-08-26 09:00:00,23650,CE,1114.06,1131.29,1121.72,1125.53,0,21552,0.2026
2025-08-26 09:00:00,23650,PE,521.79,523.27,515.11,520.64,0,23349,0.2009
2025-08-26 09:00:00,23700,CE,1001.67,1014.46,999.48,1011.66,0,22923,0.1987
2025-08-26 09:00:00,23700,PE,543.16,538.97,536.47,537.31,0,23706,0.1997
2025-08-26 09:00:00,23750,CE,1003.96,999.25,979.05,994.55,0,26570,0.1995
2025-08-26 09:00:00,23750,PE,508.41,512.63,505.25,506.04,0,23895,0.2013
2025-08-26 09:00:00,23800,CE,964.79,964.43,959.72,961.01,0,29347,0.203
2025-08-26 09:00:00,23800,PE,525.43,533.76,515.88,527.08,0,27139,0.1976
2025-08-26 09:00:00,23850,CE,904.18,908.33,900.33,901.52,0,30611,0.2004
2025-08-26 09:00:00,23850,PE,541.1,545.46,534.91,541.91,0,27820,0.1988
2025-08-26 09:00:00,23900,CE,871.94,867.13,865.46,866.64,0,30950,0.2
2025-08-26 09:00:00,23900,PE,562.7,575.55,559.16,562.6,0,32942,0.2033
2025-08-26 09:00:00,23950,CE,832.71,837.18,821.2,829.63,0,33902,0.1989
2025-08-26 09:00:00,23950,PE,485.12,489.63,476.74,482.15,0,34607,0.1973
2025-08-26 09:00:00,24000,CE,716.75,728.89,719.74,722.89,0,36734,0.2025
2025-08-26 09:00:00,24000,PE,507.48,513.0,505.72,507.96,0,36952,0.2023
2025-08-26 09:00:00,24050,CE,737.39,731.85,720.35,729.23,0,38519,0.2008
2025-08-26 09:00:00,24050,PE,500.93,500.57,492.95,498.74,0,38875,0.1995
2025-08-26 09:00:00,24100,CE,634.83,635.59,629.23,634.36,0,40898,0.1992
2025-08-26 09:00:00,24100,PE,519.28,530.06,523.03,529.04,0,41737,0.1976
2025-08-26 09:00:00,24150,CE,580.22,583.02,573.36,578.16,0,45347,0.1926
2025-08-26 09:00:00,24150,PE,547.24,549.4,547.53,548.71,0,46386,0.2005
2025-08-26 09:00:00,24200,CE,529.58,525.18,520.47,523.83,0,53383,0.2008
2025-08-26 09:00:00,24200,PE,542.35,545.86,540.04,540.29,0,51297,0.1991
2025-08-26 09:00:00,24250,CE,522.46,527.84,517.37,521.99,0,51219,0.201
2025-08-26 09:00:00,24250,PE,542.58,537.96,527.15,535.6,0,51512,0.1966
2025-08-26 09:00:00,24300,CE,500.86,509.96,503.53,504.01,0,44795,0.1974
2025-08-26 09:00:00,24300,PE,562.75,577.15,560.68,562.8,0,47385,0.1959
2025-08-26 09:00:00,24350,CE,509.72,508.75,499.0,504.31,0,43004,0.1992
2025-08-26 09:00:00,24350,PE,661.18,662.63,651.91,654.31,0,40669,0.2026
2025-08-26 09:00:00,24400,CE,492.14,498.54,486.79,491.74,0,36551,0.1995
2025-08-26 09:00:00,24400,PE,736.23,735.74,716.38,730.82,0,36425,0.2001
2025-08-26 09:00:00,24450,CE,532.9,531.18,528.17,528.2,0,34609,0.1993
2025-08-26 09:00:00,24450,PE,735.46,753.01,738.55,744.22,0,33940,0.2009
2025-08-26 09:00:00,24500,CE,542.33,555.89,540.38,545.71,0,30963,0.201
2025-08-26 09:00:00,24500,PE,795.79,838.33,798.25,803.89,0,32737,0.1985
2025-08-26 09:00:00,24550,CE,496.76,512.58,503.43,506.16,0,30791,0.1975
2025-08-26 09:00:00,24550,PE,863.65,865.56,847.73,855.47,0,28765,0.1985
2025-08-26 09:00:00,24600,CE,498.9,503.82,498.45,501.88,0,29159,0.1984
2025-08-26 09:00:00,24600,PE,916.38,953.7,923.0,925.94,0,28378,0.2006
2025-08-26 09:00:00,24650,CE,499.11,499.94,495.35,498.16,0,25867,0.1985
2025-08-26 09:00:00,24650,PE,922.37,928.54,911.74,917.2,0,25510,0.1975
2025-08-26 09:00:00,24700,CE,541.96,546.25,536.84,540.9,0,26593,0.1977
2025-08-26 09:00:00,24700,PE,1039.29,1032.19,1018.79,1023.9,0,23988,0.1996
2025-08-26 09:00:00,24750,CE,521.91,528.98,516.31,521.36,0,23008,0.1967
2025-08-26 09:00:00,24750,PE,1090.83,1099.7,1084.94,1087.37,0,25057,0.2002
2025-08-26 09:00:00,24800,CE,534.65,539.39,525.81,527.39,0,23511,0.199
2025-08-26 09:00:00,24800,PE,1102.93,1129.49,1113.08,1114.37,0,24990,0.1985
2025-08-26 09:00:00,24850,CE,539.67,547.91,536.6,542.84,0,20055,0.1988
2025-08-26 09:00:00,24850,PE,1134.34,1149.15,1123.39,1134.61,0,20671,0.1984
2025-08-26 09:00:00,24900,CE,506.13,505.83,496.27,503.73,0,21542,0.1994
2025-08-26 09:00:00,24900,PE,1183.5,1190.99,1183.09,1188.34,0,19814,0.1989
2025-08-26 09:05:00,23500,CE,1233.31,1227.84,1218.14,1226.44,0,19684,0.1972
2025-08-26 09:05:00,23500,PE,542.27,548.12,536.73,538.91,0,19346,0.2025
2025-08-26 09:05:00,23550,CE,1221.22,1242.59,1205.68,1221.75,0,22321,0.2012
2025-08-26 09:05:00,23550,PE,511.17,506.35,497.67,505.69,0,22228,0.1975
2025-08-26 09:05:00,23600,CE,1167.33,1188.79,1142.09,1154.56,0,23329,0.1982
2025-08-26 09:05:00,23600,PE,532.41,533.45,525.99,529.88,0,22129,0.1985
2025-08-26 09:05:00,23650,CE,1094.89,1102.35,1089.53,1091.02,0,23176,0.1977
2025-08-26 09:05:00,23650,PE,498.88,505.14,496.44,504.35,0,23508,0.2022
2025-08-26 09:05:00,23700,CE,1018.12,1043.86,1024.89,1028.63,0,22735,0.1996
2025-08-26 09:05:00,23700,PE,494.47,502.37,486.53,492.76,0,24652,0.1989
2025-08-26 09:05:00,23750,CE,1006.27,1022.66,998.15,1007.45,0,24951,0.1962
2025-08-26 09:05:00,23750,PE,520.84,525.61,519.26,519.33,0,27594,0.2011
2025-08-26 09:05:00,23800,CE,933.63,940.16,917.64,921.24,0,26126,0.196
2025-08-26 09:05:00,23800,PE,545.97,562.55,546.14,548.04,0,25529,0.201
2025-08-26 09:05:00,23850,CE,888.51,909.74,886.12,892.15,0,30984,0.2011
2025-08-26 09:05:00,23850,PE,559.69,561.83,551.16,555.86,0,27762,0.2008
2025-08-26 09:05:00,23900,CE,865.85,862.93,855.4,857.07,0,31177,0.2033
2025-08-26 09:05:00,23900,PE,510.06,515.0,512.13,512.57,0,30636,0.2024
2025-08-26 09:05:00,23950,CE,798.36,803.8,784.51,788.84,0,32450,0.1987
2025-08-26 09:05:00,23950,PE,518.89,521.91,516.25,520.57,0,33325,0.1995
2025-08-26 09:05:00,24000,CE,711.4,725.85,708.82,716.63,0,36923,0.2004
2025-08-26 09:05:00,24000,PE,503.84,518.45,499.07,506.05,0,34449,0.1996
2025-08-26 09:05:00,24050,CE,685.33,701.11,689.03,690.12,0,39708,0.2013
2025-08-26 09:05:00,24050,PE,542.82,546.41,538.27,543.52,0,40634,0.2014
2025-08-26 09:05:00,24100,CE,619.83,638.6,628.55,629.87,0,41862,0.1995
2025-08-26 09:05:00,24100,PE,520.74,531.55,517.16,520.93,0,43412,0.1999
2025-08-26 09:05:00,24150,CE,594.19,593.82,586.4,588.62,0,48770,0.1981
2025-08-26 09:05:00,24150,PE,543.31,542.03,533.25,536.26,0,48817,0.1989
2025-08-26 09:05:00,24200,CE,517.54,525.05,515.08,518.9,0,53071,0.1996
2025-08-26 09:05:00,24200,PE,492.96,491.0,485.13,490.72,0,54243,0.1986
2025-08-26 09:05:00,24250,CE,510.74,514.15,504.17,508.68,0,52414,0.2012
2025-08-26 09:05:00,24250,PE,570.29,589.22,565.72,576.55,0,51355,0.1958
2025-08-26 09:05:00,24300,CE,483.35,497.95,482.56,485.97,0,44643,0.1983
2025-08-26 09:05:00,24300,PE,592.33,598.2,588.38,590.71,0,47552,0.1962
2025-08-26 09:05:00,24350,CE,545.38,555.51,541.78,547.45,0,41066,0.2008
2025-08-26 09:05:00,24350,PE,633.96,640.77,629.96,633.94,0,42867,0.1976
2025-08-26 09:05:00,24400,CE,557.56,557.75,545.82,551.12,0,38986,0.2009
2025-08-26 09:05:00,24400,PE,715.88,715.28,704.32,714.21,0,37849,0.1961
2025-08-26 09:05:00,24450,CE,542.94,538.62,535.46,535.61,0,36536,0.2014
2025-08-26 09:05:00,24450,PE,747.52,763.17,747.45,756.96,0,36067,0.199
2025-08-26 09:05:00,24500,CE,493.42,500.54,496.46,498.47,0,33875,0.2008
2025-08-26 09:05:00,24500,PE,797.5,829.34,809.67,811.09,0,34704,0.2022
2025-08-26 09:05:00,24550,CE,538.02,544.0,534.76,540.63,0,29790,0.1976
2025-08-26 09:05:00,24550,PE,877.58,877.74,870.78,876.06,0,31747,0.2002
2025-08-26 09:05:00,24600,CE,529.87,536.4,523.68,528.75,0,26923,0.1969
2025-08-26 09:05:00,24600,PE,896.15,914.64,890.57,898.31,0,29602,0.2006
2025-08-26 09:05:00,24650,CE,526.89,531.95,516.22,525.26,0,25687,0.1979
2025-08-26 09:05:00,24650,PE,952.6,964.0,944.26,944.54,0,25953,0.2019
2025-08-26 09:05:00,24700,CE,562.69,566.16,559.43,560.18,0,24339,0.2011
2025-08-26 09:05:00,24700,PE,1006.3,1001.43,982.3,997.81,0,26881,0.1981
2025-08-26 09:05:00,24750,CE,492.54,494.93,488.55,492.73,0,23702,0.1977
2025-08-26 09:05:00,24750,PE,1074.31,1087.59,1068.41,1082.93,0,23765,0.1956
2025-08-26 09:05:00,24800,CE,543.55,540.72,527.41,532.47,0,22438,0.1953
2025-08-26 09:05:00,24800,PE,1102.06,1096.9,1071.31,1091.2,0,23489,0.1981
2025-08-26 09:05:00,24850,CE,532.57,535.37,531.27,535.07,0,23557,0.1983
2025-08-26 09:05:00,24850,PE,1207.63,1225.59,1168.66,1198.01,0,22604,0.1993
2025-08-26 09:05:00,24900,CE,493.72,503.36,486.58,492.04,0,19300,0.1981
2025-08-26 09:05:00,24900,PE,1194.72,1220.74,1205.84,1209.69,0,20956,0.1979
2025-08-26 09:10:00,23500,CE,1252.06,1274.66,1224.18,1250.69,0,18591,0.2003
2025-08-26 09:10:00,23500,PE,522.04,526.69,511.14,521.82,0,18823,0.2002
2025-08-26 09:10:00,23550,CE,1196.03,1213.76,1186.35,1196.08,0,19874,0.2005
2025-08-26 09:10:00,23550,PE,548.91,551.71,545.52,546.31,0,21877,0.2008
2025-08-26 09:10:00,23600,CE,1178.24,1196.56,1174.88,1176.51,0,23608,0.1992
2025-08-26 09:10:00,23600,PE,515.65,522.76,519.15,520.85,0,21094,0.1973
2025-08-26 09:10:00,23650,CE,1113.75,1118.36,1086.15,1113.86,0,24994,0.1986
2025-08-26 09:10:00,23650,PE,507.52,515.71,505.9,506.58,0,22287,0.2011
2025-08-26 09:10:00,23700,CE,1050.64,1052.71,1042.96,1052.44,0,23694,0.1969
2025-08-26 09:10:00,23700,PE,505.78,510.04,492.63,503.34,0,22973,0.201
2025-08-26 09:10:00,23750,CE,937.28,967.15,950.21,955.15,0,24031,0.1997
2025-08-26 09:10:00,23750,PE,503.61,505.6,492.77,500.0,0,26324,0.2018
2025-08-26 09:10:00,23800,CE,948.23,961.81,950.37,952.44,0,27019,0.1986
2025-08-26 09:10:00,23800,PE,533.97,539.58,527.52,532.79,0,25859,0.2017
2025-08-26 09:10:00,23850,CE,902.79,909.64,900.44,908.14,0,29389,0.1986
2025-08-26 09:10:00,23850,PE,540.78,533.22,529.29,531.93,0,28511,0.1971
2025-08-26 09:10:00,23900,CE,837.29,849.2,835.86,845.44,0,30679,0.1994
2025-08-26 09:10:00,23900,PE,486.7,492.91,490.1,490.68,0,32666,0.199
2025-08-26 09:10:00,23950,CE,755.06,766.53,748.25,757.72,0,32986,0.1969
2025-08-26 09:10:00,23950,PE,534.33,532.76,523.74,526.6,0,33185,0.1981
2025-08-26 09:10:00,24000,CE,747.95,749.55,742.02,742.45,0,36743,0.1996
2025-08-26 09:10:00,24000,PE,528.68,548.22,539.84,540.67,0,37572,0.2033
2025-08-26 09:10:00,24050,CE,698.15,711.47,701.38,708.29,0,40014,0.2013
2025-08-26 09:10:00,24050,PE,506.68,508.09,501.01,504.88,0,39032,0.1981
2025-08-26 09:10:00,24100,CE,639.27,636.08,633.3,633.83,0,41923,0.2041
2025-08-26 09:10:00,24100,PE,484.4,490.27,479.61,486.78,0,41416,0.2027
2025-08-26 09:10:00,24150,CE,608.44,616.41,597.22,601.46,0,45583,0.2
2025-08-26 09:10:00,24150,PE,533.02,538.5,524.69,533.97,0,48124,0.2021
2025-08-26 09:10:00,24200,CE,552.9,548.23,540.77,543.59,0,53427,0.1971
2025-08-26 09:10:00,24200,PE,542.96,547.11,537.61,541.95,0,51893,0.2014
2025-08-26 09:10:00,24250,CE,495.1,503.75,495.17,503.06,0,53059,0.1974
2025-08-26 09:10:00,24250,PE,570.43,572.75,564.7,569.36,0,53170,0.2039
2025-08-26 09:10:00,24300,CE,539.36,543.84,532.87,536.26,0,46623,0.2007
2025-08-26 09:10:00,24300,PE,587.09,585.36,580.74,583.05,0,45188,0.2006
2025-08-26 09:10:00,24350,CE,540.05,552.03,543.25,544.03,0,41946,0.2014
2025-08-26 09:10:00,24350,PE,690.32,692.4,684.3,686.28,0,43208,0.2007
2025-08-26 09:10:00,24400,CE,533.31,538.76,530.44,532.85,0,38434,0.1989
2025-08-26 09:10:00,24400,PE,743.91,752.36,734.0,740.26,0,38382,0.199
2025-08-26 09:10:00,24450,CE,516.74,517.61,505.86,514.32,0,35568,0.1969
2025-08-26 09:10:00,24450,PE,770.72,781.85,767.42,771.9,0,36806,0.1972
2025-08-26 09:10:00,24500,CE,523.51,560.46,525.68,535.02,0,32536,0.2019
2025-08-26 09:10:00,24500,PE,799.7,812.29,802.29,805.59,0,31626,0.1986
2025-08-26 09:10:00,24550,CE,521.33,528.96,517.43,526.16,0,30746,0.1992
2025-08-26 09:10:00,24550,PE,837.12,851.56,825.82,835.6,0,31225,0.1997
2025-08-26 09:10:00,24600,CE,495.26,496.66,489.9,491.08,0,30503,0.1961
2025-08-26 09:10:00,24600,PE,912.07,908.08,906.12,907.78,0,27217,0.1983
2025-08-26 09:10:00,24650,CE,515.23,517.64,504.98,507.83,0,28836,0.1966
2025-08-26 09:10:00,24650,PE,981.25,979.81,962.31,975.63,0,28288,0.1986
2025-08-26 09:10:00,24700,CE,561.15,561.84,555.24,557.3,0,26398,0.1985
2025-08-26 09:10:00,24700,PE,995.52,1012.02,995.56,999.58,0,24499,0.1957
2025-08-26 09:10:00,24750,CE,547.11,544.83,542.94,544.7,0,23032,0.1952
2025-08-26 09:10:00,24750,PE,1062.93,1087.39,1066.99,1071.99,0,23917,0.1999
2025-08-26 09:10:00,24800,CE,508.83,515.31,507.12,510.34,0,21723,0.1973
2025-08-26 09:10:00,24800,PE,1087.5,1114.63,1083.98,1090.4,0,23616,0.2004
2025-08-26 09:10:00,24850,CE,535.58,537.55,534.65,534.99,0,22903,0.2012
2025-08-26 09:10:00,24850,PE,1117.22,1138.31,1118.11,1135.71,0,21806,0.1979
2025-08-26 09:10:00,24900,CE,536.94,530.48,520.43,529.69,0,21662,0.1968
2025-08-26 09:10:00,24900,PE,1186.08,1189.46,1157.45,1171.19,0,22011,0.1969
2025-08-26 09:15:00,23500,CE,1201.07,1204.07,1201.27,1201.59,456,29216,0.1807
2025-08-26 09:15:00,23500,PE,475.81,482.36,474.69,475.97,122,25869,0.1774
2025-08-26 09:15:00,23550,CE,1181.11,1181.22,1164.07,1170.1,494,31089,0.1808
2025-08-26 09:15:00,23550,PE,489.49,487.54,479.02,486.23,447,28989,0.179
2025-08-26 09:15:00,23600,CE,1126.36,1116.88,1096.32,1112.26,94,31536,0.1783
2025-08-26 09:15:00,23600,PE,448.28,454.97,450.91,452.72,358,29249,0.1765
2025-08-26 09:15:00,23650,CE,1054.78,1071.47,1046.46,1062.06,280,32151,0.1799
2025-08-26 09:15:00,23650,PE,466.65,471.1,450.51,462.05,159,34515,0.1809
2025-08-26 09:15:00,23700,CE,1006.57,1031.21,1013.81,1016.49,308,37021,0.1818
2025-08-26 09:15:00,23700,PE,466.72,475.7,471.44,472.65,11,37096,0.1785
2025-08-26 09:15:00,23750,CE,941.96,954.89,935.76,936.2,443,37738,0.1791
2025-08-26 09:15:00,23750,PE,462.47,469.02,464.24,468.2,199,34011,0.1794
2025-08-26 09:15:00,23800,CE,893.46,881.89,863.83,880.52,173,38533,0.1791
2025-08-26 09:15:00,23800,PE,486.92,495.18,486.82,488.37,248,37036,0.178
2025-08-26 09:15:00,23850,CE,817.1,831.77,822.88,829.87,22,42723,0.1796
2025-08-26 09:15:00,23850,PE,465.75,481.17,467.52,470.03,515,39506,0.1814
2025-08-26 09:15:00,23900,CE,761.4,763.08,760.1,760.57,653,47454,0.1753
2025-08-26 09:15:00,23900,PE,450.9,461.61,456.84,457.67,830,42756,0.1778
2025-08-26 09:15:00,23950,CE,703.95,717.11,709.1,713.06,395,45439,0.1773
2025-08-26 09:15:00,23950,PE,454.79,457.46,451.14,456.77,25,50184,0.1772
2025-08-26 09:15:00,24000,CE,703.98,708.71,698.37,699.56,965,50479,0.1811
2025-08-26 09:15:00,24000,PE,476.09,480.18,469.78,473.9,470,49410,0.1754
2025-08-26 09:15:00,24050,CE,648.94,658.41,650.3,651.86,906,57477,0.1769
2025-08-26 09:15:00,24050,PE,456.06,459.42,452.04,455.78,336,60004,0.1785
2025-08-26 09:15:00,24100,CE,600.37,603.31,592.69,593.37,186,61740,0.1768
2025-08-26 09:15:00,24100,PE,446.18,452.55,444.76,448.53,936,62588,0.1789
2025-08-26 09:15:00,24150,CE,527.73,532.76,526.37,529.81,1002,68887,0.1764
2025-08-26 09:15:00,24150,PE,483.8,477.53,476.29,476.37,944,70811,0.1791
2025-08-26 09:15:00,24200,CE,486.69,494.13,489.59,491.5,104,78651,0.1761
2025-08-26 09:15:00,24200,PE,472.36,475.21,462.82,470.02,512,80263,0.1769
2025-08-26 09:15:00,24250,CE,499.09,505.68,494.49,498.48,735,79032,0.1756
2025-08-26 09:15:00,24250,PE,507.29,517.2,512.26,513.35,301,81737,0.1775
2025-08-26 09:15:00,24300,CE,494.45,507.43,495.81,496.27,1064,71053,0.1769
2025-08-26 09:15:00,24300,PE,552.02,554.36,546.27,551.56,405,71128,0.1776
2025-08-26 09:15:00,24350,CE,485.88,489.01,480.09,481.14,305,62708,0.1774
2025-08-26 09:15:00,24350,PE,578.73,579.07,578.35,578.82,346,61608,0.1767
2025-08-26 09:15:00,24400,CE,462.42,467.47,455.35,459.61,721,55788,0.1771
2025-08-26 09:15:00,24400,PE,635.24,641.28,634.29,634.73,808,56928,0.1799
2025-08-26 09:15:00,24450,CE,458.6,460.24,455.07,456.4,973,50179,0.1765
2025-08-26 09:15:00,24450,PE,679.72,685.55,672.32,682.7,937,49822,0.1778
2025-08-26 09:15:00,24500,CE,450.9,464.67,458.1,458.27,502,47156,0.1773
2025-08-26 09:15:00,24500,PE,727.28,735.21,731.91,732.2,682,45704,0.1765
2025-08-26 09:15:00,24550,CE,462.19,469.29,464.77,465.45,220,42800,0.1775
2025-08-26 09:15:00,24550,PE,788.96,801.12,782.17,785.83,762,44626,0.1752
2025-08-26 09:15:00,24600,CE,484.23,487.07,483.09,486.38,135,43128,0.1809
2025-08-26 09:15:00,24600,PE,827.86,852.28,824.86,830.42,227,39736,0.1776
2025-08-26 09:15:00,24650,CE,466.81,476.85,459.64,468.91,356,40496,0.1775
2025-08-26 09:15:00,24650,PE,898.86,923.15,907.0,911.48,597,35840,0.179
2025-08-26 09:15:00,24700,CE,465.18,470.83,457.75,461.94,596,39404,0.1792
2025-08-26 09:15:00,24700,PE,923.64,930.44,923.9,928.29,219,36523,0.1792
2025-08-26 09:15:00,24750,CE,428.18,429.6,425.99,429.11,240,34216,0.1773
2025-08-26 09:15:00,24750,PE,1036.98,1058.99,1020.06,1030.31,409,35264,0.18
2025-08-26 09:15:00,24800,CE,459.24,466.84,462.46,464.86,282,32371,0.1764
2025-08-26 09:15:00,24800,PE,1049.37,1048.88,1030.04,1039.41,290,31968,0.1802
2025-08-26 09:15:00,24850,CE,474.4,477.02,475.49,475.83,76,30092,0.1745
2025-08-26 09:15:00,24850,PE,1095.66,1106.88,1089.31,1092.66,398,33733,0.1772
2025-08-26 09:15:00,24900,CE,465.3,464.84,461.56,464.6,427,31542,0.1783
2025-08-26 09:15:00,24900,PE,1175.69,1186.75,1148.68,1164.93,412,29388,0.1806
2025-08-26 09:20:00,23500,CE,1140.25,1139.79,1119.39,1134.69,372,29619,0.1759
2025-08-26 09:20:00,23500,PE,460.54,463.01,456.51,457.16,127,25447,0.178
2025-08-26 09:20:00,23550,CE,1079.78,1070.59,1064.85,1070.43,159,31124,0.1803
2025-08-26 09:20:00,23550,PE,441.65,447.95,436.64,444.97,451,28929,0.1775
2025-08-26 09:20:00,23600,CE,1017.91,1024.29,1003.55,1014.09,596,31325,0.1802
2025-08-26 09:20:00,23600,PE,511.59,514.3,502.8,506.01,285,29751,0.1819
2025-08-26 09:20:00,23650,CE,993.57,1002.24,990.42,994.76,119,32549,0.1783
2025-08-26 09:20:00,23650,PE,467.3,466.5,462.55,462.75,106,35003,0.1766
2025-08-26 09:20:00,23700,CE,907.72,928.2,917.31,918.18,231,37183,0.1768
2025-08-26 09:20:00,23700,PE,482.83,483.01,473.64,477.13,494,36947,0.1751
2025-08-26 09:20:00,23750,CE,875.24,880.88,859.8,869.76,413,38046,0.1759
2025-08-26 09:20:00,23750,PE,507.69,510.59,504.41,504.57,651,33541,0.1788
2025-08-26 09:20:00,23800,CE,808.35,818.36,801.67,811.15,403,38956,0.1792
2025-08-26 09:20:00,23800,PE,481.82,494.5,476.12,480.03,451,36470,0.1809
2025-08-26 09:20:00,23850,CE,787.68,782.8,764.24,780.51,122,43104,0.1793
2025-08-26 09:20:00,23850,PE,470.42,482.76,464.41,472.18,377,39750,0.1798
2025-08-26 09:20:00,23900,CE,730.75,740.63,731.86,737.9,853,46960,0.1787
2025-08-26 09:20:00,23900,PE,472.52,477.17,476.14,476.91,442,42332,0.1771
2025-08-26 09:20:00,23950,CE,682.21,682.54,674.85,677.09,891,45381,0.1804
2025-08-26 09:20:00,23950,PE,466.74,474.3,464.81,470.24,927,49943,0.1761
2025-08-26 09:20:00,24000,CE,632.86,644.27,615.39,633.36,188,50919,0.1786
2025-08-26 09:20:00,24000,PE,462.64,461.72,453.93,457.13,731,49041,0.1779
2025-08-26 09:20:00,24050,CE,554.95,553.52,544.55,548.49,935,57377,0.1786
2025-08-26 09:20:00,24050,PE,484.9,484.26,472.27,474.68,83,59716,0.1743
2025-08-26 09:20:00,24100,CE,502.93,500.06,498.38,499.6,1164,61292,0.179
2025-08-26 09:20:00,24100,PE,475.13,474.99,467.56,470.85,538,62299,0.1741
2025-08-26 09:20:00,24150,CE,460.02,464.25,456.19,458.11,1307,69318,0.1772
2025-08-26 09:20:00,24150,PE,481.75,486.68,483.38,486.65,1403,71069,0.178
2025-08-26 09:20:00,24200,CE,471.45,476.93,468.19,471.29,157,79148,0.178
2025-08-26 09:20:00,24200,PE,504.77,502.75,496.94,499.91,264,80149,0.1769
2025-08-26 09:20:00,24250,CE,448.29,454.39,444.1,447.6,1087,78720,0.1739
2025-08-26 09:20:00,24250,PE,541.94,539.5,531.93,539.21,300,81168,0.1774
2025-08-26 09:20:00,24300,CE,475.43,490.94,472.41,475.83,427,71047,0.1775
2025-08-26 09:20:00,24300,PE,616.26,626.03,609.81,616.49,551,70575,0.1752
2025-08-26 09:20:00,24350,CE,430.42,436.6,424.15,430.13,225,62113,0.1783
2025-08-26 09:20:00,24350,PE,689.42,689.01,681.44,687.4,246,61733,0.1763
2025-08-26 09:20:00,24400,CE,474.44,480.0,465.94,471.28,23,55385,0.1818
2025-08-26 09:20:00,24400,PE,714.48,731.12,716.29,723.4,518,56999,0.1777
2025-08-26 09:20:00,24450,CE,456.85,458.17,453.69,455.45,771,50267,0.1748
2025-08-26 09:20:00,24450,PE,768.86,777.12,759.32,773.77,796,50090,0.1758
2025-08-26 09:20:00,24500,CE,442.88,445.1,438.25,442.3,441,47015,0.1742
2025-08-26 09:20:00,24500,PE,798.39,798.58,793.67,797.63,99,45950,0.1772
2025-08-26 09:20:00,24550,CE,455.05,460.07,450.13,458.68,688,42639,0.175
2025-08-26 09:20:00,24550,PE,898.7,918.56,903.7,914.95,268,44143,0.1771
2025-08-26 09:20:00,24600,CE,455.72,462.56,456.37,458.54,412,42899,0.1783
2025-08-26 09:20:00,24600,PE,932.89,942.86,928.99,940.15,17,39145,0.1777
2025-08-26 09:20:00,24650,CE,474.73,477.11,471.48,473.24,221,40450,0.1767
2025-08-26 09:20:00,24650,PE,1012.72,1014.46,994.21,1001.58,298,36128,0.1804
2025-08-26 09:20:00,24700,CE,472.86,488.42,467.88,472.12,321,39745,0.1766
2025-08-26 09:20:00,24700,PE,1045.01,1061.53,1038.46,1043.31,185,36201,0.1731
2025-08-26 09:20:00,24750,CE,465.41,470.38,462.7,466.79,310,33742,0.1765
2025-08-26 09:20:00,24750,PE,1043.91,1056.5,1049.75,1053.31,435,34886,0.18
2025-08-26 09:20:00,24800,CE,456.41,458.67,454.28,456.82,491,32951,0.1785
2025-08-26 09:20:00,24800,PE,1101.9,1115.87,1083.01,1096.45,292,31742,0.1764
2025-08-26 09:20:00,24850,CE,495.67,505.84,496.45,500.44,177,30007,0.1814
2025-08-26 09:20:00,24850,PE,1179.95,1202.49,1166.21,1174.12,248,33223,0.1777
2025-08-26 09:20:00,24900,CE,471.31,476.14,473.71,473.81,102,31889,0.1747
2025-08-26 09:20:00,24900,PE,1237.73,1242.39,1234.7,1241.21,33,29326,0.1787
2025-08-26 09:25:00,23500,CE,1064.69,1059.65,1048.59,1057.31,505,29123,0.1826
2025-08-26 09:25:00,23500,PE,454.69,458.03,452.9,456.87,534,25414,0.1751
2025-08-26 09:25:00,23550,CE,1001.96,1016.05,978.49,997.33,264,31379,0.1812
2025-08-26 09:25:00,23550,PE,487.77,491.45,489.62,490.51,477,28896,0.1769
2025-08-26 09:25:00,23600,CE,1001.89,1012.8,999.7,1001.28,64,31887,0.1837
2025-08-26 09:25:00,23600,PE,445.47,451.35,447.95,449.75,16,30196,0.1761
2025-08-26 09:25:00,23650,CE,891.91,895.92,876.12,885.57,309,32566,0.1761
2025-08-26 09:25:00,23650,PE,451.86,464.8,449.21,450.07,535,35531,0.1727
2025-08-26 09:25:00,23700,CE,864.35,867.35,857.44,861.02,123,37556,0.1778
2025-08-26 09:25:00,23700,PE,482.5,481.76,481.05,481.12,499,36788,0.177
2025-08-26 09:25:00,23750,CE,809.85,819.16,801.33,812.0,352,38371,0.1792
2025-08-26 09:25:00,23750,PE,491.27,488.19,481.26,485.32,124,33548,0.1762
2025-08-26 09:25:00,23800,CE,765.8,766.77,751.0,760.83,640,39002,0.1801
2025-08-26 09:25:00,23800,PE,503.8,510.66,498.31,500.61,402,36494,0.1772
2025-08-26 09:25:00,23850,CE,695.12,699.6,687.29,693.31,502,43468,0.1772
2025-08-26 09:25:00,23850,PE,452.24,457.68,454.57,456.66,796,40252,0.1761
2025-08-26 09:25:00,23900,CE,658.9,656.52,644.25,653.63,93,46743,0.1763
2025-08-26 09:25:00,23900,PE,462.28,464.48,457.36,461.29,939,42502,0.1788
2025-08-26 09:25:00,23950,CE,629.82,630.71,624.75,627.23,463,45535,0.178
2025-08-26 09:25:00,23950,PE,479.51,485.48,476.44,477.95,565,50407,0.1786
2025-08-26 09:25:00,24000,CE,575.36,584.31,578.05,581.45,769,50855,0.1791
2025-08-26 09:25:00,24000,PE,476.31,483.04,472.4,478.86,856,48669,0.1763
2025-08-26 09:25:00,24050,CE,526.48,527.7,524.1,526.08,1220,57020,0.1805
2025-08-26 09:25:00,24050,PE,453.62,462.83,450.5,452.87,62,59177,0.177
2025-08-26 09:25:00,24100,CE,507.38,515.93,499.09,502.88,141,60812,0.1744
2025-08-26 09:25:00,24100,PE,474.44,478.43,468.69,474.05,114,62060,0.1804
2025-08-26 09:25:00,24150,CE,476.09,476.48,473.39,475.17,1420,68841,0.1791
2025-08-26 09:25:00,24150,PE,515.49,505.8,501.63,505.72,1006,71514,0.1793
2025-08-26 09:25:00,24200,CE,461.82,472.43,467.92,469.56,1046,78982,0.1827
2025-08-26 09:25:00,24200,PE,545.9,549.26,546.94,547.38,88,79991,0.1765
2025-08-26 09:25:00,24250,CE,452.2,457.18,455.82,456.11,693,79029,0.1777
2025-08-26 09:25:00,24250,PE,644.23,654.13,641.74,646.44,177,80929,0.1828
2025-08-26 09:25:00,24300,CE,481.9,491.71,484.8,487.31,622,71305,0.1773
2025-08-26 09:25:00,24300,PE,648.06,670.85,650.09,652.38,330,70961,0.18
2025-08-26 09:25:00,24350,CE,468.06,478.22,468.6,471.21,747,61945,0.1789
2025-08-26 09:25:00,24350,PE,706.7,696.86,689.5,693.95,504,61706,0.1763
2025-08-26 09:25:00,24400,CE,462.56,467.85,462.47,465.12,572,55171,0.177
2025-08-26 09:25:00,24400,PE,802.42,801.18,798.35,799.6,289,56906,0.1779
2025-08-26 09:25:00,24450,CE,460.75,469.03,458.0,462.92,179,50363,0.1771
2025-08-26 09:25:00,24450,PE,821.81,840.03,816.99,824.21,750,49909,0.1794
2025-08-26 09:25:00,24500,CE,443.88,439.3,435.86,438.93,626,46971,0.1791
2025-08-26 09:25:00,24500,PE,897.46,894.74,886.42,890.69,130,45945,0.1771
2025-08-26 09:25:00,24550,CE,476.79,476.78,473.37,475.11,343,42068,0.1775
2025-08-26 09:25:00,24550,PE,940.8,940.86,935.08,939.6,330,43739,0.179
2025-08-26 09:25:00,24600,CE,405.73,412.79,402.5,405.4,506,42948,0.1784
2025-08-26 09:25:00,24600,PE,968.0,969.77,957.06,967.53,200,38548,0.1743
2025-08-26 09:25:00,24650,CE,483.2,485.61,479.41,483.42,344,40695,0.1802
2025-08-26 09:25:00,24650,PE,1035.35,1053.49,1050.83,1050.91,258,36614,0.1786
2025-08-26 09:25:00,24700,CE,489.11,492.43,487.13,490.33,117,40050,0.1793
2025-08-26 09:25:00,24700,PE,1068.59,1088.76,1058.77,1076.63,283,35977,0.1772
2025-08-26 09:25:00,24750,CE,472.88,475.87,473.73,474.57,159,33681,0.1754
2025-08-26 09:25:00,24750,PE,1099.97,1138.47,1100.02,1109.91,50,35066,0.1772
2025-08-26 09:25:00,24800,CE,504.37,515.13,500.3,504.56,211,33167,0.1781
2025-08-26 09:25:00,24800,PE,1155.91,1168.13,1128.88,1136.89,264,32314,0.1778
2025-08-26 09:25:00,24850,CE,476.08,483.48,468.54,477.18,47,29998,0.1778
2025-08-26 09:25:00,24850,PE,1268.87,1288.27,1256.89,1266.75,261,32922,0.1782
2025-08-26 09:25:00,24900,CE,441.4,447.33,441.28,442.29,311,31723,0.1772
2025-08-26 09:25:00,24900,PE,1263.68,1289.64,1269.31,1269.36,352,29832,0.1784
2025-08-26 09:30:00,23500,CE,983.81,987.27,974.48,978.19,551,29282,0.1785
2025-08-26 09:30:00,23500,PE,437.7,448.81,442.81,447.29,465,25851,0.18
2025-08-26 09:30:00,23550,CE,955.31,957.8,945.85,953.8,675,31647,0.1804
2025-08-26 09:30:00,23550,PE,430.14,449.31,433.16,437.35,629,29454,0.1783
2025-08-26 09:30:00,23600,CE,847.12,852.63,840.29,844.27,140,31888,0.1771
2025-08-26 09:30:00,23600,PE,437.01,433.65,427.88,433.4,272,30735,0.178
2025-08-26 09:30:00,23650,CE,823.27,851.81,819.15,821.07,597,33029,0.1783
2025-08-26 09:30:00,23650,PE,447.69,456.44,446.17,451.35,287,35942,0.179
2025-08-26 09:30:00,23700,CE,748.02,745.22,739.37,744.92,83,38082,0.1775
2025-08-26 09:30:00,23700,PE,461.42,469.61,464.59,467.68,210,36818,0.1781
2025-08-26 09:30:00,23750,CE,720.31,727.46,712.19,715.87,685,38662,0.1766
2025-08-26 09:30:00,23750,PE,456.2,464.45,457.68,458.57,214,33614,0.1801
2025-08-26 09:30:00,23800,CE,705.89,708.42,697.59,697.97,566,39333,0.1785
2025-08-26 09:30:00,23800,PE,437.41,446.47,435.76,440.63,348,36810,0.18
2025-08-26 09:30:00,23850,CE,599.01,603.88,598.65,600.98,731,43778,0.1758
2025-08-26 09:30:00,23850,PE,468.72,478.59,476.95,477.81,1030,40166,0.1789
2025-08-26 09:30:00,23900,CE,575.06,583.42,569.9,572.14,587,47098,0.1791
2025-08-26 09:30:00,23900,PE,431.27,434.93,431.91,433.17,1045,42953,0.1742
2025-08-26 09:30:00,23950,CE,504.52,512.35,497.79,502.16,856,45698,0.1762
2025-08-26 09:30:00,23950,PE,475.1,476.02,474.18,475.87,114,50352,0.1749
2025-08-26 09:30:00,24000,CE,453.03,452.8,444.67,445.72,461,51278,0.1779
2025-08-26 09:30:00,24000,PE,464.87,470.96,460.97,463.26,243,49003,0.1799
2025-08-26 09:30:00,24050,CE,454.16,458.15,452.78,454.25,1271,56983,0.1759
2025-08-26 09:30:00,24050,PE,534.65,541.91,533.36,537.12,1020,59272,0.1772
2025-08-26 09:30:00,24100,CE,485.83,492.56,486.37,487.74,912,61034,0.18
2025-08-26 09:30:00,24100,PE,560.3,564.42,557.78,560.16,348,62285,0.1791
2025-08-26 09:30:00,24150,CE,484.61,495.37,479.15,484.48,1050,68614,0.1852
2025-08-26 09:30:00,24150,PE,591.26,598.96,589.47,593.82,369,71265,0.1772
2025-08-26 09:30:00,24200,CE,443.03,450.57,441.28,446.48,950,79446,0.1768
2025-08-26 09:30:00,24200,PE,665.92,666.8,656.69,659.68,373,80515,0.176
2025-08-26 09:30:00,24250,CE,443.38,450.29,437.36,444.08,721,78911,0.1731
2025-08-26 09:30:00,24250,PE,700.57,705.28,691.15,698.68,780,81425,0.1768
2025-08-26 09:30:00,24300,CE,460.78,463.45,458.49,460.46,750,71269,0.1733
2025-08-26 09:30:00,24300,PE,785.63,776.94,775.53,776.1,197,70561,0.1804
2025-08-26 09:30:00,24350,CE,477.89,480.6,476.01,477.1,658,62224,0.1769
2025-08-26 09:30:00,24350,PE,844.4,848.69,838.69,844.61,566,61161,0.1779
2025-08-26 09:30:00,24400,CE,468.88,469.59,460.14,468.22,709,54707,0.1807
2025-08-26 09:30:00,24400,PE,868.56,867.36,856.29,858.09,431,57435,0.1764
2025-08-26 09:30:00,24450,CE,446.3,448.01,443.81,447.11,174,50384,0.1778
2025-08-26 09:30:00,24450,PE,871.91,895.35,878.59,882.41,577,49628,0.1788
2025-08-26 09:30:00,24500,CE,454.55,458.2,451.06,452.47,74,46947,0.1785
2025-08-26 09:30:00,24500,PE,977.31,989.28,973.12,984.72,511,46038,0.18
2025-08-26 09:30:00,24550,CE,427.57,434.94,427.49,430.32,272,42234,0.1751
2025-08-26 09:30:00,24550,PE,1005.09,1009.35,996.62,1000.7,40,43556,0.1774
2025-08-26 09:30:00,24600,CE,449.83,466.86,453.22,455.21,499,42812,0.1799
2025-08-26 09:30:00,24600,PE,1084.1,1095.39,1062.24,1077.89,548,38607,0.1771
2025-08-26 09:30:00,24650,CE,447.16,446.85,441.62,445.9,502,40846,0.1737
2025-08-26 09:30:00,24650,PE,1126.4,1114.78,1113.76,1113.98,230,37119,0.1767
2025-08-26 09:30:00,24700,CE,449.2,457.12,446.89,448.61,143,39920,0.1765
2025-08-26 09:30:00,24700,PE,1157.83,1180.73,1167.5,1178.42,370,36426,0.1792
2025-08-26 09:30:00,24750,CE,464.23,467.1,463.77,466.87,100,34272,0.1773
2025-08-26 09:30:00,24750,PE,1226.03,1229.13,1204.43,1224.39,213,34872,0.178
2025-08-26 09:30:00,24800,CE,439.27,445.64,437.45,439.57,66,32599,0.1749
2025-08-26 09:30:00,24800,PE,1250.26,1272.2,1264.15,1269.38,261,32439,0.1763
2025-08-26 09:30:00,24850,CE,471.55,471.07,465.09,468.67,48,30482,0.1769
2025-08-26 09:30:00,24850,PE,1333.82,1340.99,1323.38,1331.55,243,32386,0.175
2025-08-26 09:30:00,24900,CE,485.41,489.87,480.83,482.5,357,31359,0.1765
2025-08-26 09:30:00,24900,PE,1404.17,1392.69,1389.7,1391.54,287,30043,0.1758
2025-08-26 09:35:00,23500,CE,775.53,780.46,762.47,767.54,666,29653,0.1776
2025-08-26 09:35:00,23500,PE,491.3,495.8,492.16,492.71,807,25354,0.1822
2025-08-26 09:35:00,23550,CE,723.43,733.56,713.97,725.17,334,31483,0.1753
2025-08-26 09:35:00,23550,PE,454.4,460.16,457.94,458.78,344,29140,0.1786
2025-08-26 09:35:00,23600,CE,674.4,685.15,664.24,674.49,241,32445,0.1798
2025-08-26 09:35:00,23600,PE,491.21,494.46,485.99,488.29,881,30953,0.1739
2025-08-26 09:35:00,23650,CE,629.25,628.35,619.17,623.12,610,32999,0.176
2025-08-26 09:35:00,23650,PE,461.38,471.42,463.36,469.6,746,36376,0.1779
2025-08-26 09:35:00,23700,CE,598.36,606.52,593.78,599.56,530,38127,0.1787
2025-08-26 09:35:00,23700,PE,446.0,451.54,441.98,450.55,1113,37311,0.1776
2025-08-26 09:35:00,23750,CE,598.97,607.68,590.33,597.01,336,38348,0.1822
2025-08-26 09:35:00,23750,PE,447.46,451.56,442.98,445.36,301,33046,0.1756
2025-08-26 09:35:00,23800,CE,456.49,457.14,452.76,453.35,1127,39247,0.1773
2025-08-26 09:35:00,23800,PE,427.68,437.44,428.0,428.14,76,36455,0.18
2025-08-26 09:35:00,23850,CE,442.96,446.7,440.51,446.57,913,44180,0.1744
2025-08-26 09:35:00,23850,PE,461.29,472.29,466.47,468.75,1131,40205,0.1775
2025-08-26 09:35:00,23900,CE,447.91,452.03,445.24,449.9,289,46844,0.1781
2025-08-26 09:35:00,23900,PE,535.01,532.62,527.1,530.38,1136,43281,0.1771
2025-08-26 09:35:00,23950,CE,458.58,463.97,455.61,459.28,1100,45730,0.1816
2025-08-26 09:35:00,23950,PE,569.68,585.6,574.25,575.95,360,50355,0.1777
2025-08-26 09:35:00,24000,CE,474.13,495.86,473.02,477.92,1008,50894,0.1759
2025-08-26 09:35:00,24000,PE,653.47,656.33,639.74,648.33,953,49597,0.1783
2025-08-26 09:35:00,24050,CE,467.33,475.46,470.18,470.55,830,57173,0.1778
2025-08-26 09:35:00,24050,PE,699.16,700.19,688.53,694.1,422,59697,0.1789
2025-08-26 09:35:00,24100,CE,459.63,462.9,456.58,462.85,159,61345,0.1775
2025-08-26 09:35:00,24100,PE,732.43,740.17,727.34,732.64,376,62288,0.1768
2025-08-26 09:35:00,24150,CE,455.97,457.63,454.94,457.08,396,68025,0.1803
2025-08-26 09:35:00,24150,PE,792.77,797.08,789.12,794.57,828,71465,0.1795
2025-08-26 09:35:00,24200,CE,447.28,446.42,436.27,443.58,470,78966,0.1752
2025-08-26 09:35:00,24200,PE,803.65,817.49,809.02,812.64,606,81068,0.1767
2025-08-26 09:35:00,24250,CE,468.67,468.07,457.81,464.04,587,78610,0.1783
2025-08-26 09:35:00,24250,PE,863.44,868.8,855.71,857.23,140,81265,0.175
2025-08-26 09:35:00,24300,CE,430.42,428.46,422.98,426.36,26,71330,0.1774
2025-08-26 09:35:00,24300,PE,919.7,919.87,907.06,914.3,313,70564,0.1783
2025-08-26 09:35:00,24350,CE,443.37,450.3,440.03,444.44,622,62410,0.1781
2025-08-26 09:35:00,24350,PE,1004.66,1015.62,1002.81,1007.73,267,61501,0.1793
2025-08-26 09:35:00,24400,CE,443.15,451.16,443.52,447.83,224,55016,0.1776
2025-08-26 09:35:00,24400,PE,1009.74,1023.58,1015.66,1021.29,552,57924,0.1771
2025-08-26 09:35:00,24450,CE,441.17,452.57,442.16,444.03,294,50347,0.1761
2025-08-26 09:35:00,24450,PE,1058.16,1071.66,1059.13,1063.24,227,49669,0.1772
2025-08-26 09:35:00,24500,CE,455.86,468.51,458.92,463.17,495,47395,0.177
2025-08-26 09:35:00,24500,PE,1151.18,1137.48,1127.1,1133.77,324,45776,0.1793
2025-08-26 09:35:00,24550,CE,449.53,461.83,449.22,454.43,194,41929,0.1778
2025-08-26 09:35:00,24550,PE,1196.29,1214.88,1201.24,1205.79,100,42966,0.1816
2025-08-26 09:35:00,24600,CE,451.56,457.7,445.11,450.1,371,43098,0.1795
2025-08-26 09:35:00,24600,PE,1232.73,1240.83,1227.57,1230.75,91,38832,0.1776
2025-08-26 09:35:00,24650,CE,463.39,463.47,454.73,461.09,81,40578,0.18
2025-08-26 09:35:00,24650,PE,1268.11,1281.07,1255.82,1274.76,123,36674,0.1764
2025-08-26 09:35:00,24700,CE,491.81,505.09,490.58,495.98,320,39371,0.1778
2025-08-26 09:35:00,24700,PE,1310.09,1338.79,1294.56,1315.77,181,36411,0.1809
2025-08-26 09:35:00,24750,CE,493.53,486.28,479.17,486.2,244,33904,0.181
2025-08-26 09:35:00,24750,PE,1345.12,1368.94,1335.89,1345.95,200,35224,0.1763
2025-08-26 09:35:00,24800,CE,488.55,491.54,483.52,486.1,154,33139,0.1807
2025-08-26 09:35:00,24800,PE,1408.25,1448.3,1405.29,1411.63,176,32771,0.1746
2025-08-26 09:35:00,24850,CE,483.38,486.88,475.53,479.69,49,30903,0.1773
2025-08-26 09:35:00,24850,PE,1458.09,1503.9,1470.49,1475.76,188,32974,0.1772
2025-08-26 09:35:00,24900,CE,462.48,467.89,462.48,467.13,262,31647,0.1734
2025-08-26 09:35:00,24900,PE,1544.55,1568.35,1521.45,1531.19,60,30123,0.1766
2025-08-26 09:40:00,23500,CE,817.47,827.85,805.2,816.54,580,30025,0.1779
2025-08-26 09:40:00,23500,PE,432.43,440.74,434.76,437.6,302,25430,0.1737
2025-08-26 09:40:00,23550,CE,769.28,781.97,769.76,777.55,158,31402,0.1784
2025-08-26 09:40:00,23550,PE,453.21,454.75,451.15,452.85,411,28579,0.1776
2025-08-26 09:40:00,23600,CE,719.6,720.01,707.2,712.21,850,32616,0.1803
2025-08-26 09:40:00,23600,PE,450.35,470.24,451.96,454.14,181,31430,0.1774
2025-08-26 09:40:00,23650,CE,696.66,711.39,699.98,700.76,711,33230,0.1745
2025-08-26 09:40:00,23650,PE,461.66,466.28,456.07,461.73,954,36260,0.1793
2025-08-26 09:40:00,23700,CE,606.14,620.36,608.76,611.68,416,38267,0.1763
2025-08-26 09:40:00,23700,PE,472.5,478.41,470.52,472.56,1012,37686,0.1814
2025-08-26 09:40:00,23750,CE,602.38,628.74,605.7,607.04,1014,38665,0.1827
2025-08-26 09:40:00,23750,PE,500.06,492.72,489.57,492.0,64,33035,0.1745
2025-08-26 09:40:00,23800,CE,515.69,520.61,509.39,517.57,539,39081,0.1791
2025-08-26 09:40:00,23800,PE,492.17,494.73,484.55,489.8,1264,36331,0.1786
2025-08-26 09:40:00,23850,CE,444.24,452.82,442.85,446.64,1450,44669,0.1814
2025-08-26 09:40:00,23850,PE,513.95,516.46,505.7,508.63,801,39808,0.1785
2025-08-26 09:40:00,23900,CE,503.01,500.18,497.46,498.7,1112,47279,0.1785
2025-08-26 09:40:00,23900,PE,484.07,483.8,480.02,483.51,657,42915,0.1768
2025-08-26 09:40:00,23950,CE,490.26,502.59,483.27,492.5,721,46307,0.1787
2025-08-26 09:40:00,23950,PE,546.72,555.71,548.96,554.1,716,50293,0.1822
2025-08-26 09:40:00,24000,CE,433.66,436.07,427.53,429.46,539,51174,0.1758
2025-08-26 09:40:00,24000,PE,573.8,578.72,576.95,578.31,422,49872,0.1781
2025-08-26 09:40:00,24050,CE,466.66,469.11,464.99,467.56,1058,57500,0.1782
2025-08-26 09:40:00,24050,PE,648.41,647.58,636.94,640.85,996,60044,0.1793
2025-08-26 09:40:00,24100,CE,469.98,483.58,475.38,475.84,819,60791,0.1794
2025-08-26 09:40:00,24100,PE,688.33,690.66,671.15,682.29,351,62016,0.1794
2025-08-26 09:40:00,24150,CE,480.0,481.11,477.27,477.41,763,67700,0.1818
2025-08-26 09:40:00,24150,PE,727.97,749.39,728.11,733.9,854,71703,0.1789
2025-08-26 09:40:00,24200,CE,465.95,465.09,462.61,463.62,112,79185,0.1764
2025-08-26 09:40:00,24200,PE,791.22,800.87,794.33,796.12,286,80824,0.1772
2025-08-26 09:40:00,24250,CE,468.8,477.48,459.11,468.65,745,78962,0.1771
2025-08-26 09:40:00,24250,PE,838.82,840.42,822.72,831.68,575,81038,0.1778
2025-08-26 09:40:00,24300,CE,432.02,437.36,429.7,432.56,466,71141,0.1741
2025-08-26 09:40:00,24300,PE,894.56,908.65,879.9,893.71,425,70442,0.1764
2025-08-26 09:40:00,24350,CE,465.78,468.64,466.91,467.56,401,62703,0.1798
2025-08-26 09:40:00,24350,PE,988.03,998.13,968.83,983.11,212,60915,0.1802
2025-08-26 09:40:00,24400,CE,462.52,458.62,457.4,457.7,68,55503,0.1781
2025-08-26 09:40:00,24400,PE,1029.91,1044.27,1012.69,1031.82,588,58154,0.1787
2025-08-26 09:40:00,24450,CE,464.89,466.95,463.23,463.83,70,50450,0.1809
2025-08-26 09:40:00,24450,PE,1056.79,1060.33,1041.7,1047.44,254,49353,0.1783
2025-08-26 09:40:00,24500,CE,453.53,458.83,452.52,453.19,212,47737,0.1767
2025-08-26 09:40:00,24500,PE,1076.52,1091.29,1074.45,1080.09,543,46223,0.1818
2025-08-26 09:40:00,24550,CE,419.92,426.06,417.59,420.73,112,41930,0.1762
2025-08-26 09:40:00,24550,PE,1163.56,1178.76,1156.48,1158.86,277,42716,0.1788
2025-08-26 09:40:00,24600,CE,443.47,446.65,436.52,440.32,218,42954,0.1771
2025-08-26 09:40:00,24600,PE,1220.05,1213.74,1205.16,1210.11,41,38731,0.1774
2025-08-26 09:40:00,24650,CE,475.43,477.18,467.28,476.84,175,40345,0.1775
2025-08-26 09:40:00,24650,PE,1259.17,1265.61,1253.37,1258.52,290,36928,0.1769
2025-08-26 09:40:00,24700,CE,493.53,495.45,487.12,489.39,28,39181,0.1777
2025-08-26 09:40:00,24700,PE,1346.66,1337.97,1311.13,1325.93,20,36796,0.1767
2025-08-26 09:40:00,24750,CE,470.54,468.28,466.68,468.14,398,33860,0.1812
2025-08-26 09:40:00,24750,PE,1357.39,1371.55,1349.98,1350.31,405,35378,0.1787
2025-08-26 09:40:00,24800,CE,462.07,464.7,457.74,458.59,358,33676,0.1768
2025-08-26 09:40:00,24800,PE,1381.63,1415.35,1384.54,1388.54,244,32706,0.1817
2025-08-26 09:40:00,24850,CE,465.92,465.36,462.47,463.13,294,30507,0.1798
2025-08-26 09:40:00,24850,PE,1446.74,1457.02,1430.28,1438.62,121,33033,0.1769
2025-08-26 09:40:00,24900,CE,439.27,442.03,437.94,440.4,81,31643,0.1757
2025-08-26 09:40:00,24900,PE,1471.78,1499.13,1484.82,1488.96,325,30462,0.1749
2025-08-26 09:45:00,23500,CE,710.23,720.81,712.66,718.8,823,30457,0.1791
2025-08-26 09:45:00,23500,PE,474.43,469.61,467.81,468.92,316,25685,0.1805
2025-08-26 09:45:00,23550,CE,674.29,677.93,673.12,673.29,388,31967,0.1775
2025-08-26 09:45:00,23550,PE,470.82,476.25,462.12,470.39,193,28302,0.179
2025-08-26 09:45:00,23600,CE,622.39,636.18,619.65,629.19,1065,32303,0.1817
2025-08-26 09:45:00,23600,PE,435.44,435.65,424.63,430.73,707,31179,0.1789
2025-08-26 09:45:00,23650,CE,564.95,573.55,558.43,561.69,377,33435,0.181
2025-08-26 09:45:00,23650,PE,470.32,470.32,462.88,468.54,1017,35939,0.1779
2025-08-26 09:45:00,23700,CE,512.67,524.6,516.55,516.92,1436,37773,0.1792
2025-08-26 09:45:00,23700,PE,455.36,454.54,451.22,454.31,168,38259,0.1746
2025-08-26 09:45:00,23750,CE,501.67,502.32,499.92,500.99,121,38442,0.1827
2025-08-26 09:45:00,23750,PE,455.17,456.63,445.73,453.37,232,32701,0.176
2025-08-26 09:45:00,23800,CE,449.7,457.28,446.11,450.86,141,38911,0.1761
2025-08-26 09:45:00,23800,PE,515.4,520.21,511.13,516.29,490,35921,0.1772
2025-08-26 09:45:00,23850,CE,457.9,466.72,462.5,465.34,995,44111,0.1777
2025-08-26 09:45:00,23850,PE,540.57,542.1,535.27,537.91,664,39574,0.1753
2025-08-26 09:45:00,23900,CE,436.62,433.66,430.25,433.61,792,47084,0.1762
2025-08-26 09:45:00,23900,PE,567.53,575.18,567.38,568.19,581,43288,0.1758
2025-08-26 09:45:00,23950,CE,443.87,444.07,438.31,441.05,170,46229,0.1797
2025-08-26 09:45:00,23950,PE,621.09,632.03,619.66,625.28,614,50577,0.178
2025-08-26 09:45:00,24000,CE,433.35,450.16,430.79,434.23,529,51456,0.1775
2025-08-26 09:45:00,24000,PE,684.38,692.51,670.51,677.88,777,50218,0.1768
2025-08-26 09:45:00,24050,CE,472.0,476.79,470.51,472.01,551,58002,0.177
2025-08-26 09:45:00,24050,PE,739.2,751.7,738.38,739.68,34,60042,0.1751
2025-08-26 09:45:00,24100,CE,454.79,455.69,449.24,454.92,656,60315,0.1793
2025-08-26 09:45:00,24100,PE,797.0,811.5,777.13,781.38,669,61462,0.1772
2025-08-26 09:45:00,24150,CE,462.26,468.71,463.67,467.1,595,67324,0.1781
2025-08-26 09:45:00,24150,PE,864.55,884.34,849.44,857.0,507,72098,0.1757
2025-08-26 09:45:00,24200,CE,457.46,465.64,450.31,457.64,572,79274,0.1749
2025-08-26 09:45:00,24200,PE,890.98,901.32,879.03,884.46,637,80392,0.1785
2025-08-26 09:45:00,24250,CE,458.6,461.09,454.78,457.75,163,78521,0.1793
2025-08-26 09:45:00,24250,PE,936.27,948.22,937.54,945.58,474,81507,0.1758
2025-08-26 09:45:00,24300,CE,483.21,491.89,484.67,487.95,572,71165,0.1754
2025-08-26 09:45:00,24300,PE,1030.65,1024.16,1009.97,1013.24,89,70048,0.1802
2025-08-26 09:45:00,24350,CE,497.87,511.2,496.21,499.12,366,63179,0.1817
2025-08-26 09:45:00,24350,PE,1094.31,1115.5,1084.35,1092.51,572,61179,0.1787
2025-08-26 09:45:00,24400,CE,477.03,480.3,470.13,471.45,483,55476,0.1752
2025-08-26 09:45:00,24400,PE,1132.49,1134.83,1116.6,1124.17,114,58112,0.1799
2025-08-26 09:45:00,24450,CE,477.11,489.35,473.89,474.04,59,50657,0.1769
2025-08-26 09:45:00,24450,PE,1133.28,1154.31,1136.15,1138.04,176,49158,0.175
2025-08-26 09:45:00,24500,CE,458.76,450.36,449.19,450.18,9,48336,0.1756
2025-08-26 09:45:00,24500,PE,1174.7,1204.8,1174.89,1182.57,215,46564,0.1774
2025-08-26 09:45:00,24550,CE,431.12,449.35,434.83,436.23,247,42099,0.1745
2025-08-26 09:45:00,24550,PE,1211.81,1240.37,1219.57,1232.97,224,42940,0.1753
2025-08-26 09:45:00,24600,CE,482.54,482.05,474.86,478.23,95,43549,0.1777
2025-08-26 09:45:00,24600,PE,1293.5,1304.3,1286.78,1296.39,196,38143,0.1771
2025-08-26 09:45:00,24650,CE,472.49,478.81,462.98,468.74,409,39772,0.1768
2025-08-26 09:45:00,24650,PE,1342.27,1373.53,1346.32,1346.64,206,37270,0.1775
2025-08-26 09:45:00,24700,CE,460.23,462.67,454.47,455.28,156,38832,0.1775
2025-08-26 09:45:00,24700,PE,1375.17,1395.71,1352.79,1374.73,104,37018,0.1757
2025-08-26 09:45:00,24750,CE,469.45,475.92,468.51,472.67,229,33864,0.1758
2025-08-26 09:45:00,24750,PE,1461.96,1490.21,1456.3,1459.16,206,35160,0.1803
2025-08-26 09:45:00,24800,CE,451.99,450.25,443.41,449.74,356,33353,0.1743
2025-08-26 09:45:00,24800,PE,1482.99,1501.16,1476.54,1477.5,319,33038,0.1753
2025-08-26 09:45:00,24850,CE,467.63,471.33,462.36,465.47,8,30112,0.1792
2025-08-26 09:45:00,24850,PE,1539.9,1557.64,1534.41,1545.45,205,32623,0.1795
2025-08-26 09:45:00,24900,CE,465.5,466.0,463.2,463.38,302,31573,0.1777
2025-08-26 09:45:00,24900,PE,1635.22,1656.02,1625.19,1631.0,296,30005,0.176
2025-08-26 09:50:00,23500,CE,575.57,587.8,574.96,578.24,50,30626,0.1783
2025-08-26 09:50:00,23500,PE,466.99,472.12,467.46,469.88,1006,26275,0.1783
2025-08-26 09:50:00,23550,CE,542.5,542.1,528.5,539.5,1130,32264,0.1798
2025-08-26 09:50:00,23550,PE,451.07,459.32,447.89,453.31,104,28425,0.178
2025-08-26 09:50:00,23600,CE,477.05,479.84,474.37,478.67,1198,32176,0.1763
2025-08-26 09:50:00,23600,PE,454.98,450.26,442.39,445.47,1666,31764,0.1767
2025-08-26 09:50:00,23650,CE,455.96,470.78,458.62,463.74,1403,33890,0.1751
2025-08-26 09:50:00,23650,PE,457.23,464.96,457.35,462.47,940,36323,0.1762
2025-08-26 09:50:00,23700,CE,455.45,461.14,453.27,454.14,121,37449,0.1772
2025-08-26 09:50:00,23700,PE,525.01,527.03,524.87,526.56,940,37807,0.1788
2025-08-26 09:50:00,23750,CE,454.54,462.6,455.88,459.83,1004,38055,0.1761
2025-08-26 09:50:00,23750,PE,590.96,598.5,587.92,594.4,443,32411,0.1793
2025-08-26 09:50:00,23800,CE,483.12,496.55,482.08,482.57,601,38409,0.1802
2025-08-26 09:50:00,23800,PE,639.46,643.63,638.56,642.21,894,36387,0.179
2025-08-26 09:50:00,23850,CE,438.93,438.82,431.99,437.95,742,43733,0.1801
2025-08-26 09:50:00,23850,PE,697.58,709.71,696.21,700.08,298,39245,0.179
2025-08-26 09:50:00,23900,CE,431.92,440.81,431.5,433.25,547,47549,0.1766
2025-08-26 09:50:00,23900,PE,730.28,730.71,722.76,729.84,792,43837,0.177
2025-08-26 09:50:00,23950,CE,476.73,489.3,485.08,485.63,573,45895,0.1768
2025-08-26 09:50:00,23950,PE,747.03,768.79,741.4,747.78,336,50330,0.1734
2025-08-26 09:50:00,24000,CE,473.08,480.78,470.59,471.96,60,51816,0.1797
2025-08-26 09:50:00,24000,PE,852.36,851.09,845.55,847.88,446,50782,0.1775
2025-08-26 09:50:00,24050,CE,468.25,467.33,461.16,466.96,597,58181,0.1786
2025-08-26 09:50:00,24050,PE,857.3,868.93,845.88,854.21,42,59973,0.1732
2025-08-26 09:50:00,24100,CE,476.23,472.96,466.38,471.01,319,60524,0.1807
2025-08-26 09:50:00,24100,PE,949.22,945.96,935.47,942.02,379,61798,0.1775
2025-08-26 09:50:00,24150,CE,485.68,501.76,488.62,489.12,23,66859,0.1802
2025-08-26 09:50:00,24150,PE,1022.07,1027.72,1007.71,1011.59,591,72020,0.1798
2025-08-26 09:50:00,24200,CE,449.95,465.8,454.33,457.54,482,79702,0.1787
2025-08-26 09:50:00,24200,PE,1026.96,1018.51,1000.97,1015.55,78,80638,0.1746
2025-08-26 09:50:00,24250,CE,457.38,463.81,451.75,456.0,103,78105,0.1771
2025-08-26 09:50:00,24250,PE,1078.5,1083.71,1069.86,1074.99,141,81813,0.1772
2025-08-26 09:50:00,24300,CE,476.35,482.88,476.58,482.87,56,71365,0.1822
2025-08-26 09:50:00,24300,PE,1148.61,1150.71,1147.2,1147.53,204,69765,0.1798
2025-08-26 09:50:00,24350,CE,452.37,461.57,451.97,452.82,125,62991,0.1767
2025-08-26 09:50:00,24350,PE,1181.29,1195.96,1176.77,1177.28,178,60956,0.1778
2025-08-26 09:50:00,24400,CE,456.43,456.08,448.37,453.14,249,56067,0.1764
2025-08-26 09:50:00,24400,PE,1221.4,1238.44,1217.92,1230.59,218,57732,0.1758
2025-08-26 09:50:00,24450,CE,445.52,456.19,439.82,442.23,279,51052,0.1772
2025-08-26 09:50:00,24450,PE,1326.2,1314.59,1294.56,1296.91,274,49194,0.1787
2025-08-26 09:50:00,24500,CE,458.51,459.06,452.97,456.52,291,48792,0.178
2025-08-26 09:50:00,24500,PE,1368.1,1376.85,1360.66,1360.91,39,47142,0.179
2025-08-26 09:50:00,24550,CE,457.63,464.22,451.72,455.76,370,42652,0.1735
2025-08-26 09:50:00,24550,PE,1374.03,1395.58,1340.35,1358.98,209,43365,0.1751
2025-08-26 09:50:00,24600,CE,478.17,486.82,472.11,473.44,38,43445,0.1785
2025-08-26 09:50:00,24600,PE,1441.84,1450.81,1444.46,1445.66,350,37868,0.1725
2025-08-26 09:50:00,24650,CE,413.01,426.98,419.83,420.1,293,39555,0.1768
2025-08-26 09:50:00,24650,PE,1443.06,1489.06,1452.37,1463.68,228,37453,0.1782
2025-08-26 09:50:00,24700,CE,439.66,441.25,437.13,439.19,324,38642,0.178
2025-08-26 09:50:00,24700,PE,1603.42,1599.24,1563.41,1590.1,291,36939,0.179
2025-08-26 09:50:00,24750,CE,467.93,466.73,462.61,464.6,143,33359,0.1789
2025-08-26 09:50:00,24750,PE,1586.21,1572.45,1556.97,1565.88,32,35485,0.1748
2025-08-26 09:50:00,24800,CE,440.2,446.64,437.79,440.72,41,32886,0.1755
2025-08-26 09:50:00,24800,PE,1636.65,1639.1,1618.98,1638.87,68,32842,0.1784
2025-08-26 09:50:00,24850,CE,457.64,461.05,460.4,460.54,58,30220,0.177
2025-08-26 09:50:00,24850,PE,1676.39,1700.34,1675.64,1685.04,273,32660,0.1748
2025-08-26 09:50:00,24900,CE,442.07,453.19,443.68,443.85,215,32044,0.1785
2025-08-26 09:50:00,24900,PE,1729.26,1759.95,1725.84,1741.68,287,30195,0.1767
2025-08-26 09:55:00,23500,CE,515.43,524.0,515.7,516.67,119,30972,0.175
2025-08-26 09:55:00,23500,PE,458.99,462.55,448.57,450.16,1091,26039,0.1752
2025-08-26 09:55:00,23550,CE,465.0,478.92,467.9,476.44,294,31822,0.1759
2025-08-26 09:55:00,23550,PE,447.12,453.85,440.81,446.88,482,28716,0.1785
2025-08-26 09:55:00,23600,CE,445.23,456.47,450.58,451.08,1541,31760,0.1816
2025-08-26 09:55:00,23600,PE,479.79,480.55,469.32,475.98,691,32164,0.1748
2025-08-26 09:55:00,23650,CE,433.34,443.03,440.74,443.03,140,34421,0.1776
2025-08-26 09:55:00,23650,PE,535.88,541.74,525.78,535.7,48,36062,0.1776
2025-08-26 09:55:00,23700,CE,438.5,452.78,441.38,441.53,59,37762,0.1781
2025-08-26 09:55:00,23700,PE,568.43,580.7,570.02,573.66,535,37731,0.1802
2025-08-26 09:55:00,23750,CE,453.76,461.39,455.37,458.37,605,37813,0.1806
2025-08-26 09:55:00,23750,PE,633.67,650.55,640.39,642.21,832,32328,0.1786
2025-08-26 09:55:00,23800,CE,445.66,453.21,447.22,449.1,787,38585,0.1798
2025-08-26 09:55:00,23800,PE,710.37,696.81,682.93,695.13,670,36972,0.1797
2025-08-26 09:55:00,23850,CE,428.05,423.54,420.22,421.33,461,43493,0.1727
2025-08-26 09:55:00,23850,PE,722.97,737.98,717.91,720.94,657,39492,0.1789
2025-08-26 09:55:00,23900,CE,489.2,491.58,487.08,489.61,404,47350,0.1785
2025-08-26 09:55:00,23900,PE,791.2,818.25,788.88,798.13,766,43538,0.1759
2025-08-26 09:55:00,23950,CE,440.6,443.69,436.41,438.0,71,46053,0.1769
2025-08-26 09:55:00,23950,PE,809.44,807.71,793.84,800.89,73,50643,0.1788
2025-08-26 09:55:00,24000,CE,447.3,462.74,447.85,448.4,597,52076,0.1805
2025-08-26 09:55:00,24000,PE,904.11,901.87,891.03,894.23,175,51313,0.1789
2025-08-26 09:55:00,24050,CE,438.32,447.27,439.56,442.1,68,57709,0.1788
2025-08-26 09:55:00,24050,PE,923.41,920.22,909.97,919.81,208,60021,0.1751
2025-08-26 09:55:00,24100,CE,439.91,441.48,434.01,437.56,442,60273,0.1798
2025-08-26 09:55:00,24100,PE,996.49,991.06,975.46,986.65,567,62178,0.1789
2025-08-26 09:55:00,24150,CE,455.36,460.18,453.56,455.46,141,66333,0.1767
2025-08-26 09:55:00,24150,PE,1027.63,1040.45,1032.91,1033.89,412,71630,0.1791
2025-08-26 09:55:00,24200,CE,487.94,495.11,487.0,487.33,161,80028,0.175
2025-08-26 09:55:00,24200,PE,1102.75,1107.32,1098.97,1101.92,111,80463,0.1778
2025-08-26 09:55:00,24250,CE,422.66,436.28,427.31,429.35,485,78323,0.1741
2025-08-26 09:55:00,24250,PE,1124.13,1119.7,1106.99,1111.84,327,82411,0.1744
2025-08-26 09:55:00,24300,CE,477.35,480.49,476.71,478.55,384,71316,0.178
2025-08-26 09:55:00,24300,PE,1176.6,1173.99,1157.37,1171.35,332,69804,0.1798
2025-08-26 09:55:00,24350,CE,471.09,487.59,462.49,472.09,176,63561,0.1805
2025-08-26 09:55:00,24350,PE,1245.02,1249.26,1226.1,1239.54,283,61251,0.1788
2025-08-26 09:55:00,24400,CE,454.43,456.26,446.89,448.11,189,55703,0.1793
2025-08-26 09:55:00,24400,PE,1299.99,1305.61,1282.92,1286.45,61,58097,0.179
2025-08-26 09:55:00,24450,CE,458.96,465.39,460.72,460.77,228,51071,0.1777
2025-08-26 09:55:00,24450,PE,1350.22,1357.71,1335.38,1348.5,58,49538,0.1782
2025-08-26 09:55:00,24500,CE,446.48,448.47,446.75,448.36,114,48910,0.1736
2025-08-26 09:55:00,24500,PE,1409.81,1408.35,1385.83,1404.74,149,46814,0.1784
2025-08-26 09:55:00,24550,CE,459.21,458.49,451.43,458.32,70,43029,0.1763
2025-08-26 09:55:00,24550,PE,1426.4,1468.01,1424.01,1429.27,43,42767,0.1791
2025-08-26 09:55:00,24600,CE,442.2,453.93,438.62,442.2,121,43910,0.1809
2025-08-26 09:55:00,24600,PE,1452.66,1468.56,1451.15,1466.82,270,38250,0.1758
2025-08-26 09:55:00,24650,CE,439.45,441.87,436.7,439.7,80,40119,0.1769
2025-08-26 09:55:00,24650,PE,1527.11,1567.51,1501.69,1535.83,48,36895,0.1781
2025-08-26 09:55:00,24700,CE,487.9,487.93,481.78,484.76,172,38567,0.1799
2025-08-26 09:55:00,24700,PE,1601.04,1610.97,1562.25,1593.86,107,36541,0.1794
2025-08-26 09:55:00,24750,CE,453.19,456.1,451.92,455.79,114,33207,0.1772
2025-08-26 09:55:00,24750,PE,1657.85,1645.9,1625.78,1633.32,208,35316,0.1791
2025-08-26 09:55:00,24800,CE,457.8,469.46,451.49,454.53,85,33003,0.1793
2025-08-26 09:55:00,24800,PE,1688.55,1680.54,1662.03,1670.68,195,32766,0.1768
2025-08-26 09:55:00,24850,CE,452.07,467.19,451.43,461.03,39,30778,0.1774
2025-08-26 09:55:00,24850,PE,1686.15,1723.65,1697.96,1698.71,169,32393,0.1766
2025-08-26 09:55:00,24900,CE,475.23,473.1,462.48,471.2,227,31946,0.1751
2025-08-26 09:55:00,24900,PE,1799.57,1832.63,1797.69,1801.1,55,30435,0.1771
2025-08-26 10:00:00,23500,CE,502.92,510.34,500.7,502.03,167,30703,0.1791
2025-08-26 10:00:00,23500,PE,415.7,418.81,414.03,417.06,1036,26307,0.1739
2025-08-26 10:00:00,23550,CE,440.77,442.3,438.48,441.4,1748,32072,0.174
2025-08-26 10:00:00,23550,PE,449.53,457.14,452.55,455.91,431,28970,0.1775
2025-08-26 10:00:00,23600,CE,460.29,463.76,455.73,457.09,1133,31970,0.1731
2025-08-26 10:00:00,23600,PE,541.28,542.65,527.77,533.97,1124,32544,0.177
2025-08-26 10:00:00,23650,CE,486.09,496.51,482.62,483.4,749,35014,0.1809
2025-08-26 10:00:00,23650,PE,544.22,548.38,533.11,543.52,847,35528,0.1777
2025-08-26 10:00:00,23700,CE,467.88,475.27,471.27,475.07,214,37758,0.1769
2025-08-26 10:00:00,23700,PE,603.9,616.52,599.26,604.61,512,38106,0.1768
2025-08-26 10:00:00,23750,CE,464.3,466.36,455.92,461.81,701,37213,0.1782
2025-08-26 10:00:00,23750,PE,652.07,659.13,645.92,650.82,480,32382,0.1745
2025-08-26 10:00:00,23800,CE,470.96,476.6,469.28,472.69,919,38776,0.1778
2025-08-26 10:00:00,23800,PE,716.87,740.99,721.77,722.24,181,36602,0.1761
2025-08-26 10:00:00,23850,CE,460.07,457.48,453.95,454.63,280,43373,0.179
2025-08-26 10:00:00,23850,PE,785.8,801.24,777.54,782.81,105,39839,0.1798
2025-08-26 10:00:00,23900,CE,430.0,428.16,418.3,424.45,65,46830,0.1759
2025-08-26 10:00:00,23900,PE,779.04,789.03,774.3,786.84,111,43099,0.1766
2025-08-26 10:00:00,23950,CE,468.44,464.55,457.66,463.29,417,46434,0.1777
2025-08-26 10:00:00,23950,PE,874.44,873.08,862.67,863.79,690,51014,0.1775
2025-08-26 10:00:00,24000,CE,465.51,469.94,462.82,466.62,470,52184,0.1766
2025-08-26 10:00:00,24000,PE,943.49,963.55,941.39,946.59,218,51212,0.1799
2025-08-26 10:00:00,24050,CE,458.43,459.72,450.28,456.24,558,57235,0.1764
2025-08-26 10:00:00,24050,PE,969.8,961.0,950.34,959.23,528,60394,0.178
2025-08-26 10:00:00,24100,CE,477.02,483.38,471.55,477.6,43,59963,0.1793
2025-08-26 10:00:00,24100,PE,997.53,999.8,968.98,982.81,192,62673,0.1797
2025-08-26 10:00:00,24150,CE,450.09,454.02,442.37,446.62,253,66664,0.1759
2025-08-26 10:00:00,24150,PE,1040.5,1040.96,1035.89,1039.95,343,71127,0.1774
2025-08-26 10:00:00,24200,CE,453.22,450.01,432.46,445.69,360,80190,0.1777
2025-08-26 10:00:00,24200,PE,1102.09,1133.13,1106.37,1109.82,467,80967,0.1803
2025-08-26 10:00:00,24250,CE,459.45,460.99,453.76,456.05,301,78778,0.177
2025-08-26 10:00:00,24250,PE,1175.31,1188.23,1169.36,1179.02,77,82547,0.1815
2025-08-26 10:00:00,24300,CE,448.67,451.12,448.92,449.68,282,70922,0.1786
2025-08-26 10:00:00,24300,PE,1205.53,1202.82,1197.03,1201.61,264,70020,0.1748
2025-08-26 10:00:00,24350,CE,447.06,452.55,448.73,448.96,195,63760,0.1798
2025-08-26 10:00:00,24350,PE,1275.22,1264.47,1216.87,1255.65,345,61357,0.1787
2025-08-26 10:00:00,24400,CE,467.77,473.83,465.41,468.64,179,55421,0.176
2025-08-26 10:00:00,24400,PE,1337.6,1337.02,1325.74,1332.56,293,58577,0.1789
2025-08-26 10:00:00,24450,CE,463.78,463.3,459.59,460.07,198,51074,0.1782
2025-08-26 10:00:00,24450,PE,1379.53,1387.35,1354.8,1373.2,385,49294,0.1782
2025-08-26 10:00:00,24500,CE,459.09,472.92,459.86,461.07,328,48616,0.1761
2025-08-26 10:00:00,24500,PE,1435.85,1433.87,1419.83,1424.52,109,46551,0.178
2025-08-26 10:00:00,24550,CE,436.43,445.2,435.97,436.8,26,42982,0.1779
2025-08-26 10:00:00,24550,PE,1438.83,1452.33,1424.78,1439.57,141,42444,0.1764
2025-08-26 10:00:00,24600,CE,434.26,444.91,431.72,435.94,285,43930,0.1754
2025-08-26 10:00:00,24600,PE,1500.4,1520.96,1512.54,1519.61,78,37880,0.1778
2025-08-26 10:00:00,24650,CE,469.83,486.87,476.16,477.02,293,39844,0.1773
2025-08-26 10:00:00,24650,PE,1581.29,1589.39,1574.85,1575.21,146,36438,0.1785
2025-08-26 10:00:00,24700,CE,467.26,463.69,453.75,462.76,281,38395,0.178
2025-08-26 10:00:00,24700,PE,1620.62,1618.95,1588.26,1611.06,247,36428,0.1775
2025-08-26 10:00:00,24750,CE,483.21,479.85,475.26,478.62,271,33091,0.1807
2025-08-26 10:00:00,24750,PE,1693.19,1718.92,1670.61,1690.57,302,35585,0.1758
2025-08-26 10:00:00,24800,CE,482.29,488.16,478.38,480.9,159,32983,0.1775
2025-08-26 10:00:00,24800,PE,1690.34,1720.92,1702.57,1720.52,204,32997,0.1774
2025-08-26 10:00:00,24850,CE,445.46,461.44,441.71,448.36,224,30217,0.1771
2025-08-26 10:00:00,24850,PE,1749.16,1751.41,1733.17,1747.81,87,32316,0.1767
2025-08-26 10:00:00,24900,CE,453.03,467.8,455.99,458.84,166,31453,0.1799
2025-08-26 10:00:00,24900,PE,1772.68,1803.19,1794.21,1798.48,65,30389,0.1767
2025-08-26 10:05:00,23500,CE,465.74,462.94,459.46,461.82,793,30841,0.1786
2025-08-26 10:05:00,23500,PE,461.13,462.16,448.81,456.77,147,26663,0.1755
2025-08-26 10:05:00,23550,CE,481.79,488.28,474.54,479.84,491,32132,0.1792
2025-08-26 10:05:00,23550,PE,516.97,528.17,517.7,520.35,1489,28825,0.1772
2025-08-26 10:05:00,23600,CE,457.56,464.09,458.73,461.56,440,31687,0.1812
2025-08-26 10:05:00,23600,PE,570.65,577.08,567.15,573.52,893,33092,0.1785
2025-08-26 10:05:00,23650,CE,484.68,490.75,481.43,484.78,677,34651,0.1814
2025-08-26 10:05:00,23650,PE,572.99,584.25,574.08,577.43,1131,34978,0.1769
2025-08-26 10:05:00,23700,CE,495.0,495.46,489.03,495.06,448,37309,0.1801
2025-08-26 10:05:00,23700,PE,633.03,632.51,627.43,632.08,52,38703,0.1756
2025-08-26 10:05:00,23750,CE,479.39,483.57,472.4,479.32,96,37700,0.1763
2025-08-26 10:05:00,23750,PE,672.24,682.4,668.79,675.12,532,32166,0.1788
2025-08-26 10:05:00,23800,CE,454.0,464.22,448.17,458.28,761,38180,0.1769
2025-08-26 10:05:00,23800,PE,740.0,737.48,725.1,734.03,611,36922,0.1738
2025-08-26 10:05:00,23850,CE,469.95,478.84,473.79,474.24,302,43133,0.1796
2025-08-26 10:05:00,23850,PE,785.58,785.77,776.59,784.62,20,39265,0.1755
2025-08-26 10:05:00,23900,CE,497.13,503.76,495.62,498.7,44,46777,0.1769
2025-08-26 10:05:00,23900,PE,862.37,877.96,858.75,865.94,402,43007,0.1728
2025-08-26 10:05:00,23950,CE,466.61,480.53,468.3,468.95,492,46268,0.1811
2025-08-26 10:05:00,23950,PE,867.94,863.64,850.38,860.22,552,51198,0.1765
2025-08-26 10:05:00,24000,CE,432.12,438.74,428.36,432.16,610,52455,0.1755
2025-08-26 10:05:00,24000,PE,939.92,954.29,929.34,942.1,92,51283,0.1774
2025-08-26 10:05:00,24050,CE,448.04,460.79,453.4,457.9,405,56651,0.1744
2025-08-26 10:05:00,24050,PE,1037.9,1044.55,1024.47,1026.36,36,59820,0.1759
2025-08-26 10:05:00,24100,CE,443.24,446.68,442.36,445.96,106,60421,0.1754
2025-08-26 10:05:00,24100,PE,1066.42,1060.62,1047.8,1060.1,145,62296,0.1747
2025-08-26 10:05:00,24150,CE,492.18,498.63,487.74,490.76,247,66541,0.1786
2025-08-26 10:05:00,24150,PE,1125.07,1145.59,1124.19,1131.37,540,70651,0.1805
2025-08-26 10:05:00,24200,CE,423.5,426.32,414.94,417.54,435,79865,0.1781
2025-08-26 10:05:00,24200,PE,1130.9,1147.73,1121.8,1124.41,165,80949,0.1755
2025-08-26 10:05:00,24250,CE,436.43,435.92,433.1,435.26,479,78460,0.1732
2025-08-26 10:05:00,24250,PE,1198.18,1207.2,1195.72,1202.54,174,82737,0.178
2025-08-26 10:05:00,24300,CE,457.49,463.41,454.67,459.0,315,70762,0.1798
2025-08-26 10:05:00,24300,PE,1227.66,1262.04,1231.88,1235.93,68,70366,0.179
2025-08-26 10:05:00,24350,CE,447.05,448.77,446.09,446.95,403,63882,0.1769
2025-08-26 10:05:00,24350,PE,1322.18,1344.82,1308.53,1317.31,391,61061,0.174
2025-08-26 10:05:00,24400,CE,421.28,434.46,419.24,423.13,370,55791,0.1776
2025-08-26 10:05:00,24400,PE,1381.75,1398.98,1383.48,1385.76,386,59095,0.1788
2025-08-26 10:05:00,24450,CE,455.92,458.78,447.14,453.66,146,50618,0.1789
2025-08-26 10:05:00,24450,PE,1362.27,1403.43,1373.6,1387.09,308,49497,0.1792
2025-08-26 10:05:00,24500,CE,443.88,447.19,445.09,445.26,257,48772,0.1739
2025-08-26 10:05:00,24500,PE,1438.06,1443.79,1439.78,1441.16,22,46754,0.1773
2025-08-26 10:05:00,24550,CE,434.97,449.28,432.86,436.31,186,42419,0.181
2025-08-26 10:05:00,24550,PE,1536.85,1528.36,1509.08,1518.72,325,41877,0.1764
2025-08-26 10:05:00,24600,CE,456.77,464.43,448.78,452.8,89,43683,0.1753
2025-08-26 10:05:00,24600,PE,1547.38,1552.53,1529.16,1540.17,287,37376,0.1763
2025-08-26 10:05:00,24650,CE,467.96,467.62,463.26,467.22,139,39683,0.1782
2025-08-26 10:05:00,24650,PE,1637.07,1650.95,1612.52,1621.42,149,36884,0.1777
2025-08-26 10:05:00,24700,CE,475.72,482.37,472.2,477.36,114,38220,0.1777
2025-08-26 10:05:00,24700,PE,1649.56,1647.75,1628.72,1646.3,142,36299,0.1769
2025-08-26 10:05:00,24750,CE,467.31,474.33,467.24,471.91,314,32812,0.1794
2025-08-26 10:05:00,24750,PE,1710.79,1714.95,1695.91,1702.35,42,35490,0.1777
2025-08-26 10:05:00,24800,CE,447.05,455.24,451.38,451.61,31,33340,0.1788
2025-08-26 10:05:00,24800,PE,1786.63,1811.23,1769.42,1775.44,285,33394,0.1767
2025-08-26 10:05:00,24850,CE,445.88,454.56,439.28,444.72,249,30122,0.1759
2025-08-26 10:05:00,24850,PE,1818.82,1836.0,1792.92,1802.65,217,32192,0.1799
2025-08-26 10:05:00,24900,CE,488.56,483.99,482.14,483.5,256,31087,0.1765
2025-08-26 10:05:00,24900,PE,1839.94,1882.91,1838.79,1842.37,46,30959,0.1759
2025-08-26 10:10:00,23500,CE,469.83,472.2,465.5,466.21,517,30614,0.1778
2025-08-26 10:10:00,23500,PE,532.2,547.21,526.61,534.76,939,26474,0.1808
2025-08-26 10:10:00,23550,CE,467.29,472.25,461.43,466.18,918,32047,0.1782
2025-08-26 10:10:00,23550,PE,583.47,591.98,580.62,584.34,962,28321,0.1789
2025-08-26 10:10:00,23600,CE,433.38,437.39,434.43,434.81,797,31481,0.1781
2025-08-26 10:10:00,23600,PE,655.3,663.57,644.14,656.46,471,33608,0.1743
2025-08-26 10:10:00,23650,CE,471.33,479.33,464.84,472.06,482,34140,0.1797
2025-08-26 10:10:00,23650,PE,653.21,653.05,648.19,648.9,459,34666,0.1796
2025-08-26 10:10:00,23700,CE,482.31,496.37,481.18,485.31,432,36970,0.1777
2025-08-26 10:10:00,23700,PE,712.68,740.69,715.22,724.12,580,38385,0.1754
2025-08-26 10:10:00,23750,CE,440.51,443.12,440.49,441.9,389,38245,0.1792
2025-08-26 10:10:00,23750,PE,786.7,790.56,773.68,786.82,528,32416,0.1738
2025-08-26 10:10:00,23800,CE,450.23,445.63,440.97,444.88,589,38683,0.178
2025-08-26 10:10:00,23800,PE,799.75,802.34,788.7,796.19,673,37351,0.1798
2025-08-26 10:10:00,23850,CE,451.51,455.35,446.36,449.32,248,43282,0.1757
2025-08-26 10:10:00,23850,PE,906.18,911.87,898.92,899.2,579,39336,0.1776
2025-08-26 10:10:00,23900,CE,471.2,469.92,464.82,468.77,93,46787,0.1806
2025-08-26 10:10:00,23900,PE,921.3,933.96,916.5,918.05,150,43234,0.1755
2025-08-26 10:10:00,23950,CE,482.83,484.34,475.18,479.09,532,46510,0.1772
2025-08-26 10:10:00,23950,PE,991.44,1005.4,986.13,993.34,345,51317,0.1803
2025-08-26 10:10:00,24000,CE,464.55,470.64,461.12,461.55,317,52393,0.1789
2025-08-26 10:10:00,24000,PE,1025.8,1029.67,1013.6,1022.39,139,51493,0.179
2025-08-26 10:10:00,24050,CE,462.46,473.05,465.4,467.53,198,56239,0.1794
2025-08-26 10:10:00,24050,PE,1102.17,1109.23,1089.46,1094.14,441,59881,0.1779
2025-08-26 10:10:00,24100,CE,463.42,471.25,458.73,460.14,275,60444,0.1787
2025-08-26 10:10:00,24100,PE,1098.21,1121.84,1100.29,1110.84,48,62337,0.1751
2025-08-26 10:10:00,24150,CE,456.68,466.77,463.74,464.6,273,66553,0.1774
2025-08-26 10:10:00,24150,PE,1157.04,1184.51,1172.36,1177.07,11,70951,0.1796
2025-08-26 10:10:00,24200,CE,440.91,443.01,439.94,441.97,292,80173,0.174
2025-08-26 10:10:00,24200,PE,1206.73,1210.11,1198.92,1200.57,241,80744,0.1739
2025-08-26 10:10:00,24250,CE,435.68,440.84,433.71,434.8,376,78280,0.1769
2025-08-26 10:10:00,24250,PE,1262.54,1275.61,1251.14,1271.64,208,82156,0.1766
2025-08-26 10:10:00,24300,CE,439.86,438.54,434.03,436.82,76,70297,0.1741
2025-08-26 10:10:00,24300,PE,1320.57,1322.95,1318.54,1321.27,186,70080,0.1744
2025-08-26 10:10:00,24350,CE,429.78,435.24,429.44,434.81,142,64200,0.1767
2025-08-26 10:10:00,24350,PE,1365.86,1367.44,1345.15,1365.91,284,61418,0.1753
2025-08-26 10:10:00,24400,CE,442.65,448.55,444.58,446.25,325,55488,0.1776
2025-08-26 10:10:00,24400,PE,1435.45,1442.84,1418.91,1421.26,246,59538,0.176
2025-08-26 10:10:00,24450,CE,460.34,460.05,453.6,458.69,120,50468,0.1766
2025-08-26 10:10:00,24450,PE,1485.77,1523.35,1482.67,1489.89,205,49854,0.1762
2025-08-26 10:10:00,24500,CE,457.02,467.84,454.86,461.51,59,48732,0.1784
2025-08-26 10:10:00,24500,PE,1545.4,1564.31,1542.12,1554.82,93,47009,0.1771
2025-08-26 10:10:00,24550,CE,437.31,444.78,437.2,438.89,90,42246,0.1769
2025-08-26 10:10:00,24550,PE,1600.62,1616.28,1581.72,1599.59,126,41361,0.1764
2025-08-26 10:10:00,24600,CE,470.14,474.18,460.87,464.87,230,43387,0.1734
2025-08-26 10:10:00,24600,PE,1623.55,1635.56,1611.31,1629.23,170,37612,0.1747
2025-08-26 10:10:00,24650,CE,413.72,428.52,418.04,418.28,261,40184,0.1779
2025-08-26 10:10:00,24650,PE,1684.96,1710.1,1688.48,1695.19,46,37037,0.1749
2025-08-26 10:10:00,24700,CE,457.37,454.04,447.59,452.67,108,38542,0.1772
2025-08-26 10:10:00,24700,PE,1766.93,1741.05,1716.17,1721.61,127,35715,0.1752
2025-08-26 10:10:00,24750,CE,467.12,471.77,464.46,466.84,266,33124,0.1781
2025-08-26 10:10:00,24750,PE,1861.51,1874.46,1829.29,1830.98,106,35892,0.1755
2025-08-26 10:10:00,24800,CE,485.03,484.39,473.49,478.84,126,33235,0.1752
2025-08-26 10:10:00,24800,PE,1836.7,1848.47,1787.47,1817.77,93,33386,0.1762
2025-08-26 10:10:00,24850,CE,464.67,464.44,458.34,462.16,290,29584,0.1759
2025-08-26 10:10:00,24850,PE,1864.76,1906.3,1878.49,1879.55,175,31801,0.1763
2025-08-26 10:10:00,24900,CE,409.62,413.05,412.05,412.78,39,30554,0.1773
2025-08-26 10:10:00,24900,PE,1943.21,1926.32,1919.36,1924.57,81,31236,0.1784
2025-08-26 10:15:00,23500,CE,443.0,447.13,436.08,443.18,900,30973,0.175
2025-08-26 10:15:00,23500,PE,568.09,580.38,569.38,571.64,193,26004,0.1756
2025-08-26 10:15:00,23550,CE,469.82,478.75,466.46,469.3,1065,32552,0.1767
2025-08-26 10:15:00,23550,PE,636.66,645.36,628.69,637.99,764,28728,0.1759
2025-08-26 10:15:00,23600,CE,473.38,485.98,470.84,479.03,789,31572,0.1772
2025-08-26 10:15:00,23600,PE,665.06,679.05,666.12,667.89,473,34181,0.1778
2025-08-26 10:15:00,23650,CE,479.58,474.51,470.9,471.61,607,34598,0.1794
2025-08-26 10:15:00,23650,PE,789.61,799.72,795.71,798.01,196,34333,0.183
2025-08-26 10:15:00,23700,CE,463.11,469.03,463.67,465.18,520,37514,0.1798
2025-08-26 10:15:00,23700,PE,776.53,806.09,779.71,789.99,512,38316,0.1762
2025-08-26 10:15:00,23750,CE,454.18,455.3,455.05,455.21,30,37830,0.1786
2025-08-26 10:15:00,23750,PE,832.43,842.51,829.8,833.6,184,32056,0.1729
2025-08-26 10:15:00,23800,CE,446.0,449.22,438.4,447.83,497,38904,0.1748
2025-08-26 10:15:00,23800,PE,889.84,905.53,887.59,889.74,273,37936,0.1807
2025-08-26 10:15:00,23850,CE,447.46,446.57,444.57,444.83,265,43216,0.1768
2025-08-26 10:15:00,23850,PE,938.25,948.83,933.02,933.59,350,39423,0.1791
2025-08-26 10:15:00,23900,CE,449.0,442.71,435.17,439.94,126,46547,0.1763
2025-08-26 10:15:00,23900,PE,1007.78,999.02,971.43,990.68,427,43648,0.1785
2025-08-26 10:15:00,23950,CE,433.52,447.92,436.24,436.76,251,46048,0.1782
2025-08-26 10:15:00,23950,PE,1021.56,1046.46,1030.72,1036.29,495,51415,0.1808
2025-08-26 10:15:00,24000,CE,468.65,464.92,450.04,459.37,244,52496,0.1776
2025-08-26 10:15:00,24000,PE,1046.66,1050.96,1049.39,1050.16,453,50894,0.1764
2025-08-26 10:15:00,24050,CE,482.46,485.37,470.18,478.42,192,56767,0.1774
2025-08-26 10:15:00,24050,PE,1129.9,1129.48,1103.81,1123.45,162,60450,0.179
2025-08-26 10:15:00,24100,CE,413.95,426.19,412.45,417.51,145,60404,0.175
2025-08-26 10:15:00,24100,PE,1197.94,1209.71,1184.86,1204.22,42,62607,0.1777
2025-08-26 10:15:00,24150,CE,449.64,456.18,446.35,447.7,118,66971,0.178
2025-08-26 10:15:00,24150,PE,1252.5,1234.19,1230.73,1233.68,67,70491,0.1785
2025-08-26 10:15:00,24200,CE,490.05,499.69,490.72,498.88,215,79674,0.1796
2025-08-26 10:15:00,24200,PE,1315.88,1301.37,1278.62,1287.72,153,80971,0.1747
2025-08-26 10:15:00,24250,CE,437.83,448.23,442.5,442.56,220,78351,0.1748
2025-08-26 10:15:00,24250,PE,1326.83,1338.76,1327.72,1334.47,45,82371,0.179
2025-08-26 10:15:00,24300,CE,478.91,491.6,475.13,477.57,43,70383,0.1788
2025-08-26 10:15:00,24300,PE,1417.03,1433.94,1414.86,1417.17,327,70351,0.1792
2025-08-26 10:15:00,24350,CE,437.48,444.83,433.67,438.35,144,63785,0.1759
2025-08-26 10:15:00,24350,PE,1411.56,1419.39,1391.33,1413.26,330,61076,0.1761
2025-08-26 10:15:00,24400,CE,458.0,458.8,452.05,458.77,192,55172,0.1775
2025-08-26 10:15:00,24400,PE,1498.4,1501.51,1491.22,1493.14,17,59437,0.1762
2025-08-26 10:15:00,24450,CE,429.46,435.04,430.53,431.69,204,50779,0.1771
2025-08-26 10:15:00,24450,PE,1538.66,1554.39,1509.11,1533.85,268,50251,0.18
2025-08-26 10:15:00,24500,CE,466.07,471.88,467.66,467.8,289,48613,0.1808
2025-08-26 10:15:00,24500,PE,1627.69,1656.11,1589.65,1593.47,124,47131,0.1795
2025-08-26 10:15:00,24550,CE,437.21,435.21,430.93,432.71,166,42000,0.1763
2025-08-26 10:15:00,24550,PE,1635.7,1624.75,1596.98,1622.51,16,41331,0.1783
2025-08-26 10:15:00,24600,CE,480.54,482.05,472.46,475.03,158,43916,0.1743
2025-08-26 10:15:00,24600,PE,1665.16,1708.56,1657.72,1674.96,269,37335,0.1777
2025-08-26 10:15:00,24650,CE,441.46,448.89,444.78,446.11,40,40529,0.181
2025-08-26 10:15:00,24650,PE,1721.83,1712.6,1699.38,1708.91,158,36487,0.1762
2025-08-26 10:15:00,24700,CE,457.39,460.47,439.59,455.13,235,38356,0.1813
2025-08-26 10:15:00,24700,PE,1788.75,1829.21,1773.9,1783.45,57,35905,0.1795
2025-08-26 10:15:00,24750,CE,460.27,459.21,452.57,457.53,237,33455,0.1784
2025-08-26 10:15:00,24750,PE,1813.83,1823.12,1809.25,1821.2,86,36002,0.1804
2025-08-26 10:15:00,24800,CE,459.98,459.31,450.87,456.91,138,33678,0.1774
2025-08-26 10:15:00,24800,PE,1931.01,1922.48,1911.61,1920.62,59,33770,0.1782
2025-08-26 10:15:00,24850,CE,473.75,478.08,473.19,477.24,101,29725,0.1763
2025-08-26 10:15:00,24850,PE,1946.79,1926.49,1902.45,1919.93,144,31618,0.1752
2025-08-26 10:15:00,24900,CE,447.45,450.95,449.24,449.41,67,30390,0.1763
2025-08-26 10:15:00,24900,PE,1967.81,1988.23,1963.62,1977.45,169,31374,0.1743
2025-08-26 10:20:00,23500,CE,455.36,457.24,449.89,451.97,664,31160,0.1765
2025-08-26 10:20:00,23500,PE,606.64,617.95,611.13,612.61,70,25877,0.1767
2025-08-26 10:20:00,23550,CE,447.89,457.47,442.46,451.5,311,32429,0.1748
2025-08-26 10:20:00,23550,PE,696.73,714.91,692.48,702.15,374,28340,0.1785
2025-08-26 10:20:00,23600,CE,448.93,454.31,442.14,444.77,841,30972,0.1828
2025-08-26 10:20:00,23600,PE,717.56,735.12,709.46,717.54,524,34134,0.1787
2025-08-26 10:20:00,23650,CE,443.53,452.67,447.12,448.3,567,34995,0.176
2025-08-26 10:20:00,23650,PE,789.57,806.27,790.65,796.3,524,34652,0.1765
2025-08-26 10:20:00,23700,CE,446.14,456.74,440.5,442.78,211,38106,0.1789
2025-08-26 10:20:00,23700,PE,864.21,860.88,859.52,860.84,75,38519,0.1769
2025-08-26 10:20:00,23750,CE,440.48,439.41,427.7,435.51,110,37510,0.1751
2025-08-26 10:20:00,23750,PE,913.95,911.05,900.57,906.66,571,32268,0.1763
2025-08-26 10:20:00,23800,CE,436.77,436.92,435.7,435.97,413,39298,0.1772
2025-08-26 10:20:00,23800,PE,956.23,963.96,953.0,955.26,187,38105,0.1789
2025-08-26 10:20:00,23850,CE,443.34,443.82,430.86,439.01,130,43194,0.1761
2025-08-26 10:20:00,23850,PE,982.28,987.75,975.66,978.25,251,39565,0.178
2025-08-26 10:20:00,23900,CE,441.81,440.99,439.25,439.67,45,45977,0.1779
2025-08-26 10:20:00,23900,PE,1035.7,1051.67,1031.91,1034.12,27,43366,0.1764
2025-08-26 10:20:00,23950,CE,477.42,486.47,473.12,475.68,315,45637,0.1818
2025-08-26 10:20:00,23950,PE,1091.92,1109.92,1084.81,1094.66,536,51311,0.1818
2025-08-26 10:20:00,24000,CE,457.25,458.92,454.7,456.67,161,52967,0.1782
2025-08-26 10:20:00,24000,PE,1153.07,1156.89,1139.43,1153.53,96,50519,0.1765
2025-08-26 10:20:00,24050,CE,465.27,471.54,462.75,466.07,190,56252,0.1789
2025-08-26 10:20:00,24050,PE,1201.5,1205.69,1184.11,1194.78,335,60782,0.1757
2025-08-26 10:20:00,24100,CE,472.82,468.14,460.68,466.37,169,60845,0.1769
2025-08-26 10:20:00,24100,PE,1226.6,1237.41,1219.83,1228.05,10,62644,0.1755
2025-08-26 10:20:00,24150,CE,438.88,437.65,432.99,433.42,326,66822,0.1775
2025-08-26 10:20:00,24150,PE,1305.52,1309.41,1285.28,1308.06,421,70407,0.176
2025-08-26 10:20:00,24200,CE,440.18,448.55,442.92,447.63,391,79864,0.1781
2025-08-26 10:20:00,24200,PE,1347.91,1362.76,1318.66,1347.81,103,81368,0.1804
2025-08-26 10:20:00,24250,CE,461.23,458.49,454.66,456.73,19,77978,0.1789
2025-08-26 10:20:00,24250,PE,1385.08,1431.53,1388.84,1396.34,320,82853,0.182
2025-08-26 10:20:00,24300,CE,464.11,464.77,459.6,461.44,156,70571,0.1745
2025-08-26 10:20:00,24300,PE,1451.68,1452.42,1434.89,1447.46,275,70636,0.1803
2025-08-26 10:20:00,24350,CE,457.64,456.93,451.19,454.95,342,63289,0.1779
2025-08-26 10:20:00,24350,PE,1514.27,1507.28,1486.74,1488.8,77,61578,0.181
2025-08-26 10:20:00,24400,CE,462.32,461.17,456.28,456.7,200,55205,0.1774
2025-08-26 10:20:00,24400,PE,1554.77,1553.56,1547.57,1547.8,150,59271,0.1767
2025-08-26 10:20:00,24450,CE,475.94,477.93,474.42,475.95,90,50657,0.1792
2025-08-26 10:20:00,24450,PE,1568.83,1600.21,1579.69,1584.2,31,50002,0.1807
2025-08-26 10:20:00,24500,CE,453.75,451.66,442.43,446.38,337,48208,0.1754
2025-08-26 10:20:00,24500,PE,1667.61,1695.36,1644.42,1650.31,249,46572,0.1741
2025-08-26 10:20:00,24550,CE,430.99,447.34,430.32,435.65,242,41717,0.1796
2025-08-26 10:20:00,24550,PE,1719.82,1717.43,1708.31,1709.82,232,41326,0.1758
2025-08-26 10:20:00,24600,CE,466.23,466.85,462.55,465.93,247,44116,0.177
2025-08-26 10:20:00,24600,PE,1740.45,1760.69,1746.95,1757.44,179,37615,0.1772
2025-08-26 10:20:00,24650,CE,442.53,438.92,436.4,437.56,297,40643,0.1778
2025-08-26 10:20:00,24650,PE,1794.31,1807.39,1788.59,1796.95,57,36026,0.1776
2025-08-26 10:20:00,24700,CE,425.52,427.95,420.19,423.51,165,38273,0.1751
2025-08-26 10:20:00,24700,PE,1832.55,1883.67,1818.19,1832.06,183,36105,0.1771
2025-08-26 10:20:00,24750,CE,431.35,434.2,431.05,431.76,58,33746,0.1778
2025-08-26 10:20:00,24750,PE,1897.45,1922.49,1904.41,1914.03,287,35791,0.1777
2025-08-26 10:20:00,24800,CE,461.13,462.32,458.53,458.94,262,34192,0.1792
2025-08-26 10:20:00,24800,PE,1940.04,2005.29,1954.0,1963.65,120,34124,0.1774
2025-08-26 10:20:00,24850,CE,450.35,449.92,446.93,447.15,255,30147,0.1781
2025-08-26 10:20:00,24850,PE,1983.56,2035.6,1957.72,1985.22,109,31817,0.1764
2025-08-26 10:20:00,24900,CE,449.91,449.16,441.53,447.38,159,30286,0.177
2025-08-26 10:20:00,24900,PE,1999.43,2067.12,2009.09,2014.48,172,31895,0.1769
2025-08-26 10:25:00,23500,CE,446.93,449.17,445.34,447.36,43,31641,0.175
2025-08-26 10:25:00,23500,PE,650.99,659.78,649.23,651.7,392,26271,0.1773
2025-08-26 10:25:00,23550,CE,437.92,449.47,445.09,446.54,114,32898,0.1772
2025-08-26 10:25:00,23550,PE,733.34,743.29,723.41,727.58,429,28839,0.1815
2025-08-26 10:25:00,23600,CE,469.77,469.68,460.01,467.01,375,31267,0.1785
2025-08-26 10:25:00,23600,PE,764.07,776.55,762.51,768.99,518,33774,0.1792
2025-08-26 10:25:00,23650,CE,451.56,455.32,444.74,451.26,207,35041,0.1787
2025-08-26 10:25:00,23650,PE,792.77,799.44,790.59,796.44,391,34791,0.1773
2025-08-26 10:25:00,23700,CE,440.74,442.44,435.26,439.2,594,38434,0.1777
2025-08-26 10:25:00,23700,PE,858.99,857.78,854.25,857.62,54,38513,0.1735
2025-08-26 10:25:00,23750,CE,442.25,446.92,437.97,443.96,110,37525,0.1774
2025-08-26 10:25:00,23750,PE,907.97,906.12,897.4,904.01,371,32862,0.1818
2025-08-26 10:25:00,23800,CE,423.72,419.69,416.93,417.76,254,39240,0.1802
2025-08-26 10:25:00,23800,PE,927.1,935.4,919.04,928.94,332,37661,0.1787
2025-08-26 10:25:00,23850,CE,450.88,453.12,448.68,449.94,45,43445,0.176
2025-08-26 10:25:00,23850,PE,1005.07,1031.51,1003.34,1005.79,187,39400,0.1792
2025-08-26 10:25:00,23900,CE,444.83,446.53,442.76,446.17,562,45675,0.1779
2025-08-26 10:25:00,23900,PE,1035.6,1070.19,1027.11,1041.93,513,43520,0.1782
2025-08-26 10:25:00,23950,CE,405.78,405.26,400.53,401.44,148,46182,0.1765
2025-08-26 10:25:00,23950,PE,1081.65,1097.79,1068.77,1079.29,337,51086,0.1731
2025-08-26 10:25:00,24000,CE,436.7,448.54,440.45,443.36,234,52813,0.1762
2025-08-26 10:25:00,24000,PE,1163.57,1159.16,1134.76,1138.99,431,50477,0.1756
2025-08-26 10:25:00,24050,CE,469.78,466.97,464.31,466.24,25,56477,0.1782
2025-08-26 10:25:00,24050,PE,1197.62,1195.89,1182.22,1184.93,368,60657,0.1781
2025-08-26 10:25:00,24100,CE,439.45,443.09,441.53,441.78,426,60755,0.1778
2025-08-26 10:25:00,24100,PE,1227.58,1244.43,1223.27,1225.1,127,62885,0.175
2025-08-26 10:25:00,24150,CE,454.63,453.22,450.59,451.34,62,67404,0.1782
2025-08-26 10:25:00,24150,PE,1329.12,1343.56,1311.34,1311.84,304,70186,0.1773
2025-08-26 10:25:00,24200,CE,476.11,482.88,471.49,477.71,40,79966,0.179
2025-08-26 10:25:00,24200,PE,1361.09,1373.11,1323.76,1347.97,251,81721,0.1755
2025-08-26 10:25:00,24250,CE,436.04,446.55,431.24,439.19,119,77632,0.1728
2025-08-26 10:25:00,24250,PE,1419.44,1418.76,1413.49,1417.61,171,83234,0.1767
2025-08-26 10:25:00,24300,CE,414.97,420.91,416.2,416.77,354,70396,0.1761
2025-08-26 10:25:00,24300,PE,1438.01,1456.23,1411.31,1439.93,24,70169,0.177
2025-08-26 10:25:00,24350,CE,431.2,437.41,424.81,431.07,207,62718,0.1757
2025-08-26 10:25:00,24350,PE,1510.56,1559.31,1479.3,1506.42,273,61017,0.1772
2025-08-26 10:25:00,24400,CE,461.01,465.96,457.55,461.78,156,55562,0.1775
2025-08-26 10:25:00,24400,PE,1575.62,1591.12,1569.68,1576.9,172,59480,0.1781
2025-08-26 10:25:00,24450,CE,438.73,445.74,442.29,445.61,120,51009,0.1783
2025-08-26 10:25:00,24450,PE,1607.84,1631.15,1593.43,1607.32,152,50305,0.1811
2025-08-26 10:25:00,24500,CE,453.08,461.53,439.87,449.13,321,48065,0.1755
2025-08-26 10:25:00,24500,PE,1585.79,1639.08,1586.4,1600.82,82,47091,0.1761
2025-08-26 10:25:00,24550,CE,449.24,455.59,447.53,451.22,223,42170,0.1767
2025-08-26 10:25:00,24550,PE,1716.16,1764.92,1715.58,1725.38,126,41144,0.1802
2025-08-26 10:25:00,24600,CE,420.21,427.32,422.4,422.58,43,44443,0.1756
2025-08-26 10:25:00,24600,PE,1756.4,1769.25,1710.39,1760.9,267,37998,0.1764
2025-08-26 10:25:00,24650,CE,451.46,452.19,440.14,447.85,92,40629,0.1818
2025-08-26 10:25:00,24650,PE,1807.32,1810.33,1784.08,1786.35,153,35570,0.1767
2025-08-26 10:25:00,24700,CE,436.86,443.37,437.78,439.65,4,38073,0.1749
2025-08-26 10:25:00,24700,PE,1824.31,1883.28,1832.83,1855.86,154,36691,0.1776
2025-08-26 10:25:00,24750,CE,456.54,466.39,461.18,462.05,252,34005,0.1758
2025-08-26 10:25:00,24750,PE,1909.4,1923.71,1851.68,1878.73,278,36120,0.175
2025-08-26 10:25:00,24800,CE,413.96,411.7,410.66,410.84,149,34686,0.1754
2025-08-26 10:25:00,24800,PE,1972.99,1983.73,1953.46,1956.53,258,33767,0.1774
2025-08-26 10:25:00,24850,CE,462.41,463.11,459.61,460.56,80,30709,0.1803
2025-08-26 10:25:00,24850,PE,2015.98,2058.8,2007.55,2010.12,6,31838,0.1737
2025-08-26 10:25:00,24900,CE,467.71,468.99,463.35,466.91,104,30579,0.1747
2025-08-26 10:25:00,24900,PE,2018.73,2060.21,2002.82,2037.55,254,31676,0.1758
2025-08-26 10:30:00,23500,CE,471.46,477.35,476.47,476.76,274,31436,0.1807
2025-08-26 10:30:00,23500,PE,591.68,600.67,593.09,595.2,845,26102,0.18
2025-08-26 10:30:00,23550,CE,456.85,464.69,457.88,459.63,681,32715,0.1812
2025-08-26 10:30:00,23550,PE,636.25,641.99,630.98,637.08,782,28314,0.1801
2025-08-26 10:30:00,23600,CE,435.11,435.88,430.78,431.4,336,31038,0.1779
2025-08-26 10:30:00,23600,PE,716.61,716.92,706.68,709.72,574,33950,0.1759
2025-08-26 10:30:00,23650,CE,462.96,458.83,451.56,458.56,635,35523,0.1801
2025-08-26 10:30:00,23650,PE,737.55,742.12,727.69,736.93,694,34240,0.1761
2025-08-26 10:30:00,23700,CE,483.14,484.42,476.21,481.87,545,37853,0.1812
2025-08-26 10:30:00,23700,PE,783.71,795.01,776.56,782.88,338,38623,0.1807
2025-08-26 10:30:00,23750,CE,415.11,423.0,415.63,419.98,244,37764,0.1771
2025-08-26 10:30:00,23750,PE,867.73,855.53,851.7,854.65,591,32991,0.1794
2025-08-26 10:30:00,23800,CE,453.23,456.54,451.5,455.73,367,39807,0.1777
2025-08-26 10:30:00,23800,PE,910.41,932.19,898.57,904.74,453,37335,0.1773
2025-08-26 10:30:00,23850,CE,468.22,476.16,467.47,468.21,426,43422,0.1799
2025-08-26 10:30:00,23850,PE,954.95,956.05,936.92,942.26,25,39899,0.1805
2025-08-26 10:30:00,23900,CE,436.7,441.0,436.54,439.48,483,45815,0.1763
2025-08-26 10:30:00,23900,PE,1016.19,1024.49,1005.36,1017.11,410,43612,0.1809
2025-08-26 10:30:00,23950,CE,469.68,481.21,466.68,475.72,202,46701,0.1799
2025-08-26 10:30:00,23950,PE,1062.14,1071.56,1055.54,1058.92,320,50892,0.1792
2025-08-26 10:30:00,24000,CE,465.07,473.14,469.33,471.0,372,52401,0.176
2025-08-26 10:30:00,24000,PE,1093.59,1101.68,1089.53,1090.23,178,50032,0.1781
2025-08-26 10:30:00,24050,CE,466.12,473.35,459.84,464.78,51,56863,0.1805
2025-08-26 10:30:00,24050,PE,1153.76,1164.74,1137.43,1144.67,228,61085,0.1786
2025-08-26 10:30:00,24100,CE,456.29,455.35,450.96,451.82,313,60435,0.1783
2025-08-26 10:30:00,24100,PE,1198.83,1205.01,1180.31,1199.34,109,62833,0.1775
2025-08-26 10:30:00,24150,CE,445.0,453.57,445.88,447.85,50,67505,0.1783
2025-08-26 10:30:00,24150,PE,1286.99,1299.5,1288.08,1293.95,217,69752,0.1781
2025-08-26 10:30:00,24200,CE,427.07,424.88,418.04,424.31,236,80384,0.1748
2025-08-26 10:30:00,24200,PE,1330.9,1340.19,1330.64,1335.88,404,81623,0.1809
2025-08-26 10:30:00,24250,CE,444.11,450.44,436.93,446.56,37,78068,0.172
2025-08-26 10:30:00,24250,PE,1377.07,1379.29,1365.03,1368.14,237,83546,0.1785
2025-08-26 10:30:00,24300,CE,458.8,462.29,451.89,454.02,24,70149,0.1784
2025-08-26 10:30:00,24300,PE,1395.55,1439.83,1410.05,1423.73,121,70428,0.1793
2025-08-26 10:30:00,24350,CE,464.08,465.02,456.49,464.96,268,63006,0.1775
2025-08-26 10:30:00,24350,PE,1484.34,1496.05,1465.01,1470.66,159,60790,0.1788
2025-08-26 10:30:00,24400,CE,442.43,447.55,442.29,443.06,76,55266,0.1799
2025-08-26 10:30:00,24400,PE,1500.24,1540.3,1511.88,1513.35,67,59868,0.1775
2025-08-26 10:30:00,24450,CE,457.85,459.01,452.21,455.85,248,51222,0.18
2025-08-26 10:30:00,24450,PE,1534.33,1543.62,1531.9,1538.49,322,50592,0.1774
2025-08-26 10:30:00,24500,CE,436.84,439.75,433.07,435.14,116,47840,0.1767
2025-08-26 10:30:00,24500,PE,1573.71,1627.64,1586.88,1588.68,49,47357,0.1772
2025-08-26 10:30:00,24550,CE,485.25,485.0,481.58,481.97,296,42427,0.1811
2025-08-26 10:30:00,24550,PE,1670.22,1671.02,1662.33,1668.45,162,40943,0.1781
2025-08-26 10:30:00,24600,CE,446.56,440.76,438.88,440.48,146,44167,0.1749
2025-08-26 10:30:00,24600,PE,1738.88,1731.4,1684.77,1721.61,58,37915,0.1751
2025-08-26 10:30:00,24650,CE,480.38,481.14,475.73,477.38,79,40915,0.1768
2025-08-26 10:30:00,24650,PE,1749.84,1761.28,1712.13,1727.31,288,35202,0.1737
2025-08-26 10:30:00,24700,CE,421.57,448.07,429.74,432.24,6,38522,0.1751
2025-08-26 10:30:00,24700,PE,1812.8,1824.19,1788.93,1813.76,93,36397,0.1776
2025-08-26 10:30:00,24750,CE,441.01,452.81,441.52,445.32,255,34412,0.1778
2025-08-26 10:30:00,24750,PE,1842.46,1886.4,1812.53,1850.87,175,35706,0.1779
2025-08-26 10:30:00,24800,CE,443.99,446.9,444.24,446.7,205,34973,0.1746
2025-08-26 10:30:00,24800,PE,1890.57,1899.89,1873.14,1892.47,131,33840,0.1754
2025-08-26 10:30:00,24850,CE,463.77,461.84,456.54,461.35,153,30902,0.1767
2025-08-26 10:30:00,24850,PE,1938.87,1963.89,1918.51,1934.7,147,32406,0.1733
2025-08-26 10:30:00,24900,CE,452.36,456.65,454.2,454.4,13,30042,0.1776
2025-08-26 10:30:00,24900,PE,1987.18,2018.61,1967.93,2010.65,45,31254,0.1754
2025-08-26 10:35:00,23500,CE,443.44,443.91,434.98,439.49,668,30930,0.1782
2025-08-26 10:35:00,23500,PE,543.34,541.7,537.04,539.22,269,26125,0.1794
2025-08-26 10:35:00,23550,CE,449.09,464.93,447.68,452.54,1050,33078,0.1791
2025-08-26 10:35:00,23550,PE,640.11,645.55,641.99,642.17,267,27779,0.178
2025-08-26 10:35:00,23600,CE,443.38,447.26,440.48,446.47,776,31373,0.1757
2025-08-26 10:35:00,23600,PE,640.3,639.25,634.99,637.65,970,33869,0.1798
2025-08-26 10:35:00,23650,CE,452.99,455.41,448.2,455.31,69,36052,0.1809
2025-08-26 10:35:00,23650,PE,692.99,707.75,700.16,706.48,282,34099,0.1778
2025-08-26 10:35:00,23700,CE,462.11,469.03,460.21,463.58,366,38434,0.1768
2025-08-26 10:35:00,23700,PE,767.09,767.24,757.79,765.8,321,38690,0.1807
2025-08-26 10:35:00,23750,CE,406.62,409.74,398.93,407.57,407,38351,0.1749
2025-08-26 10:35:00,23750,PE,836.52,848.14,831.13,838.69,757,33149,0.18
2025-08-26 10:35:00,23800,CE,458.07,462.82,456.42,458.08,88,39622,0.1762
2025-08-26 10:35:00,23800,PE,804.27,811.85,802.62,811.57,494,37699,0.1751
2025-08-26 10:35:00,23850,CE,457.68,466.52,460.05,464.07,518,43406,0.1784
2025-08-26 10:35:00,23850,PE,899.4,909.81,899.54,901.2,463,39669,0.1758
2025-08-26 10:35:00,23900,CE,450.17,459.64,451.44,453.78,411,45789,0.1769
2025-08-26 10:35:00,23900,PE,942.49,952.3,943.63,944.18,442,44058,0.178
2025-08-26 10:35:00,23950,CE,460.89,471.33,457.98,459.51,496,46979,0.178
2025-08-26 10:35:00,23950,PE,1030.34,1022.04,1006.18,1017.7,465,50500,0.1776
2025-08-26 10:35:00,24000,CE,432.93,434.66,429.56,431.46,112,52807,0.1784
2025-08-26 10:35:00,24000,PE,1041.17,1067.14,1056.52,1060.3,311,49949,0.1791
2025-08-26 10:35:00,24050,CE,400.13,408.47,403.49,404.34,360,56362,0.1756
2025-08-26 10:35:00,24050,PE,1098.91,1111.26,1103.49,1108.49,96,60661,0.1767
2025-08-26 10:35:00,24100,CE,461.41,475.97,465.11,468.33,292,59914,0.1788
2025-08-26 10:35:00,24100,PE,1119.57,1121.67,1109.47,1120.96,30,63044,0.1783
2025-08-26 10:35:00,24150,CE,438.17,437.96,433.08,433.63,359,67214,0.1746
2025-08-26 10:35:00,24150,PE,1174.1,1214.21,1193.44,1197.22,338,69267,0.1781
2025-08-26 10:35:00,24200,CE,438.15,441.48,437.98,439.21,194,80222,0.1762
2025-08-26 10:35:00,24200,PE,1301.4,1289.25,1288.33,1288.49,165,82063,0.1793
2025-08-26 10:35:00,24250,CE,429.13,427.88,426.31,427.04,41,78222,0.174
2025-08-26 10:35:00,24250,PE,1330.15,1332.8,1295.66,1304.3,126,83529,0.1764
2025-08-26 10:35:00,24300,CE,447.51,451.69,448.21,448.26,90,70428,0.1767
2025-08-26 10:35:00,24300,PE,1347.19,1362.7,1351.85,1353.99,32,69919,0.1761
2025-08-26 10:35:00,24350,CE,447.24,445.9,436.93,442.59,138,63465,0.1785
2025-08-26 10:35:00,24350,PE,1380.69,1437.77,1398.18,1406.73,16,60403,0.1766
2025-08-26 10:35:00,24400,CE,451.46,452.08,450.49,451.48,195,54691,0.1804
2025-08-26 10:35:00,24400,PE,1481.8,1504.89,1456.71,1458.67,211,59702,0.1766
2025-08-26 10:35:00,24450,CE,457.68,471.14,456.86,464.77,244,50692,0.1793
2025-08-26 10:35:00,24450,PE,1526.13,1535.48,1527.15,1531.98,71,50192,0.1769
2025-08-26 10:35:00,24500,CE,440.27,441.8,435.5,441.2,268,48126,0.1767
2025-08-26 10:35:00,24500,PE,1515.11,1523.76,1509.43,1519.86,47,47242,0.1769
2025-08-26 10:35:00,24550,CE,450.6,453.09,445.97,447.34,247,41835,0.1757
2025-08-26 10:35:00,24550,PE,1585.49,1613.67,1599.36,1601.45,40,41115,0.1765
2025-08-26 10:35:00,24600,CE,421.84,421.11,416.45,419.39,193,44415,0.1761
2025-08-26 10:35:00,24600,PE,1654.63,1638.86,1632.06,1634.48,160,38397,0.176
2025-08-26 10:35:00,24650,CE,445.84,449.0,440.64,443.39,45,40500,0.1749
2025-08-26 10:35:00,24650,PE,1700.89,1737.36,1691.91,1694.7,209,35630,0.1774
2025-08-26 10:35:00,24700,CE,426.42,434.16,422.19,429.97,12,38772,0.1739
2025-08-26 10:35:00,24700,PE,1778.68,1793.36,1758.09,1765.34,308,36473,0.1782
2025-08-26 10:35:00,24750,CE,448.02,455.88,444.37,448.25,255,34126,0.1747
2025-08-26 10:35:00,24750,PE,1787.31,1819.39,1790.43,1797.62,247,35655,0.1793
2025-08-26 10:35:00,24800,CE,414.11,410.21,409.27,409.79,92,34610,0.1757
2025-08-26 10:35:00,24800,PE,1863.5,1853.69,1828.31,1843.44,254,34101,0.1766
2025-08-26 10:35:00,24850,CE,443.42,449.2,443.79,445.67,228,31146,0.1803
2025-08-26 10:35:00,24850,PE,1921.78,1958.39,1884.11,1916.54,77,32035,0.1777
2025-08-26 10:35:00,24900,CE,437.52,432.77,428.31,428.96,183,29745,0.175
2025-08-26 10:35:00,24900,PE,1961.99,1964.63,1943.89,1962.67,183,31735,0.1801
2025-08-26 10:40:00,23500,CE,440.15,448.41,439.71,441.25,800,30896,0.1786
2025-08-26 10:40:00,23500,PE,666.72,668.71,653.05,664.69,967,26186,0.1782
2025-08-26 10:40:00,23550,CE,441.14,450.51,443.32,448.76,459,33628,0.1802
2025-08-26 10:40:00,23550,PE,679.07,682.81,675.75,676.95,332,27427,0.1795
2025-08-26 10:40:00,23600,CE,466.07,475.97,465.98,466.06,133,31525,0.1776
2025-08-26 10:40:00,23600,PE,738.01,735.32,729.83,732.99,454,34197,0.1791
2025-08-26 10:40:00,23650,CE,436.85,445.78,435.72,443.63,129,35835,0.1817
2025-08-26 10:40:00,23650,PE,792.92,817.54,790.95,802.36,108,33869,0.1787
2025-08-26 10:40:00,23700,CE,452.23,462.26,452.89,457.15,716,38910,0.1764
2025-08-26 10:40:00,23700,PE,816.68,822.85,818.05,819.82,376,38209,0.1776
2025-08-26 10:40:00,23750,CE,439.34,446.62,440.18,441.49,690,37939,0.1746
2025-08-26 10:40:00,23750,PE,886.67,902.02,878.18,887.03,80,33042,0.1752
2025-08-26 10:40:00,23800,CE,446.89,450.19,444.09,445.9,611,39980,0.1775
2025-08-26 10:40:00,23800,PE,955.87,981.04,950.41,959.02,240,37644,0.1817
2025-08-26 10:40:00,23850,CE,489.1,486.26,479.18,483.23,46,43130,0.179
2025-08-26 10:40:00,23850,PE,962.96,980.1,966.94,968.39,411,39573,0.1807
2025-08-26 10:40:00,23900,CE,440.63,436.9,432.46,436.2,562,45723,0.1769
2025-08-26 10:40:00,23900,PE,1048.74,1055.87,1045.45,1047.56,487,44330,0.1811
2025-08-26 10:40:00,23950,CE,473.83,474.23,471.49,473.48,280,47421,0.1796
2025-08-26 10:40:00,23950,PE,1097.26,1098.31,1078.18,1092.78,474,50285,0.1765
2025-08-26 10:40:00,24000,CE,444.84,446.83,444.25,444.9,149,53057,0.179
2025-08-26 10:40:00,24000,PE,1165.46,1183.15,1163.57,1169.06,22,50190,0.1752
2025-08-26 10:40:00,24050,CE,470.76,477.36,472.15,473.36,217,56682,0.1794
2025-08-26 10:40:00,24050,PE,1172.68,1181.44,1157.9,1173.27,70,60751,0.1773
2025-08-26 10:40:00,24100,CE,433.36,437.98,431.7,436.96,253,59331,0.1782
2025-08-26 10:40:00,24100,PE,1243.73,1262.1,1241.99,1242.46,248,63231,0.1785
2025-08-26 10:40:00,24150,CE,446.81,454.92,453.39,454.74,185,67348,0.1782
2025-08-26 10:40:00,24150,PE,1258.69,1279.34,1263.65,1274.69,150,69400,0.1773
2025-08-26 10:40:00,24200,CE,455.64,458.97,453.78,456.27,109,79959,0.1791
2025-08-26 10:40:00,24200,PE,1305.96,1316.35,1305.11,1313.42,36,81580,0.1765
2025-08-26 10:40:00,24250,CE,422.52,433.33,425.19,428.09,61,77849,0.178
2025-08-26 10:40:00,24250,PE,1401.22,1413.88,1402.77,1403.81,296,83188,0.1769
2025-08-26 10:40:00,24300,CE,481.37,484.83,481.04,481.48,143,70036,0.1757
2025-08-26 10:40:00,24300,PE,1424.65,1447.73,1404.39,1421.81,170,69612,0.1756
2025-08-26 10:40:00,24350,CE,458.3,456.88,452.72,456.7,128,62947,0.1759
2025-08-26 10:40:00,24350,PE,1506.91,1499.71,1478.88,1486.92,194,60126,0.1815
2025-08-26 10:40:00,24400,CE,423.94,427.93,422.15,427.05,239,55288,0.174
2025-08-26 10:40:00,24400,PE,1530.14,1557.2,1532.88,1535.95,180,59715,0.1758
2025-08-26 10:40:00,24450,CE,445.24,460.16,453.17,453.23,293,50505,0.1748
2025-08-26 10:40:00,24450,PE,1576.19,1587.61,1569.98,1573.61,54,50456,0.1779
2025-08-26 10:40:00,24500,CE,425.15,434.87,422.52,424.34,222,48089,0.1764
2025-08-26 10:40:00,24500,PE,1635.68,1647.96,1616.69,1637.97,134,46677,0.1797
2025-08-26 10:40:00,24550,CE,447.69,448.64,442.41,447.98,185,41891,0.1782
2025-08-26 10:40:00,24550,PE,1710.89,1691.08,1681.68,1688.9,172,40879,0.1785
2025-08-26 10:40:00,24600,CE,463.73,460.55,453.31,457.53,52,44500,0.1795
2025-08-26 10:40:00,24600,PE,1732.48,1766.66,1729.55,1730.72,199,38004,0.1753
2025-08-26 10:40:00,24650,CE,456.48,459.83,455.79,458.72,41,40479,0.1769
2025-08-26 10:40:00,24650,PE,1793.51,1807.88,1782.76,1792.01,19,35262,0.178
2025-08-26 10:40:00,24700,CE,456.73,459.26,452.29,457.97,192,38530,0.1783
2025-08-26 10:40:00,24700,PE,1837.49,1868.46,1831.06,1841.67,140,36697,0.1757
2025-08-26 10:40:00,24750,CE,450.52,453.08,448.72,451.98,55,33799,0.1794
2025-08-26 10:40:00,24750,PE,1916.23,1909.59,1878.13,1900.35,89,35555,0.1764
2025-08-26 10:40:00,24800,CE,428.31,429.16,418.03,426.26,160,34097,0.1753
2025-08-26 10:40:00,24800,PE,1933.92,2014.41,1956.71,1964.07,136,34325,0.175
2025-08-26 10:40:00,24850,CE,458.32,468.48,455.1,457.08,234,31192,0.1771
2025-08-26 10:40:00,24850,PE,2028.72,2033.48,2013.09,2023.99,173,32411,0.178
2025-08-26 10:40:00,24900,CE,423.03,427.61,425.7,426.28,195,29787,0.1751
2025-08-26 10:40:00,24900,PE,2035.32,2077.33,2046.49,2058.47,153,32328,0.1772
2025-08-26 10:45:00,23500,CE,574.68,586.46,579.99,580.11,989,30585,0.1781
2025-08-26 10:45:00,23500,PE,447.47,449.88,440.61,444.47,602,26476,0.1798
2025-08-26 10:45:00,23550,CE,559.5,579.78,564.94,572.17,793,33546,0.1815
2025-08-26 10:45:00,23550,PE,435.27,440.82,437.79,438.92,919,27278,0.1769
2025-08-26 10:45:00,23600,CE,476.28,484.69,473.4,474.88,1202,31802,0.1787
2025-08-26 10:45:00,23600,PE,464.51,481.85,463.86,469.64,1582,34743,0.1783
2025-08-26 10:45:00,23650,CE,456.12,465.62,457.57,458.23,1114,36141,0.1772
2025-08-26 10:45:00,23650,PE,534.27,542.62,536.01,540.76,1206,33665,0.1796
2025-08-26 10:45:00,23700,CE,453.6,456.58,451.75,454.92,1234,38921,0.175
2025-08-26 10:45:00,23700,PE,533.58,537.92,534.67,535.46,1170,37869,0.1739
2025-08-26 10:45:00,23750,CE,438.05,452.45,438.13,442.33,381,38083,0.1775
2025-08-26 10:45:00,23750,PE,640.11,638.77,629.72,634.55,694,32925,0.1759
2025-08-26 10:45:00,23800,CE,404.01,401.09,397.31,398.68,248,39653,0.1739
2025-08-26 10:45:00,23800,PE,676.99,681.59,675.55,675.6,775,37069,0.1793
2025-08-26 10:45:00,23850,CE,482.63,489.46,476.19,488.55,128,43640,0.1779
2025-08-26 10:45:00,23850,PE,684.11,679.93,677.57,679.93,939,39067,0.179
2025-08-26 10:45:00,23900,CE,442.23,462.58,442.02,446.16,136,45518,0.1784
2025-08-26 10:45:00,23900,PE,718.76,719.43,712.54,719.33,518,43958,0.1781
2025-08-26 10:45:00,23950,CE,442.66,445.37,441.24,442.37,790,47413,0.1793
2025-08-26 10:45:00,23950,PE,830.13,825.37,815.22,816.55,438,49918,0.1752
2025-08-26 10:45:00,24000,CE,451.09,452.41,443.63,447.8,237,53340,0.1766
2025-08-26 10:45:00,24000,PE,886.22,905.12,888.33,888.7,475,49859,0.1803
2025-08-26 10:45:00,24050,CE,467.12,468.07,457.77,464.38,312,56304,0.1757
2025-08-26 10:45:00,24050,PE,884.3,901.81,883.88,895.05,289,60411,0.1756
2025-08-26 10:45:00,24100,CE,470.06,478.0,471.47,477.01,634,59088,0.1792
2025-08-26 10:45:00,24100,PE,933.02,932.07,930.82,931.85,312,63401,0.177
2025-08-26 10:45:00,24150,CE,467.36,472.93,470.46,471.42,34,66999,0.1745
2025-08-26 10:45:00,24150,PE,1055.25,1075.63,1044.21,1046.39,601,69636,0.1801
2025-08-26 10:45:00,24200,CE,437.53,447.66,439.08,443.83,145,79875,0.1786
2025-08-26 10:45:00,24200,PE,1026.75,1037.64,1016.24,1029.24,493,81216,0.1756
2025-08-26 10:45:00,24250,CE,436.06,445.78,439.46,442.94,168,77537,0.1776
2025-08-26 10:45:00,24250,PE,1103.53,1125.46,1099.86,1103.65,363,83220,0.1762
2025-08-26 10:45:00,24300,CE,460.46,459.45,453.14,457.97,261,69890,0.175
2025-08-26 10:45:00,24300,PE,1190.41,1180.69,1178.96,1180.25,174,69628,0.1764
2025-08-26 10:45:00,24350,CE,457.47,457.85,452.3,456.06,392,63322,0.1778
2025-08-26 10:45:00,24350,PE,1192.87,1185.25,1180.19,1182.58,385,59580,0.1763
2025-08-26 10:45:00,24400,CE,447.45,450.07,447.51,448.68,232,55160,0.1809
2025-08-26 10:45:00,24400,PE,1240.29,1252.86,1234.27,1250.62,436,59613,0.177
2025-08-26 10:45:00,24450,CE,449.82,451.22,446.65,447.76,115,50206,0.1782
2025-08-26 10:45:00,24450,PE,1286.09,1330.08,1292.48,1305.45,92,50386,0.1826
2025-08-26 10:45:00,24500,CE,469.09,469.61,457.47,460.81,117,48168,0.1802
2025-08-26 10:45:00,24500,PE,1337.04,1359.37,1333.97,1347.84,103,46778,0.1756
2025-08-26 10:45:00,24550,CE,468.98,476.98,463.55,468.48,254,42094,0.179
2025-08-26 10:45:00,24550,PE,1397.89,1427.86,1399.99,1409.1,362,40371,0.1775
2025-08-26 10:45:00,24600,CE,442.93,447.74,435.93,442.83,26,44452,0.1743
2025-08-26 10:45:00,24600,PE,1450.07,1460.88,1430.51,1451.61,206,38313,0.1783
2025-08-26 10:45:00,24650,CE,460.86,460.52,457.66,458.32,90,40425,0.1766
2025-08-26 10:45:00,24650,PE,1497.19,1528.14,1510.13,1515.41,233,35449,0.1779
2025-08-26 10:45:00,24700,CE,451.0,459.92,449.35,452.09,200,38638,0.1808
2025-08-26 10:45:00,24700,PE,1549.45,1539.73,1535.31,1536.88,64,36654,0.1787
2025-08-26 10:45:00,24750,CE,473.55,475.58,463.04,468.23,193,33293,0.1764
2025-08-26 10:45:00,24750,PE,1617.82,1645.44,1595.81,1602.62,340,35714,0.1786
2025-08-26 10:45:00,24800,CE,430.87,443.74,436.81,439.65,245,34138,0.1799
2025-08-26 10:45:00,24800,PE,1617.66,1621.03,1606.69,1615.05,316,33731,0.172
2025-08-26 10:45:00,24850,CE,460.85,466.41,458.76,461.0,314,30840,0.1784
2025-08-26 10:45:00,24850,PE,1694.62,1724.54,1686.48,1702.58,291,31884,0.1782
2025-08-26 10:45:00,24900,CE,428.52,443.11,428.28,430.03,103,29871,0.1764
2025-08-26 10:45:00,24900,PE,1727.36,1754.78,1728.05,1729.89,210,31746,0.176
2025-08-26 10:50:00,23500,CE,556.86,564.04,557.49,557.78,487,30995,0.1749
2025-08-26 10:50:00,23500,PE,481.16,484.21,471.95,477.94,259,27012,0.1807
2025-08-26 10:50:00,23550,CE,513.17,518.91,515.19,516.71,1086,34116,0.1795
2025-08-26 10:50:00,23550,PE,460.19,472.64,465.41,465.54,1374,26949,0.1789
2025-08-26 10:50:00,23600,CE,495.5,493.48,492.17,492.66,1688,31796,0.1775
2025-08-26 10:50:00,23600,PE,452.04,461.83,454.05,457.21,484,35212,0.175
2025-08-26 10:50:00,23650,CE,502.79,502.74,497.42,500.23,733,36365,0.1782
2025-08-26 10:50:00,23650,PE,530.97,529.43,525.94,528.2,943,33423,0.1817
2025-08-26 10:50:00,23700,CE,445.88,448.94,445.18,448.42,1304,39321,0.1772
2025-08-26 10:50:00,23700,PE,578.92,588.17,574.98,580.42,712,37957,0.1766
2025-08-26 10:50:00,23750,CE,467.86,469.76,463.79,466.43,99,38358,0.1769
2025-08-26 10:50:00,23750,PE,573.83,579.3,578.34,578.36,1067,33488,0.1782
2025-08-26 10:50:00,23800,CE,449.1,456.56,451.25,455.06,595,40250,0.1786
2025-08-26 10:50:00,23800,PE,650.45,652.22,635.15,645.1,840,37074,0.1753
2025-08-26 10:50:00,23850,CE,455.12,462.61,454.48,458.7,762,43227,0.1767
2025-08-26 10:50:00,23850,PE,682.91,687.61,679.21,681.71,646,39210,0.1761
2025-08-26 10:50:00,23900,CE,470.94,470.05,462.96,469.86,434,45690,0.1793
2025-08-26 10:50:00,23900,PE,765.63,785.81,763.61,767.24,740,44044,0.178
2025-08-26 10:50:00,23950,CE,485.86,488.36,479.54,480.79,310,47319,0.1783
2025-08-26 10:50:00,23950,PE,832.18,852.0,830.94,833.07,458,50015,0.1769
2025-08-26 10:50:00,24000,CE,449.66,453.5,448.46,452.37,239,53380,0.1788
2025-08-26 10:50:00,24000,PE,880.39,880.54,871.94,873.32,220,50392,0.1814
2025-08-26 10:50:00,24050,CE,498.4,494.89,490.35,494.13,373,56709,0.1791
2025-08-26 10:50:00,24050,PE,917.37,917.5,896.67,904.44,267,60283,0.1776
2025-08-26 10:50:00,24100,CE,480.84,486.62,480.71,482.66,193,59173,0.1808
2025-08-26 10:50:00,24100,PE,984.98,977.11,966.19,975.75,400,63480,0.1823
2025-08-26 10:50:00,24150,CE,441.67,444.35,440.25,440.51,507,67011,0.1766
2025-08-26 10:50:00,24150,PE,1002.75,1001.97,991.35,997.52,498,69105,0.1746
2025-08-26 10:50:00,24200,CE,420.39,428.2,422.65,423.83,211,80130,0.1775
2025-08-26 10:50:00,24200,PE,1069.49,1091.89,1069.13,1071.92,224,81493,0.1749
2025-08-26 10:50:00,24250,CE,433.44,437.99,433.61,436.68,322,77518,0.1783
2025-08-26 10:50:00,24250,PE,1141.12,1133.63,1104.73,1125.87,304,83701,0.1791
2025-08-26 10:50:00,24300,CE,449.83,449.28,444.08,447.18,350,70470,0.1756
2025-08-26 10:50:00,24300,PE,1138.51,1152.42,1133.76,1144.39,56,70003,0.1802
2025-08-26 10:50:00,24350,CE,450.25,458.3,456.41,456.61,434,63835,0.1765
2025-08-26 10:50:00,24350,PE,1217.86,1224.45,1205.48,1221.28,266,59565,0.1767
2025-08-26 10:50:00,24400,CE,443.56,448.87,439.55,445.74,274,55657,0.178
2025-08-26 10:50:00,24400,PE,1229.61,1244.62,1236.52,1242.03,403,60135,0.1787
2025-08-26 10:50:00,24450,CE,435.64,442.15,436.58,438.57,430,50354,0.1788
2025-08-26 10:50:00,24450,PE,1321.09,1346.75,1305.53,1311.16,120,49966,0.1753
2025-08-26 10:50:00,24500,CE,464.81,477.89,463.71,466.35,381,47750,0.178
2025-08-26 10:50:00,24500,PE,1333.04,1341.71,1321.75,1337.91,36,46744,0.1746
2025-08-26 10:50:00,24550,CE,462.09,471.98,461.25,462.73,304,42376,0.1757
2025-08-26 10:50:00,24550,PE,1434.05,1453.62,1432.08,1435.09,108,40372,0.1803
2025-08-26 10:50:00,24600,CE,430.47,431.73,427.78,431.09,350,44811,0.1737
2025-08-26 10:50:00,24600,PE,1436.92,1456.02,1443.97,1448.36,359,38636,0.1771
2025-08-26 10:50:00,24650,CE,489.86,491.09,476.67,483.02,39,40069,0.1783
2025-08-26 10:50:00,24650,PE,1491.78,1498.8,1487.18,1489.47,68,35008,0.1806
2025-08-26 10:50:00,24700,CE,441.48,447.55,439.47,443.35,312,38885,0.1753
2025-08-26 10:50:00,24700,PE,1563.52,1568.84,1539.53,1565.59,332,36438,0.1767
2025-08-26 10:50:00,24750,CE,447.15,458.33,446.9,449.24,343,33810,0.1759
2025-08-26 10:50:00,24750,PE,1600.75,1606.88,1579.42,1585.52,42,36156,0.177
2025-08-26 10:50:00,24800,CE,488.18,489.03,482.47,485.44,42,34079,0.1797
2025-08-26 10:50:00,24800,PE,1639.26,1677.95,1620.7,1637.88,65,33827,0.1778
2025-08-26 10:50:00,24850,CE,447.26,452.0,446.73,450.84,11,31256,0.175
2025-08-26 10:50:00,24850,PE,1680.85,1702.16,1694.97,1700.5,158,32329,0.1776
2025-08-26 10:50:00,24900,CE,422.7,430.32,420.54,425.67,140,29939,0.1761
2025-08-26 10:50:00,24900,PE,1748.99,1777.66,1736.05,1753.98,235,32312,0.1744
2025-08-26 10:55:00,23500,CE,589.19,597.49,590.1,593.11,475,31020,0.1785
2025-08-26 10:55:00,23500,PE,468.31,477.79,471.27,472.03,414,26461,0.1778
2025-08-26 10:55:00,23550,CE,523.98,531.67,520.93,524.64,1234,34191,0.1755
2025-08-26 10:55:00,23550,PE,432.35,444.19,441.75,443.29,539,27281,0.1768
2025-08-26 10:55:00,23600,CE,468.41,482.2,474.52,476.76,1349,32377,0.1758
2025-08-26 10:55:00,23600,PE,444.72,441.04,435.74,438.74,732,34738,0.1776
2025-08-26 10:55:00,23650,CE,458.13,461.53,449.93,456.89,820,36293,0.1784
2025-08-26 10:55:00,23650,PE,506.62,508.61,508.05,508.1,366,33526,0.1778
2025-08-26 10:55:00,23700,CE,462.34,459.4,449.84,457.49,602,39778,0.1809
2025-08-26 10:55:00,23700,PE,543.83,547.49,537.25,544.7,90,38216,0.1788
2025-08-26 10:55:00,23750,CE,472.02,481.11,468.61,468.76,758,38035,0.1804
2025-08-26 10:55:00,23750,PE,565.4,572.22,563.49,568.58,452,33919,0.1766
2025-08-26 10:55:00,23800,CE,450.27,455.38,453.07,453.1,415,40447,0.1764
2025-08-26 10:55:00,23800,PE,609.72,603.07,601.07,602.8,576,37548,0.1774
2025-08-26 10:55:00,23850,CE,468.36,466.41,463.02,466.09,664,43628,0.1786
2025-08-26 10:55:00,23850,PE,679.22,702.21,678.95,680.33,903,38765,0.1764
2025-08-26 10:55:00,23900,CE,448.14,446.36,438.46,444.55,758,46242,0.1749
2025-08-26 10:55:00,23900,PE,729.33,743.42,733.55,735.01,47,43989,0.1782
2025-08-26 10:55:00,23950,CE,449.93,451.0,445.38,447.48,222,47898,0.1751
2025-08-26 10:55:00,23950,PE,807.01,810.08,801.13,809.22,301,49639,0.1792
2025-08-26 10:55:00,24000,CE,470.2,472.25,467.09,468.88,84,53731,0.1769
2025-08-26 10:55:00,24000,PE,814.38,827.4,810.39,815.83,57,50157,0.1793
2025-08-26 10:55:00,24050,CE,476.47,475.95,473.5,474.36,400,56162,0.1768
2025-08-26 10:55:00,24050,PE,907.0,917.71,904.58,905.65,134,60875,0.1795
2025-08-26 10:55:00,24100,CE,436.94,440.49,438.19,440.2,310,58937,0.1779
2025-08-26 10:55:00,24100,PE,912.08,938.19,927.43,927.63,580,62976,0.1783
2025-08-26 10:55:00,24150,CE,447.75,450.05,443.12,447.79,172,67443,0.1795
2025-08-26 10:55:00,24150,PE,998.76,997.61,989.35,996.44,472,69023,0.176
2025-08-26 10:55:00,24200,CE,472.39,473.33,468.62,470.38,576,80221,0.1801
2025-08-26 10:55:00,24200,PE,1029.55,1035.0,1027.9,1029.43,440,82074,0.1787
2025-08-26 10:55:00,24250,CE,466.58,473.26,468.85,470.33,284,77494,0.1722
2025-08-26 10:55:00,24250,PE,1077.89,1105.9,1062.08,1077.15,371,83181,0.1751
2025-08-26 10:55:00,24300,CE,472.19,482.18,470.3,471.8,230,70699,0.1795
2025-08-26 10:55:00,24300,PE,1131.07,1164.31,1134.24,1141.05,204,70255,0.1811
2025-08-26 10:55:00,24350,CE,450.8,456.6,449.52,453.29,206,63468,0.175
2025-08-26 10:55:00,24350,PE,1196.67,1207.83,1188.28,1191.12,79,59619,0.1791
2025-08-26 10:55:00,24400,CE,438.77,434.72,430.69,433.52,98,55500,0.1745
2025-08-26 10:55:00,24400,PE,1214.51,1213.27,1206.0,1213.17,251,59594,0.1745
2025-08-26 10:55:00,24450,CE,432.12,442.46,427.17,430.43,195,50127,0.1752
2025-08-26 10:55:00,24450,PE,1291.75,1304.44,1277.63,1285.62,147,50457,0.1778
2025-08-26 10:55:00,24500,CE,461.5,469.5,465.58,468.66,402,47510,0.1794
2025-08-26 10:55:00,24500,PE,1344.75,1345.74,1333.44,1337.16,383,46411,0.1756
2025-08-26 10:55:00,24550,CE,460.46,465.46,460.33,460.63,148,42905,0.1737
2025-08-26 10:55:00,24550,PE,1404.16,1404.94,1386.88,1390.98,48,40230,0.177
2025-08-26 10:55:00,24600,CE,463.71,461.74,460.17,461.31,322,45339,0.1764
2025-08-26 10:55:00,24600,PE,1441.14,1467.29,1401.91,1439.5,379,39092,0.178
2025-08-26 10:55:00,24650,CE,446.6,443.41,427.23,434.03,370,40033,0.178
2025-08-26 10:55:00,24650,PE,1445.33,1440.09,1419.56,1436.94,128,34869,0.173
2025-08-26 10:55:00,24700,CE,464.81,474.61,469.29,469.7,49,38450,0.1769
2025-08-26 10:55:00,24700,PE,1565.0,1551.55,1548.47,1549.1,360,36066,0.1807
2025-08-26 10:55:00,24750,CE,420.7,430.19,415.71,418.67,222,33488,0.1794
2025-08-26 10:55:00,24750,PE,1578.42,1579.3,1559.77,1564.35,238,36120,0.1745
2025-08-26 10:55:00,24800,CE,449.69,449.83,446.17,447.8,41,33925,0.1716
2025-08-26 10:55:00,24800,PE,1622.99,1646.22,1629.5,1643.48,253,34187,0.1788
2025-08-26 10:55:00,24850,CE,458.47,463.98,454.46,458.92,100,31012,0.1792
2025-08-26 10:55:00,24850,PE,1670.41,1703.65,1680.16,1682.09,244,32238,0.1772
2025-08-26 10:55:00,24900,CE,468.43,480.02,462.38,468.13,27,29486,0.1775
2025-08-26 10:55:00,24900,PE,1682.86,1695.94,1675.15,1688.67,123,32037,0.1736
2025-08-26 11:00:00,23500,CE,611.88,623.65,609.03,610.28,148,31359,0.1758
2025-08-26 11:00:00,23500,PE,444.0,445.98,435.28,440.83,520,26709,0.1784
2025-08-26 11:00:00,23550,CE,581.41,586.61,579.18,582.37,22,34073,0.1766
2025-08-26 11:00:00,23550,PE,497.7,489.69,487.54,489.11,609,27373,0.1804
2025-08-26 11:00:00,23600,CE,551.03,556.85,546.84,549.03,1387,32327,0.1761
2025-08-26 11:00:00,23600,PE,443.4,443.22,441.14,442.96,713,35212,0.1787
2025-08-26 11:00:00,23650,CE,439.36,445.56,439.58,440.17,682,36166,0.1755
2025-08-26 11:00:00,23650,PE,472.08,485.53,467.36,471.5,289,33792,0.1765
2025-08-26 11:00:00,23700,CE,468.77,466.63,460.78,464.18,57,39440,0.1814
2025-08-26 11:00:00,23700,PE,488.81,489.77,481.36,487.88,697,38136,0.1782
2025-08-26 11:00:00,23750,CE,487.89,496.34,485.15,489.01,76,38070,0.1768
2025-08-26 11:00:00,23750,PE,540.49,550.61,535.57,539.66,1363,33444,0.1797
2025-08-26 11:00:00,23800,CE,475.0,481.43,473.93,474.57,616,40551,0.176
2025-08-26 11:00:00,23800,PE,597.76,608.61,596.34,596.39,411,37637,0.1765
2025-08-26 11:00:00,23850,CE,447.3,454.09,438.73,443.55,385,43218,0.179
2025-08-26 11:00:00,23850,PE,630.05,632.14,620.12,623.24,922,39363,0.173
2025-08-26 11:00:00,23900,CE,458.21,463.73,459.83,459.96,390,45752,0.1786
2025-08-26 11:00:00,23900,PE,677.68,692.99,674.56,680.1,174,44463,0.1783
2025-08-26 11:00:00,23950,CE,484.16,484.16,473.0,481.68,793,47887,0.1763
2025-08-26 11:00:00,23950,PE,732.61,742.75,725.9,734.24,784,49306,0.1736
2025-08-26 11:00:00,24000,CE,483.64,491.4,484.69,487.91,337,53266,0.1795
2025-08-26 11:00:00,24000,PE,774.41,798.9,774.91,776.02,455,50396,0.1739
2025-08-26 11:00:00,24050,CE,469.34,472.27,462.49,468.26,732,56467,0.1767
2025-08-26 11:00:00,24050,PE,864.7,871.33,855.96,859.23,510,61083,0.1812
2025-08-26 11:00:00,24100,CE,468.08,470.54,461.13,466.0,449,58840,0.1793
2025-08-26 11:00:00,24100,PE,899.11,896.32,885.52,887.6,359,62583,0.1777
2025-08-26 11:00:00,24150,CE,473.95,479.61,475.05,476.83,23,67790,0.1793
2025-08-26 11:00:00,24150,PE,985.97,977.29,973.93,976.79,333,69468,0.1822
2025-08-26 11:00:00,24200,CE,458.44,458.1,454.7,457.33,84,80091,0.1806
2025-08-26 11:00:00,24200,PE,1035.55,1048.81,1028.62,1042.16,167,82483,0.1798
2025-08-26 11:00:00,24250,CE,481.15,487.16,478.95,479.62,226,77656,0.1801
2025-08-26 11:00:00,24250,PE,1006.05,1023.7,1001.72,1008.0,58,83213,0.1763
2025-08-26 11:00:00,24300,CE,447.72,465.92,452.06,454.07,248,70831,0.1725
2025-08-26 11:00:00,24300,PE,1088.12,1072.04,1066.26,1071.71,326,69784,0.1775
2025-08-26 11:00:00,24350,CE,461.25,462.37,456.3,458.96,34,63018,0.1794
2025-08-26 11:00:00,24350,PE,1111.46,1131.75,1115.54,1125.63,120,59891,0.1762
2025-08-26 11:00:00,24400,CE,430.89,435.83,430.58,432.29,139,56063,0.1793
2025-08-26 11:00:00,24400,PE,1188.64,1190.13,1184.28,1189.56,50,59603,0.1803
2025-08-26 11:00:00,24450,CE,471.87,479.0,469.55,471.22,340,49591,0.1793
2025-08-26 11:00:00,24450,PE,1207.3,1222.19,1200.37,1207.63,246,49938,0.1734
2025-08-26 11:00:00,24500,CE,457.0,462.92,443.91,452.96,358,47470,0.1777
2025-08-26 11:00:00,24500,PE,1287.05,1293.67,1264.39,1277.46,391,46600,0.1779
2025-08-26 11:00:00,24550,CE,446.86,448.1,443.8,444.16,141,42490,0.1757
2025-08-26 11:00:00,24550,PE,1328.55,1334.77,1325.62,1332.06,74,39669,0.1778
2025-08-26 11:00:00,24600,CE,454.25,457.64,455.14,456.96,129,45614,0.1784
2025-08-26 11:00:00,24600,PE,1404.98,1418.79,1376.74,1384.8,151,38667,0.1743
2025-08-26 11:00:00,24650,CE,494.34,498.55,486.11,493.71,37,39958,0.1786
2025-08-26 11:00:00,24650,PE,1409.52,1467.13,1401.23,1438.46,88,35149,0.1795
2025-08-26 11:00:00,24700,CE,482.03,496.88,481.28,486.15,133,38000,0.1786
2025-08-26 11:00:00,24700,PE,1499.67,1494.07,1471.85,1491.5,108,35997,0.1757
2025-08-26 11:00:00,24750,CE,459.93,463.43,460.05,460.4,19,33021,0.1782
2025-08-26 11:00:00,24750,PE,1531.66,1566.09,1529.96,1539.21,354,35937,0.1761
2025-08-26 11:00:00,24800,CE,478.54,490.95,476.84,480.21,267,34419,0.1776
2025-08-26 11:00:00,24800,PE,1601.06,1594.14,1554.95,1569.31,45,34410,0.1801
2025-08-26 11:00:00,24850,CE,462.76,462.69,460.96,462.19,286,30439,0.1754
2025-08-26 11:00:00,24850,PE,1632.58,1678.57,1638.14,1641.12,110,31799,0.1816
2025-08-26 11:00:00,24900,CE,417.27,427.18,420.09,420.2,15,29238,0.1748
2025-08-26 11:00:00,24900,PE,1724.53,1752.43,1722.79,1732.51,65,32511,0.1756
2025-08-26 11:05:00,23500,CE,654.51,660.21,643.86,649.53,282,31655,0.1821
2025-08-26 11:05:00,23500,PE,481.9,477.16,473.28,476.36,75,26849,0.1799
2025-08-26 11:05:00,23550,CE,598.32,607.32,594.71,598.53,890,33656,0.1782
2025-08-26 11:05:00,23550,PE,456.15,464.95,454.84,456.53,559,27887,0.1776
2025-08-26 11:05:00,23600,CE,560.53,565.94,561.29,562.12,903,32696,0.1792
2025-08-26 11:05:00,23600,PE,471.28,475.09,465.29,469.45,632,34899,0.1832
2025-08-26 11:05:00,23650,CE,472.89,477.66,470.16,473.61,815,36051,0.1766
2025-08-26 11:05:00,23650,PE,493.36,496.44,490.3,494.17,1676,33706,0.1792
2025-08-26 11:05:00,23700,CE,454.7,457.79,445.67,451.75,1013,39545,0.1773
2025-08-26 11:05:00,23700,PE,497.95,510.61,492.68,502.86,610,37985,0.1793
2025-08-26 11:05:00,23750,CE,446.23,449.08,442.82,446.56,1168,37722,0.1767
2025-08-26 11:05:00,23750,PE,543.89,554.71,547.29,549.87,587,33644,0.1759
2025-08-26 11:05:00,23800,CE,447.42,450.43,436.81,442.77,87,40764,0.1794
2025-08-26 11:05:00,23800,PE,572.02,579.3,570.58,574.0,1012,37567,0.1786
2025-08-26 11:05:00,23850,CE,499.54,508.56,494.2,500.9,637,43201,0.1786
2025-08-26 11:05:00,23850,PE,656.7,666.55,656.26,665.91,725,38823,0.1783
2025-08-26 11:05:00,23900,CE,472.82,472.42,463.4,466.9,608,45699,0.1762
2025-08-26 11:05:00,23900,PE,733.43,730.44,721.27,727.19,50,44823,0.1749
2025-08-26 11:05:00,23950,CE,504.57,504.71,498.02,500.6,147,47996,0.1766
2025-08-26 11:05:00,23950,PE,725.52,726.57,722.8,725.95,757,49810,0.1789
2025-08-26 11:05:00,24000,CE,455.44,459.08,444.74,455.65,517,53525,0.1822
2025-08-26 11:05:00,24000,PE,785.05,808.1,789.09,796.76,483,50729,0.176
2025-08-26 11:05:00,24050,CE,466.52,467.19,465.16,466.0,736,56417,0.1727
2025-08-26 11:05:00,24050,PE,846.13,857.2,841.92,850.29,319,60691,0.1742
2025-08-26 11:05:00,24100,CE,465.13,472.6,463.39,465.91,687,59334,0.1764
2025-08-26 11:05:00,24100,PE,883.68,891.79,877.58,884.02,499,62774,0.176
2025-08-26 11:05:00,24150,CE,444.74,446.71,439.87,444.51,142,68281,0.1789
2025-08-26 11:05:00,24150,PE,897.99,903.83,893.35,900.93,48,69609,0.174
2025-08-26 11:05:00,24200,CE,455.25,458.81,454.99,455.53,163,80036,0.1786
2025-08-26 11:05:00,24200,PE,1020.35,1027.57,1015.03,1018.75,67,82044,0.1828
2025-08-26 11:05:00,24250,CE,475.09,469.17,462.47,466.26,224,77533,0.1774
2025-08-26 11:05:00,24250,PE,1025.32,1041.09,1026.07,1031.79,512,83330,0.1782
2025-08-26 11:05:00,24300,CE,450.24,461.34,445.16,452.89,25,71347,0.1758
2025-08-26 11:05:00,24300,PE,1077.54,1089.98,1080.66,1081.97,337,70179,0.1759
2025-08-26 11:05:00,24350,CE,457.97,468.01,464.92,466.19,480,63033,0.1782
2025-08-26 11:05:00,24350,PE,1117.14,1125.8,1114.15,1114.81,100,59828,0.1775
2025-08-26 11:05:00,24400,CE,443.13,441.33,432.89,440.78,341,55502,0.1772
2025-08-26 11:05:00,24400,PE,1215.67,1204.44,1183.18,1191.89,467,59424,0.1801
2025-08-26 11:05:00,24450,CE,443.38,451.74,439.07,443.93,312,50168,0.1759
2025-08-26 11:05:00,24450,PE,1236.55,1282.8,1237.94,1252.86,408,50227,0.1806
2025-08-26 11:05:00,24500,CE,448.04,454.18,445.53,447.38,139,47499,0.1788
2025-08-26 11:05:00,24500,PE,1299.0,1292.25,1283.88,1287.31,228,47034,0.1751
2025-08-26 11:05:00,24550,CE,440.81,443.39,437.54,442.73,23,41917,0.1762
2025-08-26 11:05:00,24550,PE,1352.49,1384.23,1343.86,1356.93,57,40218,0.178
2025-08-26 11:05:00,24600,CE,452.13,455.38,441.67,448.01,225,45853,0.1796
2025-08-26 11:05:00,24600,PE,1386.79,1401.72,1385.54,1392.33,45,38082,0.1762
2025-08-26 11:05:00,24650,CE,471.75,485.9,478.91,479.11,259,40204,0.1785
2025-08-26 11:05:00,24650,PE,1412.53,1424.44,1408.19,1415.47,172,34648,0.177
2025-08-26 11:05:00,24700,CE,487.88,488.86,482.72,483.36,189,38167,0.1761
2025-08-26 11:05:00,24700,PE,1528.37,1561.36,1478.71,1513.51,86,35758,0.1788
2025-08-26 11:05:00,24750,CE,474.44,473.7,467.95,472.87,275,32675,0.1769
2025-08-26 11:05:00,24750,PE,1527.16,1555.69,1511.92,1524.77,41,36090,0.1742
2025-08-26 11:05:00,24800,CE,481.42,488.93,484.7,486.54,13,34339,0.1802
2025-08-26 11:05:00,24800,PE,1592.94,1596.55,1552.54,1591.08,204,33887,0.1788
2025-08-26 11:05:00,24850,CE,473.13,479.57,475.76,476.73,225,30825,0.1785
2025-08-26 11:05:00,24850,PE,1632.88,1641.74,1625.68,1637.63,332,31518,0.1756
2025-08-26 11:05:00,24900,CE,441.86,448.05,440.2,442.61,111,29379,0.175
2025-08-26 11:05:00,24900,PE,1680.77,1705.3,1691.28,1704.83,200,32642,0.1738
2025-08-26 11:10:00,23500,CE,539.09,541.36,537.58,540.97,422,31122,0.18
2025-08-26 11:10:00,23500,PE,439.97,442.07,439.22,439.41,53,27445,0.1773
2025-08-26 11:10:00,23550,CE,537.51,535.81,530.03,532.57,619,33593,0.1782
2025-08-26 11:10:00,23550,PE,511.24,515.25,508.54,510.1,941,27533,0.1783
2025-08-26 11:10:00,23600,CE,439.37,460.84,449.48,449.58,686,32620,0.1804
2025-08-26 11:10:00,23600,PE,463.74,457.91,450.25,455.57,192,35022,0.1769
2025-08-26 11:10:00,23650,CE,444.21,445.87,438.23,440.63,323,35454,0.1784
2025-08-26 11:10:00,23650,PE,500.3,499.96,494.87,499.45,980,33466,0.1809
2025-08-26 11:10:00,23700,CE,453.98,468.72,450.43,453.19,976,39588,0.1797
2025-08-26 11:10:00,23700,PE,523.99,536.69,532.24,536.61,60,38218,0.1763
2025-08-26 11:10:00,23750,CE,426.75,440.04,431.2,431.23,67,37497,0.1802
2025-08-26 11:10:00,23750,PE,614.48,616.52,613.25,616.24,823,33528,0.1771
2025-08-26 11:10:00,23800,CE,450.51,457.8,450.92,450.96,420,40429,0.1766
2025-08-26 11:10:00,23800,PE,652.11,650.75,642.94,647.36,481,37318,0.1789
2025-08-26 11:10:00,23850,CE,499.85,497.98,496.99,497.27,910,43425,0.1785
2025-08-26 11:10:00,23850,PE,697.29,711.2,700.28,708.75,875,38627,0.1781
2025-08-26 11:10:00,23900,CE,451.4,460.85,455.68,456.94,834,45434,0.1788
2025-08-26 11:10:00,23900,PE,769.32,768.04,763.54,765.97,280,44581,0.1809
2025-08-26 11:10:00,23950,CE,431.71,439.35,431.11,432.72,480,48131,0.1764
2025-08-26 11:10:00,23950,PE,769.37,774.54,768.82,769.34,64,49882,0.1761
2025-08-26 11:10:00,24000,CE,429.89,440.58,428.66,434.84,711,53413,0.1768
2025-08-26 11:10:00,24000,PE,888.62,900.23,894.84,898.13,525,50887,0.1748
2025-08-26 11:10:00,24050,CE,480.92,490.26,475.13,483.03,680,56588,0.1768
2025-08-26 11:10:00,24050,PE,909.33,923.53,904.52,907.94,333,60106,0.1814
2025-08-26 11:10:00,24100,CE,453.01,455.83,449.23,453.82,524,59140,0.182
2025-08-26 11:10:00,24100,PE,931.54,936.44,912.92,929.16,601,62467,0.1789
2025-08-26 11:10:00,24150,CE,436.78,438.17,427.76,435.94,272,68675,0.1798
2025-08-26 11:10:00,24150,PE,994.47,997.26,988.69,997.04,100,69339,0.1783
2025-08-26 11:10:00,24200,CE,468.19,465.06,460.88,461.33,456,79816,0.1791
2025-08-26 11:10:00,24200,PE,1065.31,1066.8,1061.37,1062.95,550,82089,0.1753
2025-08-26 11:10:00,24250,CE,485.86,486.8,477.91,481.43,449,77589,0.1774
2025-08-26 11:10:00,24250,PE,1129.76,1145.36,1123.95,1126.2,32,83703,0.1788
2025-08-26 11:10:00,24300,CE,452.77,452.16,445.05,449.22,221,71212,0.1771
2025-08-26 11:10:00,24300,PE,1139.3,1148.6,1130.07,1141.9,381,69916,0.1787
2025-08-26 11:10:00,24350,CE,454.61,466.74,459.03,465.91,214,63162,0.177
2025-08-26 11:10:00,24350,PE,1203.23,1226.38,1204.02,1206.91,294,60101,0.1776
2025-08-26 11:10:00,24400,CE,445.81,452.77,452.09,452.44,45,56093,0.1805
2025-08-26 11:10:00,24400,PE,1224.23,1247.68,1234.13,1240.55,287,59565,0.1794
2025-08-26 11:10:00,24450,CE,466.61,469.26,457.77,466.79,394,50156,0.1765
2025-08-26 11:10:00,24450,PE,1299.37,1311.96,1308.96,1310.19,20,49786,0.177
2025-08-26 11:10:00,24500,CE,496.07,505.7,488.62,497.85,405,48083,0.1787
2025-08-26 11:10:00,24500,PE,1335.07,1352.59,1311.24,1333.71,42,47255,0.175
2025-08-26 11:10:00,24550,CE,441.59,445.92,441.96,442.82,273,41515,0.1734
2025-08-26 11:10:00,24550,PE,1383.25,1378.86,1351.28,1376.68,324,40169,0.1782
2025-08-26 11:10:00,24600,CE,462.76,463.71,459.7,461.59,95,45925,0.1785
2025-08-26 11:10:00,24600,PE,1455.76,1465.3,1440.29,1457.44,356,37742,0.1785
2025-08-26 11:10:00,24650,CE,448.37,452.32,443.67,446.72,236,40482,0.1762
2025-08-26 11:10:00,24650,PE,1516.09,1558.05,1514.21,1516.68,239,34828,0.1759
2025-08-26 11:10:00,24700,CE,455.21,456.48,448.15,448.82,266,37847,0.1775
2025-08-26 11:10:00,24700,PE,1528.24,1561.61,1516.08,1531.43,42,36345,0.1735
2025-08-26 11:10:00,24750,CE,451.17,452.59,443.95,448.25,116,33213,0.176
2025-08-26 11:10:00,24750,PE,1597.98,1630.74,1599.87,1602.95,98,35808,0.1779
2025-08-26 11:10:00,24800,CE,447.77,460.13,447.92,449.75,13,34269,0.1766
2025-08-26 11:10:00,24800,PE,1662.8,1671.12,1653.1,1665.05,321,34360,0.1793
2025-08-26 11:10:00,24850,CE,449.36,455.82,448.73,453.85,103,30712,0.1786
2025-08-26 11:10:00,24850,PE,1715.98,1726.1,1697.52,1704.14,222,32063,0.1754
2025-08-26 11:10:00,24900,CE,463.57,463.97,461.61,461.75,194,29019,0.1762
2025-08-26 11:10:00,24900,PE,1747.24,1767.6,1753.77,1767.39,116,32910,0.1776
2025-08-26 11:15:00,23500,CE,588.95,602.29,586.86,590.31,49,31241,0.179
2025-08-26 11:15:00,23500,PE,482.9,477.97,472.65,475.77,973,27260,0.1768
2025-08-26 11:15:00,23550,CE,555.05,553.0,544.44,549.22,787,33854,0.1797
2025-08-26 11:15:00,23550,PE,477.42,481.45,470.57,474.1,867,26962,0.1787
2025-08-26 11:15:00,23600,CE,450.02,457.34,448.57,452.39,997,32297,0.1759
2025-08-26 11:15:00,23600,PE,439.9,449.53,439.57,443.5,1253,34735,0.1781
2025-08-26 11:15:00,23650,CE,448.01,462.4,446.83,450.03,1584,34994,0.1768
2025-08-26 11:15:00,23650,PE,460.66,467.35,457.65,462.96,1444,32906,0.1766
2025-08-26 11:15:00,23700,CE,484.25,483.1,476.24,478.51,958,39411,0.178
2025-08-26 11:15:00,23700,PE,563.16,570.63,560.61,562.96,290,37879,0.177
2025-08-26 11:15:00,23750,CE,440.27,442.32,440.51,441.13,66,37056,0.1744
2025-08-26 11:15:00,23750,PE,581.26,594.3,573.23,579.33,491,33116,0.1823
2025-08-26 11:15:00,23800,CE,411.77,420.62,412.37,416.33,1055,40820,0.1767
2025-08-26 11:15:00,23800,PE,642.29,654.61,637.35,645.86,523,36831,0.1766
2025-08-26 11:15:00,23850,CE,491.33,491.44,483.11,485.08,969,43694,0.1781
2025-08-26 11:15:00,23850,PE,689.41,701.04,683.17,691.66,193,38091,0.1757
2025-08-26 11:15:00,23900,CE,457.52,453.97,448.68,452.12,559,44882,0.1786
2025-08-26 11:15:00,23900,PE,761.3,764.97,754.8,756.23,555,44511,0.1752
2025-08-26 11:15:00,23950,CE,439.15,444.43,433.94,435.78,724,47989,0.1794
2025-08-26 11:15:00,23950,PE,803.83,810.67,802.85,805.51,375,49936,0.1799
2025-08-26 11:15:00,24000,CE,445.17,449.69,446.8,447.82,746,53656,0.1745
2025-08-26 11:15:00,24000,PE,855.17,865.75,841.75,857.47,511,50658,0.1773
2025-08-26 11:15:00,24050,CE,437.77,436.56,433.94,434.28,346,56221,0.1763
2025-08-26 11:15:00,24050,PE,864.55,873.9,866.39,867.22,283,60492,0.1745
2025-08-26 11:15:00,24100,CE,492.03,505.15,492.69,495.92,75,58738,0.1786
2025-08-26 11:15:00,24100,PE,963.7,987.8,961.38,968.28,390,62825,0.176
2025-08-26 11:15:00,24150,CE,443.94,447.78,440.89,443.0,602,68779,0.1722
2025-08-26 11:15:00,24150,PE,986.56,987.55,971.85,975.48,409,69086,0.177
2025-08-26 11:15:00,24200,CE,476.18,489.48,477.53,479.17,244,79593,0.1759
2025-08-26 11:15:00,24200,PE,1033.46,1058.16,1028.82,1030.1,71,81933,0.1777
2025-08-26 11:15:00,24250,CE,474.38,479.53,471.3,471.7,126,77698,0.1792
2025-08-26 11:15:00,24250,PE,1062.61,1066.49,1059.94,1061.21,416,84278,0.1791
2025-08-26 11:15:00,24300,CE,461.26,469.71,467.26,468.27,459,70993,0.1786
2025-08-26 11:15:00,24300,PE,1114.92,1122.15,1106.33,1119.57,489,70446,0.1756
2025-08-26 11:15:00,24350,CE,490.25,494.88,485.7,492.06,253,62808,0.1794
2025-08-26 11:15:00,24350,PE,1156.99,1167.63,1163.46,1165.06,387,59636,0.1786
2025-08-26 11:15:00,24400,CE,474.8,481.95,474.82,476.14,175,56131,0.1751
2025-08-26 11:15:00,24400,PE,1245.97,1263.4,1249.88,1252.3,408,60136,0.1809
2025-08-26 11:15:00,24450,CE,454.12,451.82,447.12,450.52,370,50137,0.1775
2025-08-26 11:15:00,24450,PE,1273.77,1288.54,1278.84,1288.4,45,50145,0.1789
2025-08-26 11:15:00,24500,CE,429.35,436.3,432.23,434.33,370,48050,0.1741
2025-08-26 11:15:00,24500,PE,1357.31,1388.87,1345.49,1348.67,242,47675,0.1805
2025-08-26 11:15:00,24550,CE,451.21,455.82,453.3,454.09,60,41890,0.1769
2025-08-26 11:15:00,24550,PE,1391.38,1402.92,1371.34,1385.08,215,40392,0.1793
2025-08-26 11:15:00,24600,CE,463.49,465.78,458.82,464.41,80,46063,0.1783
2025-08-26 11:15:00,24600,PE,1416.74,1412.69,1407.42,1408.09,111,37763,0.1754
2025-08-26 11:15:00,24650,CE,432.34,437.86,429.0,435.76,203,41030,0.1747
2025-08-26 11:15:00,24650,PE,1494.12,1506.68,1493.85,1497.08,258,34896,0.1767
2025-08-26 11:15:00,24700,CE,474.77,474.66,471.64,473.27,151,37651,0.179
2025-08-26 11:15:00,24700,PE,1515.06,1527.71,1497.37,1522.26,242,36803,0.1774
2025-08-26 11:15:00,24750,CE,457.09,460.82,454.87,458.9,205,33405,0.1774
2025-08-26 11:15:00,24750,PE,1569.56,1577.32,1534.25,1556.94,120,35877,0.1766
2025-08-26 11:15:00,24800,CE,494.23,499.79,487.82,489.73,198,34487,0.1767
2025-08-26 11:15:00,24800,PE,1645.93,1665.72,1660.12,1660.91,112,34178,0.18
2025-08-26 11:15:00,24850,CE,464.4,468.8,466.91,468.29,122,30617,0.1781
2025-08-26 11:15:00,24850,PE,1684.16,1703.43,1671.9,1684.58,100,31697,0.1789
2025-08-26 11:15:00,24900,CE,454.26,454.24,444.35,448.81,163,29445,0.1738
2025-08-26 11:15:00,24900,PE,1766.83,1780.27,1728.83,1760.25,15,33108,0.1817
2025-08-26 11:20:00,23500,CE,584.89,593.67,579.51,581.01,1005,31630,0.1804
2025-08-26 11:20:00,23500,PE,435.31,439.63,433.14,436.29,1049,27040,0.1783
2025-08-26 11:20:00,23550,CE,545.13,542.5,536.28,537.66,161,34448,0.1799
2025-08-26 11:20:00,23550,PE,475.33,476.82,471.63,474.15,985,26790,0.1758
2025-08-26 11:20:00,23600,CE,468.5,471.92,469.22,470.03,1390,32121,0.1807
2025-08-26 11:20:00,23600,PE,457.59,457.86,457.01,457.19,1225,35287,0.1789
2025-08-26 11:20:00,23650,CE,457.67,468.5,451.71,453.85,1293,35180,0.1767
2025-08-26 11:20:00,23650,PE,478.55,480.58,477.04,477.43,342,33426,0.1793
2025-08-26 11:20:00,23700,CE,470.73,473.29,467.48,470.06,624,39558,0.1794
2025-08-26 11:20:00,23700,PE,522.41,535.45,523.84,528.58,887,37574,0.1776
2025-08-26 11:20:00,23750,CE,439.06,443.67,437.42,442.59,765,36924,0.1774
2025-08-26 11:20:00,23750,PE,592.82,594.65,590.86,592.63,452,33546,0.1805
2025-08-26 11:20:00,23800,CE,424.27,432.96,424.5,424.78,810,40807,0.1782
2025-08-26 11:20:00,23800,PE,664.47,671.93,665.79,665.94,39,37081,0.1794
2025-08-26 11:20:00,23850,CE,475.68,476.8,462.5,470.74,744,43293,0.1787
2025-08-26 11:20:00,23850,PE,689.44,698.0,684.15,691.02,763,37970,0.1791
2025-08-26 11:20:00,23900,CE,433.87,441.5,430.14,437.61,671,45289,0.1782
2025-08-26 11:20:00,23900,PE,698.49,701.81,688.69,700.41,642,45040,0.1774
2025-08-26 11:20:00,23950,CE,485.42,492.84,479.7,481.49,76,47778,0.1738
2025-08-26 11:20:00,23950,PE,805.92,809.35,797.13,804.14,62,49543,0.1793
2025-08-26 11:20:00,24000,CE,437.02,441.44,433.67,435.34,296,53084,0.1763
2025-08-26 11:20:00,24000,PE,810.53,813.22,807.03,811.49,313,50210,0.1765
2025-08-26 11:20:00,24050,CE,478.66,480.35,475.58,478.71,91,56623,0.1762
2025-08-26 11:20:00,24050,PE,887.03,889.78,881.81,883.62,535,60438,0.1788
2025-08-26 11:20:00,24100,CE,460.53,465.45,464.27,465.41,383,58487,0.1735
2025-08-26 11:20:00,24100,PE,938.47,962.69,953.14,954.78,330,63155,0.1796
2025-08-26 11:20:00,24150,CE,444.09,445.46,436.4,436.84,331,69131,0.1767
2025-08-26 11:20:00,24150,PE,976.07,970.13,948.86,964.04,309,68920,0.1773
2025-08-26 11:20:00,24200,CE,440.24,450.73,435.41,436.84,528,80074,0.176
2025-08-26 11:20:00,24200,PE,1021.52,1023.73,1016.28,1021.19,142,81888,0.1782
2025-08-26 11:20:00,24250,CE,467.21,462.34,457.94,461.66,432,77411,0.176
2025-08-26 11:20:00,24250,PE,1072.76,1081.36,1045.0,1058.19,419,84757,0.1766
2025-08-26 11:20:00,24300,CE,470.14,469.61,461.33,467.07,130,70576,0.1774
2025-08-26 11:20:00,24300,PE,1116.39,1140.86,1106.28,1122.53,498,71041,0.1782
2025-08-26 11:20:00,24350,CE,416.28,419.23,415.18,416.53,431,62943,0.1762
2025-08-26 11:20:00,24350,PE,1167.11,1186.61,1169.58,1177.62,50,60134,0.1762
2025-08-26 11:20:00,24400,CE,451.3,458.31,448.22,456.67,101,55745,0.1764
2025-08-26 11:20:00,24400,PE,1226.13,1245.8,1213.93,1231.23,344,60002,0.1773
2025-08-26 11:20:00,24450,CE,462.13,471.02,457.98,467.15,395,50584,0.1757
2025-08-26 11:20:00,24450,PE,1271.79,1281.21,1274.03,1275.49,368,50549,0.1753
2025-08-26 11:20:00,24500,CE,444.93,451.33,443.88,449.09,240,48496,0.1765
2025-08-26 11:20:00,24500,PE,1328.91,1313.04,1272.38,1302.33,399,47411,0.1759
2025-08-26 11:20:00,24550,CE,465.95,467.67,455.95,463.48,181,42031,0.1759
2025-08-26 11:20:00,24550,PE,1440.06,1453.39,1426.69,1430.97,359,40259,0.1809
2025-08-26 11:20:00,24600,CE,449.49,448.06,443.4,444.98,109,45847,0.1766
2025-08-26 11:20:00,24600,PE,1406.79,1425.87,1399.11,1405.23,321,37787,0.1713
2025-08-26 11:20:00,24650,CE,449.54,450.06,447.78,448.62,102,41288,0.1787
2025-08-26 11:20:00,24650,PE,1476.02,1488.06,1463.4,1466.99,256,34918,0.175
2025-08-26 11:20:00,24700,CE,468.55,477.6,469.26,472.48,231,37327,0.1765
2025-08-26 11:20:00,24700,PE,1551.01,1548.07,1525.8,1546.27,72,37171,0.1775
2025-08-26 11:20:00,24750,CE,428.87,445.49,426.49,433.93,244,33978,0.176
2025-08-26 11:20:00,24750,PE,1588.43,1604.79,1564.02,1591.07,335,35712,0.1792
2025-08-26 11:20:00,24800,CE,460.54,464.27,458.32,460.7,162,34906,0.1766
2025-08-26 11:20:00,24800,PE,1585.2,1650.62,1595.55,1596.6,6,34614,0.1783
2025-08-26 11:20:00,24850,CE,444.59,448.34,442.17,448.2,60,30329,0.1762
2025-08-26 11:20:00,24850,PE,1669.28,1697.73,1662.08,1665.13,163,31943,0.176
2025-08-26 11:20:00,24900,CE,418.89,434.87,420.92,421.46,117,29971,0.179
2025-08-26 11:20:00,24900,PE,1723.57,1734.91,1706.68,1728.99,253,33395,0.1788
2025-08-26 11:25:00,23500,CE,614.41,617.18,599.9,601.63,945,31066,0.1798
2025-08-26 11:25:00,23500,PE,436.1,441.88,436.18,437.27,1005,27165,0.1803
2025-08-26 11:25:00,23550,CE,538.75,546.31,545.58,546.05,276,34782,0.1789
2025-08-26 11:25:00,23550,PE,458.23,468.63,465.34,465.7,167,26931,0.1792
2025-08-26 11:25:00,23600,CE,467.52,478.14,471.58,472.33,928,31555,0.1777
2025-08-26 11:25:00,23600,PE,439.8,449.59,438.25,442.67,620,34831,0.1793
2025-08-26 11:25:00,23650,CE,455.23,449.63,444.46,449.39,1604,35541,0.1792
2025-08-26 11:25:00,23650,PE,421.59,432.16,420.75,428.46,1686,33411,0.1778
2025-08-26 11:25:00,23700,CE,435.24,436.23,428.08,434.71,491,40107,0.1767
2025-08-26 11:25:00,23700,PE,521.4,532.95,519.6,523.82,461,37471,0.1756
2025-08-26 11:25:00,23750,CE,497.64,502.83,493.15,494.86,186,37310,0.1783
2025-08-26 11:25:00,23750,PE,587.49,589.63,584.29,585.77,170,32988,0.1791
2025-08-26 11:25:00,23800,CE,471.4,476.06,471.04,471.63,938,41216,0.1767
2025-08-26 11:25:00,23800,PE,625.15,637.71,622.89,627.68,960,37511,0.1753
2025-08-26 11:25:00,23850,CE,459.36,468.83,455.24,459.75,157,43127,0.1784
2025-08-26 11:25:00,23850,PE,663.7,669.91,659.07,660.42,776,37741,0.1774
2025-08-26 11:25:00,23900,CE,466.46,467.42,463.03,464.06,716,45780,0.1786
2025-08-26 11:25:00,23900,PE,709.95,718.53,711.6,711.77,881,45373,0.1762
2025-08-26 11:25:00,23950,CE,460.58,468.58,464.67,464.92,672,47895,0.176
2025-08-26 11:25:00,23950,PE,762.72,773.32,744.76,754.26,78,49466,0.1745
2025-08-26 11:25:00,24000,CE,480.15,486.18,474.16,474.2,739,53578,0.1776
2025-08-26 11:25:00,24000,PE,844.82,836.84,823.92,828.9,194,50506,0.1792
2025-08-26 11:25:00,24050,CE,473.86,488.44,475.11,476.44,228,56523,0.1773
2025-08-26 11:25:00,24050,PE,863.21,875.95,855.81,868.78,470,60434,0.1826
2025-08-26 11:25:00,24100,CE,507.66,509.77,499.25,504.22,409,58005,0.1793
2025-08-26 11:25:00,24100,PE,936.38,966.51,933.58,940.25,206,63527,0.1772
2025-08-26 11:25:00,24150,CE,429.6,436.79,431.55,436.25,393,69541,0.176
2025-08-26 11:25:00,24150,PE,981.45,1012.16,968.29,979.96,607,68746,0.1769
2025-08-26 11:25:00,24200,CE,461.49,477.0,466.11,469.13,163,79845,0.1794
2025-08-26 11:25:00,24200,PE,1010.3,1018.04,1001.46,1010.48,342,81590,0.1789
2025-08-26 11:25:00,24250,CE,459.72,464.58,454.52,456.62,223,77019,0.1778
2025-08-26 11:25:00,24250,PE,1102.32,1107.25,1094.84,1102.75,220,85294,0.1832
2025-08-26 11:25:00,24300,CE,473.48,472.15,468.14,469.82,229,70886,0.1805
2025-08-26 11:25:00,24300,PE,1104.33,1134.86,1114.47,1119.3,232,70961,0.1746
2025-08-26 11:25:00,24350,CE,456.54,459.7,452.38,456.92,333,62475,0.1799
2025-08-26 11:25:00,24350,PE,1156.74,1197.46,1171.2,1179.8,183,59701,0.1763
2025-08-26 11:25:00,24400,CE,470.47,476.91,463.04,466.36,101,55996,0.1784
2025-08-26 11:25:00,24400,PE,1194.08,1202.09,1182.03,1190.46,90,59645,0.1745
2025-08-26 11:25:00,24450,CE,451.49,454.66,443.76,445.5,264,50401,0.1796
2025-08-26 11:25:00,24450,PE,1240.22,1238.77,1227.18,1238.03,62,51097,0.1756
2025-08-26 11:25:00,24500,CE,467.35,470.67,469.91,470.38,403,48593,0.1792
2025-08-26 11:25:00,24500,PE,1306.34,1347.47,1302.38,1317.26,232,47781,0.178
2025-08-26 11:25:00,24550,CE,472.11,475.52,469.28,470.82,407,41555,0.1767
2025-08-26 11:25:00,24550,PE,1334.65,1345.06,1320.31,1328.56,46,40055,0.1744
2025-08-26 11:25:00,24600,CE,477.75,490.5,472.21,475.36,126,46321,0.1735
2025-08-26 11:25:00,24600,PE,1425.48,1441.74,1423.88,1429.38,207,38159,0.1731
2025-08-26 11:25:00,24650,CE,454.21,459.85,450.62,454.68,259,41556,0.1775
2025-08-26 11:25:00,24650,PE,1486.79,1482.0,1473.31,1481.85,369,35022,0.178
2025-08-26 11:25:00,24700,CE,458.01,460.18,456.9,458.45,289,37049,0.1783
2025-08-26 11:25:00,24700,PE,1515.8,1514.18,1481.49,1503.55,100,37273,0.1772
2025-08-26 11:25:00,24750,CE,445.2,462.37,452.06,456.32,323,33438,0.1773
2025-08-26 11:25:00,24750,PE,1584.42,1626.72,1578.04,1586.04,182,35354,0.1748
2025-08-26 11:25:00,24800,CE,441.79,447.31,437.78,444.0,306,34927,0.1777
2025-08-26 11:25:00,24800,PE,1630.22,1614.77,1610.07,1613.46,19,34016,0.1745
2025-08-26 11:25:00,24850,CE,475.79,482.77,474.92,478.56,215,30007,0.1796
2025-08-26 11:25:00,24850,PE,1685.52,1710.34,1682.87,1690.1,18,31525,0.1824
2025-08-26 11:25:00,24900,CE,445.61,446.85,438.79,442.17,54,29785,0.1792
2025-08-26 11:25:00,24900,PE,1712.97,1749.75,1697.17,1725.99,233,33825,0.1795
2025-08-26 11:30:00,23500,CE,569.07,581.88,573.83,574.88,669,31602,0.1762
2025-08-26 11:30:00,23500,PE,457.36,460.62,455.14,458.71,986,26763,0.1756
2025-08-26 11:30:00,23550,CE,550.31,563.6,545.15,549.99,1047,34459,0.1773
2025-08-26 11:30:00,23550,PE,456.08,458.9,453.07,457.64,1365,27347,0.1749
2025-08-26 11:30:00,23600,CE,467.18,470.7,462.35,469.05,131,31162,0.1799
2025-08-26 11:30:00,23600,PE,478.5,494.69,478.3,482.92,743,35120,0.1787
2025-08-26 11:30:00,23650,CE,436.21,437.58,434.39,436.6,924,35043,0.1761
2025-08-26 11:30:00,23650,PE,508.51,519.04,511.65,511.66,1047,33588,0.1765
2025-08-26 11:30:00,23700,CE,450.02,452.54,447.5,450.01,1319,39825,0.1767
2025-08-26 11:30:00,23700,PE,557.1,558.62,552.51,558.25,76,37770,0.179
2025-08-26 11:30:00,23750,CE,439.2,442.36,437.06,440.62,878,37333,0.175
2025-08-26 11:30:00,23750,PE,573.1,584.32,570.45,572.48,864,32602,0.177
2025-08-26 11:30:00,23800,CE,447.29,462.81,447.43,450.37,154,41098,0.1762
2025-08-26 11:30:00,23800,PE,613.87,626.98,609.85,612.93,989,37528,0.1737
2025-08-26 11:30:00,23850,CE,427.31,428.2,424.02,426.7,641,43722,0.1774
2025-08-26 11:30:00,23850,PE,681.77,703.58,684.71,685.94,312,37717,0.1822
2025-08-26 11:30:00,23900,CE,461.3,469.96,464.79,468.02,624,45361,0.176
2025-08-26 11:30:00,23900,PE,739.67,759.37,741.93,751.97,372,45439,0.1777
2025-08-26 11:30:00,23950,CE,453.01,458.19,451.26,452.86,261,47559,0.1743
2025-08-26 11:30:00,23950,PE,793.76,785.59,773.16,785.57,371,49921,0.1773
2025-08-26 11:30:00,24000,CE,464.71,466.68,461.58,465.73,325,53978,0.1756
2025-08-26 11:30:00,24000,PE,807.05,812.56,809.81,812.04,522,50060,0.1773
2025-08-26 11:30:00,24050,CE,450.0,455.35,448.07,452.59,651,56629,0.1753
2025-08-26 11:30:00,24050,PE,922.59,919.58,905.33,910.72,409,60669,0.1783
2025-08-26 11:30:00,24100,CE,449.43,464.28,454.68,454.77,38,57706,0.177
2025-08-26 11:30:00,24100,PE,918.03,918.89,909.57,915.63,529,63678,0.1776
2025-08-26 11:30:00,24150,CE,439.88,444.48,434.91,441.36,248,69496,0.1794
2025-08-26 11:30:00,24150,PE,978.18,995.81,965.45,979.21,389,68724,0.1794
2025-08-26 11:30:00,24200,CE,459.75,459.6,450.02,455.2,273,79906,0.1799
2025-08-26 11:30:00,24200,PE,1037.19,1035.87,1029.49,1032.58,171,81674,0.1739
2025-08-26 11:30:00,24250,CE,446.95,450.8,444.3,446.66,385,77270,0.1752
2025-08-26 11:30:00,24250,PE,1100.76,1101.92,1088.66,1101.29,347,85236,0.1762
2025-08-26 11:30:00,24300,CE,445.62,457.59,445.55,446.48,346,71153,0.1789
2025-08-26 11:30:00,24300,PE,1120.48,1153.06,1129.25,1132.8,168,70944,0.1762
2025-08-26 11:30:00,24350,CE,435.22,434.42,432.11,434.42,340,62670,0.1781
2025-08-26 11:30:00,24350,PE,1191.58,1193.04,1176.07,1190.64,251,59416,0.1785
2025-08-26 11:30:00,24400,CE,443.37,447.55,446.42,447.37,432,56046,0.1777
2025-08-26 11:30:00,24400,PE,1205.39,1210.36,1207.45,1209.16,260,59606,0.1784
2025-08-26 11:30:00,24450,CE,459.33,469.79,459.74,462.83,346,50163,0.1776
2025-08-26 11:30:00,24450,PE,1306.36,1312.92,1284.34,1311.25,425,50571,0.1791
2025-08-26 11:30:00,24500,CE,466.12,462.53,455.14,459.0,12,48605,0.1773
2025-08-26 11:30:00,24500,PE,1344.37,1335.14,1326.22,1330.53,373,47192,0.1795
2025-08-26 11:30:00,24550,CE,458.42,456.47,450.66,456.08,284,41422,0.1802
2025-08-26 11:30:00,24550,PE,1361.79,1380.56,1354.98,1361.56,15,39899,0.176
2025-08-26 11:30:00,24600,CE,450.43,447.46,445.14,446.78,260,46481,0.1774
2025-08-26 11:30:00,24600,PE,1442.1,1476.27,1437.88,1449.56,339,38743,0.1799
2025-08-26 11:30:00,24650,CE,465.32,476.51,463.27,464.27,26,41985,0.1771
2025-08-26 11:30:00,24650,PE,1453.0,1463.11,1435.79,1446.46,10,35592,0.1757
2025-08-26 11:30:00,24700,CE,452.65,453.09,449.7,450.05,287,37590,0.1777
2025-08-26 11:30:00,24700,PE,1494.17,1527.12,1487.74,1514.5,30,36761,0.1751
2025-08-26 11:30:00,24750,CE,445.48,444.33,441.45,442.36,351,33176,0.1773
2025-08-26 11:30:00,24750,PE,1572.09,1606.87,1564.78,1571.36,139,35110,0.1746
2025-08-26 11:30:00,24800,CE,455.33,460.59,453.56,456.21,58,34412,0.1797
2025-08-26 11:30:00,24800,PE,1612.84,1626.27,1576.9,1614.39,51,34431,0.1752
2025-08-26 11:30:00,24850,CE,454.59,457.65,450.44,456.36,14,30481,0.1785
2025-08-26 11:30:00,24850,PE,1664.78,1702.97,1651.21,1668.71,77,31650,0.1796
2025-08-26 11:30:00,24900,CE,487.31,495.17,489.76,492.49,86,30254,0.1771
2025-08-26 11:30:00,24900,PE,1717.21,1765.31,1708.15,1715.34,18,34082,0.1796
2025-08-26 11:35:00,23500,CE,590.83,588.67,578.81,583.35,1125,31530,0.1791
2025-08-26 11:35:00,23500,PE,438.5,440.44,435.35,440.01,552,26342,0.1762
2025-08-26 11:35:00,23550,CE,521.8,546.29,526.12,527.2,1203,35009,0.1739
2025-08-26 11:35:00,23550,PE,438.55,446.71,437.35,442.04,689,27577,0.1756
2025-08-26 11:35:00,23600,CE,467.08,468.05,463.9,465.78,1205,30987,0.1786
2025-08-26 11:35:00,23600,PE,448.28,451.96,446.81,451.28,31,34674,0.1782
2025-08-26 11:35:00,23650,CE,453.73,464.29,453.08,456.07,1550,35401,0.1777
2025-08-26 11:35:00,23650,PE,467.14,469.11,458.5,461.44,188,33950,0.1757
2025-08-26 11:35:00,23700,CE,465.53,467.76,461.8,462.32,1302,39876,0.178
2025-08-26 11:35:00,23700,PE,549.4,551.0,539.45,544.47,676,38369,0.176
2025-08-26 11:35:00,23750,CE,463.96,473.47,461.71,463.28,1121,37196,0.1782
2025-08-26 11:35:00,23750,PE,588.55,600.32,590.27,590.45,622,33132,0.1779
2025-08-26 11:35:00,23800,CE,476.68,486.62,475.69,477.5,1049,41254,0.1793
2025-08-26 11:35:00,23800,PE,622.11,630.02,621.16,624.32,743,37811,0.1798
2025-08-26 11:35:00,23850,CE,503.53,507.73,495.74,501.37,306,44222,0.1829
2025-08-26 11:35:00,23850,PE,656.45,649.64,634.28,645.4,311,38114,0.1758
2025-08-26 11:35:00,23900,CE,493.3,496.21,484.93,488.81,762,45107,0.1779
2025-08-26 11:35:00,23900,PE,750.52,753.73,748.69,753.16,750,45879,0.1785
2025-08-26 11:35:00,23950,CE,473.52,477.69,469.13,470.34,427,47606,0.1789
2025-08-26 11:35:00,23950,PE,765.17,785.04,778.58,778.99,438,49374,0.1756
2025-08-26 11:35:00,24000,CE,456.85,466.81,457.9,459.36,428,54186,0.1806
2025-08-26 11:35:00,24000,PE,806.2,814.02,802.13,804.95,444,50059,0.1775
2025-08-26 11:35:00,24050,CE,491.22,495.8,492.79,493.55,369,56672,0.1754
2025-08-26 11:35:00,24050,PE,903.21,907.01,888.07,899.15,674,60562,0.1793
2025-08-26 11:35:00,24100,CE,469.59,468.16,461.93,466.1,160,57182,0.1791
2025-08-26 11:35:00,24100,PE,931.15,943.58,928.95,934.34,589,63294,0.1754
2025-08-26 11:35:00,24150,CE,489.39,492.05,484.72,489.38,270,69803,0.1802
2025-08-26 11:35:00,24150,PE,1003.39,998.72,981.29,992.83,121,68405,0.1789
2025-08-26 11:35:00,24200,CE,453.07,463.26,446.23,453.86,381,80059,0.1788
2025-08-26 11:35:00,24200,PE,1006.39,1006.54,997.46,1003.25,152,81724,0.1777
2025-08-26 11:35:00,24250,CE,460.97,464.7,456.07,456.11,398,76935,0.1766
2025-08-26 11:35:00,24250,PE,1083.87,1086.97,1076.96,1078.41,254,84972,0.1788
2025-08-26 11:35:00,24300,CE,468.55,476.96,467.51,469.65,500,71013,0.1781
2025-08-26 11:35:00,24300,PE,1130.76,1131.8,1118.27,1129.36,456,71400,0.1757
2025-08-26 11:35:00,24350,CE,450.64,446.42,441.1,445.37,91,63199,0.1755
2025-08-26 11:35:00,24350,PE,1137.09,1161.98,1135.89,1155.26,32,59280,0.1786
2025-08-26 11:35:00,24400,CE,461.28,466.97,459.1,464.36,83,55501,0.1743
2025-08-26 11:35:00,24400,PE,1217.61,1242.87,1222.1,1232.99,269,59727,0.1772
2025-08-26 11:35:00,24450,CE,474.77,474.79,467.67,473.25,270,50064,0.176
2025-08-26 11:35:00,24450,PE,1238.88,1270.29,1246.14,1252.42,362,50561,0.178
2025-08-26 11:35:00,24500,CE,462.79,473.55,465.47,466.58,237,48535,0.1793
2025-08-26 11:35:00,24500,PE,1359.37,1327.41,1307.27,1325.14,96,47377,0.1796
2025-08-26 11:35:00,24550,CE,440.13,440.65,433.07,438.34,349,41187,0.1733
2025-08-26 11:35:00,24550,PE,1336.14,1371.71,1353.8,1357.26,198,40370,0.1758
2025-08-26 11:35:00,24600,CE,410.8,409.63,403.29,408.99,88,46386,0.174
2025-08-26 11:35:00,24600,PE,1410.82,1421.02,1412.77,1416.39,113,38552,0.1779
2025-08-26 11:35:00,24650,CE,475.92,484.51,470.55,475.87,181,42492,0.1747
2025-08-26 11:35:00,24650,PE,1491.42,1496.56,1476.56,1478.5,11,35421,0.1782
2025-08-26 11:35:00,24700,CE,478.2,487.2,473.09,478.79,323,37089,0.175
2025-08-26 11:35:00,24700,PE,1528.99,1570.75,1535.17,1537.3,191,36347,0.1783
2025-08-26 11:35:00,24750,CE,492.66,495.85,489.43,491.91,203,33433,0.1761
2025-08-26 11:35:00,24750,PE,1537.64,1547.28,1538.27,1539.34,230,35184,0.1732
2025-08-26 11:35:00,24800,CE,454.4,456.98,454.18,455.58,259,34453,0.178
2025-08-26 11:35:00,24800,PE,1611.0,1628.34,1608.79,1610.35,214,33929,0.1781
2025-08-26 11:35:00,24850,CE,446.8,455.58,445.99,447.04,12,30077,0.1816
2025-08-26 11:35:00,24850,PE,1687.26,1679.26,1662.67,1669.84,183,31525,0.1776
2025-08-26 11:35:00,24900,CE,457.19,468.85,453.69,455.44,122,30191,0.1763
2025-08-26 11:35:00,24900,PE,1728.02,1743.92,1730.35,1742.8,321,33933,0.1749
2025-08-26 11:40:00,23500,CE,563.89,566.13,559.05,562.55,581,31533,0.1794
2025-08-26 11:40:00,23500,PE,475.03,481.69,474.48,479.35,996,26622,0.1802
2025-08-26 11:40:00,23550,CE,499.74,505.04,499.44,503.64,1439,35171,0.1786
2025-08-26 11:40:00,23550,PE,481.06,480.75,476.96,478.43,1403,27710,0.1812
2025-08-26 11:40:00,23600,CE,449.42,446.01,441.86,444.55,940,31056,0.1801
2025-08-26 11:40:00,23600,PE,472.13,482.69,464.9,471.28,841,34315,0.1775
2025-08-26 11:40:00,23650,CE,480.72,486.76,476.91,477.39,597,35526,0.1808
2025-08-26 11:40:00,23650,PE,511.92,526.27,511.02,511.72,970,33540,0.1818
2025-08-26 11:40:00,23700,CE,468.34,475.01,468.59,471.81,1103,40131,0.1775
2025-08-26 11:40:00,23700,PE,555.18,564.86,547.64,558.03,728,38311,0.1795
2025-08-26 11:40:00,23750,CE,438.81,440.77,437.96,439.47,679,37293,0.1807
2025-08-26 11:40:00,23750,PE,579.45,576.93,574.35,575.94,526,33567,0.1782
2025-08-26 11:40:00,23800,CE,451.21,458.31,454.96,455.29,185,41101,0.18
2025-08-26 11:40:00,23800,PE,629.05,632.03,623.2,628.66,437,37330,0.1772
2025-08-26 11:40:00,23850,CE,439.46,450.88,436.84,443.38,100,44691,0.1792
2025-08-26 11:40:00,23850,PE,686.41,682.29,676.96,681.19,754,37951,0.177
2025-08-26 11:40:00,23900,CE,473.37,473.59,465.18,470.37,245,44994,0.1766
2025-08-26 11:40:00,23900,PE,751.6,763.06,747.91,753.49,627,45634,0.1767
2025-08-26 11:40:00,23950,CE,442.16,450.94,440.84,445.16,66,47510,0.1776
2025-08-26 11:40:00,23950,PE,767.84,776.8,766.97,775.17,491,49399,0.1748
2025-08-26 11:40:00,24000,CE,432.9,431.66,428.48,428.84,139,54597,0.1756
2025-08-26 11:40:00,24000,PE,831.45,839.07,827.35,827.39,478,50323,0.1754
2025-08-26 11:40:00,24050,CE,457.04,467.42,448.74,454.29,669,56687,0.1767
2025-08-26 11:40:00,24050,PE,883.01,888.35,877.66,881.2,409,60878,0.1737
2025-08-26 11:40:00,24100,CE,454.78,459.52,455.15,456.84,507,57599,0.1789
2025-08-26 11:40:00,24100,PE,960.45,954.99,942.02,949.25,463,62763,0.1787
2025-08-26 11:40:00,24150,CE,448.43,450.9,445.75,448.95,221,69913,0.1777
2025-08-26 11:40:00,24150,PE,994.14,1016.9,997.04,999.7,278,67856,0.1791
2025-08-26 11:40:00,24200,CE,448.17,455.9,449.18,451.26,161,79828,0.1801
2025-08-26 11:40:00,24200,PE,1051.88,1051.36,1026.71,1047.08,29,82038,0.178
2025-08-26 11:40:00,24250,CE,514.61,514.15,506.76,508.11,212,77284,0.1771
2025-08-26 11:40:00,24250,PE,1085.35,1088.52,1082.31,1083.29,476,85432,0.1738
2025-08-26 11:40:00,24300,CE,466.71,478.94,466.45,471.79,470,71010,0.1769
2025-08-26 11:40:00,24300,PE,1149.06,1169.86,1143.75,1145.44,132,70900,0.1808
2025-08-26 11:40:00,24350,CE,469.56,469.89,463.8,469.59,310,62751,0.1787
2025-08-26 11:40:00,24350,PE,1207.74,1224.3,1204.08,1218.23,125,58973,0.1788
2025-08-26 11:40:00,24400,CE,463.4,462.63,448.21,451.81,134,55347,0.1775
2025-08-26 11:40:00,24400,PE,1257.33,1265.44,1247.36,1260.36,160,59758,0.178
2025-08-26 11:40:00,24450,CE,444.17,433.29,428.2,433.26,429,50239,0.1777
2025-08-26 11:40:00,24450,PE,1325.16,1326.0,1293.11,1309.81,305,50156,0.1797
2025-08-26 11:40:00,24500,CE,449.92,456.87,454.1,454.58,55,48161,0.1779
2025-08-26 11:40:00,24500,PE,1341.69,1369.32,1351.73,1352.56,364,46984,0.1737
2025-08-26 11:40:00,24550,CE,465.61,466.23,459.4,464.45,404,41492,0.1762
2025-08-26 11:40:00,24550,PE,1398.95,1411.04,1392.43,1405.6,342,40132,0.1761
2025-08-26 11:40:00,24600,CE,437.75,443.86,438.27,442.31,67,45986,0.18
2025-08-26 11:40:00,24600,PE,1424.0,1460.42,1417.16,1421.07,339,38469,0.1755
2025-08-26 11:40:00,24650,CE,456.78,458.02,452.72,456.72,159,42189,0.1764
2025-08-26 11:40:00,24650,PE,1468.47,1484.38,1465.36,1477.59,139,35264,0.1742
2025-08-26 11:40:00,24700,CE,480.84,487.29,478.95,483.24,275,37477,0.1799
2025-08-26 11:40:00,24700,PE,1520.39,1538.08,1508.88,1513.27,174,36147,0.1739
2025-08-26 11:40:00,24750,CE,489.36,484.25,482.39,484.2,162,33042,0.1813
2025-08-26 11:40:00,24750,PE,1604.7,1613.14,1579.56,1587.72,29,34862,0.1747
2025-08-26 11:40:00,24800,CE,482.31,487.68,478.51,481.67,13,33894,0.174
2025-08-26 11:40:00,24800,PE,1663.01,1709.03,1662.42,1674.33,85,34410,0.1749
2025-08-26 11:40:00,24850,CE,446.54,451.57,446.07,446.75,65,30313,0.179
2025-08-26 11:40:00,24850,PE,1666.93,1690.33,1655.7,1674.91,53,31481,0.1743
2025-08-26 11:40:00,24900,CE,456.12,461.17,455.76,457.61,195,30264,0.1788
2025-08-26 11:40:00,24900,PE,1738.58,1784.44,1744.35,1746.12,256,33637,0.1788
2025-08-26 11:45:00,23500,CE,582.11,590.66,581.51,585.34,971,31417,0.1784
2025-08-26 11:45:00,23500,PE,474.53,484.93,472.61,474.18,591,26405,0.1779
2025-08-26 11:45:00,23550,CE,541.28,542.41,525.38,536.19,1490,35560,0.1804
2025-08-26 11:45:00,23550,PE,475.22,476.05,471.91,473.72,705,28002,0.1796
2025-08-26 11:45:00,23600,CE,459.34,467.41,460.88,461.1,1611,30796,0.1788
2025-08-26 11:45:00,23600,PE,446.61,451.12,447.45,449.2,592,34629,0.1782
2025-08-26 11:45:00,23650,CE,419.49,425.56,418.58,420.78,460,35038,0.179
2025-08-26 11:45:00,23650,PE,500.76,495.83,490.22,492.23,936,33183,0.1758
2025-08-26 11:45:00,23700,CE,459.74,467.65,460.48,461.0,799,39658,0.1788
2025-08-26 11:45:00,23700,PE,526.44,525.96,518.63,523.89,655,37996,0.1755
2025-08-26 11:45:00,23750,CE,448.26,453.1,444.22,445.65,636,36964,0.1781
2025-08-26 11:45:00,23750,PE,586.45,595.1,584.31,593.97,312,34047,0.179
2025-08-26 11:45:00,23800,CE,445.65,447.1,443.31,445.95,1042,40893,0.1794
2025-08-26 11:45:00,23800,PE,603.97,610.18,606.2,609.79,690,37156,0.1788
2025-08-26 11:45:00,23850,CE,463.57,467.08,461.56,466.44,176,44210,0.177
2025-08-26 11:45:00,23850,PE,695.43,705.31,693.7,696.46,855,37430,0.1783
2025-08-26 11:45:00,23900,CE,432.82,443.13,429.37,436.5,437,44657,0.1789
2025-08-26 11:45:00,23900,PE,708.22,722.91,707.28,712.55,668,45195,0.1773
2025-08-26 11:45:00,23950,CE,454.01,455.19,450.02,452.47,469,47323,0.1758
2025-08-26 11:45:00,23950,PE,800.17,802.9,784.97,791.59,425,49022,0.1797
2025-08-26 11:45:00,24000,CE,475.43,478.35,467.97,469.25,97,54210,0.1772
2025-08-26 11:45:00,24000,PE,861.76,863.43,843.93,849.16,434,50500,0.178
2025-08-26 11:45:00,24050,CE,458.2,463.86,456.0,458.62,628,57217,0.1749
2025-08-26 11:45:00,24050,PE,881.13,874.11,864.05,873.93,524,60292,0.1786
2025-08-26 11:45:00,24100,CE,452.39,451.25,439.12,450.26,459,57845,0.179
2025-08-26 11:45:00,24100,PE,947.23,966.7,941.68,945.11,460,62954,0.1788
2025-08-26 11:45:00,24150,CE,488.1,485.19,480.95,483.11,421,70015,0.1803
2025-08-26 11:45:00,24150,PE,1007.73,1015.45,1009.38,1011.99,380,68086,0.1795
2025-08-26 11:45:00,24200,CE,454.0,451.45,448.52,449.2,33,79838,0.1774
2025-08-26 11:45:00,24200,PE,1076.2,1063.47,1044.8,1061.98,81,82550,0.1763
2025-08-26 11:45:00,24250,CE,432.49,436.24,423.53,431.61,537,76873,0.177
2025-08-26 11:45:00,24250,PE,1156.19,1169.16,1140.02,1144.86,484,85400,0.1818
2025-08-26 11:45:00,24300,CE,490.26,491.81,486.2,486.56,348,71193,0.1789
2025-08-26 11:45:00,24300,PE,1115.49,1160.82,1126.4,1128.24,68,71390,0.1809
2025-08-26 11:45:00,24350,CE,388.18,389.66,382.78,384.19,316,62735,0.1747
2025-08-26 11:45:00,24350,PE,1229.47,1231.64,1205.44,1217.48,304,59545,0.1798
2025-08-26 11:45:00,24400,CE,435.12,443.91,438.2,442.76,304,55534,0.1793
2025-08-26 11:45:00,24400,PE,1246.06,1263.35,1244.56,1246.76,409,59997,0.1781
2025-08-26 11:45:00,24450,CE,459.68,458.99,453.49,455.5,70,50620,0.1757
2025-08-26 11:45:00,24450,PE,1332.03,1340.37,1324.22,1325.01,401,50436,0.1776
2025-08-26 11:45:00,24500,CE,463.78,464.41,454.48,460.67,70,48188,0.175
2025-08-26 11:45:00,24500,PE,1349.38,1344.24,1325.09,1340.86,29,47311,0.1767
2025-08-26 11:45:00,24550,CE,441.41,447.03,441.82,443.89,392,40934,0.1774
2025-08-26 11:45:00,24550,PE,1368.77,1388.86,1366.27,1373.93,50,40651,0.1743
2025-08-26 11:45:00,24600,CE,458.26,466.31,460.12,460.85,315,46373,0.1785
2025-08-26 11:45:00,24600,PE,1432.73,1472.57,1425.85,1432.53,87,38634,0.1775
2025-08-26 11:45:00,24650,CE,408.32,411.66,407.42,409.62,314,41671,0.177
2025-08-26 11:45:00,24650,PE,1528.62,1503.35,1496.73,1501.7,111,35017,0.1767
2025-08-26 11:45:00,24700,CE,447.98,458.71,442.55,447.43,200,37181,0.1766
2025-08-26 11:45:00,24700,PE,1554.84,1554.53,1507.8,1541.69,128,35855,0.1762
2025-08-26 11:45:00,24750,CE,461.71,460.39,456.89,458.9,27,33248,0.1776
2025-08-26 11:45:00,24750,PE,1573.01,1579.97,1550.34,1569.68,226,35313,0.174
2025-08-26 11:45:00,24800,CE,472.13,482.91,467.37,471.0,198,34111,0.177
2025-08-26 11:45:00,24800,PE,1644.12,1664.34,1643.18,1653.69,125,34276,0.1751
2025-08-26 11:45:00,24850,CE,432.16,435.81,427.45,435.05,138,30876,0.1778
2025-08-26 11:45:00,24850,PE,1660.55,1684.75,1656.46,1679.81,158,31916,0.1766
2025-08-26 11:45:00,24900,CE,436.15,437.72,434.2,437.13,105,30486,0.1771
2025-08-26 11:45:00,24900,PE,1726.47,1764.41,1719.02,1734.51,91,33513,0.1762
2025-08-26 11:50:00,23500,CE,505.4,505.02,498.13,501.63,1263,31637,0.1776
2025-08-26 11:50:00,23500,PE,448.64,446.4,437.54,444.45,725,26294,0.175
2025-08-26 11:50:00,23550,CE,477.35,478.81,469.23,476.13,1380,35146,0.1802
2025-08-26 11:50:00,23550,PE,467.66,494.38,472.13,473.77,1463,28144,0.1782
2025-08-26 11:50:00,23600,CE,479.84,487.87,482.56,483.51,540,31033,0.1814
2025-08-26 11:50:00,23600,PE,469.45,473.11,469.35,470.34,1574,34448,0.1778
2025-08-26 11:50:00,23650,CE,474.63,482.5,472.04,476.3,552,35553,0.1783
2025-08-26 11:50:00,23650,PE,541.53,536.03,531.83,532.37,486,33608,0.1794
2025-08-26 11:50:00,23700,CE,451.85,457.72,451.1,455.57,1086,39757,0.1756
2025-08-26 11:50:00,23700,PE,613.42,620.73,603.51,605.4,117,37468,0.1796
2025-08-26 11:50:00,23750,CE,445.55,445.63,444.75,445.58,315,36384,0.1778
2025-08-26 11:50:00,23750,PE,630.41,650.37,639.78,641.85,824,34214,0.177
2025-08-26 11:50:00,23800,CE,472.86,473.47,469.34,472.89,450,41269,0.1791
2025-08-26 11:50:00,23800,PE,687.42,693.18,691.93,692.84,143,37156,0.1778
2025-08-26 11:50:00,23850,CE,453.24,460.26,451.77,454.36,309,43638,0.1764
2025-08-26 11:50:00,23850,PE,761.68,771.85,757.03,768.89,430,37003,0.1828
2025-08-26 11:50:00,23900,CE,445.81,444.43,444.37,444.41,50,44310,0.177
2025-08-26 11:50:00,23900,PE,802.2,807.59,801.82,804.84,169,45348,0.1787
2025-08-26 11:50:00,23950,CE,459.81,469.19,465.25,467.06,598,47306,0.1752
2025-08-26 11:50:00,23950,PE,853.02,857.32,847.33,847.53,486,48544,0.177
2025-08-26 11:50:00,24000,CE,466.71,480.45,467.49,471.02,552,54212,0.1801
2025-08-26 11:50:00,24000,PE,907.68,918.32,908.47,913.02,306,50943,0.1797
2025-08-26 11:50:00,24050,CE,460.1,463.81,457.35,458.65,212,57143,0.1757
2025-08-26 11:50:00,24050,PE,936.42,956.05,924.09,936.32,606,59871,0.1752
2025-08-26 11:50:00,24100,CE,436.85,448.92,430.07,438.19,324,57938,0.1783
2025-08-26 11:50:00,24100,PE,996.22,975.96,974.61,975.12,432,63469,0.1749
2025-08-26 11:50:00,24150,CE,458.03,463.14,450.6,458.33,204,69554,0.1756
2025-08-26 11:50:00,24150,PE,1069.56,1087.99,1061.97,1072.39,236,67673,0.1795
2025-08-26 11:50:00,24200,CE,473.68,467.66,465.89,467.34,400,79918,0.1751
2025-08-26 11:50:00,24200,PE,1081.37,1103.74,1089.14,1089.39,416,82357,0.1762
2025-08-26 11:50:00,24250,CE,457.53,460.49,453.42,453.68,494,77347,0.1784
2025-08-26 11:50:00,24250,PE,1126.95,1132.9,1127.27,1130.06,475,85655,0.1762
2025-08-26 11:50:00,24300,CE,442.23,450.78,446.22,448.59,98,70769,0.1778
2025-08-26 11:50:00,24300,PE,1175.56,1184.05,1172.39,1174.78,471,71834,0.1769
2025-08-26 11:50:00,24350,CE,458.11,476.05,465.82,468.48,414,62905,0.1761
2025-08-26 11:50:00,24350,PE,1228.4,1241.98,1221.2,1237.59,403,59537,0.177
2025-08-26 11:50:00,24400,CE,460.77,467.12,451.25,457.35,78,55241,0.1769
2025-08-26 11:50:00,24400,PE,1279.01,1284.72,1274.38,1275.0,383,60176,0.1784
2025-08-26 11:50:00,24450,CE,429.51,432.56,424.77,430.93,428,51098,0.177
2025-08-26 11:50:00,24450,PE,1335.03,1339.63,1324.15,1326.33,327,49882,0.1757
2025-08-26 11:50:00,24500,CE,448.22,449.33,439.98,445.42,81,48038,0.1807
2025-08-26 11:50:00,24500,PE,1400.81,1408.0,1392.67,1401.71,21,47833,0.1778
2025-08-26 11:50:00,24550,CE,463.67,462.78,452.96,455.01,95,40793,0.1758
2025-08-26 11:50:00,24550,PE,1445.54,1465.15,1423.11,1438.91,268,40094,0.1772
2025-08-26 11:50:00,24600,CE,429.7,437.94,431.0,432.81,244,45894,0.1779
2025-08-26 11:50:00,24600,PE,1479.46,1537.78,1486.06,1497.06,343,38862,0.1794
2025-08-26 11:50:00,24650,CE,447.8,452.94,446.25,451.43,127,41911,0.1765
2025-08-26 11:50:00,24650,PE,1559.6,1556.82,1546.01,1552.15,119,34555,0.173
2025-08-26 11:50:00,24700,CE,449.24,459.26,447.63,453.97,9,36844,0.1786
2025-08-26 11:50:00,24700,PE,1614.28,1612.65,1594.72,1599.32,251,35931,0.1755
2025-08-26 11:50:00,24750,CE,464.86,474.72,462.96,464.93,97,33471,0.1793
2025-08-26 11:50:00,24750,PE,1651.03,1663.89,1621.08,1650.59,135,34901,0.1795
2025-08-26 11:50:00,24800,CE,438.29,436.45,431.53,436.09,225,34058,0.1751
2025-08-26 11:50:00,24800,PE,1701.37,1687.17,1686.42,1686.85,221,34350,0.1749
2025-08-26 11:50:00,24850,CE,481.44,482.12,474.63,481.27,37,30335,0.1787
2025-08-26 11:50:00,24850,PE,1792.88,1777.58,1748.77,1776.53,36,31584,0.1773
2025-08-26 11:50:00,24900,CE,455.19,465.57,457.88,460.52,73,30988,0.1782
2025-08-26 11:50:00,24900,PE,1736.54,1749.59,1730.4,1742.53,243,33968,0.1787
2025-08-26 11:55:00,23500,CE,505.01,512.4,503.67,504.33,772,31423,0.1774
2025-08-26 11:55:00,23500,PE,413.69,419.0,408.45,413.83,660,26735,0.1766
2025-08-26 11:55:00,23550,CE,437.74,435.77,434.57,434.68,624,35305,0.1781
2025-08-26 11:55:00,23550,PE,459.22,460.02,448.63,453.22,270,28721,0.1776
2025-08-26 11:55:00,23600,CE,429.08,434.84,428.0,431.72,943,31592,0.1747
2025-08-26 11:55:00,23600,PE,531.27,546.63,527.24,529.8,446,34588,0.1763
2025-08-26 11:55:00,23650,CE,438.7,448.52,439.53,440.46,364,35514,0.1778
2025-08-26 11:55:00,23650,PE,567.81,577.9,563.38,569.17,424,33178,0.1781
2025-08-26 11:55:00,23700,CE,455.22,466.58,458.05,462.05,509,39793,0.1756
2025-08-26 11:55:00,23700,PE,654.36,657.18,648.08,649.3,193,37345,0.177
2025-08-26 11:55:00,23750,CE,420.5,427.75,415.57,424.55,109,36558,0.1768
2025-08-26 11:55:00,23750,PE,661.01,664.42,655.99,660.23,328,33721,0.1794
2025-08-26 11:55:00,23800,CE,497.18,499.69,490.2,493.71,479,41670,0.1773
2025-08-26 11:55:00,23800,PE,714.71,720.86,711.37,711.75,912,37716,0.1791
2025-08-26 11:55:00,23850,CE,474.14,472.64,465.1,470.05,157,43289,0.1755
2025-08-26 11:55:00,23850,PE,794.2,797.08,779.63,781.08,754,37162,0.1798
2025-08-26 11:55:00,23900,CE,442.92,440.89,437.77,439.5,428,44672,0.1787
2025-08-26 11:55:00,23900,PE,813.71,823.58,793.14,809.0,62,45413,0.177
2025-08-26 11:55:00,23950,CE,465.14,460.54,455.78,456.99,418,47828,0.1755
2025-08-26 11:55:00,23950,PE,872.32,886.35,879.97,880.19,343,48558,0.1823
2025-08-26 11:55:00,24000,CE,462.6,463.88,455.66,461.1,540,53936,0.1783
2025-08-26 11:55:00,24000,PE,883.92,886.04,877.85,885.36,57,50908,0.1805
2025-08-26 11:55:00,24050,CE,430.77,432.45,426.19,429.7,388,57128,0.1808
2025-08-26 11:55:00,24050,PE,945.22,952.69,943.95,947.14,448,59575,0.1758
2025-08-26 11:55:00,24100,CE,428.54,425.73,416.31,424.28,18,58282,0.1786
2025-08-26 11:55:00,24100,PE,1019.17,1028.47,1019.09,1027.4,505,63610,0.1781
2025-08-26 11:55:00,24150,CE,450.2,452.03,447.86,449.92,181,69398,0.1801
2025-08-26 11:55:00,24150,PE,1065.9,1074.07,1055.65,1064.8,273,67578,0.1767
2025-08-26 11:55:00,24200,CE,476.98,483.37,474.4,475.48,125,79764,0.1803
2025-08-26 11:55:00,24200,PE,1140.05,1138.07,1120.91,1136.23,164,82294,0.1756
2025-08-26 11:55:00,24250,CE,450.19,447.06,443.42,446.58,194,77380,0.1761
2025-08-26 11:55:00,24250,PE,1160.86,1155.05,1140.51,1148.41,407,85452,0.1751
2025-08-26 11:55:00,24300,CE,480.31,480.36,469.71,477.07,35,71150,0.1804
2025-08-26 11:55:00,24300,PE,1211.96,1240.93,1215.26,1216.38,95,72348,0.1799
2025-08-26 11:55:00,24350,CE,441.46,448.53,435.98,440.56,245,62932,0.1774
2025-08-26 11:55:00,24350,PE,1277.36,1294.08,1286.23,1290.97,191,59790,0.1757
2025-08-26 11:55:00,24400,CE,447.44,456.9,444.43,453.33,287,55757,0.1754
2025-08-26 11:55:00,24400,PE,1320.89,1325.89,1312.61,1317.28,14,59806,0.1777
2025-08-26 11:55:00,24450,CE,457.03,468.67,461.63,463.29,121,50725,0.1782
2025-08-26 11:55:00,24450,PE,1425.91,1441.26,1421.29,1431.62,397,49369,0.1793
2025-08-26 11:55:00,24500,CE,440.61,447.62,441.25,445.82,54,47968,0.1761
2025-08-26 11:55:00,24500,PE,1416.94,1437.06,1412.95,1420.53,111,47630,0.1771
2025-08-26 11:55:00,24550,CE,487.1,487.96,473.36,479.92,235,40865,0.1811
2025-08-26 11:55:00,24550,PE,1495.03,1521.53,1479.77,1489.62,334,40035,0.178
2025-08-26 11:55:00,24600,CE,437.5,446.39,439.94,442.12,349,45522,0.1779
2025-08-26 11:55:00,24600,PE,1524.89,1525.06,1510.22,1523.93,77,38731,0.1761
2025-08-26 11:55:00,24650,CE,444.06,445.02,442.67,444.72,47,41345,0.1781
2025-08-26 11:55:00,24650,PE,1595.77,1611.2,1561.29,1580.41,136,34599,0.1738
2025-08-26 11:55:00,24700,CE,466.19,468.56,457.34,463.39,100,36569,0.1795
2025-08-26 11:55:00,24700,PE,1608.68,1646.65,1593.79,1606.66,38,35465,0.1747
2025-08-26 11:55:00,24750,CE,463.34,473.12,472.63,472.93,296,32950,0.1784
2025-08-26 11:55:00,24750,PE,1645.0,1662.58,1637.74,1643.73,236,35158,0.1727
2025-08-26 11:55:00,24800,CE,465.51,475.56,463.18,467.51,70,33754,0.1785
2025-08-26 11:55:00,24800,PE,1731.92,1746.9,1730.92,1740.92,122,34540,0.1779
2025-08-26 11:55:00,24850,CE,431.06,439.51,431.62,432.75,16,30713,0.1745
2025-08-26 11:55:00,24850,PE,1766.55,1806.82,1755.37,1765.43,110,31583,0.177
2025-08-26 11:55:00,24900,CE,462.96,458.04,457.6,457.65,277,30547,0.1784
2025-08-26 11:55:00,24900,PE,1822.67,1857.83,1813.27,1819.27,288,34105,0.1767
2025-08-26 12:00:00,23500,CE,457.59,456.72,449.54,453.32,721,30908,0.1762
2025-08-26 12:00:00,23500,PE,438.19,442.27,433.76,434.22,136,27115,0.1792
2025-08-26 12:00:00,23550,CE,470.39,476.2,458.76,463.89,678,35618,0.1763
2025-08-26 12:00:00,23550,PE,464.89,467.08,463.32,464.44,1378,28603,0.1798
2025-08-26 12:00:00,23600,CE,492.47,490.43,487.89,489.59,464,31314,0.1777
2025-08-26 12:00:00,23600,PE,540.19,539.67,535.78,536.06,909,34839,0.1784
2025-08-26 12:00:00,23650,CE,470.15,472.76,468.77,468.95,446,35594,0.1757
2025-08-26 12:00:00,23650,PE,583.21,584.25,576.11,577.92,678,32752,0.1774
2025-08-26 12:00:00,23700,CE,460.01,463.27,460.38,461.2,588,40104,0.1749
2025-08-26 12:00:00,23700,PE,610.95,625.95,602.91,610.9,1061,37145,0.1779
2025-08-26 12:00:00,23750,CE,455.08,467.33,455.61,457.09,249,37030,0.1754
2025-08-26 12:00:00,23750,PE,679.22,690.25,679.97,685.0,914,34116,0.1772
2025-08-26 12:00:00,23800,CE,462.02,471.05,459.87,463.67,312,41400,0.1794
2025-08-26 12:00:00,23800,PE,738.61,744.77,731.79,737.19,569,37422,0.1762
2025-08-26 12:00:00,23850,CE,480.58,483.94,472.07,477.35,640,43166,0.1777
2025-08-26 12:00:00,23850,PE,799.93,805.6,789.63,804.74,280,37527,0.1745
2025-08-26 12:00:00,23900,CE,459.37,470.88,459.71,462.06,279,44228,0.1767
2025-08-26 12:00:00,23900,PE,847.66,849.29,835.15,838.27,610,45192,0.1762
2025-08-26 12:00:00,23950,CE,457.73,461.31,448.85,455.74,469,48018,0.1782
2025-08-26 12:00:00,23950,PE,909.14,911.46,902.81,904.76,69,47998,0.1786
2025-08-26 12:00:00,24000,CE,421.83,427.14,425.19,425.47,546,53403,0.1774
2025-08-26 12:00:00,24000,PE,946.14,956.64,924.76,934.18,227,51222,0.1795
2025-08-26 12:00:00,24050,CE,448.68,447.77,442.34,443.45,118,57154,0.1789
2025-08-26 12:00:00,24050,PE,983.47,977.14,960.29,976.92,80,59644,0.1826
2025-08-26 12:00:00,24100,CE,475.46,485.01,473.41,480.13,420,57980,0.1756
2025-08-26 12:00:00,24100,PE,1030.54,1029.39,1011.77,1022.15,171,63648,0.1753
2025-08-26 12:00:00,24150,CE,453.49,459.3,448.11,455.44,439,69452,0.1821
2025-08-26 12:00:00,24150,PE,1100.27,1110.65,1085.07,1099.97,390,67474,0.1748
2025-08-26 12:00:00,24200,CE,447.2,452.63,448.46,450.53,74,80321,0.1777
2025-08-26 12:00:00,24200,PE,1104.49,1123.12,1105.45,1119.3,419,81753,0.176
2025-08-26 12:00:00,24250,CE,419.28,428.19,418.31,425.3,143,77277,0.1782
2025-08-26 12:00:00,24250,PE,1184.01,1208.66,1174.83,1186.55,48,85880,0.1785
2025-08-26 12:00:00,24300,CE,471.7,486.44,475.59,475.65,88,70797,0.1784
2025-08-26 12:00:00,24300,PE,1272.9,1275.12,1256.67,1261.14,155,72869,0.1797
2025-08-26 12:00:00,24350,CE,457.6,458.83,452.08,453.83,108,62842,0.1768
2025-08-26 12:00:00,24350,PE,1275.71,1282.21,1267.03,1268.12,311,59377,0.1741
2025-08-26 12:00:00,24400,CE,476.39,479.47,473.95,477.32,45,55268,0.1765
2025-08-26 12:00:00,24400,PE,1330.01,1368.9,1321.65,1329.92,85,59598,0.1791
2025-08-26 12:00:00,24450,CE,470.36,473.3,467.81,470.49,391,51228,0.1776
2025-08-26 12:00:00,24450,PE,1390.28,1385.33,1362.65,1372.53,239,49895,0.1766
2025-08-26 12:00:00,24500,CE,436.72,443.84,436.71,437.55,17,48043,0.1734
2025-08-26 12:00:00,24500,PE,1412.66,1439.5,1419.34,1426.47,180,47171,0.1807
2025-08-26 12:00:00,24550,CE,453.46,461.77,447.16,454.49,215,40812,0.1767
2025-08-26 12:00:00,24550,PE,1497.01,1505.3,1486.32,1496.36,294,39936,0.1783
2025-08-26 12:00:00,24600,CE,447.39,453.1,440.96,446.57,161,45199,0.1788
2025-08-26 12:00:00,24600,PE,1500.82,1536.77,1492.2,1506.12,177,38222,0.1736
2025-08-26 12:00:00,24650,CE,437.18,446.19,439.75,439.91,204,41202,0.1743
2025-08-26 12:00:00,24650,PE,1575.9,1614.63,1581.95,1592.71,101,34445,0.1793
2025-08-26 12:00:00,24700,CE,490.74,494.27,486.58,491.52,307,36813,0.1785
2025-08-26 12:00:00,24700,PE,1623.5,1618.87,1613.07,1614.72,293,35338,0.1764
2025-08-26 12:00:00,24750,CE,475.75,479.99,466.51,471.5,134,32365,0.1783
2025-08-26 12:00:00,24750,PE,1681.07,1686.62,1673.27,1682.15,228,34582,0.1766
2025-08-26 12:00:00,24800,CE,420.12,424.3,418.66,421.42,313,33979,0.176
2025-08-26 12:00:00,24800,PE,1734.23,1753.95,1713.58,1731.68,152,34732,0.1781
2025-08-26 12:00:00,24850,CE,450.75,459.8,443.15,450.77,309,30305,0.1784
2025-08-26 12:00:00,24850,PE,1797.45,1821.5,1797.54,1800.77,233,32022,0.1744
2025-08-26 12:00:00,24900,CE,432.34,433.76,433.44,433.66,179,30742,0.1741
2025-08-26 12:00:00,24900,PE,1795.11,1818.89,1782.87,1810.28,155,33689,0.1777
2025-08-26 12:05:00,23500,CE,449.35,452.58,446.04,446.47,1687,30653,0.1805
2025-08-26 12:05:00,23500,PE,423.89,435.31,425.25,428.13,680,27683,0.1765
2025-08-26 12:05:00,23550,CE,443.8,447.53,442.6,446.22,105,35507,0.1785
2025-08-26 12:05:00,23550,PE,495.9,496.51,487.28,495.27,825,28287,0.1758
2025-08-26 12:05:00,23600,CE,454.85,459.44,443.89,450.54,864,31342,0.1772
2025-08-26 12:05:00,23600,PE,585.31,592.68,580.65,583.0,350,34485,0.1799
2025-08-26 12:05:00,23650,CE,457.17,470.29,453.71,460.55,338,35944,0.1768
2025-08-26 12:05:00,23650,PE,612.5,618.35,613.91,614.01,599,33105,0.1752
2025-08-26 12:05:00,23700,CE,472.95,480.93,478.51,478.79,736,40465,0.1767
2025-08-26 12:05:00,23700,PE,646.37,652.11,645.48,650.74,873,37285,0.1827
2025-08-26 12:05:00,23750,CE,477.25,482.94,479.1,482.25,342,37262,0.1776
2025-08-26 12:05:00,23750,PE,771.49,777.89,755.33,764.53,873,33901,0.1788
2025-08-26 12:05:00,23800,CE,433.02,436.99,430.66,431.02,419,41854,0.1778
2025-08-26 12:05:00,23800,PE,787.51,784.72,782.69,783.98,511,36994,0.1767
2025-08-26 12:05:00,23850,CE,432.24,435.22,432.49,432.88,281,42871,0.1755
2025-08-26 12:05:00,23850,PE,818.69,826.96,809.12,825.01,379,38118,0.178
2025-08-26 12:05:00,23900,CE,492.8,493.53,483.05,488.38,609,44780,0.178
2025-08-26 12:05:00,23900,PE,852.01,857.59,844.94,854.14,539,45201,0.1801
2025-08-26 12:05:00,23950,CE,469.07,483.88,477.49,477.66,448,48016,0.1791
2025-08-26 12:05:00,23950,PE,912.92,919.81,902.33,913.59,38,47538,0.1736
2025-08-26 12:05:00,24000,CE,467.06,478.1,472.84,473.48,355,53594,0.1761
2025-08-26 12:05:00,24000,PE,1003.98,1019.79,996.3,996.72,167,50659,0.1784
2025-08-26 12:05:00,24050,CE,469.48,474.74,462.17,469.68,50,56931,0.1773
2025-08-26 12:05:00,24050,PE,1026.07,1020.63,1017.16,1020.32,513,59546,0.1748
2025-08-26 12:05:00,24100,CE,467.84,473.87,465.33,465.77,546,58452,0.1784
2025-08-26 12:05:00,24100,PE,1061.92,1078.57,1045.81,1055.31,483,64210,0.1752
2025-08-26 12:05:00,24150,CE,468.05,466.37,458.94,464.29,135,70020,0.18
2025-08-26 12:05:00,24150,PE,1122.92,1129.95,1107.41,1123.31,491,67832,0.1763
2025-08-26 12:05:00,24200,CE,452.6,458.95,449.75,451.91,103,80068,0.176
2025-08-26 12:05:00,24200,PE,1132.7,1166.28,1153.55,1154.54,331,81207,0.1787
2025-08-26 12:05:00,24250,CE,460.21,462.82,450.05,458.91,396,77187,0.1804
2025-08-26 12:05:00,24250,PE,1195.55,1199.03,1182.12,1197.22,18,85636,0.175
2025-08-26 12:05:00,24300,CE,475.15,477.16,473.78,474.07,185,70983,0.1782
2025-08-26 12:05:00,24300,PE,1250.18,1264.65,1237.92,1250.96,279,72714,0.1761
2025-08-26 12:05:00,24350,CE,442.51,451.64,447.09,449.9,274,63310,0.1771
2025-08-26 12:05:00,24350,PE,1325.39,1352.42,1313.76,1325.17,158,59225,0.1739
2025-08-26 12:05:00,24400,CE,454.44,450.1,446.29,448.68,48,55121,0.1773
2025-08-26 12:05:00,24400,PE,1388.85,1379.87,1367.84,1379.63,124,59908,0.1781
2025-08-26 12:05:00,24450,CE,456.08,463.96,459.98,460.53,51,51336,0.1764
2025-08-26 12:05:00,24450,PE,1480.05,1493.96,1472.72,1479.93,312,49601,0.1822
2025-08-26 12:05:00,24500,CE,435.22,439.6,432.97,436.8,32,48255,0.1753
2025-08-26 12:05:00,24500,PE,1481.07,1461.74,1447.42,1456.72,230,47246,0.1791
2025-08-26 12:05:00,24550,CE,448.75,445.6,440.95,445.26,328,40336,0.1788
2025-08-26 12:05:00,24550,PE,1500.69,1520.48,1496.94,1508.79,78,39896,0.1771
2025-08-26 12:05:00,24600,CE,465.75,472.28,458.85,461.12,204,45701,0.1804
2025-08-26 12:05:00,24600,PE,1566.98,1605.91,1584.89,1585.31,224,37876,0.1755
2025-08-26 12:05:00,24650,CE,460.85,464.59,454.49,459.62,296,41099,0.1785
2025-08-26 12:05:00,24650,PE,1615.95,1634.75,1615.23,1617.37,301,34176,0.1775
2025-08-26 12:05:00,24700,CE,443.66,447.99,440.55,444.07,266,36857,0.1794
2025-08-26 12:05:00,24700,PE,1674.49,1685.83,1663.25,1666.38,188,35908,0.1776
2025-08-26 12:05:00,24750,CE,441.26,447.75,434.98,440.57,54,32136,0.1769
2025-08-26 12:05:00,24750,PE,1729.79,1710.5,1698.56,1708.36,63,34981,0.1753
2025-08-26 12:05:00,24800,CE,455.58,458.41,450.89,454.87,268,34384,0.1806
2025-08-26 12:05:00,24800,PE,1804.27,1805.97,1784.63,1791.84,78,34443,0.1777
2025-08-26 12:05:00,24850,CE,419.43,420.33,411.54,418.1,125,30632,0.1746
2025-08-26 12:05:00,24850,PE,1818.0,1812.63,1786.84,1811.39,230,32607,0.1765
2025-08-26 12:05:00,24900,CE,490.71,494.15,479.99,487.38,232,31286,0.18
2025-08-26 12:05:00,24900,PE,1864.85,1859.83,1846.74,1850.95,82,33815,0.1768
2025-08-26 12:10:00,23500,CE,422.68,430.36,423.79,426.55,887,30235,0.1759
2025-08-26 12:10:00,23500,PE,466.55,467.25,462.53,464.03,1555,27226,0.1741
2025-08-26 12:10:00,23550,CE,470.44,478.21,474.91,475.47,1208,35227,0.1785
2025-08-26 12:10:00,23550,PE,499.82,510.55,501.36,502.99,330,28408,0.1767
2025-08-26 12:10:00,23600,CE,502.57,509.79,494.83,501.51,588,31205,0.1802
2025-08-26 12:10:00,23600,PE,563.72,572.37,557.41,558.48,1117,34723,0.1781
2025-08-26 12:10:00,23650,CE,434.63,433.62,429.26,433.42,676,36289,0.1775
2025-08-26 12:10:00,23650,PE,643.4,643.05,633.57,642.37,886,32721,0.1777
2025-08-26 12:10:00,23700,CE,466.65,483.37,467.02,468.53,446,40951,0.1764
2025-08-26 12:10:00,23700,PE,659.59,671.05,660.79,664.05,809,36757,0.1763
2025-08-26 12:10:00,23750,CE,452.79,460.67,449.74,453.87,232,36979,0.1773
2025-08-26 12:10:00,23750,PE,707.95,719.95,707.72,709.56,469,34278,0.1788
2025-08-26 12:10:00,23800,CE,439.32,439.99,431.37,435.47,406,41474,0.1761
2025-08-26 12:10:00,23800,PE,776.59,775.79,761.46,767.18,466,36658,0.1763
2025-08-26 12:10:00,23850,CE,482.17,477.05,471.98,476.43,521,43441,0.1773
2025-08-26 12:10:00,23850,PE,825.15,832.22,821.15,824.54,487,38612,0.1785
2025-08-26 12:10:00,23900,CE,470.46,471.84,464.39,470.82,391,45155,0.1762
2025-08-26 12:10:00,23900,PE,900.52,921.88,876.16,889.68,667,44809,0.1772
2025-08-26 12:10:00,23950,CE,449.58,453.6,446.38,450.6,444,47722,0.1776
2025-08-26 12:10:00,23950,PE,919.05,916.72,895.34,910.08,65,47220,0.1776
2025-08-26 12:10:00,24000,CE,435.27,442.33,435.14,435.71,97,53220,0.1757
2025-08-26 12:10:00,24000,PE,972.04,998.2,965.86,981.53,14,51223,0.1768
2025-08-26 12:10:00,24050,CE,423.24,435.58,421.46,426.29,262,56530,0.1771
2025-08-26 12:10:00,24050,PE,1033.86,1052.68,1027.77,1028.49,207,59842,0.1791
2025-08-26 12:10:00,24100,CE,444.45,439.86,435.25,438.0,352,57913,0.1773
2025-08-26 12:10:00,24100,PE,1085.22,1090.38,1071.17,1077.09,89,64262,0.1769
2025-08-26 12:10:00,24150,CE,439.84,445.55,436.52,440.74,508,69505,0.1763
2025-08-26 12:10:00,24150,PE,1101.56,1099.61,1090.09,1099.08,452,67306,0.1776
2025-08-26 12:10:00,24200,CE,450.01,452.97,446.08,449.8,250,79744,0.1785
2025-08-26 12:10:00,24200,PE,1179.1,1194.67,1182.08,1187.52,215,81717,0.1752
2025-08-26 12:10:00,24250,CE,439.49,444.7,441.96,442.99,108,77353,0.1811
2025-08-26 12:10:00,24250,PE,1215.39,1221.28,1203.1,1212.61,163,85817,0.1746
2025-08-26 12:10:00,24300,CE,436.78,451.8,439.9,440.54,31,70740,0.174
2025-08-26 12:10:00,24300,PE,1279.45,1278.64,1260.15,1266.98,433,72982,0.1759
2025-08-26 12:10:00,24350,CE,455.89,461.12,451.2,455.06,406,63527,0.1765
2025-08-26 12:10:00,24350,PE,1334.42,1354.82,1339.55,1341.15,85,59179,0.182
2025-08-26 12:10:00,24400,CE,400.39,404.5,401.97,403.17,365,55340,0.1799
2025-08-26 12:10:00,24400,PE,1386.35,1403.07,1374.15,1398.11,219,60348,0.1794
2025-08-26 12:10:00,24450,CE,459.81,471.95,457.46,463.45,51,51888,0.1812
2025-08-26 12:10:00,24450,PE,1454.46,1452.38,1426.97,1433.63,56,50196,0.1763
2025-08-26 12:10:00,24500,CE,449.31,449.37,448.99,449.29,309,48240,0.1784
2025-08-26 12:10:00,24500,PE,1472.3,1476.45,1464.57,1469.95,185,46685,0.176
2025-08-26 12:10:00,24550,CE,459.78,462.69,459.77,460.51,120,40011,0.1779
2025-08-26 12:10:00,24550,PE,1500.38,1513.88,1504.23,1510.29,262,39532,0.1743
2025-08-26 12:10:00,24600,CE,479.63,484.69,476.16,480.75,287,45461,0.1828
2025-08-26 12:10:00,24600,PE,1572.97,1570.69,1563.28,1568.22,303,37708,0.1751
2025-08-26 12:10:00,24650,CE,446.39,448.9,445.66,445.72,260,41301,0.1769
2025-08-26 12:10:00,24650,PE,1619.42,1628.94,1607.85,1626.26,340,34206,0.1783
2025-08-26 12:10:00,24700,CE,415.03,417.35,416.59,416.95,120,37036,0.1794
2025-08-26 12:10:00,24700,PE,1665.69,1683.75,1658.54,1667.45,15,36474,0.1735
2025-08-26 12:10:00,24750,CE,470.71,477.6,464.3,466.04,219,31594,0.1797
2025-08-26 12:10:00,24750,PE,1704.01,1730.05,1710.26,1720.21,59,34398,0.1771
2025-08-26 12:10:00,24800,CE,446.68,447.31,440.66,445.09,209,34582,0.1755
2025-08-26 12:10:00,24800,PE,1758.42,1811.79,1757.09,1758.89,55,34498,0.1706
2025-08-26 12:10:00,24850,CE,487.97,489.56,483.91,488.3,150,30611,0.177
2025-08-26 12:10:00,24850,PE,1809.01,1835.35,1791.92,1809.39,188,33030,0.1762
2025-08-26 12:10:00,24900,CE,458.34,457.91,453.53,454.85,268,30876,0.1806
2025-08-26 12:10:00,24900,PE,1862.68,1885.33,1846.15,1878.92,277,33903,0.1797
2025-08-26 12:15:00,23500,CE,452.98,457.45,451.7,456.64,289,30753,0.1804
2025-08-26 12:15:00,23500,PE,495.18,497.33,492.09,494.17,565,27161,0.1776
2025-08-26 12:15:00,23550,CE,432.06,434.4,431.36,432.21,1252,35322,0.1769
2025-08-26 12:15:00,23550,PE,565.99,571.86,557.99,569.24,203,27891,0.1792
2025-08-26 12:15:00,23600,CE,442.89,448.32,445.5,446.73,943,31024,0.1753
2025-08-26 12:15:00,23600,PE,619.61,629.83,621.4,624.62,131,34172,0.1745
2025-08-26 12:15:00,23650,CE,455.21,462.37,449.99,452.55,972,36375,0.1774
2025-08-26 12:15:00,23650,PE,660.27,672.32,653.79,660.04,546,32829,0.1758
2025-08-26 12:15:00,23700,CE,442.14,443.93,437.54,438.98,399,41492,0.1751
2025-08-26 12:15:00,23700,PE,733.03,750.96,734.08,738.46,567,36923,0.1768
2025-08-26 12:15:00,23750,CE,434.77,452.06,438.83,439.54,763,36382,0.1778
2025-08-26 12:15:00,23750,PE,741.71,745.21,736.06,739.62,281,34677,0.1757
2025-08-26 12:15:00,23800,CE,438.0,442.49,429.27,433.68,87,41269,0.1796
2025-08-26 12:15:00,23800,PE,850.5,851.24,842.85,846.24,139,36915,0.1775
2025-08-26 12:15:00,23850,CE,429.68,429.93,422.19,425.88,616,43157,0.1757
2025-08-26 12:15:00,23850,PE,865.32,855.9,846.37,853.85,504,38924,0.1791
2025-08-26 12:15:00,23900,CE,476.5,472.96,468.71,470.13,615,45667,0.1787
2025-08-26 12:15:00,23900,PE,939.2,939.0,913.73,935.67,315,44304,0.1779
2025-08-26 12:15:00,23950,CE,429.53,439.4,433.39,433.76,475,47775,0.1768
2025-08-26 12:15:00,23950,PE,949.83,964.97,943.54,954.55,297,47268,0.1769
2025-08-26 12:15:00,24000,CE,456.26,450.94,448.25,448.36,388,52963,0.1765
2025-08-26 12:15:00,24000,PE,1047.36,1051.52,1041.5,1042.57,202,51033,0.1777
2025-08-26 12:15:00,24050,CE,465.07,471.27,465.55,467.2,282,56741,0.1781
2025-08-26 12:15:00,24050,PE,1088.26,1102.86,1086.63,1097.44,32,59593,0.1798
2025-08-26 12:15:00,24100,CE,453.46,450.17,447.8,449.94,391,57349,0.1798
2025-08-26 12:15:00,24100,PE,1091.42,1104.43,1083.36,1099.98,426,64585,0.1741
2025-08-26 12:15:00,24150,CE,442.29,445.39,436.09,437.86,167,69655,0.1794
2025-08-26 12:15:00,24150,PE,1165.9,1182.31,1159.99,1168.41,252,67006,0.1777
2025-08-26 12:15:00,24200,CE,458.17,466.84,460.65,461.02,78,80297,0.1783
2025-08-26 12:15:00,24200,PE,1183.59,1196.07,1167.55,1172.1,415,82195,0.1759
2025-08-26 12:15:00,24250,CE,438.39,440.74,434.85,435.96,71,77910,0.1743
2025-08-26 12:15:00,24250,PE,1247.51,1267.02,1254.04,1254.35,290,85831,0.1771
2025-08-26 12:15:00,24300,CE,467.32,472.43,459.3,462.93,155,70422,0.1791
2025-08-26 12:15:00,24300,PE,1306.82,1348.88,1288.22,1309.24,147,72590,0.1762
2025-08-26 12:15:00,24350,CE,447.27,446.42,441.02,443.38,334,64065,0.1789
2025-08-26 12:15:00,24350,PE,1377.91,1401.21,1372.26,1381.88,407,59647,0.1793
2025-08-26 12:15:00,24400,CE,446.35,449.16,444.6,446.63,59,55629,0.1752
2025-08-26 12:15:00,24400,PE,1433.95,1434.84,1420.98,1432.24,347,60360,0.175
2025-08-26 12:15:00,24450,CE,468.42,472.99,468.89,469.44,219,51749,0.1752
2025-08-26 12:15:00,24450,PE,1431.32,1452.79,1443.55,1446.32,320,50440,0.1774
2025-08-26 12:15:00,24500,CE,439.76,441.35,438.68,439.01,237,47651,0.1769
2025-08-26 12:15:00,24500,PE,1482.71,1520.63,1477.65,1494.78,359,46714,0.1755
2025-08-26 12:15:00,24550,CE,424.88,428.72,426.41,426.46,345,40225,0.1761
2025-08-26 12:15:00,24550,PE,1540.84,1575.78,1556.48,1565.02,190,39836,0.173
2025-08-26 12:15:00,24600,CE,462.27,463.81,461.91,463.78,90,45402,0.1781
2025-08-26 12:15:00,24600,PE,1609.86,1643.54,1632.65,1635.71,14,38002,0.1799
2025-08-26 12:15:00,24650,CE,452.67,450.47,442.84,449.99,112,40816,0.1759
2025-08-26 12:15:00,24650,PE,1641.08,1663.97,1619.51,1639.15,268,33885,0.1851
2025-08-26 12:15:00,24700,CE,463.39,471.9,460.11,464.36,77,36609,0.1777
2025-08-26 12:15:00,24700,PE,1697.06,1750.74,1701.25,1719.94,198,36281,0.1754
2025-08-26 12:15:00,24750,CE,464.29,467.23,457.57,463.77,181,31407,0.1794
2025-08-26 12:15:00,24750,PE,1731.61,1770.23,1756.33,1759.05,238,34246,0.1774
2025-08-26 12:15:00,24800,CE,462.13,464.18,455.9,457.84,243,34540,0.1756
2025-08-26 12:15:00,24800,PE,1808.92,1850.46,1803.21,1821.3,9,34421,0.1769
2025-08-26 12:15:00,24850,CE,444.36,455.44,443.43,449.51,76,30599,0.1756
2025-08-26 12:15:00,24850,PE,1883.5,1940.42,1864.76,1888.72,41,33333,0.1786
2025-08-26 12:15:00,24900,CE,440.21,446.94,442.56,442.88,181,30446,0.1777
2025-08-26 12:15:00,24900,PE,1877.14,1918.71,1885.92,1888.26,281,33723,0.1725
2025-08-26 12:20:00,23500,CE,445.89,451.65,438.53,445.95,340,30153,0.1758
2025-08-26 12:20:00,23500,PE,512.3,510.17,503.59,507.23,395,26594,0.1756
2025-08-26 12:20:00,23550,CE,445.05,449.22,427.88,440.95,651,35449,0.1792
2025-08-26 12:20:00,23550,PE,543.68,549.8,543.14,544.75,503,28342,0.1791
2025-08-26 12:20:00,23600,CE,449.38,457.82,446.15,451.21,1131,30791,0.1746
2025-08-26 12:20:00,23600,PE,621.77,627.18,618.05,626.69,753,34054,0.1783
2025-08-26 12:20:00,23650,CE,428.07,428.6,421.57,425.16,299,36026,0.177
2025-08-26 12:20:00,23650,PE,681.08,692.85,688.37,689.02,554,32400,0.1793
2025-08-26 12:20:00,23700,CE,482.26,491.53,480.64,481.95,642,41952,0.1787
2025-08-26 12:20:00,23700,PE,714.98,719.38,702.01,712.06,358,37009,0.18
2025-08-26 12:20:00,23750,CE,464.14,471.16,462.91,467.16,845,36627,0.1743
2025-08-26 12:20:00,23750,PE,744.18,755.64,740.11,747.27,358,35135,0.1777
2025-08-26 12:20:00,23800,CE,496.24,498.71,487.56,489.72,46,41375,0.1777
2025-08-26 12:20:00,23800,PE,846.16,846.8,841.24,844.07,210,36531,0.1776
2025-08-26 12:20:00,23850,CE,484.73,484.1,480.0,481.67,387,43412,0.1764
2025-08-26 12:20:00,23850,PE,844.18,850.66,834.76,846.16,548,39221,0.1748
2025-08-26 12:20:00,23900,CE,466.29,470.66,456.47,462.55,206,45563,0.1779
2025-08-26 12:20:00,23900,PE,885.92,904.17,887.79,893.21,87,44444,0.1814
2025-08-26 12:20:00,23950,CE,437.78,439.1,436.15,436.93,519,47756,0.1768
2025-08-26 12:20:00,23950,PE,998.51,984.69,975.32,980.66,208,47067,0.1807
2025-08-26 12:20:00,24000,CE,438.37,442.58,439.53,440.62,396,53169,0.1741
2025-08-26 12:20:00,24000,PE,1038.47,1063.23,1040.88,1041.7,293,50729,0.179
2025-08-26 12:20:00,24050,CE,432.7,434.03,429.63,432.47,239,56533,0.1776
2025-08-26 12:20:00,24050,PE,1065.64,1082.8,1075.19,1077.33,64,59479,0.1799
2025-08-26 12:20:00,24100,CE,476.12,483.46,479.65,480.0,459,57486,0.1769
2025-08-26 12:20:00,24100,PE,1110.1,1119.18,1117.27,1117.53,79,65007,0.1752
2025-08-26 12:20:00,24150,CE,449.92,457.19,446.95,450.84,115,69792,0.1771
2025-08-26 12:20:00,24150,PE,1134.36,1135.75,1127.63,1132.79,293,67277,0.1763
2025-08-26 12:20:00,24200,CE,473.89,471.6,469.59,471.13,374,80048,0.1803
2025-08-26 12:20:00,24200,PE,1187.18,1191.12,1180.89,1188.66,380,82299,0.1754
2025-08-26 12:20:00,24250,CE,448.95,467.22,446.95,448.37,167,77434,0.174
2025-08-26 12:20:00,24250,PE,1235.85,1243.47,1218.72,1230.57,267,85786,0.1751
2025-08-26 12:20:00,24300,CE,444.87,455.64,439.98,442.23,212,70649,0.1763
2025-08-26 12:20:00,24300,PE,1313.77,1327.37,1318.53,1325.52,316,72205,0.1784
2025-08-26 12:20:00,24350,CE,456.81,469.5,455.43,456.3,130,64547,0.1768
2025-08-26 12:20:00,24350,PE,1381.26,1402.25,1385.46,1388.59,255,59547,0.1771
2025-08-26 12:20:00,24400,CE,461.19,467.12,460.81,465.3,396,55834,0.1781
2025-08-26 12:20:00,24400,PE,1416.55,1436.22,1389.53,1406.3,347,60323,0.1754
2025-08-26 12:20:00,24450,CE,463.42,464.44,461.14,463.05,69,52027,0.1789
2025-08-26 12:20:00,24450,PE,1457.08,1497.24,1443.72,1454.18,320,50541,0.1783
2025-08-26 12:20:00,24500,CE,471.51,471.93,465.57,466.92,166,47198,0.1769
2025-08-26 12:20:00,24500,PE,1494.32,1518.48,1481.6,1498.61,97,47223,0.1772
2025-08-26 12:20:00,24550,CE,439.32,449.38,443.1,443.39,66,40417,0.1741
2025-08-26 12:20:00,24550,PE,1568.48,1578.37,1551.19,1563.57,242,39802,0.1793
2025-08-26 12:20:00,24600,CE,454.62,463.63,450.97,458.87,349,45613,0.1804
2025-08-26 12:20:00,24600,PE,1605.23,1610.03,1599.88,1606.05,338,37715,0.1765
2025-08-26 12:20:00,24650,CE,457.74,451.14,448.61,450.35,252,41138,0.1785
2025-08-26 12:20:00,24650,PE,1660.17,1689.99,1665.14,1673.72,311,33778,0.1763
2025-08-26 12:20:00,24700,CE,465.11,472.42,461.19,465.66,112,36975,0.1788
2025-08-26 12:20:00,24700,PE,1697.78,1718.48,1680.38,1689.57,236,36009,0.1758
2025-08-26 12:20:00,24750,CE,479.87,483.2,478.44,482.38,100,31755,0.1768
2025-08-26 12:20:00,24750,PE,1751.15,1766.37,1747.97,1749.26,182,34734,0.1739
2025-08-26 12:20:00,24800,CE,464.62,462.13,450.4,457.47,195,35116,0.1795
2025-08-26 12:20:00,24800,PE,1828.13,1830.75,1816.76,1827.23,103,34753,0.1801
2025-08-26 12:20:00,24850,CE,423.27,425.27,419.45,423.1,60,30843,0.1761
2025-08-26 12:20:00,24850,PE,1865.87,1903.78,1852.18,1872.12,127,33356,0.1797
2025-08-26 12:20:00,24900,CE,432.88,444.14,427.26,434.1,234,29972,0.1746
2025-08-26 12:20:00,24900,PE,1886.85,1922.53,1909.28,1914.49,68,33794,0.1789
2025-08-26 12:25:00,23500,CE,459.0,452.75,445.59,450.79,681,30228,0.1769
2025-08-26 12:25:00,23500,PE,495.11,496.18,480.37,492.79,707,26071,0.1765
2025-08-26 12:25:00,23550,CE,416.26,419.04,415.31,418.84,1297,35677,0.1766
2025-08-26 12:25:00,23550,PE,542.28,549.71,535.24,535.73,852,27920,0.1813
2025-08-26 12:25:00,23600,CE,450.62,455.25,451.43,452.53,256,30906,0.1777
2025-08-26 12:25:00,23600,PE,610.19,616.12,602.09,611.03,83,34021,0.1774
2025-08-26 12:25:00,23650,CE,481.76,484.34,477.38,479.35,965,36476,0.1808
2025-08-26 12:25:00,23650,PE,614.71,613.3,609.63,613.24,566,32078,0.1765
2025-08-26 12:25:00,23700,CE,449.0,451.64,442.5,446.24,86,41557,0.1775
2025-08-26 12:25:00,23700,PE,683.25,686.55,680.45,683.86,285,37070,0.1794
2025-08-26 12:25:00,23750,CE,421.75,432.19,423.22,426.38,650,36579,0.176
2025-08-26 12:25:00,23750,PE,730.91,741.73,722.54,731.82,739,34728,0.1784
2025-08-26 12:25:00,23800,CE,458.82,479.06,454.8,462.4,354,41511,0.1803
2025-08-26 12:25:00,23800,PE,801.46,806.85,792.02,797.66,56,37017,0.1754
2025-08-26 12:25:00,23850,CE,485.0,479.23,473.59,478.55,752,43700,0.181
2025-08-26 12:25:00,23850,PE,817.7,827.69,819.67,820.39,535,38872,0.1774
2025-08-26 12:25:00,23900,CE,436.85,438.35,434.97,436.72,137,45249,0.1783
2025-08-26 12:25:00,23900,PE,934.39,933.18,920.43,932.54,105,44513,0.1805
2025-08-26 12:25:00,23950,CE,449.32,457.84,445.25,450.46,629,47969,0.1748
2025-08-26 12:25:00,23950,PE,903.34,908.25,884.59,901.13,579,47641,0.1734
2025-08-26 12:25:00,24000,CE,448.75,451.72,443.43,451.03,411,52694,0.1798
2025-08-26 12:25:00,24000,PE,974.69,984.46,967.54,975.23,573,50784,0.1764
2025-08-26 12:25:00,24050,CE,442.44,443.32,435.16,439.48,321,57117,0.1807
2025-08-26 12:25:00,24050,PE,1029.04,1041.94,1021.72,1029.56,399,59012,0.1796
2025-08-26 12:25:00,24100,CE,445.26,449.33,443.13,449.06,421,58053,0.1749
2025-08-26 12:25:00,24100,PE,1059.91,1077.78,1055.25,1070.14,137,64961,0.177
2025-08-26 12:25:00,24150,CE,428.21,442.73,428.13,431.14,61,70052,0.1788
2025-08-26 12:25:00,24150,PE,1135.89,1141.68,1126.04,1141.42,81,67187,0.18
2025-08-26 12:25:00,24200,CE,465.56,469.42,467.1,467.83,324,80457,0.1766
2025-08-26 12:25:00,24200,PE,1202.38,1215.64,1207.46,1207.97,163,82789,0.1773
2025-08-26 12:25:00,24250,CE,464.36,463.84,460.16,461.27,18,77033,0.1792
2025-08-26 12:25:00,24250,PE,1221.31,1243.93,1223.52,1230.0,62,86082,0.1743
2025-08-26 12:25:00,24300,CE,488.33,490.45,478.77,482.07,167,70073,0.1782
2025-08-26 12:25:00,24300,PE,1281.15,1272.65,1264.54,1269.72,356,71937,0.1774
2025-08-26 12:25:00,24350,CE,431.07,439.22,426.8,427.79,295,64609,0.1799
2025-08-26 12:25:00,24350,PE,1330.05,1335.78,1320.72,1325.81,54,59670,0.1765
2025-08-26 12:25:00,24400,CE,461.59,464.98,454.47,460.59,356,55672,0.1734
2025-08-26 12:25:00,24400,PE,1348.06,1379.24,1364.01,1369.96,345,60047,0.178
2025-08-26 12:25:00,24450,CE,467.94,472.29,466.11,466.39,116,51632,0.1759
2025-08-26 12:25:00,24450,PE,1451.71,1457.9,1445.46,1450.59,88,50228,0.1754
2025-08-26 12:25:00,24500,CE,492.67,488.4,485.48,488.09,249,46754,0.1843
2025-08-26 12:25:00,24500,PE,1516.75,1508.6,1492.44,1506.57,210,46936,0.1804
2025-08-26 12:25:00,24550,CE,457.89,467.7,462.66,463.99,58,40802,0.1765
2025-08-26 12:25:00,24550,PE,1513.04,1540.29,1517.15,1523.88,201,39547,0.1791
2025-08-26 12:25:00,24600,CE,445.37,451.94,441.86,447.48,228,46102,0.1748
2025-08-26 12:25:00,24600,PE,1584.58,1629.51,1564.13,1581.12,104,37409,0.1783
2025-08-26 12:25:00,24650,CE,437.36,447.98,434.82,439.31,235,41128,0.179
2025-08-26 12:25:00,24650,PE,1634.32,1662.78,1621.98,1632.69,232,33379,0.1788
2025-08-26 12:25:00,24700,CE,449.49,453.65,449.13,452.61,308,36395,0.1769
2025-08-26 12:25:00,24700,PE,1710.84,1705.91,1684.54,1694.06,94,36159,0.177
2025-08-26 12:25:00,24750,CE,461.74,463.31,459.09,459.35,169,31560,0.1748
2025-08-26 12:25:00,24750,PE,1731.61,1747.57,1716.36,1723.4,312,34548,0.1759
2025-08-26 12:25:00,24800,CE,447.75,447.62,443.56,444.52,212,35005,0.1761
2025-08-26 12:25:00,24800,PE,1776.66,1774.99,1755.68,1772.7,139,35086,0.1754
2025-08-26 12:25:00,24850,CE,479.34,488.39,480.75,482.34,109,30722,0.1736
2025-08-26 12:25:00,24850,PE,1833.18,1865.99,1837.16,1855.13,236,32859,0.1786
2025-08-26 12:25:00,24900,CE,458.76,471.83,464.76,466.18,129,29706,0.1779
2025-08-26 12:25:00,24900,PE,1902.33,1949.8,1869.47,1884.89,143,33885,0.1758
2025-08-26 12:30:00,23500,CE,447.5,449.14,442.82,445.17,748,30820,0.1742
2025-08-26 12:30:00,23500,PE,452.15,445.42,433.76,443.67,1560,25642,0.1769
2025-08-26 12:30:00,23550,CE,461.79,466.16,455.86,460.0,1037,35465,0.1805
2025-08-26 12:30:00,23550,PE,467.87,466.48,465.53,465.76,1150,27902,0.1759
2025-08-26 12:30:00,23600,CE,483.55,484.89,474.37,477.59,1315,31439,0.18
2025-08-26 12:30:00,23600,PE,555.48,568.67,564.75,566.9,99,33551,0.1784
2025-08-26 12:30:00,23650,CE,469.22,467.46,460.3,466.92,47,36828,0.1807
2025-08-26 12:30:00,23650,PE,588.51,593.19,575.67,590.22,292,32345,0.1782
2025-08-26 12:30:00,23700,CE,466.85,464.84,460.69,463.73,371,41324,0.1757
2025-08-26 12:30:00,23700,PE,654.42,660.74,648.91,652.96,659,37398,0.1757
2025-08-26 12:30:00,23750,CE,469.87,477.7,470.76,470.81,559,36668,0.1752
2025-08-26 12:30:00,23750,PE,655.17,660.37,657.02,658.33,722,34333,0.1793
2025-08-26 12:30:00,23800,CE,462.37,463.38,450.27,460.9,531,41253,0.1802
2025-08-26 12:30:00,23800,PE,734.55,740.25,727.59,735.81,150,36811,0.1771
2025-08-26 12:30:00,23850,CE,464.3,464.95,457.7,459.7,167,43487,0.1771
2025-08-26 12:30:00,23850,PE,809.8,816.7,780.56,805.29,32,39167,0.1759
2025-08-26 12:30:00,23900,CE,474.24,479.69,475.9,477.3,270,45441,0.1782
2025-08-26 12:30:00,23900,PE,824.35,837.39,829.04,831.1,568,44896,0.1818
2025-08-26 12:30:00,23950,CE,431.54,434.61,430.35,430.38,65,47981,0.1758
2025-08-26 12:30:00,23950,PE,901.4,907.71,894.62,896.02,298,47461,0.1782
2025-08-26 12:30:00,24000,CE,464.02,473.11,468.03,468.89,530,52175,0.1788
2025-08-26 12:30:00,24000,PE,974.18,987.73,966.21,973.95,210,51137,0.1794
2025-08-26 12:30:00,24050,CE,475.13,483.9,475.34,478.2,248,56606,0.1784
2025-08-26 12:30:00,24050,PE,975.18,979.67,976.56,978.77,115,58773,0.1764
2025-08-26 12:30:00,24100,CE,454.65,459.59,451.19,454.17,151,58255,0.1763
2025-08-26 12:30:00,24100,PE,1032.25,1047.91,1027.45,1038.87,107,65278,0.1742
2025-08-26 12:30:00,24150,CE,463.58,462.88,459.06,460.66,176,69534,0.1756
2025-08-26 12:30:00,24150,PE,1095.77,1106.46,1088.33,1092.0,15,67316,0.1774
2025-08-26 12:30:00,24200,CE,451.7,457.6,452.94,455.37,383,80021,0.1766
2025-08-26 12:30:00,24200,PE,1124.4,1124.03,1086.55,1116.53,166,83097,0.1756
2025-08-26 12:30:00,24250,CE,437.71,437.23,433.03,435.33,429,77308,0.1788
2025-08-26 12:30:00,24250,PE,1229.73,1230.95,1209.43,1216.94,308,86379,0.1773
2025-08-26 12:30:00,24300,CE,433.12,435.7,428.97,432.59,145,69549,0.1763
2025-08-26 12:30:00,24300,PE,1241.39,1247.57,1233.98,1240.36,268,72008,0.1762
2025-08-26 12:30:00,24350,CE,457.93,468.62,457.64,459.04,362,64298,0.1759
2025-08-26 12:30:00,24350,PE,1262.42,1279.6,1242.44,1266.25,400,59664,0.1759
2025-08-26 12:30:00,24400,CE,454.33,455.66,453.04,453.66,193,56259,0.1771
2025-08-26 12:30:00,24400,PE,1349.07,1403.83,1355.14,1357.76,236,59555,0.1796
2025-08-26 12:30:00,24450,CE,438.92,443.08,437.27,437.46,109,51744,0.1778
2025-08-26 12:30:00,24450,PE,1358.09,1391.4,1354.03,1365.28,100,49825,0.1747
2025-08-26 12:30:00,24500,CE,479.31,482.67,477.12,480.36,122,46766,0.1769
2025-08-26 12:30:00,24500,PE,1421.74,1458.25,1421.54,1437.15,42,46961,0.1792
2025-08-26 12:30:00,24550,CE,475.16,483.11,477.53,480.77,278,40749,0.1785
2025-08-26 12:30:00,24550,PE,1492.3,1488.5,1484.51,1486.25,266,39714,0.1777
2025-08-26 12:30:00,24600,CE,500.22,504.72,493.93,500.16,185,46671,0.1784
2025-08-26 12:30:00,24600,PE,1540.73,1549.33,1531.56,1538.48,226,37775,0.1781
2025-08-26 12:30:00,24650,CE,464.1,474.3,464.47,465.08,228,41678,0.1738
2025-08-26 12:30:00,24650,PE,1569.09,1571.71,1570.15,1570.81,155,33006,0.1759
2025-08-26 12:30:00,24700,CE,440.71,439.67,434.96,437.46,66,36986,0.1744
2025-08-26 12:30:00,24700,PE,1622.49,1652.03,1608.47,1623.7,274,35925,0.1743
2025-08-26 12:30:00,24750,CE,487.25,487.32,475.1,483.86,150,31000,0.1787
2025-08-26 12:30:00,24750,PE,1659.69,1682.16,1669.77,1672.38,315,34471,0.1796
2025-08-26 12:30:00,24800,CE,427.41,432.37,421.47,427.33,126,34700,0.1723
2025-08-26 12:30:00,24800,PE,1766.84,1794.45,1730.06,1737.49,31,35400,0.1739
2025-08-26 12:30:00,24850,CE,440.38,447.44,441.1,444.58,73,30226,0.1798
2025-08-26 12:30:00,24850,PE,1806.15,1855.53,1791.84,1801.74,303,32916,0.1747
2025-08-26 12:30:00,24900,CE,489.48,489.12,481.35,487.75,27,29453,0.18
2025-08-26 12:30:00,24900,PE,1796.99,1817.9,1812.39,1813.76,168,33533,0.1763
2025-08-26 12:35:00,23500,CE,473.98,468.15,458.18,466.65,1540,31270,0.1765
2025-08-26 12:35:00,23500,PE,508.22,515.08,503.83,504.97,1380,25660,0.177
2025-08-26 12:35:00,23550,CE,403.46,407.61,402.39,404.06,1330,35255,0.1755
2025-08-26 12:35:00,23550,PE,526.17,543.31,524.6,530.87,757,28197,0.1759
2025-08-26 12:35:00,23600,CE,437.45,455.82,442.59,443.65,609,31862,0.1759
2025-08-26 12:35:00,23600,PE,588.61,589.02,578.57,584.35,140,33481,0.1771
2025-08-26 12:35:00,23650,CE,450.52,453.31,450.7,451.55,882,36446,0.1785
2025-08-26 12:35:00,23650,PE,663.29,656.99,646.36,653.14,418,32938,0.1799
2025-08-26 12:35:00,23700,CE,465.96,463.83,457.42,459.56,594,41154,0.1778
2025-08-26 12:35:00,23700,PE,693.45,691.11,683.85,690.47,358,37044,0.175
2025-08-26 12:35:00,23750,CE,474.88,486.28,483.74,483.86,646,36191,0.1761
2025-08-26 12:35:00,23750,PE,761.31,766.9,761.45,763.11,193,33881,0.1743
2025-08-26 12:35:00,23800,CE,492.06,487.15,475.6,482.89,609,41784,0.1773
2025-08-26 12:35:00,23800,PE,783.85,813.43,784.28,794.49,82,37346,0.1784
2025-08-26 12:35:00,23850,CE,468.69,475.37,458.8,469.32,683,43496,0.1795
2025-08-26 12:35:00,23850,PE,864.23,860.32,848.73,851.39,39,39397,0.1767
2025-08-26 12:35:00,23900,CE,477.66,486.73,471.63,478.11,368,45840,0.177
2025-08-26 12:35:00,23900,PE,894.39,908.17,903.63,905.95,212,44964,0.1741
2025-08-26 12:35:00,23950,CE,469.51,474.6,465.93,471.68,579,48181,0.1765
2025-08-26 12:35:00,23950,PE,946.99,965.17,940.09,953.32,422,48021,0.1792
2025-08-26 12:35:00,24000,CE,445.02,446.91,440.14,443.78,303,51782,0.1776
2025-08-26 12:35:00,24000,PE,978.97,1004.42,972.77,982.26,594,50703,0.1757
2025-08-26 12:35:00,24050,CE,477.69,487.1,478.0,479.7,320,56909,0.1782
2025-08-26 12:35:00,24050,PE,1024.75,1043.29,1029.83,1031.07,453,59016,0.1773
2025-08-26 12:35:00,24100,CE,471.53,472.23,461.79,463.69,235,57878,0.1788
2025-08-26 12:35:00,24100,PE,1096.85,1131.67,1100.94,1111.01,29,65040,0.1778
2025-08-26 12:35:00,24150,CE,460.46,463.58,451.66,456.98,500,69756,0.1736
2025-08-26 12:35:00,24150,PE,1126.11,1145.93,1119.31,1137.46,214,67309,0.176
2025-08-26 12:35:00,24200,CE,459.68,464.49,452.61,459.48,168,80493,0.1761
2025-08-26 12:35:00,24200,PE,1212.55,1210.5,1194.94,1206.54,226,83501,0.1794
2025-08-26 12:35:00,24250,CE,450.39,456.52,447.01,454.61,31,77292,0.18
2025-08-26 12:35:00,24250,PE,1228.53,1233.1,1214.52,1227.51,284,86579,0.1757
2025-08-26 12:35:00,24300,CE,460.46,454.33,452.91,453.39,17,69721,0.1774
2025-08-26 12:35:00,24300,PE,1309.07,1321.4,1279.02,1295.19,375,71518,0.1776
2025-08-26 12:35:00,24350,CE,481.62,483.53,472.78,474.78,145,64208,0.1791
2025-08-26 12:35:00,24350,PE,1316.22,1313.88,1308.09,1311.87,113,59591,0.1752
2025-08-26 12:35:00,24400,CE,456.1,463.93,458.74,459.21,366,56735,0.1796
2025-08-26 12:35:00,24400,PE,1404.6,1410.58,1410.0,1410.49,248,60017,0.178
2025-08-26 12:35:00,24450,CE,461.12,465.6,456.42,460.45,321,51213,0.1754
2025-08-26 12:35:00,24450,PE,1424.96,1467.92,1440.73,1441.1,155,50239,0.1754
2025-08-26 12:35:00,24500,CE,427.65,436.5,418.32,422.74,170,46900,0.1772
2025-08-26 12:35:00,24500,PE,1495.92,1542.41,1501.23,1524.37,159,46380,0.1758
2025-08-26 12:35:00,24550,CE,452.4,457.41,451.18,452.32,208,40606,0.1789
2025-08-26 12:35:00,24550,PE,1545.8,1574.82,1542.09,1547.78,283,40179,0.1769
2025-08-26 12:35:00,24600,CE,441.64,444.5,435.34,438.44,42,46500,0.175
2025-08-26 12:35:00,24600,PE,1632.04,1638.19,1630.4,1630.97,141,37986,0.178
2025-08-26 12:35:00,24650,CE,429.19,430.03,424.54,427.74,138,41756,0.177
2025-08-26 12:35:00,24650,PE,1704.59,1708.25,1661.72,1674.16,309,33113,0.1777
2025-08-26 12:35:00,24700,CE,444.9,449.73,445.02,446.93,37,36962,0.1786
2025-08-26 12:35:00,24700,PE,1657.22,1670.89,1648.13,1657.57,291,35903,0.1791
2025-08-26 12:35:00,24750,CE,453.45,453.99,441.97,448.73,312,31483,0.1742
2025-08-26 12:35:00,24750,PE,1789.76,1766.66,1736.94,1737.87,87,34367,0.1756
2025-08-26 12:35:00,24800,CE,452.25,456.63,446.95,451.72,61,34329,0.1764
2025-08-26 12:35:00,24800,PE,1764.53,1815.55,1795.76,1797.59,116,35303,0.1759
2025-08-26 12:35:00,24850,CE,458.13,462.66,457.25,460.46,108,30505,0.1728
2025-08-26 12:35:00,24850,PE,1832.82,1865.78,1829.64,1837.78,49,32886,0.1772
2025-08-26 12:35:00,24900,CE,437.87,446.2,438.36,440.96,258,29731,0.1734
2025-08-26 12:35:00,24900,PE,1891.88,1907.34,1899.13,1899.96,63,33220,0.179
2025-08-26 12:40:00,23500,CE,448.85,454.9,445.72,447.38,1608,31369,0.1759
2025-08-26 12:40:00,23500,PE,437.95,441.15,432.11,438.14,1529,26097,0.1754
2025-08-26 12:40:00,23550,CE,418.51,419.07,413.3,414.16,666,35290,0.1789
2025-08-26 12:40:00,23550,PE,529.53,540.64,520.66,530.0,559,28361,0.1807
2025-08-26 12:40:00,23600,CE,437.18,443.42,431.23,434.7,844,32076,0.1794
2025-08-26 12:40:00,23600,PE,585.95,592.58,580.1,584.98,1111,33768,0.1779
2025-08-26 12:40:00,23650,CE,456.08,459.01,443.75,451.71,133,36266,0.1787
2025-08-26 12:40:00,23650,PE,609.47,615.75,609.42,611.57,658,33090,0.176
2025-08-26 12:40:00,23700,CE,450.17,447.57,442.72,443.47,887,41053,0.1801
2025-08-26 12:40:00,23700,PE,688.47,690.44,680.2,682.83,844,36913,0.1808
2025-08-26 12:40:00,23750,CE,489.52,496.81,483.65,487.57,148,36161,0.1805
2025-08-26 12:40:00,23750,PE,752.05,753.91,742.3,747.2,151,33770,0.1792
2025-08-26 12:40:00,23800,CE,451.38,456.2,445.06,449.66,216,41215,0.1755
2025-08-26 12:40:00,23800,PE,782.4,784.8,777.33,781.27,568,37636,0.1796
2025-08-26 12:40:00,23850,CE,461.83,464.44,462.67,463.82,114,43597,0.1782
2025-08-26 12:40:00,23850,PE,821.87,813.64,803.03,808.16,399,38962,0.1786
2025-08-26 12:40:00,23900,CE,429.0,433.28,425.91,430.46,446,45553,0.1792
2025-08-26 12:40:00,23900,PE,879.15,894.3,873.98,878.78,598,45097,0.1795
2025-08-26 12:40:00,23950,CE,460.25,458.73,453.98,458.61,85,48202,0.178
2025-08-26 12:40:00,23950,PE,931.57,936.81,934.49,936.43,88,48289,0.1799
2025-08-26 12:40:00,24000,CE,463.14,462.83,459.93,461.32,195,51769,0.1757
2025-08-26 12:40:00,24000,PE,1024.55,1021.18,993.64,1001.95,444,51116,0.1789
2025-08-26 12:40:00,24050,CE,456.29,461.16,455.67,458.68,310,56401,0.1774
2025-08-26 12:40:00,24050,PE,976.38,994.92,966.99,981.72,161,59151,0.1761
2025-08-26 12:40:00,24100,CE,474.93,480.71,469.32,471.18,32,57723,0.1805
2025-08-26 12:40:00,24100,PE,1069.02,1060.77,1051.18,1056.08,188,64808,0.1786
2025-08-26 12:40:00,24150,CE,438.02,441.47,435.92,439.42,508,70288,0.1786
2025-08-26 12:40:00,24150,PE,1129.22,1141.16,1113.23,1116.57,479,67745,0.1773
2025-08-26 12:40:00,24200,CE,439.91,446.65,438.55,439.22,452,80113,0.173
2025-08-26 12:40:00,24200,PE,1174.95,1185.72,1162.52,1177.36,204,82969,0.1781
2025-08-26 12:40:00,24250,CE,450.59,451.04,447.32,450.12,385,77732,0.1758
2025-08-26 12:40:00,24250,PE,1224.07,1243.12,1232.54,1242.08,21,86182,0.1796
2025-08-26 12:40:00,24300,CE,393.21,401.0,393.21,394.67,83,70234,0.1761
2025-08-26 12:40:00,24300,PE,1240.94,1273.24,1250.13,1264.5,364,71250,0.1745
2025-08-26 12:40:00,24350,CE,509.57,521.07,501.39,504.78,26,64101,0.1788
2025-08-26 12:40:00,24350,PE,1281.64,1307.12,1295.23,1304.72,259,59044,0.1769
2025-08-26 12:40:00,24400,CE,445.46,450.61,441.23,444.15,200,56780,0.1768
2025-08-26 12:40:00,24400,PE,1381.04,1378.81,1377.85,1378.26,412,59643,0.1811
2025-08-26 12:40:00,24450,CE,455.9,457.85,451.72,452.42,79,51130,0.1767
2025-08-26 12:40:00,24450,PE,1372.38,1372.59,1366.85,1372.57,133,50742,0.1759
2025-08-26 12:40:00,24500,CE,451.26,458.17,445.05,453.04,306,46603,0.1757
2025-08-26 12:40:00,24500,PE,1443.57,1464.96,1451.84,1454.3,134,46541,0.1715
2025-08-26 12:40:00,24550,CE,445.25,451.96,440.15,446.24,326,40248,0.1783
2025-08-26 12:40:00,24550,PE,1522.55,1547.18,1504.92,1511.48,114,40310,0.1733
2025-08-26 12:40:00,24600,CE,426.9,433.57,427.48,429.61,310,46246,0.1774
2025-08-26 12:40:00,24600,PE,1574.05,1594.91,1537.34,1567.59,171,38203,0.1781
2025-08-26 12:40:00,24650,CE,444.83,449.86,445.25,445.5,151,42080,0.1769
2025-08-26 12:40:00,24650,PE,1595.67,1608.51,1578.18,1594.42,181,33569,0.1753
2025-08-26 12:40:00,24700,CE,461.16,467.88,452.11,460.04,206,37464,0.1775
2025-08-26 12:40:00,24700,PE,1652.32,1644.41,1626.11,1626.71,289,35592,0.179
2025-08-26 12:40:00,24750,CE,417.64,423.42,414.11,416.64,292,31037,0.1778
2025-08-26 12:40:00,24750,PE,1741.85,1755.31,1719.58,1720.83,95,33825,0.1772
2025-08-26 12:40:00,24800,CE,459.31,462.77,453.31,454.4,37,34593,0.176
2025-08-26 12:40:00,24800,PE,1769.51,1781.5,1737.47,1756.32,39,34927,0.1758
2025-08-26 12:40:00,24850,CE,457.85,467.94,458.61,461.16,127,30865,0.1787
2025-08-26 12:40:00,24850,PE,1801.64,1858.41,1796.37,1800.14,248,33443,0.1791
2025-08-26 12:40:00,24900,CE,472.86,473.07,471.34,473.01,20,29308,0.1782
2025-08-26 12:40:00,24900,PE,1861.73,1868.63,1837.83,1856.56,120,32959,0.1776
2025-08-26 12:45:00,23500,CE,443.8,443.63,436.34,442.73,190,31397,0.1767
2025-08-26 12:45:00,23500,PE,471.07,473.59,468.63,470.47,810,26013,0.1779
2025-08-26 12:45:00,23550,CE,444.47,448.22,446.45,447.52,55,35201,0.1753
2025-08-26 12:45:00,23550,PE,528.09,534.1,529.42,529.72,677,28021,0.1784
2025-08-26 12:45:00,23600,CE,468.97,469.67,458.38,467.24,1011,32543,0.1785
2025-08-26 12:45:00,23600,PE,556.4,570.43,561.22,563.49,1178,33985,0.1797
2025-08-26 12:45:00,23650,CE,476.31,476.04,470.57,474.57,766,35850,0.1804
2025-08-26 12:45:00,23650,PE,630.57,636.35,628.97,629.49,454,32495,0.1764
2025-08-26 12:45:00,23700,CE,469.32,473.9,462.88,470.12,573,41368,0.1803
2025-08-26 12:45:00,23700,PE,720.27,720.55,701.25,712.76,682,36332,0.183
2025-08-26 12:45:00,23750,CE,493.34,502.4,495.25,500.32,517,36617,0.1765
2025-08-26 12:45:00,23750,PE,737.74,729.48,723.88,729.28,107,33805,0.1754
2025-08-26 12:45:00,23800,CE,446.78,455.4,446.38,451.29,220,41731,0.1759
2025-08-26 12:45:00,23800,PE,760.97,782.05,765.64,766.9,469,37962,0.1747
2025-08-26 12:45:00,23850,CE,442.72,456.0,445.43,445.49,412,44070,0.1764
2025-08-26 12:45:00,23850,PE,849.86,866.2,848.0,852.98,231,39254,0.1777
2025-08-26 12:45:00,23900,CE,437.66,439.2,432.77,434.07,315,45644,0.1794
2025-08-26 12:45:00,23900,PE,874.14,884.39,864.31,870.27,497,44704,0.1762
2025-08-26 12:45:00,23950,CE,455.99,465.3,453.08,459.72,584,48475,0.1803
2025-08-26 12:45:00,23950,PE,898.79,900.1,889.47,900.01,281,48399,0.1766
2025-08-26 12:45:00,24000,CE,474.74,485.93,476.68,477.63,420,51714,0.1768
2025-08-26 12:45:00,24000,PE,959.78,981.25,960.95,962.9,403,51186,0.1778
2025-08-26 12:45:00,24050,CE,427.13,428.65,425.46,427.24,463,56079,0.1769
2025-08-26 12:45:00,24050,PE,999.65,1010.31,991.24,1003.54,12,59036,0.1768
2025-08-26 12:45:00,24100,CE,457.45,462.09,454.36,456.53,462,57272,0.1777
2025-08-26 12:45:00,24100,PE,1046.07,1076.72,1045.8,1052.0,482,64699,0.1762
2025-08-26 12:45:00,24150,CE,453.54,449.4,445.29,447.57,117,70248,0.1755
2025-08-26 12:45:00,24150,PE,1128.48,1127.72,1106.28,1123.5,431,68174,0.1801
2025-08-26 12:45:00,24200,CE,420.54,420.24,411.91,417.87,311,80145,0.1778
2025-08-26 12:45:00,24200,PE,1131.91,1149.39,1131.43,1133.74,406,83459,0.1748
2025-08-26 12:45:00,24250,CE,449.89,452.38,447.2,447.67,382,78293,0.1756
2025-08-26 12:45:00,24250,PE,1222.59,1216.47,1204.37,1215.15,399,85640,0.1774
2025-08-26 12:45:00,24300,CE,478.66,488.03,469.88,476.6,16,70350,0.1771
2025-08-26 12:45:00,24300,PE,1276.51,1273.42,1256.02,1270.94,437,71009,0.1766
2025-08-26 12:45:00,24350,CE,476.85,477.17,474.55,475.07,422,64522,0.1759
2025-08-26 12:45:00,24350,PE,1327.12,1342.22,1328.98,1332.07,67,59036,0.1782
2025-08-26 12:45:00,24400,CE,451.99,462.02,457.09,457.24,97,56273,0.1786
2025-08-26 12:45:00,24400,PE,1371.21,1365.92,1363.71,1364.2,291,59301,0.1768
2025-08-26 12:45:00,24450,CE,445.96,453.52,449.55,449.69,227,51338,0.1798
2025-08-26 12:45:00,24450,PE,1419.45,1446.01,1419.34,1428.77,177,50237,0.1808
2025-08-26 12:45:00,24500,CE,464.9,472.33,446.4,460.65,32,46457,0.1789
2025-08-26 12:45:00,24500,PE,1430.74,1443.29,1428.96,1439.91,22,46986,0.1724
2025-08-26 12:45:00,24550,CE,478.31,483.08,476.98,478.06,66,39683,0.1785
2025-08-26 12:45:00,24550,PE,1513.77,1520.73,1485.62,1500.44,57,40545,0.1736
2025-08-26 12:45:00,24600,CE,414.39,428.46,409.77,418.26,213,46456,0.1751
2025-08-26 12:45:00,24600,PE,1539.15,1562.88,1542.25,1552.98,128,37987,0.1744
2025-08-26 12:45:00,24650,CE,445.94,448.11,446.52,447.87,234,41615,0.1804
2025-08-26 12:45:00,24650,PE,1562.5,1588.95,1568.78,1587.88,139,33091,0.1808
2025-08-26 12:45:00,24700,CE,457.3,468.49,461.65,462.18,144,38027,0.1765
2025-08-26 12:45:00,24700,PE,1654.44,1662.96,1628.48,1657.43,285,35804,0.1781
2025-08-26 12:45:00,24750,CE,451.43,447.05,443.66,445.14,214,30888,0.177
2025-08-26 12:45:00,24750,PE,1738.2,1732.23,1721.98,1731.56,229,34225,0.1754
2025-08-26 12:45:00,24800,CE,459.22,470.28,462.29,464.69,177,34117,0.1769
2025-08-26 12:45:00,24800,PE,1772.63,1826.0,1764.29,1783.87,219,34479,0.1779
2025-08-26 12:45:00,24850,CE,472.41,479.05,475.4,476.58,101,30502,0.179
2025-08-26 12:45:00,24850,PE,1822.04,1857.69,1809.71,1833.92,19,33759,0.1765
2025-08-26 12:45:00,24900,CE,433.77,433.91,431.87,433.2,191,29198,0.1766
2025-08-26 12:45:00,24900,PE,1908.87,1924.65,1901.51,1914.08,115,33130,0.1763
2025-08-26 12:50:00,23500,CE,469.57,473.77,465.49,471.6,875,31075,0.1785
2025-08-26 12:50:00,23500,PE,409.32,417.37,413.27,416.28,794,26345,0.1762
2025-08-26 12:50:00,23550,CE,473.13,481.62,474.18,476.92,939,35562,0.1797
2025-08-26 12:50:00,23550,PE,469.44,474.6,466.61,466.64,866,27916,0.1766
2025-08-26 12:50:00,23600,CE,437.15,442.21,437.32,437.87,1072,32194,0.1746
2025-08-26 12:50:00,23600,PE,536.55,539.77,533.22,539.65,909,34141,0.1771
2025-08-26 12:50:00,23650,CE,468.61,478.24,464.76,465.88,363,35557,0.1824
2025-08-26 12:50:00,23650,PE,587.52,592.99,574.82,577.42,124,32072,0.1805
2025-08-26 12:50:00,23700,CE,472.5,489.3,476.02,476.81,122,41506,0.1777
2025-08-26 12:50:00,23700,PE,610.3,620.28,608.47,612.33,152,36347,0.1749
2025-08-26 12:50:00,23750,CE,457.46,458.99,443.86,450.24,126,36957,0.1776
2025-08-26 12:50:00,23750,PE,676.09,696.76,680.75,681.51,685,33555,0.18
2025-08-26 12:50:00,23800,CE,479.42,491.05,478.47,482.04,675,41401,0.1805
2025-08-26 12:50:00,23800,PE,706.91,716.78,711.38,711.52,585,38130,0.1776
2025-08-26 12:50:00,23850,CE,452.64,453.44,441.32,451.07,372,44311,0.1774
2025-08-26 12:50:00,23850,PE,770.46,782.6,769.07,779.58,793,39150,0.1788
2025-08-26 12:50:00,23900,CE,473.01,476.65,467.89,469.0,227,45574,0.1777
2025-08-26 12:50:00,23900,PE,824.55,831.43,825.75,827.63,443,44252,0.1782
2025-08-26 12:50:00,23950,CE,472.06,472.07,457.96,469.19,688,48438,0.1765
2025-08-26 12:50:00,23950,PE,856.27,872.16,839.78,855.2,691,48952,0.1786
2025-08-26 12:50:00,24000,CE,416.82,430.33,414.91,415.21,52,51250,0.1768
2025-08-26 12:50:00,24000,PE,940.9,937.63,923.13,934.56,130,51267,0.178
2025-08-26 12:50:00,24050,CE,485.05,486.13,481.82,483.27,228,55501,0.1793
2025-08-26 12:50:00,24050,PE,1046.54,1056.27,1042.16,1051.63,357,58826,0.1835
2025-08-26 12:50:00,24100,CE,478.75,484.19,471.51,475.78,498,57585,0.1771
2025-08-26 12:50:00,24100,PE,1005.37,1019.99,993.0,1003.89,499,64779,0.1797
2025-08-26 12:50:00,24150,CE,427.87,429.28,426.63,428.73,390,69745,0.1783
2025-08-26 12:50:00,24150,PE,1130.43,1136.06,1121.0,1124.1,425,68116,0.1812
2025-08-26 12:50:00,24200,CE,434.07,441.41,433.26,433.74,10,79639,0.1775
2025-08-26 12:50:00,24200,PE,1088.69,1104.88,1079.19,1099.97,168,83307,0.1755
2025-08-26 12:50:00,24250,CE,434.86,439.49,427.26,434.08,111,78615,0.1766
2025-08-26 12:50:00,24250,PE,1149.43,1185.08,1160.99,1166.63,228,85349,0.1788
2025-08-26 12:50:00,24300,CE,477.56,484.14,473.7,476.7,323,70294,0.1765
2025-08-26 12:50:00,24300,PE,1237.11,1260.82,1224.93,1242.86,373,71009,0.18
2025-08-26 12:50:00,24350,CE,467.56,460.2,451.16,459.01,343,64945,0.1792
2025-08-26 12:50:00,24350,PE,1260.11,1307.84,1269.44,1270.31,43,58581,0.1775
2025-08-26 12:50:00,24400,CE,438.65,452.7,434.8,443.14,320,56333,0.1791
2025-08-26 12:50:00,24400,PE,1292.99,1313.39,1297.56,1300.88,110,58737,0.1744
2025-08-26 12:50:00,24450,CE,458.52,460.55,456.33,457.69,399,50850,0.1786
2025-08-26 12:50:00,24450,PE,1311.71,1348.28,1320.34,1333.38,196,49901,0.1764
2025-08-26 12:50:00,24500,CE,471.54,466.92,459.46,464.48,162,46720,0.1778
2025-08-26 12:50:00,24500,PE,1413.22,1447.4,1407.58,1417.28,207,46435,0.1792
2025-08-26 12:50:00,24550,CE,473.23,470.84,467.14,468.08,39,40217,0.179
2025-08-26 12:50:00,24550,PE,1428.61,1451.42,1437.54,1441.05,101,40458,0.1763
2025-08-26 12:50:00,24600,CE,462.83,469.36,462.93,464.24,292,46862,0.1785
2025-08-26 12:50:00,24600,PE,1547.0,1559.1,1528.66,1536.69,109,37653,0.1796
2025-08-26 12:50:00,24650,CE,461.55,466.15,455.74,462.47,159,41420,0.1776
2025-08-26 12:50:00,24650,PE,1568.44,1574.74,1566.43,1573.71,252,33363,0.1764
2025-08-26 12:50:00,24700,CE,460.25,463.34,459.23,460.85,94,37882,0.1772
2025-08-26 12:50:00,24700,PE,1628.46,1654.37,1624.18,1624.9,253,35812,0.1789
2025-08-26 12:50:00,24750,CE,461.17,467.4,461.63,464.16,186,31259,0.179
2025-08-26 12:50:00,24750,PE,1718.71,1741.58,1693.9,1711.33,219,34406,0.1778
2025-08-26 12:50:00,24800,CE,472.63,483.02,474.76,475.58,158,34520,0.1768
2025-08-26 12:50:00,24800,PE,1725.81,1744.55,1714.47,1727.66,12,33982,0.1768
2025-08-26 12:50:00,24850,CE,457.39,461.69,446.18,451.18,213,30631,0.1757
2025-08-26 12:50:00,24850,PE,1830.57,1806.51,1789.38,1797.19,91,33880,0.1734
2025-08-26 12:50:00,24900,CE,422.92,436.6,426.86,426.86,36,29326,0.1773
2025-08-26 12:50:00,24900,PE,1845.72,1835.59,1821.48,1824.68,112,33236,0.1765
2025-08-26 12:55:00,23500,CE,486.69,486.53,484.28,485.14,576,31343,0.1779
2025-08-26 12:55:00,23500,PE,447.19,454.57,439.94,449.03,206,26757,0.1787
2025-08-26 12:55:00,23550,CE,482.2,485.45,480.21,484.78,836,35237,0.1806
2025-08-26 12:55:00,23550,PE,460.87,459.8,455.45,455.49,1601,27441,0.1769
2025-08-26 12:55:00,23600,CE,427.39,435.52,424.17,431.43,776,31682,0.1753
2025-08-26 12:55:00,23600,PE,513.87,526.62,512.55,516.15,1285,33731,0.1782
2025-08-26 12:55:00,23650,CE,427.03,430.05,426.13,428.17,329,35744,0.178
2025-08-26 12:55:00,23650,PE,618.8,633.57,612.75,615.8,1106,31971,0.1826
2025-08-26 12:55:00,23700,CE,448.79,450.88,446.68,450.31,302,41325,0.1781
2025-08-26 12:55:00,23700,PE,634.13,644.81,636.28,637.35,1019,36838,0.1766
2025-08-26 12:55:00,23750,CE,455.26,462.36,456.24,459.83,136,37437,0.1789
2025-08-26 12:55:00,23750,PE,657.24,677.88,656.05,660.51,842,33601,0.1769
2025-08-26 12:55:00,23800,CE,456.72,462.12,454.21,456.42,243,41351,0.178
2025-08-26 12:55:00,23800,PE,717.56,717.18,710.29,710.36,707,37854,0.1798
2025-08-26 12:55:00,23850,CE,422.09,431.51,422.61,424.69,295,44262,0.1792
2025-08-26 12:55:00,23850,PE,757.93,770.61,752.47,755.87,68,39043,0.1751
2025-08-26 12:55:00,23900,CE,491.21,499.84,485.84,490.24,113,44982,0.1769
2025-08-26 12:55:00,23900,PE,827.26,833.99,824.15,829.56,305,44562,0.1745
2025-08-26 12:55:00,23950,CE,441.66,445.07,437.15,441.43,701,48364,0.176
2025-08-26 12:55:00,23950,PE,898.1,900.63,885.55,894.78,540,48619,0.1806
2025-08-26 12:55:00,24000,CE,445.59,448.71,441.63,445.37,427,51449,0.1778
2025-08-26 12:55:00,24000,PE,930.64,951.17,917.4,930.81,228,51204,0.1759
2025-08-26 12:55:00,24050,CE,480.54,480.05,479.23,479.73,421,55277,0.1772
2025-08-26 12:55:00,24050,PE,985.21,1006.1,985.49,996.96,380,58502,0.1791
2025-08-26 12:55:00,24100,CE,479.16,485.38,468.88,477.76,319,57055,0.177
2025-08-26 12:55:00,24100,PE,990.72,1013.48,999.72,1007.05,267,64782,0.1739
2025-08-26 12:55:00,24150,CE,471.55,475.49,462.32,473.69,460,69595,0.1807
2025-08-26 12:55:00,24150,PE,1096.27,1121.19,1112.64,1112.68,12,67564,0.1765
2025-08-26 12:55:00,24200,CE,447.6,450.84,444.88,448.66,287,80013,0.1809
2025-08-26 12:55:00,24200,PE,1124.03,1111.44,1106.56,1106.72,469,83676,0.1796
2025-08-26 12:55:00,24250,CE,446.49,450.61,444.37,444.59,175,78603,0.1784
2025-08-26 12:55:00,24250,PE,1186.87,1176.19,1167.49,1170.6,444,85755,0.1777
2025-08-26 12:55:00,24300,CE,445.69,454.73,447.22,448.54,220,70271,0.1737
2025-08-26 12:55:00,24300,PE,1206.62,1209.62,1204.92,1208.19,40,70611,0.1773
2025-08-26 12:55:00,24350,CE,448.36,454.94,444.83,452.51,243,64966,0.1793
2025-08-26 12:55:00,24350,PE,1265.61,1269.32,1249.79,1261.88,264,58356,0.1784
2025-08-26 12:55:00,24400,CE,464.16,472.58,469.66,471.05,104,56275,0.1811
2025-08-26 12:55:00,24400,PE,1307.18,1341.25,1321.31,1322.71,382,59301,0.1786
2025-08-26 12:55:00,24450,CE,426.28,427.42,420.7,423.65,28,50676,0.1768
2025-08-26 12:55:00,24450,PE,1367.26,1380.0,1364.88,1376.55,220,49560,0.1748
2025-08-26 12:55:00,24500,CE,441.99,449.39,438.94,444.11,145,46274,0.1783
2025-08-26 12:55:00,24500,PE,1411.82,1437.12,1389.01,1399.18,189,46895,0.1759
2025-08-26 12:55:00,24550,CE,439.93,439.9,436.49,437.16,357,39634,0.1769
2025-08-26 12:55:00,24550,PE,1481.8,1472.81,1461.41,1472.4,246,40946,0.175
2025-08-26 12:55:00,24600,CE,457.33,455.92,451.37,455.55,285,46336,0.179
2025-08-26 12:55:00,24600,PE,1560.58,1562.87,1533.95,1556.71,147,37956,0.1811
2025-08-26 12:55:00,24650,CE,443.0,448.77,445.67,445.81,349,41172,0.1769
2025-08-26 12:55:00,24650,PE,1567.19,1592.56,1563.61,1575.58,105,33062,0.1783
2025-08-26 12:55:00,24700,CE,416.63,422.63,415.3,421.63,309,37497,0.1766
2025-08-26 12:55:00,24700,PE,1608.51,1641.05,1619.05,1631.67,129,35373,0.1737
2025-08-26 12:55:00,24750,CE,470.52,475.35,470.45,472.71,313,30738,0.1806
2025-08-26 12:55:00,24750,PE,1646.86,1660.43,1640.27,1654.91,171,33992,0.1781
2025-08-26 12:55:00,24800,CE,464.24,475.48,457.99,458.74,134,34626,0.1776
2025-08-26 12:55:00,24800,PE,1747.89,1742.69,1726.23,1732.8,226,34065,0.1779
2025-08-26 12:55:00,24850,CE,457.97,461.72,452.13,459.46,136,30368,0.1792
2025-08-26 12:55:00,24850,PE,1795.47,1818.45,1795.98,1801.65,251,34095,0.1777
2025-08-26 12:55:00,24900,CE,457.9,463.84,455.88,457.29,205,29649,0.1777
2025-08-26 12:55:00,24900,PE,1825.06,1855.96,1839.7,1842.05,70,33812,0.1783
2025-08-26 13:00:00,23500,CE,503.19,513.19,493.25,498.66,1363,31270,0.1755
2025-08-26 13:00:00,23500,PE,484.42,487.78,478.72,482.26,320,26606,0.1783
2025-08-26 13:00:00,23550,CE,481.13,480.24,470.07,478.3,693,35804,0.1735
2025-08-26 13:00:00,23550,PE,437.22,445.14,430.46,435.52,522,27971,0.1739
2025-08-26 13:00:00,23600,CE,481.56,484.58,472.61,478.2,383,32194,0.1806
2025-08-26 13:00:00,23600,PE,515.51,523.35,513.81,515.65,1464,33861,0.1825
2025-08-26 13:00:00,23650,CE,467.12,476.58,469.93,472.08,166,35885,0.1837
2025-08-26 13:00:00,23650,PE,543.45,544.03,533.5,541.61,1240,32484,0.179
2025-08-26 13:00:00,23700,CE,466.79,471.7,467.11,468.88,557,41300,0.1792
2025-08-26 13:00:00,23700,PE,624.38,628.37,619.7,627.24,471,36494,0.179
2025-08-26 13:00:00,23750,CE,476.22,483.57,474.0,476.63,703,38019,0.1803
2025-08-26 13:00:00,23750,PE,664.58,666.04,662.03,665.45,297,34011,0.18
2025-08-26 13:00:00,23800,CE,463.67,471.09,466.85,468.17,106,40818,0.1782
2025-08-26 13:00:00,23800,PE,708.73,711.13,695.68,710.12,870,37388,0.1787
2025-08-26 13:00:00,23850,CE,455.85,464.01,454.67,455.33,372,44720,0.1746
2025-08-26 13:00:00,23850,PE,750.84,753.83,749.52,750.81,316,38804,0.1798
2025-08-26 13:00:00,23900,CE,484.38,485.15,479.3,482.32,45,45217,0.1798
2025-08-26 13:00:00,23900,PE,785.35,809.18,786.29,794.25,267,44103,0.1778
2025-08-26 13:00:00,23950,CE,440.48,449.16,431.55,441.74,361,47968,0.1772
2025-08-26 13:00:00,23950,PE,875.18,881.5,876.06,877.04,637,48915,0.1777
2025-08-26 13:00:00,24000,CE,474.77,482.22,474.76,477.34,682,52024,0.1772
2025-08-26 13:00:00,24000,PE,905.42,913.91,881.93,895.92,584,51206,0.1803
2025-08-26 13:00:00,24050,CE,463.08,464.71,458.17,460.11,119,54728,0.1779
2025-08-26 13:00:00,24050,PE,926.51,940.04,933.11,934.75,69,58183,0.1798
2025-08-26 13:00:00,24100,CE,452.81,450.86,446.47,450.19,540,56710,0.1763
2025-08-26 13:00:00,24100,PE,1016.87,1023.88,997.85,1015.56,65,65304,0.1808
2025-08-26 13:00:00,24150,CE,498.54,507.97,496.96,499.41,256,69497,0.1775
2025-08-26 13:00:00,24150,PE,1028.62,1031.49,1027.44,1029.78,180,68101,0.179
2025-08-26 13:00:00,24200,CE,434.44,440.82,432.25,434.05,195,80444,0.1792
2025-08-26 13:00:00,24200,PE,1106.27,1099.0,1090.17,1093.94,540,83616,0.1783
2025-08-26 13:00:00,24250,CE,458.99,464.24,462.19,462.37,364,78032,0.1774
2025-08-26 13:00:00,24250,PE,1123.34,1145.16,1124.71,1132.09,405,86322,0.1757
2025-08-26 13:00:00,24300,CE,433.68,446.07,431.85,436.37,102,69683,0.1797
2025-08-26 13:00:00,24300,PE,1207.91,1209.05,1203.99,1204.99,29,71038,0.1759
2025-08-26 13:00:00,24350,CE,465.86,471.9,460.04,465.4,119,64861,0.1781
2025-08-26 13:00:00,24350,PE,1208.04,1221.28,1193.96,1212.23,162,58117,0.1788
2025-08-26 13:00:00,24400,CE,442.12,442.1,430.94,441.47,80,56164,0.177
2025-08-26 13:00:00,24400,PE,1332.9,1347.24,1315.36,1327.77,413,59129,0.1771
2025-08-26 13:00:00,24450,CE,442.45,450.43,433.3,442.88,344,50902,0.1754
2025-08-26 13:00:00,24450,PE,1356.36,1367.51,1348.64,1355.15,342,49647,0.1782
2025-08-26 13:00:00,24500,CE,436.86,444.09,436.72,440.71,156,45982,0.1755
2025-08-26 13:00:00,24500,PE,1408.19,1433.51,1409.07,1413.95,119,46928,0.1776
2025-08-26 13:00:00,24550,CE,466.04,471.84,461.74,465.78,163,39519,0.1768
2025-08-26 13:00:00,24550,PE,1472.58,1476.94,1441.36,1448.95,149,41450,0.1819
2025-08-26 13:00:00,24600,CE,486.77,486.92,480.98,483.96,246,46806,0.1757
2025-08-26 13:00:00,24600,PE,1511.81,1525.21,1510.89,1522.71,352,38096,0.1845
2025-08-26 13:00:00,24650,CE,449.13,448.59,446.36,447.22,38,41730,0.1762
2025-08-26 13:00:00,24650,PE,1551.98,1569.45,1541.11,1549.36,177,32912,0.1763
2025-08-26 13:00:00,24700,CE,432.1,440.95,436.82,436.84,149,37002,0.1759
2025-08-26 13:00:00,24700,PE,1596.15,1622.14,1593.83,1601.45,236,34830,0.1743
2025-08-26 13:00:00,24750,CE,439.16,448.28,439.83,446.28,246,31138,0.1782
2025-08-26 13:00:00,24750,PE,1605.7,1669.89,1612.32,1620.65,147,33852,0.1757
2025-08-26 13:00:00,24800,CE,440.72,453.35,444.92,448.57,223,35058,0.177
2025-08-26 13:00:00,24800,PE,1652.19,1699.64,1654.23,1662.91,36,34015,0.1752
2025-08-26 13:00:00,24850,CE,449.4,460.76,447.41,450.23,106,29781,0.1781
2025-08-26 13:00:00,24850,PE,1761.54,1762.71,1739.2,1756.99,7,34129,0.1796
2025-08-26 13:00:00,24900,CE,455.0,459.82,451.29,453.22,237,29762,0.1762
2025-08-26 13:00:00,24900,PE,1787.67,1794.48,1759.7,1773.01,80,33753,0.1741
2025-08-26 13:05:00,23500,CE,516.01,516.37,511.11,513.66,1398,31675,0.1744
2025-08-26 13:05:00,23500,PE,475.23,481.45,470.39,475.61,194,26778,0.1799
2025-08-26 13:05:00,23550,CE,493.12,497.07,487.17,492.46,1067,35641,0.1798
2025-08-26 13:05:00,23550,PE,475.6,475.6,472.26,474.5,634,28233,0.1781
2025-08-26 13:05:00,23600,CE,467.0,475.81,467.48,471.7,1508,31977,0.1775
2025-08-26 13:05:00,23600,PE,492.39,497.28,489.82,492.47,1496,34267,0.179
2025-08-26 13:05:00,23650,CE,471.31,483.75,473.94,476.67,94,35621,0.1784
2025-08-26 13:05:00,23650,PE,519.91,531.42,518.85,521.43,624,32683,0.1767
2025-08-26 13:05:00,23700,CE,502.15,509.2,499.41,506.93,291,41198,0.1786
2025-08-26 13:05:00,23700,PE,604.78,607.83,603.06,603.13,130,36015,0.1799
2025-08-26 13:05:00,23750,CE,443.73,447.44,445.62,446.45,482,38174,0.1771
2025-08-26 13:05:00,23750,PE,640.02,640.38,637.1,639.56,501,33870,0.1775
2025-08-26 13:05:00,23800,CE,439.35,441.94,437.23,437.81,496,40979,0.1761
2025-08-26 13:05:00,23800,PE,684.47,690.77,681.28,686.08,704,37435,0.1785
2025-08-26 13:05:00,23850,CE,461.31,466.3,462.64,465.96,95,44169,0.1775
2025-08-26 13:05:00,23850,PE,754.8,751.83,740.65,743.98,315,38449,0.1779
2025-08-26 13:05:00,23900,CE,459.66,463.29,452.96,460.98,446,45457,0.1782
2025-08-26 13:05:00,23900,PE,801.24,802.47,794.52,794.75,216,44064,0.1774
2025-08-26 13:05:00,23950,CE,442.41,438.01,434.33,437.2,175,47927,0.179
2025-08-26 13:05:00,23950,PE,809.92,831.88,815.08,820.3,294,48317,0.1788
2025-08-26 13:05:00,24000,CE,454.39,463.9,458.26,459.64,472,51787,0.178
2025-08-26 13:05:00,24000,PE,896.14,905.31,901.36,903.48,529,51409,0.1759
2025-08-26 13:05:00,24050,CE,419.26,428.95,423.89,426.93,137,55192,0.1757
2025-08-26 13:05:00,24050,PE,918.15,919.08,903.09,910.19,25,58271,0.1765
2025-08-26 13:05:00,24100,CE,456.75,463.25,457.2,459.45,497,56758,0.1793
2025-08-26 13:05:00,24100,PE,1002.42,1022.14,998.65,1009.38,348,65268,0.176
2025-08-26 13:05:00,24150,CE,453.38,452.65,447.94,450.98,43,69711,0.1782
2025-08-26 13:05:00,24150,PE,1071.93,1076.58,1053.69,1064.79,554,68458,0.1794
2025-08-26 13:05:00,24200,CE,446.21,454.04,447.49,448.47,40,80108,0.1734
2025-08-26 13:05:00,24200,PE,1057.7,1068.56,1049.38,1062.18,458,83872,0.1743
2025-08-26 13:05:00,24250,CE,448.48,451.33,440.9,445.15,196,77724,0.1781
2025-08-26 13:05:00,24250,PE,1115.87,1149.02,1106.78,1122.27,245,85760,0.1766
2025-08-26 13:05:00,24300,CE,471.55,478.77,472.48,476.65,51,69172,0.1784
2025-08-26 13:05:00,24300,PE,1203.94,1212.53,1207.31,1207.77,409,70493,0.1782
2025-08-26 13:05:00,24350,CE,476.73,480.06,476.24,477.99,264,64597,0.1765
2025-08-26 13:05:00,24350,PE,1210.22,1223.84,1204.66,1222.14,358,57669,0.1765
2025-08-26 13:05:00,24400,CE,454.77,462.45,451.43,457.13,410,55666,0.1759
2025-08-26 13:05:00,24400,PE,1297.67,1309.63,1284.06,1299.23,382,58706,0.1769
2025-08-26 13:05:00,24450,CE,451.1,452.74,450.26,452.73,19,50347,0.178
2025-08-26 13:05:00,24450,PE,1346.03,1360.68,1334.16,1339.02,338,49459,0.1766
2025-08-26 13:05:00,24500,CE,462.61,458.21,454.62,457.29,176,46369,0.1796
2025-08-26 13:05:00,24500,PE,1366.9,1419.32,1376.72,1386.41,113,46992,0.176
2025-08-26 13:05:00,24550,CE,451.76,465.15,449.28,458.47,123,38996,0.177
2025-08-26 13:05:00,24550,PE,1436.35,1456.58,1432.56,1441.33,394,41299,0.1791
2025-08-26 13:05:00,24600,CE,470.62,479.53,476.34,476.38,324,46721,0.1818
2025-08-26 13:05:00,24600,PE,1482.4,1504.05,1472.64,1486.19,331,37702,0.1731
2025-08-26 13:05:00,24650,CE,433.36,439.62,431.54,433.36,201,41577,0.1782
2025-08-26 13:05:00,24650,PE,1549.83,1563.92,1548.33,1554.44,364,32716,0.181
2025-08-26 13:05:00,24700,CE,437.04,441.88,432.05,436.02,274,36994,0.1759
2025-08-26 13:05:00,24700,PE,1591.96,1586.86,1573.5,1585.84,145,35066,0.1754
2025-08-26 13:05:00,24750,CE,453.43,464.92,448.3,451.06,222,31112,0.1753
2025-08-26 13:05:00,24750,PE,1670.57,1687.68,1635.6,1657.5,24,33340,0.1803
2025-08-26 13:05:00,24800,CE,425.33,428.34,426.77,426.87,200,34524,0.1803
2025-08-26 13:05:00,24800,PE,1696.67,1742.33,1691.77,1700.17,202,34480,0.1773
2025-08-26 13:05:00,24850,CE,434.57,435.74,434.38,435.42,253,30014,0.1776
2025-08-26 13:05:00,24850,PE,1706.46,1733.29,1709.56,1724.35,91,34317,0.1749
2025-08-26 13:05:00,24900,CE,465.25,463.95,456.07,459.35,61,30257,0.1745
2025-08-26 13:05:00,24900,PE,1813.72,1840.19,1803.11,1807.43,32,33802,0.1755
2025-08-26 13:10:00,23500,CE,482.85,485.17,474.37,480.62,755,31163,0.1757
2025-08-26 13:10:00,23500,PE,445.83,447.82,443.66,447.71,305,27035,0.1773
2025-08-26 13:10:00,23550,CE,464.68,472.84,465.42,466.39,1082,35235,0.1774
2025-08-26 13:10:00,23550,PE,476.64,471.1,466.65,469.79,277,28432,0.177
2025-08-26 13:10:00,23600,CE,457.57,463.16,460.97,463.15,1014,31857,0.1791
2025-08-26 13:10:00,23600,PE,499.57,504.85,500.76,501.57,55,33700,0.1798
2025-08-26 13:10:00,23650,CE,438.29,443.29,435.53,441.12,218,35087,0.1803
2025-08-26 13:10:00,23650,PE,571.27,577.92,574.13,575.71,745,32554,0.177
2025-08-26 13:10:00,23700,CE,458.59,466.99,451.76,453.65,268,41311,0.1776
2025-08-26 13:10:00,23700,PE,623.88,635.5,618.91,626.45,827,35620,0.1767
2025-08-26 13:10:00,23750,CE,447.1,458.3,441.32,447.05,659,37702,0.1746
2025-08-26 13:10:00,23750,PE,684.44,702.27,689.74,693.67,633,33721,0.1776
2025-08-26 13:10:00,23800,CE,432.17,433.09,429.71,430.09,117,41344,0.1745
2025-08-26 13:10:00,23800,PE,712.0,733.0,707.47,711.49,185,37775,0.1759
2025-08-26 13:10:00,23850,CE,489.94,494.56,481.56,481.83,324,44389,0.179
2025-08-26 13:10:00,23850,PE,746.25,745.28,733.78,738.12,615,38359,0.1729
2025-08-26 13:10:00,23900,CE,474.11,476.77,469.82,471.2,534,45387,0.1767
2025-08-26 13:10:00,23900,PE,840.34,843.33,812.8,828.71,487,43735,0.1762
2025-08-26 13:10:00,23950,CE,445.27,456.67,443.98,447.7,320,47491,0.1794
2025-08-26 13:10:00,23950,PE,862.91,868.34,850.04,855.39,313,47736,0.1774
2025-08-26 13:10:00,24000,CE,503.0,510.27,503.86,503.89,287,52219,0.1789
2025-08-26 13:10:00,24000,PE,914.23,917.9,899.98,904.93,255,51404,0.1789
2025-08-26 13:10:00,24050,CE,459.62,458.02,454.75,457.63,551,54595,0.1765
2025-08-26 13:10:00,24050,PE,968.18,979.15,969.2,978.08,434,58306,0.1795
2025-08-26 13:10:00,24100,CE,447.49,450.76,443.39,450.54,213,56467,0.1768
2025-08-26 13:10:00,24100,PE,1009.18,1006.41,991.15,994.7,361,65180,0.1764
2025-08-26 13:10:00,24150,CE,463.27,467.68,458.93,463.56,230,69917,0.1772
2025-08-26 13:10:00,24150,PE,1072.01,1097.02,1061.57,1067.16,233,68829,0.1771
2025-08-26 13:10:00,24200,CE,440.22,441.09,437.05,438.35,159,80348,0.177
2025-08-26 13:10:00,24200,PE,1100.76,1120.18,1096.55,1107.25,307,84347,0.1789
2025-08-26 13:10:00,24250,CE,433.01,436.3,428.04,435.43,209,77405,0.1739
2025-08-26 13:10:00,24250,PE,1185.61,1176.41,1153.65,1174.86,208,85953,0.1772
2025-08-26 13:10:00,24300,CE,430.76,440.9,432.36,433.58,213,69639,0.177
2025-08-26 13:10:00,24300,PE,1263.75,1263.87,1219.29,1236.49,82,70263,0.1791
2025-08-26 13:10:00,24350,CE,443.12,441.82,439.7,440.08,455,64956,0.1779
2025-08-26 13:10:00,24350,PE,1264.57,1263.84,1248.84,1263.25,42,58197,0.1767
2025-08-26 13:10:00,24400,CE,448.05,453.14,439.8,446.92,192,55838,0.1766
2025-08-26 13:10:00,24400,PE,1295.46,1320.64,1283.16,1299.28,14,58303,0.178
2025-08-26 13:10:00,24450,CE,476.71,480.2,464.44,474.28,298,50060,0.1785
2025-08-26 13:10:00,24450,PE,1359.83,1371.58,1355.33,1361.34,56,49674,0.176
2025-08-26 13:10:00,24500,CE,436.33,445.85,429.18,437.38,93,46808,0.1817
2025-08-26 13:10:00,24500,PE,1380.92,1392.24,1356.68,1375.61,78,46420,0.1774
2025-08-26 13:10:00,24550,CE,404.52,402.4,400.42,400.89,156,38787,0.1779
2025-08-26 13:10:00,24550,PE,1474.37,1488.59,1461.76,1471.69,252,40979,0.1759
2025-08-26 13:10:00,24600,CE,452.52,457.58,445.01,448.26,369,46627,0.1725
2025-08-26 13:10:00,24600,PE,1486.48,1489.91,1468.14,1481.49,268,38024,0.1746
2025-08-26 13:10:00,24650,CE,455.34,460.35,453.05,459.87,321,41580,0.1786
2025-08-26 13:10:00,24650,PE,1538.13,1523.2,1517.13,1521.15,87,32737,0.1782
2025-08-26 13:10:00,24700,CE,477.94,477.22,470.77,475.27,152,37124,0.178
2025-08-26 13:10:00,24700,PE,1605.02,1613.08,1589.75,1599.13,87,35084,0.1752
2025-08-26 13:10:00,24750,CE,460.56,466.26,459.96,460.24,324,31337,0.1759
2025-08-26 13:10:00,24750,PE,1626.14,1650.78,1599.88,1625.05,323,32868,0.177
2025-08-26 13:10:00,24800,CE,425.36,429.54,421.24,423.55,215,33951,0.1772
2025-08-26 13:10:00,24800,PE,1691.86,1721.63,1675.16,1697.17,70,34872,0.1778
2025-08-26 13:10:00,24850,CE,467.93,477.14,469.72,470.05,36,29988,0.1803
2025-08-26 13:10:00,24850,PE,1738.44,1794.15,1749.69,1753.74,26,34075,0.1772
2025-08-26 13:10:00,24900,CE,448.66,450.83,448.27,448.4,42,30202,0.1744
2025-08-26 13:10:00,24900,PE,1806.61,1807.39,1796.12,1798.59,199,33982,0.1771
2025-08-26 13:15:00,23500,CE,458.29,458.47,457.21,458.18,1480,30709,0.1774
2025-08-26 13:15:00,23500,PE,451.45,452.29,441.17,444.64,650,27063,0.1774
2025-08-26 13:15:00,23550,CE,449.31,450.47,440.62,446.51,174,34767,0.1765
2025-08-26 13:15:00,23550,PE,482.24,494.14,485.29,490.15,553,28863,0.1809
2025-08-26 13:15:00,23600,CE,469.75,478.27,469.55,472.31,870,31931,0.1794
2025-08-26 13:15:00,23600,PE,503.84,514.34,506.75,510.91,820,34073,0.1754
2025-08-26 13:15:00,23650,CE,444.53,451.71,445.38,449.64,707,35352,0.1776
2025-08-26 13:15:00,23650,PE,587.66,605.64,587.82,590.06,410,32932,0.1776
2025-08-26 13:15:00,23700,CE,452.76,457.69,451.13,453.67,54,41121,0.1741
2025-08-26 13:15:00,23700,PE,624.4,633.28,618.61,628.11,297,35187,0.1799
2025-08-26 13:15:00,23750,CE,456.69,458.34,451.88,452.26,555,38171,0.1793
2025-08-26 13:15:00,23750,PE,656.24,666.44,655.77,656.91,179,34182,0.1792
2025-08-26 13:15:00,23800,CE,467.64,467.0,461.09,463.23,795,41803,0.1753
2025-08-26 13:15:00,23800,PE,726.46,739.43,726.63,735.78,20,38362,0.1779
2025-08-26 13:15:00,23850,CE,476.93,477.25,476.21,476.93,369,44504,0.1798
2025-08-26 13:15:00,23850,PE,796.87,789.57,783.87,787.1,267,38373,0.1739
2025-08-26 13:15:00,23900,CE,450.71,452.84,448.03,451.61,435,45743,0.1768
2025-08-26 13:15:00,23900,PE,771.29,784.53,773.41,783.32,274,43267,0.1743
2025-08-26 13:15:00,23950,CE,474.06,476.34,473.87,475.92,429,47830,0.1788
2025-08-26 13:15:00,23950,PE,841.2,863.57,840.45,846.27,22,48110,0.1791
2025-08-26 13:15:00,24000,CE,434.73,440.45,430.92,435.55,544,52311,0.1755
2025-08-26 13:15:00,24000,PE,904.37,915.93,897.27,907.68,640,51269,0.1771
2025-08-26 13:15:00,24050,CE,430.39,430.03,426.87,429.57,93,54782,0.1802
2025-08-26 13:15:00,24050,PE,957.73,968.34,956.33,961.06,389,58804,0.1783
2025-08-26 13:15:00,24100,CE,474.37,480.58,473.49,474.55,141,56056,0.179
2025-08-26 13:15:00,24100,PE,1017.26,1026.56,1020.52,1024.83,407,64953,0.1776
2025-08-26 13:15:00,24150,CE,487.32,494.79,487.18,489.86,111,70122,0.1756
2025-08-26 13:15:00,24150,PE,1088.2,1101.13,1083.24,1092.93,111,69228,0.1779
2025-08-26 13:15:00,24200,CE,444.85,442.59,438.16,441.01,171,80530,0.1766
2025-08-26 13:15:00,24200,PE,1112.72,1133.95,1121.72,1123.46,310,84456,0.1798
2025-08-26 13:15:00,24250,CE,447.74,447.37,444.83,447.32,159,76907,0.1764
2025-08-26 13:15:00,24250,PE,1176.49,1171.57,1167.93,1168.94,325,85873,0.1785
2025-08-26 13:15:00,24300,CE,443.96,445.26,442.69,444.48,469,70107,0.1809
2025-08-26 13:15:00,24300,PE,1195.44,1204.28,1189.67,1202.34,42,70096,0.1768
2025-08-26 13:15:00,24350,CE,431.34,429.96,420.43,425.03,194,64813,0.1759
2025-08-26 13:15:00,24350,PE,1279.79,1283.41,1271.37,1281.32,333,58026,0.1801
2025-08-26 13:15:00,24400,CE,425.43,432.94,419.85,421.16,73,55673,0.1776
2025-08-26 13:15:00,24400,PE,1317.42,1317.53,1296.63,1314.92,346,58188,0.1758
2025-08-26 13:15:00,24450,CE,476.15,481.82,476.98,478.35,124,50388,0.1785
2025-08-26 13:15:00,24450,PE,1371.03,1401.7,1370.65,1380.37,34,49620,0.176
2025-08-26 13:15:00,24500,CE,429.59,439.72,427.32,432.25,47,46936,0.178
2025-08-26 13:15:00,24500,PE,1459.29,1449.4,1434.3,1435.06,363,46350,0.1803
2025-08-26 13:15:00,24550,CE,449.89,456.44,449.43,449.94,380,39235,0.1769
2025-08-26 13:15:00,24550,PE,1483.94,1482.09,1466.47,1475.23,283,40593,0.1791
2025-08-26 13:15:00,24600,CE,453.65,452.8,446.41,449.91,18,46174,0.177
2025-08-26 13:15:00,24600,PE,1496.25,1536.45,1495.41,1504.18,133,37913,0.1763
2025-08-26 13:15:00,24650,CE,407.68,410.73,407.98,410.49,80,42149,0.1796
2025-08-26 13:15:00,24650,PE,1577.22,1594.29,1548.16,1582.32,268,32976,0.1796
2025-08-26 13:15:00,24700,CE,437.48,456.23,438.12,440.79,227,37263,0.1776
2025-08-26 13:15:00,24700,PE,1658.45,1679.07,1635.35,1649.68,306,34952,0.1772
2025-08-26 13:15:00,24750,CE,468.07,471.62,470.52,470.57,51,31091,0.1743
2025-08-26 13:15:00,24750,PE,1673.05,1669.91,1636.3,1652.99,81,33415,0.1759
2025-08-26 13:15:00,24800,CE,441.98,451.62,442.07,448.32,186,33863,0.1773
2025-08-26 13:15:00,24800,PE,1748.89,1723.76,1714.13,1716.52,13,35125,0.1768
2025-08-26 13:15:00,24850,CE,467.0,470.49,466.44,469.14,205,30360,0.1771
2025-08-26 13:15:00,24850,PE,1795.45,1806.57,1774.93,1800.49,45,34264,0.1762
2025-08-26 13:15:00,24900,CE,449.28,451.52,449.21,449.78,113,29881,0.1771
2025-08-26 13:15:00,24900,PE,1763.26,1844.09,1774.32,1787.89,72,33727,0.1785
2025-08-26 13:20:00,23500,CE,539.87,546.6,529.08,539.37,1033,30136,0.1773
2025-08-26 13:20:00,23500,PE,453.01,466.03,455.95,457.85,1329,27626,0.1795
2025-08-26 13:20:00,23550,CE,458.75,476.08,464.54,467.37,1579,35168,0.1751
2025-08-26 13:20:00,23550,PE,456.16,457.53,443.49,456.56,546,28747,0.177
2025-08-26 13:20:00,23600,CE,441.37,450.0,441.0,441.12,235,32401,0.1768
2025-08-26 13:20:00,23600,PE,458.25,469.38,465.44,467.05,1294,33657,0.175
2025-08-26 13:20:00,23650,CE,490.7,489.66,481.79,486.82,1418,34802,0.179
2025-08-26 13:20:00,23650,PE,541.18,550.21,539.02,539.72,1104,32494,0.1751
2025-08-26 13:20:00,23700,CE,449.6,454.13,449.87,449.91,944,41581,0.1781
2025-08-26 13:20:00,23700,PE,572.28,579.99,571.38,572.27,1191,34779,0.1777
2025-08-26 13:20:00,23750,CE,437.39,446.3,440.78,442.1,198,37652,0.177
2025-08-26 13:20:00,23750,PE,659.99,672.91,657.71,662.63,918,33804,0.1764
2025-08-26 13:20:00,23800,CE,488.35,498.85,483.59,490.4,401,41701,0.1803
2025-08-26 13:20:00,23800,PE,713.65,721.75,703.0,710.82,361,38357,0.1778
2025-08-26 13:20:00,23850,CE,468.56,473.56,464.48,468.91,327,44187,0.1791
2025-08-26 13:20:00,23850,PE,743.43,753.24,742.58,744.14,362,38739,0.1758
2025-08-26 13:20:00,23900,CE,474.32,473.61,461.65,468.88,110,46294,0.1786
2025-08-26 13:20:00,23900,PE,778.36,786.56,778.16,778.37,350,43016,0.1782
2025-08-26 13:20:00,23950,CE,462.36,475.77,460.47,462.3,349,48347,0.1741
2025-08-26 13:20:00,23950,PE,822.28,837.11,815.54,816.35,625,48491,0.1801
2025-08-26 13:20:00,24000,CE,446.31,450.77,435.41,443.21,166,52774,0.1764
2025-08-26 13:20:00,24000,PE,922.59,918.43,908.94,913.78,508,50740,0.1821
2025-08-26 13:20:00,24050,CE,438.0,447.46,434.1,438.91,291,55182,0.1787
2025-08-26 13:20:00,24050,PE,948.21,950.04,941.63,941.64,360,58907,0.1787
2025-08-26 13:20:00,24100,CE,440.61,449.7,436.69,444.18,240,55501,0.1781
2025-08-26 13:20:00,24100,PE,988.45,1007.1,976.75,983.82,555,65257,0.1778
2025-08-26 13:20:00,24150,CE,427.68,441.16,425.12,430.94,166,69812,0.1783
2025-08-26 13:20:00,24150,PE,1029.11,1032.16,1013.14,1016.83,309,69584,0.1805
2025-08-26 13:20:00,24200,CE,461.41,473.92,461.28,462.76,56,80681,0.1736
2025-08-26 13:20:00,24200,PE,1072.84,1089.23,1078.23,1078.63,472,84446,0.1796
2025-08-26 13:20:00,24250,CE,444.78,453.32,443.04,446.56,36,76335,0.1769
2025-08-26 13:20:00,24250,PE,1140.34,1153.84,1136.29,1142.91,92,86340,0.1781
2025-08-26 13:20:00,24300,CE,469.98,467.29,466.45,466.83,233,69684,0.1768
2025-08-26 13:20:00,24300,PE,1188.05,1196.9,1183.27,1188.0,453,70491,0.1772
2025-08-26 13:20:00,24350,CE,428.23,428.99,424.51,426.35,76,65038,0.1786
2025-08-26 13:20:00,24350,PE,1209.66,1229.81,1211.5,1220.97,162,57509,0.1789
2025-08-26 13:20:00,24400,CE,458.85,470.97,459.98,462.09,35,55723,0.1798
2025-08-26 13:20:00,24400,PE,1305.24,1342.57,1305.35,1310.3,384,58742,0.1754
2025-08-26 13:20:00,24450,CE,425.76,430.45,424.49,425.76,308,50895,0.1722
2025-08-26 13:20:00,24450,PE,1316.78,1328.57,1309.63,1311.86,108,49195,0.1747
2025-08-26 13:20:00,24500,CE,476.77,476.58,469.04,473.04,52,46543,0.1769
2025-08-26 13:20:00,24500,PE,1339.28,1355.81,1347.27,1349.36,315,45934,0.1765
2025-08-26 13:20:00,24550,CE,488.56,490.0,478.99,481.13,176,39542,0.1779
2025-08-26 13:20:00,24550,PE,1412.08,1429.24,1404.96,1418.51,371,40185,0.1779
2025-08-26 13:20:00,24600,CE,487.27,483.5,477.3,480.46,76,45651,0.1793
2025-08-26 13:20:00,24600,PE,1430.9,1450.0,1444.06,1445.77,48,37781,0.1783
2025-08-26 13:20:00,24650,CE,450.83,455.46,452.81,455.06,120,42709,0.1772
2025-08-26 13:20:00,24650,PE,1515.67,1531.07,1500.82,1513.6,168,32745,0.1774
2025-08-26 13:20:00,24700,CE,472.5,482.72,475.84,476.97,170,37532,0.1791
2025-08-26 13:20:00,24700,PE,1619.69,1606.9,1592.12,1593.27,124,34524,0.1785
2025-08-26 13:20:00,24750,CE,479.54,480.09,470.37,477.7,148,31236,0.1793
2025-08-26 13:20:00,24750,PE,1585.66,1635.92,1593.18,1617.02,112,33512,0.175
2025-08-26 13:20:00,24800,CE,440.83,450.11,434.74,439.19,111,34348,0.1793
2025-08-26 13:20:00,24800,PE,1671.75,1678.14,1655.5,1669.98,296,35384,0.1769
2025-08-26 13:20:00,24850,CE,479.66,481.84,475.48,477.03,271,29904,0.177
2025-08-26 13:20:00,24850,PE,1717.1,1763.84,1698.49,1725.43,212,34149,0.179
2025-08-26 13:20:00,24900,CE,473.98,475.65,468.5,471.69,244,29281,0.1768
2025-08-26 13:20:00,24900,PE,1771.16,1789.53,1765.62,1775.46,62,33416,0.1783
2025-08-26 13:25:00,23500,CE,535.58,543.04,532.89,535.84,772,30701,0.1751
2025-08-26 13:25:00,23500,PE,450.33,468.27,452.47,459.1,1229,27572,0.1767
2025-08-26 13:25:00,23550,CE,488.11,493.79,475.32,481.36,28,35609,0.1753
2025-08-26 13:25:00,23550,PE,427.73,437.32,433.49,434.36,919,28175,0.1782
2025-08-26 13:25:00,23600,CE,454.3,457.42,454.6,455.06,1119,32857,0.1733
2025-08-26 13:25:00,23600,PE,469.0,467.17,465.13,467.08,1502,34124,0.1788
2025-08-26 13:25:00,23650,CE,455.19,466.92,453.08,458.49,1432,34986,0.1774
2025-08-26 13:25:00,23650,PE,538.42,541.78,527.32,531.87,908,32033,0.1774
2025-08-26 13:25:00,23700,CE,442.09,446.77,443.65,444.86,817,42032,0.1796
2025-08-26 13:25:00,23700,PE,563.29,574.86,562.01,568.08,1044,35258,0.1792
2025-08-26 13:25:00,23750,CE,490.7,491.53,479.07,487.26,208,37293,0.1767
2025-08-26 13:25:00,23750,PE,632.56,640.25,619.91,629.14,976,34332,0.1766
2025-08-26 13:25:00,23800,CE,454.27,458.39,450.63,458.31,544,42158,0.1783
2025-08-26 13:25:00,23800,PE,654.12,664.56,654.31,654.53,700,38002,0.1799
2025-08-26 13:25:00,23850,CE,482.35,490.9,482.61,484.4,475,44059,0.1785
2025-08-26 13:25:00,23850,PE,712.47,728.67,719.87,721.37,733,38543,0.1765
2025-08-26 13:25:00,23900,CE,457.12,462.12,454.07,457.95,159,46291,0.1782
2025-08-26 13:25:00,23900,PE,788.88,786.8,781.09,783.99,425,43482,0.1773
2025-08-26 13:25:00,23950,CE,454.82,451.94,447.25,451.51,19,48796,0.1752
2025-08-26 13:25:00,23950,PE,812.82,822.77,813.23,818.42,174,48101,0.1778
2025-08-26 13:25:00,24000,CE,487.36,488.7,484.91,488.04,309,52835,0.1781
2025-08-26 13:25:00,24000,PE,874.33,878.61,865.14,871.88,673,50780,0.1759
2025-08-26 13:25:00,24050,CE,485.54,487.59,479.95,482.35,107,55122,0.1785
2025-08-26 13:25:00,24050,PE,892.18,905.65,894.74,902.8,622,59164,0.1737
2025-08-26 13:25:00,24100,CE,414.28,422.02,417.99,419.27,145,55676,0.1744
2025-08-26 13:25:00,24100,PE,979.06,976.75,962.67,975.39,466,64987,0.1769
2025-08-26 13:25:00,24150,CE,450.56,445.31,438.78,442.83,318,69629,0.1791
2025-08-26 13:25:00,24150,PE,1009.19,1010.39,996.9,1007.11,115,70050,0.1774
2025-08-26 13:25:00,24200,CE,474.57,483.03,473.49,473.71,186,80471,0.1777
2025-08-26 13:25:00,24200,PE,1088.2,1110.76,1095.72,1096.28,65,84378,0.1767
2025-08-26 13:25:00,24250,CE,478.84,485.98,481.81,483.2,345,76902,0.1757
2025-08-26 13:25:00,24250,PE,1133.74,1144.19,1125.16,1128.83,414,86768,0.177
2025-08-26 13:25:00,24300,CE,453.62,455.07,449.16,451.76,498,69922,0.1815
2025-08-26 13:25:00,24300,PE,1143.61,1168.93,1136.22,1150.26,433,70255,0.1765
2025-08-26 13:25:00,24350,CE,439.16,442.27,434.69,440.88,345,65192,0.1797
2025-08-26 13:25:00,24350,PE,1184.1,1195.75,1183.08,1189.13,221,57679,0.1759
2025-08-26 13:25:00,24400,CE,445.46,451.41,442.34,446.25,332,55616,0.1774
2025-08-26 13:25:00,24400,PE,1276.4,1281.92,1260.11,1279.14,387,58185,0.1804
2025-08-26 13:25:00,24450,CE,466.58,465.47,457.8,461.4,146,50734,0.1773
2025-08-26 13:25:00,24450,PE,1350.73,1368.55,1346.5,1351.98,365,49204,0.1788
2025-08-26 13:25:00,24500,CE,447.46,453.16,442.87,445.31,392,47083,0.1753
2025-08-26 13:25:00,24500,PE,1366.16,1387.54,1338.5,1361.93,196,46206,0.1798
2025-08-26 13:25:00,24550,CE,444.58,458.18,444.39,446.71,104,39071,0.1767
2025-08-26 13:25:00,24550,PE,1399.15,1406.71,1404.46,1406.36,201,39946,0.1746
2025-08-26 13:25:00,24600,CE,473.69,476.83,467.21,470.62,284,45677,0.1771
2025-08-26 13:25:00,24600,PE,1471.98,1498.75,1488.2,1491.38,57,37722,0.1775
2025-08-26 13:25:00,24650,CE,418.98,424.73,418.32,421.64,153,42115,0.1745
2025-08-26 13:25:00,24650,PE,1505.29,1499.45,1476.88,1498.4,205,33267,0.1764
2025-08-26 13:25:00,24700,CE,457.81,457.53,452.84,453.89,323,38016,0.1781
2025-08-26 13:25:00,24700,PE,1563.73,1572.57,1560.65,1568.06,322,35032,0.1732
2025-08-26 13:25:00,24750,CE,417.21,420.32,414.82,417.05,38,31150,0.1747
2025-08-26 13:25:00,24750,PE,1655.29,1655.69,1629.27,1641.65,191,33912,0.179
2025-08-26 13:25:00,24800,CE,448.91,453.35,452.18,452.72,128,34598,0.1779
2025-08-26 13:25:00,24800,PE,1690.86,1688.76,1654.34,1666.95,263,35398,0.1782
2025-08-26 13:25:00,24850,CE,429.23,431.09,425.3,429.12,82,29396,0.1755
2025-08-26 13:25:00,24850,PE,1701.48,1728.34,1708.11,1709.82,147,33750,0.1773
2025-08-26 13:25:00,24900,CE,483.45,484.99,472.3,479.0,204,28966,0.1786
2025-08-26 13:25:00,24900,PE,1755.13,1758.95,1732.52,1742.19,276,33891,0.1755
2025-08-26 13:30:00,23500,CE,544.75,547.65,540.48,544.47,1114,30899,0.1745
2025-08-26 13:30:00,23500,PE,461.28,467.89,462.43,464.14,172,28151,0.1748
2025-08-26 13:30:00,23550,CE,485.52,500.35,493.26,497.91,124,35688,0.1763
2025-08-26 13:30:00,23550,PE,458.85,466.6,456.82,461.34,1237,27676,0.1785
2025-08-26 13:30:00,23600,CE,458.8,464.82,454.86,458.04,903,32830,0.1787
2025-08-26 13:30:00,23600,PE,444.88,454.15,445.98,447.45,375,33658,0.1793
2025-08-26 13:30:00,23650,CE,442.78,446.86,434.76,439.37,1383,35467,0.1758
2025-08-26 13:30:00,23650,PE,521.73,523.82,517.49,522.68,164,31767,0.1811
2025-08-26 13:30:00,23700,CE,452.94,458.16,451.31,453.94,530,41668,0.179
2025-08-26 13:30:00,23700,PE,564.15,583.72,564.94,568.41,107,35271,0.1782
2025-08-26 13:30:00,23750,CE,447.74,458.71,450.54,452.33,525,37661,0.1783
2025-08-26 13:30:00,23750,PE,613.67,627.71,610.9,611.67,358,34344,0.1787
2025-08-26 13:30:00,23800,CE,429.69,434.3,428.05,434.28,339,41603,0.1758
2025-08-26 13:30:00,23800,PE,660.32,667.71,660.02,660.4,763,38293,0.1811
2025-08-26 13:30:00,23850,CE,478.33,487.37,473.17,476.9,632,43499,0.1756
2025-08-26 13:30:00,23850,PE,721.59,733.44,720.81,722.21,662,38668,0.1818
2025-08-26 13:30:00,23900,CE,452.45,458.57,446.19,447.8,388,46431,0.1805
2025-08-26 13:30:00,23900,PE,762.0,771.21,757.41,760.32,108,43132,0.1789
2025-08-26 13:30:00,23950,CE,476.07,483.02,463.36,466.96,113,48731,0.181
2025-08-26 13:30:00,23950,PE,793.73,811.93,793.55,793.68,712,47508,0.1765
2025-08-26 13:30:00,24000,CE,442.42,451.1,448.4,448.7,334,52575,0.1767
2025-08-26 13:30:00,24000,PE,857.89,858.09,845.25,854.72,690,50923,0.1779
2025-08-26 13:30:00,24050,CE,496.71,496.72,493.77,495.0,160,54863,0.1803
2025-08-26 13:30:00,24050,PE,877.06,894.2,876.58,891.29,402,58621,0.1759
2025-08-26 13:30:00,24100,CE,437.91,441.82,430.06,438.2,52,55885,0.1763
2025-08-26 13:30:00,24100,PE,969.68,979.23,964.37,968.46,516,65277,0.1783
2025-08-26 13:30:00,24150,CE,439.36,443.5,432.98,438.97,111,70064,0.1771
2025-08-26 13:30:00,24150,PE,999.46,1003.11,988.26,992.65,143,70500,0.1771
2025-08-26 13:30:00,24200,CE,437.9,446.56,440.07,442.43,174,80466,0.1777
2025-08-26 13:30:00,24200,PE,1051.93,1072.56,1058.89,1061.02,544,84266,0.1767
2025-08-26 13:30:00,24250,CE,486.55,494.97,482.62,486.13,361,77005,0.1765
2025-08-26 13:30:00,24250,PE,1062.15,1074.06,1056.64,1064.91,48,87119,0.1702
2025-08-26 13:30:00,24300,CE,485.43,495.94,487.13,492.19,188,69892,0.1774
2025-08-26 13:30:00,24300,PE,1108.47,1132.75,1106.47,1122.74,161,70849,0.1763
2025-08-26 13:30:00,24350,CE,457.9,462.62,459.41,459.92,270,65357,0.1784
2025-08-26 13:30:00,24350,PE,1204.92,1209.25,1197.03,1197.03,257,57448,0.1782
2025-08-26 13:30:00,24400,CE,428.17,435.7,428.32,429.33,274,55968,0.1756
2025-08-26 13:30:00,24400,PE,1286.44,1326.74,1275.46,1287.02,50,57765,0.1774
2025-08-26 13:30:00,24450,CE,426.13,431.68,426.52,428.26,78,51256,0.1793
2025-08-26 13:30:00,24450,PE,1318.26,1347.67,1307.69,1329.7,258,49012,0.1782
2025-08-26 13:30:00,24500,CE,456.65,466.31,454.86,459.14,89,47305,0.1751
2025-08-26 13:30:00,24500,PE,1380.53,1380.63,1350.63,1378.87,225,46356,0.1798
2025-08-26 13:30:00,24550,CE,414.14,437.15,414.04,419.99,292,38586,0.1765
2025-08-26 13:30:00,24550,PE,1388.44,1429.81,1373.82,1387.08,278,40211,0.1765
2025-08-26 13:30:00,24600,CE,445.27,445.01,436.79,440.69,112,45451,0.175
2025-08-26 13:30:00,24600,PE,1414.19,1426.88,1418.8,1426.14,233,37579,0.1765
2025-08-26 13:30:00,24650,CE,478.6,479.7,468.67,475.66,350,41630,0.1793
2025-08-26 13:30:00,24650,PE,1509.47,1505.77,1489.13,1495.26,68,33639,0.1795
2025-08-26 13:30:00,24700,CE,450.42,451.6,446.17,447.75,248,38448,0.1806
2025-08-26 13:30:00,24700,PE,1557.04,1593.13,1536.95,1554.24,14,34593,0.1741
2025-08-26 13:30:00,24750,CE,450.08,458.53,444.83,450.04,293,31525,0.1771
2025-08-26 13:30:00,24750,PE,1623.27,1652.11,1585.9,1608.57,289,34389,0.18
2025-08-26 13:30:00,24800,CE,492.13,500.04,484.47,488.63,82,34114,0.1772
2025-08-26 13:30:00,24800,PE,1687.64,1673.87,1644.06,1661.96,104,35994,0.1771
2025-08-26 13:30:00,24850,CE,438.37,442.99,439.27,440.65,171,28801,0.1761
2025-08-26 13:30:00,24850,PE,1731.39,1736.59,1699.2,1722.91,244,34160,0.1788
2025-08-26 13:30:00,24900,CE,457.7,463.24,449.83,453.01,43,29035,0.1768
2025-08-26 13:30:00,24900,PE,1750.4,1773.9,1753.55,1771.19,237,34439,0.1794
2025-08-26 13:35:00,23500,CE,572.94,574.67,566.62,567.17,807,30704,0.1783
2025-08-26 13:35:00,23500,PE,467.56,465.88,453.77,461.52,1200,27984,0.1788
2025-08-26 13:35:00,23550,CE,476.07,485.68,476.18,479.76,969,36096,0.1781
2025-08-26 13:35:00,23550,PE,440.58,441.48,434.76,438.44,815,27928,0.1742
2025-08-26 13:35:00,23600,CE,463.39,461.65,460.89,461.39,1509,32950,0.1802
2025-08-26 13:35:00,23600,PE,482.79,488.58,476.5,480.79,767,33831,0.1779
2025-08-26 13:35:00,23650,CE,446.9,447.19,440.74,442.31,629,35686,0.1778
2025-08-26 13:35:00,23650,PE,538.3,546.05,538.28,539.87,148,31224,0.1775
2025-08-26 13:35:00,23700,CE,471.48,476.47,470.86,474.75,642,41209,0.1759
2025-08-26 13:35:00,23700,PE,543.69,551.28,539.91,543.61,977,34888,0.1776
2025-08-26 13:35:00,23750,CE,444.17,449.92,444.38,444.9,596,37273,0.1755
2025-08-26 13:35:00,23750,PE,621.9,624.16,615.27,615.46,1083,34755,0.1762
2025-08-26 13:35:00,23800,CE,417.18,420.82,415.25,416.3,18,41476,0.1798
2025-08-26 13:35:00,23800,PE,683.66,686.01,675.85,681.89,990,38280,0.1741
2025-08-26 13:35:00,23850,CE,419.1,427.77,415.99,424.48,804,43006,0.1757
2025-08-26 13:35:00,23850,PE,694.22,694.97,685.07,685.26,416,39112,0.1764
2025-08-26 13:35:00,23900,CE,515.57,519.68,503.67,508.84,180,45843,0.1806
2025-08-26 13:35:00,23900,PE,755.57,760.84,746.99,753.94,640,42631,0.1766
2025-08-26 13:35:00,23950,CE,445.44,446.95,442.96,446.52,249,49105,0.181
2025-08-26 13:35:00,23950,PE,799.39,814.8,790.54,796.46,713,47064,0.1756
2025-08-26 13:35:00,24000,CE,450.12,456.37,453.03,453.5,373,52927,0.1767
2025-08-26 13:35:00,24000,PE,859.04,856.26,847.65,856.12,296,50743,0.1777
2025-08-26 13:35:00,24050,CE,450.66,462.78,451.27,453.24,379,55194,0.1764
2025-08-26 13:35:00,24050,PE,931.7,942.47,918.43,934.76,38,58081,0.1788
2025-08-26 13:35:00,24100,CE,432.78,438.96,432.99,434.86,78,55694,0.1785
2025-08-26 13:35:00,24100,PE,962.89,954.92,949.99,951.59,186,65254,0.1753
2025-08-26 13:35:00,24150,CE,478.59,490.94,479.01,482.34,189,70214,0.1766
2025-08-26 13:35:00,24150,PE,1012.24,1021.23,1008.1,1012.16,201,70903,0.1812
2025-08-26 13:35:00,24200,CE,471.51,467.64,461.09,466.75,183,80159,0.1783
2025-08-26 13:35:00,24200,PE,1054.41,1082.04,1051.4,1052.82,492,84456,0.1777
2025-08-26 13:35:00,24250,CE,476.31,478.07,474.21,475.39,34,76587,0.1805
2025-08-26 13:35:00,24250,PE,1105.03,1105.55,1101.84,1103.09,34,87473,0.1793
2025-08-26 13:35:00,24300,CE,423.08,423.72,416.45,423.03,324,70411,0.1748
2025-08-26 13:35:00,24300,PE,1173.07,1190.94,1170.89,1173.36,173,70305,0.1786
2025-08-26 13:35:00,24350,CE,448.91,456.13,449.67,452.39,227,64852,0.1781
2025-08-26 13:35:00,24350,PE,1222.46,1254.48,1230.25,1230.41,77,57793,0.1793
2025-08-26 13:35:00,24400,CE,464.09,468.69,459.7,465.2,180,56424,0.176
2025-08-26 13:35:00,24400,PE,1250.27,1268.96,1254.19,1257.85,242,57942,0.1758
2025-08-26 13:35:00,24450,CE,462.87,467.26,461.16,462.51,371,51209,0.1771
2025-08-26 13:35:00,24450,PE,1281.19,1290.75,1270.67,1286.47,147,49334,0.1747
2025-08-26 13:35:00,24500,CE,435.87,441.03,431.21,434.87,354,47064,0.1728
2025-08-26 13:35:00,24500,PE,1361.46,1388.73,1362.49,1380.54,351,46946,0.1814
2025-08-26 13:35:00,24550,CE,447.85,454.77,453.9,454.16,84,39003,0.1793
2025-08-26 13:35:00,24550,PE,1382.34,1441.68,1373.87,1380.35,41,40675,0.1816
2025-08-26 13:35:00,24600,CE,456.0,449.48,448.6,449.03,349,45876,0.1756
2025-08-26 13:35:00,24600,PE,1457.27,1452.76,1441.24,1443.57,140,38098,0.1773
2025-08-26 13:35:00,24650,CE,451.13,449.88,445.85,446.74,211,41107,0.1808
2025-08-26 13:35:00,24650,PE,1523.71,1508.15,1481.1,1499.5,321,34129,0.1781
2025-08-26 13:35:00,24700,CE,430.53,436.72,429.28,430.3,114,38146,0.1762
2025-08-26 13:35:00,24700,PE,1561.22,1574.98,1539.45,1552.98,209,34424,0.1765
2025-08-26 13:35:00,24750,CE,411.28,410.6,408.6,409.22,226,31369,0.1751
2025-08-26 13:35:00,24750,PE,1629.55,1629.35,1608.77,1618.1,80,34067,0.179
2025-08-26 13:35:00,24800,CE,468.23,465.22,459.06,461.48,224,34040,0.1785
2025-08-26 13:35:00,24800,PE,1683.55,1682.6,1640.9,1673.12,10,36000,0.1783
2025-08-26 13:35:00,24850,CE,469.29,466.74,465.17,465.67,259,28379,0.1763
2025-08-26 13:35:00,24850,PE,1673.31,1730.73,1685.72,1698.67,84,33991,0.1763
2025-08-26 13:35:00,24900,CE,448.29,460.72,438.5,444.0,294,28852,0.1752
2025-08-26 13:35:00,24900,PE,1759.65,1778.02,1738.13,1743.35,266,34648,0.177
2025-08-26 13:40:00,23500,CE,555.23,567.34,545.36,551.82,1238,30800,0.1761
2025-08-26 13:40:00,23500,PE,479.82,479.93,477.19,478.21,410,28243,0.1823
2025-08-26 13:40:00,23550,CE,501.41,512.82,506.29,506.33,149,36436,0.1759
2025-08-26 13:40:00,23550,PE,497.4,498.6,493.23,493.6,352,28128,0.1808
2025-08-26 13:40:00,23600,CE,486.45,488.66,480.74,484.49,977,32639,0.1789
2025-08-26 13:40:00,23600,PE,464.28,472.74,468.95,469.68,815,33833,0.1771
2025-08-26 13:40:00,23650,CE,454.84,456.21,447.81,454.26,1261,35645,0.1785
2025-08-26 13:40:00,23650,PE,480.07,489.12,480.19,482.88,120,30712,0.1778
2025-08-26 13:40:00,23700,CE,453.97,452.48,448.09,449.75,942,41682,0.1781
2025-08-26 13:40:00,23700,PE,530.11,537.36,523.08,529.3,625,34397,0.1785
2025-08-26 13:40:00,23750,CE,490.84,496.16,492.14,495.39,227,37844,0.1806
2025-08-26 13:40:00,23750,PE,556.19,566.44,561.82,564.37,873,34193,0.18
2025-08-26 13:40:00,23800,CE,454.57,462.95,460.76,461.02,298,41751,0.177
2025-08-26 13:40:00,23800,PE,638.32,643.31,633.76,635.95,699,38025,0.1761
2025-08-26 13:40:00,23850,CE,452.05,465.3,453.75,455.28,693,43491,0.176
2025-08-26 13:40:00,23850,PE,673.72,680.31,666.36,672.72,892,39500,0.1772
2025-08-26 13:40:00,23900,CE,485.88,484.58,479.93,483.65,328,45273,0.1796
2025-08-26 13:40:00,23900,PE,756.89,765.24,744.41,755.41,360,42057,0.1745
2025-08-26 13:40:00,23950,CE,465.37,475.92,465.35,467.46,476,49228,0.1777
2025-08-26 13:40:00,23950,PE,769.1,780.94,764.4,767.65,290,46643,0.1743
2025-08-26 13:40:00,24000,CE,435.31,442.06,429.22,435.05,406,52343,0.1758
2025-08-26 13:40:00,24000,PE,839.54,852.45,834.3,836.4,219,51304,0.1757
2025-08-26 13:40:00,24050,CE,457.32,456.78,453.48,455.64,649,55353,0.1787
2025-08-26 13:40:00,24050,PE,881.51,889.16,879.0,883.27,272,57493,0.1798
2025-08-26 13:40:00,24100,CE,426.78,428.81,418.21,427.21,433,55682,0.1767
2025-08-26 13:40:00,24100,PE,937.92,953.78,933.88,936.12,475,64843,0.1753
2025-08-26 13:40:00,24150,CE,445.93,454.82,448.0,448.76,517,70580,0.1799
2025-08-26 13:40:00,24150,PE,969.87,977.04,967.8,973.9,271,70337,0.1779
2025-08-26 13:40:00,24200,CE,445.49,447.12,444.47,446.24,277,80004,0.1759
2025-08-26 13:40:00,24200,PE,1070.87,1069.15,1054.92,1058.3,446,84141,0.1804
2025-08-26 13:40:00,24250,CE,438.34,442.44,432.43,437.16,18,77164,0.1766
2025-08-26 13:40:00,24250,PE,1101.85,1097.02,1085.77,1088.62,140,86966,0.1761
2025-08-26 13:40:00,24300,CE,431.52,436.39,422.82,434.2,449,70674,0.1763
2025-08-26 13:40:00,24300,PE,1098.87,1111.23,1091.41,1094.19,146,70278,0.1762
2025-08-26 13:40:00,24350,CE,455.59,459.31,456.76,458.78,344,65231,0.1802
2025-08-26 13:40:00,24350,PE,1162.41,1168.84,1157.79,1161.46,190,57450,0.1734
2025-08-26 13:40:00,24400,CE,453.39,461.88,445.81,448.85,14,56850,0.1751
2025-08-26 13:40:00,24400,PE,1206.92,1230.27,1217.34,1218.6,387,58482,0.1786
2025-08-26 13:40:00,24450,CE,451.22,450.97,443.77,446.02,340,50864,0.1758
2025-08-26 13:40:00,24450,PE,1236.44,1260.14,1246.75,1248.6,114,49025,0.1766
2025-08-26 13:40:00,24500,CE,464.62,462.04,459.4,460.96,202,47620,0.174
2025-08-26 13:40:00,24500,PE,1344.97,1356.98,1323.84,1328.87,301,46866,0.1757
2025-08-26 13:40:00,24550,CE,442.75,447.7,438.79,442.39,307,39405,0.1764
2025-08-26 13:40:00,24550,PE,1383.02,1403.38,1358.0,1381.22,171,41085,0.1764
2025-08-26 13:40:00,24600,CE,455.35,459.01,447.03,454.77,13,45649,0.1742
2025-08-26 13:40:00,24600,PE,1417.57,1448.19,1427.61,1431.88,73,37712,0.1778
2025-08-26 13:40:00,24650,CE,452.91,458.44,448.01,455.18,82,40946,0.1749
2025-08-26 13:40:00,24650,PE,1486.26,1495.1,1479.75,1495.1,279,34239,0.1785
2025-08-26 13:40:00,24700,CE,452.33,459.65,448.99,449.72,166,38142,0.1774
2025-08-26 13:40:00,24700,PE,1517.31,1547.4,1499.62,1517.68,72,34708,0.1786
2025-08-26 13:40:00,24750,CE,475.45,477.55,472.71,472.9,270,31427,0.1768
2025-08-26 13:40:00,24750,PE,1585.45,1588.55,1575.22,1584.14,290,34433,0.1814
2025-08-26 13:40:00,24800,CE,471.46,467.09,465.83,467.0,277,33564,0.1769
2025-08-26 13:40:00,24800,PE,1635.01,1667.0,1639.34,1640.3,34,35926,0.1768
2025-08-26 13:40:00,24850,CE,452.37,460.1,436.99,446.27,23,27798,0.1757
2025-08-26 13:40:00,24850,PE,1681.68,1675.72,1662.83,1672.15,48,33535,0.1787
2025-08-26 13:40:00,24900,CE,444.82,453.92,444.77,444.91,108,28649,0.1764
2025-08-26 13:40:00,24900,PE,1734.9,1750.87,1709.92,1740.3,264,35129,0.1768
2025-08-26 13:45:00,23500,CE,594.51,606.44,591.66,595.78,218,30656,0.1761
2025-08-26 13:45:00,23500,PE,483.6,489.35,486.14,486.65,611,27971,0.1811
2025-08-26 13:45:00,23550,CE,574.41,582.34,571.77,576.81,459,36640,0.1773
2025-08-26 13:45:00,23550,PE,494.68,499.01,493.67,497.59,585,28372,0.1817
2025-08-26 13:45:00,23600,CE,508.28,516.13,501.2,502.03,139,32616,0.1792
2025-08-26 13:45:00,23600,PE,460.48,466.4,460.25,462.27,499,33579,0.1754
2025-08-26 13:45:00,23650,CE,468.87,469.09,467.83,468.81,840,35407,0.1783
2025-08-26 13:45:00,23650,PE,470.27,476.82,470.62,476.16,1342,30334,0.1777
2025-08-26 13:45:00,23700,CE,455.61,463.31,450.03,456.5,1339,41517,0.1783
2025-08-26 13:45:00,23700,PE,479.13,482.04,476.64,478.84,800,33998,0.1759
2025-08-26 13:45:00,23750,CE,455.13,450.96,449.22,450.28,1199,38015,0.1813
2025-08-26 13:45:00,23750,PE,584.66,595.36,577.7,587.72,1007,34666,0.1784
2025-08-26 13:45:00,23800,CE,418.21,421.72,412.22,416.4,1147,41456,0.1815
2025-08-26 13:45:00,23800,PE,590.15,597.51,586.78,592.7,391,37715,0.1793
2025-08-26 13:45:00,23850,CE,464.21,465.89,463.12,463.46,526,43968,0.1784
2025-08-26 13:45:00,23850,PE,669.53,675.64,674.92,675.36,766,39581,0.1788
2025-08-26 13:45:00,23900,CE,488.84,500.36,497.03,497.52,451,45548,0.1785
2025-08-26 13:45:00,23900,PE,728.36,727.25,722.58,725.85,445,42523,0.1768
2025-08-26 13:45:00,23950,CE,451.59,459.6,451.61,455.99,484,49425,0.1784
2025-08-26 13:45:00,23950,PE,786.93,787.32,781.87,787.22,586,46933,0.1774
2025-08-26 13:45:00,24000,CE,438.63,448.79,435.64,444.28,383,52207,0.174
2025-08-26 13:45:00,24000,PE,808.4,832.16,804.72,809.94,334,51829,0.1783
2025-08-26 13:45:00,24050,CE,443.79,456.5,445.67,445.9,90,55597,0.1753
2025-08-26 13:45:00,24050,PE,859.73,855.85,847.7,849.63,702,56979,0.1777
2025-08-26 13:45:00,24100,CE,436.02,448.03,429.49,439.16,425,55796,0.1768
2025-08-26 13:45:00,24100,PE,876.55,892.83,871.75,886.47,235,64356,0.1774
2025-08-26 13:45:00,24150,CE,459.32,467.79,459.39,463.81,435,70606,0.1814
2025-08-26 13:45:00,24150,PE,968.86,993.42,979.69,980.97,481,69843,0.1798
2025-08-26 13:45:00,24200,CE,444.35,449.19,442.9,443.6,560,80156,0.1763
2025-08-26 13:45:00,24200,PE,1013.28,1033.89,1017.31,1024.09,270,84088,0.1777
2025-08-26 13:45:00,24250,CE,445.14,453.86,443.18,447.71,538,77227,0.1739
2025-08-26 13:45:00,24250,PE,1090.63,1093.22,1063.32,1076.21,331,87144,0.1776
2025-08-26 13:45:00,24300,CE,479.8,475.27,472.77,473.06,173,70374,0.1789
2025-08-26 13:45:00,24300,PE,1082.21,1081.87,1077.17,1078.65,404,70061,0.1779
2025-08-26 13:45:00,24350,CE,486.41,487.68,482.6,483.51,25,65209,0.1779
2025-08-26 13:45:00,24350,PE,1130.01,1160.32,1136.2,1139.98,13,57529,0.1755
2025-08-26 13:45:00,24400,CE,476.42,487.61,474.36,475.05,314,57358,0.1765
2025-08-26 13:45:00,24400,PE,1214.19,1215.57,1198.91,1213.17,296,58304,0.1745
2025-08-26 13:45:00,24450,CE,441.09,447.34,435.17,443.68,298,50974,0.1769
2025-08-26 13:45:00,24450,PE,1242.17,1224.18,1219.5,1222.52,343,49532,0.1766
2025-08-26 13:45:00,24500,CE,451.56,461.59,448.25,449.96,49,47881,0.1787
2025-08-26 13:45:00,24500,PE,1291.07,1311.56,1295.95,1307.16,356,46660,0.1734
2025-08-26 13:45:00,24550,CE,476.82,495.6,477.08,484.36,174,39302,0.1788
2025-08-26 13:45:00,24550,PE,1337.54,1344.26,1335.76,1343.49,162,41539,0.1782
2025-08-26 13:45:00,24600,CE,454.77,460.17,456.84,457.13,136,45574,0.1768
2025-08-26 13:45:00,24600,PE,1410.01,1454.2,1416.13,1422.61,239,37414,0.1783
2025-08-26 13:45:00,24650,CE,440.95,453.89,433.86,440.59,273,40973,0.1751
2025-08-26 13:45:00,24650,PE,1472.93,1492.27,1471.9,1492.25,71,33862,0.175
2025-08-26 13:45:00,24700,CE,456.31,462.32,456.67,458.25,16,38240,0.1759
2025-08-26 13:45:00,24700,PE,1474.75,1492.93,1469.56,1483.11,301,35297,0.1766
2025-08-26 13:45:00,24750,CE,407.8,412.21,408.04,412.06,240,31990,0.1747
2025-08-26 13:45:00,24750,PE,1532.22,1539.84,1531.92,1539.52,357,34569,0.1747
2025-08-26 13:45:00,24800,CE,462.65,462.57,457.25,460.15,134,34027,0.1741
2025-08-26 13:45:00,24800,PE,1606.14,1623.79,1592.66,1604.4,222,36304,0.1762
2025-08-26 13:45:00,24850,CE,477.68,478.63,476.0,477.71,80,28338,0.1781
2025-08-26 13:45:00,24850,PE,1703.6,1699.14,1682.28,1689.93,147,33982,0.1767
2025-08-26 13:45:00,24900,CE,480.81,481.66,467.62,479.67,125,29128,0.1737
2025-08-26 13:45:00,24900,PE,1742.46,1751.51,1699.24,1722.26,221,34804,0.1778
2025-08-26 13:50:00,23500,CE,620.11,624.31,609.35,616.33,185,30245,0.1767
2025-08-26 13:50:00,23500,PE,470.29,478.24,465.63,470.89,438,27423,0.1773
2025-08-26 13:50:00,23550,CE,552.43,553.91,547.17,550.76,715,36831,0.1764
2025-08-26 13:50:00,23550,PE,454.78,461.06,443.21,449.02,964,28892,0.1769
2025-08-26 13:50:00,23600,CE,545.48,547.31,540.58,543.3,1188,33208,0.177
2025-08-26 13:50:00,23600,PE,466.0,472.88,465.11,466.81,902,34001,0.178
2025-08-26 13:50:00,23650,CE,454.99,462.18,454.13,455.83,1350,35804,0.1786
2025-08-26 13:50:00,23650,PE,449.67,459.29,447.09,451.41,729,30356,0.1773
2025-08-26 13:50:00,23700,CE,481.77,485.39,469.38,474.91,1440,41459,0.1776
2025-08-26 13:50:00,23700,PE,472.04,474.64,470.31,472.88,964,34166,0.172
2025-08-26 13:50:00,23750,CE,458.55,463.41,453.97,460.48,269,37442,0.1772
2025-08-26 13:50:00,23750,PE,549.93,554.42,547.56,551.21,952,35019,0.1768
2025-08-26 13:50:00,23800,CE,465.83,468.39,456.75,461.77,705,41644,0.1766
2025-08-26 13:50:00,23800,PE,571.51,576.74,573.37,575.4,98,37319,0.1761
2025-08-26 13:50:00,23850,CE,431.31,437.98,428.46,433.83,793,44130,0.1764
2025-08-26 13:50:00,23850,PE,641.64,654.65,641.92,645.78,225,39700,0.174
2025-08-26 13:50:00,23900,CE,498.84,502.53,493.12,499.11,49,45893,0.1813
2025-08-26 13:50:00,23900,PE,703.4,724.06,691.57,699.45,41,42927,0.179
2025-08-26 13:50:00,23950,CE,428.4,429.01,426.63,428.09,208,49129,0.1785
2025-08-26 13:50:00,23950,PE,732.38,734.81,730.57,732.51,816,47310,0.1787
2025-08-26 13:50:00,24000,CE,443.82,456.45,439.7,446.66,281,51825,0.1749
2025-08-26 13:50:00,24000,PE,820.2,820.01,815.22,817.41,100,51702,0.1776
2025-08-26 13:50:00,24050,CE,454.11,458.41,448.14,449.04,440,55588,0.1767
2025-08-26 13:50:00,24050,PE,861.03,886.73,861.08,863.64,672,57344,0.1798
2025-08-26 13:50:00,24100,CE,464.04,470.58,464.77,468.03,189,56277,0.1797
2025-08-26 13:50:00,24100,PE,869.41,875.02,857.12,873.44,327,63776,0.173
2025-08-26 13:50:00,24150,CE,450.39,458.52,447.69,451.96,555,70890,0.179
2025-08-26 13:50:00,24150,PE,965.27,991.0,953.67,956.49,238,70296,0.178
2025-08-26 13:50:00,24200,CE,444.52,449.39,442.7,447.91,554,80701,0.176
2025-08-26 13:50:00,24200,PE,995.44,1003.58,989.87,1000.92,558,83809,0.1779
2025-08-26 13:50:00,24250,CE,485.02,490.59,486.14,489.96,325,76834,0.1781
2025-08-26 13:50:00,24250,PE,1061.45,1062.45,1048.26,1054.86,395,87142,0.1759
2025-08-26 13:50:00,24300,CE,475.93,476.01,471.26,472.44,480,70855,0.177
2025-08-26 13:50:00,24300,PE,1113.19,1110.67,1105.01,1110.06,179,69839,0.1763
2025-08-26 13:50:00,24350,CE,460.93,465.82,459.69,461.78,24,65215,0.1782
2025-08-26 13:50:00,24350,PE,1128.5,1136.19,1123.47,1126.4,203,58123,0.1766
2025-08-26 13:50:00,24400,CE,437.83,448.7,435.65,438.96,403,57305,0.1792
2025-08-26 13:50:00,24400,PE,1163.78,1176.89,1153.03,1162.8,282,58457,0.1718
2025-08-26 13:50:00,24450,CE,469.94,484.91,474.82,476.63,423,51568,0.176
2025-08-26 13:50:00,24450,PE,1214.22,1224.15,1200.08,1209.25,200,49372,0.1783
2025-08-26 13:50:00,24500,CE,472.29,472.26,463.31,468.0,321,47608,0.1796
2025-08-26 13:50:00,24500,PE,1316.41,1338.18,1309.86,1315.31,69,46399,0.1802
2025-08-26 13:50:00,24550,CE,458.5,466.64,456.68,457.61,140,39442,0.1793
2025-08-26 13:50:00,24550,PE,1344.35,1357.26,1346.14,1349.45,316,41134,0.1769
2025-08-26 13:50:00,24600,CE,447.5,446.77,441.98,444.7,24,45171,0.1774
2025-08-26 13:50:00,24600,PE,1397.14,1380.88,1363.67,1378.98,374,37126,0.1766
2025-08-26 13:50:00,24650,CE,440.1,443.88,442.16,443.66,211,41022,0.1774
2025-08-26 13:50:00,24650,PE,1435.65,1455.07,1446.12,1448.87,114,34275,0.1766
2025-08-26 13:50:00,24700,CE,430.9,437.64,429.33,430.2,30,38275,0.1747
2025-08-26 13:50:00,24700,PE,1503.78,1518.11,1488.83,1494.93,160,35636,0.1758
2025-08-26 13:50:00,24750,CE,433.11,437.01,430.74,434.35,76,32539,0.179
2025-08-26 13:50:00,24750,PE,1538.52,1533.53,1514.83,1515.21,290,34857,0.1772
2025-08-26 13:50:00,24800,CE,456.13,459.31,455.5,459.03,177,34198,0.1767
2025-08-26 13:50:00,24800,PE,1565.35,1596.74,1559.51,1581.61,77,35713,0.1771
2025-08-26 13:50:00,24850,CE,423.86,441.79,428.48,433.15,255,28276,0.1792
2025-08-26 13:50:00,24850,PE,1671.38,1677.24,1660.5,1671.91,123,33703,0.1762
2025-08-26 13:50:00,24900,CE,448.56,453.99,446.12,450.17,206,29142,0.1736
2025-08-26 13:50:00,24900,PE,1706.0,1702.9,1665.92,1701.26,224,35345,0.1788
2025-08-26 13:55:00,23500,CE,646.66,651.57,640.51,646.9,905,30029,0.1797
2025-08-26 13:55:00,23500,PE,475.98,485.97,471.89,474.87,275,27015,0.1765
2025-08-26 13:55:00,23550,CE,599.2,609.03,595.49,600.69,698,37222,0.1761
2025-08-26 13:55:00,23550,PE,432.35,442.99,431.11,434.1,321,29480,0.1754
2025-08-26 13:55:00,23600,CE,518.97,526.65,519.19,521.2,604,33544,0.1793
2025-08-26 13:55:00,23600,PE,461.13,472.15,463.57,467.28,426,33567,0.1766
2025-08-26 13:55:00,23650,CE,524.36,528.99,520.55,526.35,832,35864,0.1787
2025-08-26 13:55:00,23650,PE,499.6,498.35,494.17,496.53,778,30242,0.1771
2025-08-26 13:55:00,23700,CE,454.58,459.18,453.04,457.29,1118,41619,0.1799
2025-08-26 13:55:00,23700,PE,475.01,470.8,467.04,470.18,281,34368,0.1768
2025-08-26 13:55:00,23750,CE,508.25,504.05,503.2,503.46,500,37810,0.1786
2025-08-26 13:55:00,23750,PE,527.54,535.03,531.64,532.85,737,34707,0.1784
2025-08-26 13:55:00,23800,CE,486.23,494.53,486.42,486.48,245,42201,0.1798
2025-08-26 13:55:00,23800,PE,535.99,541.62,533.21,540.27,920,36976,0.1752
2025-08-26 13:55:00,23850,CE,449.14,453.49,451.14,451.15,575,43678,0.1756
2025-08-26 13:55:00,23850,PE,611.34,622.48,608.76,614.27,944,40094,0.1795
2025-08-26 13:55:00,23900,CE,431.71,437.9,428.22,433.89,817,45848,0.1776
2025-08-26 13:55:00,23900,PE,666.24,675.02,664.8,665.4,181,42915,0.1775
2025-08-26 13:55:00,23950,CE,480.87,483.05,477.72,480.41,477,48911,0.1766
2025-08-26 13:55:00,23950,PE,707.47,719.96,701.02,709.46,357,46765,0.1767
2025-08-26 13:55:00,24000,CE,445.54,447.7,441.81,447.57,447,51457,0.1787
2025-08-26 13:55:00,24000,PE,791.98,797.52,784.35,791.05,711,52015,0.1771
2025-08-26 13:55:00,24050,CE,432.06,439.23,429.26,433.94,474,55257,0.1771
2025-08-26 13:55:00,24050,PE,832.98,831.96,826.3,830.81,523,57935,0.1799
2025-08-26 13:55:00,24100,CE,450.38,450.13,447.81,449.64,459,56620,0.1742
2025-08-26 13:55:00,24100,PE,877.11,892.21,872.6,881.6,650,64194,0.1749
2025-08-26 13:55:00,24150,CE,433.25,447.04,438.05,438.89,118,71337,0.1783
2025-08-26 13:55:00,24150,PE,929.24,937.19,915.79,929.87,517,70558,0.1793
2025-08-26 13:55:00,24200,CE,445.18,452.58,437.79,447.98,151,80660,0.1735
2025-08-26 13:55:00,24200,PE,938.42,952.57,925.81,939.74,570,84309,0.1777
2025-08-26 13:55:00,24250,CE,444.91,455.76,438.36,442.43,77,76745,0.1818
2025-08-26 13:55:00,24250,PE,1002.19,1012.86,996.33,1010.39,363,86656,0.177
2025-08-26 13:55:00,24300,CE,467.6,469.42,463.18,465.24,144,70970,0.1787
2025-08-26 13:55:00,24300,PE,1104.11,1117.75,1089.58,1109.28,370,69365,0.1799
2025-08-26 13:55:00,24350,CE,476.03,484.49,476.57,480.57,229,65401,0.1781
2025-08-26 13:55:00,24350,PE,1136.41,1137.05,1127.79,1131.85,525,58720,0.1763
2025-08-26 13:55:00,24400,CE,439.23,451.04,441.95,443.81,161,57515,0.1767
2025-08-26 13:55:00,24400,PE,1186.88,1208.69,1190.24,1191.94,281,58109,0.1779
2025-08-26 13:55:00,24450,CE,457.24,463.62,453.18,454.75,247,51133,0.1787
2025-08-26 13:55:00,24450,PE,1212.16,1233.94,1211.75,1214.42,64,49199,0.1774
2025-08-26 13:55:00,24500,CE,467.44,475.11,465.14,474.25,125,47182,0.1758
2025-08-26 13:55:00,24500,PE,1287.55,1280.98,1264.61,1279.21,30,46482,0.1807
2025-08-26 13:55:00,24550,CE,467.61,477.92,464.2,467.73,9,39781,0.1763
2025-08-26 13:55:00,24550,PE,1331.57,1340.65,1316.32,1319.08,38,41323,0.1762
2025-08-26 13:55:00,24600,CE,447.38,451.0,436.0,443.88,68,45311,0.1755
2025-08-26 13:55:00,24600,PE,1362.08,1375.31,1360.34,1361.56,65,37048,0.1748
2025-08-26 13:55:00,24650,CE,481.3,477.7,469.98,475.35,267,40629,0.1806
2025-08-26 13:55:00,24650,PE,1386.0,1406.1,1367.54,1391.74,58,34440,0.1777
2025-08-26 13:55:00,24700,CE,472.31,483.8,469.4,471.99,250,38178,0.1797
2025-08-26 13:55:00,24700,PE,1488.0,1487.07,1473.01,1485.63,52,35402,0.1769
2025-08-26 13:55:00,24750,CE,426.97,423.34,420.84,422.16,85,32730,0.1747
2025-08-26 13:55:00,24750,PE,1488.7,1536.1,1493.62,1514.08,116,34711,0.1766
2025-08-26 13:55:00,24800,CE,472.42,479.37,472.77,473.97,98,33799,0.1779
2025-08-26 13:55:00,24800,PE,1524.65,1580.66,1546.76,1556.07,292,35693,0.1765
2025-08-26 13:55:00,24850,CE,463.23,465.78,461.53,464.96,200,28023,0.1763
2025-08-26 13:55:00,24850,PE,1625.2,1669.13,1597.38,1626.39,35,33983,0.1741
2025-08-26 13:55:00,24900,CE,404.41,413.7,405.0,407.42,243,28598,0.1746
2025-08-26 13:55:00,24900,PE,1714.61,1687.29,1656.26,1673.68,297,35768,0.1744
2025-08-26 14:00:00,23500,CE,623.48,624.75,601.56,617.23,955,29982,0.1757
2025-08-26 14:00:00,23500,PE,453.14,453.41,433.82,445.12,784,26434,0.1798
2025-08-26 14:00:00,23550,CE,565.13,572.68,564.8,569.12,765,36782,0.1771
2025-08-26 14:00:00,23550,PE,450.81,458.39,443.25,451.66,1151,30014,0.1767
2025-08-26 14:00:00,23600,CE,537.64,547.34,528.94,535.36,238,33588,0.1762
2025-08-26 14:00:00,23600,PE,470.15,473.94,469.36,470.76,866,33889,0.1824
2025-08-26 14:00:00,23650,CE,499.65,505.54,492.76,500.42,841,36323,0.1835
2025-08-26 14:00:00,23650,PE,455.41,461.95,452.67,454.87,602,30026,0.1797
2025-08-26 14:00:00,23700,CE,463.18,472.99,463.22,466.1,1182,41675,0.1811
2025-08-26 14:00:00,23700,PE,513.48,519.43,511.46,514.53,155,34548,0.176
2025-08-26 14:00:00,23750,CE,417.67,423.07,420.28,420.77,404,38219,0.176
2025-08-26 14:00:00,23750,PE,541.77,545.91,537.35,538.86,1164,34611,0.1738
2025-08-26 14:00:00,23800,CE,466.36,467.22,463.16,465.02,1042,42743,0.1784
2025-08-26 14:00:00,23800,PE,594.02,610.34,596.12,598.77,894,37104,0.1788
2025-08-26 14:00:00,23850,CE,436.99,440.07,430.63,436.36,1014,44126,0.177
2025-08-26 14:00:00,23850,PE,654.88,657.55,641.45,651.54,528,39594,0.178
2025-08-26 14:00:00,23900,CE,428.93,431.22,423.41,428.4,595,45804,0.1754
2025-08-26 14:00:00,23900,PE,678.92,683.45,673.99,677.88,368,42530,0.1782
2025-08-26 14:00:00,23950,CE,444.3,448.66,440.41,446.77,643,49405,0.178
2025-08-26 14:00:00,23950,PE,743.37,754.93,738.37,739.39,539,46446,0.179
2025-08-26 14:00:00,24000,CE,435.08,437.68,432.64,435.12,14,51712,0.1801
2025-08-26 14:00:00,24000,PE,758.46,766.81,760.23,764.62,140,51490,0.1787
2025-08-26 14:00:00,24050,CE,485.38,493.76,471.33,483.37,159,54898,0.1809
2025-08-26 14:00:00,24050,PE,825.04,842.51,823.47,830.88,265,57718,0.1753
2025-08-26 14:00:00,24100,CE,482.35,486.24,479.23,481.93,148,56958,0.1775
2025-08-26 14:00:00,24100,PE,855.78,892.3,879.01,881.15,583,63895,0.1719
2025-08-26 14:00:00,24150,CE,478.75,478.15,475.55,476.56,248,71717,0.1758
2025-08-26 14:00:00,24150,PE,959.16,961.92,938.74,946.75,627,70904,0.177
2025-08-26 14:00:00,24200,CE,490.47,495.97,492.42,495.68,345,81250,0.1774
2025-08-26 14:00:00,24200,PE,1010.33,1009.89,993.52,1001.08,451,84521,0.1801
2025-08-26 14:00:00,24250,CE,507.24,499.19,498.3,498.85,26,76909,0.1764
2025-08-26 14:00:00,24250,PE,1053.85,1080.54,1050.54,1053.87,174,86777,0.1793
2025-08-26 14:00:00,24300,CE,466.76,484.63,469.41,472.53,318,70501,0.1779
2025-08-26 14:00:00,24300,PE,1112.31,1112.07,1102.12,1102.49,258,69380,0.1759
2025-08-26 14:00:00,24350,CE,481.29,475.87,466.42,473.49,32,65822,0.1783
2025-08-26 14:00:00,24350,PE,1116.8,1116.08,1107.73,1113.7,488,58145,0.176
2025-08-26 14:00:00,24400,CE,443.05,453.32,446.02,446.99,66,57066,0.176
2025-08-26 14:00:00,24400,PE,1168.57,1179.95,1169.5,1179.74,222,58229,0.1769
2025-08-26 14:00:00,24450,CE,418.11,423.44,411.61,420.24,119,51549,0.1759
2025-08-26 14:00:00,24450,PE,1258.46,1251.6,1241.6,1250.52,151,48967,0.1785
2025-08-26 14:00:00,24500,CE,437.17,443.11,438.9,439.1,267,47627,0.1743
2025-08-26 14:00:00,24500,PE,1256.52,1302.37,1274.31,1277.16,117,46287,0.1769
2025-08-26 14:00:00,24550,CE,456.97,473.31,458.92,462.47,150,39739,0.1801
2025-08-26 14:00:00,24550,PE,1337.86,1351.63,1326.11,1349.96,188,41866,0.174
2025-08-26 14:00:00,24600,CE,431.54,441.53,430.78,436.62,66,45212,0.1747
2025-08-26 14:00:00,24600,PE,1362.21,1375.41,1367.77,1369.49,109,37167,0.1748
2025-08-26 14:00:00,24650,CE,471.46,476.21,466.64,469.24,311,41151,0.1769
2025-08-26 14:00:00,24650,PE,1426.98,1459.09,1438.67,1447.92,177,34157,0.1741
2025-08-26 14:00:00,24700,CE,468.08,471.36,462.71,467.4,367,37688,0.18
2025-08-26 14:00:00,24700,PE,1495.93,1510.55,1487.56,1491.32,55,35951,0.1796
2025-08-26 14:00:00,24750,CE,488.48,490.02,477.96,486.29,326,32801,0.1771
2025-08-26 14:00:00,24750,PE,1539.1,1599.88,1535.3,1565.79,124,35270,0.1811
2025-08-26 14:00:00,24800,CE,485.04,478.99,472.75,477.17,339,34239,0.1805
2025-08-26 14:00:00,24800,PE,1604.01,1646.11,1576.08,1595.9,274,35806,0.1787
2025-08-26 14:00:00,24850,CE,461.32,470.44,452.08,457.07,130,27988,0.1776
2025-08-26 14:00:00,24850,PE,1652.92,1663.22,1635.76,1654.04,188,33959,0.1786
2025-08-26 14:00:00,24900,CE,468.54,469.44,466.24,467.82,285,28197,0.1751
2025-08-26 14:00:00,24900,PE,1696.43,1771.3,1702.27,1705.78,32,35712,0.1765
2025-08-26 14:05:00,23500,CE,613.94,615.0,605.03,610.55,254,30368,0.1774
2025-08-26 14:05:00,23500,PE,467.38,472.8,465.11,469.97,983,27020,0.1796
2025-08-26 14:05:00,23550,CE,554.8,562.99,550.59,553.19,518,37334,0.1795
2025-08-26 14:05:00,23550,PE,460.85,458.16,454.54,456.8,151,30568,0.178
2025-08-26 14:05:00,23600,CE,481.85,479.13,469.37,479.06,388,33010,0.1782
2025-08-26 14:05:00,23600,PE,445.63,453.36,443.59,447.94,1246,33907,0.1767
2025-08-26 14:05:00,23650,CE,465.13,469.09,455.08,463.87,747,35963,0.1793
2025-08-26 14:05:00,23650,PE,458.45,464.37,459.65,460.76,752,30164,0.1752
2025-08-26 14:05:00,23700,CE,468.43,468.06,463.96,465.38,244,42210,0.1798
2025-08-26 14:05:00,23700,PE,523.83,527.7,514.98,518.17,1125,34999,0.1761
2025-08-26 14:05:00,23750,CE,457.83,468.49,459.42,460.82,80,38658,0.1762
2025-08-26 14:05:00,23750,PE,533.23,547.35,532.69,536.07,1162,34449,0.1794
2025-08-26 14:05:00,23800,CE,437.44,450.63,437.98,442.87,681,42744,0.1781
2025-08-26 14:05:00,23800,PE,608.38,616.93,601.15,607.78,979,36842,0.1762
2025-08-26 14:05:00,23850,CE,436.49,435.92,432.62,433.83,972,44190,0.1767
2025-08-26 14:05:00,23850,PE,641.44,641.45,632.75,635.44,17,39358,0.1775
2025-08-26 14:05:00,23900,CE,468.38,470.59,463.82,467.76,149,46174,0.178
2025-08-26 14:05:00,23900,PE,713.64,718.72,697.87,700.44,400,42487,0.1791
2025-08-26 14:05:00,23950,CE,485.03,497.05,477.5,482.16,314,49645,0.1799
2025-08-26 14:05:00,23950,PE,756.2,752.95,743.39,746.96,866,46893,0.1765
2025-08-26 14:05:00,24000,CE,466.99,471.74,460.96,463.95,793,51471,0.1765
2025-08-26 14:05:00,24000,PE,805.31,815.44,802.68,807.56,537,51636,0.1751
2025-08-26 14:05:00,24050,CE,422.67,437.73,428.09,431.31,233,55312,0.176
2025-08-26 14:05:00,24050,PE,843.35,850.09,832.76,842.41,683,58258,0.1778
2025-08-26 14:05:00,24100,CE,442.17,446.99,442.58,443.36,682,56553,0.1769
2025-08-26 14:05:00,24100,PE,927.06,934.31,924.85,930.57,111,64112,0.1768
2025-08-26 14:05:00,24150,CE,459.46,461.43,448.21,457.1,472,71639,0.1814
2025-08-26 14:05:00,24150,PE,956.42,961.01,958.4,960.92,114,70646,0.1801
2025-08-26 14:05:00,24200,CE,449.21,455.52,446.85,448.78,86,80839,0.1789
2025-08-26 14:05:00,24200,PE,1006.57,1021.62,996.03,1001.58,122,84623,0.1747
2025-08-26 14:05:00,24250,CE,488.75,492.98,484.76,488.36,298,76709,0.177
2025-08-26 14:05:00,24250,PE,1048.68,1067.06,1049.65,1052.57,314,86978,0.1792
2025-08-26 14:05:00,24300,CE,462.02,466.79,451.6,461.74,60,70238,0.1809
2025-08-26 14:05:00,24300,PE,1092.2,1118.93,1106.54,1112.44,116,68780,0.1775
2025-08-26 14:05:00,24350,CE,471.42,474.88,457.42,463.21,67,66142,0.1808
2025-08-26 14:05:00,24350,PE,1150.64,1167.21,1144.69,1148.83,450,57738,0.1782
2025-08-26 14:05:00,24400,CE,443.24,449.53,442.58,444.35,376,56769,0.1773
2025-08-26 14:05:00,24400,PE,1211.58,1224.81,1201.28,1212.47,75,57911,0.1798
2025-08-26 14:05:00,24450,CE,457.59,459.71,448.24,454.13,428,51359,0.1795
2025-08-26 14:05:00,24450,PE,1221.25,1267.85,1209.86,1226.26,347,48949,0.1772
2025-08-26 14:05:00,24500,CE,484.59,488.47,480.24,484.44,198,48001,0.1813
2025-08-26 14:05:00,24500,PE,1311.39,1333.51,1305.76,1310.15,441,46467,0.177
2025-08-26 14:05:00,24550,CE,502.28,509.54,499.63,501.0,362,39314,0.1784
2025-08-26 14:05:00,24550,PE,1374.89,1384.15,1358.19,1359.27,384,41486,0.1813
2025-08-26 14:05:00,24600,CE,406.61,409.9,407.17,408.87,83,45628,0.1754
2025-08-26 14:05:00,24600,PE,1410.28,1405.75,1384.23,1400.91,200,36866,0.1758
2025-08-26 14:05:00,24650,CE,470.32,477.34,470.27,470.51,17,40813,0.1781
2025-08-26 14:05:00,24650,PE,1452.81,1470.75,1444.97,1446.92,324,33561,0.1766
2025-08-26 14:05:00,24700,CE,493.77,498.32,487.48,489.18,348,38016,0.1765
2025-08-26 14:05:00,24700,PE,1516.7,1513.91,1483.99,1501.67,82,36237,0.1765
2025-08-26 14:05:00,24750,CE,468.26,472.9,469.95,470.32,191,32618,0.1809
2025-08-26 14:05:00,24750,PE,1532.86,1579.69,1520.59,1540.19,186,34678,0.1768
2025-08-26 14:05:00,24800,CE,456.54,455.85,453.5,454.88,309,34581,0.1764
2025-08-26 14:05:00,24800,PE,1656.57,1651.94,1632.21,1639.61,67,35325,0.1758
2025-08-26 14:05:00,24850,CE,474.21,474.24,470.43,472.48,146,27940,0.1794
2025-08-26 14:05:00,24850,PE,1641.14,1689.35,1639.48,1648.02,263,34367,0.176
2025-08-26 14:05:00,24900,CE,441.86,443.7,435.98,437.46,25,27890,0.1784
2025-08-26 14:05:00,24900,PE,1693.56,1689.7,1667.37,1683.93,194,35567,0.1771
2025-08-26 14:10:00,23500,CE,619.65,629.08,606.56,615.23,1132,30561,0.1793
2025-08-26 14:10:00,23500,PE,465.06,471.87,450.67,461.41,380,27227,0.1792
2025-08-26 14:10:00,23550,CE,576.71,582.5,580.01,580.11,567,37289,0.1811
2025-08-26 14:10:00,23550,PE,425.96,428.46,422.58,425.39,928,30488,0.1748
2025-08-26 14:10:00,23600,CE,520.66,527.27,517.63,519.69,1038,32913,0.1799
2025-08-26 14:10:00,23600,PE,461.32,462.63,457.61,458.62,889,33890,0.1786
2025-08-26 14:10:00,23650,CE,443.94,448.03,440.43,442.79,1009,35778,0.173
2025-08-26 14:10:00,23650,PE,443.97,447.87,447.48,447.71,233,29871,0.1793
2025-08-26 14:10:00,23700,CE,446.14,451.18,438.57,444.8,576,41989,0.1769
2025-08-26 14:10:00,23700,PE,512.88,518.53,504.11,515.47,676,34972,0.1796
2025-08-26 14:10:00,23750,CE,479.79,474.07,466.57,473.57,358,38516,0.1783
2025-08-26 14:10:00,23750,PE,557.09,551.84,545.84,548.42,399,34551,0.1794
2025-08-26 14:10:00,23800,CE,490.11,490.85,482.2,486.32,579,42901,0.1777
2025-08-26 14:10:00,23800,PE,591.83,597.14,594.89,595.64,527,37437,0.178
2025-08-26 14:10:00,23850,CE,448.2,463.42,460.57,460.97,526,44328,0.1763
2025-08-26 14:10:00,23850,PE,657.01,664.63,642.65,652.67,481,39639,0.1769
2025-08-26 14:10:00,23900,CE,487.32,497.18,481.5,487.92,545,45691,0.1778
2025-08-26 14:10:00,23900,PE,683.81,689.15,679.49,687.34,707,42799,0.1796
2025-08-26 14:10:00,23950,CE,422.34,430.14,426.25,427.26,362,49655,0.177
2025-08-26 14:10:00,23950,PE,762.33,768.65,752.81,755.11,23,47332,0.1799
2025-08-26 14:10:00,24000,CE,457.88,456.39,453.83,454.16,632,52036,0.1789
2025-08-26 14:10:00,24000,PE,817.85,812.57,797.21,809.05,489,51312,0.1786
2025-08-26 14:10:00,24050,CE,470.05,480.47,467.11,470.4,225,55826,0.1775
2025-08-26 14:10:00,24050,PE,867.19,877.04,865.62,866.28,44,58463,0.1799
2025-08-26 14:10:00,24100,CE,469.17,481.62,469.33,475.42,58,56839,0.1809
2025-08-26 14:10:00,24100,PE,922.77,915.89,907.1,910.74,409,64078,0.176
2025-08-26 14:10:00,24150,CE,430.4,432.76,429.75,431.07,458,71464,0.1726
2025-08-26 14:10:00,24150,PE,927.77,935.88,932.42,932.53,377,71006,0.1755
2025-08-26 14:10:00,24200,CE,474.07,474.59,474.06,474.08,285,80265,0.1779
2025-08-26 14:10:00,24200,PE,1033.04,1043.65,1022.48,1034.58,607,84671,0.1785
2025-08-26 14:10:00,24250,CE,450.9,454.49,448.14,452.84,252,76197,0.177
2025-08-26 14:10:00,24250,PE,1019.04,1037.15,1019.38,1021.39,60,86683,0.1747
2025-08-26 14:10:00,24300,CE,445.36,453.59,446.75,450.23,503,70508,0.1784
2025-08-26 14:10:00,24300,PE,1105.31,1122.61,1106.51,1118.6,230,69085,0.1759
2025-08-26 14:10:00,24350,CE,447.06,452.96,444.43,446.02,207,66608,0.1791
2025-08-26 14:10:00,24350,PE,1147.98,1159.16,1147.62,1155.47,174,57996,0.1782
2025-08-26 14:10:00,24400,CE,507.84,507.41,505.22,506.47,218,56978,0.1798
2025-08-26 14:10:00,24400,PE,1195.39,1220.59,1192.95,1200.48,98,58445,0.1796
2025-08-26 14:10:00,24450,CE,456.31,464.7,462.24,462.43,139,51403,0.1763
2025-08-26 14:10:00,24450,PE,1276.62,1270.03,1237.73,1256.59,324,49133,0.1777
2025-08-26 14:10:00,24500,CE,460.88,470.3,462.34,468.66,251,48442,0.1752
2025-08-26 14:10:00,24500,PE,1293.93,1305.24,1297.46,1302.06,433,46783,0.1752
2025-08-26 14:10:00,24550,CE,424.73,439.33,422.98,426.43,84,39637,0.1784
2025-08-26 14:10:00,24550,PE,1356.94,1366.48,1343.99,1347.43,218,41530,0.1783
2025-08-26 14:10:00,24600,CE,445.66,453.89,443.82,447.64,386,45661,0.1774
2025-08-26 14:10:00,24600,PE,1394.54,1426.84,1395.36,1406.27,350,37044,0.1776
2025-08-26 14:10:00,24650,CE,426.07,429.75,422.25,426.34,40,41053,0.1755
2025-08-26 14:10:00,24650,PE,1430.72,1449.64,1441.8,1443.48,198,33616,0.1767
2025-08-26 14:10:00,24700,CE,433.67,442.52,430.11,433.76,119,37638,0.1752
2025-08-26 14:10:00,24700,PE,1489.25,1516.73,1493.04,1499.55,283,35935,0.1772
2025-08-26 14:10:00,24750,CE,452.78,462.98,450.06,453.48,39,32609,0.179
2025-08-26 14:10:00,24750,PE,1540.03,1557.12,1525.14,1553.15,261,34322,0.1774
2025-08-26 14:10:00,24800,CE,469.88,474.63,471.02,472.88,131,34489,0.1771
2025-08-26 14:10:00,24800,PE,1570.38,1591.66,1567.93,1590.24,325,34901,0.1755
2025-08-26 14:10:00,24850,CE,460.56,459.41,449.71,457.83,313,27515,0.1767
2025-08-26 14:10:00,24850,PE,1613.44,1640.55,1618.04,1625.5,199,34778,0.1761
2025-08-26 14:10:00,24900,CE,472.64,480.59,469.11,473.52,298,27940,0.178
2025-08-26 14:10:00,24900,PE,1684.54,1719.31,1694.29,1695.41,165,35903,0.1747
2025-08-26 14:15:00,23500,CE,560.55,562.28,552.19,561.18,1120,29974,0.1751
2025-08-26 14:15:00,23500,PE,475.68,480.08,461.04,471.91,337,26969,0.18
2025-08-26 14:15:00,23550,CE,562.13,569.92,560.56,562.09,1173,36710,0.1787
2025-08-26 14:15:00,23550,PE,474.7,483.48,470.36,474.24,196,29892,0.1792
2025-08-26 14:15:00,23600,CE,502.03,505.63,496.62,497.92,1557,32351,0.1833
2025-08-26 14:15:00,23600,PE,420.99,437.86,420.51,423.92,452,33915,0.1768
2025-08-26 14:15:00,23650,CE,465.81,466.73,458.57,460.3,600,35286,0.1786
2025-08-26 14:15:00,23650,PE,469.84,477.57,468.24,471.38,705,30229,0.1768
2025-08-26 14:15:00,23700,CE,451.96,459.34,447.44,456.15,430,42008,0.1811
2025-08-26 14:15:00,23700,PE,533.7,532.53,531.11,532.05,684,34666,0.1749
2025-08-26 14:15:00,23750,CE,465.94,473.99,464.02,471.66,23,38922,0.1766
2025-08-26 14:15:00,23750,PE,606.16,606.42,592.6,598.13,1244,34562,0.1799
2025-08-26 14:15:00,23800,CE,424.53,434.39,425.9,428.85,926,42721,0.1773
2025-08-26 14:15:00,23800,PE,638.66,637.63,629.95,634.76,1050,37518,0.1769
2025-08-26 14:15:00,23850,CE,472.0,481.66,470.54,473.04,804,44535,0.1789
2025-08-26 14:15:00,23850,PE,713.9,722.86,700.42,715.51,925,39709,0.1816
2025-08-26 14:15:00,23900,CE,471.51,473.58,467.97,472.97,773,46210,0.1798
2025-08-26 14:15:00,23900,PE,744.96,763.15,757.24,758.24,695,42623,0.1804
2025-08-26 14:15:00,23950,CE,467.73,477.82,470.9,475.6,88,49546,0.1821
2025-08-26 14:15:00,23950,PE,820.19,831.83,811.1,818.76,581,47762,0.1786
2025-08-26 14:15:00,24000,CE,466.32,474.12,460.66,464.33,594,52200,0.1796
2025-08-26 14:15:00,24000,PE,850.14,852.89,848.5,851.06,418,51871,0.1763
2025-08-26 14:15:00,24050,CE,473.92,486.25,470.48,474.52,183,56176,0.1801
2025-08-26 14:15:00,24050,PE,878.15,878.93,873.34,876.95,399,58478,0.1787
2025-08-26 14:15:00,24100,CE,485.33,498.31,486.87,487.42,272,57000,0.1799
2025-08-26 14:15:00,24100,PE,949.34,945.85,931.42,942.38,666,63965,0.179
2025-08-26 14:15:00,24150,CE,469.8,478.71,469.18,471.66,79,71017,0.1815
2025-08-26 14:15:00,24150,PE,979.78,985.36,972.77,979.21,119,70894,0.1791
2025-08-26 14:15:00,24200,CE,476.52,488.4,471.43,482.42,12,80002,0.1797
2025-08-26 14:15:00,24200,PE,1029.25,1038.21,1022.56,1034.18,412,84884,0.1781
2025-08-26 14:15:00,24250,CE,450.64,460.93,454.38,454.52,374,76400,0.1795
2025-08-26 14:15:00,24250,PE,1069.87,1084.99,1074.96,1084.07,50,87207,0.1767
2025-08-26 14:15:00,24300,CE,488.24,490.71,486.21,487.81,162,70003,0.1769
2025-08-26 14:15:00,24300,PE,1132.34,1139.03,1128.86,1132.88,428,69046,0.178
2025-08-26 14:15:00,24350,CE,476.37,482.43,469.81,476.07,178,66486,0.176
2025-08-26 14:15:00,24350,PE,1187.73,1210.51,1180.65,1201.18,295,58028,0.1796
2025-08-26 14:15:00,24400,CE,444.37,443.24,440.31,442.61,14,56521,0.1783
2025-08-26 14:15:00,24400,PE,1259.46,1268.08,1227.33,1251.41,451,58434,0.1776
2025-08-26 14:15:00,24450,CE,489.33,489.39,474.74,481.98,449,51591,0.1758
2025-08-26 14:15:00,24450,PE,1297.85,1303.1,1278.15,1299.37,337,48909,0.1801
2025-08-26 14:15:00,24500,CE,459.31,462.14,452.13,460.63,365,48622,0.1755
2025-08-26 14:15:00,24500,PE,1326.38,1356.91,1327.23,1330.24,328,46501,0.1755
2025-08-26 14:15:00,24550,CE,468.26,468.98,463.08,468.65,247,39480,0.1743
2025-08-26 14:15:00,24550,PE,1412.92,1409.15,1405.15,1407.33,379,42018,0.1797
2025-08-26 14:15:00,24600,CE,441.83,437.72,435.96,436.5,145,45091,0.1752
2025-08-26 14:15:00,24600,PE,1423.03,1429.81,1407.32,1417.34,104,36771,0.176
2025-08-26 14:15:00,24650,CE,437.96,436.19,434.0,436.18,13,41575,0.174
2025-08-26 14:15:00,24650,PE,1451.29,1466.84,1454.86,1463.29,182,33192,0.1766
2025-08-26 14:15:00,24700,CE,444.96,448.55,447.83,448.06,228,37514,0.1749
2025-08-26 14:15:00,24700,PE,1528.58,1557.24,1525.04,1529.99,69,35879,0.1744
2025-08-26 14:15:00,24750,CE,428.01,436.34,428.51,428.6,216,32792,0.1738
2025-08-26 14:15:00,24750,PE,1632.71,1653.9,1613.38,1624.68,84,34456,0.1791
2025-08-26 14:15:00,24800,CE,462.71,462.08,461.51,461.64,274,34641,0.1776
2025-08-26 14:15:00,24800,PE,1611.46,1645.11,1624.39,1624.9,328,35429,0.1792
2025-08-26 14:15:00,24850,CE,441.41,451.2,435.9,438.44,167,27386,0.1758
2025-08-26 14:15:00,24850,PE,1713.25,1709.67,1662.78,1692.19,155,34765,0.1773
2025-08-26 14:15:00,24900,CE,453.52,463.03,452.36,458.84,60,28496,0.1767
2025-08-26 14:15:00,24900,PE,1721.4,1764.91,1724.16,1744.91,185,35456,0.1777
2025-08-26 14:20:00,23500,CE,581.68,581.33,576.8,580.04,1117,30511,0.1737
2025-08-26 14:20:00,23500,PE,473.34,470.21,466.79,467.19,701,27506,0.1731
2025-08-26 14:20:00,23550,CE,544.99,549.99,545.23,548.02,1368,37254,0.1765
2025-08-26 14:20:00,23550,PE,478.26,487.73,470.88,478.6,1359,29372,0.1794
2025-08-26 14:20:00,23600,CE,476.89,476.8,463.97,474.53,76,32444,0.1762
2025-08-26 14:20:00,23600,PE,459.63,463.63,455.31,457.41,1233,34320,0.1734
2025-08-26 14:20:00,23650,CE,469.97,473.8,468.91,472.7,1076,35062,0.1768
2025-08-26 14:20:00,23650,PE,466.09,467.57,462.6,466.06,1552,30337,0.1772
2025-08-26 14:20:00,23700,CE,470.29,469.55,461.66,465.74,978,41715,0.1737
2025-08-26 14:20:00,23700,PE,524.4,527.52,524.86,525.28,1087,34221,0.1778
2025-08-26 14:20:00,23750,CE,445.98,451.25,442.74,443.29,1088,39344,0.177
2025-08-26 14:20:00,23750,PE,577.28,583.44,575.86,575.95,858,35139,0.1773
2025-08-26 14:20:00,23800,CE,491.29,504.69,487.01,491.68,1010,42204,0.1812
2025-08-26 14:20:00,23800,PE,635.01,639.73,630.91,632.15,258,37063,0.1786
2025-08-26 14:20:00,23850,CE,448.2,455.8,450.09,451.97,331,44641,0.1755
2025-08-26 14:20:00,23850,PE,639.46,650.69,640.01,640.84,157,39212,0.1776
2025-08-26 14:20:00,23900,CE,460.64,466.27,456.34,459.55,590,46367,0.176
2025-08-26 14:20:00,23900,PE,763.67,777.57,770.28,774.18,341,42886,0.1762
2025-08-26 14:20:00,23950,CE,442.71,444.7,440.2,443.72,497,49443,0.1794
2025-08-26 14:20:00,23950,PE,773.78,783.81,770.61,773.09,69,48069,0.1755
2025-08-26 14:20:00,24000,CE,464.86,475.1,464.73,472.11,484,51736,0.1786
2025-08-26 14:20:00,24000,PE,816.46,821.4,802.14,816.74,154,51632,0.1782
2025-08-26 14:20:00,24050,CE,442.13,442.58,434.73,440.41,137,56545,0.1768
2025-08-26 14:20:00,24050,PE,893.55,905.59,886.59,905.32,666,57984,0.1738
2025-08-26 14:20:00,24100,CE,476.26,481.37,474.49,476.92,167,56742,0.177
2025-08-26 14:20:00,24100,PE,937.68,929.27,926.61,929.25,660,64110,0.1762
2025-08-26 14:20:00,24150,CE,443.44,455.32,441.01,447.77,595,70713,0.1771
2025-08-26 14:20:00,24150,PE,1010.62,1024.8,1002.67,1007.41,51,70871,0.1796
2025-08-26 14:20:00,24200,CE,471.91,481.88,475.35,476.9,481,80406,0.1783
2025-08-26 14:20:00,24200,PE,1051.3,1068.78,1061.92,1064.82,282,84607,0.1798
2025-08-26 14:20:00,24250,CE,474.24,495.21,477.0,478.18,34,76323,0.1791
2025-08-26 14:20:00,24250,PE,1056.66,1083.79,1059.0,1067.83,301,86628,0.1745
2025-08-26 14:20:00,24300,CE,456.91,467.71,451.18,452.46,492,70253,0.1769
2025-08-26 14:20:00,24300,PE,1133.05,1121.44,1117.24,1120.1,177,68872,0.1774
2025-08-26 14:20:00,24350,CE,487.88,491.26,479.97,482.26,183,66918,0.1784
2025-08-26 14:20:00,24350,PE,1121.31,1125.89,1106.54,1121.23,363,57534,0.1722
2025-08-26 14:20:00,24400,CE,434.66,431.26,429.01,430.1,151,56859,0.1737
2025-08-26 14:20:00,24400,PE,1229.75,1242.39,1228.45,1238.11,174,58810,0.1762
2025-08-26 14:20:00,24450,CE,441.22,440.01,436.68,439.79,234,51922,0.1783
2025-08-26 14:20:00,24450,PE,1271.48,1293.55,1268.04,1279.89,243,49190,0.1783
2025-08-26 14:20:00,24500,CE,487.42,491.62,485.48,485.5,191,48307,0.1778
2025-08-26 14:20:00,24500,PE,1355.79,1372.21,1351.19,1357.62,384,46401,0.1742
2025-08-26 14:20:00,24550,CE,461.77,468.18,457.52,460.09,10,39343,0.1754
2025-08-26 14:20:00,24550,PE,1382.32,1385.36,1353.98,1373.99,175,41707,0.1789
2025-08-26 14:20:00,24600,CE,484.46,488.48,476.52,479.51,351,45081,0.1744
2025-08-26 14:20:00,24600,PE,1428.87,1454.53,1401.48,1436.0,152,37008,0.1803
2025-08-26 14:20:00,24650,CE,431.4,436.1,429.42,434.78,248,41549,0.1769
2025-08-26 14:20:00,24650,PE,1530.41,1550.3,1502.79,1512.04,374,33761,0.1792
2025-08-26 14:20:00,24700,CE,444.93,443.96,440.07,441.41,179,37764,0.1782
2025-08-26 14:20:00,24700,PE,1540.11,1551.48,1534.08,1536.79,25,35810,0.1813
2025-08-26 14:20:00,24750,CE,448.02,450.1,440.38,446.05,160,32676,0.1789
2025-08-26 14:20:00,24750,PE,1601.58,1619.55,1575.7,1592.06,301,34556,0.1816
2025-08-26 14:20:00,24800,CE,443.76,436.77,426.46,435.89,165,34559,0.1729
2025-08-26 14:20:00,24800,PE,1615.54,1638.22,1607.81,1611.97,215,35095,0.1772
2025-08-26 14:20:00,24850,CE,480.38,483.73,479.43,482.68,86,27411,0.1784
2025-08-26 14:20:00,24850,PE,1701.32,1686.18,1656.89,1669.73,109,34972,0.1753
2025-08-26 14:20:00,24900,CE,449.91,464.5,444.3,454.16,291,28326,0.1768
2025-08-26 14:20:00,24900,PE,1744.82,1736.05,1715.94,1734.58,188,35195,0.1745
2025-08-26 14:25:00,23500,CE,654.67,659.78,648.4,654.11,854,30171,0.1781
2025-08-26 14:25:00,23500,PE,452.55,457.27,449.4,452.8,568,27341,0.1769
2025-08-26 14:25:00,23550,CE,584.32,595.68,584.57,585.42,923,36947,0.1763
2025-08-26 14:25:00,23550,PE,431.52,436.9,428.31,432.32,257,29687,0.174
2025-08-26 14:25:00,23600,CE,528.75,545.41,533.37,533.77,769,32610,0.1752
2025-08-26 14:25:00,23600,PE,452.14,456.51,454.04,454.9,1088,34064,0.1778
2025-08-26 14:25:00,23650,CE,527.8,538.44,523.14,527.42,401,35652,0.1792
2025-08-26 14:25:00,23650,PE,429.34,435.2,428.08,432.57,199,30511,0.1767
2025-08-26 14:25:00,23700,CE,486.77,482.18,480.67,481.96,689,41285,0.1785
2025-08-26 14:25:00,23700,PE,475.65,475.96,475.56,475.93,1648,34616,0.1762
2025-08-26 14:25:00,23750,CE,475.65,472.21,470.72,471.43,345,39648,0.1794
2025-08-26 14:25:00,23750,PE,498.73,508.5,496.68,497.45,1136,35139,0.1776
2025-08-26 14:25:00,23800,CE,481.61,490.14,478.57,481.99,1228,41884,0.179
2025-08-26 14:25:00,23800,PE,599.37,606.0,599.14,600.91,112,37436,0.1772
2025-08-26 14:25:00,23850,CE,468.78,473.86,462.99,467.47,418,44190,0.1789
2025-08-26 14:25:00,23850,PE,638.4,660.21,644.98,645.28,1102,39113,0.1783
2025-08-26 14:25:00,23900,CE,420.05,434.93,422.81,422.83,886,46747,0.181
2025-08-26 14:25:00,23900,PE,666.59,667.68,662.55,666.11,321,43247,0.178
2025-08-26 14:25:00,23950,CE,481.23,479.74,471.31,475.18,443,49598,0.179
2025-08-26 14:25:00,23950,PE,703.65,717.31,703.66,713.61,276,47478,0.176
2025-08-26 14:25:00,24000,CE,462.4,459.2,454.56,457.61,172,51535,0.1749
2025-08-26 14:25:00,24000,PE,771.55,783.04,757.61,762.11,470,52055,0.1797
2025-08-26 14:25:00,24050,CE,470.5,473.21,466.2,468.05,149,56810,0.1791
2025-08-26 14:25:00,24050,PE,835.01,850.08,833.77,837.47,589,58356,0.1779
2025-08-26 14:25:00,24100,CE,484.95,494.87,480.92,485.5,593,56217,0.1774
2025-08-26 14:25:00,24100,PE,869.29,876.85,860.84,862.69,167,64638,0.1787
2025-08-26 14:25:00,24150,CE,470.06,467.01,461.52,464.56,431,70387,0.1782
2025-08-26 14:25:00,24150,PE,942.15,959.51,920.79,941.27,673,70669,0.1802
2025-08-26 14:25:00,24200,CE,421.9,425.43,414.18,420.58,190,80814,0.1781
2025-08-26 14:25:00,24200,PE,968.01,969.55,963.16,965.84,608,84494,0.177
2025-08-26 14:25:00,24250,CE,463.17,463.11,453.19,462.27,387,76494,0.1771
2025-08-26 14:25:00,24250,PE,1026.7,1032.54,1015.58,1025.39,141,86690,0.1796
2025-08-26 14:25:00,24300,CE,459.98,461.97,453.8,455.27,39,70692,0.1775
2025-08-26 14:25:00,24300,PE,1055.33,1061.91,1045.74,1057.42,466,68459,0.1771
2025-08-26 14:25:00,24350,CE,467.8,476.42,471.34,472.56,327,66435,0.1775
2025-08-26 14:25:00,24350,PE,1143.17,1157.79,1140.63,1143.03,54,57692,0.178
2025-08-26 14:25:00,24400,CE,471.34,477.78,466.1,473.05,404,57272,0.1777
2025-08-26 14:25:00,24400,PE,1159.52,1183.7,1164.03,1171.65,173,59317,0.1777
2025-08-26 14:25:00,24450,CE,444.15,449.33,438.56,441.85,263,51801,0.1784
2025-08-26 14:25:00,24450,PE,1206.92,1225.97,1205.81,1208.1,171,49471,0.175
2025-08-26 14:25:00,24500,CE,472.46,479.59,473.98,476.16,174,48175,0.1805
2025-08-26 14:25:00,24500,PE,1245.76,1261.19,1246.18,1252.92,182,46183,0.1788
2025-08-26 14:25:00,24550,CE,460.25,462.98,445.61,454.81,178,38772,0.1755
2025-08-26 14:25:00,24550,PE,1309.58,1342.8,1304.98,1325.64,384,41407,0.18
2025-08-26 14:25:00,24600,CE,499.05,497.04,485.42,488.49,191,44685,0.1793
2025-08-26 14:25:00,24600,PE,1357.98,1363.01,1359.7,1360.68,228,36730,0.1778
2025-08-26 14:25:00,24650,CE,421.45,419.22,415.15,418.56,73,41295,0.1765
2025-08-26 14:25:00,24650,PE,1422.02,1425.92,1413.26,1422.35,365,34191,0.1738
2025-08-26 14:25:00,24700,CE,470.65,469.02,465.96,468.49,307,37408,0.1759
2025-08-26 14:25:00,24700,PE,1463.53,1458.72,1443.19,1446.31,254,36193,0.1753
2025-08-26 14:25:00,24750,CE,466.29,467.5,461.08,466.09,244,33107,0.1778
2025-08-26 14:25:00,24750,PE,1508.22,1529.65,1481.14,1511.58,79,34512,0.1765
2025-08-26 14:25:00,24800,CE,455.26,455.03,447.16,452.22,122,34828,0.177
2025-08-26 14:25:00,24800,PE,1580.69,1606.84,1583.57,1586.86,51,34877,0.1774
2025-08-26 14:25:00,24850,CE,481.29,479.54,472.35,474.42,245,26832,0.1724
2025-08-26 14:25:00,24850,PE,1622.83,1633.52,1609.33,1620.48,93,35223,0.1753
2025-08-26 14:25:00,24900,CE,473.7,477.53,467.02,471.77,84,28453,0.1754
2025-08-26 14:25:00,24900,PE,1630.61,1682.72,1652.58,1655.33,137,35148,0.1759
2025-08-26 14:30:00,23500,CE,664.74,669.75,662.51,668.99,389,30649,0.1755
2025-08-26 14:30:00,23500,PE,457.69,465.53,457.06,459.65,767,27613,0.1794
2025-08-26 14:30:00,23550,CE,608.72,630.47,610.02,613.38,941,36857,0.1798
2025-08-26 14:30:00,23550,PE,480.91,489.53,485.66,485.71,139,29151,0.1751
2025-08-26 14:30:00,23600,CE,570.0,591.88,565.83,571.78,658,33061,0.1778
2025-08-26 14:30:00,23600,PE,497.28,513.8,502.51,505.47,659,34645,0.1776
2025-08-26 14:30:00,23650,CE,502.44,503.2,497.46,498.98,823,35813,0.1748
2025-08-26 14:30:00,23650,PE,459.6,464.43,459.19,460.24,143,30832,0.1796
2025-08-26 14:30:00,23700,CE,470.73,476.26,466.87,470.53,1572,41292,0.1761
2025-08-26 14:30:00,23700,PE,472.96,468.58,464.6,467.13,1600,34299,0.1786
2025-08-26 14:30:00,23750,CE,452.36,455.2,451.81,453.65,746,40142,0.18
2025-08-26 14:30:00,23750,PE,523.01,523.36,522.79,523.17,915,35365,0.177
2025-08-26 14:30:00,23800,CE,478.53,490.65,482.51,486.15,538,41942,0.1749
2025-08-26 14:30:00,23800,PE,580.85,582.14,572.61,578.81,498,37654,0.1769
2025-08-26 14:30:00,23850,CE,439.56,448.33,442.83,443.04,82,44204,0.1774
2025-08-26 14:30:00,23850,PE,601.6,610.59,598.09,603.41,1074,38583,0.1777
2025-08-26 14:30:00,23900,CE,444.25,448.36,443.81,446.19,476,46939,0.1761
2025-08-26 14:30:00,23900,PE,677.63,696.2,679.8,688.46,102,42653,0.1798
2025-08-26 14:30:00,23950,CE,457.51,461.93,449.97,457.22,167,49262,0.1769
2025-08-26 14:30:00,23950,PE,703.33,716.12,703.6,712.47,825,47065,0.1782
2025-08-26 14:30:00,24000,CE,474.83,477.5,468.42,474.15,553,51343,0.1801
2025-08-26 14:30:00,24000,PE,792.08,791.83,778.12,784.48,465,52544,0.1736
2025-08-26 14:30:00,24050,CE,476.11,477.39,470.77,471.04,679,56305,0.1794
2025-08-26 14:30:00,24050,PE,841.83,831.98,821.09,827.26,82,58184,0.1739
2025-08-26 14:30:00,24100,CE,437.39,439.88,428.04,435.18,594,56528,0.1752
2025-08-26 14:30:00,24100,PE,843.52,847.73,842.72,844.0,457,65073,0.1761
2025-08-26 14:30:00,24150,CE,483.7,482.16,478.41,478.96,133,70670,0.1766
2025-08-26 14:30:00,24150,PE,899.6,897.68,891.17,893.26,661,71227,0.1763
2025-08-26 14:30:00,24200,CE,421.57,420.83,416.87,419.87,456,81049,0.1776
2025-08-26 14:30:00,24200,PE,936.54,941.28,937.69,940.37,150,84787,0.1761
2025-08-26 14:30:00,24250,CE,484.21,491.71,477.68,482.64,155,76400,0.1832
2025-08-26 14:30:00,24250,PE,1007.92,1018.17,1006.47,1010.85,79,86452,0.1795
2025-08-26 14:30:00,24300,CE,468.87,467.81,459.66,460.59,51,70646,0.1768
2025-08-26 14:30:00,24300,PE,1097.38,1102.45,1093.13,1098.27,49,68780,0.1787
2025-08-26 14:30:00,24350,CE,447.68,459.51,449.0,452.59,354,66615,0.1791
2025-08-26 14:30:00,24350,PE,1107.26,1115.66,1103.05,1111.09,379,58018,0.1756
2025-08-26 14:30:00,24400,CE,472.98,469.65,460.99,468.54,346,57425,0.1811
2025-08-26 14:30:00,24400,PE,1182.77,1194.91,1184.01,1191.76,99,59596,0.1796
2025-08-26 14:30:00,24450,CE,446.9,453.41,449.15,452.57,239,51387,0.1747
2025-08-26 14:30:00,24450,PE,1212.91,1224.6,1191.49,1204.84,236,49259,0.1797
2025-08-26 14:30:00,24500,CE,441.36,443.62,443.35,443.52,97,48248,0.1754
2025-08-26 14:30:00,24500,PE,1254.09,1266.29,1254.76,1260.51,413,45602,0.1771
2025-08-26 14:30:00,24550,CE,467.1,475.72,468.58,469.16,65,39266,0.1775
2025-08-26 14:30:00,24550,PE,1311.55,1325.63,1307.89,1321.75,306,41094,0.1813
2025-08-26 14:30:00,24600,CE,453.91,461.42,456.21,457.61,160,44191,0.1786
2025-08-26 14:30:00,24600,PE,1330.27,1347.9,1339.43,1342.18,357,36927,0.1763
2025-08-26 14:30:00,24650,CE,462.27,477.1,466.07,470.2,99,40927,0.1769
2025-08-26 14:30:00,24650,PE,1416.69,1442.59,1434.35,1442.05,282,34265,0.1793
2025-08-26 14:30:00,24700,CE,451.97,466.6,451.56,454.2,293,37106,0.1781
2025-08-26 14:30:00,24700,PE,1459.87,1469.91,1443.93,1463.42,387,35792,0.178
2025-08-26 14:30:00,24750,CE,449.89,462.48,444.41,450.94,71,33388,0.1722
2025-08-26 14:30:00,24750,PE,1498.15,1503.98,1476.49,1490.45,214,34378,0.1764
2025-08-26 14:30:00,24800,CE,462.94,468.31,459.97,462.42,267,34917,0.1767
2025-08-26 14:30:00,24800,PE,1552.92,1574.8,1542.96,1558.68,149,34536,0.1751
2025-08-26 14:30:00,24850,CE,455.02,464.09,451.46,453.11,251,26894,0.1749
2025-08-26 14:30:00,24850,PE,1613.0,1663.65,1610.12,1614.27,312,35128,0.1729
2025-08-26 14:30:00,24900,CE,439.27,442.23,438.03,440.0,93,27914,0.1739
2025-08-26 14:30:00,24900,PE,1638.46,1652.6,1641.37,1646.11,95,35420,0.1764
2025-08-26 14:35:00,23500,CE,629.45,634.38,630.05,630.3,313,30711,0.1725
2025-08-26 14:35:00,23500,PE,489.05,511.08,488.38,494.35,239,28125,0.1793
2025-08-26 14:35:00,23550,CE,614.08,628.29,620.22,620.61,1059,37226,0.1787
2025-08-26 14:35:00,23550,PE,437.81,447.83,441.36,442.6,864,29236,0.1748
2025-08-26 14:35:00,23600,CE,588.47,597.85,584.77,585.14,32,32512,0.18
2025-08-26 14:35:00,23600,PE,465.77,466.19,461.66,465.71,601,34947,0.1753
2025-08-26 14:35:00,23650,CE,513.58,512.3,507.6,512.08,221,35871,0.1816
2025-08-26 14:35:00,23650,PE,476.26,487.64,482.05,483.88,1463,31234,0.1792
2025-08-26 14:35:00,23700,CE,440.39,444.06,435.23,441.16,1000,41385,0.1795
2025-08-26 14:35:00,23700,PE,490.77,497.42,491.59,493.54,139,33701,0.1796
2025-08-26 14:35:00,23750,CE,432.69,449.62,435.87,441.28,496,40519,0.1791
2025-08-26 14:35:00,23750,PE,487.95,495.77,485.87,489.06,33,35724,0.178
2025-08-26 14:35:00,23800,CE,435.6,434.25,430.7,433.4,355,41461,0.1736
2025-08-26 14:35:00,23800,PE,532.7,537.54,530.61,533.73,145,37874,0.1791
2025-08-26 14:35:00,23850,CE,490.5,488.99,485.02,486.36,70,44235,0.1781
2025-08-26 14:35:00,23850,PE,613.54,613.05,601.42,607.72,1089,38690,0.1752
2025-08-26 14:35:00,23900,CE,482.44,491.8,483.24,484.39,359,47406,0.1785
2025-08-26 14:35:00,23900,PE,617.39,624.14,615.36,615.97,92,42352,0.1794
2025-08-26 14:35:00,23950,CE,487.96,507.12,490.25,491.56,174,48677,0.1833
2025-08-26 14:35:00,23950,PE,707.59,723.03,706.82,706.85,901,46715,0.1769
2025-08-26 14:35:00,24000,CE,450.89,457.92,447.74,448.88,76,51841,0.1738
2025-08-26 14:35:00,24000,PE,744.47,753.93,740.55,743.81,830,52197,0.1744
2025-08-26 14:35:00,24050,CE,436.86,442.93,437.85,438.45,327,56514,0.1785
2025-08-26 14:35:00,24050,PE,817.45,827.51,816.02,824.18,346,58531,0.1789
2025-08-26 14:35:00,24100,CE,493.52,497.31,482.27,489.37,192,56903,0.1785
2025-08-26 14:35:00,24100,PE,801.2,814.96,803.14,809.92,416,64485,0.1752
2025-08-26 14:35:00,24150,CE,464.64,467.21,460.45,461.96,429,70081,0.1807
2025-08-26 14:35:00,24150,PE,891.59,905.18,899.55,900.89,581,71813,0.1794
2025-08-26 14:35:00,24200,CE,466.34,464.96,460.35,462.34,107,81081,0.1755
2025-08-26 14:35:00,24200,PE,985.53,983.64,967.25,979.17,222,84263,0.178
2025-08-26 14:35:00,24250,CE,459.58,464.82,460.15,461.63,411,75832,0.1797
2025-08-26 14:35:00,24250,PE,1029.38,1033.74,1024.07,1024.72,24,86824,0.1805
2025-08-26 14:35:00,24300,CE,465.43,480.81,461.88,465.11,167,71131,0.1721
2025-08-26 14:35:00,24300,PE,1086.83,1095.49,1088.01,1094.66,341,68809,0.1786
2025-08-26 14:35:00,24350,CE,463.04,466.66,461.97,462.68,225,66461,0.1801
2025-08-26 14:35:00,24350,PE,1169.48,1162.78,1129.03,1154.14,127,58260,0.1795
2025-08-26 14:35:00,24400,CE,473.41,477.51,471.84,476.11,312,56851,0.1795
2025-08-26 14:35:00,24400,PE,1140.71,1183.53,1147.11,1152.86,170,60074,0.179
2025-08-26 14:35:00,24450,CE,474.78,479.6,475.71,478.0,243,51094,0.1789
2025-08-26 14:35:00,24450,PE,1221.12,1235.38,1204.37,1216.42,117,48888,0.1813
2025-08-26 14:35:00,24500,CE,441.66,441.82,435.99,438.14,399,48020,0.1782
2025-08-26 14:35:00,24500,PE,1258.72,1262.76,1257.88,1260.58,143,45078,0.179
2025-08-26 14:35:00,24550,CE,460.8,472.88,464.51,465.06,394,39133,0.1785
2025-08-26 14:35:00,24550,PE,1313.8,1329.34,1308.54,1309.16,314,41351,0.176
2025-08-26 14:35:00,24600,CE,432.37,435.37,430.68,433.95,152,44188,0.1773
2025-08-26 14:35:00,24600,PE,1341.93,1356.28,1346.74,1350.73,49,37128,0.178
2025-08-26 14:35:00,24650,CE,479.43,479.4,472.09,475.59,276,40583,0.1804
2025-08-26 14:35:00,24650,PE,1424.71,1467.39,1410.73,1413.17,84,34142,0.1818
2025-08-26 14:35:00,24700,CE,462.23,469.59,458.37,463.16,272,37129,0.1759
2025-08-26 14:35:00,24700,PE,1478.92,1489.69,1462.4,1477.59,30,35879,0.1782
2025-08-26 14:35:00,24750,CE,454.75,466.9,448.61,453.58,267,33011,0.176
2025-08-26 14:35:00,24750,PE,1518.8,1537.84,1514.82,1515.64,170,34747,0.1801
2025-08-26 14:35:00,24800,CE,459.85,461.67,448.79,458.09,121,34425,0.177
2025-08-26 14:35:00,24800,PE,1582.91,1578.87,1572.94,1576.4,335,34053,0.1817
2025-08-26 14:35:00,24850,CE,446.0,465.3,446.34,451.87,26,26593,0.1805
2025-08-26 14:35:00,24850,PE,1618.51,1618.95,1597.63,1608.99,264,35313,0.1788
2025-08-26 14:35:00,24900,CE,456.16,454.83,448.34,453.27,83,27406,0.1755
2025-08-26 14:35:00,24900,PE,1658.78,1685.29,1639.01,1643.13,322,34829,0.1722
2025-08-26 14:40:00,23500,CE,659.65,662.53,645.04,655.28,959,30677,0.1748
2025-08-26 14:40:00,23500,PE,463.17,469.94,457.82,460.79,214,27940,0.1777
2025-08-26 14:40:00,23550,CE,582.39,594.42,572.45,581.95,372,36814,0.1756
2025-08-26 14:40:00,23550,PE,467.09,469.28,458.91,463.05,510,29423,0.181
2025-08-26 14:40:00,23600,CE,557.41,567.05,557.15,558.68,629,32681,0.179
2025-08-26 14:40:00,23600,PE,467.19,476.3,458.55,466.39,1269,34493,0.1779
2025-08-26 14:40:00,23650,CE,513.08,522.11,506.93,510.49,1118,35546,0.1788
2025-08-26 14:40:00,23650,PE,465.46,473.24,462.45,465.3,52,31071,0.176
2025-08-26 14:40:00,23700,CE,442.53,441.28,435.91,437.81,714,41973,0.1779
2025-08-26 14:40:00,23700,PE,438.84,445.18,439.2,439.31,629,34023,0.1792
2025-08-26 14:40:00,23750,CE,453.57,457.77,451.26,456.26,1447,40323,0.1765
2025-08-26 14:40:00,23750,PE,486.43,496.0,484.6,490.77,297,36282,0.1778
2025-08-26 14:40:00,23800,CE,457.77,457.08,446.86,453.16,624,41406,0.1796
2025-08-26 14:40:00,23800,PE,516.58,520.43,514.11,518.89,981,37730,0.1768
2025-08-26 14:40:00,23850,CE,435.92,434.83,433.28,434.33,648,44768,0.1819
2025-08-26 14:40:00,23850,PE,585.88,588.58,580.19,584.96,76,38973,0.174
2025-08-26 14:40:00,23900,CE,426.8,442.84,428.33,430.07,429,47463,0.177
2025-08-26 14:40:00,23900,PE,646.48,653.99,647.4,652.91,962,42472,0.177
2025-08-26 14:40:00,23950,CE,425.08,427.36,424.78,426.42,409,49244,0.1755
2025-08-26 14:40:00,23950,PE,705.04,727.42,699.24,703.1,584,46298,0.1792
2025-08-26 14:40:00,24000,CE,455.97,457.04,451.77,455.57,90,51657,0.1779
2025-08-26 14:40:00,24000,PE,764.83,779.17,763.0,764.8,629,52102,0.1771
2025-08-26 14:40:00,24050,CE,448.24,459.77,454.06,456.49,146,57095,0.1778
2025-08-26 14:40:00,24050,PE,787.35,799.07,781.46,786.78,169,58032,0.1761
2025-08-26 14:40:00,24100,CE,442.25,453.92,447.44,450.63,290,56436,0.1749
2025-08-26 14:40:00,24100,PE,852.66,844.21,829.49,838.92,444,64407,0.1775
2025-08-26 14:40:00,24150,CE,451.71,453.97,443.41,448.01,640,69684,0.1768
2025-08-26 14:40:00,24150,PE,899.18,892.45,887.44,891.56,193,72034,0.1773
2025-08-26 14:40:00,24200,CE,453.13,454.57,450.88,453.0,454,80913,0.18
2025-08-26 14:40:00,24200,PE,944.19,952.52,942.49,944.39,596,84678,0.1796
2025-08-26 14:40:00,24250,CE,480.56,481.29,471.31,479.04,375,76130,0.1783
2025-08-26 14:40:00,24250,PE,986.91,1022.15,1006.94,1010.3,329,86788,0.1765
2025-08-26 14:40:00,24300,CE,455.48,460.32,451.29,454.59,316,71544,0.1769
2025-08-26 14:40:00,24300,PE,1082.29,1077.85,1063.64,1064.74,18,68329,0.1783
2025-08-26 14:40:00,24350,CE,441.69,443.89,439.47,441.7,261,66558,0.1755
2025-08-26 14:40:00,24350,PE,1108.36,1116.56,1096.26,1098.6,104,58386,0.1739
2025-08-26 14:40:00,24400,CE,447.69,459.05,446.53,446.84,20,56546,0.1785
2025-08-26 14:40:00,24400,PE,1195.55,1210.83,1183.5,1198.86,240,59533,0.1777
2025-08-26 14:40:00,24450,CE,478.56,488.6,481.16,484.89,312,51136,0.1785
2025-08-26 14:40:00,24450,PE,1214.7,1224.66,1208.27,1217.03,279,48904,0.179
2025-08-26 14:40:00,24500,CE,436.37,446.42,431.75,435.75,324,48204,0.1747
2025-08-26 14:40:00,24500,PE,1249.31,1261.49,1241.62,1251.05,310,44733,0.1808
2025-08-26 14:40:00,24550,CE,474.18,476.44,474.17,475.66,308,38748,0.178
2025-08-26 14:40:00,24550,PE,1335.59,1347.11,1330.61,1334.81,16,41924,0.1788
2025-08-26 14:40:00,24600,CE,456.31,464.83,454.87,459.0,81,43724,0.1778
2025-08-26 14:40:00,24600,PE,1395.89,1363.64,1338.93,1363.42,133,37727,0.1782
2025-08-26 14:40:00,24650,CE,439.82,453.03,434.16,438.63,353,40846,0.1759
2025-08-26 14:40:00,24650,PE,1358.55,1359.5,1335.61,1355.62,82,34297,0.1725
2025-08-26 14:40:00,24700,CE,452.03,459.39,448.8,452.9,328,36936,0.1777
2025-08-26 14:40:00,24700,PE,1456.29,1477.14,1457.06,1464.98,106,36320,0.179
2025-08-26 14:40:00,24750,CE,441.88,439.62,435.97,438.92,54,33503,0.1767
2025-08-26 14:40:00,24750,PE,1544.87,1556.32,1545.98,1548.46,184,35013,0.1776
2025-08-26 14:40:00,24800,CE,469.08,472.51,467.59,469.78,139,34676,0.1793
2025-08-26 14:40:00,24800,PE,1572.43,1565.14,1550.46,1556.78,337,34044,0.1764
2025-08-26 14:40:00,24850,CE,446.69,450.64,440.47,443.23,79,26086,0.1743
2025-08-26 14:40:00,24850,PE,1628.55,1620.75,1604.98,1614.79,325,35911,0.1798
2025-08-26 14:40:00,24900,CE,464.97,471.86,463.31,463.96,222,26824,0.1741
2025-08-26 14:40:00,24900,PE,1655.9,1678.57,1665.05,1665.69,300,34823,0.1791
2025-08-26 14:45:00,23500,CE,668.95,674.63,663.74,668.14,254,30517,0.1757
2025-08-26 14:45:00,23500,PE,463.63,456.51,452.83,455.97,976,28271,0.1783
2025-08-26 14:45:00,23550,CE,632.58,644.38,629.65,631.93,696,37096,0.1812
2025-08-26 14:45:00,23550,PE,491.97,490.59,485.88,487.94,981,29576,0.1792
2025-08-26 14:45:00,23600,CE,576.55,584.98,564.52,574.53,424,32170,0.1804
2025-08-26 14:45:00,23600,PE,483.13,492.16,480.57,485.49,179,34177,0.1786
2025-08-26 14:45:00,23650,CE,497.8,508.32,496.29,499.56,1159,35058,0.1777
2025-08-26 14:45:00,23650,PE,444.71,440.15,437.79,439.26,211,31645,0.1763
2025-08-26 14:45:00,23700,CE,456.31,453.54,449.93,451.66,724,41526,0.1741
2025-08-26 14:45:00,23700,PE,456.23,463.2,454.86,456.8,1545,34583,0.1775
2025-08-26 14:45:00,23750,CE,452.54,451.53,448.79,450.33,793,39858,0.1802
2025-08-26 14:45:00,23750,PE,537.11,560.61,540.02,540.38,981,36716,0.1788
2025-08-26 14:45:00,23800,CE,466.36,467.16,453.73,462.45,1295,41495,0.1754
2025-08-26 14:45:00,23800,PE,517.83,519.53,516.92,517.87,1267,38128,0.1759
2025-08-26 14:45:00,23850,CE,454.18,461.07,454.46,456.59,207,44928,0.1776
2025-08-26 14:45:00,23850,PE,606.42,623.6,610.51,615.1,793,39295,0.1797
2025-08-26 14:45:00,23900,CE,450.91,448.1,442.78,443.61,570,47739,0.181
2025-08-26 14:45:00,23900,PE,636.5,650.35,641.31,646.45,625,42184,0.1781
2025-08-26 14:45:00,23950,CE,464.7,472.32,467.07,470.49,470,49766,0.1835
2025-08-26 14:45:00,23950,PE,685.52,686.36,680.77,684.85,808,46470,0.1786
2025-08-26 14:45:00,24000,CE,434.92,434.55,433.08,434.52,290,51299,0.1749
2025-08-26 14:45:00,24000,PE,763.62,770.06,754.97,763.13,259,51869,0.1745
2025-08-26 14:45:00,24050,CE,408.69,411.27,404.46,410.41,772,57134,0.1761
2025-08-26 14:45:00,24050,PE,823.93,828.11,815.63,819.92,321,58490,0.1793
2025-08-26 14:45:00,24100,CE,464.18,474.88,460.92,463.67,282,56792,0.1777
2025-08-26 14:45:00,24100,PE,824.6,852.55,824.03,824.93,481,64169,0.1781
2025-08-26 14:45:00,24150,CE,452.7,452.66,444.25,449.77,664,69910,0.1776
2025-08-26 14:45:00,24150,PE,920.89,936.68,910.91,923.9,684,71435,0.1771
2025-08-26 14:45:00,24200,CE,453.93,463.34,454.86,455.73,189,80712,0.1796
2025-08-26 14:45:00,24200,PE,963.87,968.84,949.92,965.92,439,85085,0.1792
2025-08-26 14:45:00,24250,CE,429.87,435.65,427.72,429.15,82,75711,0.1762
2025-08-26 14:45:00,24250,PE,1006.47,1017.25,994.78,1000.89,413,86612,0.1785
2025-08-26 14:45:00,24300,CE,439.99,439.02,427.8,437.03,402,70945,0.1717
2025-08-26 14:45:00,24300,PE,1068.47,1068.46,1050.2,1058.7,304,67756,0.1735
2025-08-26 14:45:00,24350,CE,455.6,468.01,455.39,457.58,515,66133,0.1773
2025-08-26 14:45:00,24350,PE,1095.42,1103.88,1079.65,1081.68,103,57908,0.176
2025-08-26 14:45:00,24400,CE,448.09,445.64,445.18,445.5,119,56533,0.1772
2025-08-26 14:45:00,24400,PE,1120.55,1136.43,1126.75,1131.02,320,60013,0.1769
2025-08-26 14:45:00,24450,CE,476.47,484.39,480.09,483.77,429,50637,0.1757
2025-08-26 14:45:00,24450,PE,1185.51,1196.09,1180.58,1190.95,213,49347,0.1782
2025-08-26 14:45:00,24500,CE,482.47,486.99,482.02,484.4,83,48405,0.1781
2025-08-26 14:45:00,24500,PE,1287.2,1285.03,1270.42,1278.18,203,44335,0.176
2025-08-26 14:45:00,24550,CE,456.19,460.6,455.81,459.53,34,38495,0.1787
2025-08-26 14:45:00,24550,PE,1278.65,1290.81,1264.94,1276.38,7,41557,0.1779
2025-08-26 14:45:00,24600,CE,442.87,447.03,438.35,439.45,236,44071,0.1782
2025-08-26 14:45:00,24600,PE,1328.91,1331.84,1321.05,1328.69,218,37997,0.179
2025-08-26 14:45:00,24650,CE,437.04,444.41,435.82,437.29,36,40611,0.1766
2025-08-26 14:45:00,24650,PE,1399.78,1413.33,1391.2,1399.94,271,33762,0.1815
2025-08-26 14:45:00,24700,CE,486.07,494.61,480.75,482.85,232,36538,0.1747
2025-08-26 14:45:00,24700,PE,1490.7,1488.86,1478.42,1486.96,168,36475,0.1788
2025-08-26 14:45:00,24750,CE,478.94,483.59,473.77,475.42,372,33011,0.1787
2025-08-26 14:45:00,24750,PE,1500.52,1539.42,1488.06,1502.72,210,35056,0.1779
2025-08-26 14:45:00,24800,CE,435.26,439.7,438.38,438.96,28,34811,0.1751
2025-08-26 14:45:00,24800,PE,1587.66,1589.55,1560.91,1579.72,32,34269,0.1751
2025-08-26 14:45:00,24850,CE,490.32,483.41,481.64,483.25,77,25636,0.1776
2025-08-26 14:45:00,24850,PE,1610.65,1614.99,1605.24,1611.31,30,35862,0.1765
2025-08-26 14:45:00,24900,CE,424.82,426.97,420.0,421.92,84,26780,0.1803
2025-08-26 14:45:00,24900,PE,1659.4,1670.66,1652.86,1653.07,304,35225,0.1823
2025-08-26 14:50:00,23500,CE,699.82,719.61,697.86,700.63,733,30479,0.1791
2025-08-26 14:50:00,23500,PE,477.55,486.85,483.3,484.43,123,28159,0.1793
2025-08-26 14:50:00,23550,CE,657.68,657.63,649.75,655.22,40,36644,0.1764
2025-08-26 14:50:00,23550,PE,456.06,456.94,454.92,455.71,337,29809,0.1787
2025-08-26 14:50:00,23600,CE,611.91,619.25,604.3,616.9,955,32313,0.1758
2025-08-26 14:50:00,23600,PE,467.06,480.22,474.14,476.65,325,34437,0.1775
2025-08-26 14:50:00,23650,CE,567.11,573.71,556.44,560.42,1367,35245,0.1788
2025-08-26 14:50:00,23650,PE,469.83,475.58,462.14,469.07,1051,32095,0.1783
2025-08-26 14:50:00,23700,CE,493.85,492.96,486.96,488.72,1145,41978,0.1802
2025-08-26 14:50:00,23700,PE,451.35,456.09,450.42,450.81,489,34352,0.179
2025-08-26 14:50:00,23750,CE,441.41,451.81,445.62,445.94,322,39476,0.178
2025-08-26 14:50:00,23750,PE,482.61,490.87,476.42,484.42,960,37227,0.1791
2025-08-26 14:50:00,23800,CE,440.59,444.1,438.35,442.32,343,41750,0.1751
2025-08-26 14:50:00,23800,PE,509.71,520.59,516.34,518.69,135,38693,0.1798
2025-08-26 14:50:00,23850,CE,429.53,431.76,423.28,428.93,681,44924,0.1752
2025-08-26 14:50:00,23850,PE,578.1,589.98,564.76,577.73,472,39849,0.1768
2025-08-26 14:50:00,23900,CE,477.61,479.84,471.3,477.65,485,47286,0.1753
2025-08-26 14:50:00,23900,PE,646.26,650.93,644.69,645.95,646,42292,0.1779
2025-08-26 14:50:00,23950,CE,480.74,488.33,481.64,484.16,763,49762,0.1799
2025-08-26 14:50:00,23950,PE,688.49,695.41,689.01,690.94,296,45873,0.1799
2025-08-26 14:50:00,24000,CE,475.4,482.73,467.87,473.95,911,50930,0.1738
2025-08-26 14:50:00,24000,PE,710.98,719.71,716.35,717.33,334,51453,0.1776
2025-08-26 14:50:00,24050,CE,477.78,477.14,475.14,476.36,209,56606,0.1792
2025-08-26 14:50:00,24050,PE,790.21,796.88,773.65,785.3,296,59027,0.1781
2025-08-26 14:50:00,24100,CE,459.9,464.93,458.16,462.47,184,57350,0.1789
2025-08-26 14:50:00,24100,PE,807.53,818.86,787.72,810.45,498,64639,0.1785
2025-08-26 14:50:00,24150,CE,460.79,461.95,460.22,461.76,453,70496,0.1766
2025-08-26 14:50:00,24150,PE,882.39,883.42,871.73,880.76,404,71831,0.1762
2025-08-26 14:50:00,24200,CE,455.47,465.48,456.29,460.74,35,81230,0.1798
2025-08-26 14:50:00,24200,PE,915.59,917.1,910.35,916.14,23,84722,0.1787
2025-08-26 14:50:00,24250,CE,446.25,448.91,440.77,442.37,469,75419,0.1759
2025-08-26 14:50:00,24250,PE,992.71,1007.22,997.56,998.82,36,87046,0.1754
2025-08-26 14:50:00,24300,CE,468.45,468.75,464.33,467.6,309,70920,0.1794
2025-08-26 14:50:00,24300,PE,1028.57,1025.39,1020.99,1021.88,194,68016,0.1788
2025-08-26 14:50:00,24350,CE,433.61,444.69,439.67,440.16,182,66207,0.1745
2025-08-26 14:50:00,24350,PE,1100.78,1105.01,1083.19,1098.61,81,57674,0.1746
2025-08-26 14:50:00,24400,CE,475.42,474.77,471.8,473.02,23,56274,0.181
2025-08-26 14:50:00,24400,PE,1092.83,1121.4,1114.85,1116.35,207,60310,0.1768
2025-08-26 14:50:00,24450,CE,478.69,480.58,476.75,480.52,416,50675,0.1789
2025-08-26 14:50:00,24450,PE,1172.8,1165.56,1153.56,1164.98,467,49178,0.1772
2025-08-26 14:50:00,24500,CE,493.47,495.84,492.44,493.02,241,48545,0.1793
2025-08-26 14:50:00,24500,PE,1203.84,1243.61,1213.64,1225.07,91,44238,0.1786
2025-08-26 14:50:00,24550,CE,452.95,461.36,449.48,452.66,412,38465,0.1771
2025-08-26 14:50:00,24550,PE,1279.88,1271.28,1262.93,1264.59,427,41770,0.1767
2025-08-26 14:50:00,24600,CE,442.18,441.3,439.47,441.25,80,44020,0.1809
2025-08-26 14:50:00,24600,PE,1342.69,1372.92,1341.5,1348.36,165,38536,0.176
2025-08-26 14:50:00,24650,CE,475.91,483.52,475.19,476.34,145,40593,0.1756
2025-08-26 14:50:00,24650,PE,1353.39,1374.97,1365.65,1367.05,291,34316,0.1755
2025-08-26 14:50:00,24700,CE,472.79,470.48,468.15,469.9,222,36955,0.174
2025-08-26 14:50:00,24700,PE,1401.42,1428.96,1394.81,1398.46,53,36944,0.1773
2025-08-26 14:50:00,24750,CE,433.19,431.91,425.8,427.35,85,33326,0.1769
2025-08-26 14:50:00,24750,PE,1499.63,1490.05,1481.03,1484.38,209,35181,0.1795
2025-08-26 14:50:00,24800,CE,462.53,463.28,459.4,461.88,39,34850,0.1739
2025-08-26 14:50:00,24800,PE,1519.42,1521.21,1511.66,1521.08,37,34330,0.1769
2025-08-26 14:50:00,24850,CE,440.85,441.47,438.92,439.91,149,25277,0.1743
2025-08-26 14:50:00,24850,PE,1569.99,1568.23,1539.32,1557.5,179,35519,0.1755
2025-08-26 14:50:00,24900,CE,451.48,451.76,447.3,449.3,33,26220,0.1768
2025-08-26 14:50:00,24900,PE,1616.37,1630.58,1621.94,1629.7,122,35519,0.1759
2025-08-26 14:55:00,23500,CE,663.12,687.8,667.63,669.35,578,30028,0.1775
2025-08-26 14:55:00,23500,PE,448.11,447.34,444.66,444.7,448,28257,0.1764
2025-08-26 14:55:00,23550,CE,665.55,670.42,656.56,662.98,270,36209,0.1793
2025-08-26 14:55:00,23550,PE,474.43,481.51,481.29,481.5,287,29288,0.1812
2025-08-26 14:55:00,23600,CE,570.76,579.3,556.67,562.45,314,32353,0.1789
2025-08-26 14:55:00,23600,PE,441.52,445.05,436.2,438.93,994,34884,0.1769
2025-08-26 14:55:00,23650,CE,558.37,564.22,560.7,561.63,957,35072,0.1803
2025-08-26 14:55:00,23650,PE,474.95,468.35,465.87,468.29,1319,32598,0.1768
2025-08-26 14:55:00,23700,CE,483.39,493.06,485.63,487.15,605,41390,0.1796
2025-08-26 14:55:00,23700,PE,421.36,431.42,424.68,425.6,727,34310,0.177
2025-08-26 14:55:00,23750,CE,483.08,477.59,471.89,474.03,1132,39052,0.1763
2025-08-26 14:55:00,23750,PE,481.74,483.06,467.34,470.95,916,37005,0.1787
2025-08-26 14:55:00,23800,CE,475.05,486.93,474.73,482.67,716,41178,0.1809
2025-08-26 14:55:00,23800,PE,561.01,574.71,560.75,566.55,763,38135,0.1738
2025-08-26 14:55:00,23850,CE,471.07,473.35,471.93,472.48,1066,45179,0.1765
2025-08-26 14:55:00,23850,PE,590.62,596.51,576.88,580.54,1148,40034,0.1797
2025-08-26 14:55:00,23900,CE,497.67,507.88,495.61,497.13,1084,46936,0.1786
2025-08-26 14:55:00,23900,PE,627.05,637.01,619.03,626.43,24,42773,0.1769
2025-08-26 14:55:00,23950,CE,455.97,459.47,457.82,458.61,663,49987,0.1755
2025-08-26 14:55:00,23950,PE,707.27,710.54,699.22,700.2,300,45676,0.1793
2025-08-26 14:55:00,24000,CE,432.1,436.71,434.36,434.52,620,50819,0.1769
2025-08-26 14:55:00,24000,PE,710.08,712.56,706.21,711.07,82,51204,0.1782
2025-08-26 14:55:00,24050,CE,455.32,458.74,452.39,452.9,328,57002,0.1759
2025-08-26 14:55:00,24050,PE,774.75,776.6,760.97,770.36,294,59019,0.1794
2025-08-26 14:55:00,24100,CE,472.68,483.05,469.8,474.33,464,56912,0.1772
2025-08-26 14:55:00,24100,PE,833.02,840.8,817.31,827.4,452,64281,0.1766
2025-08-26 14:55:00,24150,CE,435.85,437.56,432.45,432.69,627,70251,0.1808
2025-08-26 14:55:00,24150,PE,888.63,897.4,883.84,887.4,225,71714,0.1774
2025-08-26 14:55:00,24200,CE,420.83,420.85,415.28,418.74,246,81341,0.1737
2025-08-26 14:55:00,24200,PE,971.06,976.42,945.43,966.28,484,85278,0.1816
2025-08-26 14:55:00,24250,CE,455.18,452.47,447.3,450.0,555,75133,0.1773
2025-08-26 14:55:00,24250,PE,1018.73,1025.54,1012.11,1012.88,380,86840,0.1788
2025-08-26 14:55:00,24300,CE,441.02,439.34,433.99,437.84,474,70348,0.1776
2025-08-26 14:55:00,24300,PE,1026.33,1028.84,1006.48,1023.51,584,67863,0.1806
2025-08-26 14:55:00,24350,CE,434.49,446.71,435.56,437.34,415,66417,0.1785
2025-08-26 14:55:00,24350,PE,1081.35,1082.83,1071.57,1074.49,209,58229,0.1765
2025-08-26 14:55:00,24400,CE,452.9,465.73,447.03,449.99,146,56562,0.1748
2025-08-26 14:55:00,24400,PE,1142.01,1157.15,1131.99,1138.66,488,59851,0.1766
2025-08-26 14:55:00,24450,CE,452.45,452.17,442.35,449.32,458,51143,0.1768
2025-08-26 14:55:00,24450,PE,1183.01,1185.3,1171.69,1177.5,194,49584,0.1806
2025-08-26 14:55:00,24500,CE,470.72,472.06,461.3,462.42,10,48171,0.1741
2025-08-26 14:55:00,24500,PE,1262.84,1265.69,1257.04,1257.12,359,44759,0.1783
2025-08-26 14:55:00,24550,CE,443.59,454.51,448.98,448.98,63,38721,0.1754
2025-08-26 14:55:00,24550,PE,1275.9,1277.55,1256.08,1266.39,53,42109,0.175
2025-08-26 14:55:00,24600,CE,446.88,456.4,448.77,450.89,389,43970,0.1771
2025-08-26 14:55:00,24600,PE,1332.48,1360.51,1335.8,1336.8,50,38176,0.1804
2025-08-26 14:55:00,24650,CE,478.9,485.44,478.96,483.06,214,40951,0.1747
2025-08-26 14:55:00,24650,PE,1406.05,1418.71,1394.71,1403.3,219,34288,0.1784
2025-08-26 14:55:00,24700,CE,477.32,484.45,482.03,483.34,242,37515,0.1803
2025-08-26 14:55:00,24700,PE,1417.6,1407.44,1380.99,1404.26,316,36528,0.1761
2025-08-26 14:55:00,24750,CE,461.04,471.71,465.06,468.04,80,33152,0.1822
2025-08-26 14:55:00,24750,PE,1484.57,1490.76,1483.33,1484.25,108,35463,0.1786
2025-08-26 14:55:00,24800,CE,456.7,469.75,457.7,459.6,367,34936,0.1743
2025-08-26 14:55:00,24800,PE,1528.55,1527.99,1499.51,1515.46,329,34249,0.1798
2025-08-26 14:55:00,24850,CE,451.16,453.7,445.45,450.84,247,25518,0.1741
2025-08-26 14:55:00,24850,PE,1591.71,1642.84,1560.74,1590.54,108,35799,0.1785
2025-08-26 14:55:00,24900,CE,456.12,462.53,448.71,455.44,187,26312,0.177
2025-08-26 14:55:00,24900,PE,1630.15,1629.3,1602.88,1625.91,91,35301,0.1731
2025-08-26 15:00:00,23500,CE,740.59,753.73,746.95,748.5,800,30170,0.1795
2025-08-26 15:00:00,23500,PE,494.9,493.34,488.13,490.49,134,28311,0.1769
2025-08-26 15:00:00,23550,CE,630.9,640.64,622.41,626.46,641,36566,0.1775
2025-08-26 15:00:00,23550,PE,446.74,454.61,452.81,454.31,878,29472,0.1793
2025-08-26 15:00:00,23600,CE,599.84,611.72,606.7,610.91,33,32349,0.1743
2025-08-26 15:00:00,23600,PE,447.7,445.46,439.22,443.94,251,34306,0.1788
2025-08-26 15:00:00,23650,CE,566.63,579.59,560.05,565.68,1194,34672,0.1799
2025-08-26 15:00:00,23650,PE,469.94,487.12,476.63,478.47,333,32401,0.1824
2025-08-26 15:00:00,23700,CE,493.26,504.54,491.6,492.63,704,41511,0.1764
2025-08-26 15:00:00,23700,PE,468.06,469.57,457.63,461.7,477,34660,0.1759
2025-08-26 15:00:00,23750,CE,482.48,487.56,482.13,483.88,299,39603,0.1816
2025-08-26 15:00:00,23750,PE,482.24,491.69,477.83,484.21,1495,37124,0.1815
2025-08-26 15:00:00,23800,CE,481.2,483.38,480.83,483.2,101,41452,0.1784
2025-08-26 15:00:00,23800,PE,486.33,485.05,483.26,483.6,1112,38280,0.1762
2025-08-26 15:00:00,23850,CE,457.18,456.36,452.63,453.07,395,45095,0.1779
2025-08-26 15:00:00,23850,PE,512.22,513.3,508.77,512.78,575,40165,0.1794
2025-08-26 15:00:00,23900,CE,438.14,444.34,436.01,441.47,408,46816,0.1788
2025-08-26 15:00:00,23900,PE,584.82,588.93,578.75,587.43,1086,42717,0.1785
2025-08-26 15:00:00,23950,CE,456.84,455.92,451.01,455.72,641,50480,0.1794
2025-08-26 15:00:00,23950,PE,633.32,633.94,630.03,632.13,1008,45752,0.1791
2025-08-26 15:00:00,24000,CE,455.7,461.19,453.09,459.09,267,50339,0.178
2025-08-26 15:00:00,24000,PE,681.5,710.01,674.62,687.81,831,51232,0.1778
2025-08-26 15:00:00,24050,CE,473.51,482.96,471.26,472.79,504,57545,0.1756
2025-08-26 15:00:00,24050,PE,754.04,760.83,743.0,749.61,335,58539,0.1777
2025-08-26 15:00:00,24100,CE,473.61,474.42,464.74,468.22,548,57477,0.1742
2025-08-26 15:00:00,24100,PE,812.25,813.06,802.98,810.29,148,64866,0.1744
2025-08-26 15:00:00,24150,CE,439.09,451.59,438.03,442.13,410,70323,0.1769
2025-08-26 15:00:00,24150,PE,861.66,869.92,856.65,858.55,717,71512,0.1755
2025-08-26 15:00:00,24200,CE,476.6,476.22,472.23,475.26,521,80751,0.1782
2025-08-26 15:00:00,24200,PE,908.28,910.7,903.12,909.08,470,84696,0.1785
2025-08-26 15:00:00,24250,CE,452.43,448.7,447.42,448.46,13,74998,0.1785
2025-08-26 15:00:00,24250,PE,933.39,953.29,931.5,938.99,248,87179,0.1765
2025-08-26 15:00:00,24300,CE,461.14,466.97,463.03,463.1,545,70878,0.1768
2025-08-26 15:00:00,24300,PE,984.88,1001.17,983.5,995.4,384,67448,0.1758
2025-08-26 15:00:00,24350,CE,465.26,476.42,467.52,469.36,389,66402,0.1809
2025-08-26 15:00:00,24350,PE,1117.81,1100.25,1090.13,1099.03,308,58231,0.1781
2025-08-26 15:00:00,24400,CE,467.85,473.34,469.59,471.99,481,56418,0.1804
2025-08-26 15:00:00,24400,PE,1089.94,1083.89,1078.11,1080.31,524,59898,0.1755
2025-08-26 15:00:00,24450,CE,459.31,476.94,461.47,464.41,357,51653,0.1817
2025-08-26 15:00:00,24450,PE,1164.7,1186.64,1164.39,1166.49,421,49510,0.1805
2025-08-26 15:00:00,24500,CE,468.67,478.62,464.55,465.51,106,47736,0.1757
2025-08-26 15:00:00,24500,PE,1191.74,1228.2,1203.53,1207.88,183,44957,0.1755
2025-08-26 15:00:00,24550,CE,419.15,425.73,416.13,422.32,375,38158,0.1801
2025-08-26 15:00:00,24550,PE,1265.48,1260.52,1253.63,1256.44,220,42637,0.1759
2025-08-26 15:00:00,24600,CE,469.58,468.96,461.88,464.74,368,44497,0.1744
2025-08-26 15:00:00,24600,PE,1308.99,1347.86,1282.78,1310.8,427,37686,0.1776
2025-08-26 15:00:00,24650,CE,438.89,448.56,443.36,444.68,293,41012,0.1767
2025-08-26 15:00:00,24650,PE,1371.72,1367.37,1346.62,1352.76,207,34644,0.1799
2025-08-26 15:00:00,24700,CE,434.3,431.99,429.8,430.35,383,37472,0.1733
2025-08-26 15:00:00,24700,PE,1387.56,1398.11,1366.64,1376.74,268,36502,0.1781
2025-08-26 15:00:00,24750,CE,453.71,458.87,449.27,456.59,252,33716,0.1767
2025-08-26 15:00:00,24750,PE,1438.55,1456.1,1431.68,1441.9,320,35139,0.1751
2025-08-26 15:00:00,24800,CE,467.03,463.28,455.31,459.97,329,34967,0.1789
2025-08-26 15:00:00,24800,PE,1499.69,1533.36,1495.89,1496.6,224,33786,0.1776
2025-08-26 15:00:00,24850,CE,470.8,468.32,462.83,466.71,165,25280,0.1768
2025-08-26 15:00:00,24850,PE,1552.89,1581.26,1538.73,1553.1,37,36220,0.1769
2025-08-26 15:00:00,24900,CE,427.33,426.45,416.46,424.92,50,26571,0.1768
2025-08-26 15:00:00,24900,PE,1582.59,1576.88,1548.01,1571.92,263,35435,0.177
2025-08-26 15:05:00,23500,CE,755.44,753.27,748.0,751.19,737,29706,0.1769
2025-08-26 15:05:00,23500,PE,456.65,459.29,445.04,451.0,28,28731,0.1804
2025-08-26 15:05:00,23550,CE,697.1,690.13,685.3,689.09,188,36323,0.1761
2025-08-26 15:05:00,23550,PE,462.66,467.36,459.74,462.41,666,29513,0.1754
2025-08-26 15:05:00,23600,CE,681.11,688.27,680.52,685.77,226,32029,0.1805
2025-08-26 15:05:00,23600,PE,445.46,449.11,435.58,442.1,888,34330,0.176
2025-08-26 15:05:00,23650,CE,629.06,636.28,624.93,629.38,1094,34746,0.1761
2025-08-26 15:05:00,23650,PE,446.49,449.95,445.17,445.41,793,32209,0.1808
2025-08-26 15:05:00,23700,CE,565.17,572.88,562.38,569.44,61,41518,0.178
2025-08-26 15:05:00,23700,PE,468.42,472.09,467.21,471.31,987,34547,0.1786
2025-08-26 15:05:00,23750,CE,487.35,494.49,484.32,484.54,1340,39839,0.1775
2025-08-26 15:05:00,23750,PE,497.7,510.33,497.56,498.94,799,37176,0.1791
2025-08-26 15:05:00,23800,CE,478.96,474.41,469.28,473.33,422,41905,0.1787
2025-08-26 15:05:00,23800,PE,430.2,429.91,422.36,428.65,132,37739,0.1771
2025-08-26 15:05:00,23850,CE,455.76,469.16,455.97,460.07,1179,44526,0.1792
2025-08-26 15:05:00,23850,PE,530.78,532.73,523.62,530.91,774,39791,0.1778
2025-08-26 15:05:00,23900,CE,493.82,495.93,484.39,487.15,893,46358,0.1815
2025-08-26 15:05:00,23900,PE,537.13,542.74,539.68,540.5,360,42748,0.1769
2025-08-26 15:05:00,23950,CE,445.09,457.19,451.29,451.31,446,50120,0.1784
2025-08-26 15:05:00,23950,PE,608.98,614.67,604.87,609.47,89,45171,0.1752
2025-08-26 15:05:00,24000,CE,435.6,439.24,432.7,433.69,211,50078,0.1766
2025-08-26 15:05:00,24000,PE,625.92,639.08,621.82,628.97,138,51243,0.1755
2025-08-26 15:05:00,24050,CE,493.47,496.92,494.97,496.25,830,57802,0.1804
2025-08-26 15:05:00,24050,PE,744.97,760.61,734.41,744.93,298,58465,0.1794
2025-08-26 15:05:00,24100,CE,487.89,498.37,485.46,492.89,661,58032,0.1787
2025-08-26 15:05:00,24100,PE,745.31,752.77,734.44,739.44,478,64505,0.1766
2025-08-26 15:05:00,24150,CE,469.44,476.91,464.64,467.87,685,70339,0.1779
2025-08-26 15:05:00,24150,PE,808.9,817.9,810.86,812.54,35,71215,0.1784
2025-08-26 15:05:00,24200,CE,458.97,462.1,453.77,457.02,394,81119,0.1788
2025-08-26 15:05:00,24200,PE,851.49,869.79,853.17,853.72,624,84321,0.1733
2025-08-26 15:05:00,24250,CE,475.55,484.05,474.21,475.13,495,75551,0.1772
2025-08-26 15:05:00,24250,PE,961.97,971.82,944.92,948.35,546,87438,0.1782
2025-08-26 15:05:00,24300,CE,457.38,462.84,449.41,453.67,509,70946,0.1771
2025-08-26 15:05:00,24300,PE,970.5,989.89,970.12,980.88,390,67486,0.1773
2025-08-26 15:05:00,24350,CE,468.48,465.37,460.12,464.45,573,66236,0.1769
2025-08-26 15:05:00,24350,PE,991.04,1000.46,991.35,992.07,467,57656,0.1753
2025-08-26 15:05:00,24400,CE,458.04,457.58,452.89,454.14,242,56916,0.176
2025-08-26 15:05:00,24400,PE,1059.42,1049.24,1040.04,1040.69,144,60251,0.1761
2025-08-26 15:05:00,24450,CE,460.65,468.56,457.5,462.24,273,51214,0.1747
2025-08-26 15:05:00,24450,PE,1116.33,1119.2,1105.41,1106.66,64,49056,0.177
2025-08-26 15:05:00,24500,CE,443.53,457.47,439.88,448.5,240,47505,0.177
2025-08-26 15:05:00,24500,PE,1135.56,1123.95,1113.35,1119.37,455,45272,0.1746
2025-08-26 15:05:00,24550,CE,446.27,460.9,450.31,453.52,76,38161,0.1756
2025-08-26 15:05:00,24550,PE,1176.43,1180.9,1167.0,1180.73,372,42822,0.1759
2025-08-26 15:05:00,24600,CE,446.14,459.29,450.03,451.95,11,43904,0.1766
2025-08-26 15:05:00,24600,PE,1248.5,1252.9,1247.33,1252.02,272,38194,0.1761
2025-08-26 15:05:00,24650,CE,460.15,464.81,456.38,457.47,29,40610,0.1784
2025-08-26 15:05:00,24650,PE,1315.89,1353.4,1305.96,1315.99,88,34426,0.1792
2025-08-26 15:05:00,24700,CE,431.91,438.65,428.14,429.01,376,38008,0.174
2025-08-26 15:05:00,24700,PE,1340.18,1397.66,1354.74,1367.56,134,36781,0.1771
2025-08-26 15:05:00,24750,CE,461.51,471.41,464.34,469.2,10,33729,0.181
2025-08-26 15:05:00,24750,PE,1437.13,1442.12,1426.34,1433.71,256,35574,0.1776
2025-08-26 15:05:00,24800,CE,466.77,468.53,456.49,462.06,321,34440,0.1786
2025-08-26 15:05:00,24800,PE,1446.32,1494.68,1434.12,1453.21,164,33277,0.178
2025-08-26 15:05:00,24850,CE,450.32,451.91,443.69,448.85,9,24866,0.1733
2025-08-26 15:05:00,24850,PE,1540.39,1527.79,1501.22,1526.0,350,35937,0.1783
2025-08-26 15:05:00,24900,CE,471.88,479.63,466.9,471.72,268,26821,0.1763
2025-08-26 15:05:00,24900,PE,1522.52,1559.51,1520.59,1542.81,314,35473,0.175
2025-08-26 15:10:00,23500,CE,764.09,759.15,756.68,758.58,859,29617,0.1769
2025-08-26 15:10:00,23500,PE,478.35,485.24,473.5,478.67,696,29070,0.1778
2025-08-26 15:10:00,23550,CE,671.17,676.78,674.46,675.23,531,36103,0.1754
2025-08-26 15:10:00,23550,PE,451.81,457.49,448.27,452.92,166,29015,0.179
2025-08-26 15:10:00,23600,CE,673.14,673.57,668.31,671.16,542,31905,0.1796
2025-08-26 15:10:00,23600,PE,459.02,458.98,449.06,452.32,237,34649,0.1735
2025-08-26 15:10:00,23650,CE,652.43,652.38,647.54,649.68,210,34714,0.1798
2025-08-26 15:10:00,23650,PE,507.5,512.7,498.33,501.8,524,32781,0.1809
2025-08-26 15:10:00,23700,CE,589.99,598.4,580.51,586.4,161,41945,0.1786
2025-08-26 15:10:00,23700,PE,446.23,455.28,443.09,452.11,937,34896,0.1757
2025-08-26 15:10:00,23750,CE,478.21,479.75,468.16,471.39,1229,40166,0.1752
2025-08-26 15:10:00,23750,PE,447.71,451.68,444.47,450.94,699,37273,0.1792
2025-08-26 15:10:00,23800,CE,484.09,494.3,480.77,485.23,651,42386,0.1787
2025-08-26 15:10:00,23800,PE,492.48,493.28,490.52,493.27,413,37846,0.1821
2025-08-26 15:10:00,23850,CE,498.68,511.45,494.32,500.81,331,44373,0.1779
2025-08-26 15:10:00,23850,PE,533.18,539.68,531.21,532.11,1425,39426,0.1807
2025-08-26 15:10:00,23900,CE,467.6,458.7,455.93,458.45,1144,46733,0.1794
2025-08-26 15:10:00,23900,PE,564.86,564.45,554.06,559.42,485,42593,0.1769
2025-08-26 15:10:00,23950,CE,451.17,454.68,443.93,454.07,24,50469,0.1779
2025-08-26 15:10:00,23950,PE,627.11,636.19,629.48,634.03,766,45750,0.1746
2025-08-26 15:10:00,24000,CE,508.54,507.84,502.1,502.71,310,49956,0.1811
2025-08-26 15:10:00,24000,PE,679.06,682.09,670.56,673.39,708,51051,0.1769
2025-08-26 15:10:00,24050,CE,444.05,445.89,444.19,444.41,306,57406,0.175
2025-08-26 15:10:00,24050,PE,722.36,734.18,714.83,717.62,918,58435,0.177
2025-08-26 15:10:00,24100,CE,498.38,501.1,491.38,495.63,657,58216,0.1809
2025-08-26 15:10:00,24100,PE,761.71,769.58,764.25,766.93,515,64280,0.1775
2025-08-26 15:10:00,24150,CE,452.62,458.9,447.69,452.32,256,70321,0.1787
2025-08-26 15:10:00,24150,PE,805.69,816.66,796.28,809.56,117,71259,0.179
2025-08-26 15:10:00,24200,CE,462.88,464.1,455.7,463.36,76,80849,0.1803
2025-08-26 15:10:00,24200,PE,826.48,841.3,829.19,831.29,464,83749,0.178
2025-08-26 15:10:00,24250,CE,457.43,467.09,461.71,462.13,41,75209,0.1829
2025-08-26 15:10:00,24250,PE,882.7,896.19,884.07,884.13,514,87801,0.1777
2025-08-26 15:10:00,24300,CE,443.67,448.26,438.51,441.84,10,70679,0.1781
2025-08-26 15:10:00,24300,PE,989.96,1018.37,975.05,979.07,45,66902,0.1757
2025-08-26 15:10:00,24350,CE,458.06,460.63,452.39,456.29,562,66145,0.1778
2025-08-26 15:10:00,24350,PE,1039.58,1058.15,1030.62,1042.42,476,57874,0.1798
2025-08-26 15:10:00,24400,CE,471.16,469.18,461.04,465.38,258,57218,0.1783
2025-08-26 15:10:00,24400,PE,1104.57,1114.78,1105.44,1107.21,147,60147,0.179
2025-08-26 15:10:00,24450,CE,450.47,455.71,452.18,454.97,207,51300,0.1767
2025-08-26 15:10:00,24450,PE,1095.79,1095.71,1082.33,1089.55,119,49350,0.1763
2025-08-26 15:10:00,24500,CE,440.96,443.14,434.54,438.95,427,47972,0.1757
2025-08-26 15:10:00,24500,PE,1170.64,1188.78,1169.63,1171.97,453,45439,0.1759
2025-08-26 15:10:00,24550,CE,472.31,470.38,468.25,468.27,385,38390,0.1759
2025-08-26 15:10:00,24550,PE,1204.95,1201.88,1200.37,1200.85,459,42340,0.1774
2025-08-26 15:10:00,24600,CE,447.14,445.32,443.37,445.26,97,43808,0.1803
2025-08-26 15:10:00,24600,PE,1266.49,1279.14,1249.67,1267.4,288,38660,0.1783
2025-08-26 15:10:00,24650,CE,411.55,410.21,409.06,409.19,48,40202,0.1759
2025-08-26 15:10:00,24650,PE,1338.07,1349.73,1319.73,1330.62,379,34197,0.178
2025-08-26 15:10:00,24700,CE,454.83,467.47,450.39,457.66,13,38221,0.1762
2025-08-26 15:10:00,24700,PE,1376.29,1391.06,1373.53,1378.34,370,37263,0.1774
2025-08-26 15:10:00,24750,CE,466.78,461.13,455.74,460.85,346,33199,0.1777
2025-08-26 15:10:00,24750,PE,1409.02,1419.4,1407.52,1413.66,60,36018,0.1732
2025-08-26 15:10:00,24800,CE,481.21,485.7,471.3,475.61,270,34104,0.1803
2025-08-26 15:10:00,24800,PE,1459.25,1457.68,1451.44,1456.28,154,33710,0.1774
2025-08-26 15:10:00,24850,CE,433.16,436.69,436.08,436.48,347,25333,0.1727
2025-08-26 15:10:00,24850,PE,1499.7,1531.51,1486.0,1516.77,175,36267,0.18
2025-08-26 15:10:00,24900,CE,426.76,432.65,428.57,429.8,21,27329,0.1735
2025-08-26 15:10:00,24900,PE,1560.9,1564.58,1551.24,1562.98,84,36026,0.174
2025-08-26 15:15:00,23500,CE,754.15,755.5,737.19,747.02,29,30127,0.1777
2025-08-26 15:15:00,23500,PE,499.89,507.06,495.66,502.66,494,29085,0.18
2025-08-26 15:15:00,23550,CE,653.8,665.74,637.93,651.97,694,36059,0.1769
2025-08-26 15:15:00,23550,PE,453.73,453.34,440.76,448.51,969,28541,0.1782
2025-08-26 15:15:00,23600,CE,592.21,598.83,587.75,594.27,750,31564,0.1779
2025-08-26 15:15:00,23600,PE,475.31,477.38,467.61,476.34,59,34831,0.1794
2025-08-26 15:15:00,23650,CE,526.33,527.39,526.31,526.81,874,34266,0.1799
2025-08-26 15:15:00,23650,PE,468.01,478.22,467.92,468.14,936,33311,0.1806
2025-08-26 15:15:00,23700,CE,474.67,482.0,471.47,476.66,1028,41617,0.1769
2025-08-26 15:15:00,23700,PE,470.02,474.18,470.16,471.0,146,34401,0.1771
2025-08-26 15:15:00,23750,CE,480.23,487.61,481.19,483.72,1074,39848,0.1806
2025-08-26 15:15:00,23750,PE,475.3,473.07,465.18,469.93,656,36731,0.1793
2025-08-26 15:15:00,23800,CE,483.64,487.45,486.47,487.36,713,41985,0.178
2025-08-26 15:15:00,23800,PE,497.25,500.3,493.2,496.98,693,37951,0.1784
2025-08-26 15:15:00,23850,CE,437.23,442.08,437.39,437.56,1316,44119,0.179
2025-08-26 15:15:00,23850,PE,526.37,538.5,528.6,529.2,455,39787,0.1778
2025-08-26 15:15:00,23900,CE,476.09,480.86,463.32,470.06,1148,46618,0.177
2025-08-26 15:15:00,23900,PE,588.43,593.03,584.24,586.71,429,42849,0.18
2025-08-26 15:15:00,23950,CE,461.6,462.02,451.18,457.73,812,50718,0.1806
2025-08-26 15:15:00,23950,PE,663.37,665.67,659.48,661.37,694,45312,0.1759
2025-08-26 15:15:00,24000,CE,491.96,495.67,491.23,493.48,266,49423,0.1782
2025-08-26 15:15:00,24000,PE,689.75,693.35,683.92,692.39,387,51461,0.1788
2025-08-26 15:15:00,24050,CE,450.29,450.74,444.84,450.63,208,57647,0.1745
2025-08-26 15:15:00,24050,PE,725.5,732.1,725.63,726.6,380,58044,0.1823
2025-08-26 15:15:00,24100,CE,476.38,478.5,463.86,474.94,191,58431,0.1783
2025-08-26 15:15:00,24100,PE,794.62,800.33,797.25,797.46,645,64075,0.1762
2025-08-26 15:15:00,24150,CE,465.96,465.31,460.01,463.55,690,69789,0.178
2025-08-26 15:15:00,24150,PE,838.46,852.45,840.31,844.99,437,70933,0.1779
2025-08-26 15:15:00,24200,CE,494.39,498.47,489.62,494.1,624,81155,0.1763
2025-08-26 15:15:00,24200,PE,895.37,911.92,888.8,902.41,51,83617,0.1806
2025-08-26 15:15:00,24250,CE,510.23,510.94,500.01,501.96,490,75262,0.1787
2025-08-26 15:15:00,24250,PE,942.83,950.63,936.86,950.43,325,87364,0.1798
2025-08-26 15:15:00,24300,CE,468.48,470.75,464.14,466.24,354,70190,0.178
2025-08-26 15:15:00,24300,PE,1034.25,1029.74,1016.38,1025.74,202,66589,0.1784
2025-08-26 15:15:00,24350,CE,426.82,427.13,421.08,422.88,382,66112,0.1784
2025-08-26 15:15:00,24350,PE,1064.42,1098.19,1061.98,1076.64,251,58290,0.1784
2025-08-26 15:15:00,24400,CE,447.59,449.37,448.05,448.19,218,57534,0.18
2025-08-26 15:15:00,24400,PE,1089.61,1104.81,1099.28,1103.64,486,59739,0.1789
2025-08-26 15:15:00,24450,CE,469.52,468.86,464.41,465.1,387,50785,0.1762
2025-08-26 15:15:00,24450,PE,1165.56,1181.98,1158.66,1172.21,335,49020,0.1811
2025-08-26 15:15:00,24500,CE,456.87,459.37,451.24,459.04,132,48394,0.1773
2025-08-26 15:15:00,24500,PE,1189.23,1206.77,1190.18,1196.24,98,45458,0.1754
2025-08-26 15:15:00,24550,CE,498.41,500.04,495.01,495.14,368,38758,0.1783
2025-08-26 15:15:00,24550,PE,1289.28,1290.21,1255.56,1265.53,102,42183,0.1752
2025-08-26 15:15:00,24600,CE,465.41,463.35,461.15,461.25,255,43916,0.1764
2025-08-26 15:15:00,24600,PE,1309.34,1330.47,1290.62,1294.27,79,38773,0.1734
2025-08-26 15:15:00,24650,CE,448.67,458.95,447.48,448.78,7,40354,0.1726
2025-08-26 15:15:00,24650,PE,1324.78,1327.75,1290.39,1322.34,317,34161,0.1779
2025-08-26 15:15:00,24700,CE,463.92,474.98,464.84,469.56,106,37908,0.177
2025-08-26 15:15:00,24700,PE,1364.68,1385.83,1356.66,1363.56,286,37177,0.175
2025-08-26 15:15:00,24750,CE,425.76,435.26,423.8,427.22,367,33768,0.1771
2025-08-26 15:15:00,24750,PE,1421.44,1444.81,1421.62,1436.98,175,35744,0.1758
2025-08-26 15:15:00,24800,CE,466.25,467.09,463.47,465.21,309,34373,0.1794
2025-08-26 15:15:00,24800,PE,1479.81,1481.36,1449.26,1475.28,67,34243,0.1736
2025-08-26 15:15:00,24850,CE,445.9,446.83,437.76,446.37,78,25412,0.1734
2025-08-26 15:15:00,24850,PE,1538.35,1575.37,1538.35,1547.77,73,36254,0.1773
2025-08-26 15:15:00,24900,CE,474.52,484.63,471.42,473.02,222,26874,0.1767
2025-08-26 15:15:00,24900,PE,1626.98,1637.6,1612.15,1618.59,95,36329,0.1767
2025-08-26 15:20:00,23500,CE,643.96,656.72,643.64,643.89,1047,30620,0.1734
2025-08-26 15:20:00,23500,PE,447.31,445.31,443.7,444.34,827,29661,0.1789
2025-08-26 15:20:00,23550,CE,594.77,610.93,593.62,598.59,220,35700,0.1769
2025-08-26 15:20:00,23550,PE,471.3,479.31,469.9,471.24,510,29045,0.1757
2025-08-26 15:20:00,23600,CE,547.28,545.28,540.41,545.28,1124,31408,0.1804
2025-08-26 15:20:00,23600,PE,450.35,456.23,446.13,451.02,45,34973,0.178
2025-08-26 15:20:00,23650,CE,528.49,538.39,524.71,529.21,522,33934,0.1767
2025-08-26 15:20:00,23650,PE,439.79,441.91,438.59,440.77,370,33009,0.1777
2025-08-26 15:20:00,23700,CE,478.92,477.7,471.21,474.58,551,41759,0.1776
2025-08-26 15:20:00,23700,PE,465.2,468.62,457.66,463.17,296,34382,0.177
2025-08-26 15:20:00,23750,CE,426.56,424.45,418.45,422.08,1320,40405,0.178
2025-08-26 15:20:00,23750,PE,523.83,544.5,529.49,532.44,1191,36448,0.1809
2025-08-26 15:20:00,23800,CE,463.74,472.77,460.99,466.22,200,42438,0.1806
2025-08-26 15:20:00,23800,PE,572.29,579.08,568.59,569.5,517,37903,0.1792
2025-08-26 15:20:00,23850,CE,491.78,495.52,488.85,490.64,484,43680,0.1769
2025-08-26 15:20:00,23850,PE,621.83,614.6,606.9,611.87,807,39473,0.1742
2025-08-26 15:20:00,23900,CE,440.36,445.31,439.6,440.41,245,46924,0.1793
2025-08-26 15:20:00,23900,PE,687.98,679.78,668.46,673.16,718,43240,0.1746
2025-08-26 15:20:00,23950,CE,502.5,501.74,498.41,500.05,646,50165,0.1744
2025-08-26 15:20:00,23950,PE,692.75,707.23,692.26,692.94,388,45204,0.1788
2025-08-26 15:20:00,24000,CE,411.24,411.53,407.84,411.16,277,49416,0.18
2025-08-26 15:20:00,24000,PE,787.63,800.9,786.24,790.37,421,51599,0.1783
2025-08-26 15:20:00,24050,CE,486.32,479.23,470.62,476.99,739,57827,0.1796
2025-08-26 15:20:00,24050,PE,829.24,839.89,828.5,830.89,718,58440,0.177
2025-08-26 15:20:00,24100,CE,490.96,500.94,489.43,489.59,528,58159,0.1791
2025-08-26 15:20:00,24100,PE,910.91,907.95,898.31,904.94,417,63609,0.1772
2025-08-26 15:20:00,24150,CE,437.92,445.3,428.8,437.19,617,69412,0.1743
2025-08-26 15:20:00,24150,PE,939.64,943.26,922.65,940.83,167,71457,0.1778
2025-08-26 15:20:00,24200,CE,482.58,489.05,471.97,479.65,85,81211,0.1796
2025-08-26 15:20:00,24200,PE,977.33,978.78,974.43,976.81,363,83279,0.1762
2025-08-26 15:20:00,24250,CE,457.24,455.54,451.56,455.08,235,75605,0.18
2025-08-26 15:20:00,24250,PE,1039.11,1049.5,1028.91,1037.05,421,87468,0.1779
2025-08-26 15:20:00,24300,CE,470.36,473.3,463.22,469.84,306,70030,0.1764
2025-08-26 15:20:00,24300,PE,1108.44,1097.7,1072.82,1093.48,350,66010,0.1758
2025-08-26 15:20:00,24350,CE,462.72,476.17,465.48,466.54,45,66451,0.1775
2025-08-26 15:20:00,24350,PE,1121.52,1119.51,1095.9,1110.48,98,58550,0.1759
2025-08-26 15:20:00,24400,CE,438.17,446.96,440.12,442.04,16,57248,0.1774
2025-08-26 15:20:00,24400,PE,1172.7,1181.02,1162.88,1180.33,469,59457,0.1819
2025-08-26 15:20:00,24450,CE,476.33,482.77,471.84,475.92,468,50510,0.1786
2025-08-26 15:20:00,24450,PE,1242.99,1244.04,1226.14,1240.92,305,49224,0.1778
2025-08-26 15:20:00,24500,CE,443.66,458.94,439.84,443.17,290,48147,0.1778
2025-08-26 15:20:00,24500,PE,1311.4,1316.6,1310.34,1311.83,346,45230,0.1794
2025-08-26 15:20:00,24550,CE,486.48,493.69,489.84,491.39,355,38609,0.1802
2025-08-26 15:20:00,24550,PE,1326.17,1346.16,1299.61,1331.67,365,42759,0.1792
2025-08-26 15:20:00,24600,CE,463.3,464.34,461.39,464.15,316,43868,0.1781
2025-08-26 15:20:00,24600,PE,1401.65,1413.35,1394.6,1395.0,180,38625,0.1778
2025-08-26 15:20:00,24650,CE,448.97,455.15,442.44,447.62,144,40318,0.1777
2025-08-26 15:20:00,24650,PE,1462.64,1461.58,1412.28,1449.04,197,34424,0.175
2025-08-26 15:20:00,24700,CE,443.41,448.4,439.7,441.72,342,38368,0.1773
2025-08-26 15:20:00,24700,PE,1493.39,1495.78,1480.73,1486.84,234,37765,0.1771
2025-08-26 15:20:00,24750,CE,460.72,463.22,456.72,460.94,331,33751,0.1759
2025-08-26 15:20:00,24750,PE,1553.94,1548.42,1526.22,1541.22,156,35696,0.1773
2025-08-26 15:20:00,24800,CE,462.91,465.27,460.83,465.09,14,34169,0.1753
2025-08-26 15:20:00,24800,PE,1546.92,1567.35,1546.31,1552.53,140,34577,0.1756
2025-08-26 15:20:00,24850,CE,470.55,470.78,459.29,467.91,94,25598,0.1796
2025-08-26 15:20:00,24850,PE,1629.73,1679.14,1644.42,1651.78,115,36090,0.1785
2025-08-26 15:20:00,24900,CE,467.94,464.61,463.8,464.34,28,26896,0.1766
2025-08-26 15:20:00,24900,PE,1643.32,1671.71,1635.91,1669.88,37,35975,0.1757
2025-08-26 15:25:00,23500,CE,645.0,643.06,639.64,643.0,537,30852,0.1809
2025-08-26 15:25:00,23500,PE,479.44,479.24,477.0,478.54,436,29363,0.178
2025-08-26 15:25:00,23550,CE,597.43,608.16,597.9,599.92,1058,35519,0.1775
2025-08-26 15:25:00,23550,PE,421.43,420.47,418.18,420.08,391,28526,0.1786
2025-08-26 15:25:00,23600,CE,548.14,550.3,542.51,546.06,483,31071,0.1755
2025-08-26 15:25:00,23600,PE,439.64,443.05,433.27,436.27,486,34606,0.1778
2025-08-26 15:25:00,23650,CE,494.14,494.33,491.18,492.49,323,34216,0.1759
2025-08-26 15:25:00,23650,PE,440.89,447.61,441.21,443.86,744,33242,0.1783
2025-08-26 15:25:00,23700,CE,415.26,412.42,404.65,410.07,1037,41804,0.18
2025-08-26 15:25:00,23700,PE,478.15,479.15,475.36,475.85,844,34246,0.1789
2025-08-26 15:25:00,23750,CE,469.15,477.44,472.3,473.71,413,40872,0.1779
2025-08-26 15:25:00,23750,PE,506.38,518.96,512.36,513.95,632,36908,0.176
2025-08-26 15:25:00,23800,CE,454.5,463.06,452.78,454.31,1012,42561,0.1752
2025-08-26 15:25:00,23800,PE,558.18,565.78,562.62,565.31,1108,38092,0.1786
2025-08-26 15:25:00,23850,CE,476.45,477.05,471.02,474.63,949,44035,0.1797
2025-08-26 15:25:00,23850,PE,645.66,641.18,635.0,640.08,755,39740,0.1812
2025-08-26 15:25:00,23900,CE,452.92,460.47,448.58,456.18,852,46593,0.1779
2025-08-26 15:25:00,23900,PE,684.86,698.01,694.51,695.04,912,43244,0.1793
2025-08-26 15:25:00,23950,CE,487.3,493.97,485.03,485.11,128,49747,0.1755
2025-08-26 15:25:00,23950,PE,698.2,708.99,693.73,699.4,709,45575,0.1764
2025-08-26 15:25:00,24000,CE,452.52,456.77,439.65,444.57,567,49600,0.1762
2025-08-26 15:25:00,24000,PE,735.94,734.58,724.34,731.77,746,52173,0.1756
2025-08-26 15:25:00,24050,CE,443.65,450.19,442.06,444.37,661,57390,0.1792
2025-08-26 15:25:00,24050,PE,800.29,806.68,798.18,802.71,638,58452,0.1764
2025-08-26 15:25:00,24100,CE,464.49,468.21,462.91,464.71,588,58427,0.1789
2025-08-26 15:25:00,24100,PE,924.53,924.97,907.14,911.71,501,64049,0.1757
2025-08-26 15:25:00,24150,CE,454.59,457.48,449.51,453.92,112,69836,0.1769
2025-08-26 15:25:00,24150,PE,899.95,906.53,893.04,897.14,244,71099,0.1778
2025-08-26 15:25:00,24200,CE,473.83,472.81,467.88,472.37,463,81789,0.1782
2025-08-26 15:25:00,24200,PE,965.77,980.08,962.43,967.33,65,83856,0.1781
2025-08-26 15:25:00,24250,CE,452.88,470.23,457.57,461.23,212,76167,0.1772
2025-08-26 15:25:00,24250,PE,1034.72,1069.0,1040.63,1041.9,39,87604,0.179
2025-08-26 15:25:00,24300,CE,437.35,445.47,440.19,444.72,307,70428,0.1784
2025-08-26 15:25:00,24300,PE,1092.79,1096.3,1059.02,1067.84,272,65501,0.1763
2025-08-26 15:25:00,24350,CE,475.27,469.03,465.52,465.8,105,66157,0.1785
2025-08-26 15:25:00,24350,PE,1101.43,1121.63,1106.25,1110.87,468,58060,0.1799
2025-08-26 15:25:00,24400,CE,495.62,494.9,490.55,491.0,428,57254,0.1786
2025-08-26 15:25:00,24400,PE,1144.47,1142.73,1137.22,1141.48,291,60014,0.1796
2025-08-26 15:25:00,24450,CE,475.85,479.88,471.68,476.06,373,50689,0.1764
2025-08-26 15:25:00,24450,PE,1188.4,1194.85,1157.37,1189.7,400,49177,0.1728
2025-08-26 15:25:00,24500,CE,471.69,475.34,469.55,474.5,430,48498,0.1817
2025-08-26 15:25:00,24500,PE,1254.8,1266.64,1250.5,1254.97,451,45290,0.1759
2025-08-26 15:25:00,24550,CE,433.42,435.21,428.08,429.75,286,38558,0.1768
2025-08-26 15:25:00,24550,PE,1327.75,1321.51,1306.16,1318.13,409,42914,0.1783
2025-08-26 15:25:00,24600,CE,451.19,457.8,452.12,452.78,72,43882,0.1779
2025-08-26 15:25:00,24600,PE,1341.63,1349.0,1329.46,1344.63,62,38794,0.1766
2025-08-26 15:25:00,24650,CE,447.15,455.2,450.69,453.39,285,40681,0.1778
2025-08-26 15:25:00,24650,PE,1372.95,1404.72,1372.53,1379.91,67,34378,0.177
2025-08-26 15:25:00,24700,CE,464.75,468.5,462.52,466.28,142,38266,0.1761
2025-08-26 15:25:00,24700,PE,1476.13,1459.02,1442.59,1450.85,367,37835,0.1775
2025-08-26 15:25:00,24750,CE,435.44,442.12,428.16,433.02,169,34236,0.1762
2025-08-26 15:25:00,24750,PE,1476.77,1504.91,1467.66,1483.37,202,35603,0.1768
2025-08-26 15:25:00,24800,CE,475.17,482.83,468.27,473.76,198,34586,0.1773
2025-08-26 15:25:00,24800,PE,1562.15,1578.04,1563.74,1571.21,167,34717,0.1758
2025-08-26 15:25:00,24850,CE,452.17,454.19,452.57,452.96,67,25012,0.1773
2025-08-26 15:25:00,24850,PE,1609.6,1593.17,1586.76,1588.6,28,36061,0.1775
2025-08-26 15:25:00,24900,CE,423.99,427.25,414.44,421.02,243,26548,0.1766
2025-08-26 15:25:00,24900,PE,1649.96,1641.92,1622.29,1626.79,318,35555,0.1785
