timestamp,strike,side,open,high,low,close,volume,oi,iv
2025-09-02 09:00:00,23500,CE,715.67,731.08,724.56,724.72,0,27772,0.1619
2025-09-02 09:00:00,23500,PE,351.97,353.54,349.05,349.39,0,30362,0.1612
2025-09-02 09:00:00,23550,CE,682.43,686.11,679.33,679.77,0,31977,0.162
2025-09-02 09:00:00,23550,PE,342.05,344.76,341.01,344.12,0,30500,0.1625
2025-09-02 09:00:00,23600,CE,621.94,617.93,615.9,617.41,0,33933,0.1636
2025-09-02 09:00:00,23600,PE,364.03,370.96,363.18,367.7,0,35707,0.1622
2025-09-02 09:00:00,23650,CE,575.88,581.74,573.35,574.31,0,38480,0.1658
2025-09-02 09:00:00,23650,PE,389.09,387.67,379.9,387.49,0,35062,0.1643
2025-09-02 09:00:00,23700,CE,519.12,517.65,507.45,512.79,0,38222,0.1654
2025-09-02 09:00:00,23700,PE,364.04,359.91,356.11,356.66,0,39304,0.1614
2025-09-02 09:00:00,23750,CE,493.11,492.13,485.93,490.38,0,44928,0.1621
2025-09-02 09:00:00,23750,PE,375.64,376.32,371.83,372.69,0,45061,0.1623
2025-09-02 09:00:00,23800,CE,403.69,403.79,399.35,400.39,0,48679,0.1572
2025-09-02 09:00:00,23800,PE,346.49,347.75,338.93,346.17,0,48855,0.1638
2025-09-02 09:00:00,23850,CE,372.02,374.38,368.37,370.49,0,54232,0.1636
2025-09-02 09:00:00,23850,PE,379.0,383.47,378.5,379.51,0,54034,0.1601
2025-09-02 09:00:00,23900,CE,384.37,386.91,375.88,380.04,0,48139,0.1632
2025-09-02 09:00:00,23900,PE,412.66,420.44,408.57,409.97,0,49380,0.1681
2025-09-02 09:00:00,23950,CE,362.68,360.43,355.45,359.02,0,46727,0.1656
2025-09-02 09:00:00,23950,PE,496.81,495.94,478.37,488.8,0,44797,0.1646
2025-09-02 09:00:00,24000,CE,390.39,406.0,390.7,392.14,0,41179,0.1638
2025-09-02 09:00:00,24000,PE,486.79,499.58,484.36,488.59,0,42780,0.1608
2025-09-02 09:00:00,24050,CE,380.47,386.87,373.89,379.42,0,35579,0.165
2025-09-02 09:00:00,24050,PE,578.48,581.87,570.31,576.01,0,38159,0.1649
2025-09-02 09:00:00,24100,CE,366.36,363.23,350.66,359.72,0,33650,0.1628
2025-09-02 09:00:00,24100,PE,620.38,625.49,609.46,615.09,0,34582,0.1623
2025-09-02 09:00:00,24150,CE,395.01,395.05,386.9,392.38,0,30246,0.1648
2025-09-02 09:00:00,24150,PE,635.36,650.77,638.46,642.17,0,31488,0.1612
2025-09-02 09:00:00,24200,CE,363.35,366.6,362.71,363.24,0,30257,0.1629
2025-09-02 09:00:00,24200,PE,721.89,730.49,710.6,713.51,0,30102,0.1644
2025-09-02 09:00:00,24250,CE,362.66,367.96,362.01,366.77,0,27811,0.1645
2025-09-02 09:00:00,24250,PE,771.86,768.61,763.61,763.62,0,29924,0.1614
2025-09-02 09:00:00,24300,CE,342.86,346.91,343.01,345.54,0,25464,0.1612
2025-09-02 09:00:00,24300,PE,817.21,833.21,822.32,823.5,0,25470,0.1614
2025-09-02 09:00:00,24350,CE,392.67,388.49,382.46,385.11,0,25424,0.1618
2025-09-02 09:00:00,24350,PE,844.1,839.54,826.98,838.52,0,24518,0.1628
2025-09-02 09:00:00,24400,CE,370.77,376.16,369.13,373.11,0,22954,0.1621
2025-09-02 09:00:00,24400,PE,890.38,901.82,891.94,892.29,0,22089,0.1617
2025-09-02 09:00:00,24450,CE,341.7,348.36,346.27,347.55,0,22739,0.1655
2025-09-02 09:00:00,24450,PE,995.63,995.05,990.86,992.16,0,23168,0.1639
2025-09-02 09:00:00,24500,CE,386.48,390.5,384.02,384.47,0,21860,0.1634
2025-09-02 09:00:00,24500,PE,1009.39,1026.51,1009.28,1012.58,0,22653,0.1622
2025-09-02 09:00:00,24550,CE,366.3,372.44,362.66,365.83,0,21266,0.1642
2025-09-02 09:00:00,24550,PE,1059.28,1064.07,1061.24,1063.26,0,21142,0.1647
2025-09-02 09:00:00,24600,CE,348.58,355.25,345.55,350.13,0,18984,0.1628
2025-09-02 09:00:00,24600,PE,1103.26,1116.57,1093.54,1096.89,0,20974,0.1608
2025-09-02 09:00:00,24650,CE,359.19,365.76,358.37,359.25,0,20473,0.1618
2025-09-02 09:00:00,24650,PE,1192.15,1213.61,1184.55,1185.19,0,19995,0.1648
2025-09-02 09:00:00,24700,CE,378.78,386.54,379.95,380.93,0,16582,0.1597
2025-09-02 09:00:00,24700,PE,1207.36,1218.97,1204.0,1210.12,0,20052,0.1598
2025-09-02 09:00:00,24750,CE,376.9,380.21,375.53,376.01,0,17681,0.1611
2025-09-02 09:00:00,24750,PE,1265.52,1281.23,1267.62,1268.51,0,17280,0.1635
2025-09-02 09:00:00,24800,CE,375.02,372.86,369.13,371.32,0,15736,0.1621
2025-09-02 09:00:00,24800,PE,1322.19,1329.17,1319.4,1322.66,0,15165,0.1613
2025-09-02 09:00:00,24850,CE,379.47,382.12,378.3,378.66,0,17583,0.1624
2025-09-02 09:00:00,24850,PE,1345.74,1355.72,1335.47,1344.72,0,16374,0.1615
2025-09-02 09:00:00,24900,CE,375.31,376.9,371.38,372.8,0,17337,0.1629
2025-09-02 09:00:00,24900,PE,1414.0,1413.64,1403.1,1412.08,0,16762,0.1597
2025-09-02 09:05:00,23500,CE,732.34,729.84,723.74,729.3,0,30935,0.1623
2025-09-02 09:05:00,23500,PE,354.35,354.29,348.57,354.1,0,29324,0.1632
2025-09-02 09:05:00,23550,CE,690.4,694.77,686.12,690.66,0,31252,0.1644
2025-09-02 09:05:00,23550,PE,381.63,390.38,385.1,387.27,0,31551,0.1634
2025-09-02 09:05:00,23600,CE,652.44,659.72,638.17,644.34,0,32140,0.165
2025-09-02 09:05:00,23600,PE,339.38,334.66,334.07,334.35,0,35068,0.1621
2025-09-02 09:05:00,23650,CE,595.82,598.04,589.84,596.97,0,38454,0.1659
2025-09-02 09:05:00,23650,PE,354.87,353.41,348.46,352.77,0,34930,0.162
2025-09-02 09:05:00,23700,CE,517.25,524.61,511.05,514.21,0,41656,0.1594
2025-09-02 09:05:00,23700,PE,356.4,357.69,354.6,357.06,0,40716,0.1639
2025-09-02 09:05:00,23750,CE,469.93,481.19,475.5,479.01,0,44143,0.1628
2025-09-02 09:05:00,23750,PE,382.55,382.29,375.37,381.33,0,44757,0.1637
2025-09-02 09:05:00,23800,CE,405.29,409.72,400.37,407.75,0,46671,0.1634
2025-09-02 09:05:00,23800,PE,367.94,378.22,370.35,371.91,0,50468,0.1588
2025-09-02 09:05:00,23850,CE,387.4,385.03,380.22,382.88,0,55828,0.1631
2025-09-02 09:05:00,23850,PE,357.81,366.98,361.43,362.9,0,55266,0.1635
2025-09-02 09:05:00,23900,CE,373.49,373.34,371.13,371.91,0,48964,0.1611
2025-09-02 09:05:00,23900,PE,406.08,413.21,403.84,404.63,0,48161,0.161
2025-09-02 09:05:00,23950,CE,388.14,386.87,381.14,386.75,0,44002,0.1656
2025-09-02 09:05:00,23950,PE,441.6,443.4,432.63,440.82,0,44781,0.1599
2025-09-02 09:05:00,24000,CE,366.9,370.51,365.93,368.74,0,42749,0.166
2025-09-02 09:05:00,24000,PE,505.38,507.41,496.28,505.98,0,40424,0.1655
2025-09-02 09:05:00,24050,CE,347.91,356.66,348.04,349.83,0,38382,0.1605
2025-09-02 09:05:00,24050,PE,547.8,547.85,544.42,546.36,0,37068,0.1606
2025-09-02 09:05:00,24100,CE,339.34,348.14,338.79,343.89,0,32885,0.1629
2025-09-02 09:05:00,24100,PE,575.42,591.28,581.32,584.14,0,35774,0.1607
2025-09-02 09:05:00,24150,CE,370.42,368.66,361.4,361.99,0,31552,0.1661
2025-09-02 09:05:00,24150,PE,654.05,664.76,653.88,655.08,0,32525,0.1621
2025-09-02 09:05:00,24200,CE,397.49,407.04,395.12,395.8,0,29420,0.1641
2025-09-02 09:05:00,24200,PE,700.01,695.94,690.1,695.16,0,31010,0.1618
2025-09-02 09:05:00,24250,CE,387.31,391.16,382.72,388.6,0,29496,0.1629
2025-09-02 09:05:00,24250,PE,755.46,768.81,752.95,763.83,0,29217,0.1647
2025-09-02 09:05:00,24300,CE,385.95,388.5,383.22,386.02,0,28187,0.1621
2025-09-02 09:05:00,24300,PE,825.7,842.03,809.97,823.73,0,27348,0.1644
2025-09-02 09:05:00,24350,CE,362.06,368.36,356.55,362.12,0,25250,0.1619
2025-09-02 09:05:00,24350,PE,880.65,895.72,884.43,886.1,0,26168,0.1633
2025-09-02 09:05:00,24400,CE,376.84,381.41,373.73,379.21,0,24564,0.1615
2025-09-02 09:05:00,24400,PE,935.01,953.97,941.51,943.54,0,22704,0.1592
2025-09-02 09:05:00,24450,CE,389.47,390.89,384.16,387.44,0,21827,0.1638
2025-09-02 09:05:00,24450,PE,989.27,996.13,970.14,989.08,0,21046,0.1613
2025-09-02 09:05:00,24500,CE,363.95,371.51,360.42,362.61,0,22640,0.1608
2025-09-02 09:05:00,24500,PE,1034.88,1069.73,1027.59,1038.71,0,20230,0.1632
2025-09-02 09:05:00,24550,CE,365.57,369.64,360.9,365.21,0,18957,0.1638
2025-09-02 09:05:00,24550,PE,1059.02,1085.32,1061.75,1073.46,0,21849,0.162
2025-09-02 09:05:00,24600,CE,361.59,378.61,356.64,365.68,0,17927,0.1632
2025-09-02 09:05:00,24600,PE,1119.25,1127.82,1114.16,1115.15,0,21551,0.1648
2025-09-02 09:05:00,24650,CE,366.33,366.66,361.48,362.69,0,17797,0.162
2025-09-02 09:05:00,24650,PE,1178.45,1232.62,1178.42,1179.6,0,20660,0.1634
2025-09-02 09:05:00,24700,CE,381.52,394.9,382.74,388.96,0,18790,0.1601
2025-09-02 09:05:00,24700,PE,1199.52,1218.39,1185.23,1187.0,0,16214,0.1601
2025-09-02 09:05:00,24750,CE,411.61,418.73,410.03,415.33,0,18592,0.1624
2025-09-02 09:05:00,24750,PE,1243.46,1279.89,1267.99,1268.93,0,19451,0.1649
2025-09-02 09:05:00,24800,CE,361.86,366.03,357.8,361.48,0,18525,0.1647
2025-09-02 09:05:00,24800,PE,1287.82,1308.04,1302.65,1306.27,0,18375,0.1622
2025-09-02 09:05:00,24850,CE,394.91,398.97,393.1,395.3,0,15199,0.1613
2025-09-02 09:05:00,24850,PE,1335.68,1362.67,1340.9,1346.99,0,15028,0.16
2025-09-02 09:05:00,24900,CE,347.26,348.38,344.56,346.88,0,14924,0.1596
2025-09-02 09:05:00,24900,PE,1387.66,1428.59,1391.64,1396.29,0,15907,0.1625
2025-09-02 09:10:00,23500,CE,736.3,741.66,728.58,734.48,0,30806,0.1643
2025-09-02 09:10:00,23500,PE,368.45,374.58,368.8,370.76,0,31635,0.1669
2025-09-02 09:10:00,23550,CE,666.55,678.69,666.46,671.49,0,31681,0.1621
2025-09-02 09:10:00,23550,PE,379.82,384.87,373.88,379.34,0,31638,0.1648
2025-09-02 09:10:00,23600,CE,606.72,622.38,613.1,613.84,0,35517,0.1642
2025-09-02 09:10:00,23600,PE,369.49,371.02,364.54,368.33,0,35932,0.1602
2025-09-02 09:10:00,23650,CE,570.17,572.59,571.45,572.14,0,36577,0.16
2025-09-02 09:10:00,23650,PE,361.13,379.92,367.63,368.0,0,37038,0.1636
2025-09-02 09:10:00,23700,CE,494.56,501.47,498.12,499.85,0,39127,0.1619
2025-09-02 09:10:00,23700,PE,353.58,361.32,359.65,361.0,0,39464,0.1624
2025-09-02 09:10:00,23750,CE,497.37,499.42,492.02,496.9,0,44974,0.1637
2025-09-02 09:10:00,23750,PE,399.08,400.78,396.49,400.4,0,42571,0.1646
2025-09-02 09:10:00,23800,CE,408.75,414.37,405.81,408.73,0,47734,0.161
2025-09-02 09:10:00,23800,PE,397.7,395.54,391.9,393.98,0,47002,0.1639
2025-09-02 09:10:00,23850,CE,387.05,386.59,381.32,381.65,0,53360,0.1627
2025-09-02 09:10:00,23850,PE,391.39,396.74,392.86,393.0,0,55173,0.1622
2025-09-02 09:10:00,23900,CE,377.48,379.51,370.95,379.24,0,51069,0.1634
2025-09-02 09:10:00,23900,PE,373.78,380.71,375.47,378.82,0,48948,0.1608
2025-09-02 09:10:00,23950,CE,359.33,361.88,356.73,359.67,0,46379,0.1611
2025-09-02 09:10:00,23950,PE,458.33,464.92,458.78,461.96,0,44418,0.1617
2025-09-02 09:10:00,24000,CE,402.11,409.93,396.92,401.77,0,39864,0.1656
2025-09-02 09:10:00,24000,PE,514.97,520.34,510.11,510.31,0,42549,0.1615
2025-09-02 09:10:00,24050,CE,360.41,367.85,359.95,362.98,0,37520,0.16
2025-09-02 09:10:00,24050,PE,588.94,585.55,580.55,584.21,0,36264,0.1616
2025-09-02 09:10:00,24100,CE,352.98,364.61,358.64,360.63,0,33520,0.1645
2025-09-02 09:10:00,24100,PE,612.38,622.18,613.33,614.3,0,34127,0.1613
2025-09-02 09:10:00,24150,CE,368.41,370.65,364.38,364.49,0,30635,0.1627
2025-09-02 09:10:00,24150,PE,667.52,689.61,670.83,671.44,0,33839,0.1642
2025-09-02 09:10:00,24200,CE,396.68,405.92,395.69,397.76,0,30561,0.1637
2025-09-02 09:10:00,24200,PE,744.04,739.12,734.98,738.07,0,31849,0.165
2025-09-02 09:10:00,24250,CE,351.03,354.97,343.25,346.83,0,27192,0.1611
2025-09-02 09:10:00,24250,PE,755.79,755.73,748.7,753.04,0,29445,0.1617
2025-09-02 09:10:00,24300,CE,365.87,364.73,361.98,363.41,0,27299,0.1621
2025-09-02 09:10:00,24300,PE,809.76,817.85,811.33,815.62,0,26127,0.1659
2025-09-02 09:10:00,24350,CE,371.54,368.48,363.69,366.2,0,24536,0.1635
2025-09-02 09:10:00,24350,PE,855.47,860.74,852.85,856.94,0,23638,0.1582
2025-09-02 09:10:00,24400,CE,367.76,368.69,364.84,367.09,0,25026,0.1612
2025-09-02 09:10:00,24400,PE,936.54,950.36,926.53,936.85,0,24987,0.1628
2025-09-02 09:10:00,24450,CE,369.55,383.95,373.86,375.04,0,22894,0.1637
2025-09-02 09:10:00,24450,PE,972.7,968.08,962.77,967.72,0,24008,0.162
2025-09-02 09:10:00,24500,CE,382.36,390.28,378.98,383.63,0,22065,0.1614
2025-09-02 09:10:00,24500,PE,1019.25,1023.32,1004.62,1013.94,0,22444,0.163
2025-09-02 09:10:00,24550,CE,357.05,356.72,351.93,355.6,0,22602,0.1665
2025-09-02 09:10:00,24550,PE,1053.37,1070.28,1052.57,1063.42,0,19963,0.1624
2025-09-02 09:10:00,24600,CE,379.63,385.56,380.7,382.35,0,20341,0.1645
2025-09-02 09:10:00,24600,PE,1111.39,1115.74,1093.66,1100.23,0,20336,0.1624
2025-09-02 09:10:00,24650,CE,348.34,348.9,343.98,346.38,0,20544,0.1613
2025-09-02 09:10:00,24650,PE,1151.91,1177.67,1163.18,1164.41,0,19722,0.1634
2025-09-02 09:10:00,24700,CE,361.66,368.09,360.64,362.48,0,17228,0.1628
2025-09-02 09:10:00,24700,PE,1220.53,1246.54,1215.56,1224.8,0,19712,0.1632
2025-09-02 09:10:00,24750,CE,361.98,360.65,355.48,358.16,0,18725,0.1655
2025-09-02 09:10:00,24750,PE,1262.24,1249.28,1227.81,1240.06,0,16027,0.1602
2025-09-02 09:10:00,24800,CE,388.95,389.37,381.64,386.19,0,17778,0.163
2025-09-02 09:10:00,24800,PE,1300.25,1304.7,1293.35,1299.7,0,15884,0.16
2025-09-02 09:10:00,24850,CE,386.81,392.69,382.65,386.13,0,15318,0.1592
2025-09-02 09:10:00,24850,PE,1369.43,1385.07,1357.91,1378.53,0,15847,0.1627
2025-09-02 09:10:00,24900,CE,374.94,376.06,369.1,374.33,0,14935,0.1624
2025-09-02 09:10:00,24900,PE,1397.29,1433.69,1399.01,1419.73,0,16924,0.1585
2025-09-02 09:15:00,23500,CE,704.39,705.7,687.74,694.36,164,45002,0.1415
2025-09-02 09:15:00,23500,PE,317.84,323.04,309.36,314.21,55,41310,0.1479
2025-09-02 09:15:00,23550,CE,655.26,657.88,647.12,651.13,395,45885,0.1431
2025-09-02 09:15:00,23550,PE,328.93,330.79,323.15,329.45,761,46507,0.1431
2025-09-02 09:15:00,23600,CE,593.66,600.94,585.95,590.01,503,47600,0.1466
2025-09-02 09:15:00,23600,PE,324.66,330.12,323.59,328.57,54,51362,0.1461
2025-09-02 09:15:00,23650,CE,564.11,577.29,561.57,568.44,603,53847,0.1454
2025-09-02 09:15:00,23650,PE,328.08,330.56,327.47,328.5,530,56390,0.1465
2025-09-02 09:15:00,23700,CE,498.22,493.74,486.81,490.49,538,59589,0.1475
2025-09-02 09:15:00,23700,PE,341.77,345.34,338.25,344.88,604,61297,0.1431
2025-09-02 09:15:00,23750,CE,466.81,471.58,465.9,467.12,310,63012,0.1443
2025-09-02 09:15:00,23750,PE,321.59,322.96,318.18,319.63,1252,65351,0.1433
2025-09-02 09:15:00,23800,CE,368.46,370.83,360.74,363.3,877,73208,0.1478
2025-09-02 09:15:00,23800,PE,327.59,331.98,328.64,331.58,460,71857,0.1432
2025-09-02 09:15:00,23850,CE,345.82,349.93,344.31,345.76,1208,84244,0.1458
2025-09-02 09:15:00,23850,PE,352.48,357.33,348.43,350.93,1116,85378,0.1489
2025-09-02 09:15:00,23900,CE,307.1,309.67,306.28,307.69,481,75407,0.1436
2025-09-02 09:15:00,23900,PE,389.09,394.57,389.52,392.18,939,77439,0.1494
2025-09-02 09:15:00,23950,CE,337.91,348.3,337.52,342.07,150,65866,0.149
2025-09-02 09:15:00,23950,PE,404.82,407.59,405.25,406.1,281,65899,0.147
2025-09-02 09:15:00,24000,CE,326.83,335.17,329.05,329.08,1105,58429,0.1439
2025-09-02 09:15:00,24000,PE,473.19,472.56,459.79,471.13,891,62133,0.1437
2025-09-02 09:15:00,24050,CE,335.69,337.76,331.99,335.14,791,52846,0.1471
2025-09-02 09:15:00,24050,PE,511.52,512.97,505.0,512.92,103,52857,0.1437
2025-09-02 09:15:00,24100,CE,344.01,345.89,339.29,344.65,801,47439,0.1499
2025-09-02 09:15:00,24100,PE,577.48,583.1,580.81,580.82,693,49726,0.1445
2025-09-02 09:15:00,24150,CE,355.91,362.02,358.41,358.81,828,46155,0.1471
2025-09-02 09:15:00,24150,PE,660.3,655.75,648.66,652.51,409,46240,0.1443
2025-09-02 09:15:00,24200,CE,306.37,307.27,303.86,306.52,650,44818,0.1414
2025-09-02 09:15:00,24200,PE,685.38,684.27,673.44,679.86,769,42709,0.145
2025-09-02 09:15:00,24250,CE,332.86,332.12,326.72,331.85,626,37374,0.1479
2025-09-02 09:15:00,24250,PE,736.04,744.57,732.0,732.57,464,41005,0.1472
2025-09-02 09:15:00,24300,CE,355.7,363.02,355.38,358.81,46,35862,0.1461
2025-09-02 09:15:00,24300,PE,801.23,807.77,792.17,793.27,674,34985,0.1482
2025-09-02 09:15:00,24350,CE,346.61,358.31,348.82,350.73,332,37279,0.1437
2025-09-02 09:15:00,24350,PE,803.0,816.31,806.33,815.68,635,34090,0.1481
2025-09-02 09:15:00,24400,CE,332.5,334.65,333.67,334.29,383,35173,0.1475
2025-09-02 09:15:00,24400,PE,893.59,890.92,887.62,890.81,550,34492,0.1447
2025-09-02 09:15:00,24450,CE,339.58,338.85,334.74,336.24,140,34174,0.1481
2025-09-02 09:15:00,24450,PE,907.11,912.39,904.28,908.61,541,31023,0.1444
2025-09-02 09:15:00,24500,CE,308.85,312.45,309.5,310.74,272,31185,0.1444
2025-09-02 09:15:00,24500,PE,969.57,987.02,965.5,965.98,451,30694,0.1448
2025-09-02 09:15:00,24550,CE,341.33,345.85,334.37,339.96,386,30542,0.1419
2025-09-02 09:15:00,24550,PE,1048.67,1043.72,1034.03,1042.46,113,27822,0.1471
2025-09-02 09:15:00,24600,CE,334.12,335.86,334.3,335.03,413,28134,0.1485
2025-09-02 09:15:00,24600,PE,1065.88,1076.33,1050.85,1063.43,104,27783,0.1469
2025-09-02 09:15:00,24650,CE,321.33,323.22,315.25,317.72,104,23604,0.1442
2025-09-02 09:15:00,24650,PE,1131.0,1142.23,1113.55,1127.7,218,23547,0.1455
2025-09-02 09:15:00,24700,CE,308.75,312.46,302.74,310.8,424,27666,0.1441
2025-09-02 09:15:00,24700,PE,1179.19,1184.34,1160.96,1168.54,102,26092,0.1433
2025-09-02 09:15:00,24750,CE,345.75,351.02,341.91,344.78,169,24918,0.1447
2025-09-02 09:15:00,24750,PE,1249.21,1263.4,1247.68,1250.48,225,25698,0.1447
2025-09-02 09:15:00,24800,CE,359.4,370.84,361.53,362.91,311,20402,0.1495
2025-09-02 09:15:00,24800,PE,1303.58,1296.69,1296.19,1296.24,346,21701,0.1479
2025-09-02 09:15:00,24850,CE,313.59,314.31,310.0,311.36,251,23347,0.1433
2025-09-02 09:15:00,24850,PE,1316.96,1326.39,1286.92,1306.54,251,23757,0.1463
2025-09-02 09:15:00,24900,CE,283.55,285.98,280.35,283.67,54,22424,0.1429
2025-09-02 09:15:00,24900,PE,1336.62,1353.34,1325.76,1348.93,145,21113,0.1402
2025-09-02 09:20:00,23500,CE,729.09,759.96,737.53,739.86,119,45108,0.1458
2025-09-02 09:20:00,23500,PE,342.77,345.83,340.33,343.86,247,41549,0.1469
2025-09-02 09:20:00,23550,CE,707.89,722.15,701.08,704.42,386,45772,0.1477
2025-09-02 09:20:00,23550,PE,338.16,335.89,334.22,335.61,413,46583,0.1453
2025-09-02 09:20:00,23600,CE,626.43,626.9,615.99,622.91,591,47094,0.1436
2025-09-02 09:20:00,23600,PE,340.11,345.86,341.01,343.52,697,50965,0.1481
2025-09-02 09:20:00,23650,CE,569.71,585.2,569.64,570.4,232,54174,0.1461
2025-09-02 09:20:00,23650,PE,329.18,336.87,323.97,329.84,18,56246,0.1482
2025-09-02 09:20:00,23700,CE,549.44,547.95,541.87,543.37,702,59922,0.1486
2025-09-02 09:20:00,23700,PE,331.99,338.23,333.95,335.06,938,61506,0.1465
2025-09-02 09:20:00,23750,CE,472.47,488.71,475.57,478.96,288,62847,0.1464
2025-09-02 09:20:00,23750,PE,338.26,336.94,330.04,334.29,46,65676,0.1449
2025-09-02 09:20:00,23800,CE,426.31,436.09,415.97,426.83,30,72759,0.1451
2025-09-02 09:20:00,23800,PE,335.28,337.05,328.68,334.56,1290,71449,0.1458
2025-09-02 09:20:00,23850,CE,381.54,383.83,376.99,377.49,453,84134,0.1454
2025-09-02 09:20:00,23850,PE,336.56,335.16,332.64,333.38,232,85564,0.1449
2025-09-02 09:20:00,23900,CE,335.25,342.29,335.82,337.66,577,75164,0.1479
2025-09-02 09:20:00,23900,PE,353.93,356.61,352.07,353.92,1040,77226,0.1443
2025-09-02 09:20:00,23950,CE,323.4,324.38,321.4,323.6,350,66300,0.1435
2025-09-02 09:20:00,23950,PE,400.65,401.21,396.0,397.89,892,66378,0.1429
2025-09-02 09:20:00,24000,CE,316.75,318.57,315.51,315.54,486,58924,0.1444
2025-09-02 09:20:00,24000,PE,430.33,426.82,422.76,426.62,1175,61559,0.1467
2025-09-02 09:20:00,24050,CE,343.85,344.88,342.0,343.2,163,53204,0.1485
2025-09-02 09:20:00,24050,PE,494.33,487.49,482.59,486.5,358,53171,0.142
2025-09-02 09:20:00,24100,CE,316.62,319.71,315.29,318.03,462,47148,0.143
2025-09-02 09:20:00,24100,PE,532.96,534.86,534.22,534.39,241,49397,0.1439
2025-09-02 09:20:00,24150,CE,338.77,341.77,337.83,341.7,632,45596,0.1483
2025-09-02 09:20:00,24150,PE,588.47,601.6,588.31,589.48,191,46626,0.1468
2025-09-02 09:20:00,24200,CE,310.08,315.86,308.46,313.21,285,44947,0.1448
2025-09-02 09:20:00,24200,PE,654.87,647.78,636.52,647.11,268,42128,0.1446
2025-09-02 09:20:00,24250,CE,338.3,340.5,330.56,337.92,363,37044,0.1453
2025-09-02 09:20:00,24250,PE,660.34,680.49,667.31,670.46,588,41401,0.1474
2025-09-02 09:20:00,24300,CE,306.86,302.84,300.31,302.67,650,35984,0.1431
2025-09-02 09:20:00,24300,PE,740.36,746.52,741.28,743.74,70,35411,0.1456
2025-09-02 09:20:00,24350,CE,338.8,341.86,339.33,340.46,580,36855,0.1477
2025-09-02 09:20:00,24350,PE,770.64,777.22,771.17,773.7,286,34633,0.1425
2025-09-02 09:20:00,24400,CE,323.31,320.38,318.09,318.93,520,34821,0.1454
2025-09-02 09:20:00,24400,PE,844.85,852.68,842.83,843.73,406,34256,0.146
2025-09-02 09:20:00,24450,CE,341.88,354.01,343.61,344.8,524,34685,0.146
2025-09-02 09:20:00,24450,PE,877.26,892.64,886.18,891.44,473,30798,0.1455
2025-09-02 09:20:00,24500,CE,355.64,360.65,358.11,359.35,229,31299,0.1461
2025-09-02 09:20:00,24500,PE,952.01,951.59,942.25,942.81,539,30506,0.1451
2025-09-02 09:20:00,24550,CE,336.88,345.43,333.69,337.33,302,30829,0.1475
2025-09-02 09:20:00,24550,PE,964.13,976.78,964.2,975.15,206,27595,0.1449
2025-09-02 09:20:00,24600,CE,324.25,326.88,321.75,324.37,204,28063,0.1454
2025-09-02 09:20:00,24600,PE,1034.92,1042.71,1032.63,1038.55,55,27283,0.1451
2025-09-02 09:20:00,24650,CE,322.2,326.48,324.49,324.74,342,24109,0.1439
2025-09-02 09:20:00,24650,PE,1083.26,1105.94,1080.1,1085.12,393,24034,0.1448
2025-09-02 09:20:00,24700,CE,321.09,316.74,314.02,315.95,389,28031,0.1459
2025-09-02 09:20:00,24700,PE,1135.46,1132.64,1127.58,1130.71,34,26539,0.1455
2025-09-02 09:20:00,24750,CE,334.8,338.57,334.47,336.2,202,25041,0.1446
2025-09-02 09:20:00,24750,PE,1198.25,1195.58,1179.77,1189.7,394,25200,0.1462
2025-09-02 09:20:00,24800,CE,304.81,303.8,302.27,303.71,112,19886,0.1438
2025-09-02 09:20:00,24800,PE,1236.75,1242.69,1230.82,1236.32,181,22044,0.1431
2025-09-02 09:20:00,24850,CE,338.36,350.61,336.99,338.81,203,23367,0.146
2025-09-02 09:20:00,24850,PE,1263.77,1292.88,1266.75,1271.84,100,23489,0.1454
2025-09-02 09:20:00,24900,CE,346.78,352.13,347.22,348.55,220,21868,0.1462
2025-09-02 09:20:00,24900,PE,1319.44,1325.92,1288.29,1300.7,177,21693,0.1439
2025-09-02 09:25:00,23500,CE,725.11,732.25,726.32,727.43,424,44624,0.146
2025-09-02 09:25:00,23500,PE,304.97,310.23,304.46,306.47,314,41386,0.1443
2025-09-02 09:25:00,23550,CE,664.86,667.37,660.5,664.34,558,45988,0.1418
2025-09-02 09:25:00,23550,PE,361.76,361.87,358.69,361.13,776,46730,0.146
2025-09-02 09:25:00,23600,CE,634.21,633.78,627.51,633.31,214,46645,0.1475
2025-09-02 09:25:00,23600,PE,337.31,347.18,333.46,335.43,147,51109,0.1474
2025-09-02 09:25:00,23650,CE,600.02,608.22,593.38,594.91,569,53977,0.1495
2025-09-02 09:25:00,23650,PE,350.04,355.58,348.42,352.63,698,55850,0.149
2025-09-02 09:25:00,23700,CE,537.62,549.25,531.92,540.8,747,60062,0.1448
2025-09-02 09:25:00,23700,PE,324.99,329.93,320.05,324.5,196,61986,0.1466
2025-09-02 09:25:00,23750,CE,452.91,458.99,457.61,458.19,1011,63148,0.1446
2025-09-02 09:25:00,23750,PE,331.74,335.72,330.73,332.44,777,65270,0.1485
2025-09-02 09:25:00,23800,CE,455.24,454.9,453.54,454.39,1271,72367,0.1445
2025-09-02 09:25:00,23800,PE,312.82,315.91,309.63,311.73,1063,71412,0.1448
2025-09-02 09:25:00,23850,CE,386.19,388.45,379.05,382.69,1019,83559,0.1472
2025-09-02 09:25:00,23850,PE,323.41,332.92,319.37,325.65,495,84988,0.1458
2025-09-02 09:25:00,23900,CE,353.77,357.57,351.25,354.92,1304,74866,0.1503
2025-09-02 09:25:00,23900,PE,322.76,330.05,322.07,323.61,580,76754,0.1429
2025-09-02 09:25:00,23950,CE,348.23,341.47,340.77,341.13,224,66356,0.1489
2025-09-02 09:25:00,23950,PE,396.98,403.99,398.63,398.98,543,65830,0.1507
2025-09-02 09:25:00,24000,CE,307.24,316.81,308.43,308.64,1121,58616,0.1437
2025-09-02 09:25:00,24000,PE,428.23,436.26,429.61,430.24,77,61028,0.1445
2025-09-02 09:25:00,24050,CE,327.18,331.14,319.72,325.03,489,53240,0.1468
2025-09-02 09:25:00,24050,PE,476.96,480.26,463.39,468.81,168,52994,0.1476
2025-09-02 09:25:00,24100,CE,332.51,337.51,329.89,330.15,376,46647,0.1491
2025-09-02 09:25:00,24100,PE,513.73,514.68,512.53,512.94,690,49222,0.1408
2025-09-02 09:25:00,24150,CE,302.12,306.2,297.72,300.47,672,44996,0.1419
2025-09-02 09:25:00,24150,PE,571.35,583.83,577.04,580.25,47,47016,0.1481
2025-09-02 09:25:00,24200,CE,321.38,324.36,321.06,322.78,292,44783,0.1447
2025-09-02 09:25:00,24200,PE,619.36,629.93,616.21,621.38,372,42327,0.1467
2025-09-02 09:25:00,24250,CE,333.4,332.7,325.65,332.02,572,37294,0.1481
2025-09-02 09:25:00,24250,PE,677.58,681.2,662.06,676.28,700,41466,0.1443
2025-09-02 09:25:00,24300,CE,320.52,330.95,321.81,325.66,195,36090,0.1495
2025-09-02 09:25:00,24300,PE,710.08,712.11,703.85,708.9,224,35325,0.1459
2025-09-02 09:25:00,24350,CE,338.99,341.58,338.02,340.02,30,36743,0.1473
2025-09-02 09:25:00,24350,PE,785.98,802.32,790.08,793.09,418,34400,0.1449
2025-09-02 09:25:00,24400,CE,307.82,312.81,301.2,303.77,79,34306,0.1455
2025-09-02 09:25:00,24400,PE,814.76,837.43,810.63,822.9,85,34075,0.1449
2025-09-02 09:25:00,24450,CE,343.04,344.79,340.01,341.83,603,34640,0.1445
2025-09-02 09:25:00,24450,PE,894.97,891.27,879.33,886.78,551,30358,0.1422
2025-09-02 09:25:00,24500,CE,307.37,311.24,303.2,308.38,555,31788,0.1416
2025-09-02 09:25:00,24500,PE,931.9,937.2,921.96,927.81,58,29916,0.1462
2025-09-02 09:25:00,24550,CE,344.05,352.29,344.73,344.84,350,30497,0.1471
2025-09-02 09:25:00,24550,PE,963.9,982.56,963.08,973.72,349,27810,0.1442
2025-09-02 09:25:00,24600,CE,334.66,338.14,335.23,335.78,40,28451,0.1482
2025-09-02 09:25:00,24600,PE,1015.15,1022.8,1011.51,1021.82,445,27251,0.1446
2025-09-02 09:25:00,24650,CE,343.41,346.48,340.64,344.14,454,24215,0.1445
2025-09-02 09:25:00,24650,PE,1081.0,1085.1,1069.73,1075.25,358,23761,0.148
2025-09-02 09:25:00,24700,CE,345.18,345.27,341.09,344.82,296,28576,0.1467
2025-09-02 09:25:00,24700,PE,1143.43,1155.69,1126.59,1129.09,362,26711,0.1438
2025-09-02 09:25:00,24750,CE,337.37,332.99,328.23,332.03,184,24598,0.1457
2025-09-02 09:25:00,24750,PE,1186.33,1175.67,1155.41,1171.73,157,25483,0.1429
2025-09-02 09:25:00,24800,CE,310.38,313.14,311.28,312.51,227,19439,0.1445
2025-09-02 09:25:00,24800,PE,1219.87,1261.1,1201.14,1221.48,105,21928,0.1494
2025-09-02 09:25:00,24850,CE,322.5,322.83,320.21,322.28,25,23356,0.1459
2025-09-02 09:25:00,24850,PE,1288.17,1308.31,1266.81,1284.71,373,23755,0.1433
2025-09-02 09:25:00,24900,CE,313.52,315.94,310.1,314.93,367,22463,0.1442
2025-09-02 09:25:00,24900,PE,1339.2,1358.63,1325.34,1340.47,27,21538,0.1465
2025-09-02 09:30:00,23500,CE,715.87,740.55,732.26,736.05,154,44834,0.1459
2025-09-02 09:30:00,23500,PE,338.49,336.63,335.37,335.54,36,41592,0.1479
2025-09-02 09:30:00,23550,CE,697.45,693.87,688.15,691.49,306,45609,0.1438
2025-09-02 09:30:00,23550,PE,359.89,357.99,356.24,357.2,171,46901,0.1443
2025-09-02 09:30:00,23600,CE,659.47,662.75,657.67,658.93,404,47100,0.145
2025-09-02 09:30:00,23600,PE,323.82,326.59,318.62,322.02,819,51175,0.1476
2025-09-02 09:30:00,23650,CE,609.9,616.08,610.91,614.68,634,53952,0.1449
2025-09-02 09:30:00,23650,PE,338.38,336.92,334.43,334.92,367,56027,0.1456
2025-09-02 09:30:00,23700,CE,558.87,554.25,539.88,552.42,29,60430,0.1479
2025-09-02 09:30:00,23700,PE,346.98,345.97,341.94,343.04,693,61656,0.1456
2025-09-02 09:30:00,23750,CE,538.1,527.96,526.11,527.43,22,62743,0.1469
2025-09-02 09:30:00,23750,PE,336.91,342.54,333.42,338.61,790,65451,0.1416
2025-09-02 09:30:00,23800,CE,442.63,449.89,441.1,444.79,844,71808,0.147
2025-09-02 09:30:00,23800,PE,330.1,334.08,329.14,330.17,40,71802,0.1432
2025-09-02 09:30:00,23850,CE,407.15,410.01,408.87,409.31,668,83321,0.1446
2025-09-02 09:30:00,23850,PE,345.49,354.54,346.2,347.11,136,84521,0.1515
2025-09-02 09:30:00,23900,CE,347.15,351.37,346.26,347.2,1252,75183,0.142
2025-09-02 09:30:00,23900,PE,340.98,337.57,329.7,335.83,494,76421,0.1487
2025-09-02 09:30:00,23950,CE,299.64,304.38,299.66,301.74,505,66237,0.1423
2025-09-02 09:30:00,23950,PE,350.59,353.09,348.52,351.16,1377,65726,0.1453
2025-09-02 09:30:00,24000,CE,305.79,312.5,302.38,302.84,1081,59000,0.1456
2025-09-02 09:30:00,24000,PE,403.66,418.98,403.9,408.91,841,60745,0.1472
2025-09-02 09:30:00,24050,CE,333.92,343.21,334.42,335.91,1207,53399,0.1467
2025-09-02 09:30:00,24050,PE,475.04,473.16,467.19,470.33,855,53592,0.1457
2025-09-02 09:30:00,24100,CE,323.64,332.14,324.11,324.46,672,46766,0.1478
2025-09-02 09:30:00,24100,PE,496.91,498.39,495.12,498.38,906,48791,0.1451
2025-09-02 09:30:00,24150,CE,328.79,327.05,322.97,325.81,946,44735,0.1467
2025-09-02 09:30:00,24150,PE,537.9,545.27,539.79,540.38,953,47058,0.1477
2025-09-02 09:30:00,24200,CE,325.36,330.43,327.38,328.99,789,44569,0.1426
2025-09-02 09:30:00,24200,PE,609.94,620.16,606.48,612.41,682,42346,0.1484
2025-09-02 09:30:00,24250,CE,350.7,355.68,346.93,351.11,535,37345,0.1453
2025-09-02 09:30:00,24250,PE,716.74,711.83,698.27,711.69,810,41748,0.1457
2025-09-02 09:30:00,24300,CE,326.43,328.95,327.57,327.75,200,36237,0.1494
2025-09-02 09:30:00,24300,PE,697.81,717.37,702.39,708.95,285,35562,0.1421
2025-09-02 09:30:00,24350,CE,337.87,338.0,334.39,337.97,344,36404,0.1467
2025-09-02 09:30:00,24350,PE,764.36,776.69,761.96,765.31,166,34307,0.1479
2025-09-02 09:30:00,24400,CE,319.23,327.35,317.27,321.36,323,34696,0.1456
2025-09-02 09:30:00,24400,PE,808.44,819.67,804.05,807.04,424,34377,0.1497
2025-09-02 09:30:00,24450,CE,337.44,338.97,336.39,338.08,100,34258,0.148
2025-09-02 09:30:00,24450,PE,894.64,904.25,883.74,889.84,32,29834,0.1467
2025-09-02 09:30:00,24500,CE,316.08,316.25,312.15,314.9,93,31971,0.1447
2025-09-02 09:30:00,24500,PE,929.56,926.38,908.11,921.56,271,29848,0.1479
2025-09-02 09:30:00,24550,CE,344.16,349.99,337.91,343.46,409,30389,0.1441
2025-09-02 09:30:00,24550,PE,944.02,971.9,941.38,956.25,12,27240,0.1432
2025-09-02 09:30:00,24600,CE,315.43,314.27,313.17,313.34,100,28308,0.1471
2025-09-02 09:30:00,24600,PE,997.67,1013.86,996.0,1003.84,461,26865,0.1446
2025-09-02 09:30:00,24650,CE,326.19,328.96,323.28,325.56,366,23656,0.1473
2025-09-02 09:30:00,24650,PE,1081.93,1091.97,1067.98,1089.48,61,23639,0.1454
2025-09-02 09:30:00,24700,CE,345.79,349.93,343.88,347.65,303,28965,0.146
2025-09-02 09:30:00,24700,PE,1107.12,1128.69,1125.69,1126.31,351,27180,0.1454
2025-09-02 09:30:00,24750,CE,313.76,326.46,320.07,322.05,199,24283,0.1443
2025-09-02 09:30:00,24750,PE,1158.6,1156.98,1148.29,1153.16,193,25212,0.1407
2025-09-02 09:30:00,24800,CE,344.69,348.34,344.37,346.12,157,18957,0.1489
2025-09-02 09:30:00,24800,PE,1177.46,1180.34,1169.67,1174.52,332,22419,0.1462
2025-09-02 09:30:00,24850,CE,319.36,324.37,319.44,322.88,45,22834,0.143
2025-09-02 09:30:00,24850,PE,1278.69,1291.02,1252.15,1272.46,333,24279,0.1461
2025-09-02 09:30:00,24900,CE,336.67,337.47,335.63,335.92,12,22632,0.1452
2025-09-02 09:30:00,24900,PE,1296.14,1315.58,1280.57,1308.1,168,21881,0.1444
2025-09-02 09:35:00,23500,CE,693.29,711.45,689.67,694.53,406,44497,0.1435
2025-09-02 09:35:00,23500,PE,301.24,305.09,300.17,300.71,233,41721,0.1446
2025-09-02 09:35:00,23550,CE,636.53,644.78,638.37,639.92,227,45139,0.1436
2025-09-02 09:35:00,23550,PE,295.54,298.36,293.17,295.64,453,47091,0.1458
2025-09-02 09:35:00,23600,CE,603.69,609.58,599.59,604.43,735,47220,0.1455
2025-09-02 09:35:00,23600,PE,341.83,342.55,338.24,341.49,378,51563,0.1463
2025-09-02 09:35:00,23650,CE,536.66,546.3,539.72,541.7,470,54125,0.1464
2025-09-02 09:35:00,23650,PE,331.92,333.78,331.71,332.96,912,56592,0.1467
2025-09-02 09:35:00,23700,CE,481.61,481.68,477.58,480.22,508,60418,0.1424
2025-09-02 09:35:00,23700,PE,331.58,334.16,331.35,332.08,979,61718,0.1447
2025-09-02 09:35:00,23750,CE,459.12,461.57,454.48,455.44,959,62234,0.1465
2025-09-02 09:35:00,23750,PE,365.8,371.08,361.11,363.91,1046,64980,0.1482
2025-09-02 09:35:00,23800,CE,398.6,396.36,396.0,396.1,578,71416,0.1459
2025-09-02 09:35:00,23800,PE,354.37,358.34,352.96,354.0,1347,71344,0.1475
2025-09-02 09:35:00,23850,CE,358.93,359.63,349.47,355.19,936,82885,0.1456
2025-09-02 09:35:00,23850,PE,326.39,327.86,321.52,325.81,59,84233,0.1462
2025-09-02 09:35:00,23900,CE,332.34,336.18,334.39,335.56,149,74917,0.1442
2025-09-02 09:35:00,23900,PE,387.34,387.87,383.18,387.19,280,76655,0.1478
2025-09-02 09:35:00,23950,CE,316.67,320.62,316.95,318.91,256,66220,0.1453
2025-09-02 09:35:00,23950,PE,419.6,418.99,408.77,414.64,23,66238,0.1465
2025-09-02 09:35:00,24000,CE,317.61,320.99,317.63,318.41,549,58811,0.1467
2025-09-02 09:35:00,24000,PE,487.36,497.33,484.73,488.57,408,60221,0.1454
2025-09-02 09:35:00,24050,CE,342.66,345.25,338.64,341.68,294,53812,0.144
2025-09-02 09:35:00,24050,PE,517.59,519.71,514.04,516.83,430,54003,0.1444
2025-09-02 09:35:00,24100,CE,334.25,336.52,330.53,331.02,188,46601,0.1448
2025-09-02 09:35:00,24100,PE,545.94,549.67,537.9,542.9,624,48275,0.1439
2025-09-02 09:35:00,24150,CE,329.5,333.82,330.22,332.27,324,45192,0.1427
2025-09-02 09:35:00,24150,PE,608.43,612.65,598.95,605.72,448,47578,0.1456
2025-09-02 09:35:00,24200,CE,333.99,334.66,328.95,332.84,127,45165,0.1467
2025-09-02 09:35:00,24200,PE,680.97,689.63,673.86,680.75,720,42215,0.1474
2025-09-02 09:35:00,24250,CE,316.15,321.58,318.32,318.55,431,36897,0.1396
2025-09-02 09:35:00,24250,PE,713.0,716.34,715.12,716.15,129,41601,0.1441
2025-09-02 09:35:00,24300,CE,330.3,332.49,327.71,329.0,238,36339,0.1463
2025-09-02 09:35:00,24300,PE,773.54,776.59,749.42,762.13,637,35013,0.1475
2025-09-02 09:35:00,24350,CE,329.7,332.07,323.98,328.38,552,36133,0.1487
2025-09-02 09:35:00,24350,PE,816.83,850.32,819.9,825.28,432,34837,0.1489
2025-09-02 09:35:00,24400,CE,330.05,334.55,331.55,332.82,455,34149,0.147
2025-09-02 09:35:00,24400,PE,855.24,875.4,849.75,856.68,369,33958,0.1433
2025-09-02 09:35:00,24450,CE,321.63,320.49,312.46,319.05,154,34355,0.145
2025-09-02 09:35:00,24450,PE,910.22,904.7,886.66,898.03,342,30383,0.1436
2025-09-02 09:35:00,24500,CE,337.43,345.81,339.13,339.56,162,32499,0.1445
2025-09-02 09:35:00,24500,PE,982.81,999.62,979.22,985.43,244,29557,0.1423
2025-09-02 09:35:00,24550,CE,334.49,335.15,328.39,330.83,327,30525,0.1464
2025-09-02 09:35:00,24550,PE,1019.02,1020.65,1012.73,1016.79,468,27798,0.1462
2025-09-02 09:35:00,24600,CE,319.62,321.48,315.45,317.76,331,28463,0.1462
2025-09-02 09:35:00,24600,PE,1044.16,1072.5,1040.22,1046.02,147,26530,0.1435
2025-09-02 09:35:00,24650,CE,329.62,331.65,327.55,329.64,283,23888,0.1439
2025-09-02 09:35:00,24650,PE,1083.78,1108.75,1086.86,1097.62,178,23652,0.1433
2025-09-02 09:35:00,24700,CE,329.51,332.53,325.64,329.61,261,28957,0.1506
2025-09-02 09:35:00,24700,PE,1190.67,1178.94,1167.59,1174.22,27,27166,0.1447
2025-09-02 09:35:00,24750,CE,352.03,359.12,349.75,353.69,97,23818,0.1486
2025-09-02 09:35:00,24750,PE,1214.09,1225.63,1210.46,1220.6,205,25559,0.1485
2025-09-02 09:35:00,24800,CE,321.75,320.55,316.51,320.38,330,18773,0.1446
2025-09-02 09:35:00,24800,PE,1258.16,1264.52,1226.08,1255.02,237,22040,0.1442
2025-09-02 09:35:00,24850,CE,318.38,322.56,317.27,317.93,115,22763,0.1447
2025-09-02 09:35:00,24850,PE,1324.18,1351.7,1317.91,1331.16,158,24450,0.1482
2025-09-02 09:35:00,24900,CE,328.63,330.21,329.45,329.54,285,22696,0.1448
2025-09-02 09:35:00,24900,PE,1353.77,1381.69,1342.41,1349.75,17,22263,0.1444
2025-09-02 09:40:00,23500,CE,655.77,658.85,650.61,653.44,385,44908,0.1444
2025-09-02 09:40:00,23500,PE,335.92,343.28,332.73,335.55,237,41865,0.1453
2025-09-02 09:40:00,23550,CE,611.76,624.04,602.48,612.76,232,45201,0.1464
2025-09-02 09:40:00,23550,PE,318.85,327.05,317.41,318.1,760,47171,0.1427
2025-09-02 09:40:00,23600,CE,563.75,569.37,562.11,566.67,993,47091,0.1454
2025-09-02 09:40:00,23600,PE,325.96,325.65,324.49,324.61,140,51526,0.1468
2025-09-02 09:40:00,23650,CE,515.45,519.28,516.82,517.34,924,54157,0.1452
2025-09-02 09:40:00,23650,PE,334.98,332.01,331.1,331.42,683,56953,0.1433
2025-09-02 09:40:00,23700,CE,441.54,444.89,443.16,444.46,341,60713,0.1432
2025-09-02 09:40:00,23700,PE,333.35,335.75,332.32,333.51,1186,61352,0.1476
2025-09-02 09:40:00,23750,CE,417.79,422.79,414.44,414.61,281,62807,0.1429
2025-09-02 09:40:00,23750,PE,317.71,318.96,314.59,317.27,1380,65538,0.1416
2025-09-02 09:40:00,23800,CE,369.03,371.42,359.93,366.39,1422,71151,0.1451
2025-09-02 09:40:00,23800,PE,312.33,311.67,308.57,309.88,939,71942,0.1447
2025-09-02 09:40:00,23850,CE,352.29,357.44,353.02,354.94,1165,82915,0.1482
2025-09-02 09:40:00,23850,PE,349.1,349.56,345.54,346.88,1012,83905,0.1473
2025-09-02 09:40:00,23900,CE,323.29,325.82,321.33,323.96,511,75181,0.1441
2025-09-02 09:40:00,23900,PE,414.85,418.99,404.61,409.21,1364,76112,0.1465
2025-09-02 09:40:00,23950,CE,366.65,373.55,367.58,371.08,525,66445,0.1471
2025-09-02 09:40:00,23950,PE,452.39,460.95,448.15,452.55,586,66640,0.1455
2025-09-02 09:40:00,24000,CE,325.17,334.33,326.8,328.03,717,58631,0.1431
2025-09-02 09:40:00,24000,PE,512.6,518.57,516.04,518.37,847,60022,0.147
2025-09-02 09:40:00,24050,CE,345.34,352.18,336.64,344.05,419,53538,0.1484
2025-09-02 09:40:00,24050,PE,557.53,578.75,562.32,565.28,991,53891,0.1449
2025-09-02 09:40:00,24100,CE,357.91,359.53,355.69,357.79,862,46689,0.1467
2025-09-02 09:40:00,24100,PE,605.44,617.87,598.11,600.89,125,48589,0.144
2025-09-02 09:40:00,24150,CE,334.02,333.46,330.19,332.75,172,45655,0.1435
2025-09-02 09:40:00,24150,PE,674.33,683.94,675.85,681.51,799,47636,0.149
2025-09-02 09:40:00,24200,CE,323.17,326.24,318.29,319.8,312,45134,0.1436
2025-09-02 09:40:00,24200,PE,719.93,713.42,698.95,710.2,595,42064,0.1449
2025-09-02 09:40:00,24250,CE,343.62,341.52,339.02,339.16,46,37011,0.1439
2025-09-02 09:40:00,24250,PE,761.31,774.29,752.29,761.41,528,41174,0.1452
2025-09-02 09:40:00,24300,CE,309.12,311.35,302.2,309.34,245,36299,0.1457
2025-09-02 09:40:00,24300,PE,805.44,812.37,808.62,812.1,411,35023,0.1463
2025-09-02 09:40:00,24350,CE,350.06,351.54,344.81,344.97,472,36288,0.1449
2025-09-02 09:40:00,24350,PE,866.0,858.71,856.27,857.09,446,34319,0.1465
2025-09-02 09:40:00,24400,CE,308.85,311.32,308.95,309.5,539,34064,0.1454
2025-09-02 09:40:00,24400,PE,954.07,937.85,932.06,935.1,253,34272,0.147
2025-09-02 09:40:00,24450,CE,345.94,351.96,345.03,347.32,235,34695,0.1478
2025-09-02 09:40:00,24450,PE,959.66,976.0,955.09,973.47,457,30434,0.1468
2025-09-02 09:40:00,24500,CE,358.95,363.66,349.88,359.08,300,32945,0.143
2025-09-02 09:40:00,24500,PE,974.48,997.37,972.34,975.01,393,29862,0.1457
2025-09-02 09:40:00,24550,CE,341.13,340.98,333.52,334.36,350,30881,0.1459
2025-09-02 09:40:00,24550,PE,1040.93,1063.25,1038.27,1049.21,385,28149,0.1456
2025-09-02 09:40:00,24600,CE,348.11,348.38,342.55,346.85,197,28737,0.1479
2025-09-02 09:40:00,24600,PE,1090.52,1100.53,1077.69,1089.52,248,26957,0.1406
2025-09-02 09:40:00,24650,CE,332.03,331.73,325.0,329.97,227,23404,0.1429
2025-09-02 09:40:00,24650,PE,1182.17,1192.81,1149.83,1167.01,370,23656,0.1453
2025-09-02 09:40:00,24700,CE,338.92,340.61,336.58,339.03,24,29347,0.1442
2025-09-02 09:40:00,24700,PE,1216.38,1217.86,1196.75,1217.34,28,26697,0.1461
2025-09-02 09:40:00,24750,CE,343.77,345.6,338.0,341.36,297,23404,0.1432
2025-09-02 09:40:00,24750,PE,1261.13,1274.15,1238.22,1259.57,116,25440,0.1454
2025-09-02 09:40:00,24800,CE,333.74,335.62,328.58,335.55,388,18849,0.1402
2025-09-02 09:40:00,24800,PE,1273.27,1282.02,1254.94,1279.41,387,22308,0.1469
2025-09-02 09:40:00,24850,CE,304.51,309.82,303.94,306.43,115,22835,0.1422
2025-09-02 09:40:00,24850,PE,1398.8,1404.41,1366.1,1383.64,132,24109,0.1478
2025-09-02 09:40:00,24900,CE,344.56,349.2,346.2,346.47,199,23113,0.1436
2025-09-02 09:40:00,24900,PE,1394.86,1432.31,1402.51,1406.32,292,21980,0.1465
2025-09-02 09:45:00,23500,CE,688.65,684.74,671.95,680.38,215,45337,0.144
2025-09-02 09:45:00,23500,PE,305.77,309.15,304.36,306.1,508,41859,0.1449
2025-09-02 09:45:00,23550,CE,653.03,644.46,642.15,643.52,715,44649,0.1455
2025-09-02 09:45:00,23550,PE,320.69,331.77,321.98,324.99,655,47146,0.1467
2025-09-02 09:45:00,23600,CE,591.46,608.68,596.65,596.86,468,47275,0.1445
2025-09-02 09:45:00,23600,PE,318.25,315.27,314.01,315.05,225,51981,0.1496
2025-09-02 09:45:00,23650,CE,544.05,551.16,544.87,545.71,104,54255,0.1483
2025-09-02 09:45:00,23650,PE,355.18,360.56,347.58,353.38,507,57542,0.1466
2025-09-02 09:45:00,23700,CE,461.98,468.61,452.3,456.0,767,60569,0.147
2025-09-02 09:45:00,23700,PE,337.41,342.33,333.98,337.68,503,61046,0.142
2025-09-02 09:45:00,23750,CE,405.99,402.59,397.45,400.8,88,62739,0.1448
2025-09-02 09:45:00,23750,PE,335.67,345.69,336.04,336.46,49,65728,0.1466
2025-09-02 09:45:00,23800,CE,367.35,368.97,365.77,367.55,1380,70664,0.1431
2025-09-02 09:45:00,23800,PE,312.03,309.97,305.51,308.27,1484,71450,0.1437
2025-09-02 09:45:00,23850,CE,342.22,343.29,338.35,340.46,869,83064,0.1449
2025-09-02 09:45:00,23850,PE,358.77,360.01,355.87,357.9,1161,83765,0.1459
2025-09-02 09:45:00,23900,CE,337.98,343.56,337.24,341.16,91,75520,0.1458
2025-09-02 09:45:00,23900,PE,395.35,401.88,395.09,397.31,718,75828,0.145
2025-09-02 09:45:00,23950,CE,356.99,367.62,357.5,358.73,607,66365,0.1439
2025-09-02 09:45:00,23950,PE,416.19,418.07,410.89,411.15,796,66658,0.1429
2025-09-02 09:45:00,24000,CE,300.58,307.13,303.38,304.84,707,59161,0.1422
2025-09-02 09:45:00,24000,PE,473.93,478.47,470.01,473.64,1077,59430,0.1479
2025-09-02 09:45:00,24050,CE,308.22,311.66,304.56,310.95,679,53198,0.1428
2025-09-02 09:45:00,24050,PE,532.66,534.86,517.87,529.07,87,53401,0.1454
2025-09-02 09:45:00,24100,CE,303.29,308.59,303.54,305.49,609,47278,0.1466
2025-09-02 09:45:00,24100,PE,560.78,572.11,564.56,566.28,741,48147,0.1445
2025-09-02 09:45:00,24150,CE,319.2,321.6,316.78,319.72,193,46042,0.1427
2025-09-02 09:45:00,24150,PE,625.69,634.44,625.12,629.8,530,47660,0.1457
2025-09-02 09:45:00,24200,CE,318.42,319.85,312.93,318.19,156,45472,0.1425
2025-09-02 09:45:00,24200,PE,672.65,679.41,666.95,678.06,665,41826,0.1424
2025-09-02 09:45:00,24250,CE,355.56,358.69,351.14,353.43,735,36981,0.1464
2025-09-02 09:45:00,24250,PE,732.05,731.69,721.76,723.36,40,41747,0.1421
2025-09-02 09:45:00,24300,CE,340.29,339.03,335.2,337.54,142,35813,0.148
2025-09-02 09:45:00,24300,PE,782.96,797.38,786.25,790.66,317,35167,0.1482
2025-09-02 09:45:00,24350,CE,317.14,320.26,317.47,319.0,407,36837,0.1454
2025-09-02 09:45:00,24350,PE,826.63,837.81,830.07,831.45,302,33871,0.149
2025-09-02 09:45:00,24400,CE,315.45,317.31,312.56,315.13,279,34472,0.1438
2025-09-02 09:45:00,24400,PE,867.72,891.13,864.1,866.97,16,34003,0.1449
2025-09-02 09:45:00,24450,CE,314.98,314.84,312.43,314.52,388,34335,0.1446
2025-09-02 09:45:00,24450,PE,933.49,936.56,925.97,932.76,281,30033,0.1475
2025-09-02 09:45:00,24500,CE,334.52,334.68,328.94,332.55,75,33227,0.143
2025-09-02 09:45:00,24500,PE,971.25,996.4,965.8,972.47,421,29304,0.1419
2025-09-02 09:45:00,24550,CE,328.4,328.54,324.63,327.23,277,30785,0.1413
2025-09-02 09:45:00,24550,PE,1028.37,1044.03,1031.73,1033.98,193,28385,0.1448
2025-09-02 09:45:00,24600,CE,351.11,354.58,348.39,352.47,312,28304,0.1457
2025-09-02 09:45:00,24600,PE,1067.41,1088.16,1068.21,1072.84,472,26625,0.1424
2025-09-02 09:45:00,24650,CE,321.85,322.19,321.12,321.58,257,22986,0.1444
2025-09-02 09:45:00,24650,PE,1156.37,1160.95,1140.44,1147.28,281,23087,0.1451
2025-09-02 09:45:00,24700,CE,329.77,333.33,327.02,328.87,124,29294,0.1455
2025-09-02 09:45:00,24700,PE,1166.85,1190.01,1180.43,1183.67,50,26693,0.1445
2025-09-02 09:45:00,24750,CE,337.86,340.38,338.81,339.25,249,23938,0.1487
2025-09-02 09:45:00,24750,PE,1241.62,1225.69,1216.29,1225.35,163,25713,0.1479
2025-09-02 09:45:00,24800,CE,311.89,315.93,307.64,309.14,112,19413,0.142
2025-09-02 09:45:00,24800,PE,1294.45,1302.94,1282.17,1290.49,392,22616,0.145
2025-09-02 09:45:00,24850,CE,329.98,327.08,323.85,325.94,88,23409,0.1438
2025-09-02 09:45:00,24850,PE,1335.58,1364.87,1340.3,1344.85,159,23806,0.1456
2025-09-02 09:45:00,24900,CE,323.75,334.77,326.53,327.8,154,22714,0.1418
2025-09-02 09:45:00,24900,PE,1370.65,1389.32,1360.86,1370.5,138,21849,0.1461
2025-09-02 09:50:00,23500,CE,712.67,709.5,695.59,700.69,776,45327,0.1468
2025-09-02 09:50:00,23500,PE,330.52,332.72,327.22,327.31,581,42248,0.1469
2025-09-02 09:50:00,23550,CE,637.55,651.7,630.6,632.64,798,44698,0.143
2025-09-02 09:50:00,23550,PE,337.07,353.35,335.44,338.56,500,47688,0.1498
2025-09-02 09:50:00,23600,CE,599.91,604.45,591.46,594.14,633,47021,0.1453
2025-09-02 09:50:00,23600,PE,354.44,348.73,346.04,348.71,554,52075,0.1477
2025-09-02 09:50:00,23650,CE,545.45,547.0,534.94,542.12,602,54436,0.147
2025-09-02 09:50:00,23650,PE,352.63,356.79,352.81,353.05,448,57129,0.1495
2025-09-02 09:50:00,23700,CE,484.5,476.04,474.14,475.69,424,60911,0.1484
2025-09-02 09:50:00,23700,PE,314.25,325.52,315.89,317.16,1131,61213,0.1452
2025-09-02 09:50:00,23750,CE,430.54,446.85,436.78,436.83,997,62369,0.1466
2025-09-02 09:50:00,23750,PE,342.75,341.62,341.27,341.51,1005,65624,0.1495
2025-09-02 09:50:00,23800,CE,393.16,410.77,389.2,396.92,1035,70832,0.1439
2025-09-02 09:50:00,23800,PE,342.46,340.29,336.01,340.04,1119,71730,0.1484
2025-09-02 09:50:00,23850,CE,337.23,343.91,340.79,341.75,1117,82964,0.1449
2025-09-02 09:50:00,23850,PE,319.29,323.1,318.16,318.33,1400,84031,0.1436
2025-09-02 09:50:00,23900,CE,321.56,329.33,326.31,326.38,242,75232,0.1475
2025-09-02 09:50:00,23900,PE,364.55,364.97,361.83,362.58,447,75594,0.1456
2025-09-02 09:50:00,23950,CE,335.45,341.51,332.48,335.03,972,65779,0.1471
2025-09-02 09:50:00,23950,PE,423.14,429.22,423.24,427.18,374,66643,0.1465
2025-09-02 09:50:00,24000,CE,347.88,346.84,342.43,346.14,231,58787,0.1434
2025-09-02 09:50:00,24000,PE,448.03,446.61,440.17,443.43,531,59552,0.1444
2025-09-02 09:50:00,24050,CE,325.81,335.91,324.08,328.57,372,53756,0.1474
2025-09-02 09:50:00,24050,PE,498.45,504.58,497.07,503.59,461,54000,0.1477
2025-09-02 09:50:00,24100,CE,312.53,312.47,309.51,309.88,554,47127,0.1444
2025-09-02 09:50:00,24100,PE,563.97,575.43,559.44,568.03,124,48427,0.146
2025-09-02 09:50:00,24150,CE,348.59,345.0,342.36,344.89,484,46594,0.147
2025-09-02 09:50:00,24150,PE,620.85,632.96,622.41,627.17,857,47688,0.1449
2025-09-02 09:50:00,24200,CE,326.9,326.15,321.83,325.44,210,45272,0.1465
2025-09-02 09:50:00,24200,PE,629.73,638.16,635.13,635.69,70,41412,0.1392
2025-09-02 09:50:00,24250,CE,349.87,351.05,340.11,345.3,317,36592,0.1431
2025-09-02 09:50:00,24250,PE,700.6,705.06,696.45,701.19,646,42171,0.1474
2025-09-02 09:50:00,24300,CE,330.81,327.93,324.87,325.93,132,35523,0.1434
2025-09-02 09:50:00,24300,PE,779.51,782.79,770.81,777.36,581,34891,0.1455
2025-09-02 09:50:00,24350,CE,338.32,338.63,333.32,337.42,178,37132,0.1447
2025-09-02 09:50:00,24350,PE,823.43,823.53,814.61,821.67,269,34275,0.1458
2025-09-02 09:50:00,24400,CE,333.5,332.96,331.17,332.57,329,34122,0.1476
2025-09-02 09:50:00,24400,PE,862.25,883.98,865.88,871.98,102,34229,0.1446
2025-09-02 09:50:00,24450,CE,337.81,337.79,334.73,337.06,264,34270,0.1483
2025-09-02 09:50:00,24450,PE,929.91,924.19,911.68,918.38,396,29765,0.1457
2025-09-02 09:50:00,24500,CE,326.19,335.5,328.53,330.12,546,33251,0.1437
2025-09-02 09:50:00,24500,PE,968.12,978.84,959.47,966.36,471,29636,0.1464
2025-09-02 09:50:00,24550,CE,352.74,359.51,353.28,354.98,318,30304,0.1461
2025-09-02 09:50:00,24550,PE,1035.63,1044.62,1023.18,1036.36,384,27870,0.1467
2025-09-02 09:50:00,24600,CE,342.69,351.08,341.91,347.37,365,28798,0.1468
2025-09-02 09:50:00,24600,PE,1078.66,1086.78,1070.67,1078.22,266,27181,0.1447
2025-09-02 09:50:00,24650,CE,326.08,323.1,322.4,322.92,297,23020,0.1427
2025-09-02 09:50:00,24650,PE,1108.23,1119.61,1089.36,1104.13,253,22659,0.1431
2025-09-02 09:50:00,24700,CE,321.64,324.79,318.93,322.76,36,28788,0.1438
2025-09-02 09:50:00,24700,PE,1164.13,1176.59,1162.2,1164.3,402,26280,0.1454
2025-09-02 09:50:00,24750,CE,310.55,308.13,305.89,307.07,276,23677,0.1415
2025-09-02 09:50:00,24750,PE,1259.74,1268.82,1246.71,1256.21,168,25933,0.1434
2025-09-02 09:50:00,24800,CE,320.76,326.18,323.56,323.83,359,18945,0.148
2025-09-02 09:50:00,24800,PE,1259.24,1277.9,1274.42,1276.97,219,22180,0.1474
2025-09-02 09:50:00,24850,CE,361.89,370.65,359.86,362.8,84,23664,0.1455
2025-09-02 09:50:00,24850,PE,1304.43,1327.45,1319.69,1322.55,18,23514,0.1448
2025-09-02 09:50:00,24900,CE,332.69,332.28,328.22,331.08,214,22373,0.1431
2025-09-02 09:50:00,24900,PE,1343.25,1382.4,1361.79,1372.25,150,21948,0.1474
2025-09-02 09:55:00,23500,CE,679.7,691.46,676.58,682.45,719,44821,0.1483
2025-09-02 09:55:00,23500,PE,322.22,316.54,314.09,315.22,410,42402,0.143
2025-09-02 09:55:00,23550,CE,631.08,634.91,623.52,624.89,421,44121,0.1449
2025-09-02 09:55:00,23550,PE,332.89,332.58,330.6,331.53,661,47367,0.1456
2025-09-02 09:55:00,23600,CE,611.2,628.94,608.89,618.11,107,46961,0.1487
2025-09-02 09:55:00,23600,PE,311.47,312.46,307.88,310.91,193,52232,0.1425
2025-09-02 09:55:00,23650,CE,514.94,528.81,517.07,517.79,572,54080,0.146
2025-09-02 09:55:00,23650,PE,343.78,341.43,338.11,340.5,963,57584,0.146
2025-09-02 09:55:00,23700,CE,484.59,490.5,485.41,486.46,380,61413,0.1482
2025-09-02 09:55:00,23700,PE,328.61,330.38,325.0,325.43,393,61189,0.1429
2025-09-02 09:55:00,23750,CE,445.86,447.37,439.21,441.79,758,62095,0.1477
2025-09-02 09:55:00,23750,PE,346.8,348.57,344.69,345.76,804,65156,0.1463
2025-09-02 09:55:00,23800,CE,372.59,375.37,372.04,374.32,932,71358,0.1444
2025-09-02 09:55:00,23800,PE,323.85,326.82,325.78,326.71,511,71290,0.1438
2025-09-02 09:55:00,23850,CE,326.86,326.79,324.71,326.45,1053,82722,0.1477
2025-09-02 09:55:00,23850,PE,301.36,306.18,299.89,301.68,1344,83825,0.1443
2025-09-02 09:55:00,23900,CE,330.59,338.08,329.8,330.88,118,74954,0.1434
2025-09-02 09:55:00,23900,PE,398.25,396.51,393.87,394.64,1265,74996,0.145
2025-09-02 09:55:00,23950,CE,355.95,362.16,352.07,354.87,1174,65427,0.1446
2025-09-02 09:55:00,23950,PE,440.57,446.61,445.41,445.55,377,66941,0.1475
2025-09-02 09:55:00,24000,CE,358.45,361.47,355.12,355.87,1091,58433,0.1479
2025-09-02 09:55:00,24000,PE,471.46,480.63,478.45,478.99,1067,59868,0.1445
2025-09-02 09:55:00,24050,CE,332.12,336.65,333.29,336.62,44,53655,0.1444
2025-09-02 09:55:00,24050,PE,551.23,563.92,547.85,556.52,277,53497,0.146
2025-09-02 09:55:00,24100,CE,333.83,334.38,329.05,329.16,876,47519,0.1481
2025-09-02 09:55:00,24100,PE,588.9,599.73,583.17,588.36,829,48589,0.1458
2025-09-02 09:55:00,24150,CE,364.09,367.88,365.17,366.99,634,46728,0.148
2025-09-02 09:55:00,24150,PE,633.21,637.73,630.72,632.75,53,47268,0.1456
2025-09-02 09:55:00,24200,CE,346.24,355.55,338.74,342.92,708,45420,0.1462
2025-09-02 09:55:00,24200,PE,682.47,689.81,670.42,678.29,266,41767,0.145
2025-09-02 09:55:00,24250,CE,315.94,328.72,319.29,320.37,395,37187,0.1435
2025-09-02 09:55:00,24250,PE,725.96,743.51,714.06,725.58,372,42376,0.1423
2025-09-02 09:55:00,24300,CE,315.9,314.12,311.18,313.58,675,35441,0.144
2025-09-02 09:55:00,24300,PE,775.25,781.69,772.42,776.83,638,35273,0.1469
2025-09-02 09:55:00,24350,CE,311.38,314.45,312.8,313.19,33,36592,0.1432
2025-09-02 09:55:00,24350,PE,817.48,817.52,803.07,812.44,68,34178,0.1423
2025-09-02 09:55:00,24400,CE,344.6,351.3,339.01,344.44,491,34400,0.1479
2025-09-02 09:55:00,24400,PE,881.4,898.12,888.05,892.02,448,34060,0.1501
2025-09-02 09:55:00,24450,CE,344.11,345.4,344.72,345.13,34,33740,0.1469
2025-09-02 09:55:00,24450,PE,923.57,926.96,921.83,922.29,86,29298,0.1446
2025-09-02 09:55:00,24500,CE,341.67,344.8,340.46,340.63,510,32851,0.1485
2025-09-02 09:55:00,24500,PE,1010.66,1020.89,988.72,1008.47,178,30033,0.1475
2025-09-02 09:55:00,24550,CE,341.96,339.27,336.18,338.06,112,30568,0.1468
2025-09-02 09:55:00,24550,PE,1043.86,1044.02,1025.18,1034.22,242,28186,0.142
2025-09-02 09:55:00,24600,CE,327.28,327.64,326.43,326.43,151,29289,0.1453
2025-09-02 09:55:00,24600,PE,1112.1,1113.1,1091.75,1103.65,357,26944,0.1474
2025-09-02 09:55:00,24650,CE,331.29,342.79,334.9,335.08,311,23311,0.1452
2025-09-02 09:55:00,24650,PE,1124.47,1136.37,1125.02,1128.93,457,22496,0.1461
2025-09-02 09:55:00,24700,CE,315.55,317.72,314.78,315.17,433,29130,0.1443
2025-09-02 09:55:00,24700,PE,1185.66,1186.39,1144.17,1182.34,198,26515,0.1447
2025-09-02 09:55:00,24750,CE,314.51,313.2,310.52,312.21,242,24264,0.1418
2025-09-02 09:55:00,24750,PE,1258.97,1271.48,1239.24,1244.82,32,26241,0.1442
2025-09-02 09:55:00,24800,CE,323.55,327.94,321.61,322.69,340,18352,0.1448
2025-09-02 09:55:00,24800,PE,1246.38,1267.44,1247.64,1251.18,210,22419,0.1425
2025-09-02 09:55:00,24850,CE,349.62,354.57,344.34,348.93,333,23185,0.1455
2025-09-02 09:55:00,24850,PE,1303.9,1332.11,1325.35,1325.77,113,23569,0.1426
2025-09-02 09:55:00,24900,CE,330.8,335.2,331.6,332.53,244,21961,0.1445
2025-09-02 09:55:00,24900,PE,1378.86,1389.89,1374.97,1382.97,311,21941,0.1478
2025-09-02 10:00:00,23500,CE,720.02,712.67,705.11,710.43,308,45172,0.15
2025-09-02 10:00:00,23500,PE,362.18,365.21,363.84,365.02,391,42148,0.1481
2025-09-02 10:00:00,23550,CE,644.11,644.04,629.2,642.68,361,43704,0.1461
2025-09-02 10:00:00,23550,PE,333.59,327.36,323.72,325.67,686,47144,0.1474
2025-09-02 10:00:00,23600,CE,625.37,629.81,622.19,625.8,318,46569,0.1479
2025-09-02 10:00:00,23600,PE,347.57,351.73,347.5,348.41,338,51852,0.1465
2025-09-02 10:00:00,23650,CE,579.11,580.62,577.02,577.56,59,54316,0.1455
2025-09-02 10:00:00,23650,PE,325.97,334.53,327.1,328.12,375,57829,0.1471
2025-09-02 10:00:00,23700,CE,499.8,514.12,499.64,502.91,253,61447,0.1448
2025-09-02 10:00:00,23700,PE,337.65,351.17,334.56,335.21,239,60891,0.1464
2025-09-02 10:00:00,23750,CE,446.44,445.1,441.2,442.1,1166,62130,0.1458
2025-09-02 10:00:00,23750,PE,324.66,327.32,323.63,325.62,26,65694,0.1468
2025-09-02 10:00:00,23800,CE,418.14,429.18,417.06,423.13,1128,71218,0.1474
2025-09-02 10:00:00,23800,PE,314.96,315.47,309.27,311.27,345,71198,0.1429
2025-09-02 10:00:00,23850,CE,368.19,363.38,357.38,362.27,1231,82715,0.1478
2025-09-02 10:00:00,23850,PE,359.06,361.56,357.86,359.07,297,83439,0.1458
2025-09-02 10:00:00,23900,CE,323.46,322.6,318.74,320.83,1710,74647,0.1456
2025-09-02 10:00:00,23900,PE,340.46,342.61,340.1,341.17,1009,75225,0.1475
2025-09-02 10:00:00,23950,CE,336.17,341.24,334.95,337.52,247,65020,0.149
2025-09-02 10:00:00,23950,PE,386.23,392.0,382.13,383.98,475,67066,0.1463
2025-09-02 10:00:00,24000,CE,353.02,354.6,346.23,350.45,1086,58296,0.1453
2025-09-02 10:00:00,24000,PE,449.14,457.0,452.0,453.88,380,59635,0.1439
2025-09-02 10:00:00,24050,CE,346.96,351.0,338.52,347.42,882,53714,0.1453
2025-09-02 10:00:00,24050,PE,506.15,517.15,501.51,503.51,710,53167,0.1445
2025-09-02 10:00:00,24100,CE,330.11,333.11,327.58,332.84,660,47290,0.1426
2025-09-02 10:00:00,24100,PE,551.39,560.53,543.94,549.54,905,48618,0.1469
2025-09-02 10:00:00,24150,CE,325.04,331.17,324.01,324.64,156,46916,0.146
2025-09-02 10:00:00,24150,PE,615.22,619.17,601.84,608.4,40,47671,0.1431
2025-09-02 10:00:00,24200,CE,327.57,330.86,321.91,326.98,352,45809,0.1463
2025-09-02 10:00:00,24200,PE,629.47,644.21,628.77,632.62,796,41764,0.1437
2025-09-02 10:00:00,24250,CE,322.54,326.72,320.26,321.68,98,36676,0.1432
2025-09-02 10:00:00,24250,PE,697.41,699.22,695.06,698.7,257,42001,0.1448
2025-09-02 10:00:00,24300,CE,324.51,326.82,321.62,324.73,520,34841,0.1412
2025-09-02 10:00:00,24300,PE,734.52,746.9,738.01,738.29,520,34895,0.1468
2025-09-02 10:00:00,24350,CE,322.14,324.16,318.38,320.56,94,36028,0.1408
2025-09-02 10:00:00,24350,PE,806.07,826.08,804.04,808.85,547,34435,0.1413
2025-09-02 10:00:00,24400,CE,333.97,334.12,328.02,333.6,568,34455,0.1469
2025-09-02 10:00:00,24400,PE,832.79,842.28,837.43,841.87,381,33502,0.149
2025-09-02 10:00:00,24450,CE,350.93,349.28,346.29,348.64,22,33881,0.1458
2025-09-02 10:00:00,24450,PE,890.64,906.91,890.59,896.44,309,29674,0.1431
2025-09-02 10:00:00,24500,CE,325.94,329.34,324.57,324.67,313,32285,0.1436
2025-09-02 10:00:00,24500,PE,933.31,948.29,917.9,934.78,365,29585,0.1446
2025-09-02 10:00:00,24550,CE,344.44,350.21,341.49,343.43,472,30533,0.1423
2025-09-02 10:00:00,24550,PE,967.26,998.29,959.9,980.4,240,27636,0.1427
2025-09-02 10:00:00,24600,CE,341.67,351.32,341.37,343.25,159,28714,0.1441
2025-09-02 10:00:00,24600,PE,1034.99,1048.05,1040.92,1042.72,62,27042,0.1407
2025-09-02 10:00:00,24650,CE,340.3,341.12,334.92,340.75,237,23386,0.1485
2025-09-02 10:00:00,24650,PE,1108.05,1111.76,1093.82,1096.39,389,22863,0.1417
2025-09-02 10:00:00,24700,CE,326.48,328.6,325.57,326.85,405,28623,0.1454
2025-09-02 10:00:00,24700,PE,1143.47,1155.46,1132.4,1142.12,41,26991,0.1466
2025-09-02 10:00:00,24750,CE,332.97,334.43,331.19,332.55,382,23686,0.1444
2025-09-02 10:00:00,24750,PE,1180.21,1185.82,1168.48,1179.41,19,26002,0.1418
2025-09-02 10:00:00,24800,CE,334.25,342.88,331.71,333.47,233,17810,0.149
2025-09-02 10:00:00,24800,PE,1255.82,1256.47,1230.75,1239.41,192,22112,0.1476
2025-09-02 10:00:00,24850,CE,298.11,298.52,294.87,297.58,371,23563,0.1415
2025-09-02 10:00:00,24850,PE,1296.14,1298.53,1281.95,1287.22,214,23119,0.1488
2025-09-02 10:00:00,24900,CE,310.76,314.16,308.75,309.04,107,21603,0.1414
2025-09-02 10:00:00,24900,PE,1361.86,1364.74,1338.72,1349.41,333,22074,0.1466
2025-09-02 10:05:00,23500,CE,707.32,697.83,691.56,697.32,273,44597,0.1449
2025-09-02 10:05:00,23500,PE,350.69,358.21,348.45,351.0,643,42270,0.1472
2025-09-02 10:05:00,23550,CE,644.29,651.75,631.66,644.41,211,44177,0.1433
2025-09-02 10:05:00,23550,PE,317.32,315.74,312.93,314.58,635,46627,0.1458
2025-09-02 10:05:00,23600,CE,608.94,603.84,599.29,600.14,21,45976,0.1474
2025-09-02 10:05:00,23600,PE,327.37,334.88,326.9,330.08,257,51739,0.1468
2025-09-02 10:05:00,23650,CE,585.64,590.18,582.91,587.43,933,54734,0.1465
2025-09-02 10:05:00,23650,PE,343.15,344.25,338.8,340.72,1001,58351,0.1453
2025-09-02 10:05:00,23700,CE,522.52,530.06,526.09,528.26,22,61808,0.1472
2025-09-02 10:05:00,23700,PE,317.79,319.56,314.27,316.28,1031,61070,0.1503
2025-09-02 10:05:00,23750,CE,436.95,441.95,434.41,436.31,1210,62041,0.1441
2025-09-02 10:05:00,23750,PE,335.48,338.14,333.1,334.84,994,66040,0.1472
2025-09-02 10:05:00,23800,CE,402.79,397.69,393.19,395.73,344,71526,0.1474
2025-09-02 10:05:00,23800,PE,332.12,334.95,331.28,331.65,695,70818,0.1442
2025-09-02 10:05:00,23850,CE,361.0,366.06,356.69,358.86,205,82973,0.1456
2025-09-02 10:05:00,23850,PE,358.82,361.94,355.8,356.83,1368,83790,0.1447
2025-09-02 10:05:00,23900,CE,315.87,317.79,314.04,316.1,1577,75128,0.1441
2025-09-02 10:05:00,23900,PE,349.14,357.92,347.57,351.04,322,75500,0.1447
2025-09-02 10:05:00,23950,CE,322.19,326.02,321.97,322.88,326,65298,0.1437
2025-09-02 10:05:00,23950,PE,397.88,404.34,400.02,401.84,615,67547,0.1466
2025-09-02 10:05:00,24000,CE,327.76,328.27,319.71,325.76,170,57929,0.1451
2025-09-02 10:05:00,24000,PE,442.28,456.18,438.12,445.89,768,59695,0.1449
2025-09-02 10:05:00,24050,CE,344.72,349.37,346.27,346.33,941,54186,0.144
2025-09-02 10:05:00,24050,PE,474.84,472.58,468.46,471.86,299,53324,0.1459
2025-09-02 10:05:00,24100,CE,317.26,319.59,317.12,317.89,750,47807,0.1409
2025-09-02 10:05:00,24100,PE,545.12,565.37,546.07,551.3,359,48078,0.145
2025-09-02 10:05:00,24150,CE,330.63,334.78,332.96,333.86,324,46572,0.1476
2025-09-02 10:05:00,24150,PE,616.46,627.6,613.34,620.25,56,47336,0.1476
2025-09-02 10:05:00,24200,CE,334.51,342.13,331.34,334.92,170,45303,0.1461
2025-09-02 10:05:00,24200,PE,656.98,655.48,654.96,655.42,635,41911,0.1471
2025-09-02 10:05:00,24250,CE,309.88,313.71,305.36,306.4,127,36557,0.1441
2025-09-02 10:05:00,24250,PE,709.64,710.68,702.26,707.69,639,41691,0.1445
2025-09-02 10:05:00,24300,CE,344.95,343.09,342.44,342.75,175,35114,0.1504
2025-09-02 10:05:00,24300,PE,789.34,807.13,785.06,787.87,288,35106,0.1482
2025-09-02 10:05:00,24350,CE,318.06,318.49,313.89,318.06,136,35475,0.1438
2025-09-02 10:05:00,24350,PE,827.19,844.63,820.13,829.96,359,34362,0.1455
2025-09-02 10:05:00,24400,CE,311.25,313.01,307.13,307.4,525,34719,0.1424
2025-09-02 10:05:00,24400,PE,862.91,872.3,846.25,861.04,215,33026,0.1463
2025-09-02 10:05:00,24450,CE,335.74,341.67,333.54,333.92,320,34234,0.1486
2025-09-02 10:05:00,24450,PE,899.65,903.13,892.68,894.3,182,29813,0.1451
2025-09-02 10:05:00,24500,CE,341.62,346.1,341.3,344.52,26,32546,0.1438
2025-09-02 10:05:00,24500,PE,925.72,942.95,921.26,937.92,462,29285,0.1446
2025-09-02 10:05:00,24550,CE,323.08,327.05,322.54,323.72,352,30830,0.1451
2025-09-02 10:05:00,24550,PE,1004.85,1028.78,1012.01,1020.95,131,27244,0.1466
2025-09-02 10:05:00,24600,CE,342.09,351.99,347.34,348.55,195,29146,0.1488
2025-09-02 10:05:00,24600,PE,1056.4,1076.67,1052.46,1058.38,187,26689,0.1437
2025-09-02 10:05:00,24650,CE,332.25,336.14,328.34,332.76,140,23107,0.1453
2025-09-02 10:05:00,24650,PE,1106.24,1130.5,1087.75,1101.78,255,23068,0.1455
2025-09-02 10:05:00,24700,CE,305.91,307.26,304.39,305.47,129,28423,0.1433
2025-09-02 10:05:00,24700,PE,1153.05,1187.92,1158.8,1159.9,224,26761,0.143
2025-09-02 10:05:00,24750,CE,305.29,307.3,305.72,305.9,199,23161,0.1456
2025-09-02 10:05:00,24750,PE,1197.5,1205.12,1181.02,1194.33,168,26386,0.1408
2025-09-02 10:05:00,24800,CE,364.65,373.86,359.83,361.82,185,17761,0.142
2025-09-02 10:05:00,24800,PE,1282.44,1284.21,1255.01,1262.76,252,21983,0.1437
2025-09-02 10:05:00,24850,CE,339.51,347.34,338.56,339.38,171,23257,0.1466
2025-09-02 10:05:00,24850,PE,1313.95,1338.07,1311.42,1311.51,302,23185,0.1483
2025-09-02 10:05:00,24900,CE,330.52,329.53,325.7,328.41,12,21674,0.1457
2025-09-02 10:05:00,24900,PE,1353.08,1348.58,1332.72,1339.39,141,21476,0.1435
2025-09-02 10:10:00,23500,CE,712.84,713.73,700.66,705.76,393,44099,0.1456
2025-09-02 10:10:00,23500,PE,327.73,333.85,325.77,326.46,157,42405,0.1459
2025-09-02 10:10:00,23550,CE,639.44,657.29,637.79,641.7,431,43917,0.1456
2025-09-02 10:10:00,23550,PE,316.33,326.67,319.12,319.34,718,47207,0.1467
2025-09-02 10:10:00,23600,CE,597.8,616.2,593.89,597.06,97,45674,0.1419
2025-09-02 10:10:00,23600,PE,308.85,313.95,308.94,309.92,18,51321,0.1427
2025-09-02 10:10:00,23650,CE,535.39,556.19,535.04,536.63,370,54187,0.1464
2025-09-02 10:10:00,23650,PE,349.19,356.01,345.67,350.11,910,58574,0.1464
2025-09-02 10:10:00,23700,CE,499.72,504.56,501.45,503.91,107,61556,0.1448
2025-09-02 10:10:00,23700,PE,347.55,349.81,346.45,347.71,790,60798,0.1449
2025-09-02 10:10:00,23750,CE,441.1,445.51,440.83,442.81,597,61573,0.1426
2025-09-02 10:10:00,23750,PE,339.74,350.78,343.03,344.57,1069,65502,0.1469
2025-09-02 10:10:00,23800,CE,393.12,397.01,393.45,394.39,156,71202,0.1448
2025-09-02 10:10:00,23800,PE,324.04,328.2,318.93,322.74,529,70693,0.1458
2025-09-02 10:10:00,23850,CE,335.91,339.63,332.38,334.83,1143,83167,0.1412
2025-09-02 10:10:00,23850,PE,351.36,354.88,351.47,354.87,33,83311,0.1447
2025-09-02 10:10:00,23900,CE,336.19,338.84,332.41,334.27,546,74967,0.1461
2025-09-02 10:10:00,23900,PE,359.47,360.93,358.69,359.29,1289,76090,0.1472
2025-09-02 10:10:00,23950,CE,345.29,345.29,339.3,345.14,375,65515,0.1469
2025-09-02 10:10:00,23950,PE,416.49,417.53,416.05,417.4,408,68146,0.1449
2025-09-02 10:10:00,24000,CE,324.79,332.01,321.94,325.24,784,57424,0.1439
2025-09-02 10:10:00,24000,PE,456.88,458.61,445.95,453.55,135,59580,0.1461
2025-09-02 10:10:00,24050,CE,343.11,345.43,340.46,343.96,502,53862,0.1439
2025-09-02 10:10:00,24050,PE,500.68,507.67,503.38,503.62,105,53853,0.1453
2025-09-02 10:10:00,24100,CE,355.77,360.06,349.43,354.22,690,48293,0.147
2025-09-02 10:10:00,24100,PE,533.74,542.07,527.61,532.13,297,48160,0.1467
2025-09-02 10:10:00,24150,CE,323.71,324.66,319.98,322.83,582,46340,0.1451
2025-09-02 10:10:00,24150,PE,588.87,595.26,592.94,594.04,590,47389,0.1438
2025-09-02 10:10:00,24200,CE,339.69,342.43,336.24,339.77,714,45748,0.1445
2025-09-02 10:10:00,24200,PE,659.5,669.18,653.52,657.34,773,41999,0.146
2025-09-02 10:10:00,24250,CE,304.05,304.2,300.05,303.52,54,36875,0.144
2025-09-02 10:10:00,24250,PE,705.31,711.23,693.58,701.12,324,41916,0.1423
2025-09-02 10:10:00,24300,CE,322.63,318.29,313.81,318.18,479,34631,0.146
2025-09-02 10:10:00,24300,PE,756.18,771.05,757.6,763.11,146,35415,0.1432
2025-09-02 10:10:00,24350,CE,345.99,340.71,338.27,340.06,374,35125,0.1448
2025-09-02 10:10:00,24350,PE,814.42,820.42,812.03,817.0,568,34806,0.1458
2025-09-02 10:10:00,24400,CE,357.79,358.53,355.78,356.42,147,34490,0.1448
2025-09-02 10:10:00,24400,PE,840.92,848.35,827.34,837.78,129,33103,0.1432
2025-09-02 10:10:00,24450,CE,339.89,339.07,335.68,337.22,453,33976,0.146
2025-09-02 10:10:00,24450,PE,913.99,914.03,911.13,911.42,20,29223,0.1433
2025-09-02 10:10:00,24500,CE,345.14,349.69,340.49,342.5,152,32882,0.1463
2025-09-02 10:10:00,24500,PE,967.4,968.25,952.13,961.01,206,29542,0.1457
2025-09-02 10:10:00,24550,CE,356.6,362.1,349.9,352.41,477,31338,0.1484
2025-09-02 10:10:00,24550,PE,1014.1,1013.55,1011.41,1012.62,169,27331,0.1441
2025-09-02 10:10:00,24600,CE,338.64,340.82,338.98,339.85,366,28771,0.1437
2025-09-02 10:10:00,24600,PE,1047.4,1058.79,1034.92,1044.75,349,26294,0.1418
2025-09-02 10:10:00,24650,CE,361.79,365.93,360.31,364.56,272,22974,0.1458
2025-09-02 10:10:00,24650,PE,1094.24,1103.67,1095.45,1100.16,186,22864,0.1439
2025-09-02 10:10:00,24700,CE,323.08,326.37,316.21,321.35,225,28312,0.1431
2025-09-02 10:10:00,24700,PE,1153.48,1169.73,1156.08,1162.24,123,26430,0.1461
2025-09-02 10:10:00,24750,CE,300.47,304.7,301.0,302.82,215,23747,0.1449
2025-09-02 10:10:00,24750,PE,1223.05,1233.96,1221.22,1227.87,285,25888,0.1445
2025-09-02 10:10:00,24800,CE,328.23,335.84,327.09,327.25,36,18047,0.1422
2025-09-02 10:10:00,24800,PE,1257.26,1281.71,1254.55,1257.83,230,22064,0.1497
2025-09-02 10:10:00,24850,CE,320.95,323.34,319.73,322.96,152,23323,0.1435
2025-09-02 10:10:00,24850,PE,1329.19,1315.5,1309.45,1314.9,236,23321,0.1432
2025-09-02 10:10:00,24900,CE,360.26,371.45,357.83,362.18,362,22158,0.146
2025-09-02 10:10:00,24900,PE,1363.73,1372.75,1357.74,1362.78,322,21686,0.1456
2025-09-02 10:15:00,23500,CE,668.0,672.19,649.68,656.02,563,43824,0.1473
2025-09-02 10:15:00,23500,PE,350.32,354.07,345.25,349.62,705,42128,0.1472
2025-09-02 10:15:00,23550,CE,638.22,634.65,627.34,634.02,122,44310,0.148
2025-09-02 10:15:00,23550,PE,337.27,343.54,336.2,337.57,375,47180,0.146
2025-09-02 10:15:00,23600,CE,576.58,583.76,569.41,573.61,619,45919,0.1485
2025-09-02 10:15:00,23600,PE,314.92,315.31,311.41,315.15,92,51172,0.1468
2025-09-02 10:15:00,23650,CE,483.05,495.39,479.59,487.77,851,54472,0.1484
2025-09-02 10:15:00,23650,PE,324.86,325.43,320.4,323.7,685,58482,0.1474
2025-09-02 10:15:00,23700,CE,469.66,477.06,470.11,471.84,441,61547,0.1489
2025-09-02 10:15:00,23700,PE,336.21,333.73,332.21,332.61,236,61312,0.1457
2025-09-02 10:15:00,23750,CE,410.82,412.07,408.65,408.68,278,61566,0.1469
2025-09-02 10:15:00,23750,PE,291.9,293.14,287.35,291.65,1047,65171,0.1424
2025-09-02 10:15:00,23800,CE,358.87,360.4,358.77,358.87,1578,71239,0.1488
2025-09-02 10:15:00,23800,PE,331.99,339.23,333.37,334.03,274,70103,0.1438
2025-09-02 10:15:00,23850,CE,339.73,343.1,331.46,338.1,551,82901,0.1458
2025-09-02 10:15:00,23850,PE,328.09,331.03,329.79,329.93,112,83435,0.143
2025-09-02 10:15:00,23900,CE,324.77,328.15,325.71,326.92,766,74452,0.148
2025-09-02 10:15:00,23900,PE,373.56,377.2,374.26,375.58,1214,76036,0.1444
2025-09-02 10:15:00,23950,CE,350.69,363.13,346.11,350.62,758,65633,0.1478
2025-09-02 10:15:00,23950,PE,463.53,454.95,451.53,453.78,1070,67817,0.1451
2025-09-02 10:15:00,24000,CE,331.92,337.2,333.65,333.67,65,57085,0.1463
2025-09-02 10:15:00,24000,PE,489.02,498.98,482.94,488.5,775,59782,0.1459
2025-09-02 10:15:00,24050,CE,325.38,333.02,324.3,326.07,326,54431,0.1421
2025-09-02 10:15:00,24050,PE,559.46,565.01,554.84,556.45,706,53621,0.1477
2025-09-02 10:15:00,24100,CE,355.39,353.11,345.83,352.23,907,47942,0.1446
2025-09-02 10:15:00,24100,PE,583.17,600.77,587.52,588.07,42,48740,0.1448
2025-09-02 10:15:00,24150,CE,332.06,336.21,333.21,333.76,376,46741,0.1463
2025-09-02 10:15:00,24150,PE,655.04,656.38,641.53,653.33,726,47912,0.1449
2025-09-02 10:15:00,24200,CE,333.77,340.91,332.69,334.72,593,45203,0.1441
2025-09-02 10:15:00,24200,PE,687.89,695.98,689.47,692.22,429,42519,0.1437
2025-09-02 10:15:00,24250,CE,313.55,317.62,313.82,316.24,555,37280,0.1464
2025-09-02 10:15:00,24250,PE,775.22,775.59,742.09,758.8,570,41675,0.1465
2025-09-02 10:15:00,24300,CE,320.66,328.42,318.56,320.64,524,34780,0.1458
2025-09-02 10:15:00,24300,PE,785.35,787.62,772.68,783.67,395,35021,0.1437
2025-09-02 10:15:00,24350,CE,334.14,337.3,331.36,335.0,77,35026,0.1455
2025-09-02 10:15:00,24350,PE,844.34,854.45,839.78,839.92,163,34928,0.1465
2025-09-02 10:15:00,24400,CE,320.63,326.01,319.16,319.44,193,34022,0.1455
2025-09-02 10:15:00,24400,PE,890.84,893.21,884.59,888.06,29,33662,0.1467
2025-09-02 10:15:00,24450,CE,351.19,359.61,352.62,354.94,68,34490,0.1455
2025-09-02 10:15:00,24450,PE,951.35,973.79,955.08,956.63,317,29663,0.1439
2025-09-02 10:15:00,24500,CE,346.17,356.48,349.17,351.43,483,32436,0.1462
2025-09-02 10:15:00,24500,PE,1000.64,1001.32,990.58,993.8,291,29744,0.1449
2025-09-02 10:15:00,24550,CE,336.33,340.72,330.6,335.49,320,31806,0.1424
2025-09-02 10:15:00,24550,PE,1039.6,1036.42,1013.2,1022.96,91,26896,0.1445
2025-09-02 10:15:00,24600,CE,350.38,351.12,347.37,349.44,401,28947,0.1449
2025-09-02 10:15:00,24600,PE,1108.62,1111.0,1103.28,1103.88,440,25939,0.1448
2025-09-02 10:15:00,24650,CE,330.66,332.1,328.66,331.06,33,23201,0.1437
2025-09-02 10:15:00,24650,PE,1153.99,1158.23,1140.87,1148.56,348,23041,0.1476
2025-09-02 10:15:00,24700,CE,317.28,320.45,315.62,319.49,27,28757,0.1437
2025-09-02 10:15:00,24700,PE,1187.19,1211.67,1186.5,1188.07,115,26412,0.1425
2025-09-02 10:15:00,24750,CE,321.67,328.44,320.92,322.83,16,24057,0.1421
2025-09-02 10:15:00,24750,PE,1264.76,1279.65,1276.34,1278.65,343,25518,0.1492
2025-09-02 10:15:00,24800,CE,324.67,321.94,320.63,320.82,37,18218,0.1446
2025-09-02 10:15:00,24800,PE,1265.91,1290.96,1261.72,1269.11,226,22516,0.145
2025-09-02 10:15:00,24850,CE,322.33,325.43,313.35,317.78,117,23590,0.1471
2025-09-02 10:15:00,24850,PE,1363.38,1368.12,1341.78,1366.84,328,23775,0.1465
2025-09-02 10:15:00,24900,CE,340.08,356.28,347.82,349.85,37,22313,0.1486
2025-09-02 10:15:00,24900,PE,1351.63,1382.39,1374.27,1378.89,132,21747,0.1466
2025-09-02 10:20:00,23500,CE,624.22,644.7,629.04,629.12,569,44322,0.143
2025-09-02 10:20:00,23500,PE,323.15,330.8,324.49,324.98,402,41916,0.1435
2025-09-02 10:20:00,23550,CE,572.06,589.83,573.09,577.45,188,44608,0.1443
2025-09-02 10:20:00,23550,PE,334.62,342.25,332.23,334.8,322,47411,0.1463
2025-09-02 10:20:00,23600,CE,530.86,538.93,528.38,532.26,282,46296,0.1458
2025-09-02 10:20:00,23600,PE,324.72,325.2,323.15,323.54,681,51169,0.1416
2025-09-02 10:20:00,23650,CE,491.9,506.01,494.93,494.97,1113,54464,0.1456
2025-09-02 10:20:00,23650,PE,330.88,331.83,330.93,331.01,616,57923,0.1489
2025-09-02 10:20:00,23700,CE,452.05,458.76,451.77,453.97,829,62064,0.1466
2025-09-02 10:20:00,23700,PE,327.91,326.87,321.73,324.36,747,61176,0.1452
2025-09-02 10:20:00,23750,CE,420.81,417.32,410.44,415.35,948,61628,0.1435
2025-09-02 10:20:00,23750,PE,325.11,327.69,322.06,323.85,327,64808,0.1443
2025-09-02 10:20:00,23800,CE,350.35,361.56,355.89,355.9,1528,71378,0.1451
2025-09-02 10:20:00,23800,PE,337.58,338.4,329.62,333.6,1511,69918,0.1488
2025-09-02 10:20:00,23850,CE,332.93,337.02,331.11,331.57,1534,83003,0.1457
2025-09-02 10:20:00,23850,PE,352.53,354.89,349.29,352.01,1393,83717,0.1451
2025-09-02 10:20:00,23900,CE,325.7,331.57,322.59,326.89,1284,74583,0.142
2025-09-02 10:20:00,23900,PE,427.94,436.48,427.72,428.07,1070,75472,0.1476
2025-09-02 10:20:00,23950,CE,347.45,346.89,339.22,344.0,660,66000,0.1448
2025-09-02 10:20:00,23950,PE,485.98,487.48,483.05,484.58,997,67890,0.1478
2025-09-02 10:20:00,24000,CE,334.34,339.07,332.06,334.03,1024,56771,0.1493
2025-09-02 10:20:00,24000,PE,528.72,530.67,524.58,529.75,863,59570,0.1443
2025-09-02 10:20:00,24050,CE,332.64,336.12,333.63,334.23,264,54804,0.1444
2025-09-02 10:20:00,24050,PE,579.9,586.6,578.4,581.48,791,54144,0.1454
2025-09-02 10:20:00,24100,CE,326.64,328.93,324.46,326.72,389,48318,0.1441
2025-09-02 10:20:00,24100,PE,613.77,623.34,610.82,614.21,687,49203,0.1427
2025-09-02 10:20:00,24150,CE,344.03,341.18,330.76,340.05,264,46728,0.1442
2025-09-02 10:20:00,24150,PE,652.6,650.39,648.11,650.35,582,47812,0.1467
2025-09-02 10:20:00,24200,CE,311.16,310.86,308.71,308.92,754,45585,0.1461
2025-09-02 10:20:00,24200,PE,744.99,754.05,746.96,748.05,28,42392,0.1479
2025-09-02 10:20:00,24250,CE,345.82,345.04,340.31,343.82,382,37527,0.1456
2025-09-02 10:20:00,24250,PE,780.76,783.75,780.81,781.9,384,41810,0.1439
2025-09-02 10:20:00,24300,CE,328.82,331.72,329.24,331.35,388,34363,0.1468
2025-09-02 10:20:00,24300,PE,809.08,820.35,807.85,810.8,240,34791,0.1473
2025-09-02 10:20:00,24350,CE,317.35,321.19,317.61,317.88,234,34680,0.1463
2025-09-02 10:20:00,24350,PE,864.19,879.31,853.3,869.89,589,34478,0.1443
2025-09-02 10:20:00,24400,CE,349.04,350.63,343.67,348.22,199,33926,0.1494
2025-09-02 10:20:00,24400,PE,936.58,949.33,926.59,934.84,364,33300,0.1459
2025-09-02 10:20:00,24450,CE,332.0,333.24,330.95,332.69,390,33975,0.1469
2025-09-02 10:20:00,24450,PE,979.56,982.93,972.69,977.76,40,29311,0.1454
2025-09-02 10:20:00,24500,CE,356.53,358.56,352.66,353.41,121,32578,0.1459
2025-09-02 10:20:00,24500,PE,1025.93,1042.07,1003.98,1024.62,420,30114,0.1457
2025-09-02 10:20:00,24550,CE,353.25,356.94,349.32,351.78,95,31761,0.147
2025-09-02 10:20:00,24550,PE,1078.93,1067.97,1044.86,1067.08,92,27027,0.1462
2025-09-02 10:20:00,24600,CE,342.14,345.64,338.27,340.8,124,29127,0.1459
2025-09-02 10:20:00,24600,PE,1107.27,1107.86,1097.5,1099.37,366,26120,0.1442
2025-09-02 10:20:00,24650,CE,320.4,328.97,319.72,321.9,10,23785,0.1449
2025-09-02 10:20:00,24650,PE,1164.26,1161.84,1157.84,1160.07,207,23171,0.1416
2025-09-02 10:20:00,24700,CE,332.83,329.73,326.98,327.3,297,28812,0.1444
2025-09-02 10:20:00,24700,PE,1211.75,1230.04,1220.75,1221.27,412,26852,0.1485
2025-09-02 10:20:00,24750,CE,319.17,323.67,319.19,319.59,273,24202,0.1439
2025-09-02 10:20:00,24750,PE,1249.97,1283.01,1245.18,1248.71,148,25467,0.1433
2025-09-02 10:20:00,24800,CE,342.63,344.02,338.87,343.12,8,18508,0.1487
2025-09-02 10:20:00,24800,PE,1305.36,1322.26,1293.05,1307.72,57,22185,0.1447
2025-09-02 10:20:00,24850,CE,341.15,342.61,340.16,342.14,222,23797,0.1479
2025-09-02 10:20:00,24850,PE,1350.11,1348.81,1346.58,1348.39,18,24095,0.1429
2025-09-02 10:20:00,24900,CE,321.37,322.23,316.95,320.72,56,22479,0.1445
2025-09-02 10:20:00,24900,PE,1403.16,1424.22,1406.71,1410.15,287,21372,0.1452
2025-09-02 10:25:00,23500,CE,670.02,680.54,661.46,665.02,344,44340,0.1463
2025-09-02 10:25:00,23500,PE,345.39,355.66,348.7,350.34,469,42287,0.1439
2025-09-02 10:25:00,23550,CE,573.99,582.97,573.15,577.64,877,44491,0.1454
2025-09-02 10:25:00,23550,PE,329.83,331.36,329.06,330.04,552,47924,0.1442
2025-09-02 10:25:00,23600,CE,564.04,564.76,564.11,564.76,618,45753,0.1458
2025-09-02 10:25:00,23600,PE,343.31,347.91,341.01,346.58,324,51367,0.142
2025-09-02 10:25:00,23650,CE,513.02,510.67,504.56,510.09,1108,54143,0.1453
2025-09-02 10:25:00,23650,PE,315.08,317.04,314.21,316.88,256,58101,0.1477
2025-09-02 10:25:00,23700,CE,436.13,442.06,436.16,441.94,164,62603,0.1435
2025-09-02 10:25:00,23700,PE,333.9,341.05,334.08,335.99,1155,61265,0.1452
2025-09-02 10:25:00,23750,CE,375.97,384.04,375.12,379.15,508,61552,0.144
2025-09-02 10:25:00,23750,PE,335.05,333.36,330.3,332.78,813,65238,0.1427
2025-09-02 10:25:00,23800,CE,348.88,353.59,344.87,348.49,1234,71334,0.1445
2025-09-02 10:25:00,23800,PE,351.59,356.22,351.42,354.57,1092,69995,0.1485
2025-09-02 10:25:00,23850,CE,324.83,323.53,320.3,322.3,213,82771,0.1475
2025-09-02 10:25:00,23850,PE,359.54,359.43,349.51,358.6,348,83776,0.145
2025-09-02 10:25:00,23900,CE,315.84,316.43,311.57,313.17,1343,74841,0.143
2025-09-02 10:25:00,23900,PE,435.16,444.61,433.26,436.05,923,75483,0.1468
2025-09-02 10:25:00,23950,CE,324.09,324.14,320.5,322.66,443,65653,0.1457
2025-09-02 10:25:00,23950,PE,455.86,457.4,445.26,451.27,1105,67313,0.1455
2025-09-02 10:25:00,24000,CE,348.5,355.79,342.72,347.71,988,56432,0.1463
2025-09-02 10:25:00,24000,PE,507.28,512.02,504.97,509.39,873,59990,0.1452
2025-09-02 10:25:00,24050,CE,298.29,298.31,294.0,296.87,898,55355,0.1473
2025-09-02 10:25:00,24050,PE,576.78,581.22,575.08,576.71,499,54218,0.1471
2025-09-02 10:25:00,24100,CE,327.15,328.03,323.33,325.27,42,48712,0.1452
2025-09-02 10:25:00,24100,PE,607.89,606.04,602.4,604.34,523,48659,0.1435
2025-09-02 10:25:00,24150,CE,338.07,340.37,339.83,339.97,292,47152,0.1431
2025-09-02 10:25:00,24150,PE,659.31,663.63,659.56,661.74,322,47556,0.1444
2025-09-02 10:25:00,24200,CE,331.17,340.78,328.87,331.37,214,45195,0.1437
2025-09-02 10:25:00,24200,PE,734.36,727.49,712.16,718.65,414,42124,0.1454
2025-09-02 10:25:00,24250,CE,330.46,335.9,328.1,329.96,414,37524,0.1449
2025-09-02 10:25:00,24250,PE,747.52,760.25,733.99,747.5,462,41915,0.14
2025-09-02 10:25:00,24300,CE,345.86,345.58,341.96,345.47,48,33771,0.1483
2025-09-02 10:25:00,24300,PE,820.76,825.43,823.74,824.59,206,34602,0.1435
2025-09-02 10:25:00,24350,CE,320.02,326.17,321.31,325.22,283,34925,0.1481
2025-09-02 10:25:00,24350,PE,879.28,884.32,866.76,866.94,599,34778,0.1424
2025-09-02 10:25:00,24400,CE,333.48,334.29,326.21,332.09,218,33607,0.1439
2025-09-02 10:25:00,24400,PE,932.08,938.88,924.47,931.94,212,32995,0.1484
2025-09-02 10:25:00,24450,CE,328.91,329.44,321.07,323.61,311,34190,0.1466
2025-09-02 10:25:00,24450,PE,978.56,987.51,968.98,973.91,150,29442,0.1438
2025-09-02 10:25:00,24500,CE,322.89,324.82,317.5,323.53,197,32574,0.1497
2025-09-02 10:25:00,24500,PE,1046.57,1030.11,1012.24,1025.29,130,30169,0.1449
2025-09-02 10:25:00,24550,CE,325.44,331.96,325.87,326.93,52,31760,0.143
2025-09-02 10:25:00,24550,PE,1060.99,1071.05,1050.69,1064.64,225,26915,0.144
2025-09-02 10:25:00,24600,CE,322.15,322.01,320.8,321.18,425,29472,0.1489
2025-09-02 10:25:00,24600,PE,1110.45,1117.63,1105.67,1115.75,273,26586,0.1453
2025-09-02 10:25:00,24650,CE,300.23,306.46,302.2,302.62,298,23952,0.1406
2025-09-02 10:25:00,24650,PE,1168.11,1163.84,1146.79,1155.44,220,22894,0.144
2025-09-02 10:25:00,24700,CE,321.31,321.44,316.66,320.31,133,29381,0.1413
2025-09-02 10:25:00,24700,PE,1243.93,1236.47,1229.89,1231.52,294,26357,0.1463
2025-09-02 10:25:00,24750,CE,346.02,343.93,333.5,343.51,102,24744,0.1432
2025-09-02 10:25:00,24750,PE,1251.53,1254.32,1245.81,1249.2,91,25534,0.1441
2025-09-02 10:25:00,24800,CE,346.38,346.19,340.8,343.35,144,18760,0.1429
2025-09-02 10:25:00,24800,PE,1304.91,1325.54,1301.08,1305.99,342,22093,0.146
2025-09-02 10:25:00,24850,CE,334.34,338.27,330.97,332.02,10,23625,0.1442
2025-09-02 10:25:00,24850,PE,1383.81,1404.05,1371.73,1377.7,14,23762,0.1444
2025-09-02 10:25:00,24900,CE,350.54,351.06,342.1,348.53,145,22013,0.1465
2025-09-02 10:25:00,24900,PE,1408.58,1407.94,1389.07,1403.79,18,21147,0.1427
2025-09-02 10:30:00,23500,CE,636.0,653.08,647.56,650.58,34,44045,0.146
2025-09-02 10:30:00,23500,PE,318.85,325.4,317.63,319.06,106,42327,0.1457
2025-09-02 10:30:00,23550,CE,629.33,639.52,625.81,629.86,707,44919,0.1479
2025-09-02 10:30:00,23550,PE,328.85,324.89,321.13,323.42,552,47424,0.1436
2025-09-02 10:30:00,23600,CE,563.32,566.67,560.36,561.55,85,46049,0.1437
2025-09-02 10:30:00,23600,PE,328.31,329.3,321.63,325.83,726,51088,0.1459
2025-09-02 10:30:00,23650,CE,505.23,509.14,498.42,506.99,1061,54312,0.142
2025-09-02 10:30:00,23650,PE,358.71,361.53,355.21,358.12,478,58253,0.1468
2025-09-02 10:30:00,23700,CE,454.33,461.33,448.08,452.3,41,62888,0.1422
2025-09-02 10:30:00,23700,PE,317.71,319.96,316.65,318.68,279,60683,0.1453
2025-09-02 10:30:00,23750,CE,408.86,410.96,405.57,409.88,859,60953,0.1446
2025-09-02 10:30:00,23750,PE,331.65,336.45,331.55,334.56,57,64840,0.147
2025-09-02 10:30:00,23800,CE,386.55,391.88,384.48,388.35,1505,71910,0.1453
2025-09-02 10:30:00,23800,PE,322.33,321.19,314.16,318.51,677,69805,0.1468
2025-09-02 10:30:00,23850,CE,317.08,321.27,315.58,317.19,756,82921,0.1446
2025-09-02 10:30:00,23850,PE,345.8,346.82,345.7,346.16,1009,83545,0.1463
2025-09-02 10:30:00,23900,CE,326.03,325.49,322.1,324.3,390,74826,0.1451
2025-09-02 10:30:00,23900,PE,414.53,409.86,403.57,409.5,441,75408,0.1471
2025-09-02 10:30:00,23950,CE,328.36,331.96,328.82,329.13,57,65278,0.1451
2025-09-02 10:30:00,23950,PE,422.74,425.76,419.77,425.64,1248,67142,0.1463
2025-09-02 10:30:00,24000,CE,327.87,336.39,320.88,323.18,505,56060,0.1439
2025-09-02 10:30:00,24000,PE,475.07,491.69,469.41,480.24,998,59725,0.1444
2025-09-02 10:30:00,24050,CE,340.85,348.41,341.3,341.91,312,55255,0.1449
2025-09-02 10:30:00,24050,PE,534.52,548.45,542.11,545.87,830,54572,0.1472
2025-09-02 10:30:00,24100,CE,338.81,342.48,333.22,337.08,182,48347,0.1452
2025-09-02 10:30:00,24100,PE,587.73,594.41,579.77,583.9,248,48293,0.1425
2025-09-02 10:30:00,24150,CE,337.08,330.85,328.15,330.2,432,46848,0.146
2025-09-02 10:30:00,24150,PE,630.11,616.95,610.94,614.73,74,47903,0.1462
2025-09-02 10:30:00,24200,CE,322.21,330.58,326.45,327.09,276,44891,0.1441
2025-09-02 10:30:00,24200,PE,674.53,688.99,677.65,681.87,123,42507,0.1463
2025-09-02 10:30:00,24250,CE,333.74,345.0,335.47,336.34,441,37311,0.1446
2025-09-02 10:30:00,24250,PE,742.79,743.91,723.92,737.7,603,41678,0.1448
2025-09-02 10:30:00,24300,CE,344.11,348.86,341.95,344.47,177,33624,0.146
2025-09-02 10:30:00,24300,PE,773.78,777.67,768.17,774.59,37,34539,0.1459
2025-09-02 10:30:00,24350,CE,317.08,322.69,315.6,315.81,478,34828,0.1442
2025-09-02 10:30:00,24350,PE,859.67,860.97,842.94,847.43,372,34651,0.1455
2025-09-02 10:30:00,24400,CE,351.62,348.89,343.32,348.76,492,34204,0.1458
2025-09-02 10:30:00,24400,PE,885.27,899.92,881.65,882.45,328,33226,0.1442
2025-09-02 10:30:00,24450,CE,324.99,324.81,321.87,323.42,346,34647,0.1434
2025-09-02 10:30:00,24450,PE,976.69,974.04,956.75,961.88,510,29914,0.1473
2025-09-02 10:30:00,24500,CE,338.93,333.94,328.59,333.0,45,32486,0.147
2025-09-02 10:30:00,24500,PE,940.82,966.55,961.03,961.2,271,30499,0.1433
2025-09-02 10:30:00,24550,CE,327.37,326.16,325.63,325.88,289,31724,0.1457
2025-09-02 10:30:00,24550,PE,1033.02,1044.99,1022.08,1041.1,273,27028,0.1454
2025-09-02 10:30:00,24600,CE,323.22,333.1,327.82,329.7,293,29753,0.1464
2025-09-02 10:30:00,24600,PE,1085.84,1106.17,1087.42,1092.55,197,26684,0.1459
2025-09-02 10:30:00,24650,CE,346.37,350.88,337.16,343.6,62,23960,0.1455
2025-09-02 10:30:00,24650,PE,1125.85,1151.11,1136.92,1141.1,176,22308,0.1435
2025-09-02 10:30:00,24700,CE,323.48,328.25,317.25,323.07,96,29944,0.1444
2025-09-02 10:30:00,24700,PE,1182.95,1187.29,1172.02,1182.24,244,25802,0.1444
2025-09-02 10:30:00,24750,CE,316.5,319.31,318.55,319.13,373,24288,0.1479
2025-09-02 10:30:00,24750,PE,1233.46,1242.96,1209.65,1231.48,265,24984,0.1455
2025-09-02 10:30:00,24800,CE,335.74,333.8,327.25,331.93,338,18911,0.143
2025-09-02 10:30:00,24800,PE,1305.41,1308.36,1304.21,1306.65,346,21856,0.1457
2025-09-02 10:30:00,24850,CE,338.53,344.42,339.33,340.19,347,24097,0.1446
2025-09-02 10:30:00,24850,PE,1321.05,1322.58,1313.76,1320.34,188,23873,0.1443
2025-09-02 10:30:00,24900,CE,315.11,315.01,309.63,314.9,144,22350,0.143
2025-09-02 10:30:00,24900,PE,1349.75,1382.06,1363.34,1365.55,241,20721,0.1449
2025-09-02 10:35:00,23500,CE,713.56,725.42,715.73,718.74,321,43937,0.1465
2025-09-02 10:35:00,23500,PE,332.62,337.01,330.82,333.31,340,42476,0.148
2025-09-02 10:35:00,23550,CE,659.23,687.89,655.26,666.68,242,44544,0.1453
2025-09-02 10:35:00,23550,PE,323.72,327.49,318.18,323.64,387,47282,0.145
2025-09-02 10:35:00,23600,CE,597.43,606.39,588.05,595.27,823,46354,0.1443
2025-09-02 10:35:00,23600,PE,327.46,334.56,325.58,327.14,233,51306,0.1473
2025-09-02 10:35:00,23650,CE,562.13,559.87,557.01,557.44,609,54794,0.148
2025-09-02 10:35:00,23650,PE,314.02,316.44,309.48,313.64,746,58322,0.1468
2025-09-02 10:35:00,23700,CE,501.25,497.49,488.99,495.84,289,62536,0.1453
2025-09-02 10:35:00,23700,PE,312.68,315.56,311.19,312.68,425,61137,0.1465
2025-09-02 10:35:00,23750,CE,459.85,457.92,454.94,455.73,1119,61507,0.1453
2025-09-02 10:35:00,23750,PE,334.86,335.29,333.9,334.42,1219,64822,0.1447
2025-09-02 10:35:00,23800,CE,399.87,407.95,401.5,402.15,862,71411,0.1437
2025-09-02 10:35:00,23800,PE,319.71,324.02,319.76,321.57,246,69508,0.1442
2025-09-02 10:35:00,23850,CE,366.6,368.7,362.16,366.48,303,83223,0.1442
2025-09-02 10:35:00,23850,PE,322.28,329.46,316.56,321.21,1400,82945,0.1444
2025-09-02 10:35:00,23900,CE,349.96,358.49,345.2,346.66,1134,74579,0.1468
2025-09-02 10:35:00,23900,PE,367.97,373.38,363.43,368.68,828,75250,0.148
2025-09-02 10:35:00,23950,CE,302.31,305.93,301.32,303.21,234,65624,0.1455
2025-09-02 10:35:00,23950,PE,392.0,396.34,389.77,393.26,451,67066,0.1431
2025-09-02 10:35:00,24000,CE,311.49,314.73,311.43,311.62,740,56090,0.1435
2025-09-02 10:35:00,24000,PE,463.34,467.86,462.65,463.86,245,59930,0.1471
2025-09-02 10:35:00,24050,CE,340.18,339.25,337.77,338.18,191,55596,0.1457
2025-09-02 10:35:00,24050,PE,496.44,501.12,497.37,497.55,721,54377,0.1469
2025-09-02 10:35:00,24100,CE,348.38,345.17,341.39,343.43,361,47953,0.1464
2025-09-02 10:35:00,24100,PE,532.89,536.49,523.65,532.89,449,47911,0.1475
2025-09-02 10:35:00,24150,CE,341.01,344.74,336.15,342.52,465,46440,0.1462
2025-09-02 10:35:00,24150,PE,605.78,613.47,598.01,603.93,804,47440,0.1457
2025-09-02 10:35:00,24200,CE,346.83,344.57,338.3,342.41,599,44820,0.1499
2025-09-02 10:35:00,24200,PE,671.7,676.41,669.29,669.64,290,42126,0.1495
2025-09-02 10:35:00,24250,CE,335.26,334.81,329.51,332.79,491,37650,0.1453
2025-09-02 10:35:00,24250,PE,721.45,732.86,718.25,724.54,499,41078,0.1478
2025-09-02 10:35:00,24300,CE,343.24,346.81,343.74,343.91,593,34168,0.1479
2025-09-02 10:35:00,24300,PE,754.65,762.94,750.18,758.38,505,33954,0.1426
2025-09-02 10:35:00,24350,CE,320.97,326.83,318.73,325.49,340,34618,0.1483
2025-09-02 10:35:00,24350,PE,840.38,829.82,813.25,823.94,436,34955,0.1447
2025-09-02 10:35:00,24400,CE,355.0,353.82,346.38,349.14,553,34650,0.1494
2025-09-02 10:35:00,24400,PE,857.37,858.27,854.5,855.63,600,32730,0.1434
2025-09-02 10:35:00,24450,CE,313.92,324.79,311.98,316.18,77,35008,0.1467
2025-09-02 10:35:00,24450,PE,925.25,930.11,912.3,920.39,422,30215,0.1473
2025-09-02 10:35:00,24500,CE,335.01,337.95,333.92,334.79,136,32437,0.1458
2025-09-02 10:35:00,24500,PE,940.08,970.14,951.81,952.83,358,30651,0.1505
2025-09-02 10:35:00,24550,CE,351.66,350.92,347.3,349.31,451,31564,0.1461
2025-09-02 10:35:00,24550,PE,993.58,999.54,990.11,996.3,439,26802,0.1459
2025-09-02 10:35:00,24600,CE,339.01,341.81,338.66,338.66,380,29192,0.1468
2025-09-02 10:35:00,24600,PE,1071.37,1079.03,1067.57,1069.6,108,26092,0.1437
2025-09-02 10:35:00,24650,CE,311.59,313.25,309.78,312.74,108,23991,0.1444
2025-09-02 10:35:00,24650,PE,1105.78,1119.17,1100.27,1108.37,414,21721,0.142
2025-09-02 10:35:00,24700,CE,309.34,315.17,311.34,312.94,268,29491,0.1441
2025-09-02 10:35:00,24700,PE,1169.96,1173.03,1167.68,1169.21,84,25317,0.1465
2025-09-02 10:35:00,24750,CE,337.68,337.08,331.95,334.5,257,24447,0.1464
2025-09-02 10:35:00,24750,PE,1216.6,1202.65,1187.7,1201.07,124,25186,0.1409
2025-09-02 10:35:00,24800,CE,327.87,326.91,322.64,324.65,170,19216,0.1431
2025-09-02 10:35:00,24800,PE,1243.49,1257.41,1236.58,1251.07,220,22423,0.1444
2025-09-02 10:35:00,24850,CE,311.31,313.86,312.47,313.11,268,24672,0.1439
2025-09-02 10:35:00,24850,PE,1292.52,1297.74,1283.54,1290.4,363,23522,0.1436
2025-09-02 10:35:00,24900,CE,326.49,333.21,327.44,327.64,136,22172,0.1436
2025-09-02 10:35:00,24900,PE,1355.95,1379.09,1332.95,1351.35,236,20794,0.1438
2025-09-02 10:40:00,23500,CE,670.67,675.95,657.8,660.29,391,43390,0.1426
2025-09-02 10:40:00,23500,PE,327.24,335.91,331.29,332.28,372,42106,0.1448
2025-09-02 10:40:00,23550,CE,615.45,619.17,605.19,618.73,844,44968,0.1453
2025-09-02 10:40:00,23550,PE,329.51,342.25,325.5,328.74,173,47171,0.1466
2025-09-02 10:40:00,23600,CE,550.18,559.15,554.37,554.4,625,46335,0.1461
2025-09-02 10:40:00,23600,PE,327.36,328.49,321.33,326.72,179,51589,0.1463
2025-09-02 10:40:00,23650,CE,515.42,519.97,517.46,519.09,981,55164,0.1427
2025-09-02 10:40:00,23650,PE,329.95,330.92,322.15,328.27,394,58759,0.1468
2025-09-02 10:40:00,23700,CE,476.18,476.6,471.48,476.23,1071,63009,0.1474
2025-09-02 10:40:00,23700,PE,317.39,324.71,318.83,323.05,1002,60890,0.1428
2025-09-02 10:40:00,23750,CE,412.13,419.58,405.82,408.51,702,61685,0.1444
2025-09-02 10:40:00,23750,PE,326.15,339.97,327.13,328.39,1125,64355,0.1486
2025-09-02 10:40:00,23800,CE,397.66,395.94,390.61,393.63,131,71973,0.1454
2025-09-02 10:40:00,23800,PE,318.54,321.53,319.06,319.53,1120,69229,0.1437
2025-09-02 10:40:00,23850,CE,334.13,333.08,331.92,331.98,1700,83091,0.1456
2025-09-02 10:40:00,23850,PE,333.21,336.95,330.01,331.84,1089,83461,0.1473
2025-09-02 10:40:00,23900,CE,347.05,344.73,341.59,342.66,1249,74735,0.1436
2025-09-02 10:40:00,23900,PE,399.5,410.84,393.85,395.77,815,74995,0.1436
2025-09-02 10:40:00,23950,CE,350.8,352.3,348.02,349.12,242,65127,0.1435
2025-09-02 10:40:00,23950,PE,444.96,454.31,441.56,443.76,41,67052,0.1427
2025-09-02 10:40:00,24000,CE,354.5,357.6,353.15,354.33,406,56198,0.1452
2025-09-02 10:40:00,24000,PE,502.19,514.17,498.73,502.45,585,60132,0.1448
2025-09-02 10:40:00,24050,CE,344.14,346.89,341.7,344.04,210,55193,0.1444
2025-09-02 10:40:00,24050,PE,547.7,550.96,534.35,541.8,143,54624,0.1436
2025-09-02 10:40:00,24100,CE,335.3,337.29,335.32,337.11,839,47788,0.1453
2025-09-02 10:40:00,24100,PE,594.4,593.73,584.17,593.3,145,48443,0.146
2025-09-02 10:40:00,24150,CE,357.89,366.92,355.11,357.36,204,46624,0.1455
2025-09-02 10:40:00,24150,PE,674.63,666.18,652.98,661.91,745,47941,0.1464
2025-09-02 10:40:00,24200,CE,328.56,334.24,325.38,326.47,184,44256,0.1436
2025-09-02 10:40:00,24200,PE,682.11,696.2,674.72,680.31,334,42610,0.1437
2025-09-02 10:40:00,24250,CE,352.1,356.54,348.09,350.45,347,38103,0.1441
2025-09-02 10:40:00,24250,PE,753.43,755.67,740.75,750.39,603,41090,0.147
2025-09-02 10:40:00,24300,CE,283.91,290.23,285.73,286.19,586,34739,0.1429
2025-09-02 10:40:00,24300,PE,791.33,807.12,782.23,795.05,460,34253,0.1459
2025-09-02 10:40:00,24350,CE,325.63,333.42,327.95,328.63,287,35212,0.1479
2025-09-02 10:40:00,24350,PE,857.12,853.55,842.18,847.24,230,35262,0.1471
2025-09-02 10:40:00,24400,CE,346.9,351.89,347.75,349.19,559,35148,0.1458
2025-09-02 10:40:00,24400,PE,887.93,889.13,861.95,882.83,524,32366,0.1481
2025-09-02 10:40:00,24450,CE,353.09,352.29,349.89,352.24,548,34644,0.1467
2025-09-02 10:40:00,24450,PE,944.31,944.1,931.13,937.83,139,30224,0.1454
2025-09-02 10:40:00,24500,CE,342.27,348.94,341.03,343.05,83,32712,0.1447
2025-09-02 10:40:00,24500,PE,946.42,984.32,961.55,963.12,492,30368,0.143
2025-09-02 10:40:00,24550,CE,354.89,355.35,353.49,353.77,170,31464,0.1475
2025-09-02 10:40:00,24550,PE,1048.13,1056.87,1048.86,1054.04,51,26408,0.1461
2025-09-02 10:40:00,24600,CE,323.0,330.94,323.33,325.39,455,29702,0.1443
2025-09-02 10:40:00,24600,PE,1103.35,1097.74,1077.62,1090.79,244,26385,0.1442
2025-09-02 10:40:00,24650,CE,318.07,317.88,313.86,316.96,29,23437,0.1427
2025-09-02 10:40:00,24650,PE,1135.72,1151.81,1139.45,1139.58,405,21147,0.147
2025-09-02 10:40:00,24700,CE,314.43,329.93,318.16,318.8,311,30083,0.1441
2025-09-02 10:40:00,24700,PE,1153.48,1182.67,1167.3,1171.4,348,25192,0.1431
2025-09-02 10:40:00,24750,CE,318.66,324.18,319.04,320.23,227,24569,0.1393
2025-09-02 10:40:00,24750,PE,1224.02,1254.48,1219.28,1234.03,190,25723,0.1459
2025-09-02 10:40:00,24800,CE,323.09,324.53,314.96,321.65,24,19762,0.1437
2025-09-02 10:40:00,24800,PE,1298.78,1308.35,1277.75,1298.08,346,21938,0.1471
2025-09-02 10:40:00,24850,CE,318.65,324.23,314.39,320.35,222,24834,0.1434
2025-09-02 10:40:00,24850,PE,1341.97,1358.29,1322.94,1338.25,380,24113,0.1449
2025-09-02 10:40:00,24900,CE,339.04,344.05,333.79,338.73,178,21787,0.1497
2025-09-02 10:40:00,24900,PE,1417.52,1422.65,1410.07,1417.09,300,20989,0.146
2025-09-02 10:45:00,23500,CE,694.01,704.98,676.82,690.15,396,43718,0.1426
2025-09-02 10:45:00,23500,PE,359.39,376.15,358.16,361.27,74,41596,0.1459
2025-09-02 10:45:00,23550,CE,660.63,671.8,656.24,662.85,402,44832,0.145
2025-09-02 10:45:00,23550,PE,359.84,362.84,361.14,362.1,140,46817,0.1454
2025-09-02 10:45:00,23600,CE,598.41,604.91,596.32,599.58,443,45803,0.1446
2025-09-02 10:45:00,23600,PE,304.84,309.46,304.76,306.53,641,51108,0.1442
2025-09-02 10:45:00,23650,CE,556.82,556.35,549.78,551.14,661,54974,0.1462
2025-09-02 10:45:00,23650,PE,333.38,339.33,334.94,336.76,168,58854,0.1462
2025-09-02 10:45:00,23700,CE,510.79,509.07,500.04,504.07,695,63553,0.1445
2025-09-02 10:45:00,23700,PE,319.68,325.84,319.92,320.58,486,61412,0.1427
2025-09-02 10:45:00,23750,CE,465.5,468.17,462.16,466.36,593,62131,0.1432
2025-09-02 10:45:00,23750,PE,326.62,329.21,322.95,326.04,359,64680,0.1453
2025-09-02 10:45:00,23800,CE,436.15,438.72,428.88,433.08,324,71421,0.1491
2025-09-02 10:45:00,23800,PE,360.28,361.95,356.52,360.26,201,69115,0.1479
2025-09-02 10:45:00,23850,CE,360.74,361.01,354.87,358.6,234,83426,0.1462
2025-09-02 10:45:00,23850,PE,336.55,329.11,325.6,328.99,168,84021,0.1445
2025-09-02 10:45:00,23900,CE,318.84,324.73,314.61,317.95,605,74689,0.1445
2025-09-02 10:45:00,23900,PE,361.52,361.29,358.65,360.68,1256,75236,0.1475
2025-09-02 10:45:00,23950,CE,341.48,345.12,344.84,345.09,1207,65721,0.143
2025-09-02 10:45:00,23950,PE,421.09,421.91,414.14,418.22,454,67199,0.1453
2025-09-02 10:45:00,24000,CE,349.13,360.99,353.24,354.5,849,56532,0.1473
2025-09-02 10:45:00,24000,PE,465.55,469.27,463.2,463.68,377,60691,0.1432
2025-09-02 10:45:00,24050,CE,311.34,322.95,311.96,313.7,281,55445,0.1428
2025-09-02 10:45:00,24050,PE,510.5,517.42,507.82,511.33,990,54182,0.1436
2025-09-02 10:45:00,24100,CE,318.41,324.6,322.81,323.09,547,48362,0.1456
2025-09-02 10:45:00,24100,PE,575.4,594.84,568.69,573.08,162,48807,0.1448
2025-09-02 10:45:00,24150,CE,338.64,335.75,334.21,335.0,767,46341,0.1463
2025-09-02 10:45:00,24150,PE,613.56,609.29,602.56,604.93,649,48525,0.144
2025-09-02 10:45:00,24200,CE,329.51,332.96,325.31,329.95,332,43751,0.1437
2025-09-02 10:45:00,24200,PE,667.32,662.7,659.59,662.09,227,43137,0.1465
2025-09-02 10:45:00,24250,CE,355.14,351.78,345.74,348.65,711,38512,0.1444
2025-09-02 10:45:00,24250,PE,686.9,710.02,698.91,702.33,453,40819,0.1454
2025-09-02 10:45:00,24300,CE,304.43,305.28,303.44,303.79,446,35171,0.1458
2025-09-02 10:45:00,24300,PE,752.02,762.79,753.51,759.15,590,33725,0.1461
2025-09-02 10:45:00,24350,CE,331.77,339.96,328.91,335.61,478,35754,0.1481
2025-09-02 10:45:00,24350,PE,805.37,825.7,794.87,807.3,93,35387,0.1455
2025-09-02 10:45:00,24400,CE,340.31,339.45,336.58,339.43,393,35173,0.1493
2025-09-02 10:45:00,24400,PE,832.87,831.49,830.75,830.91,473,32955,0.1427
2025-09-02 10:45:00,24450,CE,340.38,348.26,339.4,341.93,386,34075,0.1485
2025-09-02 10:45:00,24450,PE,897.33,919.12,891.76,896.54,309,30238,0.1467
2025-09-02 10:45:00,24500,CE,314.38,316.81,311.03,312.92,157,32994,0.145
2025-09-02 10:45:00,24500,PE,938.03,946.36,934.6,938.08,322,29902,0.1435
2025-09-02 10:45:00,24550,CE,342.15,343.66,338.94,340.64,411,30881,0.147
2025-09-02 10:45:00,24550,PE,1018.84,1048.59,1012.26,1014.84,459,26546,0.1444
2025-09-02 10:45:00,24600,CE,329.87,337.19,331.18,336.42,498,29507,0.1458
2025-09-02 10:45:00,24600,PE,1059.65,1079.25,1056.86,1067.92,118,26363,0.144
2025-09-02 10:45:00,24650,CE,307.47,312.11,305.66,310.99,386,23583,0.1459
2025-09-02 10:45:00,24650,PE,1075.76,1088.72,1086.05,1086.47,216,21010,0.1426
2025-09-02 10:45:00,24700,CE,306.18,304.85,302.52,304.01,360,29740,0.146
2025-09-02 10:45:00,24700,PE,1156.46,1165.94,1128.31,1139.49,22,24878,0.1446
2025-09-02 10:45:00,24750,CE,320.97,329.68,320.83,323.03,96,24193,0.1464
2025-09-02 10:45:00,24750,PE,1217.35,1216.14,1209.0,1209.68,139,25982,0.1451
2025-09-02 10:45:00,24800,CE,347.06,356.64,348.38,350.88,108,19323,0.1454
2025-09-02 10:45:00,24800,PE,1241.29,1244.67,1230.38,1241.27,170,22504,0.1453
2025-09-02 10:45:00,24850,CE,342.78,346.64,338.57,339.77,376,24239,0.1447
2025-09-02 10:45:00,24850,PE,1314.87,1332.04,1283.05,1297.26,11,23877,0.1454
2025-09-02 10:45:00,24900,CE,368.81,369.22,366.53,368.91,61,22150,0.1429
2025-09-02 10:45:00,24900,PE,1358.77,1376.77,1354.14,1363.65,62,20497,0.1449
2025-09-02 10:50:00,23500,CE,738.98,749.95,736.33,743.43,169,43823,0.1431
2025-09-02 10:50:00,23500,PE,320.26,327.52,321.55,322.17,127,41344,0.1434
2025-09-02 10:50:00,23550,CE,690.13,693.58,686.57,690.65,391,45390,0.1469
2025-09-02 10:50:00,23550,PE,326.48,333.36,322.51,330.56,666,46479,0.1425
2025-09-02 10:50:00,23600,CE,659.81,653.95,645.59,653.05,250,45288,0.1456
2025-09-02 10:50:00,23600,PE,317.38,320.3,316.12,320.17,255,51244,0.1435
2025-09-02 10:50:00,23650,CE,601.19,601.75,600.09,600.5,476,54825,0.1438
2025-09-02 10:50:00,23650,PE,315.66,315.76,313.41,313.54,31,59338,0.1449
2025-09-02 10:50:00,23700,CE,567.47,565.01,554.45,560.86,399,64050,0.1448
2025-09-02 10:50:00,23700,PE,338.17,340.85,336.71,339.75,737,61766,0.1444
2025-09-02 10:50:00,23750,CE,511.17,513.29,506.42,511.57,477,61685,0.1434
2025-09-02 10:50:00,23750,PE,325.49,326.99,325.57,326.15,262,64869,0.1427
2025-09-02 10:50:00,23800,CE,447.54,456.79,449.73,451.76,737,70931,0.146
2025-09-02 10:50:00,23800,PE,340.66,343.8,338.29,341.87,1075,68545,0.1492
2025-09-02 10:50:00,23850,CE,409.82,421.49,410.24,412.7,682,83062,0.148
2025-09-02 10:50:00,23850,PE,309.3,306.89,306.13,306.36,265,84014,0.1454
2025-09-02 10:50:00,23900,CE,354.37,358.67,356.28,358.58,561,74630,0.1441
2025-09-02 10:50:00,23900,PE,340.33,348.34,338.89,340.83,1570,75567,0.1468
2025-09-02 10:50:00,23950,CE,320.44,322.22,317.95,319.83,553,65749,0.1433
2025-09-02 10:50:00,23950,PE,366.88,372.35,365.93,366.19,632,66916,0.1479
2025-09-02 10:50:00,24000,CE,317.9,321.4,317.05,317.75,656,56099,0.1433
2025-09-02 10:50:00,24000,PE,424.38,428.91,421.11,424.03,349,60774,0.1463
2025-09-02 10:50:00,24050,CE,315.02,321.73,314.74,317.02,915,55654,0.1469
2025-09-02 10:50:00,24050,PE,463.57,464.76,454.51,460.19,1220,53837,0.1452
2025-09-02 10:50:00,24100,CE,333.18,336.81,334.64,334.77,148,48520,0.1439
2025-09-02 10:50:00,24100,PE,497.34,501.38,497.83,498.97,631,49239,0.1457
2025-09-02 10:50:00,24150,CE,343.76,348.73,343.83,345.92,139,46031,0.1451
2025-09-02 10:50:00,24150,PE,561.0,566.53,559.39,560.38,418,48908,0.1468
2025-09-02 10:50:00,24200,CE,304.76,308.07,306.18,306.24,189,44291,0.1433
2025-09-02 10:50:00,24200,PE,586.46,602.92,591.61,593.51,112,43660,0.1447
2025-09-02 10:50:00,24250,CE,337.33,338.72,332.32,335.09,561,38081,0.1508
2025-09-02 10:50:00,24250,PE,669.11,683.87,668.57,675.55,818,40277,0.1449
2025-09-02 10:50:00,24300,CE,318.58,316.3,312.56,314.62,305,35442,0.1438
2025-09-02 10:50:00,24300,PE,688.0,699.0,692.1,695.77,270,33583,0.1466
2025-09-02 10:50:00,24350,CE,338.12,338.82,335.27,337.81,211,35367,0.1466
2025-09-02 10:50:00,24350,PE,749.91,769.01,759.26,762.32,418,35323,0.1495
2025-09-02 10:50:00,24400,CE,316.95,318.47,313.61,315.26,539,35224,0.1418
2025-09-02 10:50:00,24400,PE,805.21,800.92,781.35,799.38,345,32549,0.1421
2025-09-02 10:50:00,24450,CE,361.57,367.97,359.35,362.71,164,33520,0.1485
2025-09-02 10:50:00,24450,PE,844.41,847.23,842.71,844.01,605,30576,0.1469
2025-09-02 10:50:00,24500,CE,329.37,336.49,331.02,331.1,165,32941,0.1472
2025-09-02 10:50:00,24500,PE,916.31,927.48,915.36,921.03,332,29595,0.1472
2025-09-02 10:50:00,24550,CE,315.2,314.41,308.7,312.92,78,31427,0.1454
2025-09-02 10:50:00,24550,PE,946.98,964.37,938.8,947.94,203,26856,0.1479
2025-09-02 10:50:00,24600,CE,326.6,328.78,320.58,321.75,334,29390,0.1458
2025-09-02 10:50:00,24600,PE,1024.26,1037.06,1002.83,1022.93,325,26090,0.1451
2025-09-02 10:50:00,24650,CE,352.03,354.71,346.54,350.01,131,23858,0.1474
2025-09-02 10:50:00,24650,PE,1059.76,1068.7,1056.85,1060.1,388,21279,0.1461
2025-09-02 10:50:00,24700,CE,318.35,321.97,318.2,319.29,334,30200,0.1489
2025-09-02 10:50:00,24700,PE,1117.18,1113.32,1105.74,1106.44,149,24293,0.1476
2025-09-02 10:50:00,24750,CE,357.95,363.6,354.15,355.55,130,24348,0.142
2025-09-02 10:50:00,24750,PE,1127.23,1164.08,1121.24,1143.59,273,25720,0.1431
2025-09-02 10:50:00,24800,CE,328.37,324.05,320.76,322.14,338,19892,0.1472
2025-09-02 10:50:00,24800,PE,1189.71,1220.87,1199.84,1205.16,59,21933,0.1446
2025-09-02 10:50:00,24850,CE,331.14,331.14,324.92,329.03,290,24223,0.1447
2025-09-02 10:50:00,24850,PE,1266.43,1273.48,1258.44,1258.83,280,24129,0.1452
2025-09-02 10:50:00,24900,CE,346.32,353.73,345.59,349.95,22,22451,0.1442
2025-09-02 10:50:00,24900,PE,1264.08,1309.92,1265.93,1275.21,75,20656,0.1423
2025-09-02 10:55:00,23500,CE,786.21,804.9,774.47,783.64,678,43789,0.1436
2025-09-02 10:55:00,23500,PE,329.64,334.51,325.14,329.92,247,41835,0.144
2025-09-02 10:55:00,23550,CE,721.63,740.65,715.73,721.26,315,45482,0.1468
2025-09-02 10:55:00,23550,PE,340.72,345.87,333.92,339.72,158,46504,0.1493
2025-09-02 10:55:00,23600,CE,672.49,669.34,650.71,667.74,70,45716,0.145
2025-09-02 10:55:00,23600,PE,313.79,320.9,313.85,314.11,491,51175,0.1437
2025-09-02 10:55:00,23650,CE,647.83,643.16,632.18,640.66,652,54954,0.1479
2025-09-02 10:55:00,23650,PE,358.06,360.84,354.42,358.08,371,59132,0.1464
2025-09-02 10:55:00,23700,CE,591.39,601.41,587.72,594.28,79,63704,0.1457
2025-09-02 10:55:00,23700,PE,315.43,317.8,316.86,317.55,391,61718,0.1465
2025-09-02 10:55:00,23750,CE,517.44,521.02,516.46,519.77,1043,61488,0.1465
2025-09-02 10:55:00,23750,PE,337.13,337.77,337.4,337.56,513,64314,0.1458
2025-09-02 10:55:00,23800,CE,485.32,487.03,485.12,486.8,124,70915,0.1505
2025-09-02 10:55:00,23800,PE,304.02,304.51,300.87,301.89,420,68732,0.1456
2025-09-02 10:55:00,23850,CE,419.38,419.54,411.63,417.31,1123,82524,0.149
2025-09-02 10:55:00,23850,PE,328.05,329.74,323.97,329.35,237,84094,0.1482
2025-09-02 10:55:00,23900,CE,394.65,391.76,388.0,390.99,175,74402,0.1473
2025-09-02 10:55:00,23900,PE,339.34,351.72,345.41,345.42,1090,75015,0.1457
2025-09-02 10:55:00,23950,CE,335.01,338.73,332.72,334.42,1119,65265,0.1473
2025-09-02 10:55:00,23950,PE,305.19,310.88,308.11,308.38,1367,67175,0.1482
2025-09-02 10:55:00,24000,CE,334.75,334.67,332.61,334.57,103,56145,0.1459
2025-09-02 10:55:00,24000,PE,356.58,364.04,352.65,355.42,729,61321,0.1428
2025-09-02 10:55:00,24050,CE,360.08,362.71,358.76,360.54,73,55871,0.145
2025-09-02 10:55:00,24050,PE,438.49,442.28,434.45,436.51,727,54392,0.1481
2025-09-02 10:55:00,24100,CE,322.64,322.95,319.38,321.35,861,48262,0.1465
2025-09-02 10:55:00,24100,PE,490.06,491.79,481.74,488.49,143,49337,0.146
2025-09-02 10:55:00,24150,CE,314.72,317.27,313.32,316.91,889,46101,0.1458
2025-09-02 10:55:00,24150,PE,555.9,557.99,546.62,549.47,612,48936,0.148
2025-09-02 10:55:00,24200,CE,320.74,327.21,321.09,323.32,360,44767,0.1464
2025-09-02 10:55:00,24200,PE,579.17,574.9,570.77,574.6,170,43693,0.1405
2025-09-02 10:55:00,24250,CE,339.96,341.55,334.94,338.78,752,37797,0.1443
2025-09-02 10:55:00,24250,PE,632.54,634.15,622.23,628.6,372,40519,0.1425
2025-09-02 10:55:00,24300,CE,323.02,324.71,321.48,323.99,113,35159,0.1449
2025-09-02 10:55:00,24300,PE,665.87,673.58,667.94,668.44,578,33083,0.1451
2025-09-02 10:55:00,24350,CE,324.68,329.48,320.56,326.47,283,35473,0.1436
2025-09-02 10:55:00,24350,PE,701.66,707.32,692.77,698.88,627,34887,0.1435
2025-09-02 10:55:00,24400,CE,313.15,320.95,312.6,313.68,371,35481,0.1437
2025-09-02 10:55:00,24400,PE,803.75,814.37,791.12,810.09,278,32474,0.147
2025-09-02 10:55:00,24450,CE,317.87,321.37,315.42,316.99,300,33959,0.151
2025-09-02 10:55:00,24450,PE,814.2,833.16,816.02,818.52,398,30461,0.1447
2025-09-02 10:55:00,24500,CE,337.12,339.94,336.03,339.03,15,32816,0.1458
2025-09-02 10:55:00,24500,PE,867.3,882.03,880.34,880.76,493,29509,0.1449
2025-09-02 10:55:00,24550,CE,335.35,334.84,332.16,332.57,229,31683,0.1434
2025-09-02 10:55:00,24550,PE,925.04,950.37,920.45,934.64,552,26442,0.1463
2025-09-02 10:55:00,24600,CE,349.73,354.18,348.45,349.73,508,29199,0.1458
2025-09-02 10:55:00,24600,PE,977.18,987.31,958.1,978.69,319,25811,0.1466
2025-09-02 10:55:00,24650,CE,323.14,328.54,323.63,325.25,19,23723,0.145
2025-09-02 10:55:00,24650,PE,1055.77,1050.29,1026.69,1044.05,451,21773,0.1422
2025-09-02 10:55:00,24700,CE,347.69,347.1,342.26,345.89,187,30357,0.1456
2025-09-02 10:55:00,24700,PE,1111.58,1124.79,1114.02,1119.0,376,24296,0.1456
2025-09-02 10:55:00,24750,CE,324.31,327.13,323.69,325.77,377,23902,0.1467
2025-09-02 10:55:00,24750,PE,1114.04,1139.68,1122.81,1123.59,432,25811,0.1469
2025-09-02 10:55:00,24800,CE,345.95,352.83,347.82,349.77,75,20250,0.145
2025-09-02 10:55:00,24800,PE,1185.35,1199.13,1181.13,1191.11,411,21766,0.1444
2025-09-02 10:55:00,24850,CE,350.58,362.57,352.7,354.65,201,24706,0.1453
2025-09-02 10:55:00,24850,PE,1253.57,1260.04,1250.14,1251.23,231,23950,0.1464
2025-09-02 10:55:00,24900,CE,310.63,316.88,310.34,312.34,263,22043,0.1426
2025-09-02 10:55:00,24900,PE,1263.81,1278.48,1267.36,1273.98,143,21049,0.1452
2025-09-02 11:00:00,23500,CE,758.67,762.94,754.98,758.92,78,43867,0.145
2025-09-02 11:00:00,23500,PE,311.98,320.27,312.11,317.18,499,41855,0.1473
2025-09-02 11:00:00,23550,CE,695.83,706.12,694.5,696.1,313,45992,0.1468
2025-09-02 11:00:00,23550,PE,325.42,329.61,325.09,326.19,637,46893,0.1442
2025-09-02 11:00:00,23600,CE,630.79,634.72,621.66,629.66,95,46307,0.1475
2025-09-02 11:00:00,23600,PE,345.72,345.08,340.82,341.77,437,51404,0.1461
2025-09-02 11:00:00,23650,CE,586.67,587.68,582.14,585.6,361,55049,0.148
2025-09-02 11:00:00,23650,PE,328.95,333.76,323.39,325.81,666,59178,0.147
2025-09-02 11:00:00,23700,CE,536.76,539.02,529.55,536.98,593,63531,0.1449
2025-09-02 11:00:00,23700,PE,304.33,308.66,303.6,305.04,1019,61335,0.1468
2025-09-02 11:00:00,23750,CE,497.77,504.74,501.23,504.37,439,61878,0.1435
2025-09-02 11:00:00,23750,PE,310.9,311.45,307.55,307.77,554,63721,0.1439
2025-09-02 11:00:00,23800,CE,440.62,438.34,433.9,436.67,150,71380,0.1467
2025-09-02 11:00:00,23800,PE,314.22,319.35,313.2,316.77,1282,68446,0.1446
2025-09-02 11:00:00,23850,CE,380.81,379.18,376.72,379.06,331,82211,0.1445
2025-09-02 11:00:00,23850,PE,343.12,340.38,337.91,339.74,1360,83502,0.1455
2025-09-02 11:00:00,23900,CE,345.38,352.61,343.08,348.08,194,74233,0.147
2025-09-02 11:00:00,23900,PE,339.99,346.88,331.33,337.5,1707,74521,0.1452
2025-09-02 11:00:00,23950,CE,342.17,344.31,340.33,342.19,538,64886,0.1423
2025-09-02 11:00:00,23950,PE,374.59,379.45,377.33,378.24,532,67400,0.1463
2025-09-02 11:00:00,24000,CE,327.84,327.9,326.93,326.98,288,56043,0.1442
2025-09-02 11:00:00,24000,PE,431.34,434.22,429.27,432.2,237,60734,0.1445
2025-09-02 11:00:00,24050,CE,320.75,321.13,315.07,317.6,606,55651,0.1435
2025-09-02 11:00:00,24050,PE,477.37,479.06,477.7,478.9,892,53799,0.1461
2025-09-02 11:00:00,24100,CE,305.75,308.18,304.23,305.07,69,48760,0.1409
2025-09-02 11:00:00,24100,PE,530.05,539.36,534.87,536.06,470,49769,0.1483
2025-09-02 11:00:00,24150,CE,311.62,317.21,313.88,315.46,116,45924,0.148
2025-09-02 11:00:00,24150,PE,575.18,587.2,570.63,575.97,675,48624,0.1461
2025-09-02 11:00:00,24200,CE,324.21,332.81,320.2,322.21,205,44295,0.1441
2025-09-02 11:00:00,24200,PE,637.75,644.74,633.3,633.49,314,43939,0.148
2025-09-02 11:00:00,24250,CE,322.02,323.63,318.73,320.45,246,37341,0.1461
2025-09-02 11:00:00,24250,PE,652.18,656.76,644.78,654.55,509,40722,0.1449
2025-09-02 11:00:00,24300,CE,337.26,341.49,333.62,337.34,312,34869,0.1426
2025-09-02 11:00:00,24300,PE,726.35,730.22,712.58,719.97,550,33358,0.1457
2025-09-02 11:00:00,24350,CE,331.77,335.54,328.61,329.46,421,35344,0.1464
2025-09-02 11:00:00,24350,PE,750.87,766.2,758.39,759.77,356,34451,0.1474
2025-09-02 11:00:00,24400,CE,345.05,347.89,341.13,346.02,12,35213,0.1421
2025-09-02 11:00:00,24400,PE,828.68,834.82,827.04,828.8,342,32702,0.1456
2025-09-02 11:00:00,24450,CE,339.21,343.77,342.13,342.56,152,34181,0.1442
2025-09-02 11:00:00,24450,PE,853.58,854.5,851.41,853.11,194,30577,0.1441
2025-09-02 11:00:00,24500,CE,324.08,323.61,320.4,322.71,71,32603,0.1466
2025-09-02 11:00:00,24500,PE,942.63,932.13,928.73,928.94,118,29671,0.1441
2025-09-02 11:00:00,24550,CE,345.85,351.3,339.53,343.61,388,31133,0.1443
2025-09-02 11:00:00,24550,PE,967.12,982.02,954.84,967.62,221,26567,0.147
2025-09-02 11:00:00,24600,CE,326.19,328.32,324.94,327.17,383,29536,0.1438
2025-09-02 11:00:00,24600,PE,1014.57,1029.71,1016.72,1021.96,399,25376,0.1418
2025-09-02 11:00:00,24650,CE,336.2,342.23,339.88,341.38,313,24102,0.1416
2025-09-02 11:00:00,24650,PE,1049.7,1063.68,1038.16,1055.3,276,22259,0.1455
2025-09-02 11:00:00,24700,CE,325.5,327.2,324.82,327.14,384,30907,0.1463
2025-09-02 11:00:00,24700,PE,1134.34,1161.42,1122.9,1146.47,444,23732,0.1443
2025-09-02 11:00:00,24750,CE,324.24,327.2,322.31,324.79,181,24376,0.1437
2025-09-02 11:00:00,24750,PE,1205.39,1205.66,1178.93,1184.2,42,25287,0.1471
2025-09-02 11:00:00,24800,CE,347.36,347.18,344.38,347.01,125,20105,0.1436
2025-09-02 11:00:00,24800,PE,1229.84,1248.99,1220.14,1230.75,268,21824,0.146
2025-09-02 11:00:00,24850,CE,330.99,331.41,325.87,327.86,302,24372,0.1451
2025-09-02 11:00:00,24850,PE,1273.72,1276.66,1269.44,1271.55,200,23763,0.1462
2025-09-02 11:00:00,24900,CE,334.79,343.03,333.87,337.2,355,22532,0.1447
2025-09-02 11:00:00,24900,PE,1342.51,1369.08,1349.22,1352.58,325,20659,0.1446
2025-09-02 11:05:00,23500,CE,749.51,764.91,750.0,752.49,75,43913,0.1469
2025-09-02 11:05:00,23500,PE,368.77,373.2,369.32,369.68,499,42247,0.1526
2025-09-02 11:05:00,23550,CE,710.61,723.42,701.15,711.64,602,45681,0.1427
2025-09-02 11:05:00,23550,PE,326.03,325.37,324.78,325.22,267,47415,0.1476
2025-09-02 11:05:00,23600,CE,671.81,676.25,670.21,670.71,580,46883,0.1483
2025-09-02 11:05:00,23600,PE,327.69,336.41,323.71,330.29,188,51123,0.1457
2025-09-02 11:05:00,23650,CE,602.0,602.33,597.37,598.97,586,55016,0.1454
2025-09-02 11:05:00,23650,PE,329.79,335.22,329.57,332.64,867,58591,0.1439
2025-09-02 11:05:00,23700,CE,569.8,573.29,568.55,573.08,612,64083,0.1442
2025-09-02 11:05:00,23700,PE,302.27,306.65,297.79,304.45,525,60899,0.1425
2025-09-02 11:05:00,23750,CE,509.14,509.16,503.13,506.15,82,61791,0.1448
2025-09-02 11:05:00,23750,PE,377.24,379.33,372.27,378.53,825,63928,0.1518
2025-09-02 11:05:00,23800,CE,481.39,489.15,485.65,486.18,143,71560,0.1464
2025-09-02 11:05:00,23800,PE,348.19,344.17,341.39,343.08,1101,68629,0.1478
2025-09-02 11:05:00,23850,CE,395.42,398.76,394.98,398.46,372,81631,0.1453
2025-09-02 11:05:00,23850,PE,340.49,341.13,333.83,339.05,784,83783,0.1431
2025-09-02 11:05:00,23900,CE,366.84,365.06,361.85,362.33,1394,74528,0.1454
2025-09-02 11:05:00,23900,PE,327.28,326.15,319.53,324.1,756,74575,0.1463
2025-09-02 11:05:00,23950,CE,339.87,347.72,336.85,339.17,357,65163,0.1455
2025-09-02 11:05:00,23950,PE,360.14,364.5,359.03,363.17,1138,66800,0.1487
2025-09-02 11:05:00,24000,CE,332.88,334.78,330.97,333.03,463,55642,0.1463
2025-09-02 11:05:00,24000,PE,393.51,397.82,393.31,396.68,1423,60223,0.1445
2025-09-02 11:05:00,24050,CE,342.09,348.54,338.3,340.42,671,55426,0.1469
2025-09-02 11:05:00,24050,PE,424.89,429.96,427.61,427.67,1182,53443,0.1453
2025-09-02 11:05:00,24100,CE,308.26,310.3,308.63,309.16,1071,48383,0.1475
2025-09-02 11:05:00,24100,PE,501.83,506.78,497.34,503.85,64,49672,0.1445
2025-09-02 11:05:00,24150,CE,322.1,322.16,320.84,321.14,513,46072,0.1463
2025-09-02 11:05:00,24150,PE,539.54,548.0,538.11,538.8,540,48676,0.1463
2025-09-02 11:05:00,24200,CE,326.83,341.06,331.27,332.19,294,44699,0.1446
2025-09-02 11:05:00,24200,PE,598.06,596.57,594.35,594.62,510,43811,0.146
2025-09-02 11:05:00,24250,CE,327.61,327.28,322.23,325.06,78,37230,0.1451
2025-09-02 11:05:00,24250,PE,662.17,674.59,655.45,661.44,380,40134,0.1464
2025-09-02 11:05:00,24300,CE,322.63,330.93,320.9,324.49,630,35181,0.1425
2025-09-02 11:05:00,24300,PE,695.13,697.57,685.27,690.44,193,33480,0.1424
2025-09-02 11:05:00,24350,CE,332.53,335.95,334.17,334.35,108,34894,0.1404
2025-09-02 11:05:00,24350,PE,730.51,741.42,719.74,731.92,488,34080,0.144
2025-09-02 11:05:00,24400,CE,328.77,323.18,320.67,322.08,621,34818,0.146
2025-09-02 11:05:00,24400,PE,801.03,799.24,789.83,790.69,441,32591,0.1455
2025-09-02 11:05:00,24450,CE,317.11,317.86,313.94,315.85,57,33626,0.1422
2025-09-02 11:05:00,24450,PE,842.84,837.21,831.25,837.07,96,30911,0.1433
2025-09-02 11:05:00,24500,CE,322.53,322.99,321.1,322.16,588,32384,0.1465
2025-09-02 11:05:00,24500,PE,867.45,889.52,867.3,874.48,166,30173,0.1441
2025-09-02 11:05:00,24550,CE,342.45,342.35,337.82,339.76,233,30858,0.1473
2025-09-02 11:05:00,24550,PE,915.44,922.98,917.91,921.33,314,26406,0.1405
2025-09-02 11:05:00,24600,CE,326.83,329.43,323.94,325.86,165,30041,0.1446
2025-09-02 11:05:00,24600,PE,975.07,989.21,965.48,981.06,390,24978,0.1437
2025-09-02 11:05:00,24650,CE,354.87,351.4,349.14,351.33,301,24516,0.1489
2025-09-02 11:05:00,24650,PE,1044.88,1043.02,1030.37,1040.35,250,21840,0.1458
2025-09-02 11:05:00,24700,CE,323.7,321.56,315.54,318.43,237,30901,0.1458
2025-09-02 11:05:00,24700,PE,1090.74,1100.16,1081.14,1088.83,102,24180,0.1441
2025-09-02 11:05:00,24750,CE,320.95,328.24,323.53,324.01,24,23967,0.1446
2025-09-02 11:05:00,24750,PE,1139.88,1150.75,1126.73,1143.88,55,24731,0.1461
2025-09-02 11:05:00,24800,CE,333.48,336.01,333.36,333.55,131,19792,0.1448
2025-09-02 11:05:00,24800,PE,1218.2,1226.01,1192.41,1199.86,356,21538,0.1477
2025-09-02 11:05:00,24850,CE,334.12,334.22,332.82,334.06,107,24260,0.1439
2025-09-02 11:05:00,24850,PE,1229.53,1238.55,1219.43,1237.0,43,24055,0.1437
2025-09-02 11:05:00,24900,CE,341.86,352.79,338.27,346.09,329,21989,0.1446
2025-09-02 11:05:00,24900,PE,1288.88,1302.61,1267.06,1291.77,258,20745,0.1456
2025-09-02 11:10:00,23500,CE,811.31,810.79,806.33,808.64,645,44183,0.1466
2025-09-02 11:10:00,23500,PE,340.54,348.13,335.92,339.28,599,42615,0.1488
2025-09-02 11:10:00,23550,CE,766.8,762.94,755.76,761.87,436,46240,0.1458
2025-09-02 11:10:00,23550,PE,355.42,356.69,348.32,353.07,438,47805,0.1445
2025-09-02 11:10:00,23600,CE,720.38,724.83,715.6,715.82,346,46406,0.1446
2025-09-02 11:10:00,23600,PE,331.69,334.5,324.02,326.95,508,50733,0.1468
2025-09-02 11:10:00,23650,CE,644.96,668.21,651.01,653.34,426,55280,0.143
2025-09-02 11:10:00,23650,PE,331.25,330.77,329.18,329.2,722,58245,0.1427
2025-09-02 11:10:00,23700,CE,610.78,614.01,610.28,612.44,807,63779,0.1442
2025-09-02 11:10:00,23700,PE,331.47,332.38,331.52,332.18,709,61318,0.1479
2025-09-02 11:10:00,23750,CE,532.07,535.87,526.92,530.45,654,61744,0.1449
2025-09-02 11:10:00,23750,PE,316.82,324.73,320.14,321.32,586,63804,0.1387
2025-09-02 11:10:00,23800,CE,520.93,529.72,522.11,527.56,133,71523,0.1469
2025-09-02 11:10:00,23800,PE,316.86,317.41,313.47,313.78,40,68337,0.1405
2025-09-02 11:10:00,23850,CE,464.32,465.6,457.44,463.62,1221,81136,0.1453
2025-09-02 11:10:00,23850,PE,340.46,343.79,341.51,341.84,88,84355,0.1491
2025-09-02 11:10:00,23900,CE,404.61,406.26,400.88,404.21,1025,74278,0.1496
2025-09-02 11:10:00,23900,PE,343.86,344.2,341.69,343.62,178,74589,0.1457
2025-09-02 11:10:00,23950,CE,357.25,364.96,354.94,355.83,1545,64633,0.1462
2025-09-02 11:10:00,23950,PE,339.47,341.62,331.78,338.04,1632,66379,0.1485
2025-09-02 11:10:00,24000,CE,326.64,335.47,325.47,327.01,1623,55164,0.1439
2025-09-02 11:10:00,24000,PE,362.92,361.08,359.0,360.21,459,59684,0.1479
2025-09-02 11:10:00,24050,CE,337.67,335.06,332.35,334.55,647,55607,0.1453
2025-09-02 11:10:00,24050,PE,427.2,432.47,425.29,428.3,217,52863,0.1492
2025-09-02 11:10:00,24100,CE,328.25,326.51,322.12,323.37,183,48331,0.1453
2025-09-02 11:10:00,24100,PE,440.59,449.02,438.98,439.08,652,49869,0.1455
2025-09-02 11:10:00,24150,CE,336.63,342.63,339.38,339.39,1051,45907,0.1464
2025-09-02 11:10:00,24150,PE,503.06,510.06,503.38,505.19,659,48256,0.1452
2025-09-02 11:10:00,24200,CE,343.04,343.98,342.25,342.96,352,44367,0.1457
2025-09-02 11:10:00,24200,PE,586.32,588.78,573.36,576.5,201,43395,0.1469
2025-09-02 11:10:00,24250,CE,282.15,286.42,282.4,283.76,54,36984,0.1424
2025-09-02 11:10:00,24250,PE,630.68,625.5,620.51,624.07,62,39961,0.1459
2025-09-02 11:10:00,24300,CE,347.19,354.94,346.09,351.13,64,35056,0.1479
2025-09-02 11:10:00,24300,PE,639.8,647.35,639.02,640.62,677,33147,0.1435
2025-09-02 11:10:00,24350,CE,319.47,323.03,320.26,321.51,75,34575,0.1451
2025-09-02 11:10:00,24350,PE,691.42,693.57,677.15,689.07,335,34247,0.1465
2025-09-02 11:10:00,24400,CE,349.47,354.6,343.54,349.64,451,34245,0.1427
2025-09-02 11:10:00,24400,PE,743.05,753.82,746.2,749.93,663,32520,0.1466
2025-09-02 11:10:00,24450,CE,325.96,325.45,323.54,324.37,217,34141,0.1432
2025-09-02 11:10:00,24450,PE,821.76,811.58,803.98,810.71,132,31224,0.1444
2025-09-02 11:10:00,24500,CE,333.39,333.93,328.46,328.98,615,32183,0.1427
2025-09-02 11:10:00,24500,PE,861.06,879.37,843.89,861.96,276,30231,0.1472
2025-09-02 11:10:00,24550,CE,306.09,309.87,306.72,306.75,489,31436,0.1441
2025-09-02 11:10:00,24550,PE,931.79,932.31,930.02,931.38,335,26665,0.1485
2025-09-02 11:10:00,24600,CE,310.18,319.25,309.09,313.3,477,30148,0.1431
2025-09-02 11:10:00,24600,PE,967.88,965.37,947.14,951.05,437,25049,0.1442
2025-09-02 11:10:00,24650,CE,332.62,341.03,330.17,335.46,292,24989,0.1427
2025-09-02 11:10:00,24650,PE,1003.07,1001.78,987.55,997.84,199,21473,0.1431
2025-09-02 11:10:00,24700,CE,321.56,322.85,317.46,321.02,364,30995,0.1447
2025-09-02 11:10:00,24700,PE,1043.47,1051.52,1032.45,1044.44,283,24000,0.1457
2025-09-02 11:10:00,24750,CE,321.17,326.45,321.59,323.93,342,23928,0.1436
2025-09-02 11:10:00,24750,PE,1076.41,1085.84,1080.63,1082.28,314,24178,0.143
2025-09-02 11:10:00,24800,CE,332.9,336.9,333.64,334.17,423,20143,0.1477
2025-09-02 11:10:00,24800,PE,1169.89,1158.77,1124.12,1143.99,229,21159,0.1434
2025-09-02 11:10:00,24850,CE,331.39,340.95,328.73,333.19,427,24335,0.1473
2025-09-02 11:10:00,24850,PE,1215.32,1201.13,1198.59,1199.32,205,24562,0.1454
2025-09-02 11:10:00,24900,CE,339.13,344.83,339.15,340.76,378,21697,0.1465
2025-09-02 11:10:00,24900,PE,1239.0,1270.18,1245.15,1253.5,282,20538,0.1472
2025-09-02 11:15:00,23500,CE,883.64,872.99,866.23,870.41,33,44070,0.1447
2025-09-02 11:15:00,23500,PE,337.33,337.78,333.33,334.8,157,42667,0.145
2025-09-02 11:15:00,23550,CE,809.5,813.66,805.43,811.43,300,45916,0.1441
2025-09-02 11:15:00,23550,PE,327.69,329.38,328.18,329.25,308,48091,0.1453
2025-09-02 11:15:00,23600,CE,750.32,763.89,753.29,761.5,445,46561,0.146
2025-09-02 11:15:00,23600,PE,300.26,301.69,296.94,298.75,100,50244,0.1447
2025-09-02 11:15:00,23650,CE,706.5,716.7,701.78,704.91,490,55291,0.1425
2025-09-02 11:15:00,23650,PE,338.06,344.71,327.25,336.44,486,58076,0.1482
2025-09-02 11:15:00,23700,CE,664.33,668.89,659.82,664.7,101,63599,0.1446
2025-09-02 11:15:00,23700,PE,314.08,322.55,312.57,314.94,539,61897,0.1434
2025-09-02 11:15:00,23750,CE,609.59,613.06,610.1,612.23,522,61630,0.1482
2025-09-02 11:15:00,23750,PE,329.24,330.33,322.22,325.48,338,63232,0.1441
2025-09-02 11:15:00,23800,CE,564.49,565.66,558.39,562.55,208,71348,0.1465
2025-09-02 11:15:00,23800,PE,324.19,328.14,323.93,324.81,616,68456,0.1443
2025-09-02 11:15:00,23850,CE,509.15,521.36,511.14,512.79,378,81169,0.1464
2025-09-02 11:15:00,23850,PE,330.06,333.65,329.63,330.68,267,83847,0.1433
2025-09-02 11:15:00,23900,CE,467.82,471.42,469.14,469.15,376,73879,0.1489
2025-09-02 11:15:00,23900,PE,334.44,337.1,335.71,336.08,673,74912,0.1447
2025-09-02 11:15:00,23950,CE,403.9,414.11,405.36,408.14,258,64041,0.1447
2025-09-02 11:15:00,23950,PE,322.27,330.2,326.05,327.39,100,66055,0.1434
2025-09-02 11:15:00,24000,CE,348.3,349.25,344.2,345.23,295,55740,0.1422
2025-09-02 11:15:00,24000,PE,328.02,328.77,326.05,327.75,412,59870,0.1439
2025-09-02 11:15:00,24050,CE,315.91,317.21,315.81,316.17,1155,55301,0.1461
2025-09-02 11:15:00,24050,PE,372.87,375.37,367.46,368.95,263,52495,0.148
2025-09-02 11:15:00,24100,CE,341.36,348.2,338.91,339.13,1247,48230,0.1446
2025-09-02 11:15:00,24100,PE,392.28,397.32,390.71,391.03,33,50043,0.1441
2025-09-02 11:15:00,24150,CE,323.11,327.08,322.57,325.27,544,45512,0.1448
2025-09-02 11:15:00,24150,PE,439.82,443.27,438.21,439.68,218,48553,0.1436
2025-09-02 11:15:00,24200,CE,344.77,349.11,344.78,345.83,358,43817,0.146
2025-09-02 11:15:00,24200,PE,534.44,535.95,532.24,533.71,849,43027,0.1496
2025-09-02 11:15:00,24250,CE,344.22,347.48,342.58,343.59,990,37092,0.1467
2025-09-02 11:15:00,24250,PE,561.03,564.64,558.1,561.44,553,40208,0.1446
2025-09-02 11:15:00,24300,CE,346.17,350.96,347.41,348.8,211,35262,0.1458
2025-09-02 11:15:00,24300,PE,603.49,612.69,595.64,598.91,172,32861,0.148
2025-09-02 11:15:00,24350,CE,348.11,350.23,345.75,346.96,480,34437,0.1445
2025-09-02 11:15:00,24350,PE,661.13,672.32,658.24,662.18,748,33692,0.1492
2025-09-02 11:15:00,24400,CE,313.52,315.2,311.41,312.68,87,33645,0.1455
2025-09-02 11:15:00,24400,PE,705.56,709.84,696.88,702.8,695,32419,0.1462
2025-09-02 11:15:00,24450,CE,339.65,341.04,338.9,340.46,626,34193,0.146
2025-09-02 11:15:00,24450,PE,733.03,740.76,737.39,737.49,613,31609,0.1406
2025-09-02 11:15:00,24500,CE,305.92,312.38,301.79,304.37,74,32738,0.1402
2025-09-02 11:15:00,24500,PE,800.81,812.71,806.02,806.33,344,30349,0.1456
2025-09-02 11:15:00,24550,CE,296.45,296.02,289.61,295.04,158,31815,0.1436
2025-09-02 11:15:00,24550,PE,877.31,879.52,866.03,870.89,60,26221,0.1447
2025-09-02 11:15:00,24600,CE,328.02,336.15,325.19,325.48,140,30527,0.1421
2025-09-02 11:15:00,24600,PE,927.85,925.97,910.0,914.73,479,24753,0.145
2025-09-02 11:15:00,24650,CE,343.75,345.86,339.58,340.33,307,24880,0.1445
2025-09-02 11:15:00,24650,PE,926.98,948.63,929.44,932.58,307,20898,0.1426
2025-09-02 11:15:00,24700,CE,334.73,341.26,328.6,329.34,232,30956,0.1432
2025-09-02 11:15:00,24700,PE,1015.06,1030.67,1019.17,1019.49,16,24181,0.1445
2025-09-02 11:15:00,24750,CE,317.92,319.59,311.3,314.92,196,23630,0.1447
2025-09-02 11:15:00,24750,PE,1047.61,1061.02,1050.0,1051.21,393,24548,0.1459
2025-09-02 11:15:00,24800,CE,330.94,329.62,326.27,329.59,126,20654,0.145
2025-09-02 11:15:00,24800,PE,1130.58,1171.96,1118.57,1127.82,15,21243,0.1455
2025-09-02 11:15:00,24850,CE,311.96,313.67,309.36,312.21,323,24027,0.146
2025-09-02 11:15:00,24850,PE,1151.81,1140.31,1133.64,1140.18,170,24808,0.1429
2025-09-02 11:15:00,24900,CE,353.68,360.07,349.18,353.43,161,21450,0.1504
2025-09-02 11:15:00,24900,PE,1226.9,1225.92,1219.14,1219.27,283,20133,0.147
2025-09-02 11:20:00,23500,CE,941.55,938.59,934.54,937.8,325,43812,0.1432
2025-09-02 11:20:00,23500,PE,337.56,339.45,333.91,334.94,189,42593,0.1468
2025-09-02 11:20:00,23550,CE,873.61,880.1,860.65,870.51,449,45586,0.1435
2025-09-02 11:20:00,23550,PE,322.0,321.95,318.36,321.24,412,47895,0.1414
2025-09-02 11:20:00,23600,CE,847.84,849.89,840.67,847.17,578,46435,0.1491
2025-09-02 11:20:00,23600,PE,331.29,337.83,334.34,335.01,277,50548,0.143
2025-09-02 11:20:00,23650,CE,777.81,786.73,773.83,779.0,41,55720,0.1467
2025-09-02 11:20:00,23650,PE,350.57,355.35,343.49,346.7,238,58465,0.1467
2025-09-02 11:20:00,23700,CE,727.8,728.09,717.93,722.6,283,63230,0.1469
2025-09-02 11:20:00,23700,PE,354.85,366.26,356.28,358.16,90,62268,0.15
2025-09-02 11:20:00,23750,CE,674.16,675.92,671.29,672.64,32,61798,0.1419
2025-09-02 11:20:00,23750,PE,326.17,323.13,321.4,322.97,492,62917,0.1452
2025-09-02 11:20:00,23800,CE,645.35,653.17,641.62,642.1,666,71199,0.1469
2025-09-02 11:20:00,23800,PE,367.97,370.85,368.75,368.89,700,68270,0.1457
2025-09-02 11:20:00,23850,CE,574.24,586.66,578.37,579.48,752,81091,0.1468
2025-09-02 11:20:00,23850,PE,340.77,343.67,340.77,340.85,449,84260,0.1469
2025-09-02 11:20:00,23900,CE,516.16,516.15,510.33,515.25,120,73772,0.1465
2025-09-02 11:20:00,23900,PE,344.33,346.6,340.29,341.12,63,74377,0.1485
2025-09-02 11:20:00,23950,CE,465.55,479.56,468.26,471.27,179,64325,0.1451
2025-09-02 11:20:00,23950,PE,324.01,325.43,318.19,321.26,936,66399,0.1428
2025-09-02 11:20:00,24000,CE,411.48,411.46,403.23,410.08,1339,55826,0.1431
2025-09-02 11:20:00,24000,PE,354.33,354.24,346.15,353.65,285,59840,0.1505
2025-09-02 11:20:00,24050,CE,375.11,380.09,366.47,373.65,875,55627,0.1463
2025-09-02 11:20:00,24050,PE,321.78,329.79,323.18,324.53,756,51921,0.1462
2025-09-02 11:20:00,24100,CE,333.3,342.23,329.85,333.12,1473,48331,0.143
2025-09-02 11:20:00,24100,PE,359.85,359.45,350.78,354.96,215,50585,0.1517
2025-09-02 11:20:00,24150,CE,349.64,357.53,342.16,347.85,684,45865,0.148
2025-09-02 11:20:00,24150,PE,395.14,401.71,396.08,397.35,1092,48283,0.1453
2025-09-02 11:20:00,24200,CE,350.84,351.42,347.0,348.4,1164,44318,0.145
2025-09-02 11:20:00,24200,PE,426.36,435.5,423.33,427.59,1222,42669,0.1456
2025-09-02 11:20:00,24250,CE,326.32,334.03,326.18,328.47,175,37148,0.145
2025-09-02 11:20:00,24250,PE,505.72,505.79,503.01,503.76,297,40357,0.1465
2025-09-02 11:20:00,24300,CE,327.53,326.74,323.64,325.69,699,34702,0.1472
2025-09-02 11:20:00,24300,PE,517.87,529.26,526.26,526.9,789,32413,0.1443
2025-09-02 11:20:00,24350,CE,322.73,322.73,315.33,320.73,540,34490,0.1494
2025-09-02 11:20:00,24350,PE,577.39,574.42,573.49,573.9,32,33309,0.1443
2025-09-02 11:20:00,24400,CE,324.01,332.12,326.62,328.85,467,33547,0.1465
2025-09-02 11:20:00,24400,PE,654.23,655.44,646.24,652.22,412,32665,0.1475
2025-09-02 11:20:00,24450,CE,345.42,347.37,343.38,345.28,546,34343,0.1431
2025-09-02 11:20:00,24450,PE,677.62,683.5,678.09,683.43,582,32058,0.1413
2025-09-02 11:20:00,24500,CE,313.37,313.9,308.42,311.96,163,33243,0.1422
2025-09-02 11:20:00,24500,PE,754.91,760.21,750.66,751.45,349,30860,0.1465
2025-09-02 11:20:00,24550,CE,342.43,341.23,340.52,341.0,437,31685,0.1425
2025-09-02 11:20:00,24550,PE,774.95,790.58,783.11,788.35,40,25767,0.1414
2025-09-02 11:20:00,24600,CE,360.19,364.73,358.64,361.21,399,30727,0.1454
2025-09-02 11:20:00,24600,PE,861.22,851.55,842.83,846.75,95,25255,0.1458
2025-09-02 11:20:00,24650,CE,333.19,334.13,329.25,331.31,202,25203,0.1451
2025-09-02 11:20:00,24650,PE,885.27,895.08,883.59,888.21,464,21134,0.1469
2025-09-02 11:20:00,24700,CE,326.01,327.89,322.49,326.86,517,31319,0.1473
2025-09-02 11:20:00,24700,PE,956.6,965.02,933.51,951.01,100,24072,0.1464
2025-09-02 11:20:00,24750,CE,340.18,340.65,333.68,335.45,308,23632,0.1461
2025-09-02 11:20:00,24750,PE,1029.17,1031.81,1016.26,1019.4,283,24187,0.1476
2025-09-02 11:20:00,24800,CE,345.7,347.51,340.06,342.8,493,20859,0.1463
2025-09-02 11:20:00,24800,PE,1039.67,1049.4,1033.78,1044.66,409,21060,0.1452
2025-09-02 11:20:00,24850,CE,345.85,350.59,347.68,348.7,323,23747,0.1447
2025-09-02 11:20:00,24850,PE,1049.84,1086.04,1041.5,1057.71,288,24508,0.1434
2025-09-02 11:20:00,24900,CE,319.23,325.23,323.23,324.07,430,21462,0.1457
2025-09-02 11:20:00,24900,PE,1122.41,1130.29,1112.29,1123.78,230,20180,0.1472
2025-09-02 11:25:00,23500,CE,894.17,897.3,892.56,894.24,143,44203,0.1473
2025-09-02 11:25:00,23500,PE,354.15,358.12,350.07,356.04,177,43092,0.1467
2025-09-02 11:25:00,23550,CE,855.79,877.26,851.05,864.35,532,45356,0.1458
2025-09-02 11:25:00,23550,PE,326.37,328.98,323.84,328.45,357,47693,0.1437
2025-09-02 11:25:00,23600,CE,804.24,810.48,802.88,805.75,102,46172,0.1453
2025-09-02 11:25:00,23600,PE,317.86,315.49,314.67,314.68,591,50310,0.145
2025-09-02 11:25:00,23650,CE,752.42,758.37,737.64,738.24,676,55994,0.1456
2025-09-02 11:25:00,23650,PE,321.99,330.58,326.52,327.12,332,58619,0.1463
2025-09-02 11:25:00,23700,CE,706.57,700.27,689.05,694.55,694,62723,0.1501
2025-09-02 11:25:00,23700,PE,331.58,343.57,328.09,334.52,632,62355,0.1448
2025-09-02 11:25:00,23750,CE,648.89,652.99,651.87,652.2,835,62215,0.1464
2025-09-02 11:25:00,23750,PE,360.95,366.48,352.81,360.46,764,62389,0.149
2025-09-02 11:25:00,23800,CE,588.99,593.18,583.55,589.96,431,71685,0.1449
2025-09-02 11:25:00,23800,PE,341.38,340.31,336.36,340.24,263,67978,0.1479
2025-09-02 11:25:00,23850,CE,546.47,545.98,538.54,541.91,691,80884,0.1469
2025-09-02 11:25:00,23850,PE,364.37,367.24,358.54,362.51,611,84139,0.1492
2025-09-02 11:25:00,23900,CE,498.38,496.05,490.79,493.98,527,73342,0.147
2025-09-02 11:25:00,23900,PE,313.13,310.78,309.79,309.81,957,73895,0.1464
2025-09-02 11:25:00,23950,CE,434.8,440.19,434.89,437.25,237,64013,0.1439
2025-09-02 11:25:00,23950,PE,331.36,339.05,330.11,330.9,370,65805,0.1482
2025-09-02 11:25:00,24000,CE,380.74,380.69,380.25,380.43,1426,55918,0.1464
2025-09-02 11:25:00,24000,PE,322.33,319.33,318.95,319.13,739,59401,0.1462
2025-09-02 11:25:00,24050,CE,324.02,330.13,316.76,321.26,1116,55139,0.1419
2025-09-02 11:25:00,24050,PE,342.85,345.91,342.46,343.48,496,51996,0.1452
2025-09-02 11:25:00,24100,CE,352.44,355.22,344.58,354.29,1539,48442,0.147
2025-09-02 11:25:00,24100,PE,392.54,401.78,399.03,399.27,762,50776,0.1452
2025-09-02 11:25:00,24150,CE,333.94,337.09,330.59,334.63,997,45869,0.143
2025-09-02 11:25:00,24150,PE,423.09,432.23,419.43,419.99,474,48744,0.1471
2025-09-02 11:25:00,24200,CE,358.23,360.07,349.4,354.4,377,43867,0.1483
2025-09-02 11:25:00,24200,PE,510.44,509.9,505.08,508.12,362,43012,0.1491
2025-09-02 11:25:00,24250,CE,303.88,307.17,303.63,306.19,97,37041,0.1453
2025-09-02 11:25:00,24250,PE,530.35,533.68,525.03,528.58,60,40841,0.1473
2025-09-02 11:25:00,24300,CE,370.42,373.54,366.63,368.36,329,34383,0.1453
2025-09-02 11:25:00,24300,PE,558.7,562.56,554.92,559.84,672,32950,0.1453
2025-09-02 11:25:00,24350,CE,349.65,353.74,348.47,352.02,60,34930,0.1469
2025-09-02 11:25:00,24350,PE,625.69,634.43,631.99,634.39,353,32916,0.1464
2025-09-02 11:25:00,24400,CE,303.52,311.92,304.42,306.23,71,33468,0.1432
2025-09-02 11:25:00,24400,PE,676.84,678.66,663.82,675.3,205,32356,0.1467
2025-09-02 11:25:00,24450,CE,325.36,327.86,320.1,327.77,149,33913,0.1461
2025-09-02 11:25:00,24450,PE,717.76,736.97,715.21,717.38,589,31923,0.1466
2025-09-02 11:25:00,24500,CE,314.35,317.93,312.01,314.67,559,33285,0.1444
2025-09-02 11:25:00,24500,PE,759.51,777.1,763.68,766.11,65,30741,0.1414
2025-09-02 11:25:00,24550,CE,334.46,335.63,331.07,333.77,66,31483,0.1453
2025-09-02 11:25:00,24550,PE,826.81,846.53,816.61,831.32,537,25560,0.1473
2025-09-02 11:25:00,24600,CE,334.73,341.4,337.11,337.73,152,30320,0.1465
2025-09-02 11:25:00,24600,PE,854.3,861.09,857.03,857.94,89,24922,0.1426
2025-09-02 11:25:00,24650,CE,359.65,355.88,354.18,355.58,523,25238,0.1469
2025-09-02 11:25:00,24650,PE,909.46,921.91,902.82,905.52,452,20724,0.1463
2025-09-02 11:25:00,24700,CE,351.94,351.91,349.84,350.56,334,31714,0.1497
2025-09-02 11:25:00,24700,PE,969.59,979.05,971.27,978.48,424,24355,0.1453
2025-09-02 11:25:00,24750,CE,339.84,338.31,338.22,338.3,389,24218,0.147
2025-09-02 11:25:00,24750,PE,1002.23,1028.48,1002.61,1005.81,204,23967,0.1433
2025-09-02 11:25:00,24800,CE,330.42,330.53,325.24,330.36,53,20477,0.1442
2025-09-02 11:25:00,24800,PE,1068.22,1101.04,1068.15,1074.78,202,20550,0.1459
2025-09-02 11:25:00,24850,CE,322.92,326.35,322.88,323.87,355,23566,0.1435
2025-09-02 11:25:00,24850,PE,1117.04,1135.58,1114.31,1134.5,156,25013,0.1462
2025-09-02 11:25:00,24900,CE,334.08,336.19,331.57,334.04,33,21571,0.1432
2025-09-02 11:25:00,24900,PE,1175.8,1168.19,1148.41,1163.36,270,20730,0.1455
2025-09-02 11:30:00,23500,CE,914.35,913.29,903.88,906.91,244,44699,0.1471
2025-09-02 11:30:00,23500,PE,358.04,364.53,357.0,357.2,397,42947,0.1462
2025-09-02 11:30:00,23550,CE,846.5,846.18,842.91,846.12,332,45281,0.1453
2025-09-02 11:30:00,23550,PE,330.27,339.36,328.53,333.67,377,47452,0.1451
2025-09-02 11:30:00,23600,CE,828.43,825.23,823.85,825.13,225,46462,0.1441
2025-09-02 11:30:00,23600,PE,348.58,350.79,347.62,350.04,648,50393,0.1472
2025-09-02 11:30:00,23650,CE,797.11,791.88,783.6,790.88,240,55470,0.1482
2025-09-02 11:30:00,23650,PE,344.09,346.98,339.69,342.44,664,59121,0.1467
2025-09-02 11:30:00,23700,CE,732.98,736.7,729.77,734.05,167,63065,0.1475
2025-09-02 11:30:00,23700,PE,337.53,346.42,340.16,340.43,518,62874,0.1477
2025-09-02 11:30:00,23750,CE,681.83,698.62,681.29,682.1,421,61914,0.1466
2025-09-02 11:30:00,23750,PE,319.35,322.39,316.66,319.24,290,62692,0.1441
2025-09-02 11:30:00,23800,CE,646.43,640.54,634.75,638.3,192,71845,0.1476
2025-09-02 11:30:00,23800,PE,322.15,329.56,321.99,324.31,744,67525,0.148
2025-09-02 11:30:00,23850,CE,552.33,555.89,553.12,555.26,527,80595,0.1478
2025-09-02 11:30:00,23850,PE,332.06,335.36,330.79,332.16,498,83769,0.144
2025-09-02 11:30:00,23900,CE,538.45,562.9,535.13,536.94,361,72926,0.1459
2025-09-02 11:30:00,23900,PE,339.88,349.02,337.63,341.12,443,74074,0.1473
2025-09-02 11:30:00,23950,CE,453.19,457.34,450.73,452.13,387,64452,0.1468
2025-09-02 11:30:00,23950,PE,334.55,332.95,328.92,330.35,750,66390,0.1483
2025-09-02 11:30:00,24000,CE,428.07,437.63,426.04,431.31,952,55576,0.1486
2025-09-02 11:30:00,24000,PE,329.64,328.04,326.7,327.59,802,59610,0.1456
2025-09-02 11:30:00,24050,CE,371.97,379.68,366.66,371.4,786,54632,0.1462
2025-09-02 11:30:00,24050,PE,333.55,337.93,333.26,334.56,315,51682,0.1441
2025-09-02 11:30:00,24100,CE,334.59,334.22,327.69,332.93,708,48858,0.1448
2025-09-02 11:30:00,24100,PE,346.77,351.93,347.81,350.75,68,51305,0.1444
2025-09-02 11:30:00,24150,CE,325.1,325.94,321.24,323.89,770,46433,0.1427
2025-09-02 11:30:00,24150,PE,396.21,406.1,390.33,393.79,985,48701,0.1443
2025-09-02 11:30:00,24200,CE,317.03,322.65,312.87,317.62,164,44149,0.1452
2025-09-02 11:30:00,24200,PE,467.65,469.4,458.37,463.0,772,42854,0.147
2025-09-02 11:30:00,24250,CE,340.79,344.51,339.7,343.5,914,37282,0.149
2025-09-02 11:30:00,24250,PE,488.76,496.59,489.51,491.85,334,40423,0.1425
2025-09-02 11:30:00,24300,CE,339.51,340.06,337.6,338.95,666,33929,0.145
2025-09-02 11:30:00,24300,PE,560.55,580.64,557.55,562.87,534,33530,0.1452
2025-09-02 11:30:00,24350,CE,347.77,351.55,344.36,346.93,680,34703,0.147
2025-09-02 11:30:00,24350,PE,582.39,587.82,580.77,584.52,876,33392,0.1467
2025-09-02 11:30:00,24400,CE,323.39,326.9,320.53,323.03,417,32895,0.1442
2025-09-02 11:30:00,24400,PE,646.55,661.22,640.72,649.06,745,32753,0.141
2025-09-02 11:30:00,24450,CE,329.25,330.72,325.99,327.9,752,34437,0.1432
2025-09-02 11:30:00,24450,PE,722.32,717.17,708.5,713.36,386,31341,0.1483
2025-09-02 11:30:00,24500,CE,346.0,348.38,344.28,345.77,290,33152,0.1452
2025-09-02 11:30:00,24500,PE,751.69,762.06,751.19,751.65,223,31110,0.145
2025-09-02 11:30:00,24550,CE,303.63,307.68,303.39,305.57,542,30888,0.1414
2025-09-02 11:30:00,24550,PE,791.53,790.76,783.74,785.91,611,25325,0.1457
2025-09-02 11:30:00,24600,CE,351.9,351.21,347.49,350.39,118,30029,0.1451
2025-09-02 11:30:00,24600,PE,857.4,860.62,840.69,853.86,49,24482,0.1435
2025-09-02 11:30:00,24650,CE,323.94,326.88,323.16,325.98,180,24743,0.1409
2025-09-02 11:30:00,24650,PE,894.3,906.99,884.57,905.81,109,20422,0.1445
2025-09-02 11:30:00,24700,CE,330.66,336.43,328.82,334.06,428,31353,0.1492
2025-09-02 11:30:00,24700,PE,930.41,944.32,940.93,943.05,512,24924,0.1471
2025-09-02 11:30:00,24750,CE,312.01,318.39,312.27,316.22,183,23644,0.1422
2025-09-02 11:30:00,24750,PE,996.22,1004.84,980.31,989.47,158,23522,0.1476
2025-09-02 11:30:00,24800,CE,348.85,356.89,342.74,345.92,23,20845,0.1467
2025-09-02 11:30:00,24800,PE,1026.37,1030.4,999.36,1020.4,62,20864,0.1424
2025-09-02 11:30:00,24850,CE,315.36,319.11,313.72,314.87,320,23527,0.1429
2025-09-02 11:30:00,24850,PE,1105.59,1130.95,1101.24,1102.18,157,24875,0.1443
2025-09-02 11:30:00,24900,CE,317.8,320.0,317.17,317.94,146,21386,0.1463
2025-09-02 11:30:00,24900,PE,1178.62,1171.43,1160.81,1166.47,127,21298,0.1457
2025-09-02 11:35:00,23500,CE,956.48,972.27,946.27,962.65,516,45139,0.1514
2025-09-02 11:35:00,23500,PE,344.66,339.94,335.64,338.62,472,42661,0.1482
2025-09-02 11:35:00,23550,CE,898.63,899.33,893.94,894.2,516,45234,0.1427
2025-09-02 11:35:00,23550,PE,319.91,326.06,320.38,323.23,105,47747,0.1468
2025-09-02 11:35:00,23600,CE,865.79,868.08,851.97,863.04,609,46851,0.1495
2025-09-02 11:35:00,23600,PE,332.63,340.82,332.85,335.45,22,49939,0.1457
2025-09-02 11:35:00,23650,CE,781.44,795.83,785.22,786.34,98,56016,0.1442
2025-09-02 11:35:00,23650,PE,363.08,369.18,360.77,362.6,362,59504,0.1498
2025-09-02 11:35:00,23700,CE,720.95,744.37,731.8,733.66,108,63069,0.146
2025-09-02 11:35:00,23700,PE,343.33,348.88,343.68,344.19,277,62874,0.1492
2025-09-02 11:35:00,23750,CE,699.34,706.25,700.03,704.71,526,61922,0.1438
2025-09-02 11:35:00,23750,PE,329.84,333.7,329.28,332.43,68,63070,0.1479
2025-09-02 11:35:00,23800,CE,650.93,655.49,649.51,652.36,769,71900,0.1475
2025-09-02 11:35:00,23800,PE,342.15,345.51,339.9,341.19,165,67900,0.145
2025-09-02 11:35:00,23850,CE,621.36,630.39,617.69,622.78,559,81031,0.1482
2025-09-02 11:35:00,23850,PE,343.13,340.71,337.57,339.39,574,84011,0.1507
2025-09-02 11:35:00,23900,CE,557.84,563.81,557.16,561.24,802,72382,0.1499
2025-09-02 11:35:00,23900,PE,338.88,344.79,338.15,341.14,261,74011,0.1459
2025-09-02 11:35:00,23950,CE,500.35,511.14,504.37,506.19,807,64158,0.1495
2025-09-02 11:35:00,23950,PE,343.7,351.52,340.66,344.54,519,65842,0.1442
2025-09-02 11:35:00,24000,CE,436.82,432.26,425.97,431.6,816,55754,0.1449
2025-09-02 11:35:00,24000,PE,322.29,323.61,316.81,317.49,709,59625,0.1444
2025-09-02 11:35:00,24050,CE,409.17,408.44,405.73,407.03,1464,54105,0.1456
2025-09-02 11:35:00,24050,PE,332.61,338.29,330.17,332.69,1047,51828,0.1424
2025-09-02 11:35:00,24100,CE,358.28,359.69,353.01,358.8,789,48486,0.1457
2025-09-02 11:35:00,24100,PE,332.65,332.87,328.88,330.55,1608,51829,0.1449
2025-09-02 11:35:00,24150,CE,340.79,340.51,335.53,340.32,557,46669,0.145
2025-09-02 11:35:00,24150,PE,363.27,366.38,358.69,361.09,195,48105,0.1469
2025-09-02 11:35:00,24200,CE,345.82,351.31,338.95,343.41,1325,44594,0.1482
2025-09-02 11:35:00,24200,PE,411.51,411.39,403.65,409.31,34,42332,0.1434
2025-09-02 11:35:00,24250,CE,330.36,332.07,331.18,331.92,198,36695,0.1445
2025-09-02 11:35:00,24250,PE,500.86,501.84,489.47,498.95,462,40297,0.1466
2025-09-02 11:35:00,24300,CE,288.86,293.18,289.0,289.42,718,33515,0.1468
2025-09-02 11:35:00,24300,PE,502.58,514.88,501.1,505.83,946,33911,0.1439
2025-09-02 11:35:00,24350,CE,327.32,328.43,326.21,326.67,684,35236,0.1464
2025-09-02 11:35:00,24350,PE,565.87,573.11,551.6,564.56,199,33732,0.1439
2025-09-02 11:35:00,24400,CE,331.76,331.9,324.39,329.0,394,32736,0.144
2025-09-02 11:35:00,24400,PE,638.27,642.37,632.12,632.36,606,32503,0.1463
2025-09-02 11:35:00,24450,CE,353.68,355.29,349.09,351.84,28,34248,0.1458
2025-09-02 11:35:00,24450,PE,687.59,686.2,662.65,682.57,637,30844,0.1457
2025-09-02 11:35:00,24500,CE,336.05,335.09,332.7,333.67,644,33636,0.145
2025-09-02 11:35:00,24500,PE,697.41,720.38,700.64,705.72,362,30802,0.1462
2025-09-02 11:35:00,24550,CE,341.31,344.63,334.58,338.37,570,30588,0.1465
2025-09-02 11:35:00,24550,PE,754.92,758.03,738.93,755.16,154,25584,0.1402
2025-09-02 11:35:00,24600,CE,319.73,332.46,321.98,322.89,215,30170,0.146
2025-09-02 11:35:00,24600,PE,822.31,825.53,808.31,813.57,157,25032,0.1437
2025-09-02 11:35:00,24650,CE,354.17,356.71,352.28,353.08,143,25320,0.1454
2025-09-02 11:35:00,24650,PE,874.86,897.91,875.39,881.93,467,20322,0.1427
2025-09-02 11:35:00,24700,CE,349.67,346.75,341.12,346.02,398,31858,0.1453
2025-09-02 11:35:00,24700,PE,905.95,923.12,905.41,913.91,365,25470,0.1468
2025-09-02 11:35:00,24750,CE,331.15,334.48,329.86,330.7,502,24071,0.1459
2025-09-02 11:35:00,24750,PE,966.45,977.25,957.08,964.46,502,24041,0.1436
2025-09-02 11:35:00,24800,CE,348.74,348.68,347.91,348.28,20,20964,0.1455
2025-09-02 11:35:00,24800,PE,1001.62,1025.37,1003.99,1011.06,348,20401,0.1419
2025-09-02 11:35:00,24850,CE,316.11,322.34,317.33,318.57,329,23958,0.1451
2025-09-02 11:35:00,24850,PE,1075.88,1097.9,1079.35,1085.23,367,24644,0.1481
2025-09-02 11:35:00,24900,CE,336.61,346.68,338.66,340.35,234,21896,0.1439
2025-09-02 11:35:00,24900,PE,1094.22,1100.53,1096.73,1098.92,132,21321,0.1416
2025-09-02 11:40:00,23500,CE,967.7,966.19,952.26,955.57,467,45126,0.1456
2025-09-02 11:40:00,23500,PE,298.51,299.9,296.62,298.7,68,43058,0.1474
2025-09-02 11:40:00,23550,CE,926.57,920.1,900.71,913.67,207,45099,0.1475
2025-09-02 11:40:00,23550,PE,369.5,368.58,361.53,364.22,497,47274,0.1461
2025-09-02 11:40:00,23600,CE,824.29,838.02,822.86,832.47,469,47191,0.1426
2025-09-02 11:40:00,23600,PE,337.72,340.96,334.02,338.48,560,49687,0.1486
2025-09-02 11:40:00,23650,CE,802.93,805.47,799.49,803.93,26,56431,0.1474
2025-09-02 11:40:00,23650,PE,327.91,329.78,322.5,326.17,112,60002,0.1454
2025-09-02 11:40:00,23700,CE,777.5,786.03,771.17,772.79,512,62939,0.1476
2025-09-02 11:40:00,23700,PE,325.87,332.29,328.26,328.58,273,63078,0.1489
2025-09-02 11:40:00,23750,CE,723.21,738.81,706.3,718.03,658,61343,0.1497
2025-09-02 11:40:00,23750,PE,320.32,325.4,320.51,323.51,28,63422,0.1449
2025-09-02 11:40:00,23800,CE,672.58,683.92,664.0,672.09,349,71851,0.1441
2025-09-02 11:40:00,23800,PE,323.22,322.8,318.11,322.32,21,67617,0.147
2025-09-02 11:40:00,23850,CE,630.22,639.5,629.14,630.35,553,81481,0.1441
2025-09-02 11:40:00,23850,PE,337.15,337.7,330.24,334.53,128,83902,0.1474
2025-09-02 11:40:00,23900,CE,528.73,535.97,529.56,534.33,742,72770,0.1406
2025-09-02 11:40:00,23900,PE,324.56,327.99,319.58,323.54,498,73915,0.1477
2025-09-02 11:40:00,23950,CE,505.97,508.33,502.59,504.48,931,64697,0.1427
2025-09-02 11:40:00,23950,PE,327.57,333.45,320.97,326.62,859,66046,0.1454
2025-09-02 11:40:00,24000,CE,447.27,446.6,442.16,444.35,873,55954,0.1446
2025-09-02 11:40:00,24000,PE,329.64,329.73,324.13,325.75,657,59173,0.1461
2025-09-02 11:40:00,24050,CE,375.77,377.46,374.2,376.11,1285,54402,0.1408
2025-09-02 11:40:00,24050,PE,330.95,333.88,332.26,332.44,510,51852,0.1429
2025-09-02 11:40:00,24100,CE,370.67,366.41,362.39,365.08,150,48748,0.146
2025-09-02 11:40:00,24100,PE,336.85,340.48,334.55,335.92,703,52269,0.1476
2025-09-02 11:40:00,24150,CE,323.16,323.76,322.38,323.4,386,46912,0.1445
2025-09-02 11:40:00,24150,PE,385.08,385.45,381.34,384.13,568,48103,0.1463
2025-09-02 11:40:00,24200,CE,353.1,356.59,348.76,353.61,464,45016,0.1463
2025-09-02 11:40:00,24200,PE,384.25,391.37,386.98,386.98,308,42617,0.1421
2025-09-02 11:40:00,24250,CE,348.97,350.1,343.78,345.55,51,37012,0.1454
2025-09-02 11:40:00,24250,PE,468.49,477.31,472.27,474.45,591,40790,0.1477
2025-09-02 11:40:00,24300,CE,352.67,355.89,354.83,355.53,458,33080,0.1482
2025-09-02 11:40:00,24300,PE,491.16,505.79,486.42,491.32,748,33909,0.1451
2025-09-02 11:40:00,24350,CE,321.75,324.75,320.35,324.71,58,34784,0.1478
2025-09-02 11:40:00,24350,PE,553.47,577.15,556.62,560.23,493,34031,0.1446
2025-09-02 11:40:00,24400,CE,346.3,354.73,344.93,348.97,883,32654,0.1447
2025-09-02 11:40:00,24400,PE,604.4,607.47,600.28,605.16,854,32767,0.145
2025-09-02 11:40:00,24450,CE,338.81,341.84,340.82,341.8,450,33794,0.1455
2025-09-02 11:40:00,24450,PE,683.51,688.86,680.57,684.8,696,30988,0.1449
2025-09-02 11:40:00,24500,CE,320.95,326.34,320.3,325.75,602,33171,0.1429
2025-09-02 11:40:00,24500,PE,717.86,720.06,701.25,714.62,716,30625,0.1461
2025-09-02 11:40:00,24550,CE,348.7,351.25,350.1,350.64,294,30630,0.1448
2025-09-02 11:40:00,24550,PE,749.87,743.7,721.83,739.16,33,25813,0.1464
2025-09-02 11:40:00,24600,CE,339.37,344.73,332.53,332.93,181,30171,0.1479
2025-09-02 11:40:00,24600,PE,834.4,840.89,832.46,839.86,349,25308,0.1479
2025-09-02 11:40:00,24650,CE,345.73,355.07,345.99,347.22,498,24928,0.1446
2025-09-02 11:40:00,24650,PE,862.55,868.93,861.19,863.26,502,20492,0.148
2025-09-02 11:40:00,24700,CE,332.72,341.13,332.9,334.37,534,31720,0.1448
2025-09-02 11:40:00,24700,PE,923.52,922.61,912.88,915.14,329,25055,0.146
2025-09-02 11:40:00,24750,CE,355.72,360.45,352.46,354.59,199,24495,0.1482
2025-09-02 11:40:00,24750,PE,942.17,962.65,933.87,941.4,432,24612,0.1437
2025-09-02 11:40:00,24800,CE,349.99,352.11,345.63,348.28,449,20651,0.144
2025-09-02 11:40:00,24800,PE,1029.09,1050.29,1010.28,1022.28,175,19990,0.1464
2025-09-02 11:40:00,24850,CE,332.96,336.77,330.18,336.54,254,24275,0.1458
2025-09-02 11:40:00,24850,PE,1051.64,1071.11,1055.54,1063.2,411,25232,0.1468
2025-09-02 11:40:00,24900,CE,358.88,361.65,354.24,358.57,167,21798,0.148
2025-09-02 11:40:00,24900,PE,1137.59,1146.69,1121.51,1122.33,275,21670,0.1451
2025-09-02 11:45:00,23500,CE,967.09,962.41,951.23,956.38,541,44702,0.145
2025-09-02 11:45:00,23500,PE,345.55,352.13,339.87,348.07,198,42731,0.145
2025-09-02 11:45:00,23550,CE,880.0,897.23,881.65,884.43,156,44668,0.1435
2025-09-02 11:45:00,23550,PE,354.81,360.27,349.82,355.12,358,47473,0.1458
2025-09-02 11:45:00,23600,CE,882.62,891.33,882.05,884.0,281,47296,0.1475
2025-09-02 11:45:00,23600,PE,366.31,366.97,365.68,366.02,442,49881,0.1485
2025-09-02 11:45:00,23650,CE,787.74,784.21,772.65,783.73,639,56033,0.1475
2025-09-02 11:45:00,23650,PE,343.02,348.94,343.09,345.47,647,59499,0.1449
2025-09-02 11:45:00,23700,CE,763.66,773.25,758.4,765.76,32,62979,0.1457
2025-09-02 11:45:00,23700,PE,334.38,336.6,329.06,331.7,356,63113,0.1456
2025-09-02 11:45:00,23750,CE,690.43,694.95,680.41,684.9,778,61248,0.1484
2025-09-02 11:45:00,23750,PE,349.62,351.13,345.8,346.07,666,63641,0.1462
2025-09-02 11:45:00,23800,CE,643.59,651.94,647.02,648.5,67,71753,0.1455
2025-09-02 11:45:00,23800,PE,323.43,326.78,323.38,324.49,124,68044,0.1439
2025-09-02 11:45:00,23850,CE,611.95,611.36,610.0,610.01,350,81814,0.1467
2025-09-02 11:45:00,23850,PE,325.32,323.33,320.43,322.65,82,83704,0.1455
2025-09-02 11:45:00,23900,CE,540.12,542.39,531.67,540.55,824,73243,0.1422
2025-09-02 11:45:00,23900,PE,332.38,332.31,330.63,331.79,43,73905,0.1469
2025-09-02 11:45:00,23950,CE,502.93,507.81,499.51,500.62,1002,64654,0.1443
2025-09-02 11:45:00,23950,PE,345.23,352.97,341.15,347.49,355,66311,0.1468
2025-09-02 11:45:00,24000,CE,478.03,489.05,468.66,476.73,1025,56501,0.1509
2025-09-02 11:45:00,24000,PE,349.83,356.42,349.29,351.38,1176,58612,0.148
2025-09-02 11:45:00,24050,CE,391.79,392.71,385.99,390.62,1204,54012,0.1481
2025-09-02 11:45:00,24050,PE,338.12,343.39,338.38,339.6,1241,52218,0.1442
2025-09-02 11:45:00,24100,CE,342.36,347.24,339.73,339.75,422,48678,0.1471
2025-09-02 11:45:00,24100,PE,311.09,309.46,305.59,308.6,1344,52699,0.1417
2025-09-02 11:45:00,24150,CE,348.19,352.5,346.84,351.86,1375,46733,0.1447
2025-09-02 11:45:00,24150,PE,376.25,375.98,371.52,374.3,148,48673,0.146
2025-09-02 11:45:00,24200,CE,340.37,341.05,338.0,338.28,1179,44675,0.1475
2025-09-02 11:45:00,24200,PE,396.29,404.5,399.2,399.3,802,43155,0.146
2025-09-02 11:45:00,24250,CE,318.52,315.91,313.91,314.69,402,37359,0.1472
2025-09-02 11:45:00,24250,PE,467.54,469.73,461.08,463.41,592,41358,0.1435
2025-09-02 11:45:00,24300,CE,317.7,330.04,321.38,321.62,446,32674,0.1458
2025-09-02 11:45:00,24300,PE,512.64,511.47,510.61,510.65,1017,33732,0.1427
2025-09-02 11:45:00,24350,CE,333.8,335.58,328.23,334.46,278,34421,0.1483
2025-09-02 11:45:00,24350,PE,568.84,582.04,567.54,570.57,405,34426,0.1455
2025-09-02 11:45:00,24400,CE,323.97,327.57,323.95,325.78,312,32375,0.1434
2025-09-02 11:45:00,24400,PE,613.48,620.26,606.02,612.14,397,32797,0.1505
2025-09-02 11:45:00,24450,CE,326.48,329.88,326.22,327.37,672,33425,0.1479
2025-09-02 11:45:00,24450,PE,659.65,675.35,666.66,669.05,270,31236,0.1472
2025-09-02 11:45:00,24500,CE,335.2,338.92,336.64,337.76,328,33462,0.1466
2025-09-02 11:45:00,24500,PE,755.22,748.45,742.67,747.04,337,30163,0.1475
2025-09-02 11:45:00,24550,CE,353.66,351.77,348.32,351.03,601,30853,0.1468
2025-09-02 11:45:00,24550,PE,741.99,758.84,747.45,754.06,104,25411,0.1463
2025-09-02 11:45:00,24600,CE,340.19,342.36,337.68,341.74,228,30716,0.146
2025-09-02 11:45:00,24600,PE,800.86,812.25,802.96,806.91,202,25763,0.1426
2025-09-02 11:45:00,24650,CE,327.16,333.78,326.07,328.02,303,24569,0.1477
2025-09-02 11:45:00,24650,PE,875.29,888.52,872.8,883.57,79,20300,0.1436
2025-09-02 11:45:00,24700,CE,345.59,347.18,343.14,345.47,136,31834,0.1464
2025-09-02 11:45:00,24700,PE,922.36,919.79,907.7,917.6,564,25423,0.1473
2025-09-02 11:45:00,24750,CE,334.54,330.53,327.57,328.04,175,25026,0.143
2025-09-02 11:45:00,24750,PE,1003.63,1025.12,1008.34,1008.87,527,24514,0.1461
2025-09-02 11:45:00,24800,CE,318.19,317.86,315.27,315.32,256,20637,0.148
2025-09-02 11:45:00,24800,PE,1052.63,1047.21,1044.8,1045.64,217,19577,0.1459
2025-09-02 11:45:00,24850,CE,339.05,339.25,338.04,339.12,440,24094,0.1475
2025-09-02 11:45:00,24850,PE,1045.23,1063.44,1040.13,1051.02,48,25822,0.1418
2025-09-02 11:45:00,24900,CE,332.93,331.24,326.73,330.73,65,22322,0.1478
2025-09-02 11:45:00,24900,PE,1137.25,1137.83,1116.32,1119.53,69,21566,0.1441
2025-09-02 11:50:00,23500,CE,902.2,896.47,889.5,890.61,310,44369,0.148
2025-09-02 11:50:00,23500,PE,342.58,354.06,341.4,343.82,342,42818,0.1456
2025-09-02 11:50:00,23550,CE,852.89,860.89,843.04,850.45,541,44575,0.1445
2025-09-02 11:50:00,23550,PE,335.14,343.96,340.45,340.83,548,47776,0.1468
2025-09-02 11:50:00,23600,CE,815.86,816.45,814.41,815.02,540,47451,0.146
2025-09-02 11:50:00,23600,PE,342.19,344.92,342.07,343.81,129,50073,0.1457
2025-09-02 11:50:00,23650,CE,749.87,759.09,753.92,755.36,514,55882,0.1461
2025-09-02 11:50:00,23650,PE,328.51,328.86,326.19,328.23,459,59639,0.1418
2025-09-02 11:50:00,23700,CE,705.19,722.16,711.35,713.36,497,63206,0.1442
2025-09-02 11:50:00,23700,PE,326.09,330.7,323.9,324.63,519,63290,0.145
2025-09-02 11:50:00,23750,CE,636.55,640.61,634.15,634.84,275,61482,0.1433
2025-09-02 11:50:00,23750,PE,356.94,361.44,353.87,355.84,135,64109,0.1471
2025-09-02 11:50:00,23800,CE,618.62,609.29,604.17,607.64,723,71474,0.1458
2025-09-02 11:50:00,23800,PE,337.07,337.69,331.12,331.8,80,67631,0.1462
2025-09-02 11:50:00,23850,CE,542.32,552.47,538.25,540.07,687,81255,0.1455
2025-09-02 11:50:00,23850,PE,320.12,318.09,316.72,317.69,113,83944,0.1445
2025-09-02 11:50:00,23900,CE,520.64,518.25,514.7,516.77,553,73045,0.1454
2025-09-02 11:50:00,23900,PE,349.17,354.09,349.28,351.33,319,73912,0.1446
2025-09-02 11:50:00,23950,CE,479.65,477.1,468.14,471.27,387,64141,0.1461
2025-09-02 11:50:00,23950,PE,330.38,330.7,319.18,326.83,578,66823,0.1471
2025-09-02 11:50:00,24000,CE,391.2,400.04,390.76,396.62,742,56607,0.1451
2025-09-02 11:50:00,24000,PE,362.17,359.52,353.06,355.37,488,58161,0.1459
2025-09-02 11:50:00,24050,CE,359.73,360.77,355.38,357.13,1245,53899,0.1473
2025-09-02 11:50:00,24050,PE,320.44,324.17,319.18,319.91,154,51993,0.1455
2025-09-02 11:50:00,24100,CE,336.81,341.01,334.85,336.05,82,49118,0.1476
2025-09-02 11:50:00,24100,PE,371.78,374.1,365.7,368.86,1623,53150,0.1446
2025-09-02 11:50:00,24150,CE,324.99,332.44,323.58,325.69,1150,47081,0.1415
2025-09-02 11:50:00,24150,PE,418.86,421.59,414.5,418.47,676,48538,0.1413
2025-09-02 11:50:00,24200,CE,318.68,319.28,312.96,314.94,116,45206,0.1448
2025-09-02 11:50:00,24200,PE,457.01,469.53,461.89,463.47,39,42885,0.1506
2025-09-02 11:50:00,24250,CE,343.63,339.99,338.95,339.39,483,37552,0.1463
2025-09-02 11:50:00,24250,PE,481.13,482.84,479.05,481.67,1097,41386,0.1481
2025-09-02 11:50:00,24300,CE,340.23,340.11,338.0,340.04,811,32599,0.143
2025-09-02 11:50:00,24300,PE,569.68,573.89,568.72,573.37,980,33358,0.1487
2025-09-02 11:50:00,24350,CE,336.9,342.76,339.94,340.28,376,34108,0.1408
2025-09-02 11:50:00,24350,PE,632.86,633.86,626.74,628.44,251,34812,0.1493
2025-09-02 11:50:00,24400,CE,335.42,339.37,338.24,339.19,592,32577,0.1456
2025-09-02 11:50:00,24400,PE,651.05,659.06,651.85,653.06,84,33314,0.1446
2025-09-02 11:50:00,24450,CE,345.23,353.55,346.22,347.85,721,33642,0.1454
2025-09-02 11:50:00,24450,PE,723.02,731.55,719.91,720.87,318,30708,0.1426
2025-09-02 11:50:00,24500,CE,331.49,330.75,328.49,328.89,323,33001,0.1435
2025-09-02 11:50:00,24500,PE,777.14,775.07,766.44,770.43,466,30431,0.1442
2025-09-02 11:50:00,24550,CE,352.31,353.51,352.37,352.98,58,30554,0.1453
2025-09-02 11:50:00,24550,PE,794.41,787.81,783.68,784.28,433,25109,0.1444
2025-09-02 11:50:00,24600,CE,337.75,336.52,329.07,333.06,531,30603,0.1431
2025-09-02 11:50:00,24600,PE,858.34,870.18,841.49,857.63,421,26057,0.1472
2025-09-02 11:50:00,24650,CE,325.76,333.32,326.31,329.07,356,24735,0.1405
2025-09-02 11:50:00,24650,PE,876.37,892.13,866.64,881.96,339,19933,0.1432
2025-09-02 11:50:00,24700,CE,342.62,347.86,340.94,342.08,168,32309,0.1401
2025-09-02 11:50:00,24700,PE,950.5,975.23,944.51,952.1,200,25989,0.1457
2025-09-02 11:50:00,24750,CE,331.99,331.1,325.8,329.49,304,25376,0.1458
2025-09-02 11:50:00,24750,PE,1027.29,1035.14,1016.76,1021.19,127,24145,0.1429
2025-09-02 11:50:00,24800,CE,337.01,339.28,337.71,337.93,194,20989,0.1454
2025-09-02 11:50:00,24800,PE,1032.42,1049.63,1033.94,1038.69,344,19602,0.1416
2025-09-02 11:50:00,24850,CE,339.33,341.94,333.62,337.32,92,23528,0.1453
2025-09-02 11:50:00,24850,PE,1108.02,1112.01,1094.83,1110.21,67,26023,0.1474
2025-09-02 11:50:00,24900,CE,366.03,361.09,360.76,360.87,433,22894,0.1448
2025-09-02 11:50:00,24900,PE,1150.46,1163.02,1150.67,1154.06,347,21483,0.1457
2025-09-02 11:55:00,23500,CE,939.38,943.97,926.99,937.17,409,43844,0.1498
2025-09-02 11:55:00,23500,PE,332.29,338.45,336.29,336.29,205,42494,0.1435
2025-09-02 11:55:00,23550,CE,864.72,881.97,863.35,864.37,584,44645,0.1477
2025-09-02 11:55:00,23550,PE,360.5,360.52,356.44,360.3,563,48125,0.148
2025-09-02 11:55:00,23600,CE,811.9,822.8,804.69,808.52,470,47073,0.1492
2025-09-02 11:55:00,23600,PE,312.87,320.48,311.35,314.99,59,49736,0.1458
2025-09-02 11:55:00,23650,CE,780.01,787.29,776.42,780.02,564,56388,0.1453
2025-09-02 11:55:00,23650,PE,317.14,319.05,311.2,315.92,479,60097,0.1481
2025-09-02 11:55:00,23700,CE,731.22,743.75,726.97,728.58,65,63704,0.1448
2025-09-02 11:55:00,23700,PE,337.61,344.61,340.01,340.87,89,62900,0.1468
2025-09-02 11:55:00,23750,CE,647.4,662.32,654.08,654.09,656,62001,0.1405
2025-09-02 11:55:00,23750,PE,334.43,332.93,326.85,328.31,135,63916,0.1437
2025-09-02 11:55:00,23800,CE,623.67,626.69,611.9,621.39,710,71494,0.1427
2025-09-02 11:55:00,23800,PE,344.44,351.78,346.18,348.34,355,67578,0.1438
2025-09-02 11:55:00,23850,CE,615.98,606.71,602.06,605.08,285,81828,0.1447
2025-09-02 11:55:00,23850,PE,356.21,360.68,357.24,358.54,499,83659,0.1425
2025-09-02 11:55:00,23900,CE,555.94,557.5,547.65,551.19,927,73594,0.1484
2025-09-02 11:55:00,23900,PE,331.45,330.84,329.14,330.39,82,74462,0.1462
2025-09-02 11:55:00,23950,CE,510.12,509.13,506.26,508.94,1117,64641,0.1471
2025-09-02 11:55:00,23950,PE,329.54,333.43,327.09,331.91,180,66651,0.1435
2025-09-02 11:55:00,24000,CE,438.42,443.02,438.39,442.33,1133,56457,0.1468
2025-09-02 11:55:00,24000,PE,317.51,322.82,320.51,322.43,581,57805,0.1477
2025-09-02 11:55:00,24050,CE,401.9,406.7,400.81,401.69,643,53869,0.1467
2025-09-02 11:55:00,24050,PE,310.25,319.2,310.08,314.69,625,51691,0.1501
2025-09-02 11:55:00,24100,CE,358.9,363.07,354.3,356.77,182,49270,0.1457
2025-09-02 11:55:00,24100,PE,345.38,351.03,349.4,349.44,137,53591,0.1473
2025-09-02 11:55:00,24150,CE,326.8,332.2,324.78,328.53,136,47620,0.1451
2025-09-02 11:55:00,24150,PE,379.63,384.37,378.46,379.64,871,48463,0.1467
2025-09-02 11:55:00,24200,CE,346.52,348.82,347.36,347.67,1140,45123,0.1467
2025-09-02 11:55:00,24200,PE,418.9,421.04,418.51,420.77,204,42902,0.1449
2025-09-02 11:55:00,24250,CE,320.69,327.75,319.23,323.87,588,38045,0.1432
2025-09-02 11:55:00,24250,PE,492.89,495.19,489.2,490.36,621,40880,0.1456
2025-09-02 11:55:00,24300,CE,308.29,312.93,305.86,311.53,370,32366,0.1411
2025-09-02 11:55:00,24300,PE,524.61,535.44,520.7,525.27,250,32994,0.1428
2025-09-02 11:55:00,24350,CE,327.21,338.4,334.85,335.46,89,34438,0.1469
2025-09-02 11:55:00,24350,PE,581.87,589.46,583.53,585.24,388,34665,0.1438
2025-09-02 11:55:00,24400,CE,323.98,329.35,326.21,327.06,386,33134,0.1457
2025-09-02 11:55:00,24400,PE,610.78,620.09,605.06,615.49,616,33889,0.147
2025-09-02 11:55:00,24450,CE,350.27,348.01,343.41,345.67,487,34099,0.1446
2025-09-02 11:55:00,24450,PE,689.61,690.91,687.09,689.51,744,30718,0.1471
2025-09-02 11:55:00,24500,CE,338.8,340.18,338.71,339.16,371,33518,0.1458
2025-09-02 11:55:00,24500,PE,733.53,748.88,735.21,740.08,540,30283,0.1468
2025-09-02 11:55:00,24550,CE,350.85,356.57,348.09,349.54,228,30425,0.1458
2025-09-02 11:55:00,24550,PE,778.12,790.45,784.16,785.74,185,25076,0.1461
2025-09-02 11:55:00,24600,CE,331.49,335.28,330.62,333.14,439,30839,0.1443
2025-09-02 11:55:00,24600,PE,824.81,837.87,833.91,835.69,37,25533,0.1424
2025-09-02 11:55:00,24650,CE,318.65,331.28,317.27,318.78,385,24778,0.1437
2025-09-02 11:55:00,24650,PE,873.67,872.96,862.02,862.6,44,20492,0.1451
2025-09-02 11:55:00,24700,CE,319.82,327.71,323.06,323.77,560,31789,0.1453
2025-09-02 11:55:00,24700,PE,943.95,962.6,946.55,947.84,12,25492,0.1439
2025-09-02 11:55:00,24750,CE,293.26,298.58,295.06,295.32,356,25908,0.1448
2025-09-02 11:55:00,24750,PE,952.5,964.47,952.34,955.99,225,24542,0.1461
2025-09-02 11:55:00,24800,CE,313.37,321.84,319.05,320.78,114,20389,0.1444
2025-09-02 11:55:00,24800,PE,1013.4,1047.01,996.45,1014.72,252,19543,0.1443
2025-09-02 11:55:00,24850,CE,307.45,304.07,301.01,303.18,487,23299,0.1449
2025-09-02 11:55:00,24850,PE,1082.03,1090.75,1069.69,1081.16,216,25624,0.1442
2025-09-02 11:55:00,24900,CE,317.01,318.92,312.2,312.29,191,22356,0.1452
2025-09-02 11:55:00,24900,PE,1142.0,1146.89,1132.88,1146.34,165,21182,0.147
2025-09-02 12:00:00,23500,CE,984.88,996.93,994.79,995.41,209,44027,0.1439
2025-09-02 12:00:00,23500,PE,327.54,333.17,330.56,331.0,424,42258,0.1448
2025-09-02 12:00:00,23550,CE,959.21,971.13,947.91,958.19,498,44414,0.146
2025-09-02 12:00:00,23550,PE,368.68,367.62,363.13,363.43,53,47840,0.1452
2025-09-02 12:00:00,23600,CE,900.06,903.79,895.88,896.28,152,46589,0.1468
2025-09-02 12:00:00,23600,PE,337.21,336.87,323.11,333.28,400,49847,0.1479
2025-09-02 12:00:00,23650,CE,835.65,848.58,817.72,827.29,203,56665,0.1444
2025-09-02 12:00:00,23650,PE,353.6,359.39,355.57,356.77,150,60673,0.1466
2025-09-02 12:00:00,23700,CE,765.95,770.03,766.15,769.28,247,63375,0.1438
2025-09-02 12:00:00,23700,PE,323.47,333.45,325.57,326.34,515,62495,0.1452
2025-09-02 12:00:00,23750,CE,734.88,747.12,727.78,737.08,706,62249,0.1441
2025-09-02 12:00:00,23750,PE,326.53,333.19,326.27,326.86,160,63703,0.1456
2025-09-02 12:00:00,23800,CE,678.29,702.52,682.95,684.55,769,71504,0.1452
2025-09-02 12:00:00,23800,PE,314.76,317.43,309.76,314.82,442,67828,0.1448
2025-09-02 12:00:00,23850,CE,649.05,649.51,631.31,645.63,231,81731,0.143
2025-09-02 12:00:00,23850,PE,337.7,339.94,336.41,338.47,370,83504,0.1472
2025-09-02 12:00:00,23900,CE,596.91,603.24,593.53,600.52,307,73521,0.1475
2025-09-02 12:00:00,23900,PE,308.36,315.12,308.43,310.03,747,74410,0.1429
2025-09-02 12:00:00,23950,CE,540.65,548.83,533.52,538.47,107,64041,0.1448
2025-09-02 12:00:00,23950,PE,326.02,328.94,320.08,324.76,38,66277,0.1461
2025-09-02 12:00:00,24000,CE,488.5,489.25,478.38,482.87,892,56588,0.143
2025-09-02 12:00:00,24000,PE,332.11,329.21,323.74,328.46,419,57225,0.1461
2025-09-02 12:00:00,24050,CE,429.08,433.9,424.62,429.13,448,53600,0.1437
2025-09-02 12:00:00,24050,PE,342.82,351.6,341.51,347.06,667,51619,0.1472
2025-09-02 12:00:00,24100,CE,358.8,372.63,363.6,364.62,282,49200,0.145
2025-09-02 12:00:00,24100,PE,347.62,351.84,345.92,348.97,205,53048,0.1467
2025-09-02 12:00:00,24150,CE,338.04,344.73,340.08,340.69,1660,48070,0.1455
2025-09-02 12:00:00,24150,PE,345.28,343.7,342.58,343.13,1785,47971,0.1452
2025-09-02 12:00:00,24200,CE,341.51,344.92,341.14,341.2,1044,45573,0.1441
2025-09-02 12:00:00,24200,PE,390.17,388.05,385.37,386.13,629,43490,0.1459
2025-09-02 12:00:00,24250,CE,346.2,348.53,339.39,344.46,1282,37659,0.1443
2025-09-02 12:00:00,24250,PE,443.27,449.05,439.44,443.42,1151,40364,0.1452
2025-09-02 12:00:00,24300,CE,343.48,347.07,345.53,347.07,197,31911,0.149
2025-09-02 12:00:00,24300,PE,492.67,493.07,474.72,481.33,1148,33417,0.1425
2025-09-02 12:00:00,24350,CE,318.54,324.15,318.99,319.78,305,35004,0.1452
2025-09-02 12:00:00,24350,PE,530.53,530.99,520.41,528.15,149,34774,0.1467
2025-09-02 12:00:00,24400,CE,356.45,359.36,357.33,358.77,822,33670,0.1448
2025-09-02 12:00:00,24400,PE,576.52,587.53,563.16,579.51,221,34212,0.1462
2025-09-02 12:00:00,24450,CE,325.76,332.07,328.5,329.07,598,34181,0.1449
2025-09-02 12:00:00,24450,PE,629.49,650.8,626.83,629.95,700,31215,0.1438
2025-09-02 12:00:00,24500,CE,345.3,354.78,346.29,351.45,128,33479,0.146
2025-09-02 12:00:00,24500,PE,660.98,665.7,646.92,657.72,178,30176,0.1488
2025-09-02 12:00:00,24550,CE,355.11,354.43,347.79,352.03,286,30688,0.1476
2025-09-02 12:00:00,24550,PE,704.32,720.49,712.49,713.56,459,25374,0.1443
2025-09-02 12:00:00,24600,CE,331.76,333.96,327.89,329.25,488,30664,0.1435
2025-09-02 12:00:00,24600,PE,771.98,785.38,761.44,775.33,446,25503,0.1444
2025-09-02 12:00:00,24650,CE,345.82,348.49,342.3,346.19,350,24436,0.1452
2025-09-02 12:00:00,24650,PE,845.82,847.17,835.35,836.79,184,20035,0.1456
2025-09-02 12:00:00,24700,CE,337.6,336.03,331.93,334.69,104,31611,0.1406
2025-09-02 12:00:00,24700,PE,878.63,886.47,869.38,875.15,119,25483,0.1479
2025-09-02 12:00:00,24750,CE,308.23,313.35,308.9,310.47,411,25496,0.1449
2025-09-02 12:00:00,24750,PE,925.67,934.27,917.53,930.11,126,24137,0.1452
2025-09-02 12:00:00,24800,CE,344.99,342.17,338.24,341.93,439,19937,0.146
2025-09-02 12:00:00,24800,PE,977.76,984.06,968.3,981.26,498,19993,0.1452
2025-09-02 12:00:00,24850,CE,337.29,336.36,333.66,334.41,202,23531,0.1474
2025-09-02 12:00:00,24850,PE,1049.92,1064.19,1038.26,1049.62,100,25198,0.1463
2025-09-02 12:00:00,24900,CE,325.32,331.27,322.63,328.9,324,22549,0.1438
2025-09-02 12:00:00,24900,PE,1063.9,1084.17,1058.92,1064.44,152,21164,0.1447
2025-09-02 12:05:00,23500,CE,1042.03,1051.74,1024.49,1036.48,277,44105,0.1471
2025-09-02 12:05:00,23500,PE,311.24,315.1,303.6,310.53,154,42652,0.1439
2025-09-02 12:05:00,23550,CE,960.06,981.58,966.5,966.98,335,44385,0.1472
2025-09-02 12:05:00,23550,PE,344.35,350.75,343.61,343.82,289,47585,0.141
2025-09-02 12:05:00,23600,CE,902.7,924.19,909.76,910.73,204,46925,0.1427
2025-09-02 12:05:00,23600,PE,342.51,345.36,341.77,342.46,84,49438,0.1471
2025-09-02 12:05:00,23650,CE,849.93,859.64,845.33,847.91,112,57174,0.1462
2025-09-02 12:05:00,23650,PE,341.14,348.94,342.12,344.91,502,61202,0.1459
2025-09-02 12:05:00,23700,CE,830.58,841.08,822.76,830.0,214,63188,0.1433
2025-09-02 12:05:00,23700,PE,348.47,353.94,346.49,350.88,192,62821,0.1469
2025-09-02 12:05:00,23750,CE,767.93,781.52,763.42,769.81,536,62755,0.1448
2025-09-02 12:05:00,23750,PE,336.45,338.28,336.4,337.53,208,64206,0.1461
2025-09-02 12:05:00,23800,CE,720.88,720.41,707.8,713.29,720,71041,0.1426
2025-09-02 12:05:00,23800,PE,343.2,344.09,340.3,340.79,271,67429,0.1457
2025-09-02 12:05:00,23850,CE,654.53,668.92,645.15,656.78,804,81719,0.144
2025-09-02 12:05:00,23850,PE,341.29,346.17,338.08,339.19,23,83566,0.1461
2025-09-02 12:05:00,23900,CE,605.52,613.37,599.03,604.95,172,73333,0.145
2025-09-02 12:05:00,23900,PE,333.34,344.53,335.34,336.45,519,73901,0.1469
2025-09-02 12:05:00,23950,CE,543.85,547.78,536.95,543.14,897,63956,0.1435
2025-09-02 12:05:00,23950,PE,325.5,327.06,324.45,326.73,639,66014,0.1474
2025-09-02 12:05:00,24000,CE,539.55,539.15,528.38,531.4,840,56525,0.1449
2025-09-02 12:05:00,24000,PE,343.85,348.23,341.21,345.44,570,56952,0.1451
2025-09-02 12:05:00,24050,CE,482.93,486.65,480.27,483.73,244,53523,0.145
2025-09-02 12:05:00,24050,PE,346.62,349.04,343.19,347.21,403,51724,0.1434
2025-09-02 12:05:00,24100,CE,419.47,441.83,420.7,424.01,829,49032,0.1461
2025-09-02 12:05:00,24100,PE,338.37,339.67,336.74,338.23,207,52700,0.1413
2025-09-02 12:05:00,24150,CE,356.05,357.43,350.15,355.06,457,47945,0.145
2025-09-02 12:05:00,24150,PE,344.62,349.42,343.5,346.94,1223,47683,0.1477
2025-09-02 12:05:00,24200,CE,328.92,337.16,323.67,328.53,1252,45050,0.1443
2025-09-02 12:05:00,24200,PE,355.94,363.14,356.67,356.74,1111,43650,0.146
2025-09-02 12:05:00,24250,CE,319.31,323.28,321.14,321.69,1150,37819,0.1488
2025-09-02 12:05:00,24250,PE,392.34,397.14,392.78,393.97,472,40145,0.1447
2025-09-02 12:05:00,24300,CE,325.89,326.49,318.42,323.17,1024,32462,0.1387
2025-09-02 12:05:00,24300,PE,412.2,414.36,410.02,411.09,652,33763,0.1474
2025-09-02 12:05:00,24350,CE,333.33,332.02,328.85,329.18,1103,35486,0.1468
2025-09-02 12:05:00,24350,PE,509.66,516.87,511.31,515.95,56,34737,0.1455
2025-09-02 12:05:00,24400,CE,319.47,322.36,316.52,317.41,612,33698,0.1436
2025-09-02 12:05:00,24400,PE,540.46,545.62,534.05,538.3,598,34441,0.143
2025-09-02 12:05:00,24450,CE,335.04,341.01,333.21,336.71,220,34286,0.1469
2025-09-02 12:05:00,24450,PE,604.83,614.82,597.96,605.44,615,31416,0.1469
2025-09-02 12:05:00,24500,CE,339.14,346.32,337.53,338.35,496,33397,0.144
2025-09-02 12:05:00,24500,PE,650.39,661.05,653.82,655.24,307,29735,0.1429
2025-09-02 12:05:00,24550,CE,327.85,323.75,319.55,321.85,590,31062,0.1428
2025-09-02 12:05:00,24550,PE,699.04,701.49,690.25,690.53,762,25238,0.1461
2025-09-02 12:05:00,24600,CE,337.0,343.17,336.98,337.0,161,30794,0.1453
2025-09-02 12:05:00,24600,PE,746.5,749.39,734.07,739.33,435,25345,0.1443
2025-09-02 12:05:00,24650,CE,334.19,345.27,334.4,337.83,236,24414,0.1455
2025-09-02 12:05:00,24650,PE,798.03,803.42,801.87,802.48,290,20201,0.1458
2025-09-02 12:05:00,24700,CE,312.85,317.67,311.81,313.97,457,31705,0.1467
2025-09-02 12:05:00,24700,PE,847.23,851.07,839.63,846.76,433,25052,0.1413
2025-09-02 12:05:00,24750,CE,338.38,346.43,337.78,339.55,191,25178,0.1475
2025-09-02 12:05:00,24750,PE,908.71,909.48,906.3,907.28,473,23745,0.1452
2025-09-02 12:05:00,24800,CE,341.58,335.08,333.46,334.9,485,20028,0.1451
2025-09-02 12:05:00,24800,PE,975.07,994.35,974.43,975.63,105,19866,0.1428
2025-09-02 12:05:00,24850,CE,336.41,339.43,331.78,332.05,37,23226,0.1442
2025-09-02 12:05:00,24850,PE,1024.76,1020.5,1001.97,1013.61,321,24650,0.1466
2025-09-02 12:05:00,24900,CE,315.87,320.41,315.01,318.0,266,22870,0.145
2025-09-02 12:05:00,24900,PE,1042.01,1043.37,1027.02,1038.55,127,20628,0.144
2025-09-02 12:10:00,23500,CE,1004.66,1035.42,993.52,1013.22,336,43961,0.1433
2025-09-02 12:10:00,23500,PE,319.59,316.95,312.87,315.42,224,42598,0.1455
2025-09-02 12:10:00,23550,CE,956.99,950.52,938.01,943.22,336,44328,0.1439
2025-09-02 12:10:00,23550,PE,321.39,321.2,314.14,317.43,178,47151,0.1479
2025-09-02 12:10:00,23600,CE,911.28,923.56,881.98,903.19,589,47176,0.1422
2025-09-02 12:10:00,23600,PE,321.3,324.58,320.51,321.73,400,49110,0.1473
2025-09-02 12:10:00,23650,CE,841.31,868.07,847.17,848.65,22,57328,0.1477
2025-09-02 12:10:00,23650,PE,324.73,332.98,321.94,327.1,576,61055,0.1477
2025-09-02 12:10:00,23700,CE,773.88,788.71,764.82,776.37,90,63213,0.146
2025-09-02 12:10:00,23700,PE,332.28,338.63,330.89,332.16,671,62763,0.1435
2025-09-02 12:10:00,23750,CE,731.95,739.3,728.96,734.62,254,63301,0.1419
2025-09-02 12:10:00,23750,PE,365.3,368.26,364.47,364.78,184,64021,0.1452
2025-09-02 12:10:00,23800,CE,695.01,691.01,685.93,690.61,201,70624,0.1418
2025-09-02 12:10:00,23800,PE,328.16,331.22,326.43,329.19,699,67261,0.1462
2025-09-02 12:10:00,23850,CE,680.41,690.59,683.29,685.94,686,81717,0.1484
2025-09-02 12:10:00,23850,PE,356.67,360.25,352.11,355.53,626,83045,0.1474
2025-09-02 12:10:00,23900,CE,615.41,615.57,597.69,606.11,539,73835,0.1483
2025-09-02 12:10:00,23900,PE,322.87,323.23,318.79,320.36,923,73539,0.1463
2025-09-02 12:10:00,23950,CE,523.88,532.67,527.6,530.01,794,64472,0.1441
2025-09-02 12:10:00,23950,PE,338.67,339.4,335.92,338.24,761,65899,0.1446
2025-09-02 12:10:00,24000,CE,490.5,491.99,483.9,488.09,169,56591,0.1443
2025-09-02 12:10:00,24000,PE,346.13,362.97,351.56,352.22,47,57171,0.146
2025-09-02 12:10:00,24050,CE,441.2,444.77,432.94,435.5,547,53000,0.1484
2025-09-02 12:10:00,24050,PE,337.8,335.93,334.24,335.09,921,51620,0.1473
2025-09-02 12:10:00,24100,CE,383.2,385.25,379.64,381.81,766,48769,0.1456
2025-09-02 12:10:00,24100,PE,328.5,332.38,328.35,330.03,663,52302,0.1487
2025-09-02 12:10:00,24150,CE,350.97,353.58,347.37,352.16,354,48147,0.146
2025-09-02 12:10:00,24150,PE,316.22,321.81,319.76,320.25,1467,47281,0.1446
2025-09-02 12:10:00,24200,CE,344.94,345.23,343.29,344.41,272,45149,0.1436
2025-09-02 12:10:00,24200,PE,369.81,370.49,364.26,365.76,880,43518,0.1446
2025-09-02 12:10:00,24250,CE,347.44,352.41,339.25,343.79,1331,38390,0.1474
2025-09-02 12:10:00,24250,PE,452.79,457.22,447.28,447.97,869,40632,0.1481
2025-09-02 12:10:00,24300,CE,339.63,340.73,335.12,338.24,551,31871,0.149
2025-09-02 12:10:00,24300,PE,494.22,508.55,497.06,501.7,143,34136,0.1472
2025-09-02 12:10:00,24350,CE,309.87,313.22,305.42,311.22,147,35088,0.1442
2025-09-02 12:10:00,24350,PE,520.05,525.93,514.35,518.77,728,34701,0.1409
2025-09-02 12:10:00,24400,CE,333.14,338.72,327.62,335.44,241,34072,0.1425
2025-09-02 12:10:00,24400,PE,586.11,588.14,575.3,580.89,693,34185,0.1458
2025-09-02 12:10:00,24450,CE,356.67,357.99,351.92,356.02,192,34566,0.145
2025-09-02 12:10:00,24450,PE,643.04,655.69,646.91,649.9,217,31105,0.1477
2025-09-02 12:10:00,24500,CE,346.7,351.19,345.07,347.31,710,33844,0.1453
2025-09-02 12:10:00,24500,PE,689.87,694.06,679.02,685.57,786,29661,0.1459
2025-09-02 12:10:00,24550,CE,346.92,345.19,342.36,344.15,546,30701,0.1479
2025-09-02 12:10:00,24550,PE,727.43,740.56,726.33,729.46,737,24702,0.1423
2025-09-02 12:10:00,24600,CE,350.9,346.38,341.82,345.26,595,30921,0.1471
2025-09-02 12:10:00,24600,PE,787.64,790.22,781.77,788.99,650,25564,0.1432
2025-09-02 12:10:00,24650,CE,339.77,344.0,339.94,343.81,133,24630,0.1488
2025-09-02 12:10:00,24650,PE,847.93,839.92,826.56,839.85,484,20198,0.1462
2025-09-02 12:10:00,24700,CE,358.98,363.13,355.97,357.66,361,31588,0.148
2025-09-02 12:10:00,24700,PE,865.79,865.52,863.11,863.85,170,25194,0.1466
2025-09-02 12:10:00,24750,CE,334.3,336.26,328.83,334.07,293,24617,0.1458
2025-09-02 12:10:00,24750,PE,920.7,925.93,920.28,923.38,437,23432,0.1495
2025-09-02 12:10:00,24800,CE,364.04,367.03,354.78,358.03,33,19734,0.1474
2025-09-02 12:10:00,24800,PE,962.24,960.43,957.99,959.88,485,20200,0.1431
2025-09-02 12:10:00,24850,CE,321.0,324.69,321.6,323.95,222,23155,0.1465
2025-09-02 12:10:00,24850,PE,1026.23,1032.27,1016.16,1027.26,225,24104,0.1461
2025-09-02 12:10:00,24900,CE,319.23,322.48,319.76,320.05,181,23344,0.1446
2025-09-02 12:10:00,24900,PE,1062.33,1056.78,1048.61,1049.56,310,20490,0.1444
2025-09-02 12:15:00,23500,CE,982.55,994.51,977.03,991.31,531,43453,0.1487
2025-09-02 12:15:00,23500,PE,340.17,340.09,335.61,339.68,466,42500,0.1472
2025-09-02 12:15:00,23550,CE,958.24,955.4,932.69,948.32,291,44867,0.147
2025-09-02 12:15:00,23550,PE,354.01,358.88,354.39,357.07,531,47512,0.1453
2025-09-02 12:15:00,23600,CE,880.03,894.5,882.37,883.29,324,47288,0.1481
2025-09-02 12:15:00,23600,PE,320.25,329.02,323.53,324.52,547,49420,0.1462
2025-09-02 12:15:00,23650,CE,837.74,844.96,839.19,839.46,201,57347,0.1439
2025-09-02 12:15:00,23650,PE,334.35,334.14,331.17,332.15,527,61419,0.1466
2025-09-02 12:15:00,23700,CE,792.14,793.98,783.53,788.5,213,63621,0.1425
2025-09-02 12:15:00,23700,PE,323.52,328.53,318.96,323.17,393,62567,0.1441
2025-09-02 12:15:00,23750,CE,768.89,772.1,769.65,770.65,369,63235,0.1493
2025-09-02 12:15:00,23750,PE,320.17,330.49,317.87,321.16,66,63692,0.1419
2025-09-02 12:15:00,23800,CE,669.21,682.93,669.38,673.32,120,70846,0.1454
2025-09-02 12:15:00,23800,PE,344.14,345.62,341.86,343.33,339,66825,0.1474
2025-09-02 12:15:00,23850,CE,636.53,659.63,640.9,646.92,521,81683,0.1475
2025-09-02 12:15:00,23850,PE,330.93,331.81,331.36,331.76,589,83604,0.1417
2025-09-02 12:15:00,23900,CE,576.31,577.3,567.58,574.42,933,73794,0.1452
2025-09-02 12:15:00,23900,PE,350.44,348.9,345.64,347.27,45,73020,0.1446
2025-09-02 12:15:00,23950,CE,510.89,521.97,505.49,513.11,159,63894,0.1432
2025-09-02 12:15:00,23950,PE,325.1,323.41,318.5,323.3,680,66439,0.1419
2025-09-02 12:15:00,24000,CE,482.45,482.35,476.93,478.54,885,56839,0.1434
2025-09-02 12:15:00,24000,PE,353.55,358.05,350.44,350.49,386,57422,0.1474
2025-09-02 12:15:00,24050,CE,408.27,423.66,411.35,413.53,693,52843,0.1451
2025-09-02 12:15:00,24050,PE,342.9,345.86,341.03,343.75,93,51621,0.1476
2025-09-02 12:15:00,24100,CE,405.22,409.28,403.96,407.43,657,48839,0.1448
2025-09-02 12:15:00,24100,PE,319.63,323.77,318.37,322.63,725,52622,0.1446
2025-09-02 12:15:00,24150,CE,342.73,346.37,337.03,342.25,1626,48158,0.1493
2025-09-02 12:15:00,24150,PE,324.49,327.59,320.16,324.92,630,47049,0.146
2025-09-02 12:15:00,24200,CE,310.74,314.57,312.26,314.28,1346,45188,0.1453
2025-09-02 12:15:00,24200,PE,407.86,417.92,403.26,405.32,1482,43735,0.1461
2025-09-02 12:15:00,24250,CE,342.42,349.53,340.14,344.55,779,37859,0.1485
2025-09-02 12:15:00,24250,PE,419.28,436.17,417.26,421.62,976,40600,0.1429
2025-09-02 12:15:00,24300,CE,329.6,334.13,328.81,332.02,141,31684,0.1435
2025-09-02 12:15:00,24300,PE,459.68,469.22,463.85,466.82,541,34611,0.1409
2025-09-02 12:15:00,24350,CE,330.41,329.33,322.71,328.61,672,34954,0.1445
2025-09-02 12:15:00,24350,PE,567.79,575.82,564.2,570.8,1025,34855,0.1491
2025-09-02 12:15:00,24400,CE,332.88,332.77,325.01,331.62,920,34018,0.1428
2025-09-02 12:15:00,24400,PE,577.92,578.54,571.96,577.97,807,34560,0.1472
2025-09-02 12:15:00,24450,CE,350.52,345.3,344.63,344.74,623,35081,0.1458
2025-09-02 12:15:00,24450,PE,636.6,645.0,629.38,635.34,484,30605,0.1449
2025-09-02 12:15:00,24500,CE,333.39,335.61,330.63,334.81,308,33267,0.1441
2025-09-02 12:15:00,24500,PE,658.73,666.25,658.36,660.99,219,29906,0.1444
2025-09-02 12:15:00,24550,CE,331.14,329.83,328.19,328.73,104,30858,0.1466
2025-09-02 12:15:00,24550,PE,719.95,719.89,714.72,719.38,473,24767,0.1457
2025-09-02 12:15:00,24600,CE,345.14,348.07,343.85,344.81,477,30837,0.1463
2025-09-02 12:15:00,24600,PE,782.87,787.63,771.8,782.28,456,25863,0.1439
2025-09-02 12:15:00,24650,CE,357.72,359.66,355.76,358.31,379,24874,0.1465
2025-09-02 12:15:00,24650,PE,850.37,862.78,836.73,841.72,494,20097,0.1461
2025-09-02 12:15:00,24700,CE,340.93,346.89,343.16,345.23,553,31377,0.1442
2025-09-02 12:15:00,24700,PE,878.48,894.02,883.77,883.85,43,25748,0.1445
2025-09-02 12:15:00,24750,CE,336.52,346.32,343.08,343.94,481,24503,0.1491
2025-09-02 12:15:00,24750,PE,953.25,951.51,941.56,941.69,129,23082,0.143
2025-09-02 12:15:00,24800,CE,340.0,338.86,332.09,337.86,311,20286,0.1444
2025-09-02 12:15:00,24800,PE,967.78,997.67,968.11,978.26,176,20447,0.143
2025-09-02 12:15:00,24850,CE,318.85,320.89,313.29,316.57,190,23225,0.1443
2025-09-02 12:15:00,24850,PE,1026.28,1035.61,1032.77,1033.93,329,24425,0.1479
2025-09-02 12:15:00,24900,CE,333.94,338.12,329.8,333.53,358,23010,0.1475
2025-09-02 12:15:00,24900,PE,1062.87,1076.78,1069.81,1071.5,61,20559,0.145
2025-09-02 12:20:00,23500,CE,937.27,951.56,937.05,943.09,227,43181,0.1447
2025-09-02 12:20:00,23500,PE,326.7,325.93,319.45,324.01,115,42935,0.145
2025-09-02 12:20:00,23550,CE,926.48,919.53,915.66,918.86,57,44431,0.1475
2025-09-02 12:20:00,23550,PE,332.5,335.35,329.59,331.6,205,47173,0.146
2025-09-02 12:20:00,23600,CE,852.07,851.75,848.73,851.18,51,46980,0.1453
2025-09-02 12:20:00,23600,PE,338.09,340.96,334.27,338.97,230,49345,0.1483
2025-09-02 12:20:00,23650,CE,813.97,822.22,815.31,819.85,351,56906,0.1458
2025-09-02 12:20:00,23650,PE,331.64,332.1,324.97,327.25,642,61472,0.1467
2025-09-02 12:20:00,23700,CE,763.63,796.5,762.5,766.32,289,63900,0.1442
2025-09-02 12:20:00,23700,PE,344.54,342.13,337.73,340.75,658,61976,0.1474
2025-09-02 12:20:00,23750,CE,725.22,727.57,717.47,718.44,384,63699,0.1456
2025-09-02 12:20:00,23750,PE,311.69,319.46,308.96,309.97,187,64114,0.1464
2025-09-02 12:20:00,23800,CE,675.76,696.96,678.28,684.62,489,70306,0.1448
2025-09-02 12:20:00,23800,PE,323.41,324.26,317.65,320.52,715,66307,0.1443
2025-09-02 12:20:00,23850,CE,593.26,604.69,594.85,598.68,638,81771,0.1461
2025-09-02 12:20:00,23850,PE,337.81,340.86,337.05,338.69,708,83380,0.1459
2025-09-02 12:20:00,23900,CE,585.72,583.0,578.76,582.76,128,73782,0.1431
2025-09-02 12:20:00,23900,PE,369.85,376.62,367.49,370.88,733,73100,0.144
2025-09-02 12:20:00,23950,CE,547.64,547.49,536.62,543.32,109,64059,0.1459
2025-09-02 12:20:00,23950,PE,331.35,332.27,327.16,329.19,444,66716,0.1434
2025-09-02 12:20:00,24000,CE,471.3,471.66,465.42,466.18,1133,57267,0.1446
2025-09-02 12:20:00,24000,PE,330.01,336.41,328.45,329.69,1215,57549,0.1461
2025-09-02 12:20:00,24050,CE,417.04,416.64,410.42,414.91,1007,52369,0.1444
2025-09-02 12:20:00,24050,PE,339.01,341.23,333.86,336.26,259,51184,0.1487
2025-09-02 12:20:00,24100,CE,383.4,387.09,378.88,379.7,1181,48975,0.145
2025-09-02 12:20:00,24100,PE,326.63,323.36,318.45,321.13,1479,52872,0.146
2025-09-02 12:20:00,24150,CE,343.31,346.9,342.82,346.3,1485,48462,0.1502
2025-09-02 12:20:00,24150,PE,369.19,378.81,363.85,368.99,1077,47071,0.1397
2025-09-02 12:20:00,24200,CE,338.93,338.92,336.4,337.63,216,45308,0.1446
2025-09-02 12:20:00,24200,PE,407.11,422.12,412.19,413.7,778,44304,0.1468
2025-09-02 12:20:00,24250,CE,322.98,326.7,323.68,325.21,1154,37676,0.1439
2025-09-02 12:20:00,24250,PE,484.21,482.31,479.67,480.44,256,40257,0.1498
2025-09-02 12:20:00,24300,CE,334.95,338.36,330.96,331.75,557,32246,0.1479
2025-09-02 12:20:00,24300,PE,515.56,523.98,513.81,517.29,973,35113,0.143
2025-09-02 12:20:00,24350,CE,344.34,353.11,341.61,345.86,246,34362,0.1448
2025-09-02 12:20:00,24350,PE,582.78,580.55,567.67,576.6,685,34737,0.1443
2025-09-02 12:20:00,24400,CE,346.73,347.3,344.45,345.23,433,34299,0.1447
2025-09-02 12:20:00,24400,PE,595.88,588.58,579.72,585.91,908,34172,0.1413
2025-09-02 12:20:00,24450,CE,351.69,356.57,349.49,352.22,517,34519,0.1491
2025-09-02 12:20:00,24450,PE,655.7,661.97,651.22,654.02,428,30048,0.1452
2025-09-02 12:20:00,24500,CE,328.04,337.35,331.9,332.51,635,33344,0.1445
2025-09-02 12:20:00,24500,PE,702.4,706.82,692.08,692.91,208,29582,0.1455
2025-09-02 12:20:00,24550,CE,342.19,352.9,341.89,346.06,474,30567,0.1465
2025-09-02 12:20:00,24550,PE,747.06,746.35,739.68,745.76,284,24185,0.1467
2025-09-02 12:20:00,24600,CE,335.77,336.08,328.45,330.65,241,31108,0.1408
2025-09-02 12:20:00,24600,PE,814.05,838.73,806.59,813.08,48,26275,0.1475
2025-09-02 12:20:00,24650,CE,346.79,343.57,341.16,341.74,176,25154,0.1427
2025-09-02 12:20:00,24650,PE,843.42,855.98,847.8,848.16,96,19660,0.1468
2025-09-02 12:20:00,24700,CE,329.3,337.16,327.73,328.86,516,31925,0.1442
2025-09-02 12:20:00,24700,PE,887.92,894.85,888.15,890.59,165,26302,0.1443
2025-09-02 12:20:00,24750,CE,311.78,318.48,315.65,316.81,458,24213,0.1454
2025-09-02 12:20:00,24750,PE,934.56,935.48,918.67,927.03,451,23661,0.1426
2025-09-02 12:20:00,24800,CE,320.16,323.54,320.81,321.33,165,20219,0.144
2025-09-02 12:20:00,24800,PE,998.19,996.72,989.05,994.38,158,19897,0.1464
2025-09-02 12:20:00,24850,CE,322.1,321.88,320.76,321.51,470,23315,0.1455
2025-09-02 12:20:00,24850,PE,1036.58,1050.33,1045.59,1046.92,98,24457,0.1463
2025-09-02 12:20:00,24900,CE,326.58,330.94,324.55,325.97,375,23439,0.1451
2025-09-02 12:20:00,24900,PE,1103.13,1108.77,1088.97,1099.82,374,20385,0.1457
2025-09-02 12:25:00,23500,CE,955.84,950.45,944.1,946.96,511,43500,0.1455
2025-09-02 12:25:00,23500,PE,333.11,334.97,331.8,333.99,252,43279,0.1425
2025-09-02 12:25:00,23550,CE,875.89,899.86,880.73,897.26,581,43872,0.1489
2025-09-02 12:25:00,23550,PE,331.46,333.68,330.78,332.96,360,47380,0.144
2025-09-02 12:25:00,23600,CE,855.71,872.17,853.46,859.07,544,46955,0.1501
2025-09-02 12:25:00,23600,PE,329.56,333.43,326.18,329.21,220,48987,0.1449
2025-09-02 12:25:00,23650,CE,799.34,804.2,791.58,802.79,280,56806,0.1497
2025-09-02 12:25:00,23650,PE,314.34,311.96,306.52,311.45,552,61900,0.1434
2025-09-02 12:25:00,23700,CE,769.79,765.8,749.5,763.11,365,64127,0.1463
2025-09-02 12:25:00,23700,PE,331.88,341.91,323.15,328.86,525,62128,0.1473
2025-09-02 12:25:00,23750,CE,739.92,731.03,717.49,727.34,576,63196,0.146
2025-09-02 12:25:00,23750,PE,336.39,336.57,328.46,332.58,360,64314,0.1467
2025-09-02 12:25:00,23800,CE,682.0,690.03,673.76,679.76,435,70616,0.1492
2025-09-02 12:25:00,23800,PE,339.14,344.31,338.85,342.71,271,66846,0.1432
2025-09-02 12:25:00,23850,CE,609.41,609.85,598.87,606.66,124,82128,0.1454
2025-09-02 12:25:00,23850,PE,337.3,337.75,333.23,337.14,660,82875,0.1454
2025-09-02 12:25:00,23900,CE,558.07,566.12,553.28,555.07,256,74314,0.1451
2025-09-02 12:25:00,23900,PE,339.74,345.99,339.94,343.08,682,73450,0.1438
2025-09-02 12:25:00,23950,CE,519.92,529.84,515.81,520.63,933,63463,0.146
2025-09-02 12:25:00,23950,PE,344.67,343.36,342.46,342.85,939,66971,0.1469
2025-09-02 12:25:00,24000,CE,467.08,470.16,458.93,467.91,318,57031,0.1488
2025-09-02 12:25:00,24000,PE,347.69,350.19,343.55,349.74,500,57675,0.148
2025-09-02 12:25:00,24050,CE,428.18,433.8,424.92,428.62,396,52108,0.1462
2025-09-02 12:25:00,24050,PE,328.07,332.07,324.67,327.73,775,51460,0.1467
2025-09-02 12:25:00,24100,CE,349.12,354.59,342.41,348.4,724,48599,0.1423
2025-09-02 12:25:00,24100,PE,343.21,341.39,333.94,341.23,208,53273,0.1455
2025-09-02 12:25:00,24150,CE,350.83,353.21,343.87,344.05,822,47949,0.1436
2025-09-02 12:25:00,24150,PE,340.49,344.25,338.91,341.25,634,46499,0.1431
2025-09-02 12:25:00,24200,CE,355.3,354.0,351.37,353.57,304,44866,0.1446
2025-09-02 12:25:00,24200,PE,413.47,410.94,403.38,410.48,1318,44165,0.1447
2025-09-02 12:25:00,24250,CE,352.54,353.23,350.09,351.6,232,37864,0.148
2025-09-02 12:25:00,24250,PE,464.66,473.13,465.42,470.08,1236,40233,0.1466
2025-09-02 12:25:00,24300,CE,343.99,343.48,339.2,340.42,216,32216,0.1434
2025-09-02 12:25:00,24300,PE,516.28,513.61,510.32,512.3,696,35551,0.146
2025-09-02 12:25:00,24350,CE,317.52,317.62,315.42,315.93,153,34433,0.1449
2025-09-02 12:25:00,24350,PE,579.59,593.41,575.58,579.09,57,34746,0.1436
2025-09-02 12:25:00,24400,CE,325.05,331.55,328.08,329.26,28,34202,0.1481
2025-09-02 12:25:00,24400,PE,614.39,625.19,606.28,612.95,455,34746,0.146
2025-09-02 12:25:00,24450,CE,362.26,369.14,357.42,360.92,170,34210,0.1482
2025-09-02 12:25:00,24450,PE,672.08,670.54,654.45,663.68,486,29634,0.1427
2025-09-02 12:25:00,24500,CE,310.75,316.13,309.52,311.19,56,33334,0.1476
2025-09-02 12:25:00,24500,PE,700.66,713.94,699.2,701.81,192,29795,0.1444
2025-09-02 12:25:00,24550,CE,304.27,308.9,303.63,306.47,76,29993,0.1448
2025-09-02 12:25:00,24550,PE,772.1,769.75,757.77,758.52,167,24613,0.1445
2025-09-02 12:25:00,24600,CE,349.3,356.69,349.19,349.73,372,30847,0.1491
2025-09-02 12:25:00,24600,PE,790.06,811.94,788.23,795.82,400,26449,0.1442
2025-09-02 12:25:00,24650,CE,350.11,353.91,349.16,353.23,281,24761,0.145
2025-09-02 12:25:00,24650,PE,856.5,855.56,849.56,849.69,236,20106,0.1439
2025-09-02 12:25:00,24700,CE,322.19,319.87,313.6,318.76,414,31755,0.1448
2025-09-02 12:25:00,24700,PE,924.58,922.83,919.09,921.24,527,25926,0.1463
2025-09-02 12:25:00,24750,CE,320.07,325.57,318.8,320.58,100,23636,0.148
2025-09-02 12:25:00,24750,PE,942.86,988.61,934.49,946.6,58,23431,0.1454
2025-09-02 12:25:00,24800,CE,346.73,349.19,342.69,344.0,36,20074,0.1415
2025-09-02 12:25:00,24800,PE,1038.85,1030.91,1028.89,1029.64,44,19339,0.147
2025-09-02 12:25:00,24850,CE,312.55,315.48,310.78,311.64,294,23381,0.1443
2025-09-02 12:25:00,24850,PE,1078.15,1086.66,1079.4,1079.66,398,24402,0.1476
2025-09-02 12:25:00,24900,CE,316.84,322.98,319.23,321.95,411,23430,0.1461
2025-09-02 12:25:00,24900,PE,1123.13,1132.91,1099.02,1116.4,134,19945,0.1483
2025-09-02 12:30:00,23500,CE,961.15,964.46,951.05,961.29,275,43359,0.1471
2025-09-02 12:30:00,23500,PE,356.77,359.11,357.25,357.51,287,43840,0.1478
2025-09-02 12:30:00,23550,CE,942.33,945.61,928.94,932.06,39,43700,0.1505
2025-09-02 12:30:00,23550,PE,346.38,346.15,343.79,345.77,87,47731,0.1468
2025-09-02 12:30:00,23600,CE,838.4,847.32,832.42,845.25,337,46503,0.1435
2025-09-02 12:30:00,23600,PE,322.04,327.66,319.32,322.25,496,48534,0.1415
2025-09-02 12:30:00,23650,CE,803.27,816.23,799.42,807.85,513,57404,0.1466
2025-09-02 12:30:00,23650,PE,329.12,334.87,331.04,333.56,343,62078,0.1455
2025-09-02 12:30:00,23700,CE,777.4,786.38,778.63,780.83,27,64324,0.1461
2025-09-02 12:30:00,23700,PE,346.65,351.1,347.66,348.93,116,62039,0.1445
2025-09-02 12:30:00,23750,CE,735.33,735.02,724.78,732.86,398,63509,0.148
2025-09-02 12:30:00,23750,PE,316.5,317.23,311.97,317.06,600,64827,0.1432
2025-09-02 12:30:00,23800,CE,667.73,661.74,656.66,658.73,624,70114,0.148
2025-09-02 12:30:00,23800,PE,327.47,326.89,322.72,324.46,568,66452,0.1418
2025-09-02 12:30:00,23850,CE,594.64,614.32,597.97,603.72,852,82567,0.1465
2025-09-02 12:30:00,23850,PE,370.49,380.23,366.09,369.85,288,82369,0.1463
2025-09-02 12:30:00,23900,CE,589.96,592.87,586.35,589.04,895,74144,0.1456
2025-09-02 12:30:00,23900,PE,369.46,369.33,363.0,366.44,842,72949,0.1461
2025-09-02 12:30:00,23950,CE,495.24,501.54,489.53,495.17,291,63352,0.1437
2025-09-02 12:30:00,23950,PE,335.62,338.29,331.2,335.37,155,66907,0.1447
2025-09-02 12:30:00,24000,CE,450.02,455.38,446.83,449.08,1140,56647,0.1474
2025-09-02 12:30:00,24000,PE,328.41,337.3,327.89,330.99,529,57172,0.1462
2025-09-02 12:30:00,24050,CE,442.38,444.16,436.65,441.91,932,52008,0.145
2025-09-02 12:30:00,24050,PE,337.93,351.77,342.53,344.29,727,51477,0.1469
2025-09-02 12:30:00,24100,CE,344.28,349.65,344.6,347.85,1083,48883,0.1469
2025-09-02 12:30:00,24100,PE,334.0,336.41,327.92,332.66,1584,53544,0.1427
2025-09-02 12:30:00,24150,CE,351.37,354.95,349.71,351.7,1414,47432,0.1453
2025-09-02 12:30:00,24150,PE,374.54,376.63,372.34,375.25,227,46424,0.1493
2025-09-02 12:30:00,24200,CE,329.32,330.93,326.25,328.69,218,45278,0.1465
2025-09-02 12:30:00,24200,PE,403.67,408.65,400.03,403.78,1230,44281,0.144
2025-09-02 12:30:00,24250,CE,336.62,335.09,332.52,334.0,619,38289,0.1457
2025-09-02 12:30:00,24250,PE,459.94,458.52,454.55,458.31,719,40774,0.1437
2025-09-02 12:30:00,24300,CE,333.78,338.27,330.51,332.64,898,32017,0.146
2025-09-02 12:30:00,24300,PE,508.78,514.18,496.91,506.9,725,35110,0.1454
2025-09-02 12:30:00,24350,CE,346.7,352.88,345.93,346.41,62,33933,0.1425
2025-09-02 12:30:00,24350,PE,570.03,575.99,562.19,564.25,987,34297,0.1421
2025-09-02 12:30:00,24400,CE,359.57,362.54,353.45,359.04,199,34420,0.1484
2025-09-02 12:30:00,24400,PE,597.4,603.28,584.93,597.4,170,34289,0.1428
2025-09-02 12:30:00,24450,CE,317.7,324.15,318.39,321.21,584,34752,0.1474
2025-09-02 12:30:00,24450,PE,659.11,678.72,661.05,661.66,119,29824,0.143
2025-09-02 12:30:00,24500,CE,334.31,334.55,328.82,330.54,417,33880,0.1452
2025-09-02 12:30:00,24500,PE,716.7,734.89,706.27,714.11,734,29871,0.1476
2025-09-02 12:30:00,24550,CE,320.85,326.75,315.7,321.18,633,29635,0.1455
2025-09-02 12:30:00,24550,PE,750.95,750.47,736.32,747.82,427,24214,0.1436
2025-09-02 12:30:00,24600,CE,331.95,334.97,330.5,331.07,27,31168,0.142
2025-09-02 12:30:00,24600,PE,774.64,791.71,773.94,785.94,381,25849,0.1435
2025-09-02 12:30:00,24650,CE,355.3,359.81,353.04,353.71,506,25211,0.1486
2025-09-02 12:30:00,24650,PE,817.02,833.57,815.76,817.53,254,19541,0.1436
2025-09-02 12:30:00,24700,CE,302.54,307.06,300.8,303.45,180,31880,0.1466
2025-09-02 12:30:00,24700,PE,884.18,898.73,882.54,886.93,40,25792,0.1435
2025-09-02 12:30:00,24750,CE,331.09,332.82,322.95,328.21,129,23769,0.146
2025-09-02 12:30:00,24750,PE,967.09,973.82,958.12,966.09,122,23769,0.1455
2025-09-02 12:30:00,24800,CE,346.73,349.37,346.65,348.4,165,19608,0.1483
2025-09-02 12:30:00,24800,PE,941.63,968.22,963.3,964.89,148,19874,0.1422
2025-09-02 12:30:00,24850,CE,321.28,322.24,320.01,321.79,400,23495,0.1438
2025-09-02 12:30:00,24850,PE,1084.88,1100.81,1073.06,1076.3,110,24260,0.1431
2025-09-02 12:30:00,24900,CE,311.4,314.13,311.08,312.63,226,24004,0.1428
2025-09-02 12:30:00,24900,PE,1093.01,1094.62,1079.55,1090.58,159,20318,0.1444
2025-09-02 12:35:00,23500,CE,926.65,943.11,929.14,931.15,172,42953,0.1476
2025-09-02 12:35:00,23500,PE,355.2,352.55,347.2,348.97,448,43346,0.1465
2025-09-02 12:35:00,23550,CE,876.0,899.5,880.63,883.42,473,44207,0.1457
2025-09-02 12:35:00,23550,PE,327.61,326.79,322.54,325.58,98,47832,0.1428
2025-09-02 12:35:00,23600,CE,806.08,821.11,811.34,818.2,117,46459,0.1467
2025-09-02 12:35:00,23600,PE,332.71,337.77,331.68,331.84,307,48026,0.1458
2025-09-02 12:35:00,23650,CE,759.22,760.67,750.95,758.36,139,57454,0.1439
2025-09-02 12:35:00,23650,PE,346.87,344.14,338.44,342.28,589,61803,0.1459
2025-09-02 12:35:00,23700,CE,715.87,719.36,707.45,712.85,633,63955,0.1442
2025-09-02 12:35:00,23700,PE,330.72,330.77,328.54,330.42,30,61908,0.1454
2025-09-02 12:35:00,23750,CE,684.53,700.14,684.49,689.12,14,62951,0.148
2025-09-02 12:35:00,23750,PE,325.99,331.94,318.95,323.01,257,64944,0.1469
2025-09-02 12:35:00,23800,CE,610.28,626.46,610.99,614.32,853,70259,0.1457
2025-09-02 12:35:00,23800,PE,334.61,337.38,333.01,336.33,601,66685,0.1463
2025-09-02 12:35:00,23850,CE,526.8,534.31,531.86,533.22,516,81994,0.1464
2025-09-02 12:35:00,23850,PE,325.25,335.07,321.4,323.17,342,81979,0.1452
2025-09-02 12:35:00,23900,CE,515.38,527.98,512.83,516.36,610,74470,0.1499
2025-09-02 12:35:00,23900,PE,330.19,329.51,324.55,328.06,468,73038,0.1443
2025-09-02 12:35:00,23950,CE,456.29,470.85,457.26,460.72,777,62762,0.1457
2025-09-02 12:35:00,23950,PE,308.76,311.92,307.22,309.8,908,67183,0.1435
2025-09-02 12:35:00,24000,CE,416.29,421.21,414.97,417.04,1323,56546,0.1469
2025-09-02 12:35:00,24000,PE,310.61,316.05,312.2,312.68,1332,56887,0.1427
2025-09-02 12:35:00,24050,CE,377.51,376.21,369.89,371.98,660,52313,0.145
2025-09-02 12:35:00,24050,PE,317.3,320.92,313.76,317.09,803,51309,0.1467
2025-09-02 12:35:00,24100,CE,331.6,332.86,332.54,332.74,1003,48827,0.1466
2025-09-02 12:35:00,24100,PE,369.2,375.19,370.35,372.47,187,53976,0.1468
2025-09-02 12:35:00,24150,CE,328.53,338.28,322.66,330.04,1121,47011,0.1454
2025-09-02 12:35:00,24150,PE,397.4,395.5,392.41,394.23,334,46502,0.1437
2025-09-02 12:35:00,24200,CE,336.83,343.64,334.57,336.7,587,44802,0.1435
2025-09-02 12:35:00,24200,PE,446.2,454.15,453.07,454.07,471,44854,0.1462
2025-09-02 12:35:00,24250,CE,345.38,353.99,344.8,346.81,334,38063,0.1464
2025-09-02 12:35:00,24250,PE,507.09,528.91,503.63,510.15,932,41266,0.1453
2025-09-02 12:35:00,24300,CE,341.74,353.53,340.84,343.74,205,31857,0.1489
2025-09-02 12:35:00,24300,PE,555.45,561.94,554.32,555.88,864,35525,0.1448
2025-09-02 12:35:00,24350,CE,310.18,313.8,304.93,309.79,381,34250,0.1435
2025-09-02 12:35:00,24350,PE,601.29,616.92,599.35,603.92,292,33976,0.1426
2025-09-02 12:35:00,24400,CE,327.75,333.66,326.03,326.31,800,34596,0.1442
2025-09-02 12:35:00,24400,PE,643.5,649.38,638.53,640.72,663,33969,0.1471
2025-09-02 12:35:00,24450,CE,320.19,324.59,317.58,322.33,27,34174,0.1422
2025-09-02 12:35:00,24450,PE,693.75,694.23,689.67,692.53,547,29584,0.1471
2025-09-02 12:35:00,24500,CE,320.56,324.27,320.78,323.28,380,34132,0.1434
2025-09-02 12:35:00,24500,PE,745.56,743.7,732.38,735.55,558,29485,0.1439
2025-09-02 12:35:00,24550,CE,338.45,345.19,339.95,340.67,392,29788,0.1448
2025-09-02 12:35:00,24550,PE,789.38,808.55,783.24,791.0,387,24531,0.1464
2025-09-02 12:35:00,24600,CE,324.9,331.45,323.17,325.8,234,30940,0.1458
2025-09-02 12:35:00,24600,PE,870.93,868.83,867.17,867.31,208,25371,0.1453
2025-09-02 12:35:00,24650,CE,350.96,353.58,348.93,349.79,34,25326,0.1468
2025-09-02 12:35:00,24650,PE,927.2,931.1,915.07,915.08,592,19098,0.15
2025-09-02 12:35:00,24700,CE,329.73,328.0,323.35,324.42,147,31283,0.1455
2025-09-02 12:35:00,24700,PE,952.8,976.81,953.69,955.0,143,25348,0.1452
2025-09-02 12:35:00,24750,CE,319.12,324.66,315.47,320.39,529,23488,0.1442
2025-09-02 12:35:00,24750,PE,1006.99,1007.6,998.63,1002.05,495,23981,0.1444
2025-09-02 12:35:00,24800,CE,314.94,317.21,312.07,315.67,161,19407,0.1459
2025-09-02 12:35:00,24800,PE,1049.34,1065.33,1046.53,1049.43,54,20376,0.1412
2025-09-02 12:35:00,24850,CE,329.45,339.17,321.15,330.55,387,23785,0.1451
2025-09-02 12:35:00,24850,PE,1089.03,1097.36,1063.12,1081.42,18,24844,0.1451
2025-09-02 12:35:00,24900,CE,359.13,360.82,352.69,358.01,119,24202,0.1444
2025-09-02 12:35:00,24900,PE,1137.63,1151.04,1131.22,1135.75,266,19743,0.1455
2025-09-02 12:40:00,23500,CE,916.15,925.25,906.81,910.55,240,42531,0.1433
2025-09-02 12:40:00,23500,PE,333.29,341.85,333.53,333.74,110,43069,0.1415
2025-09-02 12:40:00,23550,CE,848.7,860.24,842.41,849.52,13,44450,0.1437
2025-09-02 12:40:00,23550,PE,332.2,341.24,330.56,331.52,471,48006,0.1467
2025-09-02 12:40:00,23600,CE,807.77,822.65,798.84,803.55,313,46105,0.1449
2025-09-02 12:40:00,23600,PE,335.9,338.78,333.5,334.54,418,48263,0.1473
2025-09-02 12:40:00,23650,CE,718.26,720.49,710.01,715.29,163,57188,0.1437
2025-09-02 12:40:00,23650,PE,351.73,351.79,346.25,346.38,621,62005,0.1464
2025-09-02 12:40:00,23700,CE,676.04,685.53,674.56,684.69,390,63727,0.1418
2025-09-02 12:40:00,23700,PE,332.03,335.86,331.8,332.7,181,61560,0.1445
2025-09-02 12:40:00,23750,CE,646.4,653.01,647.41,652.18,749,62944,0.1429
2025-09-02 12:40:00,23750,PE,344.25,346.36,344.94,344.96,480,65520,0.1468
2025-09-02 12:40:00,23800,CE,612.39,629.72,617.71,619.91,645,70434,0.1453
2025-09-02 12:40:00,23800,PE,337.32,340.21,333.67,337.19,219,66506,0.1457
2025-09-02 12:40:00,23850,CE,566.06,570.56,557.11,566.42,81,82016,0.1437
2025-09-02 12:40:00,23850,PE,349.28,352.1,344.82,347.68,289,81905,0.1483
2025-09-02 12:40:00,23900,CE,498.93,489.95,487.31,489.86,489,73907,0.144
2025-09-02 12:40:00,23900,PE,327.93,332.91,331.1,331.97,577,73247,0.1457
2025-09-02 12:40:00,23950,CE,454.62,451.95,446.29,449.51,1027,62408,0.1478
2025-09-02 12:40:00,23950,PE,332.22,340.61,329.03,331.96,515,67224,0.1475
2025-09-02 12:40:00,24000,CE,386.52,387.56,381.17,383.34,1213,56031,0.1427
2025-09-02 12:40:00,24000,PE,321.81,329.21,324.66,326.86,732,57235,0.1426
2025-09-02 12:40:00,24050,CE,341.91,338.92,334.25,337.89,96,51733,0.1449
2025-09-02 12:40:00,24050,PE,332.08,329.1,322.97,326.51,174,51094,0.1447
2025-09-02 12:40:00,24100,CE,341.94,345.06,343.18,343.3,210,48686,0.1444
2025-09-02 12:40:00,24100,PE,370.38,376.63,364.16,372.17,494,54302,0.1452
2025-09-02 12:40:00,24150,CE,334.93,336.19,331.66,332.1,533,47579,0.1436
2025-09-02 12:40:00,24150,PE,449.75,450.35,444.64,445.74,234,46131,0.148
2025-09-02 12:40:00,24200,CE,337.31,345.46,341.44,343.22,974,44368,0.1458
2025-09-02 12:40:00,24200,PE,461.17,468.22,461.26,464.94,466,45000,0.1438
2025-09-02 12:40:00,24250,CE,328.0,332.72,326.37,327.99,965,37723,0.1449
2025-09-02 12:40:00,24250,PE,515.48,529.02,512.74,516.44,311,40695,0.1438
2025-09-02 12:40:00,24300,CE,319.49,322.99,318.84,320.51,404,31535,0.1452
2025-09-02 12:40:00,24300,PE,561.37,579.47,564.45,565.81,294,35206,0.1461
2025-09-02 12:40:00,24350,CE,351.55,359.88,349.63,354.56,884,34311,0.1436
2025-09-02 12:40:00,24350,PE,629.12,636.78,631.15,632.72,451,33916,0.146
2025-09-02 12:40:00,24400,CE,365.22,366.34,356.44,362.2,483,34396,0.1458
2025-09-02 12:40:00,24400,PE,687.4,702.77,684.13,691.14,134,33715,0.1475
2025-09-02 12:40:00,24450,CE,341.21,348.86,340.46,342.57,250,33895,0.1463
2025-09-02 12:40:00,24450,PE,740.68,740.34,726.89,737.54,121,30018,0.1485
2025-09-02 12:40:00,24500,CE,327.15,323.47,318.95,323.25,309,34084,0.1447
2025-09-02 12:40:00,24500,PE,798.1,815.53,791.0,797.38,625,29910,0.1469
2025-09-02 12:40:00,24550,CE,329.07,329.32,327.69,328.89,169,30382,0.1474
2025-09-02 12:40:00,24550,PE,794.32,793.59,779.89,790.55,282,24525,0.1438
2025-09-02 12:40:00,24600,CE,348.99,353.04,346.24,349.7,574,31454,0.1433
2025-09-02 12:40:00,24600,PE,876.8,876.22,866.52,870.95,577,24980,0.1464
2025-09-02 12:40:00,24650,CE,319.47,322.43,314.28,320.58,54,25097,0.1431
2025-09-02 12:40:00,24650,PE,922.05,921.68,907.17,917.92,171,19288,0.1414
2025-09-02 12:40:00,24700,CE,319.02,322.02,319.99,320.13,95,30968,0.1448
2025-09-02 12:40:00,24700,PE,974.41,972.01,959.16,969.99,438,25458,0.1447
2025-09-02 12:40:00,24750,CE,323.99,328.55,319.66,324.73,414,23966,0.146
2025-09-02 12:40:00,24750,PE,1033.05,1029.7,1021.74,1028.81,486,24549,0.1418
2025-09-02 12:40:00,24800,CE,335.63,339.94,330.78,331.85,335,19448,0.1448
2025-09-02 12:40:00,24800,PE,1054.36,1056.06,1042.5,1045.1,319,20660,0.146
2025-09-02 12:40:00,24850,CE,325.72,322.37,319.92,320.54,411,23908,0.1459
2025-09-02 12:40:00,24850,PE,1144.62,1143.97,1117.0,1126.56,276,24747,0.1464
2025-09-02 12:40:00,24900,CE,336.66,339.54,332.38,336.68,366,24029,0.146
2025-09-02 12:40:00,24900,PE,1158.63,1187.77,1160.93,1166.18,158,19879,0.1424
2025-09-02 12:45:00,23500,CE,903.46,912.47,896.16,903.87,383,42345,0.1486
2025-09-02 12:45:00,23500,PE,318.74,331.79,318.36,320.16,16,43367,0.1443
2025-09-02 12:45:00,23550,CE,826.07,841.68,831.26,832.58,66,44001,0.1431
2025-09-02 12:45:00,23550,PE,369.01,369.52,365.64,369.09,79,48268,0.148
2025-09-02 12:45:00,23600,CE,802.12,819.42,797.34,806.57,516,46118,0.1467
2025-09-02 12:45:00,23600,PE,340.22,342.82,338.29,340.85,73,47761,0.1444
2025-09-02 12:45:00,23650,CE,747.2,756.38,744.85,748.28,416,57595,0.1518
2025-09-02 12:45:00,23650,PE,361.27,359.22,353.48,358.91,521,62064,0.147
2025-09-02 12:45:00,23700,CE,699.96,701.49,689.88,695.89,404,64008,0.1442
2025-09-02 12:45:00,23700,PE,348.33,350.9,342.59,345.34,177,61108,0.1484
2025-09-02 12:45:00,23750,CE,650.12,653.21,648.32,649.81,313,62530,0.1469
2025-09-02 12:45:00,23750,PE,325.52,333.57,321.76,326.94,241,65974,0.1445
2025-09-02 12:45:00,23800,CE,574.91,575.87,570.53,574.02,459,70394,0.1472
2025-09-02 12:45:00,23800,PE,323.55,327.6,325.6,326.06,707,66261,0.1439
2025-09-02 12:45:00,23850,CE,537.17,554.26,534.0,536.84,738,82038,0.1453
2025-09-02 12:45:00,23850,PE,327.57,326.16,322.59,323.81,600,81750,0.1465
2025-09-02 12:45:00,23900,CE,495.98,508.61,492.02,502.76,1077,74475,0.1477
2025-09-02 12:45:00,23900,PE,349.37,352.27,345.93,351.33,161,72883,0.1438
2025-09-02 12:45:00,23950,CE,411.97,418.92,416.46,418.7,984,62444,0.1438
2025-09-02 12:45:00,23950,PE,343.61,344.0,343.09,343.55,1013,67022,0.146
2025-09-02 12:45:00,24000,CE,384.15,390.13,374.91,380.68,981,55629,0.1438
2025-09-02 12:45:00,24000,PE,321.8,322.53,320.48,322.22,1448,57452,0.145
2025-09-02 12:45:00,24050,CE,334.74,334.93,333.34,334.48,1152,51297,0.1448
2025-09-02 12:45:00,24050,PE,334.99,337.6,333.29,334.24,1584,50823,0.1432
2025-09-02 12:45:00,24100,CE,333.68,335.74,329.51,332.42,211,48670,0.1467
2025-09-02 12:45:00,24100,PE,375.99,381.59,377.44,377.69,1495,54210,0.1444
2025-09-02 12:45:00,24150,CE,316.55,325.03,323.28,323.36,31,48071,0.1438
2025-09-02 12:45:00,24150,PE,405.32,406.87,403.31,405.48,883,46312,0.1406
2025-09-02 12:45:00,24200,CE,329.86,342.83,333.54,336.65,666,43851,0.1452
2025-09-02 12:45:00,24200,PE,483.84,486.28,473.96,482.05,832,44571,0.1444
2025-09-02 12:45:00,24250,CE,328.31,327.06,323.52,326.38,232,37826,0.1428
2025-09-02 12:45:00,24250,PE,505.6,512.33,501.6,508.82,555,40365,0.1497
2025-09-02 12:45:00,24300,CE,339.62,345.98,339.99,340.88,78,31169,0.1445
2025-09-02 12:45:00,24300,PE,569.0,567.87,562.5,567.32,57,35791,0.1428
2025-09-02 12:45:00,24350,CE,340.66,344.2,339.44,341.0,81,34562,0.1458
2025-09-02 12:45:00,24350,PE,637.57,648.5,633.03,642.09,336,33678,0.1468
2025-09-02 12:45:00,24400,CE,330.3,338.5,331.06,332.45,15,33829,0.1441
2025-09-02 12:45:00,24400,PE,668.04,667.67,659.67,666.05,799,34069,0.1436
2025-09-02 12:45:00,24450,CE,337.04,335.77,331.7,332.35,217,33987,0.1453
2025-09-02 12:45:00,24450,PE,731.76,719.73,711.63,718.08,667,29791,0.1464
2025-09-02 12:45:00,24500,CE,329.2,333.3,327.42,329.67,664,34116,0.146
2025-09-02 12:45:00,24500,PE,788.48,794.09,774.28,782.86,320,30385,0.1462
2025-09-02 12:45:00,24550,CE,346.68,352.63,344.82,349.32,301,29858,0.1462
2025-09-02 12:45:00,24550,PE,837.36,840.06,822.35,830.02,104,24803,0.147
2025-09-02 12:45:00,24600,CE,303.85,306.88,301.52,303.36,386,31889,0.1437
2025-09-02 12:45:00,24600,PE,845.27,863.35,861.5,861.66,127,25004,0.1448
2025-09-02 12:45:00,24650,CE,349.14,358.56,346.01,348.97,220,25650,0.1475
2025-09-02 12:45:00,24650,PE,936.65,944.79,920.4,940.0,459,18966,0.1433
2025-09-02 12:45:00,24700,CE,334.54,329.39,326.16,327.9,404,31233,0.1454
2025-09-02 12:45:00,24700,PE,972.01,976.36,974.63,974.76,216,25367,0.1442
2025-09-02 12:45:00,24750,CE,361.87,362.15,359.77,360.68,128,23820,0.145
2025-09-02 12:45:00,24750,PE,1010.06,1015.61,1006.71,1010.41,59,24712,0.1449
2025-09-02 12:45:00,24800,CE,333.58,340.92,340.03,340.41,249,19579,0.1435
2025-09-02 12:45:00,24800,PE,1087.28,1111.77,1080.33,1088.2,470,20500,0.1481
2025-09-02 12:45:00,24850,CE,321.51,324.44,319.86,322.7,65,23758,0.1439
2025-09-02 12:45:00,24850,PE,1089.43,1110.67,1082.27,1096.6,168,24722,0.1437
2025-09-02 12:45:00,24900,CE,322.45,326.35,316.53,321.91,376,24620,0.1428
2025-09-02 12:45:00,24900,PE,1204.6,1204.39,1185.15,1187.84,284,20237,0.1454
2025-09-02 12:50:00,23500,CE,873.35,872.5,853.14,869.9,184,42184,0.1435
2025-09-02 12:50:00,23500,PE,328.01,326.74,322.07,324.33,540,43202,0.1488
2025-09-02 12:50:00,23550,CE,808.74,814.14,793.62,810.57,249,44477,0.1451
2025-09-02 12:50:00,23550,PE,369.3,365.81,362.08,365.32,527,48603,0.1451
2025-09-02 12:50:00,23600,CE,738.05,750.09,732.68,743.0,511,46302,0.141
2025-09-02 12:50:00,23600,PE,343.36,349.51,338.51,344.19,391,48017,0.1506
2025-09-02 12:50:00,23650,CE,728.61,730.74,722.48,722.77,38,57063,0.1481
2025-09-02 12:50:00,23650,PE,340.02,342.53,330.9,336.45,657,61575,0.1468
2025-09-02 12:50:00,23700,CE,664.3,682.05,666.82,669.58,534,63786,0.1446
2025-09-02 12:50:00,23700,PE,333.63,334.08,327.48,333.53,612,61075,0.1449
2025-09-02 12:50:00,23750,CE,603.98,621.09,600.6,603.89,279,62783,0.144
2025-09-02 12:50:00,23750,PE,320.32,319.54,313.44,317.25,871,66312,0.1433
2025-09-02 12:50:00,23800,CE,570.32,562.33,553.53,559.26,235,70855,0.1444
2025-09-02 12:50:00,23800,PE,323.54,323.27,321.87,323.12,974,65986,0.1442
2025-09-02 12:50:00,23850,CE,528.1,523.15,518.03,520.79,708,82335,0.1441
2025-09-02 12:50:00,23850,PE,344.35,347.06,343.39,343.6,679,82343,0.1442
2025-09-02 12:50:00,23900,CE,474.51,482.15,472.28,472.57,320,74124,0.1457
2025-09-02 12:50:00,23900,PE,323.47,336.12,323.27,324.76,1076,72366,0.1435
2025-09-02 12:50:00,23950,CE,411.14,418.06,407.12,411.12,65,62919,0.1461
2025-09-02 12:50:00,23950,PE,339.65,345.01,342.19,344.61,1174,66583,0.1453
2025-09-02 12:50:00,24000,CE,354.34,354.64,352.07,354.61,1326,55892,0.1473
2025-09-02 12:50:00,24000,PE,317.6,319.59,316.65,317.85,1452,57316,0.1441
2025-09-02 12:50:00,24050,CE,359.96,361.11,358.08,358.27,571,51123,0.1479
2025-09-02 12:50:00,24050,PE,347.47,356.49,351.94,352.02,1128,51351,0.1464
2025-09-02 12:50:00,24100,CE,310.11,310.09,309.07,309.9,1371,48491,0.1402
2025-09-02 12:50:00,24100,PE,410.63,411.28,410.13,410.54,120,54099,0.147
2025-09-02 12:50:00,24150,CE,324.12,329.52,325.61,325.91,580,47489,0.1483
2025-09-02 12:50:00,24150,PE,429.52,432.4,427.14,427.41,1243,45932,0.1417
2025-09-02 12:50:00,24200,CE,323.88,328.18,319.31,325.68,660,43684,0.1428
2025-09-02 12:50:00,24200,PE,479.5,482.48,473.24,477.93,809,44770,0.1463
2025-09-02 12:50:00,24250,CE,314.98,330.28,321.17,321.53,925,37302,0.1431
2025-09-02 12:50:00,24250,PE,538.68,544.98,539.54,544.65,295,40184,0.1458
2025-09-02 12:50:00,24300,CE,339.61,350.04,345.97,346.98,827,31007,0.1441
2025-09-02 12:50:00,24300,PE,598.96,612.64,591.76,596.71,477,36140,0.1448
2025-09-02 12:50:00,24350,CE,331.36,331.96,326.13,329.67,774,34291,0.1456
2025-09-02 12:50:00,24350,PE,664.85,667.31,656.21,659.21,561,34148,0.1461
2025-09-02 12:50:00,24400,CE,342.87,352.93,343.84,346.74,218,34361,0.1459
2025-09-02 12:50:00,24400,PE,699.27,708.68,704.76,705.45,313,33734,0.1435
2025-09-02 12:50:00,24450,CE,315.0,318.01,313.78,314.61,576,33840,0.1456
2025-09-02 12:50:00,24450,PE,736.66,743.91,728.49,733.64,306,30071,0.1441
2025-09-02 12:50:00,24500,CE,323.01,326.12,320.74,321.2,157,33838,0.1465
2025-09-02 12:50:00,24500,PE,805.21,813.06,802.57,803.58,484,30776,0.144
2025-09-02 12:50:00,24550,CE,316.31,324.38,317.08,317.19,121,30426,0.1468
2025-09-02 12:50:00,24550,PE,853.13,850.98,845.58,850.3,41,24960,0.1477
2025-09-02 12:50:00,24600,CE,348.86,349.05,338.41,342.76,254,31482,0.1474
2025-09-02 12:50:00,24600,PE,897.96,909.43,888.15,889.24,466,24406,0.144
2025-09-02 12:50:00,24650,CE,320.4,322.85,316.87,316.92,163,25541,0.142
2025-09-02 12:50:00,24650,PE,951.13,963.81,946.48,950.33,390,18638,0.144
2025-09-02 12:50:00,24700,CE,334.56,334.14,326.52,330.11,36,31561,0.1443
2025-09-02 12:50:00,24700,PE,1012.09,998.78,987.01,997.36,51,25330,0.147
2025-09-02 12:50:00,24750,CE,336.46,341.29,337.01,337.02,338,23978,0.1435
2025-09-02 12:50:00,24750,PE,1051.87,1061.06,1040.52,1041.3,60,24839,0.1473
2025-09-02 12:50:00,24800,CE,343.21,341.4,328.9,335.38,13,19022,0.1444
2025-09-02 12:50:00,24800,PE,1084.64,1115.05,1085.9,1092.76,119,20749,0.1432
2025-09-02 12:50:00,24850,CE,320.93,329.78,318.52,321.86,102,24148,0.1414
2025-09-02 12:50:00,24850,PE,1151.47,1160.26,1146.63,1151.15,69,24687,0.1472
2025-09-02 12:50:00,24900,CE,315.67,317.69,313.51,316.96,214,24718,0.1443
2025-09-02 12:50:00,24900,PE,1190.58,1194.29,1167.97,1186.79,170,19809,0.1453
2025-09-02 12:55:00,23500,CE,841.91,859.81,843.37,852.55,460,42374,0.1463
2025-09-02 12:55:00,23500,PE,338.09,340.0,336.14,337.82,416,43729,0.1447
2025-09-02 12:55:00,23550,CE,793.3,805.64,773.98,788.26,596,44731,0.146
2025-09-02 12:55:00,23550,PE,323.78,323.28,320.15,320.91,298,48020,0.1482
2025-09-02 12:55:00,23600,CE,775.32,776.39,768.1,770.72,165,46073,0.144
2025-09-02 12:55:00,23600,PE,336.01,338.22,335.69,337.02,221,48561,0.1468
2025-09-02 12:55:00,23650,CE,706.18,707.65,706.66,707.42,61,57264,0.1455
2025-09-02 12:55:00,23650,PE,339.08,342.17,333.05,335.31,382,61364,0.1453
2025-09-02 12:55:00,23700,CE,643.54,652.59,646.57,649.2,621,63906,0.1437
2025-09-02 12:55:00,23700,PE,322.03,330.83,325.51,325.75,711,60670,0.144
2025-09-02 12:55:00,23750,CE,595.81,604.03,592.66,595.61,259,63292,0.1469
2025-09-02 12:55:00,23750,PE,320.85,323.68,318.84,320.78,801,66179,0.1451
2025-09-02 12:55:00,23800,CE,569.63,586.61,571.66,575.09,419,70485,0.1454
2025-09-02 12:55:00,23800,PE,335.25,339.99,332.27,335.98,96,65475,0.1477
2025-09-02 12:55:00,23850,CE,496.73,499.86,490.23,497.96,25,81776,0.1451
2025-09-02 12:55:00,23850,PE,326.12,333.56,322.63,323.15,432,82517,0.146
2025-09-02 12:55:00,23900,CE,455.04,461.0,450.83,456.28,823,74341,0.1444
2025-09-02 12:55:00,23900,PE,340.31,342.06,339.0,339.96,824,72556,0.1443
2025-09-02 12:55:00,23950,CE,392.31,394.21,387.37,392.19,573,62695,0.1459
2025-09-02 12:55:00,23950,PE,322.93,325.47,319.96,320.46,631,66934,0.1438
2025-09-02 12:55:00,24000,CE,337.98,340.14,335.03,336.95,931,56299,0.1479
2025-09-02 12:55:00,24000,PE,319.9,327.74,319.77,322.79,579,57439,0.1438
2025-09-02 12:55:00,24050,CE,323.68,330.29,321.7,325.35,1042,51261,0.1463
2025-09-02 12:55:00,24050,PE,358.28,357.5,356.12,356.64,194,50981,0.1462
2025-09-02 12:55:00,24100,CE,339.81,344.21,339.95,342.1,868,48920,0.1457
2025-09-02 12:55:00,24100,PE,411.65,423.3,410.54,413.32,681,53600,0.1437
2025-09-02 12:55:00,24150,CE,349.79,355.13,345.57,349.14,1059,47851,0.1457
2025-09-02 12:55:00,24150,PE,451.5,453.13,448.53,452.19,988,45834,0.1456
2025-09-02 12:55:00,24200,CE,321.72,323.74,318.58,319.48,709,43201,0.1445
2025-09-02 12:55:00,24200,PE,491.29,495.5,487.44,489.28,45,44243,0.143
2025-09-02 12:55:00,24250,CE,318.32,320.85,317.64,319.78,425,37888,0.1446
2025-09-02 12:55:00,24250,PE,565.09,568.87,556.1,563.77,68,40266,0.1452
2025-09-02 12:55:00,24300,CE,314.06,320.08,313.9,315.6,676,30940,0.1452
2025-09-02 12:55:00,24300,PE,611.41,606.43,606.19,606.21,60,36650,0.1466
2025-09-02 12:55:00,24350,CE,337.58,335.97,333.03,335.23,736,34246,0.1442
2025-09-02 12:55:00,24350,PE,649.11,659.16,653.84,655.06,689,34564,0.148
2025-09-02 12:55:00,24400,CE,309.72,320.4,310.71,312.08,496,34785,0.1471
2025-09-02 12:55:00,24400,PE,710.94,713.6,704.0,708.01,532,34034,0.143
2025-09-02 12:55:00,24450,CE,333.07,334.19,330.39,331.36,87,33354,0.1448
2025-09-02 12:55:00,24450,PE,755.95,760.89,744.04,749.45,120,30616,0.1455
2025-09-02 12:55:00,24500,CE,342.95,350.85,339.44,343.18,276,33990,0.1445
2025-09-02 12:55:00,24500,PE,826.96,828.95,807.94,819.99,381,30666,0.148
2025-09-02 12:55:00,24550,CE,310.95,315.74,309.44,311.8,439,30745,0.144
2025-09-02 12:55:00,24550,PE,842.44,856.41,838.38,845.11,588,24448,0.1444
2025-09-02 12:55:00,24600,CE,315.92,318.99,316.75,316.93,214,31096,0.1446
2025-09-02 12:55:00,24600,PE,908.79,911.47,895.39,898.31,321,24619,0.145
2025-09-02 12:55:00,24650,CE,302.53,311.51,297.1,303.56,106,25696,0.1416
2025-09-02 12:55:00,24650,PE,944.75,958.8,949.17,951.34,36,18667,0.1413
2025-09-02 12:55:00,24700,CE,313.05,313.18,309.65,312.62,507,31770,0.1448
2025-09-02 12:55:00,24700,PE,1022.38,1027.81,1015.12,1026.23,408,25869,0.1454
2025-09-02 12:55:00,24750,CE,335.57,337.13,334.65,335.91,261,23534,0.1418
2025-09-02 12:55:00,24750,PE,1058.74,1070.35,1056.78,1063.69,292,24650,0.1435
2025-09-02 12:55:00,24800,CE,351.56,349.53,348.85,349.4,450,18774,0.1461
2025-09-02 12:55:00,24800,PE,1108.21,1142.18,1111.02,1128.66,252,21271,0.1443
2025-09-02 12:55:00,24850,CE,334.74,338.27,333.52,335.97,338,23772,0.1459
2025-09-02 12:55:00,24850,PE,1159.16,1195.48,1155.14,1157.7,392,24528,0.145
2025-09-02 12:55:00,24900,CE,337.48,339.37,336.56,337.05,307,25205,0.1452
2025-09-02 12:55:00,24900,PE,1207.8,1225.09,1198.27,1199.44,421,20013,0.1491
2025-09-02 13:00:00,23500,CE,878.03,894.34,874.97,881.52,455,41811,0.146
2025-09-02 13:00:00,23500,PE,324.43,331.67,324.67,325.36,583,44281,0.1432
2025-09-02 13:00:00,23550,CE,815.26,818.77,802.35,805.69,148,44203,0.1457
2025-09-02 13:00:00,23550,PE,331.05,329.16,320.77,328.25,618,48046,0.1435
2025-09-02 13:00:00,23600,CE,761.8,761.33,745.73,754.03,133,45763,0.1435
2025-09-02 13:00:00,23600,PE,307.51,314.08,310.26,310.63,467,48719,0.1491
2025-09-02 13:00:00,23650,CE,694.71,716.43,696.91,700.07,464,57004,0.1444
2025-09-02 13:00:00,23650,PE,333.43,334.3,331.53,332.89,576,61745,0.1467
2025-09-02 13:00:00,23700,CE,657.03,653.93,640.25,651.95,46,63984,0.1439
2025-09-02 13:00:00,23700,PE,330.54,336.96,332.59,333.88,571,60445,0.1464
2025-09-02 13:00:00,23750,CE,605.92,613.03,599.49,605.06,622,63730,0.1441
2025-09-02 13:00:00,23750,PE,319.8,319.8,318.5,319.46,794,66511,0.1455
2025-09-02 13:00:00,23800,CE,569.2,574.68,569.56,574.04,691,70476,0.1417
2025-09-02 13:00:00,23800,PE,317.33,325.05,317.69,323.33,107,65464,0.14
2025-09-02 13:00:00,23850,CE,509.68,512.79,510.52,512.11,847,81737,0.1433
2025-09-02 13:00:00,23850,PE,327.15,329.49,326.69,327.02,998,82565,0.1499
2025-09-02 13:00:00,23900,CE,480.94,485.83,474.63,485.04,28,74770,0.1469
2025-09-02 13:00:00,23900,PE,342.29,356.61,345.25,345.66,545,72044,0.145
2025-09-02 13:00:00,23950,CE,405.44,408.25,406.93,407.2,949,62561,0.1467
2025-09-02 13:00:00,23950,PE,326.78,329.03,320.24,323.32,1079,67234,0.1447
2025-09-02 13:00:00,24000,CE,359.49,366.24,363.93,365.46,1506,56855,0.1448
2025-09-02 13:00:00,24000,PE,344.21,350.34,348.36,348.94,1204,57022,0.147
2025-09-02 13:00:00,24050,CE,328.94,331.69,323.41,328.6,1413,50713,0.145
2025-09-02 13:00:00,24050,PE,336.12,333.96,327.15,333.52,804,51347,0.1446
2025-09-02 13:00:00,24100,CE,342.09,350.62,336.99,343.24,1326,49484,0.144
2025-09-02 13:00:00,24100,PE,397.65,404.71,390.92,400.79,207,53857,0.1443
2025-09-02 13:00:00,24150,CE,337.02,340.47,333.03,335.18,125,47915,0.1433
2025-09-02 13:00:00,24150,PE,431.47,440.13,433.82,436.33,460,45514,0.1459
2025-09-02 13:00:00,24200,CE,344.68,346.3,341.87,344.62,853,43751,0.1489
2025-09-02 13:00:00,24200,PE,492.71,489.38,481.88,486.31,405,44509,0.1433
2025-09-02 13:00:00,24250,CE,316.67,318.03,314.49,315.72,783,38120,0.1444
2025-09-02 13:00:00,24250,PE,529.66,535.72,521.84,524.0,349,40724,0.1446
2025-09-02 13:00:00,24300,CE,327.62,339.89,326.23,328.32,657,31390,0.1473
2025-09-02 13:00:00,24300,PE,595.86,609.78,602.3,603.17,238,36146,0.145
2025-09-02 13:00:00,24350,CE,359.6,367.2,359.63,361.09,586,33669,0.1481
2025-09-02 13:00:00,24350,PE,640.18,651.01,635.3,644.04,179,34231,0.1458
2025-09-02 13:00:00,24400,CE,330.59,327.84,323.01,324.81,161,35277,0.1458
2025-09-02 13:00:00,24400,PE,680.91,700.23,684.42,690.89,683,34074,0.1463
2025-09-02 13:00:00,24450,CE,333.91,331.22,326.12,330.76,492,33531,0.143
2025-09-02 13:00:00,24450,PE,771.76,780.32,768.95,771.7,632,30431,0.1442
2025-09-02 13:00:00,24500,CE,330.72,341.86,328.1,333.46,478,33899,0.1444
2025-09-02 13:00:00,24500,PE,832.02,837.17,814.34,822.2,349,30426,0.147
2025-09-02 13:00:00,24550,CE,314.46,317.93,316.11,316.11,478,31273,0.1455
2025-09-02 13:00:00,24550,PE,863.98,875.39,861.19,863.69,621,24342,0.1475
2025-09-02 13:00:00,24600,CE,339.5,339.61,337.83,339.16,60,31499,0.1451
2025-09-02 13:00:00,24600,PE,881.38,894.46,883.69,890.76,25,24205,0.1452
2025-09-02 13:00:00,24650,CE,317.29,320.08,314.53,314.63,502,25476,0.1422
2025-09-02 13:00:00,24650,PE,912.24,917.61,901.37,909.24,309,18284,0.145
2025-09-02 13:00:00,24700,CE,311.63,316.54,313.34,313.62,149,31522,0.1413
2025-09-02 13:00:00,24700,PE,1004.22,1000.92,982.55,993.08,123,26070,0.1479
2025-09-02 13:00:00,24750,CE,342.74,347.9,342.78,345.28,342,23103,0.1457
2025-09-02 13:00:00,24750,PE,1038.2,1037.77,1021.43,1034.42,494,24693,0.1434
2025-09-02 13:00:00,24800,CE,326.88,331.66,327.14,327.88,348,18177,0.1483
2025-09-02 13:00:00,24800,PE,1111.77,1120.81,1101.08,1107.5,191,21850,0.148
2025-09-02 13:00:00,24850,CE,318.14,326.2,317.5,322.18,394,23214,0.1436
2025-09-02 13:00:00,24850,PE,1138.59,1167.63,1133.76,1148.74,311,24833,0.1448
2025-09-02 13:00:00,24900,CE,330.49,340.96,333.29,335.66,66,25648,0.1446
2025-09-02 13:00:00,24900,PE,1199.53,1209.68,1178.81,1194.26,84,20608,0.1465
2025-09-02 13:05:00,23500,CE,868.85,866.69,850.08,858.03,16,41991,0.148
2025-09-02 13:05:00,23500,PE,319.55,322.72,318.07,321.19,159,44408,0.1464
2025-09-02 13:05:00,23550,CE,799.85,802.39,795.9,796.41,523,44272,0.1467
2025-09-02 13:05:00,23550,PE,357.65,360.11,356.11,358.37,509,48363,0.147
2025-09-02 13:05:00,23600,CE,738.04,753.09,732.9,739.46,249,46207,0.144
2025-09-02 13:05:00,23600,PE,336.72,336.46,332.74,335.41,70,48752,0.1449
2025-09-02 13:05:00,23650,CE,691.2,694.59,683.34,690.63,595,57268,0.1436
2025-09-02 13:05:00,23650,PE,325.22,326.81,317.84,323.63,258,62299,0.1419
2025-09-02 13:05:00,23700,CE,617.73,637.51,620.36,622.63,842,63518,0.1455
2025-09-02 13:05:00,23700,PE,339.05,347.34,341.7,343.76,94,60552,0.1473
2025-09-02 13:05:00,23750,CE,572.37,593.62,578.76,581.34,187,63210,0.1464
2025-09-02 13:05:00,23750,PE,344.94,351.51,348.33,348.65,761,66433,0.1476
2025-09-02 13:05:00,23800,CE,551.54,560.45,552.65,554.37,890,70747,0.1449
2025-09-02 13:05:00,23800,PE,361.9,358.99,356.7,356.91,685,65320,0.1486
2025-09-02 13:05:00,23850,CE,497.51,496.9,491.46,492.75,860,81257,0.145
2025-09-02 13:05:00,23850,PE,301.62,301.11,297.9,300.11,369,82960,0.1461
2025-09-02 13:05:00,23900,CE,422.98,435.98,422.74,429.23,887,74462,0.1458
2025-09-02 13:05:00,23900,PE,320.75,328.39,323.08,323.36,1105,72046,0.1461
2025-09-02 13:05:00,23950,CE,406.67,413.35,406.78,408.57,1099,62140,0.1442
2025-09-02 13:05:00,23950,PE,325.11,332.46,325.13,325.57,225,67821,0.1457
2025-09-02 13:05:00,24000,CE,333.27,338.38,332.08,335.08,1603,56714,0.1466
2025-09-02 13:05:00,24000,PE,324.77,338.79,326.08,327.86,1627,57408,0.1471
2025-09-02 13:05:00,24050,CE,344.02,348.48,342.52,345.56,442,50574,0.1443
2025-09-02 13:05:00,24050,PE,372.17,377.09,371.91,372.62,839,51166,0.1454
2025-09-02 13:05:00,24100,CE,347.28,346.13,340.72,345.32,402,49172,0.1456
2025-09-02 13:05:00,24100,PE,410.64,418.44,407.48,408.84,871,53742,0.1437
2025-09-02 13:05:00,24150,CE,301.74,302.22,299.9,299.92,1153,48365,0.145
2025-09-02 13:05:00,24150,PE,481.46,485.17,479.44,481.44,134,45707,0.1452
2025-09-02 13:05:00,24200,CE,317.45,318.92,318.23,318.33,680,43214,0.1428
2025-09-02 13:05:00,24200,PE,525.79,534.38,517.36,525.19,843,44558,0.1449
2025-09-02 13:05:00,24250,CE,351.13,348.66,340.08,346.86,803,38117,0.1442
2025-09-02 13:05:00,24250,PE,579.86,592.21,578.54,582.63,414,40948,0.1481
2025-09-02 13:05:00,24300,CE,343.26,344.09,336.75,340.49,674,31696,0.1467
2025-09-02 13:05:00,24300,PE,634.25,642.71,630.62,631.48,430,36224,0.1478
2025-09-02 13:05:00,24350,CE,345.05,347.05,341.58,345.96,800,34120,0.1441
2025-09-02 13:05:00,24350,PE,666.31,670.52,664.06,669.59,328,34401,0.1459
2025-09-02 13:05:00,24400,CE,329.97,336.65,330.81,332.65,133,35082,0.1471
2025-09-02 13:05:00,24400,PE,735.4,747.94,738.93,740.84,406,33925,0.1442
2025-09-02 13:05:00,24450,CE,340.89,340.04,336.05,339.82,647,33961,0.1411
2025-09-02 13:05:00,24450,PE,791.09,790.84,768.31,780.15,30,30142,0.1468
2025-09-02 13:05:00,24500,CE,337.98,344.31,339.57,342.12,111,33470,0.1426
2025-09-02 13:05:00,24500,PE,797.08,806.93,804.24,806.14,359,30728,0.1458
2025-09-02 13:05:00,24550,CE,312.42,317.39,312.89,314.82,447,31185,0.1441
2025-09-02 13:05:00,24550,PE,857.32,864.09,851.66,860.78,254,24014,0.1403
2025-09-02 13:05:00,24600,CE,320.22,320.29,316.27,318.82,496,31894,0.1435
2025-09-02 13:05:00,24600,PE,943.17,950.21,932.87,938.34,217,23826,0.1451
2025-09-02 13:05:00,24650,CE,331.58,336.96,324.48,329.97,259,25754,0.1451
2025-09-02 13:05:00,24650,PE,979.54,990.07,975.12,983.51,157,18092,0.1452
2025-09-02 13:05:00,24700,CE,330.81,331.4,326.02,327.53,84,31776,0.144
2025-09-02 13:05:00,24700,PE,1025.62,1034.22,1019.93,1020.56,455,26397,0.1433
2025-09-02 13:05:00,24750,CE,315.33,320.46,317.17,320.16,395,22691,0.1434
2025-09-02 13:05:00,24750,PE,1086.67,1082.54,1071.87,1081.03,426,25082,0.1456
2025-09-02 13:05:00,24800,CE,328.67,338.34,322.88,326.79,153,18319,0.1464
2025-09-02 13:05:00,24800,PE,1110.14,1124.85,1087.92,1115.49,41,22280,0.1433
2025-09-02 13:05:00,24850,CE,334.71,344.28,334.43,336.2,9,22651,0.1424
2025-09-02 13:05:00,24850,PE,1145.85,1156.09,1153.07,1154.67,277,25141,0.1438
2025-09-02 13:05:00,24900,CE,329.31,331.23,326.95,328.71,350,26231,0.1405
2025-09-02 13:05:00,24900,PE,1230.43,1264.2,1225.08,1237.91,15,20851,0.1427
2025-09-02 13:10:00,23500,CE,802.31,820.34,799.22,800.16,219,42492,0.146
2025-09-02 13:10:00,23500,PE,318.52,324.8,321.57,323.01,203,44305,0.1493
2025-09-02 13:10:00,23550,CE,754.62,767.99,759.35,761.14,223,44513,0.1479
2025-09-02 13:10:00,23550,PE,320.0,324.83,319.19,322.98,649,48443,0.1433
2025-09-02 13:10:00,23600,CE,693.01,699.92,690.1,690.81,278,46009,0.1426
2025-09-02 13:10:00,23600,PE,346.39,349.36,342.61,346.06,532,48899,0.1466
2025-09-02 13:10:00,23650,CE,652.36,660.9,650.39,653.78,212,57101,0.1454
2025-09-02 13:10:00,23650,PE,324.23,327.44,324.56,325.21,794,62838,0.1444
2025-09-02 13:10:00,23700,CE,590.01,599.03,592.36,597.53,365,63875,0.1461
2025-09-02 13:10:00,23700,PE,344.58,346.09,339.3,339.83,79,60997,0.1464
2025-09-02 13:10:00,23750,CE,576.31,578.83,576.75,576.82,333,63372,0.1469
2025-09-02 13:10:00,23750,PE,314.94,319.66,312.88,313.27,627,66841,0.1434
2025-09-02 13:10:00,23800,CE,498.15,499.74,496.89,497.08,1072,70587,0.1438
2025-09-02 13:10:00,23800,PE,312.6,320.65,315.68,319.02,614,65513,0.1415
2025-09-02 13:10:00,23850,CE,447.57,456.49,447.36,451.4,747,81057,0.1444
2025-09-02 13:10:00,23850,PE,328.65,335.84,331.45,332.42,495,83073,0.1416
2025-09-02 13:10:00,23900,CE,422.0,420.76,409.42,417.28,1357,73947,0.1497
2025-09-02 13:10:00,23900,PE,353.16,358.34,355.26,356.03,345,72396,0.147
2025-09-02 13:10:00,23950,CE,337.97,336.88,333.05,333.36,1015,62046,0.1428
2025-09-02 13:10:00,23950,PE,331.24,331.51,322.78,327.33,616,68401,0.1421
2025-09-02 13:10:00,24000,CE,322.19,324.26,321.35,322.86,1431,57143,0.1454
2025-09-02 13:10:00,24000,PE,360.15,360.44,355.08,357.04,481,57545,0.1441
2025-09-02 13:10:00,24050,CE,320.76,322.28,316.93,319.54,1334,50293,0.1448
2025-09-02 13:10:00,24050,PE,404.43,417.84,409.51,410.83,306,51321,0.1463
2025-09-02 13:10:00,24100,CE,346.22,352.22,348.74,350.22,255,49480,0.1493
2025-09-02 13:10:00,24100,PE,474.33,476.49,466.73,473.08,1056,53708,0.1486
2025-09-02 13:10:00,24150,CE,327.18,338.79,326.92,329.44,1079,48475,0.1458
2025-09-02 13:10:00,24150,PE,507.45,511.17,507.83,508.47,457,46158,0.1471
2025-09-02 13:10:00,24200,CE,327.92,337.55,329.8,331.95,617,42778,0.1475
2025-09-02 13:10:00,24200,PE,561.43,566.09,558.51,564.22,848,44557,0.145
2025-09-02 13:10:00,24250,CE,339.28,341.53,338.02,340.12,315,38556,0.1477
2025-09-02 13:10:00,24250,PE,628.79,631.2,626.87,627.13,694,40817,0.1453
2025-09-02 13:10:00,24300,CE,340.3,341.05,336.5,338.86,808,32156,0.1441
2025-09-02 13:10:00,24300,PE,671.39,675.52,667.33,667.37,153,36293,0.146
2025-09-02 13:10:00,24350,CE,354.85,356.09,345.55,352.77,488,34001,0.1441
2025-09-02 13:10:00,24350,PE,748.0,745.89,733.32,741.85,409,34990,0.148
2025-09-02 13:10:00,24400,CE,330.11,335.91,327.13,328.03,404,34676,0.1462
2025-09-02 13:10:00,24400,PE,761.21,769.45,764.36,765.5,602,33741,0.1431
2025-09-02 13:10:00,24450,CE,309.42,311.66,307.16,307.71,118,33624,0.143
2025-09-02 13:10:00,24450,PE,794.06,796.21,786.88,789.29,549,30721,0.1428
2025-09-02 13:10:00,24500,CE,329.22,328.5,327.69,328.45,122,33050,0.1418
2025-09-02 13:10:00,24500,PE,872.28,886.88,867.75,877.69,601,30271,0.1437
2025-09-02 13:10:00,24550,CE,317.41,322.88,316.44,318.38,328,30901,0.1425
2025-09-02 13:10:00,24550,PE,907.09,911.68,891.84,902.56,123,24144,0.1469
2025-09-02 13:10:00,24600,CE,324.88,326.48,320.95,323.6,104,31611,0.1447
2025-09-02 13:10:00,24600,PE,938.96,952.6,940.37,943.59,359,23618,0.1439
2025-09-02 13:10:00,24650,CE,326.95,332.71,326.54,329.6,514,25794,0.1491
2025-09-02 13:10:00,24650,PE,1011.52,1021.72,999.03,1008.67,65,18255,0.1447
2025-09-02 13:10:00,24700,CE,335.51,337.74,333.66,336.41,304,31871,0.1474
2025-09-02 13:10:00,24700,PE,1083.98,1118.95,1075.5,1085.32,476,26534,0.1484
2025-09-02 13:10:00,24750,CE,324.24,329.13,324.82,326.08,357,22896,0.1448
2025-09-02 13:10:00,24750,PE,1123.56,1129.75,1121.39,1125.26,125,25534,0.146
2025-09-02 13:10:00,24800,CE,317.05,320.72,310.75,314.85,307,18529,0.1426
2025-09-02 13:10:00,24800,PE,1166.33,1171.1,1153.02,1164.85,40,22545,0.1475
2025-09-02 13:10:00,24850,CE,297.5,307.22,293.58,300.8,46,22526,0.1455
2025-09-02 13:10:00,24850,PE,1201.25,1221.78,1184.66,1200.09,245,25674,0.143
2025-09-02 13:10:00,24900,CE,328.81,330.44,328.35,328.52,80,26600,0.1426
2025-09-02 13:10:00,24900,PE,1276.9,1284.53,1271.7,1280.36,224,20950,0.147
2025-09-02 13:15:00,23500,CE,834.8,832.08,826.06,829.54,590,42430,0.148
2025-09-02 13:15:00,23500,PE,347.57,352.18,343.69,345.77,97,43727,0.1482
2025-09-02 13:15:00,23550,CE,767.66,781.22,755.36,761.04,253,45096,0.1428
2025-09-02 13:15:00,23550,PE,333.72,333.78,332.13,333.14,159,48012,0.1451
2025-09-02 13:15:00,23600,CE,748.11,765.8,741.61,745.71,37,46019,0.1493
2025-09-02 13:15:00,23600,PE,320.77,331.4,321.39,325.79,276,48709,0.1459
2025-09-02 13:15:00,23650,CE,672.36,680.14,666.44,673.76,487,56892,0.1472
2025-09-02 13:15:00,23650,PE,349.74,351.04,349.44,349.9,57,62741,0.1458
2025-09-02 13:15:00,23700,CE,614.7,621.25,612.03,616.25,649,63961,0.1457
2025-09-02 13:15:00,23700,PE,335.27,339.17,338.04,339.09,817,60409,0.1455
2025-09-02 13:15:00,23750,CE,583.02,601.47,580.82,584.96,72,62956,0.1476
2025-09-02 13:15:00,23750,PE,351.26,350.32,341.82,344.49,47,66976,0.1431
2025-09-02 13:15:00,23800,CE,500.28,508.15,496.03,502.7,666,70874,0.146
2025-09-02 13:15:00,23800,PE,313.63,319.81,315.0,317.65,233,65723,0.1449
2025-09-02 13:15:00,23850,CE,498.92,496.68,494.23,495.99,223,81646,0.1455
2025-09-02 13:15:00,23850,PE,308.1,307.71,302.05,306.57,312,82530,0.1492
2025-09-02 13:15:00,23900,CE,433.03,434.89,429.8,432.04,265,73965,0.1463
2025-09-02 13:15:00,23900,PE,313.51,322.95,316.93,318.63,966,72298,0.1459
2025-09-02 13:15:00,23950,CE,383.24,379.54,374.89,377.78,513,61684,0.148
2025-09-02 13:15:00,23950,PE,324.4,325.05,316.85,323.33,213,68869,0.1442
2025-09-02 13:15:00,24000,CE,331.69,337.47,333.15,334.45,1321,56715,0.1445
2025-09-02 13:15:00,24000,PE,326.08,329.49,326.12,328.03,297,57550,0.142
2025-09-02 13:15:00,24050,CE,342.92,345.98,339.77,340.65,543,49923,0.1424
2025-09-02 13:15:00,24050,PE,399.89,405.36,403.2,404.37,673,51244,0.1442
2025-09-02 13:15:00,24100,CE,341.06,349.8,336.76,343.89,766,49828,0.1444
2025-09-02 13:15:00,24100,PE,428.08,435.26,432.11,432.14,376,53948,0.1441
2025-09-02 13:15:00,24150,CE,344.85,349.64,340.63,343.49,845,48715,0.1419
2025-09-02 13:15:00,24150,PE,489.16,489.21,487.98,489.17,1073,45816,0.1452
2025-09-02 13:15:00,24200,CE,329.71,335.79,331.03,332.08,764,42205,0.1453
2025-09-02 13:15:00,24200,PE,528.56,533.92,519.95,525.32,356,44821,0.1471
2025-09-02 13:15:00,24250,CE,305.14,306.92,299.26,302.86,873,38083,0.1457
2025-09-02 13:15:00,24250,PE,562.38,573.56,565.49,567.14,689,40685,0.1427
2025-09-02 13:15:00,24300,CE,331.49,336.81,331.1,333.38,465,32568,0.1451
2025-09-02 13:15:00,24300,PE,619.21,621.66,619.52,620.83,732,36184,0.1464
2025-09-02 13:15:00,24350,CE,315.43,320.51,313.5,316.79,694,33959,0.1442
2025-09-02 13:15:00,24350,PE,687.49,697.43,690.24,691.26,191,35539,0.145
2025-09-02 13:15:00,24400,CE,322.64,323.24,319.04,321.19,269,35166,0.1451
2025-09-02 13:15:00,24400,PE,742.67,751.54,743.17,744.57,673,33250,0.1461
2025-09-02 13:15:00,24450,CE,334.35,331.26,327.88,328.99,489,34064,0.1462
2025-09-02 13:15:00,24450,PE,788.59,800.48,790.21,793.55,149,30714,0.1446
2025-09-02 13:15:00,24500,CE,336.17,337.1,335.4,335.9,631,33407,0.1437
2025-09-02 13:15:00,24500,PE,858.62,870.72,848.14,854.08,224,30093,0.1473
2025-09-02 13:15:00,24550,CE,332.9,338.7,329.64,330.62,73,31449,0.1428
2025-09-02 13:15:00,24550,PE,892.9,891.25,876.3,888.44,529,24499,0.1461
2025-09-02 13:15:00,24600,CE,334.92,341.31,335.32,337.42,234,31550,0.1439
2025-09-02 13:15:00,24600,PE,916.88,951.89,908.94,927.18,218,23450,0.1451
2025-09-02 13:15:00,24650,CE,322.94,327.86,323.98,325.51,42,25447,0.1437
2025-09-02 13:15:00,24650,PE,984.59,999.97,984.37,988.28,330,17985,0.1464
2025-09-02 13:15:00,24700,CE,309.54,310.99,308.22,308.79,85,31801,0.1425
2025-09-02 13:15:00,24700,PE,1026.96,1027.24,1018.41,1021.6,410,26359,0.1484
2025-09-02 13:15:00,24750,CE,320.74,326.23,319.9,320.19,366,23068,0.1443
2025-09-02 13:15:00,24750,PE,1069.77,1089.54,1078.59,1078.71,163,25696,0.144
2025-09-02 13:15:00,24800,CE,343.04,350.4,344.56,344.78,238,18161,0.1448
2025-09-02 13:15:00,24800,PE,1138.23,1142.08,1133.08,1135.2,200,22257,0.1428
2025-09-02 13:15:00,24850,CE,321.77,326.37,318.81,321.9,245,21980,0.1465
2025-09-02 13:15:00,24850,PE,1204.68,1212.58,1185.99,1196.97,41,25532,0.1437
2025-09-02 13:15:00,24900,CE,301.21,303.85,298.3,300.6,220,26568,0.1441
2025-09-02 13:15:00,24900,PE,1220.14,1225.88,1218.85,1220.95,40,20476,0.1406
2025-09-02 13:20:00,23500,CE,767.7,773.6,760.99,762.5,83,41932,0.144
2025-09-02 13:20:00,23500,PE,319.11,324.64,323.35,324.56,591,43448,0.1465
2025-09-02 13:20:00,23550,CE,727.39,739.52,727.69,734.45,608,45085,0.151
2025-09-02 13:20:00,23550,PE,318.15,320.99,315.23,318.2,755,48592,0.1441
2025-09-02 13:20:00,23600,CE,656.88,679.65,656.2,661.33,502,46517,0.145
2025-09-02 13:20:00,23600,PE,316.05,319.13,311.15,314.26,339,48587,0.1415
2025-09-02 13:20:00,23650,CE,624.93,618.55,613.8,618.18,124,56959,0.1439
2025-09-02 13:20:00,23650,PE,320.75,329.32,322.17,324.77,600,62812,0.1493
2025-09-02 13:20:00,23700,CE,566.17,576.75,554.84,569.92,240,63772,0.1476
2025-09-02 13:20:00,23700,PE,320.56,324.25,316.96,318.9,263,60837,0.144
2025-09-02 13:20:00,23750,CE,503.76,515.61,500.87,505.42,163,62705,0.146
2025-09-02 13:20:00,23750,PE,324.43,325.18,318.79,323.83,371,66888,0.1434
2025-09-02 13:20:00,23800,CE,453.53,456.79,437.57,452.99,393,71362,0.1432
2025-09-02 13:20:00,23800,PE,343.71,344.25,342.92,343.23,633,65538,0.1466
2025-09-02 13:20:00,23850,CE,419.23,424.88,417.15,418.12,491,81659,0.1464
2025-09-02 13:20:00,23850,PE,347.09,348.29,346.0,348.2,524,82974,0.1464
2025-09-02 13:20:00,23900,CE,330.53,333.14,325.9,330.3,224,73758,0.1436
2025-09-02 13:20:00,23900,PE,332.21,336.99,331.46,333.37,721,72852,0.1475
2025-09-02 13:20:00,23950,CE,331.85,340.53,332.4,333.24,514,61328,0.1478
2025-09-02 13:20:00,23950,PE,358.68,370.93,357.03,360.55,682,69090,0.1478
2025-09-02 13:20:00,24000,CE,331.63,337.78,331.27,333.19,1408,56187,0.1427
2025-09-02 13:20:00,24000,PE,396.46,401.39,395.18,396.8,932,57594,0.1439
2025-09-02 13:20:00,24050,CE,334.61,336.28,329.62,334.73,435,49514,0.1452
2025-09-02 13:20:00,24050,PE,464.39,464.83,458.57,462.07,830,51398,0.1458
2025-09-02 13:20:00,24100,CE,328.78,333.27,325.83,327.27,163,49968,0.1405
2025-09-02 13:20:00,24100,PE,492.78,499.29,490.44,494.51,577,53847,0.1439
2025-09-02 13:20:00,24150,CE,335.92,341.03,333.11,334.85,539,49224,0.1471
2025-09-02 13:20:00,24150,PE,590.77,596.42,587.32,589.74,444,46285,0.1486
2025-09-02 13:20:00,24200,CE,314.61,322.96,320.14,320.44,41,42486,0.1435
2025-09-02 13:20:00,24200,PE,604.88,599.85,594.16,597.19,684,45084,0.1479
2025-09-02 13:20:00,24250,CE,334.43,336.33,332.95,333.88,316,37564,0.1459
2025-09-02 13:20:00,24250,PE,657.98,659.4,651.11,654.9,58,40473,0.1441
2025-09-02 13:20:00,24300,CE,353.04,351.49,340.79,349.28,104,32211,0.1459
2025-09-02 13:20:00,24300,PE,727.24,727.9,716.9,722.88,26,36050,0.1492
2025-09-02 13:20:00,24350,CE,335.41,338.02,334.07,334.79,649,33490,0.1445
2025-09-02 13:20:00,24350,PE,772.64,767.72,747.23,757.31,267,35320,0.147
2025-09-02 13:20:00,24400,CE,325.62,335.91,326.46,327.1,297,35251,0.143
2025-09-02 13:20:00,24400,PE,808.88,815.58,806.16,810.97,613,32849,0.1427
2025-09-02 13:20:00,24450,CE,344.63,347.45,342.01,345.19,195,33590,0.15
2025-09-02 13:20:00,24450,PE,856.99,865.41,854.26,857.59,37,30962,0.146
2025-09-02 13:20:00,24500,CE,326.59,329.97,318.32,323.8,178,33103,0.1454
2025-09-02 13:20:00,24500,PE,902.26,916.96,901.9,906.49,265,30066,0.1474
2025-09-02 13:20:00,24550,CE,329.63,334.02,327.05,329.3,247,31855,0.1419
2025-09-02 13:20:00,24550,PE,964.4,984.45,952.66,962.03,381,24353,0.1472
2025-09-02 13:20:00,24600,CE,332.44,342.45,335.57,336.92,108,31068,0.1422
2025-09-02 13:20:00,24600,PE,1034.4,1056.87,1021.74,1027.42,374,23792,0.144
2025-09-02 13:20:00,24650,CE,302.81,308.11,299.27,305.76,351,25733,0.1456
2025-09-02 13:20:00,24650,PE,1069.28,1078.63,1064.95,1067.68,321,18117,0.142
2025-09-02 13:20:00,24700,CE,319.22,324.98,320.34,323.26,459,31846,0.1461
2025-09-02 13:20:00,24700,PE,1107.15,1111.63,1094.89,1108.1,430,26661,0.1421
2025-09-02 13:20:00,24750,CE,317.75,319.99,315.91,317.4,205,22891,0.1428
2025-09-02 13:20:00,24750,PE,1148.8,1152.2,1143.13,1144.46,81,25491,0.1458
2025-09-02 13:20:00,24800,CE,315.3,324.18,318.66,320.82,230,18313,0.1457
2025-09-02 13:20:00,24800,PE,1207.72,1205.79,1186.03,1191.65,368,21856,0.1464
2025-09-02 13:20:00,24850,CE,310.69,314.16,309.69,311.96,73,22139,0.1452
2025-09-02 13:20:00,24850,PE,1273.74,1280.17,1249.06,1252.81,13,25972,0.1398
2025-09-02 13:20:00,24900,CE,332.42,330.23,326.94,329.69,91,26586,0.1462
2025-09-02 13:20:00,24900,PE,1296.72,1307.49,1290.7,1300.17,36,19975,0.1445
2025-09-02 13:25:00,23500,CE,762.92,779.55,759.25,768.92,643,42127,0.1453
2025-09-02 13:25:00,23500,PE,297.63,302.65,298.73,301.11,677,43891,0.144
2025-09-02 13:25:00,23550,CE,707.94,721.38,700.94,707.49,764,44721,0.1447
2025-09-02 13:25:00,23550,PE,342.39,344.65,341.08,342.72,570,48726,0.1446
2025-09-02 13:25:00,23600,CE,645.2,656.2,645.18,651.56,188,46153,0.1452
2025-09-02 13:25:00,23600,PE,336.01,342.11,330.23,336.09,335,48970,0.1444
2025-09-02 13:25:00,23650,CE,610.02,609.32,605.78,606.38,435,56662,0.1471
2025-09-02 13:25:00,23650,PE,339.21,343.54,331.54,336.1,540,62967,0.1477
2025-09-02 13:25:00,23700,CE,546.63,552.73,547.53,550.94,629,63879,0.1449
2025-09-02 13:25:00,23700,PE,331.75,332.15,329.22,329.76,394,60686,0.1425
2025-09-02 13:25:00,23750,CE,518.52,522.74,521.51,522.47,437,63185,0.1453
2025-09-02 13:25:00,23750,PE,351.62,350.16,345.4,345.48,494,67369,0.1459
2025-09-02 13:25:00,23800,CE,472.77,485.55,472.49,479.76,414,71170,0.1467
2025-09-02 13:25:00,23800,PE,325.71,332.39,327.98,331.52,455,65355,0.1443
2025-09-02 13:25:00,23850,CE,399.63,404.22,399.09,402.11,486,81844,0.1451
2025-09-02 13:25:00,23850,PE,333.98,340.92,331.67,333.81,1392,82714,0.1442
2025-09-02 13:25:00,23900,CE,351.09,353.98,343.7,347.31,535,73522,0.1462
2025-09-02 13:25:00,23900,PE,331.52,336.63,332.04,332.06,430,72276,0.1447
2025-09-02 13:25:00,23950,CE,338.07,333.51,329.21,332.37,33,60840,0.1418
2025-09-02 13:25:00,23950,PE,369.25,367.17,364.19,365.96,262,69279,0.143
2025-09-02 13:25:00,24000,CE,322.34,327.95,319.9,320.25,199,55971,0.1478
2025-09-02 13:25:00,24000,PE,415.5,423.2,416.49,418.7,657,57091,0.1431
2025-09-02 13:25:00,24050,CE,343.58,349.44,343.87,345.06,591,50030,0.1431
2025-09-02 13:25:00,24050,PE,462.75,471.16,463.26,466.49,28,51152,0.1405
2025-09-02 13:25:00,24100,CE,321.98,331.8,323.4,324.22,112,49618,0.1457
2025-09-02 13:25:00,24100,PE,500.43,504.66,502.28,504.54,917,53873,0.1438
2025-09-02 13:25:00,24150,CE,299.35,303.16,297.02,300.39,348,49620,0.1472
2025-09-02 13:25:00,24150,PE,563.65,567.45,559.55,562.66,901,46732,0.1423
2025-09-02 13:25:00,24200,CE,366.76,373.87,361.32,364.86,462,42252,0.1468
2025-09-02 13:25:00,24200,PE,618.47,623.55,607.07,617.94,461,45374,0.1468
2025-09-02 13:25:00,24250,CE,321.32,316.01,311.6,315.79,364,37591,0.1475
2025-09-02 13:25:00,24250,PE,647.54,650.25,638.51,643.39,636,40587,0.1453
2025-09-02 13:25:00,24300,CE,317.11,327.35,320.17,324.61,575,32139,0.145
2025-09-02 13:25:00,24300,PE,698.11,708.92,702.03,702.58,613,35662,0.1454
2025-09-02 13:25:00,24350,CE,307.1,312.41,310.95,311.32,493,33874,0.1436
2025-09-02 13:25:00,24350,PE,773.91,780.37,773.24,775.41,300,35372,0.149
2025-09-02 13:25:00,24400,CE,328.23,336.86,333.11,336.05,408,35133,0.1438
2025-09-02 13:25:00,24400,PE,794.67,802.65,793.18,800.28,322,33059,0.1452
2025-09-02 13:25:00,24450,CE,330.23,330.36,324.72,328.74,462,33500,0.1423
2025-09-02 13:25:00,24450,PE,863.35,880.16,862.03,864.96,547,31380,0.1454
2025-09-02 13:25:00,24500,CE,338.49,329.41,326.93,328.54,425,32665,0.1462
2025-09-02 13:25:00,24500,PE,892.64,895.97,866.96,888.8,229,29501,0.1422
2025-09-02 13:25:00,24550,CE,321.88,325.44,319.85,322.56,511,31938,0.1482
2025-09-02 13:25:00,24550,PE,975.35,981.69,975.37,977.46,189,24061,0.1479
2025-09-02 13:25:00,24600,CE,293.09,303.17,291.81,294.47,358,30609,0.1429
2025-09-02 13:25:00,24600,PE,1054.98,1070.09,1020.61,1044.37,195,23228,0.1483
2025-09-02 13:25:00,24650,CE,336.23,344.12,335.09,338.93,371,26057,0.1429
2025-09-02 13:25:00,24650,PE,1087.91,1071.41,1059.96,1068.47,370,18668,0.1467
2025-09-02 13:25:00,24700,CE,335.24,344.85,340.6,343.19,234,31984,0.1448
2025-09-02 13:25:00,24700,PE,1111.18,1142.04,1092.53,1103.96,408,26988,0.1451
2025-09-02 13:25:00,24750,CE,334.63,340.68,332.15,336.34,211,23297,0.1474
2025-09-02 13:25:00,24750,PE,1139.94,1166.73,1147.46,1147.73,349,25857,0.1447
2025-09-02 13:25:00,24800,CE,312.4,317.98,306.52,310.36,213,18105,0.1432
2025-09-02 13:25:00,24800,PE,1201.18,1200.18,1187.62,1197.92,337,21258,0.143
2025-09-02 13:25:00,24850,CE,311.07,313.16,307.65,310.93,363,22292,0.1441
2025-09-02 13:25:00,24850,PE,1262.1,1273.04,1269.99,1270.39,343,26509,0.1474
2025-09-02 13:25:00,24900,CE,345.64,343.43,339.65,342.64,291,27051,0.1448
2025-09-02 13:25:00,24900,PE,1320.53,1322.37,1290.33,1306.94,256,19380,0.1444
2025-09-02 13:30:00,23500,CE,721.02,724.32,709.55,716.12,288,42612,0.1422
2025-09-02 13:30:00,23500,PE,339.74,338.8,336.0,338.73,178,43304,0.1479
2025-09-02 13:30:00,23550,CE,675.09,694.89,664.21,674.34,345,44758,0.1427
2025-09-02 13:30:00,23550,PE,328.93,332.57,325.8,327.9,407,49149,0.1455
2025-09-02 13:30:00,23600,CE,618.3,631.05,623.62,625.93,166,46052,0.1474
2025-09-02 13:30:00,23600,PE,364.89,364.74,361.57,363.89,527,49190,0.1455
2025-09-02 13:30:00,23650,CE,594.89,623.0,595.3,598.56,809,56340,0.1463
2025-09-02 13:30:00,23650,PE,320.66,323.01,319.89,321.08,850,63531,0.1454
2025-09-02 13:30:00,23700,CE,521.65,528.53,518.22,521.58,1051,63331,0.1442
2025-09-02 13:30:00,23700,PE,324.7,329.9,327.24,329.88,402,60844,0.1442
2025-09-02 13:30:00,23750,CE,481.56,487.46,470.83,480.32,358,62626,0.1463
2025-09-02 13:30:00,23750,PE,354.89,360.89,355.18,357.88,327,66819,0.1492
2025-09-02 13:30:00,23800,CE,437.97,453.07,444.39,445.28,1000,70894,0.1461
2025-09-02 13:30:00,23800,PE,319.92,317.29,312.37,315.9,901,64773,0.1463
2025-09-02 13:30:00,23850,CE,367.58,373.1,369.44,369.51,1239,81492,0.1464
2025-09-02 13:30:00,23850,PE,324.35,323.37,314.78,320.11,392,82298,0.1443
2025-09-02 13:30:00,23900,CE,351.54,360.64,352.02,353.15,170,74016,0.1486
2025-09-02 13:30:00,23900,PE,356.21,360.22,349.8,354.29,1647,71725,0.1446
2025-09-02 13:30:00,23950,CE,323.78,324.11,317.02,322.14,424,60974,0.1445
2025-09-02 13:30:00,23950,PE,390.71,388.46,379.42,384.99,856,69483,0.1463
2025-09-02 13:30:00,24000,CE,314.08,315.11,314.34,314.89,1179,56356,0.1486
2025-09-02 13:30:00,24000,PE,422.26,422.5,421.08,421.23,422,56931,0.1471
2025-09-02 13:30:00,24050,CE,321.22,323.97,317.73,323.01,400,49647,0.1442
2025-09-02 13:30:00,24050,PE,491.32,486.91,480.49,486.54,661,50698,0.145
2025-09-02 13:30:00,24100,CE,319.37,329.36,324.93,325.77,134,49189,0.1436
2025-09-02 13:30:00,24100,PE,529.68,537.88,515.86,528.58,771,53901,0.1464
2025-09-02 13:30:00,24150,CE,338.26,337.62,330.91,333.72,295,49736,0.1438
2025-09-02 13:30:00,24150,PE,611.22,600.03,590.47,598.73,675,47078,0.1471
2025-09-02 13:30:00,24200,CE,307.01,316.46,306.11,308.75,401,42617,0.1418
2025-09-02 13:30:00,24200,PE,650.45,653.1,643.23,647.85,284,45785,0.1439
2025-09-02 13:30:00,24250,CE,346.84,346.32,341.73,345.7,161,37182,0.1464
2025-09-02 13:30:00,24250,PE,685.4,699.41,687.46,692.04,601,40881,0.1477
2025-09-02 13:30:00,24300,CE,296.17,306.13,297.62,299.1,642,31626,0.1453
2025-09-02 13:30:00,24300,PE,751.43,758.53,738.86,741.24,660,36118,0.1459
2025-09-02 13:30:00,24350,CE,324.85,327.92,324.06,325.77,385,33904,0.1467
2025-09-02 13:30:00,24350,PE,774.11,776.12,761.21,769.51,112,35541,0.1457
2025-09-02 13:30:00,24400,CE,316.81,322.1,310.82,315.54,491,35276,0.1434
2025-09-02 13:30:00,24400,PE,819.39,830.51,817.31,823.43,149,33128,0.1463
2025-09-02 13:30:00,24450,CE,336.44,339.29,337.97,338.13,105,33528,0.1476
2025-09-02 13:30:00,24450,PE,883.59,888.37,876.74,882.34,528,31886,0.1453
2025-09-02 13:30:00,24500,CE,314.32,311.7,309.79,310.08,409,32483,0.1442
2025-09-02 13:30:00,24500,PE,964.81,960.62,942.89,955.41,201,29835,0.147
2025-09-02 13:30:00,24550,CE,298.92,300.58,296.37,298.68,16,31772,0.1412
2025-09-02 13:30:00,24550,PE,995.97,994.86,977.19,984.45,300,23516,0.1427
2025-09-02 13:30:00,24600,CE,333.36,338.09,334.77,335.31,409,30462,0.1464
2025-09-02 13:30:00,24600,PE,1054.21,1064.09,1042.93,1050.68,424,22809,0.1461
2025-09-02 13:30:00,24650,CE,318.2,318.82,317.08,317.43,25,25985,0.1435
2025-09-02 13:30:00,24650,PE,1066.49,1092.99,1067.1,1074.43,465,18166,0.1426
2025-09-02 13:30:00,24700,CE,318.26,331.22,323.94,324.73,65,32326,0.1448
2025-09-02 13:30:00,24700,PE,1143.12,1159.91,1150.2,1159.5,58,27097,0.1474
2025-09-02 13:30:00,24750,CE,354.86,350.11,346.42,347.97,25,22742,0.1468
2025-09-02 13:30:00,24750,PE,1146.63,1181.65,1152.36,1161.47,175,26031,0.1447
2025-09-02 13:30:00,24800,CE,361.47,362.27,357.29,360.57,253,18650,0.1435
2025-09-02 13:30:00,24800,PE,1243.82,1248.09,1235.1,1240.81,29,20733,0.1424
2025-09-02 13:30:00,24850,CE,363.65,363.35,359.55,360.02,315,22120,0.1474
2025-09-02 13:30:00,24850,PE,1287.76,1300.4,1278.66,1285.59,91,26982,0.1464
2025-09-02 13:30:00,24900,CE,353.67,355.15,354.17,354.86,127,26491,0.1443
2025-09-02 13:30:00,24900,PE,1346.12,1363.88,1342.71,1347.84,12,19882,0.1436
2025-09-02 13:35:00,23500,CE,716.28,715.33,711.91,713.19,131,43198,0.1455
2025-09-02 13:35:00,23500,PE,337.81,341.91,336.42,339.52,159,43171,0.1477
2025-09-02 13:35:00,23550,CE,654.28,666.99,656.45,660.32,64,44715,0.1449
2025-09-02 13:35:00,23550,PE,336.91,337.25,332.23,335.04,786,49734,0.1448
2025-09-02 13:35:00,23600,CE,629.61,634.41,625.25,625.77,341,45523,0.1429
2025-09-02 13:35:00,23600,PE,343.57,347.64,342.3,342.71,620,48971,0.1503
2025-09-02 13:35:00,23650,CE,560.49,570.44,562.74,566.25,851,55816,0.1466
2025-09-02 13:35:00,23650,PE,352.89,358.8,354.67,355.76,109,63826,0.1427
2025-09-02 13:35:00,23700,CE,500.55,503.79,492.62,497.09,710,63512,0.1418
2025-09-02 13:35:00,23700,PE,352.12,354.45,348.13,350.7,600,61280,0.1452
2025-09-02 13:35:00,23750,CE,455.13,455.55,446.95,453.58,824,62254,0.145
2025-09-02 13:35:00,23750,PE,315.79,322.84,317.01,317.2,978,66873,0.1438
2025-09-02 13:35:00,23800,CE,386.65,395.22,393.01,394.4,268,71149,0.1437
2025-09-02 13:35:00,23800,PE,317.68,323.22,315.49,319.77,943,64511,0.1475
2025-09-02 13:35:00,23850,CE,367.42,370.06,367.66,369.96,319,81959,0.1424
2025-09-02 13:35:00,23850,PE,340.28,341.37,332.9,338.51,1378,81935,0.1468
2025-09-02 13:35:00,23900,CE,346.51,353.6,347.29,350.48,1179,73557,0.1454
2025-09-02 13:35:00,23900,PE,337.43,341.63,337.47,337.74,1551,71462,0.1427
2025-09-02 13:35:00,23950,CE,339.37,343.38,338.01,338.62,268,61331,0.145
2025-09-02 13:35:00,23950,PE,416.97,412.37,406.48,412.12,1395,69740,0.1489
2025-09-02 13:35:00,24000,CE,335.15,338.26,332.39,335.61,1139,56825,0.1429
2025-09-02 13:35:00,24000,PE,444.8,457.53,447.31,448.1,387,57071,0.1469
2025-09-02 13:35:00,24050,CE,337.36,336.93,329.91,336.07,781,50148,0.1446
2025-09-02 13:35:00,24050,PE,502.52,505.19,494.5,499.27,616,50749,0.1449
2025-09-02 13:35:00,24100,CE,324.28,332.1,324.27,328.49,829,49691,0.1439
2025-09-02 13:35:00,24100,PE,563.25,563.7,555.57,563.54,80,54345,0.1434
2025-09-02 13:35:00,24150,CE,287.65,296.82,288.37,289.85,368,49704,0.1413
2025-09-02 13:35:00,24150,PE,590.77,600.15,579.2,592.74,405,46485,0.1456
2025-09-02 13:35:00,24200,CE,290.99,300.53,294.14,294.17,488,43199,0.1445
2025-09-02 13:35:00,24200,PE,650.66,670.82,649.81,655.56,606,45781,0.1436
2025-09-02 13:35:00,24250,CE,318.82,320.14,315.07,316.84,30,37471,0.1436
2025-09-02 13:35:00,24250,PE,667.15,681.02,651.99,661.31,523,40823,0.1441
2025-09-02 13:35:00,24300,CE,327.25,326.73,320.9,325.09,270,31460,0.1446
2025-09-02 13:35:00,24300,PE,743.09,743.48,739.5,742.74,164,35947,0.1434
2025-09-02 13:35:00,24350,CE,337.81,343.39,338.44,340.25,117,33730,0.144
2025-09-02 13:35:00,24350,PE,782.38,788.02,774.72,779.88,629,35636,0.1423
2025-09-02 13:35:00,24400,CE,327.44,333.26,326.67,327.83,370,35645,0.1432
2025-09-02 13:35:00,24400,PE,833.51,853.09,836.24,846.98,553,33210,0.1475
2025-09-02 13:35:00,24450,CE,318.59,316.17,311.54,312.03,220,33559,0.1431
2025-09-02 13:35:00,24450,PE,911.84,927.96,904.74,915.3,515,31653,0.1443
2025-09-02 13:35:00,24500,CE,320.62,323.85,313.43,318.56,548,32438,0.1473
2025-09-02 13:35:00,24500,PE,956.7,959.76,945.83,952.06,409,29450,0.1452
2025-09-02 13:35:00,24550,CE,330.94,334.79,326.88,332.74,521,32065,0.1455
2025-09-02 13:35:00,24550,PE,997.96,1018.52,995.0,997.48,474,23855,0.1439
2025-09-02 13:35:00,24600,CE,330.41,335.44,325.38,329.61,221,30148,0.1465
2025-09-02 13:35:00,24600,PE,1055.86,1084.96,1043.66,1057.73,404,22889,0.1477
2025-09-02 13:35:00,24650,CE,333.33,338.57,329.81,331.39,122,25726,0.1454
2025-09-02 13:35:00,24650,PE,1132.98,1127.39,1115.07,1117.74,97,18738,0.1487
2025-09-02 13:35:00,24700,CE,333.69,338.33,329.29,331.74,323,32084,0.1508
2025-09-02 13:35:00,24700,PE,1168.94,1149.15,1145.91,1149.11,104,27533,0.1471
2025-09-02 13:35:00,24750,CE,306.52,317.74,310.0,312.26,317,22982,0.1468
2025-09-02 13:35:00,24750,PE,1204.32,1217.53,1211.4,1213.18,35,26589,0.1464
2025-09-02 13:35:00,24800,CE,333.19,333.59,329.83,331.56,187,18913,0.1459
2025-09-02 13:35:00,24800,PE,1246.55,1241.46,1234.65,1240.41,81,20864,0.1434
2025-09-02 13:35:00,24850,CE,324.43,336.64,329.72,329.88,43,22072,0.1444
2025-09-02 13:35:00,24850,PE,1287.23,1296.36,1285.34,1291.31,99,26947,0.1451
2025-09-02 13:35:00,24900,CE,318.27,323.1,316.27,316.63,336,25892,0.1417
2025-09-02 13:35:00,24900,PE,1340.22,1364.6,1337.48,1344.97,181,20478,0.1416
2025-09-02 13:40:00,23500,CE,717.53,717.9,705.86,714.61,733,43279,0.1481
2025-09-02 13:40:00,23500,PE,331.09,334.57,329.37,331.11,504,43275,0.1458
2025-09-02 13:40:00,23550,CE,672.31,674.45,653.05,671.06,379,44331,0.146
2025-09-02 13:40:00,23550,PE,317.8,317.25,315.67,317.08,661,49652,0.1442
2025-09-02 13:40:00,23600,CE,625.17,624.05,622.81,623.53,776,45185,0.1464
2025-09-02 13:40:00,23600,PE,345.95,355.3,346.03,346.93,185,48633,0.146
2025-09-02 13:40:00,23650,CE,563.22,569.33,562.05,565.52,639,55873,0.1472
2025-09-02 13:40:00,23650,PE,348.53,349.75,346.69,349.67,644,63515,0.1446
2025-09-02 13:40:00,23700,CE,504.67,519.26,503.67,508.08,399,63711,0.1478
2025-09-02 13:40:00,23700,PE,318.45,323.79,315.68,316.14,551,61131,0.1452
2025-09-02 13:40:00,23750,CE,449.73,454.91,440.92,444.27,403,62106,0.1424
2025-09-02 13:40:00,23750,PE,335.75,335.18,334.02,335.1,350,67115,0.1457
2025-09-02 13:40:00,23800,CE,411.96,419.58,411.77,416.2,243,71353,0.1446
2025-09-02 13:40:00,23800,PE,319.26,321.13,317.91,318.01,126,64395,0.1439
2025-09-02 13:40:00,23850,CE,364.17,361.66,358.27,361.35,809,82475,0.146
2025-09-02 13:40:00,23850,PE,337.01,334.91,327.89,333.44,1064,81728,0.1435
2025-09-02 13:40:00,23900,CE,321.17,330.75,321.96,325.12,649,73819,0.1462
2025-09-02 13:40:00,23900,PE,341.24,345.04,340.05,341.81,1488,71814,0.1443
2025-09-02 13:40:00,23950,CE,327.94,335.84,329.65,330.37,1317,60992,0.1474
2025-09-02 13:40:00,23950,PE,388.23,386.11,379.27,383.28,731,69709,0.1478
2025-09-02 13:40:00,24000,CE,325.01,336.76,327.2,327.81,546,56250,0.1445
2025-09-02 13:40:00,24000,PE,458.35,464.45,452.4,456.58,300,56867,0.1475
2025-09-02 13:40:00,24050,CE,320.24,321.57,318.47,319.91,475,49871,0.146
2025-09-02 13:40:00,24050,PE,464.08,470.34,468.42,469.77,412,51074,0.1425
2025-09-02 13:40:00,24100,CE,323.68,328.61,323.8,326.18,343,49355,0.1462
2025-09-02 13:40:00,24100,PE,571.92,568.87,567.61,568.21,482,53775,0.148
2025-09-02 13:40:00,24150,CE,341.4,347.24,342.23,345.93,221,49132,0.1434
2025-09-02 13:40:00,24150,PE,607.32,608.55,602.74,605.95,76,46801,0.1477
2025-09-02 13:40:00,24200,CE,338.79,341.83,331.92,335.79,34,42771,0.1435
2025-09-02 13:40:00,24200,PE,667.08,668.29,663.44,664.02,160,45953,0.148
2025-09-02 13:40:00,24250,CE,315.62,313.39,312.24,312.46,266,37112,0.1425
2025-09-02 13:40:00,24250,PE,707.17,716.97,708.18,713.02,574,40488,0.1459
2025-09-02 13:40:00,24300,CE,324.36,321.11,319.4,320.76,677,31827,0.147
2025-09-02 13:40:00,24300,PE,746.4,745.8,739.04,745.44,639,36165,0.147
2025-09-02 13:40:00,24350,CE,350.87,354.05,348.26,350.53,194,33915,0.1457
2025-09-02 13:40:00,24350,PE,794.47,812.72,796.6,799.67,511,36150,0.1461
2025-09-02 13:40:00,24400,CE,314.32,313.83,308.67,311.14,42,36089,0.1435
2025-09-02 13:40:00,24400,PE,861.21,855.17,846.48,852.68,514,33626,0.1457
2025-09-02 13:40:00,24450,CE,312.0,315.05,310.29,312.65,126,33122,0.1426
2025-09-02 13:40:00,24450,PE,869.31,886.59,875.35,877.88,395,31252,0.1395
2025-09-02 13:40:00,24500,CE,309.45,310.11,304.89,307.35,111,33016,0.143
2025-09-02 13:40:00,24500,PE,942.48,967.99,941.42,948.36,510,29541,0.1471
2025-09-02 13:40:00,24550,CE,344.07,344.49,337.31,342.13,346,32124,0.1445
2025-09-02 13:40:00,24550,PE,988.88,991.58,985.44,988.7,396,23861,0.1423
2025-09-02 13:40:00,24600,CE,350.5,353.58,350.2,351.39,311,30430,0.146
2025-09-02 13:40:00,24600,PE,1037.63,1045.24,1022.85,1038.41,401,23002,0.1466
2025-09-02 13:40:00,24650,CE,335.91,342.03,334.28,335.57,357,25305,0.1438
2025-09-02 13:40:00,24650,PE,1088.23,1090.85,1086.09,1086.6,31,18260,0.1468
2025-09-02 13:40:00,24700,CE,331.7,334.61,331.59,334.55,342,31847,0.149
2025-09-02 13:40:00,24700,PE,1142.54,1147.2,1122.54,1143.62,362,27977,0.1456
2025-09-02 13:40:00,24750,CE,334.2,337.58,328.15,332.76,309,22864,0.1451
2025-09-02 13:40:00,24750,PE,1209.65,1207.23,1191.91,1202.36,53,27035,0.1442
2025-09-02 13:40:00,24800,CE,309.7,322.96,309.79,312.6,145,19000,0.1459
2025-09-02 13:40:00,24800,PE,1244.32,1238.5,1221.45,1236.41,305,21379,0.1459
2025-09-02 13:40:00,24850,CE,329.93,333.73,330.64,333.05,212,22533,0.1468
2025-09-02 13:40:00,24850,PE,1292.44,1302.35,1275.63,1286.56,293,26798,0.1426
2025-09-02 13:40:00,24900,CE,321.9,326.88,319.95,324.3,139,25953,0.1461
2025-09-02 13:40:00,24900,PE,1334.38,1336.35,1328.9,1332.25,278,20729,0.1436
2025-09-02 13:45:00,23500,CE,685.12,691.72,677.44,678.65,578,42733,0.1441
2025-09-02 13:45:00,23500,PE,320.59,323.3,319.72,321.07,336,42866,0.1455
2025-09-02 13:45:00,23550,CE,661.12,656.03,637.6,653.8,42,44607,0.1452
2025-09-02 13:45:00,23550,PE,354.12,354.52,348.81,350.74,834,50149,0.1444
2025-09-02 13:45:00,23600,CE,601.67,605.47,601.78,601.91,808,44949,0.148
2025-09-02 13:45:00,23600,PE,321.42,320.26,315.6,318.95,158,48505,0.1425
2025-09-02 13:45:00,23650,CE,547.42,559.43,550.25,556.93,458,56322,0.1474
2025-09-02 13:45:00,23650,PE,323.58,327.68,321.19,324.5,337,63234,0.1438
2025-09-02 13:45:00,23700,CE,468.82,469.33,464.41,466.16,1110,64222,0.1456
2025-09-02 13:45:00,23700,PE,350.39,345.99,342.59,343.78,815,60700,0.1467
2025-09-02 13:45:00,23750,CE,463.36,464.59,458.97,459.82,728,61808,0.1489
2025-09-02 13:45:00,23750,PE,320.88,324.52,319.87,322.02,215,66557,0.1436
2025-09-02 13:45:00,23800,CE,416.94,420.66,410.84,416.02,484,70865,0.1461
2025-09-02 13:45:00,23800,PE,338.43,342.52,337.15,337.64,154,64101,0.1459
2025-09-02 13:45:00,23850,CE,336.43,341.49,337.74,339.96,830,82661,0.1431
2025-09-02 13:45:00,23850,PE,331.04,331.06,322.84,328.64,1493,81369,0.1472
2025-09-02 13:45:00,23900,CE,327.73,330.6,324.47,329.89,1252,74346,0.1495
2025-09-02 13:45:00,23900,PE,341.69,346.67,342.88,344.41,1229,71632,0.145
2025-09-02 13:45:00,23950,CE,330.57,336.18,331.3,333.65,445,61014,0.1454
2025-09-02 13:45:00,23950,PE,385.78,397.8,388.84,391.08,1140,69906,0.1434
2025-09-02 13:45:00,24000,CE,307.35,308.26,307.21,308.18,554,55813,0.1427
2025-09-02 13:45:00,24000,PE,455.17,458.19,453.28,454.56,812,57092,0.1459
2025-09-02 13:45:00,24050,CE,336.03,342.43,336.43,338.3,550,49415,0.1445
2025-09-02 13:45:00,24050,PE,531.47,544.27,535.09,536.85,487,51465,0.1486
2025-09-02 13:45:00,24100,CE,320.94,330.38,321.14,323.44,928,49340,0.1478
2025-09-02 13:45:00,24100,PE,583.88,588.62,577.75,582.04,826,53282,0.1474
2025-09-02 13:45:00,24150,CE,335.36,340.4,335.33,335.49,72,49381,0.143
2025-09-02 13:45:00,24150,PE,621.57,630.32,617.29,623.91,861,46292,0.1414
2025-09-02 13:45:00,24200,CE,316.18,316.14,311.76,314.62,131,43340,0.1462
2025-09-02 13:45:00,24200,PE,663.89,667.33,654.06,662.74,780,45897,0.1486
2025-09-02 13:45:00,24250,CE,295.65,298.88,291.26,296.18,44,36971,0.1443
2025-09-02 13:45:00,24250,PE,741.55,737.35,733.11,734.07,510,40265,0.1465
2025-09-02 13:45:00,24300,CE,312.25,319.74,312.92,316.25,239,31766,0.1475
2025-09-02 13:45:00,24300,PE,778.76,773.46,760.32,767.87,323,36502,0.1418
2025-09-02 13:45:00,24350,CE,308.31,315.82,309.76,314.43,331,33939,0.1454
2025-09-02 13:45:00,24350,PE,794.11,813.57,801.47,803.66,272,36321,0.1461
2025-09-02 13:45:00,24400,CE,317.29,316.72,316.06,316.44,431,35557,0.148
2025-09-02 13:45:00,24400,PE,870.4,873.82,857.84,867.3,34,34048,0.1436
2025-09-02 13:45:00,24450,CE,346.47,350.27,344.09,348.18,36,33156,0.1435
2025-09-02 13:45:00,24450,PE,927.93,928.13,919.78,923.12,485,31280,0.1454
2025-09-02 13:45:00,24500,CE,332.15,331.83,329.39,330.59,56,32718,0.1449
2025-09-02 13:45:00,24500,PE,989.51,1005.03,989.49,991.35,93,29033,0.1466
2025-09-02 13:45:00,24550,CE,325.37,321.4,319.47,321.03,187,31927,0.1456
2025-09-02 13:45:00,24550,PE,1021.25,1027.13,1018.32,1018.39,342,24243,0.1418
2025-09-02 13:45:00,24600,CE,329.06,332.79,325.51,331.6,287,30486,0.1438
2025-09-02 13:45:00,24600,PE,1071.92,1088.09,1049.9,1069.06,397,22718,0.1442
2025-09-02 13:45:00,24650,CE,328.39,334.2,329.98,333.19,228,25416,0.1436
2025-09-02 13:45:00,24650,PE,1130.31,1144.73,1115.67,1119.81,380,18081,0.1457
2025-09-02 13:45:00,24700,CE,373.68,373.09,365.73,367.59,228,31515,0.1501
2025-09-02 13:45:00,24700,PE,1188.0,1173.99,1166.73,1173.06,146,28264,0.1449
2025-09-02 13:45:00,24750,CE,332.58,337.34,329.03,333.16,363,22464,0.1469
2025-09-02 13:45:00,24750,PE,1227.15,1242.16,1223.92,1230.55,425,27136,0.145
2025-09-02 13:45:00,24800,CE,344.08,343.14,340.55,341.88,407,19280,0.1474
2025-09-02 13:45:00,24800,PE,1263.68,1290.6,1276.96,1277.15,58,20852,0.1444
2025-09-02 13:45:00,24850,CE,292.55,297.65,295.55,296.98,360,22767,0.146
2025-09-02 13:45:00,24850,PE,1317.99,1316.81,1285.49,1305.34,343,26211,0.1461
2025-09-02 13:45:00,24900,CE,330.26,327.77,323.99,326.38,65,26327,0.1423
2025-09-02 13:45:00,24900,PE,1356.53,1363.96,1349.24,1353.64,323,20462,0.146
2025-09-02 13:50:00,23500,CE,685.99,687.28,674.57,687.12,773,42317,0.1423
2025-09-02 13:50:00,23500,PE,327.16,332.96,326.47,327.77,247,42422,0.1441
2025-09-02 13:50:00,23550,CE,652.48,647.76,645.8,646.69,488,44529,0.1442
2025-09-02 13:50:00,23550,PE,317.32,314.42,310.86,312.8,517,49894,0.145
2025-09-02 13:50:00,23600,CE,567.17,585.75,567.04,572.22,495,44911,0.1457
2025-09-02 13:50:00,23600,PE,326.38,329.44,323.8,325.61,273,48919,0.1447
2025-09-02 13:50:00,23650,CE,502.41,508.87,505.18,507.21,880,55847,0.1447
2025-09-02 13:50:00,23650,PE,342.69,342.74,333.89,338.95,312,62946,0.1481
2025-09-02 13:50:00,23700,CE,480.65,480.22,478.57,479.86,327,63757,0.1479
2025-09-02 13:50:00,23700,PE,328.25,331.37,323.38,329.44,452,60864,0.145
2025-09-02 13:50:00,23750,CE,437.9,453.87,440.86,441.34,491,61955,0.147
2025-09-02 13:50:00,23750,PE,324.58,330.2,325.28,325.64,110,66975,0.1495
2025-09-02 13:50:00,23800,CE,364.64,368.83,364.86,365.89,776,71140,0.1418
2025-09-02 13:50:00,23800,PE,334.72,337.89,333.41,336.25,732,64340,0.1433
2025-09-02 13:50:00,23850,CE,341.58,346.92,342.55,343.5,986,82253,0.1453
2025-09-02 13:50:00,23850,PE,325.64,326.2,318.91,321.9,417,81752,0.1461
2025-09-02 13:50:00,23900,CE,326.44,329.38,328.38,328.74,555,73754,0.1446
2025-09-02 13:50:00,23900,PE,375.67,378.17,364.01,372.0,840,71889,0.1451
2025-09-02 13:50:00,23950,CE,336.62,345.27,338.7,338.92,1168,61391,0.1439
2025-09-02 13:50:00,23950,PE,450.31,451.77,446.25,448.32,1288,69577,0.1467
2025-09-02 13:50:00,24000,CE,340.29,337.27,333.32,333.99,864,55587,0.1458
2025-09-02 13:50:00,24000,PE,472.98,477.86,468.73,476.2,1055,56782,0.1466
2025-09-02 13:50:00,24050,CE,341.33,346.75,335.37,343.5,772,49798,0.1427
2025-09-02 13:50:00,24050,PE,529.05,535.35,533.52,534.67,643,51370,0.1486
2025-09-02 13:50:00,24100,CE,327.06,323.91,317.55,321.64,459,49176,0.1455
2025-09-02 13:50:00,24100,PE,557.8,577.29,560.49,561.83,126,53284,0.1429
2025-09-02 13:50:00,24150,CE,336.84,338.72,336.79,337.64,540,49657,0.1472
2025-09-02 13:50:00,24150,PE,586.91,584.13,576.25,582.61,65,46484,0.1438
2025-09-02 13:50:00,24200,CE,352.62,354.31,352.48,353.57,243,43589,0.1468
2025-09-02 13:50:00,24200,PE,649.87,665.26,645.16,655.23,409,46433,0.1433
2025-09-02 13:50:00,24250,CE,355.43,354.0,351.34,351.46,92,36677,0.1465
2025-09-02 13:50:00,24250,PE,722.24,718.81,709.4,713.54,544,39913,0.1451
2025-09-02 13:50:00,24300,CE,324.67,329.85,321.8,327.72,185,31945,0.1409
2025-09-02 13:50:00,24300,PE,769.43,771.99,763.17,771.17,363,36077,0.146
2025-09-02 13:50:00,24350,CE,329.66,333.63,331.51,333.23,220,34111,0.1507
2025-09-02 13:50:00,24350,PE,822.83,836.6,828.03,828.2,52,36868,0.1471
2025-09-02 13:50:00,24400,CE,344.47,347.35,344.64,346.05,250,35507,0.1489
2025-09-02 13:50:00,24400,PE,881.86,894.46,871.27,882.62,405,33705,0.1436
2025-09-02 13:50:00,24450,CE,329.27,331.43,325.15,327.57,328,33749,0.1449
2025-09-02 13:50:00,24450,PE,907.39,906.55,885.95,902.95,553,31139,0.1449
2025-09-02 13:50:00,24500,CE,324.76,333.31,323.16,324.36,541,32254,0.1458
2025-09-02 13:50:00,24500,PE,973.93,966.01,961.18,964.45,491,28932,0.147
2025-09-02 13:50:00,24550,CE,345.37,347.58,340.66,344.66,167,31432,0.1454
2025-09-02 13:50:00,24550,PE,1005.06,1028.2,1001.43,1013.65,323,23742,0.1476
2025-09-02 13:50:00,24600,CE,319.21,326.56,318.8,322.9,361,29943,0.1446
2025-09-02 13:50:00,24600,PE,1070.58,1071.25,1069.83,1070.76,261,22663,0.1476
2025-09-02 13:50:00,24650,CE,354.29,352.99,347.73,349.18,463,25366,0.1459
2025-09-02 13:50:00,24650,PE,1122.25,1123.35,1097.82,1106.75,153,18361,0.1443
2025-09-02 13:50:00,24700,CE,338.75,350.7,345.21,346.05,389,31567,0.1459
2025-09-02 13:50:00,24700,PE,1189.91,1206.62,1198.08,1202.91,341,28696,0.1468
2025-09-02 13:50:00,24750,CE,322.74,329.7,321.18,321.86,200,22911,0.1418
2025-09-02 13:50:00,24750,PE,1235.27,1249.9,1218.32,1227.6,344,26741,0.1453
2025-09-02 13:50:00,24800,CE,327.66,328.39,327.94,327.97,181,18729,0.1457
2025-09-02 13:50:00,24800,PE,1268.92,1269.15,1258.4,1259.97,316,21099,0.1451
2025-09-02 13:50:00,24850,CE,310.63,314.38,305.95,307.44,21,22178,0.1403
2025-09-02 13:50:00,24850,PE,1322.42,1328.28,1307.16,1320.88,242,26083,0.144
2025-09-02 13:50:00,24900,CE,323.65,323.07,317.03,318.64,22,25791,0.1397
2025-09-02 13:50:00,24900,PE,1346.9,1353.65,1337.39,1350.7,329,20412,0.1449
2025-09-02 13:55:00,23500,CE,721.87,729.32,713.08,717.22,566,42256,0.147
2025-09-02 13:55:00,23500,PE,338.69,348.23,338.31,339.38,685,42836,0.1468
2025-09-02 13:55:00,23550,CE,658.01,667.54,659.55,661.04,728,44703,0.1471
2025-09-02 13:55:00,23550,PE,325.73,321.19,317.77,320.99,24,49777,0.1437
2025-09-02 13:55:00,23600,CE,624.32,624.03,613.55,619.95,98,44922,0.144
2025-09-02 13:55:00,23600,PE,351.93,354.04,345.29,348.83,428,48977,0.143
2025-09-02 13:55:00,23650,CE,576.11,577.06,565.82,573.8,900,55518,0.1487
2025-09-02 13:55:00,23650,PE,341.93,341.03,335.88,339.94,836,63276,0.1486
2025-09-02 13:55:00,23700,CE,508.38,515.65,508.22,512.63,482,63717,0.1432
2025-09-02 13:55:00,23700,PE,316.39,321.46,315.11,316.92,426,61029,0.1454
2025-09-02 13:55:00,23750,CE,494.0,492.2,487.58,489.63,922,61393,0.144
2025-09-02 13:55:00,23750,PE,322.06,322.84,319.6,322.66,1175,66508,0.1455
2025-09-02 13:55:00,23800,CE,436.83,440.69,430.42,435.53,229,71247,0.1479
2025-09-02 13:55:00,23800,PE,341.62,343.59,341.49,341.84,161,64633,0.1466
2025-09-02 13:55:00,23850,CE,390.66,388.65,383.52,384.18,359,82037,0.1491
2025-09-02 13:55:00,23850,PE,321.81,322.95,319.05,322.2,929,82286,0.1435
2025-09-02 13:55:00,23900,CE,327.57,338.5,325.58,329.58,372,74173,0.1419
2025-09-02 13:55:00,23900,PE,338.07,342.65,329.76,335.79,1165,71918,0.1449
2025-09-02 13:55:00,23950,CE,346.41,353.19,345.1,347.62,1320,61558,0.1461
2025-09-02 13:55:00,23950,PE,392.66,397.57,393.04,395.05,1216,69688,0.143
2025-09-02 13:55:00,24000,CE,345.65,359.21,344.23,345.6,630,55353,0.1449
2025-09-02 13:55:00,24000,PE,423.99,427.88,424.19,426.56,363,56257,0.1454
2025-09-02 13:55:00,24050,CE,317.53,324.49,316.97,319.28,343,50163,0.1465
2025-09-02 13:55:00,24050,PE,491.03,495.34,481.01,485.45,357,51322,0.1447
2025-09-02 13:55:00,24100,CE,309.63,312.89,305.62,309.55,405,49586,0.1447
2025-09-02 13:55:00,24100,PE,551.9,549.26,547.08,548.89,605,53133,0.1453
2025-09-02 13:55:00,24150,CE,331.92,333.43,329.64,332.83,873,49074,0.1469
2025-09-02 13:55:00,24150,PE,620.84,614.06,612.24,612.27,137,46036,0.144
2025-09-02 13:55:00,24200,CE,338.5,351.23,343.28,344.69,95,43177,0.1462
2025-09-02 13:55:00,24200,PE,648.02,637.73,629.94,635.55,591,46710,0.1462
2025-09-02 13:55:00,24250,CE,332.1,336.84,329.75,331.35,75,36115,0.1438
2025-09-02 13:55:00,24250,PE,672.75,688.62,668.72,675.9,713,40296,0.1447
2025-09-02 13:55:00,24300,CE,348.74,351.48,349.74,350.99,579,32173,0.1439
2025-09-02 13:55:00,24300,PE,730.42,740.52,729.6,734.02,312,35865,0.1453
2025-09-02 13:55:00,24350,CE,338.58,342.14,336.95,338.89,233,34137,0.1477
2025-09-02 13:55:00,24350,PE,800.95,810.62,795.46,797.43,43,37386,0.1454
2025-09-02 13:55:00,24400,CE,326.21,325.52,320.18,324.82,621,34990,0.1457
2025-09-02 13:55:00,24400,PE,834.57,845.5,843.94,845.33,339,33541,0.1439
2025-09-02 13:55:00,24450,CE,333.44,339.29,335.66,338.01,230,33618,0.1448
2025-09-02 13:55:00,24450,PE,872.3,867.87,853.23,863.18,317,31694,0.1444
2025-09-02 13:55:00,24500,CE,339.71,338.12,333.78,334.96,417,32824,0.1447
2025-09-02 13:55:00,24500,PE,944.02,939.94,924.63,927.32,160,29341,0.1448
2025-09-02 13:55:00,24550,CE,329.28,341.27,329.79,331.7,225,31290,0.1463
2025-09-02 13:55:00,24550,PE,978.75,1001.69,987.0,989.26,36,24209,0.1445
2025-09-02 13:55:00,24600,CE,324.53,328.91,321.79,324.69,66,29923,0.1442
2025-09-02 13:55:00,24600,PE,1041.94,1071.81,1060.33,1060.64,494,22835,0.1471
2025-09-02 13:55:00,24650,CE,331.25,339.27,333.6,334.38,65,25879,0.1458
2025-09-02 13:55:00,24650,PE,1051.84,1074.77,1065.25,1066.26,293,18058,0.144
2025-09-02 13:55:00,24700,CE,349.47,352.29,348.23,349.65,126,31999,0.1465
2025-09-02 13:55:00,24700,PE,1094.28,1110.57,1098.66,1104.13,276,28575,0.1463
2025-09-02 13:55:00,24750,CE,340.97,339.28,335.82,338.45,135,23356,0.1472
2025-09-02 13:55:00,24750,PE,1176.08,1178.21,1170.77,1174.39,160,26799,0.1432
2025-09-02 13:55:00,24800,CE,336.9,344.4,334.87,340.55,39,18425,0.1463
2025-09-02 13:55:00,24800,PE,1207.16,1225.21,1206.51,1211.31,334,21417,0.1413
2025-09-02 13:55:00,24850,CE,344.73,347.26,339.88,342.82,398,21716,0.1427
2025-09-02 13:55:00,24850,PE,1260.27,1274.05,1252.04,1268.48,213,25655,0.1433
2025-09-02 13:55:00,24900,CE,342.22,350.08,341.8,344.38,292,25368,0.1464
2025-09-02 13:55:00,24900,PE,1353.85,1330.2,1316.12,1326.5,52,20820,0.145
2025-09-02 14:00:00,23500,CE,705.78,710.72,696.98,707.43,111,42701,0.149
2025-09-02 14:00:00,23500,PE,332.48,334.88,326.96,329.24,593,42923,0.1441
2025-09-02 14:00:00,23550,CE,644.19,648.73,646.48,647.8,136,44438,0.1488
2025-09-02 14:00:00,23550,PE,324.35,326.16,323.36,325.9,185,49650,0.1451
2025-09-02 14:00:00,23600,CE,620.32,618.25,613.48,613.54,201,44542,0.1495
2025-09-02 14:00:00,23600,PE,311.43,311.25,309.22,310.82,319,48381,0.1407
2025-09-02 14:00:00,23650,CE,562.82,576.43,564.68,569.41,941,55925,0.1467
2025-09-02 14:00:00,23650,PE,341.19,348.19,338.13,340.3,291,62909,0.1459
2025-09-02 14:00:00,23700,CE,487.84,491.4,486.11,489.31,1011,63211,0.1453
2025-09-02 14:00:00,23700,PE,335.79,340.9,332.73,336.94,887,60587,0.1452
2025-09-02 14:00:00,23750,CE,436.97,438.46,431.46,432.86,118,61904,0.1454
2025-09-02 14:00:00,23750,PE,326.68,337.45,326.13,327.3,726,66343,0.1437
2025-09-02 14:00:00,23800,CE,402.83,403.03,393.88,399.18,91,71424,0.1454
2025-09-02 14:00:00,23800,PE,354.61,349.05,342.43,347.8,859,64070,0.1482
2025-09-02 14:00:00,23850,CE,342.86,343.83,338.91,342.12,1267,82071,0.1465
2025-09-02 14:00:00,23850,PE,333.72,332.75,329.2,332.6,1520,82582,0.1431
2025-09-02 14:00:00,23900,CE,309.8,309.61,307.52,308.07,935,73651,0.1472
2025-09-02 14:00:00,23900,PE,351.84,354.69,349.97,350.47,344,71676,0.1468
2025-09-02 14:00:00,23950,CE,337.71,336.72,331.28,333.77,1272,61344,0.144
2025-09-02 14:00:00,23950,PE,416.1,419.36,411.27,417.66,712,70152,0.1467
2025-09-02 14:00:00,24000,CE,344.86,348.07,344.9,347.01,57,55551,0.1462
2025-09-02 14:00:00,24000,PE,488.35,487.64,478.67,483.1,1052,56695,0.1441
2025-09-02 14:00:00,24050,CE,330.95,333.41,329.37,331.03,545,50013,0.1449
2025-09-02 14:00:00,24050,PE,515.76,525.48,518.99,521.59,209,51431,0.1422
2025-09-02 14:00:00,24100,CE,323.89,333.22,318.49,323.51,861,49607,0.1443
2025-09-02 14:00:00,24100,PE,575.9,584.36,570.01,571.82,636,52864,0.1421
2025-09-02 14:00:00,24150,CE,342.19,349.4,341.21,341.81,650,48980,0.1434
2025-09-02 14:00:00,24150,PE,608.62,608.06,600.43,607.28,323,45729,0.147
2025-09-02 14:00:00,24200,CE,340.34,345.67,341.66,343.84,531,42596,0.1438
2025-09-02 14:00:00,24200,PE,684.53,697.07,688.2,689.02,746,47271,0.1475
2025-09-02 14:00:00,24250,CE,321.61,323.89,318.09,322.35,710,36664,0.1462
2025-09-02 14:00:00,24250,PE,718.16,726.87,708.21,720.68,626,40685,0.147
2025-09-02 14:00:00,24300,CE,329.73,344.86,332.15,335.58,299,31782,0.1435
2025-09-02 14:00:00,24300,PE,803.08,802.31,784.32,796.5,15,35289,0.1455
2025-09-02 14:00:00,24350,CE,313.77,326.91,317.33,317.93,458,33772,0.142
2025-09-02 14:00:00,24350,PE,826.26,830.73,824.9,828.82,109,37831,0.1439
2025-09-02 14:00:00,24400,CE,350.23,353.24,343.95,352.55,101,34573,0.1474
2025-09-02 14:00:00,24400,PE,856.55,859.93,847.58,854.24,293,33221,0.1467
2025-09-02 14:00:00,24450,CE,315.27,321.08,315.69,318.59,51,33847,0.1443
2025-09-02 14:00:00,24450,PE,955.63,942.7,937.16,942.18,300,31666,0.148
2025-09-02 14:00:00,24500,CE,312.1,313.89,306.75,310.76,136,33008,0.1449
2025-09-02 14:00:00,24500,PE,983.04,1000.65,985.54,989.13,309,29416,0.1466
2025-09-02 14:00:00,24550,CE,312.73,320.24,313.11,314.58,479,31376,0.1444
2025-09-02 14:00:00,24550,PE,1027.8,1041.96,1032.7,1036.52,476,24656,0.1453
2025-09-02 14:00:00,24600,CE,341.37,344.28,342.3,343.91,58,29584,0.1458
2025-09-02 14:00:00,24600,PE,1072.68,1089.07,1079.27,1081.2,337,22402,0.149
2025-09-02 14:00:00,24650,CE,309.32,310.69,310.1,310.32,340,25764,0.1422
2025-09-02 14:00:00,24650,PE,1140.26,1134.57,1127.86,1128.43,149,18099,0.1432
2025-09-02 14:00:00,24700,CE,319.69,325.97,320.62,322.4,136,31987,0.1453
2025-09-02 14:00:00,24700,PE,1157.8,1191.13,1167.55,1169.35,340,28622,0.1454
2025-09-02 14:00:00,24750,CE,322.88,331.25,319.35,324.04,419,23339,0.1452
2025-09-02 14:00:00,24750,PE,1233.35,1248.82,1231.97,1232.69,348,26820,0.1477
2025-09-02 14:00:00,24800,CE,340.98,343.09,339.31,341.0,344,18943,0.1482
2025-09-02 14:00:00,24800,PE,1259.61,1273.7,1236.25,1269.3,360,20876,0.1434
2025-09-02 14:00:00,24850,CE,340.65,341.22,336.19,340.59,64,22245,0.1477
2025-09-02 14:00:00,24850,PE,1343.74,1335.08,1326.21,1335.06,310,25759,0.1465
2025-09-02 14:00:00,24900,CE,324.6,324.33,318.04,321.72,245,24825,0.1432
2025-09-02 14:00:00,24900,PE,1353.02,1383.31,1358.09,1361.49,195,20284,0.1433
2025-09-02 14:05:00,23500,CE,723.25,737.98,711.78,715.9,486,42786,0.1446
2025-09-02 14:05:00,23500,PE,323.74,327.64,322.35,323.15,496,43149,0.1468
2025-09-02 14:05:00,23550,CE,656.97,659.66,651.52,651.54,829,44462,0.1501
2025-09-02 14:05:00,23550,PE,319.4,328.48,315.9,319.76,676,49588,0.1473
2025-09-02 14:05:00,23600,CE,602.44,597.99,590.74,593.41,678,44274,0.1447
2025-09-02 14:05:00,23600,PE,351.93,355.32,353.28,354.05,400,48508,0.1491
2025-09-02 14:05:00,23650,CE,556.22,567.95,552.19,557.54,965,56402,0.1484
2025-09-02 14:05:00,23650,PE,316.45,316.46,315.33,315.7,279,62815,0.1444
2025-09-02 14:05:00,23700,CE,501.03,511.37,497.92,499.53,102,63445,0.1426
2025-09-02 14:05:00,23700,PE,359.15,356.3,352.58,353.46,93,60007,0.148
2025-09-02 14:05:00,23750,CE,452.4,457.79,443.33,451.91,925,61843,0.147
2025-09-02 14:05:00,23750,PE,341.25,341.27,336.23,341.2,244,66657,0.1431
2025-09-02 14:05:00,23800,CE,434.58,432.81,426.74,429.01,1107,71834,0.146
2025-09-02 14:05:00,23800,PE,325.21,326.94,325.96,326.89,1158,64114,0.1487
2025-09-02 14:05:00,23850,CE,386.02,387.89,385.33,387.29,1564,82150,0.1488
2025-09-02 14:05:00,23850,PE,343.05,342.23,338.2,341.04,1157,82148,0.1446
2025-09-02 14:05:00,23900,CE,318.36,321.69,314.2,320.2,906,73405,0.1466
2025-09-02 14:05:00,23900,PE,374.68,372.39,366.96,369.77,1327,71876,0.1468
2025-09-02 14:05:00,23950,CE,338.94,342.1,340.29,341.1,999,61664,0.1446
2025-09-02 14:05:00,23950,PE,396.31,404.37,391.15,394.79,897,69650,0.1422
2025-09-02 14:05:00,24000,CE,320.0,326.23,321.97,322.33,301,56104,0.1454
2025-09-02 14:05:00,24000,PE,446.46,454.56,445.53,450.17,866,57239,0.1443
2025-09-02 14:05:00,24050,CE,317.06,317.33,314.97,316.57,93,49638,0.1436
2025-09-02 14:05:00,24050,PE,467.89,470.46,464.64,468.47,739,50885,0.145
2025-09-02 14:05:00,24100,CE,325.91,331.91,327.27,329.54,84,49416,0.146
2025-09-02 14:05:00,24100,PE,537.16,546.01,542.76,542.81,677,53414,0.1459
2025-09-02 14:05:00,24150,CE,313.55,318.44,316.66,317.19,880,48911,0.1441
2025-09-02 14:05:00,24150,PE,623.87,633.36,622.81,623.85,667,45505,0.1467
2025-09-02 14:05:00,24200,CE,337.87,342.61,336.45,336.95,589,43069,0.1443
2025-09-02 14:05:00,24200,PE,651.2,661.72,653.25,655.9,529,46832,0.1439
2025-09-02 14:05:00,24250,CE,343.79,349.32,338.11,342.76,222,37193,0.1438
2025-09-02 14:05:00,24250,PE,719.99,718.76,702.78,708.79,606,41055,0.1471
2025-09-02 14:05:00,24300,CE,338.5,338.65,331.28,336.7,47,31642,0.1455
2025-09-02 14:05:00,24300,PE,756.9,766.95,758.47,761.86,372,35633,0.1455
2025-09-02 14:05:00,24350,CE,315.03,319.32,312.5,313.53,78,34079,0.1451
2025-09-02 14:05:00,24350,PE,836.94,840.54,832.29,839.98,410,37926,0.1462
2025-09-02 14:05:00,24400,CE,317.88,322.83,320.19,321.71,538,34910,0.144
2025-09-02 14:05:00,24400,PE,873.64,882.9,865.44,868.73,446,33221,0.1481
2025-09-02 14:05:00,24450,CE,328.95,336.05,325.3,328.09,570,34257,0.1463
2025-09-02 14:05:00,24450,PE,904.04,901.95,879.13,898.78,181,32017,0.145
2025-09-02 14:05:00,24500,CE,337.98,343.26,335.94,340.45,318,33495,0.1435
2025-09-02 14:05:00,24500,PE,957.91,963.39,949.4,963.35,212,29773,0.1458
2025-09-02 14:05:00,24550,CE,318.65,322.8,317.49,320.15,143,31881,0.1449
2025-09-02 14:05:00,24550,PE,1007.46,1016.71,1005.56,1008.74,97,24269,0.145
2025-09-02 14:05:00,24600,CE,342.0,346.74,343.16,344.41,488,29316,0.1465
2025-09-02 14:05:00,24600,PE,1066.04,1070.9,1061.02,1065.21,262,22344,0.1496
2025-09-02 14:05:00,24650,CE,329.46,337.3,328.84,329.52,375,25455,0.1433
2025-09-02 14:05:00,24650,PE,1057.77,1077.86,1059.93,1062.05,165,18575,0.1405
2025-09-02 14:05:00,24700,CE,325.29,327.22,321.67,323.84,417,31602,0.1452
2025-09-02 14:05:00,24700,PE,1152.51,1156.38,1147.49,1152.05,224,28572,0.1464
2025-09-02 14:05:00,24750,CE,322.31,325.78,324.07,324.47,226,23364,0.1448
2025-09-02 14:05:00,24750,PE,1210.06,1228.07,1204.05,1222.73,27,27267,0.1466
2025-09-02 14:05:00,24800,CE,324.03,324.22,321.99,323.86,108,18653,0.1448
2025-09-02 14:05:00,24800,PE,1280.05,1291.32,1264.88,1281.24,338,21439,0.1468
2025-09-02 14:05:00,24850,CE,322.83,333.66,318.81,328.11,360,21995,0.1461
2025-09-02 14:05:00,24850,PE,1318.28,1326.46,1314.87,1318.69,299,25354,0.1446
2025-09-02 14:05:00,24900,CE,342.71,346.32,342.7,343.94,158,24529,0.145
2025-09-02 14:05:00,24900,PE,1341.0,1361.28,1307.94,1339.44,91,20741,0.1417
2025-09-02 14:10:00,23500,CE,699.35,709.06,691.98,702.86,694,42368,0.1473
2025-09-02 14:10:00,23500,PE,329.84,329.94,328.05,328.44,296,42587,0.1443
2025-09-02 14:10:00,23550,CE,645.4,649.92,642.44,645.24,700,44211,0.1437
2025-09-02 14:10:00,23550,PE,317.55,318.51,314.93,317.97,512,49641,0.1455
2025-09-02 14:10:00,23600,CE,585.05,594.56,583.86,586.65,195,44101,0.1412
2025-09-02 14:10:00,23600,PE,359.78,359.75,352.71,354.98,116,48100,0.1484
2025-09-02 14:10:00,23650,CE,558.45,560.85,556.1,560.79,865,56239,0.15
2025-09-02 14:10:00,23650,PE,337.72,341.74,332.97,340.33,470,63046,0.1449
2025-09-02 14:10:00,23700,CE,532.65,535.01,529.56,531.2,996,63368,0.1506
2025-09-02 14:10:00,23700,PE,328.67,334.6,327.93,328.51,989,60094,0.1461
2025-09-02 14:10:00,23750,CE,451.1,449.52,444.52,448.62,85,62379,0.147
2025-09-02 14:10:00,23750,PE,317.89,320.85,312.34,317.55,350,66954,0.1423
2025-09-02 14:10:00,23800,CE,363.3,364.97,360.13,362.76,1279,72198,0.1415
2025-09-02 14:10:00,23800,PE,338.24,345.49,341.21,342.12,901,63859,0.1487
2025-09-02 14:10:00,23850,CE,337.23,340.29,333.5,338.16,1119,82163,0.142
2025-09-02 14:10:00,23850,PE,320.94,329.09,323.25,324.5,1146,81961,0.146
2025-09-02 14:10:00,23900,CE,335.97,333.12,327.03,332.31,1100,73386,0.1475
2025-09-02 14:10:00,23900,PE,357.08,363.06,361.66,362.18,1545,71410,0.1469
2025-09-02 14:10:00,23950,CE,334.19,332.93,328.36,332.59,999,61686,0.1471
2025-09-02 14:10:00,23950,PE,432.51,435.17,422.74,431.73,798,69680,0.1418
2025-09-02 14:10:00,24000,CE,334.56,336.92,332.93,333.53,180,56193,0.1467
2025-09-02 14:10:00,24000,PE,436.37,444.38,431.13,434.99,516,56920,0.1397
2025-09-02 14:10:00,24050,CE,340.51,345.95,336.03,340.99,997,49303,0.1478
2025-09-02 14:10:00,24050,PE,546.64,550.33,542.82,545.62,464,50726,0.1476
2025-09-02 14:10:00,24100,CE,328.69,327.56,323.07,327.39,449,49461,0.1474
2025-09-02 14:10:00,24100,PE,561.1,564.19,557.07,557.76,618,53218,0.1434
2025-09-02 14:10:00,24150,CE,317.86,324.54,320.08,322.49,316,49158,0.1469
2025-09-02 14:10:00,24150,PE,643.25,649.39,637.61,638.32,622,45607,0.1483
2025-09-02 14:10:00,24200,CE,334.37,340.67,335.43,336.63,428,42604,0.1488
2025-09-02 14:10:00,24200,PE,682.92,694.83,680.83,680.84,466,46500,0.1435
2025-09-02 14:10:00,24250,CE,333.75,342.33,332.59,333.74,66,37318,0.1454
2025-09-02 14:10:00,24250,PE,724.49,723.7,715.13,722.37,399,41093,0.141
2025-09-02 14:10:00,24300,CE,336.91,342.55,336.92,339.88,515,31449,0.1488
2025-09-02 14:10:00,24300,PE,769.85,780.76,772.6,773.44,242,35239,0.1448
2025-09-02 14:10:00,24350,CE,329.47,338.12,326.97,330.93,59,34583,0.1436
2025-09-02 14:10:00,24350,PE,846.75,856.0,836.48,841.81,195,37865,0.1451
2025-09-02 14:10:00,24400,CE,321.7,324.46,321.07,322.22,558,34565,0.1466
2025-09-02 14:10:00,24400,PE,864.58,865.65,861.89,863.42,115,33486,0.1471
2025-09-02 14:10:00,24450,CE,315.05,316.23,313.2,314.75,211,33964,0.1456
2025-09-02 14:10:00,24450,PE,901.79,917.62,910.89,913.89,452,31735,0.1419
2025-09-02 14:10:00,24500,CE,331.11,334.03,327.75,329.8,11,33887,0.1468
2025-09-02 14:10:00,24500,PE,986.61,989.07,976.03,983.69,530,30262,0.1424
2025-09-02 14:10:00,24550,CE,338.35,345.77,338.27,339.29,67,31842,0.1479
2025-09-02 14:10:00,24550,PE,1011.95,1036.68,1010.33,1014.34,459,24427,0.1461
2025-09-02 14:10:00,24600,CE,326.62,328.11,323.08,323.47,153,29149,0.144
2025-09-02 14:10:00,24600,PE,1066.19,1094.11,1054.81,1064.31,159,22504,0.1447
2025-09-02 14:10:00,24650,CE,353.33,360.45,349.42,351.92,309,25728,0.146
2025-09-02 14:10:00,24650,PE,1124.11,1129.22,1108.42,1114.02,136,18840,0.1465
2025-09-02 14:10:00,24700,CE,318.86,325.62,318.44,318.53,201,31050,0.1445
2025-09-02 14:10:00,24700,PE,1149.26,1164.77,1145.65,1155.54,351,28090,0.148
2025-09-02 14:10:00,24750,CE,328.16,334.72,326.9,327.81,10,23613,0.1471
2025-09-02 14:10:00,24750,PE,1217.94,1228.95,1218.62,1224.61,43,27305,0.1471
2025-09-02 14:10:00,24800,CE,336.62,339.04,336.85,337.46,142,19184,0.1502
2025-09-02 14:10:00,24800,PE,1287.37,1310.4,1282.23,1286.07,131,20963,0.1452
2025-09-02 14:10:00,24850,CE,340.64,347.01,343.12,343.86,59,22582,0.1435
2025-09-02 14:10:00,24850,PE,1304.65,1308.45,1296.19,1297.67,380,24914,0.1414
2025-09-02 14:10:00,24900,CE,325.34,324.75,318.22,321.48,132,23966,0.1471
2025-09-02 14:10:00,24900,PE,1383.37,1391.82,1377.5,1388.38,313,21219,0.1458
2025-09-02 14:15:00,23500,CE,688.47,693.2,685.85,691.53,548,42372,0.1447
2025-09-02 14:15:00,23500,PE,311.46,308.74,307.47,308.54,292,42331,0.1405
2025-09-02 14:15:00,23550,CE,642.69,651.2,640.2,640.78,599,44297,0.1449
2025-09-02 14:15:00,23550,PE,325.2,330.14,327.73,328.66,396,49494,0.1461
2025-09-02 14:15:00,23600,CE,580.04,587.55,581.19,583.98,669,44687,0.1426
2025-09-02 14:15:00,23600,PE,341.51,344.56,337.77,339.66,124,48428,0.1458
2025-09-02 14:15:00,23650,CE,551.11,560.3,545.39,550.62,463,56426,0.1434
2025-09-02 14:15:00,23650,PE,347.0,356.55,339.38,344.58,805,62832,0.1425
2025-09-02 14:15:00,23700,CE,523.93,525.16,518.12,521.73,237,62799,0.1502
2025-09-02 14:15:00,23700,PE,324.03,329.07,322.37,324.61,1077,60450,0.1451
2025-09-02 14:15:00,23750,CE,468.48,476.03,470.3,470.57,908,61836,0.1459
2025-09-02 14:15:00,23750,PE,317.87,324.09,318.8,320.65,1159,66489,0.1467
2025-09-02 14:15:00,23800,CE,385.68,397.62,384.17,387.7,433,72304,0.1459
2025-09-02 14:15:00,23800,PE,296.66,301.97,297.41,298.5,39,64167,0.1454
2025-09-02 14:15:00,23850,CE,348.36,352.65,352.21,352.65,1555,82053,0.1446
2025-09-02 14:15:00,23850,PE,312.6,316.35,310.31,313.48,227,82067,0.145
2025-09-02 14:15:00,23900,CE,329.6,333.58,326.98,330.41,1270,73954,0.1467
2025-09-02 14:15:00,23900,PE,395.39,397.87,390.34,396.09,461,71147,0.1496
2025-09-02 14:15:00,23950,CE,303.07,308.02,304.25,305.1,136,61138,0.1453
2025-09-02 14:15:00,23950,PE,412.82,419.86,399.75,409.65,1036,69346,0.141
2025-09-02 14:15:00,24000,CE,346.5,343.62,342.01,343.48,386,56128,0.1448
2025-09-02 14:15:00,24000,PE,460.34,469.05,453.97,458.57,113,57252,0.1445
2025-09-02 14:15:00,24050,CE,343.21,349.76,339.14,343.39,629,49206,0.1469
2025-09-02 14:15:00,24050,PE,523.16,526.63,521.65,523.34,268,50832,0.1431
2025-09-02 14:15:00,24100,CE,314.34,315.45,313.47,314.76,713,49539,0.1446
2025-09-02 14:15:00,24100,PE,560.06,571.31,561.32,561.71,750,53203,0.1485
2025-09-02 14:15:00,24150,CE,353.2,359.93,351.54,351.63,123,48748,0.1488
2025-09-02 14:15:00,24150,PE,611.4,618.93,616.36,617.57,716,45088,0.1461
2025-09-02 14:15:00,24200,CE,339.47,347.38,338.08,340.41,382,42247,0.1444
2025-09-02 14:15:00,24200,PE,639.72,645.98,638.34,641.55,625,46224,0.1459
2025-09-02 14:15:00,24250,CE,333.52,332.36,325.55,329.84,583,36943,0.1468
2025-09-02 14:15:00,24250,PE,719.75,746.53,712.01,733.36,467,40723,0.145
2025-09-02 14:15:00,24300,CE,352.81,356.37,350.96,352.13,336,31579,0.1479
2025-09-02 14:15:00,24300,PE,761.53,767.33,752.29,761.47,118,35184,0.1464
2025-09-02 14:15:00,24350,CE,335.11,335.61,330.85,331.65,473,34283,0.1435
2025-09-02 14:15:00,24350,PE,825.05,841.53,828.21,837.07,45,37547,0.1513
2025-09-02 14:15:00,24400,CE,358.07,355.49,350.98,353.3,250,34136,0.1464
2025-09-02 14:15:00,24400,PE,856.84,873.85,846.06,865.01,500,33716,0.1456
2025-09-02 14:15:00,24450,CE,342.07,344.49,339.79,343.21,300,33935,0.148
2025-09-02 14:15:00,24450,PE,912.24,920.45,899.18,907.01,465,31932,0.1478
2025-09-02 14:15:00,24500,CE,333.07,338.08,330.5,333.86,382,33741,0.146
2025-09-02 14:15:00,24500,PE,956.03,959.77,936.98,955.64,11,29764,0.1455
2025-09-02 14:15:00,24550,CE,316.69,320.78,314.99,316.48,386,32229,0.1445
2025-09-02 14:15:00,24550,PE,1030.36,1040.99,1025.19,1031.03,56,23876,0.1468
2025-09-02 14:15:00,24600,CE,312.09,316.79,312.02,316.29,122,28989,0.1434
2025-09-02 14:15:00,24600,PE,1077.9,1087.42,1066.74,1079.09,96,22606,0.1454
2025-09-02 14:15:00,24650,CE,323.47,329.96,321.57,325.92,422,25925,0.1449
2025-09-02 14:15:00,24650,PE,1089.93,1104.62,1102.15,1102.52,162,18818,0.1457
2025-09-02 14:15:00,24700,CE,345.21,347.48,343.43,346.48,427,31408,0.1477
2025-09-02 14:15:00,24700,PE,1141.11,1163.66,1145.44,1155.1,76,28065,0.1445
2025-09-02 14:15:00,24750,CE,340.88,342.51,337.86,339.24,42,24015,0.1451
2025-09-02 14:15:00,24750,PE,1222.29,1226.06,1223.22,1223.28,302,27001,0.1479
2025-09-02 14:15:00,24800,CE,337.14,344.41,337.32,339.75,310,19151,0.1457
2025-09-02 14:15:00,24800,PE,1278.48,1284.16,1282.0,1283.05,331,20400,0.1476
2025-09-02 14:15:00,24850,CE,310.96,320.59,312.17,312.25,174,22675,0.1395
2025-09-02 14:15:00,24850,PE,1312.83,1316.72,1302.53,1313.34,47,24797,0.1433
2025-09-02 14:15:00,24900,CE,333.44,345.37,335.57,337.68,284,24183,0.1453
2025-09-02 14:15:00,24900,PE,1365.41,1381.67,1352.28,1359.77,45,21509,0.1483
2025-09-02 14:20:00,23500,CE,639.06,635.23,627.72,634.87,609,42291,0.1462
2025-09-02 14:20:00,23500,PE,284.15,283.91,279.89,281.92,686,42461,0.1433
2025-09-02 14:20:00,23550,CE,574.08,596.91,578.48,584.92,910,44575,0.1481
2025-09-02 14:20:00,23550,PE,318.6,328.42,320.28,322.38,909,49898,0.1436
2025-09-02 14:20:00,23600,CE,539.77,543.42,537.72,539.86,347,44213,0.1453
2025-09-02 14:20:00,23600,PE,352.07,360.08,351.32,354.99,637,48485,0.1481
2025-09-02 14:20:00,23650,CE,487.73,492.17,474.41,482.53,1099,56935,0.146
2025-09-02 14:20:00,23650,PE,328.87,329.76,323.04,326.33,22,62572,0.1448
2025-09-02 14:20:00,23700,CE,446.01,445.01,442.0,444.57,652,62953,0.145
2025-09-02 14:20:00,23700,PE,354.47,356.41,350.53,355.07,512,60188,0.1477
2025-09-02 14:20:00,23750,CE,385.38,389.95,377.67,381.47,661,62200,0.1461
2025-09-02 14:20:00,23750,PE,331.84,339.09,330.11,331.57,1350,66781,0.1486
2025-09-02 14:20:00,23800,CE,343.66,341.36,336.29,341.09,294,72843,0.1433
2025-09-02 14:20:00,23800,PE,310.27,315.04,311.79,313.91,902,64405,0.1434
2025-09-02 14:20:00,23850,CE,364.62,365.22,357.39,364.07,1112,82039,0.1466
2025-09-02 14:20:00,23850,PE,354.65,360.14,355.91,356.05,873,82116,0.1449
2025-09-02 14:20:00,23900,CE,348.45,356.75,350.71,352.39,203,74289,0.1483
2025-09-02 14:20:00,23900,PE,401.34,398.56,395.36,398.19,453,71432,0.1446
2025-09-02 14:20:00,23950,CE,343.62,349.09,339.68,340.31,51,60679,0.1473
2025-09-02 14:20:00,23950,PE,471.22,470.3,461.78,466.97,341,69104,0.149
2025-09-02 14:20:00,24000,CE,344.14,345.17,344.56,344.88,129,56346,0.1469
2025-09-02 14:20:00,24000,PE,518.58,522.29,515.0,515.63,89,56773,0.1482
2025-09-02 14:20:00,24050,CE,321.56,322.96,313.8,317.35,612,49397,0.1444
2025-09-02 14:20:00,24050,PE,583.01,575.3,569.29,571.25,650,51268,0.1483
2025-09-02 14:20:00,24100,CE,327.63,332.92,329.59,331.97,710,49380,0.1448
2025-09-02 14:20:00,24100,PE,613.82,621.17,610.73,615.09,582,52864,0.1449
2025-09-02 14:20:00,24150,CE,317.67,319.3,308.89,318.04,680,49172,0.1467
2025-09-02 14:20:00,24150,PE,650.7,666.48,640.19,656.97,464,45065,0.1413
2025-09-02 14:20:00,24200,CE,342.34,351.32,338.86,340.1,477,42645,0.1482
2025-09-02 14:20:00,24200,PE,688.19,703.68,689.98,697.23,695,45717,0.1463
2025-09-02 14:20:00,24250,CE,325.99,330.93,322.6,326.8,429,36597,0.1437
2025-09-02 14:20:00,24250,PE,746.22,757.44,747.89,751.85,54,40124,0.1453
2025-09-02 14:20:00,24300,CE,339.57,339.71,331.84,335.31,72,31516,0.1472
2025-09-02 14:20:00,24300,PE,807.42,816.02,803.84,805.43,567,35642,0.1454
2025-09-02 14:20:00,24350,CE,345.17,353.13,347.27,348.83,485,34457,0.1438
2025-09-02 14:20:00,24350,PE,874.1,886.73,882.53,884.47,381,36968,0.1445
2025-09-02 14:20:00,24400,CE,332.83,335.37,326.49,329.5,481,33565,0.1449
2025-09-02 14:20:00,24400,PE,917.17,930.12,906.85,910.52,461,33980,0.1435
2025-09-02 14:20:00,24450,CE,329.9,332.68,321.23,329.39,152,33446,0.1445
2025-09-02 14:20:00,24450,PE,971.36,980.52,973.76,976.57,486,31596,0.1479
2025-09-02 14:20:00,24500,CE,350.46,348.39,346.43,348.24,282,33979,0.147
2025-09-02 14:20:00,24500,PE,1056.29,1055.38,1038.42,1047.52,246,29462,0.1474
2025-09-02 14:20:00,24550,CE,310.02,311.39,304.37,311.02,247,32217,0.1459
2025-09-02 14:20:00,24550,PE,1032.12,1042.34,1029.96,1033.71,224,23750,0.1474
2025-09-02 14:20:00,24600,CE,353.7,367.53,355.97,356.28,32,28801,0.1496
2025-09-02 14:20:00,24600,PE,1132.82,1146.15,1124.95,1126.36,177,22309,0.1428
2025-09-02 14:20:00,24650,CE,330.36,330.16,327.78,328.56,55,25814,0.1453
2025-09-02 14:20:00,24650,PE,1151.26,1161.46,1139.6,1148.01,417,18437,0.1454
2025-09-02 14:20:00,24700,CE,322.86,327.32,322.47,325.71,302,31953,0.1446
2025-09-02 14:20:00,24700,PE,1180.67,1209.0,1181.08,1189.34,415,27844,0.1447
2025-09-02 14:20:00,24750,CE,335.01,338.6,330.12,334.69,62,24289,0.1456
2025-09-02 14:20:00,24750,PE,1267.58,1272.33,1249.67,1258.69,130,26752,0.1448
2025-09-02 14:20:00,24800,CE,329.57,329.61,327.95,329.23,289,18865,0.1421
2025-09-02 14:20:00,24800,PE,1304.55,1313.63,1289.79,1306.04,209,20379,0.144
2025-09-02 14:20:00,24850,CE,324.69,326.34,324.25,324.29,323,22954,0.1464
2025-09-02 14:20:00,24850,PE,1319.24,1366.45,1343.73,1348.4,144,24201,0.1465
2025-09-02 14:20:00,24900,CE,325.14,329.64,327.58,328.76,96,23788,0.1448
2025-09-02 14:20:00,24900,PE,1397.95,1408.27,1375.69,1386.62,290,21838,0.1402
2025-09-02 14:25:00,23500,CE,671.1,676.72,654.05,665.95,46,42114,0.1443
2025-09-02 14:25:00,23500,PE,303.02,305.18,303.67,303.97,132,42887,0.1425
2025-09-02 14:25:00,23550,CE,601.71,615.69,603.24,606.89,644,44134,0.1446
2025-09-02 14:25:00,23550,PE,324.08,326.61,320.81,324.74,619,50273,0.1455
2025-09-02 14:25:00,23600,CE,572.11,586.9,583.85,584.77,78,44359,0.1439
2025-09-02 14:25:00,23600,PE,314.04,325.94,318.95,319.69,519,48087,0.1461
2025-09-02 14:25:00,23650,CE,507.21,510.41,508.3,510.28,992,56349,0.1424
2025-09-02 14:25:00,23650,PE,341.86,346.28,338.86,341.36,538,63029,0.1448
2025-09-02 14:25:00,23700,CE,493.53,497.44,493.14,494.01,389,62699,0.1471
2025-09-02 14:25:00,23700,PE,333.73,334.5,322.2,330.97,883,59877,0.1443
2025-09-02 14:25:00,23750,CE,410.9,411.23,406.43,409.64,701,61820,0.1457
2025-09-02 14:25:00,23750,PE,341.53,346.95,344.09,344.58,114,66607,0.1432
2025-09-02 14:25:00,23800,CE,340.31,338.92,338.31,338.43,247,72871,0.1507
2025-09-02 14:25:00,23800,PE,327.66,337.26,331.35,333.79,795,64378,0.1479
2025-09-02 14:25:00,23850,CE,330.68,332.4,323.92,327.68,1661,82460,0.1434
2025-09-02 14:25:00,23850,PE,369.64,368.65,365.76,366.2,759,81752,0.1471
2025-09-02 14:25:00,23900,CE,319.86,332.93,325.4,327.87,321,74584,0.1471
2025-09-02 14:25:00,23900,PE,395.06,400.05,398.98,399.39,1239,71923,0.1461
2025-09-02 14:25:00,23950,CE,315.38,322.13,321.37,321.64,1185,60123,0.1449
2025-09-02 14:25:00,23950,PE,443.48,440.01,437.69,439.76,1063,69405,0.1449
2025-09-02 14:25:00,24000,CE,324.35,329.72,325.41,327.97,203,56075,0.1464
2025-09-02 14:25:00,24000,PE,486.57,493.48,486.61,490.87,1098,56710,0.1421
2025-09-02 14:25:00,24050,CE,303.8,310.24,301.56,303.28,712,48870,0.143
2025-09-02 14:25:00,24050,PE,512.22,514.91,505.79,513.93,657,51021,0.1443
2025-09-02 14:25:00,24100,CE,321.23,321.9,318.6,319.29,719,48914,0.1456
2025-09-02 14:25:00,24100,PE,618.08,636.69,611.75,616.35,917,52543,0.144
2025-09-02 14:25:00,24150,CE,329.48,333.09,326.31,330.53,353,48611,0.1474
2025-09-02 14:25:00,24150,PE,649.1,647.89,638.59,642.77,93,45591,0.1453
2025-09-02 14:25:00,24200,CE,333.63,338.56,330.85,331.54,550,43119,0.1468
2025-09-02 14:25:00,24200,PE,701.98,716.36,700.51,700.57,660,45898,0.1477
2025-09-02 14:25:00,24250,CE,358.26,355.6,351.5,354.16,471,36387,0.1444
2025-09-02 14:25:00,24250,PE,731.05,754.46,746.86,748.21,509,40655,0.1452
2025-09-02 14:25:00,24300,CE,347.53,351.86,344.78,345.0,165,32082,0.1463
2025-09-02 14:25:00,24300,PE,794.45,807.03,796.99,798.36,357,35995,0.144
2025-09-02 14:25:00,24350,CE,342.84,340.26,335.8,339.86,230,34674,0.1462
2025-09-02 14:25:00,24350,PE,834.87,844.86,841.03,842.69,356,36762,0.1459
2025-09-02 14:25:00,24400,CE,320.26,327.45,319.85,321.84,25,34024,0.1449
2025-09-02 14:25:00,24400,PE,919.7,924.52,912.14,914.5,414,33979,0.1434
2025-09-02 14:25:00,24450,CE,325.18,330.59,325.87,327.18,311,33604,0.1457
2025-09-02 14:25:00,24450,PE,934.93,950.18,935.87,942.8,23,31203,0.1466
2025-09-02 14:25:00,24500,CE,360.62,370.89,360.22,364.34,525,33404,0.1439
2025-09-02 14:25:00,24500,PE,979.14,1017.09,986.92,991.5,66,30047,0.144
2025-09-02 14:25:00,24550,CE,324.94,324.51,317.95,324.01,397,32362,0.145
2025-09-02 14:25:00,24550,PE,1029.08,1038.66,1029.7,1031.25,463,23972,0.144
2025-09-02 14:25:00,24600,CE,350.11,350.75,346.37,347.49,49,28261,0.1453
2025-09-02 14:25:00,24600,PE,1104.83,1097.33,1082.99,1087.41,422,22214,0.1444
2025-09-02 14:25:00,24650,CE,320.85,322.32,321.67,322.28,166,25555,0.1439
2025-09-02 14:25:00,24650,PE,1153.25,1173.9,1142.0,1151.49,367,18839,0.147
2025-09-02 14:25:00,24700,CE,324.53,322.16,319.34,320.31,274,31935,0.1466
2025-09-02 14:25:00,24700,PE,1192.11,1213.31,1199.41,1206.37,262,27705,0.1454
2025-09-02 14:25:00,24750,CE,323.79,328.43,324.55,326.27,157,23866,0.1461
2025-09-02 14:25:00,24750,PE,1256.19,1256.48,1243.05,1252.01,199,26612,0.1452
2025-09-02 14:25:00,24800,CE,349.09,349.32,346.96,348.98,118,18699,0.141
2025-09-02 14:25:00,24800,PE,1294.88,1293.16,1285.99,1287.19,284,20723,0.1436
2025-09-02 14:25:00,24850,CE,307.09,307.75,298.97,305.28,312,23371,0.1439
2025-09-02 14:25:00,24850,PE,1344.85,1376.41,1325.58,1347.77,380,24056,0.1473
2025-09-02 14:25:00,24900,CE,336.34,338.87,331.33,335.53,333,23680,0.1452
2025-09-02 14:25:00,24900,PE,1395.68,1404.88,1362.98,1387.08,309,22408,0.1482
2025-09-02 14:30:00,23500,CE,709.67,717.98,701.21,707.17,592,41967,0.1444
2025-09-02 14:30:00,23500,PE,327.23,329.27,324.64,326.56,290,43041,0.142
2025-09-02 14:30:00,23550,CE,661.55,667.28,655.31,655.72,812,43695,0.1476
2025-09-02 14:30:00,23550,PE,309.03,310.98,305.18,307.69,219,50187,0.1452
2025-09-02 14:30:00,23600,CE,586.73,601.83,579.74,596.28,717,44048,0.1443
2025-09-02 14:30:00,23600,PE,326.51,324.3,320.11,323.75,409,47778,0.1473
2025-09-02 14:30:00,23650,CE,601.26,600.23,589.63,591.93,692,56029,0.1473
2025-09-02 14:30:00,23650,PE,328.74,331.83,320.1,327.67,107,62998,0.1455
2025-09-02 14:30:00,23700,CE,524.14,523.9,519.26,519.97,19,62451,0.1493
2025-09-02 14:30:00,23700,PE,348.05,350.92,348.68,350.83,1040,60257,0.1458
2025-09-02 14:30:00,23750,CE,443.82,452.9,444.01,446.93,764,61758,0.1421
2025-09-02 14:30:00,23750,PE,312.45,318.94,310.87,313.62,979,66072,0.1442
2025-09-02 14:30:00,23800,CE,409.96,415.13,405.87,410.14,608,72797,0.1413
2025-09-02 14:30:00,23800,PE,345.78,347.54,339.94,343.69,44,63897,0.147
2025-09-02 14:30:00,23850,CE,378.09,389.49,385.52,385.91,700,82036,0.1461
2025-09-02 14:30:00,23850,PE,336.17,334.38,332.52,333.31,1573,81314,0.1452
2025-09-02 14:30:00,23900,CE,329.3,332.95,326.19,327.51,77,74935,0.1445
2025-09-02 14:30:00,23900,PE,325.65,336.35,322.39,326.77,712,71838,0.1455
2025-09-02 14:30:00,23950,CE,344.42,351.24,339.25,345.52,407,59524,0.1483
2025-09-02 14:30:00,23950,PE,396.52,407.99,395.74,396.47,1058,69419,0.1475
2025-09-02 14:30:00,24000,CE,325.8,330.2,320.3,325.92,519,55716,0.1438
2025-09-02 14:30:00,24000,PE,422.04,428.38,415.47,418.21,191,56970,0.1398
2025-09-02 14:30:00,24050,CE,311.74,315.13,305.33,308.91,93,49399,0.1444
2025-09-02 14:30:00,24050,PE,496.03,508.64,499.24,501.01,615,50625,0.1455
2025-09-02 14:30:00,24100,CE,375.64,386.29,379.39,383.22,902,48645,0.1456
2025-09-02 14:30:00,24100,PE,543.36,545.66,535.32,541.01,316,52797,0.1429
2025-09-02 14:30:00,24150,CE,307.29,308.56,305.49,306.81,125,48769,0.145
2025-09-02 14:30:00,24150,PE,602.4,609.15,600.3,603.16,264,45984,0.146
2025-09-02 14:30:00,24200,CE,318.85,327.24,319.24,321.74,400,43298,0.1407
2025-09-02 14:30:00,24200,PE,649.45,662.97,657.48,658.85,397,45527,0.1432
2025-09-02 14:30:00,24250,CE,335.6,339.49,334.65,335.88,259,36789,0.1451
2025-09-02 14:30:00,24250,PE,703.57,709.99,694.48,700.31,403,40247,0.1438
2025-09-02 14:30:00,24300,CE,345.51,348.13,340.77,341.65,59,31582,0.1455
2025-09-02 14:30:00,24300,PE,755.83,777.14,749.25,755.57,591,36522,0.1491
2025-09-02 14:30:00,24350,CE,361.55,357.43,352.62,355.46,344,34774,0.1498
2025-09-02 14:30:00,24350,PE,774.33,783.84,775.04,778.68,354,36559,0.1451
2025-09-02 14:30:00,24400,CE,313.38,329.17,315.92,319.42,487,33731,0.1439
2025-09-02 14:30:00,24400,PE,845.88,854.76,832.47,846.63,466,33480,0.1436
2025-09-02 14:30:00,24450,CE,329.65,330.84,329.29,329.61,348,33675,0.1463
2025-09-02 14:30:00,24450,PE,855.36,884.7,857.85,864.13,86,31647,0.1463
2025-09-02 14:30:00,24500,CE,340.51,342.36,339.61,339.63,113,33619,0.146
2025-09-02 14:30:00,24500,PE,947.44,948.39,934.57,944.8,272,30361,0.1449
2025-09-02 14:30:00,24550,CE,317.58,317.84,311.78,315.78,235,32480,0.1435
2025-09-02 14:30:00,24550,PE,999.05,1012.28,993.01,998.94,394,23383,0.1421
2025-09-02 14:30:00,24600,CE,338.89,345.05,337.5,338.54,113,28195,0.1473
2025-09-02 14:30:00,24600,PE,1043.2,1060.37,1035.75,1037.92,186,21656,0.1452
2025-09-02 14:30:00,24650,CE,331.02,336.93,330.7,332.59,308,25052,0.1471
2025-09-02 14:30:00,24650,PE,1075.59,1080.53,1060.17,1070.86,367,18449,0.1477
2025-09-02 14:30:00,24700,CE,322.65,325.98,322.59,325.03,278,32402,0.1453
2025-09-02 14:30:00,24700,PE,1127.56,1129.24,1126.55,1128.2,171,27363,0.1452
2025-09-02 14:30:00,24750,CE,315.47,322.38,314.47,314.49,105,23808,0.1442
2025-09-02 14:30:00,24750,PE,1192.65,1202.43,1170.34,1188.72,133,27063,0.1456
2025-09-02 14:30:00,24800,CE,343.39,339.11,337.55,338.46,354,18912,0.1454
2025-09-02 14:30:00,24800,PE,1246.15,1241.99,1218.23,1235.14,149,20282,0.1444
2025-09-02 14:30:00,24850,CE,340.3,344.5,338.29,341.94,98,23325,0.1462
2025-09-02 14:30:00,24850,PE,1272.56,1294.89,1262.48,1274.3,329,24381,0.1412
2025-09-02 14:30:00,24900,CE,331.34,334.6,324.8,333.46,378,23612,0.1451
2025-09-02 14:30:00,24900,PE,1332.82,1357.23,1307.99,1331.9,216,22068,0.1487
2025-09-02 14:35:00,23500,CE,748.3,772.09,749.76,758.16,501,42139,0.1444
2025-09-02 14:35:00,23500,PE,325.31,327.48,322.43,325.11,61,42930,0.1459
2025-09-02 14:35:00,23550,CE,682.2,672.84,671.43,672.43,727,43711,0.1458
2025-09-02 14:35:00,23550,PE,311.8,323.62,317.91,318.04,347,49736,0.1445
2025-09-02 14:35:00,23600,CE,659.29,660.25,653.32,655.47,673,44534,0.1454
2025-09-02 14:35:00,23600,PE,315.88,316.87,311.59,313.27,766,48283,0.1443
2025-09-02 14:35:00,23650,CE,568.97,583.5,569.92,577.91,873,55792,0.1425
2025-09-02 14:35:00,23650,PE,337.15,338.51,332.19,336.03,701,62749,0.1473
2025-09-02 14:35:00,23700,CE,565.36,564.01,552.21,561.13,378,62055,0.1439
2025-09-02 14:35:00,23700,PE,306.64,313.22,311.1,311.8,59,60359,0.1455
2025-09-02 14:35:00,23750,CE,508.24,513.87,504.97,507.99,106,61396,0.1451
2025-09-02 14:35:00,23750,PE,348.37,352.94,345.85,350.01,231,66209,0.1453
2025-09-02 14:35:00,23800,CE,472.08,463.17,461.27,461.75,643,73331,0.1466
2025-09-02 14:35:00,23800,PE,346.02,350.21,345.86,346.42,845,63514,0.1457
2025-09-02 14:35:00,23850,CE,405.31,408.5,408.15,408.49,387,81707,0.1448
2025-09-02 14:35:00,23850,PE,332.66,337.98,333.29,336.85,680,80823,0.1452
2025-09-02 14:35:00,23900,CE,361.39,359.15,358.01,358.31,746,74712,0.148
2025-09-02 14:35:00,23900,PE,331.67,335.32,329.88,331.46,203,72295,0.1481
2025-09-02 14:35:00,23950,CE,324.71,328.67,320.75,325.77,565,58943,0.1451
2025-09-02 14:35:00,23950,PE,364.05,374.15,362.52,365.09,1180,69582,0.1448
2025-09-02 14:35:00,24000,CE,356.2,360.37,350.0,356.16,496,55576,0.1463
2025-09-02 14:35:00,24000,PE,420.94,428.51,423.82,424.44,291,56751,0.144
2025-09-02 14:35:00,24050,CE,343.03,348.18,335.59,344.29,215,49005,0.1501
2025-09-02 14:35:00,24050,PE,458.23,466.48,458.03,458.74,482,51024,0.1411
2025-09-02 14:35:00,24100,CE,290.22,297.93,294.5,296.41,200,49032,0.1446
2025-09-02 14:35:00,24100,PE,540.7,541.35,534.83,537.34,896,52246,0.152
2025-09-02 14:35:00,24150,CE,353.09,354.11,351.72,353.56,279,48860,0.1454
2025-09-02 14:35:00,24150,PE,548.56,564.7,543.56,550.13,170,45881,0.1465
2025-09-02 14:35:00,24200,CE,334.19,342.04,338.49,338.73,626,42705,0.1424
2025-09-02 14:35:00,24200,PE,608.98,623.28,606.26,611.93,571,45293,0.1455
2025-09-02 14:35:00,24250,CE,338.69,336.58,333.28,333.32,643,36414,0.1451
2025-09-02 14:35:00,24250,PE,681.39,699.09,676.68,683.59,574,40563,0.1479
2025-09-02 14:35:00,24300,CE,331.29,331.1,326.55,328.66,335,31518,0.145
2025-09-02 14:35:00,24300,PE,725.24,732.52,706.56,720.26,310,36879,0.1446
2025-09-02 14:35:00,24350,CE,327.86,328.97,326.57,327.76,293,35336,0.1416
2025-09-02 14:35:00,24350,PE,761.45,782.68,759.17,764.93,117,36440,0.1458
2025-09-02 14:35:00,24400,CE,320.5,319.17,316.57,317.6,362,33797,0.1428
2025-09-02 14:35:00,24400,PE,842.92,842.86,830.82,840.57,304,34047,0.1489
2025-09-02 14:35:00,24450,CE,346.97,353.34,346.07,348.04,304,33274,0.1464
2025-09-02 14:35:00,24450,PE,852.78,859.93,859.14,859.46,240,31112,0.1433
2025-09-02 14:35:00,24500,CE,313.81,313.95,308.53,311.99,174,33582,0.1431
2025-09-02 14:35:00,24500,PE,910.55,914.51,908.0,913.87,54,30346,0.1465
2025-09-02 14:35:00,24550,CE,333.07,335.62,327.19,331.0,127,32994,0.1502
2025-09-02 14:35:00,24550,PE,947.69,955.93,946.3,951.69,83,23329,0.1465
2025-09-02 14:35:00,24600,CE,301.95,310.04,300.63,305.43,101,28127,0.1408
2025-09-02 14:35:00,24600,PE,1006.51,1014.95,1004.8,1008.67,253,21653,0.1469
2025-09-02 14:35:00,24650,CE,363.11,366.12,358.56,363.3,237,24986,0.1475
2025-09-02 14:35:00,24650,PE,1025.4,1050.66,1026.69,1027.16,147,18927,0.1447
2025-09-02 14:35:00,24700,CE,310.18,318.8,311.62,313.45,307,32543,0.1425
2025-09-02 14:35:00,24700,PE,1112.09,1134.1,1090.13,1102.4,196,27718,0.1438
2025-09-02 14:35:00,24750,CE,349.34,353.78,347.44,349.91,308,23393,0.1444
2025-09-02 14:35:00,24750,PE,1156.85,1173.79,1167.78,1173.42,198,27514,0.1452
2025-09-02 14:35:00,24800,CE,335.94,333.6,330.1,331.03,378,19476,0.1433
2025-09-02 14:35:00,24800,PE,1218.77,1215.8,1194.78,1210.48,324,20830,0.1454
2025-09-02 14:35:00,24850,CE,308.54,310.78,308.39,310.61,108,23904,0.1425
2025-09-02 14:35:00,24850,PE,1233.7,1256.95,1226.46,1233.04,390,24617,0.1443
2025-09-02 14:35:00,24900,CE,299.61,302.05,299.25,301.17,270,23817,0.1447
2025-09-02 14:35:00,24900,PE,1325.33,1360.1,1304.07,1326.62,49,21548,0.1438
2025-09-02 14:40:00,23500,CE,693.61,697.84,693.82,694.54,200,41878,0.1476
2025-09-02 14:40:00,23500,PE,315.52,325.36,314.76,316.45,59,43274,0.1445
2025-09-02 14:40:00,23550,CE,622.07,637.35,623.66,624.72,43,43544,0.1461
2025-09-02 14:40:00,23550,PE,314.23,314.44,313.0,313.12,104,49880,0.1448
2025-09-02 14:40:00,23600,CE,583.78,591.52,581.59,581.78,901,44637,0.1434
2025-09-02 14:40:00,23600,PE,344.56,344.02,342.28,342.68,536,48379,0.1453
2025-09-02 14:40:00,23650,CE,550.62,547.88,544.35,546.69,295,55636,0.1461
2025-09-02 14:40:00,23650,PE,326.73,328.85,325.21,326.08,341,63210,0.1465
2025-09-02 14:40:00,23700,CE,477.58,480.9,468.85,469.41,436,61753,0.143
2025-09-02 14:40:00,23700,PE,333.22,341.68,331.12,333.21,600,60683,0.1493
2025-09-02 14:40:00,23750,CE,438.45,439.64,436.13,439.35,511,60826,0.1429
2025-09-02 14:40:00,23750,PE,321.1,323.24,317.54,322.63,553,66615,0.1437
2025-09-02 14:40:00,23800,CE,363.85,373.0,363.18,365.77,1315,73640,0.1445
2025-09-02 14:40:00,23800,PE,348.4,346.6,344.84,345.11,818,64088,0.1474
2025-09-02 14:40:00,23850,CE,335.1,342.4,337.2,338.16,216,81251,0.1474
2025-09-02 14:40:00,23850,PE,332.24,335.35,330.55,331.04,1289,81187,0.1465
2025-09-02 14:40:00,23900,CE,344.0,347.4,337.62,342.37,338,74482,0.147
2025-09-02 14:40:00,23900,PE,380.11,383.43,380.74,381.73,370,71992,0.1456
2025-09-02 14:40:00,23950,CE,344.77,349.97,343.54,344.86,47,58589,0.1455
2025-09-02 14:40:00,23950,PE,416.65,413.7,407.46,413.43,918,69844,0.1431
2025-09-02 14:40:00,24000,CE,343.21,354.03,339.26,339.78,1028,56106,0.1453
2025-09-02 14:40:00,24000,PE,492.99,495.61,486.94,492.4,262,56933,0.146
2025-09-02 14:40:00,24050,CE,320.3,323.15,317.87,319.16,426,48723,0.142
2025-09-02 14:40:00,24050,PE,536.34,535.09,526.67,534.04,720,50903,0.1443
2025-09-02 14:40:00,24100,CE,333.04,341.27,336.23,336.33,578,48721,0.144
2025-09-02 14:40:00,24100,PE,575.71,580.24,561.96,572.62,411,51729,0.1481
2025-09-02 14:40:00,24150,CE,343.98,347.95,344.28,344.92,44,49180,0.145
2025-09-02 14:40:00,24150,PE,639.1,643.95,633.02,634.52,770,45406,0.1461
2025-09-02 14:40:00,24200,CE,304.94,309.37,305.19,305.49,539,42884,0.1424
2025-09-02 14:40:00,24200,PE,669.49,680.38,670.2,673.75,229,45206,0.1437
2025-09-02 14:40:00,24250,CE,326.31,330.35,328.65,329.56,225,35901,0.1432
2025-09-02 14:40:00,24250,PE,745.96,741.84,740.18,741.16,607,40324,0.1471
2025-09-02 14:40:00,24300,CE,316.41,320.37,311.66,315.03,368,31008,0.145
2025-09-02 14:40:00,24300,PE,792.47,793.07,785.26,790.32,39,37034,0.1444
2025-09-02 14:40:00,24350,CE,343.61,344.82,337.6,339.4,272,35536,0.1465
2025-09-02 14:40:00,24350,PE,797.85,808.09,803.32,804.81,567,36913,0.1424
2025-09-02 14:40:00,24400,CE,323.42,323.29,315.78,320.58,54,33540,0.147
2025-09-02 14:40:00,24400,PE,881.77,885.09,878.83,881.58,131,33658,0.1453
2025-09-02 14:40:00,24450,CE,360.95,370.88,363.98,364.43,265,33243,0.1474
2025-09-02 14:40:00,24450,PE,942.99,937.89,920.81,925.23,551,31489,0.1459
2025-09-02 14:40:00,24500,CE,328.24,328.23,321.69,323.99,39,33661,0.1464
2025-09-02 14:40:00,24500,PE,992.35,997.3,973.95,994.91,125,30878,0.1444
2025-09-02 14:40:00,24550,CE,337.32,345.48,342.36,343.4,136,32500,0.1481
2025-09-02 14:40:00,24550,PE,1011.17,1055.25,999.73,1013.79,481,23592,0.1417
2025-09-02 14:40:00,24600,CE,356.1,363.39,353.55,355.04,342,28322,0.1458
2025-09-02 14:40:00,24600,PE,1073.32,1097.4,1062.6,1079.4,355,21345,0.1457
2025-09-02 14:40:00,24650,CE,309.5,315.61,306.39,308.06,312,24635,0.1456
2025-09-02 14:40:00,24650,PE,1153.13,1150.46,1138.46,1145.72,420,18785,0.1473
2025-09-02 14:40:00,24700,CE,323.73,327.11,323.7,324.63,413,32330,0.1426
2025-09-02 14:40:00,24700,PE,1177.3,1189.42,1165.33,1172.65,88,27519,0.1442
2025-09-02 14:40:00,24750,CE,332.54,336.04,333.46,333.49,238,23659,0.1452
2025-09-02 14:40:00,24750,PE,1238.08,1243.91,1225.06,1237.8,16,27022,0.1453
2025-09-02 14:40:00,24800,CE,320.23,324.22,319.73,320.38,118,19773,0.1482
2025-09-02 14:40:00,24800,PE,1260.61,1279.91,1266.94,1275.47,122,20829,0.1451
2025-09-02 14:40:00,24850,CE,315.79,326.59,315.1,316.76,387,23512,0.1452
2025-09-02 14:40:00,24850,PE,1363.38,1367.58,1359.03,1361.6,81,24820,0.1467
2025-09-02 14:40:00,24900,CE,332.0,331.74,326.66,331.12,294,23665,0.1483
2025-09-02 14:40:00,24900,PE,1386.5,1393.22,1354.22,1377.55,78,21107,0.146
2025-09-02 14:45:00,23500,CE,609.65,611.64,609.28,610.51,849,41983,0.1469
2025-09-02 14:45:00,23500,PE,343.1,339.09,334.96,339.04,338,43057,0.1449
2025-09-02 14:45:00,23550,CE,585.78,602.33,590.18,590.88,164,43284,0.1474
2025-09-02 14:45:00,23550,PE,341.88,345.97,335.17,343.36,750,49853,0.1453
2025-09-02 14:45:00,23600,CE,535.89,542.56,533.5,535.08,962,44660,0.146
2025-09-02 14:45:00,23600,PE,346.85,349.47,348.8,348.89,648,48622,0.1473
2025-09-02 14:45:00,23650,CE,472.49,489.49,477.3,479.32,227,55626,0.1455
2025-09-02 14:45:00,23650,PE,326.04,326.24,322.67,323.02,1033,63250,0.1467
2025-09-02 14:45:00,23700,CE,411.93,413.74,408.71,410.87,352,61837,0.1492
2025-09-02 14:45:00,23700,PE,318.13,320.64,314.91,319.9,898,61195,0.1446
2025-09-02 14:45:00,23750,CE,364.44,362.16,360.43,361.87,1191,60347,0.145
2025-09-02 14:45:00,23750,PE,335.84,337.9,332.9,336.65,917,66811,0.1454
2025-09-02 14:45:00,23800,CE,326.66,329.0,324.75,325.05,1318,73084,0.1448
2025-09-02 14:45:00,23800,PE,330.38,332.65,327.24,327.31,516,63798,0.1464
2025-09-02 14:45:00,23850,CE,325.31,326.55,321.84,323.76,317,81600,0.1468
2025-09-02 14:45:00,23850,PE,387.6,386.42,383.36,385.21,701,81020,0.1464
2025-09-02 14:45:00,23900,CE,319.67,322.11,319.01,320.27,722,73914,0.1473
2025-09-02 14:45:00,23900,PE,422.94,419.97,413.5,418.2,319,72008,0.1463
2025-09-02 14:45:00,23950,CE,334.56,340.5,333.53,333.56,248,58514,0.147
2025-09-02 14:45:00,23950,PE,497.83,500.42,490.44,497.64,382,70356,0.1481
2025-09-02 14:45:00,24000,CE,315.3,315.29,312.81,313.72,910,56636,0.1467
2025-09-02 14:45:00,24000,PE,511.47,518.17,508.76,514.88,401,56667,0.1445
2025-09-02 14:45:00,24050,CE,334.28,338.91,331.31,334.2,489,49107,0.1474
2025-09-02 14:45:00,24050,PE,568.86,574.9,564.81,569.64,757,50920,0.1428
2025-09-02 14:45:00,24100,CE,320.84,325.97,317.39,317.92,489,48769,0.1435
2025-09-02 14:45:00,24100,PE,653.64,651.57,641.7,649.92,405,51265,0.1434
2025-09-02 14:45:00,24150,CE,346.58,350.4,344.63,346.68,272,49583,0.1439
2025-09-02 14:45:00,24150,PE,696.05,692.0,675.18,689.64,683,45533,0.1441
2025-09-02 14:45:00,24200,CE,352.95,351.02,344.8,350.04,715,43430,0.1428
2025-09-02 14:45:00,24200,PE,756.43,766.47,762.35,766.05,372,45545,0.1458
2025-09-02 14:45:00,24250,CE,318.46,322.0,319.95,320.64,151,35860,0.1467
2025-09-02 14:45:00,24250,PE,774.14,778.1,776.33,776.69,288,40752,0.1447
2025-09-02 14:45:00,24300,CE,351.62,355.38,346.22,350.29,271,30789,0.147
2025-09-02 14:45:00,24300,PE,855.14,850.04,845.92,849.67,251,37469,0.1489
2025-09-02 14:45:00,24350,CE,326.48,334.15,326.0,327.43,376,35075,0.1471
2025-09-02 14:45:00,24350,PE,876.37,890.44,872.84,879.78,25,36716,0.1454
2025-09-02 14:45:00,24400,CE,356.08,363.14,350.62,355.1,465,33981,0.1439
2025-09-02 14:45:00,24400,PE,960.34,957.49,952.64,953.96,95,33086,0.1472
2025-09-02 14:45:00,24450,CE,334.74,338.25,326.65,330.37,146,33685,0.149
2025-09-02 14:45:00,24450,PE,997.55,995.2,978.49,989.01,234,30937,0.1467
2025-09-02 14:45:00,24500,CE,324.32,326.95,321.44,325.17,258,33851,0.1473
2025-09-02 14:45:00,24500,PE,1032.35,1034.72,1020.8,1029.34,57,31043,0.1428
2025-09-02 14:45:00,24550,CE,345.72,357.43,342.82,347.76,388,31969,0.1475
2025-09-02 14:45:00,24550,PE,1081.35,1092.8,1080.08,1083.95,33,23997,0.147
2025-09-02 14:45:00,24600,CE,309.04,309.11,306.11,307.39,218,27825,0.1451
2025-09-02 14:45:00,24600,PE,1119.69,1128.45,1120.16,1122.98,68,21766,0.1413
2025-09-02 14:45:00,24650,CE,342.01,345.77,337.76,341.08,378,25214,0.1446
2025-09-02 14:45:00,24650,PE,1185.33,1195.58,1179.47,1179.63,307,18991,0.147
2025-09-02 14:45:00,24700,CE,363.66,364.5,358.21,358.58,380,32846,0.149
2025-09-02 14:45:00,24700,PE,1233.86,1252.11,1232.52,1242.37,17,27669,0.1446
2025-09-02 14:45:00,24750,CE,342.98,346.0,341.51,342.99,308,24236,0.1448
2025-09-02 14:45:00,24750,PE,1289.59,1318.62,1290.57,1294.39,27,27378,0.1445
2025-09-02 14:45:00,24800,CE,346.9,348.9,340.19,346.06,218,19988,0.1421
2025-09-02 14:45:00,24800,PE,1325.45,1366.29,1323.55,1332.94,389,21415,0.146
2025-09-02 14:45:00,24850,CE,315.37,314.32,309.9,312.3,73,23492,0.1449
2025-09-02 14:45:00,24850,PE,1398.8,1383.56,1368.64,1374.35,158,24800,0.1448
2025-09-02 14:45:00,24900,CE,314.3,321.41,316.27,316.42,154,24086,0.1431
2025-09-02 14:45:00,24900,PE,1394.99,1431.9,1403.56,1414.45,322,21316,0.1447
2025-09-02 14:50:00,23500,CE,639.41,640.18,637.89,640.16,548,41556,0.1441
2025-09-02 14:50:00,23500,PE,338.14,347.16,338.89,342.83,300,42826,0.1469
2025-09-02 14:50:00,23550,CE,575.0,572.64,561.31,570.84,119,43385,0.1465
2025-09-02 14:50:00,23550,PE,325.33,329.23,323.12,324.01,595,49272,0.144
2025-09-02 14:50:00,23600,CE,555.55,555.83,550.79,553.86,475,44672,0.144
2025-09-02 14:50:00,23600,PE,347.82,352.89,347.13,350.62,470,48302,0.1468
2025-09-02 14:50:00,23650,CE,506.63,502.21,486.4,498.93,45,55310,0.1481
2025-09-02 14:50:00,23650,PE,337.14,341.58,337.77,338.12,1112,63724,0.1464
2025-09-02 14:50:00,23700,CE,451.03,457.3,455.17,455.93,889,61575,0.144
2025-09-02 14:50:00,23700,PE,329.51,337.4,330.0,332.27,45,61672,0.1445
2025-09-02 14:50:00,23750,CE,390.46,390.31,385.87,386.57,635,60387,0.1443
2025-09-02 14:50:00,23750,PE,327.91,337.95,325.7,331.08,1407,67324,0.147
2025-09-02 14:50:00,23800,CE,360.73,363.11,360.08,360.55,951,73359,0.1444
2025-09-02 14:50:00,23800,PE,330.22,328.59,326.17,326.79,962,63694,0.145
2025-09-02 14:50:00,23850,CE,329.32,328.95,322.73,324.75,403,81042,0.1421
2025-09-02 14:50:00,23850,PE,332.5,342.14,329.5,332.33,1511,81489,0.1443
2025-09-02 14:50:00,23900,CE,325.54,327.42,321.57,325.24,556,74162,0.1466
2025-09-02 14:50:00,23900,PE,406.62,405.84,403.32,404.07,161,71569,0.1423
2025-09-02 14:50:00,23950,CE,323.91,326.18,322.39,325.37,1047,59036,0.145
2025-09-02 14:50:00,23950,PE,459.19,465.51,455.4,456.69,748,70342,0.1476
2025-09-02 14:50:00,24000,CE,311.04,314.21,309.5,311.3,708,56071,0.1442
2025-09-02 14:50:00,24000,PE,527.6,537.02,530.28,530.87,359,56422,0.1451
2025-09-02 14:50:00,24050,CE,329.46,336.82,327.88,330.26,519,49538,0.1472
2025-09-02 14:50:00,24050,PE,557.81,557.56,545.87,555.94,97,50822,0.1431
2025-09-02 14:50:00,24100,CE,353.54,349.9,347.67,349.78,684,49138,0.1446
2025-09-02 14:50:00,24100,PE,620.67,635.57,616.94,619.61,764,51148,0.1443
2025-09-02 14:50:00,24150,CE,317.03,317.29,315.0,315.32,774,49143,0.1469
2025-09-02 14:50:00,24150,PE,672.84,672.28,666.44,666.56,669,45166,0.1423
2025-09-02 14:50:00,24200,CE,335.58,334.14,330.24,332.14,515,43887,0.1445
2025-09-02 14:50:00,24200,PE,717.35,720.41,710.88,712.69,524,45162,0.1432
2025-09-02 14:50:00,24250,CE,322.04,322.26,321.43,321.84,617,36382,0.1436
2025-09-02 14:50:00,24250,PE,739.39,767.62,734.93,746.43,347,40498,0.1449
2025-09-02 14:50:00,24300,CE,347.19,353.57,349.37,352.0,425,31354,0.142
2025-09-02 14:50:00,24300,PE,800.47,799.65,790.03,793.73,635,36985,0.1428
2025-09-02 14:50:00,24350,CE,354.59,357.92,354.52,357.5,93,35133,0.1483
2025-09-02 14:50:00,24350,PE,876.17,876.72,872.39,874.03,532,36158,0.1481
2025-09-02 14:50:00,24400,CE,325.32,323.35,320.82,323.0,401,33688,0.1446
2025-09-02 14:50:00,24400,PE,911.94,916.46,902.3,910.09,178,33512,0.1454
2025-09-02 14:50:00,24450,CE,332.51,337.41,331.57,332.24,164,33309,0.1466
2025-09-02 14:50:00,24450,PE,964.4,968.2,949.88,965.96,528,31406,0.1456
2025-09-02 14:50:00,24500,CE,325.65,332.63,326.51,326.83,481,33958,0.1473
2025-09-02 14:50:00,24500,PE,1027.93,1026.13,1020.05,1021.73,142,31314,0.1472
2025-09-02 14:50:00,24550,CE,312.93,313.41,311.11,311.47,378,31800,0.1463
2025-09-02 14:50:00,24550,PE,1072.08,1081.96,1052.75,1063.71,290,24578,0.1436
2025-09-02 14:50:00,24600,CE,328.65,327.13,323.71,326.89,273,28216,0.139
2025-09-02 14:50:00,24600,PE,1083.05,1110.9,1083.52,1102.82,21,22260,0.1423
2025-09-02 14:50:00,24650,CE,293.34,296.31,292.63,292.8,433,24789,0.1447
2025-09-02 14:50:00,24650,PE,1174.86,1164.97,1157.61,1164.29,199,18711,0.1453
2025-09-02 14:50:00,24700,CE,336.35,343.99,340.87,341.66,241,33255,0.1451
2025-09-02 14:50:00,24700,PE,1197.07,1198.68,1190.26,1192.62,85,27872,0.1448
2025-09-02 14:50:00,24750,CE,341.62,349.68,338.13,343.13,59,24097,0.1463
2025-09-02 14:50:00,24750,PE,1290.02,1284.87,1272.44,1279.63,229,27335,0.1472
2025-09-02 14:50:00,24800,CE,352.42,350.22,349.43,349.61,53,19914,0.143
2025-09-02 14:50:00,24800,PE,1327.58,1327.36,1315.28,1320.8,136,21484,0.1455
2025-09-02 14:50:00,24850,CE,325.02,326.69,318.63,320.39,130,23478,0.1453
2025-09-02 14:50:00,24850,PE,1356.21,1364.77,1330.38,1334.77,363,24745,0.1468
2025-09-02 14:50:00,24900,CE,350.32,347.88,344.29,346.83,270,23879,0.1461
2025-09-02 14:50:00,24900,PE,1418.46,1424.7,1398.28,1407.73,249,21254,0.1434
2025-09-02 14:55:00,23500,CE,674.72,675.63,665.16,669.5,504,41168,0.1455
2025-09-02 14:55:00,23500,PE,318.72,318.95,317.92,318.4,672,42455,0.146
2025-09-02 14:55:00,23550,CE,640.58,647.94,635.58,636.27,160,43610,0.1466
2025-09-02 14:55:00,23550,PE,327.45,330.58,326.81,329.35,268,49829,0.1418
2025-09-02 14:55:00,23600,CE,594.4,603.4,588.82,594.2,657,44326,0.1471
2025-09-02 14:55:00,23600,PE,325.23,327.03,322.48,324.59,932,48797,0.1431
2025-09-02 14:55:00,23650,CE,517.73,523.45,514.73,515.66,324,55460,0.1481
2025-09-02 14:55:00,23650,PE,311.75,320.64,311.33,314.02,476,64267,0.146
2025-09-02 14:55:00,23700,CE,487.41,484.61,478.22,481.54,1138,61449,0.1461
2025-09-02 14:55:00,23700,PE,328.99,331.48,329.79,330.06,1074,61900,0.1444
2025-09-02 14:55:00,23750,CE,435.46,435.18,430.91,433.5,144,60439,0.1452
2025-09-02 14:55:00,23750,PE,333.83,334.15,328.22,331.39,537,67896,0.1459
2025-09-02 14:55:00,23800,CE,366.14,380.97,366.52,367.48,323,72831,0.1444
2025-09-02 14:55:00,23800,PE,311.87,316.55,308.4,311.31,241,63164,0.1459
2025-09-02 14:55:00,23850,CE,312.95,317.75,311.56,311.81,896,81478,0.1416
2025-09-02 14:55:00,23850,PE,363.81,365.6,357.38,358.33,885,80953,0.1468
2025-09-02 14:55:00,23900,CE,330.26,330.57,328.4,329.94,1296,74650,0.1464
2025-09-02 14:55:00,23900,PE,384.45,395.98,380.47,385.05,1146,71081,0.1447
2025-09-02 14:55:00,23950,CE,335.08,349.96,334.65,337.99,311,58570,0.1444
2025-09-02 14:55:00,23950,PE,430.77,436.28,429.95,432.1,871,70138,0.148
2025-09-02 14:55:00,24000,CE,326.48,329.86,326.04,328.62,76,56343,0.1455
2025-09-02 14:55:00,24000,PE,507.57,509.7,504.52,504.63,861,56514,0.1457
2025-09-02 14:55:00,24050,CE,344.27,349.92,345.93,345.99,191,50028,0.1497
2025-09-02 14:55:00,24050,PE,532.28,542.74,523.76,534.75,422,50977,0.1472
2025-09-02 14:55:00,24100,CE,362.44,359.1,356.48,358.32,27,49252,0.1461
2025-09-02 14:55:00,24100,PE,572.84,578.88,567.89,575.86,838,51232,0.1399
2025-09-02 14:55:00,24150,CE,332.44,336.01,330.76,332.74,250,49030,0.1475
2025-09-02 14:55:00,24150,PE,653.28,650.27,634.83,644.89,237,45333,0.1474
2025-09-02 14:55:00,24200,CE,320.09,319.15,315.75,316.05,426,44454,0.1435
2025-09-02 14:55:00,24200,PE,677.17,682.17,667.03,676.91,31,45728,0.145
2025-09-02 14:55:00,24250,CE,285.08,288.09,284.81,287.48,212,35915,0.1399
2025-09-02 14:55:00,24250,PE,745.46,745.59,729.64,737.79,199,40444,0.1434
2025-09-02 14:55:00,24300,CE,312.07,312.07,311.32,311.32,513,31464,0.1394
2025-09-02 14:55:00,24300,PE,774.31,767.98,759.4,760.87,164,37244,0.1425
2025-09-02 14:55:00,24350,CE,331.71,333.22,324.7,327.33,34,34893,0.1415
2025-09-02 14:55:00,24350,PE,850.13,846.27,840.91,844.55,613,36737,0.148
2025-09-02 14:55:00,24400,CE,340.43,345.62,341.59,344.41,196,33586,0.1477
2025-09-02 14:55:00,24400,PE,863.95,876.07,859.35,866.75,218,33254,0.1417
2025-09-02 14:55:00,24450,CE,328.62,338.16,323.16,331.0,114,33645,0.1446
2025-09-02 14:55:00,24450,PE,908.28,912.12,910.19,911.02,372,31511,0.1455
2025-09-02 14:55:00,24500,CE,328.68,334.22,323.66,326.64,416,34443,0.1443
2025-09-02 14:55:00,24500,PE,956.25,971.26,957.36,960.74,458,30841,0.1416
2025-09-02 14:55:00,24550,CE,334.11,334.07,331.01,331.75,392,31265,0.1427
2025-09-02 14:55:00,24550,PE,1017.78,1052.06,1024.69,1029.42,364,25109,0.1442
2025-09-02 14:55:00,24600,CE,328.98,327.75,321.64,326.82,451,28151,0.143
2025-09-02 14:55:00,24600,PE,1083.78,1083.79,1064.23,1083.76,469,21919,0.1438
2025-09-02 14:55:00,24650,CE,339.17,342.09,337.45,337.9,425,25080,0.1417
2025-09-02 14:55:00,24650,PE,1138.02,1163.09,1133.71,1141.69,367,19307,0.146
2025-09-02 14:55:00,24700,CE,336.86,340.21,331.12,337.75,339,33853,0.1442
2025-09-02 14:55:00,24700,PE,1171.16,1187.67,1164.8,1169.82,196,28427,0.1415
2025-09-02 14:55:00,24750,CE,329.68,333.72,327.93,328.22,345,23684,0.1421
2025-09-02 14:55:00,24750,PE,1217.71,1230.07,1218.81,1229.08,161,27755,0.1437
2025-09-02 14:55:00,24800,CE,313.12,316.34,311.9,315.85,252,19463,0.1406
2025-09-02 14:55:00,24800,PE,1284.51,1317.43,1285.69,1294.45,243,21312,0.1445
2025-09-02 14:55:00,24850,CE,333.57,330.7,328.99,330.36,50,23091,0.1437
2025-09-02 14:55:00,24850,PE,1347.75,1346.84,1321.28,1337.33,85,24572,0.1455
2025-09-02 14:55:00,24900,CE,325.39,332.11,325.77,327.42,336,23576,0.149
2025-09-02 14:55:00,24900,PE,1379.87,1386.32,1381.23,1386.14,71,21730,0.1434
2025-09-02 15:00:00,23500,CE,684.68,683.25,670.12,673.5,391,41753,0.1434
2025-09-02 15:00:00,23500,PE,329.37,332.53,329.57,331.08,249,42063,0.143
2025-09-02 15:00:00,23550,CE,632.87,640.0,637.4,638.56,733,43165,0.1447
2025-09-02 15:00:00,23550,PE,343.53,353.35,341.96,344.18,630,49426,0.1467
2025-09-02 15:00:00,23600,CE,592.95,594.76,583.68,589.67,793,44404,0.1459
2025-09-02 15:00:00,23600,PE,329.79,330.55,328.13,330.5,143,49255,0.149
2025-09-02 15:00:00,23650,CE,560.77,565.54,558.46,558.85,298,55754,0.1503
2025-09-02 15:00:00,23650,PE,306.11,307.54,302.99,305.35,203,64173,0.1425
2025-09-02 15:00:00,23700,CE,504.9,518.85,505.31,512.43,306,61999,0.1466
2025-09-02 15:00:00,23700,PE,339.46,347.47,327.46,333.01,147,61946,0.1463
2025-09-02 15:00:00,23750,CE,433.11,439.59,424.86,434.57,362,60780,0.1467
2025-09-02 15:00:00,23750,PE,324.21,326.21,321.91,322.66,720,67895,0.1442
2025-09-02 15:00:00,23800,CE,384.36,388.85,379.77,384.76,1195,73030,0.1452
2025-09-02 15:00:00,23800,PE,318.75,323.15,317.1,318.16,980,63015,0.1445
2025-09-02 15:00:00,23850,CE,345.73,347.64,342.58,345.49,424,80941,0.1442
2025-09-02 15:00:00,23850,PE,321.68,323.49,319.43,319.92,979,81088,0.1476
2025-09-02 15:00:00,23900,CE,331.7,330.02,324.32,327.66,397,74396,0.1454
2025-09-02 15:00:00,23900,PE,340.76,344.7,337.67,342.92,114,71141,0.1427
2025-09-02 15:00:00,23950,CE,326.92,331.97,324.53,327.88,1287,58751,0.1475
2025-09-02 15:00:00,23950,PE,416.83,421.36,414.4,418.55,117,70080,0.1477
2025-09-02 15:00:00,24000,CE,337.99,338.82,331.88,335.03,1101,55931,0.1451
2025-09-02 15:00:00,24000,PE,469.0,465.75,455.75,461.17,327,56880,0.1438
2025-09-02 15:00:00,24050,CE,312.35,315.08,313.2,313.86,727,49634,0.1455
2025-09-02 15:00:00,24050,PE,484.99,493.29,487.97,488.89,24,50532,0.1423
2025-09-02 15:00:00,24100,CE,362.27,363.65,361.05,363.03,546,49032,0.1488
2025-09-02 15:00:00,24100,PE,578.61,585.4,578.24,579.16,182,50701,0.1485
2025-09-02 15:00:00,24150,CE,301.61,306.76,301.8,304.53,92,48853,0.1458
2025-09-02 15:00:00,24150,PE,631.22,638.73,628.84,629.51,213,45642,0.1451
2025-09-02 15:00:00,24200,CE,323.19,327.26,323.37,324.91,613,44802,0.1482
2025-09-02 15:00:00,24200,PE,677.05,687.01,680.95,683.88,581,45676,0.1465
2025-09-02 15:00:00,24250,CE,325.67,332.02,325.8,326.48,148,35535,0.1437
2025-09-02 15:00:00,24250,PE,713.53,734.93,719.28,724.87,471,41012,0.1462
2025-09-02 15:00:00,24300,CE,331.65,338.13,333.52,334.58,515,31852,0.1475
2025-09-02 15:00:00,24300,PE,778.38,786.43,777.32,783.37,584,36650,0.1443
2025-09-02 15:00:00,24350,CE,347.6,355.92,347.31,350.9,593,35021,0.1475
2025-09-02 15:00:00,24350,PE,833.33,834.44,831.34,832.27,567,37271,0.1457
2025-09-02 15:00:00,24400,CE,338.79,341.21,338.98,340.12,87,34101,0.1447
2025-09-02 15:00:00,24400,PE,880.04,892.16,873.37,879.07,336,33133,0.1458
2025-09-02 15:00:00,24450,CE,317.66,321.75,321.0,321.73,558,33778,0.1414
2025-09-02 15:00:00,24450,PE,940.08,933.82,921.88,926.24,377,31650,0.1421
2025-09-02 15:00:00,24500,CE,355.38,351.94,345.24,347.37,347,34718,0.1467
2025-09-02 15:00:00,24500,PE,971.73,972.52,957.08,965.6,198,31370,0.1434
2025-09-02 15:00:00,24550,CE,346.84,354.05,344.55,347.01,351,31224,0.1478
2025-09-02 15:00:00,24550,PE,1020.87,1031.84,1022.33,1022.67,279,24583,0.144
2025-09-02 15:00:00,24600,CE,324.64,338.45,324.88,327.3,51,28417,0.1433
2025-09-02 15:00:00,24600,PE,1088.92,1104.62,1095.15,1095.84,190,22454,0.1453
2025-09-02 15:00:00,24650,CE,339.7,341.9,338.64,340.07,203,25524,0.1424
2025-09-02 15:00:00,24650,PE,1118.23,1117.56,1106.01,1115.09,339,18736,0.1441
2025-09-02 15:00:00,24700,CE,321.43,326.13,318.81,319.96,154,34312,0.1458
2025-09-02 15:00:00,24700,PE,1161.49,1169.12,1138.61,1162.59,355,28003,0.1469
2025-09-02 15:00:00,24750,CE,320.19,325.1,317.94,320.33,104,24258,0.1443
2025-09-02 15:00:00,24750,PE,1220.4,1223.18,1213.89,1218.86,203,28044,0.1441
2025-09-02 15:00:00,24800,CE,324.47,331.03,327.22,330.58,203,19014,0.1451
2025-09-02 15:00:00,24800,PE,1264.94,1298.07,1235.14,1276.37,234,20832,0.1464
2025-09-02 15:00:00,24850,CE,347.5,360.55,345.88,350.72,365,22824,0.1463
2025-09-02 15:00:00,24850,PE,1307.01,1318.79,1314.51,1318.02,330,24247,0.1447
2025-09-02 15:00:00,24900,CE,334.27,333.05,331.4,331.41,33,22980,0.1452
2025-09-02 15:00:00,24900,PE,1348.11,1359.25,1351.98,1354.12,46,22198,0.1423
2025-09-02 15:05:00,23500,CE,706.31,728.3,708.7,709.59,87,41304,0.1457
2025-09-02 15:05:00,23500,PE,338.47,346.67,339.84,340.02,176,42650,0.1461
2025-09-02 15:05:00,23550,CE,662.48,676.68,655.71,660.54,675,42881,0.1434
2025-09-02 15:05:00,23550,PE,347.15,348.2,342.99,347.9,364,49515,0.1445
2025-09-02 15:05:00,23600,CE,611.93,618.21,607.58,615.78,260,44642,0.1441
2025-09-02 15:05:00,23600,PE,319.9,322.67,320.85,321.27,252,49016,0.1456
2025-09-02 15:05:00,23650,CE,557.39,562.02,550.83,554.81,913,55701,0.1448
2025-09-02 15:05:00,23650,PE,333.59,341.03,333.75,336.68,916,64500,0.1485
2025-09-02 15:05:00,23700,CE,497.71,495.47,484.05,489.75,357,61476,0.1466
2025-09-02 15:05:00,23700,PE,327.26,329.84,327.66,329.31,179,61780,0.1499
2025-09-02 15:05:00,23750,CE,439.0,445.94,438.59,440.63,936,61127,0.1432
2025-09-02 15:05:00,23750,PE,312.3,318.25,314.21,315.23,513,67693,0.1443
2025-09-02 15:05:00,23800,CE,394.29,400.25,385.5,392.36,1022,72501,0.146
2025-09-02 15:05:00,23800,PE,325.52,340.16,329.27,329.93,588,62640,0.1449
2025-09-02 15:05:00,23850,CE,358.45,365.48,360.02,362.65,1122,81153,0.1447
2025-09-02 15:05:00,23850,PE,327.78,331.53,328.35,331.28,1407,81648,0.1462
2025-09-02 15:05:00,23900,CE,332.22,340.66,331.92,335.01,373,74070,0.1466
2025-09-02 15:05:00,23900,PE,365.5,371.8,363.52,364.18,690,71162,0.1526
2025-09-02 15:05:00,23950,CE,360.11,360.81,357.84,359.77,1039,58439,0.1468
2025-09-02 15:05:00,23950,PE,398.87,397.24,391.64,396.97,811,70587,0.1424
2025-09-02 15:05:00,24000,CE,336.55,346.89,332.89,335.9,106,56411,0.1413
2025-09-02 15:05:00,24000,PE,448.55,460.81,448.81,451.08,237,56749,0.1455
2025-09-02 15:05:00,24050,CE,334.0,340.97,330.91,331.63,181,49078,0.1458
2025-09-02 15:05:00,24050,PE,502.68,504.43,493.54,502.45,323,50661,0.1446
2025-09-02 15:05:00,24100,CE,335.72,340.29,335.0,335.13,383,49185,0.1457
2025-09-02 15:05:00,24100,PE,557.52,557.99,550.27,553.78,740,50842,0.1444
2025-09-02 15:05:00,24150,CE,331.83,329.51,327.83,328.95,617,48608,0.1407
2025-09-02 15:05:00,24150,PE,586.28,583.6,581.1,582.58,736,45070,0.1454
2025-09-02 15:05:00,24200,CE,328.83,328.94,321.51,326.55,705,44240,0.1454
2025-09-02 15:05:00,24200,PE,656.56,666.04,654.08,661.58,528,46010,0.1448
2025-09-02 15:05:00,24250,CE,320.63,321.34,316.09,320.77,692,35572,0.1441
2025-09-02 15:05:00,24250,PE,720.32,717.09,705.29,715.52,622,40737,0.144
2025-09-02 15:05:00,24300,CE,341.44,346.7,341.92,342.46,214,32349,0.1435
2025-09-02 15:05:00,24300,PE,752.48,762.6,743.23,753.13,395,37111,0.1449
2025-09-02 15:05:00,24350,CE,307.2,308.18,301.88,305.91,345,35400,0.1432
2025-09-02 15:05:00,24350,PE,837.69,842.6,819.69,822.36,126,37417,0.1443
2025-09-02 15:05:00,24400,CE,330.77,329.86,328.96,329.36,137,34238,0.1418
2025-09-02 15:05:00,24400,PE,819.3,845.84,815.07,829.36,209,33169,0.1413
2025-09-02 15:05:00,24450,CE,356.11,358.26,354.27,354.28,533,33397,0.147
2025-09-02 15:05:00,24450,PE,907.93,943.96,896.81,913.24,428,31922,0.1422
2025-09-02 15:05:00,24500,CE,318.9,327.57,321.32,323.43,179,34742,0.1445
2025-09-02 15:05:00,24500,PE,967.88,968.53,953.67,957.78,500,31425,0.1489
2025-09-02 15:05:00,24550,CE,312.45,317.79,311.48,314.75,80,31450,0.1436
2025-09-02 15:05:00,24550,PE,1019.75,1019.01,1011.28,1018.92,67,24429,0.148
2025-09-02 15:05:00,24600,CE,333.09,335.29,327.84,330.64,419,28662,0.1458
2025-09-02 15:05:00,24600,PE,1045.62,1063.56,1028.89,1049.11,339,22151,0.1467
2025-09-02 15:05:00,24650,CE,343.72,342.66,336.68,341.04,15,25962,0.1445
2025-09-02 15:05:00,24650,PE,1106.42,1114.66,1108.08,1113.67,118,19319,0.144
2025-09-02 15:05:00,24700,CE,340.43,341.86,340.93,341.8,148,34422,0.1463
2025-09-02 15:05:00,24700,PE,1201.4,1181.76,1172.49,1180.44,324,27860,0.1479
2025-09-02 15:05:00,24750,CE,357.22,362.97,355.34,355.6,346,24003,0.1485
2025-09-02 15:05:00,24750,PE,1192.79,1196.43,1173.55,1195.45,197,28515,0.1431
2025-09-02 15:05:00,24800,CE,362.81,367.44,363.12,364.27,134,18806,0.1437
2025-09-02 15:05:00,24800,PE,1259.51,1268.96,1251.14,1263.43,43,21208,0.1456
2025-09-02 15:05:00,24850,CE,331.64,333.77,333.07,333.64,32,22714,0.1435
2025-09-02 15:05:00,24850,PE,1292.5,1304.01,1296.41,1299.41,117,24702,0.1413
2025-09-02 15:05:00,24900,CE,363.83,360.93,353.95,357.32,184,22898,0.1474
2025-09-02 15:05:00,24900,PE,1371.62,1369.2,1339.45,1352.24,205,22291,0.1458
2025-09-02 15:10:00,23500,CE,719.38,720.38,708.38,715.74,172,40851,0.1445
2025-09-02 15:10:00,23500,PE,353.15,350.6,345.22,349.87,141,43220,0.1474
2025-09-02 15:10:00,23550,CE,671.56,677.01,662.47,667.38,48,42956,0.1443
2025-09-02 15:10:00,23550,PE,322.24,326.05,317.97,323.31,604,49658,0.1445
2025-09-02 15:10:00,23600,CE,591.8,597.65,593.97,597.42,716,44192,0.1454
2025-09-02 15:10:00,23600,PE,330.0,333.99,326.4,328.24,351,49244,0.1458
2025-09-02 15:10:00,23650,CE,579.35,581.66,576.82,576.85,70,55612,0.1493
2025-09-02 15:10:00,23650,PE,347.51,350.35,348.3,349.51,765,64407,0.147
2025-09-02 15:10:00,23700,CE,525.19,525.47,521.22,521.66,842,61443,0.1454
2025-09-02 15:10:00,23700,PE,314.73,317.33,314.67,314.99,128,61823,0.1445
2025-09-02 15:10:00,23750,CE,478.35,476.38,472.65,475.98,498,61491,0.1457
2025-09-02 15:10:00,23750,PE,318.67,320.52,312.39,318.33,998,67503,0.1436
2025-09-02 15:10:00,23800,CE,413.96,416.84,413.75,414.58,1223,72957,0.1432
2025-09-02 15:10:00,23800,PE,323.54,319.19,317.89,318.23,662,62172,0.1478
2025-09-02 15:10:00,23850,CE,388.01,397.87,383.16,388.75,1113,81189,0.1492
2025-09-02 15:10:00,23850,PE,307.35,306.74,304.45,304.86,1033,81861,0.1413
2025-09-02 15:10:00,23900,CE,329.91,335.95,333.53,335.64,1351,74634,0.147
2025-09-02 15:10:00,23900,PE,331.0,334.16,327.93,331.52,586,71039,0.1437
2025-09-02 15:10:00,23950,CE,343.41,338.97,334.75,338.25,282,58653,0.1444
2025-09-02 15:10:00,23950,PE,379.36,383.12,372.1,378.14,1064,70930,0.1448
2025-09-02 15:10:00,24000,CE,334.06,336.72,332.57,333.34,216,56810,0.1464
2025-09-02 15:10:00,24000,PE,443.96,444.37,438.55,442.74,793,57249,0.1489
2025-09-02 15:10:00,24050,CE,341.07,349.43,333.91,341.38,19,48893,0.1482
2025-09-02 15:10:00,24050,PE,487.85,494.82,489.49,490.57,1095,51071,0.1462
2025-09-02 15:10:00,24100,CE,326.11,330.08,323.28,324.18,670,49733,0.1459
2025-09-02 15:10:00,24100,PE,520.47,528.1,512.77,520.75,664,50805,0.1442
2025-09-02 15:10:00,24150,CE,320.98,321.54,315.01,318.56,266,48837,0.1469
2025-09-02 15:10:00,24150,PE,621.97,634.23,611.48,625.08,501,44857,0.1518
2025-09-02 15:10:00,24200,CE,325.81,335.01,321.96,324.99,145,43947,0.1485
2025-09-02 15:10:00,24200,PE,630.55,638.76,626.93,634.84,444,45743,0.1448
2025-09-02 15:10:00,24250,CE,316.79,316.58,311.76,313.3,469,35033,0.1435
2025-09-02 15:10:00,24250,PE,675.44,684.25,671.55,676.33,282,40831,0.1441
2025-09-02 15:10:00,24300,CE,339.4,340.8,333.1,338.7,535,32783,0.1484
2025-09-02 15:10:00,24300,PE,747.1,755.0,745.07,749.98,107,36855,0.1451
2025-09-02 15:10:00,24350,CE,308.11,315.02,305.43,308.56,441,34838,0.1455
2025-09-02 15:10:00,24350,PE,805.96,794.98,774.97,791.45,377,37156,0.1461
2025-09-02 15:10:00,24400,CE,310.3,312.81,302.62,307.19,336,34564,0.1412
2025-09-02 15:10:00,24400,PE,844.96,844.37,835.37,840.09,118,33106,0.1443
2025-09-02 15:10:00,24450,CE,342.65,339.16,331.85,339.1,446,33717,0.1444
2025-09-02 15:10:00,24450,PE,881.17,883.28,877.98,879.75,188,31582,0.146
2025-09-02 15:10:00,24500,CE,328.55,333.13,326.91,327.52,242,34912,0.1408
2025-09-02 15:10:00,24500,PE,924.8,931.77,926.09,929.53,403,31702,0.1436
2025-09-02 15:10:00,24550,CE,339.97,348.46,345.53,346.03,165,31821,0.147
2025-09-02 15:10:00,24550,PE,963.66,963.72,955.41,961.55,422,24649,0.1454
2025-09-02 15:10:00,24600,CE,317.44,315.92,310.55,314.8,377,29154,0.1448
2025-09-02 15:10:00,24600,PE,1042.6,1045.98,1036.12,1045.13,419,21702,0.1458
2025-09-02 15:10:00,24650,CE,330.78,329.18,323.1,326.34,370,26022,0.1446
2025-09-02 15:10:00,24650,PE,1069.04,1091.55,1061.66,1064.53,211,19258,0.1443
2025-09-02 15:10:00,24700,CE,306.15,306.0,303.67,304.95,80,35021,0.1437
2025-09-02 15:10:00,24700,PE,1128.12,1149.97,1126.98,1132.56,30,27919,0.1418
2025-09-02 15:10:00,24750,CE,336.1,339.65,331.23,331.56,408,24225,0.1462
2025-09-02 15:10:00,24750,PE,1194.31,1194.49,1176.01,1189.11,421,29017,0.1445
2025-09-02 15:10:00,24800,CE,339.79,343.22,337.82,341.03,18,18376,0.1444
2025-09-02 15:10:00,24800,PE,1251.97,1262.41,1244.54,1251.73,52,21015,0.1437
2025-09-02 15:10:00,24850,CE,337.21,337.49,329.0,335.32,162,22501,0.1466
2025-09-02 15:10:00,24850,PE,1314.71,1325.44,1291.24,1300.4,67,24242,0.1433
2025-09-02 15:10:00,24900,CE,308.21,312.17,306.15,307.18,199,22970,0.1423
2025-09-02 15:10:00,24900,PE,1327.24,1327.31,1315.18,1322.57,122,22058,0.1463
2025-09-02 15:15:00,23500,CE,686.58,704.9,691.7,694.82,393,40449,0.1497
2025-09-02 15:15:00,23500,PE,324.6,328.83,319.82,321.52,133,42646,0.1474
2025-09-02 15:15:00,23550,CE,635.89,639.92,624.54,636.74,314,42386,0.1448
2025-09-02 15:15:00,23550,PE,343.04,352.23,340.48,343.76,315,49526,0.1466
2025-09-02 15:15:00,23600,CE,585.28,591.76,576.23,586.91,250,44325,0.1459
2025-09-02 15:15:00,23600,PE,328.44,336.81,330.79,331.77,148,48899,0.1464
2025-09-02 15:15:00,23650,CE,594.43,601.54,581.4,583.33,973,56104,0.1471
2025-09-02 15:15:00,23650,PE,332.03,342.77,330.88,333.81,132,64059,0.1443
2025-09-02 15:15:00,23700,CE,482.54,481.27,480.32,480.96,666,61167,0.1453
2025-09-02 15:15:00,23700,PE,327.21,331.65,326.97,327.33,200,61587,0.1445
2025-09-02 15:15:00,23750,CE,422.06,419.32,413.86,417.57,1268,61080,0.1469
2025-09-02 15:15:00,23750,PE,327.79,330.37,323.57,326.63,803,68101,0.1464
2025-09-02 15:15:00,23800,CE,393.59,394.06,389.98,393.08,1219,73217,0.144
2025-09-02 15:15:00,23800,PE,312.14,317.12,305.88,312.73,464,61932,0.1476
2025-09-02 15:15:00,23850,CE,347.57,354.74,352.9,353.35,1048,81756,0.1429
2025-09-02 15:15:00,23850,PE,328.06,328.93,326.51,327.67,621,82022,0.1434
2025-09-02 15:15:00,23900,CE,327.53,336.67,331.46,332.17,1540,74957,0.1421
2025-09-02 15:15:00,23900,PE,402.9,401.82,397.89,399.98,1517,70851,0.1448
2025-09-02 15:15:00,23950,CE,321.4,323.76,321.35,322.9,933,58313,0.1447
2025-09-02 15:15:00,23950,PE,421.94,431.49,417.09,419.55,80,70869,0.146
2025-09-02 15:15:00,24000,CE,348.47,350.81,345.89,348.74,956,56710,0.1436
2025-09-02 15:15:00,24000,PE,470.74,467.26,460.61,465.29,341,57830,0.1478
2025-09-02 15:15:00,24050,CE,325.06,326.41,321.33,325.53,442,48467,0.1422
2025-09-02 15:15:00,24050,PE,527.72,540.95,529.26,529.84,209,50633,0.1454
2025-09-02 15:15:00,24100,CE,349.22,350.25,343.83,345.08,941,49878,0.1469
2025-09-02 15:15:00,24100,PE,578.07,587.33,573.47,581.53,30,50879,0.1443
2025-09-02 15:15:00,24150,CE,342.45,343.97,340.76,341.95,376,48892,0.1448
2025-09-02 15:15:00,24150,PE,645.55,659.22,637.74,644.24,758,44751,0.1467
2025-09-02 15:15:00,24200,CE,308.4,312.63,305.92,306.67,253,43780,0.1452
2025-09-02 15:15:00,24200,PE,655.8,657.23,653.91,654.28,575,45247,0.1451
2025-09-02 15:15:00,24250,CE,296.73,301.05,294.88,297.8,471,35383,0.1455
2025-09-02 15:15:00,24250,PE,720.54,727.96,713.28,720.19,743,40766,0.1427
2025-09-02 15:15:00,24300,CE,328.23,338.65,332.04,332.06,331,33259,0.1473
2025-09-02 15:15:00,24300,PE,765.69,772.06,763.24,765.46,562,36849,0.1446
2025-09-02 15:15:00,24350,CE,330.8,336.29,327.86,329.79,252,35322,0.1472
2025-09-02 15:15:00,24350,PE,792.91,802.78,787.47,790.58,274,37664,0.1454
2025-09-02 15:15:00,24400,CE,311.66,323.86,315.51,318.25,272,34635,0.1454
2025-09-02 15:15:00,24400,PE,869.94,873.52,851.55,865.55,328,33462,0.1443
2025-09-02 15:15:00,24450,CE,316.29,320.78,315.51,320.75,452,33241,0.1481
2025-09-02 15:15:00,24450,PE,920.51,936.42,924.61,925.65,483,31122,0.1458
2025-09-02 15:15:00,24500,CE,325.9,328.9,324.56,326.29,446,35152,0.1428
2025-09-02 15:15:00,24500,PE,969.04,977.5,951.68,961.54,322,31163,0.1448
2025-09-02 15:15:00,24550,CE,330.48,331.74,328.58,331.2,443,32074,0.1428
2025-09-02 15:15:00,24550,PE,1004.91,997.08,977.99,992.98,303,24325,0.1464
2025-09-02 15:15:00,24600,CE,331.57,333.39,326.47,328.82,381,28835,0.1463
2025-09-02 15:15:00,24600,PE,1081.29,1109.08,1075.83,1080.83,218,21534,0.1428
2025-09-02 15:15:00,24650,CE,330.07,332.89,331.66,332.57,200,26531,0.144
2025-09-02 15:15:00,24650,PE,1131.18,1144.04,1109.73,1125.04,363,19510,0.1473
2025-09-02 15:15:00,24700,CE,331.01,328.88,325.1,327.72,310,35322,0.1444
2025-09-02 15:15:00,24700,PE,1155.58,1157.57,1147.91,1150.37,330,28258,0.1392
2025-09-02 15:15:00,24750,CE,345.29,349.83,342.52,346.35,27,24622,0.1429
2025-09-02 15:15:00,24750,PE,1228.14,1284.94,1221.34,1249.57,137,28621,0.1451
2025-09-02 15:15:00,24800,CE,331.25,340.75,336.43,337.13,84,18906,0.1459
2025-09-02 15:15:00,24800,PE,1276.84,1270.43,1264.62,1264.99,340,20891,0.1472
2025-09-02 15:15:00,24850,CE,336.36,335.88,334.11,334.65,360,22575,0.1488
2025-09-02 15:15:00,24850,PE,1333.62,1350.58,1313.36,1333.07,333,24614,0.1428
2025-09-02 15:15:00,24900,CE,310.95,315.2,307.85,314.69,99,23393,0.1448
2025-09-02 15:15:00,24900,PE,1372.04,1377.36,1353.92,1370.78,367,22065,0.143
2025-09-02 15:20:00,23500,CE,750.96,757.14,743.21,751.02,250,40502,0.1491
2025-09-02 15:20:00,23500,PE,316.86,319.96,316.34,317.24,634,42537,0.1455
2025-09-02 15:20:00,23550,CE,687.75,688.76,673.44,682.57,50,41845,0.1467
2025-09-02 15:20:00,23550,PE,321.71,323.22,320.3,321.03,617,49703,0.1466
2025-09-02 15:20:00,23600,CE,630.75,636.65,618.37,627.12,205,44537,0.1426
2025-09-02 15:20:00,23600,PE,316.11,322.46,310.92,316.31,284,48866,0.1427
2025-09-02 15:20:00,23650,CE,583.93,592.45,577.0,584.3,211,55561,0.1445
2025-09-02 15:20:00,23650,PE,359.22,353.09,349.33,351.88,875,64138,0.1509
2025-09-02 15:20:00,23700,CE,513.31,525.8,510.35,518.83,1033,60690,0.1445
2025-09-02 15:20:00,23700,PE,310.52,308.46,307.18,307.93,436,61531,0.1431
2025-09-02 15:20:00,23750,CE,469.13,471.84,462.88,470.28,59,61438,0.1448
2025-09-02 15:20:00,23750,PE,335.94,335.39,328.39,332.24,1186,67773,0.1458
2025-09-02 15:20:00,23800,CE,415.78,416.1,413.74,414.41,1195,73719,0.1457
2025-09-02 15:20:00,23800,PE,321.25,316.37,314.48,316.16,579,62181,0.1424
2025-09-02 15:20:00,23850,CE,364.98,379.52,366.51,368.88,717,81464,0.1439
2025-09-02 15:20:00,23850,PE,328.96,336.36,332.68,332.94,467,81697,0.1439
2025-09-02 15:20:00,23900,CE,314.34,320.78,315.74,317.12,1705,74446,0.1466
2025-09-02 15:20:00,23900,PE,331.21,333.86,328.77,330.11,777,71299,0.1397
2025-09-02 15:20:00,23950,CE,317.76,319.67,311.39,318.05,754,57788,0.1449
2025-09-02 15:20:00,23950,PE,389.76,398.78,384.57,394.91,562,71020,0.1466
2025-09-02 15:20:00,24000,CE,331.29,339.75,330.12,330.65,171,57011,0.1449
2025-09-02 15:20:00,24000,PE,456.97,457.8,455.05,457.54,856,57536,0.1481
2025-09-02 15:20:00,24050,CE,342.61,342.51,338.17,339.13,909,48323,0.1464
2025-09-02 15:20:00,24050,PE,498.11,499.59,487.61,493.69,454,50385,0.1466
2025-09-02 15:20:00,24100,CE,343.91,350.34,342.29,342.88,397,50240,0.1477
2025-09-02 15:20:00,24100,PE,539.2,545.22,538.5,539.25,35,51473,0.1442
2025-09-02 15:20:00,24150,CE,334.05,337.92,331.18,332.93,710,49456,0.1419
2025-09-02 15:20:00,24150,PE,583.99,587.04,577.32,582.55,618,44234,0.1431
2025-09-02 15:20:00,24200,CE,342.55,351.87,344.32,346.24,642,43993,0.1466
2025-09-02 15:20:00,24200,PE,638.76,652.28,641.45,643.35,403,45348,0.1434
2025-09-02 15:20:00,24250,CE,329.07,334.01,327.06,328.64,272,35899,0.1451
2025-09-02 15:20:00,24250,PE,704.63,715.44,699.31,704.21,696,40859,0.1402
2025-09-02 15:20:00,24300,CE,321.46,326.18,318.02,319.39,693,33207,0.1451
2025-09-02 15:20:00,24300,PE,780.45,787.45,764.63,774.56,158,36787,0.1459
2025-09-02 15:20:00,24350,CE,310.79,310.84,308.31,310.18,621,35746,0.1439
2025-09-02 15:20:00,24350,PE,829.76,834.13,810.14,817.7,25,37870,0.145
2025-09-02 15:20:00,24400,CE,338.91,341.19,334.65,335.16,511,34123,0.1461
2025-09-02 15:20:00,24400,PE,833.96,857.81,836.18,837.18,362,33982,0.1458
2025-09-02 15:20:00,24450,CE,315.68,319.34,313.36,314.27,227,33455,0.144
2025-09-02 15:20:00,24450,PE,881.32,895.51,882.66,886.99,234,30708,0.1441
2025-09-02 15:20:00,24500,CE,346.51,345.44,343.73,344.94,229,35115,0.1468
2025-09-02 15:20:00,24500,PE,933.83,949.16,931.79,933.2,245,30863,0.1431
2025-09-02 15:20:00,24550,CE,334.75,336.95,335.04,335.29,503,32183,0.1454
2025-09-02 15:20:00,24550,PE,992.97,1008.08,985.86,990.0,343,24392,0.1455
2025-09-02 15:20:00,24600,CE,308.5,315.15,307.43,307.91,181,29399,0.1434
2025-09-02 15:20:00,24600,PE,1045.49,1049.0,1040.09,1047.57,215,21000,0.146
2025-09-02 15:20:00,24650,CE,325.45,325.8,322.18,324.26,219,26471,0.1436
2025-09-02 15:20:00,24650,PE,1094.03,1100.01,1085.51,1089.98,191,19129,0.1423
2025-09-02 15:20:00,24700,CE,325.28,325.26,323.64,323.99,223,34748,0.1436
2025-09-02 15:20:00,24700,PE,1142.23,1163.74,1140.2,1152.03,165,28591,0.1445
2025-09-02 15:20:00,24750,CE,334.9,338.48,333.87,333.97,313,24931,0.1464
2025-09-02 15:20:00,24750,PE,1181.17,1199.71,1185.22,1185.3,72,29142,0.1442
2025-09-02 15:20:00,24800,CE,329.94,335.04,331.33,333.37,84,19011,0.1445
2025-09-02 15:20:00,24800,PE,1237.53,1256.23,1227.22,1233.05,407,20597,0.1453
2025-09-02 15:20:00,24850,CE,337.14,340.27,335.94,339.31,43,22410,0.1462
2025-09-02 15:20:00,24850,PE,1300.59,1288.49,1273.69,1284.01,12,24739,0.141
2025-09-02 15:20:00,24900,CE,326.1,328.01,326.53,327.84,302,23547,0.1454
2025-09-02 15:20:00,24900,PE,1364.02,1379.8,1355.11,1363.79,100,21516,0.147
2025-09-02 15:25:00,23500,CE,766.19,771.05,755.54,764.28,226,40994,0.1462
2025-09-02 15:25:00,23500,PE,339.18,339.37,334.93,336.57,258,43048,0.1441
2025-09-02 15:25:00,23550,CE,729.94,735.13,729.09,731.63,716,42203,0.1451
2025-09-02 15:25:00,23550,PE,334.66,335.68,331.65,333.98,183,49402,0.1453
2025-09-02 15:25:00,23600,CE,677.74,690.99,666.52,674.64,118,44354,0.1421
2025-09-02 15:25:00,23600,PE,348.31,358.86,349.15,352.36,391,49108,0.1447
2025-09-02 15:25:00,23650,CE,628.26,629.76,627.02,627.73,65,55327,0.1456
2025-09-02 15:25:00,23650,PE,354.65,357.27,351.2,351.68,313,64003,0.1457
2025-09-02 15:25:00,23700,CE,582.73,579.72,576.07,579.0,559,60891,0.1459
2025-09-02 15:25:00,23700,PE,337.68,347.54,339.26,339.28,896,60971,0.1439
2025-09-02 15:25:00,23750,CE,529.83,536.79,523.77,529.37,189,61003,0.1469
2025-09-02 15:25:00,23750,PE,350.71,348.1,344.95,347.91,309,67216,0.147
2025-09-02 15:25:00,23800,CE,462.64,471.84,459.72,460.04,463,73437,0.1456
2025-09-02 15:25:00,23800,PE,340.65,345.34,339.3,340.46,626,62158,0.1487
2025-09-02 15:25:00,23850,CE,425.19,429.47,421.92,425.03,882,81876,0.1443
2025-09-02 15:25:00,23850,PE,340.49,348.22,338.15,340.96,159,81311,0.1477
2025-09-02 15:25:00,23900,CE,351.8,366.96,355.87,359.68,1109,74274,0.1414
2025-09-02 15:25:00,23900,PE,344.25,344.19,338.6,343.56,1386,70710,0.1442
2025-09-02 15:25:00,23950,CE,335.46,336.65,328.26,335.31,213,57744,0.1419
2025-09-02 15:25:00,23950,PE,334.06,336.12,329.17,333.94,912,70450,0.1477
2025-09-02 15:25:00,24000,CE,325.66,329.57,328.2,328.32,760,56797,0.1478
2025-09-02 15:25:00,24000,PE,364.86,366.3,361.09,365.61,976,57933,0.143
2025-09-02 15:25:00,24050,CE,347.55,345.22,342.54,344.68,775,48846,0.143
2025-09-02 15:25:00,24050,PE,420.37,425.14,412.65,418.98,746,50225,0.1464
2025-09-02 15:25:00,24100,CE,348.74,353.39,345.16,348.56,140,49979,0.1451
2025-09-02 15:25:00,24100,PE,475.83,486.05,479.98,484.07,422,51783,0.1461
2025-09-02 15:25:00,24150,CE,316.85,319.79,317.94,319.24,495,49693,0.1468
2025-09-02 15:25:00,24150,PE,540.12,551.25,540.14,541.1,162,44087,0.1453
2025-09-02 15:25:00,24200,CE,298.02,302.33,296.87,297.4,750,44479,0.1465
2025-09-02 15:25:00,24200,PE,564.07,577.33,562.16,565.38,357,45292,0.1443
2025-09-02 15:25:00,24250,CE,328.63,329.41,325.35,326.97,247,36422,0.1476
2025-09-02 15:25:00,24250,PE,620.72,629.84,627.13,628.74,100,41319,0.1446
2025-09-02 15:25:00,24300,CE,354.2,356.19,350.53,351.88,540,33745,0.1427
2025-09-02 15:25:00,24300,PE,676.21,674.63,663.13,670.71,129,36317,0.1476
2025-09-02 15:25:00,24350,CE,333.38,329.96,321.06,327.46,144,35466,0.1464
2025-09-02 15:25:00,24350,PE,712.66,717.24,710.34,714.84,175,37715,0.1408
2025-09-02 15:25:00,24400,CE,346.87,359.99,348.03,351.95,196,34415,0.1466
2025-09-02 15:25:00,24400,PE,796.43,810.21,788.38,797.47,196,33734,0.1483
2025-09-02 15:25:00,24450,CE,329.31,337.5,325.75,328.49,546,33103,0.1457
2025-09-02 15:25:00,24450,PE,811.5,824.53,814.56,817.96,230,30520,0.1485
2025-09-02 15:25:00,24500,CE,299.8,307.74,300.3,301.44,282,34888,0.146
2025-09-02 15:25:00,24500,PE,893.01,890.97,883.81,886.22,354,31240,0.1467
2025-09-02 15:25:00,24550,CE,346.15,348.42,342.06,342.87,270,32770,0.1479
2025-09-02 15:25:00,24550,PE,939.94,950.65,939.23,942.58,367,24156,0.1457
2025-09-02 15:25:00,24600,CE,356.84,353.42,348.46,350.61,149,28861,0.1444
2025-09-02 15:25:00,24600,PE,969.33,979.85,965.91,975.22,12,21266,0.1491
2025-09-02 15:25:00,24650,CE,363.07,359.39,358.05,359.37,387,26447,0.1442
2025-09-02 15:25:00,24650,PE,1014.01,1039.86,1029.9,1032.57,83,19049,0.1415
2025-09-02 15:25:00,24700,CE,344.93,355.08,342.16,344.34,276,34569,0.1467
2025-09-02 15:25:00,24700,PE,1052.96,1071.32,1052.96,1065.05,245,28555,0.1466
2025-09-02 15:25:00,24750,CE,340.84,341.16,340.17,340.46,63,24494,0.1439
2025-09-02 15:25:00,24750,PE,1113.66,1123.72,1105.65,1122.68,29,29276,0.1442
2025-09-02 15:25:00,24800,CE,335.13,343.62,337.64,340.0,392,19526,0.1424
2025-09-02 15:25:00,24800,PE,1138.39,1179.77,1143.37,1150.4,289,21100,0.145
2025-09-02 15:25:00,24850,CE,321.67,323.84,321.71,323.26,163,22695,0.1461
2025-09-02 15:25:00,24850,PE,1235.6,1234.69,1233.63,1233.91,219,24606,0.1472
2025-09-02 15:25:00,24900,CE,319.46,320.13,318.58,319.16,281,24052,0.1455
2025-09-02 15:25:00,24900,PE,1264.39,1276.18,1263.63,1269.07,193,21707,0.144
