timestamp,strike,side,open,high,low,close,volume,oi,iv
2025-08-22 09:00:00,23500,CE,891.45,889.68,884.12,884.76,0,20139,0.1602
2025-08-22 09:00:00,23500,PE,193.41,194.22,191.08,192.84,0,20512,0.1583
2025-08-22 09:00:00,23550,CE,840.11,838.3,825.53,834.86,0,22677,0.1566
2025-08-22 09:00:00,23550,PE,175.09,179.63,173.23,175.73,0,19856,0.1562
2025-08-22 09:00:00,23600,CE,793.9,801.47,799.3,799.5,0,21979,0.1588
2025-08-22 09:00:00,23600,PE,176.87,179.22,176.27,177.49,0,20832,0.1578
2025-08-22 09:00:00,23650,CE,728.92,749.78,728.92,736.67,0,25415,0.1593
2025-08-22 09:00:00,23650,PE,181.45,185.2,181.94,182.81,0,22448,0.1563
2025-08-22 09:00:00,23700,CE,677.87,688.62,683.13,684.46,0,26278,0.1578
2025-08-22 09:00:00,23700,PE,195.88,197.38,196.8,197.11,0,23762,0.154
2025-08-22 09:00:00,23750,CE,632.27,656.65,630.47,633.7,0,25738,0.1592
2025-08-22 09:00:00,23750,PE,183.31,185.29,182.52,183.75,0,26875,0.1571
2025-08-22 09:00:00,23800,CE,571.45,568.18,566.87,567.46,0,29386,0.1541
2025-08-22 09:00:00,23800,PE,176.76,180.6,174.75,176.16,0,26772,0.1569
2025-08-22 09:00:00,23850,CE,535.63,547.8,535.02,539.29,0,28743,0.1602
2025-08-22 09:00:00,23850,PE,193.07,195.79,192.49,192.79,0,31417,0.1565
2025-08-22 09:00:00,23900,CE,464.1,481.97,461.17,471.02,0,31263,0.1557
2025-08-22 09:00:00,23900,PE,191.0,192.61,188.66,189.83,0,30815,0.1609
2025-08-22 09:00:00,23950,CE,429.36,433.27,425.24,428.39,0,35349,0.1546
2025-08-22 09:00:00,23950,PE,168.25,171.46,170.3,170.7,0,32739,0.1601
2025-08-22 09:00:00,24000,CE,395.41,395.45,386.63,391.86,0,38629,0.1562
2025-08-22 09:00:00,24000,PE,186.45,186.25,184.29,186.01,0,38664,0.1582
2025-08-22 09:00:00,24050,CE,334.62,339.97,329.84,331.7,0,41867,0.1585
2025-08-22 09:00:00,24050,PE,194.12,192.27,191.28,191.44,0,39622,0.1568
2025-08-22 09:00:00,24100,CE,280.45,288.91,280.3,282.05,0,42810,0.1566
2025-08-22 09:00:00,24100,PE,183.3,184.42,183.17,183.36,0,44055,0.1575
2025-08-22 09:00:00,24150,CE,251.19,251.6,246.63,249.49,0,48445,0.1595
2025-08-22 09:00:00,24150,PE,196.08,200.74,196.16,197.38,0,50943,0.1582
2025-08-22 09:00:00,24200,CE,188.69,192.33,188.72,189.58,0,55526,0.1565
2025-08-22 09:00:00,24200,PE,185.76,189.94,184.69,185.88,0,56777,0.1564
2025-08-22 09:00:00,24250,CE,177.96,179.87,176.97,177.36,0,50110,0.1549
2025-08-22 09:00:00,24250,PE,231.13,232.77,231.0,231.24,0,49966,0.1585
2025-08-22 09:00:00,24300,CE,183.99,183.84,183.23,183.4,0,42801,0.1546
2025-08-22 09:00:00,24300,PE,278.07,279.46,277.38,278.67,0,42629,0.1585
2025-08-22 09:00:00,24350,CE,187.96,192.92,186.72,188.14,0,38626,0.159
2025-08-22 09:00:00,24350,PE,329.07,334.59,326.93,329.16,0,40814,0.1535
2025-08-22 09:00:00,24400,CE,187.04,190.05,188.52,188.92,0,35968,0.1552
2025-08-22 09:00:00,24400,PE,376.68,380.48,371.12,376.82,0,39118,0.1553
2025-08-22 09:00:00,24450,CE,191.35,192.74,191.23,192.16,0,32905,0.1565
2025-08-22 09:00:00,24450,PE,428.31,434.13,426.79,429.79,0,36162,0.1545
2025-08-22 09:00:00,24500,CE,177.32,175.56,175.03,175.25,0,32646,0.1552
2025-08-22 09:00:00,24500,PE,490.45,494.87,489.72,489.9,0,30400,0.1572
2025-08-22 09:00:00,24550,CE,186.21,184.78,183.68,184.48,0,28124,0.1566
2025-08-22 09:00:00,24550,PE,547.82,549.65,536.2,537.69,0,29474,0.1524
2025-08-22 09:00:00,24600,CE,186.74,186.95,185.08,186.2,0,27416,0.1568
2025-08-22 09:00:00,24600,PE,580.55,590.97,581.88,582.5,0,27323,0.1555
2025-08-22 09:00:00,24650,CE,180.08,180.47,179.96,179.97,0,26556,0.1571
2025-08-22 09:00:00,24650,PE,633.38,640.78,633.82,634.29,0,24960,0.1574
2025-08-22 09:00:00,24700,CE,197.25,199.47,194.88,195.97,0,23516,0.1589
2025-08-22 09:00:00,24700,PE,684.6,693.89,680.04,685.9,0,25778,0.1541
2025-08-22 09:00:00,24750,CE,186.49,192.01,187.6,189.57,0,25667,0.1572
2025-08-22 09:00:00,24750,PE,735.86,748.08,736.31,742.08,0,22801,0.1594
2025-08-22 09:00:00,24800,CE,186.14,187.45,185.47,186.88,0,24267,0.157
2025-08-22 09:00:00,24800,PE,785.97,782.48,775.42,779.73,0,21919,0.157
2025-08-22 09:00:00,24850,CE,184.78,188.4,185.81,186.17,0,20827,0.1598
2025-08-22 09:00:00,24850,PE,835.01,853.82,829.74,834.44,0,19845,0.1559
2025-08-22 09:00:00,24900,CE,194.01,191.97,191.06,191.67,0,20215,0.1587
2025-08-22 09:00:00,24900,PE,883.08,899.27,881.61,887.25,0,20513,0.161
2025-08-22 09:05:00,23500,CE,896.62,902.38,877.53,889.94,0,21177,0.1568
2025-08-22 09:05:00,23500,PE,185.8,187.15,180.29,185.15,0,19154,0.1589
2025-08-22 09:05:00,23550,CE,809.93,826.46,817.75,822.12,0,20238,0.1579
2025-08-22 09:05:00,23550,PE,199.89,198.58,196.36,198.1,0,21212,0.1552
2025-08-22 09:05:00,23600,CE,774.67,816.06,792.59,794.24,0,20818,0.1583
2025-08-22 09:05:00,23600,PE,177.58,179.15,177.54,177.61,0,21113,0.154
2025-08-22 09:05:00,23650,CE,733.07,740.54,730.99,737.35,0,24222,0.1578
2025-08-22 09:05:00,23650,PE,186.5,188.03,183.62,185.42,0,25521,0.1574
2025-08-22 09:05:00,23700,CE,684.21,699.87,681.06,682.05,0,25290,0.1557
2025-08-22 09:05:00,23700,PE,181.76,185.43,181.67,181.86,0,23578,0.1562
2025-08-22 09:05:00,23750,CE,651.05,654.82,649.59,654.48,0,28405,0.1574
2025-08-22 09:05:00,23750,PE,174.13,177.8,175.61,176.76,0,26529,0.159
2025-08-22 09:05:00,23800,CE,582.05,594.0,578.62,583.42,0,28928,0.1554
2025-08-22 09:05:00,23800,PE,182.91,188.67,185.1,185.14,0,26848,0.1593
2025-08-22 09:05:00,23850,CE,543.98,549.61,542.68,543.39,0,30204,0.1589
2025-08-22 09:05:00,23850,PE,179.35,179.63,176.13,178.24,0,28196,0.1591
2025-08-22 09:05:00,23900,CE,487.27,490.68,476.18,483.02,0,32478,0.1595
2025-08-22 09:05:00,23900,PE,190.57,191.98,190.95,191.49,0,30785,0.1602
2025-08-22 09:05:00,23950,CE,442.68,444.59,434.18,437.1,0,36013,0.1625
2025-08-22 09:05:00,23950,PE,191.46,193.84,191.46,193.12,0,32594,0.1613
2025-08-22 09:05:00,24000,CE,395.09,399.86,389.14,397.03,0,37772,0.1579
2025-08-22 09:05:00,24000,PE,186.73,187.91,184.21,187.66,0,35719,0.1577
2025-08-22 09:05:00,24050,CE,334.46,337.87,332.82,335.1,0,41189,0.1576
2025-08-22 09:05:00,24050,PE,193.12,197.87,193.4,194.44,0,40414,0.1553
2025-08-22 09:05:00,24100,CE,297.99,297.64,296.36,296.97,0,46223,0.1587
2025-08-22 09:05:00,24100,PE,175.62,177.84,175.54,176.14,0,44961,0.1608
2025-08-22 09:05:00,24150,CE,241.82,243.4,236.88,241.57,0,48594,0.1578
2025-08-22 09:05:00,24150,PE,184.02,185.32,183.95,184.0,0,47456,0.1572
2025-08-22 09:05:00,24200,CE,183.93,185.81,183.66,184.35,0,55383,0.1572
2025-08-22 09:05:00,24200,PE,187.44,188.53,184.95,187.59,0,54764,0.1584
2025-08-22 09:05:00,24250,CE,178.32,186.2,180.49,181.42,0,47317,0.1583
2025-08-22 09:05:00,24250,PE,248.43,248.37,240.83,245.48,0,49431,0.1566
2025-08-22 09:05:00,24300,CE,185.03,185.81,183.06,183.93,0,43193,0.1561
2025-08-22 09:05:00,24300,PE,272.54,279.3,271.37,274.26,0,43290,0.1589
2025-08-22 09:05:00,24350,CE,172.99,175.22,173.75,174.3,0,38476,0.1557
2025-08-22 09:05:00,24350,PE,329.1,338.48,333.13,334.96,0,39929,0.1549
2025-08-22 09:05:00,24400,CE,196.87,198.12,195.26,196.85,0,36035,0.1609
2025-08-22 09:05:00,24400,PE,370.96,388.12,373.88,375.66,0,35449,0.157
2025-08-22 09:05:00,24450,CE,189.41,189.14,185.88,186.78,0,34112,0.1573
2025-08-22 09:05:00,24450,PE,430.68,446.42,428.83,433.5,0,33255,0.1585
2025-08-22 09:05:00,24500,CE,172.34,177.48,173.15,173.44,0,30512,0.1567
2025-08-22 09:05:00,24500,PE,481.54,489.07,481.84,487.14,0,31843,0.1578
2025-08-22 09:05:00,24550,CE,181.03,183.86,178.52,179.89,0,28143,0.1613
2025-08-22 09:05:00,24550,PE,538.07,546.15,533.15,541.0,0,31852,0.1578
2025-08-22 09:05:00,24600,CE,182.72,186.22,179.81,183.07,0,27944,0.1541
2025-08-22 09:05:00,24600,PE,571.05,591.17,577.26,581.66,0,30046,0.1525
2025-08-22 09:05:00,24650,CE,176.53,178.56,174.85,177.72,0,27967,0.1601
2025-08-22 09:05:00,24650,PE,638.37,647.28,641.05,641.25,0,28360,0.1603
2025-08-22 09:05:00,24700,CE,190.49,190.95,189.75,190.13,0,25169,0.1566
2025-08-22 09:05:00,24700,PE,682.99,683.37,674.47,678.74,0,24691,0.1562
2025-08-22 09:05:00,24750,CE,179.58,182.02,178.96,180.26,0,24585,0.1545
2025-08-22 09:05:00,24750,PE,741.79,753.12,734.95,741.72,0,22028,0.1612
2025-08-22 09:05:00,24800,CE,178.12,178.64,176.9,178.59,0,23900,0.158
2025-08-22 09:05:00,24800,PE,791.42,808.05,794.81,795.93,0,21834,0.155
2025-08-22 09:05:00,24850,CE,184.54,188.43,187.24,187.93,0,19513,0.1548
2025-08-22 09:05:00,24850,PE,834.57,850.87,816.49,830.58,0,20434,0.1577
2025-08-22 09:05:00,24900,CE,194.21,195.11,193.08,194.48,0,19491,0.1571
2025-08-22 09:05:00,24900,PE,885.73,893.82,871.76,879.44,0,18578,0.1553
2025-08-22 09:10:00,23500,CE,871.0,894.69,879.67,882.89,0,21196,0.1583
2025-08-22 09:10:00,23500,PE,194.49,199.03,191.17,193.09,0,18902,0.1578
2025-08-22 09:10:00,23550,CE,819.59,837.86,824.69,825.74,0,22870,0.1561
2025-08-22 09:10:00,23550,PE,177.52,182.78,179.72,181.04,0,21296,0.1563
2025-08-22 09:10:00,23600,CE,795.23,794.59,783.89,786.44,0,23412,0.1577
2025-08-22 09:10:00,23600,PE,193.84,201.39,191.24,195.7,0,21898,0.1576
2025-08-22 09:10:00,23650,CE,733.28,730.84,719.2,729.62,0,22233,0.1551
2025-08-22 09:10:00,23650,PE,178.41,178.49,176.0,178.39,0,22427,0.1551
2025-08-22 09:10:00,23700,CE,672.96,679.05,668.31,670.79,0,25582,0.1551
2025-08-22 09:10:00,23700,PE,193.41,195.54,192.95,193.31,0,25863,0.1577
2025-08-22 09:10:00,23750,CE,636.86,652.78,628.35,634.84,0,25512,0.1577
2025-08-22 09:10:00,23750,PE,194.77,194.67,193.0,193.19,0,25870,0.155
2025-08-22 09:10:00,23800,CE,592.28,598.72,586.92,595.99,0,29841,0.1578
2025-08-22 09:10:00,23800,PE,171.0,174.0,171.09,171.55,0,29468,0.16
2025-08-22 09:10:00,23850,CE,536.64,543.94,530.27,535.65,0,29543,0.1572
2025-08-22 09:10:00,23850,PE,194.49,194.28,192.55,193.8,0,28854,0.156
2025-08-22 09:10:00,23900,CE,467.95,476.7,465.33,469.47,0,31181,0.1561
2025-08-22 09:10:00,23900,PE,184.54,187.04,184.72,184.73,0,32129,0.157
2025-08-22 09:10:00,23950,CE,439.42,446.56,437.76,442.33,0,34642,0.1593
2025-08-22 09:10:00,23950,PE,172.53,176.32,175.91,176.11,0,33111,0.1572
2025-08-22 09:10:00,24000,CE,355.57,362.64,357.54,361.03,0,35425,0.1544
2025-08-22 09:10:00,24000,PE,181.87,183.59,179.35,181.09,0,37143,0.1546
2025-08-22 09:10:00,24050,CE,326.13,331.98,316.79,323.21,0,41630,0.1562
2025-08-22 09:10:00,24050,PE,183.67,186.1,184.08,184.93,0,39050,0.1563
2025-08-22 09:10:00,24100,CE,290.24,292.83,285.48,287.4,0,43987,0.1561
2025-08-22 09:10:00,24100,PE,180.59,184.58,179.92,180.04,0,43000,0.1566
2025-08-22 09:10:00,24150,CE,231.3,232.6,227.6,228.9,0,48075,0.1566
2025-08-22 09:10:00,24150,PE,177.11,180.7,177.84,177.92,0,49555,0.1553
2025-08-22 09:10:00,24200,CE,185.13,186.37,183.7,183.97,0,54144,0.1561
2025-08-22 09:10:00,24200,PE,177.94,181.92,179.13,179.86,0,54055,0.1581
2025-08-22 09:10:00,24250,CE,198.18,195.27,193.84,195.19,0,51089,0.1561
2025-08-22 09:10:00,24250,PE,225.71,229.56,224.61,225.95,0,47796,0.1552
2025-08-22 09:10:00,24300,CE,188.5,192.28,185.27,189.36,0,43111,0.1587
2025-08-22 09:10:00,24300,PE,280.64,286.19,284.02,284.49,0,46073,0.1592
2025-08-22 09:10:00,24350,CE,187.4,188.72,186.2,186.81,0,40641,0.1562
2025-08-22 09:10:00,24350,PE,341.8,344.82,340.16,343.11,0,38613,0.1572
2025-08-22 09:10:00,24400,CE,195.71,196.22,191.98,195.02,0,36861,0.157
2025-08-22 09:10:00,24400,PE,372.19,374.0,370.64,373.91,0,37422,0.1555
2025-08-22 09:10:00,24450,CE,189.65,193.34,190.11,191.37,0,33387,0.158
2025-08-22 09:10:00,24450,PE,446.01,442.33,434.75,438.53,0,34568,0.155
2025-08-22 09:10:00,24500,CE,188.64,193.56,189.62,189.81,0,32570,0.1548
2025-08-22 09:10:00,24500,PE,474.22,488.06,476.1,481.3,0,30978,0.1554
2025-08-22 09:10:00,24550,CE,189.93,195.0,187.77,190.14,0,31140,0.1576
2025-08-22 09:10:00,24550,PE,536.03,539.98,534.78,538.61,0,29702,0.1592
2025-08-22 09:10:00,24600,CE,173.98,181.13,177.18,177.62,0,29914,0.1586
2025-08-22 09:10:00,24600,PE,571.97,574.38,571.32,572.28,0,26411,0.157
2025-08-22 09:10:00,24650,CE,188.04,188.16,184.36,187.45,0,25738,0.1577
2025-08-22 09:10:00,24650,PE,645.64,650.38,632.81,644.78,0,27327,0.1584
2025-08-22 09:10:00,24700,CE,181.05,180.67,178.88,180.07,0,26578,0.1568
2025-08-22 09:10:00,24700,PE,678.39,688.26,682.37,683.29,0,23885,0.155
2025-08-22 09:10:00,24750,CE,187.97,192.83,184.24,185.89,0,25627,0.1582
2025-08-22 09:10:00,24750,PE,740.72,749.83,737.06,742.26,0,22479,0.1597
2025-08-22 09:10:00,24800,CE,192.69,191.06,190.58,190.9,0,22204,0.1592
2025-08-22 09:10:00,24800,PE,796.73,793.02,789.8,792.34,0,21799,0.159
2025-08-22 09:10:00,24850,CE,174.63,178.95,173.69,175.64,0,21181,0.1545
2025-08-22 09:10:00,24850,PE,822.33,866.21,831.45,834.77,0,23093,0.1575
2025-08-22 09:10:00,24900,CE,184.85,185.04,183.44,184.56,0,21452,0.159
2025-08-22 09:10:00,24900,PE,863.83,886.15,879.53,880.33,0,21707,0.157
2025-08-22 09:15:00,23500,CE,868.57,884.27,876.36,880.52,135,31204,0.1378
2025-08-22 09:15:00,23500,PE,171.14,178.27,169.42,172.36,225,29434,0.1406
2025-08-22 09:15:00,23550,CE,809.81,821.09,810.64,812.2,375,30906,0.1397
2025-08-22 09:15:00,23550,PE,162.22,161.88,158.79,161.79,325,29809,0.1448
2025-08-22 09:15:00,23600,CE,764.0,780.01,767.27,777.07,369,33912,0.138
2025-08-22 09:15:00,23600,PE,166.37,166.05,164.41,165.15,225,31546,0.1387
2025-08-22 09:15:00,23650,CE,708.55,703.84,693.12,701.26,115,32333,0.1384
2025-08-22 09:15:00,23650,PE,159.34,160.71,158.31,159.21,464,34045,0.138
2025-08-22 09:15:00,23700,CE,664.23,671.9,658.45,664.16,142,35400,0.1392
2025-08-22 09:15:00,23700,PE,173.33,175.88,171.01,172.28,519,32868,0.1431
2025-08-22 09:15:00,23750,CE,643.9,643.46,631.11,642.52,52,36636,0.1403
2025-08-22 09:15:00,23750,PE,168.9,171.72,169.82,170.11,450,36159,0.1386
2025-08-22 09:15:00,23800,CE,582.3,574.77,566.09,568.94,601,41800,0.1408
2025-08-22 09:15:00,23800,PE,163.98,162.97,162.48,162.64,394,38992,0.1396
2025-08-22 09:15:00,23850,CE,532.11,539.33,532.94,535.28,45,44429,0.14
2025-08-22 09:15:00,23850,PE,168.29,168.39,167.46,168.37,706,42154,0.1426
2025-08-22 09:15:00,23900,CE,479.52,484.73,479.49,480.25,448,47220,0.1392
2025-08-22 09:15:00,23900,PE,164.84,167.96,163.06,165.9,598,43510,0.1407
2025-08-22 09:15:00,23950,CE,423.87,422.06,416.75,417.61,633,51965,0.1402
2025-08-22 09:15:00,23950,PE,166.62,165.83,164.56,165.21,705,49301,0.1393
2025-08-22 09:15:00,24000,CE,359.68,362.91,357.29,360.57,547,52355,0.1416
2025-08-22 09:15:00,24000,PE,162.52,162.15,159.24,159.75,686,52245,0.1418
2025-08-22 09:15:00,24050,CE,330.67,339.35,332.31,334.15,405,57618,0.1405
2025-08-22 09:15:00,24050,PE,161.57,165.29,161.6,161.96,397,58228,0.1406
2025-08-22 09:15:00,24100,CE,273.4,276.29,271.06,272.14,127,66690,0.1376
2025-08-22 09:15:00,24100,PE,172.18,170.69,167.83,170.08,584,68082,0.1389
2025-08-22 09:15:00,24150,CE,224.47,225.04,223.02,223.8,290,74290,0.1385
2025-08-22 09:15:00,24150,PE,172.41,176.44,173.52,174.27,287,73558,0.1384
2025-08-22 09:15:00,24200,CE,172.68,179.09,174.01,174.54,875,83025,0.1383
2025-08-22 09:15:00,24200,PE,154.67,154.73,152.69,154.24,1158,85303,0.1386
2025-08-22 09:15:00,24250,CE,164.01,169.14,166.95,167.65,511,77989,0.1412
2025-08-22 09:15:00,24250,PE,216.24,216.84,211.99,215.82,309,74650,0.1421
2025-08-22 09:15:00,24300,CE,166.38,163.65,161.68,163.25,433,70179,0.1409
2025-08-22 09:15:00,24300,PE,260.5,263.57,259.6,260.78,179,66829,0.1405
2025-08-22 09:15:00,24350,CE,171.85,178.05,171.36,173.69,515,62513,0.1426
2025-08-22 09:15:00,24350,PE,318.63,320.68,307.66,320.54,587,63513,0.1424
2025-08-22 09:15:00,24400,CE,162.03,160.59,157.46,160.2,790,56415,0.1409
2025-08-22 09:15:00,24400,PE,359.74,361.98,357.22,359.67,803,53163,0.1418
2025-08-22 09:15:00,24450,CE,153.83,156.64,154.15,155.2,439,51110,0.1403
2025-08-22 09:15:00,24450,PE,413.61,414.06,409.46,411.54,212,48306,0.1407
2025-08-22 09:15:00,24500,CE,152.72,155.95,153.19,154.2,131,48437,0.1389
2025-08-22 09:15:00,24500,PE,452.4,459.58,444.18,448.81,580,45390,0.138
2025-08-22 09:15:00,24550,CE,149.91,153.15,151.44,152.14,597,44538,0.1387
2025-08-22 09:15:00,24550,PE,498.43,503.25,498.84,500.68,660,45827,0.142
2025-08-22 09:15:00,24600,CE,170.75,170.22,169.2,170.13,658,38562,0.1399
2025-08-22 09:15:00,24600,PE,550.29,554.43,550.38,554.13,576,39833,0.1405
2025-08-22 09:15:00,24650,CE,168.9,171.81,169.14,170.11,286,38828,0.1417
2025-08-22 09:15:00,24650,PE,609.86,615.69,607.65,608.34,422,37463,0.142
2025-08-22 09:15:00,24700,CE,172.26,174.98,168.91,171.34,648,33762,0.1407
2025-08-22 09:15:00,24700,PE,670.72,656.75,645.37,653.65,72,32888,0.1407
2025-08-22 09:15:00,24750,CE,170.56,172.54,171.41,172.37,497,33169,0.1426
2025-08-22 09:15:00,24750,PE,703.47,709.38,693.12,702.07,272,34625,0.1398
2025-08-22 09:15:00,24800,CE,171.25,168.68,167.33,167.68,255,32397,0.1392
2025-08-22 09:15:00,24800,PE,743.38,755.92,751.07,751.44,42,29891,0.1416
2025-08-22 09:15:00,24850,CE,165.91,166.12,163.08,164.63,506,30061,0.1371
2025-08-22 09:15:00,24850,PE,827.17,828.06,815.33,816.49,98,29573,0.1405
2025-08-22 09:15:00,24900,CE,177.12,179.96,177.85,177.93,178,27556,0.1377
2025-08-22 09:15:00,24900,PE,874.45,881.37,869.39,876.1,157,30286,0.1391
2025-08-22 09:20:00,23500,CE,889.0,897.14,889.1,894.16,60,30975,0.1426
2025-08-22 09:20:00,23500,PE,177.42,177.81,176.18,177.29,236,29482,0.1462
2025-08-22 09:20:00,23550,CE,861.54,859.18,853.71,854.39,460,31413,0.1383
2025-08-22 09:20:00,23550,PE,157.51,157.11,156.66,156.84,161,29856,0.1393
2025-08-22 09:20:00,23600,CE,793.59,820.7,780.67,789.07,21,34052,0.1377
2025-08-22 09:20:00,23600,PE,162.04,161.33,160.61,160.65,91,31033,0.1426
2025-08-22 09:20:00,23650,CE,750.81,752.7,740.41,750.16,394,31946,0.1437
2025-08-22 09:20:00,23650,PE,178.76,180.16,179.26,179.75,283,33566,0.1448
2025-08-22 09:20:00,23700,CE,700.96,696.97,689.28,695.61,464,35717,0.1399
2025-08-22 09:20:00,23700,PE,160.77,162.48,159.19,160.47,360,33271,0.1416
2025-08-22 09:20:00,23750,CE,638.78,652.31,636.74,640.58,294,36259,0.1365
2025-08-22 09:20:00,23750,PE,168.82,170.29,169.24,169.62,108,35822,0.1392
2025-08-22 09:20:00,23800,CE,587.08,599.62,586.94,593.57,150,41587,0.1407
2025-08-22 09:20:00,23800,PE,173.16,172.18,170.06,171.81,160,39101,0.1381
2025-08-22 09:20:00,23850,CE,554.36,562.58,555.26,560.86,123,44575,0.1412
2025-08-22 09:20:00,23850,PE,175.41,179.21,173.8,175.55,262,42378,0.1433
2025-08-22 09:20:00,23900,CE,490.24,499.77,484.53,488.58,428,47706,0.1381
2025-08-22 09:20:00,23900,PE,164.5,165.95,161.64,164.26,369,43264,0.1404
2025-08-22 09:20:00,23950,CE,443.64,442.61,433.46,439.56,534,52155,0.1412
2025-08-22 09:20:00,23950,PE,161.42,164.83,161.45,161.77,402,49372,0.1375
2025-08-22 09:20:00,24000,CE,406.61,409.39,403.52,404.47,472,52122,0.1426
2025-08-22 09:20:00,24000,PE,171.7,169.83,167.07,168.94,320,52733,0.1434
2025-08-22 09:20:00,24050,CE,347.96,348.87,344.41,347.63,744,57132,0.1446
2025-08-22 09:20:00,24050,PE,157.5,161.28,159.26,159.82,1052,58482,0.1383
2025-08-22 09:20:00,24100,CE,289.98,295.16,288.27,291.52,80,66963,0.1435
2025-08-22 09:20:00,24100,PE,158.19,162.96,157.72,157.9,731,68580,0.1386
2025-08-22 09:20:00,24150,CE,253.54,255.38,251.0,253.74,696,74312,0.1448
2025-08-22 09:20:00,24150,PE,162.83,163.46,160.54,163.33,456,73343,0.1412
2025-08-22 09:20:00,24200,CE,196.92,197.05,193.23,196.25,1015,83418,0.1365
2025-08-22 09:20:00,24200,PE,167.58,170.26,165.88,166.14,1451,85627,0.1383
2025-08-22 09:20:00,24250,CE,153.56,156.79,152.36,152.78,1032,77989,0.1378
2025-08-22 09:20:00,24250,PE,183.38,187.29,184.18,185.3,587,74971,0.1426
2025-08-22 09:20:00,24300,CE,177.68,180.98,177.69,178.01,472,69900,0.1433
2025-08-22 09:20:00,24300,PE,231.27,240.68,229.55,229.91,1248,66936,0.1431
2025-08-22 09:20:00,24350,CE,166.29,167.73,166.72,167.48,457,62951,0.143
2025-08-22 09:20:00,24350,PE,287.14,287.71,284.66,285.82,1208,63294,0.1408
2025-08-22 09:20:00,24400,CE,160.64,163.89,161.64,162.0,589,56395,0.1386
2025-08-22 09:20:00,24400,PE,337.28,343.15,336.49,338.79,787,53704,0.1401
2025-08-22 09:20:00,24450,CE,160.96,160.46,158.77,159.62,557,51467,0.1388
2025-08-22 09:20:00,24450,PE,376.67,379.77,375.95,376.49,604,48770,0.14
2025-08-22 09:20:00,24500,CE,160.61,163.66,160.46,161.16,377,48299,0.1376
2025-08-22 09:20:00,24500,PE,424.92,430.29,423.63,424.62,393,45985,0.1391
2025-08-22 09:20:00,24550,CE,153.17,153.87,152.3,152.81,516,44121,0.1386
2025-08-22 09:20:00,24550,PE,477.28,489.73,480.13,480.34,47,45849,0.1394
2025-08-22 09:20:00,24600,CE,169.74,170.71,169.09,169.47,623,38537,0.1427
2025-08-22 09:20:00,24600,PE,517.89,526.18,523.38,526.08,437,40191,0.1383
2025-08-22 09:20:00,24650,CE,175.41,177.4,173.86,176.3,375,39318,0.1391
2025-08-22 09:20:00,24650,PE,585.1,595.86,590.57,591.07,461,37740,0.1391
2025-08-22 09:20:00,24700,CE,184.16,188.63,182.51,184.85,524,33914,0.1423
2025-08-22 09:20:00,24700,PE,628.64,646.83,636.64,636.85,43,32800,0.1394
2025-08-22 09:20:00,24750,CE,181.02,182.7,180.91,181.19,97,33181,0.1409
2025-08-22 09:20:00,24750,PE,693.26,699.13,687.71,690.86,98,34636,0.142
2025-08-22 09:20:00,24800,CE,162.4,164.0,160.96,161.44,208,31821,0.1332
2025-08-22 09:20:00,24800,PE,733.82,740.35,729.49,739.16,82,29894,0.1369
2025-08-22 09:20:00,24850,CE,159.25,161.94,159.74,160.71,52,30488,0.1363
2025-08-22 09:20:00,24850,PE,789.68,785.11,776.6,779.87,424,29824,0.1367
2025-08-22 09:20:00,24900,CE,152.54,154.57,151.93,152.2,97,27910,0.1392
2025-08-22 09:20:00,24900,PE,849.61,846.12,836.91,845.87,337,30154,0.1414
2025-08-22 09:25:00,23500,CE,927.31,928.16,914.91,920.78,8,31009,0.1394
2025-08-22 09:25:00,23500,PE,169.4,172.47,168.76,169.3,385,28922,0.1411
2025-08-22 09:25:00,23550,CE,868.45,876.26,862.01,872.72,34,31272,0.1405
2025-08-22 09:25:00,23550,PE,172.27,174.36,172.75,173.09,263,29825,0.1393
2025-08-22 09:25:00,23600,CE,811.39,833.02,820.66,821.12,232,33758,0.1373
2025-08-22 09:25:00,23600,PE,162.16,166.99,161.37,161.49,40,30470,0.1409
2025-08-22 09:25:00,23650,CE,780.35,795.12,781.83,788.45,64,32174,0.143
2025-08-22 09:25:00,23650,PE,179.52,179.54,177.59,178.69,445,33488,0.1439
2025-08-22 09:25:00,23700,CE,731.46,733.3,723.05,726.25,55,35615,0.1436
2025-08-22 09:25:00,23700,PE,142.31,143.94,141.94,142.29,589,32970,0.1368
2025-08-22 09:25:00,23750,CE,656.42,664.95,657.36,659.51,317,36304,0.138
2025-08-22 09:25:00,23750,PE,161.38,162.96,160.85,161.87,216,35747,0.1424
2025-08-22 09:25:00,23800,CE,621.04,625.32,616.68,618.65,326,41555,0.1399
2025-08-22 09:25:00,23800,PE,160.68,162.96,160.2,162.53,491,39198,0.141
2025-08-22 09:25:00,23850,CE,569.22,580.15,573.82,578.79,50,43982,0.1443
2025-08-22 09:25:00,23850,PE,183.05,184.51,178.5,181.94,306,42867,0.1433
2025-08-22 09:25:00,23900,CE,545.73,547.85,533.08,538.0,41,47191,0.1438
2025-08-22 09:25:00,23900,PE,156.34,158.2,155.03,156.51,538,43205,0.1406
2025-08-22 09:25:00,23950,CE,483.14,481.96,475.48,477.19,207,51803,0.1381
2025-08-22 09:25:00,23950,PE,168.73,168.49,167.77,168.04,572,49400,0.1372
2025-08-22 09:25:00,24000,CE,412.78,423.61,409.42,414.01,601,51858,0.1389
2025-08-22 09:25:00,24000,PE,164.53,166.58,163.14,164.1,498,53165,0.1416
2025-08-22 09:25:00,24050,CE,378.78,379.58,371.32,374.9,337,57007,0.1399
2025-08-22 09:25:00,24050,PE,166.9,165.34,162.88,165.21,182,58648,0.1419
2025-08-22 09:25:00,24100,CE,323.95,326.55,322.51,322.9,55,66661,0.1444
2025-08-22 09:25:00,24100,PE,161.42,165.69,162.87,163.0,824,68003,0.1401
2025-08-22 09:25:00,24150,CE,271.82,283.15,270.12,272.51,1283,74196,0.1382
2025-08-22 09:25:00,24150,PE,167.0,169.28,165.44,168.28,529,73386,0.1452
2025-08-22 09:25:00,24200,CE,218.44,223.8,216.37,219.47,961,83369,0.1397
2025-08-22 09:25:00,24200,PE,159.87,162.83,160.73,160.89,1321,86181,0.1386
2025-08-22 09:25:00,24250,CE,181.2,179.8,179.36,179.74,373,78237,0.1411
2025-08-22 09:25:00,24250,PE,174.71,177.71,174.74,175.98,547,75565,0.1399
2025-08-22 09:25:00,24300,CE,165.99,168.09,165.1,165.24,414,69654,0.1398
2025-08-22 09:25:00,24300,PE,200.81,202.81,199.35,201.32,1122,67282,0.1373
2025-08-22 09:25:00,24350,CE,179.66,181.41,180.11,180.38,192,63017,0.1424
2025-08-22 09:25:00,24350,PE,266.69,272.02,265.79,267.99,480,63428,0.1421
2025-08-22 09:25:00,24400,CE,163.05,164.78,162.23,162.68,670,56978,0.1385
2025-08-22 09:25:00,24400,PE,310.42,312.53,310.3,312.07,1111,53888,0.1409
2025-08-22 09:25:00,24450,CE,173.6,174.53,171.79,172.96,727,51945,0.1415
2025-08-22 09:25:00,24450,PE,343.82,349.38,339.4,345.54,209,49040,0.1425
2025-08-22 09:25:00,24500,CE,172.59,174.44,171.33,172.36,745,47851,0.1387
2025-08-22 09:25:00,24500,PE,412.91,416.21,410.63,411.97,848,46224,0.1386
2025-08-22 09:25:00,24550,CE,178.69,178.72,175.48,177.5,313,44102,0.1435
2025-08-22 09:25:00,24550,PE,451.92,460.53,451.49,454.27,436,46351,0.1388
2025-08-22 09:25:00,24600,CE,165.01,165.72,164.35,165.33,781,38905,0.14
2025-08-22 09:25:00,24600,PE,491.24,494.71,493.35,494.05,530,39715,0.1386
2025-08-22 09:25:00,24650,CE,170.88,173.85,169.0,171.37,683,38878,0.1402
2025-08-22 09:25:00,24650,PE,564.8,577.04,563.89,570.97,134,37223,0.142
2025-08-22 09:25:00,24700,CE,165.87,169.66,165.59,166.28,658,33905,0.1423
2025-08-22 09:25:00,24700,PE,602.22,611.19,594.76,597.5,172,32296,0.1398
2025-08-22 09:25:00,24750,CE,159.03,159.5,157.1,158.51,273,33449,0.1412
2025-08-22 09:25:00,24750,PE,661.93,675.74,662.18,663.08,645,34698,0.1423
2025-08-22 09:25:00,24800,CE,156.32,157.5,156.24,156.68,373,32224,0.1401
2025-08-22 09:25:00,24800,PE,687.43,709.05,691.53,698.65,550,29629,0.1405
2025-08-22 09:25:00,24850,CE,164.21,164.72,162.07,164.38,569,30510,0.1412
2025-08-22 09:25:00,24850,PE,763.96,760.78,758.11,759.7,534,29364,0.1412
2025-08-22 09:25:00,24900,CE,153.99,156.42,156.0,156.27,60,28371,0.1385
2025-08-22 09:25:00,24900,PE,811.98,806.18,786.68,799.66,368,29764,0.1399
2025-08-22 09:30:00,23500,CE,858.18,855.24,847.84,852.11,461,30531,0.14
2025-08-22 09:30:00,23500,PE,156.97,158.19,155.34,155.74,354,28568,0.1402
2025-08-22 09:30:00,23550,CE,820.11,822.59,798.39,812.37,46,31639,0.1429
2025-08-22 09:30:00,23550,PE,163.39,164.57,161.87,162.54,461,29351,0.1425
2025-08-22 09:30:00,23600,CE,762.2,765.03,756.65,764.01,61,33895,0.1432
2025-08-22 09:30:00,23600,PE,169.32,168.69,166.71,168.16,25,30765,0.1411
2025-08-22 09:30:00,23650,CE,704.61,706.3,688.59,702.8,558,32475,0.1405
2025-08-22 09:30:00,23650,PE,170.4,169.86,167.66,168.55,148,33116,0.14
2025-08-22 09:30:00,23700,CE,674.76,670.31,659.21,668.31,444,35088,0.1414
2025-08-22 09:30:00,23700,PE,171.96,178.32,171.46,173.14,353,32908,0.1424
2025-08-22 09:30:00,23750,CE,617.11,623.54,600.4,607.24,519,35946,0.141
2025-08-22 09:30:00,23750,PE,170.52,174.09,168.61,171.06,531,35986,0.139
2025-08-22 09:30:00,23800,CE,559.1,555.46,549.4,555.34,187,41383,0.1436
2025-08-22 09:30:00,23800,PE,170.43,171.91,169.25,170.93,60,39137,0.145
2025-08-22 09:30:00,23850,CE,504.34,506.71,493.88,494.1,219,43518,0.1383
2025-08-22 09:30:00,23850,PE,161.92,162.42,159.87,160.8,457,42948,0.1388
2025-08-22 09:30:00,23900,CE,461.79,473.67,460.91,465.55,88,46813,0.1416
2025-08-22 09:30:00,23900,PE,165.25,173.11,163.96,165.11,85,43419,0.1394
2025-08-22 09:30:00,23950,CE,405.82,407.29,402.42,405.91,335,51288,0.1418
2025-08-22 09:30:00,23950,PE,162.46,163.89,161.22,163.21,196,49971,0.1389
2025-08-22 09:30:00,24000,CE,351.1,352.12,343.99,346.97,284,52079,0.1376
2025-08-22 09:30:00,24000,PE,172.42,174.58,170.9,172.06,507,52783,0.1373
2025-08-22 09:30:00,24050,CE,303.07,309.16,299.86,302.04,379,56423,0.1417
2025-08-22 09:30:00,24050,PE,163.06,163.29,161.98,163.08,892,58449,0.1443
2025-08-22 09:30:00,24100,CE,262.85,263.42,261.17,263.34,684,66244,0.1365
2025-08-22 09:30:00,24100,PE,172.23,173.63,173.07,173.33,1115,67665,0.1407
2025-08-22 09:30:00,24150,CE,203.24,202.26,198.08,200.34,894,74643,0.1393
2025-08-22 09:30:00,24150,PE,165.17,165.67,162.92,164.99,1119,73509,0.1378
2025-08-22 09:30:00,24200,CE,160.89,163.63,159.34,160.44,1560,82980,0.1403
2025-08-22 09:30:00,24200,PE,170.74,169.73,168.2,169.41,1691,86248,0.141
2025-08-22 09:30:00,24250,CE,159.54,161.28,158.13,158.42,626,77943,0.1379
2025-08-22 09:30:00,24250,PE,219.56,218.44,212.98,217.49,1117,76136,0.1397
2025-08-22 09:30:00,24300,CE,167.72,169.19,167.78,169.16,902,69093,0.1417
2025-08-22 09:30:00,24300,PE,264.85,266.99,264.66,264.9,620,67560,0.1391
2025-08-22 09:30:00,24350,CE,166.08,167.49,166.76,167.08,468,63344,0.139
2025-08-22 09:30:00,24350,PE,320.29,327.23,319.88,320.53,818,62908,0.1416
2025-08-22 09:30:00,24400,CE,172.99,174.14,169.33,172.08,582,56584,0.1414
2025-08-22 09:30:00,24400,PE,364.63,369.36,363.8,368.72,510,53749,0.14
2025-08-22 09:30:00,24450,CE,164.16,163.57,161.22,161.82,757,52386,0.1385
2025-08-22 09:30:00,24450,PE,427.62,433.6,420.24,424.45,439,49084,0.1396
2025-08-22 09:30:00,24500,CE,167.09,171.32,169.88,170.64,540,48037,0.1435
2025-08-22 09:30:00,24500,PE,463.64,470.79,456.79,465.98,547,46563,0.1406
2025-08-22 09:30:00,24550,CE,159.96,160.77,158.69,159.99,773,44495,0.14
2025-08-22 09:30:00,24550,PE,522.46,527.94,524.83,526.22,117,46322,0.1382
2025-08-22 09:30:00,24600,CE,152.33,155.37,152.51,153.36,343,38915,0.135
2025-08-22 09:30:00,24600,PE,574.24,586.48,574.03,578.39,391,39976,0.1403
2025-08-22 09:30:00,24650,CE,174.2,179.22,173.47,175.6,292,38594,0.1402
2025-08-22 09:30:00,24650,PE,624.15,627.2,613.11,625.66,317,37648,0.1406
2025-08-22 09:30:00,24700,CE,164.57,163.78,162.6,163.42,205,33329,0.1367
2025-08-22 09:30:00,24700,PE,672.97,676.24,664.08,674.97,622,31930,0.1399
2025-08-22 09:30:00,24750,CE,168.89,171.16,168.52,169.12,364,33809,0.1386
2025-08-22 09:30:00,24750,PE,741.17,749.88,731.25,738.04,171,34506,0.1398
2025-08-22 09:30:00,24800,CE,165.2,166.32,164.77,165.07,165,31803,0.1386
2025-08-22 09:30:00,24800,PE,760.59,778.34,768.17,773.06,94,29253,0.1392
2025-08-22 09:30:00,24850,CE,159.95,161.47,158.67,159.26,249,30546,0.1426
2025-08-22 09:30:00,24850,PE,839.61,829.5,827.63,829.06,17,29779,0.1441
2025-08-22 09:30:00,24900,CE,169.17,170.49,169.19,169.3,345,27855,0.1447
2025-08-22 09:30:00,24900,PE,878.55,896.6,867.7,870.19,428,29200,0.1436
2025-08-22 09:35:00,23500,CE,843.08,847.55,838.5,839.34,299,30489,0.1411
2025-08-22 09:35:00,23500,PE,153.85,154.13,151.72,153.9,269,29115,0.1418
2025-08-22 09:35:00,23550,CE,789.95,793.67,787.79,791.16,516,31373,0.1397
2025-08-22 09:35:00,23550,PE,156.86,159.24,155.59,157.41,326,29902,0.1428
2025-08-22 09:35:00,23600,CE,740.24,750.04,734.95,739.68,432,34360,0.1363
2025-08-22 09:35:00,23600,PE,178.28,181.69,177.0,178.11,261,30504,0.144
2025-08-22 09:35:00,23650,CE,674.23,680.53,672.56,676.12,324,32855,0.1398
2025-08-22 09:35:00,23650,PE,163.37,166.62,163.45,164.76,582,33339,0.1418
2025-08-22 09:35:00,23700,CE,631.89,649.95,634.25,640.3,475,35102,0.1401
2025-08-22 09:35:00,23700,PE,155.43,160.93,155.14,155.65,221,32815,0.1401
2025-08-22 09:35:00,23750,CE,577.73,581.97,576.73,578.65,362,36324,0.1377
2025-08-22 09:35:00,23750,PE,159.7,161.91,159.77,160.67,402,36337,0.1397
2025-08-22 09:35:00,23800,CE,533.72,534.88,525.35,530.47,33,41691,0.1385
2025-08-22 09:35:00,23800,PE,169.83,168.54,167.34,168.39,397,39734,0.143
2025-08-22 09:35:00,23850,CE,488.81,491.62,486.81,488.31,401,43492,0.144
2025-08-22 09:35:00,23850,PE,170.77,169.41,166.19,167.37,118,43316,0.1395
2025-08-22 09:35:00,23900,CE,424.22,427.44,417.52,426.14,644,47247,0.1374
2025-08-22 09:35:00,23900,PE,166.35,166.98,165.44,166.44,98,43072,0.1383
2025-08-22 09:35:00,23950,CE,401.5,413.83,391.99,398.52,883,50738,0.1387
2025-08-22 09:35:00,23950,PE,172.88,178.94,174.21,175.81,518,49856,0.1389
2025-08-22 09:35:00,24000,CE,322.85,328.17,324.97,325.0,1049,52507,0.1381
2025-08-22 09:35:00,24000,PE,163.7,163.58,162.88,163.48,1003,52529,0.1363
2025-08-22 09:35:00,24050,CE,285.26,290.69,284.91,286.91,746,56663,0.1423
2025-08-22 09:35:00,24050,PE,176.27,178.98,176.23,177.65,1216,57857,0.1431
2025-08-22 09:35:00,24100,CE,247.72,247.01,241.61,246.81,1405,66070,0.143
2025-08-22 09:35:00,24100,PE,162.44,160.84,160.7,160.83,205,67803,0.1381
2025-08-22 09:35:00,24150,CE,177.53,175.51,173.36,174.15,1318,74198,0.1384
2025-08-22 09:35:00,24150,PE,164.76,166.51,162.85,163.93,95,73984,0.1422
2025-08-22 09:35:00,24200,CE,163.02,172.21,165.64,167.63,1517,82567,0.14
2025-08-22 09:35:00,24200,PE,182.07,185.03,183.71,183.83,1470,86739,0.1394
2025-08-22 09:35:00,24250,CE,161.16,164.27,159.42,159.93,1393,77602,0.1347
2025-08-22 09:35:00,24250,PE,234.55,237.47,233.36,236.07,817,76729,0.1433
2025-08-22 09:35:00,24300,CE,168.96,172.36,170.54,170.61,1107,69218,0.1436
2025-08-22 09:35:00,24300,PE,302.23,306.51,303.91,305.25,257,67061,0.1416
2025-08-22 09:35:00,24350,CE,178.02,176.64,172.88,175.72,296,62822,0.1416
2025-08-22 09:35:00,24350,PE,340.55,349.81,342.17,345.53,227,62397,0.1383
2025-08-22 09:35:00,24400,CE,167.59,168.77,164.99,165.67,754,56691,0.1404
2025-08-22 09:35:00,24400,PE,391.82,396.93,390.5,395.93,517,54120,0.1412
2025-08-22 09:35:00,24450,CE,161.75,164.68,161.4,162.9,376,52269,0.1419
2025-08-22 09:35:00,24450,PE,443.27,456.39,440.92,442.82,197,49017,0.1409
2025-08-22 09:35:00,24500,CE,157.75,159.69,154.99,156.02,154,48144,0.1363
2025-08-22 09:35:00,24500,PE,503.7,507.13,501.26,503.74,820,46602,0.1418
2025-08-22 09:35:00,24550,CE,169.73,174.28,171.06,171.66,236,44720,0.1404
2025-08-22 09:35:00,24550,PE,534.89,545.22,539.14,543.21,625,46288,0.1397
2025-08-22 09:35:00,24600,CE,156.39,159.58,156.74,157.03,185,39171,0.1387
2025-08-22 09:35:00,24600,PE,600.83,592.48,582.69,592.36,141,40572,0.1411
2025-08-22 09:35:00,24650,CE,164.07,164.03,159.9,162.72,216,38414,0.1392
2025-08-22 09:35:00,24650,PE,648.19,654.63,646.16,647.75,482,37062,0.1449
2025-08-22 09:35:00,24700,CE,160.8,161.28,159.0,159.18,133,32879,0.1377
2025-08-22 09:35:00,24700,PE,682.44,693.78,687.08,688.62,248,31994,0.1407
2025-08-22 09:35:00,24750,CE,155.65,155.22,153.68,154.19,112,33622,0.1375
2025-08-22 09:35:00,24750,PE,727.09,728.13,716.11,726.89,451,35033,0.1382
2025-08-22 09:35:00,24800,CE,152.93,153.42,149.97,151.07,16,31955,0.1372
2025-08-22 09:35:00,24800,PE,782.14,803.31,784.72,791.3,22,29277,0.1412
2025-08-22 09:35:00,24850,CE,165.23,170.22,167.14,167.74,459,30903,0.1382
2025-08-22 09:35:00,24850,PE,847.3,848.4,832.37,834.36,127,29489,0.1368
2025-08-22 09:35:00,24900,CE,159.61,160.55,158.4,159.11,390,28238,0.1415
2025-08-22 09:35:00,24900,PE,892.88,913.3,878.44,895.39,145,28603,0.143
2025-08-22 09:40:00,23500,CE,808.05,803.02,799.78,802.37,246,30632,0.1399
2025-08-22 09:40:00,23500,PE,161.15,159.05,157.13,158.37,246,29636,0.1376
2025-08-22 09:40:00,23550,CE,737.8,770.44,740.91,748.39,470,31718,0.1381
2025-08-22 09:40:00,23550,PE,163.3,163.68,162.25,162.69,20,30326,0.1396
2025-08-22 09:40:00,23600,CE,708.17,714.28,695.29,698.96,463,34236,0.1408
2025-08-22 09:40:00,23600,PE,178.2,181.14,177.03,177.77,364,30893,0.1457
2025-08-22 09:40:00,23650,CE,654.33,660.27,652.03,655.1,591,32915,0.1408
2025-08-22 09:40:00,23650,PE,166.29,167.7,165.58,165.63,37,33481,0.1382
2025-08-22 09:40:00,23700,CE,609.62,613.7,609.32,612.0,477,34572,0.1417
2025-08-22 09:40:00,23700,PE,164.04,164.71,162.57,164.07,571,32456,0.1366
2025-08-22 09:40:00,23750,CE,550.44,557.44,548.73,551.09,667,36385,0.1373
2025-08-22 09:40:00,23750,PE,154.35,155.7,152.42,154.74,249,35807,0.1372
2025-08-22 09:40:00,23800,CE,514.41,517.27,508.72,513.17,27,41980,0.1406
2025-08-22 09:40:00,23800,PE,158.36,161.17,158.39,159.24,313,40142,0.1388
2025-08-22 09:40:00,23850,CE,451.84,464.35,451.96,454.65,214,43996,0.1397
2025-08-22 09:40:00,23850,PE,175.25,177.95,174.0,176.54,829,42838,0.1408
2025-08-22 09:40:00,23900,CE,410.35,419.22,410.16,412.48,630,47774,0.1385
2025-08-22 09:40:00,23900,PE,163.81,167.81,165.37,165.74,322,42553,0.1405
2025-08-22 09:40:00,23950,CE,343.11,354.52,345.18,346.54,937,50706,0.143
2025-08-22 09:40:00,23950,PE,166.71,165.81,164.04,164.37,45,50264,0.1394
2025-08-22 09:40:00,24000,CE,315.84,314.32,307.18,313.19,818,51991,0.1404
2025-08-22 09:40:00,24000,PE,167.63,169.97,168.99,169.4,323,51950,0.1405
2025-08-22 09:40:00,24050,CE,266.58,270.96,265.21,266.78,1298,56092,0.1387
2025-08-22 09:40:00,24050,PE,168.95,168.44,166.75,167.42,1085,57870,0.1402
2025-08-22 09:40:00,24100,CE,205.28,208.11,204.34,206.47,926,66443,0.1429
2025-08-22 09:40:00,24100,PE,161.51,163.82,159.79,162.01,1409,67355,0.138
2025-08-22 09:40:00,24150,CE,168.77,170.67,167.94,169.44,58,73747,0.1368
2025-08-22 09:40:00,24150,PE,178.94,179.82,176.56,179.61,1195,74066,0.1379
2025-08-22 09:40:00,24200,CE,175.09,172.78,170.3,170.54,146,82248,0.1394
2025-08-22 09:40:00,24200,PE,218.38,218.57,215.23,215.76,806,87015,0.1397
2025-08-22 09:40:00,24250,CE,175.39,175.84,173.15,174.85,456,78141,0.1399
2025-08-22 09:40:00,24250,PE,281.41,282.7,279.23,280.63,1280,77048,0.141
2025-08-22 09:40:00,24300,CE,160.34,163.23,158.65,159.03,529,69670,0.1441
2025-08-22 09:40:00,24300,PE,318.69,317.42,312.14,317.09,836,67084,0.1403
2025-08-22 09:40:00,24350,CE,162.94,164.56,163.35,163.65,464,63220,0.1396
2025-08-22 09:40:00,24350,PE,379.07,391.19,381.58,382.37,578,62016,0.1422
2025-08-22 09:40:00,24400,CE,164.41,166.2,165.09,165.3,929,56173,0.1376
2025-08-22 09:40:00,24400,PE,425.03,442.14,429.31,430.01,651,54307,0.1409
2025-08-22 09:40:00,24450,CE,168.12,170.84,166.88,169.14,504,51731,0.1391
2025-08-22 09:40:00,24450,PE,469.26,467.63,465.98,466.31,425,49487,0.1391
2025-08-22 09:40:00,24500,CE,166.64,168.44,165.67,167.37,197,48373,0.1392
2025-08-22 09:40:00,24500,PE,530.72,533.32,528.52,532.33,674,47144,0.1369
2025-08-22 09:40:00,24550,CE,168.57,171.06,167.98,168.14,380,44496,0.1352
2025-08-22 09:40:00,24550,PE,568.58,576.23,562.97,563.79,512,46271,0.1375
2025-08-22 09:40:00,24600,CE,168.56,168.22,163.68,166.11,428,39461,0.1393
2025-08-22 09:40:00,24600,PE,632.08,638.18,625.09,630.6,484,40263,0.1423
2025-08-22 09:40:00,24650,CE,161.48,166.02,163.07,165.03,482,38464,0.1429
2025-08-22 09:40:00,24650,PE,676.0,695.43,678.59,680.32,591,37253,0.1409
2025-08-22 09:40:00,24700,CE,164.42,167.0,163.32,164.97,533,33453,0.1408
2025-08-22 09:40:00,24700,PE,730.82,742.47,733.68,733.73,593,32287,0.1405
2025-08-22 09:40:00,24750,CE,178.84,179.15,177.59,178.09,340,33163,0.1394
2025-08-22 09:40:00,24750,PE,773.88,786.09,753.24,763.3,223,35003,0.1408
2025-08-22 09:40:00,24800,CE,168.08,167.93,163.35,167.27,418,32061,0.1412
2025-08-22 09:40:00,24800,PE,814.82,827.92,820.56,820.93,239,28852,0.14
2025-08-22 09:40:00,24850,CE,161.71,163.89,160.35,161.78,364,30821,0.1412
2025-08-22 09:40:00,24850,PE,878.13,896.66,866.22,879.93,26,29229,0.1411
2025-08-22 09:40:00,24900,CE,172.15,176.53,169.99,171.0,424,27780,0.1413
2025-08-22 09:40:00,24900,PE,929.84,930.11,918.71,928.99,200,28617,0.14
2025-08-22 09:45:00,23500,CE,771.25,770.14,764.75,768.86,55,30230,0.1435
2025-08-22 09:45:00,23500,PE,163.03,164.53,162.36,163.04,531,29744,0.1401
2025-08-22 09:45:00,23550,CE,701.5,703.13,685.08,702.59,133,31321,0.1366
2025-08-22 09:45:00,23550,PE,169.02,169.35,165.51,167.88,260,30594,0.1399
2025-08-22 09:45:00,23600,CE,666.42,679.94,662.51,666.7,467,33870,0.1376
2025-08-22 09:45:00,23600,PE,160.97,167.19,163.43,164.78,465,31368,0.1434
2025-08-22 09:45:00,23650,CE,622.74,631.95,621.65,627.83,162,32346,0.143
2025-08-22 09:45:00,23650,PE,171.52,169.73,169.13,169.47,652,33507,0.1429
2025-08-22 09:45:00,23700,CE,566.32,580.95,567.52,570.54,569,34356,0.142
2025-08-22 09:45:00,23700,PE,169.17,172.8,170.27,170.86,226,32126,0.1382
2025-08-22 09:45:00,23750,CE,533.47,535.25,530.67,533.14,181,36350,0.1441
2025-08-22 09:45:00,23750,PE,180.61,179.23,176.63,178.34,94,36217,0.1395
2025-08-22 09:45:00,23800,CE,471.98,479.86,475.43,475.68,443,42478,0.1393
2025-08-22 09:45:00,23800,PE,159.34,157.23,156.09,157.18,436,39905,0.1404
2025-08-22 09:45:00,23850,CE,412.64,420.58,416.7,417.73,488,43581,0.1383
2025-08-22 09:45:00,23850,PE,153.8,154.61,150.87,151.77,773,43102,0.1386
2025-08-22 09:45:00,23900,CE,374.51,379.61,371.79,373.08,166,47872,0.1411
2025-08-22 09:45:00,23900,PE,159.31,162.39,158.81,159.67,562,42194,0.1395
2025-08-22 09:45:00,23950,CE,323.44,323.94,319.76,322.41,157,51018,0.1411
2025-08-22 09:45:00,23950,PE,167.03,170.17,165.54,166.04,317,50286,0.1394
2025-08-22 09:45:00,24000,CE,271.74,275.17,268.81,271.93,337,52175,0.1416
2025-08-22 09:45:00,24000,PE,173.64,175.75,169.62,171.25,83,51781,0.14
2025-08-22 09:45:00,24050,CE,223.76,223.27,220.75,221.26,828,56018,0.1355
2025-08-22 09:45:00,24050,PE,176.08,176.1,174.41,174.98,923,57486,0.1409
2025-08-22 09:45:00,24100,CE,172.36,177.26,173.21,174.57,791,66750,0.1394
2025-08-22 09:45:00,24100,PE,166.2,166.34,165.69,165.81,604,66943,0.1396
2025-08-22 09:45:00,24150,CE,160.25,164.72,161.53,162.23,1324,74080,0.1392
2025-08-22 09:45:00,24150,PE,206.4,209.27,203.49,206.81,1068,74423,0.1405
2025-08-22 09:45:00,24200,CE,160.72,162.02,160.68,161.15,1054,82543,0.1408
2025-08-22 09:45:00,24200,PE,259.84,264.82,259.9,263.05,697,86438,0.1402
2025-08-22 09:45:00,24250,CE,172.47,175.82,173.65,174.33,716,77868,0.1431
2025-08-22 09:45:00,24250,PE,302.18,310.93,302.37,306.42,922,77010,0.1396
2025-08-22 09:45:00,24300,CE,158.93,158.82,157.61,158.18,962,69784,0.1415
2025-08-22 09:45:00,24300,PE,355.26,357.63,356.67,357.02,592,67587,0.1409
2025-08-22 09:45:00,24350,CE,164.43,164.26,161.98,164.07,463,63070,0.1421
2025-08-22 09:45:00,24350,PE,396.63,407.5,402.65,403.1,366,62466,0.1389
2025-08-22 09:45:00,24400,CE,166.51,166.95,163.63,165.94,665,55769,0.1415
2025-08-22 09:45:00,24400,PE,465.24,467.67,458.31,464.73,438,54152,0.1389
2025-08-22 09:45:00,24450,CE,169.09,171.23,169.94,170.23,525,51193,0.1423
2025-08-22 09:45:00,24450,PE,507.3,511.92,509.95,511.75,578,49777,0.1442
2025-08-22 09:45:00,24500,CE,159.09,163.34,160.49,160.73,178,47953,0.1427
2025-08-22 09:45:00,24500,PE,562.19,583.15,558.7,559.71,472,46852,0.1432
2025-08-22 09:45:00,24550,CE,153.41,154.83,153.95,154.62,653,44826,0.1392
2025-08-22 09:45:00,24550,PE,597.67,613.16,603.53,606.05,662,46312,0.1379
2025-08-22 09:45:00,24600,CE,170.88,174.06,169.5,170.96,609,38877,0.1412
2025-08-22 09:45:00,24600,PE,650.86,660.0,655.16,655.3,195,39665,0.1411
2025-08-22 09:45:00,24650,CE,171.27,173.01,169.0,170.8,415,38476,0.1385
2025-08-22 09:45:00,24650,PE,695.17,703.48,693.62,698.76,182,37018,0.1399
2025-08-22 09:45:00,24700,CE,169.44,170.17,165.18,168.24,372,33069,0.145
2025-08-22 09:45:00,24700,PE,754.5,765.28,748.07,753.61,299,32423,0.1414
2025-08-22 09:45:00,24750,CE,159.71,163.79,159.87,160.19,136,32837,0.1365
2025-08-22 09:45:00,24750,PE,815.17,814.25,805.57,805.87,197,35113,0.1395
2025-08-22 09:45:00,24800,CE,163.25,165.12,161.32,162.43,137,31916,0.1426
2025-08-22 09:45:00,24800,PE,844.06,856.78,845.9,852.29,283,28476,0.1408
2025-08-22 09:45:00,24850,CE,162.84,165.51,162.62,163.83,282,30386,0.1378
2025-08-22 09:45:00,24850,PE,905.19,915.84,908.18,910.14,76,28913,0.1404
2025-08-22 09:45:00,24900,CE,156.44,158.34,156.82,157.88,139,27215,0.1398
2025-08-22 09:45:00,24900,PE,967.61,985.51,943.56,959.59,449,28386,0.1389
2025-08-22 09:50:00,23500,CE,765.96,760.4,752.45,760.11,453,30712,0.1376
2025-08-22 09:50:00,23500,PE,167.94,168.17,164.53,166.93,451,30141,0.1414
2025-08-22 09:50:00,23550,CE,735.09,746.41,728.13,736.65,68,31167,0.1418
2025-08-22 09:50:00,23550,PE,162.54,168.98,163.53,164.95,446,30685,0.1413
2025-08-22 09:50:00,23600,CE,673.38,689.13,665.4,672.06,14,33950,0.1387
2025-08-22 09:50:00,23600,PE,162.19,164.54,162.54,162.61,510,31762,0.1399
2025-08-22 09:50:00,23650,CE,620.12,632.11,617.04,622.07,266,32029,0.1373
2025-08-22 09:50:00,23650,PE,174.69,177.96,176.73,177.66,216,33262,0.1456
2025-08-22 09:50:00,23700,CE,571.13,574.65,570.22,573.98,258,34118,0.1425
2025-08-22 09:50:00,23700,PE,163.06,165.27,165.21,165.21,337,31575,0.1402
2025-08-22 09:50:00,23750,CE,530.49,537.27,532.6,534.23,224,36127,0.1452
2025-08-22 09:50:00,23750,PE,169.3,170.15,164.19,167.32,130,36670,0.1408
2025-08-22 09:50:00,23800,CE,469.77,471.98,468.24,469.93,576,42972,0.1369
2025-08-22 09:50:00,23800,PE,164.5,169.89,163.5,165.85,481,39436,0.1362
2025-08-22 09:50:00,23850,CE,415.82,421.93,411.89,416.19,839,43530,0.1403
2025-08-22 09:50:00,23850,PE,156.78,157.89,157.59,157.78,638,42959,0.1413
2025-08-22 09:50:00,23900,CE,363.66,366.49,363.1,364.41,512,47859,0.1403
2025-08-22 09:50:00,23900,PE,171.63,170.52,168.11,169.82,302,42259,0.1421
2025-08-22 09:50:00,23950,CE,330.56,334.72,325.2,327.91,838,50442,0.1377
2025-08-22 09:50:00,23950,PE,163.84,164.14,162.33,163.36,164,50696,0.1366
2025-08-22 09:50:00,24000,CE,273.95,279.15,270.52,273.24,739,52743,0.1384
2025-08-22 09:50:00,24000,PE,161.5,163.96,159.16,160.99,783,51965,0.1427
2025-08-22 09:50:00,24050,CE,221.69,227.06,222.98,223.08,1324,56210,0.1378
2025-08-22 09:50:00,24050,PE,165.24,165.69,162.32,164.72,501,57519,0.1406
2025-08-22 09:50:00,24100,CE,184.62,186.64,180.99,184.8,428,66551,0.1444
2025-08-22 09:50:00,24100,PE,176.66,179.13,176.21,177.44,1182,66521,0.1382
2025-08-22 09:50:00,24150,CE,170.56,177.22,169.89,171.32,1072,74180,0.1406
2025-08-22 09:50:00,24150,PE,212.84,213.51,212.06,212.92,505,73876,0.1394
2025-08-22 09:50:00,24200,CE,179.56,183.07,175.63,177.36,969,82932,0.1418
2025-08-22 09:50:00,24200,PE,247.51,253.04,244.01,249.31,1004,86343,0.1412
2025-08-22 09:50:00,24250,CE,168.77,175.52,170.48,170.97,792,77765,0.1433
2025-08-22 09:50:00,24250,PE,294.66,303.03,291.18,292.84,443,76802,0.1402
2025-08-22 09:50:00,24300,CE,164.36,162.12,161.68,161.84,240,70347,0.1417
2025-08-22 09:50:00,24300,PE,341.18,346.84,343.12,345.21,721,67196,0.1379
2025-08-22 09:50:00,24350,CE,147.66,148.78,146.67,146.68,840,62651,0.1347
2025-08-22 09:50:00,24350,PE,403.6,408.98,394.98,400.58,581,62064,0.139
2025-08-22 09:50:00,24400,CE,167.93,169.28,168.22,168.47,328,55959,0.1405
2025-08-22 09:50:00,24400,PE,441.85,455.17,445.43,446.54,882,54742,0.1424
2025-08-22 09:50:00,24450,CE,156.78,158.76,156.74,157.58,728,50875,0.139
2025-08-22 09:50:00,24450,PE,502.69,506.36,500.27,501.38,87,50263,0.1395
2025-08-22 09:50:00,24500,CE,166.9,168.24,167.16,168.14,693,47687,0.1401
2025-08-22 09:50:00,24500,PE,560.24,563.06,557.85,561.39,26,47029,0.1405
2025-08-22 09:50:00,24550,CE,159.12,161.8,158.47,158.82,63,44274,0.1389
2025-08-22 09:50:00,24550,PE,589.7,601.56,586.82,594.24,655,46306,0.1379
2025-08-22 09:50:00,24600,CE,154.04,155.47,154.21,155.19,82,39062,0.1396
2025-08-22 09:50:00,24600,PE,644.32,653.07,641.52,649.1,247,39708,0.1408
2025-08-22 09:50:00,24650,CE,165.86,168.22,164.94,165.77,551,38161,0.1431
2025-08-22 09:50:00,24650,PE,699.99,711.27,702.62,710.68,399,37412,0.1425
2025-08-22 09:50:00,24700,CE,165.74,167.8,164.68,167.1,250,33633,0.1405
2025-08-22 09:50:00,24700,PE,751.28,778.14,754.7,759.24,264,32374,0.1396
2025-08-22 09:50:00,24750,CE,187.95,186.38,182.5,183.74,483,33000,0.1416
2025-08-22 09:50:00,24750,PE,794.7,818.75,792.42,798.67,475,35461,0.1413
2025-08-22 09:50:00,24800,CE,167.42,166.02,165.88,165.94,371,31605,0.1414
2025-08-22 09:50:00,24800,PE,843.55,851.88,842.93,848.68,211,28913,0.1353
2025-08-22 09:50:00,24850,CE,152.84,155.64,151.92,153.07,306,30122,0.1346
2025-08-22 09:50:00,24850,PE,897.27,919.68,895.86,904.28,166,29243,0.1371
2025-08-22 09:50:00,24900,CE,170.52,175.7,172.24,172.98,89,26749,0.1381
2025-08-22 09:50:00,24900,PE,945.91,955.65,950.78,955.28,360,28132,0.1392
2025-08-22 09:55:00,23500,CE,752.53,753.64,745.39,746.87,447,30752,0.139
2025-08-22 09:55:00,23500,PE,158.88,161.83,156.25,158.08,581,30170,0.1373
2025-08-22 09:55:00,23550,CE,707.66,705.99,692.48,702.07,537,31587,0.1403
2025-08-22 09:55:00,23550,PE,167.54,171.44,165.49,167.91,139,31280,0.1389
2025-08-22 09:55:00,23600,CE,645.29,641.36,638.53,638.56,494,33478,0.1384
2025-08-22 09:55:00,23600,PE,150.9,153.15,147.0,150.74,14,31487,0.1407
2025-08-22 09:55:00,23650,CE,596.39,603.56,593.2,595.78,22,31858,0.1425
2025-08-22 09:55:00,23650,PE,177.49,177.76,174.68,176.35,703,33236,0.1396
2025-08-22 09:55:00,23700,CE,553.27,552.21,538.55,547.92,30,34110,0.1424
2025-08-22 09:55:00,23700,PE,166.15,164.14,163.68,164.01,175,32002,0.1423
2025-08-22 09:55:00,23750,CE,489.22,493.56,487.63,489.0,86,36451,0.1384
2025-08-22 09:55:00,23750,PE,161.0,162.56,158.83,159.48,373,36092,0.1409
2025-08-22 09:55:00,23800,CE,454.01,448.74,446.22,446.75,607,42918,0.1467
2025-08-22 09:55:00,23800,PE,166.77,166.26,165.62,165.77,693,39577,0.1399
2025-08-22 09:55:00,23850,CE,397.93,399.9,396.62,398.79,777,43482,0.1406
2025-08-22 09:55:00,23850,PE,168.96,172.42,166.83,169.67,24,42515,0.1415
2025-08-22 09:55:00,23900,CE,346.59,349.41,342.7,344.45,510,47735,0.1407
2025-08-22 09:55:00,23900,PE,159.66,160.69,157.54,159.71,870,42152,0.1382
2025-08-22 09:55:00,23950,CE,294.75,294.74,292.67,293.71,1055,50067,0.1381
2025-08-22 09:55:00,23950,PE,162.63,164.41,161.84,162.8,483,51003,0.1434
2025-08-22 09:55:00,24000,CE,248.73,257.99,251.5,251.71,192,52528,0.1426
2025-08-22 09:55:00,24000,PE,164.24,166.1,163.97,164.95,1053,52071,0.141
2025-08-22 09:55:00,24050,CE,191.33,197.9,191.82,191.96,1267,56228,0.1383
2025-08-22 09:55:00,24050,PE,154.19,153.37,151.18,153.36,1395,57971,0.142
2025-08-22 09:55:00,24100,CE,169.65,172.75,168.85,169.1,1639,66097,0.1422
2025-08-22 09:55:00,24100,PE,179.92,187.36,180.01,180.55,1005,66058,0.1381
2025-08-22 09:55:00,24150,CE,163.07,164.41,163.72,163.84,348,73940,0.1431
2025-08-22 09:55:00,24150,PE,224.66,225.63,222.32,222.34,938,73793,0.1417
2025-08-22 09:55:00,24200,CE,142.0,143.17,141.98,142.63,1091,82690,0.1347
2025-08-22 09:55:00,24200,PE,291.97,294.28,291.48,291.75,784,86658,0.1414
2025-08-22 09:55:00,24250,CE,163.39,164.89,161.57,162.72,1096,77459,0.139
2025-08-22 09:55:00,24250,PE,327.39,329.87,326.83,327.95,825,76303,0.1393
2025-08-22 09:55:00,24300,CE,165.27,168.96,166.56,166.86,553,70243,0.1399
2025-08-22 09:55:00,24300,PE,382.33,385.79,378.87,380.58,964,67524,0.1397
2025-08-22 09:55:00,24350,CE,159.93,159.87,159.53,159.54,848,63071,0.1416
2025-08-22 09:55:00,24350,PE,430.99,434.73,429.66,433.98,383,62344,0.1404
2025-08-22 09:55:00,24400,CE,172.11,172.91,169.94,171.11,38,56028,0.1398
2025-08-22 09:55:00,24400,PE,479.96,487.78,482.9,484.69,52,55011,0.1373
2025-08-22 09:55:00,24450,CE,161.34,160.54,157.36,159.04,747,51092,0.1425
2025-08-22 09:55:00,24450,PE,551.58,552.11,544.11,546.29,650,49944,0.1399
2025-08-22 09:55:00,24500,CE,157.11,157.47,155.03,156.46,712,47747,0.1372
2025-08-22 09:55:00,24500,PE,577.63,581.31,567.57,574.09,487,47353,0.1404
2025-08-22 09:55:00,24550,CE,160.48,163.93,161.13,161.61,432,44054,0.1403
2025-08-22 09:55:00,24550,PE,642.64,658.49,643.1,644.73,413,46490,0.1424
2025-08-22 09:55:00,24600,CE,162.72,161.65,160.5,161.13,539,39039,0.1394
2025-08-22 09:55:00,24600,PE,665.98,677.95,664.94,674.38,319,39711,0.14
2025-08-22 09:55:00,24650,CE,165.34,165.18,162.72,163.3,76,37669,0.1414
2025-08-22 09:55:00,24650,PE,724.76,744.91,731.92,732.57,21,37611,0.1406
2025-08-22 09:55:00,24700,CE,161.4,168.02,160.98,163.02,238,34071,0.1393
2025-08-22 09:55:00,24700,PE,770.84,800.01,781.02,786.63,393,31943,0.1396
2025-08-22 09:55:00,24750,CE,154.26,159.12,157.78,158.38,60,32839,0.1421
2025-08-22 09:55:00,24750,PE,827.58,854.54,816.81,826.77,486,34919,0.1367
2025-08-22 09:55:00,24800,CE,164.17,166.85,163.37,165.88,100,31040,0.1397
2025-08-22 09:55:00,24800,PE,901.14,906.62,893.27,895.36,212,29500,0.1414
2025-08-22 09:55:00,24850,CE,163.1,164.33,160.06,162.97,328,30114,0.1403
2025-08-22 09:55:00,24850,PE,934.03,946.33,936.01,936.44,75,29069,0.1406
2025-08-22 09:55:00,24900,CE,165.92,167.23,163.47,165.26,242,26478,0.1391
2025-08-22 09:55:00,24900,PE,984.05,1004.51,971.45,979.94,323,28708,0.1388
2025-08-22 10:00:00,23500,CE,710.39,727.94,712.4,713.87,133,30454,0.142
2025-08-22 10:00:00,23500,PE,166.55,169.3,163.5,165.73,85,30440,0.1387
2025-08-22 10:00:00,23550,CE,662.9,665.86,656.52,658.12,304,31327,0.1405
2025-08-22 10:00:00,23550,PE,164.59,167.65,162.63,163.41,149,30764,0.1442
2025-08-22 10:00:00,23600,CE,619.24,633.76,618.57,623.34,335,33697,0.1447
2025-08-22 10:00:00,23600,PE,157.68,159.12,154.95,157.25,171,30888,0.1379
2025-08-22 10:00:00,23650,CE,545.49,552.76,550.94,551.95,357,32068,0.14
2025-08-22 10:00:00,23650,PE,164.38,165.83,163.97,163.99,264,32936,0.1424
2025-08-22 10:00:00,23700,CE,501.18,509.87,505.05,505.65,135,34405,0.1391
2025-08-22 10:00:00,23700,PE,167.28,170.36,165.63,167.37,693,32325,0.1407
2025-08-22 10:00:00,23750,CE,460.57,459.87,454.68,456.76,459,36719,0.1394
2025-08-22 10:00:00,23750,PE,162.1,165.74,164.02,164.64,355,35521,0.1429
2025-08-22 10:00:00,23800,CE,403.85,408.39,404.59,406.39,361,43162,0.138
2025-08-22 10:00:00,23800,PE,159.97,162.46,160.66,161.66,624,40165,0.1395
2025-08-22 10:00:00,23850,CE,350.55,361.09,348.72,354.79,1054,43173,0.1381
2025-08-22 10:00:00,23850,PE,168.16,169.44,165.62,168.02,27,42244,0.1399
2025-08-22 10:00:00,23900,CE,308.99,309.16,302.58,308.35,1038,48111,0.1409
2025-08-22 10:00:00,23900,PE,159.13,158.57,156.8,157.73,134,41744,0.1411
2025-08-22 10:00:00,23950,CE,260.21,260.56,259.82,259.99,765,50259,0.1416
2025-08-22 10:00:00,23950,PE,170.88,176.3,171.4,174.59,1317,51309,0.1429
2025-08-22 10:00:00,24000,CE,205.32,210.0,206.44,208.18,347,51972,0.1394
2025-08-22 10:00:00,24000,PE,169.81,171.22,168.36,169.51,990,52135,0.1397
2025-08-22 10:00:00,24050,CE,157.35,157.66,156.93,157.34,1631,56319,0.143
2025-08-22 10:00:00,24050,PE,159.24,163.55,160.45,161.44,900,57735,0.142
2025-08-22 10:00:00,24100,CE,169.91,170.85,168.51,169.22,151,66548,0.1419
2025-08-22 10:00:00,24100,PE,214.3,214.03,212.2,213.93,1245,65653,0.1379
2025-08-22 10:00:00,24150,CE,163.25,166.98,161.43,163.28,925,73777,0.1379
2025-08-22 10:00:00,24150,PE,261.75,262.57,259.19,260.2,582,74211,0.137
2025-08-22 10:00:00,24200,CE,165.04,166.84,163.62,164.64,975,82318,0.1409
2025-08-22 10:00:00,24200,PE,308.69,320.61,305.67,309.47,368,87043,0.1371
2025-08-22 10:00:00,24250,CE,155.53,159.23,154.95,156.4,950,76953,0.1381
2025-08-22 10:00:00,24250,PE,382.57,382.29,378.22,379.24,865,76290,0.1418
2025-08-22 10:00:00,24300,CE,159.4,158.33,157.16,157.94,559,69733,0.1417
2025-08-22 10:00:00,24300,PE,419.97,418.5,412.02,412.99,643,67737,0.139
2025-08-22 10:00:00,24350,CE,160.45,161.09,156.94,158.77,572,63419,0.1384
2025-08-22 10:00:00,24350,PE,465.16,481.58,470.12,470.31,812,62763,0.1377
2025-08-22 10:00:00,24400,CE,160.57,163.09,160.57,161.35,591,56605,0.1439
2025-08-22 10:00:00,24400,PE,511.09,521.4,515.98,516.11,536,55217,0.1415
2025-08-22 10:00:00,24450,CE,168.22,172.08,169.86,170.85,402,51414,0.1409
2025-08-22 10:00:00,24450,PE,556.1,577.24,563.57,566.53,63,49950,0.1391
2025-08-22 10:00:00,24500,CE,155.41,161.8,156.02,157.39,296,48242,0.138
2025-08-22 10:00:00,24500,PE,610.56,624.92,611.39,612.91,59,47525,0.1409
2025-08-22 10:00:00,24550,CE,157.89,159.83,157.95,158.64,126,44514,0.1411
2025-08-22 10:00:00,24550,PE,649.47,663.33,659.67,661.69,545,46172,0.1398
2025-08-22 10:00:00,24600,CE,173.18,176.17,168.91,172.02,524,39035,0.1422
2025-08-22 10:00:00,24600,PE,720.57,738.4,713.02,724.95,583,39986,0.1415
2025-08-22 10:00:00,24650,CE,166.68,169.57,165.94,166.13,28,37312,0.1404
2025-08-22 10:00:00,24650,PE,752.39,783.93,760.77,760.99,234,37264,0.1398
2025-08-22 10:00:00,24700,CE,167.06,165.96,164.12,165.69,78,34644,0.1406
2025-08-22 10:00:00,24700,PE,803.65,834.16,810.78,812.32,466,31864,0.1409
2025-08-22 10:00:00,24750,CE,153.25,155.04,150.87,152.35,115,32457,0.1384
2025-08-22 10:00:00,24750,PE,872.77,881.24,875.14,878.48,466,34716,0.141
2025-08-22 10:00:00,24800,CE,166.7,173.15,165.55,166.48,13,30916,0.1396
2025-08-22 10:00:00,24800,PE,906.8,922.76,909.92,915.75,224,29647,0.1397
2025-08-22 10:00:00,24850,CE,174.7,174.88,173.42,173.53,161,30621,0.1422
2025-08-22 10:00:00,24850,PE,976.43,978.43,969.63,972.42,299,29652,0.1399
2025-08-22 10:00:00,24900,CE,162.46,164.26,163.57,164.1,166,26660,0.1379
2025-08-22 10:00:00,24900,PE,1006.02,1030.56,1004.78,1019.43,165,28947,0.1401
2025-08-22 10:05:00,23500,CE,694.28,720.35,703.14,703.43,459,30240,0.1401
2025-08-22 10:05:00,23500,PE,172.65,173.94,170.67,172.41,575,30868,0.1402
2025-08-22 10:05:00,23550,CE,665.38,681.78,660.51,665.88,585,30988,0.1419
2025-08-22 10:05:00,23550,PE,159.19,165.34,159.84,161.78,471,30291,0.1387
2025-08-22 10:05:00,23600,CE,598.66,606.44,606.17,606.27,83,34264,0.139
2025-08-22 10:05:00,23600,PE,152.91,157.36,152.31,154.05,116,31324,0.1391
2025-08-22 10:05:00,23650,CE,550.86,551.88,540.2,544.65,330,31832,0.139
2025-08-22 10:05:00,23650,PE,165.92,167.38,165.02,166.36,66,33146,0.1396
2025-08-22 10:05:00,23700,CE,503.63,503.99,499.76,503.15,589,34365,0.1395
2025-08-22 10:05:00,23700,PE,178.21,177.76,177.58,177.6,660,32112,0.1412
2025-08-22 10:05:00,23750,CE,442.79,440.24,434.23,438.46,494,36463,0.1386
2025-08-22 10:05:00,23750,PE,164.89,169.03,163.68,164.36,521,35084,0.1367
2025-08-22 10:05:00,23800,CE,404.67,413.37,403.98,404.21,470,43221,0.137
2025-08-22 10:05:00,23800,PE,160.42,162.67,159.16,160.37,547,40100,0.1434
2025-08-22 10:05:00,23850,CE,346.87,349.6,346.55,348.24,698,43187,0.1405
2025-08-22 10:05:00,23850,PE,155.25,161.82,157.4,157.72,317,41902,0.1389
2025-08-22 10:05:00,23900,CE,299.21,300.27,298.79,299.8,786,48637,0.1419
2025-08-22 10:05:00,23900,PE,157.68,161.65,158.14,158.31,912,41910,0.1429
2025-08-22 10:05:00,23950,CE,255.23,261.03,255.93,257.33,1263,50738,0.1411
2025-08-22 10:05:00,23950,PE,155.02,156.67,156.37,156.4,704,50840,0.1405
2025-08-22 10:05:00,24000,CE,202.45,204.53,201.48,203.33,1015,52119,0.1376
2025-08-22 10:05:00,24000,PE,161.51,164.08,160.75,161.0,458,52554,0.1429
2025-08-22 10:05:00,24050,CE,163.84,168.35,166.2,166.69,1500,56116,0.1383
2025-08-22 10:05:00,24050,PE,166.58,168.16,166.48,167.18,835,57369,0.1381
2025-08-22 10:05:00,24100,CE,171.63,172.58,172.17,172.48,281,66266,0.1391
2025-08-22 10:05:00,24100,PE,221.75,221.43,218.17,220.44,552,65380,0.1402
2025-08-22 10:05:00,24150,CE,170.49,172.9,168.72,168.72,212,73713,0.1388
2025-08-22 10:05:00,24150,PE,270.38,269.48,267.88,269.09,806,74002,0.1417
2025-08-22 10:05:00,24200,CE,164.13,165.76,165.55,165.75,614,82043,0.1406
2025-08-22 10:05:00,24200,PE,315.09,318.8,315.07,316.75,804,87221,0.1397
2025-08-22 10:05:00,24250,CE,161.63,164.15,162.85,163.47,979,76416,0.1381
2025-08-22 10:05:00,24250,PE,382.72,389.42,382.34,383.63,872,76098,0.1396
2025-08-22 10:05:00,24300,CE,162.23,161.69,159.98,161.06,75,69960,0.1413
2025-08-22 10:05:00,24300,PE,429.59,438.01,426.78,428.37,171,67348,0.1417
2025-08-22 10:05:00,24350,CE,156.28,158.16,156.26,156.34,829,63084,0.1406
2025-08-22 10:05:00,24350,PE,474.2,474.15,473.33,473.71,469,62403,0.1413
2025-08-22 10:05:00,24400,CE,154.2,159.41,153.55,154.86,107,56006,0.1401
2025-08-22 10:05:00,24400,PE,525.51,530.98,520.14,523.56,25,55185,0.1377
2025-08-22 10:05:00,24450,CE,159.54,161.1,159.26,160.15,321,50860,0.142
2025-08-22 10:05:00,24450,PE,579.25,588.55,578.49,587.82,260,49677,0.1392
2025-08-22 10:05:00,24500,CE,164.91,165.41,162.15,165.21,390,48835,0.1388
2025-08-22 10:05:00,24500,PE,635.37,639.12,630.46,634.14,470,48027,0.145
2025-08-22 10:05:00,24550,CE,171.39,173.71,170.66,171.29,130,44172,0.14
2025-08-22 10:05:00,24550,PE,668.71,662.36,656.45,661.66,477,45944,0.1366
2025-08-22 10:05:00,24600,CE,150.16,153.92,150.96,152.08,506,38991,0.1382
2025-08-22 10:05:00,24600,PE,717.85,734.5,716.48,722.11,127,40399,0.139
2025-08-22 10:05:00,24650,CE,167.6,170.27,165.94,167.95,313,37675,0.1427
2025-08-22 10:05:00,24650,PE,781.17,784.58,774.58,775.21,258,36815,0.1411
2025-08-22 10:05:00,24700,CE,167.09,171.35,171.02,171.14,364,34193,0.143
2025-08-22 10:05:00,24700,PE,832.0,841.39,825.42,830.91,355,31764,0.1385
2025-08-22 10:05:00,24750,CE,166.98,172.7,166.81,167.88,401,32901,0.1395
2025-08-22 10:05:00,24750,PE,890.46,901.64,880.53,885.43,210,35174,0.1397
2025-08-22 10:05:00,24800,CE,171.4,172.18,170.01,170.83,60,30444,0.1424
2025-08-22 10:05:00,24800,PE,945.06,927.31,919.1,926.67,477,29736,0.1406
2025-08-22 10:05:00,24850,CE,165.93,168.14,166.39,167.67,210,30207,0.1401
2025-08-22 10:05:00,24850,PE,965.79,998.04,961.51,972.08,137,29875,0.1363
2025-08-22 10:05:00,24900,CE,161.89,161.59,159.97,160.7,361,27159,0.1408
2025-08-22 10:05:00,24900,PE,1005.63,1015.64,1005.21,1014.64,182,28892,0.1367
2025-08-22 10:10:00,23500,CE,716.68,739.31,714.78,718.23,105,29739,0.1412
2025-08-22 10:10:00,23500,PE,155.1,156.56,155.05,155.53,266,30963,0.1412
2025-08-22 10:10:00,23550,CE,671.26,689.64,661.78,677.01,75,30878,0.1411
2025-08-22 10:10:00,23550,PE,162.57,166.81,161.47,162.42,411,30664,0.138
2025-08-22 10:10:00,23600,CE,623.4,624.46,619.75,622.4,637,34072,0.1413
2025-08-22 10:10:00,23600,PE,162.93,166.67,162.4,162.75,272,31773,0.1379
2025-08-22 10:10:00,23650,CE,577.17,578.82,569.47,572.2,508,31560,0.1437
2025-08-22 10:10:00,23650,PE,161.39,164.39,162.38,163.82,502,32735,0.1421
2025-08-22 10:10:00,23700,CE,517.88,528.59,525.84,526.48,359,34132,0.1396
2025-08-22 10:10:00,23700,PE,168.54,168.75,165.16,167.12,779,31553,0.1388
2025-08-22 10:10:00,23750,CE,466.85,468.26,462.98,467.42,732,36200,0.1415
2025-08-22 10:10:00,23750,PE,160.04,161.24,158.41,159.7,44,35276,0.1408
2025-08-22 10:10:00,23800,CE,411.68,422.13,414.44,414.78,636,42791,0.1413
2025-08-22 10:10:00,23800,PE,170.87,170.97,168.18,169.84,50,39633,0.1407
2025-08-22 10:10:00,23850,CE,377.08,380.45,372.99,376.53,429,42745,0.1403
2025-08-22 10:10:00,23850,PE,158.95,159.97,156.77,157.11,727,41395,0.1428
2025-08-22 10:10:00,23900,CE,323.76,322.13,321.46,321.91,907,49086,0.1443
2025-08-22 10:10:00,23900,PE,160.28,159.38,156.37,159.25,825,42442,0.1422
2025-08-22 10:10:00,23950,CE,267.31,265.78,263.76,264.64,1215,50193,0.1397
2025-08-22 10:10:00,23950,PE,175.45,178.88,174.86,176.91,456,51152,0.1386
2025-08-22 10:10:00,24000,CE,220.16,219.87,216.7,219.27,520,52403,0.1439
2025-08-22 10:10:00,24000,PE,166.9,169.73,168.35,168.98,1155,53150,0.1379
2025-08-22 10:10:00,24050,CE,172.63,173.56,170.74,173.21,594,55933,0.1412
2025-08-22 10:10:00,24050,PE,179.18,178.54,175.75,178.06,69,57111,0.1413
2025-08-22 10:10:00,24100,CE,157.57,160.24,157.36,158.24,458,66209,0.1407
2025-08-22 10:10:00,24100,PE,202.15,203.4,201.32,202.97,674,65807,0.139
2025-08-22 10:10:00,24150,CE,165.53,172.82,168.69,169.14,1053,73987,0.1418
2025-08-22 10:10:00,24150,PE,254.27,256.61,252.49,256.57,29,73967,0.1385
2025-08-22 10:10:00,24200,CE,149.94,150.87,148.99,149.74,875,81736,0.135
2025-08-22 10:10:00,24200,PE,308.0,309.84,305.21,305.77,517,87493,0.1402
2025-08-22 10:10:00,24250,CE,164.59,168.3,163.92,165.52,850,76841,0.1352
2025-08-22 10:10:00,24250,PE,352.92,355.2,349.15,352.2,467,75977,0.1424
2025-08-22 10:10:00,24300,CE,177.81,182.82,176.25,177.29,378,70162,0.1416
2025-08-22 10:10:00,24300,PE,416.24,416.11,413.87,414.95,413,67228,0.1377
2025-08-22 10:10:00,24350,CE,148.25,148.69,145.81,147.59,159,63058,0.1389
2025-08-22 10:10:00,24350,PE,455.31,456.55,454.95,455.53,219,62432,0.1401
2025-08-22 10:10:00,24400,CE,175.35,175.5,174.26,174.43,718,56336,0.1401
2025-08-22 10:10:00,24400,PE,509.89,518.28,511.01,513.23,393,55758,0.1414
2025-08-22 10:10:00,24450,CE,172.61,173.57,170.14,170.74,732,50793,0.1416
2025-08-22 10:10:00,24450,PE,557.59,562.2,550.29,556.91,573,49487,0.1396
2025-08-22 10:10:00,24500,CE,162.3,164.95,163.14,163.18,612,48683,0.1426
2025-08-22 10:10:00,24500,PE,601.97,608.59,600.26,601.64,188,47587,0.1398
2025-08-22 10:10:00,24550,CE,160.53,162.49,161.24,162.01,549,43928,0.1397
2025-08-22 10:10:00,24550,PE,644.76,643.18,640.96,641.83,530,45447,0.1395
2025-08-22 10:10:00,24600,CE,166.56,168.2,167.04,168.06,310,38904,0.1403
2025-08-22 10:10:00,24600,PE,702.07,700.81,696.62,699.72,273,39999,0.1395
2025-08-22 10:10:00,24650,CE,167.0,168.12,166.89,167.16,51,37490,0.1401
2025-08-22 10:10:00,24650,PE,765.27,782.6,772.37,772.66,275,37167,0.141
2025-08-22 10:10:00,24700,CE,158.94,159.81,159.34,159.56,256,33888,0.1399
2025-08-22 10:10:00,24700,PE,804.42,819.06,809.27,810.22,149,31898,0.1364
2025-08-22 10:10:00,24750,CE,167.99,168.26,165.3,166.59,229,33382,0.1401
2025-08-22 10:10:00,24750,PE,857.43,860.11,842.09,849.15,231,35254,0.1364
2025-08-22 10:10:00,24800,CE,176.62,177.74,175.51,176.22,38,30076,0.1435
2025-08-22 10:10:00,24800,PE,894.2,905.3,896.51,897.01,418,29549,0.1372
2025-08-22 10:10:00,24850,CE,169.78,171.92,170.12,170.35,201,30315,0.1404
2025-08-22 10:10:00,24850,PE,963.25,971.57,954.28,960.07,34,29882,0.1402
2025-08-22 10:10:00,24900,CE,152.05,155.29,153.14,153.64,159,26737,0.137
2025-08-22 10:10:00,24900,PE,1016.06,1033.01,997.79,1007.65,191,28828,0.1405
2025-08-22 10:15:00,23500,CE,722.91,724.11,698.74,714.5,119,29790,0.142
2025-08-22 10:15:00,23500,PE,178.57,177.75,176.86,177.31,450,30683,0.1407
2025-08-22 10:15:00,23550,CE,670.12,675.79,675.6,675.77,618,31012,0.1439
2025-08-22 10:15:00,23550,PE,165.57,167.12,163.53,164.17,496,30148,0.1398
2025-08-22 10:15:00,23600,CE,631.38,631.98,623.04,626.47,527,33875,0.1404
2025-08-22 10:15:00,23600,PE,174.39,178.55,171.21,173.74,488,32138,0.1422
2025-08-22 10:15:00,23650,CE,564.92,584.02,565.5,569.75,192,31271,0.1396
2025-08-22 10:15:00,23650,PE,179.07,184.02,180.53,180.61,55,32861,0.1428
2025-08-22 10:15:00,23700,CE,514.25,517.86,510.13,513.62,615,34024,0.137
2025-08-22 10:15:00,23700,PE,160.29,164.72,159.5,161.58,138,31332,0.1372
2025-08-22 10:15:00,23750,CE,473.04,476.5,470.83,474.51,354,36699,0.1426
2025-08-22 10:15:00,23750,PE,171.18,175.04,169.33,170.18,118,35087,0.1377
2025-08-22 10:15:00,23800,CE,406.04,411.77,405.59,407.3,605,42475,0.1401
2025-08-22 10:15:00,23800,PE,161.65,165.25,160.25,163.44,833,40124,0.1392
2025-08-22 10:15:00,23850,CE,369.11,370.87,366.96,368.65,404,43040,0.1422
2025-08-22 10:15:00,23850,PE,158.38,160.04,159.54,159.69,788,41613,0.1381
2025-08-22 10:15:00,23900,CE,305.06,305.61,302.09,304.62,231,48545,0.143
2025-08-22 10:15:00,23900,PE,157.97,162.31,157.2,157.49,414,41999,0.1424
2025-08-22 10:15:00,23950,CE,264.89,267.93,264.09,264.59,398,50359,0.1375
2025-08-22 10:15:00,23950,PE,156.46,158.15,153.73,155.36,780,50803,0.1403
2025-08-22 10:15:00,24000,CE,213.03,215.58,212.75,215.14,51,52073,0.1424
2025-08-22 10:15:00,24000,PE,161.73,165.0,163.14,163.19,699,53484,0.1426
2025-08-22 10:15:00,24050,CE,165.0,165.34,162.4,164.2,666,55676,0.1365
2025-08-22 10:15:00,24050,PE,179.94,179.9,177.44,178.19,991,56596,0.1442
2025-08-22 10:15:00,24100,CE,155.16,159.86,155.16,156.09,367,65652,0.1358
2025-08-22 10:15:00,24100,PE,213.31,214.45,213.37,214.15,822,65738,0.1463
2025-08-22 10:15:00,24150,CE,152.59,157.45,152.36,153.11,787,74127,0.1377
2025-08-22 10:15:00,24150,PE,259.34,261.65,253.09,256.72,541,74409,0.1441
2025-08-22 10:15:00,24200,CE,163.01,165.36,161.5,162.66,1084,81268,0.1407
2025-08-22 10:15:00,24200,PE,302.31,305.68,302.55,304.58,1086,87129,0.1401
2025-08-22 10:15:00,24250,CE,151.04,152.66,149.99,150.61,274,76876,0.1411
2025-08-22 10:15:00,24250,PE,364.28,365.77,362.58,363.1,48,75813,0.1419
2025-08-22 10:15:00,24300,CE,164.1,162.51,160.89,161.76,198,70141,0.1409
2025-08-22 10:15:00,24300,PE,406.14,411.76,403.86,405.82,779,67736,0.1426
2025-08-22 10:15:00,24350,CE,172.14,175.35,172.44,172.45,195,63111,0.1402
2025-08-22 10:15:00,24350,PE,466.46,472.13,466.94,468.76,420,62330,0.1412
2025-08-22 10:15:00,24400,CE,164.36,164.18,161.78,162.86,511,56923,0.1379
2025-08-22 10:15:00,24400,PE,504.43,507.39,502.73,504.73,332,55236,0.1431
2025-08-22 10:15:00,24450,CE,171.6,172.88,168.18,171.57,680,51311,0.1384
2025-08-22 10:15:00,24450,PE,571.11,575.65,570.44,572.01,247,49488,0.1396
2025-08-22 10:15:00,24500,CE,177.76,179.67,175.85,178.11,596,48687,0.1396
2025-08-22 10:15:00,24500,PE,599.17,617.03,599.82,603.05,338,48093,0.14
2025-08-22 10:15:00,24550,CE,168.68,168.08,163.42,167.05,536,43936,0.1425
2025-08-22 10:15:00,24550,PE,652.47,665.69,648.6,658.07,113,45373,0.1406
2025-08-22 10:15:00,24600,CE,165.87,170.0,166.53,166.85,413,38630,0.1392
2025-08-22 10:15:00,24600,PE,716.67,726.52,707.15,716.01,330,40189,0.1398
2025-08-22 10:15:00,24650,CE,168.39,167.26,164.97,166.35,57,37573,0.1371
2025-08-22 10:15:00,24650,PE,760.18,764.29,762.45,762.51,424,36824,0.1406
2025-08-22 10:15:00,24700,CE,169.99,171.26,169.36,170.17,300,34139,0.1384
2025-08-22 10:15:00,24700,PE,821.88,825.39,812.1,821.17,32,32070,0.1428
2025-08-22 10:15:00,24750,CE,159.28,161.71,155.89,158.87,139,33258,0.1382
2025-08-22 10:15:00,24750,PE,853.19,866.61,853.34,858.1,335,34659,0.1388
2025-08-22 10:15:00,24800,CE,165.51,164.83,164.18,164.51,16,30011,0.1397
2025-08-22 10:15:00,24800,PE,904.97,910.63,895.92,908.54,464,28956,0.1394
2025-08-22 10:15:00,24850,CE,161.68,161.02,159.5,160.29,368,29804,0.141
2025-08-22 10:15:00,24850,PE,967.85,961.7,943.74,952.0,231,29798,0.1391
2025-08-22 10:15:00,24900,CE,157.01,159.09,156.11,157.45,212,26235,0.1415
2025-08-22 10:15:00,24900,PE,1021.48,1013.75,1007.41,1012.89,336,28558,0.1402
2025-08-22 10:20:00,23500,CE,713.44,733.24,719.11,720.51,468,29976,0.1396
2025-08-22 10:20:00,23500,PE,160.64,162.67,157.64,159.52,337,30453,0.139
2025-08-22 10:20:00,23550,CE,664.93,675.78,660.63,664.83,423,31609,0.1407
2025-08-22 10:20:00,23550,PE,172.97,174.28,173.01,173.73,594,30647,0.1436
2025-08-22 10:20:00,23600,CE,606.06,622.34,607.65,615.65,159,33977,0.1399
2025-08-22 10:20:00,23600,PE,160.19,162.35,159.46,159.86,280,32698,0.1387
2025-08-22 10:20:00,23650,CE,564.59,568.21,554.29,557.63,702,31712,0.1414
2025-08-22 10:20:00,23650,PE,165.09,164.51,161.88,162.17,130,32643,0.1403
2025-08-22 10:20:00,23700,CE,516.74,520.56,513.34,516.09,571,34323,0.1413
2025-08-22 10:20:00,23700,PE,166.15,171.72,167.61,167.76,288,30896,0.1404
2025-08-22 10:20:00,23750,CE,462.68,462.5,453.09,458.59,131,36920,0.1405
2025-08-22 10:20:00,23750,PE,156.32,162.07,158.1,158.91,401,35076,0.1391
2025-08-22 10:20:00,23800,CE,423.81,436.22,425.01,427.58,777,41895,0.1432
2025-08-22 10:20:00,23800,PE,154.08,156.6,153.31,154.86,720,39853,0.1403
2025-08-22 10:20:00,23850,CE,364.99,362.95,359.72,360.66,978,43586,0.1407
2025-08-22 10:20:00,23850,PE,167.5,167.21,165.22,166.48,535,41391,0.1447
2025-08-22 10:20:00,23900,CE,301.39,315.42,303.67,307.42,287,48162,0.1394
2025-08-22 10:20:00,23900,PE,164.78,165.2,159.79,163.82,1170,41624,0.1419
2025-08-22 10:20:00,23950,CE,257.28,259.85,254.32,258.35,604,50334,0.1402
2025-08-22 10:20:00,23950,PE,167.01,166.1,164.76,165.79,908,51214,0.1403
2025-08-22 10:20:00,24000,CE,206.71,208.87,205.58,207.47,865,52382,0.137
2025-08-22 10:20:00,24000,PE,165.3,171.64,167.54,167.64,878,53408,0.1412
2025-08-22 10:20:00,24050,CE,159.39,162.85,160.12,160.38,307,55326,0.141
2025-08-22 10:20:00,24050,PE,162.15,164.52,161.95,162.63,791,56051,0.1427
2025-08-22 10:20:00,24100,CE,169.56,170.33,168.05,169.23,497,65607,0.1376
2025-08-22 10:20:00,24100,PE,221.43,219.42,216.71,218.74,731,66115,0.1423
2025-08-22 10:20:00,24150,CE,154.1,157.89,154.29,155.26,1276,74402,0.14
2025-08-22 10:20:00,24150,PE,273.45,275.4,272.23,273.52,124,74299,0.1369
2025-08-22 10:20:00,24200,CE,165.0,171.7,166.69,167.46,855,81381,0.1366
2025-08-22 10:20:00,24200,PE,324.33,329.56,322.28,322.71,543,87052,0.1394
2025-08-22 10:20:00,24250,CE,168.35,166.86,164.88,165.79,433,76970,0.1411
2025-08-22 10:20:00,24250,PE,371.59,370.15,367.19,369.24,200,75834,0.137
2025-08-22 10:20:00,24300,CE,159.81,160.79,158.1,160.19,206,70358,0.1413
2025-08-22 10:20:00,24300,PE,418.35,422.38,413.6,420.24,819,67745,0.1408
2025-08-22 10:20:00,24350,CE,155.84,155.77,154.1,154.1,343,63639,0.1388
2025-08-22 10:20:00,24350,PE,460.34,459.43,454.5,455.88,574,62243,0.1382
2025-08-22 10:20:00,24400,CE,155.67,156.92,154.18,154.44,35,56342,0.1399
2025-08-22 10:20:00,24400,PE,507.99,512.6,506.93,511.67,186,54919,0.1437
2025-08-22 10:20:00,24450,CE,159.05,161.47,156.08,159.64,534,51311,0.1381
2025-08-22 10:20:00,24450,PE,567.02,579.6,561.53,563.25,735,49536,0.142
2025-08-22 10:20:00,24500,CE,167.64,169.84,168.52,169.1,620,48749,0.1389
2025-08-22 10:20:00,24500,PE,603.29,619.63,611.43,612.71,252,48350,0.1396
2025-08-22 10:20:00,24550,CE,176.07,177.89,171.29,174.12,294,43665,0.1413
2025-08-22 10:20:00,24550,PE,653.0,665.5,648.42,656.51,309,45570,0.1387
2025-08-22 10:20:00,24600,CE,162.22,163.97,160.37,160.91,232,38874,0.1373
2025-08-22 10:20:00,24600,PE,710.84,726.51,714.49,715.11,591,40082,0.1393
2025-08-22 10:20:00,24650,CE,164.36,162.73,159.0,162.07,174,37455,0.1396
2025-08-22 10:20:00,24650,PE,779.81,794.99,780.43,780.59,478,36438,0.1428
2025-08-22 10:20:00,24700,CE,161.08,165.33,162.68,163.12,524,34035,0.1404
2025-08-22 10:20:00,24700,PE,806.71,809.84,807.6,808.99,454,32414,0.1402
2025-08-22 10:20:00,24750,CE,153.12,153.35,151.68,152.44,401,33748,0.1366
2025-08-22 10:20:00,24750,PE,866.65,867.78,858.63,863.88,101,34771,0.1399
2025-08-22 10:20:00,24800,CE,178.93,182.02,178.8,179.38,55,29770,0.139
2025-08-22 10:20:00,24800,PE,921.78,921.79,897.05,916.68,27,29174,0.1372
2025-08-22 10:20:00,24850,CE,161.23,163.13,161.18,161.71,284,30092,0.1386
2025-08-22 10:20:00,24850,PE,969.99,972.29,946.9,956.3,87,29596,0.1448
2025-08-22 10:20:00,24900,CE,163.82,164.85,162.95,163.84,301,26626,0.1385
2025-08-22 10:20:00,24900,PE,1026.67,1029.97,1017.33,1024.11,392,28046,0.1403
2025-08-22 10:25:00,23500,CE,741.62,738.81,728.25,737.35,245,29388,0.1455
2025-08-22 10:25:00,23500,PE,170.19,169.28,164.72,169.03,488,30000,0.1424
2025-08-22 10:25:00,23550,CE,680.42,682.31,677.27,681.14,521,31196,0.1431
2025-08-22 10:25:00,23550,PE,167.88,168.89,167.44,167.77,20,31101,0.1405
2025-08-22 10:25:00,23600,CE,627.89,642.17,624.15,625.9,302,33886,0.1425
2025-08-22 10:25:00,23600,PE,163.41,163.57,160.77,162.43,440,32427,0.1425
2025-08-22 10:25:00,23650,CE,571.49,574.66,563.07,571.43,503,31626,0.139
2025-08-22 10:25:00,23650,PE,155.39,156.1,154.36,155.36,205,32516,0.1402
2025-08-22 10:25:00,23700,CE,518.41,528.85,517.58,522.0,17,34084,0.1375
2025-08-22 10:25:00,23700,PE,166.5,166.24,161.76,165.27,466,30461,0.1394
2025-08-22 10:25:00,23750,CE,482.03,494.76,474.74,480.06,112,37107,0.1405
2025-08-22 10:25:00,23750,PE,168.72,169.71,167.58,168.21,370,34639,0.1403
2025-08-22 10:25:00,23800,CE,437.81,434.44,431.86,433.02,695,42225,0.1425
2025-08-22 10:25:00,23800,PE,160.21,159.94,158.08,158.73,46,39495,0.142
2025-08-22 10:25:00,23850,CE,378.83,381.87,372.85,375.2,387,43863,0.1405
2025-08-22 10:25:00,23850,PE,163.44,167.18,162.8,164.41,91,41757,0.1408
2025-08-22 10:25:00,23900,CE,322.17,321.14,318.25,319.23,375,47712,0.1428
2025-08-22 10:25:00,23900,PE,164.03,164.27,159.95,163.92,982,41128,0.1412
2025-08-22 10:25:00,23950,CE,262.08,268.37,264.27,265.51,184,50873,0.1416
2025-08-22 10:25:00,23950,PE,163.05,163.24,160.02,161.08,674,51169,0.1415
2025-08-22 10:25:00,24000,CE,221.52,224.44,220.54,222.2,1015,52538,0.141
2025-08-22 10:25:00,24000,PE,171.91,175.47,172.5,173.55,909,52835,0.1423
2025-08-22 10:25:00,24050,CE,169.15,170.02,168.77,169.21,961,55060,0.1369
2025-08-22 10:25:00,24050,PE,169.26,166.41,163.58,166.3,1394,56057,0.1438
2025-08-22 10:25:00,24100,CE,158.82,158.18,156.41,156.76,219,66070,0.1376
2025-08-22 10:25:00,24100,PE,201.59,205.41,200.54,202.66,470,65840,0.1417
2025-08-22 10:25:00,24150,CE,164.73,165.45,165.02,165.23,1284,74732,0.1422
2025-08-22 10:25:00,24150,PE,258.33,262.05,254.49,256.94,1180,74493,0.1394
2025-08-22 10:25:00,24200,CE,170.85,171.55,168.71,170.76,1098,80919,0.1401
2025-08-22 10:25:00,24200,PE,302.92,306.13,303.53,304.28,730,86804,0.1413
2025-08-22 10:25:00,24250,CE,152.47,152.54,150.58,151.77,439,76655,0.1375
2025-08-22 10:25:00,24250,PE,341.22,343.29,335.04,341.48,234,75765,0.139
2025-08-22 10:25:00,24300,CE,166.68,170.06,164.83,167.01,892,70520,0.1415
2025-08-22 10:25:00,24300,PE,392.83,396.04,392.32,394.98,349,67665,0.1375
2025-08-22 10:25:00,24350,CE,163.91,165.38,161.16,164.07,475,63332,0.1454
2025-08-22 10:25:00,24350,PE,443.74,453.54,443.13,444.87,468,62478,0.1409
2025-08-22 10:25:00,24400,CE,161.75,163.89,159.8,161.27,207,56443,0.1409
2025-08-22 10:25:00,24400,PE,496.98,502.34,492.5,492.94,579,54942,0.1413
2025-08-22 10:25:00,24450,CE,175.82,175.06,171.28,172.71,228,51376,0.1416
2025-08-22 10:25:00,24450,PE,538.3,540.94,540.42,540.64,599,49202,0.137
2025-08-22 10:25:00,24500,CE,171.6,171.67,171.22,171.63,406,48965,0.1413
2025-08-22 10:25:00,24500,PE,588.24,591.27,584.91,588.97,232,48215,0.139
2025-08-22 10:25:00,24550,CE,156.08,157.05,153.21,155.22,582,43501,0.1355
2025-08-22 10:25:00,24550,PE,657.49,655.83,643.39,650.03,395,45149,0.1391
2025-08-22 10:25:00,24600,CE,171.58,172.3,169.52,170.29,568,38990,0.1416
2025-08-22 10:25:00,24600,PE,707.02,720.52,706.22,708.65,468,40205,0.1387
2025-08-22 10:25:00,24650,CE,163.99,166.23,160.97,162.67,211,37263,0.1375
2025-08-22 10:25:00,24650,PE,751.39,758.94,742.46,747.52,408,36869,0.139
2025-08-22 10:25:00,24700,CE,167.53,168.54,165.79,167.45,77,34449,0.1415
2025-08-22 10:25:00,24700,PE,802.67,805.0,799.52,801.65,455,31944,0.1392
2025-08-22 10:25:00,24750,CE,175.39,173.66,172.05,172.9,63,33982,0.1406
2025-08-22 10:25:00,24750,PE,858.98,867.02,854.5,860.08,437,34643,0.141
2025-08-22 10:25:00,24800,CE,172.39,172.54,170.78,170.92,318,30369,0.1398
2025-08-22 10:25:00,24800,PE,893.24,904.29,892.34,901.49,164,28844,0.1403
2025-08-22 10:25:00,24850,CE,163.07,163.52,160.48,161.59,465,29828,0.1367
2025-08-22 10:25:00,24850,PE,950.1,956.26,942.77,955.46,225,29526,0.1428
2025-08-22 10:25:00,24900,CE,157.93,159.95,158.94,159.01,238,26348,0.1375
2025-08-22 10:25:00,24900,PE,997.05,1014.1,987.43,998.16,306,28276,0.1406
2025-08-22 10:30:00,23500,CE,745.87,755.63,744.85,746.64,124,29365,0.14
2025-08-22 10:30:00,23500,PE,173.11,172.82,171.62,172.22,42,29665,0.142
2025-08-22 10:30:00,23550,CE,688.1,693.06,687.88,689.69,610,31203,0.1373
2025-08-22 10:30:00,23550,PE,166.62,169.55,167.33,168.53,388,31567,0.1414
2025-08-22 10:30:00,23600,CE,648.67,649.53,637.53,642.75,473,34236,0.1422
2025-08-22 10:30:00,23600,PE,169.05,169.19,167.63,167.69,472,32425,0.141
2025-08-22 10:30:00,23650,CE,588.34,594.66,583.75,585.97,450,31372,0.1382
2025-08-22 10:30:00,23650,PE,162.64,164.93,161.25,162.26,629,32131,0.1396
2025-08-22 10:30:00,23700,CE,550.07,555.72,544.28,551.22,672,34538,0.1391
2025-08-22 10:30:00,23700,PE,163.9,170.2,162.54,165.79,118,30713,0.1364
2025-08-22 10:30:00,23750,CE,497.22,498.59,488.18,495.94,812,37193,0.1408
2025-08-22 10:30:00,23750,PE,185.94,189.12,183.79,185.96,288,35094,0.1423
2025-08-22 10:30:00,23800,CE,446.8,446.91,439.62,442.42,465,41771,0.1416
2025-08-22 10:30:00,23800,PE,168.92,170.02,166.66,168.62,234,39713,0.1421
2025-08-22 10:30:00,23850,CE,388.76,398.37,387.8,392.64,456,43523,0.1396
2025-08-22 10:30:00,23850,PE,159.52,162.07,158.12,161.41,788,41301,0.14
2025-08-22 10:30:00,23900,CE,351.08,350.87,348.41,350.53,252,47670,0.1402
2025-08-22 10:30:00,23900,PE,178.46,179.5,176.33,177.74,59,40992,0.143
2025-08-22 10:30:00,23950,CE,293.71,296.46,293.26,296.01,1114,51402,0.1454
2025-08-22 10:30:00,23950,PE,166.59,168.07,166.12,166.9,1069,50957,0.1411
2025-08-22 10:30:00,24000,CE,239.01,240.81,238.51,238.63,111,52915,0.1399
2025-08-22 10:30:00,24000,PE,170.1,173.87,168.93,170.42,534,53133,0.1418
2025-08-22 10:30:00,24050,CE,204.0,202.98,199.56,201.66,215,55261,0.1385
2025-08-22 10:30:00,24050,PE,166.89,167.56,167.0,167.48,960,56561,0.1411
2025-08-22 10:30:00,24100,CE,177.24,178.63,175.92,176.24,196,65959,0.14
2025-08-22 10:30:00,24100,PE,187.44,189.39,183.54,185.76,1667,65707,0.1397
2025-08-22 10:30:00,24150,CE,157.32,160.22,156.95,158.59,956,74325,0.1401
2025-08-22 10:30:00,24150,PE,240.2,245.51,242.06,243.48,1056,74223,0.1401
2025-08-22 10:30:00,24200,CE,166.08,166.42,163.56,166.26,729,81374,0.1403
2025-08-22 10:30:00,24200,PE,275.36,277.38,274.79,275.75,839,86773,0.1357
2025-08-22 10:30:00,24250,CE,150.88,150.75,150.12,150.58,227,76464,0.1395
2025-08-22 10:30:00,24250,PE,341.44,347.28,339.03,343.02,952,75424,0.1412
2025-08-22 10:30:00,24300,CE,159.83,160.31,157.14,157.35,665,70501,0.1387
2025-08-22 10:30:00,24300,PE,372.5,379.86,372.44,375.91,333,67924,0.1402
2025-08-22 10:30:00,24350,CE,162.64,165.39,161.37,163.41,340,63076,0.1413
2025-08-22 10:30:00,24350,PE,434.77,433.96,422.52,431.11,490,62787,0.1385
2025-08-22 10:30:00,24400,CE,158.9,164.06,159.66,159.86,725,56598,0.1389
2025-08-22 10:30:00,24400,PE,470.99,470.95,463.59,470.79,558,55287,0.1403
2025-08-22 10:30:00,24450,CE,161.93,162.5,159.16,162.36,217,51077,0.1385
2025-08-22 10:30:00,24450,PE,534.04,532.18,528.14,530.83,380,49359,0.1377
2025-08-22 10:30:00,24500,CE,165.79,166.39,162.17,164.92,467,48549,0.144
2025-08-22 10:30:00,24500,PE,580.45,590.93,578.06,587.18,562,48051,0.1383
2025-08-22 10:30:00,24550,CE,173.47,173.92,171.0,172.74,588,43770,0.1421
2025-08-22 10:30:00,24550,PE,629.06,634.28,619.76,621.69,657,45307,0.1403
2025-08-22 10:30:00,24600,CE,170.78,172.49,170.25,170.58,335,38615,0.1399
2025-08-22 10:30:00,24600,PE,680.67,703.87,671.73,676.88,256,40635,0.1393
2025-08-22 10:30:00,24650,CE,152.22,156.18,153.03,153.32,231,36727,0.1372
2025-08-22 10:30:00,24650,PE,736.59,743.04,739.08,741.11,151,36983,0.1424
2025-08-22 10:30:00,24700,CE,166.36,168.97,165.93,166.99,353,35029,0.1384
2025-08-22 10:30:00,24700,PE,762.67,784.11,762.65,776.36,520,31981,0.1392
2025-08-22 10:30:00,24750,CE,144.38,148.35,144.75,145.78,296,34342,0.1359
2025-08-22 10:30:00,24750,PE,841.87,848.12,826.61,842.64,34,34757,0.1397
2025-08-22 10:30:00,24800,CE,155.7,155.63,154.27,155.58,241,30708,0.1386
2025-08-22 10:30:00,24800,PE,885.2,896.78,889.75,890.66,402,29030,0.1392
2025-08-22 10:30:00,24850,CE,165.88,168.21,164.67,166.52,316,30057,0.1393
2025-08-22 10:30:00,24850,PE,940.0,956.3,940.17,942.09,280,29199,0.1398
2025-08-22 10:30:00,24900,CE,174.85,173.8,172.19,173.62,134,26638,0.1394
2025-08-22 10:30:00,24900,PE,978.24,993.67,974.88,978.5,284,27961,0.1415
2025-08-22 10:35:00,23500,CE,724.16,722.94,714.7,717.42,533,29941,0.1397
2025-08-22 10:35:00,23500,PE,153.13,152.71,151.65,151.91,383,29338,0.1399
2025-08-22 10:35:00,23550,CE,670.26,682.88,670.55,671.54,606,30887,0.1395
2025-08-22 10:35:00,23550,PE,159.92,158.86,157.64,157.99,285,31997,0.1433
2025-08-22 10:35:00,23600,CE,610.46,618.94,611.23,612.27,364,33927,0.1389
2025-08-22 10:35:00,23600,PE,149.42,151.58,149.3,150.77,65,32258,0.1398
2025-08-22 10:35:00,23650,CE,553.94,554.6,548.77,551.01,501,31629,0.1374
2025-08-22 10:35:00,23650,PE,164.22,164.97,162.25,163.66,174,31721,0.1385
2025-08-22 10:35:00,23700,CE,509.8,520.12,510.26,516.71,565,34128,0.1392
2025-08-22 10:35:00,23700,PE,170.62,174.36,169.18,172.09,63,30696,0.1378
2025-08-22 10:35:00,23750,CE,466.84,469.92,462.01,464.33,502,36885,0.1381
2025-08-22 10:35:00,23750,PE,168.28,168.67,167.6,168.15,194,34776,0.1389
2025-08-22 10:35:00,23800,CE,419.23,428.2,413.18,416.52,336,41182,0.1426
2025-08-22 10:35:00,23800,PE,163.9,164.67,161.5,164.43,26,39557,0.1397
2025-08-22 10:35:00,23850,CE,357.14,361.93,357.33,359.47,38,43304,0.1397
2025-08-22 10:35:00,23850,PE,173.08,173.72,168.04,170.7,619,40738,0.1422
2025-08-22 10:35:00,23900,CE,312.27,313.64,301.57,310.74,734,47815,0.138
2025-08-22 10:35:00,23900,PE,169.75,176.54,169.49,170.69,682,41143,0.1432
2025-08-22 10:35:00,23950,CE,262.24,264.45,256.53,262.74,1084,50886,0.1396
2025-08-22 10:35:00,23950,PE,172.65,173.67,172.06,172.34,243,50737,0.1394
2025-08-22 10:35:00,24000,CE,213.69,212.56,209.93,211.47,1067,53362,0.1369
2025-08-22 10:35:00,24000,PE,161.05,161.94,160.15,160.68,1417,53231,0.1409
2025-08-22 10:35:00,24050,CE,156.32,158.72,155.52,156.57,746,55155,0.1404
2025-08-22 10:35:00,24050,PE,167.5,166.62,163.55,166.37,133,56519,0.1402
2025-08-22 10:35:00,24100,CE,170.48,170.33,169.54,170.17,786,65608,0.1426
2025-08-22 10:35:00,24100,PE,209.85,214.94,212.61,212.93,1165,66081,0.1419
2025-08-22 10:35:00,24150,CE,154.02,156.98,155.68,155.9,411,74821,0.1404
2025-08-22 10:35:00,24150,PE,268.34,270.38,266.66,267.75,159,74715,0.1401
2025-08-22 10:35:00,24200,CE,162.24,164.78,161.12,161.28,895,81042,0.14
2025-08-22 10:35:00,24200,PE,313.86,314.07,310.67,313.78,760,86545,0.1383
2025-08-22 10:35:00,24250,CE,164.52,165.96,163.22,164.9,834,76056,0.1408
2025-08-22 10:35:00,24250,PE,372.83,376.27,366.03,369.17,267,75192,0.141
2025-08-22 10:35:00,24300,CE,170.74,170.11,168.9,169.52,200,70300,0.1361
2025-08-22 10:35:00,24300,PE,407.15,418.11,407.55,410.39,573,68083,0.1402
2025-08-22 10:35:00,24350,CE,162.88,161.15,161.0,161.14,482,62703,0.1397
2025-08-22 10:35:00,24350,PE,461.27,467.02,461.07,462.69,185,63290,0.141
2025-08-22 10:35:00,24400,CE,154.59,156.37,155.14,155.78,208,56121,0.1391
2025-08-22 10:35:00,24400,PE,533.37,525.75,515.68,524.08,366,54695,0.1411
2025-08-22 10:35:00,24450,CE,161.08,162.78,160.42,162.21,259,51502,0.1411
2025-08-22 10:35:00,24450,PE,555.94,568.25,556.15,559.29,205,49603,0.1367
2025-08-22 10:35:00,24500,CE,170.07,172.23,169.11,169.65,340,48375,0.1406
2025-08-22 10:35:00,24500,PE,618.05,632.77,619.04,626.39,456,48165,0.1407
2025-08-22 10:35:00,24550,CE,168.56,170.48,169.01,169.2,210,43438,0.1387
2025-08-22 10:35:00,24550,PE,653.35,662.67,655.38,655.92,587,44909,0.1416
2025-08-22 10:35:00,24600,CE,163.61,162.7,162.57,162.64,577,38580,0.141
2025-08-22 10:35:00,24600,PE,707.55,717.74,698.1,704.98,599,40458,0.1403
2025-08-22 10:35:00,24650,CE,173.62,178.68,174.27,176.35,324,36865,0.1411
2025-08-22 10:35:00,24650,PE,769.52,771.2,766.65,768.79,198,36644,0.14
2025-08-22 10:35:00,24700,CE,166.18,167.09,166.01,166.55,283,35224,0.1374
2025-08-22 10:35:00,24700,PE,810.32,836.73,809.51,819.79,146,32301,0.1393
2025-08-22 10:35:00,24750,CE,163.11,162.56,162.27,162.3,328,33941,0.1404
2025-08-22 10:35:00,24750,PE,849.86,867.29,857.24,858.48,478,34209,0.1393
2025-08-22 10:35:00,24800,CE,162.06,164.94,163.87,164.18,319,30635,0.1398
2025-08-22 10:35:00,24800,PE,901.06,917.83,888.62,907.45,319,29358,0.138
2025-08-22 10:35:00,24850,CE,159.15,159.25,157.92,158.79,320,30237,0.1394
2025-08-22 10:35:00,24850,PE,958.52,963.88,944.98,960.49,390,29441,0.1412
2025-08-22 10:35:00,24900,CE,161.25,162.25,160.87,161.59,361,26521,0.1392
2025-08-22 10:35:00,24900,PE,1028.1,1020.82,1014.03,1019.29,95,27642,0.1403
2025-08-22 10:40:00,23500,CE,711.44,707.72,703.23,706.21,375,29979,0.1437
2025-08-22 10:40:00,23500,PE,167.29,166.13,164.63,165.07,55,28983,0.1406
2025-08-22 10:40:00,23550,CE,672.95,670.53,667.87,668.61,624,31158,0.1416
2025-08-22 10:40:00,23550,PE,157.89,158.31,157.38,158.05,490,31633,0.142
2025-08-22 10:40:00,23600,CE,616.26,629.35,604.28,611.49,54,33676,0.1413
2025-08-22 10:40:00,23600,PE,164.76,165.39,164.15,165.38,592,32265,0.1401
2025-08-22 10:40:00,23650,CE,572.36,580.88,562.38,564.81,584,31613,0.1412
2025-08-22 10:40:00,23650,PE,165.78,166.17,165.6,165.79,369,31842,0.1388
2025-08-22 10:40:00,23700,CE,518.75,521.28,514.16,515.63,768,34052,0.1393
2025-08-22 10:40:00,23700,PE,173.31,175.71,173.41,174.41,482,31199,0.1433
2025-08-22 10:40:00,23750,CE,454.77,450.46,447.5,450.45,332,37292,0.1382
2025-08-22 10:40:00,23750,PE,165.24,164.37,161.74,163.81,472,35230,0.1393
2025-08-22 10:40:00,23800,CE,415.57,421.28,415.19,418.05,454,41337,0.1418
2025-08-22 10:40:00,23800,PE,175.02,176.64,174.21,175.76,318,39719,0.1413
2025-08-22 10:40:00,23850,CE,363.36,361.92,359.6,360.79,355,43435,0.1426
2025-08-22 10:40:00,23850,PE,156.31,159.46,153.41,156.76,835,40659,0.1422
2025-08-22 10:40:00,23900,CE,323.65,319.09,318.8,318.81,516,47601,0.1401
2025-08-22 10:40:00,23900,PE,155.76,157.08,153.95,156.23,865,41253,0.1377
2025-08-22 10:40:00,23950,CE,264.89,268.77,262.33,266.37,700,50316,0.1396
2025-08-22 10:40:00,23950,PE,160.54,163.74,160.78,161.44,166,50145,0.139
2025-08-22 10:40:00,24000,CE,214.7,214.98,209.64,212.29,1313,53783,0.1415
2025-08-22 10:40:00,24000,PE,164.57,165.74,161.91,163.49,128,52686,0.1409
2025-08-22 10:40:00,24050,CE,157.24,158.97,156.36,158.03,1395,55184,0.1387
2025-08-22 10:40:00,24050,PE,156.62,160.34,157.55,158.85,568,56656,0.1382
2025-08-22 10:40:00,24100,CE,166.5,169.11,166.62,167.01,375,65245,0.1411
2025-08-22 10:40:00,24100,PE,223.9,223.72,221.29,222.28,570,66555,0.1386
2025-08-22 10:40:00,24150,CE,161.89,164.47,162.41,163.19,1010,74449,0.1393
2025-08-22 10:40:00,24150,PE,260.42,263.64,261.82,262.74,746,75176,0.1396
2025-08-22 10:40:00,24200,CE,156.73,159.86,154.71,155.43,1104,81357,0.141
2025-08-22 10:40:00,24200,PE,319.9,324.63,317.35,319.78,166,86233,0.1406
2025-08-22 10:40:00,24250,CE,164.51,164.99,163.39,164.71,240,75636,0.1411
2025-08-22 10:40:00,24250,PE,362.79,362.69,360.88,362.06,196,74971,0.1393
2025-08-22 10:40:00,24300,CE,166.82,167.12,166.45,166.6,529,70177,0.1399
2025-08-22 10:40:00,24300,PE,407.15,414.08,411.11,412.37,404,67777,0.1425
2025-08-22 10:40:00,24350,CE,169.68,171.22,167.42,169.12,141,63301,0.1429
2025-08-22 10:40:00,24350,PE,456.76,464.67,458.86,463.39,520,62965,0.1357
2025-08-22 10:40:00,24400,CE,158.64,161.15,156.57,156.94,643,56517,0.141
2025-08-22 10:40:00,24400,PE,514.14,523.02,517.93,522.66,766,54285,0.1402
2025-08-22 10:40:00,24450,CE,170.16,170.91,169.94,170.57,473,52078,0.1418
2025-08-22 10:40:00,24450,PE,587.64,580.19,567.37,576.19,594,49273,0.1406
2025-08-22 10:40:00,24500,CE,163.71,165.59,161.7,163.07,611,48281,0.1414
2025-08-22 10:40:00,24500,PE,621.89,629.57,611.17,620.78,339,48235,0.1391
2025-08-22 10:40:00,24550,CE,166.19,166.57,164.69,166.47,496,42982,0.1406
2025-08-22 10:40:00,24550,PE,670.71,671.11,661.21,669.56,349,45289,0.14
2025-08-22 10:40:00,24600,CE,163.65,162.36,157.44,162.08,334,38309,0.1404
2025-08-22 10:40:00,24600,PE,704.13,716.94,701.43,710.7,43,40517,0.1418
2025-08-22 10:40:00,24650,CE,161.45,162.68,161.75,161.82,401,36924,0.1409
2025-08-22 10:40:00,24650,PE,758.65,782.81,758.67,765.06,555,36767,0.1407
2025-08-22 10:40:00,24700,CE,163.2,162.89,162.0,162.52,277,34690,0.1367
2025-08-22 10:40:00,24700,PE,823.28,832.29,817.53,821.82,303,31903,0.1414
2025-08-22 10:40:00,24750,CE,169.18,169.95,168.97,169.11,371,33534,0.1443
2025-08-22 10:40:00,24750,PE,861.62,866.51,859.68,864.52,462,33971,0.1399
2025-08-22 10:40:00,24800,CE,171.12,172.46,169.03,170.51,214,30208,0.1415
2025-08-22 10:40:00,24800,PE,898.09,929.46,901.26,909.17,108,29864,0.1387
2025-08-22 10:40:00,24850,CE,162.52,163.69,160.75,163.53,136,30252,0.1383
2025-08-22 10:40:00,24850,PE,960.97,983.62,969.08,975.26,453,29589,0.1403
2025-08-22 10:40:00,24900,CE,176.4,176.11,173.27,174.57,25,26349,0.1433
2025-08-22 10:40:00,24900,PE,1013.88,1028.03,1009.74,1010.35,175,27373,0.1372
2025-08-22 10:45:00,23500,CE,723.86,741.15,735.54,736.24,150,29982,0.1408
2025-08-22 10:45:00,23500,PE,171.94,173.99,169.42,171.23,229,28736,0.1419
2025-08-22 10:45:00,23550,CE,671.14,674.66,665.64,667.53,266,30970,0.141
2025-08-22 10:45:00,23550,PE,162.71,164.34,160.54,162.48,152,31576,0.1394
2025-08-22 10:45:00,23600,CE,620.07,631.16,610.81,620.93,634,33682,0.1392
2025-08-22 10:45:00,23600,PE,162.56,163.84,162.35,162.51,406,32846,0.1398
2025-08-22 10:45:00,23650,CE,568.79,578.43,568.95,571.8,447,31280,0.1406
2025-08-22 10:45:00,23650,PE,155.33,156.77,154.97,156.23,294,31827,0.1391
2025-08-22 10:45:00,23700,CE,516.59,522.11,513.33,519.08,375,33631,0.1368
2025-08-22 10:45:00,23700,PE,165.51,166.43,162.49,163.34,93,31018,0.1394
2025-08-22 10:45:00,23750,CE,479.19,483.53,476.99,479.36,771,37552,0.1433
2025-08-22 10:45:00,23750,PE,170.6,171.54,168.35,169.59,711,34839,0.1408
2025-08-22 10:45:00,23800,CE,441.92,448.6,429.59,439.82,390,41434,0.1438
2025-08-22 10:45:00,23800,PE,173.35,174.63,171.33,172.11,408,39619,0.141
2025-08-22 10:45:00,23850,CE,380.74,379.08,378.33,379.0,375,42896,0.1383
2025-08-22 10:45:00,23850,PE,158.53,157.26,155.28,156.98,871,41178,0.1382
2025-08-22 10:45:00,23900,CE,328.84,336.92,331.02,333.13,108,47497,0.1388
2025-08-22 10:45:00,23900,PE,176.16,176.78,174.22,175.52,593,41593,0.1432
2025-08-22 10:45:00,23950,CE,275.06,279.38,275.85,276.48,1255,50215,0.1373
2025-08-22 10:45:00,23950,PE,172.62,175.6,171.52,173.84,957,50669,0.1388
2025-08-22 10:45:00,24000,CE,238.72,242.5,236.71,238.21,1213,53531,0.142
2025-08-22 10:45:00,24000,PE,155.8,157.74,157.39,157.46,1195,52580,0.1365
2025-08-22 10:45:00,24050,CE,173.78,175.17,173.15,173.96,57,55494,0.1388
2025-08-22 10:45:00,24050,PE,176.25,178.93,174.83,176.93,1429,56468,0.1409
2025-08-22 10:45:00,24100,CE,166.17,167.39,166.25,167.35,735,65082,0.1383
2025-08-22 10:45:00,24100,PE,200.37,200.79,198.93,199.59,210,67148,0.1416
2025-08-22 10:45:00,24150,CE,164.79,164.55,163.32,163.82,53,74515,0.1418
2025-08-22 10:45:00,24150,PE,263.78,265.12,260.07,263.53,42,75403,0.1422
2025-08-22 10:45:00,24200,CE,156.31,158.54,156.56,157.59,1093,81529,0.138
2025-08-22 10:45:00,24200,PE,288.66,297.18,288.91,293.88,742,86626,0.1387
2025-08-22 10:45:00,24250,CE,163.31,166.5,163.07,165.09,1053,76070,0.1394
2025-08-22 10:45:00,24250,PE,346.82,352.4,345.59,347.84,263,75046,0.1391
2025-08-22 10:45:00,24300,CE,161.42,159.78,159.54,159.63,801,69930,0.1409
2025-08-22 10:45:00,24300,PE,390.12,398.97,393.88,395.06,663,67204,0.1411
2025-08-22 10:45:00,24350,CE,162.98,163.84,161.95,162.85,781,63438,0.1397
2025-08-22 10:45:00,24350,PE,439.56,440.84,434.83,437.4,664,63355,0.1369
2025-08-22 10:45:00,24400,CE,180.13,182.77,177.13,179.13,189,56457,0.1396
2025-08-22 10:45:00,24400,PE,501.71,514.39,497.84,502.6,702,53882,0.141
2025-08-22 10:45:00,24450,CE,164.34,164.26,160.58,163.68,622,51823,0.1403
2025-08-22 10:45:00,24450,PE,546.84,554.48,542.72,547.88,439,49284,0.1402
2025-08-22 10:45:00,24500,CE,159.15,163.38,157.58,159.23,485,48685,0.1406
2025-08-22 10:45:00,24500,PE,598.83,603.3,591.11,598.17,252,47841,0.1395
2025-08-22 10:45:00,24550,CE,164.47,169.6,164.92,167.97,283,43116,0.1397
2025-08-22 10:45:00,24550,PE,640.51,650.73,645.47,648.77,494,45593,0.1392
2025-08-22 10:45:00,24600,CE,160.04,162.52,161.51,162.04,215,38832,0.1362
2025-08-22 10:45:00,24600,PE,704.63,699.52,695.91,696.94,60,40057,0.1381
2025-08-22 10:45:00,24650,CE,172.4,171.6,170.95,171.12,23,37435,0.1388
2025-08-22 10:45:00,24650,PE,747.21,757.06,738.94,745.21,112,36888,0.1387
2025-08-22 10:45:00,24700,CE,169.3,170.38,166.84,167.97,446,35010,0.1421
2025-08-22 10:45:00,24700,PE,803.07,805.39,781.12,797.84,520,31367,0.1391
2025-08-22 10:45:00,24750,CE,164.35,162.85,162.38,162.52,216,33541,0.1417
2025-08-22 10:45:00,24750,PE,851.19,871.6,846.31,857.1,364,34118,0.1396
2025-08-22 10:45:00,24800,CE,161.61,161.57,158.89,160.28,280,29976,0.1416
2025-08-22 10:45:00,24800,PE,890.14,903.5,889.11,896.76,59,29781,0.1416
2025-08-22 10:45:00,24850,CE,155.78,157.08,153.14,154.64,127,30317,0.1378
2025-08-22 10:45:00,24850,PE,945.3,945.06,929.05,938.83,376,29652,0.141
2025-08-22 10:45:00,24900,CE,151.63,153.14,151.97,152.8,264,25799,0.1389
2025-08-22 10:45:00,24900,PE,986.43,1008.21,988.31,992.16,292,27300,0.1393
2025-08-22 10:50:00,23500,CE,707.23,706.64,692.7,700.37,84,29638,0.1405
2025-08-22 10:50:00,23500,PE,164.56,168.93,163.44,165.72,480,29236,0.1398
2025-08-22 10:50:00,23550,CE,650.61,663.97,648.73,656.07,336,31541,0.1418
2025-08-22 10:50:00,23550,PE,166.69,169.27,165.55,168.94,126,31335,0.1392
2025-08-22 10:50:00,23600,CE,607.99,619.63,602.93,608.95,651,33292,0.1419
2025-08-22 10:50:00,23600,PE,156.19,161.08,157.68,158.56,465,32509,0.1385
2025-08-22 10:50:00,23650,CE,551.9,565.21,555.39,555.48,257,31253,0.1404
2025-08-22 10:50:00,23650,PE,150.55,152.2,148.33,150.8,278,32276,0.1419
2025-08-22 10:50:00,23700,CE,492.62,507.64,490.3,497.74,790,33631,0.1391
2025-08-22 10:50:00,23700,PE,173.16,174.07,171.38,173.34,433,30484,0.1381
2025-08-22 10:50:00,23750,CE,444.54,444.42,439.98,440.08,218,36999,0.14
2025-08-22 10:50:00,23750,PE,164.51,165.06,161.72,163.33,760,34511,0.1401
2025-08-22 10:50:00,23800,CE,404.42,412.63,400.28,404.23,340,41845,0.142
2025-08-22 10:50:00,23800,PE,166.23,167.15,165.06,166.66,696,39764,0.1398
2025-08-22 10:50:00,23850,CE,348.08,353.73,342.1,347.72,58,42971,0.1366
2025-08-22 10:50:00,23850,PE,170.56,173.02,169.66,171.36,610,40960,0.1417
2025-08-22 10:50:00,23900,CE,290.7,297.62,291.78,292.99,902,48012,0.1428
2025-08-22 10:50:00,23900,PE,173.59,176.32,173.37,173.6,326,41390,0.1403
2025-08-22 10:50:00,23950,CE,241.69,242.46,239.1,240.47,456,50616,0.1397
2025-08-22 10:50:00,23950,PE,157.53,155.88,154.4,155.1,127,51144,0.1412
2025-08-22 10:50:00,24000,CE,195.66,197.06,194.43,195.09,1235,53511,0.1409
2025-08-22 10:50:00,24000,PE,166.63,167.25,166.6,166.8,936,53053,0.1413
2025-08-22 10:50:00,24050,CE,162.79,160.9,157.32,159.7,1330,55226,0.1367
2025-08-22 10:50:00,24050,PE,176.25,178.76,176.73,177.9,113,56658,0.1409
2025-08-22 10:50:00,24100,CE,158.65,158.74,156.09,157.26,234,64587,0.1396
2025-08-22 10:50:00,24100,PE,230.22,233.17,229.75,231.96,1441,67116,0.1401
2025-08-22 10:50:00,24150,CE,152.18,154.0,153.15,153.91,839,74175,0.142
2025-08-22 10:50:00,24150,PE,270.91,271.43,269.46,270.74,149,74878,0.1384
2025-08-22 10:50:00,24200,CE,160.18,159.7,158.84,159.1,414,80933,0.1385
2025-08-22 10:50:00,24200,PE,329.74,332.42,329.64,330.57,487,86415,0.1419
2025-08-22 10:50:00,24250,CE,162.01,164.48,158.71,160.21,544,76177,0.142
2025-08-22 10:50:00,24250,PE,378.3,379.44,376.18,378.09,325,74992,0.1396
2025-08-22 10:50:00,24300,CE,167.75,169.0,167.42,167.98,86,69692,0.14
2025-08-22 10:50:00,24300,PE,425.09,422.46,419.23,421.28,904,67793,0.1399
2025-08-22 10:50:00,24350,CE,164.67,169.54,164.98,165.78,418,63965,0.1367
2025-08-22 10:50:00,24350,PE,480.34,486.26,471.53,477.37,431,62905,0.1412
2025-08-22 10:50:00,24400,CE,158.14,162.71,159.15,161.01,679,56355,0.1411
2025-08-22 10:50:00,24400,PE,515.71,522.41,515.31,517.33,482,54060,0.137
2025-08-22 10:50:00,24450,CE,147.96,149.16,148.44,148.79,231,52103,0.1388
2025-08-22 10:50:00,24450,PE,571.64,578.98,574.4,578.54,368,49123,0.1429
2025-08-22 10:50:00,24500,CE,168.5,169.35,167.17,169.15,208,48980,0.14
2025-08-22 10:50:00,24500,PE,615.76,624.17,602.49,613.38,176,47389,0.1404
2025-08-22 10:50:00,24550,CE,173.8,174.16,172.79,173.27,558,42914,0.143
2025-08-22 10:50:00,24550,PE,688.42,687.18,684.63,685.69,408,45852,0.1429
2025-08-22 10:50:00,24600,CE,164.55,167.42,165.38,165.91,499,38982,0.1389
2025-08-22 10:50:00,24600,PE,723.47,737.11,715.44,721.25,423,40461,0.1391
2025-08-22 10:50:00,24650,CE,160.11,162.53,159.22,161.92,529,36891,0.138
2025-08-22 10:50:00,24650,PE,759.49,766.84,764.33,766.0,419,36497,0.138
2025-08-22 10:50:00,24700,CE,162.03,161.61,160.49,161.4,474,34468,0.1402
2025-08-22 10:50:00,24700,PE,831.19,850.85,825.16,835.71,137,30997,0.1432
2025-08-22 10:50:00,24750,CE,174.48,176.57,173.47,175.09,307,32946,0.141
2025-08-22 10:50:00,24750,PE,876.28,885.48,874.09,876.38,16,34123,0.1406
2025-08-22 10:50:00,24800,CE,169.0,168.57,167.5,167.61,466,30009,0.1377
2025-08-22 10:50:00,24800,PE,938.97,945.19,929.08,932.71,218,29970,0.1396
2025-08-22 10:50:00,24850,CE,161.3,161.02,160.39,160.69,256,30178,0.1382
2025-08-22 10:50:00,24850,PE,980.22,994.18,964.79,974.03,272,29055,0.138
2025-08-22 10:50:00,24900,CE,177.46,179.52,177.09,177.15,112,26007,0.1394
2025-08-22 10:50:00,24900,PE,1026.54,1035.96,1021.53,1028.03,154,26765,0.1389
2025-08-22 10:55:00,23500,CE,683.31,690.09,677.79,683.81,86,30077,0.1377
2025-08-22 10:55:00,23500,PE,159.83,160.22,157.49,159.63,213,28663,0.1433
2025-08-22 10:55:00,23550,CE,637.34,641.12,633.15,634.31,489,31577,0.1395
2025-08-22 10:55:00,23550,PE,165.85,168.55,166.67,167.11,307,31808,0.141
2025-08-22 10:55:00,23600,CE,591.81,589.23,583.04,585.82,232,33378,0.1415
2025-08-22 10:55:00,23600,PE,164.42,166.65,163.8,164.13,535,32639,0.1402
2025-08-22 10:55:00,23650,CE,544.19,538.18,532.87,533.15,170,31470,0.1405
2025-08-22 10:55:00,23650,PE,146.02,148.9,146.08,146.78,575,31822,0.1409
2025-08-22 10:55:00,23700,CE,477.51,478.99,475.21,476.04,149,33840,0.1393
2025-08-22 10:55:00,23700,PE,167.64,169.78,166.53,167.19,111,30940,0.1384
2025-08-22 10:55:00,23750,CE,425.82,428.59,424.32,426.47,112,37568,0.1386
2025-08-22 10:55:00,23750,PE,167.87,171.14,169.05,169.13,616,34442,0.1418
2025-08-22 10:55:00,23800,CE,400.67,402.12,397.64,397.75,281,41658,0.1422
2025-08-22 10:55:00,23800,PE,168.28,168.23,166.52,168.12,753,40067,0.1405
2025-08-22 10:55:00,23850,CE,341.23,347.38,334.78,340.2,246,43022,0.1427
2025-08-22 10:55:00,23850,PE,156.65,159.82,156.73,157.09,1105,40668,0.1391
2025-08-22 10:55:00,23900,CE,274.0,276.8,267.35,272.01,875,47618,0.1411
2025-08-22 10:55:00,23900,PE,165.02,166.11,162.06,163.82,1048,40994,0.1412
2025-08-22 10:55:00,23950,CE,243.32,239.48,237.42,238.55,442,50567,0.1412
2025-08-22 10:55:00,23950,PE,160.8,163.16,160.78,160.82,546,50748,0.1398
2025-08-22 10:55:00,24000,CE,193.74,194.95,190.66,193.12,1081,52934,0.1431
2025-08-22 10:55:00,24000,PE,159.74,159.27,158.86,158.91,1645,52515,0.1383
2025-08-22 10:55:00,24050,CE,171.54,174.57,167.92,171.57,561,55741,0.1418
2025-08-22 10:55:00,24050,PE,177.88,179.73,176.76,179.11,275,56145,0.1427
2025-08-22 10:55:00,24100,CE,160.86,164.88,159.53,162.11,1048,64074,0.1404
2025-08-22 10:55:00,24100,PE,235.26,238.73,234.86,235.2,1263,67057,0.1393
2025-08-22 10:55:00,24150,CE,162.38,164.54,162.66,162.73,1071,73869,0.1408
2025-08-22 10:55:00,24150,PE,283.37,283.72,281.27,283.03,190,75433,0.1409
2025-08-22 10:55:00,24200,CE,164.5,165.02,159.94,162.49,838,81426,0.142
2025-08-22 10:55:00,24200,PE,342.49,343.86,335.41,339.98,362,86300,0.1427
2025-08-22 10:55:00,24250,CE,159.37,162.96,158.0,160.62,576,76115,0.1395
2025-08-22 10:55:00,24250,PE,393.23,396.44,392.27,394.4,251,74842,0.1402
2025-08-22 10:55:00,24300,CE,164.05,166.52,161.93,163.07,552,69137,0.1413
2025-08-22 10:55:00,24300,PE,434.78,438.4,429.49,433.8,311,67544,0.1366
2025-08-22 10:55:00,24350,CE,148.8,152.66,148.56,148.8,70,63512,0.1399
2025-08-22 10:55:00,24350,PE,504.78,504.46,493.68,502.51,415,62427,0.1427
2025-08-22 10:55:00,24400,CE,167.94,171.47,169.07,169.76,270,56428,0.1382
2025-08-22 10:55:00,24400,PE,548.09,540.65,536.92,539.23,666,53578,0.1376
2025-08-22 10:55:00,24450,CE,169.39,171.36,164.2,165.43,314,51626,0.1413
2025-08-22 10:55:00,24450,PE,589.26,588.34,579.53,587.09,309,49099,0.1397
2025-08-22 10:55:00,24500,CE,162.21,164.21,162.74,162.86,530,48910,0.143
2025-08-22 10:55:00,24500,PE,642.65,641.62,628.93,636.76,618,46954,0.137
2025-08-22 10:55:00,24550,CE,174.31,172.94,171.12,172.48,42,42319,0.1428
2025-08-22 10:55:00,24550,PE,674.09,693.48,677.55,685.34,227,45483,0.1407
2025-08-22 10:55:00,24600,CE,156.27,158.05,156.46,156.51,62,38665,0.1407
2025-08-22 10:55:00,24600,PE,753.59,765.74,740.82,750.84,569,40821,0.1385
2025-08-22 10:55:00,24650,CE,158.29,160.22,157.52,158.0,18,37389,0.1387
2025-08-22 10:55:00,24650,PE,795.25,796.85,787.99,789.15,120,36384,0.1402
2025-08-22 10:55:00,24700,CE,173.15,175.95,173.25,174.8,176,34354,0.143
2025-08-22 10:55:00,24700,PE,851.01,845.69,841.83,844.39,399,31251,0.1385
2025-08-22 10:55:00,24750,CE,157.39,158.39,157.06,158.37,298,33098,0.1415
2025-08-22 10:55:00,24750,PE,899.17,910.14,886.34,889.5,363,33743,0.1365
2025-08-22 10:55:00,24800,CE,164.1,168.54,164.75,165.24,191,29538,0.1409
2025-08-22 10:55:00,24800,PE,960.42,969.3,943.85,955.72,335,29895,0.1401
2025-08-22 10:55:00,24850,CE,157.81,162.28,156.87,159.67,290,30255,0.1394
2025-08-22 10:55:00,24850,PE,1006.04,1021.61,985.58,996.2,129,28621,0.143
2025-08-22 10:55:00,24900,CE,165.56,164.29,163.52,163.72,420,25758,0.1423
2025-08-22 10:55:00,24900,PE,1035.89,1045.7,1025.05,1036.33,53,26532,0.1387
2025-08-22 11:00:00,23500,CE,662.14,670.49,663.32,668.31,579,29790,0.1419
2025-08-22 11:00:00,23500,PE,156.91,157.23,154.93,156.65,632,28615,0.1394
2025-08-22 11:00:00,23550,CE,616.8,621.76,616.61,619.37,592,31760,0.1387
2025-08-22 11:00:00,23550,PE,176.06,174.94,173.39,174.52,40,31819,0.1428
2025-08-22 11:00:00,23600,CE,566.33,564.93,558.76,564.34,313,33019,0.1396
2025-08-22 11:00:00,23600,PE,165.25,166.52,163.7,165.79,410,32162,0.1426
2025-08-22 11:00:00,23650,CE,513.97,516.96,511.4,512.98,558,31856,0.1412
2025-08-22 11:00:00,23650,PE,167.5,167.09,163.6,166.09,85,31797,0.1416
2025-08-22 11:00:00,23700,CE,471.93,471.91,469.41,470.08,570,33314,0.1412
2025-08-22 11:00:00,23700,PE,166.9,172.42,169.47,169.63,344,30649,0.1406
2025-08-22 11:00:00,23750,CE,420.88,417.25,413.47,416.19,51,37932,0.1445
2025-08-22 11:00:00,23750,PE,169.69,168.62,165.75,166.05,428,34744,0.1441
2025-08-22 11:00:00,23800,CE,369.18,370.99,358.52,367.2,619,42108,0.1426
2025-08-22 11:00:00,23800,PE,172.14,176.73,169.54,171.48,1039,40189,0.1424
2025-08-22 11:00:00,23850,CE,320.17,324.18,316.66,319.64,422,42929,0.144
2025-08-22 11:00:00,23850,PE,170.82,172.44,168.66,171.24,963,40579,0.1398
2025-08-22 11:00:00,23900,CE,255.29,258.62,255.68,256.54,694,47250,0.1382
2025-08-22 11:00:00,23900,PE,166.17,174.97,167.31,167.96,1304,41174,0.1387
2025-08-22 11:00:00,23950,CE,217.33,215.85,214.71,215.28,517,50669,0.1386
2025-08-22 11:00:00,23950,PE,178.64,177.55,174.39,175.92,624,50333,0.1403
2025-08-22 11:00:00,24000,CE,179.35,179.35,178.29,178.73,1568,53396,0.1409
2025-08-22 11:00:00,24000,PE,173.16,176.36,168.49,172.04,1498,52357,0.14
2025-08-22 11:00:00,24050,CE,145.95,146.14,144.48,145.16,411,55200,0.1385
2025-08-22 11:00:00,24050,PE,220.24,220.74,218.5,219.02,1127,55938,0.141
2025-08-22 11:00:00,24100,CE,165.8,167.87,167.32,167.4,1188,64517,0.1429
2025-08-22 11:00:00,24100,PE,251.36,255.81,254.33,254.52,189,67557,0.1418
2025-08-22 11:00:00,24150,CE,154.82,155.65,152.9,154.96,181,73857,0.1372
2025-08-22 11:00:00,24150,PE,320.16,326.47,321.96,321.98,565,75980,0.1413
2025-08-22 11:00:00,24200,CE,160.86,164.38,159.34,160.59,695,81876,0.1412
2025-08-22 11:00:00,24200,PE,363.96,366.42,363.03,364.67,632,86690,0.1412
2025-08-22 11:00:00,24250,CE,162.68,164.8,162.57,163.72,811,76546,0.144
2025-08-22 11:00:00,24250,PE,412.1,413.58,406.74,410.74,400,74700,0.1366
2025-08-22 11:00:00,24300,CE,153.14,156.1,154.0,154.92,854,69444,0.1404
2025-08-22 11:00:00,24300,PE,452.92,467.33,449.65,454.96,796,67636,0.141
2025-08-22 11:00:00,24350,CE,151.55,155.03,152.01,153.59,742,63775,0.1366
2025-08-22 11:00:00,24350,PE,513.33,518.36,514.29,515.35,596,62040,0.1374
2025-08-22 11:00:00,24400,CE,159.33,160.4,157.65,159.81,424,56705,0.1441
2025-08-22 11:00:00,24400,PE,572.03,572.8,561.35,565.42,565,54127,0.1386
2025-08-22 11:00:00,24450,CE,167.16,170.39,166.0,167.16,232,51389,0.1401
2025-08-22 11:00:00,24450,PE,630.7,634.58,626.34,628.14,667,49682,0.1387
2025-08-22 11:00:00,24500,CE,181.26,179.15,178.89,179.04,124,48764,0.1411
2025-08-22 11:00:00,24500,PE,671.33,669.15,661.93,667.46,611,46593,0.1397
2025-08-22 11:00:00,24550,CE,150.66,154.05,148.27,150.77,476,41853,0.1392
2025-08-22 11:00:00,24550,PE,708.43,706.81,700.14,705.58,115,45824,0.1353
2025-08-22 11:00:00,24600,CE,167.41,169.27,168.4,168.56,350,38730,0.1418
2025-08-22 11:00:00,24600,PE,753.08,762.57,745.67,752.15,490,40589,0.1404
2025-08-22 11:00:00,24650,CE,172.82,175.82,171.56,172.06,275,37519,0.1406
2025-08-22 11:00:00,24650,PE,821.04,822.1,800.92,815.8,401,36182,0.1434
2025-08-22 11:00:00,24700,CE,157.02,159.76,157.13,158.68,327,34292,0.1426
2025-08-22 11:00:00,24700,PE,865.11,873.11,856.49,867.67,281,31686,0.1411
2025-08-22 11:00:00,24750,CE,161.3,163.17,160.79,162.66,196,33299,0.1393
2025-08-22 11:00:00,24750,PE,896.95,924.6,899.86,902.5,459,34057,0.1384
2025-08-22 11:00:00,24800,CE,167.89,169.88,167.56,168.43,459,29638,0.1393
2025-08-22 11:00:00,24800,PE,964.23,975.34,954.33,959.35,136,30484,0.1369
2025-08-22 11:00:00,24850,CE,155.64,156.34,151.7,154.97,288,29944,0.1386
2025-08-22 11:00:00,24850,PE,1002.46,1033.67,1005.85,1008.64,145,28335,0.139
2025-08-22 11:00:00,24900,CE,166.45,165.78,162.53,164.77,355,25269,0.1397
2025-08-22 11:00:00,24900,PE,1070.38,1067.52,1056.24,1062.05,316,26596,0.1402
2025-08-22 11:05:00,23500,CE,674.35,688.1,669.76,673.11,56,29926,0.1402
2025-08-22 11:05:00,23500,PE,159.98,165.16,161.98,162.76,483,28886,0.1396
2025-08-22 11:05:00,23550,CE,627.38,628.26,624.45,627.46,365,31562,0.1425
2025-08-22 11:05:00,23550,PE,166.03,165.86,163.25,165.51,121,31233,0.137
2025-08-22 11:05:00,23600,CE,574.08,580.74,571.14,573.47,270,33177,0.141
2025-08-22 11:05:00,23600,PE,162.82,160.44,159.79,159.85,39,32760,0.1399
2025-08-22 11:05:00,23650,CE,521.59,516.13,508.15,515.11,467,31609,0.1399
2025-08-22 11:05:00,23650,PE,168.82,170.71,167.7,169.3,759,31417,0.1444
2025-08-22 11:05:00,23700,CE,467.42,470.85,469.65,470.61,820,33052,0.1382
2025-08-22 11:05:00,23700,PE,147.87,150.79,150.16,150.3,334,30559,0.1422
2025-08-22 11:05:00,23750,CE,421.01,422.98,412.36,419.92,931,37633,0.1412
2025-08-22 11:05:00,23750,PE,173.44,176.87,174.38,175.75,911,34560,0.1424
2025-08-22 11:05:00,23800,CE,368.38,374.57,366.84,368.42,306,42273,0.1412
2025-08-22 11:05:00,23800,PE,159.23,161.25,158.08,159.3,721,40003,0.1381
2025-08-22 11:05:00,23850,CE,335.55,339.5,332.57,335.85,171,42804,0.1392
2025-08-22 11:05:00,23850,PE,160.84,167.13,161.46,161.62,631,40027,0.1406
2025-08-22 11:05:00,23900,CE,268.91,275.55,267.9,270.55,122,47751,0.1389
2025-08-22 11:05:00,23900,PE,172.08,175.09,170.21,170.43,67,41062,0.1388
2025-08-22 11:05:00,23950,CE,210.9,213.97,210.42,211.2,1150,50462,0.1374
2025-08-22 11:05:00,23950,PE,170.86,174.18,172.56,172.71,753,49836,0.1408
2025-08-22 11:05:00,24000,CE,179.28,180.86,179.82,180.01,1406,53557,0.1426
2025-08-22 11:05:00,24000,PE,162.27,164.38,159.82,162.78,1504,52793,0.1375
2025-08-22 11:05:00,24050,CE,171.64,174.58,171.06,172.02,560,54649,0.1408
2025-08-22 11:05:00,24050,PE,200.9,204.87,200.91,201.02,554,55512,0.1392
2025-08-22 11:05:00,24100,CE,166.98,165.38,163.78,164.91,726,64092,0.1407
2025-08-22 11:05:00,24100,PE,249.07,250.98,245.85,250.72,1240,67679,0.1391
2025-08-22 11:05:00,24150,CE,161.72,164.5,162.62,163.98,314,74362,0.1416
2025-08-22 11:05:00,24150,PE,313.6,312.23,311.24,311.83,916,75905,0.1384
2025-08-22 11:05:00,24200,CE,169.33,170.5,168.34,168.7,170,81688,0.1384
2025-08-22 11:05:00,24200,PE,358.62,359.86,351.19,356.79,625,87009,0.1425
2025-08-22 11:05:00,24250,CE,177.94,179.08,176.29,178.54,262,76837,0.1397
2025-08-22 11:05:00,24250,PE,413.07,408.59,404.66,406.88,282,74396,0.1423
2025-08-22 11:05:00,24300,CE,156.12,156.34,155.4,156.15,398,69036,0.1397
2025-08-22 11:05:00,24300,PE,459.54,470.37,455.93,462.79,362,67465,0.1385
2025-08-22 11:05:00,24350,CE,159.55,161.13,157.39,160.04,234,64105,0.1398
2025-08-22 11:05:00,24350,PE,503.65,504.7,499.04,501.73,275,62274,0.1432
2025-08-22 11:05:00,24400,CE,151.16,152.49,150.69,151.55,539,56904,0.1366
2025-08-22 11:05:00,24400,PE,557.04,569.68,559.23,563.08,209,54522,0.1437
2025-08-22 11:05:00,24450,CE,153.73,155.27,153.54,153.87,172,51121,0.1399
2025-08-22 11:05:00,24450,PE,601.92,622.12,607.41,612.6,607,49489,0.1407
2025-08-22 11:05:00,24500,CE,169.56,170.97,167.43,167.72,454,48214,0.1393
2025-08-22 11:05:00,24500,PE,665.92,664.71,645.31,659.47,401,47035,0.1408
2025-08-22 11:05:00,24550,CE,172.37,174.84,168.93,172.71,433,41951,0.1399
2025-08-22 11:05:00,24550,PE,701.89,706.36,704.36,704.8,517,45581,0.1386
2025-08-22 11:05:00,24600,CE,152.17,156.45,153.07,154.29,221,38213,0.1363
2025-08-22 11:05:00,24600,PE,749.86,762.13,752.78,754.68,403,40857,0.1378
2025-08-22 11:05:00,24650,CE,168.83,174.1,168.64,169.22,409,37817,0.1419
2025-08-22 11:05:00,24650,PE,815.7,823.07,809.05,813.12,76,36381,0.1423
2025-08-22 11:05:00,24700,CE,156.13,155.64,153.24,155.26,394,33936,0.1363
2025-08-22 11:05:00,24700,PE,846.32,860.65,833.22,851.82,249,32181,0.1388
2025-08-22 11:05:00,24750,CE,170.01,170.55,167.05,168.88,207,33602,0.1427
2025-08-22 11:05:00,24750,PE,907.03,910.8,905.05,906.39,263,34246,0.14
2025-08-22 11:05:00,24800,CE,154.35,155.38,153.11,153.88,294,29819,0.1372
2025-08-22 11:05:00,24800,PE,955.53,965.9,950.01,961.27,365,30969,0.1387
2025-08-22 11:05:00,24850,CE,161.4,163.13,161.3,161.35,136,30457,0.1388
2025-08-22 11:05:00,24850,PE,1009.43,1009.33,1001.28,1008.4,282,28449,0.139
2025-08-22 11:05:00,24900,CE,179.66,180.68,177.91,179.26,144,25169,0.1401
2025-08-22 11:05:00,24900,PE,1042.04,1067.91,1041.02,1048.33,280,26432,0.1378
2025-08-22 11:10:00,23500,CE,700.14,724.9,700.16,703.27,182,30308,0.1381
2025-08-22 11:10:00,23500,PE,168.22,168.42,166.66,167.61,258,29059,0.1398
2025-08-22 11:10:00,23550,CE,660.79,661.04,648.07,654.63,30,31054,0.1437
2025-08-22 11:10:00,23550,PE,157.31,160.53,157.14,158.17,551,30803,0.1392
2025-08-22 11:10:00,23600,CE,601.65,615.86,602.34,603.37,554,33657,0.1408
2025-08-22 11:10:00,23600,PE,172.43,172.98,170.73,170.95,339,33221,0.1387
2025-08-22 11:10:00,23650,CE,556.17,554.44,550.03,552.3,325,32151,0.14
2025-08-22 11:10:00,23650,PE,166.82,166.36,164.04,165.94,185,31330,0.1443
2025-08-22 11:10:00,23700,CE,507.95,511.06,505.4,506.99,321,33392,0.1409
2025-08-22 11:10:00,23700,PE,159.01,160.39,158.14,160.36,47,30952,0.1386
2025-08-22 11:10:00,23750,CE,462.4,471.32,466.05,466.28,34,37411,0.1391
2025-08-22 11:10:00,23750,PE,154.44,154.67,151.5,153.33,527,34134,0.1389
2025-08-22 11:10:00,23800,CE,409.81,413.24,396.85,408.25,478,42869,0.1414
2025-08-22 11:10:00,23800,PE,170.84,171.95,168.27,171.53,792,39439,0.1382
2025-08-22 11:10:00,23850,CE,369.29,373.09,359.72,360.63,635,42920,0.143
2025-08-22 11:10:00,23850,PE,172.46,174.91,169.92,171.13,88,40207,0.1413
2025-08-22 11:10:00,23900,CE,309.18,308.2,306.28,307.87,628,47969,0.1398
2025-08-22 11:10:00,23900,PE,166.09,168.84,162.41,163.87,366,40768,0.1392
2025-08-22 11:10:00,23950,CE,247.71,249.74,245.65,247.35,997,50727,0.1407
2025-08-22 11:10:00,23950,PE,169.85,171.99,169.39,169.61,236,49495,0.1417
2025-08-22 11:10:00,24000,CE,206.86,210.62,207.9,208.75,923,53951,0.1418
2025-08-22 11:10:00,24000,PE,153.96,156.3,154.46,155.18,334,52455,0.1402
2025-08-22 11:10:00,24050,CE,173.12,176.69,173.43,173.72,1423,54885,0.1425
2025-08-22 11:10:00,24050,PE,175.01,174.24,169.98,173.96,1587,55852,0.1419
2025-08-22 11:10:00,24100,CE,164.8,167.48,164.82,165.72,1425,63718,0.1415
2025-08-22 11:10:00,24100,PE,212.65,218.11,212.16,214.04,424,67364,0.1398
2025-08-22 11:10:00,24150,CE,168.75,169.09,167.41,167.6,92,74696,0.1415
2025-08-22 11:10:00,24150,PE,290.16,289.21,288.24,288.86,867,75408,0.1421
2025-08-22 11:10:00,24200,CE,160.87,161.85,155.0,159.93,242,81316,0.1398
2025-08-22 11:10:00,24200,PE,316.96,312.78,310.7,311.6,474,86955,0.1369
2025-08-22 11:10:00,24250,CE,177.13,178.25,173.68,175.11,310,77353,0.1372
2025-08-22 11:10:00,24250,PE,359.27,363.21,355.99,360.8,232,74470,0.141
2025-08-22 11:10:00,24300,CE,158.54,159.96,157.72,158.02,418,68901,0.14
2025-08-22 11:10:00,24300,PE,421.3,426.68,417.36,421.82,774,68039,0.1401
2025-08-22 11:10:00,24350,CE,171.32,173.97,167.32,170.91,19,64061,0.1382
2025-08-22 11:10:00,24350,PE,468.8,471.67,466.82,467.68,114,62194,0.1403
2025-08-22 11:10:00,24400,CE,169.25,173.3,169.72,170.55,491,56797,0.1418
2025-08-22 11:10:00,24400,PE,516.94,518.94,508.45,517.42,252,54296,0.1359
2025-08-22 11:10:00,24450,CE,168.95,171.2,168.77,170.06,227,50911,0.1408
2025-08-22 11:10:00,24450,PE,563.85,582.86,566.64,566.84,280,49714,0.1381
2025-08-22 11:10:00,24500,CE,163.18,165.22,161.15,163.07,75,47663,0.1407
2025-08-22 11:10:00,24500,PE,630.59,627.98,616.56,624.21,356,47253,0.1418
2025-08-22 11:10:00,24550,CE,165.49,166.6,164.48,165.98,172,41592,0.1418
2025-08-22 11:10:00,24550,PE,671.87,666.18,664.67,664.86,401,45442,0.1368
2025-08-22 11:10:00,24600,CE,154.47,158.53,155.78,156.38,443,37788,0.1381
2025-08-22 11:10:00,24600,PE,723.51,723.65,705.04,716.45,81,40920,0.1415
2025-08-22 11:10:00,24650,CE,155.93,159.7,155.35,155.62,227,38092,0.1402
2025-08-22 11:10:00,24650,PE,760.73,766.26,759.47,759.94,290,36206,0.1418
2025-08-22 11:10:00,24700,CE,164.23,163.0,160.49,162.93,92,33532,0.1373
2025-08-22 11:10:00,24700,PE,809.91,829.69,816.8,818.89,406,31852,0.1394
2025-08-22 11:10:00,24750,CE,161.29,167.33,161.49,162.11,259,33983,0.1441
2025-08-22 11:10:00,24750,PE,883.64,887.72,867.38,870.18,456,33967,0.1352
2025-08-22 11:10:00,24800,CE,166.03,167.69,164.25,165.94,60,30148,0.1376
2025-08-22 11:10:00,24800,PE,941.83,936.1,921.83,928.55,334,30766,0.1398
2025-08-22 11:10:00,24850,CE,160.54,163.74,159.84,162.01,276,30083,0.1368
2025-08-22 11:10:00,24850,PE,974.98,986.21,959.9,972.82,325,28721,0.1397
2025-08-22 11:10:00,24900,CE,170.74,170.82,167.04,169.47,136,25131,0.1389
2025-08-22 11:10:00,24900,PE,1021.86,1044.28,1012.98,1018.32,152,25869,0.1425
2025-08-22 11:15:00,23500,CE,730.15,749.01,732.21,734.46,84,30859,0.1396
2025-08-22 11:15:00,23500,PE,167.01,168.12,166.17,167.38,276,28636,0.138
2025-08-22 11:15:00,23550,CE,671.02,686.03,677.92,681.84,37,30878,0.1426
2025-08-22 11:15:00,23550,PE,173.65,181.22,174.05,174.58,620,30664,0.1429
2025-08-22 11:15:00,23600,CE,626.53,637.15,622.35,631.16,673,33644,0.1372
2025-08-22 11:15:00,23600,PE,160.98,165.86,162.22,163.01,517,33563,0.142
2025-08-22 11:15:00,23650,CE,562.9,574.36,560.18,565.8,31,31558,0.1403
2025-08-22 11:15:00,23650,PE,165.66,165.47,165.18,165.22,667,31848,0.14
2025-08-22 11:15:00,23700,CE,528.48,536.22,525.61,526.4,114,33567,0.138
2025-08-22 11:15:00,23700,PE,172.08,172.02,170.08,171.38,720,31492,0.1413
2025-08-22 11:15:00,23750,CE,481.95,489.65,478.23,483.32,259,37791,0.1418
2025-08-22 11:15:00,23750,PE,167.46,167.87,164.24,167.2,550,34647,0.1436
2025-08-22 11:15:00,23800,CE,408.96,412.91,405.24,411.35,148,42990,0.1406
2025-08-22 11:15:00,23800,PE,167.44,168.98,167.19,168.0,37,39267,0.1424
2025-08-22 11:15:00,23850,CE,366.04,376.6,367.34,371.17,28,42851,0.1407
2025-08-22 11:15:00,23850,PE,163.09,164.18,163.06,164.03,827,40396,0.1424
2025-08-22 11:15:00,23900,CE,332.14,340.49,331.84,333.37,370,47881,0.1407
2025-08-22 11:15:00,23900,PE,165.03,167.58,164.88,167.28,427,41046,0.1415
2025-08-22 11:15:00,23950,CE,261.67,268.7,263.34,264.57,355,50237,0.1375
2025-08-22 11:15:00,23950,PE,162.52,168.78,163.79,164.07,656,49890,0.1401
2025-08-22 11:15:00,24000,CE,224.38,223.27,220.05,222.64,710,53596,0.1417
2025-08-22 11:15:00,24000,PE,164.82,168.34,164.47,165.12,90,52987,0.1413
2025-08-22 11:15:00,24050,CE,169.95,168.82,166.09,167.87,1309,54471,0.1397
2025-08-22 11:15:00,24050,PE,171.55,173.43,168.1,171.3,152,55406,0.1406
2025-08-22 11:15:00,24100,CE,160.0,164.26,159.22,161.13,616,64092,0.1395
2025-08-22 11:15:00,24100,PE,199.71,202.33,197.41,199.82,276,67746,0.1407
2025-08-22 11:15:00,24150,CE,156.82,158.78,156.86,156.99,25,74982,0.1399
2025-08-22 11:15:00,24150,PE,247.99,249.23,244.05,245.96,404,75960,0.1386
2025-08-22 11:15:00,24200,CE,171.95,172.04,170.56,171.28,585,81040,0.1436
2025-08-22 11:15:00,24200,PE,298.53,300.58,296.4,299.56,308,87346,0.1406
2025-08-22 11:15:00,24250,CE,168.55,169.57,167.57,168.76,445,77175,0.1429
2025-08-22 11:15:00,24250,PE,348.57,352.78,347.58,348.92,798,74514,0.1412
2025-08-22 11:15:00,24300,CE,165.87,165.51,162.6,164.94,651,68835,0.1376
2025-08-22 11:15:00,24300,PE,405.6,410.57,404.71,408.42,77,67446,0.1403
2025-08-22 11:15:00,24350,CE,167.18,172.14,166.46,168.75,48,64150,0.1411
2025-08-22 11:15:00,24350,PE,426.94,431.35,422.37,428.71,462,62491,0.1375
2025-08-22 11:15:00,24400,CE,167.39,168.89,165.13,167.53,730,56406,0.1418
2025-08-22 11:15:00,24400,PE,501.44,518.55,503.8,506.78,780,54813,0.1418
2025-08-22 11:15:00,24450,CE,162.82,166.36,165.23,166.35,468,50947,0.1407
2025-08-22 11:15:00,24450,PE,552.91,553.43,546.6,551.39,143,49327,0.1381
2025-08-22 11:15:00,24500,CE,166.99,171.02,170.93,170.97,24,47838,0.1415
2025-08-22 11:15:00,24500,PE,598.95,595.33,589.51,594.49,309,46883,0.1387
2025-08-22 11:15:00,24550,CE,168.38,171.42,168.38,169.3,96,41068,0.1383
2025-08-22 11:15:00,24550,PE,652.62,659.31,654.74,656.52,423,45664,0.139
2025-08-22 11:15:00,24600,CE,166.31,165.43,164.75,164.97,391,37320,0.1395
2025-08-22 11:15:00,24600,PE,695.9,693.78,689.65,693.01,35,40447,0.1405
2025-08-22 11:15:00,24650,CE,170.34,173.45,171.5,171.8,437,38379,0.1402
2025-08-22 11:15:00,24650,PE,740.73,742.9,739.44,739.81,177,35672,0.1399
2025-08-22 11:15:00,24700,CE,167.28,170.17,166.55,167.39,180,33903,0.1415
2025-08-22 11:15:00,24700,PE,800.28,814.66,797.12,797.84,86,32207,0.1393
2025-08-22 11:15:00,24750,CE,163.51,170.17,162.1,164.09,245,33552,0.1359
2025-08-22 11:15:00,24750,PE,853.46,858.88,853.41,855.47,484,33989,0.1445
2025-08-22 11:15:00,24800,CE,164.11,164.38,163.47,163.75,333,29663,0.1354
2025-08-22 11:15:00,24800,PE,899.44,914.63,897.27,900.55,188,30925,0.139
2025-08-22 11:15:00,24850,CE,165.88,166.76,164.67,164.98,306,29558,0.1396
2025-08-22 11:15:00,24850,PE,938.88,950.76,941.66,947.22,287,29254,0.14
2025-08-22 11:15:00,24900,CE,153.22,151.68,150.43,151.61,354,24780,0.1382
2025-08-22 11:15:00,24900,PE,1011.95,1002.03,995.16,998.78,410,26088,0.1429
2025-08-22 11:20:00,23500,CE,751.36,766.2,736.49,760.08,41,30412,0.1433
2025-08-22 11:20:00,23500,PE,150.11,155.09,149.63,151.39,530,28287,0.1369
2025-08-22 11:20:00,23550,CE,721.61,721.19,714.15,720.6,68,30819,0.1388
2025-08-22 11:20:00,23550,PE,172.56,171.05,169.97,170.16,325,30751,0.1366
2025-08-22 11:20:00,23600,CE,658.27,656.94,647.67,654.01,432,34242,0.1399
2025-08-22 11:20:00,23600,PE,160.11,159.4,157.14,158.64,496,32994,0.1411
2025-08-22 11:20:00,23650,CE,610.27,622.56,607.25,612.31,71,30958,0.1374
2025-08-22 11:20:00,23650,PE,165.49,169.12,164.3,166.07,281,31668,0.1391
2025-08-22 11:20:00,23700,CE,573.45,567.85,566.41,566.46,698,33406,0.143
2025-08-22 11:20:00,23700,PE,176.03,181.47,174.71,175.57,34,31952,0.1426
2025-08-22 11:20:00,23750,CE,517.94,526.35,521.25,522.2,220,38286,0.1432
2025-08-22 11:20:00,23750,PE,171.0,173.74,169.87,171.62,628,35103,0.1412
2025-08-22 11:20:00,23800,CE,464.52,465.52,455.94,461.77,723,42561,0.1394
2025-08-22 11:20:00,23800,PE,174.25,174.31,169.73,172.44,556,39161,0.1402
2025-08-22 11:20:00,23850,CE,415.41,422.82,416.07,417.0,611,43146,0.1442
2025-08-22 11:20:00,23850,PE,170.72,173.45,170.78,171.46,490,40171,0.1409
2025-08-22 11:20:00,23900,CE,361.12,358.0,355.23,356.2,978,48076,0.1374
2025-08-22 11:20:00,23900,PE,166.16,170.16,166.19,168.34,946,40730,0.1416
2025-08-22 11:20:00,23950,CE,298.86,306.47,301.9,302.62,1004,50025,0.1392
2025-08-22 11:20:00,23950,PE,164.18,163.88,163.37,163.45,560,50322,0.1422
2025-08-22 11:20:00,24000,CE,250.16,253.44,251.62,252.54,495,53296,0.1354
2025-08-22 11:20:00,24000,PE,173.4,174.77,173.21,174.34,1243,53544,0.1412
2025-08-22 11:20:00,24050,CE,210.96,211.6,210.55,210.62,505,54238,0.1415
2025-08-22 11:20:00,24050,PE,163.72,163.65,161.6,162.05,376,54834,0.1402
2025-08-22 11:20:00,24100,CE,169.01,170.42,167.65,169.11,975,63797,0.1425
2025-08-22 11:20:00,24100,PE,163.14,165.18,162.84,164.26,1482,67351,0.141
2025-08-22 11:20:00,24150,CE,163.41,166.0,161.92,163.18,951,74990,0.1392
2025-08-22 11:20:00,24150,PE,228.23,232.12,228.64,230.41,917,75495,0.1441
2025-08-22 11:20:00,24200,CE,160.02,160.15,156.38,158.82,613,81191,0.1415
2025-08-22 11:20:00,24200,PE,275.75,278.38,276.71,277.0,454,87795,0.1414
2025-08-22 11:20:00,24250,CE,163.54,164.06,159.85,161.73,614,77010,0.1376
2025-08-22 11:20:00,24250,PE,329.38,331.0,328.72,329.27,53,74116,0.1426
2025-08-22 11:20:00,24300,CE,164.33,163.89,160.82,163.59,497,68715,0.1392
2025-08-22 11:20:00,24300,PE,375.4,376.14,370.84,372.68,896,67789,0.1398
2025-08-22 11:20:00,24350,CE,160.79,160.58,158.3,159.35,160,64259,0.1392
2025-08-22 11:20:00,24350,PE,419.65,422.33,421.34,422.17,431,62012,0.1404
2025-08-22 11:20:00,24400,CE,171.03,171.96,169.2,169.78,571,56450,0.1373
2025-08-22 11:20:00,24400,PE,468.96,481.44,471.7,474.53,87,54774,0.1439
2025-08-22 11:20:00,24450,CE,164.15,164.01,161.88,162.59,577,50739,0.1402
2025-08-22 11:20:00,24450,PE,522.24,531.07,523.91,526.51,288,48859,0.1386
2025-08-22 11:20:00,24500,CE,172.97,173.27,171.17,173.01,158,48415,0.14
2025-08-22 11:20:00,24500,PE,575.91,578.12,563.67,573.51,456,46494,0.139
2025-08-22 11:20:00,24550,CE,154.77,155.58,152.64,154.5,333,40699,0.1382
2025-08-22 11:20:00,24550,PE,615.72,619.42,614.98,616.07,306,45238,0.1373
2025-08-22 11:20:00,24600,CE,171.74,172.88,170.72,172.11,397,37404,0.141
2025-08-22 11:20:00,24600,PE,685.6,691.21,674.28,685.12,406,40379,0.1466
2025-08-22 11:20:00,24650,CE,173.71,174.34,171.06,171.3,177,38078,0.1387
2025-08-22 11:20:00,24650,PE,732.12,743.82,728.8,729.45,136,35587,0.1398
2025-08-22 11:20:00,24700,CE,164.63,165.97,162.26,164.23,259,34111,0.142
2025-08-22 11:20:00,24700,PE,777.32,778.0,761.97,772.89,38,31945,0.1389
2025-08-22 11:20:00,24750,CE,176.01,176.57,173.89,176.07,456,34050,0.1407
2025-08-22 11:20:00,24750,PE,828.92,848.12,816.44,825.65,497,33756,0.1402
2025-08-22 11:20:00,24800,CE,164.83,165.37,162.5,164.13,76,29300,0.14
2025-08-22 11:20:00,24800,PE,888.58,875.25,866.82,874.7,74,31470,0.1424
2025-08-22 11:20:00,24850,CE,160.89,163.07,160.18,161.79,426,29930,0.1395
2025-08-22 11:20:00,24850,PE,929.56,941.31,919.62,924.12,353,29065,0.1422
2025-08-22 11:20:00,24900,CE,158.05,159.69,155.75,156.8,222,25189,0.1399
2025-08-22 11:20:00,24900,PE,964.69,974.0,956.18,970.88,375,26110,0.1359
2025-08-22 11:25:00,23500,CE,700.73,716.16,695.96,702.76,513,30228,0.139
2025-08-22 11:25:00,23500,PE,152.61,153.4,151.42,152.65,258,28694,0.139
2025-08-22 11:25:00,23550,CE,648.49,655.01,647.09,651.16,251,31121,0.1406
2025-08-22 11:25:00,23550,PE,172.82,172.73,169.99,171.55,301,30508,0.1435
2025-08-22 11:25:00,23600,CE,607.49,613.15,608.27,611.52,161,34370,0.1434
2025-08-22 11:25:00,23600,PE,168.77,168.85,162.79,165.92,339,32837,0.1423
2025-08-22 11:25:00,23650,CE,549.82,556.23,541.53,547.49,559,30359,0.1386
2025-08-22 11:25:00,23650,PE,182.59,184.24,183.15,183.17,80,32222,0.1442
2025-08-22 11:25:00,23700,CE,511.92,522.05,509.73,512.72,541,33465,0.1405
2025-08-22 11:25:00,23700,PE,177.8,177.47,176.36,176.54,25,32070,0.1432
2025-08-22 11:25:00,23750,CE,440.8,444.99,433.38,439.9,391,38405,0.1424
2025-08-22 11:25:00,23750,PE,175.33,175.82,174.03,175.31,49,35163,0.1424
2025-08-22 11:25:00,23800,CE,396.7,400.49,392.8,399.59,564,42309,0.1403
2025-08-22 11:25:00,23800,PE,166.85,171.31,165.57,168.09,67,39726,0.1417
2025-08-22 11:25:00,23850,CE,350.35,351.58,348.13,349.38,763,43292,0.1393
2025-08-22 11:25:00,23850,PE,157.75,159.45,157.13,157.83,824,40376,0.1387
2025-08-22 11:25:00,23900,CE,297.26,304.16,293.57,297.95,177,48021,0.1399
2025-08-22 11:25:00,23900,PE,176.26,180.23,174.47,176.04,1066,40475,0.1458
2025-08-22 11:25:00,23950,CE,247.49,249.86,245.69,246.28,1323,49502,0.1392
2025-08-22 11:25:00,23950,PE,168.41,169.71,167.14,168.68,464,50142,0.142
2025-08-22 11:25:00,24000,CE,210.63,209.05,205.47,208.89,981,52907,0.1405
2025-08-22 11:25:00,24000,PE,155.29,157.1,152.18,155.0,380,53738,0.1428
2025-08-22 11:25:00,24050,CE,162.78,163.68,161.24,161.52,513,54692,0.1403
2025-08-22 11:25:00,24050,PE,179.15,182.82,177.79,178.72,1513,54597,0.1403
2025-08-22 11:25:00,24100,CE,160.01,160.82,157.75,160.45,838,63596,0.1423
2025-08-22 11:25:00,24100,PE,226.35,231.52,222.88,226.23,525,67555,0.1424
2025-08-22 11:25:00,24150,CE,154.81,157.74,155.92,156.3,392,74569,0.1373
2025-08-22 11:25:00,24150,PE,283.14,283.03,275.91,277.5,349,76010,0.1401
2025-08-22 11:25:00,24200,CE,153.15,155.82,152.72,153.03,310,81027,0.1409
2025-08-22 11:25:00,24200,PE,339.83,348.96,336.67,337.47,724,87316,0.139
2025-08-22 11:25:00,24250,CE,173.24,174.78,170.31,173.34,287,76619,0.142
2025-08-22 11:25:00,24250,PE,371.98,376.22,374.6,375.54,947,74635,0.141
2025-08-22 11:25:00,24300,CE,158.71,159.97,157.38,158.16,705,68411,0.1362
2025-08-22 11:25:00,24300,PE,433.54,434.36,428.62,434.32,578,67983,0.1402
2025-08-22 11:25:00,24350,CE,157.59,154.51,153.52,154.32,740,63846,0.1425
2025-08-22 11:25:00,24350,PE,474.15,481.41,470.0,478.17,629,61644,0.1425
2025-08-22 11:25:00,24400,CE,166.67,167.31,166.63,166.68,450,56905,0.1414
2025-08-22 11:25:00,24400,PE,515.2,519.31,511.97,517.77,60,54351,0.1403
2025-08-22 11:25:00,24450,CE,165.18,166.97,165.52,165.69,592,50161,0.1425
2025-08-22 11:25:00,24450,PE,569.99,570.79,566.46,569.43,501,48860,0.138
2025-08-22 11:25:00,24500,CE,156.65,157.18,153.85,155.43,241,48850,0.1413
2025-08-22 11:25:00,24500,PE,619.34,619.04,607.68,613.17,576,46285,0.141
2025-08-22 11:25:00,24550,CE,163.92,164.85,162.3,163.38,13,40252,0.1385
2025-08-22 11:25:00,24550,PE,675.48,688.52,678.8,679.74,77,45816,0.1391
2025-08-22 11:25:00,24600,CE,170.8,173.18,171.04,171.07,359,37616,0.1385
2025-08-22 11:25:00,24600,PE,726.42,730.74,718.57,719.6,145,40799,0.1364
2025-08-22 11:25:00,24650,CE,162.49,165.29,162.85,163.17,409,38380,0.138
2025-08-22 11:25:00,24650,PE,787.86,783.3,780.62,780.64,268,35824,0.14
2025-08-22 11:25:00,24700,CE,155.54,158.38,155.75,157.09,293,33972,0.1409
2025-08-22 11:25:00,24700,PE,806.57,813.44,804.98,812.36,320,31734,0.1354
2025-08-22 11:25:00,24750,CE,148.49,146.38,145.51,146.04,482,34310,0.141
2025-08-22 11:25:00,24750,PE,857.86,891.16,865.4,869.7,376,34016,0.1361
2025-08-22 11:25:00,24800,CE,165.33,167.3,166.78,166.84,220,29840,0.1445
2025-08-22 11:25:00,24800,PE,939.42,942.07,920.76,930.96,106,31552,0.142
2025-08-22 11:25:00,24850,CE,162.55,166.57,164.25,164.65,38,29683,0.1419
2025-08-22 11:25:00,24850,PE,957.88,971.7,961.7,970.62,267,29052,0.1395
2025-08-22 11:25:00,24900,CE,157.43,158.93,156.17,157.34,413,25325,0.1389
2025-08-22 11:25:00,24900,PE,1047.16,1030.07,1021.84,1027.59,184,26022,0.1408
2025-08-22 11:30:00,23500,CE,715.78,721.51,701.18,712.58,377,30577,0.1409
2025-08-22 11:30:00,23500,PE,163.53,165.22,163.47,164.68,176,28795,0.1389
2025-08-22 11:30:00,23550,CE,659.11,665.65,656.62,658.46,378,30532,0.1431
2025-08-22 11:30:00,23550,PE,170.44,174.03,166.63,169.71,594,30591,0.1411
2025-08-22 11:30:00,23600,CE,603.73,622.9,601.17,604.33,177,34530,0.1406
2025-08-22 11:30:00,23600,PE,163.08,163.59,160.41,162.97,475,33335,0.1389
2025-08-22 11:30:00,23650,CE,557.76,555.01,552.59,553.13,37,30255,0.1417
2025-08-22 11:30:00,23650,PE,169.01,170.29,166.6,169.6,144,32311,0.1403
2025-08-22 11:30:00,23700,CE,506.01,507.84,497.43,503.08,411,33434,0.1391
2025-08-22 11:30:00,23700,PE,150.22,155.57,152.7,152.9,793,32107,0.1344
2025-08-22 11:30:00,23750,CE,462.92,470.8,460.23,461.02,369,37885,0.1416
2025-08-22 11:30:00,23750,PE,155.85,160.16,154.76,156.88,264,35639,0.1423
2025-08-22 11:30:00,23800,CE,411.13,414.42,407.24,408.22,444,42801,0.1394
2025-08-22 11:30:00,23800,PE,159.45,160.26,156.85,157.95,520,39783,0.1376
2025-08-22 11:30:00,23850,CE,358.33,362.76,358.63,360.27,468,43359,0.1432
2025-08-22 11:30:00,23850,PE,155.15,158.43,156.36,156.48,87,39845,0.1409
2025-08-22 11:30:00,23900,CE,297.54,302.06,293.45,297.62,578,48138,0.1378
2025-08-22 11:30:00,23900,PE,161.6,166.35,160.7,162.0,666,40389,0.1415
2025-08-22 11:30:00,23950,CE,255.53,255.76,253.51,254.83,414,49752,0.1406
2025-08-22 11:30:00,23950,PE,165.92,167.61,163.25,166.34,828,49598,0.1376
2025-08-22 11:30:00,24000,CE,200.34,201.64,199.31,200.41,723,53160,0.1394
2025-08-22 11:30:00,24000,PE,171.39,169.84,169.2,169.77,1235,53482,0.1423
2025-08-22 11:30:00,24050,CE,171.16,168.63,165.97,167.71,1613,54874,0.1416
2025-08-22 11:30:00,24050,PE,178.47,178.92,175.15,178.85,778,54749,0.1413
2025-08-22 11:30:00,24100,CE,160.02,160.76,158.55,159.04,1295,63268,0.1404
2025-08-22 11:30:00,24100,PE,227.77,229.27,226.85,227.59,244,67483,0.1428
2025-08-22 11:30:00,24150,CE,168.27,168.63,166.87,167.67,127,74971,0.1407
2025-08-22 11:30:00,24150,PE,257.7,264.25,257.55,261.24,1254,76136,0.1394
2025-08-22 11:30:00,24200,CE,157.91,157.25,155.16,155.69,1121,80509,0.1428
2025-08-22 11:30:00,24200,PE,320.79,326.03,320.6,322.11,730,87247,0.1403
2025-08-22 11:30:00,24250,CE,160.13,162.79,160.17,161.28,296,76393,0.1397
2025-08-22 11:30:00,24250,PE,367.74,368.04,364.16,367.16,567,74804,0.1389
2025-08-22 11:30:00,24300,CE,164.15,166.76,162.84,163.89,165,68548,0.1358
2025-08-22 11:30:00,24300,PE,427.82,432.3,425.16,428.89,863,67395,0.14
2025-08-22 11:30:00,24350,CE,172.19,170.82,168.59,170.63,749,63975,0.1421
2025-08-22 11:30:00,24350,PE,465.86,472.1,466.49,467.34,300,61925,0.1417
2025-08-22 11:30:00,24400,CE,161.12,162.65,161.09,161.34,489,57227,0.1387
2025-08-22 11:30:00,24400,PE,518.93,529.42,523.9,527.4,75,53821,0.1405
2025-08-22 11:30:00,24450,CE,164.66,166.76,164.63,166.38,471,49925,0.1416
2025-08-22 11:30:00,24450,PE,570.72,571.91,555.71,567.07,182,48765,0.1402
2025-08-22 11:30:00,24500,CE,160.28,159.87,158.43,159.73,494,48465,0.1416
2025-08-22 11:30:00,24500,PE,628.09,628.92,612.39,618.49,660,46189,0.1417
2025-08-22 11:30:00,24550,CE,169.38,169.64,168.64,168.91,104,39737,0.141
2025-08-22 11:30:00,24550,PE,680.65,683.1,679.66,681.53,546,45351,0.1396
2025-08-22 11:30:00,24600,CE,172.1,172.18,171.59,171.85,255,37818,0.1399
2025-08-22 11:30:00,24600,PE,720.18,727.63,706.19,713.05,311,40514,0.1392
2025-08-22 11:30:00,24650,CE,172.98,175.1,169.12,170.73,69,38633,0.1378
2025-08-22 11:30:00,24650,PE,765.63,774.39,762.25,769.31,280,35281,0.1415
2025-08-22 11:30:00,24700,CE,165.56,166.76,163.09,165.76,103,34047,0.1405
2025-08-22 11:30:00,24700,PE,826.76,838.05,827.4,829.28,97,31603,0.141
2025-08-22 11:30:00,24750,CE,162.98,164.97,162.43,163.06,70,34666,0.1409
2025-08-22 11:30:00,24750,PE,882.25,884.93,861.92,878.55,322,34356,0.1384
2025-08-22 11:30:00,24800,CE,156.61,156.21,155.14,155.58,32,29690,0.1411
2025-08-22 11:30:00,24800,PE,937.29,956.03,923.56,930.24,134,31699,0.1405
2025-08-22 11:30:00,24850,CE,179.7,180.12,177.51,178.48,379,29356,0.1412
2025-08-22 11:30:00,24850,PE,998.49,995.31,981.34,984.82,355,29148,0.1417
2025-08-22 11:30:00,24900,CE,160.65,158.95,158.39,158.64,363,24822,0.1359
2025-08-22 11:30:00,24900,PE,1031.08,1029.98,1018.96,1021.55,435,25943,0.1408
2025-08-22 11:35:00,23500,CE,687.49,691.94,683.43,685.74,182,30196,0.1409
2025-08-22 11:35:00,23500,PE,170.01,173.36,169.53,169.6,616,29255,0.1392
2025-08-22 11:35:00,23550,CE,634.67,642.32,636.6,638.47,97,30465,0.1384
2025-08-22 11:35:00,23550,PE,171.79,173.52,170.15,171.47,492,30699,0.1443
2025-08-22 11:35:00,23600,CE,599.38,612.98,583.2,592.84,144,34362,0.1407
2025-08-22 11:35:00,23600,PE,161.81,164.21,161.12,161.4,270,33081,0.1403
2025-08-22 11:35:00,23650,CE,546.86,544.18,540.07,542.05,739,29898,0.1434
2025-08-22 11:35:00,23650,PE,169.27,171.29,169.79,170.68,547,32805,0.1423
2025-08-22 11:35:00,23700,CE,488.07,489.04,481.1,485.89,665,33793,0.1381
2025-08-22 11:35:00,23700,PE,165.94,167.68,164.52,166.02,144,31666,0.1426
2025-08-22 11:35:00,23750,CE,434.52,438.91,431.76,432.03,715,38181,0.1368
2025-08-22 11:35:00,23750,PE,162.17,161.64,159.54,161.25,678,35541,0.141
2025-08-22 11:35:00,23800,CE,375.06,376.6,373.62,375.59,531,42219,0.1392
2025-08-22 11:35:00,23800,PE,166.5,167.83,167.54,167.62,303,39817,0.1375
2025-08-22 11:35:00,23850,CE,339.87,338.82,335.49,336.14,155,42915,0.1398
2025-08-22 11:35:00,23850,PE,161.17,163.05,159.46,161.4,67,39496,0.1369
2025-08-22 11:35:00,23900,CE,277.43,283.47,275.14,282.19,1242,48373,0.1383
2025-08-22 11:35:00,23900,PE,169.28,173.27,169.93,169.94,1187,40097,0.138
2025-08-22 11:35:00,23950,CE,235.88,234.41,231.18,233.4,865,50222,0.1391
2025-08-22 11:35:00,23950,PE,165.0,164.24,162.5,163.69,518,49786,0.1412
2025-08-22 11:35:00,24000,CE,197.94,198.41,194.81,196.83,1164,53558,0.141
2025-08-22 11:35:00,24000,PE,164.11,164.95,164.1,164.31,1618,53620,0.1391
2025-08-22 11:35:00,24050,CE,155.08,156.63,155.35,156.15,962,55316,0.1372
2025-08-22 11:35:00,24050,PE,195.86,199.71,193.85,194.24,1126,54583,0.1424
2025-08-22 11:35:00,24100,CE,159.17,159.82,157.42,159.28,893,63326,0.1398
2025-08-22 11:35:00,24100,PE,243.16,245.43,245.02,245.12,338,67502,0.1411
2025-08-22 11:35:00,24150,CE,169.35,169.02,168.09,168.37,775,75455,0.1402
2025-08-22 11:35:00,24150,PE,292.37,295.72,292.56,292.92,723,75733,0.1406
2025-08-22 11:35:00,24200,CE,165.12,165.5,164.67,164.9,1082,80602,0.1411
2025-08-22 11:35:00,24200,PE,340.57,350.15,338.93,341.94,327,87552,0.138
2025-08-22 11:35:00,24250,CE,164.99,167.67,164.57,164.91,389,76237,0.1457
2025-08-22 11:35:00,24250,PE,393.53,402.91,394.14,394.8,831,75245,0.1399
2025-08-22 11:35:00,24300,CE,167.61,171.36,163.56,166.79,478,68395,0.1364
2025-08-22 11:35:00,24300,PE,441.24,452.06,444.85,447.69,777,67002,0.1374
2025-08-22 11:35:00,24350,CE,155.58,158.81,155.49,157.14,619,64075,0.1384
2025-08-22 11:35:00,24350,PE,473.88,482.43,471.37,480.72,706,61829,0.1406
2025-08-22 11:35:00,24400,CE,168.17,168.04,164.8,166.21,635,56645,0.138
2025-08-22 11:35:00,24400,PE,552.73,554.46,544.79,551.1,580,53304,0.1384
2025-08-22 11:35:00,24450,CE,168.96,172.72,170.14,170.19,459,49559,0.1414
2025-08-22 11:35:00,24450,PE,590.57,592.24,578.89,587.64,682,49088,0.1399
2025-08-22 11:35:00,24500,CE,169.45,173.72,169.44,172.34,78,48935,0.1412
2025-08-22 11:35:00,24500,PE,636.07,646.62,634.61,635.26,174,46243,0.138
2025-08-22 11:35:00,24550,CE,171.95,175.65,173.72,174.5,62,39263,0.1439
2025-08-22 11:35:00,24550,PE,689.22,701.19,691.81,693.06,157,45392,0.1403
2025-08-22 11:35:00,24600,CE,165.41,168.22,165.23,165.99,321,38244,0.1381
2025-08-22 11:35:00,24600,PE,744.07,739.96,732.06,737.85,104,40813,0.1386
2025-08-22 11:35:00,24650,CE,169.42,171.32,167.22,168.26,12,38382,0.1395
2025-08-22 11:35:00,24650,PE,781.69,789.24,783.81,786.14,103,34829,0.1417
2025-08-22 11:35:00,24700,CE,154.19,156.01,153.32,154.15,309,34527,0.1406
2025-08-22 11:35:00,24700,PE,846.43,846.97,836.67,841.1,351,32027,0.1401
2025-08-22 11:35:00,24750,CE,160.9,162.59,159.88,161.42,297,34130,0.1401
2025-08-22 11:35:00,24750,PE,899.08,913.27,892.6,901.01,177,34744,0.1387
2025-08-22 11:35:00,24800,CE,164.12,168.83,164.58,165.77,28,29206,0.1394
2025-08-22 11:35:00,24800,PE,917.36,951.16,930.24,935.15,395,31174,0.1391
2025-08-22 11:35:00,24850,CE,167.47,171.73,167.82,168.17,433,29666,0.1392
2025-08-22 11:35:00,24850,PE,994.22,1009.21,992.42,994.61,303,29191,0.1398
2025-08-22 11:35:00,24900,CE,162.73,164.77,162.29,162.79,45,24719,0.1399
2025-08-22 11:35:00,24900,PE,1048.08,1043.31,1025.87,1034.7,350,26427,0.1397
2025-08-22 11:40:00,23500,CE,698.46,718.97,687.31,701.57,280,30603,0.1383
2025-08-22 11:40:00,23500,PE,163.8,164.07,161.95,164.02,480,28724,0.1361
2025-08-22 11:40:00,23550,CE,641.9,655.5,645.77,648.14,410,30604,0.1411
2025-08-22 11:40:00,23550,PE,163.01,163.75,159.38,163.54,360,31025,0.1414
2025-08-22 11:40:00,23600,CE,598.37,608.69,598.38,599.67,625,34422,0.1412
2025-08-22 11:40:00,23600,PE,163.0,164.48,162.72,164.07,232,33660,0.1451
2025-08-22 11:40:00,23650,CE,547.5,555.04,543.07,547.89,727,30121,0.1421
2025-08-22 11:40:00,23650,PE,160.05,159.67,158.36,159.64,487,32329,0.1385
2025-08-22 11:40:00,23700,CE,503.47,508.34,501.9,502.81,335,33430,0.1416
2025-08-22 11:40:00,23700,PE,163.2,163.77,160.2,161.64,426,32057,0.1405
2025-08-22 11:40:00,23750,CE,444.19,456.0,443.54,449.62,210,38777,0.1389
2025-08-22 11:40:00,23750,PE,161.91,166.66,160.03,163.28,127,35059,0.1405
2025-08-22 11:40:00,23800,CE,394.76,406.09,393.9,399.33,950,41739,0.1433
2025-08-22 11:40:00,23800,PE,155.39,159.38,156.17,156.45,721,40133,0.1425
2025-08-22 11:40:00,23850,CE,362.51,362.3,356.27,361.57,368,42392,0.1409
2025-08-22 11:40:00,23850,PE,150.52,152.2,150.29,150.95,345,38978,0.1423
2025-08-22 11:40:00,23900,CE,296.79,306.49,298.1,300.21,820,48839,0.1442
2025-08-22 11:40:00,23900,PE,172.85,174.46,172.95,173.34,1208,40457,0.1405
2025-08-22 11:40:00,23950,CE,244.91,246.31,239.04,243.85,1073,50679,0.1429
2025-08-22 11:40:00,23950,PE,162.92,163.79,161.82,162.77,1066,49966,0.1399
2025-08-22 11:40:00,24000,CE,214.06,216.67,206.66,211.3,1593,53345,0.1417
2025-08-22 11:40:00,24000,PE,167.74,166.21,164.85,165.13,675,54107,0.1404
2025-08-22 11:40:00,24050,CE,161.49,163.26,162.29,162.5,549,55074,0.1413
2025-08-22 11:40:00,24050,PE,186.54,187.23,183.75,184.42,283,54313,0.1437
2025-08-22 11:40:00,24100,CE,159.58,164.01,159.6,161.68,874,63789,0.1424
2025-08-22 11:40:00,24100,PE,225.23,230.54,224.52,226.67,219,67718,0.141
2025-08-22 11:40:00,24150,CE,171.45,173.99,170.24,170.97,979,75929,0.1415
2025-08-22 11:40:00,24150,PE,266.95,275.93,269.65,272.81,958,75320,0.1423
2025-08-22 11:40:00,24200,CE,175.79,176.94,175.07,175.67,561,81144,0.1419
2025-08-22 11:40:00,24200,PE,343.76,347.6,338.95,340.74,1026,87687,0.1403
2025-08-22 11:40:00,24250,CE,169.3,172.19,170.79,171.33,976,76438,0.1426
2025-08-22 11:40:00,24250,PE,374.45,386.22,376.01,380.77,81,75741,0.137
2025-08-22 11:40:00,24300,CE,164.92,166.42,164.17,165.44,167,68251,0.1392
2025-08-22 11:40:00,24300,PE,436.32,437.91,432.99,435.28,230,67265,0.1404
2025-08-22 11:40:00,24350,CE,158.12,160.65,157.19,159.37,38,64243,0.1361
2025-08-22 11:40:00,24350,PE,475.19,480.25,475.17,476.79,730,62174,0.1403
2025-08-22 11:40:00,24400,CE,155.03,156.36,154.97,155.09,247,57121,0.1438
2025-08-22 11:40:00,24400,PE,536.85,538.5,531.81,536.65,289,53520,0.1407
2025-08-22 11:40:00,24450,CE,159.63,163.43,160.42,161.02,371,49040,0.138
2025-08-22 11:40:00,24450,PE,582.15,588.84,581.78,583.0,14,48707,0.1413
2025-08-22 11:40:00,24500,CE,167.46,169.07,167.12,168.18,629,49479,0.14
2025-08-22 11:40:00,24500,PE,649.61,651.75,637.46,644.57,282,46805,0.1434
2025-08-22 11:40:00,24550,CE,167.69,169.58,167.95,168.15,40,39823,0.1405
2025-08-22 11:40:00,24550,PE,668.98,672.62,664.16,671.75,153,44836,0.1406
2025-08-22 11:40:00,24600,CE,165.05,168.31,165.89,167.03,451,38102,0.1398
2025-08-22 11:40:00,24600,PE,725.92,733.29,726.12,727.88,180,41124,0.1425
2025-08-22 11:40:00,24650,CE,168.16,170.04,168.09,168.37,192,38685,0.1407
2025-08-22 11:40:00,24650,PE,772.73,783.54,771.23,778.39,116,34332,0.1419
2025-08-22 11:40:00,24700,CE,157.74,159.37,155.17,156.14,178,34658,0.1372
2025-08-22 11:40:00,24700,PE,811.16,817.67,800.74,814.32,126,31598,0.138
2025-08-22 11:40:00,24750,CE,151.19,153.82,153.59,153.76,379,34121,0.1401
2025-08-22 11:40:00,24750,PE,873.01,887.33,863.8,869.47,221,34431,0.1378
2025-08-22 11:40:00,24800,CE,170.43,170.55,169.25,169.75,16,28669,0.1386
2025-08-22 11:40:00,24800,PE,940.64,933.2,919.95,927.86,329,30670,0.1429
2025-08-22 11:40:00,24850,CE,164.5,167.04,161.96,163.72,118,30159,0.1377
2025-08-22 11:40:00,24850,PE,982.8,1016.08,978.16,991.7,162,29484,0.1378
2025-08-22 11:40:00,24900,CE,164.79,168.33,162.77,164.48,154,25237,0.1376
2025-08-22 11:40:00,24900,PE,1026.6,1030.26,1023.12,1025.05,360,26390,0.1398
2025-08-22 11:45:00,23500,CE,664.55,667.95,667.71,667.73,436,30498,0.1391
2025-08-22 11:45:00,23500,PE,168.21,167.35,163.56,166.37,597,28554,0.1391
2025-08-22 11:45:00,23550,CE,634.22,634.33,612.95,623.27,566,30743,0.1382
2025-08-22 11:45:00,23550,PE,161.14,166.3,161.6,163.65,438,30846,0.1435
2025-08-22 11:45:00,23600,CE,583.21,578.78,560.31,575.91,604,34717,0.1422
2025-08-22 11:45:00,23600,PE,174.2,177.8,172.68,173.47,592,34021,0.1403
2025-08-22 11:45:00,23650,CE,515.7,528.07,521.41,525.46,133,30572,0.1419
2025-08-22 11:45:00,23650,PE,156.99,159.12,155.8,157.76,659,32020,0.1399
2025-08-22 11:45:00,23700,CE,474.12,482.51,474.41,475.38,831,33462,0.1383
2025-08-22 11:45:00,23700,PE,168.11,168.1,165.28,167.75,281,31725,0.1416
2025-08-22 11:45:00,23750,CE,419.5,428.42,420.32,424.21,346,38222,0.1396
2025-08-22 11:45:00,23750,PE,162.11,162.82,161.71,162.15,643,35308,0.1427
2025-08-22 11:45:00,23800,CE,383.57,385.52,379.02,380.95,685,41797,0.1427
2025-08-22 11:45:00,23800,PE,172.23,172.06,169.37,171.53,380,40401,0.1414
2025-08-22 11:45:00,23850,CE,327.03,335.42,327.6,329.5,991,41897,0.1409
2025-08-22 11:45:00,23850,PE,170.06,168.16,166.6,168.06,445,39572,0.1412
2025-08-22 11:45:00,23900,CE,284.61,284.32,280.49,282.33,1105,49432,0.1411
2025-08-22 11:45:00,23900,PE,166.56,170.4,165.69,166.67,251,40414,0.1386
2025-08-22 11:45:00,23950,CE,226.81,227.92,224.61,224.97,212,51118,0.1377
2025-08-22 11:45:00,23950,PE,166.43,167.69,164.81,167.0,773,49658,0.1411
2025-08-22 11:45:00,24000,CE,180.06,179.7,177.91,179.66,180,53630,0.1394
2025-08-22 11:45:00,24000,PE,157.19,158.9,157.43,157.66,1401,54562,0.1393
2025-08-22 11:45:00,24050,CE,166.96,168.4,167.65,168.07,1542,55451,0.1381
2025-08-22 11:45:00,24050,PE,196.7,203.03,196.42,197.81,1253,54687,0.1382
2025-08-22 11:45:00,24100,CE,168.23,166.72,164.48,166.23,1367,63744,0.1397
2025-08-22 11:45:00,24100,PE,235.67,235.98,230.27,233.33,1044,68101,0.1372
2025-08-22 11:45:00,24150,CE,166.33,168.06,165.59,166.83,157,76157,0.141
2025-08-22 11:45:00,24150,PE,309.51,310.0,305.64,307.04,421,74878,0.1385
2025-08-22 11:45:00,24200,CE,163.76,166.27,164.1,164.36,197,80681,0.1384
2025-08-22 11:45:00,24200,PE,347.56,356.12,347.66,350.59,967,88013,0.1388
2025-08-22 11:45:00,24250,CE,159.47,160.13,158.85,159.36,113,76588,0.1376
2025-08-22 11:45:00,24250,PE,410.77,405.12,402.78,403.66,646,75764,0.1369
2025-08-22 11:45:00,24300,CE,169.92,171.36,166.29,168.35,541,68739,0.1427
2025-08-22 11:45:00,24300,PE,453.15,455.74,447.25,449.05,466,67456,0.1393
2025-08-22 11:45:00,24350,CE,165.57,165.79,164.27,164.41,469,64118,0.1431
2025-08-22 11:45:00,24350,PE,494.29,504.19,495.24,495.68,725,62070,0.1401
2025-08-22 11:45:00,24400,CE,158.41,160.28,159.14,159.42,603,57247,0.1404
2025-08-22 11:45:00,24400,PE,545.25,552.28,549.48,549.76,518,53832,0.1448
2025-08-22 11:45:00,24450,CE,154.1,158.48,153.96,154.33,517,49117,0.1394
2025-08-22 11:45:00,24450,PE,590.48,610.08,596.78,599.98,434,48717,0.1439
2025-08-22 11:45:00,24500,CE,165.01,165.9,165.76,165.82,228,49751,0.1393
2025-08-22 11:45:00,24500,PE,644.83,663.83,642.04,647.33,575,47051,0.1386
2025-08-22 11:45:00,24550,CE,152.86,155.07,152.41,154.2,475,40219,0.14
2025-08-22 11:45:00,24550,PE,692.77,699.04,684.47,687.7,231,44311,0.1377
2025-08-22 11:45:00,24600,CE,166.71,164.61,163.05,164.55,201,38407,0.1416
2025-08-22 11:45:00,24600,PE,764.58,777.2,760.95,764.13,473,41140,0.1374
2025-08-22 11:45:00,24650,CE,178.5,179.36,176.37,177.03,427,38174,0.1403
2025-08-22 11:45:00,24650,PE,791.84,802.25,796.74,797.22,355,34546,0.1406
2025-08-22 11:45:00,24700,CE,166.94,168.65,164.79,166.23,267,34917,0.1424
2025-08-22 11:45:00,24700,PE,857.15,861.92,850.26,856.51,258,31626,0.142
2025-08-22 11:45:00,24750,CE,162.55,161.81,160.62,161.58,300,34473,0.1392
2025-08-22 11:45:00,24750,PE,892.55,899.22,883.05,890.13,128,34191,0.1379
2025-08-22 11:45:00,24800,CE,162.95,163.37,162.66,163.27,201,28311,0.1363
2025-08-22 11:45:00,24800,PE,946.15,964.43,945.81,948.8,161,30490,0.1372
2025-08-22 11:45:00,24850,CE,165.55,167.21,163.91,165.69,145,30051,0.1414
2025-08-22 11:45:00,24850,PE,1014.29,1025.17,1002.56,1010.21,229,29719,0.1409
2025-08-22 11:45:00,24900,CE,169.39,171.65,167.55,169.21,134,25651,0.143
2025-08-22 11:45:00,24900,PE,1047.17,1064.83,1039.69,1050.1,209,26655,0.1405
2025-08-22 11:50:00,23500,CE,665.84,669.04,654.69,658.75,82,30106,0.1416
2025-08-22 11:50:00,23500,PE,155.61,156.86,154.03,156.36,295,28393,0.1418
2025-08-22 11:50:00,23550,CE,625.16,636.68,624.88,625.78,344,30333,0.1439
2025-08-22 11:50:00,23550,PE,172.73,174.04,172.85,173.51,329,31070,0.1442
2025-08-22 11:50:00,23600,CE,572.97,578.65,572.9,577.44,536,34414,0.1408
2025-08-22 11:50:00,23600,PE,160.74,162.21,157.52,159.24,260,34051,0.1407
2025-08-22 11:50:00,23650,CE,516.69,525.76,516.52,519.24,415,30922,0.1402
2025-08-22 11:50:00,23650,PE,153.12,155.04,152.85,152.87,316,32225,0.14
2025-08-22 11:50:00,23700,CE,479.16,480.46,474.3,476.89,759,33220,0.1423
2025-08-22 11:50:00,23700,PE,173.91,173.82,170.9,172.03,708,31524,0.1411
2025-08-22 11:50:00,23750,CE,421.21,424.06,418.92,419.59,323,38406,0.1405
2025-08-22 11:50:00,23750,PE,147.23,149.21,146.0,148.06,589,35367,0.1393
2025-08-22 11:50:00,23800,CE,377.5,382.36,369.76,376.61,252,41312,0.1421
2025-08-22 11:50:00,23800,PE,170.11,173.35,168.09,170.09,942,40849,0.1399
2025-08-22 11:50:00,23850,CE,318.06,326.07,317.68,318.83,1026,41912,0.1421
2025-08-22 11:50:00,23850,PE,164.27,169.0,162.26,162.62,1024,39540,0.1382
2025-08-22 11:50:00,23900,CE,252.63,259.11,252.52,255.4,118,49070,0.1376
2025-08-22 11:50:00,23900,PE,173.13,173.42,169.87,171.09,371,40266,0.1438
2025-08-22 11:50:00,23950,CE,213.72,217.71,215.59,216.35,1412,50917,0.1398
2025-08-22 11:50:00,23950,PE,165.45,163.96,160.53,162.34,930,49382,0.1406
2025-08-22 11:50:00,24000,CE,168.81,169.02,164.69,168.15,1147,53710,0.1385
2025-08-22 11:50:00,24000,PE,176.29,174.46,173.88,174.17,290,54516,0.1422
2025-08-22 11:50:00,24050,CE,161.72,161.74,159.67,160.23,185,55918,0.1418
2025-08-22 11:50:00,24050,PE,226.27,229.09,226.71,227.0,1097,55216,0.1432
2025-08-22 11:50:00,24100,CE,169.0,169.8,167.69,169.7,1176,63407,0.1399
2025-08-22 11:50:00,24100,PE,258.16,264.06,255.53,257.9,954,67621,0.1417
2025-08-22 11:50:00,24150,CE,164.64,165.79,164.7,165.43,1136,76499,0.1441
2025-08-22 11:50:00,24150,PE,306.78,310.13,303.43,308.38,810,75471,0.1392
2025-08-22 11:50:00,24200,CE,168.43,172.6,167.73,169.65,898,81117,0.1414
2025-08-22 11:50:00,24200,PE,352.28,353.47,350.79,352.77,121,87441,0.1387
2025-08-22 11:50:00,24250,CE,167.63,169.0,165.44,166.94,919,76289,0.1384
2025-08-22 11:50:00,24250,PE,415.44,413.84,406.29,409.22,416,75216,0.1416
2025-08-22 11:50:00,24300,CE,178.92,177.05,174.68,176.91,548,69123,0.1416
2025-08-22 11:50:00,24300,PE,449.93,457.14,452.41,454.11,736,67553,0.1398
2025-08-22 11:50:00,24350,CE,168.78,172.08,166.99,170.6,535,64134,0.1392
2025-08-22 11:50:00,24350,PE,516.74,525.92,514.97,521.96,365,62135,0.1444
2025-08-22 11:50:00,24400,CE,177.65,182.5,175.54,178.07,696,56949,0.1411
2025-08-22 11:50:00,24400,PE,553.99,567.51,555.12,557.86,355,53953,0.1384
2025-08-22 11:50:00,24450,CE,163.74,162.4,160.88,161.62,399,48553,0.1411
2025-08-22 11:50:00,24450,PE,622.71,617.66,609.64,616.95,206,48892,0.1443
2025-08-22 11:50:00,24500,CE,154.25,157.8,154.86,155.36,452,50032,0.1418
2025-08-22 11:50:00,24500,PE,657.64,682.69,660.35,661.1,641,47258,0.1387
2025-08-22 11:50:00,24550,CE,156.31,162.08,157.51,159.02,356,40017,0.1385
2025-08-22 11:50:00,24550,PE,691.68,721.77,703.49,703.63,231,44702,0.1403
2025-08-22 11:50:00,24600,CE,159.56,159.72,156.82,157.7,273,38665,0.141
2025-08-22 11:50:00,24600,PE,771.09,764.99,760.51,764.57,79,40693,0.1403
2025-08-22 11:50:00,24650,CE,159.36,161.77,159.36,160.58,123,37808,0.1375
2025-08-22 11:50:00,24650,PE,805.49,823.71,804.21,808.08,332,34710,0.1391
2025-08-22 11:50:00,24700,CE,154.21,154.98,154.11,154.15,290,34664,0.1372
2025-08-22 11:50:00,24700,PE,849.38,877.26,842.57,851.6,299,31169,0.1434
2025-08-22 11:50:00,24750,CE,159.11,160.6,156.85,159.94,235,34058,0.1406
2025-08-22 11:50:00,24750,PE,895.3,910.21,899.94,903.21,44,33789,0.1394
2025-08-22 11:50:00,24800,CE,163.07,164.13,159.89,163.27,58,28284,0.1393
2025-08-22 11:50:00,24800,PE,967.58,971.23,962.71,970.89,257,30618,0.1397
2025-08-22 11:50:00,24850,CE,161.14,161.3,159.04,160.25,199,29662,0.1424
2025-08-22 11:50:00,24850,PE,1010.1,1028.26,999.2,1009.7,16,29973,0.1441
2025-08-22 11:50:00,24900,CE,165.14,166.89,166.83,166.84,418,25388,0.1435
2025-08-22 11:50:00,24900,PE,1060.65,1065.82,1047.49,1064.37,92,26428,0.1413
2025-08-22 11:55:00,23500,CE,687.22,698.15,685.21,689.09,143,29774,0.1371
2025-08-22 11:55:00,23500,PE,157.33,157.46,155.72,157.0,316,28735,0.1413
2025-08-22 11:55:00,23550,CE,629.53,632.0,624.97,626.1,481,30884,0.1424
2025-08-22 11:55:00,23550,PE,166.59,170.07,166.0,168.55,247,31060,0.1401
2025-08-22 11:55:00,23600,CE,573.35,580.63,568.74,569.16,281,33864,0.1395
2025-08-22 11:55:00,23600,PE,168.16,173.96,161.93,166.31,286,33763,0.1421
2025-08-22 11:55:00,23650,CE,527.06,550.29,531.3,538.06,378,30511,0.1387
2025-08-22 11:55:00,23650,PE,171.84,172.47,169.33,171.61,578,32636,0.1399
2025-08-22 11:55:00,23700,CE,487.58,485.71,479.43,483.15,808,32721,0.1413
2025-08-22 11:55:00,23700,PE,175.91,174.37,173.25,174.02,111,32083,0.1402
2025-08-22 11:55:00,23750,CE,429.4,434.03,422.93,429.75,781,38512,0.1431
2025-08-22 11:55:00,23750,PE,162.83,165.54,159.6,162.74,305,35388,0.1405
2025-08-22 11:55:00,23800,CE,380.21,384.12,380.39,382.71,549,41728,0.1453
2025-08-22 11:55:00,23800,PE,161.94,165.62,159.81,162.36,543,40282,0.1417
2025-08-22 11:55:00,23850,CE,322.25,323.43,322.15,322.68,792,42244,0.1412
2025-08-22 11:55:00,23850,PE,161.93,163.92,162.17,163.62,348,39079,0.1385
2025-08-22 11:55:00,23900,CE,270.61,273.45,269.92,272.61,197,49478,0.1406
2025-08-22 11:55:00,23900,PE,161.59,163.62,158.86,160.56,579,40301,0.1404
2025-08-22 11:55:00,23950,CE,237.32,237.32,232.74,233.36,1395,50390,0.1419
2025-08-22 11:55:00,23950,PE,152.72,157.55,153.04,154.74,317,49781,0.1385
2025-08-22 11:55:00,24000,CE,186.02,186.8,184.39,186.72,930,53142,0.1407
2025-08-22 11:55:00,24000,PE,163.33,165.58,161.65,163.88,1202,54082,0.142
2025-08-22 11:55:00,24050,CE,162.2,162.96,161.55,161.96,1261,56275,0.1389
2025-08-22 11:55:00,24050,PE,191.42,195.3,189.36,190.63,1328,55173,0.1412
2025-08-22 11:55:00,24100,CE,161.88,162.49,159.76,162.18,387,63864,0.138
2025-08-22 11:55:00,24100,PE,253.54,258.65,248.52,252.57,783,67783,0.1428
2025-08-22 11:55:00,24150,CE,158.41,159.57,155.43,157.48,183,76647,0.1349
2025-08-22 11:55:00,24150,PE,302.75,310.27,300.24,300.44,713,75221,0.1396
2025-08-22 11:55:00,24200,CE,171.03,171.97,169.04,169.97,835,80677,0.1393
2025-08-22 11:55:00,24200,PE,351.72,354.56,350.45,354.37,784,87994,0.1418
2025-08-22 11:55:00,24250,CE,165.1,167.29,163.35,164.78,561,75814,0.1402
2025-08-22 11:55:00,24250,PE,401.15,399.16,392.56,397.13,548,75250,0.1392
2025-08-22 11:55:00,24300,CE,159.85,160.03,157.18,159.32,498,68850,0.141
2025-08-22 11:55:00,24300,PE,441.46,443.76,437.23,440.18,563,67269,0.1382
2025-08-22 11:55:00,24350,CE,170.66,169.2,167.22,168.52,462,64247,0.1395
2025-08-22 11:55:00,24350,PE,492.07,494.31,493.33,493.45,533,62492,0.1411
2025-08-22 11:55:00,24400,CE,156.25,160.09,158.28,158.29,668,57281,0.1405
2025-08-22 11:55:00,24400,PE,547.36,563.96,542.1,542.86,604,54395,0.1396
2025-08-22 11:55:00,24450,CE,167.23,168.23,167.52,168.21,179,48304,0.1398
2025-08-22 11:55:00,24450,PE,590.66,606.08,598.88,600.38,379,48850,0.1375
2025-08-22 11:55:00,24500,CE,159.13,159.31,156.8,159.01,464,49443,0.141
2025-08-22 11:55:00,24500,PE,630.04,644.63,629.5,631.35,100,47554,0.1398
2025-08-22 11:55:00,24550,CE,164.58,165.55,163.07,164.77,508,39779,0.1411
2025-08-22 11:55:00,24550,PE,689.45,704.38,682.02,691.39,198,44775,0.1362
2025-08-22 11:55:00,24600,CE,158.07,159.79,158.28,158.83,281,38268,0.1357
2025-08-22 11:55:00,24600,PE,733.89,746.43,728.62,734.43,295,41076,0.1357
2025-08-22 11:55:00,24650,CE,157.97,160.06,156.4,157.42,402,38188,0.1403
2025-08-22 11:55:00,24650,PE,797.8,805.92,786.29,793.05,356,35162,0.1373
2025-08-22 11:55:00,24700,CE,154.94,155.33,153.95,155.31,136,34119,0.1377
2025-08-22 11:55:00,24700,PE,853.75,864.77,844.44,856.19,66,31759,0.1411
2025-08-22 11:55:00,24750,CE,163.47,163.34,160.83,161.21,319,33755,0.1424
2025-08-22 11:55:00,24750,PE,909.92,928.94,889.8,909.47,423,33560,0.1444
2025-08-22 11:55:00,24800,CE,170.39,170.72,166.87,169.13,284,27983,0.1417
2025-08-22 11:55:00,24800,PE,945.62,957.22,924.87,947.06,51,30339,0.1436
2025-08-22 11:55:00,24850,CE,166.34,167.5,164.87,166.88,108,29725,0.1395
2025-08-22 11:55:00,24850,PE,990.41,990.7,978.72,987.68,16,29660,0.1398
2025-08-22 11:55:00,24900,CE,167.8,167.86,163.31,165.98,247,25260,0.1365
2025-08-22 11:55:00,24900,PE,1031.85,1046.73,1029.88,1038.26,276,26614,0.1409
2025-08-22 12:00:00,23500,CE,716.59,725.8,714.81,719.65,581,30177,0.1438
2025-08-22 12:00:00,23500,PE,153.08,155.44,154.65,155.24,144,28966,0.1417
2025-08-22 12:00:00,23550,CE,660.1,675.76,656.15,663.33,406,30997,0.1378
2025-08-22 12:00:00,23550,PE,167.0,166.6,165.75,165.89,514,30637,0.1434
2025-08-22 12:00:00,23600,CE,617.38,622.74,610.86,612.8,264,34243,0.1393
2025-08-22 12:00:00,23600,PE,158.26,158.76,156.2,157.97,612,33207,0.1426
2025-08-22 12:00:00,23650,CE,564.38,570.98,565.53,566.99,352,30228,0.1406
2025-08-22 12:00:00,23650,PE,159.43,161.46,157.45,158.73,133,32104,0.1423
2025-08-22 12:00:00,23700,CE,513.08,522.38,509.89,513.32,433,32921,0.1402
2025-08-22 12:00:00,23700,PE,175.51,177.2,171.79,175.36,427,31925,0.144
2025-08-22 12:00:00,23750,CE,473.63,483.77,471.52,474.07,668,38694,0.1432
2025-08-22 12:00:00,23750,PE,168.44,167.65,163.55,165.99,784,35204,0.1403
2025-08-22 12:00:00,23800,CE,427.41,427.07,424.32,425.18,236,41674,0.1438
2025-08-22 12:00:00,23800,PE,158.54,159.8,157.61,158.85,485,40231,0.1407
2025-08-22 12:00:00,23850,CE,364.95,370.54,365.73,366.29,869,41698,0.1405
2025-08-22 12:00:00,23850,PE,157.39,156.19,155.12,155.99,557,38995,0.139
2025-08-22 12:00:00,23900,CE,322.72,325.0,320.49,323.77,260,49647,0.1376
2025-08-22 12:00:00,23900,PE,150.33,153.04,148.75,149.69,935,40356,0.1366
2025-08-22 12:00:00,23950,CE,269.27,267.73,261.46,266.46,131,49880,0.1401
2025-08-22 12:00:00,23950,PE,161.25,161.96,159.94,160.98,567,49982,0.1402
2025-08-22 12:00:00,24000,CE,221.53,221.5,218.84,220.89,491,52912,0.14
2025-08-22 12:00:00,24000,PE,152.31,152.28,151.16,151.89,1306,53499,0.1398
2025-08-22 12:00:00,24050,CE,156.73,159.14,155.55,156.74,169,55861,0.1386
2025-08-22 12:00:00,24050,PE,171.24,170.85,168.97,170.83,1756,55170,0.1412
2025-08-22 12:00:00,24100,CE,170.41,170.84,169.84,170.71,264,63636,0.1423
2025-08-22 12:00:00,24100,PE,227.7,227.47,221.45,223.7,1488,68016,0.1424
2025-08-22 12:00:00,24150,CE,171.81,173.55,171.32,172.1,314,76335,0.1413
2025-08-22 12:00:00,24150,PE,250.0,253.19,250.72,252.62,119,75548,0.1394
2025-08-22 12:00:00,24200,CE,166.27,166.39,165.0,165.74,178,80420,0.1406
2025-08-22 12:00:00,24200,PE,318.07,320.56,313.73,318.24,421,88139,0.1395
2025-08-22 12:00:00,24250,CE,162.0,164.59,161.89,162.11,644,76173,0.1395
2025-08-22 12:00:00,24250,PE,356.9,359.28,357.42,357.62,324,75112,0.1441
2025-08-22 12:00:00,24300,CE,158.73,158.49,156.95,157.65,378,68306,0.1382
2025-08-22 12:00:00,24300,PE,395.53,403.07,397.94,400.22,705,67311,0.1366
2025-08-22 12:00:00,24350,CE,164.34,167.8,164.92,166.19,420,64841,0.1419
2025-08-22 12:00:00,24350,PE,465.8,461.49,457.97,459.58,166,63054,0.1395
2025-08-22 12:00:00,24400,CE,155.66,155.62,154.75,154.78,547,56946,0.1367
2025-08-22 12:00:00,24400,PE,514.22,524.42,513.05,521.16,546,54701,0.1418
2025-08-22 12:00:00,24450,CE,173.65,175.54,172.81,174.1,275,48117,0.1424
2025-08-22 12:00:00,24450,PE,552.18,556.25,543.63,554.38,620,48442,0.1393
2025-08-22 12:00:00,24500,CE,160.91,164.41,159.76,161.19,20,49642,0.1426
2025-08-22 12:00:00,24500,PE,620.39,627.03,617.22,624.77,625,47555,0.1426
2025-08-22 12:00:00,24550,CE,170.58,172.29,168.89,168.89,95,39826,0.1382
2025-08-22 12:00:00,24550,PE,658.52,670.74,655.36,662.05,170,45167,0.1426
2025-08-22 12:00:00,24600,CE,164.5,169.28,164.21,167.01,374,38071,0.1404
2025-08-22 12:00:00,24600,PE,709.07,729.5,704.8,713.3,381,41276,0.1401
2025-08-22 12:00:00,24650,CE,168.41,169.47,164.73,166.33,390,38027,0.1401
2025-08-22 12:00:00,24650,PE,745.3,746.91,743.77,743.99,329,34613,0.1398
2025-08-22 12:00:00,24700,CE,159.71,160.79,158.75,159.07,223,33972,0.1359
2025-08-22 12:00:00,24700,PE,819.46,845.38,813.58,821.97,292,32299,0.1407
2025-08-22 12:00:00,24750,CE,166.49,170.7,164.57,164.86,488,33734,0.1414
2025-08-22 12:00:00,24750,PE,861.57,881.23,853.18,859.91,333,33089,0.1371
2025-08-22 12:00:00,24800,CE,158.8,162.93,158.37,159.82,239,28208,0.1387
2025-08-22 12:00:00,24800,PE,921.63,932.5,893.86,906.59,335,30895,0.1409
2025-08-22 12:00:00,24850,CE,164.5,166.58,161.69,164.69,220,30214,0.1442
2025-08-22 12:00:00,24850,PE,944.41,967.07,952.36,959.53,455,29746,0.1415
2025-08-22 12:00:00,24900,CE,169.41,170.34,169.13,169.17,47,25111,0.1414
2025-08-22 12:00:00,24900,PE,1015.11,1027.55,992.09,1016.78,341,26710,0.1403
2025-08-22 12:05:00,23500,CE,741.72,758.79,728.27,741.17,556,30556,0.1404
2025-08-22 12:05:00,23500,PE,156.69,158.92,155.86,156.34,46,29399,0.1396
2025-08-22 12:05:00,23550,CE,696.36,686.3,673.56,681.78,232,31379,0.1418
2025-08-22 12:05:00,23550,PE,168.07,167.02,165.09,165.94,325,30583,0.1436
2025-08-22 12:05:00,23600,CE,615.94,630.61,619.18,621.45,59,33785,0.1399
2025-08-22 12:05:00,23600,PE,178.76,180.33,177.29,178.72,405,33290,0.142
2025-08-22 12:05:00,23650,CE,584.32,588.18,578.27,579.63,406,29815,0.1419
2025-08-22 12:05:00,23650,PE,155.58,155.76,153.19,155.07,374,31577,0.1391
2025-08-22 12:05:00,23700,CE,519.61,522.83,515.98,520.89,123,32919,0.1365
2025-08-22 12:05:00,23700,PE,173.86,175.43,172.53,173.09,485,32111,0.1405
2025-08-22 12:05:00,23750,CE,475.37,482.12,466.97,475.09,830,39118,0.1404
2025-08-22 12:05:00,23750,PE,175.8,178.32,173.74,177.81,329,35543,0.1398
2025-08-22 12:05:00,23800,CE,417.37,419.57,418.42,418.9,102,42102,0.14
2025-08-22 12:05:00,23800,PE,164.01,162.37,161.04,162.14,366,40543,0.1406
2025-08-22 12:05:00,23850,CE,374.96,383.01,374.33,377.16,987,41941,0.1382
2025-08-22 12:05:00,23850,PE,164.21,167.9,164.9,165.52,936,38407,0.1402
2025-08-22 12:05:00,23900,CE,337.79,339.29,333.04,333.26,208,49798,0.1383
2025-08-22 12:05:00,23900,PE,170.77,170.31,169.14,170.27,620,39900,0.1428
2025-08-22 12:05:00,23950,CE,285.0,284.4,279.93,280.75,922,49350,0.1432
2025-08-22 12:05:00,23950,PE,155.51,153.67,152.45,153.51,1264,49569,0.14
2025-08-22 12:05:00,24000,CE,212.17,215.98,213.69,214.59,665,53299,0.1383
2025-08-22 12:05:00,24000,PE,161.36,163.65,161.32,161.92,763,53791,0.1397
2025-08-22 12:05:00,24050,CE,168.45,173.59,167.98,169.4,1214,56399,0.1405
2025-08-22 12:05:00,24050,PE,154.86,156.35,153.76,155.17,810,55744,0.1381
2025-08-22 12:05:00,24100,CE,164.23,165.21,163.71,163.98,835,64107,0.1369
2025-08-22 12:05:00,24100,PE,204.33,205.78,201.57,203.71,1172,67575,0.1419
2025-08-22 12:05:00,24150,CE,172.0,172.84,172.62,172.77,892,76789,0.1406
2025-08-22 12:05:00,24150,PE,237.95,239.88,238.26,238.3,196,75954,0.1432
2025-08-22 12:05:00,24200,CE,163.48,164.32,162.13,163.3,144,80865,0.1396
2025-08-22 12:05:00,24200,PE,293.24,297.06,294.18,295.13,956,87721,0.1409
2025-08-22 12:05:00,24250,CE,158.05,156.59,156.2,156.31,787,75713,0.1378
2025-08-22 12:05:00,24250,PE,341.79,346.91,340.94,343.97,619,75620,0.1395
2025-08-22 12:05:00,24300,CE,144.06,144.06,141.8,143.01,212,67914,0.1386
2025-08-22 12:05:00,24300,PE,414.8,416.92,410.98,415.12,420,67153,0.1439
2025-08-22 12:05:00,24350,CE,160.38,158.93,157.91,158.38,56,64788,0.1393
2025-08-22 12:05:00,24350,PE,450.36,453.2,444.84,447.13,240,62603,0.1416
2025-08-22 12:05:00,24400,CE,163.6,166.4,164.12,165.39,234,56370,0.1426
2025-08-22 12:05:00,24400,PE,517.75,510.53,506.79,507.16,745,55293,0.1407
2025-08-22 12:05:00,24450,CE,168.69,169.19,167.71,168.77,284,48568,0.1439
2025-08-22 12:05:00,24450,PE,549.33,546.66,541.59,544.95,353,48936,0.1426
2025-08-22 12:05:00,24500,CE,153.02,157.97,153.39,154.6,130,49383,0.1371
2025-08-22 12:05:00,24500,PE,608.94,604.39,603.04,603.18,520,47219,0.1411
2025-08-22 12:05:00,24550,CE,147.97,150.57,148.67,149.19,540,39737,0.1379
2025-08-22 12:05:00,24550,PE,639.97,645.77,624.92,638.65,270,45110,0.1411
2025-08-22 12:05:00,24600,CE,164.74,165.61,161.29,163.92,492,37477,0.1431
2025-08-22 12:05:00,24600,PE,706.14,709.06,697.79,706.98,463,41611,0.1447
2025-08-22 12:05:00,24650,CE,148.64,152.13,148.25,148.77,476,38623,0.1405
2025-08-22 12:05:00,24650,PE,744.89,749.97,740.92,744.63,454,34647,0.1418
2025-08-22 12:05:00,24700,CE,168.42,168.09,164.74,166.72,259,33837,0.1408
2025-08-22 12:05:00,24700,PE,801.05,805.82,797.51,799.58,454,32170,0.139
2025-08-22 12:05:00,24750,CE,172.26,172.72,170.83,171.75,300,33249,0.1414
2025-08-22 12:05:00,24750,PE,837.43,857.14,841.46,851.23,170,32808,0.1404
2025-08-22 12:05:00,24800,CE,167.64,166.86,164.66,165.96,218,28210,0.1423
2025-08-22 12:05:00,24800,PE,902.59,903.24,885.79,899.9,355,30813,0.1406
2025-08-22 12:05:00,24850,CE,171.0,169.94,169.05,169.53,77,30268,0.1428
2025-08-22 12:05:00,24850,PE,953.24,954.62,948.2,950.19,32,30164,0.1423
2025-08-22 12:05:00,24900,CE,168.04,170.8,167.72,169.55,347,24781,0.1383
2025-08-22 12:05:00,24900,PE,1018.0,1026.06,1003.56,1010.98,123,26143,0.1377
2025-08-22 12:10:00,23500,CE,733.09,743.82,723.91,724.05,220,30001,0.1397
2025-08-22 12:10:00,23500,PE,178.65,178.93,176.51,177.02,551,28960,0.1437
2025-08-22 12:10:00,23550,CE,691.71,697.9,682.23,687.88,416,31463,0.1366
2025-08-22 12:10:00,23550,PE,162.63,164.41,162.21,163.04,156,30952,0.1425
2025-08-22 12:10:00,23600,CE,651.12,652.72,648.89,650.34,82,34249,0.1409
2025-08-22 12:10:00,23600,PE,168.46,172.86,169.24,169.62,496,33452,0.1402
2025-08-22 12:10:00,23650,CE,596.95,604.73,581.7,591.62,630,29698,0.1445
2025-08-22 12:10:00,23650,PE,177.07,184.33,176.54,178.2,209,31162,0.1437
2025-08-22 12:10:00,23700,CE,526.47,532.38,529.19,531.53,712,32800,0.1395
2025-08-22 12:10:00,23700,PE,161.91,163.26,160.04,160.87,641,31909,0.1388
2025-08-22 12:10:00,23750,CE,459.01,463.07,459.73,462.27,797,39562,0.1378
2025-08-22 12:10:00,23750,PE,156.11,159.86,156.56,157.83,266,35527,0.1385
2025-08-22 12:10:00,23800,CE,422.05,430.3,416.72,416.96,725,41773,0.1362
2025-08-22 12:10:00,23800,PE,161.73,164.01,162.42,163.36,35,40289,0.1401
2025-08-22 12:10:00,23850,CE,390.46,396.9,382.65,387.17,598,41504,0.1397
2025-08-22 12:10:00,23850,PE,156.0,154.33,152.95,154.12,345,38909,0.1362
2025-08-22 12:10:00,23900,CE,351.3,349.95,349.02,349.73,100,49258,0.1391
2025-08-22 12:10:00,23900,PE,165.73,171.38,166.68,167.05,482,39315,0.141
2025-08-22 12:10:00,23950,CE,289.82,296.2,289.48,293.59,54,48969,0.1387
2025-08-22 12:10:00,23950,PE,167.2,170.21,166.17,168.72,146,49942,0.1404
2025-08-22 12:10:00,24000,CE,241.88,246.26,240.55,243.1,196,53327,0.1436
2025-08-22 12:10:00,24000,PE,165.05,163.5,161.03,162.62,1016,53942,0.1396
2025-08-22 12:10:00,24050,CE,195.07,198.07,192.87,193.23,1102,56228,0.1419
2025-08-22 12:10:00,24050,PE,170.5,170.5,167.9,170.03,1488,55226,0.1415
2025-08-22 12:10:00,24100,CE,160.42,161.75,160.27,161.55,198,64534,0.141
2025-08-22 12:10:00,24100,PE,185.48,184.73,182.16,183.34,135,67205,0.1393
2025-08-22 12:10:00,24150,CE,166.32,169.24,166.14,166.64,261,76228,0.1444
2025-08-22 12:10:00,24150,PE,250.61,253.06,250.25,251.43,184,76041,0.1411
2025-08-22 12:10:00,24200,CE,171.26,172.53,169.93,170.83,820,80364,0.139
2025-08-22 12:10:00,24200,PE,290.56,297.33,289.31,290.96,1160,87235,0.1407
2025-08-22 12:10:00,24250,CE,155.43,160.62,156.6,157.9,758,76073,0.1363
2025-08-22 12:10:00,24250,PE,339.6,341.56,339.21,340.48,578,75609,0.1384
2025-08-22 12:10:00,24300,CE,162.76,163.25,162.62,163.02,122,67603,0.1392
2025-08-22 12:10:00,24300,PE,400.91,400.22,396.99,397.11,841,66971,0.1393
2025-08-22 12:10:00,24350,CE,162.28,163.63,163.24,163.48,44,65063,0.1403
2025-08-22 12:10:00,24350,PE,444.21,445.21,436.46,440.43,619,62082,0.1364
2025-08-22 12:10:00,24400,CE,156.47,160.33,156.35,156.85,54,55909,0.1368
2025-08-22 12:10:00,24400,PE,499.47,510.86,495.49,501.44,54,55432,0.1406
2025-08-22 12:10:00,24450,CE,160.15,165.41,161.82,161.87,111,48696,0.1415
2025-08-22 12:10:00,24450,PE,556.22,561.17,552.16,552.63,144,49502,0.141
2025-08-22 12:10:00,24500,CE,165.77,167.9,162.76,167.11,516,49232,0.1392
2025-08-22 12:10:00,24500,PE,600.26,594.74,594.04,594.52,309,46697,0.1405
2025-08-22 12:10:00,24550,CE,150.76,153.4,147.04,149.61,46,39782,0.1407
2025-08-22 12:10:00,24550,PE,638.05,650.69,646.11,648.35,25,45276,0.1369
2025-08-22 12:10:00,24600,CE,168.95,170.06,167.27,168.71,243,37044,0.1415
2025-08-22 12:10:00,24600,PE,682.47,691.03,679.61,687.07,336,41674,0.1396
2025-08-22 12:10:00,24650,CE,154.27,154.74,153.11,153.53,437,38260,0.1363
2025-08-22 12:10:00,24650,PE,709.29,721.6,712.63,719.13,323,35060,0.136
2025-08-22 12:10:00,24700,CE,173.49,173.24,171.83,173.23,155,34239,0.141
2025-08-22 12:10:00,24700,PE,796.95,817.34,793.51,797.51,401,32085,0.1394
2025-08-22 12:10:00,24750,CE,164.58,163.06,161.03,162.73,462,33809,0.1379
2025-08-22 12:10:00,24750,PE,854.53,859.35,844.23,851.55,130,33383,0.1415
2025-08-22 12:10:00,24800,CE,178.04,181.62,176.2,177.19,9,27765,0.1399
2025-08-22 12:10:00,24800,PE,895.0,888.59,871.62,884.69,29,30654,0.1384
2025-08-22 12:10:00,24850,CE,166.61,169.48,166.1,168.08,443,30388,0.1453
2025-08-22 12:10:00,24850,PE,942.34,988.59,943.02,949.19,294,29665,0.1387
2025-08-22 12:10:00,24900,CE,163.58,164.89,164.01,164.16,236,24640,0.1375
2025-08-22 12:10:00,24900,PE,999.37,1010.27,997.55,1000.89,220,25856,0.1425
2025-08-22 12:15:00,23500,CE,793.81,808.29,799.77,803.87,117,30543,0.1392
2025-08-22 12:15:00,23500,PE,164.34,165.98,163.03,164.11,309,28853,0.1413
2025-08-22 12:15:00,23550,CE,753.82,763.89,760.21,760.95,51,31778,0.1453
2025-08-22 12:15:00,23550,PE,171.46,171.14,168.77,170.4,278,30816,0.1431
2025-08-22 12:15:00,23600,CE,691.85,697.4,692.62,696.26,412,33807,0.1387
2025-08-22 12:15:00,23600,PE,172.57,173.9,170.81,171.9,331,33887,0.1405
2025-08-22 12:15:00,23650,CE,662.72,673.15,655.72,658.29,309,29098,0.1396
2025-08-22 12:15:00,23650,PE,160.99,160.41,159.24,160.33,158,30629,0.1404
2025-08-22 12:15:00,23700,CE,611.47,610.28,603.06,607.22,355,32637,0.1424
2025-08-22 12:15:00,23700,PE,151.46,153.95,152.12,153.4,102,32133,0.139
2025-08-22 12:15:00,23750,CE,565.66,560.54,552.03,559.69,142,39372,0.1407
2025-08-22 12:15:00,23750,PE,160.92,163.18,162.24,162.44,743,35006,0.1402
2025-08-22 12:15:00,23800,CE,476.38,484.22,475.21,484.09,211,41554,0.1378
2025-08-22 12:15:00,23800,PE,162.18,163.66,161.49,163.34,420,39982,0.1401
2025-08-22 12:15:00,23850,CE,444.84,447.82,435.06,443.97,859,40910,0.1366
2025-08-22 12:15:00,23850,PE,163.01,162.62,160.3,161.86,840,38950,0.1381
2025-08-22 12:15:00,23900,CE,402.11,404.7,400.6,401.64,52,48797,0.1399
2025-08-22 12:15:00,23900,PE,156.95,156.28,154.61,155.96,114,39059,0.1388
2025-08-22 12:15:00,23950,CE,360.58,360.36,352.15,355.8,370,49138,0.1401
2025-08-22 12:15:00,23950,PE,172.55,173.9,170.34,170.77,346,50212,0.1401
2025-08-22 12:15:00,24000,CE,313.67,313.61,310.48,312.79,368,53043,0.1372
2025-08-22 12:15:00,24000,PE,162.75,163.59,161.79,162.15,346,53737,0.1426
2025-08-22 12:15:00,24050,CE,252.53,256.75,253.53,253.93,1152,55924,0.1399
2025-08-22 12:15:00,24050,PE,175.85,177.34,174.61,176.58,390,55774,0.1403
2025-08-22 12:15:00,24100,CE,205.74,211.64,205.31,207.6,1048,64162,0.1408
2025-08-22 12:15:00,24100,PE,178.97,180.34,177.56,179.0,1382,66824,0.1426
2025-08-22 12:15:00,24150,CE,161.9,165.53,160.86,163.02,301,76162,0.1406
2025-08-22 12:15:00,24150,PE,177.15,181.16,175.28,177.76,1196,75668,0.1393
2025-08-22 12:15:00,24200,CE,169.19,172.62,166.02,168.12,1110,79952,0.1419
2025-08-22 12:15:00,24200,PE,231.28,231.67,224.85,229.66,1150,86750,0.1406
2025-08-22 12:15:00,24250,CE,157.3,157.79,156.35,157.45,605,76241,0.1408
2025-08-22 12:15:00,24250,PE,279.57,284.15,278.36,280.55,355,75743,0.1392
2025-08-22 12:15:00,24300,CE,157.57,157.14,156.24,157.02,786,67783,0.136
2025-08-22 12:15:00,24300,PE,323.23,328.09,324.77,325.83,461,67298,0.1376
2025-08-22 12:15:00,24350,CE,185.49,189.86,183.72,185.39,749,64854,0.1401
2025-08-22 12:15:00,24350,PE,376.06,382.72,377.77,378.21,751,62584,0.1395
2025-08-22 12:15:00,24400,CE,157.99,159.69,157.17,159.3,757,56188,0.1425
2025-08-22 12:15:00,24400,PE,422.4,435.59,422.45,425.22,711,55797,0.1416
2025-08-22 12:15:00,24450,CE,165.55,168.7,164.49,165.37,254,48961,0.1376
2025-08-22 12:15:00,24450,PE,472.09,478.97,469.31,474.51,179,49332,0.1394
2025-08-22 12:15:00,24500,CE,164.17,163.74,161.75,163.39,729,48971,0.1414
2025-08-22 12:15:00,24500,PE,521.12,535.01,525.05,527.82,659,46604,0.1375
2025-08-22 12:15:00,24550,CE,162.23,166.19,164.15,164.92,161,39298,0.1392
2025-08-22 12:15:00,24550,PE,583.31,592.19,577.14,577.25,401,45217,0.1375
2025-08-22 12:15:00,24600,CE,156.83,162.77,157.43,157.96,350,36495,0.1379
2025-08-22 12:15:00,24600,PE,614.41,642.39,615.84,625.94,188,41078,0.1412
2025-08-22 12:15:00,24650,CE,162.97,162.46,159.16,161.11,198,38777,0.1412
2025-08-22 12:15:00,24650,PE,674.74,672.46,669.9,670.88,104,35287,0.1421
2025-08-22 12:15:00,24700,CE,167.83,169.85,168.76,169.69,13,34313,0.1399
2025-08-22 12:15:00,24700,PE,734.74,748.81,734.17,735.32,548,31894,0.1399
2025-08-22 12:15:00,24750,CE,167.18,169.62,166.97,167.13,117,33893,0.1427
2025-08-22 12:15:00,24750,PE,767.72,776.82,755.18,767.07,163,33852,0.1377
2025-08-22 12:15:00,24800,CE,172.24,171.63,167.19,170.88,452,27947,0.1396
2025-08-22 12:15:00,24800,PE,824.81,829.23,819.75,824.5,342,30776,0.1372
2025-08-22 12:15:00,24850,CE,168.88,169.9,164.54,166.84,373,30340,0.1417
2025-08-22 12:15:00,24850,PE,881.94,874.87,865.63,874.49,489,29479,0.1398
2025-08-22 12:15:00,24900,CE,159.66,165.28,160.31,160.34,12,24878,0.1347
2025-08-22 12:15:00,24900,PE,924.32,939.11,931.19,931.27,320,26433,0.1382
2025-08-22 12:20:00,23500,CE,794.72,803.43,789.78,794.36,224,30452,0.1408
2025-08-22 12:20:00,23500,PE,162.99,164.8,162.17,163.16,315,28723,0.1408
2025-08-22 12:20:00,23550,CE,750.1,748.4,741.12,743.17,463,31691,0.141
2025-08-22 12:20:00,23550,PE,183.16,185.19,180.34,181.49,462,30726,0.1424
2025-08-22 12:20:00,23600,CE,685.78,700.63,678.89,688.43,148,34395,0.1426
2025-08-22 12:20:00,23600,PE,177.07,181.09,176.83,178.14,333,34135,0.14
2025-08-22 12:20:00,23650,CE,642.5,642.59,631.54,636.99,398,28929,0.139
2025-08-22 12:20:00,23650,PE,155.85,156.81,155.62,156.11,647,30474,0.1392
2025-08-22 12:20:00,23700,CE,563.63,569.51,563.37,567.74,708,32553,0.1333
2025-08-22 12:20:00,23700,PE,157.49,157.42,156.53,156.9,27,31577,0.142
2025-08-22 12:20:00,23750,CE,521.99,530.19,518.02,525.23,748,39405,0.1385
2025-08-22 12:20:00,23750,PE,170.36,170.37,168.61,169.56,305,35379,0.1433
2025-08-22 12:20:00,23800,CE,482.87,498.39,480.32,481.59,519,41746,0.1404
2025-08-22 12:20:00,23800,PE,161.68,163.54,160.46,162.64,575,39620,0.1414
2025-08-22 12:20:00,23850,CE,447.95,445.79,444.17,444.55,93,41183,0.1413
2025-08-22 12:20:00,23850,PE,151.34,154.03,149.75,151.08,34,39213,0.1402
2025-08-22 12:20:00,23900,CE,378.5,383.33,380.57,381.17,143,48512,0.1378
2025-08-22 12:20:00,23900,PE,171.23,171.82,169.86,169.87,711,39206,0.1444
2025-08-22 12:20:00,23950,CE,329.45,330.32,326.53,328.09,871,49271,0.1362
2025-08-22 12:20:00,23950,PE,166.35,166.03,162.28,165.92,70,50619,0.1416
2025-08-22 12:20:00,24000,CE,288.54,289.26,284.17,287.17,285,52606,0.1359
2025-08-22 12:20:00,24000,PE,170.78,168.91,167.1,168.69,1099,53370,0.1386
2025-08-22 12:20:00,24050,CE,246.76,246.21,242.6,242.95,775,55907,0.1401
2025-08-22 12:20:00,24050,PE,165.95,163.99,162.17,163.44,1103,55226,0.1424
2025-08-22 12:20:00,24100,CE,189.37,194.02,190.5,190.88,201,64060,0.1416
2025-08-22 12:20:00,24100,PE,164.95,169.81,163.65,164.02,801,67169,0.1417
2025-08-22 12:20:00,24150,CE,171.49,171.69,171.44,171.63,1002,75740,0.139
2025-08-22 12:20:00,24150,PE,189.21,189.01,185.07,187.68,1603,75619,0.1377
2025-08-22 12:20:00,24200,CE,164.41,170.6,165.45,165.79,1358,80539,0.1397
2025-08-22 12:20:00,24200,PE,230.64,233.79,230.8,231.14,94,86757,0.1395
2025-08-22 12:20:00,24250,CE,153.85,154.52,154.28,154.42,532,76238,0.142
2025-08-22 12:20:00,24250,PE,295.1,305.21,292.71,297.3,396,75813,0.1384
2025-08-22 12:20:00,24300,CE,160.39,163.21,159.83,160.59,549,67406,0.1382
2025-08-22 12:20:00,24300,PE,341.75,343.41,337.51,340.14,329,66874,0.1402
2025-08-22 12:20:00,24350,CE,159.99,160.07,158.26,159.68,837,65066,0.1358
2025-08-22 12:20:00,24350,PE,385.16,395.01,385.91,390.24,393,62458,0.1413
2025-08-22 12:20:00,24400,CE,166.85,166.9,164.99,166.53,85,55935,0.1375
2025-08-22 12:20:00,24400,PE,436.38,440.74,437.45,438.8,833,55234,0.1415
2025-08-22 12:20:00,24450,CE,153.08,154.76,152.54,154.34,132,49376,0.1421
2025-08-22 12:20:00,24450,PE,482.8,494.36,484.59,487.13,436,48770,0.1421
2025-08-22 12:20:00,24500,CE,168.65,173.04,169.8,171.31,379,49270,0.1421
2025-08-22 12:20:00,24500,PE,540.4,538.56,532.71,534.92,271,46462,0.141
2025-08-22 12:20:00,24550,CE,161.51,163.78,161.41,162.85,451,39416,0.139
2025-08-22 12:20:00,24550,PE,591.66,598.52,591.36,592.65,641,44914,0.1407
2025-08-22 12:20:00,24600,CE,163.05,167.01,162.69,163.94,190,36081,0.1416
2025-08-22 12:20:00,24600,PE,639.84,646.18,627.21,638.11,443,41118,0.1402
2025-08-22 12:20:00,24650,CE,166.77,166.89,163.33,164.68,222,39011,0.1332
2025-08-22 12:20:00,24650,PE,703.39,698.68,694.12,694.97,240,34921,0.1441
2025-08-22 12:20:00,24700,CE,159.73,161.69,158.61,159.78,319,34236,0.1372
2025-08-22 12:20:00,24700,PE,746.39,747.85,742.07,746.75,242,31827,0.1427
2025-08-22 12:20:00,24750,CE,160.29,165.44,158.68,159.36,505,33552,0.14
2025-08-22 12:20:00,24750,PE,798.7,793.65,787.23,787.39,158,33930,0.1438
2025-08-22 12:20:00,24800,CE,156.84,157.52,156.72,157.42,32,27522,0.1381
2025-08-22 12:20:00,24800,PE,850.32,856.22,844.59,847.57,300,30787,0.144
2025-08-22 12:20:00,24850,CE,161.33,164.85,161.36,161.43,327,29876,0.1406
2025-08-22 12:20:00,24850,PE,896.11,905.41,897.61,898.7,425,29461,0.1386
2025-08-22 12:20:00,24900,CE,161.02,161.68,159.99,160.64,80,24651,0.1433
2025-08-22 12:20:00,24900,PE,929.57,942.86,930.77,934.54,113,26375,0.1412
2025-08-22 12:25:00,23500,CE,756.17,762.07,750.6,752.48,276,30372,0.1398
2025-08-22 12:25:00,23500,PE,174.08,176.18,174.47,174.53,271,29212,0.1407
2025-08-22 12:25:00,23550,CE,704.14,704.39,699.32,701.91,588,31678,0.1441
2025-08-22 12:25:00,23550,PE,170.15,172.68,171.67,171.96,590,31108,0.1451
2025-08-22 12:25:00,23600,CE,668.41,668.74,655.68,663.03,537,34065,0.1402
2025-08-22 12:25:00,23600,PE,172.95,179.91,175.32,175.85,292,33957,0.1392
2025-08-22 12:25:00,23650,CE,593.68,609.62,597.42,604.19,77,28419,0.1371
2025-08-22 12:25:00,23650,PE,159.0,157.42,154.57,156.75,439,30378,0.1404
2025-08-22 12:25:00,23700,CE,539.25,551.26,541.97,542.75,622,32755,0.1415
2025-08-22 12:25:00,23700,PE,175.88,179.83,176.13,177.56,75,31982,0.1418
2025-08-22 12:25:00,23750,CE,503.5,502.06,497.86,501.92,410,39484,0.14
2025-08-22 12:25:00,23750,PE,164.15,165.22,164.95,165.04,785,35547,0.1404
2025-08-22 12:25:00,23800,CE,450.53,453.19,448.14,450.27,33,41358,0.1381
2025-08-22 12:25:00,23800,PE,168.38,174.51,168.65,171.38,385,39064,0.1405
2025-08-22 12:25:00,23850,CE,404.85,409.57,401.41,406.8,175,41533,0.1433
2025-08-22 12:25:00,23850,PE,166.12,168.81,165.59,165.7,152,38813,0.1401
2025-08-22 12:25:00,23900,CE,352.46,351.58,350.36,350.7,551,48021,0.1411
2025-08-22 12:25:00,23900,PE,159.5,160.1,157.82,159.36,287,39731,0.1386
2025-08-22 12:25:00,23950,CE,305.9,309.49,302.57,304.06,767,49827,0.1393
2025-08-22 12:25:00,23950,PE,162.48,162.71,160.8,162.7,439,50758,0.1408
2025-08-22 12:25:00,24000,CE,251.26,258.96,253.95,254.29,343,52460,0.143
2025-08-22 12:25:00,24000,PE,161.72,165.43,159.27,161.61,257,53769,0.1397
2025-08-22 12:25:00,24050,CE,202.66,205.83,201.12,202.08,312,55552,0.1427
2025-08-22 12:25:00,24050,PE,157.32,158.53,154.25,156.62,749,55141,0.1384
2025-08-22 12:25:00,24100,CE,166.08,169.76,166.29,167.61,559,63888,0.1397
2025-08-22 12:25:00,24100,PE,179.0,181.16,178.91,180.39,527,67664,0.1432
2025-08-22 12:25:00,24150,CE,171.12,174.3,168.79,171.03,862,76243,0.1421
2025-08-22 12:25:00,24150,PE,229.02,229.86,227.1,229.43,1448,75800,0.1418
2025-08-22 12:25:00,24200,CE,159.56,162.16,158.3,159.42,1060,80071,0.1366
2025-08-22 12:25:00,24200,PE,269.88,276.5,271.23,273.24,1216,86735,0.1398
2025-08-22 12:25:00,24250,CE,166.99,167.16,166.64,166.71,814,75932,0.1371
2025-08-22 12:25:00,24250,PE,332.15,333.59,326.16,332.32,125,76274,0.1442
2025-08-22 12:25:00,24300,CE,155.04,156.65,153.39,154.32,467,66972,0.1436
2025-08-22 12:25:00,24300,PE,382.09,382.17,369.77,377.37,676,66339,0.1437
2025-08-22 12:25:00,24350,CE,169.73,169.9,168.15,169.15,425,65311,0.1393
2025-08-22 12:25:00,24350,PE,425.91,434.54,420.12,426.89,670,62401,0.1392
2025-08-22 12:25:00,24400,CE,158.6,158.86,157.72,157.78,321,56341,0.1408
2025-08-22 12:25:00,24400,PE,489.06,492.15,487.02,488.32,167,54723,0.142
2025-08-22 12:25:00,24450,CE,175.67,176.67,176.27,176.51,133,49737,0.1447
2025-08-22 12:25:00,24450,PE,534.82,538.69,529.25,535.36,373,48214,0.1377
2025-08-22 12:25:00,24500,CE,165.23,166.1,163.83,164.36,131,48703,0.1426
2025-08-22 12:25:00,24500,PE,569.7,575.59,566.37,572.16,591,46415,0.1392
2025-08-22 12:25:00,24550,CE,170.49,169.85,168.05,168.91,56,39081,0.1398
2025-08-22 12:25:00,24550,PE,645.93,658.81,645.28,646.87,420,45026,0.139
2025-08-22 12:25:00,24600,CE,171.46,174.32,171.59,173.84,520,35511,0.1389
2025-08-22 12:25:00,24600,PE,667.49,686.22,668.9,678.14,53,40560,0.1402
2025-08-22 12:25:00,24650,CE,161.54,161.62,159.99,160.18,240,39283,0.1385
2025-08-22 12:25:00,24650,PE,728.69,741.15,722.7,731.83,397,34573,0.1412
2025-08-22 12:25:00,24700,CE,154.5,157.47,156.19,156.86,372,34423,0.1447
2025-08-22 12:25:00,24700,PE,789.44,789.86,784.04,788.11,114,32126,0.1384
2025-08-22 12:25:00,24750,CE,171.97,176.29,173.23,174.05,229,33023,0.1388
2025-08-22 12:25:00,24750,PE,828.24,837.87,817.5,825.05,212,34253,0.1393
2025-08-22 12:25:00,24800,CE,154.02,153.4,150.92,151.97,353,27244,0.1401
2025-08-22 12:25:00,24800,PE,884.27,928.24,864.05,879.15,383,30654,0.141
2025-08-22 12:25:00,24850,CE,161.23,161.07,160.95,161.01,225,29379,0.1414
2025-08-22 12:25:00,24850,PE,922.38,944.67,923.24,931.28,478,29867,0.1391
2025-08-22 12:25:00,24900,CE,163.76,163.25,161.35,162.5,95,24723,0.1382
2025-08-22 12:25:00,24900,PE,983.86,1000.23,979.2,979.24,359,26380,0.1406
2025-08-22 12:30:00,23500,CE,756.58,758.77,748.12,757.13,128,30934,0.1413
2025-08-22 12:30:00,23500,PE,159.79,160.25,158.64,159.37,161,29013,0.1399
2025-08-22 12:30:00,23550,CE,700.18,717.89,698.57,705.1,232,32146,0.141
2025-08-22 12:30:00,23550,PE,165.14,170.24,164.89,165.65,309,31371,0.1386
2025-08-22 12:30:00,23600,CE,655.25,665.34,661.57,661.67,586,34579,0.1394
2025-08-22 12:30:00,23600,PE,164.82,164.43,163.93,163.95,557,34446,0.1387
2025-08-22 12:30:00,23650,CE,603.57,608.46,601.27,606.5,658,29008,0.1381
2025-08-22 12:30:00,23650,PE,158.91,164.07,158.18,158.98,450,29936,0.1419
2025-08-22 12:30:00,23700,CE,568.47,564.94,560.07,561.94,95,33110,0.14
2025-08-22 12:30:00,23700,PE,165.52,166.38,164.37,164.75,244,32347,0.1396
2025-08-22 12:30:00,23750,CE,502.51,514.51,503.79,505.0,754,39657,0.1439
2025-08-22 12:30:00,23750,PE,165.38,173.32,167.68,168.36,618,35281,0.1405
2025-08-22 12:30:00,23800,CE,459.56,464.85,458.09,459.06,389,41916,0.14
2025-08-22 12:30:00,23800,PE,168.28,170.92,169.9,170.74,718,38709,0.141
2025-08-22 12:30:00,23850,CE,401.67,408.04,402.76,402.78,900,41532,0.1385
2025-08-22 12:30:00,23850,PE,168.71,169.71,167.88,169.53,813,38838,0.1395
2025-08-22 12:30:00,23900,CE,359.2,365.92,357.57,360.32,648,47615,0.1419
2025-08-22 12:30:00,23900,PE,177.64,182.56,178.37,178.42,371,39998,0.1433
2025-08-22 12:30:00,23950,CE,298.46,304.97,298.84,301.28,1005,49333,0.1399
2025-08-22 12:30:00,23950,PE,157.06,158.71,156.09,156.13,109,50989,0.1406
2025-08-22 12:30:00,24000,CE,254.07,256.14,252.44,255.91,616,52878,0.1407
2025-08-22 12:30:00,24000,PE,153.6,156.24,152.48,153.82,112,53588,0.1353
2025-08-22 12:30:00,24050,CE,211.8,209.34,209.01,209.32,79,55803,0.142
2025-08-22 12:30:00,24050,PE,172.38,174.82,172.23,172.48,1342,54729,0.1407
2025-08-22 12:30:00,24100,CE,171.77,174.26,171.03,172.15,586,64303,0.1395
2025-08-22 12:30:00,24100,PE,165.17,168.18,164.76,165.73,100,68206,0.138
2025-08-22 12:30:00,24150,CE,181.66,181.16,178.12,180.43,1324,75826,0.1419
2025-08-22 12:30:00,24150,PE,218.2,224.37,221.36,222.85,227,76030,0.1397
2025-08-22 12:30:00,24200,CE,149.69,150.09,146.36,148.64,33,80077,0.1386
2025-08-22 12:30:00,24200,PE,268.88,275.68,271.24,272.96,105,86772,0.1379
2025-08-22 12:30:00,24250,CE,171.04,171.74,167.16,169.96,414,76179,0.1424
2025-08-22 12:30:00,24250,PE,322.25,329.87,323.37,323.55,1013,76260,0.1378
2025-08-22 12:30:00,24300,CE,154.35,157.43,154.0,154.63,666,67092,0.1402
2025-08-22 12:30:00,24300,PE,379.41,382.67,379.21,380.57,1014,66016,0.1393
2025-08-22 12:30:00,24350,CE,162.69,165.04,160.92,161.25,234,65165,0.1374
2025-08-22 12:30:00,24350,PE,427.99,429.93,424.89,428.7,691,62839,0.1426
2025-08-22 12:30:00,24400,CE,166.33,168.84,164.99,165.79,247,55872,0.1394
2025-08-22 12:30:00,24400,PE,455.57,469.2,463.28,464.42,525,54840,0.1387
2025-08-22 12:30:00,24450,CE,166.42,169.6,168.25,168.89,302,49358,0.1386
2025-08-22 12:30:00,24450,PE,524.3,523.47,515.13,520.33,670,48629,0.1393
2025-08-22 12:30:00,24500,CE,157.99,162.3,158.85,159.37,548,48797,0.1389
2025-08-22 12:30:00,24500,PE,576.27,587.11,578.04,580.28,199,46298,0.1396
2025-08-22 12:30:00,24550,CE,166.44,170.51,166.11,168.48,57,38780,0.1419
2025-08-22 12:30:00,24550,PE,614.9,617.88,614.52,617.33,312,44950,0.1385
2025-08-22 12:30:00,24600,CE,166.01,170.11,168.43,168.91,60,36060,0.1386
2025-08-22 12:30:00,24600,PE,672.53,677.37,670.97,675.95,178,40571,0.1424
2025-08-22 12:30:00,24650,CE,149.19,150.85,147.11,149.26,283,39246,0.1382
2025-08-22 12:30:00,24650,PE,728.78,739.59,716.15,723.93,507,34868,0.1377
2025-08-22 12:30:00,24700,CE,163.46,162.93,160.3,161.14,491,34277,0.1378
2025-08-22 12:30:00,24700,PE,773.24,771.16,759.46,770.01,156,32038,0.1423
2025-08-22 12:30:00,24750,CE,169.24,171.07,170.79,170.9,303,32827,0.1419
2025-08-22 12:30:00,24750,PE,813.47,817.89,813.44,814.17,250,33834,0.1384
2025-08-22 12:30:00,24800,CE,170.6,169.97,167.94,169.06,299,27500,0.1403
2025-08-22 12:30:00,24800,PE,873.43,879.83,865.35,869.13,271,31101,0.1407
2025-08-22 12:30:00,24850,CE,171.9,176.03,172.27,172.5,480,29865,0.1429
2025-08-22 12:30:00,24850,PE,918.55,940.44,907.15,917.91,52,30323,0.1422
2025-08-22 12:30:00,24900,CE,171.73,174.21,170.08,171.34,158,24665,0.1422
2025-08-22 12:30:00,24900,PE,976.47,984.6,969.55,980.75,194,26120,0.1402
2025-08-22 12:35:00,23500,CE,730.84,738.77,723.03,725.46,517,31099,0.1421
2025-08-22 12:35:00,23500,PE,166.57,167.46,167.24,167.45,569,29558,0.1402
2025-08-22 12:35:00,23550,CE,675.32,681.53,672.46,679.47,268,32418,0.1423
2025-08-22 12:35:00,23550,PE,147.19,148.88,146.63,147.6,319,31364,0.1375
2025-08-22 12:35:00,23600,CE,637.2,641.53,624.63,631.85,496,34805,0.138
2025-08-22 12:35:00,23600,PE,155.39,153.8,152.27,153.58,609,34773,0.1372
2025-08-22 12:35:00,23650,CE,604.12,599.87,595.1,598.45,449,29511,0.1425
2025-08-22 12:35:00,23650,PE,174.79,175.7,172.13,174.31,83,30251,0.1433
2025-08-22 12:35:00,23700,CE,539.94,543.87,536.2,540.51,310,33029,0.1405
2025-08-22 12:35:00,23700,PE,174.32,173.09,171.44,172.61,605,32075,0.1423
2025-08-22 12:35:00,23750,CE,482.59,477.75,465.95,476.71,739,39656,0.1381
2025-08-22 12:35:00,23750,PE,176.81,179.02,174.68,174.92,300,35074,0.1405
2025-08-22 12:35:00,23800,CE,439.04,438.64,433.23,435.96,392,42447,0.1383
2025-08-22 12:35:00,23800,PE,171.29,169.94,167.6,167.88,106,38718,0.1401
2025-08-22 12:35:00,23850,CE,401.0,402.17,389.64,396.27,839,41498,0.1402
2025-08-22 12:35:00,23850,PE,169.85,168.81,167.25,168.0,574,38655,0.1426
2025-08-22 12:35:00,23900,CE,346.7,349.92,339.59,345.06,167,47782,0.1396
2025-08-22 12:35:00,23900,PE,166.96,171.28,164.15,166.38,1026,40022,0.1429
2025-08-22 12:35:00,23950,CE,294.68,294.23,291.99,293.95,553,48887,0.1403
2025-08-22 12:35:00,23950,PE,177.13,176.28,175.92,176.03,1185,51432,0.1424
2025-08-22 12:35:00,24000,CE,238.54,239.25,238.37,238.53,1295,52708,0.1388
2025-08-22 12:35:00,24000,PE,179.56,178.59,176.84,177.51,904,53507,0.1406
2025-08-22 12:35:00,24050,CE,192.87,194.2,191.2,191.63,413,55449,0.1412
2025-08-22 12:35:00,24050,PE,168.46,167.55,166.14,167.11,659,54793,0.139
2025-08-22 12:35:00,24100,CE,167.57,169.08,166.1,168.1,221,64545,0.1426
2025-08-22 12:35:00,24100,PE,190.12,194.39,191.17,191.85,760,68663,0.141
2025-08-22 12:35:00,24150,CE,161.23,163.27,159.29,160.36,407,75287,0.1411
2025-08-22 12:35:00,24150,PE,248.17,249.95,246.53,247.36,453,76597,0.1396
2025-08-22 12:35:00,24200,CE,165.14,165.6,162.88,164.33,408,80321,0.1423
2025-08-22 12:35:00,24200,PE,300.18,309.23,300.61,301.6,1039,86513,0.1405
2025-08-22 12:35:00,24250,CE,159.91,162.75,159.15,160.16,709,75824,0.1412
2025-08-22 12:35:00,24250,PE,342.98,343.62,340.36,342.65,408,76015,0.1385
2025-08-22 12:35:00,24300,CE,162.55,161.36,158.74,160.76,668,67542,0.1403
2025-08-22 12:35:00,24300,PE,402.54,404.64,397.08,404.0,260,65765,0.14
2025-08-22 12:35:00,24350,CE,164.29,166.18,164.47,164.73,739,65120,0.1401
2025-08-22 12:35:00,24350,PE,436.24,442.05,435.21,438.6,467,63085,0.1383
2025-08-22 12:35:00,24400,CE,170.94,172.41,170.06,170.44,124,56318,0.1421
2025-08-22 12:35:00,24400,PE,487.92,485.06,480.12,482.09,309,55030,0.138
2025-08-22 12:35:00,24450,CE,169.64,173.59,169.89,171.47,335,49661,0.1435
2025-08-22 12:35:00,24450,PE,535.37,536.7,530.79,534.56,470,48236,0.1398
2025-08-22 12:35:00,24500,CE,166.17,168.72,167.4,168.01,142,49249,0.1397
2025-08-22 12:35:00,24500,PE,586.15,591.65,579.45,582.22,372,46028,0.1404
2025-08-22 12:35:00,24550,CE,162.95,165.68,164.04,164.26,103,38334,0.1381
2025-08-22 12:35:00,24550,PE,642.92,635.38,624.68,634.06,608,45521,0.1399
2025-08-22 12:35:00,24600,CE,163.54,166.02,162.65,164.57,249,35701,0.1403
2025-08-22 12:35:00,24600,PE,697.27,702.1,691.53,695.59,265,40134,0.1411
2025-08-22 12:35:00,24650,CE,165.45,169.43,167.83,167.94,324,39397,0.141
2025-08-22 12:35:00,24650,PE,735.89,746.37,736.93,740.34,574,34650,0.1389
2025-08-22 12:35:00,24700,CE,171.86,171.44,170.61,170.79,116,33837,0.1384
2025-08-22 12:35:00,24700,PE,792.91,795.25,788.37,792.0,213,32159,0.1398
2025-08-22 12:35:00,24750,CE,159.32,158.65,156.94,157.54,42,33137,0.1363
2025-08-22 12:35:00,24750,PE,851.23,848.14,844.34,847.82,245,34185,0.1416
2025-08-22 12:35:00,24800,CE,163.8,164.13,162.22,162.3,234,27086,0.1405
2025-08-22 12:35:00,24800,PE,895.31,898.45,889.66,893.53,18,31169,0.1401
2025-08-22 12:35:00,24850,CE,162.64,162.72,160.0,160.62,258,30241,0.1398
2025-08-22 12:35:00,24850,PE,948.14,953.13,938.26,943.81,415,29916,0.1402
2025-08-22 12:35:00,24900,CE,164.55,168.48,165.96,167.0,147,24314,0.1401
2025-08-22 12:35:00,24900,PE,989.13,997.2,987.59,988.62,54,25522,0.1389
2025-08-22 12:40:00,23500,CE,747.58,752.25,741.29,745.94,56,31128,0.1416
2025-08-22 12:40:00,23500,PE,170.93,172.71,168.89,171.17,96,29191,0.1407
2025-08-22 12:40:00,23550,CE,672.78,679.54,674.29,675.07,82,32687,0.137
2025-08-22 12:40:00,23550,PE,164.9,167.32,165.07,165.8,399,31918,0.1371
2025-08-22 12:40:00,23600,CE,644.1,645.59,641.68,642.67,83,34455,0.1396
2025-08-22 12:40:00,23600,PE,163.65,166.62,162.96,164.61,308,34951,0.1377
2025-08-22 12:40:00,23650,CE,582.56,587.14,580.43,582.21,102,29165,0.1422
2025-08-22 12:40:00,23650,PE,161.35,164.92,162.84,163.47,306,29672,0.141
2025-08-22 12:40:00,23700,CE,544.94,549.54,537.13,546.05,309,33339,0.1404
2025-08-22 12:40:00,23700,PE,161.57,164.56,162.23,162.92,408,31995,0.1402
2025-08-22 12:40:00,23750,CE,479.57,481.94,479.06,481.79,410,40192,0.1359
2025-08-22 12:40:00,23750,PE,171.56,173.21,170.01,170.26,437,35115,0.1394
2025-08-22 12:40:00,23800,CE,431.98,438.65,426.04,429.13,841,42035,0.139
2025-08-22 12:40:00,23800,PE,170.07,174.25,168.13,168.79,99,38657,0.1403
2025-08-22 12:40:00,23850,CE,385.35,386.93,382.61,385.33,326,41141,0.1376
2025-08-22 12:40:00,23850,PE,168.16,168.5,166.38,167.63,132,39108,0.1412
2025-08-22 12:40:00,23900,CE,345.92,344.02,342.46,343.51,683,48011,0.1411
2025-08-22 12:40:00,23900,PE,164.55,167.18,163.97,166.04,146,39831,0.141
2025-08-22 12:40:00,23950,CE,286.49,293.78,286.05,286.96,775,48920,0.14
2025-08-22 12:40:00,23950,PE,162.07,165.11,162.21,163.51,865,51635,0.1404
2025-08-22 12:40:00,24000,CE,243.47,245.12,242.87,243.26,597,53047,0.1439
2025-08-22 12:40:00,24000,PE,174.61,176.5,174.35,174.73,383,53003,0.1415
2025-08-22 12:40:00,24050,CE,196.1,195.53,193.44,194.04,1504,54876,0.1392
2025-08-22 12:40:00,24050,PE,179.06,181.18,179.18,179.34,486,54330,0.1425
2025-08-22 12:40:00,24100,CE,170.63,173.55,169.15,170.74,405,64418,0.1455
2025-08-22 12:40:00,24100,PE,191.27,195.19,191.75,192.05,238,68623,0.1404
2025-08-22 12:40:00,24150,CE,159.59,159.56,157.52,159.04,1319,74850,0.1421
2025-08-22 12:40:00,24150,PE,228.89,234.11,230.19,230.55,1319,76490,0.1391
2025-08-22 12:40:00,24200,CE,171.76,174.87,168.61,172.51,745,80250,0.1425
2025-08-22 12:40:00,24200,PE,299.99,306.97,302.76,303.47,407,86043,0.1418
2025-08-22 12:40:00,24250,CE,175.21,178.34,172.69,175.12,664,76323,0.1443
2025-08-22 12:40:00,24250,PE,332.6,334.66,331.49,333.92,584,76133,0.1396
2025-08-22 12:40:00,24300,CE,185.53,188.12,185.33,186.96,647,67408,0.1404
2025-08-22 12:40:00,24300,PE,394.4,400.7,388.56,394.65,134,65773,0.1375
2025-08-22 12:40:00,24350,CE,149.35,151.24,148.78,150.18,789,64897,0.1426
2025-08-22 12:40:00,24350,PE,445.08,439.98,438.5,439.52,791,63510,0.1422
2025-08-22 12:40:00,24400,CE,159.77,161.3,158.99,159.52,213,56408,0.1392
2025-08-22 12:40:00,24400,PE,481.16,487.13,482.11,484.78,624,55023,0.1414
2025-08-22 12:40:00,24450,CE,163.72,164.06,163.12,163.9,540,50154,0.1402
2025-08-22 12:40:00,24450,PE,556.74,550.83,543.88,550.51,485,48641,0.1401
2025-08-22 12:40:00,24500,CE,159.14,162.22,159.03,159.29,572,49624,0.1374
2025-08-22 12:40:00,24500,PE,585.82,597.34,595.61,597.11,608,45698,0.1416
2025-08-22 12:40:00,24550,CE,161.29,163.95,161.53,161.83,22,37917,0.1401
2025-08-22 12:40:00,24550,PE,643.26,640.47,635.77,636.77,174,45749,0.1404
2025-08-22 12:40:00,24600,CE,174.88,176.95,172.19,174.53,322,35663,0.1389
2025-08-22 12:40:00,24600,PE,678.4,699.5,677.17,683.92,15,40354,0.1394
2025-08-22 12:40:00,24650,CE,162.83,161.63,159.75,160.95,219,39709,0.1419
2025-08-22 12:40:00,24650,PE,742.37,738.14,730.64,737.72,74,34404,0.1404
2025-08-22 12:40:00,24700,CE,150.43,156.68,151.56,151.87,38,33578,0.1399
2025-08-22 12:40:00,24700,PE,789.89,806.57,784.51,785.37,512,32147,0.1389
2025-08-22 12:40:00,24750,CE,151.32,150.04,147.62,149.26,235,32865,0.1409
2025-08-22 12:40:00,24750,PE,831.78,833.93,823.74,831.11,145,34385,0.1363
2025-08-22 12:40:00,24800,CE,165.56,166.14,164.71,165.06,491,27382,0.1398
2025-08-22 12:40:00,24800,PE,875.08,887.6,871.32,879.6,369,31135,0.1421
2025-08-22 12:40:00,24850,CE,169.22,168.19,165.62,167.04,53,30509,0.1401
2025-08-22 12:40:00,24850,PE,921.83,947.69,920.77,932.27,385,29928,0.139
2025-08-22 12:40:00,24900,CE,168.5,170.69,167.06,168.79,48,24569,0.1405
2025-08-22 12:40:00,24900,PE,1002.28,1002.28,988.38,989.87,418,25191,0.14
2025-08-22 12:45:00,23500,CE,828.76,830.09,817.55,824.73,92,31414,0.1383
2025-08-22 12:45:00,23500,PE,167.5,166.67,164.45,166.58,182,29449,0.138
2025-08-22 12:45:00,23550,CE,771.35,780.97,767.9,774.62,397,32406,0.1389
2025-08-22 12:45:00,23550,PE,153.43,157.14,152.26,154.29,32,31985,0.1429
2025-08-22 12:45:00,23600,CE,729.79,735.18,732.03,732.34,248,34881,0.1412
2025-08-22 12:45:00,23600,PE,171.14,177.06,173.73,174.39,219,34650,0.1437
2025-08-22 12:45:00,23650,CE,680.48,684.0,678.9,682.38,545,29448,0.1426
2025-08-22 12:45:00,23650,PE,167.08,166.83,163.27,164.4,395,30216,0.1394
2025-08-22 12:45:00,23700,CE,617.99,616.58,614.01,615.76,531,33778,0.1394
2025-08-22 12:45:00,23700,PE,175.37,178.92,172.86,174.8,542,31876,0.1438
2025-08-22 12:45:00,23750,CE,583.36,593.55,581.34,586.41,56,40320,0.1396
2025-08-22 12:45:00,23750,PE,160.93,161.77,159.05,160.6,556,35705,0.1411
2025-08-22 12:45:00,23800,CE,523.09,527.76,523.08,527.09,536,42117,0.1443
2025-08-22 12:45:00,23800,PE,168.73,171.96,168.16,169.91,455,38195,0.1406
2025-08-22 12:45:00,23850,CE,473.78,473.9,468.74,469.48,20,40595,0.1411
2025-08-22 12:45:00,23850,PE,167.33,167.81,166.06,166.84,768,39456,0.1415
2025-08-22 12:45:00,23900,CE,421.91,421.04,416.82,419.82,252,47919,0.1393
2025-08-22 12:45:00,23900,PE,172.77,176.8,171.76,172.74,455,39527,0.1435
2025-08-22 12:45:00,23950,CE,379.75,376.58,369.55,374.3,441,48737,0.1376
2025-08-22 12:45:00,23950,PE,161.83,161.92,160.66,161.7,713,51943,0.138
2025-08-22 12:45:00,24000,CE,329.91,337.05,330.82,331.21,128,53005,0.1402
2025-08-22 12:45:00,24000,PE,175.88,178.19,175.48,176.11,1126,53445,0.1383
2025-08-22 12:45:00,24050,CE,277.33,286.31,279.41,280.08,1021,55157,0.1436
2025-08-22 12:45:00,24050,PE,175.99,178.58,173.36,174.78,26,54898,0.1409
2025-08-22 12:45:00,24100,CE,227.64,230.06,226.99,228.82,1087,64884,0.1393
2025-08-22 12:45:00,24100,PE,161.63,164.98,160.32,161.68,1338,68328,0.1352
2025-08-22 12:45:00,24150,CE,181.76,185.21,180.78,181.11,51,75040,0.1397
2025-08-22 12:45:00,24150,PE,163.7,163.52,160.25,162.51,806,75914,0.1408
2025-08-22 12:45:00,24200,CE,173.06,174.02,171.57,172.33,447,80839,0.1389
2025-08-22 12:45:00,24200,PE,210.53,212.72,209.66,210.12,592,85756,0.138
2025-08-22 12:45:00,24250,CE,161.36,162.29,160.02,161.17,902,76520,0.1401
2025-08-22 12:45:00,24250,PE,257.13,258.84,254.78,255.71,468,76551,0.1404
2025-08-22 12:45:00,24300,CE,162.72,163.57,162.86,163.41,706,67000,0.1363
2025-08-22 12:45:00,24300,PE,309.54,310.3,305.75,307.32,404,66190,0.1425
2025-08-22 12:45:00,24350,CE,165.42,165.2,163.28,164.78,112,64311,0.14
2025-08-22 12:45:00,24350,PE,337.83,343.79,341.78,343.77,711,63440,0.1378
2025-08-22 12:45:00,24400,CE,158.57,162.3,160.41,161.46,256,56374,0.1387
2025-08-22 12:45:00,24400,PE,404.03,409.77,401.81,406.24,190,54871,0.1386
2025-08-22 12:45:00,24450,CE,164.79,165.85,163.59,164.3,218,50257,0.141
2025-08-22 12:45:00,24450,PE,454.92,458.09,445.74,450.48,600,49138,0.1376
2025-08-22 12:45:00,24500,CE,170.41,172.89,170.99,171.21,67,49416,0.1395
2025-08-22 12:45:00,24500,PE,503.76,503.27,502.84,503.25,224,45793,0.1401
2025-08-22 12:45:00,24550,CE,154.27,158.22,153.88,154.37,406,38369,0.1426
2025-08-22 12:45:00,24550,PE,559.21,563.84,553.67,559.95,691,46076,0.1427
2025-08-22 12:45:00,24600,CE,160.07,159.48,157.82,158.62,148,35111,0.1419
2025-08-22 12:45:00,24600,PE,604.27,608.32,604.03,605.82,629,40885,0.1415
2025-08-22 12:45:00,24650,CE,174.16,175.28,172.63,173.03,171,39164,0.1374
2025-08-22 12:45:00,24650,PE,644.33,653.2,640.44,647.84,447,34510,0.1415
2025-08-22 12:45:00,24700,CE,153.46,153.86,151.98,153.67,545,33668,0.1369
2025-08-22 12:45:00,24700,PE,704.54,705.81,700.93,701.16,468,32490,0.1387
2025-08-22 12:45:00,24750,CE,164.17,166.1,164.27,164.28,15,32443,0.138
2025-08-22 12:45:00,24750,PE,750.95,766.9,754.56,754.74,452,34000,0.1407
2025-08-22 12:45:00,24800,CE,167.37,171.08,168.96,169.14,119,27684,0.1418
2025-08-22 12:45:00,24800,PE,797.69,815.9,798.58,803.77,118,30714,0.1444
2025-08-22 12:45:00,24850,CE,166.65,164.87,164.02,164.56,15,30472,0.1391
2025-08-22 12:45:00,24850,PE,845.68,857.17,840.92,846.42,332,30205,0.1397
2025-08-22 12:45:00,24900,CE,164.15,164.03,163.91,163.95,446,24750,0.1381
2025-08-22 12:45:00,24900,PE,915.86,921.42,903.62,909.14,374,24843,0.1415
2025-08-22 12:50:00,23500,CE,872.4,884.8,862.32,875.25,178,31178,0.1391
2025-08-22 12:50:00,23500,PE,168.32,167.73,165.6,166.85,40,30011,0.1423
2025-08-22 12:50:00,23550,CE,830.84,853.21,822.56,833.87,135,32344,0.1393
2025-08-22 12:50:00,23550,PE,162.92,164.34,162.14,163.21,196,31438,0.14
2025-08-22 12:50:00,23600,CE,776.53,777.29,775.43,776.98,510,34544,0.1395
2025-08-22 12:50:00,23600,PE,164.97,168.02,163.83,165.28,64,34460,0.1429
2025-08-22 12:50:00,23650,CE,725.69,746.51,725.99,730.85,94,30047,0.1416
2025-08-22 12:50:00,23650,PE,148.25,151.65,150.22,151.04,120,29979,0.1402
2025-08-22 12:50:00,23700,CE,685.09,694.68,674.49,676.16,180,33209,0.1448
2025-08-22 12:50:00,23700,PE,170.5,170.92,168.83,170.71,18,31891,0.1444
2025-08-22 12:50:00,23750,CE,626.02,639.28,621.74,630.46,166,39820,0.1415
2025-08-22 12:50:00,23750,PE,164.88,166.96,163.94,164.95,205,35433,0.1393
2025-08-22 12:50:00,23800,CE,578.73,581.59,577.28,581.53,315,42707,0.1411
2025-08-22 12:50:00,23800,PE,162.4,165.81,162.06,162.5,232,38440,0.1424
2025-08-22 12:50:00,23850,CE,512.53,518.22,510.55,515.9,607,40055,0.1422
2025-08-22 12:50:00,23850,PE,151.65,153.39,150.58,151.67,400,39394,0.1407
2025-08-22 12:50:00,23900,CE,477.79,476.34,462.95,474.83,440,47524,0.1378
2025-08-22 12:50:00,23900,PE,176.86,180.39,174.38,177.44,404,39074,0.1428
2025-08-22 12:50:00,23950,CE,417.4,427.22,415.83,418.56,883,48841,0.1415
2025-08-22 12:50:00,23950,PE,166.75,167.59,167.13,167.23,47,51949,0.1417
2025-08-22 12:50:00,24000,CE,363.79,367.55,361.15,365.25,954,53296,0.1395
2025-08-22 12:50:00,24000,PE,173.87,173.1,171.5,172.52,293,53915,0.1441
2025-08-22 12:50:00,24050,CE,326.16,330.59,325.04,326.15,228,54853,0.1395
2025-08-22 12:50:00,24050,PE,160.51,161.32,159.28,160.59,193,55405,0.1389
2025-08-22 12:50:00,24100,CE,279.0,280.02,275.6,277.11,934,64905,0.141
2025-08-22 12:50:00,24100,PE,170.49,171.08,168.89,169.47,872,68038,0.1391
2025-08-22 12:50:00,24150,CE,223.34,226.5,222.1,222.72,128,75454,0.135
2025-08-22 12:50:00,24150,PE,165.3,171.27,162.68,165.96,1436,75356,0.1387
2025-08-22 12:50:00,24200,CE,182.92,187.07,182.71,183.77,117,80910,0.1419
2025-08-22 12:50:00,24200,PE,161.96,166.21,162.81,163.18,103,86021,0.139
2025-08-22 12:50:00,24250,CE,161.8,160.93,159.08,160.58,1479,76255,0.1401
2025-08-22 12:50:00,24250,PE,206.77,207.16,206.76,206.77,477,76987,0.1396
2025-08-22 12:50:00,24300,CE,164.64,167.0,165.39,165.45,495,66688,0.1419
2025-08-22 12:50:00,24300,PE,252.72,253.74,248.56,250.32,134,66597,0.1401
2025-08-22 12:50:00,24350,CE,168.65,172.6,167.87,170.9,1103,63805,0.1401
2025-08-22 12:50:00,24350,PE,309.63,313.6,305.58,309.19,960,63031,0.1452
2025-08-22 12:50:00,24400,CE,185.56,185.8,183.86,185.04,162,56231,0.1409
2025-08-22 12:50:00,24400,PE,359.24,358.07,355.39,357.82,474,55295,0.1383
2025-08-22 12:50:00,24450,CE,170.07,174.3,169.86,170.63,677,49830,0.1404
2025-08-22 12:50:00,24450,PE,411.39,411.01,406.32,407.59,568,49588,0.1375
2025-08-22 12:50:00,24500,CE,161.37,162.72,159.58,160.6,585,49091,0.1388
2025-08-22 12:50:00,24500,PE,448.97,451.03,442.83,446.89,125,45736,0.1393
2025-08-22 12:50:00,24550,CE,161.56,162.87,161.28,161.97,387,38192,0.1407
2025-08-22 12:50:00,24550,PE,520.45,522.53,515.7,518.82,99,45617,0.1389
2025-08-22 12:50:00,24600,CE,155.35,158.86,157.0,157.19,400,35644,0.137
2025-08-22 12:50:00,24600,PE,556.04,557.48,540.93,554.34,451,40810,0.1409
2025-08-22 12:50:00,24650,CE,164.16,167.36,163.44,164.96,647,39392,0.1413
2025-08-22 12:50:00,24650,PE,620.41,621.21,611.72,618.49,501,34600,0.1396
2025-08-22 12:50:00,24700,CE,167.72,167.61,164.71,166.06,497,33670,0.1389
2025-08-22 12:50:00,24700,PE,681.87,667.53,660.66,666.14,408,32629,0.1401
2025-08-22 12:50:00,24750,CE,170.73,170.3,168.04,169.65,461,32921,0.1449
2025-08-22 12:50:00,24750,PE,700.03,713.81,701.28,702.96,186,34239,0.1408
2025-08-22 12:50:00,24800,CE,162.17,163.04,160.41,162.97,27,27722,0.1408
2025-08-22 12:50:00,24800,PE,771.01,764.35,754.25,754.8,517,30888,0.1413
2025-08-22 12:50:00,24850,CE,167.95,171.13,169.38,169.97,151,30599,0.1415
2025-08-22 12:50:00,24850,PE,826.7,815.02,811.61,813.1,200,30124,0.1435
2025-08-22 12:50:00,24900,CE,162.2,168.28,164.24,164.43,124,24899,0.1405
2025-08-22 12:50:00,24900,PE,845.88,855.37,845.84,852.14,109,24775,0.1368
2025-08-22 12:55:00,23500,CE,894.67,893.62,870.7,880.87,470,31487,0.1403
2025-08-22 12:55:00,23500,PE,177.79,180.93,178.96,179.31,212,30573,0.1414
2025-08-22 12:55:00,23550,CE,845.66,866.7,831.52,839.91,15,32895,0.1418
2025-08-22 12:55:00,23550,PE,168.81,169.82,165.44,166.59,191,31822,0.1396
2025-08-22 12:55:00,23600,CE,787.59,798.29,781.68,784.06,527,34666,0.1384
2025-08-22 12:55:00,23600,PE,169.37,173.99,169.97,170.82,343,34759,0.1421
2025-08-22 12:55:00,23650,CE,729.21,727.17,725.52,726.43,148,29660,0.1395
2025-08-22 12:55:00,23650,PE,159.59,164.61,161.22,162.05,208,29953,0.1374
2025-08-22 12:55:00,23700,CE,691.22,681.84,679.39,681.73,467,32917,0.1406
2025-08-22 12:55:00,23700,PE,167.97,168.36,167.54,168.26,357,31295,0.1408
2025-08-22 12:55:00,23750,CE,634.95,647.11,632.89,635.73,31,40380,0.1421
2025-08-22 12:55:00,23750,PE,170.9,173.07,171.1,171.23,569,35869,0.1423
2025-08-22 12:55:00,23800,CE,586.2,590.93,575.78,583.5,242,42723,0.1408
2025-08-22 12:55:00,23800,PE,175.03,177.47,175.52,176.85,486,38144,0.1434
2025-08-22 12:55:00,23850,CE,533.71,529.83,522.22,529.08,577,40286,0.1409
2025-08-22 12:55:00,23850,PE,170.17,171.0,167.99,170.83,321,39315,0.1397
2025-08-22 12:55:00,23900,CE,484.18,494.59,477.77,485.08,266,47888,0.1394
2025-08-22 12:55:00,23900,PE,156.01,158.99,157.85,158.0,824,39673,0.138
2025-08-22 12:55:00,23950,CE,442.42,445.49,443.61,443.8,706,48659,0.1394
2025-08-22 12:55:00,23950,PE,168.94,168.51,167.03,168.2,715,51642,0.1395
2025-08-22 12:55:00,24000,CE,393.19,392.02,388.85,389.02,900,53016,0.1405
2025-08-22 12:55:00,24000,PE,164.53,164.69,162.52,164.24,414,53427,0.1404
2025-08-22 12:55:00,24050,CE,334.75,336.04,334.81,334.88,107,54725,0.1438
2025-08-22 12:55:00,24050,PE,170.38,172.72,169.23,170.29,621,54825,0.1403
2025-08-22 12:55:00,24100,CE,284.93,284.98,282.33,284.56,1064,64442,0.1368
2025-08-22 12:55:00,24100,PE,156.58,158.12,155.64,158.04,1252,67764,0.1377
2025-08-22 12:55:00,24150,CE,232.61,235.73,232.51,234.39,558,75045,0.1383
2025-08-22 12:55:00,24150,PE,166.9,168.17,163.91,166.65,1186,75634,0.1406
2025-08-22 12:55:00,24200,CE,180.78,185.73,182.43,183.33,157,80436,0.14
2025-08-22 12:55:00,24200,PE,159.6,161.01,160.07,160.98,1031,86460,0.1389
2025-08-22 12:55:00,24250,CE,174.68,176.63,175.46,176.56,202,75920,0.1401
2025-08-22 12:55:00,24250,PE,186.67,187.57,185.7,186.61,899,76517,0.1393
2025-08-22 12:55:00,24300,CE,152.74,154.26,152.13,152.61,442,66100,0.1393
2025-08-22 12:55:00,24300,PE,238.23,241.78,237.09,239.97,710,66855,0.1384
2025-08-22 12:55:00,24350,CE,166.94,168.91,165.61,167.42,517,63512,0.1402
2025-08-22 12:55:00,24350,PE,292.99,290.42,288.64,290.37,532,63042,0.1418
2025-08-22 12:55:00,24400,CE,166.78,170.83,166.27,168.61,196,55764,0.1392
2025-08-22 12:55:00,24400,PE,339.98,353.56,347.08,349.02,213,55877,0.1374
2025-08-22 12:55:00,24450,CE,155.9,157.18,155.26,155.51,717,49380,0.1403
2025-08-22 12:55:00,24450,PE,397.1,400.93,392.64,395.91,308,49482,0.1433
2025-08-22 12:55:00,24500,CE,166.93,165.52,163.68,164.71,174,49512,0.1394
2025-08-22 12:55:00,24500,PE,447.76,454.61,441.45,445.75,844,45429,0.1387
2025-08-22 12:55:00,24550,CE,156.05,157.9,156.63,157.88,26,37912,0.14
2025-08-22 12:55:00,24550,PE,509.69,506.53,502.65,502.66,485,45987,0.1436
2025-08-22 12:55:00,24600,CE,164.73,166.73,164.01,165.1,266,35372,0.142
2025-08-22 12:55:00,24600,PE,553.11,555.43,544.89,550.69,198,40213,0.143
2025-08-22 12:55:00,24650,CE,174.25,175.34,173.25,174.17,21,39305,0.1384
2025-08-22 12:55:00,24650,PE,610.28,613.09,604.26,610.11,441,34015,0.1423
2025-08-22 12:55:00,24700,CE,152.21,152.31,150.09,151.47,140,34161,0.136
2025-08-22 12:55:00,24700,PE,663.06,668.29,662.15,663.73,653,32799,0.1416
2025-08-22 12:55:00,24750,CE,159.45,163.1,160.5,160.52,327,33020,0.1433
2025-08-22 12:55:00,24750,PE,695.23,708.5,700.3,700.69,235,33880,0.1371
2025-08-22 12:55:00,24800,CE,172.38,173.46,169.82,170.48,225,27961,0.1439
2025-08-22 12:55:00,24800,PE,732.6,751.24,737.54,739.82,389,31100,0.138
2025-08-22 12:55:00,24850,CE,164.99,164.78,163.27,164.67,338,30071,0.1404
2025-08-22 12:55:00,24850,PE,779.6,804.47,788.22,793.36,348,30581,0.1398
2025-08-22 12:55:00,24900,CE,166.62,168.01,166.32,167.11,341,24994,0.1395
2025-08-22 12:55:00,24900,PE,839.45,843.03,815.81,835.84,123,25125,0.1399
2025-08-22 13:00:00,23500,CE,854.74,879.99,856.21,858.47,238,31202,0.1413
2025-08-22 13:00:00,23500,PE,171.19,174.67,169.42,172.04,257,30119,0.1439
2025-08-22 13:00:00,23550,CE,811.9,815.98,813.47,814.06,505,33137,0.1423
2025-08-22 13:00:00,23550,PE,173.02,174.53,172.72,173.75,183,32174,0.1406
2025-08-22 13:00:00,23600,CE,744.99,770.31,747.81,760.7,40,34529,0.1427
2025-08-22 13:00:00,23600,PE,170.94,171.6,170.24,170.61,378,34187,0.1421
2025-08-22 13:00:00,23650,CE,710.12,718.83,711.03,711.19,436,30041,0.1413
2025-08-22 13:00:00,23650,PE,164.05,166.84,161.2,163.07,367,29600,0.1407
2025-08-22 13:00:00,23700,CE,650.83,655.06,645.13,652.55,491,32723,0.1421
2025-08-22 13:00:00,23700,PE,176.54,177.94,174.55,176.31,482,31448,0.1432
2025-08-22 13:00:00,23750,CE,580.39,586.18,571.07,582.47,75,39899,0.1381
2025-08-22 13:00:00,23750,PE,172.86,171.27,170.67,171.18,21,35355,0.1413
2025-08-22 13:00:00,23800,CE,548.12,559.46,548.59,553.72,233,42153,0.1406
2025-08-22 13:00:00,23800,PE,165.55,165.83,164.25,165.48,704,38643,0.1373
2025-08-22 13:00:00,23850,CE,503.46,504.53,497.54,498.72,150,40059,0.1378
2025-08-22 13:00:00,23850,PE,168.73,173.17,168.91,169.25,605,39507,0.1396
2025-08-22 13:00:00,23900,CE,462.9,461.94,455.07,458.13,519,48475,0.1377
2025-08-22 13:00:00,23900,PE,173.97,174.9,169.88,171.11,561,39876,0.1408
2025-08-22 13:00:00,23950,CE,403.36,400.08,395.34,398.91,493,48689,0.1421
2025-08-22 13:00:00,23950,PE,161.57,162.47,160.3,161.92,293,51667,0.1359
2025-08-22 13:00:00,24000,CE,340.91,348.91,342.72,343.2,985,52868,0.1412
2025-08-22 13:00:00,24000,PE,164.66,166.21,164.23,164.27,157,53546,0.1395
2025-08-22 13:00:00,24050,CE,294.0,299.96,295.95,297.53,946,55275,0.1419
2025-08-22 13:00:00,24050,PE,166.32,171.46,165.14,165.88,659,55170,0.1406
2025-08-22 13:00:00,24100,CE,251.46,250.89,248.15,250.38,358,64351,0.1399
2025-08-22 13:00:00,24100,PE,153.38,155.07,152.4,154.03,584,67562,0.1388
2025-08-22 13:00:00,24150,CE,211.19,215.59,211.93,212.05,1138,75505,0.1407
2025-08-22 13:00:00,24150,PE,175.53,175.91,174.18,175.25,533,75196,0.1379
2025-08-22 13:00:00,24200,CE,160.48,163.52,159.01,160.63,1432,80855,0.1393
2025-08-22 13:00:00,24200,PE,176.54,177.67,175.17,176.98,1617,86166,0.1431
2025-08-22 13:00:00,24250,CE,163.09,165.24,162.82,165.01,1066,76178,0.1378
2025-08-22 13:00:00,24250,PE,223.31,223.95,220.65,222.95,1169,76884,0.1427
2025-08-22 13:00:00,24300,CE,152.42,155.27,152.61,155.06,1224,66072,0.1352
2025-08-22 13:00:00,24300,PE,272.13,279.96,270.39,273.16,117,66485,0.1402
2025-08-22 13:00:00,24350,CE,167.43,169.72,164.12,166.87,1011,63925,0.1411
2025-08-22 13:00:00,24350,PE,338.21,338.28,333.28,336.74,30,62883,0.1398
2025-08-22 13:00:00,24400,CE,169.68,171.0,166.49,170.0,262,55548,0.1418
2025-08-22 13:00:00,24400,PE,385.71,388.24,382.28,383.25,658,55889,0.1388
2025-08-22 13:00:00,24450,CE,166.19,169.33,166.53,166.92,453,49302,0.1407
2025-08-22 13:00:00,24450,PE,430.36,430.95,425.75,426.68,600,49701,0.1376
2025-08-22 13:00:00,24500,CE,160.43,162.3,161.34,161.71,49,49076,0.1397
2025-08-22 13:00:00,24500,PE,478.86,481.62,472.39,476.76,298,45351,0.1435
2025-08-22 13:00:00,24550,CE,165.33,166.01,165.01,165.63,779,38382,0.1404
2025-08-22 13:00:00,24550,PE,530.56,537.67,523.62,529.8,511,45430,0.1397
2025-08-22 13:00:00,24600,CE,148.81,153.0,147.41,149.49,83,35320,0.136
2025-08-22 13:00:00,24600,PE,588.69,589.34,585.33,585.75,430,40405,0.1421
2025-08-22 13:00:00,24650,CE,174.45,174.61,168.03,171.16,105,39770,0.1416
2025-08-22 13:00:00,24650,PE,630.22,641.78,619.51,625.15,339,34127,0.1362
2025-08-22 13:00:00,24700,CE,165.3,167.2,165.51,166.68,34,34550,0.1371
2025-08-22 13:00:00,24700,PE,670.37,676.27,672.0,672.95,348,32466,0.1379
2025-08-22 13:00:00,24750,CE,160.79,160.23,158.08,160.13,196,32843,0.1396
2025-08-22 13:00:00,24750,PE,725.41,730.97,713.23,718.58,25,34410,0.1405
2025-08-22 13:00:00,24800,CE,173.69,172.72,171.45,172.33,453,28424,0.1406
2025-08-22 13:00:00,24800,PE,772.89,792.71,778.55,788.12,204,31169,0.1438
2025-08-22 13:00:00,24850,CE,160.78,161.34,159.81,159.93,248,30041,0.1397
2025-08-22 13:00:00,24850,PE,843.13,831.03,830.39,830.67,317,30522,0.1387
2025-08-22 13:00:00,24900,CE,164.81,165.99,162.2,164.87,392,24464,0.1402
2025-08-22 13:00:00,24900,PE,872.65,877.75,872.71,876.58,103,25595,0.1408
2025-08-22 13:05:00,23500,CE,835.02,844.87,827.35,828.28,470,31583,0.1441
2025-08-22 13:05:00,23500,PE,159.64,162.84,157.55,160.52,201,30066,0.1432
2025-08-22 13:05:00,23550,CE,766.97,787.97,759.1,769.43,23,32872,0.1403
2025-08-22 13:05:00,23550,PE,165.93,164.91,162.74,162.82,410,31985,0.1422
2025-08-22 13:05:00,23600,CE,731.09,736.49,723.44,725.96,290,34076,0.1401
2025-08-22 13:05:00,23600,PE,168.23,168.92,164.76,167.62,300,34453,0.1394
2025-08-22 13:05:00,23650,CE,674.04,676.16,666.64,674.59,366,30109,0.1447
2025-08-22 13:05:00,23650,PE,162.69,165.54,161.65,162.39,579,29280,0.1377
2025-08-22 13:05:00,23700,CE,622.64,627.94,624.09,624.8,210,32870,0.1385
2025-08-22 13:05:00,23700,PE,170.19,172.68,170.59,171.04,329,32023,0.1415
2025-08-22 13:05:00,23750,CE,579.09,585.39,575.68,583.44,54,39445,0.1445
2025-08-22 13:05:00,23750,PE,164.96,167.64,166.85,166.87,255,35305,0.1393
2025-08-22 13:05:00,23800,CE,524.78,527.73,523.61,526.12,696,42145,0.1433
2025-08-22 13:05:00,23800,PE,165.29,167.56,164.98,165.45,348,38243,0.1389
2025-08-22 13:05:00,23850,CE,482.33,486.07,482.48,484.07,375,40096,0.1417
2025-08-22 13:05:00,23850,PE,165.07,166.48,165.34,166.04,500,39634,0.1431
2025-08-22 13:05:00,23900,CE,439.7,436.21,433.95,435.82,406,48063,0.1445
2025-08-22 13:05:00,23900,PE,165.61,169.62,163.48,164.9,154,39461,0.1394
2025-08-22 13:05:00,23950,CE,382.58,383.3,379.85,381.89,636,49116,0.141
2025-08-22 13:05:00,23950,PE,147.62,150.5,148.48,148.9,902,51440,0.1395
2025-08-22 13:05:00,24000,CE,326.19,323.2,316.72,323.02,107,53024,0.1407
2025-08-22 13:05:00,24000,PE,177.25,178.93,178.66,178.76,61,53698,0.1416
2025-08-22 13:05:00,24050,CE,287.36,297.26,290.03,293.79,504,55682,0.1429
2025-08-22 13:05:00,24050,PE,171.03,175.19,167.33,169.98,808,55457,0.145
2025-08-22 13:05:00,24100,CE,223.12,233.44,225.87,227.78,610,64759,0.1396
2025-08-22 13:05:00,24100,PE,172.74,176.25,172.21,174.61,783,67712,0.1397
2025-08-22 13:05:00,24150,CE,175.16,178.67,175.7,176.66,639,75444,0.1391
2025-08-22 13:05:00,24150,PE,172.41,172.5,167.59,171.41,1452,75068,0.1415
2025-08-22 13:05:00,24200,CE,181.75,181.95,179.07,179.96,59,80709,0.1422
2025-08-22 13:05:00,24200,PE,196.33,197.64,193.19,195.36,636,86068,0.1395
2025-08-22 13:05:00,24250,CE,172.64,172.25,171.34,171.83,117,75733,0.1424
2025-08-22 13:05:00,24250,PE,241.53,244.32,241.6,242.79,458,76792,0.139
2025-08-22 13:05:00,24300,CE,174.38,173.38,172.17,173.11,54,65939,0.1445
2025-08-22 13:05:00,24300,PE,303.04,303.58,301.54,301.87,398,65926,0.1378
2025-08-22 13:05:00,24350,CE,151.94,153.32,150.29,151.49,282,63655,0.1379
2025-08-22 13:05:00,24350,PE,362.51,370.71,361.2,364.62,169,63185,0.1394
2025-08-22 13:05:00,24400,CE,168.27,171.27,169.52,169.68,85,55641,0.1422
2025-08-22 13:05:00,24400,PE,390.44,398.29,393.15,393.4,650,56256,0.1387
2025-08-22 13:05:00,24450,CE,164.32,168.5,166.03,166.23,488,49353,0.1412
2025-08-22 13:05:00,24450,PE,438.29,447.02,439.44,443.77,676,50125,0.1391
2025-08-22 13:05:00,24500,CE,172.29,175.78,171.62,172.29,181,49431,0.1399
2025-08-22 13:05:00,24500,PE,507.12,513.59,505.88,508.64,382,44868,0.1422
2025-08-22 13:05:00,24550,CE,164.13,170.21,161.62,164.28,464,38954,0.1434
2025-08-22 13:05:00,24550,PE,550.17,549.25,542.26,548.18,116,44847,0.1394
2025-08-22 13:05:00,24600,CE,159.29,160.22,158.15,159.15,641,35436,0.1413
2025-08-22 13:05:00,24600,PE,605.08,608.97,599.01,607.66,161,40756,0.141
2025-08-22 13:05:00,24650,CE,152.95,152.89,150.64,151.42,263,39568,0.1384
2025-08-22 13:05:00,24650,PE,650.47,659.67,645.79,650.75,196,34245,0.1405
2025-08-22 13:05:00,24700,CE,170.11,169.99,168.1,169.4,91,34384,0.1405
2025-08-22 13:05:00,24700,PE,704.45,712.5,702.08,706.69,193,31938,0.1416
2025-08-22 13:05:00,24750,CE,179.3,181.4,178.25,178.33,442,32253,0.1391
2025-08-22 13:05:00,24750,PE,748.06,758.38,744.36,746.28,554,33923,0.1381
2025-08-22 13:05:00,24800,CE,169.12,168.16,164.89,165.86,201,27942,0.1421
2025-08-22 13:05:00,24800,PE,818.27,825.23,809.79,816.36,206,31302,0.1433
2025-08-22 13:05:00,24850,CE,172.07,175.29,172.92,173.44,52,30072,0.1444
2025-08-22 13:05:00,24850,PE,849.16,861.18,846.85,852.98,401,30468,0.1382
2025-08-22 13:05:00,24900,CE,160.54,164.5,160.01,160.44,62,24694,0.137
2025-08-22 13:05:00,24900,PE,890.63,892.4,890.12,891.7,98,25015,0.1364
2025-08-22 13:10:00,23500,CE,848.06,859.97,849.68,852.12,228,31308,0.1413
2025-08-22 13:10:00,23500,PE,160.0,160.84,159.58,159.78,22,30398,0.137
2025-08-22 13:10:00,23550,CE,808.13,823.0,811.29,811.32,327,33363,0.14
2025-08-22 13:10:00,23550,PE,168.87,171.52,167.29,168.08,264,31911,0.1384
2025-08-22 13:10:00,23600,CE,760.65,773.5,763.81,768.03,483,33573,0.1396
2025-08-22 13:10:00,23600,PE,159.36,161.03,159.3,159.39,212,34811,0.1406
2025-08-22 13:10:00,23650,CE,719.33,726.83,720.71,721.66,184,30571,0.1431
2025-08-22 13:10:00,23650,PE,160.92,163.54,161.95,162.06,179,29176,0.1406
2025-08-22 13:10:00,23700,CE,673.59,678.76,660.56,666.8,580,32562,0.139
2025-08-22 13:10:00,23700,PE,174.95,176.52,173.76,173.88,625,31475,0.1398
2025-08-22 13:10:00,23750,CE,617.77,624.29,618.29,621.14,191,39554,0.1387
2025-08-22 13:10:00,23750,PE,172.37,175.89,169.4,171.22,414,35796,0.1435
2025-08-22 13:10:00,23800,CE,561.28,562.93,560.49,560.62,711,42358,0.1386
2025-08-22 13:10:00,23800,PE,163.53,162.69,161.01,162.49,492,38023,0.1387
2025-08-22 13:10:00,23850,CE,514.74,521.47,510.2,518.19,647,40267,0.1409
2025-08-22 13:10:00,23850,PE,173.69,178.54,174.11,174.85,32,40032,0.1438
2025-08-22 13:10:00,23900,CE,463.3,468.47,467.1,468.01,322,48033,0.1363
2025-08-22 13:10:00,23900,PE,154.52,155.36,150.29,152.55,430,39844,0.1382
2025-08-22 13:10:00,23950,CE,402.24,402.22,399.45,401.93,266,48986,0.1385
2025-08-22 13:10:00,23950,PE,162.12,163.05,160.21,161.46,52,51258,0.1387
2025-08-22 13:10:00,24000,CE,369.43,371.05,369.18,369.78,108,53123,0.1409
2025-08-22 13:10:00,24000,PE,159.91,159.48,157.72,159.18,942,53655,0.139
2025-08-22 13:10:00,24050,CE,306.54,308.19,305.01,306.11,1075,56254,0.1415
2025-08-22 13:10:00,24050,PE,160.37,159.43,158.76,159.1,81,55476,0.1415
2025-08-22 13:10:00,24100,CE,259.38,261.07,259.28,260.49,715,64621,0.1393
2025-08-22 13:10:00,24100,PE,163.9,166.97,163.12,163.26,1111,67585,0.1392
2025-08-22 13:10:00,24150,CE,210.07,210.23,208.7,210.16,108,75501,0.1404
2025-08-22 13:10:00,24150,PE,162.91,165.6,161.96,163.49,331,74893,0.14
2025-08-22 13:10:00,24200,CE,169.47,173.59,170.16,170.47,907,80976,0.1432
2025-08-22 13:10:00,24200,PE,169.39,170.23,166.56,167.43,515,85924,0.1424
2025-08-22 13:10:00,24250,CE,170.49,170.91,165.63,169.28,125,75593,0.1383
2025-08-22 13:10:00,24250,PE,227.78,225.35,225.04,225.08,886,76932,0.1403
2025-08-22 13:10:00,24300,CE,158.78,162.67,162.25,162.48,400,65412,0.1405
2025-08-22 13:10:00,24300,PE,279.69,279.01,277.77,278.83,766,66112,0.1412
2025-08-22 13:10:00,24350,CE,171.1,173.06,171.97,172.58,115,63660,0.1437
2025-08-22 13:10:00,24350,PE,321.95,327.0,316.9,318.99,127,63128,0.1403
2025-08-22 13:10:00,24400,CE,147.95,151.6,147.32,148.51,672,55904,0.1397
2025-08-22 13:10:00,24400,PE,368.43,375.48,365.38,366.1,746,56565,0.1423
2025-08-22 13:10:00,24450,CE,162.87,165.79,161.83,163.29,238,49768,0.1392
2025-08-22 13:10:00,24450,PE,423.65,426.25,414.41,420.67,338,49974,0.1414
2025-08-22 13:10:00,24500,CE,157.49,161.38,159.39,159.56,680,49223,0.1369
2025-08-22 13:10:00,24500,PE,450.99,453.92,449.5,452.29,77,45125,0.139
2025-08-22 13:10:00,24550,CE,160.4,160.52,157.41,159.04,528,39052,0.1425
2025-08-22 13:10:00,24550,PE,524.44,525.71,517.95,523.61,124,45005,0.1424
2025-08-22 13:10:00,24600,CE,162.76,163.45,161.85,162.72,155,35502,0.1378
2025-08-22 13:10:00,24600,PE,582.79,586.02,569.92,581.85,378,41083,0.1414
2025-08-22 13:10:00,24650,CE,172.65,172.78,171.98,172.24,667,39196,0.1436
2025-08-22 13:10:00,24650,PE,613.43,615.56,601.86,610.01,88,34311,0.1409
2025-08-22 13:10:00,24700,CE,177.48,177.89,174.36,175.92,609,33973,0.1412
2025-08-22 13:10:00,24700,PE,659.08,660.05,657.98,658.26,317,31826,0.1379
2025-08-22 13:10:00,24750,CE,169.86,170.12,169.88,169.95,197,32449,0.1411
2025-08-22 13:10:00,24750,PE,712.82,716.17,702.5,709.2,184,33914,0.14
2025-08-22 13:10:00,24800,CE,159.79,162.69,158.56,159.75,481,27797,0.1411
2025-08-22 13:10:00,24800,PE,769.55,772.71,765.66,770.14,21,31763,0.1403
2025-08-22 13:10:00,24850,CE,163.32,166.1,162.94,164.86,153,30399,0.1361
2025-08-22 13:10:00,24850,PE,826.39,856.52,824.57,827.85,411,30499,0.1417
2025-08-22 13:10:00,24900,CE,165.0,167.55,164.94,165.91,52,25234,0.14
2025-08-22 13:10:00,24900,PE,877.28,886.42,869.79,876.48,349,24924,0.1414
2025-08-22 13:15:00,23500,CE,830.33,830.32,823.6,825.99,456,31653,0.1437
2025-08-22 13:15:00,23500,PE,162.73,167.67,166.51,167.01,406,29999,0.1417
2025-08-22 13:15:00,23550,CE,774.94,781.41,764.83,779.56,359,33105,0.1444
2025-08-22 13:15:00,23550,PE,174.91,177.12,175.08,176.1,52,31716,0.1453
2025-08-22 13:15:00,23600,CE,705.37,724.94,708.81,714.83,70,33099,0.1373
2025-08-22 13:15:00,23600,PE,170.75,169.28,168.27,169.19,435,34813,0.1405
2025-08-22 13:15:00,23650,CE,678.11,681.41,671.93,676.62,258,30201,0.1417
2025-08-22 13:15:00,23650,PE,171.48,172.61,171.01,172.02,491,29337,0.1389
2025-08-22 13:15:00,23700,CE,611.47,631.75,607.49,618.28,400,32190,0.1428
2025-08-22 13:15:00,23700,PE,161.55,163.26,161.79,162.57,93,31023,0.1411
2025-08-22 13:15:00,23750,CE,574.81,583.36,576.31,576.73,29,40116,0.1412
2025-08-22 13:15:00,23750,PE,154.58,160.21,152.79,155.01,274,35985,0.1421
2025-08-22 13:15:00,23800,CE,509.96,509.48,507.77,509.4,769,42881,0.1413
2025-08-22 13:15:00,23800,PE,177.93,177.83,175.8,177.75,259,38010,0.1367
2025-08-22 13:15:00,23850,CE,470.95,480.22,470.57,471.07,400,39707,0.1435
2025-08-22 13:15:00,23850,PE,175.37,178.68,174.68,176.89,655,40121,0.1419
2025-08-22 13:15:00,23900,CE,431.35,432.82,424.55,429.43,354,48102,0.1389
2025-08-22 13:15:00,23900,PE,161.76,165.66,161.65,162.57,686,39261,0.1392
2025-08-22 13:15:00,23950,CE,384.32,392.74,381.64,383.09,666,49419,0.1429
2025-08-22 13:15:00,23950,PE,160.63,162.93,160.92,162.38,747,51401,0.1401
2025-08-22 13:15:00,24000,CE,316.48,316.74,313.91,315.21,120,53416,0.1405
2025-08-22 13:15:00,24000,PE,163.82,163.15,161.64,161.82,860,53647,0.1389
2025-08-22 13:15:00,24050,CE,270.31,275.57,270.31,271.21,758,56396,0.1394
2025-08-22 13:15:00,24050,PE,166.8,165.67,163.97,165.0,174,55184,0.1411
2025-08-22 13:15:00,24100,CE,224.53,222.8,221.23,221.94,1174,65189,0.14
2025-08-22 13:15:00,24100,PE,158.98,163.08,158.92,159.11,416,67465,0.14
2025-08-22 13:15:00,24150,CE,169.52,167.98,166.73,167.88,1588,75095,0.1404
2025-08-22 13:15:00,24150,PE,166.51,168.22,165.5,165.56,473,74360,0.1396
2025-08-22 13:15:00,24200,CE,158.22,163.61,160.14,161.68,390,81139,0.1411
2025-08-22 13:15:00,24200,PE,192.41,196.2,191.15,193.53,566,86504,0.1389
2025-08-22 13:15:00,24250,CE,180.15,181.54,178.64,181.08,1217,76067,0.1458
2025-08-22 13:15:00,24250,PE,254.72,258.96,253.68,256.65,995,77174,0.1397
2025-08-22 13:15:00,24300,CE,168.28,168.39,165.18,167.65,620,66000,0.1398
2025-08-22 13:15:00,24300,PE,300.26,309.36,300.44,302.81,131,66379,0.1428
2025-08-22 13:15:00,24350,CE,160.49,161.85,157.92,161.46,165,63467,0.1389
2025-08-22 13:15:00,24350,PE,364.0,366.36,362.66,365.28,286,63249,0.1391
2025-08-22 13:15:00,24400,CE,164.1,164.71,162.66,163.47,764,55399,0.141
2025-08-22 13:15:00,24400,PE,391.26,398.61,389.95,393.86,587,56231,0.1374
2025-08-22 13:15:00,24450,CE,173.03,174.57,173.62,173.96,81,49669,0.1419
2025-08-22 13:15:00,24450,PE,446.29,451.91,447.44,450.17,518,49616,0.136
2025-08-22 13:15:00,24500,CE,162.01,163.23,161.31,163.06,323,49767,0.1376
2025-08-22 13:15:00,24500,PE,508.47,507.08,499.68,503.48,289,45719,0.1395
2025-08-22 13:15:00,24550,CE,159.5,162.09,158.89,159.35,627,38897,0.1379
2025-08-22 13:15:00,24550,PE,559.28,562.07,558.16,559.24,437,45256,0.1408
2025-08-22 13:15:00,24600,CE,166.62,166.19,163.87,166.19,330,35391,0.1427
2025-08-22 13:15:00,24600,PE,609.18,609.79,603.95,607.99,237,40650,0.1399
2025-08-22 13:15:00,24650,CE,174.27,175.36,173.34,174.82,26,39000,0.1384
2025-08-22 13:15:00,24650,PE,653.25,671.38,639.96,648.45,520,33991,0.1415
2025-08-22 13:15:00,24700,CE,160.35,159.44,157.68,158.33,118,33766,0.139
2025-08-22 13:15:00,24700,PE,707.19,706.81,702.41,704.29,370,31484,0.1372
2025-08-22 13:15:00,24750,CE,161.7,164.48,161.5,162.18,134,31983,0.1365
2025-08-22 13:15:00,24750,PE,760.8,772.21,749.33,753.82,198,33574,0.1371
2025-08-22 13:15:00,24800,CE,162.21,164.48,163.01,164.29,454,28283,0.1418
2025-08-22 13:15:00,24800,PE,810.13,814.28,807.78,813.74,207,31265,0.1412
2025-08-22 13:15:00,24850,CE,160.81,163.97,162.85,163.0,52,30188,0.14
2025-08-22 13:15:00,24850,PE,873.22,871.24,848.53,864.86,244,30533,0.1385
2025-08-22 13:15:00,24900,CE,166.42,170.58,167.61,167.76,155,25059,0.1376
2025-08-22 13:15:00,24900,PE,909.89,919.55,901.42,906.17,145,24945,0.1384
2025-08-22 13:20:00,23500,CE,824.62,840.99,805.23,829.79,375,31105,0.1394
2025-08-22 13:20:00,23500,PE,172.0,172.95,171.61,172.04,260,30177,0.1413
2025-08-22 13:20:00,23550,CE,778.63,783.55,764.18,778.56,383,33181,0.1441
2025-08-22 13:20:00,23550,PE,152.34,152.84,149.31,151.74,301,31933,0.1365
2025-08-22 13:20:00,23600,CE,733.14,729.4,717.1,727.82,232,33179,0.1391
2025-08-22 13:20:00,23600,PE,161.02,161.82,159.43,160.15,198,34738,0.1434
2025-08-22 13:20:00,23650,CE,685.6,704.83,683.38,683.5,88,30021,0.1453
2025-08-22 13:20:00,23650,PE,157.45,161.06,159.91,160.75,99,29008,0.1395
2025-08-22 13:20:00,23700,CE,623.45,627.87,626.84,627.28,292,32190,0.1392
2025-08-22 13:20:00,23700,PE,176.0,180.44,176.63,177.21,642,30454,0.1412
2025-08-22 13:20:00,23750,CE,576.53,594.41,573.96,583.18,657,39909,0.1441
2025-08-22 13:20:00,23750,PE,169.91,172.04,169.58,170.1,532,36198,0.1395
2025-08-22 13:20:00,23800,CE,536.85,528.12,525.11,527.52,765,42411,0.1452
2025-08-22 13:20:00,23800,PE,159.97,162.49,157.67,160.09,762,37485,0.1419
2025-08-22 13:20:00,23850,CE,466.17,467.07,456.98,460.67,752,39889,0.1375
2025-08-22 13:20:00,23850,PE,155.42,156.61,153.05,155.34,419,39998,0.1375
2025-08-22 13:20:00,23900,CE,424.3,430.88,428.03,430.25,101,48464,0.1441
2025-08-22 13:20:00,23900,PE,160.29,162.11,159.26,162.08,685,39785,0.1363
2025-08-22 13:20:00,23950,CE,375.29,378.88,373.47,377.2,758,49967,0.1412
2025-08-22 13:20:00,23950,PE,169.38,173.59,170.21,171.0,917,51311,0.1421
2025-08-22 13:20:00,24000,CE,310.87,315.45,312.21,313.15,815,53133,0.1391
2025-08-22 13:20:00,24000,PE,157.3,157.6,156.75,157.45,919,53777,0.1404
2025-08-22 13:20:00,24050,CE,271.89,272.41,268.09,269.68,584,56549,0.1411
2025-08-22 13:20:00,24050,PE,164.48,165.05,162.19,164.72,375,55330,0.1429
2025-08-22 13:20:00,24100,CE,213.4,217.96,212.04,214.95,723,64975,0.1374
2025-08-22 13:20:00,24100,PE,154.32,153.83,151.74,152.12,1459,66941,0.1385
2025-08-22 13:20:00,24150,CE,157.04,159.56,157.12,157.63,1340,74747,0.1383
2025-08-22 13:20:00,24150,PE,168.81,171.8,168.85,169.8,413,73945,0.1433
2025-08-22 13:20:00,24200,CE,165.07,168.69,167.87,168.58,182,80687,0.1395
2025-08-22 13:20:00,24200,PE,192.98,191.35,188.01,190.41,1299,87015,0.1365
2025-08-22 13:20:00,24250,CE,168.5,168.79,164.75,166.43,796,75483,0.1402
2025-08-22 13:20:00,24250,PE,266.33,272.68,264.64,265.66,1166,77296,0.1438
2025-08-22 13:20:00,24300,CE,148.96,154.2,149.45,150.58,626,66536,0.1398
2025-08-22 13:20:00,24300,PE,312.67,318.53,312.67,316.42,497,66211,0.1402
2025-08-22 13:20:00,24350,CE,157.09,158.93,157.23,157.96,830,63499,0.1358
2025-08-22 13:20:00,24350,PE,369.1,368.68,363.93,365.22,764,63483,0.1421
2025-08-22 13:20:00,24400,CE,162.29,161.75,160.74,161.26,807,55179,0.1382
2025-08-22 13:20:00,24400,PE,414.41,415.25,411.23,413.32,83,56204,0.1419
2025-08-22 13:20:00,24450,CE,178.58,181.12,176.47,178.0,571,50049,0.1376
2025-08-22 13:20:00,24450,PE,448.43,455.55,443.65,448.22,244,49910,0.1409
2025-08-22 13:20:00,24500,CE,168.4,171.64,167.94,169.51,671,50137,0.1395
2025-08-22 13:20:00,24500,PE,517.79,516.79,507.64,513.42,652,46303,0.1393
2025-08-22 13:20:00,24550,CE,149.45,152.51,150.3,150.86,496,38741,0.1402
2025-08-22 13:20:00,24550,PE,562.3,562.48,558.1,559.14,331,45552,0.1428
2025-08-22 13:20:00,24600,CE,173.51,177.26,172.23,173.33,172,35514,0.1434
2025-08-22 13:20:00,24600,PE,593.87,595.3,591.04,591.8,401,40849,0.1407
2025-08-22 13:20:00,24650,CE,165.39,169.84,164.59,166.97,279,39287,0.14
2025-08-22 13:20:00,24650,PE,645.27,660.29,652.97,653.59,56,34290,0.1432
2025-08-22 13:20:00,24700,CE,164.78,168.0,164.52,167.05,496,34228,0.1382
2025-08-22 13:20:00,24700,PE,701.4,704.75,696.89,704.67,562,31303,0.1393
2025-08-22 13:20:00,24750,CE,164.8,167.03,161.66,164.74,35,32167,0.1415
2025-08-22 13:20:00,24750,PE,766.08,765.56,759.42,764.86,60,33310,0.1412
2025-08-22 13:20:00,24800,CE,163.92,165.78,163.9,165.43,383,28396,0.1385
2025-08-22 13:20:00,24800,PE,816.83,816.63,808.75,814.1,332,31566,0.1414
2025-08-22 13:20:00,24850,CE,169.36,170.3,169.28,170.19,91,30537,0.1412
2025-08-22 13:20:00,24850,PE,870.96,870.42,855.5,863.32,305,30437,0.1395
2025-08-22 13:20:00,24900,CE,177.41,177.18,176.15,176.94,231,25069,0.1394
2025-08-22 13:20:00,24900,PE,905.41,906.26,900.75,904.39,273,24745,0.1408
2025-08-22 13:25:00,23500,CE,824.33,824.59,808.27,818.5,126,30707,0.1423
2025-08-22 13:25:00,23500,PE,161.26,162.25,160.75,161.41,188,29889,0.1398
2025-08-22 13:25:00,23550,CE,758.12,764.08,759.78,763.14,297,33675,0.1389
2025-08-22 13:25:00,23550,PE,162.29,165.94,165.54,165.76,69,31703,0.1394
2025-08-22 13:25:00,23600,CE,716.2,728.98,720.02,723.19,38,33748,0.14
2025-08-22 13:25:00,23600,PE,165.62,164.63,164.01,164.51,424,34427,0.1375
2025-08-22 13:25:00,23650,CE,665.88,669.79,657.71,663.4,271,30288,0.14
2025-08-22 13:25:00,23650,PE,172.77,178.88,170.84,172.27,613,29096,0.14
2025-08-22 13:25:00,23700,CE,610.69,622.66,605.39,609.51,193,32426,0.1404
2025-08-22 13:25:00,23700,PE,164.8,167.07,164.37,165.24,472,30626,0.141
2025-08-22 13:25:00,23750,CE,557.54,576.24,560.01,566.4,45,40157,0.1402
2025-08-22 13:25:00,23750,PE,166.48,166.57,163.96,166.35,26,36684,0.1376
2025-08-22 13:25:00,23800,CE,516.21,526.52,509.33,521.14,700,42487,0.1399
2025-08-22 13:25:00,23800,PE,163.09,166.88,162.88,164.77,516,36966,0.1368
2025-08-22 13:25:00,23850,CE,473.08,485.85,480.0,480.38,754,39613,0.1412
2025-08-22 13:25:00,23850,PE,165.01,167.24,163.07,164.11,235,40247,0.1401
2025-08-22 13:25:00,23900,CE,423.41,428.13,410.14,416.87,885,48456,0.1389
2025-08-22 13:25:00,23900,PE,165.27,165.37,164.07,164.76,485,39843,0.1412
2025-08-22 13:25:00,23950,CE,364.89,364.28,358.0,361.48,314,50082,0.139
2025-08-22 13:25:00,23950,PE,175.47,177.49,174.93,175.69,999,51170,0.1468
2025-08-22 13:25:00,24000,CE,322.68,332.24,326.35,326.52,901,53461,0.1434
2025-08-22 13:25:00,24000,PE,162.9,163.21,159.18,161.92,990,54045,0.1416
2025-08-22 13:25:00,24050,CE,265.75,266.77,265.06,266.21,1211,56806,0.1428
2025-08-22 13:25:00,24050,PE,156.66,158.81,152.32,156.03,1282,55588,0.1387
2025-08-22 13:25:00,24100,CE,228.12,230.31,228.83,229.6,1269,65443,0.1409
2025-08-22 13:25:00,24100,PE,160.0,163.59,160.15,161.22,1487,67055,0.141
2025-08-22 13:25:00,24150,CE,166.33,166.55,165.31,166.13,1274,75307,0.1383
2025-08-22 13:25:00,24150,PE,149.38,150.54,147.48,148.5,695,73488,0.1379
2025-08-22 13:25:00,24200,CE,175.43,175.38,172.31,172.94,1363,80845,0.1422
2025-08-22 13:25:00,24200,PE,225.88,228.07,224.9,226.23,673,87275,0.1409
2025-08-22 13:25:00,24250,CE,162.07,164.0,162.71,162.86,64,75455,0.1402
2025-08-22 13:25:00,24250,PE,272.45,270.31,265.14,269.2,369,77041,0.1394
2025-08-22 13:25:00,24300,CE,169.03,172.34,168.78,170.28,1140,66596,0.1411
2025-08-22 13:25:00,24300,PE,329.51,328.21,324.15,325.26,181,66048,0.1381
2025-08-22 13:25:00,24350,CE,162.2,163.51,161.25,161.56,268,63989,0.1393
2025-08-22 13:25:00,24350,PE,357.6,360.0,354.6,358.45,318,63311,0.14
2025-08-22 13:25:00,24400,CE,159.92,163.72,159.03,159.49,328,54789,0.141
2025-08-22 13:25:00,24400,PE,409.04,417.44,405.45,411.06,746,56295,0.142
2025-08-22 13:25:00,24450,CE,149.41,151.76,150.65,150.72,387,49924,0.1385
2025-08-22 13:25:00,24450,PE,454.83,459.96,458.38,459.48,584,49425,0.1377
2025-08-22 13:25:00,24500,CE,159.5,159.73,158.75,159.55,746,50214,0.1393
2025-08-22 13:25:00,24500,PE,498.36,503.55,496.49,499.93,192,46348,0.1375
2025-08-22 13:25:00,24550,CE,161.25,164.21,161.6,161.9,632,38348,0.1401
2025-08-22 13:25:00,24550,PE,562.07,560.24,553.82,559.1,393,45669,0.142
2025-08-22 13:25:00,24600,CE,160.61,161.12,157.74,158.15,560,35594,0.1417
2025-08-22 13:25:00,24600,PE,616.13,619.42,605.91,612.62,510,41177,0.1418
2025-08-22 13:25:00,24650,CE,165.12,163.28,162.69,162.76,576,39120,0.1419
2025-08-22 13:25:00,24650,PE,662.19,665.42,650.18,655.56,457,33988,0.1401
2025-08-22 13:25:00,24700,CE,164.08,169.85,162.37,163.63,513,34769,0.141
2025-08-22 13:25:00,24700,PE,709.43,727.53,713.87,715.01,185,31376,0.1407
2025-08-22 13:25:00,24750,CE,159.5,161.9,159.2,159.68,471,31599,0.14
2025-08-22 13:25:00,24750,PE,764.13,776.62,755.34,762.59,405,33694,0.1427
2025-08-22 13:25:00,24800,CE,158.72,160.76,158.53,159.7,472,28032,0.1393
2025-08-22 13:25:00,24800,PE,811.31,823.66,814.84,814.87,411,31909,0.1411
2025-08-22 13:25:00,24850,CE,160.94,166.42,163.03,163.22,9,30783,0.1424
2025-08-22 13:25:00,24850,PE,856.55,870.24,845.94,855.41,324,30999,0.1356
2025-08-22 13:25:00,24900,CE,160.87,160.57,158.57,160.14,28,25627,0.1384
2025-08-22 13:25:00,24900,PE,911.77,929.54,899.64,918.33,282,24474,0.1418
2025-08-22 13:30:00,23500,CE,831.47,837.86,826.89,837.8,206,31026,0.1385
2025-08-22 13:30:00,23500,PE,153.4,155.9,154.03,154.92,518,29669,0.1405
2025-08-22 13:30:00,23550,CE,797.58,797.51,786.79,794.7,540,33830,0.1423
2025-08-22 13:30:00,23550,PE,169.28,169.33,167.3,168.14,112,31820,0.1401
2025-08-22 13:30:00,23600,CE,746.48,747.53,736.79,745.27,467,33213,0.1409
2025-08-22 13:30:00,23600,PE,177.96,180.68,176.1,177.66,54,33833,0.1419
2025-08-22 13:30:00,23650,CE,700.24,712.32,700.23,705.81,356,29757,0.1403
2025-08-22 13:30:00,23650,PE,159.23,163.64,158.26,159.56,575,28649,0.1404
2025-08-22 13:30:00,23700,CE,650.01,649.13,635.71,644.06,57,32135,0.1434
2025-08-22 13:30:00,23700,PE,160.46,163.09,159.51,162.36,504,31114,0.1397
2025-08-22 13:30:00,23750,CE,601.42,619.26,596.85,599.77,185,40179,0.1386
2025-08-22 13:30:00,23750,PE,158.55,161.66,157.72,159.25,547,37040,0.1369
2025-08-22 13:30:00,23800,CE,558.37,558.58,554.32,556.71,126,42892,0.146
2025-08-22 13:30:00,23800,PE,152.58,157.21,151.4,152.77,658,37247,0.1419
2025-08-22 13:30:00,23850,CE,483.51,488.12,486.51,486.82,438,39482,0.1406
2025-08-22 13:30:00,23850,PE,158.01,160.43,159.46,159.47,730,40683,0.1394
2025-08-22 13:30:00,23900,CE,440.17,450.87,440.08,441.05,469,48746,0.1424
2025-08-22 13:30:00,23900,PE,157.8,159.66,155.39,157.83,365,40134,0.1406
2025-08-22 13:30:00,23950,CE,381.99,386.8,382.22,384.63,102,50563,0.1411
2025-08-22 13:30:00,23950,PE,158.89,163.26,159.53,160.23,512,51288,0.1391
2025-08-22 13:30:00,24000,CE,349.64,353.49,348.88,351.97,220,53495,0.142
2025-08-22 13:30:00,24000,PE,172.15,175.13,169.95,173.11,21,54513,0.1409
2025-08-22 13:30:00,24050,CE,293.27,295.5,291.66,293.72,917,56751,0.1423
2025-08-22 13:30:00,24050,PE,154.65,154.16,152.91,153.28,1021,55961,0.1383
2025-08-22 13:30:00,24100,CE,239.42,242.52,238.69,240.23,185,64907,0.1405
2025-08-22 13:30:00,24100,PE,163.83,165.04,162.66,163.36,368,66456,0.1382
2025-08-22 13:30:00,24150,CE,207.28,206.98,201.7,206.65,934,75340,0.138
2025-08-22 13:30:00,24150,PE,165.68,165.91,165.57,165.79,879,72976,0.1351
2025-08-22 13:30:00,24200,CE,158.85,162.91,162.66,162.71,1556,81416,0.1413
2025-08-22 13:30:00,24200,PE,190.82,189.44,188.04,188.54,1011,86681,0.1413
2025-08-22 13:30:00,24250,CE,164.81,165.89,161.36,164.32,587,75716,0.14
2025-08-22 13:30:00,24250,PE,217.6,218.6,217.78,218.15,1089,76733,0.139
2025-08-22 13:30:00,24300,CE,155.85,156.24,153.94,154.42,1044,67157,0.1403
2025-08-22 13:30:00,24300,PE,280.16,290.66,281.12,283.46,653,65905,0.1389
2025-08-22 13:30:00,24350,CE,157.04,158.73,157.53,157.66,599,63421,0.1405
2025-08-22 13:30:00,24350,PE,336.51,339.67,334.74,339.54,596,62743,0.1374
2025-08-22 13:30:00,24400,CE,163.34,167.11,161.71,164.02,51,54853,0.1392
2025-08-22 13:30:00,24400,PE,380.85,385.65,379.97,380.14,523,56879,0.1385
2025-08-22 13:30:00,24450,CE,175.99,176.34,173.14,174.11,472,50499,0.1424
2025-08-22 13:30:00,24450,PE,448.33,450.51,443.74,444.38,742,49229,0.1377
2025-08-22 13:30:00,24500,CE,166.74,168.65,166.06,167.36,778,50193,0.1394
2025-08-22 13:30:00,24500,PE,474.75,486.36,481.7,481.78,505,45868,0.1419
2025-08-22 13:30:00,24550,CE,167.2,169.51,167.0,168.84,174,38374,0.1386
2025-08-22 13:30:00,24550,PE,534.84,535.65,528.28,533.94,219,45788,0.1415
2025-08-22 13:30:00,24600,CE,159.75,158.74,157.93,158.45,68,35295,0.138
2025-08-22 13:30:00,24600,PE,572.84,578.06,575.31,575.35,482,41311,0.1349
2025-08-22 13:30:00,24650,CE,165.76,165.98,164.36,165.69,660,39599,0.1421
2025-08-22 13:30:00,24650,PE,623.21,627.79,617.49,626.78,545,33389,0.1375
2025-08-22 13:30:00,24700,CE,180.5,178.95,177.84,178.09,382,34443,0.1399
2025-08-22 13:30:00,24700,PE,690.2,692.4,680.92,688.76,175,31027,0.1412
2025-08-22 13:30:00,24750,CE,177.2,180.96,178.32,179.43,274,31147,0.1436
2025-08-22 13:30:00,24750,PE,723.19,736.39,725.31,731.91,319,33293,0.1383
2025-08-22 13:30:00,24800,CE,158.48,161.6,158.76,159.54,283,28183,0.1397
2025-08-22 13:30:00,24800,PE,761.39,791.63,767.5,773.66,107,31432,0.1417
2025-08-22 13:30:00,24850,CE,163.11,164.92,163.26,164.06,428,31069,0.1397
2025-08-22 13:30:00,24850,PE,828.08,837.23,819.61,824.15,144,31463,0.1373
2025-08-22 13:30:00,24900,CE,157.66,160.49,156.99,158.52,117,26138,0.1364
2025-08-22 13:30:00,24900,PE,883.46,883.02,871.14,880.41,64,24666,0.1443
2025-08-22 13:35:00,23500,CE,878.4,889.26,874.77,879.58,18,30662,0.1463
2025-08-22 13:35:00,23500,PE,174.97,173.69,173.28,173.5,213,29171,0.1429
2025-08-22 13:35:00,23550,CE,799.77,805.56,799.01,803.19,252,33508,0.1433
2025-08-22 13:35:00,23550,PE,167.2,169.68,166.3,166.85,61,32374,0.1432
2025-08-22 13:35:00,23600,CE,770.12,779.23,768.62,771.8,562,33767,0.1411
2025-08-22 13:35:00,23600,PE,167.08,167.3,165.15,165.27,96,33691,0.1401
2025-08-22 13:35:00,23650,CE,692.75,718.49,699.0,702.75,205,29547,0.1433
2025-08-22 13:35:00,23650,PE,166.62,165.15,162.51,165.07,259,28661,0.1381
2025-08-22 13:35:00,23700,CE,655.45,664.33,653.25,655.67,319,31885,0.1397
2025-08-22 13:35:00,23700,PE,166.73,169.26,167.96,168.31,634,31689,0.1396
2025-08-22 13:35:00,23750,CE,627.85,624.91,620.46,623.19,236,39844,0.1428
2025-08-22 13:35:00,23750,PE,162.38,166.53,163.44,164.07,373,36882,0.1417
2025-08-22 13:35:00,23800,CE,565.26,567.85,561.11,567.09,734,42807,0.1404
2025-08-22 13:35:00,23800,PE,171.76,170.33,170.09,170.29,41,36797,0.1429
2025-08-22 13:35:00,23850,CE,509.38,509.12,500.63,502.97,71,39341,0.1425
2025-08-22 13:35:00,23850,PE,174.42,174.06,171.28,173.01,263,41111,0.1404
2025-08-22 13:35:00,23900,CE,455.79,459.28,448.88,457.56,779,48314,0.1421
2025-08-22 13:35:00,23900,PE,160.27,161.13,158.77,159.94,825,40234,0.1419
2025-08-22 13:35:00,23950,CE,422.34,425.72,420.13,420.68,304,50450,0.14
2025-08-22 13:35:00,23950,PE,165.92,169.16,166.66,166.83,431,50892,0.1387
2025-08-22 13:35:00,24000,CE,341.07,346.02,340.74,341.55,920,52909,0.1398
2025-08-22 13:35:00,24000,PE,168.76,169.74,167.92,168.78,90,54241,0.1371
2025-08-22 13:35:00,24050,CE,315.13,318.75,312.18,314.34,186,56225,0.1372
2025-08-22 13:35:00,24050,PE,168.5,173.14,168.14,168.32,465,55813,0.138
2025-08-22 13:35:00,24100,CE,246.34,244.86,240.47,243.72,188,65279,0.1381
2025-08-22 13:35:00,24100,PE,167.4,170.77,167.94,168.11,1188,66719,0.1402
2025-08-22 13:35:00,24150,CE,211.36,208.88,206.22,208.09,822,75876,0.1404
2025-08-22 13:35:00,24150,PE,172.58,177.2,174.25,174.39,560,72888,0.14
2025-08-22 13:35:00,24200,CE,170.01,171.85,168.2,169.39,54,81665,0.1397
2025-08-22 13:35:00,24200,PE,180.24,181.85,180.28,181.24,189,86879,0.1428
2025-08-22 13:35:00,24250,CE,163.47,164.92,162.17,163.17,1178,75376,0.1386
2025-08-22 13:35:00,24250,PE,212.74,209.2,208.26,209.12,927,76497,0.1406
2025-08-22 13:35:00,24300,CE,163.46,161.78,159.57,160.98,532,67192,0.1377
2025-08-22 13:35:00,24300,PE,272.63,271.69,264.41,269.62,341,66260,0.1441
2025-08-22 13:35:00,24350,CE,167.38,170.3,163.97,167.28,466,63375,0.1395
2025-08-22 13:35:00,24350,PE,320.87,320.7,314.75,316.03,943,62416,0.1414
2025-08-22 13:35:00,24400,CE,156.74,158.16,155.22,157.54,476,55445,0.1391
2025-08-22 13:35:00,24400,PE,379.08,380.39,374.82,375.78,423,56417,0.1397
2025-08-22 13:35:00,24450,CE,165.15,168.5,165.4,166.55,277,51046,0.1412
2025-08-22 13:35:00,24450,PE,427.45,434.23,426.4,426.6,715,49599,0.1431
2025-08-22 13:35:00,24500,CE,169.68,173.09,169.01,169.72,227,50599,0.1409
2025-08-22 13:35:00,24500,PE,480.69,494.27,474.73,475.98,345,46221,0.1421
2025-08-22 13:35:00,24550,CE,151.71,155.02,152.94,153.55,696,38023,0.1419
2025-08-22 13:35:00,24550,PE,518.63,518.16,509.68,510.79,741,45947,0.1393
2025-08-22 13:35:00,24600,CE,152.08,155.05,153.78,153.98,537,35603,0.1373
2025-08-22 13:35:00,24600,PE,563.22,566.24,561.75,563.91,133,41605,0.1387
2025-08-22 13:35:00,24650,CE,161.51,159.65,158.14,159.54,153,39324,0.1393
2025-08-22 13:35:00,24650,PE,616.13,619.76,610.64,612.84,89,33006,0.137
2025-08-22 13:35:00,24700,CE,174.41,177.4,172.86,174.67,624,34236,0.1434
2025-08-22 13:35:00,24700,PE,678.33,686.63,676.72,679.69,253,31002,0.1409
2025-08-22 13:35:00,24750,CE,175.42,174.39,173.91,174.15,430,31235,0.1394
2025-08-22 13:35:00,24750,PE,723.51,736.0,712.24,724.15,325,33697,0.1432
2025-08-22 13:35:00,24800,CE,178.86,180.52,177.91,177.93,285,28505,0.1388
2025-08-22 13:35:00,24800,PE,770.87,793.49,767.88,775.35,516,31643,0.1379
2025-08-22 13:35:00,24850,CE,146.48,149.05,147.18,148.13,27,30785,0.1366
2025-08-22 13:35:00,24850,PE,815.26,822.9,807.52,814.35,334,31437,0.1374
2025-08-22 13:35:00,24900,CE,170.1,172.8,170.46,171.87,150,25940,0.1419
2025-08-22 13:35:00,24900,PE,865.4,865.53,854.46,863.93,47,24347,0.1409
2025-08-22 13:40:00,23500,CE,780.22,782.86,761.26,776.17,442,30074,0.1406
2025-08-22 13:40:00,23500,PE,159.56,164.64,160.92,162.73,473,28978,0.1397
2025-08-22 13:40:00,23550,CE,708.2,715.3,711.12,714.4,484,33215,0.1397
2025-08-22 13:40:00,23550,PE,158.3,161.58,156.98,157.98,496,32460,0.1364
2025-08-22 13:40:00,23600,CE,687.4,683.73,681.26,683.64,542,33241,0.1401
2025-08-22 13:40:00,23600,PE,162.91,160.71,158.67,160.62,508,33415,0.1396
2025-08-22 13:40:00,23650,CE,631.36,640.61,617.52,623.7,250,29000,0.1409
2025-08-22 13:40:00,23650,PE,174.02,174.9,174.41,174.5,647,28830,0.1422
2025-08-22 13:40:00,23700,CE,579.46,583.74,576.86,579.53,713,31966,0.1425
2025-08-22 13:40:00,23700,PE,174.14,175.64,172.55,173.81,124,31493,0.1399
2025-08-22 13:40:00,23750,CE,523.79,541.6,526.39,527.22,352,39420,0.1389
2025-08-22 13:40:00,23750,PE,160.91,160.07,159.87,159.9,731,37431,0.1387
2025-08-22 13:40:00,23800,CE,474.51,482.01,468.03,473.42,485,42908,0.1401
2025-08-22 13:40:00,23800,PE,165.24,166.71,162.62,164.71,603,37011,0.1417
2025-08-22 13:40:00,23850,CE,417.84,420.52,416.08,416.38,72,39378,0.1387
2025-08-22 13:40:00,23850,PE,163.77,165.28,161.44,163.93,726,41478,0.1412
2025-08-22 13:40:00,23900,CE,374.36,372.52,366.47,370.63,617,48789,0.1406
2025-08-22 13:40:00,23900,PE,165.92,169.68,167.0,167.67,608,40093,0.14
2025-08-22 13:40:00,23950,CE,336.11,335.29,330.94,332.06,516,50678,0.1418
2025-08-22 13:40:00,23950,PE,158.3,161.3,157.6,158.02,1015,50567,0.141
2025-08-22 13:40:00,24000,CE,281.62,288.34,284.32,286.83,393,53091,0.1398
2025-08-22 13:40:00,24000,PE,174.3,176.1,171.62,171.93,990,54119,0.1408
2025-08-22 13:40:00,24050,CE,216.65,221.82,217.37,218.93,961,55633,0.1376
2025-08-22 13:40:00,24050,PE,157.99,161.11,156.98,157.51,449,56359,0.1411
2025-08-22 13:40:00,24100,CE,161.34,162.1,159.26,160.49,1015,65721,0.1367
2025-08-22 13:40:00,24100,PE,156.26,158.32,156.49,157.28,401,66468,0.1425
2025-08-22 13:40:00,24150,CE,163.43,164.15,161.11,162.75,1531,76473,0.1392
2025-08-22 13:40:00,24150,PE,219.83,220.79,218.39,218.81,1380,72668,0.1415
2025-08-22 13:40:00,24200,CE,162.54,163.83,160.79,162.92,1092,81615,0.1437
2025-08-22 13:40:00,24200,PE,268.19,269.97,264.65,265.63,1148,87300,0.1418
2025-08-22 13:40:00,24250,CE,152.71,152.17,150.09,151.17,530,75141,0.14
2025-08-22 13:40:00,24250,PE,311.99,309.95,305.96,308.47,1165,76437,0.1403
2025-08-22 13:40:00,24300,CE,165.7,166.59,164.24,165.66,471,67390,0.1417
2025-08-22 13:40:00,24300,PE,358.08,366.14,357.24,359.51,1000,65816,0.1418
2025-08-22 13:40:00,24350,CE,171.38,171.37,168.98,171.06,949,63281,0.143
2025-08-22 13:40:00,24350,PE,391.69,404.62,388.25,390.95,40,62187,0.1438
2025-08-22 13:40:00,24400,CE,164.74,167.24,161.49,162.71,414,55657,0.1415
2025-08-22 13:40:00,24400,PE,455.1,466.51,443.76,451.09,504,55980,0.1392
2025-08-22 13:40:00,24450,CE,170.12,172.15,168.23,170.48,401,50725,0.1396
2025-08-22 13:40:00,24450,PE,496.35,503.54,497.7,498.31,227,49852,0.139
2025-08-22 13:40:00,24500,CE,173.96,175.09,173.8,174.05,603,50186,0.1382
2025-08-22 13:40:00,24500,PE,549.91,567.63,552.38,560.1,455,46127,0.1414
2025-08-22 13:40:00,24550,CE,166.88,166.95,165.37,165.67,241,38278,0.1436
2025-08-22 13:40:00,24550,PE,588.52,604.12,594.2,596.08,181,46265,0.1399
2025-08-22 13:40:00,24600,CE,154.81,155.32,153.97,154.66,267,35116,0.1383
2025-08-22 13:40:00,24600,PE,656.16,668.11,643.23,655.31,517,42027,0.1417
2025-08-22 13:40:00,24650,CE,159.64,162.59,159.8,161.9,348,39592,0.1387
2025-08-22 13:40:00,24650,PE,709.37,712.43,692.61,702.02,98,32813,0.138
2025-08-22 13:40:00,24700,CE,152.65,155.79,152.0,153.5,207,34552,0.1379
2025-08-22 13:40:00,24700,PE,751.04,746.69,740.23,746.22,208,31275,0.1372
2025-08-22 13:40:00,24750,CE,158.8,163.47,157.69,159.12,173,31356,0.1384
2025-08-22 13:40:00,24750,PE,790.34,810.23,790.31,796.49,121,33767,0.1353
2025-08-22 13:40:00,24800,CE,163.96,165.76,162.31,164.2,49,28786,0.1394
2025-08-22 13:40:00,24800,PE,839.44,847.89,835.73,841.25,23,32242,0.1389
2025-08-22 13:40:00,24850,CE,164.05,163.95,161.72,163.64,413,30879,0.1394
2025-08-22 13:40:00,24850,PE,904.24,920.73,900.23,911.08,447,31807,0.1392
2025-08-22 13:40:00,24900,CE,168.52,169.41,166.88,167.9,73,26233,0.1424
2025-08-22 13:40:00,24900,PE,954.69,962.78,945.69,958.4,181,24773,0.1377
2025-08-22 13:45:00,23500,CE,773.38,790.31,771.23,781.64,477,30619,0.1382
2025-08-22 13:45:00,23500,PE,167.97,168.37,165.25,166.94,253,28609,0.1446
2025-08-22 13:45:00,23550,CE,747.98,749.04,742.34,743.84,81,32813,0.1409
2025-08-22 13:45:00,23550,PE,163.77,167.75,163.03,163.74,579,32563,0.1401
2025-08-22 13:45:00,23600,CE,698.98,700.74,690.22,698.08,224,33180,0.1415
2025-08-22 13:45:00,23600,PE,172.04,175.1,171.55,173.43,115,33499,0.1411
2025-08-22 13:45:00,23650,CE,639.71,653.0,642.36,643.52,287,29357,0.1386
2025-08-22 13:45:00,23650,PE,165.06,164.11,163.23,163.87,24,29348,0.1374
2025-08-22 13:45:00,23700,CE,591.39,600.44,581.8,593.5,53,31866,0.1404
2025-08-22 13:45:00,23700,PE,156.24,157.68,155.17,156.71,248,31754,0.1388
2025-08-22 13:45:00,23750,CE,560.16,561.73,545.5,553.15,505,39056,0.1399
2025-08-22 13:45:00,23750,PE,162.1,165.15,162.81,163.38,380,37472,0.1381
2025-08-22 13:45:00,23800,CE,490.92,498.0,491.75,496.54,389,42334,0.1438
2025-08-22 13:45:00,23800,PE,167.7,167.79,166.06,167.53,158,37015,0.1396
2025-08-22 13:45:00,23850,CE,449.14,447.73,443.35,447.15,245,39432,0.1405
2025-08-22 13:45:00,23850,PE,174.49,175.12,170.8,172.08,159,41760,0.1423
2025-08-22 13:45:00,23900,CE,397.85,404.81,394.28,397.67,199,48968,0.1393
2025-08-22 13:45:00,23900,PE,176.97,180.38,177.86,178.52,828,39923,0.1423
2025-08-22 13:45:00,23950,CE,340.34,345.85,341.33,342.89,168,50084,0.1415
2025-08-22 13:45:00,23950,PE,170.18,168.03,166.53,167.76,406,50105,0.1399
2025-08-22 13:45:00,24000,CE,277.86,281.61,278.21,278.24,1087,53658,0.1401
2025-08-22 13:45:00,24000,PE,163.7,166.9,162.68,163.36,1206,54625,0.14
2025-08-22 13:45:00,24050,CE,254.72,256.94,251.89,254.15,832,55423,0.1398
2025-08-22 13:45:00,24050,PE,172.76,170.73,169.35,169.91,639,56069,0.1423
2025-08-22 13:45:00,24100,CE,204.93,205.38,201.23,202.25,1376,65644,0.1407
2025-08-22 13:45:00,24100,PE,148.26,151.46,147.27,148.13,644,66695,0.136
2025-08-22 13:45:00,24150,CE,171.23,174.13,169.79,170.39,641,76301,0.1438
2025-08-22 13:45:00,24150,PE,195.71,197.11,194.74,196.44,400,72148,0.1404
2025-08-22 13:45:00,24200,CE,161.43,161.06,158.02,159.63,77,81498,0.1394
2025-08-22 13:45:00,24200,PE,233.72,234.78,228.66,233.01,1424,87012,0.141
2025-08-22 13:45:00,24250,CE,172.76,175.99,171.97,172.89,809,74930,0.1389
2025-08-22 13:45:00,24250,PE,296.09,304.85,298.7,299.51,393,76032,0.1412
2025-08-22 13:45:00,24300,CE,162.53,162.6,162.13,162.38,634,67580,0.1418
2025-08-22 13:45:00,24300,PE,331.77,329.98,327.26,329.62,401,65847,0.1399
2025-08-22 13:45:00,24350,CE,161.16,163.02,155.71,158.07,485,63006,0.1403
2025-08-22 13:45:00,24350,PE,380.66,384.04,376.27,380.06,697,62251,0.1395
2025-08-22 13:45:00,24400,CE,151.81,154.33,152.58,153.49,73,55648,0.1359
2025-08-22 13:45:00,24400,PE,415.38,417.6,412.76,414.35,363,56335,0.1396
2025-08-22 13:45:00,24450,CE,166.54,170.47,168.25,168.5,265,51272,0.1412
2025-08-22 13:45:00,24450,PE,475.16,489.07,478.09,480.59,518,49408,0.1402
2025-08-22 13:45:00,24500,CE,159.06,158.23,156.83,157.63,317,50646,0.1414
2025-08-22 13:45:00,24500,PE,538.54,533.27,525.81,532.18,205,46372,0.1413
2025-08-22 13:45:00,24550,CE,169.78,172.64,169.63,169.9,562,38509,0.1373
2025-08-22 13:45:00,24550,PE,578.77,579.3,575.88,576.76,75,46114,0.139
2025-08-22 13:45:00,24600,CE,179.2,185.16,181.42,182.32,239,34928,0.1409
2025-08-22 13:45:00,24600,PE,650.37,651.14,634.78,647.55,587,41433,0.1408
2025-08-22 13:45:00,24650,CE,158.01,161.83,157.54,158.73,341,40170,0.1406
2025-08-22 13:45:00,24650,PE,691.47,692.65,687.34,687.4,548,32940,0.1362
2025-08-22 13:45:00,24700,CE,163.45,165.35,161.15,163.68,587,34434,0.1413
2025-08-22 13:45:00,24700,PE,740.27,735.65,731.46,734.12,363,31327,0.1374
2025-08-22 13:45:00,24750,CE,150.38,150.67,149.23,150.23,34,30804,0.138
2025-08-22 13:45:00,24750,PE,790.51,796.58,779.67,786.63,499,33375,0.1381
2025-08-22 13:45:00,24800,CE,155.11,158.48,156.01,156.54,192,28934,0.1398
2025-08-22 13:45:00,24800,PE,826.84,843.59,828.77,833.65,306,32259,0.1393
2025-08-22 13:45:00,24850,CE,165.99,167.36,165.13,165.94,490,31223,0.1424
2025-08-22 13:45:00,24850,PE,874.73,880.35,870.38,874.47,471,31997,0.1414
2025-08-22 13:45:00,24900,CE,174.05,177.26,170.56,173.07,466,26354,0.1397
2025-08-22 13:45:00,24900,PE,931.62,947.06,922.23,926.91,261,25151,0.1402
2025-08-22 13:50:00,23500,CE,792.64,800.7,785.44,785.75,486,30100,0.1406
2025-08-22 13:50:00,23500,PE,159.46,160.99,159.77,160.26,509,28838,0.1436
2025-08-22 13:50:00,23550,CE,755.04,764.17,750.38,753.26,532,33071,0.1424
2025-08-22 13:50:00,23550,PE,172.87,175.73,171.52,174.88,549,32293,0.1413
2025-08-22 13:50:00,23600,CE,664.74,675.8,673.28,674.58,126,32814,0.1385
2025-08-22 13:50:00,23600,PE,147.44,150.75,146.44,147.76,166,33155,0.1374
2025-08-22 13:50:00,23650,CE,619.54,625.32,613.82,617.19,302,28994,0.1387
2025-08-22 13:50:00,23650,PE,163.58,166.61,161.72,162.86,115,29376,0.1401
2025-08-22 13:50:00,23700,CE,589.65,600.16,588.49,590.9,573,31428,0.1392
2025-08-22 13:50:00,23700,PE,176.36,176.31,175.86,176.15,373,31945,0.145
2025-08-22 13:50:00,23750,CE,527.78,527.48,517.96,524.74,550,38582,0.1405
2025-08-22 13:50:00,23750,PE,171.6,172.65,167.67,169.84,572,36904,0.1402
2025-08-22 13:50:00,23800,CE,473.79,477.23,468.64,474.78,209,42117,0.1373
2025-08-22 13:50:00,23800,PE,162.22,166.89,162.12,163.25,719,36645,0.1416
2025-08-22 13:50:00,23850,CE,436.95,443.42,437.94,441.15,721,40018,0.1391
2025-08-22 13:50:00,23850,PE,173.85,174.46,171.36,173.32,882,41523,0.1424
2025-08-22 13:50:00,23900,CE,382.03,386.08,380.54,380.62,111,48634,0.1416
2025-08-22 13:50:00,23900,PE,164.95,166.29,163.8,165.51,780,39559,0.1394
2025-08-22 13:50:00,23950,CE,322.47,335.76,323.34,328.55,732,49932,0.1381
2025-08-22 13:50:00,23950,PE,163.54,162.67,161.87,162.23,866,50232,0.1402
2025-08-22 13:50:00,24000,CE,285.11,296.22,285.61,286.98,750,53996,0.1403
2025-08-22 13:50:00,24000,PE,160.06,160.43,159.55,160.22,1211,54462,0.1358
2025-08-22 13:50:00,24050,CE,242.9,240.49,237.79,238.5,778,55574,0.1405
2025-08-22 13:50:00,24050,PE,153.55,156.69,151.74,154.33,1198,56047,0.1389
2025-08-22 13:50:00,24100,CE,180.35,182.65,180.23,181.27,652,66059,0.1431
2025-08-22 13:50:00,24100,PE,183.8,184.89,182.14,182.47,1619,66777,0.144
2025-08-22 13:50:00,24150,CE,160.66,164.0,159.59,160.55,190,76048,0.1365
2025-08-22 13:50:00,24150,PE,186.85,188.36,186.04,186.91,758,72392,0.1395
2025-08-22 13:50:00,24200,CE,175.52,177.58,174.26,175.11,934,81882,0.1426
2025-08-22 13:50:00,24200,PE,235.13,241.24,235.05,237.59,63,86970,0.1383
2025-08-22 13:50:00,24250,CE,161.88,163.57,159.79,163.18,858,75514,0.1404
2025-08-22 13:50:00,24250,PE,299.22,303.69,297.64,299.76,189,76486,0.1412
2025-08-22 13:50:00,24300,CE,157.17,159.16,155.48,155.51,25,67216,0.1404
2025-08-22 13:50:00,24300,PE,347.93,350.95,345.32,345.78,921,66191,0.1395
2025-08-22 13:50:00,24350,CE,169.0,167.39,166.41,167.01,951,63127,0.1455
2025-08-22 13:50:00,24350,PE,401.1,404.27,402.19,402.45,608,62292,0.1399
2025-08-22 13:50:00,24400,CE,183.58,186.89,180.84,183.22,462,55664,0.1389
2025-08-22 13:50:00,24400,PE,450.15,456.31,447.01,451.18,270,56759,0.1405
2025-08-22 13:50:00,24450,CE,157.99,160.25,159.2,159.94,300,51405,0.1419
2025-08-22 13:50:00,24450,PE,500.57,504.65,495.11,500.72,551,49453,0.1375
2025-08-22 13:50:00,24500,CE,165.89,166.11,163.84,164.4,467,50104,0.1373
2025-08-22 13:50:00,24500,PE,539.88,549.56,536.12,541.93,247,46309,0.1375
2025-08-22 13:50:00,24550,CE,158.83,162.05,159.63,160.72,284,38998,0.1383
2025-08-22 13:50:00,24550,PE,593.62,608.39,592.08,594.27,631,46368,0.1413
2025-08-22 13:50:00,24600,CE,151.6,156.19,151.3,151.7,238,34389,0.1354
2025-08-22 13:50:00,24600,PE,655.11,662.84,653.33,654.66,498,41893,0.1413
2025-08-22 13:50:00,24650,CE,158.2,162.48,158.3,160.52,306,40562,0.1411
2025-08-22 13:50:00,24650,PE,699.21,711.45,697.0,701.21,574,32996,0.141
2025-08-22 13:50:00,24700,CE,168.17,167.36,167.01,167.29,129,33860,0.1404
2025-08-22 13:50:00,24700,PE,763.26,769.67,759.25,759.37,441,31401,0.1412
2025-08-22 13:50:00,24750,CE,163.78,168.41,166.29,166.53,92,30269,0.1408
2025-08-22 13:50:00,24750,PE,806.78,804.24,799.54,802.58,532,33159,0.1421
2025-08-22 13:50:00,24800,CE,170.16,175.5,170.05,171.26,175,29088,0.1436
2025-08-22 13:50:00,24800,PE,848.51,860.34,848.3,851.42,195,32754,0.1409
2025-08-22 13:50:00,24850,CE,164.42,163.34,162.14,162.77,339,31052,0.1401
2025-08-22 13:50:00,24850,PE,891.53,918.84,888.7,894.3,137,32429,0.141
2025-08-22 13:50:00,24900,CE,182.44,185.83,183.79,184.86,281,26856,0.141
2025-08-22 13:50:00,24900,PE,945.3,950.3,931.56,943.62,167,24576,0.1364
2025-08-22 13:55:00,23500,CE,771.68,769.95,758.54,763.68,508,29787,0.138
2025-08-22 13:55:00,23500,PE,174.5,176.16,169.97,171.12,478,29089,0.1395
2025-08-22 13:55:00,23550,CE,726.73,721.44,716.06,718.67,146,33379,0.1407
2025-08-22 13:55:00,23550,PE,174.9,180.09,176.8,177.1,57,32163,0.1433
2025-08-22 13:55:00,23600,CE,662.4,676.23,668.81,671.84,233,33002,0.1426
2025-08-22 13:55:00,23600,PE,174.73,174.0,170.39,173.69,345,33289,0.1424
2025-08-22 13:55:00,23650,CE,626.83,628.32,622.16,624.34,329,29281,0.1391
2025-08-22 13:55:00,23650,PE,161.96,163.13,158.9,162.06,118,29638,0.1389
2025-08-22 13:55:00,23700,CE,566.18,579.27,562.66,566.78,47,30931,0.1422
2025-08-22 13:55:00,23700,PE,162.2,163.39,160.17,161.13,530,31534,0.1416
2025-08-22 13:55:00,23750,CE,530.71,533.82,516.9,528.95,609,38141,0.1426
2025-08-22 13:55:00,23750,PE,167.26,170.25,163.97,167.48,126,37422,0.1407
2025-08-22 13:55:00,23800,CE,479.24,486.54,476.96,478.07,162,42613,0.1387
2025-08-22 13:55:00,23800,PE,165.7,168.0,163.18,164.47,306,37001,0.1403
2025-08-22 13:55:00,23850,CE,422.9,418.95,409.77,417.25,877,39558,0.1364
2025-08-22 13:55:00,23850,PE,165.82,167.14,164.87,166.13,318,41612,0.1384
2025-08-22 13:55:00,23900,CE,373.43,374.24,367.07,370.45,893,48258,0.1397
2025-08-22 13:55:00,23900,PE,164.39,166.42,162.18,164.51,206,39401,0.1404
2025-08-22 13:55:00,23950,CE,322.46,322.98,317.18,319.8,250,49652,0.1366
2025-08-22 13:55:00,23950,PE,165.11,164.18,163.57,163.94,165,50626,0.1422
2025-08-22 13:55:00,24000,CE,270.58,277.21,269.34,270.64,1037,53569,0.1383
2025-08-22 13:55:00,24000,PE,171.63,172.75,169.27,169.36,706,54637,0.1456
2025-08-22 13:55:00,24050,CE,219.71,219.47,217.94,218.29,944,56154,0.1424
2025-08-22 13:55:00,24050,PE,167.4,170.75,162.69,166.61,964,56271,0.1391
2025-08-22 13:55:00,24100,CE,164.02,166.53,164.4,164.98,85,65554,0.1429
2025-08-22 13:55:00,24100,PE,162.14,162.25,158.32,160.47,1095,67266,0.1387
2025-08-22 13:55:00,24150,CE,181.44,184.13,179.12,179.39,638,76219,0.1423
2025-08-22 13:55:00,24150,PE,209.12,206.83,204.82,206.7,347,72339,0.1411
2025-08-22 13:55:00,24200,CE,163.92,164.49,160.72,163.45,1019,82073,0.1414
2025-08-22 13:55:00,24200,PE,247.89,252.41,249.84,250.87,174,87424,0.1408
2025-08-22 13:55:00,24250,CE,173.43,174.64,173.18,173.21,1104,75486,0.1396
2025-08-22 13:55:00,24250,PE,310.84,315.41,308.07,311.62,418,76523,0.1402
2025-08-22 13:55:00,24300,CE,171.62,171.68,170.31,171.42,855,67158,0.1412
2025-08-22 13:55:00,24300,PE,351.56,352.07,350.47,351.07,49,65678,0.139
2025-08-22 13:55:00,24350,CE,159.79,164.6,158.4,159.9,782,63471,0.1371
2025-08-22 13:55:00,24350,PE,412.67,413.99,412.1,413.5,745,61843,0.1426
2025-08-22 13:55:00,24400,CE,159.75,161.7,158.65,160.19,161,55537,0.1427
2025-08-22 13:55:00,24400,PE,470.17,473.22,459.4,466.22,213,56623,0.144
2025-08-22 13:55:00,24450,CE,165.73,168.0,166.87,167.21,455,51141,0.1384
2025-08-22 13:55:00,24450,PE,497.16,505.86,499.89,503.94,111,49336,0.1367
2025-08-22 13:55:00,24500,CE,161.79,162.06,160.64,161.52,542,50245,0.1347
2025-08-22 13:55:00,24500,PE,558.26,564.34,550.34,561.11,247,46082,0.1421
2025-08-22 13:55:00,24550,CE,161.11,162.33,160.41,161.79,410,38605,0.1372
2025-08-22 13:55:00,24550,PE,599.49,607.12,600.03,600.81,580,46811,0.1397
2025-08-22 13:55:00,24600,CE,165.39,167.0,162.22,163.94,26,34953,0.1397
2025-08-22 13:55:00,24600,PE,664.33,665.04,646.32,656.53,25,41843,0.1401
2025-08-22 13:55:00,24650,CE,169.63,173.53,169.22,170.8,410,40354,0.1408
2025-08-22 13:55:00,24650,PE,712.86,711.08,704.4,709.21,132,32452,0.1394
2025-08-22 13:55:00,24700,CE,150.18,149.98,146.61,147.73,420,33304,0.1404
2025-08-22 13:55:00,24700,PE,741.01,745.38,740.58,743.64,283,31272,0.139
2025-08-22 13:55:00,24750,CE,166.8,163.39,162.82,163.18,525,30785,0.1427
2025-08-22 13:55:00,24750,PE,802.23,821.02,805.9,808.4,445,33435,0.1381
2025-08-22 13:55:00,24800,CE,172.89,173.57,170.79,172.96,283,28907,0.1421
2025-08-22 13:55:00,24800,PE,868.13,871.57,852.5,861.46,92,33315,0.1393
2025-08-22 13:55:00,24850,CE,158.73,159.72,158.16,159.61,193,30966,0.1371
2025-08-22 13:55:00,24850,PE,910.82,917.43,899.15,914.44,75,32161,0.1403
2025-08-22 13:55:00,24900,CE,172.92,176.64,171.31,171.62,299,26767,0.1417
2025-08-22 13:55:00,24900,PE,964.58,988.03,961.85,962.23,276,24229,0.1409
2025-08-22 14:00:00,23500,CE,778.75,786.82,777.45,783.44,53,30249,0.1388
2025-08-22 14:00:00,23500,PE,161.17,162.18,160.04,160.84,244,28922,0.1431
2025-08-22 14:00:00,23550,CE,737.12,741.54,730.68,737.07,174,33568,0.1426
2025-08-22 14:00:00,23550,PE,170.4,171.53,169.61,170.67,334,32029,0.1404
2025-08-22 14:00:00,23600,CE,706.27,714.98,691.06,702.69,580,33484,0.1414
2025-08-22 14:00:00,23600,PE,156.13,155.3,152.84,154.23,131,33459,0.1389
2025-08-22 14:00:00,23650,CE,630.58,645.53,637.47,638.71,643,29266,0.1409
2025-08-22 14:00:00,23650,PE,147.75,151.68,148.23,149.47,30,29196,0.1356
2025-08-22 14:00:00,23700,CE,600.19,612.73,599.8,604.15,479,31413,0.1404
2025-08-22 14:00:00,23700,PE,156.03,158.54,156.95,157.43,101,31590,0.139
2025-08-22 14:00:00,23750,CE,556.66,556.6,547.06,551.31,387,37883,0.1378
2025-08-22 14:00:00,23750,PE,160.32,162.06,161.27,161.54,488,37875,0.1382
2025-08-22 14:00:00,23800,CE,482.17,480.59,472.5,478.25,208,42078,0.1407
2025-08-22 14:00:00,23800,PE,153.85,157.87,152.66,153.51,306,36777,0.1391
2025-08-22 14:00:00,23850,CE,446.58,452.53,450.7,451.63,662,39602,0.1412
2025-08-22 14:00:00,23850,PE,170.48,169.57,167.48,167.79,30,41419,0.1437
2025-08-22 14:00:00,23900,CE,390.98,393.85,386.75,387.92,736,48230,0.1447
2025-08-22 14:00:00,23900,PE,170.29,172.72,167.13,169.8,567,39118,0.141
2025-08-22 14:00:00,23950,CE,332.2,333.75,330.72,333.75,365,49208,0.1381
2025-08-22 14:00:00,23950,PE,156.92,158.94,156.66,157.89,106,50070,0.1376
2025-08-22 14:00:00,24000,CE,297.14,301.92,291.68,296.4,783,53158,0.143
2025-08-22 14:00:00,24000,PE,155.66,159.85,154.1,154.99,721,55180,0.1416
2025-08-22 14:00:00,24050,CE,240.11,246.62,237.91,242.26,996,56244,0.1422
2025-08-22 14:00:00,24050,PE,173.65,174.95,169.67,171.31,186,56257,0.1406
2025-08-22 14:00:00,24100,CE,193.29,199.26,194.72,195.35,1477,65415,0.1429
2025-08-22 14:00:00,24100,PE,161.61,162.18,161.91,162.05,1371,67516,0.1393
2025-08-22 14:00:00,24150,CE,172.24,175.81,174.33,175.32,459,75788,0.1407
2025-08-22 14:00:00,24150,PE,198.35,201.08,195.83,197.87,54,72070,0.1405
2025-08-22 14:00:00,24200,CE,162.26,163.15,160.41,161.38,486,82260,0.1411
2025-08-22 14:00:00,24200,PE,241.1,243.69,239.34,240.56,819,87398,0.1403
2025-08-22 14:00:00,24250,CE,174.21,174.85,172.93,174.1,901,75810,0.1392
2025-08-22 14:00:00,24250,PE,283.41,293.26,289.86,291.01,889,76999,0.1388
2025-08-22 14:00:00,24300,CE,163.2,165.78,163.21,163.75,408,67546,0.1394
2025-08-22 14:00:00,24300,PE,337.51,340.96,335.06,336.71,474,65299,0.1402
2025-08-22 14:00:00,24350,CE,179.9,181.97,180.46,181.6,158,62980,0.1403
2025-08-22 14:00:00,24350,PE,402.19,407.8,402.32,403.35,949,61446,0.142
2025-08-22 14:00:00,24400,CE,150.48,154.41,151.17,152.81,757,55877,0.1399
2025-08-22 14:00:00,24400,PE,454.9,473.55,446.47,455.38,405,57119,0.1437
2025-08-22 14:00:00,24450,CE,168.57,169.72,168.79,169.67,753,51651,0.1427
2025-08-22 14:00:00,24450,PE,494.04,503.05,489.06,492.59,418,49093,0.1427
2025-08-22 14:00:00,24500,CE,159.79,161.81,160.86,161.38,45,50653,0.1395
2025-08-22 14:00:00,24500,PE,540.39,545.13,541.69,542.17,669,46125,0.1425
2025-08-22 14:00:00,24550,CE,168.42,167.48,163.57,167.32,61,38992,0.1419
2025-08-22 14:00:00,24550,PE,594.97,607.43,590.3,594.71,219,46869,0.1397
2025-08-22 14:00:00,24600,CE,180.14,181.53,180.06,180.4,441,34528,0.1394
2025-08-22 14:00:00,24600,PE,624.37,637.69,620.93,625.32,51,41338,0.1382
2025-08-22 14:00:00,24650,CE,174.44,175.46,173.33,173.73,597,40902,0.1398
2025-08-22 14:00:00,24650,PE,677.91,683.58,675.79,677.28,271,32362,0.1372
2025-08-22 14:00:00,24700,CE,168.33,170.36,168.22,168.48,244,33124,0.1397
2025-08-22 14:00:00,24700,PE,757.89,774.22,744.66,753.07,322,31099,0.1383
2025-08-22 14:00:00,24750,CE,167.59,169.97,166.4,167.07,344,30639,0.1416
2025-08-22 14:00:00,24750,PE,784.5,789.94,781.96,788.69,351,33968,0.1401
2025-08-22 14:00:00,24800,CE,187.96,188.85,186.17,187.58,114,28382,0.1431
2025-08-22 14:00:00,24800,PE,838.67,856.02,832.97,844.65,280,32857,0.1408
2025-08-22 14:00:00,24850,CE,171.4,172.27,171.32,171.96,121,31313,0.1455
2025-08-22 14:00:00,24850,PE,876.28,902.21,891.96,895.63,212,32220,0.1411
2025-08-22 14:00:00,24900,CE,159.4,160.99,159.68,160.29,369,26321,0.1363
2025-08-22 14:00:00,24900,PE,933.52,945.69,926.2,939.87,231,23670,0.1404
2025-08-22 14:05:00,23500,CE,778.47,790.19,773.65,783.43,281,29918,0.1425
2025-08-22 14:05:00,23500,PE,168.57,173.53,169.8,170.79,506,28634,0.1398
2025-08-22 14:05:00,23550,CE,737.45,748.39,738.37,744.51,125,32985,0.1431
2025-08-22 14:05:00,23550,PE,165.57,165.58,163.11,164.29,86,31688,0.1414
2025-08-22 14:05:00,23600,CE,687.28,693.28,688.45,690.73,150,33769,0.1418
2025-08-22 14:05:00,23600,PE,165.62,168.47,166.08,167.06,555,33885,0.1399
2025-08-22 14:05:00,23650,CE,624.09,629.9,623.0,625.51,637,29743,0.1372
2025-08-22 14:05:00,23650,PE,151.39,150.89,150.47,150.64,309,29063,0.1382
2025-08-22 14:05:00,23700,CE,598.9,593.03,587.48,592.15,467,31196,0.1422
2025-08-22 14:05:00,23700,PE,170.08,170.01,168.31,168.64,435,32189,0.1392
2025-08-22 14:05:00,23750,CE,526.11,533.84,526.12,530.67,162,38206,0.14
2025-08-22 14:05:00,23750,PE,170.26,173.12,170.0,171.52,719,37919,0.1429
2025-08-22 14:05:00,23800,CE,493.14,494.01,483.84,493.3,305,41783,0.139
2025-08-22 14:05:00,23800,PE,168.14,173.48,169.5,169.79,151,36562,0.1393
2025-08-22 14:05:00,23850,CE,431.92,436.28,430.77,431.6,682,39620,0.1361
2025-08-22 14:05:00,23850,PE,156.69,158.33,157.15,158.03,212,41469,0.1353
2025-08-22 14:05:00,23900,CE,382.33,387.5,384.17,386.0,811,47646,0.1421
2025-08-22 14:05:00,23900,PE,157.76,159.3,157.62,157.95,36,39669,0.1421
2025-08-22 14:05:00,23950,CE,326.42,327.4,321.96,326.51,835,49298,0.1343
2025-08-22 14:05:00,23950,PE,169.28,170.04,167.36,168.93,1007,50176,0.1391
2025-08-22 14:05:00,24000,CE,290.98,293.68,289.05,291.4,660,52811,0.1386
2025-08-22 14:05:00,24000,PE,181.41,179.6,178.56,179.2,1016,55497,0.1416
2025-08-22 14:05:00,24050,CE,236.94,241.26,233.38,235.94,438,56528,0.1417
2025-08-22 14:05:00,24050,PE,175.1,176.82,172.83,174.78,1043,55771,0.1426
2025-08-22 14:05:00,24100,CE,183.3,182.47,179.38,181.76,289,65528,0.1417
2025-08-22 14:05:00,24100,PE,163.14,164.35,161.39,162.52,1048,67705,0.1392
2025-08-22 14:05:00,24150,CE,169.9,173.18,167.36,169.98,627,76190,0.1423
2025-08-22 14:05:00,24150,PE,192.07,192.04,190.44,190.81,744,71717,0.1401
2025-08-22 14:05:00,24200,CE,176.64,177.83,176.47,176.93,182,82713,0.1379
2025-08-22 14:05:00,24200,PE,234.48,239.71,237.82,239.07,1001,87351,0.1404
2025-08-22 14:05:00,24250,CE,163.6,166.54,160.41,161.66,274,75325,0.1396
2025-08-22 14:05:00,24250,PE,298.33,295.6,291.24,294.21,205,76525,0.1413
2025-08-22 14:05:00,24300,CE,161.85,163.29,160.11,161.35,589,67183,0.1408
2025-08-22 14:05:00,24300,PE,342.42,347.33,341.89,343.29,156,65038,0.1416
2025-08-22 14:05:00,24350,CE,160.23,162.82,158.95,159.8,696,62975,0.1381
2025-08-22 14:05:00,24350,PE,391.98,391.68,387.49,390.4,165,61744,0.1407
2025-08-22 14:05:00,24400,CE,162.7,163.35,159.46,162.02,448,55501,0.1374
2025-08-22 14:05:00,24400,PE,441.23,442.68,433.03,434.97,626,57710,0.1401
2025-08-22 14:05:00,24450,CE,167.02,167.16,166.6,166.75,452,51244,0.1409
2025-08-22 14:05:00,24450,PE,487.27,484.95,477.75,484.26,264,49212,0.1387
2025-08-22 14:05:00,24500,CE,162.35,161.58,157.87,160.06,762,51167,0.1376
2025-08-22 14:05:00,24500,PE,547.46,548.96,546.6,547.19,712,46524,0.1397
2025-08-22 14:05:00,24550,CE,174.64,175.67,171.79,172.52,412,39169,0.1402
2025-08-22 14:05:00,24550,PE,605.71,605.26,595.17,599.36,523,47127,0.1429
2025-08-22 14:05:00,24600,CE,165.28,166.14,164.78,165.7,426,34089,0.139
2025-08-22 14:05:00,24600,PE,638.1,645.38,631.33,636.43,583,40749,0.1403
2025-08-22 14:05:00,24650,CE,146.61,149.46,145.5,146.84,270,40822,0.1371
2025-08-22 14:05:00,24650,PE,689.93,697.47,680.76,684.66,618,31869,0.1418
2025-08-22 14:05:00,24700,CE,166.25,165.0,163.54,164.37,283,32953,0.1399
2025-08-22 14:05:00,24700,PE,749.65,762.89,741.32,748.05,65,30767,0.1459
2025-08-22 14:05:00,24750,CE,156.59,157.53,156.33,156.84,238,31138,0.1355
2025-08-22 14:05:00,24750,PE,802.16,817.64,789.33,803.97,219,34424,0.1388
2025-08-22 14:05:00,24800,CE,174.91,175.73,174.44,174.78,386,28764,0.1412
2025-08-22 14:05:00,24800,PE,826.75,855.18,823.94,833.35,448,33113,0.1412
2025-08-22 14:05:00,24850,CE,160.71,163.89,162.96,163.5,366,30897,0.1441
2025-08-22 14:05:00,24850,PE,898.6,905.78,886.6,896.01,358,31678,0.1456
2025-08-22 14:05:00,24900,CE,156.7,160.34,156.03,157.53,351,26505,0.1404
2025-08-22 14:05:00,24900,PE,933.04,941.84,920.51,936.95,360,23840,0.1364
2025-08-22 14:10:00,23500,CE,773.35,785.48,776.6,779.69,212,29761,0.14
2025-08-22 14:10:00,23500,PE,166.59,169.87,166.51,167.39,338,28601,0.1402
2025-08-22 14:10:00,23550,CE,729.26,729.41,717.63,728.87,208,32971,0.1437
2025-08-22 14:10:00,23550,PE,162.24,165.02,162.79,163.45,323,31375,0.1401
2025-08-22 14:10:00,23600,CE,673.04,683.01,670.33,680.93,406,33545,0.1422
2025-08-22 14:10:00,23600,PE,168.66,170.76,167.95,169.4,176,33787,0.1406
2025-08-22 14:10:00,23650,CE,628.68,630.16,628.42,628.84,79,29866,0.1412
2025-08-22 14:10:00,23650,PE,158.77,160.31,159.57,159.65,497,29609,0.1396
2025-08-22 14:10:00,23700,CE,583.0,588.25,563.67,576.59,213,31242,0.1412
2025-08-22 14:10:00,23700,PE,172.3,174.19,170.75,173.72,369,32466,0.1432
2025-08-22 14:10:00,23750,CE,527.31,536.99,532.03,535.21,491,38574,0.1392
2025-08-22 14:10:00,23750,PE,173.92,176.17,173.27,174.11,664,37455,0.1451
2025-08-22 14:10:00,23800,CE,478.27,489.91,473.24,478.43,308,41966,0.1398
2025-08-22 14:10:00,23800,PE,167.6,167.25,162.53,165.11,465,36540,0.1412
2025-08-22 14:10:00,23850,CE,419.65,420.67,415.79,418.23,172,39706,0.1377
2025-08-22 14:10:00,23850,PE,166.55,169.59,166.31,166.52,687,40915,0.1411
2025-08-22 14:10:00,23900,CE,379.44,384.9,376.23,382.99,608,48133,0.1429
2025-08-22 14:10:00,23900,PE,158.47,159.83,154.2,156.56,590,40212,0.1396
2025-08-22 14:10:00,23950,CE,329.13,334.52,330.24,332.54,411,48702,0.1415
2025-08-22 14:10:00,23950,PE,158.69,163.07,158.43,159.17,778,49831,0.1378
2025-08-22 14:10:00,24000,CE,285.03,289.89,282.37,285.25,33,52427,0.1409
2025-08-22 14:10:00,24000,PE,167.6,169.46,166.33,167.57,1193,55834,0.1408
2025-08-22 14:10:00,24050,CE,239.15,240.54,236.66,237.79,419,56645,0.1426
2025-08-22 14:10:00,24050,PE,164.72,164.48,161.89,164.2,512,55383,0.1427
2025-08-22 14:10:00,24100,CE,186.82,189.14,185.12,187.99,1694,65904,0.1401
2025-08-22 14:10:00,24100,PE,171.25,171.17,169.39,171.02,641,67529,0.1426
2025-08-22 14:10:00,24150,CE,168.65,170.57,168.98,169.73,1303,76143,0.1398
2025-08-22 14:10:00,24150,PE,192.01,193.04,191.84,192.97,616,71581,0.1382
2025-08-22 14:10:00,24200,CE,164.4,167.18,160.16,163.88,625,82738,0.1399
2025-08-22 14:10:00,24200,PE,241.66,243.62,241.3,242.25,76,87327,0.1405
2025-08-22 14:10:00,24250,CE,175.82,178.81,177.28,177.89,542,75054,0.1441
2025-08-22 14:10:00,24250,PE,307.44,308.81,299.67,305.54,442,76434,0.1427
2025-08-22 14:10:00,24300,CE,166.43,168.49,167.33,167.36,405,67673,0.1392
2025-08-22 14:10:00,24300,PE,346.41,351.08,344.1,346.35,577,65041,0.141
2025-08-22 14:10:00,24350,CE,166.99,166.18,162.79,163.98,267,63474,0.1387
2025-08-22 14:10:00,24350,PE,405.0,408.0,404.18,405.29,38,61804,0.1418
2025-08-22 14:10:00,24400,CE,161.88,164.19,160.68,160.85,161,55823,0.1416
2025-08-22 14:10:00,24400,PE,464.1,462.71,452.86,457.89,344,57462,0.1433
2025-08-22 14:10:00,24450,CE,157.77,159.96,158.98,159.36,59,51592,0.1362
2025-08-22 14:10:00,24450,PE,491.98,492.73,480.67,486.69,330,48929,0.1383
2025-08-22 14:10:00,24500,CE,165.01,168.58,165.92,166.27,637,50590,0.14
2025-08-22 14:10:00,24500,PE,544.59,555.67,548.21,550.56,359,46116,0.1389
2025-08-22 14:10:00,24550,CE,167.65,166.96,165.57,166.67,98,38594,0.1396
2025-08-22 14:10:00,24550,PE,585.14,591.09,585.38,587.61,140,47663,0.1406
2025-08-22 14:10:00,24600,CE,156.26,156.49,155.3,156.07,297,34688,0.1384
2025-08-22 14:10:00,24600,PE,663.06,673.96,651.4,656.82,182,41063,0.1419
2025-08-22 14:10:00,24650,CE,142.97,147.18,143.38,143.76,64,40351,0.1374
2025-08-22 14:10:00,24650,PE,701.74,707.17,700.73,702.8,20,32347,0.1383
2025-08-22 14:10:00,24700,CE,161.97,163.42,160.4,161.19,391,33245,0.1374
2025-08-22 14:10:00,24700,PE,757.65,764.51,754.8,754.89,537,30565,0.1391
2025-08-22 14:10:00,24750,CE,164.29,165.25,165.12,165.19,397,31140,0.1386
2025-08-22 14:10:00,24750,PE,796.22,799.54,790.55,796.64,300,34618,0.1419
2025-08-22 14:10:00,24800,CE,161.14,170.53,161.99,163.97,248,28192,0.1412
2025-08-22 14:10:00,24800,PE,852.18,854.56,845.88,850.68,46,33114,0.14
2025-08-22 14:10:00,24850,CE,166.55,167.27,165.69,167.11,284,31175,0.137
2025-08-22 14:10:00,24850,PE,892.02,898.95,883.44,891.18,285,31303,0.1396
2025-08-22 14:10:00,24900,CE,182.14,188.62,184.03,184.12,177,26437,0.1417
2025-08-22 14:10:00,24900,PE,966.11,964.56,953.65,955.89,462,23879,0.143
2025-08-22 14:15:00,23500,CE,817.42,825.81,803.18,810.14,349,30043,0.1416
2025-08-22 14:15:00,23500,PE,151.19,150.44,149.34,150.24,203,29158,0.1404
2025-08-22 14:15:00,23550,CE,760.07,758.18,753.92,756.33,391,33388,0.1371
2025-08-22 14:15:00,23550,PE,164.06,165.57,162.29,163.16,434,31520,0.1406
2025-08-22 14:15:00,23600,CE,697.79,705.71,694.51,705.59,28,33645,0.1404
2025-08-22 14:15:00,23600,PE,152.63,152.94,151.49,152.72,88,33910,0.1404
2025-08-22 14:15:00,23650,CE,631.19,645.86,640.54,643.14,459,29920,0.1409
2025-08-22 14:15:00,23650,PE,167.01,167.68,166.1,166.8,208,29080,0.1397
2025-08-22 14:15:00,23700,CE,611.25,612.55,599.36,602.17,471,31479,0.1396
2025-08-22 14:15:00,23700,PE,167.19,168.9,166.91,167.5,338,32725,0.1409
2025-08-22 14:15:00,23750,CE,564.07,568.47,565.01,565.13,586,38588,0.1423
2025-08-22 14:15:00,23750,PE,170.85,170.34,168.59,170.14,47,37899,0.142
2025-08-22 14:15:00,23800,CE,502.37,504.43,498.81,503.28,385,42172,0.139
2025-08-22 14:15:00,23800,PE,175.59,177.38,174.07,175.3,738,36375,0.1428
2025-08-22 14:15:00,23850,CE,461.31,467.06,454.5,457.27,553,39129,0.1393
2025-08-22 14:15:00,23850,PE,166.2,169.06,167.44,168.27,781,40385,0.1395
2025-08-22 14:15:00,23900,CE,400.41,407.51,396.03,400.42,529,47955,0.143
2025-08-22 14:15:00,23900,PE,174.54,176.39,174.02,174.73,49,40166,0.1398
2025-08-22 14:15:00,23950,CE,348.54,357.58,349.59,350.99,1001,48302,0.1426
2025-08-22 14:15:00,23950,PE,171.11,176.63,172.47,172.64,325,49458,0.1426
2025-08-22 14:15:00,24000,CE,320.51,320.46,316.06,318.24,166,52103,0.142
2025-08-22 14:15:00,24000,PE,164.43,165.56,164.36,164.52,693,56170,0.1403
2025-08-22 14:15:00,24050,CE,245.27,249.72,248.49,249.27,945,56970,0.1355
2025-08-22 14:15:00,24050,PE,164.85,167.56,164.05,166.49,979,55242,0.1414
2025-08-22 14:15:00,24100,CE,199.1,202.24,201.08,201.34,1419,65510,0.1366
2025-08-22 14:15:00,24100,PE,145.29,148.54,145.14,145.99,1109,67062,0.1379
2025-08-22 14:15:00,24150,CE,170.97,171.43,169.16,169.91,1335,75647,0.1402
2025-08-22 14:15:00,24150,PE,181.65,181.42,179.49,181.25,397,71450,0.1426
2025-08-22 14:15:00,24200,CE,175.06,173.31,172.85,173.1,1034,82192,0.1395
2025-08-22 14:15:00,24200,PE,226.09,229.92,223.53,224.07,398,87127,0.1393
2025-08-22 14:15:00,24250,CE,167.39,166.65,164.21,164.7,947,75607,0.1432
2025-08-22 14:15:00,24250,PE,287.46,287.41,281.78,283.56,799,76443,0.1431
2025-08-22 14:15:00,24300,CE,167.73,166.96,164.14,165.42,396,68060,0.1384
2025-08-22 14:15:00,24300,PE,327.42,328.78,328.0,328.3,138,64596,0.1411
2025-08-22 14:15:00,24350,CE,178.07,174.8,173.92,174.01,219,63195,0.1434
2025-08-22 14:15:00,24350,PE,383.42,388.24,383.71,385.35,482,62339,0.1407
2025-08-22 14:15:00,24400,CE,169.72,170.76,166.98,168.79,609,55683,0.1391
2025-08-22 14:15:00,24400,PE,422.89,432.02,417.32,422.14,208,57640,0.1392
2025-08-22 14:15:00,24450,CE,170.21,172.14,169.9,170.15,225,52163,0.1396
2025-08-22 14:15:00,24450,PE,482.85,485.24,476.28,478.49,413,48989,0.1397
2025-08-22 14:15:00,24500,CE,165.38,166.15,164.5,165.38,709,50356,0.1384
2025-08-22 14:15:00,24500,PE,542.57,546.92,540.98,542.51,376,46154,0.1429
2025-08-22 14:15:00,24550,CE,152.14,154.66,152.01,152.37,205,38059,0.1374
2025-08-22 14:15:00,24550,PE,565.72,561.99,559.5,561.69,214,47197,0.1431
2025-08-22 14:15:00,24600,CE,167.39,167.8,166.76,167.42,461,34096,0.1403
2025-08-22 14:15:00,24600,PE,632.15,635.52,629.68,633.89,222,41524,0.1443
2025-08-22 14:15:00,24650,CE,152.08,151.58,151.44,151.47,365,40556,0.143
2025-08-22 14:15:00,24650,PE,690.74,686.4,685.12,685.52,427,32104,0.1405
2025-08-22 14:15:00,24700,CE,172.97,175.07,172.46,172.8,380,32910,0.143
2025-08-22 14:15:00,24700,PE,737.93,734.16,731.65,731.86,382,30784,0.1429
2025-08-22 14:15:00,24750,CE,161.53,162.37,161.6,161.61,494,31643,0.1422
2025-08-22 14:15:00,24750,PE,775.3,782.19,770.69,776.38,22,34376,0.1426
2025-08-22 14:15:00,24800,CE,156.18,158.96,155.97,157.14,295,27977,0.1384
2025-08-22 14:15:00,24800,PE,820.23,820.17,812.03,812.76,332,33539,0.1407
2025-08-22 14:15:00,24850,CE,163.8,163.13,160.27,162.94,136,31647,0.1394
2025-08-22 14:15:00,24850,PE,871.12,910.33,871.31,881.61,447,31799,0.1411
2025-08-22 14:15:00,24900,CE,163.13,166.04,163.52,163.94,42,26188,0.1413
2025-08-22 14:15:00,24900,PE,938.31,964.11,931.49,944.04,66,23423,0.1433
2025-08-22 14:20:00,23500,CE,802.36,813.19,807.88,811.14,37,29970,0.1393
2025-08-22 14:20:00,23500,PE,171.07,173.98,172.54,173.18,54,28912,0.1386
2025-08-22 14:20:00,23550,CE,765.57,778.99,767.37,773.01,557,33848,0.1397
2025-08-22 14:20:00,23550,PE,171.15,171.82,169.59,169.99,532,30963,0.1382
2025-08-22 14:20:00,23600,CE,708.06,721.69,704.53,706.83,401,33805,0.1382
2025-08-22 14:20:00,23600,PE,160.91,164.14,158.77,159.14,88,34397,0.1396
2025-08-22 14:20:00,23650,CE,663.96,676.32,659.37,664.09,265,30492,0.1403
2025-08-22 14:20:00,23650,PE,184.49,186.86,184.31,185.1,82,29260,0.1429
2025-08-22 14:20:00,23700,CE,611.71,621.84,599.22,609.23,99,32018,0.1387
2025-08-22 14:20:00,23700,PE,177.23,175.65,174.46,175.03,420,32215,0.1389
2025-08-22 14:20:00,23750,CE,576.86,579.47,567.87,573.46,167,38419,0.1423
2025-08-22 14:20:00,23750,PE,168.03,168.29,165.57,167.24,21,37309,0.1401
2025-08-22 14:20:00,23800,CE,511.41,509.96,508.9,508.99,735,42749,0.1401
2025-08-22 14:20:00,23800,PE,162.16,163.24,160.98,162.16,431,36858,0.1357
2025-08-22 14:20:00,23850,CE,462.32,467.66,461.84,465.64,569,38562,0.1398
2025-08-22 14:20:00,23850,PE,172.45,174.99,173.59,174.17,619,39806,0.1398
2025-08-22 14:20:00,23900,CE,410.55,410.46,403.0,406.81,772,47795,0.137
2025-08-22 14:20:00,23900,PE,159.15,158.69,157.11,157.26,146,39876,0.1366
2025-08-22 14:20:00,23950,CE,364.89,368.23,367.19,367.38,716,48718,0.1418
2025-08-22 14:20:00,23950,PE,171.02,173.44,172.04,172.42,601,49050,0.1423
2025-08-22 14:20:00,24000,CE,317.7,327.87,315.83,319.55,1048,52451,0.1414
2025-08-22 14:20:00,24000,PE,161.44,163.66,158.33,160.04,487,56235,0.1372
2025-08-22 14:20:00,24050,CE,261.67,265.53,258.72,260.37,1268,56822,0.14
2025-08-22 14:20:00,24050,PE,175.15,179.21,175.8,175.8,54,54816,0.1388
2025-08-22 14:20:00,24100,CE,226.62,228.51,224.67,226.58,918,66107,0.1392
2025-08-22 14:20:00,24100,PE,160.56,162.08,161.34,161.38,1126,67203,0.1418
2025-08-22 14:20:00,24150,CE,166.74,166.44,163.18,165.2,596,75574,0.1428
2025-08-22 14:20:00,24150,PE,155.27,156.38,155.84,155.97,96,71295,0.1435
2025-08-22 14:20:00,24200,CE,164.09,164.01,158.66,163.67,966,82678,0.1409
2025-08-22 14:20:00,24200,PE,216.17,219.57,216.9,219.06,1418,87512,0.141
2025-08-22 14:20:00,24250,CE,163.34,167.37,160.81,163.2,50,75980,0.1402
2025-08-22 14:20:00,24250,PE,253.58,255.81,249.95,251.05,307,76582,0.1431
2025-08-22 14:20:00,24300,CE,167.58,169.45,167.81,168.45,1113,68525,0.1406
2025-08-22 14:20:00,24300,PE,298.56,304.07,300.28,302.18,787,64355,0.1395
2025-08-22 14:20:00,24350,CE,165.77,166.62,165.05,166.09,555,63439,0.1411
2025-08-22 14:20:00,24350,PE,364.63,376.18,362.06,362.41,549,62224,0.1383
2025-08-22 14:20:00,24400,CE,164.63,168.56,159.91,163.79,392,55802,0.1422
2025-08-22 14:20:00,24400,PE,430.61,432.76,423.65,424.96,49,58237,0.1394
2025-08-22 14:20:00,24450,CE,154.52,160.38,152.6,154.8,101,52744,0.1405
2025-08-22 14:20:00,24450,PE,471.31,474.01,464.24,470.09,44,49004,0.1418
2025-08-22 14:20:00,24500,CE,170.43,172.56,170.84,171.67,341,50444,0.143
2025-08-22 14:20:00,24500,PE,517.8,515.27,507.59,513.79,353,46630,0.137
2025-08-22 14:20:00,24550,CE,158.42,158.86,157.57,157.84,24,38641,0.1389
2025-08-22 14:20:00,24550,PE,566.29,570.58,564.38,567.01,514,47531,0.1383
2025-08-22 14:20:00,24600,CE,164.48,167.47,163.59,164.23,106,33574,0.1392
2025-08-22 14:20:00,24600,PE,610.19,616.47,606.91,614.26,280,41311,0.1386
2025-08-22 14:20:00,24650,CE,175.07,175.79,174.6,174.8,506,41031,0.1414
2025-08-22 14:20:00,24650,PE,662.36,668.81,662.33,663.01,281,32426,0.1395
2025-08-22 14:20:00,24700,CE,162.64,163.43,161.37,162.69,45,33200,0.1405
2025-08-22 14:20:00,24700,PE,713.97,718.87,711.09,711.71,68,30985,0.1409
2025-08-22 14:20:00,24750,CE,180.81,181.22,179.45,179.69,224,31541,0.1402
2025-08-22 14:20:00,24750,PE,773.49,773.42,769.46,773.37,164,34259,0.1386
2025-08-22 14:20:00,24800,CE,160.83,163.26,159.66,159.99,473,28347,0.142
2025-08-22 14:20:00,24800,PE,804.36,822.98,804.15,812.75,189,33291,0.1384
2025-08-22 14:20:00,24850,CE,162.99,165.71,161.04,162.41,265,31868,0.1402
2025-08-22 14:20:00,24850,PE,860.37,860.0,848.8,855.85,100,32070,0.1381
2025-08-22 14:20:00,24900,CE,166.31,166.2,164.39,165.94,462,26601,0.1398
2025-08-22 14:20:00,24900,PE,920.99,915.44,896.03,913.83,270,23206,0.1378
2025-08-22 14:25:00,23500,CE,828.02,834.32,822.87,824.08,177,30260,0.1396
2025-08-22 14:25:00,23500,PE,169.15,169.82,168.77,169.39,246,28439,0.1394
2025-08-22 14:25:00,23550,CE,788.92,818.59,789.16,795.79,382,33413,0.1439
2025-08-22 14:25:00,23550,PE,154.39,155.77,153.79,154.96,553,30863,0.1417
2025-08-22 14:25:00,23600,CE,722.56,730.1,720.86,723.45,209,33271,0.1398
2025-08-22 14:25:00,23600,PE,179.83,180.93,178.53,178.73,107,34934,0.1413
2025-08-22 14:25:00,23650,CE,670.95,679.23,649.53,662.78,343,30974,0.1392
2025-08-22 14:25:00,23650,PE,175.15,174.17,171.09,171.98,604,28718,0.1418
2025-08-22 14:25:00,23700,CE,636.17,638.53,625.67,629.45,263,32423,0.1412
2025-08-22 14:25:00,23700,PE,164.27,166.84,165.08,166.44,339,32225,0.1434
2025-08-22 14:25:00,23750,CE,587.78,602.66,583.73,587.52,417,38661,0.1422
2025-08-22 14:25:00,23750,PE,180.25,180.78,179.04,179.32,679,37773,0.1408
2025-08-22 14:25:00,23800,CE,524.22,528.97,523.86,524.96,491,42841,0.1398
2025-08-22 14:25:00,23800,PE,168.76,175.86,166.77,169.44,289,36397,0.1419
2025-08-22 14:25:00,23850,CE,479.04,479.3,474.41,476.98,603,37965,0.1424
2025-08-22 14:25:00,23850,PE,157.14,159.24,152.38,156.57,594,39802,0.1394
2025-08-22 14:25:00,23900,CE,427.6,434.64,425.86,427.7,729,48334,0.1441
2025-08-22 14:25:00,23900,PE,158.16,160.7,158.85,158.91,517,39963,0.1399
2025-08-22 14:25:00,23950,CE,378.7,377.24,372.25,373.8,504,48565,0.1407
2025-08-22 14:25:00,23950,PE,163.96,167.93,163.77,164.5,105,48487,0.1403
2025-08-22 14:25:00,24000,CE,328.56,331.82,326.38,328.68,823,52948,0.139
2025-08-22 14:25:00,24000,PE,171.7,173.3,171.01,172.15,78,56027,0.1421
2025-08-22 14:25:00,24050,CE,279.67,282.83,281.12,281.2,784,57067,0.1404
2025-08-22 14:25:00,24050,PE,168.06,168.68,166.43,167.27,944,55049,0.1392
2025-08-22 14:25:00,24100,CE,227.55,230.25,224.51,229.28,144,65811,0.1434
2025-08-22 14:25:00,24100,PE,167.55,170.14,165.36,166.23,699,66679,0.1384
2025-08-22 14:25:00,24150,CE,168.22,169.92,168.44,169.39,607,75436,0.1389
2025-08-22 14:25:00,24150,PE,157.72,159.48,157.21,157.78,1678,71075,0.1407
2025-08-22 14:25:00,24200,CE,163.99,164.99,159.97,162.32,1546,82918,0.1405
2025-08-22 14:25:00,24200,PE,206.5,207.24,205.12,206.7,1109,87895,0.1396
2025-08-22 14:25:00,24250,CE,173.41,173.14,170.85,172.92,1159,75646,0.1407
2025-08-22 14:25:00,24250,PE,248.95,250.24,244.62,247.38,591,76615,0.1388
2025-08-22 14:25:00,24300,CE,155.05,156.18,154.78,155.76,1179,67973,0.1395
2025-08-22 14:25:00,24300,PE,303.13,302.21,299.63,300.69,585,64012,0.139
2025-08-22 14:25:00,24350,CE,176.72,183.12,177.89,178.36,237,63753,0.1413
2025-08-22 14:25:00,24350,PE,352.2,361.59,350.23,351.42,231,62576,0.1396
2025-08-22 14:25:00,24400,CE,162.89,163.68,159.02,161.14,966,56133,0.1388
2025-08-22 14:25:00,24400,PE,400.78,406.89,396.62,401.34,178,57807,0.1423
2025-08-22 14:25:00,24450,CE,173.13,174.23,172.93,173.78,395,52805,0.1405
2025-08-22 14:25:00,24450,PE,459.54,469.98,455.6,460.31,692,48911,0.1407
2025-08-22 14:25:00,24500,CE,160.29,162.59,159.22,159.91,147,51033,0.1373
2025-08-22 14:25:00,24500,PE,485.49,492.49,481.26,485.69,737,46814,0.1369
2025-08-22 14:25:00,24550,CE,174.53,177.02,172.82,175.29,527,39163,0.1423
2025-08-22 14:25:00,24550,PE,561.45,560.48,559.67,560.01,363,47105,0.1421
2025-08-22 14:25:00,24600,CE,164.17,163.6,162.03,162.59,428,33515,0.1403
2025-08-22 14:25:00,24600,PE,595.67,596.78,593.04,594.26,562,41636,0.1369
2025-08-22 14:25:00,24650,CE,167.99,170.21,167.25,168.27,314,40872,0.1373
2025-08-22 14:25:00,24650,PE,646.81,647.74,643.35,647.23,282,32585,0.1385
2025-08-22 14:25:00,24700,CE,163.12,163.38,162.4,162.77,394,33214,0.1407
2025-08-22 14:25:00,24700,PE,694.59,705.03,696.79,700.12,331,31575,0.1365
2025-08-22 14:25:00,24750,CE,156.51,158.07,156.46,157.39,153,31149,0.1385
2025-08-22 14:25:00,24750,PE,752.67,764.29,760.37,762.92,464,34781,0.1426
2025-08-22 14:25:00,24800,CE,156.27,157.17,154.61,155.33,336,28228,0.1389
2025-08-22 14:25:00,24800,PE,796.19,809.96,792.98,804.49,196,33252,0.1415
2025-08-22 14:25:00,24850,CE,167.22,169.13,166.09,168.15,35,31902,0.1395
2025-08-22 14:25:00,24850,PE,824.31,861.77,828.26,837.55,146,31788,0.138
2025-08-22 14:25:00,24900,CE,153.96,157.95,151.63,154.95,279,27157,0.136
2025-08-22 14:25:00,24900,PE,903.18,912.1,890.0,898.47,107,23699,0.1406
2025-08-22 14:30:00,23500,CE,917.93,906.84,900.37,904.08,263,30827,0.1406
2025-08-22 14:30:00,23500,PE,175.64,177.95,173.03,177.86,196,29035,0.1415
2025-08-22 14:30:00,23550,CE,838.22,839.78,828.48,837.02,350,33616,0.1429
2025-08-22 14:30:00,23550,PE,162.15,164.2,163.37,163.97,299,30805,0.139
2025-08-22 14:30:00,23600,CE,782.44,801.71,780.45,786.95,295,33691,0.14
2025-08-22 14:30:00,23600,PE,160.61,162.89,161.59,162.39,441,34362,0.1369
2025-08-22 14:30:00,23650,CE,746.39,743.81,742.58,742.86,411,31375,0.1414
2025-08-22 14:30:00,23650,PE,159.52,159.76,159.05,159.61,440,28714,0.1404
2025-08-22 14:30:00,23700,CE,677.31,683.89,674.63,682.32,216,32630,0.1424
2025-08-22 14:30:00,23700,PE,172.36,173.05,170.11,172.69,417,32073,0.1437
2025-08-22 14:30:00,23750,CE,634.38,643.83,630.38,633.56,277,38503,0.1364
2025-08-22 14:30:00,23750,PE,166.63,169.96,165.16,165.46,40,37211,0.1381
2025-08-22 14:30:00,23800,CE,589.0,590.55,584.79,586.21,70,42749,0.1363
2025-08-22 14:30:00,23800,PE,153.6,157.71,152.62,154.64,370,36287,0.1401
2025-08-22 14:30:00,23850,CE,544.38,542.42,538.77,539.42,734,37634,0.1408
2025-08-22 14:30:00,23850,PE,160.94,164.44,158.85,159.07,309,39498,0.1415
2025-08-22 14:30:00,23900,CE,482.66,480.58,476.29,478.37,259,48434,0.138
2025-08-22 14:30:00,23900,PE,170.56,173.36,169.92,171.3,267,39744,0.1438
2025-08-22 14:30:00,23950,CE,438.15,442.61,431.15,437.15,614,48961,0.1425
2025-08-22 14:30:00,23950,PE,166.88,168.02,166.26,167.46,205,48020,0.139
2025-08-22 14:30:00,24000,CE,395.78,393.91,393.18,393.39,251,53041,0.1404
2025-08-22 14:30:00,24000,PE,154.77,156.23,152.4,155.08,959,55619,0.1403
2025-08-22 14:30:00,24050,CE,340.63,346.09,336.01,339.93,64,57100,0.1413
2025-08-22 14:30:00,24050,PE,164.73,165.97,163.02,164.32,1100,55112,0.1356
2025-08-22 14:30:00,24100,CE,289.93,302.03,291.56,292.93,1156,65981,0.1417
2025-08-22 14:30:00,24100,PE,166.09,168.16,162.98,165.27,59,66591,0.1425
2025-08-22 14:30:00,24150,CE,232.09,236.02,227.81,231.98,1104,75447,0.1378
2025-08-22 14:30:00,24150,PE,158.07,159.57,156.86,157.19,296,70692,0.1398
2025-08-22 14:30:00,24200,CE,192.27,193.15,188.68,189.76,1114,82873,0.1373
2025-08-22 14:30:00,24200,PE,169.56,169.59,166.76,168.83,968,87742,0.141
2025-08-22 14:30:00,24250,CE,168.43,168.0,166.74,167.06,572,75845,0.1392
2025-08-22 14:30:00,24250,PE,196.59,199.45,196.85,198.14,39,76536,0.1405
2025-08-22 14:30:00,24300,CE,163.76,166.65,163.2,163.27,536,68308,0.1388
2025-08-22 14:30:00,24300,PE,243.92,244.13,240.52,242.82,1030,63923,0.142
2025-08-22 14:30:00,24350,CE,163.06,161.63,160.97,161.45,338,63435,0.1391
2025-08-22 14:30:00,24350,PE,288.17,290.78,287.04,287.84,276,62304,0.1413
2025-08-22 14:30:00,24400,CE,168.22,175.31,169.82,170.33,839,55587,0.1385
2025-08-22 14:30:00,24400,PE,347.09,346.79,342.24,343.45,46,57854,0.142
2025-08-22 14:30:00,24450,CE,167.19,167.95,166.07,166.63,233,53202,0.1364
2025-08-22 14:30:00,24450,PE,397.49,398.3,395.85,396.27,747,49233,0.1374
2025-08-22 14:30:00,24500,CE,172.0,172.27,169.93,171.22,419,50958,0.1404
2025-08-22 14:30:00,24500,PE,456.91,457.49,454.02,454.82,391,46449,0.1398
2025-08-22 14:30:00,24550,CE,171.55,173.08,171.75,173.03,474,39599,0.1399
2025-08-22 14:30:00,24550,PE,482.13,493.78,490.48,491.33,222,46573,0.1365
2025-08-22 14:30:00,24600,CE,170.19,173.01,167.93,170.06,436,33394,0.1435
2025-08-22 14:30:00,24600,PE,546.2,546.47,538.0,544.82,610,42063,0.1409
2025-08-22 14:30:00,24650,CE,158.91,159.32,158.79,159.29,674,40743,0.1384
2025-08-22 14:30:00,24650,PE,589.24,597.6,593.87,594.53,640,32126,0.1423
2025-08-22 14:30:00,24700,CE,171.17,171.05,170.29,170.35,253,32933,0.1403
2025-08-22 14:30:00,24700,PE,644.95,653.5,640.13,641.83,611,31695,0.1389
2025-08-22 14:30:00,24750,CE,162.26,163.15,160.82,161.7,233,30731,0.1413
2025-08-22 14:30:00,24750,PE,694.68,694.33,692.47,693.17,488,34966,0.1387
2025-08-22 14:30:00,24800,CE,157.0,156.44,154.72,156.27,499,28153,0.1389
2025-08-22 14:30:00,24800,PE,738.02,742.33,734.99,740.53,95,33053,0.1409
2025-08-22 14:30:00,24850,CE,156.31,157.44,152.13,153.98,345,31591,0.1407
2025-08-22 14:30:00,24850,PE,781.52,789.38,782.21,785.32,47,32175,0.1383
2025-08-22 14:30:00,24900,CE,166.74,166.8,163.63,164.88,281,27033,0.1392
2025-08-22 14:30:00,24900,PE,846.15,858.6,848.09,850.06,293,23985,0.136
2025-08-22 14:35:00,23500,CE,893.09,934.83,886.31,904.15,8,30755,0.1411
2025-08-22 14:35:00,23500,PE,165.15,169.05,166.02,166.15,132,28545,0.1403
2025-08-22 14:35:00,23550,CE,851.41,856.09,827.09,845.25,26,33544,0.1408
2025-08-22 14:35:00,23550,PE,176.25,177.71,176.04,176.67,287,30814,0.1426
2025-08-22 14:35:00,23600,CE,797.27,812.48,792.79,802.24,432,33640,0.1429
2025-08-22 14:35:00,23600,PE,157.98,158.29,156.28,157.66,328,34741,0.1384
2025-08-22 14:35:00,23650,CE,742.98,748.39,740.34,740.96,385,31868,0.1395
2025-08-22 14:35:00,23650,PE,168.28,168.59,164.08,167.74,136,29058,0.1404
2025-08-22 14:35:00,23700,CE,704.77,706.4,691.77,697.79,433,32729,0.1398
2025-08-22 14:35:00,23700,PE,174.58,177.84,172.63,174.16,12,32122,0.1412
2025-08-22 14:35:00,23750,CE,638.33,645.15,634.39,636.23,566,38676,0.1389
2025-08-22 14:35:00,23750,PE,163.6,164.97,160.72,162.85,14,36956,0.144
2025-08-22 14:35:00,23800,CE,591.08,597.79,590.74,591.4,406,43123,0.1408
2025-08-22 14:35:00,23800,PE,164.44,167.62,164.6,164.67,319,36715,0.1385
2025-08-22 14:35:00,23850,CE,547.67,559.17,556.49,556.49,605,37354,0.1413
2025-08-22 14:35:00,23850,PE,156.86,158.07,154.28,157.9,157,39981,0.1445
2025-08-22 14:35:00,23900,CE,516.11,515.9,508.5,509.38,488,48852,0.144
2025-08-22 14:35:00,23900,PE,170.96,176.94,169.37,171.05,757,39653,0.141
2025-08-22 14:35:00,23950,CE,462.74,461.73,454.79,458.02,54,49451,0.1415
2025-08-22 14:35:00,23950,PE,164.84,166.86,164.67,165.35,527,47564,0.1455
2025-08-22 14:35:00,24000,CE,404.83,412.06,401.5,406.66,527,52474,0.1391
2025-08-22 14:35:00,24000,PE,157.96,158.29,156.03,156.15,295,55436,0.1369
2025-08-22 14:35:00,24050,CE,350.06,355.04,344.58,351.61,504,57178,0.1392
2025-08-22 14:35:00,24050,PE,166.12,168.56,166.82,167.32,916,54933,0.1396
2025-08-22 14:35:00,24100,CE,287.15,286.18,284.99,285.93,903,66511,0.1391
2025-08-22 14:35:00,24100,PE,163.7,165.78,164.85,165.17,918,66296,0.1418
2025-08-22 14:35:00,24150,CE,228.45,231.66,229.24,230.47,949,75184,0.1387
2025-08-22 14:35:00,24150,PE,171.17,172.4,170.1,171.17,676,70853,0.142
2025-08-22 14:35:00,24200,CE,202.66,204.49,200.86,202.73,492,82277,0.1403
2025-08-22 14:35:00,24200,PE,165.2,166.06,163.85,164.82,1356,88015,0.1383
2025-08-22 14:35:00,24250,CE,162.42,165.27,161.79,163.15,231,75697,0.1404
2025-08-22 14:35:00,24250,PE,182.95,185.07,180.19,182.26,462,77109,0.1378
2025-08-22 14:35:00,24300,CE,156.78,158.87,156.05,156.97,1361,68537,0.1386
2025-08-22 14:35:00,24300,PE,243.11,245.03,240.21,240.39,649,63385,0.1418
2025-08-22 14:35:00,24350,CE,148.59,151.34,147.92,149.26,327,62946,0.1412
2025-08-22 14:35:00,24350,PE,297.99,301.34,298.74,300.41,1000,61809,0.1425
2025-08-22 14:35:00,24400,CE,162.7,164.11,161.63,163.26,765,56130,0.1417
2025-08-22 14:35:00,24400,PE,322.73,322.76,317.14,319.28,357,58074,0.1388
2025-08-22 14:35:00,24450,CE,164.16,166.12,162.58,165.5,887,53115,0.14
2025-08-22 14:35:00,24450,PE,376.37,382.47,380.41,380.52,461,48873,0.1376
2025-08-22 14:35:00,24500,CE,164.65,167.8,164.27,166.6,399,51406,0.1419
2025-08-22 14:35:00,24500,PE,431.47,444.91,431.89,433.45,612,46090,0.1367
2025-08-22 14:35:00,24550,CE,160.19,162.83,160.25,161.8,447,39847,0.1408
2025-08-22 14:35:00,24550,PE,489.58,486.48,478.17,484.62,77,46888,0.1402
2025-08-22 14:35:00,24600,CE,172.35,172.44,170.03,171.85,165,33147,0.141
2025-08-22 14:35:00,24600,PE,535.66,535.46,526.7,527.57,329,42068,0.139
2025-08-22 14:35:00,24650,CE,169.05,171.78,170.2,170.83,658,40410,0.1378
2025-08-22 14:35:00,24650,PE,585.88,592.33,583.75,588.97,192,31980,0.1364
2025-08-22 14:35:00,24700,CE,166.02,167.36,163.81,164.77,575,33491,0.142
2025-08-22 14:35:00,24700,PE,630.7,648.68,628.16,634.26,310,31926,0.1413
2025-08-22 14:35:00,24750,CE,168.57,172.4,168.88,172.14,576,31146,0.1395
2025-08-22 14:35:00,24750,PE,671.17,681.82,669.81,678.68,430,35014,0.1386
2025-08-22 14:35:00,24800,CE,176.78,179.69,174.01,175.22,581,27839,0.1409
2025-08-22 14:35:00,24800,PE,733.47,740.62,729.33,729.62,220,33308,0.1418
2025-08-22 14:35:00,24850,CE,165.03,167.93,164.61,165.42,20,31591,0.1385
2025-08-22 14:35:00,24850,PE,809.33,826.48,797.07,799.86,477,31787,0.1402
2025-08-22 14:35:00,24900,CE,168.68,166.63,164.49,165.16,425,26927,0.1377
2025-08-22 14:35:00,24900,PE,818.94,839.13,822.62,828.36,455,24146,0.1391
2025-08-22 14:40:00,23500,CE,890.05,898.04,894.02,894.11,85,31037,0.1412
2025-08-22 14:40:00,23500,PE,165.2,165.69,164.63,165.58,35,28236,0.1394
2025-08-22 14:40:00,23550,CE,858.89,861.65,853.52,859.19,466,33995,0.1438
2025-08-22 14:40:00,23550,PE,166.92,169.27,167.49,168.49,32,30669,0.143
2025-08-22 14:40:00,23600,CE,806.89,802.01,782.99,795.23,60,33365,0.1422
2025-08-22 14:40:00,23600,PE,154.65,156.59,154.09,154.61,535,34375,0.1412
2025-08-22 14:40:00,23650,CE,745.46,740.79,729.2,740.33,378,32233,0.1397
2025-08-22 14:40:00,23650,PE,169.72,171.07,169.09,169.27,516,28882,0.1409
2025-08-22 14:40:00,23700,CE,685.4,683.97,682.07,683.21,436,32709,0.1377
2025-08-22 14:40:00,23700,PE,168.28,169.42,168.53,168.62,75,31789,0.1434
2025-08-22 14:40:00,23750,CE,635.6,637.34,635.12,636.37,498,38899,0.1402
2025-08-22 14:40:00,23750,PE,159.77,163.02,161.09,161.18,350,37293,0.1371
2025-08-22 14:40:00,23800,CE,591.83,594.86,588.52,590.06,494,42930,0.1406
2025-08-22 14:40:00,23800,PE,169.43,170.4,168.88,169.49,217,37249,0.1404
2025-08-22 14:40:00,23850,CE,537.37,542.42,526.74,534.32,743,36790,0.1385
2025-08-22 14:40:00,23850,PE,176.37,175.19,173.28,173.81,607,39540,0.1393
2025-08-22 14:40:00,23900,CE,505.28,500.22,492.28,494.98,714,48958,0.1388
2025-08-22 14:40:00,23900,PE,178.47,180.64,178.72,179.37,573,39894,0.1415
2025-08-22 14:40:00,23950,CE,443.97,444.79,443.29,444.33,551,49151,0.1424
2025-08-22 14:40:00,23950,PE,167.37,166.76,164.31,166.65,731,47628,0.1405
2025-08-22 14:40:00,24000,CE,373.39,377.24,368.04,369.61,547,52256,0.1402
2025-08-22 14:40:00,24000,PE,161.74,162.94,160.92,162.54,25,55500,0.1416
2025-08-22 14:40:00,24050,CE,346.3,349.95,343.07,344.95,391,57369,0.1382
2025-08-22 14:40:00,24050,PE,162.66,164.14,160.71,161.68,413,55500,0.1403
2025-08-22 14:40:00,24100,CE,290.19,292.87,288.19,290.77,849,66457,0.1405
2025-08-22 14:40:00,24100,PE,165.57,167.6,164.8,165.03,882,66473,0.1393
2025-08-22 14:40:00,24150,CE,243.52,247.72,242.35,245.01,885,75277,0.139
2025-08-22 14:40:00,24150,PE,164.42,165.55,162.9,165.28,1317,70634,0.1377
2025-08-22 14:40:00,24200,CE,193.13,196.18,191.14,193.14,726,81980,0.1409
2025-08-22 14:40:00,24200,PE,163.42,164.35,163.56,163.96,948,88600,0.1383
2025-08-22 14:40:00,24250,CE,164.99,164.73,162.25,162.58,1018,75345,0.1418
2025-08-22 14:40:00,24250,PE,178.88,178.98,176.63,178.44,1529,77457,0.1372
2025-08-22 14:40:00,24300,CE,167.92,167.94,165.8,166.82,638,68112,0.139
2025-08-22 14:40:00,24300,PE,230.19,228.21,226.64,227.81,586,63750,0.1402
2025-08-22 14:40:00,24350,CE,161.76,159.8,155.8,159.27,726,62568,0.1376
2025-08-22 14:40:00,24350,PE,291.61,293.87,288.93,291.59,214,62369,0.1401
2025-08-22 14:40:00,24400,CE,169.5,173.92,168.94,169.62,504,56353,0.1429
2025-08-22 14:40:00,24400,PE,331.24,335.31,329.57,330.56,410,57582,0.14
2025-08-22 14:40:00,24450,CE,173.66,178.19,175.29,175.38,420,53346,0.139
2025-08-22 14:40:00,24450,PE,398.65,403.21,397.9,398.41,343,48997,0.1417
2025-08-22 14:40:00,24500,CE,165.53,169.03,165.78,166.94,405,51211,0.1423
2025-08-22 14:40:00,24500,PE,432.88,438.98,431.66,434.73,242,45802,0.1438
2025-08-22 14:40:00,24550,CE,163.0,167.33,161.13,162.77,222,40109,0.139
2025-08-22 14:40:00,24550,PE,477.04,484.62,469.34,476.17,289,47177,0.1385
2025-08-22 14:40:00,24600,CE,172.11,171.64,169.06,170.02,247,32939,0.1406
2025-08-22 14:40:00,24600,PE,546.76,550.25,545.0,548.56,709,42519,0.1425
2025-08-22 14:40:00,24650,CE,175.61,177.4,175.12,176.12,292,40132,0.1396
2025-08-22 14:40:00,24650,PE,589.19,586.77,583.48,584.93,513,31463,0.139
2025-08-22 14:40:00,24700,CE,166.19,168.07,165.15,167.93,309,33610,0.1444
2025-08-22 14:40:00,24700,PE,648.32,645.96,638.3,641.86,453,31454,0.1397
2025-08-22 14:40:00,24750,CE,168.86,169.36,166.62,167.61,12,30877,0.1434
2025-08-22 14:40:00,24750,PE,692.13,692.84,688.07,688.33,83,35022,0.1403
2025-08-22 14:40:00,24800,CE,158.54,159.58,157.14,158.35,540,27582,0.1386
2025-08-22 14:40:00,24800,PE,741.76,745.58,727.86,739.4,271,32965,0.1402
2025-08-22 14:40:00,24850,CE,168.16,170.08,165.99,166.12,32,31834,0.1389
2025-08-22 14:40:00,24850,PE,770.17,802.53,766.92,780.8,148,31843,0.1376
2025-08-22 14:40:00,24900,CE,178.93,179.35,176.51,177.11,361,27334,0.1403
2025-08-22 14:40:00,24900,PE,842.17,842.12,839.88,840.89,104,24243,0.1386
2025-08-22 14:45:00,23500,CE,945.72,955.26,942.63,951.96,434,31017,0.1431
2025-08-22 14:45:00,23500,PE,180.1,183.7,178.42,181.13,26,27949,0.1446
2025-08-22 14:45:00,23550,CE,877.84,910.16,880.73,885.27,398,34345,0.142
2025-08-22 14:45:00,23550,PE,181.54,183.31,181.0,182.69,162,30305,0.1398
2025-08-22 14:45:00,23600,CE,843.19,851.51,829.55,837.89,159,33055,0.1372
2025-08-22 14:45:00,23600,PE,173.29,176.46,174.11,174.36,392,34784,0.1405
2025-08-22 14:45:00,23650,CE,794.26,797.25,791.63,792.19,34,32522,0.1415
2025-08-22 14:45:00,23650,PE,176.31,179.12,174.61,176.2,420,29017,0.1413
2025-08-22 14:45:00,23700,CE,750.18,748.69,731.66,738.01,513,32155,0.1391
2025-08-22 14:45:00,23700,PE,159.55,158.27,156.56,158.03,414,31341,0.1402
2025-08-22 14:45:00,23750,CE,671.28,681.95,679.77,679.98,561,38898,0.1377
2025-08-22 14:45:00,23750,PE,157.37,159.47,155.24,155.88,65,37588,0.1377
2025-08-22 14:45:00,23800,CE,635.29,644.12,642.81,643.87,502,42886,0.1392
2025-08-22 14:45:00,23800,PE,168.97,173.3,169.19,169.77,214,36669,0.1429
2025-08-22 14:45:00,23850,CE,592.82,599.45,584.13,590.12,649,36411,0.1407
2025-08-22 14:45:00,23850,PE,186.82,188.95,185.8,186.41,603,39646,0.1432
2025-08-22 14:45:00,23900,CE,539.53,545.59,529.34,540.0,530,49191,0.1436
2025-08-22 14:45:00,23900,PE,155.43,156.45,154.69,155.86,661,39334,0.1365
2025-08-22 14:45:00,23950,CE,496.82,497.33,488.71,491.29,826,48602,0.1399
2025-08-22 14:45:00,23950,PE,170.76,169.79,169.72,169.76,832,47341,0.1395
2025-08-22 14:45:00,24000,CE,435.35,439.8,433.33,436.66,771,51756,0.1367
2025-08-22 14:45:00,24000,PE,151.61,151.15,149.61,149.85,426,55550,0.1405
2025-08-22 14:45:00,24050,CE,385.17,394.64,389.69,390.21,955,56917,0.1441
2025-08-22 14:45:00,24050,PE,179.82,180.61,178.25,179.72,52,55677,0.1416
2025-08-22 14:45:00,24100,CE,347.01,359.89,354.83,355.24,72,66789,0.1402
2025-08-22 14:45:00,24100,PE,178.51,178.14,176.63,177.95,59,67037,0.1401
2025-08-22 14:45:00,24150,CE,298.18,298.86,296.23,298.13,675,75815,0.1394
2025-08-22 14:45:00,24150,PE,157.36,159.88,159.21,159.32,176,70362,0.1432
2025-08-22 14:45:00,24200,CE,241.55,244.42,239.18,241.66,662,81415,0.1419
2025-08-22 14:45:00,24200,PE,154.03,156.53,155.21,155.23,168,88395,0.1392
2025-08-22 14:45:00,24250,CE,183.69,187.62,182.47,183.42,1235,75595,0.1415
2025-08-22 14:45:00,24250,PE,157.54,158.46,156.46,157.17,169,76928,0.1378
2025-08-22 14:45:00,24300,CE,164.95,166.49,164.07,164.27,1082,67943,0.1416
2025-08-22 14:45:00,24300,PE,206.09,208.7,205.08,205.34,1301,63507,0.1435
2025-08-22 14:45:00,24350,CE,161.6,163.02,161.24,161.6,524,62231,0.1386
2025-08-22 14:45:00,24350,PE,229.89,233.56,232.43,232.62,391,62616,0.1389
2025-08-22 14:45:00,24400,CE,168.88,170.03,167.9,168.51,591,56543,0.1403
2025-08-22 14:45:00,24400,PE,291.0,291.45,287.96,290.2,115,57624,0.1396
2025-08-22 14:45:00,24450,CE,158.75,159.7,158.32,158.67,512,53838,0.1385
2025-08-22 14:45:00,24450,PE,340.96,343.6,330.86,336.25,474,48520,0.1368
2025-08-22 14:45:00,24500,CE,159.87,163.27,161.04,162.84,693,50790,0.1407
2025-08-22 14:45:00,24500,PE,398.04,404.02,392.5,398.77,900,45662,0.143
2025-08-22 14:45:00,24550,CE,165.31,170.06,166.4,167.91,708,40296,0.1355
2025-08-22 14:45:00,24550,PE,442.31,449.42,444.04,445.09,425,47277,0.141
2025-08-22 14:45:00,24600,CE,159.77,162.59,157.8,159.19,161,32427,0.1366
2025-08-22 14:45:00,24600,PE,491.39,496.42,489.22,491.72,635,43069,0.1406
2025-08-22 14:45:00,24650,CE,153.97,156.45,153.81,155.48,658,39898,0.1405
2025-08-22 14:45:00,24650,PE,535.91,541.52,531.19,536.17,280,31293,0.141
2025-08-22 14:45:00,24700,CE,169.43,172.14,169.07,170.91,501,33758,0.1388
2025-08-22 14:45:00,24700,PE,592.04,593.0,588.06,591.39,566,31988,0.1395
2025-08-22 14:45:00,24750,CE,165.17,168.49,165.22,166.22,266,31072,0.1427
2025-08-22 14:45:00,24750,PE,638.23,642.48,639.25,640.59,336,35567,0.1391
2025-08-22 14:45:00,24800,CE,156.15,159.5,153.61,155.01,226,27207,0.1421
2025-08-22 14:45:00,24800,PE,691.69,700.69,699.04,700.67,241,33107,0.1425
2025-08-22 14:45:00,24850,CE,156.29,161.39,154.93,156.38,557,32228,0.1403
2025-08-22 14:45:00,24850,PE,736.69,747.97,727.16,744.49,20,31853,0.143
2025-08-22 14:45:00,24900,CE,181.88,180.08,177.7,178.02,95,27168,0.1411
2025-08-22 14:45:00,24900,PE,796.8,809.22,790.05,801.24,521,24824,0.1411
2025-08-22 14:50:00,23500,CE,948.17,943.74,935.96,935.99,80,30586,0.139
2025-08-22 14:50:00,23500,PE,162.68,163.92,162.15,162.63,337,27842,0.1389
2025-08-22 14:50:00,23550,CE,897.44,894.41,886.76,892.6,223,34793,0.1434
2025-08-22 14:50:00,23550,PE,166.54,168.8,164.15,166.57,465,30785,0.1407
2025-08-22 14:50:00,23600,CE,829.48,838.05,821.68,822.2,418,33631,0.1385
2025-08-22 14:50:00,23600,PE,171.36,172.15,169.16,170.93,385,35245,0.1413
2025-08-22 14:50:00,23650,CE,779.28,786.87,777.56,779.62,307,31983,0.1401
2025-08-22 14:50:00,23650,PE,175.39,176.25,172.01,175.3,460,29532,0.1396
2025-08-22 14:50:00,23700,CE,709.63,728.32,718.51,724.34,192,32068,0.1402
2025-08-22 14:50:00,23700,PE,153.03,154.93,151.6,152.98,344,31522,0.1406
2025-08-22 14:50:00,23750,CE,666.7,673.86,665.41,669.1,430,38771,0.141
2025-08-22 14:50:00,23750,PE,175.77,178.23,176.32,176.83,542,37964,0.1423
2025-08-22 14:50:00,23800,CE,633.35,632.06,626.51,630.25,637,42977,0.1407
2025-08-22 14:50:00,23800,PE,160.3,159.83,157.93,159.04,62,37083,0.142
2025-08-22 14:50:00,23850,CE,575.56,582.62,575.72,580.71,68,36043,0.1407
2025-08-22 14:50:00,23850,PE,161.39,163.14,159.33,160.86,215,39267,0.1411
2025-08-22 14:50:00,23900,CE,539.18,533.88,529.7,530.85,569,49119,0.1387
2025-08-22 14:50:00,23900,PE,169.59,173.11,169.09,170.51,181,38739,0.1391
2025-08-22 14:50:00,23950,CE,472.06,475.27,469.86,473.44,194,48833,0.14
2025-08-22 14:50:00,23950,PE,167.32,167.57,166.25,167.34,675,47096,0.1434
2025-08-22 14:50:00,24000,CE,430.6,441.21,428.5,433.22,81,51824,0.1421
2025-08-22 14:50:00,24000,PE,176.61,175.76,172.85,175.08,728,55034,0.1396
2025-08-22 14:50:00,24050,CE,388.94,391.99,380.7,384.08,815,56521,0.1406
2025-08-22 14:50:00,24050,PE,163.07,163.43,161.35,163.1,275,55824,0.1403
2025-08-22 14:50:00,24100,CE,320.67,323.83,317.84,321.13,75,66555,0.1399
2025-08-22 14:50:00,24100,PE,164.89,168.19,166.53,166.53,173,66694,0.1384
2025-08-22 14:50:00,24150,CE,264.44,269.78,263.82,266.13,996,75489,0.1353
2025-08-22 14:50:00,24150,PE,169.86,170.3,168.56,169.99,75,70019,0.1399
2025-08-22 14:50:00,24200,CE,224.1,229.14,224.45,226.83,149,81562,0.1413
2025-08-22 14:50:00,24200,PE,163.97,165.63,162.5,163.8,1431,87996,0.1391
2025-08-22 14:50:00,24250,CE,176.33,181.56,174.23,177.36,1265,75430,0.1375
2025-08-22 14:50:00,24250,PE,187.4,189.05,186.39,187.62,150,77153,0.142
2025-08-22 14:50:00,24300,CE,167.69,170.42,166.0,168.13,352,67959,0.1378
2025-08-22 14:50:00,24300,PE,211.15,215.59,209.91,211.79,815,63623,0.1387
2025-08-22 14:50:00,24350,CE,164.43,165.99,163.73,165.92,203,61932,0.1418
2025-08-22 14:50:00,24350,PE,247.27,252.74,248.32,249.02,1013,63135,0.1401
2025-08-22 14:50:00,24400,CE,173.91,173.11,171.77,172.43,33,56439,0.1403
2025-08-22 14:50:00,24400,PE,309.46,321.07,309.63,310.88,1062,57368,0.1417
2025-08-22 14:50:00,24450,CE,170.95,171.82,168.48,170.61,490,54323,0.1385
2025-08-22 14:50:00,24450,PE,349.12,352.25,345.99,347.65,1040,48706,0.1402
2025-08-22 14:50:00,24500,CE,173.77,174.41,172.12,174.06,677,50926,0.1411
2025-08-22 14:50:00,24500,PE,389.18,401.14,388.98,392.87,286,46126,0.1368
2025-08-22 14:50:00,24550,CE,172.28,176.79,172.65,173.04,44,39766,0.1415
2025-08-22 14:50:00,24550,PE,454.73,460.49,450.5,452.46,537,47682,0.1408
2025-08-22 14:50:00,24600,CE,172.65,173.75,171.03,172.87,663,32640,0.144
2025-08-22 14:50:00,24600,PE,503.26,505.1,502.53,504.71,313,42900,0.1393
2025-08-22 14:50:00,24650,CE,171.98,175.18,172.03,173.59,326,39605,0.1435
2025-08-22 14:50:00,24650,PE,543.64,555.83,545.51,546.39,321,30818,0.1384
2025-08-22 14:50:00,24700,CE,171.27,173.06,167.28,169.56,231,34287,0.1404
2025-08-22 14:50:00,24700,PE,607.25,613.64,597.89,604.5,497,31558,0.1359
2025-08-22 14:50:00,24750,CE,167.27,170.21,166.46,167.88,194,30783,0.1379
2025-08-22 14:50:00,24750,PE,647.1,660.19,652.34,654.28,191,35796,0.1393
2025-08-22 14:50:00,24800,CE,163.58,165.96,162.16,163.8,549,27459,0.1401
2025-08-22 14:50:00,24800,PE,699.08,699.5,688.54,689.43,304,32699,0.1361
2025-08-22 14:50:00,24850,CE,168.47,169.61,167.58,169.33,90,32604,0.1418
2025-08-22 14:50:00,24850,PE,751.1,756.76,745.21,752.18,394,31865,0.1408
2025-08-22 14:50:00,24900,CE,161.3,160.25,157.45,158.53,318,27586,0.1391
2025-08-22 14:50:00,24900,PE,797.55,808.12,801.16,803.24,445,24328,0.1403
2025-08-22 14:55:00,23500,CE,907.74,906.21,896.48,900.08,200,30037,0.1409
2025-08-22 14:55:00,23500,PE,168.98,171.99,168.84,169.21,195,28006,0.1418
2025-08-22 14:55:00,23550,CE,851.24,853.18,844.23,847.47,115,34373,0.1385
2025-08-22 14:55:00,23550,PE,161.35,168.49,164.48,164.7,260,30814,0.1409
2025-08-22 14:55:00,23600,CE,790.97,817.78,794.83,798.74,395,33047,0.1358
2025-08-22 14:55:00,23600,PE,168.93,169.4,166.72,167.95,143,35580,0.1401
2025-08-22 14:55:00,23650,CE,767.22,765.65,750.73,756.66,400,32462,0.1459
2025-08-22 14:55:00,23650,PE,158.24,159.26,157.52,158.17,476,29938,0.1428
2025-08-22 14:55:00,23700,CE,700.74,703.98,691.82,700.76,320,32618,0.1399
2025-08-22 14:55:00,23700,PE,169.12,170.09,168.39,169.3,263,32005,0.1402
2025-08-22 14:55:00,23750,CE,655.06,656.54,651.58,656.44,264,38703,0.1432
2025-08-22 14:55:00,23750,PE,171.15,173.36,171.52,172.8,455,37842,0.1417
2025-08-22 14:55:00,23800,CE,598.68,600.56,584.4,592.44,113,43452,0.1411
2025-08-22 14:55:00,23800,PE,160.93,161.25,160.02,160.31,325,37595,0.1406
2025-08-22 14:55:00,23850,CE,540.55,539.74,537.32,537.47,310,36610,0.1381
2025-08-22 14:55:00,23850,PE,163.65,164.48,163.74,163.98,462,39588,0.1411
2025-08-22 14:55:00,23900,CE,488.28,488.36,480.12,482.5,624,48761,0.1407
2025-08-22 14:55:00,23900,PE,167.4,171.87,165.05,167.72,672,39272,0.1389
2025-08-22 14:55:00,23950,CE,454.19,458.95,446.81,452.03,596,49369,0.1393
2025-08-22 14:55:00,23950,PE,156.96,161.6,156.92,158.71,759,47295,0.1417
2025-08-22 14:55:00,24000,CE,394.26,403.44,390.51,393.97,477,52252,0.1414
2025-08-22 14:55:00,24000,PE,163.69,170.49,163.34,165.86,195,55107,0.1408
2025-08-22 14:55:00,24050,CE,345.29,351.32,346.88,347.55,892,57053,0.1414
2025-08-22 14:55:00,24050,PE,159.91,160.89,160.36,160.64,304,55336,0.1383
2025-08-22 14:55:00,24100,CE,301.57,307.54,303.71,304.09,421,66991,0.1438
2025-08-22 14:55:00,24100,PE,160.12,165.33,160.27,161.09,650,66160,0.1421
2025-08-22 14:55:00,24150,CE,252.63,253.22,246.58,250.19,186,75295,0.1397
2025-08-22 14:55:00,24150,PE,174.07,175.26,172.81,173.84,492,69581,0.1402
2025-08-22 14:55:00,24200,CE,205.02,206.37,203.13,204.21,814,81536,0.1406
2025-08-22 14:55:00,24200,PE,162.35,163.36,161.23,162.16,343,87674,0.1391
2025-08-22 14:55:00,24250,CE,165.44,165.74,163.55,164.2,1127,75972,0.141
2025-08-22 14:55:00,24250,PE,186.61,188.5,185.93,186.32,1676,77224,0.1405
2025-08-22 14:55:00,24300,CE,166.27,168.03,164.7,165.83,78,68436,0.1423
2025-08-22 14:55:00,24300,PE,242.75,248.11,243.16,243.79,1370,63356,0.1392
2025-08-22 14:55:00,24350,CE,162.49,164.86,163.15,164.42,516,61363,0.1372
2025-08-22 14:55:00,24350,PE,286.34,291.4,287.72,288.02,1012,63465,0.1405
2025-08-22 14:55:00,24400,CE,159.62,160.58,158.25,160.03,41,56681,0.1385
2025-08-22 14:55:00,24400,PE,341.83,342.65,335.64,338.13,471,57422,0.1385
2025-08-22 14:55:00,24450,CE,166.9,168.55,164.92,167.02,232,54701,0.1406
2025-08-22 14:55:00,24450,PE,382.1,384.68,381.23,381.52,416,49114,0.1396
2025-08-22 14:55:00,24500,CE,161.03,163.69,161.29,163.38,148,51031,0.1395
2025-08-22 14:55:00,24500,PE,446.49,453.6,442.73,443.01,293,46685,0.141
2025-08-22 14:55:00,24550,CE,167.07,167.38,165.33,165.38,472,40029,0.1386
2025-08-22 14:55:00,24550,PE,483.33,498.59,489.07,490.44,84,47894,0.1435
2025-08-22 14:55:00,24600,CE,169.92,174.07,170.72,171.04,89,32473,0.1395
2025-08-22 14:55:00,24600,PE,544.95,547.64,540.22,541.65,181,42302,0.1437
2025-08-22 14:55:00,24650,CE,170.5,169.29,166.71,168.13,425,39294,0.1422
2025-08-22 14:55:00,24650,PE,579.36,573.53,569.57,571.71,373,31134,0.1417
2025-08-22 14:55:00,24700,CE,167.23,166.31,163.67,165.45,128,34538,0.1378
2025-08-22 14:55:00,24700,PE,641.59,651.91,635.85,638.67,206,31355,0.1381
2025-08-22 14:55:00,24750,CE,171.73,172.02,169.4,169.84,366,30933,0.1414
2025-08-22 14:55:00,24750,PE,684.76,693.55,687.24,690.29,414,35430,0.1407
2025-08-22 14:55:00,24800,CE,159.12,160.57,158.66,159.5,345,27175,0.1381
2025-08-22 14:55:00,24800,PE,744.65,749.53,733.92,743.7,170,33235,0.1398
2025-08-22 14:55:00,24850,CE,161.89,162.95,161.3,162.95,64,32499,0.1393
2025-08-22 14:55:00,24850,PE,782.11,789.12,782.34,786.86,249,31558,0.1403
2025-08-22 14:55:00,24900,CE,167.5,169.85,168.91,169.06,416,27570,0.1391
2025-08-22 14:55:00,24900,PE,830.95,853.01,827.06,834.91,382,24192,0.139
2025-08-22 15:00:00,23500,CE,897.32,921.07,897.36,899.61,447,30312,0.1442
2025-08-22 15:00:00,23500,PE,175.59,179.2,177.21,177.57,171,28560,0.1413
2025-08-22 15:00:00,23550,CE,850.06,860.83,846.97,848.06,454,34483,0.1424
2025-08-22 15:00:00,23550,PE,166.57,169.33,165.58,166.06,17,30923,0.1402
2025-08-22 15:00:00,23600,CE,788.95,804.46,785.42,795.44,384,32884,0.1397
2025-08-22 15:00:00,23600,PE,175.55,177.39,174.36,176.58,87,35657,0.142
2025-08-22 15:00:00,23650,CE,739.56,749.01,721.04,731.26,470,32245,0.1408
2025-08-22 15:00:00,23650,PE,160.64,159.95,158.05,159.11,272,29339,0.1391
2025-08-22 15:00:00,23700,CE,674.32,686.35,669.1,681.74,440,33057,0.1443
2025-08-22 15:00:00,23700,PE,158.71,161.38,160.79,160.83,484,31920,0.1416
2025-08-22 15:00:00,23750,CE,648.05,646.37,642.27,646.04,40,38693,0.1419
2025-08-22 15:00:00,23750,PE,155.72,156.97,154.87,156.32,623,37342,0.138
2025-08-22 15:00:00,23800,CE,594.23,598.14,591.24,594.94,160,43856,0.1415
2025-08-22 15:00:00,23800,PE,180.0,178.3,173.56,175.78,408,37199,0.1405
2025-08-22 15:00:00,23850,CE,550.68,551.31,542.95,546.75,30,36502,0.1411
2025-08-22 15:00:00,23850,PE,177.94,175.67,173.6,175.29,459,39996,0.1421
2025-08-22 15:00:00,23900,CE,497.46,499.8,495.32,496.06,732,48710,0.1409
2025-08-22 15:00:00,23900,PE,164.36,166.23,163.24,165.5,357,39789,0.1397
2025-08-22 15:00:00,23950,CE,445.2,443.67,435.96,439.3,704,49020,0.1413
2025-08-22 15:00:00,23950,PE,162.43,167.46,164.75,165.73,618,47553,0.1396
2025-08-22 15:00:00,24000,CE,397.77,395.56,391.6,394.48,244,52825,0.1391
2025-08-22 15:00:00,24000,PE,168.18,172.42,167.67,169.22,305,55166,0.14
2025-08-22 15:00:00,24050,CE,340.22,346.14,338.69,341.98,552,57283,0.14
2025-08-22 15:00:00,24050,PE,173.05,173.59,172.06,172.58,993,55207,0.1402
2025-08-22 15:00:00,24100,CE,303.46,305.02,295.2,301.43,487,67292,0.1396
2025-08-22 15:00:00,24100,PE,158.6,160.37,158.97,159.57,1178,66650,0.1397
2025-08-22 15:00:00,24150,CE,251.1,257.23,249.75,250.79,1067,75538,0.1427
2025-08-22 15:00:00,24150,PE,164.65,164.88,163.31,164.02,1089,70104,0.1408
2025-08-22 15:00:00,24200,CE,189.96,191.46,188.78,190.06,43,81642,0.1397
2025-08-22 15:00:00,24200,PE,183.54,186.06,182.18,182.94,82,87766,0.1433
2025-08-22 15:00:00,24250,CE,160.09,160.57,157.07,159.76,671,75737,0.1362
2025-08-22 15:00:00,24250,PE,187.71,189.42,187.81,188.71,1481,77475,0.1404
2025-08-22 15:00:00,24300,CE,176.35,176.72,175.96,176.46,817,68894,0.1414
2025-08-22 15:00:00,24300,PE,241.44,244.74,241.05,242.82,160,63531,0.1427
2025-08-22 15:00:00,24350,CE,167.12,168.27,163.84,166.52,211,61042,0.1398
2025-08-22 15:00:00,24350,PE,277.45,280.61,276.75,277.8,247,63517,0.1358
2025-08-22 15:00:00,24400,CE,158.95,161.74,160.35,160.54,703,56988,0.1384
2025-08-22 15:00:00,24400,PE,330.64,335.56,333.66,333.97,498,57949,0.1384
2025-08-22 15:00:00,24450,CE,166.91,164.6,162.26,163.66,382,54288,0.1429
2025-08-22 15:00:00,24450,PE,385.68,387.22,383.2,386.78,52,48666,0.1428
2025-08-22 15:00:00,24500,CE,173.35,174.82,170.89,172.05,411,50926,0.141
2025-08-22 15:00:00,24500,PE,435.75,442.22,431.93,436.79,776,46235,0.1428
2025-08-22 15:00:00,24550,CE,159.65,163.98,159.93,160.01,228,40605,0.1378
2025-08-22 15:00:00,24550,PE,485.42,490.65,484.95,485.55,36,47803,0.139
2025-08-22 15:00:00,24600,CE,160.41,161.1,159.67,160.72,162,32513,0.1392
2025-08-22 15:00:00,24600,PE,515.85,529.1,514.62,523.25,747,41974,0.1392
2025-08-22 15:00:00,24650,CE,159.13,164.27,158.02,159.95,271,39232,0.1418
2025-08-22 15:00:00,24650,PE,579.83,598.0,583.8,585.49,571,31715,0.1425
2025-08-22 15:00:00,24700,CE,172.57,172.75,170.21,170.69,73,34524,0.1408
2025-08-22 15:00:00,24700,PE,643.61,638.6,626.13,637.45,503,30765,0.1382
2025-08-22 15:00:00,24750,CE,163.97,170.01,165.55,166.68,504,30624,0.1401
2025-08-22 15:00:00,24750,PE,683.51,695.85,677.38,683.75,328,36004,0.1381
2025-08-22 15:00:00,24800,CE,161.66,165.98,159.83,161.59,376,27761,0.1409
2025-08-22 15:00:00,24800,PE,752.2,743.64,730.91,743.09,358,32887,0.1398
2025-08-22 15:00:00,24850,CE,166.85,171.39,170.44,170.46,386,32637,0.1423
2025-08-22 15:00:00,24850,PE,792.19,802.83,783.48,797.47,178,31050,0.1377
2025-08-22 15:00:00,24900,CE,156.61,155.96,153.39,155.63,343,27662,0.1361
2025-08-22 15:00:00,24900,PE,844.3,844.91,828.0,836.21,408,23743,0.1393
2025-08-22 15:05:00,23500,CE,828.69,830.4,825.52,826.98,286,30694,0.138
2025-08-22 15:05:00,23500,PE,158.17,157.26,155.99,157.09,468,29087,0.1373
2025-08-22 15:05:00,23550,CE,786.15,801.2,789.49,792.04,124,34090,0.1444
2025-08-22 15:05:00,23550,PE,167.45,170.41,168.32,169.0,322,30878,0.1392
2025-08-22 15:05:00,23600,CE,748.29,759.94,741.83,745.83,144,32406,0.1419
2025-08-22 15:05:00,23600,PE,164.23,165.55,163.92,165.31,92,35463,0.1418
2025-08-22 15:05:00,23650,CE,692.99,717.95,692.17,699.57,462,31723,0.144
2025-08-22 15:05:00,23650,PE,166.89,168.24,165.34,167.25,74,29056,0.1413
2025-08-22 15:05:00,23700,CE,637.0,636.39,630.83,633.01,581,33645,0.141
2025-08-22 15:05:00,23700,PE,157.75,159.86,159.32,159.62,298,31373,0.14
2025-08-22 15:05:00,23750,CE,583.61,586.35,582.31,586.18,20,39123,0.1396
2025-08-22 15:05:00,23750,PE,167.64,169.55,165.29,169.35,322,36834,0.1402
2025-08-22 15:05:00,23800,CE,536.14,552.55,540.86,542.71,639,43890,0.1423
2025-08-22 15:05:00,23800,PE,165.03,165.16,162.14,163.7,275,37141,0.1407
2025-08-22 15:05:00,23850,CE,490.86,493.28,491.67,492.15,197,37019,0.1402
2025-08-22 15:05:00,23850,PE,184.07,187.61,184.1,184.14,655,39634,0.1435
2025-08-22 15:05:00,23900,CE,437.52,448.25,435.38,438.5,667,48325,0.1426
2025-08-22 15:05:00,23900,PE,171.97,171.19,168.66,170.24,417,40087,0.141
2025-08-22 15:05:00,23950,CE,382.1,387.8,383.24,387.27,51,49290,0.1399
2025-08-22 15:05:00,23950,PE,158.69,161.75,157.46,158.11,236,47792,0.1396
2025-08-22 15:05:00,24000,CE,353.03,352.04,347.22,351.15,559,52256,0.1391
2025-08-22 15:05:00,24000,PE,171.85,174.3,173.78,173.95,844,54877,0.1409
2025-08-22 15:05:00,24050,CE,292.64,293.77,292.69,293.3,1180,57690,0.142
2025-08-22 15:05:00,24050,PE,158.71,162.74,158.85,161.18,255,55328,0.1421
2025-08-22 15:05:00,24100,CE,238.04,237.72,236.82,237.39,526,67414,0.1432
2025-08-22 15:05:00,24100,PE,172.2,175.47,171.23,172.27,797,66405,0.1404
2025-08-22 15:05:00,24150,CE,183.16,187.63,181.03,183.8,1082,75250,0.1372
2025-08-22 15:05:00,24150,PE,172.29,173.05,170.06,170.18,1497,70639,0.1427
2025-08-22 15:05:00,24200,CE,162.07,162.41,161.21,162.26,296,81915,0.1432
2025-08-22 15:05:00,24200,PE,188.57,192.09,187.26,189.17,1538,87318,0.1436
2025-08-22 15:05:00,24250,CE,183.29,191.1,184.16,184.22,1056,76262,0.1477
2025-08-22 15:05:00,24250,PE,232.68,237.12,232.77,233.97,337,77573,0.1422
2025-08-22 15:05:00,24300,CE,165.58,166.58,163.24,164.44,996,68694,0.1415
2025-08-22 15:05:00,24300,PE,285.11,292.68,288.46,290.79,310,63407,0.1379
2025-08-22 15:05:00,24350,CE,169.91,171.33,168.26,170.88,382,61312,0.1386
2025-08-22 15:05:00,24350,PE,336.85,340.12,331.79,335.06,421,63368,0.141
2025-08-22 15:05:00,24400,CE,163.87,167.21,162.45,164.04,940,57082,0.1422
2025-08-22 15:05:00,24400,PE,367.63,375.12,364.99,370.36,926,58201,0.1369
2025-08-22 15:05:00,24450,CE,159.41,162.54,157.21,157.55,802,53922,0.1411
2025-08-22 15:05:00,24450,PE,424.65,428.97,424.8,424.86,850,49199,0.1422
2025-08-22 15:05:00,24500,CE,172.09,175.66,170.13,171.98,47,50753,0.1401
2025-08-22 15:05:00,24500,PE,499.6,492.59,490.33,491.29,351,46138,0.1429
2025-08-22 15:05:00,24550,CE,181.03,184.69,180.23,180.6,599,40843,0.1416
2025-08-22 15:05:00,24550,PE,535.27,541.77,532.74,536.46,172,47933,0.1442
2025-08-22 15:05:00,24600,CE,163.44,163.96,160.33,162.48,694,32441,0.1393
2025-08-22 15:05:00,24600,PE,592.96,605.32,594.76,596.08,661,42153,0.1375
2025-08-22 15:05:00,24650,CE,169.16,173.92,168.09,169.77,615,39715,0.1382
2025-08-22 15:05:00,24650,PE,612.81,631.55,613.55,617.32,21,32075,0.1406
2025-08-22 15:05:00,24700,CE,167.81,172.93,167.91,168.69,126,34913,0.1415
2025-08-22 15:05:00,24700,PE,697.91,693.65,688.98,688.99,505,30475,0.1424
2025-08-22 15:05:00,24750,CE,172.49,178.64,172.64,174.2,47,30527,0.1421
2025-08-22 15:05:00,24750,PE,744.81,766.06,751.13,751.23,184,36068,0.141
2025-08-22 15:05:00,24800,CE,173.54,175.64,172.34,172.63,53,27214,0.1402
2025-08-22 15:05:00,24800,PE,770.08,785.61,753.25,774.34,247,33210,0.1369
2025-08-22 15:05:00,24850,CE,166.74,174.09,167.11,167.9,171,32425,0.1413
2025-08-22 15:05:00,24850,PE,832.99,842.91,821.86,835.39,93,30789,0.1402
2025-08-22 15:05:00,24900,CE,163.19,165.7,163.84,164.89,154,27373,0.1424
2025-08-22 15:05:00,24900,PE,892.65,916.64,880.44,888.24,176,23483,0.1379
2025-08-22 15:10:00,23500,CE,868.82,877.78,864.02,865.69,353,30499,0.1447
2025-08-22 15:10:00,23500,PE,159.65,161.69,159.63,160.52,391,29212,0.1379
2025-08-22 15:10:00,23550,CE,813.61,810.11,792.11,808.59,351,34190,0.1435
2025-08-22 15:10:00,23550,PE,172.36,174.36,172.2,172.86,502,30584,0.1407
2025-08-22 15:10:00,23600,CE,765.04,770.76,758.57,761.36,564,32053,0.1411
2025-08-22 15:10:00,23600,PE,162.07,165.99,161.35,163.57,87,35854,0.1397
2025-08-22 15:10:00,23650,CE,713.23,730.8,712.69,712.94,547,31234,0.1421
2025-08-22 15:10:00,23650,PE,158.23,161.31,158.89,159.44,369,29071,0.1413
2025-08-22 15:10:00,23700,CE,661.16,675.04,657.24,663.55,151,33669,0.1413
2025-08-22 15:10:00,23700,PE,162.37,167.44,162.91,164.57,448,31461,0.1344
2025-08-22 15:10:00,23750,CE,613.38,617.16,596.78,606.56,366,39585,0.1432
2025-08-22 15:10:00,23750,PE,173.21,176.31,171.27,171.83,165,36982,0.1427
2025-08-22 15:10:00,23800,CE,556.01,553.12,544.54,550.28,244,44458,0.1372
2025-08-22 15:10:00,23800,PE,170.62,170.78,168.99,169.82,197,37586,0.1427
2025-08-22 15:10:00,23850,CE,509.71,508.07,498.32,504.84,514,36676,0.1393
2025-08-22 15:10:00,23850,PE,174.14,173.76,169.11,171.98,614,39323,0.1385
2025-08-22 15:10:00,23900,CE,466.13,466.43,463.47,464.74,240,48138,0.1449
2025-08-22 15:10:00,23900,PE,148.06,148.17,147.35,147.4,602,39956,0.1384
2025-08-22 15:10:00,23950,CE,407.11,415.53,406.1,409.31,554,49353,0.1412
2025-08-22 15:10:00,23950,PE,148.83,151.0,148.08,148.83,202,47471,0.1447
2025-08-22 15:10:00,24000,CE,362.97,371.28,361.18,364.37,338,51922,0.1422
2025-08-22 15:10:00,24000,PE,160.58,161.81,158.8,160.48,979,54734,0.1362
2025-08-22 15:10:00,24050,CE,307.02,307.44,304.96,307.13,493,57896,0.1389
2025-08-22 15:10:00,24050,PE,165.06,168.63,165.58,165.85,942,55553,0.1422
2025-08-22 15:10:00,24100,CE,263.64,265.72,261.1,261.4,755,67985,0.1397
2025-08-22 15:10:00,24100,PE,159.23,159.63,157.07,158.99,1218,66047,0.1414
2025-08-22 15:10:00,24150,CE,211.44,214.22,210.75,211.11,271,75121,0.1431
2025-08-22 15:10:00,24150,PE,175.78,177.71,174.72,175.23,1310,71196,0.1425
2025-08-22 15:10:00,24200,CE,168.59,170.15,166.83,167.22,1237,82143,0.1391
2025-08-22 15:10:00,24200,PE,175.57,176.62,174.0,174.7,430,87428,0.1404
2025-08-22 15:10:00,24250,CE,160.72,161.11,157.23,159.24,294,76309,0.1402
2025-08-22 15:10:00,24250,PE,227.75,230.04,228.77,228.96,307,77063,0.1421
2025-08-22 15:10:00,24300,CE,150.86,150.39,148.63,150.36,1254,69166,0.1361
2025-08-22 15:10:00,24300,PE,257.28,258.8,250.54,255.57,894,63557,0.1437
2025-08-22 15:10:00,24350,CE,159.86,162.73,160.08,161.5,289,61398,0.14
2025-08-22 15:10:00,24350,PE,330.34,333.54,326.48,329.52,862,63415,0.1432
2025-08-22 15:10:00,24400,CE,169.4,170.54,168.76,169.75,302,56952,0.1411
2025-08-22 15:10:00,24400,PE,383.09,383.81,382.2,383.63,867,57906,0.1402
2025-08-22 15:10:00,24450,CE,175.28,180.35,176.9,176.98,897,54228,0.1394
2025-08-22 15:10:00,24450,PE,431.2,428.43,418.8,425.83,832,49210,0.1427
2025-08-22 15:10:00,24500,CE,164.49,167.22,161.99,165.22,201,50193,0.1375
2025-08-22 15:10:00,24500,PE,474.52,471.97,460.45,468.39,462,46016,0.1384
2025-08-22 15:10:00,24550,CE,161.63,164.47,161.1,163.14,100,41357,0.1393
2025-08-22 15:10:00,24550,PE,513.98,518.17,514.57,515.93,763,47781,0.1408
2025-08-22 15:10:00,24600,CE,165.44,167.45,166.96,167.27,490,32336,0.1405
2025-08-22 15:10:00,24600,PE,566.24,574.02,563.67,566.59,368,42301,0.1379
2025-08-22 15:10:00,24650,CE,169.69,169.3,168.78,168.96,289,40077,0.1402
2025-08-22 15:10:00,24650,PE,606.88,618.5,611.65,615.51,137,32277,0.1382
2025-08-22 15:10:00,24700,CE,157.86,163.54,159.54,159.78,625,35333,0.1412
2025-08-22 15:10:00,24700,PE,669.78,677.36,671.79,674.81,38,30011,0.1413
2025-08-22 15:10:00,24750,CE,153.25,156.04,152.82,153.31,379,31036,0.1371
2025-08-22 15:10:00,24750,PE,722.88,726.57,709.39,725.23,506,36552,0.1369
2025-08-22 15:10:00,24800,CE,175.73,179.74,173.4,175.28,92,27236,0.1444
2025-08-22 15:10:00,24800,PE,769.88,778.97,748.48,763.17,412,33359,0.1365
2025-08-22 15:10:00,24850,CE,173.21,176.84,171.94,173.99,417,32080,0.1392
2025-08-22 15:10:00,24850,PE,808.03,816.23,809.07,815.03,248,30726,0.1393
2025-08-22 15:10:00,24900,CE,172.54,174.08,170.65,172.11,477,27016,0.1422
2025-08-22 15:10:00,24900,PE,886.68,886.18,868.56,882.68,171,22909,0.1393
2025-08-22 15:15:00,23500,CE,855.32,853.58,836.32,847.44,85,31076,0.142
2025-08-22 15:15:00,23500,PE,154.62,159.42,154.55,156.05,440,28922,0.14
2025-08-22 15:15:00,23550,CE,807.94,817.72,808.78,812.36,386,34301,0.1384
2025-08-22 15:15:00,23550,PE,155.54,157.79,155.31,157.3,496,30344,0.1414
2025-08-22 15:15:00,23600,CE,740.22,748.14,736.36,741.18,574,31897,0.1379
2025-08-22 15:15:00,23600,PE,173.84,174.92,171.51,173.35,416,35731,0.1394
2025-08-22 15:15:00,23650,CE,711.62,733.8,703.26,708.48,415,31036,0.1412
2025-08-22 15:15:00,23650,PE,178.25,181.27,178.72,180.85,518,29235,0.1436
2025-08-22 15:15:00,23700,CE,662.31,658.26,655.5,657.17,196,34222,0.1422
2025-08-22 15:15:00,23700,PE,168.78,170.87,167.97,169.56,466,31375,0.1417
2025-08-22 15:15:00,23750,CE,605.77,607.21,593.03,602.59,104,40152,0.1425
2025-08-22 15:15:00,23750,PE,164.26,166.68,165.94,166.47,530,37183,0.1434
2025-08-22 15:15:00,23800,CE,554.21,562.91,553.09,559.29,628,44586,0.1427
2025-08-22 15:15:00,23800,PE,168.45,170.61,170.12,170.45,183,37270,0.1378
2025-08-22 15:15:00,23850,CE,505.26,514.65,501.24,510.83,76,36151,0.1434
2025-08-22 15:15:00,23850,PE,170.86,173.82,168.95,171.25,595,39745,0.1398
2025-08-22 15:15:00,23900,CE,464.83,472.89,461.57,464.5,157,48226,0.142
2025-08-22 15:15:00,23900,PE,168.02,171.53,168.07,168.39,122,39853,0.1401
2025-08-22 15:15:00,23950,CE,406.94,415.28,407.7,412.6,770,49727,0.1427
2025-08-22 15:15:00,23950,PE,160.53,160.33,156.03,158.48,921,47243,0.1407
2025-08-22 15:15:00,24000,CE,350.87,349.11,343.97,346.67,1020,52262,0.1397
2025-08-22 15:15:00,24000,PE,166.6,170.25,167.55,167.63,375,54527,0.1417
2025-08-22 15:15:00,24050,CE,291.75,294.39,290.97,292.09,147,58401,0.1351
2025-08-22 15:15:00,24050,PE,172.54,178.14,170.28,173.71,260,55274,0.1425
2025-08-22 15:15:00,24100,CE,258.24,258.1,256.37,257.77,578,67550,0.1422
2025-08-22 15:15:00,24100,PE,154.55,153.95,152.81,153.52,1107,66284,0.1407
2025-08-22 15:15:00,24150,CE,212.15,216.46,214.33,216.46,270,74716,0.141
2025-08-22 15:15:00,24150,PE,164.99,166.92,164.66,165.56,59,71735,0.1384
2025-08-22 15:15:00,24200,CE,166.97,170.2,167.08,167.97,765,82329,0.1404
2025-08-22 15:15:00,24200,PE,198.31,196.21,192.87,194.87,282,87105,0.1443
2025-08-22 15:15:00,24250,CE,162.0,163.48,160.69,163.26,806,75959,0.1429
2025-08-22 15:15:00,24250,PE,229.72,231.43,223.68,229.36,908,77571,0.1402
2025-08-22 15:15:00,24300,CE,172.44,172.56,171.89,172.1,405,69295,0.1417
2025-08-22 15:15:00,24300,PE,277.2,286.63,274.73,278.23,1173,64029,0.141
2025-08-22 15:15:00,24350,CE,159.15,160.07,158.96,159.84,27,60930,0.1378
2025-08-22 15:15:00,24350,PE,325.95,333.01,328.59,329.59,1119,63925,0.1396
2025-08-22 15:15:00,24400,CE,175.56,177.85,176.69,177.22,339,56976,0.1442
2025-08-22 15:15:00,24400,PE,384.82,386.17,381.71,384.84,590,58108,0.1413
2025-08-22 15:15:00,24450,CE,161.04,161.67,159.3,160.51,697,54075,0.1399
2025-08-22 15:15:00,24450,PE,435.22,440.86,430.62,437.54,824,48680,0.1408
2025-08-22 15:15:00,24500,CE,160.47,160.65,155.51,158.66,40,50742,0.1387
2025-08-22 15:15:00,24500,PE,482.0,483.58,481.07,481.39,161,46609,0.1421
2025-08-22 15:15:00,24550,CE,166.9,167.49,164.89,166.19,232,41194,0.1423
2025-08-22 15:15:00,24550,PE,529.7,535.86,527.76,529.9,34,48313,0.1395
2025-08-22 15:15:00,24600,CE,170.93,171.59,169.82,170.5,267,31937,0.1432
2025-08-22 15:15:00,24600,PE,576.15,579.74,572.31,576.5,356,41886,0.141
2025-08-22 15:15:00,24650,CE,164.11,167.06,165.18,165.36,535,39564,0.1387
2025-08-22 15:15:00,24650,PE,639.51,630.68,627.17,630.55,342,32146,0.1423
2025-08-22 15:15:00,24700,CE,154.74,157.75,153.46,155.36,33,34795,0.1402
2025-08-22 15:15:00,24700,PE,678.3,683.3,676.53,678.25,333,29884,0.1424
2025-08-22 15:15:00,24750,CE,169.81,171.76,166.95,169.06,85,30602,0.1386
2025-08-22 15:15:00,24750,PE,718.95,739.45,711.16,717.83,480,36828,0.1386
2025-08-22 15:15:00,24800,CE,152.98,153.57,148.84,151.24,344,27636,0.1391
2025-08-22 15:15:00,24800,PE,772.55,786.78,765.39,770.4,47,33584,0.1412
2025-08-22 15:15:00,24850,CE,164.69,165.71,165.01,165.06,401,31720,0.1406
2025-08-22 15:15:00,24850,PE,824.5,835.72,821.83,830.06,289,31046,0.1404
2025-08-22 15:15:00,24900,CE,162.69,165.4,163.14,163.55,307,26715,0.1407
2025-08-22 15:15:00,24900,PE,863.02,894.1,870.94,878.46,338,23220,0.1412
2025-08-22 15:20:00,23500,CE,888.77,901.79,888.5,896.1,13,31156,0.1415
2025-08-22 15:20:00,23500,PE,168.06,170.48,166.46,168.26,257,28762,0.1448
2025-08-22 15:20:00,23550,CE,851.64,848.64,830.78,842.24,31,33801,0.1366
2025-08-22 15:20:00,23550,PE,158.85,158.1,153.56,156.29,398,30737,0.1386
2025-08-22 15:20:00,23600,CE,802.25,817.18,787.06,793.59,239,32424,0.1396
2025-08-22 15:20:00,23600,PE,170.1,171.32,168.97,170.07,518,35930,0.1437
2025-08-22 15:20:00,23650,CE,741.62,742.5,730.29,731.71,347,31593,0.1403
2025-08-22 15:20:00,23650,PE,181.33,183.97,180.94,181.08,364,29755,0.1411
2025-08-22 15:20:00,23700,CE,680.69,691.29,674.4,682.57,615,33855,0.1389
2025-08-22 15:20:00,23700,PE,152.63,152.04,151.0,151.51,418,31652,0.1413
2025-08-22 15:20:00,23750,CE,643.66,645.2,634.41,641.51,551,39971,0.1416
2025-08-22 15:20:00,23750,PE,160.68,162.08,157.24,162.0,579,37168,0.1378
2025-08-22 15:20:00,23800,CE,580.06,587.18,574.88,586.38,285,44174,0.1446
2025-08-22 15:20:00,23800,PE,162.93,166.21,161.94,163.85,238,37839,0.1415
2025-08-22 15:20:00,23850,CE,530.35,536.23,526.71,530.61,558,36422,0.1379
2025-08-22 15:20:00,23850,PE,152.98,154.4,152.1,153.29,695,39465,0.1392
2025-08-22 15:20:00,23900,CE,481.98,494.34,478.47,482.36,559,48071,0.1417
2025-08-22 15:20:00,23900,PE,165.63,165.81,165.21,165.42,713,39759,0.1408
2025-08-22 15:20:00,23950,CE,433.66,446.04,433.36,439.32,785,50024,0.143
2025-08-22 15:20:00,23950,PE,172.76,174.23,171.59,173.13,710,47753,0.143
2025-08-22 15:20:00,24000,CE,377.43,384.57,375.83,377.64,801,52047,0.1416
2025-08-22 15:20:00,24000,PE,160.31,161.19,159.75,160.37,534,54494,0.1404
2025-08-22 15:20:00,24050,CE,325.6,327.72,323.35,326.84,89,58512,0.1394
2025-08-22 15:20:00,24050,PE,161.77,164.9,161.74,163.55,501,55146,0.1401
2025-08-22 15:20:00,24100,CE,280.1,279.53,277.15,277.48,157,67555,0.1402
2025-08-22 15:20:00,24100,PE,166.63,169.48,166.6,167.86,740,65810,0.1418
2025-08-22 15:20:00,24150,CE,235.43,238.56,236.18,237.05,927,74317,0.1419
2025-08-22 15:20:00,24150,PE,141.86,142.23,137.84,140.93,229,71616,0.1383
2025-08-22 15:20:00,24200,CE,189.83,190.91,189.6,190.27,675,82826,0.1409
2025-08-22 15:20:00,24200,PE,161.18,159.52,159.4,159.49,140,86924,0.1388
2025-08-22 15:20:00,24250,CE,154.62,158.52,156.35,157.92,1191,75658,0.1423
2025-08-22 15:20:00,24250,PE,201.43,202.16,201.18,201.97,1582,77862,0.1405
2025-08-22 15:20:00,24300,CE,158.72,163.53,160.13,160.67,1314,69833,0.1382
2025-08-22 15:20:00,24300,PE,253.53,259.13,253.62,256.59,172,63979,0.1405
2025-08-22 15:20:00,24350,CE,162.34,164.73,162.22,163.47,912,60340,0.1405
2025-08-22 15:20:00,24350,PE,294.43,292.67,286.34,291.69,562,64150,0.1402
2025-08-22 15:20:00,24400,CE,164.78,165.8,162.41,164.56,865,56874,0.1346
2025-08-22 15:20:00,24400,PE,358.26,362.9,354.91,357.67,939,58316,0.142
2025-08-22 15:20:00,24450,CE,159.32,162.4,161.14,161.69,59,53808,0.1366
2025-08-22 15:20:00,24450,PE,408.36,410.96,407.1,408.88,920,48082,0.139
2025-08-22 15:20:00,24500,CE,155.31,158.99,154.92,155.95,109,50555,0.1409
2025-08-22 15:20:00,24500,PE,445.06,455.43,452.16,452.39,887,46854,0.1437
2025-08-22 15:20:00,24550,CE,159.13,160.39,156.53,158.29,132,41065,0.1383
2025-08-22 15:20:00,24550,PE,487.38,494.57,485.78,486.6,770,47976,0.1377
2025-08-22 15:20:00,24600,CE,161.03,159.87,159.42,159.5,440,31893,0.1409
2025-08-22 15:20:00,24600,PE,537.1,553.07,539.31,539.85,579,42188,0.1416
2025-08-22 15:20:00,24650,CE,160.35,159.2,155.87,158.01,588,39107,0.1381
2025-08-22 15:20:00,24650,PE,599.34,605.26,591.84,600.04,325,32376,0.1386
2025-08-22 15:20:00,24700,CE,163.39,163.24,162.17,163.19,281,34995,0.1375
2025-08-22 15:20:00,24700,PE,651.58,655.44,646.95,649.29,422,29728,0.1421
2025-08-22 15:20:00,24750,CE,172.6,174.19,171.19,173.51,70,31166,0.1394
2025-08-22 15:20:00,24750,PE,710.2,700.53,685.36,698.09,511,37301,0.1417
2025-08-22 15:20:00,24800,CE,172.39,175.73,172.37,172.64,180,27415,0.1406
2025-08-22 15:20:00,24800,PE,757.08,754.74,752.94,753.31,194,33021,0.1378
2025-08-22 15:20:00,24850,CE,165.46,164.3,163.91,164.11,100,31489,0.1382
2025-08-22 15:20:00,24850,PE,800.0,799.34,788.33,793.01,542,30691,0.1391
2025-08-22 15:20:00,24900,CE,169.63,172.3,170.35,171.7,268,26771,0.1398
2025-08-22 15:20:00,24900,PE,838.87,849.36,828.44,838.25,192,23722,0.137
2025-08-22 15:25:00,23500,CE,876.85,882.84,869.62,875.69,54,31600,0.1426
2025-08-22 15:25:00,23500,PE,168.49,168.9,167.75,168.08,378,28528,0.1422
2025-08-22 15:25:00,23550,CE,819.27,822.86,810.32,821.56,410,33715,0.1412
2025-08-22 15:25:00,23550,PE,142.7,147.91,142.78,143.78,517,30180,0.1388
2025-08-22 15:25:00,23600,CE,769.94,787.59,771.57,773.0,25,32476,0.1439
2025-08-22 15:25:00,23600,PE,156.36,158.79,156.07,158.4,524,35406,0.1394
2025-08-22 15:25:00,23650,CE,738.65,745.39,736.87,739.37,465,32119,0.1423
2025-08-22 15:25:00,23650,PE,167.66,169.81,168.93,169.73,294,30195,0.1372
2025-08-22 15:25:00,23700,CE,674.84,684.61,675.87,679.26,481,33512,0.1416
2025-08-22 15:25:00,23700,PE,159.04,157.49,156.9,157.13,542,31891,0.1338
2025-08-22 15:25:00,23750,CE,625.02,634.64,623.67,631.54,19,40052,0.1405
2025-08-22 15:25:00,23750,PE,163.6,163.41,161.13,162.63,446,37529,0.1429
2025-08-22 15:25:00,23800,CE,572.22,580.54,574.2,575.55,562,44144,0.141
2025-08-22 15:25:00,23800,PE,172.72,172.74,170.09,170.29,225,37469,0.1406
2025-08-22 15:25:00,23850,CE,515.02,524.42,514.92,514.97,81,36589,0.139
2025-08-22 15:25:00,23850,PE,160.17,166.33,159.45,161.65,751,38961,0.1408
2025-08-22 15:25:00,23900,CE,470.5,481.29,470.5,477.04,600,48172,0.1403
2025-08-22 15:25:00,23900,PE,173.39,174.05,171.32,172.58,157,39414,0.138
2025-08-22 15:25:00,23950,CE,424.28,438.83,430.11,431.94,274,50245,0.1401
2025-08-22 15:25:00,23950,PE,161.64,165.16,160.51,160.59,287,48146,0.1406
2025-08-22 15:25:00,24000,CE,379.28,382.71,377.73,377.84,388,51578,0.1417
2025-08-22 15:25:00,24000,PE,172.36,173.65,171.37,172.47,112,54374,0.1451
2025-08-22 15:25:00,24050,CE,324.92,334.19,320.79,327.46,475,58792,0.1406
2025-08-22 15:25:00,24050,PE,165.49,167.13,165.61,166.15,554,54742,0.1405
2025-08-22 15:25:00,24100,CE,279.14,278.57,275.02,277.75,290,67634,0.1383
2025-08-22 15:25:00,24100,PE,174.34,175.33,171.99,173.16,443,66016,0.1423
2025-08-22 15:25:00,24150,CE,243.15,242.65,238.93,239.86,1362,74142,0.14
2025-08-22 15:25:00,24150,PE,168.14,172.82,166.71,167.94,824,72014,0.1393
2025-08-22 15:25:00,24200,CE,169.42,170.37,168.48,169.73,386,82838,0.1398
2025-08-22 15:25:00,24200,PE,173.02,172.71,170.88,171.8,547,87076,0.1401
2025-08-22 15:25:00,24250,CE,165.24,166.81,165.13,165.52,1180,75227,0.1417
2025-08-22 15:25:00,24250,PE,203.76,208.1,206.98,207.01,316,77289,0.1434
2025-08-22 15:25:00,24300,CE,167.29,171.0,166.57,166.71,38,69293,0.1399
2025-08-22 15:25:00,24300,PE,272.73,273.59,266.54,270.07,970,64463,0.1409
2025-08-22 15:25:00,24350,CE,160.38,161.55,156.26,158.87,503,60799,0.1383
2025-08-22 15:25:00,24350,PE,314.61,316.91,313.19,314.09,880,64519,0.1427
2025-08-22 15:25:00,24400,CE,158.12,159.93,155.25,158.61,797,56513,0.1392
2025-08-22 15:25:00,24400,PE,368.28,374.22,367.83,370.46,569,58346,0.1422
2025-08-22 15:25:00,24450,CE,180.27,183.9,179.69,180.56,626,54163,0.1404
2025-08-22 15:25:00,24450,PE,403.34,407.22,403.05,406.25,123,48291,0.1409
2025-08-22 15:25:00,24500,CE,158.8,159.67,158.34,158.38,737,50093,0.1408
2025-08-22 15:25:00,24500,PE,454.35,455.63,443.07,448.34,374,47328,0.1424
2025-08-22 15:25:00,24550,CE,157.35,158.4,157.21,157.28,32,40657,0.138
2025-08-22 15:25:00,24550,PE,502.27,508.42,505.63,506.86,654,47582,0.1385
2025-08-22 15:25:00,24600,CE,163.35,164.83,162.97,164.73,530,32374,0.1417
2025-08-22 15:25:00,24600,PE,536.83,547.23,537.23,543.53,380,42169,0.1399
2025-08-22 15:25:00,24650,CE,174.79,177.62,175.43,176.36,305,38954,0.1405
2025-08-22 15:25:00,24650,PE,604.51,612.82,599.61,609.49,272,32440,0.1362
2025-08-22 15:25:00,24700,CE,160.06,164.39,158.12,159.44,585,35572,0.1379
2025-08-22 15:25:00,24700,PE,665.65,673.67,660.4,669.08,566,29271,0.1424
2025-08-22 15:25:00,24750,CE,158.06,157.0,152.7,156.4,194,31474,0.1383
2025-08-22 15:25:00,24750,PE,716.0,720.98,701.09,708.17,338,37102,0.139
2025-08-22 15:25:00,24800,CE,170.18,171.12,168.8,168.87,185,26955,0.1402
2025-08-22 15:25:00,24800,PE,751.53,780.95,761.0,763.26,198,32927,0.1394
2025-08-22 15:25:00,24850,CE,164.07,164.82,163.34,164.44,232,31547,0.1406
2025-08-22 15:25:00,24850,PE,810.03,816.29,811.02,815.97,155,30338,0.1455
2025-08-22 15:25:00,24900,CE,162.49,164.68,162.47,162.59,459,26657,0.1408
2025-08-22 15:25:00,24900,PE,856.73,856.11,837.15,853.04,137,23884,0.1401
