timestamp,strike,side,open,high,low,close,volume,oi,iv
2025-08-26 09:00:00,23500,CE,850.55,855.57,845.2,850.89,0,21922,0.1949
2025-08-26 09:00:00,23500,PE,130.52,134.03,128.48,130.57,0,21229,0.2013
2025-08-26 09:00:00,23550,CE,799.9,820.04,800.62,803.91,0,19398,0.194
2025-08-26 09:00:00,23550,PE,141.91,141.12,139.24,139.87,0,22015,0.1936
2025-08-26 09:00:00,23600,CE,750.22,770.19,760.07,760.13,0,22749,0.1962
2025-08-26 09:00:00,23600,PE,136.21,136.84,133.18,135.51,0,23866,0.2008
2025-08-26 09:00:00,23650,CE,695.65,702.08,684.74,700.19,0,23171,0.1955
2025-08-26 09:00:00,23650,PE,133.44,135.27,133.24,133.61,0,23107,0.1985
2025-08-26 09:00:00,23700,CE,650.05,673.46,644.64,651.18,0,24996,0.1937
2025-08-26 09:00:00,23700,PE,138.71,139.72,138.05,139.65,0,23061,0.197
2025-08-26 09:00:00,23750,CE,600.12,608.43,603.76,603.85,0,26826,0.1969
2025-08-26 09:00:00,23750,PE,128.28,130.79,127.05,128.21,0,25832,0.1985
2025-08-26 09:00:00,23800,CE,549.51,555.14,537.64,551.22,0,26141,0.1978
2025-08-26 09:00:00,23800,PE,135.08,137.01,131.94,135.2,0,28650,0.1958
2025-08-26 09:00:00,23850,CE,500.96,500.76,497.36,499.12,0,28188,0.1889
2025-08-26 09:00:00,23850,PE,127.28,127.7,125.32,126.66,0,30569,0.1957
2025-08-26 09:00:00,23900,CE,456.7,460.88,450.54,455.35,0,30199,0.1979
2025-08-26 09:00:00,23900,PE,125.71,127.2,124.48,125.31,0,31062,0.1952
2025-08-26 09:00:00,23950,CE,400.36,410.21,400.14,405.68,0,33120,0.1984
2025-08-26 09:00:00,23950,PE,146.48,148.01,144.11,145.01,0,34302,0.1972
2025-08-26 09:00:00,24000,CE,346.5,351.25,345.39,348.64,0,34738,0.1948
2025-08-26 09:00:00,24000,PE,133.81,135.12,134.45,134.84,0,34981,0.1962
2025-08-26 09:00:00,24050,CE,296.05,300.08,294.77,295.39,0,37831,0.1928
2025-08-26 09:00:00,24050,PE,132.99,135.13,132.89,133.82,0,37984,0.1986
2025-08-26 09:00:00,24100,CE,258.52,259.55,252.53,256.71,0,42512,0.1982
2025-08-26 09:00:00,24100,PE,131.55,133.44,130.55,132.33,0,43046,0.1947
2025-08-26 09:00:00,24150,CE,200.84,204.27,198.74,199.88,0,48543,0.1978
2025-08-26 09:00:00,24150,PE,134.82,138.61,134.0,134.7,0,46776,0.1972
2025-08-26 09:00:00,24200,CE,153.37,155.65,150.9,153.29,0,52119,0.194
2025-08-26 09:00:00,24200,PE,136.68,137.9,136.9,137.1,0,51124,0.1966
2025-08-26 09:00:00,24250,CE,129.34,129.06,128.63,129.01,0,49700,0.195
2025-08-26 09:00:00,24250,PE,156.95,157.47,156.26,157.28,0,52350,0.194
2025-08-26 09:00:00,24300,CE,134.08,133.68,131.58,133.52,0,46671,0.196
2025-08-26 09:00:00,24300,PE,210.26,214.78,211.26,214.3,0,46268,0.1952
2025-08-26 09:00:00,24350,CE,129.62,131.66,129.29,129.71,0,41696,0.1979
2025-08-26 09:00:00,24350,PE,258.76,266.33,260.69,261.74,0,42001,0.1962
2025-08-26 09:00:00,24400,CE,138.69,137.91,137.16,137.55,0,39789,0.1982
2025-08-26 09:00:00,24400,PE,308.33,310.78,309.77,309.79,0,37164,0.1921
2025-08-26 09:00:00,24450,CE,140.08,139.88,138.31,139.58,0,35433,0.1976
2025-08-26 09:00:00,24450,PE,367.27,365.9,362.56,364.27,0,34402,0.1958
2025-08-26 09:00:00,24500,CE,137.29,138.66,136.27,136.45,0,31313,0.198
2025-08-26 09:00:00,24500,PE,417.24,418.62,414.54,415.61,0,33664,0.1945
2025-08-26 09:00:00,24550,CE,141.62,143.49,139.54,143.02,0,31510,0.1962
2025-08-26 09:00:00,24550,PE,458.74,456.61,452.18,455.67,0,32098,0.1963
2025-08-26 09:00:00,24600,CE,127.28,126.3,124.66,124.92,0,26850,0.1977
2025-08-26 09:00:00,24600,PE,520.01,520.9,513.84,516.94,0,27473,0.1952
2025-08-26 09:00:00,24650,CE,126.37,126.42,125.55,126.12,0,27364,0.1932
2025-08-26 09:00:00,24650,PE,566.43,577.73,561.82,562.63,0,28315,0.1966
2025-08-26 09:00:00,24700,CE,125.87,125.53,123.57,124.52,0,27317,0.1971
2025-08-26 09:00:00,24700,PE,605.18,610.64,600.24,604.59,0,26709,0.1962
2025-08-26 09:00:00,24750,CE,131.29,134.27,129.64,130.94,0,25826,0.1961
2025-08-26 09:00:00,24750,PE,648.46,672.38,654.1,661.6,0,25466,0.1955
2025-08-26 09:00:00,24800,CE,137.81,139.11,137.61,138.05,0,22255,0.1992
2025-08-26 09:00:00,24800,PE,717.7,726.12,705.64,713.56,0,23319,0.1973
2025-08-26 09:00:00,24850,CE,129.69,129.56,129.17,129.19,0,22435,0.1978
2025-08-26 09:00:00,24850,PE,758.58,765.19,762.26,763.15,0,21301,0.1964
2025-08-26 09:00:00,24900,CE,132.01,132.57,130.37,131.38,0,22438,0.1947
2025-08-26 09:00:00,24900,PE,810.34,811.6,796.66,806.86,0,21980,0.192
2025-08-26 09:05:00,23500,CE,858.41,863.22,858.43,859.96,0,20228,0.196
2025-08-26 09:05:00,23500,PE,137.04,139.38,136.81,137.25,0,20080,0.198
2025-08-26 09:05:00,23550,CE,819.24,816.71,802.3,810.21,0,22258,0.1959
2025-08-26 09:05:00,23550,PE,129.63,132.81,130.94,131.16,0,19975,0.1986
2025-08-26 09:05:00,23600,CE,749.87,759.39,751.98,752.83,0,20980,0.1993
2025-08-26 09:05:00,23600,PE,136.3,135.95,135.24,135.44,0,21715,0.1977
2025-08-26 09:05:00,23650,CE,715.31,714.62,713.07,713.11,0,21736,0.1953
2025-08-26 09:05:00,23650,PE,129.65,129.67,128.93,128.94,0,23056,0.1966
2025-08-26 09:05:00,23700,CE,649.01,653.15,646.08,650.63,0,24195,0.1971
2025-08-26 09:05:00,23700,PE,132.75,132.53,130.7,132.39,0,24487,0.1992
2025-08-26 09:05:00,23750,CE,621.25,632.57,608.44,612.21,0,25691,0.1998
2025-08-26 09:05:00,23750,PE,135.11,137.41,133.8,135.55,0,27435,0.1956
2025-08-26 09:05:00,23800,CE,564.5,568.41,555.0,560.06,0,26488,0.1984
2025-08-26 09:05:00,23800,PE,140.11,140.87,137.96,138.7,0,27034,0.1971
2025-08-26 09:05:00,23850,CE,519.84,520.53,514.42,520.02,0,30083,0.2009
2025-08-26 09:05:00,23850,PE,131.37,133.04,132.09,132.37,0,28270,0.1946
2025-08-26 09:05:00,23900,CE,467.28,468.81,466.02,467.22,0,31734,0.1979
2025-08-26 09:05:00,23900,PE,136.58,135.86,133.94,135.3,0,32957,0.1984
2025-08-26 09:05:00,23950,CE,404.28,408.07,398.07,405.09,0,32874,0.2005
2025-08-26 09:05:00,23950,PE,132.67,134.65,131.77,134.34,0,32340,0.1956
2025-08-26 09:05:00,24000,CE,351.83,362.13,351.58,351.64,0,34754,0.1952
2025-08-26 09:05:00,24000,PE,131.73,130.68,128.23,129.61,0,34038,0.1959
2025-08-26 09:05:00,24050,CE,304.5,303.97,300.34,302.71,0,38198,0.1979
2025-08-26 09:05:00,24050,PE,133.79,136.82,135.13,136.01,0,40461,0.1971
2025-08-26 09:05:00,24100,CE,253.74,263.32,256.92,258.48,0,41719,0.1968
2025-08-26 09:05:00,24100,PE,124.92,129.64,124.35,125.42,0,44518,0.1954
2025-08-26 09:05:00,24150,CE,199.82,201.11,197.74,200.79,0,48900,0.1958
2025-08-26 09:05:00,24150,PE,145.5,145.84,143.38,145.06,0,47817,0.1996
2025-08-26 09:05:00,24200,CE,144.04,142.57,141.9,142.08,0,54403,0.1998
2025-08-26 09:05:00,24200,PE,133.78,134.76,132.48,133.51,0,52110,0.193
2025-08-26 09:05:00,24250,CE,141.07,143.27,140.43,140.85,0,53130,0.1972
2025-08-26 09:05:00,24250,PE,163.66,162.66,161.28,162.54,0,51480,0.194
2025-08-26 09:05:00,24300,CE,134.25,136.81,134.77,135.85,0,44463,0.1972
2025-08-26 09:05:00,24300,PE,206.37,212.25,206.51,206.72,0,47468,0.1977
2025-08-26 09:05:00,24350,CE,136.97,139.97,135.65,136.87,0,43721,0.1983
2025-08-26 09:05:00,24350,PE,269.63,273.73,269.57,269.77,0,43461,0.1954
2025-08-26 09:05:00,24400,CE,150.15,150.21,145.84,147.0,0,38074,0.1957
2025-08-26 09:05:00,24400,PE,315.11,318.45,313.9,316.91,0,36817,0.1988
2025-08-26 09:05:00,24450,CE,125.91,129.9,126.05,127.35,0,35779,0.1965
2025-08-26 09:05:00,24450,PE,370.96,368.79,365.49,368.44,0,36909,0.1963
2025-08-26 09:05:00,24500,CE,138.22,138.57,137.18,137.93,0,34256,0.1943
2025-08-26 09:05:00,24500,PE,409.07,415.97,409.85,412.76,0,33363,0.1989
2025-08-26 09:05:00,24550,CE,138.29,139.37,137.68,138.27,0,31836,0.1969
2025-08-26 09:05:00,24550,PE,459.16,467.19,458.93,461.23,0,28820,0.1986
2025-08-26 09:05:00,24600,CE,134.06,137.65,135.7,135.89,0,29258,0.1945
2025-08-26 09:05:00,24600,PE,523.22,537.45,514.43,522.3,0,27198,0.2006
2025-08-26 09:05:00,24650,CE,131.41,130.94,129.85,130.71,0,28063,0.1973
2025-08-26 09:05:00,24650,PE,568.94,585.23,568.56,573.2,0,25248,0.1942
2025-08-26 09:05:00,24700,CE,131.22,131.57,129.93,130.36,0,25936,0.1985
2025-08-26 09:05:00,24700,PE,623.68,622.83,616.02,620.18,0,27351,0.1953
2025-08-26 09:05:00,24750,CE,139.16,139.96,138.6,138.92,0,22654,0.197
2025-08-26 09:05:00,24750,PE,655.7,670.03,659.03,659.08,0,23913,0.195
2025-08-26 09:05:00,24800,CE,129.75,131.96,128.92,129.57,0,21156,0.1948
2025-08-26 09:05:00,24800,PE,704.14,713.49,703.18,704.98,0,23855,0.1948
2025-08-26 09:05:00,24850,CE,125.68,127.8,125.28,127.6,0,23595,0.1942
2025-08-26 09:05:00,24850,PE,762.07,774.94,763.31,765.87,0,19900,0.1969
2025-08-26 09:05:00,24900,CE,129.01,130.88,129.05,130.31,0,21079,0.1934
2025-08-26 09:05:00,24900,PE,827.27,816.07,810.45,810.81,0,22068,0.2012
2025-08-26 09:10:00,23500,CE,855.43,872.96,857.8,858.98,0,18262,0.1987
2025-08-26 09:10:00,23500,PE,131.5,133.19,131.83,132.97,0,20089,0.1983
2025-08-26 09:10:00,23550,CE,793.72,806.63,799.76,803.45,0,19603,0.1972
2025-08-26 09:10:00,23550,PE,129.97,132.91,129.28,130.65,0,22782,0.1954
2025-08-26 09:10:00,23600,CE,748.87,762.22,748.89,754.35,0,22143,0.2011
2025-08-26 09:10:00,23600,PE,133.46,136.01,131.05,133.01,0,22189,0.1913
2025-08-26 09:10:00,23650,CE,701.78,718.32,705.36,706.46,0,25214,0.1992
2025-08-26 09:10:00,23650,PE,136.48,135.98,135.14,135.6,0,24381,0.1953
2025-08-26 09:10:00,23700,CE,664.24,663.79,647.66,654.42,0,23721,0.1995
2025-08-26 09:10:00,23700,PE,131.68,132.81,129.3,129.58,0,24983,0.1946
2025-08-26 09:10:00,23750,CE,604.88,616.2,594.68,606.09,0,25032,0.1967
2025-08-26 09:10:00,23750,PE,138.37,140.62,137.57,137.99,0,25927,0.1974
2025-08-26 09:10:00,23800,CE,553.48,550.91,540.45,549.47,0,28639,0.1968
2025-08-26 09:10:00,23800,PE,131.82,132.05,131.0,131.23,0,29182,0.1978
2025-08-26 09:10:00,23850,CE,504.83,511.26,502.55,503.95,0,30937,0.1966
2025-08-26 09:10:00,23850,PE,143.58,143.11,141.19,141.51,0,29113,0.1973
2025-08-26 09:10:00,23900,CE,451.3,460.94,444.36,451.37,0,32688,0.1944
2025-08-26 09:10:00,23900,PE,133.14,131.69,131.59,131.6,0,32677,0.1951
2025-08-26 09:10:00,23950,CE,406.65,405.83,405.26,405.81,0,33558,0.1955
2025-08-26 09:10:00,23950,PE,137.84,139.78,137.98,138.71,0,31517,0.1957
2025-08-26 09:10:00,24000,CE,355.75,359.22,354.65,357.52,0,34470,0.2
2025-08-26 09:10:00,24000,PE,118.29,119.67,116.4,117.13,0,36623,0.1964
2025-08-26 09:10:00,24050,CE,309.05,312.68,308.81,309.79,0,40383,0.1965
2025-08-26 09:10:00,24050,PE,137.74,139.54,138.06,138.22,0,40708,0.1977
2025-08-26 09:10:00,24100,CE,253.47,259.03,253.55,255.9,0,41673,0.1969
2025-08-26 09:10:00,24100,PE,134.31,132.93,130.15,132.6,0,44298,0.1963
2025-08-26 09:10:00,24150,CE,202.0,203.42,200.98,201.63,0,48395,0.1979
2025-08-26 09:10:00,24150,PE,131.07,133.5,128.49,130.39,0,47029,0.1967
2025-08-26 09:10:00,24200,CE,159.71,160.7,156.59,159.45,0,51976,0.1969
2025-08-26 09:10:00,24200,PE,128.07,128.62,127.77,128.31,0,52368,0.1964
2025-08-26 09:10:00,24250,CE,135.18,137.67,135.11,135.15,0,52006,0.1974
2025-08-26 09:10:00,24250,PE,174.36,174.04,173.15,173.96,0,52547,0.1974
2025-08-26 09:10:00,24300,CE,125.81,127.98,124.93,126.77,0,44826,0.196
2025-08-26 09:10:00,24300,PE,219.15,219.71,215.39,218.3,0,45480,0.1956
2025-08-26 09:10:00,24350,CE,123.75,125.48,124.23,124.96,0,40400,0.1961
2025-08-26 09:10:00,24350,PE,264.28,265.81,265.01,265.38,0,43668,0.1974
2025-08-26 09:10:00,24400,CE,117.11,118.31,116.35,116.6,0,38035,0.1938
2025-08-26 09:10:00,24400,PE,319.15,326.03,315.34,316.37,0,37409,0.1973
2025-08-26 09:10:00,24450,CE,134.71,138.7,134.49,135.05,0,34251,0.1949
2025-08-26 09:10:00,24450,PE,355.95,358.18,352.37,354.17,0,33735,0.1964
2025-08-26 09:10:00,24500,CE,128.95,131.03,128.96,130.63,0,32779,0.1972
2025-08-26 09:10:00,24500,PE,408.45,412.96,407.45,411.34,0,33981,0.1958
2025-08-26 09:10:00,24550,CE,133.17,133.5,131.78,132.24,0,29983,0.1975
2025-08-26 09:10:00,24550,PE,464.47,471.77,465.56,469.69,0,30309,0.1943
2025-08-26 09:10:00,24600,CE,133.43,134.6,132.27,133.78,0,29310,0.196
2025-08-26 09:10:00,24600,PE,503.28,503.3,498.2,501.31,0,28188,0.1934
2025-08-26 09:10:00,24650,CE,138.93,140.78,135.29,137.53,0,28022,0.1962
2025-08-26 09:10:00,24650,PE,562.27,575.81,555.12,561.3,0,26349,0.1977
2025-08-26 09:10:00,24700,CE,134.53,137.8,136.06,136.13,0,25341,0.1941
2025-08-26 09:10:00,24700,PE,611.72,625.16,615.1,615.35,0,27478,0.1953
2025-08-26 09:10:00,24750,CE,138.86,140.99,140.01,140.93,0,25551,0.1918
2025-08-26 09:10:00,24750,PE,666.27,682.0,665.76,671.21,0,24493,0.1952
2025-08-26 09:10:00,24800,CE,138.9,140.87,137.45,138.55,0,22560,0.1962
2025-08-26 09:10:00,24800,PE,705.07,719.55,712.76,713.77,0,24960,0.1967
2025-08-26 09:10:00,24850,CE,142.29,143.97,143.51,143.66,0,21744,0.1959
2025-08-26 09:10:00,24850,PE,754.74,758.45,753.95,757.5,0,21268,0.2014
2025-08-26 09:10:00,24900,CE,129.72,133.8,131.17,132.45,0,21280,0.1943
2025-08-26 09:10:00,24900,PE,817.51,828.43,807.12,813.49,0,20551,0.1938
2025-08-26 09:15:00,23500,CE,835.04,844.85,833.3,840.74,444,26357,0.1757
2025-08-26 09:15:00,23500,PE,118.5,120.93,118.99,119.13,32,27669,0.1749
2025-08-26 09:15:00,23550,CE,795.26,801.04,781.71,798.76,498,26821,0.1768
2025-08-26 09:15:00,23550,PE,118.84,119.69,118.7,118.86,426,26452,0.1748
2025-08-26 09:15:00,23600,CE,742.76,764.33,737.94,742.49,313,30668,0.1776
2025-08-26 09:15:00,23600,PE,115.94,114.39,113.77,114.23,96,32426,0.1744
2025-08-26 09:15:00,23650,CE,692.71,704.9,694.78,695.78,110,32235,0.1777
2025-08-26 09:15:00,23650,PE,124.16,124.56,122.24,123.47,332,32721,0.1738
2025-08-26 09:15:00,23700,CE,644.69,649.6,645.93,646.09,29,34137,0.1764
2025-08-26 09:15:00,23700,PE,115.2,115.76,113.86,115.06,411,34624,0.1759
2025-08-26 09:15:00,23750,CE,595.74,613.11,599.27,601.27,488,38191,0.1789
2025-08-26 09:15:00,23750,PE,126.6,126.83,124.83,126.38,128,38360,0.178
2025-08-26 09:15:00,23800,CE,543.99,552.74,545.5,547.35,638,40906,0.1751
2025-08-26 09:15:00,23800,PE,114.55,116.26,115.91,116.13,608,37152,0.174
2025-08-26 09:15:00,23850,CE,485.94,494.5,487.04,488.57,504,41285,0.1786
2025-08-26 09:15:00,23850,PE,119.12,119.78,118.31,119.6,755,43524,0.1752
2025-08-26 09:15:00,23900,CE,435.46,445.3,434.52,436.83,145,47240,0.1748
2025-08-26 09:15:00,23900,PE,129.48,128.85,126.97,127.41,583,44846,0.1811
2025-08-26 09:15:00,23950,CE,397.16,398.43,393.06,396.3,412,48080,0.1765
2025-08-26 09:15:00,23950,PE,125.07,124.89,122.35,124.79,702,49710,0.1762
2025-08-26 09:15:00,24000,CE,337.27,340.47,337.9,338.91,557,55216,0.1715
2025-08-26 09:15:00,24000,PE,111.18,115.19,110.52,111.94,244,51821,0.1723
2025-08-26 09:15:00,24050,CE,295.37,297.37,294.99,295.76,670,55179,0.1753
2025-08-26 09:15:00,24050,PE,116.09,118.67,114.7,115.54,561,59194,0.1798
2025-08-26 09:15:00,24100,CE,238.97,239.6,236.89,239.23,847,64398,0.1741
2025-08-26 09:15:00,24100,PE,111.16,111.02,108.46,109.26,218,61006,0.176
2025-08-26 09:15:00,24150,CE,192.01,195.7,192.16,193.12,641,69405,0.1738
2025-08-26 09:15:00,24150,PE,116.0,116.86,114.86,115.83,37,70783,0.1761
2025-08-26 09:15:00,24200,CE,145.96,150.63,145.97,148.9,1257,81103,0.1776
2025-08-26 09:15:00,24200,PE,116.43,117.19,115.73,116.83,195,81398,0.1767
2025-08-26 09:15:00,24250,CE,118.52,118.59,116.86,117.38,642,77098,0.1748
2025-08-26 09:15:00,24250,PE,148.15,147.72,144.72,146.26,790,77464,0.1736
2025-08-26 09:15:00,24300,CE,121.95,122.45,120.48,121.98,957,71497,0.175
2025-08-26 09:15:00,24300,PE,201.28,203.06,200.29,201.96,1030,67729,0.1784
2025-08-26 09:15:00,24350,CE,112.14,113.56,113.36,113.46,444,62778,0.1748
2025-08-26 09:15:00,24350,PE,244.15,247.07,244.73,245.89,1218,63065,0.1723
2025-08-26 09:15:00,24400,CE,117.2,117.46,114.82,116.35,725,55941,0.177
2025-08-26 09:15:00,24400,PE,290.53,292.0,289.92,290.15,337,58683,0.1728
2025-08-26 09:15:00,24450,CE,122.27,123.69,122.57,122.72,830,49360,0.1733
2025-08-26 09:15:00,24450,PE,342.79,345.37,344.44,345.08,541,53692,0.176
2025-08-26 09:15:00,24500,CE,119.19,120.32,118.21,119.4,154,48798,0.1796
2025-08-26 09:15:00,24500,PE,388.7,393.74,389.48,393.02,435,47965,0.1783
2025-08-26 09:15:00,24550,CE,121.74,123.39,121.23,121.37,497,46650,0.1756
2025-08-26 09:15:00,24550,PE,446.02,456.52,442.89,447.03,84,42629,0.1721
2025-08-26 09:15:00,24600,CE,118.49,122.31,117.6,119.22,271,43192,0.175
2025-08-26 09:15:00,24600,PE,501.48,501.48,498.04,500.06,457,39514,0.1735
2025-08-26 09:15:00,24650,CE,118.35,116.88,114.69,116.23,28,41689,0.1781
2025-08-26 09:15:00,24650,PE,547.77,543.59,541.28,542.87,107,35943,0.1763
2025-08-26 09:15:00,24700,CE,123.85,124.16,123.57,123.95,275,36741,0.1763
2025-08-26 09:15:00,24700,PE,591.16,588.8,583.67,588.04,179,34430,0.1749
2025-08-26 09:15:00,24750,CE,120.76,120.54,119.37,119.66,63,33808,0.1756
2025-08-26 09:15:00,24750,PE,649.9,654.77,637.59,646.45,592,32248,0.1764
2025-08-26 09:15:00,24800,CE,116.67,117.9,116.75,116.76,339,30682,0.1764
2025-08-26 09:15:00,24800,PE,697.11,704.26,688.69,695.86,397,29885,0.177
2025-08-26 09:15:00,24850,CE,118.35,119.14,117.66,118.56,119,27915,0.1737
2025-08-26 09:15:00,24850,PE,736.93,752.62,725.13,736.08,361,32182,0.175
2025-08-26 09:15:00,24900,CE,120.15,122.34,120.32,120.91,96,29094,0.1755
2025-08-26 09:15:00,24900,PE,788.61,794.41,780.92,792.77,159,26647,0.1713
2025-08-26 09:20:00,23500,CE,759.28,769.27,757.54,763.48,28,26883,0.1756
2025-08-26 09:20:00,23500,PE,118.14,119.34,115.74,115.9,353,27867,0.1765
2025-08-26 09:20:00,23550,CE,701.36,710.86,702.21,706.19,175,26538,0.1748
2025-08-26 09:20:00,23550,PE,115.65,117.71,115.58,115.76,456,26378,0.1726
2025-08-26 09:20:00,23600,CE,670.53,673.67,666.2,671.84,70,30655,0.1753
2025-08-26 09:20:00,23600,PE,117.8,120.55,116.87,117.19,321,32509,0.1762
2025-08-26 09:20:00,23650,CE,610.56,619.04,608.0,612.14,351,32663,0.1748
2025-08-26 09:20:00,23650,PE,113.15,111.81,111.17,111.52,165,32828,0.1749
2025-08-26 09:20:00,23700,CE,571.89,578.62,569.7,571.68,614,34711,0.1771
2025-08-26 09:20:00,23700,PE,115.28,119.91,115.59,116.86,667,34896,0.1748
2025-08-26 09:20:00,23750,CE,521.17,526.9,510.75,518.47,89,38777,0.176
2025-08-26 09:20:00,23750,PE,127.41,128.03,126.63,127.35,35,38420,0.1765
2025-08-26 09:20:00,23800,CE,458.3,463.21,460.27,460.52,365,41120,0.1741
2025-08-26 09:20:00,23800,PE,121.21,122.16,120.71,121.32,630,37437,0.1759
2025-08-26 09:20:00,23850,CE,419.37,427.54,415.02,417.29,208,41590,0.1772
2025-08-26 09:20:00,23850,PE,114.54,116.5,115.09,115.82,663,42953,0.1734
2025-08-26 09:20:00,23900,CE,372.06,372.87,368.14,368.62,614,46792,0.1771
2025-08-26 09:20:00,23900,PE,118.83,120.77,118.25,119.24,543,44519,0.1727
2025-08-26 09:20:00,23950,CE,315.85,320.61,316.98,316.99,389,47805,0.173
2025-08-26 09:20:00,23950,PE,115.35,117.05,116.47,116.57,912,50196,0.1738
2025-08-26 09:20:00,24000,CE,269.57,271.05,264.66,267.33,945,55483,0.1764
2025-08-26 09:20:00,24000,PE,112.18,112.26,110.78,111.4,441,51392,0.174
2025-08-26 09:20:00,24050,CE,211.76,211.86,210.07,210.34,769,55090,0.174
2025-08-26 09:20:00,24050,PE,120.34,120.05,119.12,119.61,393,58885,0.1735
2025-08-26 09:20:00,24100,CE,171.7,172.43,171.31,172.07,269,64793,0.1779
2025-08-26 09:20:00,24100,PE,116.74,119.28,116.39,117.64,513,61507,0.1749
2025-08-26 09:20:00,24150,CE,122.33,126.42,123.04,123.87,1197,69002,0.1764
2025-08-26 09:20:00,24150,PE,122.31,123.65,121.86,123.52,137,70682,0.1752
2025-08-26 09:20:00,24200,CE,113.81,113.88,111.89,113.3,145,81646,0.1726
2025-08-26 09:20:00,24200,PE,178.49,178.61,177.52,178.27,1368,81586,0.1752
2025-08-26 09:20:00,24250,CE,113.85,115.56,112.73,113.22,398,77539,0.173
2025-08-26 09:20:00,24250,PE,222.3,225.98,220.07,221.87,854,77293,0.1746
2025-08-26 09:20:00,24300,CE,115.78,117.02,115.06,115.81,1020,71148,0.1775
2025-08-26 09:20:00,24300,PE,269.22,270.63,268.97,269.88,665,67958,0.1751
2025-08-26 09:20:00,24350,CE,120.69,122.18,121.14,121.33,943,62342,0.1776
2025-08-26 09:20:00,24350,PE,316.56,319.83,316.76,319.7,310,63472,0.1753
2025-08-26 09:20:00,24400,CE,120.6,122.47,120.92,121.99,477,56246,0.1741
2025-08-26 09:20:00,24400,PE,372.04,376.73,369.48,373.02,730,58448,0.1745
2025-08-26 09:20:00,24450,CE,118.06,121.14,119.5,121.12,294,49358,0.1762
2025-08-26 09:20:00,24450,PE,418.9,421.24,412.03,419.0,37,54051,0.1714
2025-08-26 09:20:00,24500,CE,119.44,120.87,118.74,119.51,102,49319,0.1761
2025-08-26 09:20:00,24500,PE,467.8,475.24,466.17,468.68,618,47787,0.1728
2025-08-26 09:20:00,24550,CE,126.77,130.48,128.2,128.75,63,46997,0.1757
2025-08-26 09:20:00,24550,PE,524.16,530.42,521.1,522.15,335,42262,0.1733
2025-08-26 09:20:00,24600,CE,113.62,113.47,111.01,113.08,299,43676,0.1726
2025-08-26 09:20:00,24600,PE,573.91,590.13,577.23,577.87,473,39737,0.1771
2025-08-26 09:20:00,24650,CE,103.31,106.35,104.27,105.4,333,41272,0.1739
2025-08-26 09:20:00,24650,PE,620.39,624.23,622.96,623.14,607,36230,0.1728
2025-08-26 09:20:00,24700,CE,113.55,114.72,113.64,113.65,314,37009,0.1763
2025-08-26 09:20:00,24700,PE,673.53,675.84,672.69,675.7,224,34720,0.1785
2025-08-26 09:20:00,24750,CE,127.04,127.88,125.13,127.58,549,33621,0.1782
2025-08-26 09:20:00,24750,PE,721.16,731.95,722.97,725.57,13,32535,0.1761
2025-08-26 09:20:00,24800,CE,122.3,122.15,121.67,121.9,458,31073,0.1776
2025-08-26 09:20:00,24800,PE,769.47,776.5,766.8,773.54,523,29701,0.1708
2025-08-26 09:20:00,24850,CE,115.25,116.61,114.24,116.04,467,27564,0.1757
2025-08-26 09:20:00,24850,PE,813.43,828.03,810.26,818.8,302,32647,0.1717
2025-08-26 09:20:00,24900,CE,121.2,122.51,120.16,121.73,444,29238,0.1725
2025-08-26 09:20:00,24900,PE,864.78,893.73,843.71,864.89,268,26599,0.1713
2025-08-26 09:25:00,23500,CE,712.27,717.06,709.27,715.31,501,27338,0.1773
2025-08-26 09:25:00,23500,PE,110.17,111.33,109.5,110.67,145,27430,0.1769
2025-08-26 09:25:00,23550,CE,669.9,667.43,655.3,664.37,499,26910,0.1755
2025-08-26 09:25:00,23550,PE,116.14,118.05,115.84,116.07,70,26366,0.1784
2025-08-26 09:25:00,23600,CE,613.85,615.8,606.54,610.89,335,30106,0.1728
2025-08-26 09:25:00,23600,PE,117.93,118.4,114.62,116.69,436,33076,0.1762
2025-08-26 09:25:00,23650,CE,559.8,558.75,551.09,553.27,156,32996,0.1762
2025-08-26 09:25:00,23650,PE,121.33,124.22,121.33,121.88,66,32485,0.1754
2025-08-26 09:25:00,23700,CE,499.39,505.67,498.04,503.6,428,35219,0.1754
2025-08-26 09:25:00,23700,PE,117.08,115.95,114.67,115.95,664,35418,0.1768
2025-08-26 09:25:00,23750,CE,462.69,466.05,461.32,465.03,799,39137,0.176
2025-08-26 09:25:00,23750,PE,119.62,120.85,120.01,120.26,302,37972,0.1753
2025-08-26 09:25:00,23800,CE,417.51,417.77,411.01,414.98,727,40743,0.175
2025-08-26 09:25:00,23800,PE,122.05,123.1,122.74,122.84,465,37741,0.1703
2025-08-26 09:25:00,23850,CE,359.07,357.43,353.35,356.13,48,42086,0.177
2025-08-26 09:25:00,23850,PE,118.46,122.03,117.67,118.34,303,42611,0.1767
2025-08-26 09:25:00,23900,CE,303.35,306.25,303.97,304.69,408,46744,0.1722
2025-08-26 09:25:00,23900,PE,125.83,128.42,123.2,125.37,495,44104,0.176
2025-08-26 09:25:00,23950,CE,257.05,257.12,254.33,255.0,242,47778,0.1761
2025-08-26 09:25:00,23950,PE,118.68,120.2,117.99,118.87,286,50367,0.1779
2025-08-26 09:25:00,24000,CE,209.13,213.75,206.23,209.19,1225,54905,0.1773
2025-08-26 09:25:00,24000,PE,114.71,118.81,115.72,116.7,70,51563,0.1768
2025-08-26 09:25:00,24050,CE,166.74,168.47,165.05,165.92,70,55257,0.1777
2025-08-26 09:25:00,24050,PE,122.16,124.79,122.89,122.94,785,58831,0.1773
2025-08-26 09:25:00,24100,CE,121.21,120.92,117.8,119.14,1063,65267,0.177
2025-08-26 09:25:00,24100,PE,124.23,125.8,121.83,123.8,245,61068,0.1739
2025-08-26 09:25:00,24150,CE,115.85,115.71,114.0,115.19,1037,68463,0.1761
2025-08-26 09:25:00,24150,PE,184.46,184.14,183.04,183.44,648,70676,0.1779
2025-08-26 09:25:00,24200,CE,122.41,123.47,121.86,122.47,517,81685,0.1795
2025-08-26 09:25:00,24200,PE,235.97,237.21,235.87,236.57,164,81306,0.1771
2025-08-26 09:25:00,24250,CE,118.31,118.99,118.03,118.81,24,78092,0.1759
2025-08-26 09:25:00,24250,PE,272.5,274.77,272.25,273.86,952,76997,0.1772
2025-08-26 09:25:00,24300,CE,112.09,111.33,110.32,111.32,53,70872,0.1732
2025-08-26 09:25:00,24300,PE,336.51,340.06,333.13,336.18,979,68331,0.1802
2025-08-26 09:25:00,24350,CE,110.48,112.08,110.99,111.05,617,62849,0.1728
2025-08-26 09:25:00,24350,PE,380.93,386.2,373.56,377.74,176,63515,0.1757
2025-08-26 09:25:00,24400,CE,125.78,124.75,124.42,124.72,677,55668,0.1787
2025-08-26 09:25:00,24400,PE,434.06,435.03,430.0,431.59,377,58274,0.1751
2025-08-26 09:25:00,24450,CE,118.98,119.08,117.68,118.61,148,49026,0.1762
2025-08-26 09:25:00,24450,PE,490.04,489.8,477.32,483.55,758,54064,0.1751
2025-08-26 09:25:00,24500,CE,122.36,123.37,120.83,121.86,70,49538,0.1719
2025-08-26 09:25:00,24500,PE,521.48,535.41,526.43,528.21,434,47657,0.1758
2025-08-26 09:25:00,24550,CE,114.1,116.73,115.4,115.75,275,47041,0.1742
2025-08-26 09:25:00,24550,PE,574.31,588.15,575.6,577.99,629,42573,0.1709
2025-08-26 09:25:00,24600,CE,124.62,127.4,125.88,126.92,260,43371,0.1726
2025-08-26 09:25:00,24600,PE,618.11,630.6,620.09,623.98,78,39372,0.1758
2025-08-26 09:25:00,24650,CE,120.9,122.38,119.01,119.92,90,41638,0.1727
2025-08-26 09:25:00,24650,PE,683.05,687.57,676.13,685.57,347,35674,0.1761
2025-08-26 09:25:00,24700,CE,116.95,118.4,116.49,116.75,521,36589,0.1767
2025-08-26 09:25:00,24700,PE,726.71,733.28,723.98,727.96,366,34134,0.1716
2025-08-26 09:25:00,24750,CE,122.81,121.96,121.53,121.7,317,33687,0.1762
2025-08-26 09:25:00,24750,PE,776.13,786.82,769.75,774.05,484,32655,0.1749
2025-08-26 09:25:00,24800,CE,128.28,128.45,126.88,127.71,251,31110,0.1776
2025-08-26 09:25:00,24800,PE,827.47,827.69,802.99,823.88,323,29598,0.1771
2025-08-26 09:25:00,24850,CE,124.48,127.04,123.15,124.35,345,27598,0.1781
2025-08-26 09:25:00,24850,PE,884.68,890.82,875.68,886.75,466,32279,0.1762
2025-08-26 09:25:00,24900,CE,119.31,120.01,117.32,118.94,336,29629,0.1741
2025-08-26 09:25:00,24900,PE,916.38,946.36,926.21,927.45,332,27175,0.172
2025-08-26 09:30:00,23500,CE,606.76,623.53,608.88,612.85,285,27386,0.1776
2025-08-26 09:30:00,23500,PE,119.7,121.53,120.81,120.99,108,27279,0.1794
2025-08-26 09:30:00,23550,CE,565.87,583.98,563.31,568.87,119,27260,0.1763
2025-08-26 09:30:00,23550,PE,116.44,118.19,116.2,116.39,541,25997,0.1756
2025-08-26 09:30:00,23600,CE,518.09,523.32,514.24,517.81,596,29890,0.1758
2025-08-26 09:30:00,23600,PE,122.08,124.56,119.24,121.14,543,33603,0.1772
2025-08-26 09:30:00,23650,CE,464.26,470.1,462.34,465.55,665,32619,0.176
2025-08-26 09:30:00,23650,PE,104.69,106.04,104.87,105.71,154,32019,0.1712
2025-08-26 09:30:00,23700,CE,420.43,424.61,417.99,418.03,733,35274,0.1755
2025-08-26 09:30:00,23700,PE,121.85,125.88,122.09,122.52,147,35522,0.1728
2025-08-26 09:30:00,23750,CE,368.64,365.82,362.83,363.79,511,39253,0.1752
2025-08-26 09:30:00,23750,PE,122.34,123.51,122.67,123.01,609,37569,0.1779
2025-08-26 09:30:00,23800,CE,318.74,318.29,314.94,316.26,417,41008,0.1763
2025-08-26 09:30:00,23800,PE,117.78,118.92,116.05,117.76,957,37431,0.1758
2025-08-26 09:30:00,23850,CE,266.5,269.55,265.28,267.93,678,42623,0.1752
2025-08-26 09:30:00,23850,PE,116.84,118.27,116.13,117.89,714,42284,0.1782
2025-08-26 09:30:00,23900,CE,220.1,220.19,217.23,219.79,786,46164,0.1777
2025-08-26 09:30:00,23900,PE,118.08,120.02,118.04,118.82,662,44185,0.1758
2025-08-26 09:30:00,23950,CE,156.39,156.28,154.52,156.16,110,47421,0.175
2025-08-26 09:30:00,23950,PE,118.48,120.35,116.97,118.54,1519,50521,0.1756
2025-08-26 09:30:00,24000,CE,122.86,122.37,121.0,121.92,834,54580,0.1721
2025-08-26 09:30:00,24000,PE,120.3,121.01,119.45,120.84,246,51476,0.1762
2025-08-26 09:30:00,24050,CE,113.55,114.63,113.25,113.71,837,54872,0.1752
2025-08-26 09:30:00,24050,PE,173.06,171.66,170.78,171.01,1217,58745,0.1752
2025-08-26 09:30:00,24100,CE,118.4,119.66,117.37,118.61,93,64830,0.1753
2025-08-26 09:30:00,24100,PE,220.95,224.64,222.85,223.36,1136,60873,0.1762
2025-08-26 09:30:00,24150,CE,121.47,122.17,121.86,122.15,445,68101,0.1775
2025-08-26 09:30:00,24150,PE,282.49,286.56,279.19,280.83,942,71055,0.178
2025-08-26 09:30:00,24200,CE,113.62,115.47,112.34,114.64,265,81960,0.1763
2025-08-26 09:30:00,24200,PE,315.45,321.42,315.07,316.3,480,80906,0.1791
2025-08-26 09:30:00,24250,CE,124.23,125.46,123.07,123.54,753,77591,0.1751
2025-08-26 09:30:00,24250,PE,379.52,380.47,374.97,377.85,826,76427,0.1743
2025-08-26 09:30:00,24300,CE,112.5,113.36,110.0,111.56,287,70544,0.1747
2025-08-26 09:30:00,24300,PE,427.96,429.98,426.19,427.86,213,68307,0.1747
2025-08-26 09:30:00,24350,CE,120.37,121.15,120.24,120.74,599,62728,0.1742
2025-08-26 09:30:00,24350,PE,475.8,479.23,470.35,474.74,415,64080,0.175
2025-08-26 09:30:00,24400,CE,118.62,119.6,117.7,118.11,372,56018,0.1751
2025-08-26 09:30:00,24400,PE,528.27,523.79,517.26,523.26,290,57767,0.1782
2025-08-26 09:30:00,24450,CE,117.85,121.8,118.36,120.02,183,48616,0.1739
2025-08-26 09:30:00,24450,PE,575.16,580.61,575.04,577.24,622,53495,0.175
2025-08-26 09:30:00,24500,CE,125.14,127.82,124.39,124.79,528,49103,0.1744
2025-08-26 09:30:00,24500,PE,625.63,632.26,623.93,626.64,105,47692,0.1743
2025-08-26 09:30:00,24550,CE,113.79,115.63,114.48,114.69,57,46533,0.1736
2025-08-26 09:30:00,24550,PE,670.9,685.92,666.82,674.19,469,42044,0.1785
2025-08-26 09:30:00,24600,CE,117.93,119.31,118.83,119.18,343,42912,0.179
2025-08-26 09:30:00,24600,PE,711.47,714.13,710.42,713.36,57,39575,0.1722
2025-08-26 09:30:00,24650,CE,122.77,125.9,122.7,123.97,216,41061,0.1762
2025-08-26 09:30:00,24650,PE,767.95,776.83,762.55,770.72,369,36237,0.1719
2025-08-26 09:30:00,24700,CE,120.61,121.44,119.53,120.61,289,36445,0.1742
2025-08-26 09:30:00,24700,PE,807.43,839.63,806.04,816.78,431,33937,0.1735
2025-08-26 09:30:00,24750,CE,116.07,116.4,115.54,115.87,300,33656,0.1742
2025-08-26 09:30:00,24750,PE,864.42,874.45,857.04,866.91,354,32676,0.1776
2025-08-26 09:30:00,24800,CE,117.87,120.95,117.84,118.68,226,31014,0.1749
2025-08-26 09:30:00,24800,PE,907.35,928.58,915.17,915.94,142,29581,0.1777
2025-08-26 09:30:00,24850,CE,122.25,122.5,122.23,122.25,33,27405,0.1747
2025-08-26 09:30:00,24850,PE,951.06,970.18,964.27,966.91,40,32065,0.1726
2025-08-26 09:30:00,24900,CE,122.76,124.9,124.12,124.29,153,29061,0.1778
2025-08-26 09:30:00,24900,PE,1007.59,1039.7,1014.95,1022.07,130,27381,0.1747
2025-08-26 09:35:00,23500,CE,448.46,453.72,451.15,453.04,794,27526,0.1794
2025-08-26 09:35:00,23500,PE,121.63,125.32,123.16,123.23,587,27481,0.1785
2025-08-26 09:35:00,23550,CE,407.81,404.05,400.44,403.22,843,27789,0.1729
2025-08-26 09:35:00,23550,PE,121.95,123.77,120.45,122.88,115,25964,0.1777
2025-08-26 09:35:00,23600,CE,358.29,355.53,348.77,352.96,890,30348,0.1773
2025-08-26 09:35:00,23600,PE,101.6,105.57,102.18,103.15,531,33535,0.171
2025-08-26 09:35:00,23650,CE,302.73,300.8,297.76,298.97,80,32592,0.1739
2025-08-26 09:35:00,23650,PE,120.46,123.79,121.01,121.23,558,32178,0.1747
2025-08-26 09:35:00,23700,CE,249.03,252.61,249.33,249.38,645,34933,0.1731
2025-08-26 09:35:00,23700,PE,115.16,116.05,115.49,115.57,1180,35182,0.1714
2025-08-26 09:35:00,23750,CE,203.4,203.25,200.7,202.99,545,39264,0.1784
2025-08-26 09:35:00,23750,PE,123.15,123.71,122.55,122.87,422,37051,0.1775
2025-08-26 09:35:00,23800,CE,159.33,159.98,159.21,159.78,994,40691,0.1761
2025-08-26 09:35:00,23800,PE,115.18,117.36,115.27,115.67,1418,37783,0.175
2025-08-26 09:35:00,23850,CE,121.96,124.59,123.59,124.36,740,42579,0.1774
2025-08-26 09:35:00,23850,PE,134.55,135.51,133.01,133.55,1609,41715,0.1753
2025-08-26 09:35:00,23900,CE,109.15,109.0,106.91,108.55,563,45636,0.1771
2025-08-26 09:35:00,23900,PE,175.94,181.81,178.23,179.67,221,44688,0.1753
2025-08-26 09:35:00,23950,CE,118.1,119.23,118.84,118.95,146,47969,0.1765
2025-08-26 09:35:00,23950,PE,234.66,237.27,233.56,236.08,995,50690,0.1772
2025-08-26 09:35:00,24000,CE,130.08,128.77,125.91,127.87,837,54201,0.176
2025-08-26 09:35:00,24000,PE,293.85,290.92,288.96,290.84,147,51317,0.175
2025-08-26 09:35:00,24050,CE,116.07,118.15,115.96,116.51,775,54638,0.1753
2025-08-26 09:35:00,24050,PE,342.92,340.69,337.13,339.15,191,59087,0.1768
2025-08-26 09:35:00,24100,CE,122.16,122.03,117.46,120.81,586,64874,0.174
2025-08-26 09:35:00,24100,PE,389.5,388.17,378.35,386.64,386,61208,0.1746
2025-08-26 09:35:00,24150,CE,118.21,117.27,116.25,116.62,620,67933,0.1749
2025-08-26 09:35:00,24150,PE,438.54,444.13,437.97,441.91,120,71498,0.1752
2025-08-26 09:35:00,24200,CE,121.29,122.42,119.91,121.86,117,81874,0.1743
2025-08-26 09:35:00,24200,PE,485.55,495.49,482.09,485.99,695,80806,0.1754
2025-08-26 09:35:00,24250,CE,110.5,110.8,109.42,110.37,599,77577,0.1729
2025-08-26 09:35:00,24250,PE,531.02,538.84,532.3,534.69,538,76537,0.1736
2025-08-26 09:35:00,24300,CE,117.2,117.63,115.74,116.6,195,71016,0.1739
2025-08-26 09:35:00,24300,PE,585.68,592.07,588.65,589.32,319,68256,0.1794
2025-08-26 09:35:00,24350,CE,118.67,117.63,117.09,117.34,417,63244,0.1751
2025-08-26 09:35:00,24350,PE,636.61,636.52,624.63,630.62,549,63952,0.1729
2025-08-26 09:35:00,24400,CE,112.17,114.11,112.19,113.86,144,55807,0.1748
2025-08-26 09:35:00,24400,PE,683.18,690.61,680.98,683.78,162,57521,0.1752
2025-08-26 09:35:00,24450,CE,124.29,125.89,124.16,124.21,245,48041,0.1732
2025-08-26 09:35:00,24450,PE,729.81,740.63,726.71,734.09,301,53913,0.1761
2025-08-26 09:35:00,24500,CE,113.12,115.66,113.55,113.89,232,48598,0.1711
2025-08-26 09:35:00,24500,PE,787.68,784.88,777.78,784.7,211,47493,0.176
2025-08-26 09:35:00,24550,CE,114.88,115.31,113.61,113.76,301,46233,0.1756
2025-08-26 09:35:00,24550,PE,848.99,838.75,836.79,838.25,156,42337,0.1729
2025-08-26 09:35:00,24600,CE,116.57,117.29,116.13,116.98,90,43431,0.1753
2025-08-26 09:35:00,24600,PE,877.27,881.36,875.48,879.83,147,39955,0.1727
2025-08-26 09:35:00,24650,CE,121.41,122.35,119.83,120.04,44,40844,0.1761
2025-08-26 09:35:00,24650,PE,931.17,958.33,929.71,931.63,176,36183,0.1746
2025-08-26 09:35:00,24700,CE,116.82,116.42,115.7,115.76,46,36141,0.1762
2025-08-26 09:35:00,24700,PE,983.13,999.04,983.59,985.48,383,34445,0.1776
2025-08-26 09:35:00,24750,CE,119.18,121.58,117.88,119.26,188,33198,0.1734
2025-08-26 09:35:00,24750,PE,1049.44,1046.48,1023.33,1038.05,120,33218,0.1729
2025-08-26 09:35:00,24800,CE,119.61,120.99,119.01,120.36,369,31390,0.1732
2025-08-26 09:35:00,24800,PE,1074.8,1083.83,1071.02,1074.24,347,29834,0.1677
2025-08-26 09:35:00,24850,CE,123.24,126.22,123.29,124.43,242,27733,0.1763
2025-08-26 09:35:00,24850,PE,1125.38,1126.59,1113.83,1124.28,251,31872,0.1718
2025-08-26 09:35:00,24900,CE,123.84,126.62,125.37,125.87,240,28816,0.1752
2025-08-26 09:35:00,24900,PE,1191.58,1193.98,1165.19,1185.4,234,27238,0.1773
2025-08-26 09:40:00,23500,CE,466.75,477.22,465.86,469.73,387,27143,0.1756
2025-08-26 09:40:00,23500,PE,114.99,116.35,114.81,115.34,748,27776,0.1733
2025-08-26 09:40:00,23550,CE,443.49,444.29,438.38,443.34,103,27759,0.1771
2025-08-26 09:40:00,23550,PE,111.77,111.73,110.4,110.89,393,26426,0.176
2025-08-26 09:40:00,23600,CE,375.31,383.98,377.05,379.05,703,30802,0.1756
2025-08-26 09:40:00,23600,PE,109.76,111.54,109.17,110.26,440,33122,0.1756
2025-08-26 09:40:00,23650,CE,317.04,321.45,316.08,318.59,741,32254,0.1762
2025-08-26 09:40:00,23650,PE,120.66,120.32,119.97,120.1,656,32070,0.1776
2025-08-26 09:40:00,23700,CE,278.26,284.91,277.79,280.06,409,34475,0.1754
2025-08-26 09:40:00,23700,PE,117.85,118.71,116.98,117.3,914,35409,0.1729
2025-08-26 09:40:00,23750,CE,226.8,230.39,226.62,229.12,453,39549,0.1772
2025-08-26 09:40:00,23750,PE,120.57,120.94,117.96,119.3,1266,37316,0.1762
2025-08-26 09:40:00,23800,CE,184.31,182.49,181.59,181.84,1399,40655,0.1773
2025-08-26 09:40:00,23800,PE,116.74,118.75,116.6,117.12,570,38194,0.1759
2025-08-26 09:40:00,23850,CE,136.07,137.87,135.69,136.58,1155,42706,0.1762
2025-08-26 09:40:00,23850,PE,121.06,123.17,120.5,120.98,1119,42307,0.1739
2025-08-26 09:40:00,23900,CE,113.31,114.36,113.55,113.73,1094,46014,0.1734
2025-08-26 09:40:00,23900,PE,157.74,158.91,155.97,158.34,81,44954,0.1745
2025-08-26 09:40:00,23950,CE,115.72,115.04,112.23,113.63,449,47516,0.1764
2025-08-26 09:40:00,23950,PE,203.38,206.37,203.03,206.01,393,51089,0.1771
2025-08-26 09:40:00,24000,CE,124.43,124.71,122.82,124.01,985,53967,0.177
2025-08-26 09:40:00,24000,PE,260.12,261.32,256.63,260.52,246,51219,0.1788
2025-08-26 09:40:00,24050,CE,119.33,120.41,117.55,119.67,367,54593,0.1738
2025-08-26 09:40:00,24050,PE,312.74,315.62,309.03,312.26,844,58884,0.1751
2025-08-26 09:40:00,24100,CE,110.04,111.84,110.06,110.56,181,64404,0.1724
2025-08-26 09:40:00,24100,PE,360.19,361.57,359.74,359.74,668,60847,0.1744
2025-08-26 09:40:00,24150,CE,119.54,119.8,117.48,119.28,205,68297,0.172
2025-08-26 09:40:00,24150,PE,406.33,415.76,406.19,406.9,95,71680,0.1759
2025-08-26 09:40:00,24200,CE,116.93,117.89,116.6,116.82,22,82405,0.1741
2025-08-26 09:40:00,24200,PE,460.12,458.95,452.76,457.88,582,81191,0.1765
2025-08-26 09:40:00,24250,CE,114.78,117.93,113.78,115.1,504,77459,0.174
2025-08-26 09:40:00,24250,PE,497.14,507.04,501.82,502.51,746,76880,0.1735
2025-08-26 09:40:00,24300,CE,122.53,123.26,121.59,122.02,72,71107,0.1723
2025-08-26 09:40:00,24300,PE,551.5,557.51,545.61,550.97,383,67999,0.1727
2025-08-26 09:40:00,24350,CE,112.51,117.41,112.97,113.73,303,63814,0.1751
2025-08-26 09:40:00,24350,PE,611.3,604.34,598.03,602.72,66,64466,0.1741
2025-08-26 09:40:00,24400,CE,109.7,109.85,109.54,109.77,431,55341,0.1781
2025-08-26 09:40:00,24400,PE,662.38,663.2,657.0,662.16,193,57928,0.1757
2025-08-26 09:40:00,24450,CE,118.65,119.38,117.67,118.63,408,47534,0.1695
2025-08-26 09:40:00,24450,PE,707.12,716.11,704.67,708.92,92,54427,0.1749
2025-08-26 09:40:00,24500,CE,122.83,121.27,119.68,120.57,93,48746,0.1751
2025-08-26 09:40:00,24500,PE,746.48,762.51,754.15,754.39,543,47092,0.1738
2025-08-26 09:40:00,24550,CE,122.26,125.29,121.32,122.8,31,46613,0.1778
2025-08-26 09:40:00,24550,PE,800.3,809.42,784.64,799.3,491,42355,0.1774
2025-08-26 09:40:00,24600,CE,113.87,115.75,112.9,113.76,120,42902,0.175
2025-08-26 09:40:00,24600,PE,866.83,854.58,845.69,851.07,449,40313,0.1781
2025-08-26 09:40:00,24650,CE,110.93,110.79,109.29,110.38,421,41190,0.1753
2025-08-26 09:40:00,24650,PE,904.29,905.96,895.42,902.59,207,36161,0.1761
2025-08-26 09:40:00,24700,CE,115.32,116.15,115.53,115.64,175,36418,0.1734
2025-08-26 09:40:00,24700,PE,943.38,949.29,940.54,946.65,51,33893,0.1756
2025-08-26 09:40:00,24750,CE,123.51,125.63,123.22,124.31,412,32979,0.1764
2025-08-26 09:40:00,24750,PE,997.71,1014.14,996.87,1004.53,21,33425,0.1707
2025-08-26 09:40:00,24800,CE,119.24,119.5,116.6,118.25,168,31066,0.1721
2025-08-26 09:40:00,24800,PE,1051.17,1074.04,1042.57,1058.75,182,29774,0.1741
2025-08-26 09:40:00,24850,CE,113.5,115.75,114.79,115.32,244,28251,0.174
2025-08-26 09:40:00,24850,PE,1100.71,1116.12,1091.95,1108.6,348,32264,0.1736
2025-08-26 09:40:00,24900,CE,120.03,119.25,117.88,119.17,190,28885,0.1772
2025-08-26 09:40:00,24900,PE,1161.81,1167.63,1143.14,1154.75,55,27330,0.1757
2025-08-26 09:45:00,23500,CE,376.68,386.53,379.38,380.44,624,27607,0.1747
2025-08-26 09:45:00,23500,PE,111.86,113.32,111.65,111.68,56,28211,0.1744
2025-08-26 09:45:00,23550,CE,328.81,334.16,327.75,332.29,534,27264,0.1756
2025-08-26 09:45:00,23550,PE,119.21,120.47,118.76,119.54,1011,26384,0.176
2025-08-26 09:45:00,23600,CE,282.24,280.74,277.38,279.14,476,30431,0.172
2025-08-26 09:45:00,23600,PE,120.98,122.0,116.28,119.0,99,32621,0.1731
2025-08-26 09:45:00,23650,CE,235.05,234.0,229.35,231.86,355,32004,0.1748
2025-08-26 09:45:00,23650,PE,122.21,123.76,120.92,122.25,601,32202,0.1739
2025-08-26 09:45:00,23700,CE,179.8,182.95,178.95,179.79,1449,34828,0.1731
2025-08-26 09:45:00,23700,PE,112.94,114.27,113.69,113.79,721,35903,0.1772
2025-08-26 09:45:00,23750,CE,127.38,130.82,127.01,128.23,967,39456,0.1758
2025-08-26 09:45:00,23750,PE,122.25,126.07,121.51,123.27,393,37222,0.1753
2025-08-26 09:45:00,23800,CE,121.75,120.9,120.04,120.44,90,40238,0.1744
2025-08-26 09:45:00,23800,PE,153.85,155.9,155.63,155.76,1508,37827,0.1765
2025-08-26 09:45:00,23850,CE,123.51,125.64,122.62,123.43,789,42228,0.1753
2025-08-26 09:45:00,23850,PE,189.42,194.32,190.26,191.96,836,42878,0.1735
2025-08-26 09:45:00,23900,CE,119.81,122.37,118.53,120.01,564,45567,0.1747
2025-08-26 09:45:00,23900,PE,254.48,254.42,250.94,253.81,47,45261,0.1761
2025-08-26 09:45:00,23950,CE,128.68,130.62,128.79,129.67,127,47297,0.1798
2025-08-26 09:45:00,23950,PE,303.03,299.28,295.4,297.11,912,51133,0.1762
2025-08-26 09:45:00,24000,CE,108.09,107.68,106.76,107.6,852,54414,0.1742
2025-08-26 09:45:00,24000,PE,356.89,361.01,352.71,353.54,649,51742,0.175
2025-08-26 09:45:00,24050,CE,115.79,117.42,116.22,116.89,46,54281,0.1744
2025-08-26 09:45:00,24050,PE,410.14,410.02,404.43,409.36,256,59377,0.1804
2025-08-26 09:45:00,24100,CE,120.93,122.63,119.87,121.06,511,64106,0.1768
2025-08-26 09:45:00,24100,PE,454.16,459.43,453.08,454.04,180,61212,0.1771
2025-08-26 09:45:00,24150,CE,123.97,124.34,121.11,122.41,648,67715,0.1722
2025-08-26 09:45:00,24150,PE,511.19,509.97,505.05,505.37,283,71722,0.1736
2025-08-26 09:45:00,24200,CE,120.01,122.6,119.15,119.98,173,82675,0.1765
2025-08-26 09:45:00,24200,PE,550.71,561.99,544.98,551.29,533,81597,0.173
2025-08-26 09:45:00,24250,CE,120.44,121.25,119.29,121.06,517,77868,0.1744
2025-08-26 09:45:00,24250,PE,600.16,624.65,604.24,605.47,246,76638,0.1744
2025-08-26 09:45:00,24300,CE,116.98,119.35,118.01,118.29,201,71530,0.1707
2025-08-26 09:45:00,24300,PE,638.84,665.54,643.22,647.78,402,67787,0.179
2025-08-26 09:45:00,24350,CE,118.41,121.99,117.31,118.7,420,63494,0.1767
2025-08-26 09:45:00,24350,PE,696.79,703.33,700.09,703.1,161,63867,0.174
2025-08-26 09:45:00,24400,CE,110.4,112.22,110.81,111.46,529,55023,0.1743
2025-08-26 09:45:00,24400,PE,753.72,754.56,747.87,752.03,413,57470,0.1744
2025-08-26 09:45:00,24450,CE,129.67,130.24,127.28,129.0,26,47743,0.1767
2025-08-26 09:45:00,24450,PE,807.71,804.11,799.04,802.04,58,54000,0.1731
2025-08-26 09:45:00,24500,CE,124.37,124.94,122.8,123.96,168,48848,0.1736
2025-08-26 09:45:00,24500,PE,847.95,862.31,848.72,853.35,16,46643,0.1771
2025-08-26 09:45:00,24550,CE,118.71,118.8,117.51,118.17,164,46858,0.1731
2025-08-26 09:45:00,24550,PE,903.81,912.24,898.25,904.43,52,42097,0.1735
2025-08-26 09:45:00,24600,CE,113.22,114.95,113.25,114.05,92,42672,0.1745
2025-08-26 09:45:00,24600,PE,953.25,963.89,949.81,958.78,121,40481,0.1736
2025-08-26 09:45:00,24650,CE,111.88,113.33,111.81,112.55,35,41716,0.1733
2025-08-26 09:45:00,24650,PE,993.51,1000.58,987.32,997.12,110,36750,0.1745
2025-08-26 09:45:00,24700,CE,118.16,117.12,116.43,116.67,302,36246,0.1731
2025-08-26 09:45:00,24700,PE,1049.75,1055.61,1039.02,1051.05,129,34428,0.1741
2025-08-26 09:45:00,24750,CE,106.78,110.78,107.1,107.64,394,33113,0.1692
2025-08-26 09:45:00,24750,PE,1084.93,1100.8,1095.88,1095.95,24,33912,0.173
2025-08-26 09:45:00,24800,CE,111.91,112.28,111.07,111.4,184,30499,0.1744
2025-08-26 09:45:00,24800,PE,1153.45,1162.37,1147.01,1151.21,306,29213,0.1745
2025-08-26 09:45:00,24850,CE,119.33,118.45,114.46,117.33,139,27740,0.1752
2025-08-26 09:45:00,24850,PE,1187.72,1204.29,1190.6,1201.67,163,32629,0.1754
2025-08-26 09:45:00,24900,CE,122.89,123.42,121.33,122.0,50,28450,0.1758
2025-08-26 09:45:00,24900,PE,1237.06,1258.94,1239.99,1244.28,338,26941,0.1749
2025-08-26 09:50:00,23500,CE,244.88,249.42,243.19,246.41,159,27709,0.1773
2025-08-26 09:50:00,23500,PE,119.86,121.28,119.57,121.04,360,28759,0.1772
2025-08-26 09:50:00,23550,CE,176.83,178.85,176.89,177.88,253,27344,0.1725
2025-08-26 09:50:00,23550,PE,116.0,116.1,113.67,113.87,1317,26663,0.1741
2025-08-26 09:50:00,23600,CE,139.64,140.29,139.01,139.3,75,30056,0.1731
2025-08-26 09:50:00,23600,PE,115.78,115.22,114.11,115.21,232,33118,0.1762
2025-08-26 09:50:00,23650,CE,119.08,118.16,116.44,116.98,351,31471,0.1737
2025-08-26 09:50:00,23650,PE,151.24,153.43,151.58,151.77,642,31941,0.1786
2025-08-26 09:50:00,23700,CE,117.52,117.8,116.01,117.8,249,34772,0.1778
2025-08-26 09:50:00,23700,PE,194.5,195.68,192.56,193.91,1267,35574,0.1716
2025-08-26 09:50:00,23750,CE,119.35,122.7,121.36,121.82,1209,39652,0.1779
2025-08-26 09:50:00,23750,PE,253.63,255.78,254.19,255.03,483,37436,0.1749
2025-08-26 09:50:00,23800,CE,117.07,118.41,116.7,117.31,393,39892,0.1771
2025-08-26 09:50:00,23800,PE,302.03,307.22,299.14,299.33,271,37237,0.1765
2025-08-26 09:50:00,23850,CE,129.4,130.77,128.71,129.45,646,41717,0.1751
2025-08-26 09:50:00,23850,PE,348.49,347.02,344.7,345.19,209,42278,0.172
2025-08-26 09:50:00,23900,CE,112.94,112.69,111.9,111.98,72,46053,0.1724
2025-08-26 09:50:00,23900,PE,396.08,409.34,397.93,401.89,35,45406,0.1758
2025-08-26 09:50:00,23950,CE,105.18,109.16,107.18,107.32,279,46863,0.1773
2025-08-26 09:50:00,23950,PE,456.75,453.12,448.29,450.31,256,50644,0.1756
2025-08-26 09:50:00,24000,CE,122.87,123.22,122.01,122.47,246,54795,0.176
2025-08-26 09:50:00,24000,PE,504.51,504.7,493.23,498.1,477,52115,0.1761
2025-08-26 09:50:00,24050,CE,118.65,117.97,117.36,117.68,496,54793,0.1788
2025-08-26 09:50:00,24050,PE,535.17,543.53,529.76,540.65,86,58968,0.1753
2025-08-26 09:50:00,24100,CE,118.24,120.45,117.67,119.07,278,64132,0.1752
2025-08-26 09:50:00,24100,PE,589.56,596.4,591.22,592.12,520,60757,0.176
2025-08-26 09:50:00,24150,CE,122.53,122.99,120.41,122.41,77,68069,0.1772
2025-08-26 09:50:00,24150,PE,644.66,647.48,638.48,642.57,345,71616,0.1773
2025-08-26 09:50:00,24200,CE,116.19,117.52,115.58,115.6,137,82909,0.1738
2025-08-26 09:50:00,24200,PE,689.04,706.03,698.02,701.31,470,81033,0.1723
2025-08-26 09:50:00,24250,CE,115.73,117.7,115.59,115.95,38,78201,0.1755
2025-08-26 09:50:00,24250,PE,748.12,751.12,745.91,746.69,488,76313,0.1775
2025-08-26 09:50:00,24300,CE,118.92,121.94,119.08,119.56,371,71941,0.1752
2025-08-26 09:50:00,24300,PE,782.35,791.72,783.95,784.45,66,67410,0.1758
2025-08-26 09:50:00,24350,CE,114.82,114.87,113.37,114.22,71,63842,0.1715
2025-08-26 09:50:00,24350,PE,831.99,850.5,829.8,837.23,385,63427,0.1696
2025-08-26 09:50:00,24400,CE,118.46,117.77,117.05,117.35,88,55219,0.1767
2025-08-26 09:50:00,24400,PE,898.91,908.59,885.1,896.25,425,57805,0.1752
2025-08-26 09:50:00,24450,CE,121.11,122.92,120.52,121.86,81,47606,0.1726
2025-08-26 09:50:00,24450,PE,950.12,965.12,946.19,949.37,36,53693,0.1791
2025-08-26 09:50:00,24500,CE,124.5,126.03,125.15,125.44,246,48661,0.1769
2025-08-26 09:50:00,24500,PE,1001.93,998.25,979.86,996.48,265,46398,0.1768
2025-08-26 09:50:00,24550,CE,109.44,110.08,109.46,109.97,236,47017,0.1735
2025-08-26 09:50:00,24550,PE,1034.8,1043.85,1038.52,1040.01,86,41550,0.1747
2025-08-26 09:50:00,24600,CE,125.84,125.38,123.31,124.48,138,42121,0.1738
2025-08-26 09:50:00,24600,PE,1100.84,1108.79,1091.92,1096.41,69,40226,0.1762
2025-08-26 09:50:00,24650,CE,117.21,118.72,115.98,117.05,133,41448,0.1711
2025-08-26 09:50:00,24650,PE,1147.86,1159.56,1136.96,1146.09,26,36362,0.1734
2025-08-26 09:50:00,24700,CE,121.85,122.46,120.82,121.44,326,36506,0.1735
2025-08-26 09:50:00,24700,PE,1190.62,1197.65,1180.09,1194.38,167,33856,0.1747
2025-08-26 09:50:00,24750,CE,113.15,114.33,111.86,113.4,131,33622,0.1745
2025-08-26 09:50:00,24750,PE,1251.21,1249.81,1241.23,1244.75,289,34220,0.1753
2025-08-26 09:50:00,24800,CE,125.72,124.47,122.36,123.78,89,30382,0.1762
2025-08-26 09:50:00,24800,PE,1310.25,1305.21,1300.98,1305.04,15,29643,0.1798
2025-08-26 09:50:00,24850,CE,123.12,122.8,121.63,122.68,42,27881,0.1774
2025-08-26 09:50:00,24850,PE,1340.17,1353.95,1342.61,1346.79,97,32713,0.1751
2025-08-26 09:50:00,24900,CE,120.21,121.56,119.23,120.44,266,28225,0.1744
2025-08-26 09:50:00,24900,PE,1390.89,1406.81,1393.04,1394.94,10,27136,0.1736
2025-08-26 09:55:00,23500,CE,181.95,184.51,180.81,180.9,773,27276,0.1762
2025-08-26 09:55:00,23500,PE,114.63,116.29,113.93,114.93,91,28788,0.1731
2025-08-26 09:55:00,23550,CE,143.85,146.7,140.13,142.91,1037,26883,0.1778
2025-08-26 09:55:00,23550,PE,117.28,117.57,116.14,116.99,1014,26597,0.1796
2025-08-26 09:55:00,23600,CE,118.06,118.97,117.76,117.91,246,30195,0.1772
2025-08-26 09:55:00,23600,PE,150.23,152.19,149.73,150.5,1060,32704,0.1733
2025-08-26 09:55:00,23650,CE,113.3,116.64,114.41,114.62,950,31137,0.1753
2025-08-26 09:55:00,23650,PE,200.42,202.84,202.62,202.81,845,32316,0.1774
2025-08-26 09:55:00,23700,CE,108.69,109.71,108.16,108.87,1151,34478,0.1747
2025-08-26 09:55:00,23700,PE,241.17,246.13,241.88,245.95,429,35088,0.1734
2025-08-26 09:55:00,23750,CE,118.75,117.39,116.83,117.23,1060,39448,0.1747
2025-08-26 09:55:00,23750,PE,300.31,303.37,300.18,301.23,880,37958,0.1748
2025-08-26 09:55:00,23800,CE,117.99,120.37,116.66,118.88,477,40124,0.1733
2025-08-26 09:55:00,23800,PE,342.14,345.91,343.73,345.09,473,37327,0.1779
2025-08-26 09:55:00,23850,CE,107.98,108.77,107.15,108.07,234,42125,0.1752
2025-08-26 09:55:00,23850,PE,392.56,392.52,386.35,390.45,123,42470,0.1741
2025-08-26 09:55:00,23900,CE,115.31,116.37,114.04,115.92,758,46426,0.1752
2025-08-26 09:55:00,23900,PE,438.07,444.76,440.66,441.22,627,45594,0.1736
2025-08-26 09:55:00,23950,CE,125.88,126.87,122.89,125.83,719,47300,0.1771
2025-08-26 09:55:00,23950,PE,499.65,511.99,498.92,501.09,218,50792,0.1786
2025-08-26 09:55:00,24000,CE,112.5,114.75,110.62,112.59,309,54512,0.1765
2025-08-26 09:55:00,24000,PE,548.98,556.62,547.03,549.62,580,51564,0.178
2025-08-26 09:55:00,24050,CE,114.66,115.19,114.63,114.99,94,54319,0.1716
2025-08-26 09:55:00,24050,PE,589.43,593.64,586.23,586.51,142,58982,0.1742
2025-08-26 09:55:00,24100,CE,119.72,119.35,117.9,118.49,584,64698,0.1728
2025-08-26 09:55:00,24100,PE,651.95,652.2,647.82,648.33,558,61068,0.173
2025-08-26 09:55:00,24150,CE,119.32,121.15,117.57,119.53,273,68399,0.1769
2025-08-26 09:55:00,24150,PE,688.09,697.09,690.66,690.94,163,71812,0.1747
2025-08-26 09:55:00,24200,CE,121.78,125.87,121.16,122.65,13,83393,0.1753
2025-08-26 09:55:00,24200,PE,744.91,747.51,738.39,743.7,535,81315,0.1734
2025-08-26 09:55:00,24250,CE,119.15,120.15,118.51,119.25,98,77911,0.1752
2025-08-26 09:55:00,24250,PE,796.52,790.87,787.14,787.88,388,76312,0.1766
2025-08-26 09:55:00,24300,CE,115.49,116.41,114.11,114.97,275,71826,0.177
2025-08-26 09:55:00,24300,PE,843.26,858.13,843.21,847.68,416,67008,0.1739
2025-08-26 09:55:00,24350,CE,124.22,123.11,121.55,122.47,213,63508,0.1762
2025-08-26 09:55:00,24350,PE,894.23,894.61,890.32,892.99,329,63169,0.1767
2025-08-26 09:55:00,24400,CE,115.39,118.12,116.08,116.21,140,54827,0.1783
2025-08-26 09:55:00,24400,PE,952.11,951.93,936.32,944.32,390,57465,0.1746
2025-08-26 09:55:00,24450,CE,107.51,109.5,108.35,109.15,376,48105,0.1725
2025-08-26 09:55:00,24450,PE,992.87,1003.09,990.05,995.44,416,53504,0.1754
2025-08-26 09:55:00,24500,CE,126.56,127.57,126.54,126.73,273,49054,0.1774
2025-08-26 09:55:00,24500,PE,1053.18,1059.61,1049.55,1053.58,38,45875,0.1758
2025-08-26 09:55:00,24550,CE,117.6,119.7,117.43,118.67,87,47595,0.172
2025-08-26 09:55:00,24550,PE,1111.96,1106.28,1093.6,1099.77,41,41867,0.1756
2025-08-26 09:55:00,24600,CE,116.57,118.75,117.09,118.71,321,42609,0.1725
2025-08-26 09:55:00,24600,PE,1154.56,1150.81,1148.1,1149.26,205,40257,0.1735
2025-08-26 09:55:00,24650,CE,113.84,114.12,110.89,112.65,275,41609,0.175
2025-08-26 09:55:00,24650,PE,1181.32,1211.45,1183.75,1191.35,291,36194,0.1715
2025-08-26 09:55:00,24700,CE,115.52,116.47,114.74,116.06,332,36424,0.1764
2025-08-26 09:55:00,24700,PE,1249.87,1265.85,1243.63,1247.82,92,34156,0.1766
2025-08-26 09:55:00,24750,CE,123.43,127.22,123.16,123.73,215,33081,0.1785
2025-08-26 09:55:00,24750,PE,1283.62,1321.79,1284.75,1305.18,61,33663,0.1762
2025-08-26 09:55:00,24800,CE,122.92,122.73,121.62,122.25,193,30831,0.178
2025-08-26 09:55:00,24800,PE,1354.42,1360.58,1338.14,1345.08,110,29175,0.1754
2025-08-26 09:55:00,24850,CE,121.84,123.85,121.57,122.28,274,28146,0.1743
2025-08-26 09:55:00,24850,PE,1399.14,1406.01,1389.22,1401.79,177,32352,0.1766
2025-08-26 09:55:00,24900,CE,120.84,121.69,121.2,121.46,210,28064,0.1728
2025-08-26 09:55:00,24900,PE,1449.39,1440.51,1428.74,1440.27,80,26888,0.1703
2025-08-26 10:00:00,23500,CE,158.59,161.09,159.6,159.93,118,27264,0.1732
2025-08-26 10:00:00,23500,PE,111.08,111.33,110.87,111.15,1174,29179,0.1753
2025-08-26 10:00:00,23550,CE,112.28,114.8,110.97,112.54,1285,27333,0.1739
2025-08-26 10:00:00,23550,PE,121.17,122.31,119.61,120.37,1700,26263,0.1743
2025-08-26 10:00:00,23600,CE,123.24,125.23,122.57,122.93,664,30000,0.1776
2025-08-26 10:00:00,23600,PE,178.54,181.41,175.96,176.41,1034,33108,0.1743
2025-08-26 10:00:00,23650,CE,112.5,113.96,112.05,113.75,1162,30644,0.1732
2025-08-26 10:00:00,23650,PE,218.64,219.32,216.36,216.63,681,31856,0.1788
2025-08-26 10:00:00,23700,CE,117.12,118.73,115.9,117.38,392,34453,0.1756
2025-08-26 10:00:00,23700,PE,272.89,276.56,270.11,273.62,722,35436,0.1786
2025-08-26 10:00:00,23750,CE,116.38,117.75,115.25,115.46,1028,39251,0.1744
2025-08-26 10:00:00,23750,PE,324.78,329.63,322.39,326.29,586,37441,0.1775
2025-08-26 10:00:00,23800,CE,116.32,119.68,116.23,116.37,118,40685,0.1773
2025-08-26 10:00:00,23800,PE,369.8,370.56,368.46,369.05,880,37853,0.1746
2025-08-26 10:00:00,23850,CE,125.38,128.2,126.73,126.75,234,42307,0.173
2025-08-26 10:00:00,23850,PE,423.64,427.43,419.24,425.31,207,42688,0.1728
2025-08-26 10:00:00,23900,CE,119.65,121.34,119.59,119.69,389,46946,0.173
2025-08-26 10:00:00,23900,PE,480.52,481.71,477.5,479.87,303,45766,0.1774
2025-08-26 10:00:00,23950,CE,112.64,113.93,112.51,112.7,486,47646,0.1738
2025-08-26 10:00:00,23950,PE,526.17,528.15,521.01,527.49,49,50748,0.1758
2025-08-26 10:00:00,24000,CE,117.22,118.82,117.15,117.34,314,54185,0.175
2025-08-26 10:00:00,24000,PE,571.62,573.52,565.32,568.42,550,51963,0.177
2025-08-26 10:00:00,24050,CE,118.17,122.95,118.47,118.85,61,54540,0.1769
2025-08-26 10:00:00,24050,PE,622.83,623.01,616.65,619.12,551,58729,0.1751
2025-08-26 10:00:00,24100,CE,105.77,108.82,106.93,107.07,382,64845,0.1719
2025-08-26 10:00:00,24100,PE,678.47,678.66,670.1,676.73,20,61447,0.174
2025-08-26 10:00:00,24150,CE,116.34,118.66,117.69,117.74,426,68123,0.1776
2025-08-26 10:00:00,24150,PE,711.19,723.2,714.91,717.07,183,72133,0.1729
2025-08-26 10:00:00,24200,CE,117.62,118.51,118.01,118.02,430,82879,0.1765
2025-08-26 10:00:00,24200,PE,765.89,780.74,763.51,767.07,197,81464,0.1721
2025-08-26 10:00:00,24250,CE,116.16,116.93,113.57,115.55,72,78509,0.173
2025-08-26 10:00:00,24250,PE,820.65,834.83,813.3,822.21,112,76751,0.1773
2025-08-26 10:00:00,24300,CE,120.13,120.87,120.03,120.09,38,72276,0.1747
2025-08-26 10:00:00,24300,PE,871.44,881.79,865.77,871.47,26,67224,0.1722
2025-08-26 10:00:00,24350,CE,119.68,120.88,119.04,119.44,171,63461,0.1735
2025-08-26 10:00:00,24350,PE,920.87,919.3,909.04,919.01,56,63381,0.1783
2025-08-26 10:00:00,24400,CE,113.87,114.79,113.45,113.78,277,54612,0.1707
2025-08-26 10:00:00,24400,PE,967.19,982.07,960.11,970.69,212,57528,0.1727
2025-08-26 10:00:00,24450,CE,107.32,109.49,107.22,107.79,292,48152,0.1729
2025-08-26 10:00:00,24450,PE,1017.38,1053.79,999.62,1016.98,31,53556,0.1704
2025-08-26 10:00:00,24500,CE,115.06,116.71,114.21,114.43,145,48948,0.1775
2025-08-26 10:00:00,24500,PE,1068.28,1115.71,1062.97,1073.0,154,45698,0.1737
2025-08-26 10:00:00,24550,CE,109.8,109.83,109.13,109.69,96,47391,0.1704
2025-08-26 10:00:00,24550,PE,1129.5,1152.44,1124.67,1125.8,279,41536,0.1744
2025-08-26 10:00:00,24600,CE,108.11,109.38,107.64,107.71,286,42535,0.1696
2025-08-26 10:00:00,24600,PE,1160.87,1165.18,1149.99,1164.89,231,39798,0.1731
2025-08-26 10:00:00,24650,CE,118.29,118.81,116.64,117.4,79,42090,0.1746
2025-08-26 10:00:00,24650,PE,1214.35,1222.3,1214.04,1220.12,301,35677,0.1721
2025-08-26 10:00:00,24700,CE,111.23,115.34,111.68,112.39,315,36828,0.1771
2025-08-26 10:00:00,24700,PE,1262.48,1283.68,1263.51,1271.62,52,33845,0.1763
2025-08-26 10:00:00,24750,CE,117.3,118.34,117.9,118.24,64,33504,0.1772
2025-08-26 10:00:00,24750,PE,1305.29,1349.19,1317.2,1321.99,288,33927,0.1737
2025-08-26 10:00:00,24800,CE,117.44,120.03,117.08,117.79,85,31336,0.175
2025-08-26 10:00:00,24800,PE,1375.21,1371.11,1334.28,1368.74,276,29619,0.1748
2025-08-26 10:00:00,24850,CE,112.77,114.22,111.78,112.41,117,28387,0.17
2025-08-26 10:00:00,24850,PE,1420.41,1421.37,1418.14,1421.12,214,31934,0.1757
2025-08-26 10:00:00,24900,CE,116.97,118.99,115.19,116.77,180,28122,0.174
2025-08-26 10:00:00,24900,PE,1485.91,1490.44,1467.72,1474.45,180,26695,0.1756
2025-08-26 10:05:00,23500,CE,125.26,125.96,124.81,125.36,1173,27726,0.1759
2025-08-26 10:05:00,23500,PE,113.27,113.66,111.91,113.22,1063,29625,0.1775
2025-08-26 10:05:00,23550,CE,121.11,122.3,121.14,121.87,1217,27109,0.1727
2025-08-26 10:05:00,23550,PE,153.23,156.14,153.92,154.48,1162,26469,0.1744
2025-08-26 10:05:00,23600,CE,106.92,108.54,106.89,107.32,1282,29805,0.1717
2025-08-26 10:05:00,23600,PE,215.76,214.68,212.4,213.67,240,33321,0.1761
2025-08-26 10:05:00,23650,CE,115.17,116.98,114.78,115.68,763,30780,0.1754
2025-08-26 10:05:00,23650,PE,261.94,270.38,263.35,263.66,889,31869,0.1752
2025-08-26 10:05:00,23700,CE,110.18,110.74,110.71,110.74,49,34907,0.1721
2025-08-26 10:05:00,23700,PE,300.42,300.97,296.79,298.97,308,35131,0.1765
2025-08-26 10:05:00,23750,CE,121.87,124.47,121.22,122.32,787,39607,0.1796
2025-08-26 10:05:00,23750,PE,363.61,371.21,363.45,364.35,495,37668,0.1784
2025-08-26 10:05:00,23800,CE,124.34,123.9,122.65,123.7,84,40422,0.1747
2025-08-26 10:05:00,23800,PE,406.77,415.68,405.4,407.11,224,37759,0.1749
2025-08-26 10:05:00,23850,CE,113.56,115.9,114.69,114.92,297,41789,0.175
2025-08-26 10:05:00,23850,PE,457.34,454.77,450.18,452.65,560,42805,0.1791
2025-08-26 10:05:00,23900,CE,118.39,119.97,117.05,118.52,291,47411,0.1779
2025-08-26 10:05:00,23900,PE,505.09,506.49,500.68,504.34,277,45307,0.1725
2025-08-26 10:05:00,23950,CE,106.1,106.32,105.62,106.22,592,47204,0.171
2025-08-26 10:05:00,23950,PE,557.96,570.07,554.69,558.88,60,50717,0.1785
2025-08-26 10:05:00,24000,CE,118.17,119.53,117.66,118.49,381,53922,0.178
2025-08-26 10:05:00,24000,PE,608.0,617.24,609.03,611.42,547,51695,0.1723
2025-08-26 10:05:00,24050,CE,111.39,114.77,112.14,113.04,589,54706,0.1729
2025-08-26 10:05:00,24050,PE,666.46,652.19,649.82,651.44,120,58621,0.1767
2025-08-26 10:05:00,24100,CE,110.72,112.22,108.66,109.17,52,65258,0.1718
2025-08-26 10:05:00,24100,PE,697.58,700.91,692.88,699.37,376,61361,0.1772
2025-08-26 10:05:00,24150,CE,119.07,118.82,116.82,118.31,372,68261,0.1726
2025-08-26 10:05:00,24150,PE,761.09,767.76,755.4,765.23,330,72010,0.1816
2025-08-26 10:05:00,24200,CE,118.91,119.14,115.66,117.48,187,82586,0.1749
2025-08-26 10:05:00,24200,PE,793.42,820.65,791.06,801.41,407,81429,0.174
2025-08-26 10:05:00,24250,CE,114.56,115.38,112.24,113.44,234,78773,0.1732
2025-08-26 10:05:00,24250,PE,856.74,858.34,852.16,855.53,264,77294,0.1749
2025-08-26 10:05:00,24300,CE,119.92,119.3,118.4,119.01,118,71726,0.1765
2025-08-26 10:05:00,24300,PE,893.97,916.37,899.36,905.91,201,67262,0.1738
2025-08-26 10:05:00,24350,CE,113.46,114.46,112.9,113.93,368,63624,0.1734
2025-08-26 10:05:00,24350,PE,960.24,960.12,955.19,957.46,420,62883,0.1754
2025-08-26 10:05:00,24400,CE,117.94,118.9,117.5,117.97,233,55007,0.1726
2025-08-26 10:05:00,24400,PE,1012.97,1030.98,1006.98,1009.2,218,57259,0.1777
2025-08-26 10:05:00,24450,CE,115.93,118.32,115.95,117.1,316,48601,0.1729
2025-08-26 10:05:00,24450,PE,1059.01,1064.38,1047.28,1059.4,111,53619,0.1787
2025-08-26 10:05:00,24500,CE,112.44,113.75,110.96,112.43,318,48530,0.1732
2025-08-26 10:05:00,24500,PE,1108.99,1118.71,1094.56,1107.76,10,45985,0.1738
2025-08-26 10:05:00,24550,CE,110.19,112.22,109.81,111.12,286,46979,0.1761
2025-08-26 10:05:00,24550,PE,1147.92,1157.35,1151.74,1156.76,228,41800,0.1793
2025-08-26 10:05:00,24600,CE,121.91,121.71,120.0,120.81,352,42904,0.1756
2025-08-26 10:05:00,24600,PE,1212.6,1217.02,1193.55,1201.54,85,39888,0.1728
2025-08-26 10:05:00,24650,CE,109.77,110.1,109.08,109.6,259,41815,0.1726
2025-08-26 10:05:00,24650,PE,1248.97,1259.36,1243.06,1257.34,62,35601,0.1768
2025-08-26 10:05:00,24700,CE,117.6,118.58,117.61,117.62,246,36861,0.1753
2025-08-26 10:05:00,24700,PE,1294.28,1313.33,1299.02,1299.11,207,34043,0.1734
2025-08-26 10:05:00,24750,CE,119.79,121.33,121.15,121.22,314,33664,0.1718
2025-08-26 10:05:00,24750,PE,1364.0,1370.37,1360.26,1364.48,49,33807,0.1766
2025-08-26 10:05:00,24800,CE,112.64,112.74,111.78,112.31,58,31645,0.1739
2025-08-26 10:05:00,24800,PE,1446.05,1451.77,1404.68,1414.97,317,29944,0.1794
2025-08-26 10:05:00,24850,CE,112.57,114.88,113.25,113.55,79,28622,0.1767
2025-08-26 10:05:00,24850,PE,1456.24,1485.37,1459.49,1462.34,11,31660,0.1748
2025-08-26 10:05:00,24900,CE,123.39,123.87,122.55,123.29,94,28085,0.1775
2025-08-26 10:05:00,24900,PE,1499.84,1516.45,1487.94,1511.95,99,26614,0.1731
2025-08-26 10:10:00,23500,CE,113.82,114.81,114.54,114.56,36,28106,0.1734
2025-08-26 10:10:00,23500,PE,193.54,198.18,193.09,194.02,565,29994,0.175
2025-08-26 10:10:00,23550,CE,116.33,120.19,117.56,117.6,89,27548,0.1724
2025-08-26 10:10:00,23550,PE,243.54,246.36,241.66,245.66,773,26146,0.175
2025-08-26 10:10:00,23600,CE,119.69,120.87,118.49,119.69,824,30103,0.176
2025-08-26 10:10:00,23600,PE,297.85,297.36,295.29,297.35,796,33765,0.1753
2025-08-26 10:10:00,23650,CE,113.37,114.38,112.92,113.67,937,30379,0.1764
2025-08-26 10:10:00,23650,PE,351.96,352.69,348.67,351.27,288,31316,0.175
2025-08-26 10:10:00,23700,CE,113.6,115.01,113.93,114.98,73,34433,0.1763
2025-08-26 10:10:00,23700,PE,397.62,400.02,396.65,397.34,623,35258,0.1753
2025-08-26 10:10:00,23750,CE,112.32,113.54,110.04,111.69,41,39512,0.1732
2025-08-26 10:10:00,23750,PE,449.44,453.61,446.44,449.47,102,37302,0.1737
2025-08-26 10:10:00,23800,CE,122.69,122.92,121.53,122.57,53,40455,0.1817
2025-08-26 10:10:00,23800,PE,514.14,515.11,507.81,509.58,72,38101,0.1767
2025-08-26 10:10:00,23850,CE,105.03,107.13,106.83,107.11,657,42215,0.1717
2025-08-26 10:10:00,23850,PE,555.19,554.88,542.41,545.43,582,43107,0.1794
2025-08-26 10:10:00,23900,CE,113.58,118.91,115.55,115.77,600,47873,0.1711
2025-08-26 10:10:00,23900,PE,600.28,604.01,591.56,596.21,150,45432,0.1733
2025-08-26 10:10:00,23950,CE,113.41,114.0,113.13,113.37,196,47608,0.1746
2025-08-26 10:10:00,23950,PE,650.72,652.2,649.19,651.22,16,50617,0.1752
2025-08-26 10:10:00,24000,CE,114.49,115.99,114.64,114.65,226,54344,0.1709
2025-08-26 10:10:00,24000,PE,689.55,703.59,688.76,690.76,178,52169,0.176
2025-08-26 10:10:00,24050,CE,120.78,120.75,120.64,120.66,277,54929,0.1752
2025-08-26 10:10:00,24050,PE,748.77,747.15,743.88,745.32,296,58538,0.1768
2025-08-26 10:10:00,24100,CE,115.49,117.68,116.25,116.96,164,64996,0.177
2025-08-26 10:10:00,24100,PE,796.3,797.61,780.36,790.25,336,61151,0.1728
2025-08-26 10:10:00,24150,CE,105.5,108.57,106.6,106.9,429,67819,0.1743
2025-08-26 10:10:00,24150,PE,838.85,847.93,846.23,846.3,113,71466,0.1752
2025-08-26 10:10:00,24200,CE,108.18,109.8,108.07,108.71,408,82483,0.1739
2025-08-26 10:10:00,24200,PE,890.68,898.64,893.86,897.06,24,80880,0.1742
2025-08-26 10:10:00,24250,CE,116.78,115.98,115.29,115.46,414,79229,0.1731
2025-08-26 10:10:00,24250,PE,941.34,958.43,940.22,941.75,130,77473,0.1726
2025-08-26 10:10:00,24300,CE,129.39,131.16,128.56,129.08,114,72138,0.1787
2025-08-26 10:10:00,24300,PE,994.99,998.58,992.45,994.67,310,67195,0.1718
2025-08-26 10:10:00,24350,CE,116.71,116.34,115.94,116.1,384,63292,0.1783
2025-08-26 10:10:00,24350,PE,1041.79,1058.7,1043.05,1045.25,412,62631,0.1747
2025-08-26 10:10:00,24400,CE,114.64,115.39,114.42,115.23,353,55432,0.1752
2025-08-26 10:10:00,24400,PE,1087.49,1106.48,1096.04,1097.17,226,56805,0.173
2025-08-26 10:10:00,24450,CE,119.88,120.95,119.05,120.29,288,48838,0.1793
2025-08-26 10:10:00,24450,PE,1154.25,1156.95,1129.94,1149.67,331,53289,0.1758
2025-08-26 10:10:00,24500,CE,111.15,112.34,110.13,111.18,92,48353,0.1735
2025-08-26 10:10:00,24500,PE,1198.8,1215.32,1190.86,1203.65,139,45388,0.1753
2025-08-26 10:10:00,24550,CE,116.61,117.31,114.92,115.58,59,46953,0.1754
2025-08-26 10:10:00,24550,PE,1257.43,1258.19,1248.33,1250.86,343,41354,0.1736
2025-08-26 10:10:00,24600,CE,127.44,126.13,124.57,125.83,86,43335,0.1776
2025-08-26 10:10:00,24600,PE,1298.85,1327.85,1290.08,1298.57,18,39405,0.1748
2025-08-26 10:10:00,24650,CE,111.6,112.27,110.42,110.43,295,41515,0.1715
2025-08-26 10:10:00,24650,PE,1345.34,1353.96,1340.23,1340.41,105,35018,0.1758
2025-08-26 10:10:00,24700,CE,112.63,114.37,113.4,113.96,133,37452,0.1752
2025-08-26 10:10:00,24700,PE,1398.35,1406.72,1392.17,1396.83,316,34212,0.1727
2025-08-26 10:10:00,24750,CE,110.08,110.19,108.23,108.9,211,33836,0.1707
2025-08-26 10:10:00,24750,PE,1460.87,1459.11,1442.79,1452.68,217,33829,0.1726
2025-08-26 10:10:00,24800,CE,117.83,119.06,117.54,118.02,65,32086,0.1776
2025-08-26 10:10:00,24800,PE,1493.03,1547.77,1490.8,1493.09,265,29517,0.1734
2025-08-26 10:10:00,24850,CE,117.99,118.45,117.21,117.26,32,28973,0.1714
2025-08-26 10:10:00,24850,PE,1547.64,1546.53,1542.66,1546.02,18,32028,0.1737
2025-08-26 10:10:00,24900,CE,110.08,112.22,110.3,110.43,279,27528,0.1742
2025-08-26 10:10:00,24900,PE,1596.08,1620.49,1592.14,1598.73,228,26173,0.1716
2025-08-26 10:15:00,23500,CE,123.8,125.0,122.17,123.41,367,28162,0.1767
2025-08-26 10:15:00,23500,PE,250.65,248.66,245.49,248.61,833,29502,0.1778
2025-08-26 10:15:00,23550,CE,120.92,120.4,119.76,119.94,134,27286,0.1755
2025-08-26 10:15:00,23550,PE,290.93,295.91,288.96,292.63,744,26030,0.1757
2025-08-26 10:15:00,23600,CE,123.82,124.94,123.24,124.41,281,29691,0.1752
2025-08-26 10:15:00,23600,PE,354.35,355.31,350.86,353.34,948,34009,0.1748
2025-08-26 10:15:00,23650,CE,116.44,118.75,114.85,115.37,878,30373,0.1754
2025-08-26 10:15:00,23650,PE,403.88,405.23,402.79,403.07,732,31483,0.1741
2025-08-26 10:15:00,23700,CE,108.56,109.02,107.74,108.05,436,34402,0.178
2025-08-26 10:15:00,23700,PE,446.87,458.84,444.3,446.79,415,35152,0.175
2025-08-26 10:15:00,23750,CE,123.35,125.02,121.1,122.37,488,39502,0.1793
2025-08-26 10:15:00,23750,PE,511.95,511.65,506.79,510.32,734,37781,0.1754
2025-08-26 10:15:00,23800,CE,127.78,127.54,125.19,127.0,332,40330,0.1778
2025-08-26 10:15:00,23800,PE,549.71,557.92,540.14,549.11,536,38271,0.1758
2025-08-26 10:15:00,23850,CE,112.84,113.05,110.88,111.49,160,42615,0.1732
2025-08-26 10:15:00,23850,PE,586.95,609.0,586.69,592.46,451,43252,0.1739
2025-08-26 10:15:00,23900,CE,110.37,111.2,110.06,110.45,484,47544,0.1788
2025-08-26 10:15:00,23900,PE,654.33,659.3,647.88,656.04,494,44978,0.1743
2025-08-26 10:15:00,23950,CE,111.95,111.88,110.96,111.8,462,47717,0.1748
2025-08-26 10:15:00,23950,PE,697.48,708.91,692.21,701.78,341,50889,0.1764
2025-08-26 10:15:00,24000,CE,114.95,119.03,115.8,115.94,176,54666,0.1717
2025-08-26 10:15:00,24000,PE,737.81,742.71,728.79,741.4,22,52401,0.176
2025-08-26 10:15:00,24050,CE,111.09,112.67,111.33,111.98,415,54333,0.1795
2025-08-26 10:15:00,24050,PE,802.68,798.23,797.38,797.81,363,58866,0.1783
2025-08-26 10:15:00,24100,CE,113.18,114.66,112.87,114.12,262,65121,0.18
2025-08-26 10:15:00,24100,PE,832.36,859.06,848.07,851.87,37,61736,0.1743
2025-08-26 10:15:00,24150,CE,105.65,106.05,103.98,106.02,455,68136,0.1733
2025-08-26 10:15:00,24150,PE,886.57,904.95,893.05,897.47,14,71382,0.1752
2025-08-26 10:15:00,24200,CE,104.9,105.45,104.4,105.2,369,82694,0.1749
2025-08-26 10:15:00,24200,PE,933.96,950.61,944.54,949.91,407,81019,0.1743
2025-08-26 10:15:00,24250,CE,110.46,112.02,108.61,109.71,309,79033,0.1761
2025-08-26 10:15:00,24250,PE,1015.69,1015.03,998.31,1000.59,351,77513,0.1745
2025-08-26 10:15:00,24300,CE,110.78,110.34,109.04,109.54,331,71783,0.1741
2025-08-26 10:15:00,24300,PE,1036.3,1052.37,1040.64,1043.91,115,66700,0.17
2025-08-26 10:15:00,24350,CE,107.9,109.3,107.84,108.05,269,63571,0.1729
2025-08-26 10:15:00,24350,PE,1089.07,1100.78,1091.49,1099.42,117,62491,0.1758
2025-08-26 10:15:00,24400,CE,112.01,112.03,111.01,111.85,219,55738,0.1735
2025-08-26 10:15:00,24400,PE,1167.74,1163.56,1138.57,1156.69,119,56791,0.177
2025-08-26 10:15:00,24450,CE,113.25,114.29,113.22,113.35,73,49209,0.1743
2025-08-26 10:15:00,24450,PE,1203.72,1206.08,1182.64,1193.69,321,53576,0.1747
2025-08-26 10:15:00,24500,CE,113.99,114.8,113.56,113.85,289,48669,0.1748
2025-08-26 10:15:00,24500,PE,1245.92,1277.77,1255.59,1257.51,297,45303,0.1784
2025-08-26 10:15:00,24550,CE,110.19,113.42,109.9,111.13,74,47506,0.1761
2025-08-26 10:15:00,24550,PE,1284.52,1299.98,1281.22,1293.42,6,41240,0.172
2025-08-26 10:15:00,24600,CE,113.82,116.21,113.15,114.14,241,43686,0.1761
2025-08-26 10:15:00,24600,PE,1352.25,1368.59,1324.95,1354.94,228,39392,0.1735
2025-08-26 10:15:00,24650,CE,109.01,111.25,109.46,110.06,295,41197,0.1751
2025-08-26 10:15:00,24650,PE,1394.57,1443.36,1395.42,1397.23,50,35172,0.1731
2025-08-26 10:15:00,24700,CE,117.78,119.0,116.29,116.58,102,37414,0.176
2025-08-26 10:15:00,24700,PE,1443.17,1452.06,1435.07,1448.82,144,33928,0.1741
2025-08-26 10:15:00,24750,CE,115.99,116.22,114.56,115.4,300,33695,0.174
2025-08-26 10:15:00,24750,PE,1503.03,1505.05,1496.31,1496.32,203,33420,0.1765
2025-08-26 10:15:00,24800,CE,111.83,112.78,111.02,112.08,289,32670,0.1738
2025-08-26 10:15:00,24800,PE,1517.26,1544.96,1540.99,1543.74,24,29688,0.1677
2025-08-26 10:15:00,24850,CE,118.48,120.15,116.05,116.65,170,28581,0.1729
2025-08-26 10:15:00,24850,PE,1602.08,1621.57,1574.86,1601.01,219,32345,0.1772
2025-08-26 10:15:00,24900,CE,115.28,115.56,114.73,115.22,233,27650,0.1722
2025-08-26 10:15:00,24900,PE,1638.48,1656.76,1638.07,1644.76,196,26440,0.173
2025-08-26 10:20:00,23500,CE,110.24,112.68,108.94,111.12,813,28263,0.1781
2025-08-26 10:20:00,23500,PE,311.02,317.04,308.88,310.24,790,28974,0.1752
2025-08-26 10:20:00,23550,CE,116.53,118.57,117.54,118.27,595,26929,0.1775
2025-08-26 10:20:00,23550,PE,368.58,375.63,366.4,368.78,397,26352,0.1765
2025-08-26 10:20:00,23600,CE,119.09,121.02,120.28,120.55,111,29996,0.1734
2025-08-26 10:20:00,23600,PE,410.89,411.48,406.05,409.7,236,34313,0.1786
2025-08-26 10:20:00,23650,CE,120.86,124.53,119.45,120.85,617,29791,0.177
2025-08-26 10:20:00,23650,PE,463.16,475.99,456.6,462.6,197,31849,0.1783
2025-08-26 10:20:00,23700,CE,114.52,115.42,113.78,114.62,261,34328,0.1732
2025-08-26 10:20:00,23700,PE,499.76,512.23,499.48,507.25,23,35384,0.1765
2025-08-26 10:20:00,23750,CE,117.63,117.55,116.46,117.32,74,39228,0.1756
2025-08-26 10:20:00,23750,PE,560.28,573.33,558.25,565.87,335,38104,0.1771
2025-08-26 10:20:00,23800,CE,113.84,114.13,112.94,113.92,327,40908,0.1785
2025-08-26 10:20:00,23800,PE,619.2,619.81,608.38,614.81,342,37975,0.1767
2025-08-26 10:20:00,23850,CE,113.08,114.36,112.66,112.81,123,42956,0.176
2025-08-26 10:20:00,23850,PE,667.52,666.68,650.7,659.13,284,43377,0.1757
2025-08-26 10:20:00,23900,CE,114.41,114.0,112.54,112.98,217,47271,0.1735
2025-08-26 10:20:00,23900,PE,709.16,729.22,701.03,712.67,346,44731,0.1762
2025-08-26 10:20:00,23950,CE,114.4,116.24,114.77,114.87,541,47994,0.1742
2025-08-26 10:20:00,23950,PE,762.22,764.07,752.99,759.94,445,50630,0.1762
2025-08-26 10:20:00,24000,CE,117.2,118.24,117.7,117.89,23,54123,0.1739
2025-08-26 10:20:00,24000,PE,804.05,830.69,811.74,813.42,442,52849,0.1772
2025-08-26 10:20:00,24050,CE,122.82,121.5,119.78,121.01,334,54439,0.1767
2025-08-26 10:20:00,24050,PE,864.97,872.61,863.39,865.74,108,59176,0.1754
2025-08-26 10:20:00,24100,CE,116.56,119.64,114.86,115.75,243,65244,0.1746
2025-08-26 10:20:00,24100,PE,913.11,929.2,908.17,911.97,18,61755,0.1738
2025-08-26 10:20:00,24150,CE,107.29,107.32,106.36,106.88,310,68459,0.1737
2025-08-26 10:20:00,24150,PE,972.17,967.28,958.28,963.56,70,70820,0.1773
2025-08-26 10:20:00,24200,CE,113.87,114.93,114.13,114.51,365,82468,0.177
2025-08-26 10:20:00,24200,PE,1001.73,1026.92,997.54,1006.62,204,81171,0.1746
2025-08-26 10:20:00,24250,CE,115.84,115.7,114.23,115.51,204,79565,0.1761
2025-08-26 10:20:00,24250,PE,1054.82,1068.97,1051.63,1058.28,345,77385,0.1744
2025-08-26 10:20:00,24300,CE,109.81,111.77,109.77,110.61,80,72353,0.1739
2025-08-26 10:20:00,24300,PE,1117.54,1131.47,1098.54,1109.05,279,67006,0.1769
2025-08-26 10:20:00,24350,CE,115.75,114.72,113.55,113.78,178,63552,0.1771
2025-08-26 10:20:00,24350,PE,1166.97,1165.92,1139.97,1159.96,73,62405,0.1707
2025-08-26 10:20:00,24400,CE,110.46,111.31,109.89,110.6,200,55293,0.1711
2025-08-26 10:20:00,24400,PE,1215.54,1211.15,1206.89,1207.66,233,56929,0.174
2025-08-26 10:20:00,24450,CE,111.48,114.06,112.41,112.98,296,48671,0.1734
2025-08-26 10:20:00,24450,PE,1246.22,1266.26,1254.16,1256.49,83,53490,0.173
2025-08-26 10:20:00,24500,CE,106.62,108.26,107.0,107.02,299,48354,0.1696
2025-08-26 10:20:00,24500,PE,1308.64,1355.23,1302.0,1310.88,329,45850,0.1749
2025-08-26 10:20:00,24550,CE,120.7,119.95,118.56,119.53,35,47341,0.1764
2025-08-26 10:20:00,24550,PE,1357.09,1368.16,1352.24,1354.57,88,41227,0.1741
2025-08-26 10:20:00,24600,CE,122.5,122.78,121.74,122.14,294,43536,0.176
2025-08-26 10:20:00,24600,PE,1418.58,1420.49,1405.81,1406.7,212,38956,0.1719
2025-08-26 10:20:00,24650,CE,120.79,120.01,119.76,119.92,177,41020,0.1735
2025-08-26 10:20:00,24650,PE,1429.85,1462.15,1450.11,1456.43,282,35506,0.1719
2025-08-26 10:20:00,24700,CE,112.69,113.14,112.38,113.0,68,37559,0.1729
2025-08-26 10:20:00,24700,PE,1501.74,1532.94,1504.3,1511.38,105,33852,0.1724
2025-08-26 10:20:00,24750,CE,105.57,106.35,104.9,105.75,136,34079,0.1735
2025-08-26 10:20:00,24750,PE,1529.31,1572.78,1547.17,1550.63,87,32824,0.1699
2025-08-26 10:20:00,24800,CE,123.08,123.94,121.56,122.2,58,33061,0.1753
2025-08-26 10:20:00,24800,PE,1618.64,1640.79,1596.03,1614.68,86,29159,0.1771
2025-08-26 10:20:00,24850,CE,117.44,116.29,115.26,115.75,112,29025,0.1734
2025-08-26 10:20:00,24850,PE,1638.86,1676.37,1643.76,1656.96,239,32882,0.1706
2025-08-26 10:20:00,24900,CE,117.47,118.54,117.57,117.75,183,28033,0.174
2025-08-26 10:20:00,24900,PE,1699.24,1724.29,1703.83,1709.17,207,25863,0.1727
2025-08-26 10:25:00,23500,CE,111.71,113.59,111.19,112.29,443,28294,0.1785
2025-08-26 10:25:00,23500,PE,318.17,322.68,316.73,321.21,490,29368,0.1772
2025-08-26 10:25:00,23550,CE,121.58,121.42,121.23,121.36,923,26983,0.1764
2025-08-26 10:25:00,23550,PE,362.59,369.13,361.11,363.77,104,26183,0.1724
2025-08-26 10:25:00,23600,CE,108.29,110.71,108.49,109.85,180,29960,0.1727
2025-08-26 10:25:00,23600,PE,416.3,426.4,418.08,420.04,212,33809,0.1772
2025-08-26 10:25:00,23650,CE,109.97,113.27,109.56,110.62,146,29786,0.1748
2025-08-26 10:25:00,23650,PE,471.28,474.34,466.47,471.12,123,31282,0.1781
2025-08-26 10:25:00,23700,CE,120.45,120.87,119.67,119.94,214,34500,0.1762
2025-08-26 10:25:00,23700,PE,515.75,527.36,522.53,525.06,466,35252,0.1744
2025-08-26 10:25:00,23750,CE,118.77,120.19,116.78,117.24,457,38857,0.1762
2025-08-26 10:25:00,23750,PE,582.34,578.32,572.88,575.79,496,37524,0.1753
2025-08-26 10:25:00,23800,CE,113.14,113.03,112.61,112.64,95,41414,0.1744
2025-08-26 10:25:00,23800,PE,611.75,626.07,614.71,621.6,304,38042,0.1756
2025-08-26 10:25:00,23850,CE,112.19,113.12,111.68,111.95,244,43132,0.1757
2025-08-26 10:25:00,23850,PE,676.83,679.68,660.63,671.78,451,43712,0.1748
2025-08-26 10:25:00,23900,CE,123.63,127.35,122.43,123.59,148,47422,0.1744
2025-08-26 10:25:00,23900,PE,715.13,728.59,716.44,717.98,446,44626,0.1775
2025-08-26 10:25:00,23950,CE,114.06,119.13,115.76,116.71,210,48147,0.1756
2025-08-26 10:25:00,23950,PE,777.45,780.92,762.38,773.77,311,50333,0.181
2025-08-26 10:25:00,24000,CE,112.75,115.37,114.13,114.82,488,54196,0.1758
2025-08-26 10:25:00,24000,PE,812.82,824.63,814.1,819.47,291,52495,0.1723
2025-08-26 10:25:00,24050,CE,113.1,114.51,111.74,112.14,329,54939,0.1747
2025-08-26 10:25:00,24050,PE,855.11,869.15,862.35,864.67,354,59187,0.1755
2025-08-26 10:25:00,24100,CE,113.91,116.5,113.46,114.3,296,64924,0.1742
2025-08-26 10:25:00,24100,PE,911.43,928.96,909.0,922.11,35,61922,0.1718
2025-08-26 10:25:00,24150,CE,117.93,121.75,119.52,120.38,86,67967,0.1735
2025-08-26 10:25:00,24150,PE,973.09,988.46,974.21,977.78,343,70740,0.1745
2025-08-26 10:25:00,24200,CE,114.16,116.27,115.44,115.94,362,82907,0.1717
2025-08-26 10:25:00,24200,PE,1038.4,1038.71,1003.72,1028.42,58,81492,0.176
2025-08-26 10:25:00,24250,CE,114.7,116.07,113.34,115.97,140,79809,0.1685
2025-08-26 10:25:00,24250,PE,1063.82,1080.56,1054.02,1060.27,24,77349,0.1756
2025-08-26 10:25:00,24300,CE,107.72,109.59,106.91,108.79,247,72289,0.1768
2025-08-26 10:25:00,24300,PE,1146.91,1133.08,1122.98,1123.2,218,66419,0.1769
2025-08-26 10:25:00,24350,CE,124.32,124.94,123.97,124.62,8,63672,0.1757
2025-08-26 10:25:00,24350,PE,1182.81,1188.37,1159.72,1165.22,159,62497,0.1756
2025-08-26 10:25:00,24400,CE,111.71,112.73,112.41,112.56,133,54699,0.1705
2025-08-26 10:25:00,24400,PE,1227.45,1254.51,1207.14,1219.56,255,56493,0.1769
2025-08-26 10:25:00,24450,CE,111.95,114.74,110.44,112.63,275,48085,0.1747
2025-08-26 10:25:00,24450,PE,1283.18,1285.43,1255.29,1266.32,324,53193,0.1758
2025-08-26 10:25:00,24500,CE,113.28,114.28,113.77,114.12,301,47758,0.1727
2025-08-26 10:25:00,24500,PE,1306.46,1337.02,1309.49,1319.01,154,45750,0.174
2025-08-26 10:25:00,24550,CE,124.09,124.34,122.97,124.12,58,47312,0.1746
2025-08-26 10:25:00,24550,PE,1377.93,1383.69,1351.43,1371.04,74,41151,0.176
2025-08-26 10:25:00,24600,CE,112.23,114.16,109.13,110.91,121,43175,0.1757
2025-08-26 10:25:00,24600,PE,1448.0,1423.98,1394.46,1416.62,250,38984,0.1737
2025-08-26 10:25:00,24650,CE,108.44,108.73,108.25,108.31,257,41396,0.175
2025-08-26 10:25:00,24650,PE,1476.64,1496.19,1446.08,1472.49,84,35255,0.1729
2025-08-26 10:25:00,24700,CE,124.8,126.97,121.51,124.04,283,37334,0.1769
2025-08-26 10:25:00,24700,PE,1533.05,1525.61,1499.71,1516.52,32,33903,0.1731
2025-08-26 10:25:00,24750,CE,107.91,109.92,107.37,107.41,279,33759,0.1785
2025-08-26 10:25:00,24750,PE,1574.63,1595.28,1548.29,1566.47,185,32629,0.1723
2025-08-26 10:25:00,24800,CE,115.01,115.04,113.22,113.41,110,33003,0.1765
2025-08-26 10:25:00,24800,PE,1621.93,1667.82,1618.54,1624.64,44,29022,0.1759
2025-08-26 10:25:00,24850,CE,110.0,110.66,109.55,110.35,77,29406,0.172
2025-08-26 10:25:00,24850,PE,1656.02,1687.73,1662.42,1666.54,65,33300,0.1762
2025-08-26 10:25:00,24900,CE,115.91,120.84,114.48,116.67,8,27916,0.1771
2025-08-26 10:25:00,24900,PE,1717.56,1721.33,1703.81,1718.74,74,25800,0.1734
2025-08-26 10:30:00,23500,CE,110.91,112.92,109.08,112.03,909,28842,0.1746
2025-08-26 10:30:00,23500,PE,261.08,265.44,260.31,260.64,860,29371,0.1733
2025-08-26 10:30:00,23550,CE,119.32,120.9,117.89,119.3,546,27574,0.1794
2025-08-26 10:30:00,23550,PE,307.56,308.0,305.16,307.77,1041,26498,0.1747
2025-08-26 10:30:00,23600,CE,120.38,122.06,118.85,119.81,169,29677,0.1747
2025-08-26 10:30:00,23600,PE,354.22,358.72,357.15,358.43,270,33483,0.1742
2025-08-26 10:30:00,23650,CE,116.94,119.43,116.84,118.48,840,29376,0.1707
2025-08-26 10:30:00,23650,PE,412.78,425.21,412.47,415.19,742,31649,0.1795
2025-08-26 10:30:00,23700,CE,111.27,112.96,109.91,111.53,428,34268,0.1782
2025-08-26 10:30:00,23700,PE,473.64,484.27,468.56,470.1,221,35462,0.1768
2025-08-26 10:30:00,23750,CE,111.74,115.41,111.69,111.91,500,38905,0.174
2025-08-26 10:30:00,23750,PE,509.97,516.14,508.27,509.77,425,37915,0.1739
2025-08-26 10:30:00,23800,CE,114.98,117.03,114.5,115.92,522,41714,0.1759
2025-08-26 10:30:00,23800,PE,560.74,565.45,553.36,560.08,201,37518,0.1732
2025-08-26 10:30:00,23850,CE,114.37,114.62,114.17,114.44,301,42938,0.1736
2025-08-26 10:30:00,23850,PE,621.01,624.05,615.62,617.34,222,43736,0.1752
2025-08-26 10:30:00,23900,CE,110.0,111.62,108.94,110.28,560,47786,0.1762
2025-08-26 10:30:00,23900,PE,672.45,667.85,656.61,666.58,411,44882,0.1768
2025-08-26 10:30:00,23950,CE,114.26,113.45,111.39,112.9,241,48206,0.1742
2025-08-26 10:30:00,23950,PE,717.8,728.84,707.51,714.28,252,50703,0.1785
2025-08-26 10:30:00,24000,CE,125.02,128.29,125.67,126.74,534,54117,0.1747
2025-08-26 10:30:00,24000,PE,764.67,775.52,771.27,771.84,391,51961,0.1742
2025-08-26 10:30:00,24050,CE,113.66,114.1,113.67,113.84,210,55383,0.174
2025-08-26 10:30:00,24050,PE,808.0,826.99,805.14,815.17,354,59218,0.1735
2025-08-26 10:30:00,24100,CE,112.28,114.15,112.77,112.78,110,65294,0.172
2025-08-26 10:30:00,24100,PE,872.47,890.09,864.81,875.35,473,61792,0.1761
2025-08-26 10:30:00,24150,CE,117.74,118.15,116.4,117.76,377,68073,0.1736
2025-08-26 10:30:00,24150,PE,919.55,913.84,909.56,912.82,189,70537,0.1752
2025-08-26 10:30:00,24200,CE,108.3,110.06,106.07,107.58,227,82798,0.1754
2025-08-26 10:30:00,24200,PE,962.3,965.67,952.2,960.81,276,81068,0.1754
2025-08-26 10:30:00,24250,CE,125.62,126.55,124.3,124.56,206,80098,0.1762
2025-08-26 10:30:00,24250,PE,1007.33,1033.93,992.59,1010.75,360,77085,0.173
2025-08-26 10:30:00,24300,CE,110.37,112.2,111.86,112.0,247,72051,0.1746
2025-08-26 10:30:00,24300,PE,1051.15,1079.26,1058.53,1065.26,323,66244,0.1714
2025-08-26 10:30:00,24350,CE,112.24,110.24,108.82,109.65,266,63590,0.1769
2025-08-26 10:30:00,24350,PE,1104.54,1117.2,1106.1,1112.55,109,62588,0.1749
2025-08-26 10:30:00,24400,CE,117.13,118.95,114.36,115.32,237,54918,0.1774
2025-08-26 10:30:00,24400,PE,1169.64,1173.92,1146.66,1161.7,299,56703,0.176
2025-08-26 10:30:00,24450,CE,111.23,114.06,111.97,113.12,310,47993,0.1776
2025-08-26 10:30:00,24450,PE,1210.94,1220.61,1207.04,1210.25,187,53171,0.1727
2025-08-26 10:30:00,24500,CE,111.09,113.61,111.18,111.29,205,47326,0.1746
2025-08-26 10:30:00,24500,PE,1264.45,1271.4,1246.93,1261.45,300,45775,0.1746
2025-08-26 10:30:00,24550,CE,114.91,114.43,112.74,113.94,189,47764,0.1718
2025-08-26 10:30:00,24550,PE,1299.79,1319.57,1310.02,1311.27,160,41103,0.176
2025-08-26 10:30:00,24600,CE,119.66,120.87,117.32,118.98,187,43700,0.1737
2025-08-26 10:30:00,24600,PE,1367.02,1373.97,1358.24,1360.36,87,38570,0.1747
2025-08-26 10:30:00,24650,CE,113.48,116.04,111.53,113.01,38,41680,0.1745
2025-08-26 10:30:00,24650,PE,1406.81,1425.28,1406.47,1408.17,8,35504,0.1705
2025-08-26 10:30:00,24700,CE,108.43,110.88,107.28,109.58,272,37551,0.1724
2025-08-26 10:30:00,24700,PE,1466.75,1457.55,1436.99,1453.39,56,34098,0.1754
2025-08-26 10:30:00,24750,CE,116.4,117.76,117.64,117.66,134,33185,0.1744
2025-08-26 10:30:00,24750,PE,1495.89,1533.21,1495.81,1510.07,62,32919,0.1721
2025-08-26 10:30:00,24800,CE,121.22,123.24,121.87,121.99,164,33002,0.1745
2025-08-26 10:30:00,24800,PE,1556.07,1570.34,1562.46,1566.91,225,29051,0.1751
2025-08-26 10:30:00,24850,CE,115.86,115.77,113.66,114.72,272,28867,0.1755
2025-08-26 10:30:00,24850,PE,1614.89,1620.95,1605.22,1608.13,83,32926,0.1707
2025-08-26 10:30:00,24900,CE,117.36,118.08,116.08,116.95,115,28409,0.1712
2025-08-26 10:30:00,24900,PE,1665.78,1666.94,1654.9,1666.13,114,25578,0.1771
2025-08-26 10:35:00,23500,CE,107.95,108.39,107.23,108.2,131,28714,0.1744
2025-08-26 10:35:00,23500,PE,216.97,219.36,212.27,216.82,318,28998,0.1789
2025-08-26 10:35:00,23550,CE,115.53,115.64,114.91,115.48,172,27732,0.1748
2025-08-26 10:35:00,23550,PE,259.65,262.08,257.68,259.93,831,26786,0.1743
2025-08-26 10:35:00,23600,CE,121.29,123.0,120.31,122.64,71,30182,0.174
2025-08-26 10:35:00,23600,PE,317.29,320.63,317.85,319.23,537,33557,0.1754
2025-08-26 10:35:00,23650,CE,113.43,116.09,113.26,114.8,831,29106,0.1793
2025-08-26 10:35:00,23650,PE,371.46,374.56,366.64,370.29,483,31134,0.1761
2025-08-26 10:35:00,23700,CE,118.86,117.59,116.25,117.33,432,33987,0.1757
2025-08-26 10:35:00,23700,PE,420.18,422.76,411.1,416.97,168,35604,0.1769
2025-08-26 10:35:00,23750,CE,112.96,113.71,110.81,112.74,114,39473,0.1762
2025-08-26 10:35:00,23750,PE,449.39,469.95,448.86,455.7,194,37410,0.1751
2025-08-26 10:35:00,23800,CE,109.39,110.88,108.34,108.94,335,41580,0.1762
2025-08-26 10:35:00,23800,PE,515.46,519.96,509.78,516.94,488,37718,0.1732
2025-08-26 10:35:00,23850,CE,111.03,110.08,108.27,109.75,410,43027,0.1735
2025-08-26 10:35:00,23850,PE,567.13,577.57,562.06,566.22,535,43918,0.1768
2025-08-26 10:35:00,23900,CE,110.51,111.18,109.06,109.92,98,47741,0.1758
2025-08-26 10:35:00,23900,PE,616.0,614.65,610.45,612.9,444,44602,0.1753
2025-08-26 10:35:00,23950,CE,114.9,116.32,113.64,114.98,522,48185,0.1715
2025-08-26 10:35:00,23950,PE,668.9,671.7,663.14,664.68,200,50560,0.1731
2025-08-26 10:35:00,24000,CE,112.46,113.58,111.93,113.02,355,54368,0.1773
2025-08-26 10:35:00,24000,PE,722.02,718.62,716.74,717.03,152,51566,0.1735
2025-08-26 10:35:00,24050,CE,114.55,118.79,112.8,113.77,57,55378,0.1767
2025-08-26 10:35:00,24050,PE,759.7,783.14,755.02,766.66,499,59768,0.1736
2025-08-26 10:35:00,24100,CE,104.47,107.32,106.06,106.66,289,65332,0.1742
2025-08-26 10:35:00,24100,PE,813.02,837.62,817.17,824.32,261,61476,0.1771
2025-08-26 10:35:00,24150,CE,118.31,118.52,116.72,117.84,206,68596,0.1787
2025-08-26 10:35:00,24150,PE,867.89,881.25,853.53,865.02,302,70229,0.1783
2025-08-26 10:35:00,24200,CE,115.43,117.31,114.34,115.42,47,83099,0.1738
2025-08-26 10:35:00,24200,PE,904.29,923.45,908.16,909.11,419,80599,0.1725
2025-08-26 10:35:00,24250,CE,117.4,119.19,116.23,116.48,170,80520,0.173
2025-08-26 10:35:00,24250,PE,974.54,987.52,961.81,968.21,117,76701,0.1726
2025-08-26 10:35:00,24300,CE,115.51,117.33,113.9,115.15,171,71924,0.1753
2025-08-26 10:35:00,24300,PE,1028.8,1035.89,1004.37,1017.51,207,66802,0.1746
2025-08-26 10:35:00,24350,CE,114.49,113.48,111.72,112.68,395,63685,0.1726
2025-08-26 10:35:00,24350,PE,1062.57,1088.24,1072.44,1073.29,36,62304,0.1752
2025-08-26 10:35:00,24400,CE,117.09,114.96,113.98,114.82,75,54318,0.1717
2025-08-26 10:35:00,24400,PE,1115.06,1120.73,1104.4,1112.45,153,56111,0.1723
2025-08-26 10:35:00,24450,CE,112.78,114.16,112.15,112.52,218,47722,0.1738
2025-08-26 10:35:00,24450,PE,1178.11,1175.99,1142.64,1168.71,274,53203,0.1742
2025-08-26 10:35:00,24500,CE,108.61,109.09,108.29,108.98,344,47307,0.1765
2025-08-26 10:35:00,24500,PE,1207.95,1218.73,1202.12,1215.27,61,46281,0.1752
2025-08-26 10:35:00,24550,CE,112.45,112.51,111.16,111.39,111,48080,0.1747
2025-08-26 10:35:00,24550,PE,1255.99,1264.4,1245.38,1263.61,275,41612,0.1722
2025-08-26 10:35:00,24600,CE,119.72,118.37,117.49,117.78,218,43714,0.1761
2025-08-26 10:35:00,24600,PE,1307.71,1330.52,1308.64,1311.18,133,38505,0.1749
2025-08-26 10:35:00,24650,CE,116.52,119.83,117.44,117.63,256,41759,0.1735
2025-08-26 10:35:00,24650,PE,1359.59,1368.64,1360.53,1365.41,21,35350,0.1756
2025-08-26 10:35:00,24700,CE,110.75,112.58,111.38,112.16,289,37203,0.1717
2025-08-26 10:35:00,24700,PE,1392.9,1411.36,1404.87,1410.78,152,34501,0.176
2025-08-26 10:35:00,24750,CE,118.58,118.75,115.7,118.04,92,33401,0.1734
2025-08-26 10:35:00,24750,PE,1480.95,1470.22,1454.4,1464.52,241,32709,0.1736
2025-08-26 10:35:00,24800,CE,121.78,124.04,123.51,123.72,267,32937,0.1781
2025-08-26 10:35:00,24800,PE,1523.41,1544.38,1496.3,1514.64,91,28721,0.1759
2025-08-26 10:35:00,24850,CE,113.19,116.3,112.31,113.79,80,28942,0.1775
2025-08-26 10:35:00,24850,PE,1560.24,1595.89,1566.42,1572.47,68,32756,0.1742
2025-08-26 10:35:00,24900,CE,114.56,115.52,113.83,114.06,201,28859,0.1743
2025-08-26 10:35:00,24900,PE,1633.64,1623.07,1595.73,1617.94,192,25612,0.1758
2025-08-26 10:40:00,23500,CE,120.39,122.24,120.4,121.44,745,28608,0.176
2025-08-26 10:40:00,23500,PE,310.47,316.1,310.74,312.36,300,29297,0.1812
2025-08-26 10:40:00,23550,CE,114.37,115.49,112.2,114.02,143,28218,0.1737
2025-08-26 10:40:00,23550,PE,364.92,366.98,360.79,362.28,420,27166,0.1779
2025-08-26 10:40:00,23600,CE,111.46,111.32,110.32,110.67,99,30175,0.1754
2025-08-26 10:40:00,23600,PE,402.38,407.07,398.51,402.71,378,33384,0.1729
2025-08-26 10:40:00,23650,CE,118.89,119.31,118.73,118.83,419,29300,0.1751
2025-08-26 10:40:00,23650,PE,458.53,464.41,455.12,458.24,760,31514,0.1757
2025-08-26 10:40:00,23700,CE,125.36,128.25,126.4,126.77,181,34561,0.1773
2025-08-26 10:40:00,23700,PE,512.98,521.46,504.98,506.63,378,35552,0.174
2025-08-26 10:40:00,23750,CE,112.07,114.29,112.56,112.74,18,39674,0.1757
2025-08-26 10:40:00,23750,PE,549.52,554.31,546.2,550.22,616,37161,0.1736
2025-08-26 10:40:00,23800,CE,111.25,111.38,110.54,110.72,564,41084,0.1751
2025-08-26 10:40:00,23800,PE,606.22,608.06,601.7,607.2,627,37421,0.1769
2025-08-26 10:40:00,23850,CE,115.25,117.61,115.55,115.81,298,42444,0.1728
2025-08-26 10:40:00,23850,PE,669.47,668.01,662.05,663.2,548,43929,0.1799
2025-08-26 10:40:00,23900,CE,110.8,113.23,112.12,112.15,558,47588,0.1754
2025-08-26 10:40:00,23900,PE,704.25,714.47,706.82,711.63,43,44815,0.1731
2025-08-26 10:40:00,23950,CE,107.46,109.44,105.79,107.24,95,48323,0.1771
2025-08-26 10:40:00,23950,PE,755.35,771.26,745.43,753.36,27,50161,0.1755
2025-08-26 10:40:00,24000,CE,115.8,118.57,116.02,116.37,331,54576,0.1759
2025-08-26 10:40:00,24000,PE,800.39,801.65,796.92,801.34,85,51190,0.1731
2025-08-26 10:40:00,24050,CE,119.7,121.61,119.76,120.75,421,54785,0.1761
2025-08-26 10:40:00,24050,PE,853.68,853.44,831.67,849.32,118,60332,0.1738
2025-08-26 10:40:00,24100,CE,110.69,110.63,109.59,110.41,259,64764,0.1763
2025-08-26 10:40:00,24100,PE,898.73,914.2,893.31,904.81,417,61286,0.1723
2025-08-26 10:40:00,24150,CE,116.6,117.19,117.12,117.17,321,68761,0.1756
2025-08-26 10:40:00,24150,PE,953.73,948.72,938.51,947.23,168,70073,0.1742
2025-08-26 10:40:00,24200,CE,111.63,111.98,110.36,111.38,238,82956,0.1762
2025-08-26 10:40:00,24200,PE,1003.27,1020.08,987.99,996.38,79,80866,0.1725
2025-08-26 10:40:00,24250,CE,109.54,109.89,107.68,108.35,278,80642,0.1744
2025-08-26 10:40:00,24250,PE,1056.99,1068.17,1051.65,1056.43,305,76723,0.1739
2025-08-26 10:40:00,24300,CE,116.48,117.93,116.75,117.11,365,72387,0.176
2025-08-26 10:40:00,24300,PE,1104.46,1118.45,1097.02,1108.27,386,66331,0.1757
2025-08-26 10:40:00,24350,CE,114.38,117.11,115.17,115.23,44,63648,0.1761
2025-08-26 10:40:00,24350,PE,1161.59,1178.99,1146.04,1160.97,264,61990,0.1745
2025-08-26 10:40:00,24400,CE,103.86,108.43,103.76,105.33,47,53762,0.1756
2025-08-26 10:40:00,24400,PE,1178.78,1237.68,1201.39,1205.25,204,56685,0.1726
2025-08-26 10:40:00,24450,CE,113.46,116.12,113.03,114.8,166,48002,0.1734
2025-08-26 10:40:00,24450,PE,1249.7,1279.7,1259.72,1260.4,23,52862,0.1741
2025-08-26 10:40:00,24500,CE,108.0,108.3,106.77,106.87,233,47189,0.1731
2025-08-26 10:40:00,24500,PE,1295.86,1317.33,1294.61,1300.48,14,45952,0.173
2025-08-26 10:40:00,24550,CE,117.83,118.79,116.71,117.15,261,48301,0.1774
2025-08-26 10:40:00,24550,PE,1345.66,1367.87,1334.35,1353.67,267,41432,0.1771
2025-08-26 10:40:00,24600,CE,120.65,123.01,122.01,122.3,296,44217,0.173
2025-08-26 10:40:00,24600,PE,1416.47,1413.9,1404.14,1405.71,120,38154,0.1755
2025-08-26 10:40:00,24650,CE,115.83,117.23,114.15,116.19,296,41578,0.1763
2025-08-26 10:40:00,24650,PE,1432.42,1460.21,1455.62,1456.93,155,35868,0.1759
2025-08-26 10:40:00,24700,CE,112.82,115.0,114.16,114.43,84,37664,0.1743
2025-08-26 10:40:00,24700,PE,1514.62,1507.78,1488.64,1506.82,52,34252,0.1718
2025-08-26 10:40:00,24750,CE,121.64,123.1,121.36,122.69,115,33380,0.1775
2025-08-26 10:40:00,24750,PE,1551.78,1586.73,1552.47,1552.71,74,33169,0.1757
2025-08-26 10:40:00,24800,CE,100.24,98.61,97.48,98.55,189,33141,0.1726
2025-08-26 10:40:00,24800,PE,1630.23,1637.67,1588.94,1611.49,207,28885,0.1744
2025-08-26 10:40:00,24850,CE,115.77,118.19,115.62,115.99,178,29134,0.1764
2025-08-26 10:40:00,24850,PE,1667.66,1668.25,1661.77,1665.54,199,33261,0.175
2025-08-26 10:40:00,24900,CE,114.08,116.38,114.74,114.9,55,28879,0.1714
2025-08-26 10:40:00,24900,PE,1720.44,1724.64,1698.31,1707.96,52,25230,0.1746
2025-08-26 10:45:00,23500,CE,221.02,220.55,218.67,219.18,1237,28575,0.1758
2025-08-26 10:45:00,23500,PE,122.26,122.81,121.96,121.99,922,29571,0.1766
2025-08-26 10:45:00,23550,CE,175.72,176.64,174.99,175.23,71,28208,0.1761
2025-08-26 10:45:00,23550,PE,122.88,124.72,122.46,123.49,290,26941,0.1757
2025-08-26 10:45:00,23600,CE,120.24,121.74,118.84,120.03,354,30374,0.1738
2025-08-26 10:45:00,23600,PE,110.66,113.15,112.7,112.87,257,33324,0.1762
2025-08-26 10:45:00,23650,CE,112.06,112.33,110.9,111.32,493,29855,0.1728
2025-08-26 10:45:00,23650,PE,152.89,153.64,151.18,152.25,1230,31336,0.1766
2025-08-26 10:45:00,23700,CE,111.65,112.75,110.93,110.99,410,34821,0.1723
2025-08-26 10:45:00,23700,PE,212.03,212.13,208.29,211.86,857,35618,0.1733
2025-08-26 10:45:00,23750,CE,118.33,120.07,117.79,118.76,103,39167,0.1733
2025-08-26 10:45:00,23750,PE,259.01,263.55,259.09,260.26,762,37124,0.1749
2025-08-26 10:45:00,23800,CE,111.88,114.62,111.18,112.29,882,40518,0.176
2025-08-26 10:45:00,23800,PE,314.31,319.79,310.54,314.76,211,37768,0.176
2025-08-26 10:45:00,23850,CE,112.99,115.28,111.83,113.18,939,42725,0.1739
2025-08-26 10:45:00,23850,PE,356.42,361.69,352.12,356.94,27,43389,0.1763
2025-08-26 10:45:00,23900,CE,118.08,120.69,118.16,119.07,770,47587,0.1784
2025-08-26 10:45:00,23900,PE,406.4,415.94,405.47,411.93,441,45368,0.1728
2025-08-26 10:45:00,23950,CE,116.11,120.27,115.83,117.01,209,48064,0.1772
2025-08-26 10:45:00,23950,PE,469.64,469.81,463.65,464.93,556,50646,0.1704
2025-08-26 10:45:00,24000,CE,118.26,119.65,116.87,117.22,280,54157,0.1754
2025-08-26 10:45:00,24000,PE,509.46,505.29,500.08,503.23,53,50597,0.1742
2025-08-26 10:45:00,24050,CE,126.73,127.66,125.56,126.54,266,54821,0.1754
2025-08-26 10:45:00,24050,PE,562.34,561.72,555.4,558.95,345,60019,0.1757
2025-08-26 10:45:00,24100,CE,117.75,122.23,117.29,118.53,441,65219,0.1755
2025-08-26 10:45:00,24100,PE,607.86,615.85,603.5,605.93,159,61494,0.1777
2025-08-26 10:45:00,24150,CE,116.72,117.94,115.66,116.96,336,68985,0.1774
2025-08-26 10:45:00,24150,PE,669.11,669.19,659.73,663.91,18,70280,0.1747
2025-08-26 10:45:00,24200,CE,116.88,117.2,115.23,116.0,430,83170,0.1729
2025-08-26 10:45:00,24200,PE,727.68,723.68,714.19,722.86,483,81162,0.1773
2025-08-26 10:45:00,24250,CE,113.43,114.33,112.85,112.97,534,80845,0.1735
2025-08-26 10:45:00,24250,PE,770.18,765.88,755.28,763.42,246,77124,0.1753
2025-08-26 10:45:00,24300,CE,117.77,118.32,117.57,117.66,360,72456,0.1738
2025-08-26 10:45:00,24300,PE,805.92,800.38,796.31,798.94,301,66151,0.1751
2025-08-26 10:45:00,24350,CE,116.24,118.54,115.25,116.67,303,63608,0.1722
2025-08-26 10:45:00,24350,PE,865.77,868.82,862.43,867.47,71,61918,0.1764
2025-08-26 10:45:00,24400,CE,121.69,123.0,119.92,121.76,443,53561,0.1774
2025-08-26 10:45:00,24400,PE,907.39,928.94,903.29,912.54,318,56583,0.1751
2025-08-26 10:45:00,24450,CE,119.88,120.77,118.95,119.91,132,47863,0.1755
2025-08-26 10:45:00,24450,PE,955.25,966.29,954.83,963.81,427,52395,0.1762
2025-08-26 10:45:00,24500,CE,117.58,119.0,117.4,117.63,287,47585,0.1765
2025-08-26 10:45:00,24500,PE,1016.9,1026.46,1008.55,1015.85,84,46259,0.1753
2025-08-26 10:45:00,24550,CE,123.22,126.87,121.55,122.53,262,48106,0.1763
2025-08-26 10:45:00,24550,PE,1064.27,1065.95,1061.55,1063.62,77,41966,0.1767
2025-08-26 10:45:00,24600,CE,118.59,119.85,117.95,118.11,82,44756,0.1755
2025-08-26 10:45:00,24600,PE,1113.96,1130.65,1113.84,1114.14,257,38582,0.1773
2025-08-26 10:45:00,24650,CE,116.1,116.48,114.21,114.87,116,41013,0.1703
2025-08-26 10:45:00,24650,PE,1171.17,1169.63,1153.31,1162.52,250,35713,0.1771
2025-08-26 10:45:00,24700,CE,117.55,119.11,117.33,117.92,203,37612,0.1737
2025-08-26 10:45:00,24700,PE,1231.83,1211.89,1201.13,1206.55,121,34514,0.1748
2025-08-26 10:45:00,24750,CE,122.8,122.14,121.74,121.97,179,33541,0.173
2025-08-26 10:45:00,24750,PE,1267.71,1267.06,1240.5,1264.21,238,33383,0.173
2025-08-26 10:45:00,24800,CE,115.74,114.97,113.13,114.95,115,33461,0.1748
2025-08-26 10:45:00,24800,PE,1313.17,1307.17,1283.3,1301.2,78,29423,0.1722
2025-08-26 10:45:00,24850,CE,109.91,111.62,111.24,111.28,266,29195,0.173
2025-08-26 10:45:00,24850,PE,1341.29,1376.21,1346.19,1355.12,63,33745,0.1743
2025-08-26 10:45:00,24900,CE,111.43,111.13,110.53,110.79,178,29256,0.1744
2025-08-26 10:45:00,24900,PE,1425.13,1428.93,1401.7,1416.58,13,25035,0.174
2025-08-26 10:50:00,23500,CE,215.94,216.43,214.22,216.11,410,28951,0.1752
2025-08-26 10:50:00,23500,PE,111.19,115.82,111.14,111.61,624,29111,0.1723
2025-08-26 10:50:00,23550,CE,170.21,173.52,168.4,169.66,944,27798,0.1749
2025-08-26 10:50:00,23550,PE,116.02,116.58,113.75,116.36,692,27531,0.1723
2025-08-26 10:50:00,23600,CE,112.47,113.64,110.68,111.62,795,30288,0.1753
2025-08-26 10:50:00,23600,PE,110.01,111.44,111.17,111.33,100,33276,0.1785
2025-08-26 10:50:00,23650,CE,104.36,108.29,105.24,106.03,1466,30396,0.1724
2025-08-26 10:50:00,23650,PE,175.25,173.85,170.39,171.99,1475,31170,0.1762
2025-08-26 10:50:00,23700,CE,115.04,118.04,114.25,115.3,106,34505,0.176
2025-08-26 10:50:00,23700,PE,222.44,222.81,217.51,219.33,297,35111,0.1763
2025-08-26 10:50:00,23750,CE,115.98,118.32,114.86,116.85,836,39194,0.1742
2025-08-26 10:50:00,23750,PE,271.66,270.68,267.18,270.43,850,36763,0.1754
2025-08-26 10:50:00,23800,CE,122.39,122.63,121.5,122.21,734,39995,0.1745
2025-08-26 10:50:00,23800,PE,312.51,318.82,312.44,315.23,761,38143,0.175
2025-08-26 10:50:00,23850,CE,117.19,119.15,117.98,118.0,252,42519,0.175
2025-08-26 10:50:00,23850,PE,373.82,375.48,371.18,371.25,421,43484,0.1728
2025-08-26 10:50:00,23900,CE,116.67,117.39,114.96,115.84,464,47112,0.1769
2025-08-26 10:50:00,23900,PE,416.16,418.97,410.12,411.7,337,45374,0.1722
2025-08-26 10:50:00,23950,CE,118.06,117.25,112.39,115.51,494,48222,0.177
2025-08-26 10:50:00,23950,PE,466.62,473.58,460.81,466.43,535,50585,0.1727
2025-08-26 10:50:00,24000,CE,121.05,124.12,120.7,120.75,377,53961,0.1753
2025-08-26 10:50:00,24000,PE,523.61,517.4,507.58,514.66,209,50370,0.1808
2025-08-26 10:50:00,24050,CE,120.79,119.63,118.54,119.4,307,54352,0.1786
2025-08-26 10:50:00,24050,PE,564.5,564.78,557.07,563.05,159,59557,0.1741
2025-08-26 10:50:00,24100,CE,117.55,123.42,117.88,119.02,269,65213,0.1737
2025-08-26 10:50:00,24100,PE,610.19,615.17,608.94,612.7,113,61060,0.1757
2025-08-26 10:50:00,24150,CE,119.8,121.78,120.49,121.25,322,68653,0.1762
2025-08-26 10:50:00,24150,PE,687.92,686.69,670.8,677.92,526,69877,0.1768
2025-08-26 10:50:00,24200,CE,121.73,120.17,119.61,119.9,279,83532,0.1748
2025-08-26 10:50:00,24200,PE,711.07,714.9,704.2,708.03,67,81101,0.1768
2025-08-26 10:50:00,24250,CE,115.79,118.19,114.6,116.85,259,80908,0.1757
2025-08-26 10:50:00,24250,PE,765.65,790.52,757.5,763.19,478,77223,0.179
2025-08-26 10:50:00,24300,CE,120.8,126.28,121.03,122.02,198,72331,0.1738
2025-08-26 10:50:00,24300,PE,812.59,818.97,803.7,811.24,322,65909,0.1774
2025-08-26 10:50:00,24350,CE,109.9,113.58,111.3,111.43,335,63466,0.1746
2025-08-26 10:50:00,24350,PE,860.48,870.09,852.27,867.22,36,61959,0.1768
2025-08-26 10:50:00,24400,CE,119.03,120.26,117.97,119.78,122,53391,0.1754
2025-08-26 10:50:00,24400,PE,910.79,916.25,911.0,913.55,155,56146,0.1713
2025-08-26 10:50:00,24450,CE,112.28,114.56,111.98,112.95,133,48359,0.1745
2025-08-26 10:50:00,24450,PE,959.69,971.18,952.18,960.61,146,52673,0.176
2025-08-26 10:50:00,24500,CE,116.14,117.65,114.56,115.76,177,47064,0.1733
2025-08-26 10:50:00,24500,PE,1034.23,1029.88,1008.15,1018.2,356,46745,0.1768
2025-08-26 10:50:00,24550,CE,114.26,117.45,115.72,115.89,101,47710,0.1715
2025-08-26 10:50:00,24550,PE,1067.65,1086.47,1063.37,1071.47,379,41483,0.179
2025-08-26 10:50:00,24600,CE,111.49,112.74,109.89,111.61,348,44363,0.1762
2025-08-26 10:50:00,24600,PE,1137.25,1132.06,1112.98,1119.01,340,39101,0.1722
2025-08-26 10:50:00,24650,CE,121.53,122.15,119.44,121.4,95,40678,0.1746
2025-08-26 10:50:00,24650,PE,1155.68,1170.33,1154.96,1157.61,45,36057,0.1772
2025-08-26 10:50:00,24700,CE,112.66,113.9,113.05,113.55,130,37783,0.1735
2025-08-26 10:50:00,24700,PE,1221.02,1234.21,1220.05,1220.12,225,34535,0.1776
2025-08-26 10:50:00,24750,CE,113.91,115.75,113.64,114.53,89,33379,0.1778
2025-08-26 10:50:00,24750,PE,1258.07,1278.08,1256.57,1258.14,178,32894,0.1746
2025-08-26 10:50:00,24800,CE,121.33,121.32,120.06,120.68,139,33713,0.175
2025-08-26 10:50:00,24800,PE,1319.99,1353.83,1314.52,1317.74,145,29296,0.1737
2025-08-26 10:50:00,24850,CE,121.62,122.94,121.28,121.29,276,29236,0.1777
2025-08-26 10:50:00,24850,PE,1371.41,1369.99,1335.76,1360.96,242,33207,0.1725
2025-08-26 10:50:00,24900,CE,121.7,122.63,121.62,121.83,294,29587,0.176
2025-08-26 10:50:00,24900,PE,1399.64,1410.89,1406.44,1408.42,263,25265,0.1731
2025-08-26 10:55:00,23500,CE,248.36,251.13,249.19,249.59,674,28986,0.1765
2025-08-26 10:55:00,23500,PE,117.81,120.92,119.46,119.94,779,29106,0.1771
2025-08-26 10:55:00,23550,CE,189.63,193.29,189.31,190.77,1035,27602,0.1768
2025-08-26 10:55:00,23550,PE,121.59,120.96,119.77,120.81,1090,27341,0.1729
2025-08-26 10:55:00,23600,CE,151.01,153.56,150.24,150.52,795,29770,0.1756
2025-08-26 10:55:00,23600,PE,116.36,115.53,114.53,115.42,1480,33500,0.1742
2025-08-26 10:55:00,23650,CE,112.64,114.97,111.91,113.45,434,29849,0.1754
2025-08-26 10:55:00,23650,PE,145.86,146.35,144.78,144.86,1418,30571,0.1747
2025-08-26 10:55:00,23700,CE,106.22,107.68,105.23,107.6,698,33942,0.1742
2025-08-26 10:55:00,23700,PE,190.42,190.24,188.75,190.18,994,34755,0.1768
2025-08-26 10:55:00,23750,CE,117.65,118.79,114.72,116.16,543,39278,0.1766
2025-08-26 10:55:00,23750,PE,233.49,238.86,233.61,234.73,474,36980,0.1746
2025-08-26 10:55:00,23800,CE,114.44,116.66,114.03,114.3,572,39899,0.1705
2025-08-26 10:55:00,23800,PE,291.25,293.59,289.15,291.86,369,38033,0.178
2025-08-26 10:55:00,23850,CE,118.83,119.86,119.09,119.8,331,42611,0.1744
2025-08-26 10:55:00,23850,PE,343.76,347.09,338.04,340.64,766,43600,0.174
2025-08-26 10:55:00,23900,CE,110.64,111.11,110.03,110.71,43,47525,0.1768
2025-08-26 10:55:00,23900,PE,389.32,396.75,386.76,389.62,716,45756,0.1768
2025-08-26 10:55:00,23950,CE,119.96,122.56,116.29,118.57,54,48610,0.1747
2025-08-26 10:55:00,23950,PE,446.41,444.37,440.34,443.25,395,50998,0.1776
2025-08-26 10:55:00,24000,CE,109.31,113.15,110.8,110.85,602,54416,0.1766
2025-08-26 10:55:00,24000,PE,485.02,487.63,478.09,486.02,104,50436,0.1778
2025-08-26 10:55:00,24050,CE,112.47,114.97,111.77,112.56,522,54466,0.1756
2025-08-26 10:55:00,24050,PE,537.98,543.36,536.91,538.69,580,59829,0.1728
2025-08-26 10:55:00,24100,CE,120.6,121.43,119.86,120.16,34,64851,0.1766
2025-08-26 10:55:00,24100,PE,590.67,605.86,594.19,594.59,426,60892,0.1746
2025-08-26 10:55:00,24150,CE,121.46,122.9,120.56,121.34,229,69148,0.1758
2025-08-26 10:55:00,24150,PE,641.4,649.63,639.65,640.78,65,69904,0.1727
2025-08-26 10:55:00,24200,CE,101.55,102.23,101.93,102.11,189,82994,0.1743
2025-08-26 10:55:00,24200,PE,687.16,691.58,681.78,685.66,226,80987,0.1713
2025-08-26 10:55:00,24250,CE,107.1,108.02,107.53,107.85,257,80500,0.1704
2025-08-26 10:55:00,24250,PE,737.96,746.76,740.35,744.09,406,77050,0.1769
2025-08-26 10:55:00,24300,CE,114.61,117.39,115.11,115.42,304,72384,0.1757
2025-08-26 10:55:00,24300,PE,794.63,809.09,794.52,796.55,300,65915,0.176
2025-08-26 10:55:00,24350,CE,115.36,118.41,115.51,115.74,156,63454,0.1751
2025-08-26 10:55:00,24350,PE,826.08,838.65,825.29,832.06,268,61381,0.1714
2025-08-26 10:55:00,24400,CE,117.09,119.53,116.81,117.11,346,53325,0.1734
2025-08-26 10:55:00,24400,PE,899.22,893.8,892.53,892.77,144,55580,0.1741
2025-08-26 10:55:00,24450,CE,121.39,121.1,117.0,120.27,143,48244,0.1764
2025-08-26 10:55:00,24450,PE,922.74,955.25,930.88,934.61,380,52849,0.1785
2025-08-26 10:55:00,24500,CE,114.35,115.09,113.99,114.51,185,46615,0.1746
2025-08-26 10:55:00,24500,PE,1008.27,1002.87,990.16,996.57,124,47245,0.1735
2025-08-26 10:55:00,24550,CE,118.38,119.06,116.84,117.18,59,47866,0.174
2025-08-26 10:55:00,24550,PE,1046.9,1066.46,1029.99,1041.79,218,41144,0.178
2025-08-26 10:55:00,24600,CE,119.31,119.85,118.16,119.24,349,44235,0.1745
2025-08-26 10:55:00,24600,PE,1087.95,1098.13,1091.11,1093.16,266,38617,0.178
2025-08-26 10:55:00,24650,CE,114.01,115.27,113.26,113.41,371,40104,0.1724
2025-08-26 10:55:00,24650,PE,1134.9,1137.92,1127.93,1133.18,123,36556,0.1761
2025-08-26 10:55:00,24700,CE,114.82,113.75,112.1,113.04,238,37993,0.1759
2025-08-26 10:55:00,24700,PE,1201.43,1202.28,1190.83,1193.26,120,34870,0.1731
2025-08-26 10:55:00,24750,CE,121.68,124.99,119.86,122.43,332,33525,0.1714
2025-08-26 10:55:00,24750,PE,1238.62,1237.7,1219.77,1230.88,82,33382,0.1739
2025-08-26 10:55:00,24800,CE,110.85,112.84,110.11,110.73,7,34188,0.1785
2025-08-26 10:55:00,24800,PE,1295.93,1312.29,1292.91,1296.88,8,28765,0.1759
2025-08-26 10:55:00,24850,CE,111.09,112.11,111.17,111.27,19,28863,0.1771
2025-08-26 10:55:00,24850,PE,1355.19,1345.94,1338.17,1345.48,243,33081,0.1745
2025-08-26 10:55:00,24900,CE,119.17,120.39,119.23,119.25,30,29396,0.1762
2025-08-26 10:55:00,24900,PE,1386.75,1396.04,1358.28,1379.39,321,25295,0.1735
2025-08-26 11:00:00,23500,CE,292.83,293.89,285.66,289.38,816,28705,0.1756
2025-08-26 11:00:00,23500,PE,118.83,119.27,117.5,118.04,588,29462,0.1746
2025-08-26 11:00:00,23550,CE,241.83,242.8,237.33,240.22,851,27010,0.1753
2025-08-26 11:00:00,23550,PE,116.17,117.64,115.94,115.98,768,27690,0.1727
2025-08-26 11:00:00,23600,CE,183.45,185.05,182.84,182.91,214,29642,0.1753
2025-08-26 11:00:00,23600,PE,114.46,114.24,113.13,113.16,932,32906,0.1767
2025-08-26 11:00:00,23650,CE,139.06,140.01,138.84,139.67,1196,30265,0.1737
2025-08-26 11:00:00,23650,PE,118.01,120.04,118.8,118.86,892,30507,0.1768
2025-08-26 11:00:00,23700,CE,115.62,115.56,114.6,115.32,173,34211,0.1791
2025-08-26 11:00:00,23700,PE,147.23,148.65,146.22,147.12,1539,35209,0.1781
2025-08-26 11:00:00,23750,CE,109.62,111.57,108.36,109.99,780,38719,0.1756
2025-08-26 11:00:00,23750,PE,197.5,198.23,195.58,196.83,417,36694,0.175
2025-08-26 11:00:00,23800,CE,118.1,119.99,117.0,119.2,29,39441,0.1765
2025-08-26 11:00:00,23800,PE,246.11,248.76,243.72,245.24,715,37550,0.1751
2025-08-26 11:00:00,23850,CE,115.55,116.72,115.92,115.95,59,43145,0.1786
2025-08-26 11:00:00,23850,PE,299.32,300.09,294.17,295.83,669,43966,0.1784
2025-08-26 11:00:00,23900,CE,112.82,114.75,111.47,111.95,257,47362,0.175
2025-08-26 11:00:00,23900,PE,341.56,345.86,342.92,343.43,608,45980,0.1735
2025-08-26 11:00:00,23950,CE,114.45,115.48,112.05,113.65,339,49113,0.1753
2025-08-26 11:00:00,23950,PE,400.86,404.47,395.97,400.36,636,50662,0.1753
2025-08-26 11:00:00,24000,CE,107.71,108.52,107.07,108.33,92,53832,0.1791
2025-08-26 11:00:00,24000,PE,436.55,442.31,430.39,433.5,697,50824,0.1756
2025-08-26 11:00:00,24050,CE,113.48,113.94,112.23,113.48,371,54733,0.1754
2025-08-26 11:00:00,24050,PE,503.49,518.4,497.93,504.3,673,59421,0.1762
2025-08-26 11:00:00,24100,CE,118.23,117.73,117.5,117.58,693,64838,0.1787
2025-08-26 11:00:00,24100,PE,546.75,556.81,546.26,549.09,316,60484,0.1756
2025-08-26 11:00:00,24150,CE,115.67,117.22,114.51,115.72,447,69271,0.1752
2025-08-26 11:00:00,24150,PE,599.99,601.24,597.37,600.2,30,70081,0.176
2025-08-26 11:00:00,24200,CE,116.23,119.09,115.32,116.29,96,82726,0.173
2025-08-26 11:00:00,24200,PE,648.97,654.88,640.6,644.46,382,81324,0.1735
2025-08-26 11:00:00,24250,CE,121.84,122.68,121.87,122.59,86,80468,0.1689
2025-08-26 11:00:00,24250,PE,701.33,697.11,690.79,694.79,173,77297,0.1757
2025-08-26 11:00:00,24300,CE,118.84,119.49,118.83,119.04,458,72551,0.1725
2025-08-26 11:00:00,24300,PE,728.78,740.99,727.21,739.53,440,65855,0.1735
2025-08-26 11:00:00,24350,CE,115.53,118.23,114.05,115.71,315,63205,0.1756
2025-08-26 11:00:00,24350,PE,790.9,808.97,782.35,787.2,516,61026,0.1756
2025-08-26 11:00:00,24400,CE,111.57,113.97,112.54,112.9,458,53620,0.1772
2025-08-26 11:00:00,24400,PE,849.63,840.27,832.67,834.83,490,55750,0.1769
2025-08-26 11:00:00,24450,CE,115.04,114.35,113.79,114.35,171,47981,0.1727
2025-08-26 11:00:00,24450,PE,899.13,903.72,890.62,897.08,91,53409,0.1747
2025-08-26 11:00:00,24500,CE,127.34,128.36,126.44,127.31,54,46987,0.1743
2025-08-26 11:00:00,24500,PE,957.74,969.43,952.65,957.06,317,46797,0.1743
2025-08-26 11:00:00,24550,CE,113.24,114.38,111.94,112.87,396,47461,0.1779
2025-08-26 11:00:00,24550,PE,998.71,993.72,987.11,990.91,75,41196,0.1734
2025-08-26 11:00:00,24600,CE,111.29,111.88,110.46,110.76,48,43757,0.1741
2025-08-26 11:00:00,24600,PE,1042.99,1042.39,1037.22,1039.58,261,39174,0.1733
2025-08-26 11:00:00,24650,CE,115.9,117.87,115.6,115.91,27,40269,0.174
2025-08-26 11:00:00,24650,PE,1105.98,1107.16,1088.75,1102.13,241,36035,0.178
2025-08-26 11:00:00,24700,CE,103.87,105.8,103.9,104.5,62,37925,0.1735
2025-08-26 11:00:00,24700,PE,1156.63,1153.7,1140.39,1145.93,267,34536,0.1758
2025-08-26 11:00:00,24750,CE,113.28,113.48,110.11,111.74,163,33513,0.1738
2025-08-26 11:00:00,24750,PE,1195.69,1212.36,1178.24,1191.61,263,33078,0.1765
2025-08-26 11:00:00,24800,CE,109.2,111.2,109.42,110.39,246,34586,0.176
2025-08-26 11:00:00,24800,PE,1248.37,1251.66,1239.49,1242.3,209,29030,0.176
2025-08-26 11:00:00,24850,CE,124.37,126.47,124.47,124.98,62,29350,0.1735
2025-08-26 11:00:00,24850,PE,1285.71,1308.88,1284.36,1288.76,107,32718,0.1768
2025-08-26 11:00:00,24900,CE,119.91,121.27,117.67,119.42,184,29258,0.1726
2025-08-26 11:00:00,24900,PE,1320.57,1363.47,1326.12,1345.29,155,25661,0.1747
2025-08-26 11:05:00,23500,CE,277.71,282.68,280.61,281.49,613,28553,0.1754
2025-08-26 11:05:00,23500,PE,113.77,115.38,113.36,113.65,906,29316,0.1749
2025-08-26 11:05:00,23550,CE,225.08,230.35,223.99,224.26,1219,27593,0.177
2025-08-26 11:05:00,23550,PE,111.66,112.5,111.41,112.02,607,28015,0.1762
2025-08-26 11:05:00,23600,CE,190.25,190.07,186.12,187.62,1038,30074,0.1782
2025-08-26 11:05:00,23600,PE,118.89,122.04,118.71,119.69,684,32794,0.1751
2025-08-26 11:05:00,23650,CE,135.45,136.95,136.06,136.11,491,30368,0.1777
2025-08-26 11:05:00,23650,PE,118.85,120.39,118.27,118.82,1060,30447,0.1731
2025-08-26 11:05:00,23700,CE,116.1,117.29,115.56,116.18,514,34151,0.1751
2025-08-26 11:05:00,23700,PE,147.03,147.08,146.33,146.58,816,34762,0.1755
2025-08-26 11:05:00,23750,CE,117.17,117.37,116.55,116.86,918,39129,0.1757
2025-08-26 11:05:00,23750,PE,214.83,215.53,210.69,212.45,459,36562,0.1777
2025-08-26 11:05:00,23800,CE,119.76,120.1,119.45,119.58,130,39539,0.1764
2025-08-26 11:05:00,23800,PE,245.2,247.3,246.79,247.24,529,37978,0.1749
2025-08-26 11:05:00,23850,CE,113.55,115.17,114.3,114.57,982,43473,0.1782
2025-08-26 11:05:00,23850,PE,302.19,303.95,303.44,303.61,240,43603,0.1759
2025-08-26 11:05:00,23900,CE,118.93,120.61,119.53,119.9,481,47504,0.1806
2025-08-26 11:05:00,23900,PE,348.64,351.99,347.69,348.41,46,45974,0.1753
2025-08-26 11:05:00,23950,CE,117.54,118.07,116.62,116.7,90,48825,0.1715
2025-08-26 11:05:00,23950,PE,401.1,406.3,404.11,406.14,328,50111,0.1768
2025-08-26 11:05:00,24000,CE,116.78,117.66,116.45,116.83,224,53987,0.1745
2025-08-26 11:05:00,24000,PE,453.3,459.4,450.98,453.5,814,51159,0.1748
2025-08-26 11:05:00,24050,CE,110.13,112.45,110.83,110.94,239,55263,0.1728
2025-08-26 11:05:00,24050,PE,493.35,491.66,484.25,489.49,338,59246,0.1728
2025-08-26 11:05:00,24100,CE,124.59,124.38,121.67,123.06,596,64717,0.1756
2025-08-26 11:05:00,24100,PE,547.54,549.44,546.47,546.87,521,60079,0.1747
2025-08-26 11:05:00,24150,CE,117.67,117.76,116.98,117.03,225,69852,0.1754
2025-08-26 11:05:00,24150,PE,610.45,618.54,600.45,602.32,167,70500,0.1747
2025-08-26 11:05:00,24200,CE,107.56,107.17,106.63,106.87,292,83275,0.1758
2025-08-26 11:05:00,24200,PE,661.61,664.66,660.4,661.18,261,81318,0.1779
2025-08-26 11:05:00,24250,CE,109.87,110.58,109.43,109.53,234,80119,0.1754
2025-08-26 11:05:00,24250,PE,704.37,709.54,694.73,701.08,490,77384,0.176
2025-08-26 11:05:00,24300,CE,118.87,119.8,116.64,118.12,281,72397,0.1748
2025-08-26 11:05:00,24300,PE,757.06,745.9,734.09,745.06,425,65672,0.1732
2025-08-26 11:05:00,24350,CE,118.46,120.21,116.97,119.28,129,62703,0.1731
2025-08-26 11:05:00,24350,PE,797.13,800.0,780.65,797.29,454,60513,0.1764
2025-08-26 11:05:00,24400,CE,102.66,103.77,102.54,102.68,418,53474,0.1728
2025-08-26 11:05:00,24400,PE,850.83,867.02,839.98,849.53,9,56261,0.1746
2025-08-26 11:05:00,24450,CE,111.94,111.72,110.58,111.56,350,48248,0.1744
2025-08-26 11:05:00,24450,PE,908.2,903.45,892.27,900.95,261,53721,0.1764
2025-08-26 11:05:00,24500,CE,116.74,116.72,113.68,115.81,66,46668,0.1742
2025-08-26 11:05:00,24500,PE,948.76,951.73,943.79,950.95,247,47078,0.1752
2025-08-26 11:05:00,24550,CE,112.69,115.49,114.2,114.21,255,47348,0.1768
2025-08-26 11:05:00,24550,PE,988.6,1000.86,996.2,1000.51,291,40667,0.1791
2025-08-26 11:05:00,24600,CE,110.58,112.33,109.21,110.6,212,43630,0.1739
2025-08-26 11:05:00,24600,PE,1037.69,1046.32,1033.21,1045.5,208,38731,0.1754
2025-08-26 11:05:00,24650,CE,120.09,121.26,118.31,120.15,358,40693,0.173
2025-08-26 11:05:00,24650,PE,1105.63,1120.56,1089.64,1104.17,373,36443,0.1754
2025-08-26 11:05:00,24700,CE,113.4,114.6,114.41,114.59,255,37669,0.1798
2025-08-26 11:05:00,24700,PE,1129.47,1167.91,1124.2,1144.89,49,34670,0.1752
2025-08-26 11:05:00,24750,CE,107.44,111.72,108.68,108.81,347,33349,0.1745
2025-08-26 11:05:00,24750,PE,1197.71,1214.37,1196.76,1197.1,364,32663,0.1742
2025-08-26 11:05:00,24800,CE,114.84,116.21,114.59,116.12,104,34765,0.1737
2025-08-26 11:05:00,24800,PE,1244.84,1255.19,1237.8,1245.68,177,29342,0.1725
2025-08-26 11:05:00,24850,CE,116.9,117.3,116.03,116.52,121,29679,0.1741
2025-08-26 11:05:00,24850,PE,1296.18,1314.76,1282.8,1301.31,106,32297,0.177
2025-08-26 11:05:00,24900,CE,119.11,120.42,117.13,119.32,190,29273,0.1751
2025-08-26 11:05:00,24900,PE,1334.27,1360.59,1342.21,1347.1,189,25089,0.1742
2025-08-26 11:10:00,23500,CE,224.29,226.56,222.14,226.52,545,28061,0.1757
2025-08-26 11:10:00,23500,PE,119.76,119.76,117.82,119.3,1047,28813,0.1755
2025-08-26 11:10:00,23550,CE,175.95,175.98,175.55,175.82,1389,27061,0.176
2025-08-26 11:10:00,23550,PE,120.09,123.28,121.04,121.25,918,27815,0.1787
2025-08-26 11:10:00,23600,CE,116.88,120.15,116.04,116.44,218,29903,0.1742
2025-08-26 11:10:00,23600,PE,116.22,116.74,114.88,116.32,97,33031,0.1748
2025-08-26 11:10:00,23650,CE,114.35,113.28,111.18,111.71,1364,30163,0.1741
2025-08-26 11:10:00,23650,PE,159.92,161.06,157.58,158.31,700,30015,0.177
2025-08-26 11:10:00,23700,CE,123.1,123.64,121.83,122.9,663,34687,0.1761
2025-08-26 11:10:00,23700,PE,215.99,214.88,213.88,214.2,737,35212,0.1768
2025-08-26 11:10:00,23750,CE,119.78,119.83,119.17,119.62,932,38678,0.1768
2025-08-26 11:10:00,23750,PE,254.86,256.82,250.72,252.84,81,36397,0.1746
2025-08-26 11:10:00,23800,CE,117.45,119.9,116.69,117.29,1000,39140,0.1739
2025-08-26 11:10:00,23800,PE,305.01,314.13,299.41,304.72,63,38528,0.1766
2025-08-26 11:10:00,23850,CE,119.91,121.15,119.62,120.01,203,43300,0.1737
2025-08-26 11:10:00,23850,PE,359.25,362.01,352.79,356.43,753,43120,0.175
2025-08-26 11:10:00,23900,CE,105.97,107.66,106.16,106.96,161,47776,0.1738
2025-08-26 11:10:00,23900,PE,398.14,405.15,399.16,401.65,19,46228,0.1769
2025-08-26 11:10:00,23950,CE,114.44,115.74,114.7,114.86,443,48514,0.1726
2025-08-26 11:10:00,23950,PE,465.99,464.55,456.54,459.44,500,49896,0.1732
2025-08-26 11:10:00,24000,CE,129.83,130.64,130.12,130.24,708,53885,0.1784
2025-08-26 11:10:00,24000,PE,500.32,505.24,499.89,503.57,561,50880,0.1761
2025-08-26 11:10:00,24050,CE,119.06,118.71,117.81,118.42,580,55009,0.1747
2025-08-26 11:10:00,24050,PE,562.58,564.37,556.38,559.38,358,59607,0.1752
2025-08-26 11:10:00,24100,CE,116.59,116.95,115.27,115.86,602,65019,0.1781
2025-08-26 11:10:00,24100,PE,610.84,617.1,610.36,612.74,436,60310,0.175
2025-08-26 11:10:00,24150,CE,122.99,123.74,123.02,123.33,253,70076,0.1799
2025-08-26 11:10:00,24150,PE,662.21,667.04,650.28,654.19,354,70526,0.1756
2025-08-26 11:10:00,24200,CE,122.96,122.06,119.87,121.43,186,83096,0.1782
2025-08-26 11:10:00,24200,PE,716.9,733.04,712.03,714.61,79,81582,0.1757
2025-08-26 11:10:00,24250,CE,114.58,115.54,113.61,113.99,20,79658,0.174
2025-08-26 11:10:00,24250,PE,753.53,765.97,758.48,762.17,165,76953,0.1772
2025-08-26 11:10:00,24300,CE,119.88,120.73,119.63,119.66,388,71948,0.177
2025-08-26 11:10:00,24300,PE,801.89,826.88,794.53,802.27,239,65951,0.1772
2025-08-26 11:10:00,24350,CE,110.85,111.43,110.82,110.84,291,62812,0.171
2025-08-26 11:10:00,24350,PE,864.65,870.51,848.91,855.22,174,60453,0.1758
2025-08-26 11:10:00,24400,CE,105.26,105.89,104.5,105.61,360,53445,0.1751
2025-08-26 11:10:00,24400,PE,905.27,923.52,895.31,915.29,329,56654,0.1747
2025-08-26 11:10:00,24450,CE,115.03,114.79,113.58,114.23,114,47794,0.1771
2025-08-26 11:10:00,24450,PE,951.89,985.67,958.28,962.61,210,53580,0.1756
2025-08-26 11:10:00,24500,CE,125.73,129.81,126.47,127.14,70,46980,0.1766
2025-08-26 11:10:00,24500,PE,1013.3,1013.49,996.46,1005.39,269,47267,0.1737
2025-08-26 11:10:00,24550,CE,116.87,118.83,117.51,117.62,292,47270,0.173
2025-08-26 11:10:00,24550,PE,1041.17,1056.15,1050.42,1055.62,212,40336,0.1759
2025-08-26 11:10:00,24600,CE,126.35,127.94,123.81,125.98,289,44165,0.1768
2025-08-26 11:10:00,24600,PE,1100.26,1110.16,1100.16,1102.45,344,38620,0.1761
2025-08-26 11:10:00,24650,CE,119.21,120.74,118.44,119.35,24,41146,0.1765
2025-08-26 11:10:00,24650,PE,1143.82,1163.42,1140.28,1154.5,220,36776,0.1727
2025-08-26 11:10:00,24700,CE,113.91,115.54,112.19,113.65,113,38102,0.1781
2025-08-26 11:10:00,24700,PE,1222.98,1217.03,1191.7,1204.16,306,34090,0.1767
2025-08-26 11:10:00,24750,CE,114.51,116.41,115.23,116.4,201,33321,0.1761
2025-08-26 11:10:00,24750,PE,1242.17,1258.95,1249.2,1250.47,233,32374,0.1761
2025-08-26 11:10:00,24800,CE,117.18,117.56,116.28,116.87,38,34493,0.1761
2025-08-26 11:10:00,24800,PE,1314.56,1321.3,1303.59,1307.17,181,29065,0.1763
2025-08-26 11:10:00,24850,CE,121.68,120.76,120.42,120.76,155,29546,0.1765
2025-08-26 11:10:00,24850,PE,1332.11,1394.28,1355.5,1357.77,229,32189,0.1726
2025-08-26 11:10:00,24900,CE,105.85,108.19,106.11,106.72,50,29433,0.1731
2025-08-26 11:10:00,24900,PE,1387.52,1428.25,1401.36,1404.85,71,24849,0.175
2025-08-26 11:15:00,23500,CE,241.43,240.94,236.17,238.9,896,27788,0.1795
2025-08-26 11:15:00,23500,PE,115.99,116.28,115.83,115.9,97,28645,0.177
2025-08-26 11:15:00,23550,CE,185.28,188.26,182.82,187.27,573,27284,0.1766
2025-08-26 11:15:00,23550,PE,120.75,122.05,119.95,120.09,1029,27215,0.1762
2025-08-26 11:15:00,23600,CE,140.29,140.48,138.89,139.91,1281,30199,0.1749
2025-08-26 11:15:00,23600,PE,110.02,111.81,109.54,110.17,315,32837,0.175
2025-08-26 11:15:00,23650,CE,116.95,118.39,116.04,117.44,1247,30254,0.1767
2025-08-26 11:15:00,23650,PE,136.93,136.88,135.75,136.31,567,30328,0.1784
2025-08-26 11:15:00,23700,CE,121.47,123.51,119.8,122.12,888,34700,0.1778
2025-08-26 11:15:00,23700,PE,201.31,202.93,199.04,200.62,30,35388,0.1749
2025-08-26 11:15:00,23750,CE,116.95,119.53,116.8,118.11,236,39181,0.1734
2025-08-26 11:15:00,23750,PE,232.17,236.62,231.22,234.04,247,35832,0.1738
2025-08-26 11:15:00,23800,CE,120.08,120.55,118.83,120.12,420,38959,0.1737
2025-08-26 11:15:00,23800,PE,299.62,295.23,288.13,295.12,395,39040,0.1765
2025-08-26 11:15:00,23850,CE,114.93,116.61,114.36,115.93,281,43704,0.1765
2025-08-26 11:15:00,23850,PE,351.66,351.32,344.62,347.96,173,43260,0.1761
2025-08-26 11:15:00,23900,CE,111.45,111.48,109.22,110.74,129,47451,0.1739
2025-08-26 11:15:00,23900,PE,391.81,404.54,390.88,392.58,145,46024,0.1733
2025-08-26 11:15:00,23950,CE,122.42,125.8,121.71,122.12,384,48943,0.1737
2025-08-26 11:15:00,23950,PE,447.57,456.2,444.72,447.7,624,50133,0.1757
2025-08-26 11:15:00,24000,CE,115.96,118.38,114.85,115.99,377,53627,0.177
2025-08-26 11:15:00,24000,PE,499.33,502.22,498.08,498.46,234,50438,0.1748
2025-08-26 11:15:00,24050,CE,116.88,119.04,117.27,117.61,472,55345,0.1772
2025-08-26 11:15:00,24050,PE,542.69,553.36,542.61,545.22,391,59698,0.1742
2025-08-26 11:15:00,24100,CE,116.28,118.96,116.53,116.57,252,65575,0.1733
2025-08-26 11:15:00,24100,PE,599.9,602.79,594.42,598.4,586,60197,0.173
2025-08-26 11:15:00,24150,CE,125.68,124.18,123.53,123.89,469,69894,0.1742
2025-08-26 11:15:00,24150,PE,664.85,663.99,648.08,658.77,85,70274,0.1744
2025-08-26 11:15:00,24200,CE,118.26,120.41,115.69,118.03,487,83074,0.1739
2025-08-26 11:15:00,24200,PE,703.13,702.35,693.51,697.82,504,81369,0.1725
2025-08-26 11:15:00,24250,CE,116.49,118.43,117.0,117.3,257,79145,0.1743
2025-08-26 11:15:00,24250,PE,744.41,748.63,740.37,745.83,431,76727,0.1781
2025-08-26 11:15:00,24300,CE,120.46,121.77,118.58,119.4,55,71610,0.1766
2025-08-26 11:15:00,24300,PE,778.15,799.21,783.35,788.48,349,66329,0.1763
2025-08-26 11:15:00,24350,CE,121.16,122.03,119.6,120.64,473,62494,0.1758
2025-08-26 11:15:00,24350,PE,838.11,850.95,847.28,849.39,296,60403,0.176
2025-08-26 11:15:00,24400,CE,123.34,122.72,121.43,121.99,340,53652,0.1784
2025-08-26 11:15:00,24400,PE,890.53,911.65,886.4,889.61,40,56233,0.1725
2025-08-26 11:15:00,24450,CE,108.34,110.18,106.8,108.57,269,47831,0.1749
2025-08-26 11:15:00,24450,PE,953.94,964.83,948.48,951.01,400,53996,0.1742
2025-08-26 11:15:00,24500,CE,115.94,117.41,115.43,116.45,31,47080,0.1725
2025-08-26 11:15:00,24500,PE,996.38,1008.7,995.33,1003.03,179,47245,0.1769
2025-08-26 11:15:00,24550,CE,110.67,112.38,111.61,112.07,33,47676,0.1719
2025-08-26 11:15:00,24550,PE,1041.53,1061.63,1045.18,1047.04,73,40872,0.1757
2025-08-26 11:15:00,24600,CE,113.24,115.8,114.87,115.11,370,44550,0.1748
2025-08-26 11:15:00,24600,PE,1100.77,1094.67,1091.84,1091.92,52,38510,0.1731
2025-08-26 11:15:00,24650,CE,110.86,111.35,110.48,111.1,15,41280,0.1745
2025-08-26 11:15:00,24650,PE,1138.52,1146.5,1146.06,1146.31,330,36807,0.1763
2025-08-26 11:15:00,24700,CE,115.51,116.62,114.44,116.12,14,37865,0.1738
2025-08-26 11:15:00,24700,PE,1197.43,1213.75,1194.02,1200.9,67,34012,0.1765
2025-08-26 11:15:00,24750,CE,114.93,114.94,114.08,114.14,135,33716,0.1735
2025-08-26 11:15:00,24750,PE,1239.49,1237.95,1235.17,1236.99,83,32134,0.1731
2025-08-26 11:15:00,24800,CE,110.96,112.48,107.39,109.72,85,34960,0.1753
2025-08-26 11:15:00,24800,PE,1294.49,1309.59,1297.43,1304.22,104,29654,0.1769
2025-08-26 11:15:00,24850,CE,119.82,120.2,115.55,117.91,222,29314,0.1749
2025-08-26 11:15:00,24850,PE,1335.3,1350.76,1346.69,1349.91,199,31736,0.1761
2025-08-26 11:15:00,24900,CE,117.74,117.78,117.07,117.51,290,29981,0.1742
2025-08-26 11:15:00,24900,PE,1405.28,1394.05,1369.83,1391.09,97,24454,0.1721
2025-08-26 11:20:00,23500,CE,245.25,247.31,244.82,245.41,537,28113,0.1772
2025-08-26 11:20:00,23500,PE,118.77,118.57,117.76,117.87,776,28091,0.1741
2025-08-26 11:20:00,23550,CE,189.88,194.47,190.06,191.81,34,26966,0.1788
2025-08-26 11:20:00,23550,PE,117.42,119.0,116.76,117.28,1061,26927,0.1736
2025-08-26 11:20:00,23600,CE,143.27,143.13,141.78,142.24,1457,29955,0.1729
2025-08-26 11:20:00,23600,PE,117.24,118.63,116.33,118.23,1454,33340,0.1764
2025-08-26 11:20:00,23650,CE,118.55,118.5,118.38,118.43,1227,29864,0.1766
2025-08-26 11:20:00,23650,PE,133.26,133.84,131.98,133.08,146,29936,0.1728
2025-08-26 11:20:00,23700,CE,127.56,127.74,124.35,125.5,917,34930,0.1757
2025-08-26 11:20:00,23700,PE,181.71,183.6,178.4,181.66,1415,35930,0.1742
2025-08-26 11:20:00,23750,CE,115.7,114.06,113.35,114.05,400,39048,0.1756
2025-08-26 11:20:00,23750,PE,241.35,245.18,242.51,242.62,973,36159,0.1728
2025-08-26 11:20:00,23800,CE,114.5,114.45,113.21,113.43,362,38396,0.1741
2025-08-26 11:20:00,23800,PE,284.68,289.72,283.84,285.73,123,39428,0.1749
2025-08-26 11:20:00,23850,CE,110.75,112.61,110.24,110.95,360,43972,0.1723
2025-08-26 11:20:00,23850,PE,338.39,346.66,338.21,341.9,806,43735,0.1755
2025-08-26 11:20:00,23900,CE,119.43,122.81,117.2,119.24,456,47615,0.17
2025-08-26 11:20:00,23900,PE,384.7,381.68,379.63,381.37,190,46553,0.1772
2025-08-26 11:20:00,23950,CE,116.35,116.7,116.26,116.46,739,48810,0.1762
2025-08-26 11:20:00,23950,PE,438.44,444.37,437.67,439.31,315,50412,0.1741
2025-08-26 11:20:00,24000,CE,120.26,121.54,118.99,119.2,326,53897,0.1705
2025-08-26 11:20:00,24000,PE,507.82,501.86,496.49,500.63,80,50160,0.1748
2025-08-26 11:20:00,24050,CE,117.57,118.77,117.25,117.39,561,55849,0.1735
2025-08-26 11:20:00,24050,PE,552.69,562.68,546.11,550.65,30,60033,0.1748
2025-08-26 11:20:00,24100,CE,108.15,110.74,109.49,110.15,56,66014,0.1739
2025-08-26 11:20:00,24100,PE,584.7,590.55,584.27,586.18,177,60032,0.1729
2025-08-26 11:20:00,24150,CE,126.5,126.36,124.15,124.31,452,70303,0.1761
2025-08-26 11:20:00,24150,PE,638.52,639.84,632.51,632.73,265,70051,0.1743
2025-08-26 11:20:00,24200,CE,118.33,119.08,118.28,118.44,577,83631,0.174
2025-08-26 11:20:00,24200,PE,690.68,700.94,682.41,689.05,313,80797,0.1777
2025-08-26 11:20:00,24250,CE,116.34,118.68,116.91,117.18,539,79288,0.1733
2025-08-26 11:20:00,24250,PE,728.87,733.2,728.35,731.45,311,76261,0.1749
2025-08-26 11:20:00,24300,CE,109.93,112.08,110.11,110.7,523,71872,0.1756
2025-08-26 11:20:00,24300,PE,800.63,797.09,782.36,793.83,121,66165,0.1756
2025-08-26 11:20:00,24350,CE,114.34,118.01,114.57,115.08,177,62938,0.1739
2025-08-26 11:20:00,24350,PE,839.87,839.79,827.21,837.45,242,60850,0.1767
2025-08-26 11:20:00,24400,CE,114.93,116.61,114.48,115.78,330,53493,0.1752
2025-08-26 11:20:00,24400,PE,897.11,906.58,889.41,901.4,198,56604,0.1771
2025-08-26 11:20:00,24450,CE,104.27,104.98,104.01,104.85,231,48048,0.1757
2025-08-26 11:20:00,24450,PE,926.19,953.64,936.53,941.22,62,53907,0.1743
2025-08-26 11:20:00,24500,CE,114.31,116.64,115.99,116.56,254,46891,0.1772
2025-08-26 11:20:00,24500,PE,990.78,997.83,972.87,984.98,370,46897,0.1722
2025-08-26 11:20:00,24550,CE,115.07,115.78,114.35,114.79,355,47151,0.1732
2025-08-26 11:20:00,24550,PE,1035.74,1048.18,1035.96,1036.75,182,40892,0.1729
2025-08-26 11:20:00,24600,CE,113.15,114.76,113.81,114.18,106,44598,0.1717
2025-08-26 11:20:00,24600,PE,1070.27,1093.59,1066.85,1084.9,361,38442,0.1763
2025-08-26 11:20:00,24650,CE,110.61,111.37,111.04,111.21,210,41820,0.1726
2025-08-26 11:20:00,24650,PE,1153.22,1158.98,1133.5,1141.82,356,36223,0.1766
2025-08-26 11:20:00,24700,CE,112.22,113.57,111.52,112.02,270,38285,0.1734
2025-08-26 11:20:00,24700,PE,1182.09,1207.16,1183.07,1185.93,349,34372,0.1763
2025-08-26 11:20:00,24750,CE,123.95,123.64,123.5,123.6,34,34026,0.1747
2025-08-26 11:20:00,24750,PE,1241.75,1248.2,1233.16,1238.56,302,32163,0.1758
2025-08-26 11:20:00,24800,CE,114.12,115.57,114.68,114.94,12,34588,0.1782
2025-08-26 11:20:00,24800,PE,1284.83,1283.46,1279.61,1281.52,98,30089,0.1742
2025-08-26 11:20:00,24850,CE,115.08,117.14,115.48,115.97,46,29607,0.1743
2025-08-26 11:20:00,24850,PE,1307.84,1345.05,1310.99,1326.15,64,32135,0.1723
2025-08-26 11:20:00,24900,CE,110.65,111.89,110.95,111.14,8,29663,0.1751
2025-08-26 11:20:00,24900,PE,1405.83,1423.87,1389.17,1399.99,37,24519,0.1765
2025-08-26 11:25:00,23500,CE,245.72,251.71,244.45,245.44,955,28012,0.1755
2025-08-26 11:25:00,23500,PE,120.99,121.05,120.26,120.28,659,28258,0.1758
2025-08-26 11:25:00,23550,CE,197.28,203.21,199.67,199.79,643,27269,0.1758
2025-08-26 11:25:00,23550,PE,121.64,122.31,120.82,122.14,410,26535,0.1774
2025-08-26 11:25:00,23600,CE,155.41,155.93,154.72,155.29,323,29563,0.1755
2025-08-26 11:25:00,23600,PE,113.4,113.8,111.1,112.18,85,32792,0.1772
2025-08-26 11:25:00,23650,CE,119.37,119.88,119.38,119.68,115,29452,0.1721
2025-08-26 11:25:00,23650,PE,133.74,136.56,136.19,136.31,1084,29624,0.175
2025-08-26 11:25:00,23700,CE,116.48,120.4,116.0,116.8,856,34417,0.1743
2025-08-26 11:25:00,23700,PE,184.47,186.2,181.39,183.4,1163,35756,0.1746
2025-08-26 11:25:00,23750,CE,113.05,116.1,113.86,114.88,569,39258,0.1767
2025-08-26 11:25:00,23750,PE,235.02,238.04,232.75,234.88,1261,36510,0.177
2025-08-26 11:25:00,23800,CE,119.52,121.91,119.52,119.94,461,38210,0.1762
2025-08-26 11:25:00,23800,PE,282.23,281.35,274.08,281.22,392,38928,0.1745
2025-08-26 11:25:00,23850,CE,125.3,125.92,124.97,125.27,351,44283,0.1799
2025-08-26 11:25:00,23850,PE,335.07,351.6,333.23,335.81,290,43604,0.1754
2025-08-26 11:25:00,23900,CE,117.16,116.37,115.73,116.17,77,47316,0.1748
2025-08-26 11:25:00,23900,PE,373.68,377.73,371.89,374.71,76,46517,0.1745
2025-08-26 11:25:00,23950,CE,110.87,112.86,109.76,110.57,259,49373,0.1764
2025-08-26 11:25:00,23950,PE,436.17,432.45,427.15,431.44,500,50259,0.1741
2025-08-26 11:25:00,24000,CE,122.6,124.46,122.19,122.44,422,54448,0.1786
2025-08-26 11:25:00,24000,PE,488.42,490.24,481.43,484.96,150,49863,0.1762
2025-08-26 11:25:00,24050,CE,117.86,118.77,116.08,117.36,397,55375,0.1785
2025-08-26 11:25:00,24050,PE,533.22,535.41,531.86,532.25,379,59621,0.1759
2025-08-26 11:25:00,24100,CE,114.75,116.2,113.93,115.17,581,66342,0.1761
2025-08-26 11:25:00,24100,PE,586.87,593.7,572.41,586.83,43,60077,0.1746
2025-08-26 11:25:00,24150,CE,115.72,115.98,115.79,115.95,140,70401,0.176
2025-08-26 11:25:00,24150,PE,624.5,633.28,625.8,627.14,347,70612,0.1756
2025-08-26 11:25:00,24200,CE,117.55,119.41,116.4,118.2,113,83636,0.1735
2025-08-26 11:25:00,24200,PE,673.83,688.5,676.85,679.27,571,80337,0.1745
2025-08-26 11:25:00,24250,CE,121.73,122.01,118.63,120.35,148,79550,0.1753
2025-08-26 11:25:00,24250,PE,738.03,746.71,732.15,734.12,68,75910,0.1723
2025-08-26 11:25:00,24300,CE,108.23,109.92,108.18,108.84,506,71969,0.1739
2025-08-26 11:25:00,24300,PE,768.61,781.1,772.81,773.6,37,66590,0.1686
2025-08-26 11:25:00,24350,CE,113.87,114.36,112.43,113.61,266,62910,0.1757
2025-08-26 11:25:00,24350,PE,829.88,839.72,821.97,831.1,498,60627,0.1762
2025-08-26 11:25:00,24400,CE,116.62,116.19,114.86,115.92,186,53583,0.1758
2025-08-26 11:25:00,24400,PE,879.03,887.83,867.07,877.01,121,56156,0.1727
2025-08-26 11:25:00,24450,CE,110.34,112.28,110.29,110.73,69,47817,0.1743
2025-08-26 11:25:00,24450,PE,928.21,953.77,920.57,932.34,43,53911,0.1703
2025-08-26 11:25:00,24500,CE,117.04,117.16,115.93,117.09,433,46595,0.1754
2025-08-26 11:25:00,24500,PE,986.26,993.66,966.51,985.37,24,46344,0.1774
2025-08-26 11:25:00,24550,CE,119.77,120.28,118.71,119.59,75,47253,0.1765
2025-08-26 11:25:00,24550,PE,1037.0,1057.72,1023.71,1034.28,200,40773,0.1769
2025-08-26 11:25:00,24600,CE,107.54,108.78,108.41,108.53,304,44466,0.1743
2025-08-26 11:25:00,24600,PE,1091.18,1082.45,1081.63,1082.3,249,39038,0.1715
2025-08-26 11:25:00,24650,CE,112.95,116.91,111.28,113.13,70,41354,0.1752
2025-08-26 11:25:00,24650,PE,1126.81,1133.88,1120.47,1123.65,89,35808,0.1751
2025-08-26 11:25:00,24700,CE,118.37,119.8,114.04,116.91,309,38736,0.172
2025-08-26 11:25:00,24700,PE,1150.78,1189.21,1170.06,1172.87,210,33928,0.1705
2025-08-26 11:25:00,24750,CE,108.27,108.47,106.12,107.81,305,34527,0.1715
2025-08-26 11:25:00,24750,PE,1232.51,1234.31,1225.98,1229.3,149,32369,0.1746
2025-08-26 11:25:00,24800,CE,113.5,115.83,115.01,115.07,212,34621,0.175
2025-08-26 11:25:00,24800,PE,1276.19,1296.08,1267.69,1277.74,125,29823,0.1721
2025-08-26 11:25:00,24850,CE,114.83,114.8,113.93,114.57,96,29438,0.1748
2025-08-26 11:25:00,24850,PE,1333.95,1334.31,1321.09,1331.11,255,32526,0.1732
2025-08-26 11:25:00,24900,CE,117.35,118.34,116.36,116.74,41,29132,0.1758
2025-08-26 11:25:00,24900,PE,1392.97,1398.45,1385.97,1388.14,157,24841,0.173
2025-08-26 11:30:00,23500,CE,244.91,246.23,244.98,245.8,704,28405,0.1756
2025-08-26 11:30:00,23500,PE,118.05,122.9,119.49,119.55,890,28505,0.1771
2025-08-26 11:30:00,23550,CE,192.94,193.38,192.67,193.0,773,26734,0.1765
2025-08-26 11:30:00,23550,PE,121.46,121.21,119.8,120.06,273,26826,0.1768
2025-08-26 11:30:00,23600,CE,144.3,144.39,141.11,144.38,528,29830,0.1779
2025-08-26 11:30:00,23600,PE,108.92,112.27,109.7,110.24,577,32207,0.1743
2025-08-26 11:30:00,23650,CE,116.06,119.76,116.67,116.71,1125,29922,0.1743
2025-08-26 11:30:00,23650,PE,146.58,145.33,144.65,145.31,751,29182,0.1781
2025-08-26 11:30:00,23700,CE,125.96,127.84,125.95,126.16,600,34969,0.1786
2025-08-26 11:30:00,23700,PE,185.71,184.86,180.73,182.94,467,35240,0.1733
2025-08-26 11:30:00,23750,CE,100.42,100.76,98.45,100.25,957,38943,0.1737
2025-08-26 11:30:00,23750,PE,239.13,243.96,236.08,238.39,65,36738,0.1731
2025-08-26 11:30:00,23800,CE,119.81,120.85,118.23,118.69,385,37774,0.1754
2025-08-26 11:30:00,23800,PE,295.23,295.5,290.73,294.45,76,38549,0.1727
2025-08-26 11:30:00,23850,CE,115.9,117.33,115.38,116.08,162,43696,0.1783
2025-08-26 11:30:00,23850,PE,345.02,352.33,341.75,345.49,379,43995,0.1772
2025-08-26 11:30:00,23900,CE,116.17,119.69,115.65,116.65,366,46761,0.1774
2025-08-26 11:30:00,23900,PE,390.23,389.92,387.65,388.82,799,46676,0.1719
2025-08-26 11:30:00,23950,CE,120.06,122.57,119.68,120.99,800,49471,0.174
2025-08-26 11:30:00,23950,PE,441.23,447.45,440.99,444.73,402,50272,0.1755
2025-08-26 11:30:00,24000,CE,110.16,110.58,107.32,108.58,17,54298,0.1723
2025-08-26 11:30:00,24000,PE,492.46,499.33,493.74,494.73,345,49622,0.1762
2025-08-26 11:30:00,24050,CE,107.97,108.2,106.17,108.12,597,55923,0.1748
2025-08-26 11:30:00,24050,PE,539.85,547.64,538.07,543.57,346,59963,0.1744
2025-08-26 11:30:00,24100,CE,116.32,118.12,115.33,116.05,156,66849,0.178
2025-08-26 11:30:00,24100,PE,597.47,598.28,586.53,592.83,470,60357,0.1738
2025-08-26 11:30:00,24150,CE,108.51,110.52,107.61,108.28,374,70795,0.1745
2025-08-26 11:30:00,24150,PE,647.49,655.3,634.04,641.12,337,71169,0.1766
2025-08-26 11:30:00,24200,CE,114.06,115.0,112.49,114.44,391,83580,0.1755
2025-08-26 11:30:00,24200,PE,698.28,696.99,680.14,690.67,129,80825,0.1724
2025-08-26 11:30:00,24250,CE,112.81,112.54,111.76,112.11,39,79001,0.1729
2025-08-26 11:30:00,24250,PE,732.31,735.08,728.99,731.35,25,75439,0.1749
2025-08-26 11:30:00,24300,CE,122.31,122.93,121.9,122.14,136,71957,0.1768
2025-08-26 11:30:00,24300,PE,783.71,799.8,795.43,795.72,151,66534,0.1737
2025-08-26 11:30:00,24350,CE,122.48,121.09,120.49,121.0,227,62835,0.1746
2025-08-26 11:30:00,24350,PE,823.56,851.86,826.03,835.81,37,60671,0.1729
2025-08-26 11:30:00,24400,CE,113.56,113.97,112.69,113.92,147,53629,0.1746
2025-08-26 11:30:00,24400,PE,884.9,889.93,884.09,884.43,36,56600,0.1742
2025-08-26 11:30:00,24450,CE,121.51,121.35,118.41,119.2,329,47632,0.1775
2025-08-26 11:30:00,24450,PE,944.54,952.25,925.39,939.53,167,53690,0.1767
2025-08-26 11:30:00,24500,CE,112.22,113.39,112.34,113.13,429,46837,0.1743
2025-08-26 11:30:00,24500,PE,989.93,994.58,986.57,989.71,203,46522,0.1813
2025-08-26 11:30:00,24550,CE,122.43,126.25,123.32,123.43,33,47648,0.1782
2025-08-26 11:30:00,24550,PE,1038.6,1053.22,1029.43,1033.65,250,40544,0.1734
2025-08-26 11:30:00,24600,CE,111.56,114.45,112.86,113.74,278,43873,0.1742
2025-08-26 11:30:00,24600,PE,1102.1,1097.48,1088.75,1096.5,198,39570,0.1772
2025-08-26 11:30:00,24650,CE,122.74,124.08,120.85,122.02,292,40807,0.1756
2025-08-26 11:30:00,24650,PE,1136.64,1149.05,1124.66,1143.32,229,36024,0.1752
2025-08-26 11:30:00,24700,CE,114.02,114.33,111.83,113.24,197,38522,0.1769
2025-08-26 11:30:00,24700,PE,1186.76,1229.16,1167.75,1186.85,252,33836,0.1727
2025-08-26 11:30:00,24750,CE,117.92,120.15,116.95,117.26,338,34932,0.1756
2025-08-26 11:30:00,24750,PE,1247.47,1253.93,1234.36,1244.58,324,32272,0.1725
2025-08-26 11:30:00,24800,CE,113.76,114.96,112.62,113.36,235,34194,0.1761
2025-08-26 11:30:00,24800,PE,1288.51,1300.98,1268.66,1291.28,260,30128,0.1733
2025-08-26 11:30:00,24850,CE,120.62,122.12,118.65,119.07,259,28862,0.1734
2025-08-26 11:30:00,24850,PE,1349.02,1339.78,1338.23,1339.12,154,32255,0.1754
2025-08-26 11:30:00,24900,CE,114.51,116.55,113.77,114.49,295,29177,0.1708
2025-08-26 11:30:00,24900,PE,1387.01,1390.97,1382.67,1389.93,198,24766,0.1753
2025-08-26 11:35:00,23500,CE,247.47,247.48,245.57,245.82,154,28549,0.1729
2025-08-26 11:35:00,23500,PE,110.26,111.79,110.32,110.62,742,28362,0.1741
2025-08-26 11:35:00,23550,CE,201.14,203.06,200.57,200.94,868,26602,0.1753
2025-08-26 11:35:00,23550,PE,114.69,117.29,113.6,114.9,909,26644,0.177
2025-08-26 11:35:00,23600,CE,158.32,157.41,156.84,156.86,1229,30294,0.1787
2025-08-26 11:35:00,23600,PE,112.98,115.01,113.63,113.95,780,31627,0.1743
2025-08-26 11:35:00,23650,CE,112.16,112.39,111.91,112.27,1185,30449,0.1754
2025-08-26 11:35:00,23650,PE,130.96,132.09,131.46,131.61,1232,29011,0.1743
2025-08-26 11:35:00,23700,CE,113.61,114.84,113.68,114.38,840,34806,0.1746
2025-08-26 11:35:00,23700,PE,178.62,179.91,176.34,177.95,1144,35511,0.1752
2025-08-26 11:35:00,23750,CE,120.26,120.87,119.02,120.77,809,38808,0.1775
2025-08-26 11:35:00,23750,PE,226.75,229.55,224.34,226.69,238,36877,0.1766
2025-08-26 11:35:00,23800,CE,126.64,124.55,124.09,124.22,395,38258,0.1784
2025-08-26 11:35:00,23800,PE,270.14,273.52,266.87,269.05,89,38964,0.1755
2025-08-26 11:35:00,23850,CE,117.56,116.98,116.51,116.56,799,43714,0.1753
2025-08-26 11:35:00,23850,PE,329.7,327.76,322.17,326.06,1013,44254,0.1781
2025-08-26 11:35:00,23900,CE,116.51,117.99,115.52,116.34,53,46631,0.1744
2025-08-26 11:35:00,23900,PE,379.55,378.81,370.14,377.4,780,47007,0.173
2025-08-26 11:35:00,23950,CE,113.76,113.82,112.12,113.44,147,49075,0.1731
2025-08-26 11:35:00,23950,PE,421.06,430.43,412.34,422.41,784,49726,0.1754
2025-08-26 11:35:00,24000,CE,111.49,112.46,111.72,112.26,742,54346,0.1738
2025-08-26 11:35:00,24000,PE,473.24,480.97,478.67,479.11,633,49280,0.1767
2025-08-26 11:35:00,24050,CE,120.1,124.37,121.96,121.98,256,56197,0.1762
2025-08-26 11:35:00,24050,PE,524.7,532.44,521.26,527.66,127,59484,0.1752
2025-08-26 11:35:00,24100,CE,114.56,113.92,112.82,113.65,416,66259,0.1734
2025-08-26 11:35:00,24100,PE,569.94,570.7,557.92,569.29,634,60567,0.1782
2025-08-26 11:35:00,24150,CE,113.14,114.03,111.72,112.26,454,70795,0.1733
2025-08-26 11:35:00,24150,PE,627.94,635.3,612.39,625.67,398,71711,0.1748
2025-08-26 11:35:00,24200,CE,123.47,125.29,124.68,124.71,12,83276,0.1768
2025-08-26 11:35:00,24200,PE,676.37,683.86,670.73,674.62,417,80372,0.1763
2025-08-26 11:35:00,24250,CE,123.1,126.61,122.87,123.54,144,78428,0.1746
2025-08-26 11:35:00,24250,PE,739.57,750.46,732.52,736.05,39,75372,0.1774
2025-08-26 11:35:00,24300,CE,113.88,116.35,114.2,114.7,354,71477,0.1743
2025-08-26 11:35:00,24300,PE,789.48,794.48,776.79,780.66,522,66864,0.1764
2025-08-26 11:35:00,24350,CE,111.53,111.72,110.76,111.68,337,62321,0.173
2025-08-26 11:35:00,24350,PE,836.94,858.15,829.43,831.67,266,61175,0.1721
2025-08-26 11:35:00,24400,CE,121.82,123.01,120.13,120.97,120,53678,0.1733
2025-08-26 11:35:00,24400,PE,875.58,904.15,879.5,880.17,274,56835,0.1772
2025-08-26 11:35:00,24450,CE,118.29,118.16,116.2,117.64,421,47189,0.1742
2025-08-26 11:35:00,24450,PE,929.7,936.48,929.41,932.65,35,53197,0.1749
2025-08-26 11:35:00,24500,CE,120.99,120.98,120.14,120.58,122,46661,0.1764
2025-08-26 11:35:00,24500,PE,986.21,987.67,969.62,974.24,386,46546,0.175
2025-08-26 11:35:00,24550,CE,122.95,124.87,121.44,122.09,314,47738,0.1772
2025-08-26 11:35:00,24550,PE,1032.39,1038.49,1026.89,1030.93,400,40339,0.1755
2025-08-26 11:35:00,24600,CE,115.0,117.17,113.89,114.28,272,43600,0.173
2025-08-26 11:35:00,24600,PE,1083.05,1091.22,1051.63,1072.93,99,40147,0.1726
2025-08-26 11:35:00,24650,CE,126.98,129.1,125.86,127.05,15,40534,0.1739
2025-08-26 11:35:00,24650,PE,1132.21,1152.65,1129.7,1132.94,153,35589,0.1762
2025-08-26 11:35:00,24700,CE,119.49,122.38,118.98,120.29,289,38353,0.1748
2025-08-26 11:35:00,24700,PE,1185.61,1190.06,1172.69,1182.56,174,33600,0.1744
2025-08-26 11:35:00,24750,CE,113.02,117.14,113.27,113.74,321,34838,0.1705
2025-08-26 11:35:00,24750,PE,1216.98,1245.24,1220.67,1224.84,284,32420,0.1749
2025-08-26 11:35:00,24800,CE,127.32,127.15,126.55,126.96,332,34317,0.1774
2025-08-26 11:35:00,24800,PE,1264.53,1277.33,1267.82,1276.31,342,30365,0.1732
2025-08-26 11:35:00,24850,CE,118.31,119.99,118.05,118.54,24,28450,0.1753
2025-08-26 11:35:00,24850,PE,1316.96,1331.1,1316.02,1319.26,266,31710,0.1737
2025-08-26 11:35:00,24900,CE,124.93,124.08,123.08,123.28,66,29525,0.1758
2025-08-26 11:35:00,24900,PE,1380.5,1409.83,1361.13,1377.22,118,24426,0.1752
2025-08-26 11:40:00,23500,CE,233.1,232.67,223.83,231.19,270,28327,0.1747
2025-08-26 11:40:00,23500,PE,124.94,125.74,123.86,124.14,1077,28308,0.1763
2025-08-26 11:40:00,23550,CE,180.47,184.59,178.18,178.52,1403,26861,0.1753
2025-08-26 11:40:00,23550,PE,116.2,119.35,117.61,117.82,411,26240,0.1771
2025-08-26 11:40:00,23600,CE,134.29,133.72,131.81,133.28,1627,30776,0.1774
2025-08-26 11:40:00,23600,PE,124.04,127.66,123.99,124.47,236,31412,0.1772
2025-08-26 11:40:00,23650,CE,111.21,113.5,110.9,111.35,1184,31028,0.1743
2025-08-26 11:40:00,23650,PE,149.95,151.03,150.06,150.58,1434,28753,0.1732
2025-08-26 11:40:00,23700,CE,117.9,118.92,116.56,117.89,1229,35076,0.1747
2025-08-26 11:40:00,23700,PE,204.75,208.62,204.02,204.75,644,35363,0.1739
2025-08-26 11:40:00,23750,CE,107.86,111.46,108.78,108.85,982,39211,0.1766
2025-08-26 11:40:00,23750,PE,260.58,260.8,257.86,260.14,1101,36831,0.1743
2025-08-26 11:40:00,23800,CE,114.88,120.32,115.7,116.51,299,38702,0.1751
2025-08-26 11:40:00,23800,PE,304.55,305.15,300.79,304.87,337,39268,0.1806
2025-08-26 11:40:00,23850,CE,113.47,114.1,112.15,113.34,501,43817,0.1737
2025-08-26 11:40:00,23850,PE,358.72,356.1,355.23,355.53,216,43953,0.179
2025-08-26 11:40:00,23900,CE,114.64,116.25,114.82,115.13,582,46342,0.1777
2025-08-26 11:40:00,23900,PE,401.73,404.95,401.36,402.28,596,47596,0.172
2025-08-26 11:40:00,23950,CE,125.68,125.68,124.61,125.13,78,49585,0.1761
2025-08-26 11:40:00,23950,PE,459.54,464.79,456.82,458.66,150,49292,0.1777
2025-08-26 11:40:00,24000,CE,123.25,122.84,120.93,121.49,628,53990,0.1796
2025-08-26 11:40:00,24000,PE,503.12,510.83,503.32,507.5,490,48808,0.1752
2025-08-26 11:40:00,24050,CE,126.49,127.23,126.06,126.68,71,55838,0.176
2025-08-26 11:40:00,24050,PE,547.06,557.53,548.36,549.96,369,59232,0.1736
2025-08-26 11:40:00,24100,CE,123.89,126.81,124.45,124.63,154,66664,0.1754
2025-08-26 11:40:00,24100,PE,595.81,597.37,586.57,594.93,122,60081,0.1762
2025-08-26 11:40:00,24150,CE,121.61,123.44,121.16,121.41,76,71253,0.1772
2025-08-26 11:40:00,24150,PE,656.99,667.66,655.88,656.37,297,72277,0.1752
2025-08-26 11:40:00,24200,CE,113.24,114.63,112.87,112.88,467,83014,0.1757
2025-08-26 11:40:00,24200,PE,703.03,701.43,688.78,699.11,458,80319,0.1728
2025-08-26 11:40:00,24250,CE,114.82,116.83,113.18,113.88,309,78463,0.1782
2025-08-26 11:40:00,24250,PE,750.24,751.77,742.55,745.59,416,75018,0.1721
2025-08-26 11:40:00,24300,CE,110.93,113.68,111.48,111.96,38,71754,0.1752
2025-08-26 11:40:00,24300,PE,801.33,808.38,798.82,799.29,494,66959,0.1716
2025-08-26 11:40:00,24350,CE,117.58,117.96,116.67,117.96,64,61855,0.1742
2025-08-26 11:40:00,24350,PE,859.5,852.44,830.45,849.26,271,61650,0.1751
2025-08-26 11:40:00,24400,CE,124.06,124.83,123.58,123.99,290,53440,0.1763
2025-08-26 11:40:00,24400,PE,922.53,923.0,903.36,908.78,294,56422,0.1772
2025-08-26 11:40:00,24450,CE,117.82,118.3,116.07,117.35,218,47767,0.1747
2025-08-26 11:40:00,24450,PE,947.06,959.17,952.85,956.3,284,52720,0.1748
2025-08-26 11:40:00,24500,CE,122.55,123.16,121.83,122.5,92,46132,0.1759
2025-08-26 11:40:00,24500,PE,994.84,1033.34,1005.12,1009.22,176,46231,0.1784
2025-08-26 11:40:00,24550,CE,117.42,119.08,117.72,118.01,402,47521,0.1777
2025-08-26 11:40:00,24550,PE,1058.52,1072.99,1042.26,1050.53,20,40259,0.1777
2025-08-26 11:40:00,24600,CE,120.48,122.29,120.02,120.81,293,43822,0.1753
2025-08-26 11:40:00,24600,PE,1094.4,1108.52,1097.98,1108.36,386,39985,0.1719
2025-08-26 11:40:00,24650,CE,116.3,117.99,116.32,116.56,201,40605,0.1736
2025-08-26 11:40:00,24650,PE,1141.53,1172.13,1138.37,1147.99,15,34995,0.176
2025-08-26 11:40:00,24700,CE,113.15,115.49,112.18,113.69,292,38214,0.1795
2025-08-26 11:40:00,24700,PE,1207.73,1219.39,1196.97,1203.66,253,34133,0.1759
2025-08-26 11:40:00,24750,CE,126.42,126.71,124.99,125.16,90,35167,0.1735
2025-08-26 11:40:00,24750,PE,1258.16,1254.42,1248.75,1254.23,80,32708,0.1736
2025-08-26 11:40:00,24800,CE,120.72,120.93,119.01,119.73,59,34082,0.1728
2025-08-26 11:40:00,24800,PE,1317.2,1333.77,1295.17,1312.52,163,30350,0.1779
2025-08-26 11:40:00,24850,CE,108.02,111.91,106.89,109.0,15,28863,0.1726
2025-08-26 11:40:00,24850,PE,1366.72,1363.37,1341.71,1350.7,7,32166,0.1705
2025-08-26 11:40:00,24900,CE,109.46,108.95,107.55,107.83,69,29777,0.174
2025-08-26 11:40:00,24900,PE,1390.75,1431.47,1390.49,1405.19,228,24373,0.1709
2025-08-26 11:45:00,23500,CE,218.49,222.06,217.06,218.56,708,27814,0.1751
2025-08-26 11:45:00,23500,PE,109.55,111.41,108.96,109.85,1173,27851,0.1751
2025-08-26 11:45:00,23550,CE,167.61,172.19,167.93,168.74,992,26261,0.1798
2025-08-26 11:45:00,23550,PE,107.83,110.2,106.62,107.79,1121,26071,0.1775
2025-08-26 11:45:00,23600,CE,125.59,123.09,121.6,122.7,861,30204,0.1762
2025-08-26 11:45:00,23600,PE,104.09,105.89,104.25,104.87,407,31334,0.1751
2025-08-26 11:45:00,23650,CE,119.53,120.14,119.4,120.1,1124,31145,0.176
2025-08-26 11:45:00,23650,PE,164.05,166.73,163.04,164.08,424,28868,0.1783
2025-08-26 11:45:00,23700,CE,109.37,111.51,107.56,108.99,317,35142,0.1736
2025-08-26 11:45:00,23700,PE,218.71,224.84,216.03,217.88,737,35034,0.1751
2025-08-26 11:45:00,23750,CE,121.79,122.32,119.97,122.19,253,39234,0.1761
2025-08-26 11:45:00,23750,PE,252.02,258.16,250.37,256.25,704,37406,0.1745
2025-08-26 11:45:00,23800,CE,117.56,117.37,116.77,117.25,534,38635,0.1757
2025-08-26 11:45:00,23800,PE,313.14,324.82,312.72,312.76,514,39717,0.1746
2025-08-26 11:45:00,23850,CE,103.4,104.23,102.97,104.13,305,43674,0.172
2025-08-26 11:45:00,23850,PE,363.66,366.47,354.65,362.24,363,44100,0.1765
2025-08-26 11:45:00,23900,CE,113.91,118.24,113.89,115.53,616,46320,0.1784
2025-08-26 11:45:00,23900,PE,421.71,425.61,412.98,421.9,241,47822,0.1768
2025-08-26 11:45:00,23950,CE,110.84,111.84,109.99,110.64,231,50061,0.1747
2025-08-26 11:45:00,23950,PE,457.35,462.74,460.4,460.49,507,49221,0.1761
2025-08-26 11:45:00,24000,CE,118.4,120.71,117.66,118.66,182,54298,0.1755
2025-08-26 11:45:00,24000,PE,494.13,504.21,501.67,504.06,458,49267,0.1739
2025-08-26 11:45:00,24050,CE,122.0,123.48,120.06,121.42,493,56185,0.1757
2025-08-26 11:45:00,24050,PE,549.65,552.98,550.3,552.85,74,58661,0.173
2025-08-26 11:45:00,24100,CE,124.0,124.92,123.55,123.9,430,66064,0.1793
2025-08-26 11:45:00,24100,PE,609.48,621.27,600.76,609.77,578,60540,0.1766
2025-08-26 11:45:00,24150,CE,121.05,120.6,120.26,120.54,360,71528,0.1761
2025-08-26 11:45:00,24150,PE,660.79,670.21,656.06,667.08,262,72826,0.1755
2025-08-26 11:45:00,24200,CE,111.41,113.3,112.59,112.94,29,82764,0.1741
2025-08-26 11:45:00,24200,PE,711.12,712.95,710.64,711.2,403,80664,0.1775
2025-08-26 11:45:00,24250,CE,108.57,108.83,108.22,108.34,138,78824,0.1743
2025-08-26 11:45:00,24250,PE,764.88,787.63,744.9,759.85,254,75446,0.173
2025-08-26 11:45:00,24300,CE,124.32,126.47,124.19,126.06,143,71984,0.1736
2025-08-26 11:45:00,24300,PE,820.56,814.51,801.42,811.89,113,66524,0.1726
2025-08-26 11:45:00,24350,CE,115.94,115.51,114.23,115.28,347,62072,0.1781
2025-08-26 11:45:00,24350,PE,847.21,871.31,857.18,860.24,149,61775,0.1722
2025-08-26 11:45:00,24400,CE,108.49,111.47,110.02,110.07,439,53240,0.1742
2025-08-26 11:45:00,24400,PE,902.48,912.59,898.91,904.4,238,56072,0.1724
2025-08-26 11:45:00,24450,CE,112.44,112.65,111.06,111.82,234,48229,0.1732
2025-08-26 11:45:00,24450,PE,963.06,974.1,956.49,966.03,286,52290,0.179
2025-08-26 11:45:00,24500,CE,121.21,122.12,119.68,120.22,317,46038,0.1757
2025-08-26 11:45:00,24500,PE,1019.36,1036.87,997.48,1012.45,14,46378,0.1744
2025-08-26 11:45:00,24550,CE,118.12,119.6,116.71,118.43,127,48087,0.1739
2025-08-26 11:45:00,24550,PE,1058.19,1065.66,1045.27,1060.72,407,40464,0.173
2025-08-26 11:45:00,24600,CE,112.77,114.18,113.81,113.87,250,43587,0.1754
2025-08-26 11:45:00,24600,PE,1096.79,1116.43,1089.54,1102.84,33,39457,0.1751
2025-08-26 11:45:00,24650,CE,116.28,117.61,116.44,116.71,178,40386,0.1765
2025-08-26 11:45:00,24650,PE,1159.21,1185.34,1163.83,1164.25,363,34746,0.1723
2025-08-26 11:45:00,24700,CE,115.18,117.03,114.46,115.16,82,38596,0.1754
2025-08-26 11:45:00,24700,PE,1211.29,1207.61,1206.09,1206.17,305,33984,0.1741
2025-08-26 11:45:00,24750,CE,120.84,123.15,119.85,120.03,34,34685,0.1754
2025-08-26 11:45:00,24750,PE,1256.87,1278.23,1261.46,1266.17,186,33151,0.1757
2025-08-26 11:45:00,24800,CE,115.75,116.91,115.76,116.45,134,33503,0.1787
2025-08-26 11:45:00,24800,PE,1310.87,1335.65,1309.21,1314.91,130,29753,0.172
2025-08-26 11:45:00,24850,CE,109.62,112.09,108.75,109.93,142,28832,0.1764
2025-08-26 11:45:00,24850,PE,1364.0,1364.59,1351.73,1357.07,241,31649,0.1754
2025-08-26 11:45:00,24900,CE,113.69,116.23,113.5,114.01,155,29389,0.1743
2025-08-26 11:45:00,24900,PE,1407.21,1408.56,1394.67,1405.43,151,24955,0.1709
2025-08-26 11:50:00,23500,CE,189.77,191.67,189.77,191.09,1092,28227,0.1778
2025-08-26 11:50:00,23500,PE,108.93,110.09,107.3,108.22,79,28167,0.1764
2025-08-26 11:50:00,23550,CE,132.54,133.29,132.37,132.49,1491,26465,0.1728
2025-08-26 11:50:00,23550,PE,117.58,120.09,117.11,117.43,1350,25528,0.175
2025-08-26 11:50:00,23600,CE,115.01,115.6,113.64,114.2,1180,30607,0.1732
2025-08-26 11:50:00,23600,PE,155.37,157.22,153.84,155.64,386,31299,0.1759
2025-08-26 11:50:00,23650,CE,120.64,119.74,119.4,119.59,592,30662,0.1745
2025-08-26 11:50:00,23650,PE,205.42,205.9,204.14,205.71,195,28628,0.1758
2025-08-26 11:50:00,23700,CE,119.26,120.64,118.05,119.42,149,35144,0.1732
2025-08-26 11:50:00,23700,PE,258.34,263.19,256.35,257.26,85,34450,0.1746
2025-08-26 11:50:00,23750,CE,115.27,115.8,114.5,114.9,683,38936,0.176
2025-08-26 11:50:00,23750,PE,307.39,309.11,303.83,306.53,417,37209,0.1725
2025-08-26 11:50:00,23800,CE,115.08,115.39,113.54,114.53,464,38591,0.1755
2025-08-26 11:50:00,23800,PE,355.37,359.73,356.85,357.22,143,39119,0.1756
2025-08-26 11:50:00,23850,CE,115.63,115.22,113.4,114.76,400,43752,0.1785
2025-08-26 11:50:00,23850,PE,396.54,409.85,399.4,400.32,683,43737,0.1764
2025-08-26 11:50:00,23900,CE,117.47,117.1,114.98,116.27,80,46436,0.1761
2025-08-26 11:50:00,23900,PE,442.55,452.54,446.87,446.9,735,47508,0.1774
2025-08-26 11:50:00,23950,CE,117.1,120.58,118.32,118.56,75,49944,0.1746
2025-08-26 11:50:00,23950,PE,499.09,507.81,499.48,501.12,427,49369,0.175
2025-08-26 11:50:00,24000,CE,122.95,123.1,122.31,123.02,89,54485,0.1742
2025-08-26 11:50:00,24000,PE,557.58,564.62,552.53,556.8,247,48703,0.1781
2025-08-26 11:50:00,24050,CE,121.93,123.7,121.22,122.09,603,56227,0.174
2025-08-26 11:50:00,24050,PE,608.64,611.08,594.02,603.71,207,59040,0.1782
2025-08-26 11:50:00,24100,CE,109.06,111.21,108.09,109.52,490,65711,0.1758
2025-08-26 11:50:00,24100,PE,652.61,662.48,642.55,652.88,589,60578,0.1755
2025-08-26 11:50:00,24150,CE,113.9,118.73,114.3,114.36,158,71465,0.1744
2025-08-26 11:50:00,24150,PE,705.22,711.28,698.57,700.79,116,73245,0.179
2025-08-26 11:50:00,24200,CE,115.64,116.42,115.14,115.46,153,82690,0.1739
2025-08-26 11:50:00,24200,PE,745.64,745.22,731.18,742.89,45,81196,0.1787
2025-08-26 11:50:00,24250,CE,115.95,119.76,115.01,116.53,162,79006,0.1733
2025-08-26 11:50:00,24250,PE,809.01,813.13,796.8,808.56,188,75519,0.1753
2025-08-26 11:50:00,24300,CE,116.44,116.72,115.43,116.05,279,71734,0.1755
2025-08-26 11:50:00,24300,PE,864.6,860.91,858.51,859.3,217,66639,0.1761
2025-08-26 11:50:00,24350,CE,106.7,108.56,105.68,106.61,108,61629,0.1711
2025-08-26 11:50:00,24350,PE,902.3,914.97,902.83,908.25,90,61674,0.1755
2025-08-26 11:50:00,24400,CE,112.83,113.51,112.26,112.98,101,52981,0.1737
2025-08-26 11:50:00,24400,PE,950.48,972.09,947.28,957.77,309,56276,0.1754
2025-08-26 11:50:00,24450,CE,118.94,119.26,117.09,118.54,405,48545,0.175
2025-08-26 11:50:00,24450,PE,996.88,1020.48,1002.93,1007.68,186,52804,0.1756
2025-08-26 11:50:00,24500,CE,115.03,117.77,113.19,115.46,379,45704,0.1797
2025-08-26 11:50:00,24500,PE,1074.35,1065.92,1051.18,1057.51,76,46839,0.1744
2025-08-26 11:50:00,24550,CE,121.95,123.79,122.95,123.02,352,48502,0.1785
2025-08-26 11:50:00,24550,PE,1102.55,1105.1,1097.36,1100.21,185,40898,0.1764
2025-08-26 11:50:00,24600,CE,114.95,114.0,113.13,113.9,293,43875,0.1743
2025-08-26 11:50:00,24600,PE,1156.28,1153.57,1131.09,1152.89,231,39178,0.175
2025-08-26 11:50:00,24650,CE,113.57,117.21,113.72,114.64,275,40839,0.1706
2025-08-26 11:50:00,24650,PE,1196.6,1211.54,1180.36,1196.76,324,34865,0.175
2025-08-26 11:50:00,24700,CE,118.01,119.82,117.38,118.82,19,38884,0.1715
2025-08-26 11:50:00,24700,PE,1263.13,1268.86,1253.7,1263.56,93,33630,0.1767
2025-08-26 11:50:00,24750,CE,121.02,125.8,122.02,123.46,32,34273,0.176
2025-08-26 11:50:00,24750,PE,1321.32,1314.53,1275.42,1300.18,170,32883,0.1773
2025-08-26 11:50:00,24800,CE,114.76,116.46,115.0,115.9,129,33516,0.1732
2025-08-26 11:50:00,24800,PE,1364.05,1406.59,1354.85,1357.28,176,29652,0.1785
2025-08-26 11:50:00,24850,CE,111.95,114.9,113.49,113.56,147,29297,0.1753
2025-08-26 11:50:00,24850,PE,1399.8,1420.78,1394.67,1407.64,94,31064,0.174
2025-08-26 11:50:00,24900,CE,113.53,115.65,110.77,111.99,248,28885,0.1736
2025-08-26 11:50:00,24900,PE,1434.11,1460.46,1430.39,1448.88,240,24745,0.1721
2025-08-26 11:55:00,23500,CE,154.45,157.64,152.56,155.23,1350,27828,0.1744
2025-08-26 11:55:00,23500,PE,118.0,119.15,117.33,118.26,285,28055,0.1759
2025-08-26 11:55:00,23550,CE,108.76,110.9,108.32,108.63,730,26726,0.1763
2025-08-26 11:55:00,23550,PE,133.45,134.61,133.44,133.66,1113,26120,0.1751
2025-08-26 11:55:00,23600,CE,111.87,113.94,113.52,113.8,994,30249,0.1741
2025-08-26 11:55:00,23600,PE,182.55,183.56,180.45,182.94,150,31018,0.1749
2025-08-26 11:55:00,23650,CE,118.94,119.73,116.71,119.22,1251,30984,0.1754
2025-08-26 11:55:00,23650,PE,221.8,223.86,222.56,223.14,947,28354,0.1723
2025-08-26 11:55:00,23700,CE,122.75,122.06,120.84,121.62,538,35388,0.1779
2025-08-26 11:55:00,23700,PE,279.69,285.17,275.14,280.84,1069,34550,0.1743
2025-08-26 11:55:00,23750,CE,112.06,112.14,110.76,111.48,37,39361,0.1713
2025-08-26 11:55:00,23750,PE,331.02,333.73,325.21,331.85,947,36649,0.177
2025-08-26 11:55:00,23800,CE,125.77,127.28,125.93,126.02,370,39166,0.1786
2025-08-26 11:55:00,23800,PE,375.14,382.4,376.07,380.02,878,39676,0.1724
2025-08-26 11:55:00,23850,CE,108.96,110.2,108.57,109.44,822,43178,0.1771
2025-08-26 11:55:00,23850,PE,424.89,428.38,421.89,424.44,139,43736,0.1763
2025-08-26 11:55:00,23900,CE,117.13,118.72,116.52,116.86,473,46317,0.1761
2025-08-26 11:55:00,23900,PE,469.06,482.72,478.83,481.61,217,47212,0.1762
2025-08-26 11:55:00,23950,CE,115.83,114.91,113.84,114.88,439,50517,0.1768
2025-08-26 11:55:00,23950,PE,532.43,540.47,528.08,533.12,598,48978,0.177
2025-08-26 11:55:00,24000,CE,117.26,118.02,117.46,117.85,109,54201,0.1723
2025-08-26 11:55:00,24000,PE,575.76,582.33,574.56,580.86,496,48112,0.1757
2025-08-26 11:55:00,24050,CE,122.4,123.93,122.24,123.22,446,56323,0.179
2025-08-26 11:55:00,24050,PE,638.59,631.58,616.64,627.91,419,59472,0.1739
2025-08-26 11:55:00,24100,CE,114.32,115.76,114.03,114.37,354,65857,0.1791
2025-08-26 11:55:00,24100,PE,686.92,688.62,682.86,684.64,289,60759,0.1755
2025-08-26 11:55:00,24150,CE,113.3,113.26,109.89,112.48,218,70944,0.1752
2025-08-26 11:55:00,24150,PE,732.25,730.18,726.62,729.64,23,73502,0.1732
2025-08-26 11:55:00,24200,CE,114.89,117.28,115.42,115.42,341,82580,0.1767
2025-08-26 11:55:00,24200,PE,777.47,794.74,780.63,783.66,397,81164,0.1763
2025-08-26 11:55:00,24250,CE,114.01,117.44,113.36,114.64,134,79108,0.1742
2025-08-26 11:55:00,24250,PE,832.73,838.94,810.02,828.87,195,76089,0.173
2025-08-26 11:55:00,24300,CE,119.1,119.97,117.62,117.89,347,72031,0.1721
2025-08-26 11:55:00,24300,PE,859.43,877.17,866.62,875.43,332,66859,0.1744
2025-08-26 11:55:00,24350,CE,119.24,120.85,118.52,119.26,355,61547,0.1768
2025-08-26 11:55:00,24350,PE,946.68,936.41,917.19,931.94,377,61115,0.1735
2025-08-26 11:55:00,24400,CE,122.44,123.18,121.47,122.97,293,53027,0.1783
2025-08-26 11:55:00,24400,PE,965.54,991.63,964.97,975.0,10,56469,0.1722
2025-08-26 11:55:00,24450,CE,111.62,110.16,108.37,109.83,7,48790,0.1739
2025-08-26 11:55:00,24450,PE,1027.44,1033.11,1031.61,1032.06,222,52933,0.1752
2025-08-26 11:55:00,24500,CE,123.76,124.6,121.57,123.17,247,45464,0.1724
2025-08-26 11:55:00,24500,PE,1078.03,1089.87,1086.5,1088.48,252,46504,0.1754
2025-08-26 11:55:00,24550,CE,106.98,109.15,106.56,107.47,294,48010,0.1719
2025-08-26 11:55:00,24550,PE,1143.14,1144.85,1118.84,1128.19,60,41141,0.1774
2025-08-26 11:55:00,24600,CE,111.45,111.16,108.84,109.04,27,44439,0.1735
2025-08-26 11:55:00,24600,PE,1191.91,1202.54,1170.13,1184.67,17,39208,0.175
2025-08-26 11:55:00,24650,CE,113.45,113.77,111.57,113.48,353,41046,0.1725
2025-08-26 11:55:00,24650,PE,1223.68,1231.47,1216.65,1231.05,229,35096,0.173
2025-08-26 11:55:00,24700,CE,118.08,118.2,116.93,117.48,246,38477,0.1746
2025-08-26 11:55:00,24700,PE,1273.41,1295.5,1278.88,1283.54,110,33260,0.1772
2025-08-26 11:55:00,24750,CE,123.41,124.99,124.23,124.24,75,33922,0.1785
2025-08-26 11:55:00,24750,PE,1331.45,1348.56,1318.8,1333.06,215,33402,0.1769
2025-08-26 11:55:00,24800,CE,112.57,113.6,111.85,112.88,183,32934,0.1718
2025-08-26 11:55:00,24800,PE,1381.46,1391.1,1376.49,1380.39,225,29701,0.1719
2025-08-26 11:55:00,24850,CE,118.59,119.94,118.78,119.0,244,29149,0.1756
2025-08-26 11:55:00,24850,PE,1446.9,1439.11,1429.0,1433.22,137,31255,0.1717
2025-08-26 11:55:00,24900,CE,117.01,116.92,114.22,116.77,216,28549,0.1744
2025-08-26 11:55:00,24900,PE,1464.73,1502.65,1467.54,1478.87,180,25298,0.1728
2025-08-26 12:00:00,23500,CE,139.09,139.12,138.28,138.79,132,27625,0.174
2025-08-26 12:00:00,23500,PE,110.59,111.47,109.19,111.17,894,28566,0.1776
2025-08-26 12:00:00,23550,CE,118.19,121.39,118.75,118.8,1597,26833,0.1722
2025-08-26 12:00:00,23550,PE,138.3,138.03,135.2,137.27,913,26017,0.1748
2025-08-26 12:00:00,23600,CE,102.42,103.61,101.5,102.03,643,30529,0.1722
2025-08-26 12:00:00,23600,PE,200.69,200.07,197.29,198.91,781,31081,0.1776
2025-08-26 12:00:00,23650,CE,106.43,106.26,104.61,104.88,1049,30550,0.1776
2025-08-26 12:00:00,23650,PE,238.25,241.64,238.78,239.91,1187,28599,0.1763
2025-08-26 12:00:00,23700,CE,120.01,122.24,118.62,120.49,654,35483,0.1769
2025-08-26 12:00:00,23700,PE,293.29,297.91,289.39,291.62,643,34628,0.174
2025-08-26 12:00:00,23750,CE,109.16,109.4,107.38,108.48,358,39646,0.1767
2025-08-26 12:00:00,23750,PE,338.28,342.01,339.37,340.34,263,36833,0.1746
2025-08-26 12:00:00,23800,CE,111.77,112.83,111.19,111.53,482,39005,0.1743
2025-08-26 12:00:00,23800,PE,395.79,401.77,391.9,392.4,729,39458,0.1723
2025-08-26 12:00:00,23850,CE,122.33,123.03,120.28,120.49,551,42878,0.178
2025-08-26 12:00:00,23850,PE,444.7,449.88,441.89,442.6,176,43826,0.1779
2025-08-26 12:00:00,23900,CE,104.25,106.27,104.94,105.13,747,46076,0.1727
2025-08-26 12:00:00,23900,PE,478.49,489.2,475.03,482.04,98,46756,0.1742
2025-08-26 12:00:00,23950,CE,111.83,110.86,110.52,110.81,355,50856,0.1708
2025-08-26 12:00:00,23950,PE,536.37,541.24,532.87,535.23,509,48628,0.1731
2025-08-26 12:00:00,24000,CE,122.21,122.78,122.06,122.6,555,53798,0.1742
2025-08-26 12:00:00,24000,PE,591.25,612.1,585.75,587.96,375,48530,0.1749
2025-08-26 12:00:00,24050,CE,115.92,120.62,116.86,117.39,504,56565,0.1777
2025-08-26 12:00:00,24050,PE,646.51,661.54,643.19,647.48,212,59791,0.1771
2025-08-26 12:00:00,24100,CE,116.74,116.81,112.98,115.59,232,65677,0.1726
2025-08-26 12:00:00,24100,PE,700.04,709.87,693.32,695.03,316,60899,0.1758
2025-08-26 12:00:00,24150,CE,115.79,115.35,114.82,114.83,123,71462,0.1768
2025-08-26 12:00:00,24150,PE,736.63,739.96,724.96,734.91,481,73241,0.1744
2025-08-26 12:00:00,24200,CE,123.98,124.38,123.11,123.45,133,82062,0.1727
2025-08-26 12:00:00,24200,PE,789.83,788.99,774.56,781.34,217,80769,0.1743
2025-08-26 12:00:00,24250,CE,118.2,118.66,116.7,118.42,464,79584,0.1748
2025-08-26 12:00:00,24250,PE,850.57,839.16,832.35,838.79,414,75826,0.1746
2025-08-26 12:00:00,24300,CE,112.44,116.51,113.3,113.55,329,72020,0.1745
2025-08-26 12:00:00,24300,PE,898.87,912.34,893.76,895.31,135,66900,0.18
2025-08-26 12:00:00,24350,CE,118.16,120.43,118.37,118.65,81,62099,0.1772
2025-08-26 12:00:00,24350,PE,917.0,934.35,933.61,933.82,80,60876,0.1722
2025-08-26 12:00:00,24400,CE,114.78,115.95,114.74,114.96,101,53052,0.1718
2025-08-26 12:00:00,24400,PE,988.97,990.8,983.31,987.05,293,57018,0.1723
2025-08-26 12:00:00,24450,CE,126.48,125.37,124.47,125.36,165,48431,0.178
2025-08-26 12:00:00,24450,PE,1031.14,1041.69,1026.11,1036.14,15,53050,0.173
2025-08-26 12:00:00,24500,CE,126.86,128.74,124.79,125.88,390,44940,0.1779
2025-08-26 12:00:00,24500,PE,1104.94,1114.26,1088.16,1095.77,397,46219,0.1744
2025-08-26 12:00:00,24550,CE,110.29,110.47,108.44,109.86,348,47493,0.1734
2025-08-26 12:00:00,24550,PE,1145.05,1144.93,1131.63,1135.85,342,40937,0.1739
2025-08-26 12:00:00,24600,CE,110.14,110.15,107.88,109.65,105,44086,0.1729
2025-08-26 12:00:00,24600,PE,1176.24,1209.13,1179.22,1193.19,54,39566,0.1759
2025-08-26 12:00:00,24650,CE,115.94,116.31,115.44,115.61,30,41002,0.1766
2025-08-26 12:00:00,24650,PE,1245.06,1250.8,1241.46,1245.7,338,34982,0.1772
2025-08-26 12:00:00,24700,CE,107.09,109.68,107.09,107.55,285,38707,0.1726
2025-08-26 12:00:00,24700,PE,1296.13,1305.18,1286.57,1295.05,274,33796,0.1775
2025-08-26 12:00:00,24750,CE,120.91,120.22,118.12,120.1,37,33683,0.1744
2025-08-26 12:00:00,24750,PE,1343.83,1359.02,1327.1,1343.16,110,32882,0.176
2025-08-26 12:00:00,24800,CE,121.14,123.68,119.59,120.82,38,32465,0.173
2025-08-26 12:00:00,24800,PE,1395.72,1412.26,1369.56,1384.32,305,30129,0.176
2025-08-26 12:00:00,24850,CE,122.43,121.8,121.58,121.75,185,29564,0.1748
2025-08-26 12:00:00,24850,PE,1430.64,1440.77,1437.71,1439.73,110,31225,0.1777
2025-08-26 12:00:00,24900,CE,116.19,115.19,114.68,115.09,267,28126,0.1768
2025-08-26 12:00:00,24900,PE,1492.03,1503.61,1485.21,1487.95,48,25329,0.1773
2025-08-26 12:05:00,23500,CE,118.24,120.71,119.07,119.9,455,27827,0.1733
2025-08-26 12:05:00,23500,PE,131.07,133.47,128.16,131.15,1103,28364,0.175
2025-08-26 12:05:00,23550,CE,107.97,109.82,108.84,108.95,191,26332,0.1741
2025-08-26 12:05:00,23550,PE,181.57,186.61,183.32,183.88,662,25803,0.1795
2025-08-26 12:05:00,23600,CE,115.76,116.34,115.46,116.14,63,30757,0.1765
2025-08-26 12:05:00,23600,PE,231.75,232.57,228.07,229.68,1225,31655,0.1783
2025-08-26 12:05:00,23650,CE,119.66,120.24,118.41,119.66,149,30178,0.178
2025-08-26 12:05:00,23650,PE,270.23,268.76,267.37,267.63,500,29096,0.1742
2025-08-26 12:05:00,23700,CE,114.25,116.31,113.1,113.66,592,35430,0.1745
2025-08-26 12:05:00,23700,PE,329.17,338.05,320.19,328.56,944,34823,0.175
2025-08-26 12:05:00,23750,CE,108.57,108.34,105.58,107.28,910,40082,0.173
2025-08-26 12:05:00,23750,PE,376.63,386.03,375.57,380.07,922,36901,0.1773
2025-08-26 12:05:00,23800,CE,108.35,112.15,108.15,109.51,325,38478,0.1743
2025-08-26 12:05:00,23800,PE,420.83,436.47,421.66,425.63,621,39176,0.1753
2025-08-26 12:05:00,23850,CE,127.0,126.73,124.53,125.62,21,43241,0.1786
2025-08-26 12:05:00,23850,PE,477.95,487.92,476.3,477.49,338,43889,0.1725
2025-08-26 12:05:00,23900,CE,113.98,115.93,114.7,115.3,569,45870,0.1758
2025-08-26 12:05:00,23900,PE,541.2,548.2,534.06,539.25,593,46855,0.1777
2025-08-26 12:05:00,23950,CE,122.71,124.41,121.74,122.63,387,50578,0.1761
2025-08-26 12:05:00,23950,PE,578.0,576.08,574.92,575.19,534,48317,0.174
2025-08-26 12:05:00,24000,CE,115.82,116.48,114.73,115.36,395,54192,0.1746
2025-08-26 12:05:00,24000,PE,632.4,637.6,624.33,633.68,82,48410,0.1772
2025-08-26 12:05:00,24050,CE,119.16,120.79,118.21,118.35,406,56293,0.1754
2025-08-26 12:05:00,24050,PE,694.27,685.55,675.61,676.91,26,59682,0.1782
2025-08-26 12:05:00,24100,CE,124.2,124.71,123.37,123.7,283,66181,0.1777
2025-08-26 12:05:00,24100,PE,715.82,739.6,716.12,722.99,454,60515,0.176
2025-08-26 12:05:00,24150,CE,110.49,112.45,110.6,111.12,153,71084,0.1747
2025-08-26 12:05:00,24150,PE,783.66,782.9,780.47,782.88,484,73065,0.1773
2025-08-26 12:05:00,24200,CE,108.92,109.37,108.93,109.17,450,81534,0.1759
2025-08-26 12:05:00,24200,PE,823.76,830.21,821.91,822.4,285,80258,0.1722
2025-08-26 12:05:00,24250,CE,119.92,120.15,118.49,119.65,269,78997,0.1736
2025-08-26 12:05:00,24250,PE,884.57,885.52,863.44,877.69,81,75401,0.1723
2025-08-26 12:05:00,24300,CE,115.58,116.83,115.82,116.57,327,72188,0.1709
2025-08-26 12:05:00,24300,PE,938.64,947.56,926.58,929.14,259,66535,0.1714
2025-08-26 12:05:00,24350,CE,114.94,116.0,113.99,115.1,121,61952,0.1746
2025-08-26 12:05:00,24350,PE,965.61,977.14,968.07,970.55,429,61122,0.1758
2025-08-26 12:05:00,24400,CE,115.54,114.74,113.65,114.72,19,52490,0.1741
2025-08-26 12:05:00,24400,PE,1036.99,1064.79,1037.62,1038.9,150,56668,0.1737
2025-08-26 12:05:00,24450,CE,113.46,114.58,113.38,114.38,167,49026,0.1754
2025-08-26 12:05:00,24450,PE,1074.79,1089.63,1078.71,1079.51,84,53166,0.174
2025-08-26 12:05:00,24500,CE,114.04,115.83,113.87,114.77,190,45131,0.1763
2025-08-26 12:05:00,24500,PE,1105.44,1131.35,1120.92,1123.01,214,46238,0.1778
2025-08-26 12:05:00,24550,CE,103.59,105.78,105.5,105.57,107,48052,0.1742
2025-08-26 12:05:00,24550,PE,1181.29,1183.46,1166.73,1176.59,104,40510,0.1741
2025-08-26 12:05:00,24600,CE,115.83,118.13,115.95,116.54,39,43566,0.1723
2025-08-26 12:05:00,24600,PE,1231.98,1261.14,1229.27,1233.4,130,39945,0.1748
2025-08-26 12:05:00,24650,CE,115.69,116.29,115.63,115.79,58,40406,0.1756
2025-08-26 12:05:00,24650,PE,1274.58,1282.21,1278.82,1279.02,186,35055,0.1757
2025-08-26 12:05:00,24700,CE,123.4,122.84,121.24,122.49,191,38108,0.1764
2025-08-26 12:05:00,24700,PE,1324.32,1354.22,1332.82,1333.45,72,33613,0.1728
2025-08-26 12:05:00,24750,CE,115.12,115.28,113.12,114.7,241,33864,0.1748
2025-08-26 12:05:00,24750,PE,1371.2,1398.44,1362.02,1373.33,265,32938,0.176
2025-08-26 12:05:00,24800,CE,119.2,120.39,118.14,118.58,129,32536,0.1746
2025-08-26 12:05:00,24800,PE,1433.46,1434.68,1428.38,1430.1,124,29717,0.17
2025-08-26 12:05:00,24850,CE,117.13,119.65,117.89,118.08,177,29317,0.1749
2025-08-26 12:05:00,24850,PE,1458.42,1490.45,1460.19,1481.72,84,31477,0.1759
2025-08-26 12:05:00,24900,CE,117.05,119.49,118.08,118.84,23,27553,0.1754
2025-08-26 12:05:00,24900,PE,1537.29,1538.15,1524.52,1530.96,108,25443,0.1695
2025-08-26 12:10:00,23500,CE,113.05,115.06,112.43,113.0,1382,27847,0.1737
2025-08-26 12:10:00,23500,PE,148.93,149.69,146.6,148.13,444,28176,0.1763
2025-08-26 12:10:00,23550,CE,111.73,113.46,111.8,111.94,547,26133,0.1739
2025-08-26 12:10:00,23550,PE,201.84,203.99,200.29,202.39,950,26161,0.1795
2025-08-26 12:10:00,23600,CE,117.07,116.77,113.93,115.83,881,30615,0.1763
2025-08-26 12:10:00,23600,PE,237.9,238.87,236.66,236.96,369,31150,0.1795
2025-08-26 12:10:00,23650,CE,103.37,103.9,103.26,103.87,881,30732,0.171
2025-08-26 12:10:00,23650,PE,296.89,303.2,298.68,298.79,77,28652,0.1761
2025-08-26 12:10:00,23700,CE,115.37,115.65,113.23,114.76,225,35786,0.1757
2025-08-26 12:10:00,23700,PE,337.34,338.92,332.95,336.9,226,34239,0.1737
2025-08-26 12:10:00,23750,CE,120.19,124.83,118.95,120.35,312,39919,0.1756
2025-08-26 12:10:00,23750,PE,401.16,396.87,394.83,395.31,365,36919,0.1768
2025-08-26 12:10:00,23800,CE,114.38,118.26,117.47,117.74,210,37913,0.1777
2025-08-26 12:10:00,23800,PE,442.66,446.11,439.34,440.58,100,39456,0.1733
2025-08-26 12:10:00,23850,CE,112.02,115.15,111.85,112.52,507,42953,0.1734
2025-08-26 12:10:00,23850,PE,493.06,500.15,489.71,492.69,719,43938,0.1733
2025-08-26 12:10:00,23900,CE,114.84,114.67,113.67,114.19,567,46220,0.1731
2025-08-26 12:10:00,23900,PE,537.2,541.22,532.33,535.49,221,46964,0.1732
2025-08-26 12:10:00,23950,CE,121.05,122.82,120.88,121.74,397,50524,0.1778
2025-08-26 12:10:00,23950,PE,598.82,605.73,589.22,595.93,424,48120,0.1741
2025-08-26 12:10:00,24000,CE,121.04,120.88,120.78,120.87,70,53646,0.1759
2025-08-26 12:10:00,24000,PE,653.07,652.27,643.19,644.57,283,48905,0.1738
2025-08-26 12:10:00,24050,CE,119.78,121.03,118.55,118.92,132,56403,0.1777
2025-08-26 12:10:00,24050,PE,692.33,703.63,692.18,692.36,104,59839,0.1762
2025-08-26 12:10:00,24100,CE,117.04,117.93,116.62,117.6,109,66109,0.1769
2025-08-26 12:10:00,24100,PE,754.68,762.67,748.17,754.32,448,60362,0.175
2025-08-26 12:10:00,24150,CE,124.51,125.23,123.59,124.22,489,70539,0.1788
2025-08-26 12:10:00,24150,PE,797.94,805.19,791.91,799.94,51,72667,0.1741
2025-08-26 12:10:00,24200,CE,119.54,118.9,118.43,118.73,127,81444,0.1759
2025-08-26 12:10:00,24200,PE,847.13,848.38,839.72,848.02,455,79948,0.1779
2025-08-26 12:10:00,24250,CE,116.15,115.98,114.23,115.09,174,78450,0.172
2025-08-26 12:10:00,24250,PE,909.01,903.13,897.55,897.69,340,75456,0.1753
2025-08-26 12:10:00,24300,CE,120.05,121.7,119.31,119.64,27,72144,0.1756
2025-08-26 12:10:00,24300,PE,962.49,957.23,946.28,954.6,104,66440,0.1782
2025-08-26 12:10:00,24350,CE,117.6,118.07,117.47,117.49,128,62293,0.1726
2025-08-26 12:10:00,24350,PE,1002.57,1032.93,999.9,1002.98,31,61241,0.1766
2025-08-26 12:10:00,24400,CE,112.37,113.42,113.26,113.4,330,51891,0.1741
2025-08-26 12:10:00,24400,PE,1051.88,1045.68,1035.95,1043.53,375,56982,0.1754
2025-08-26 12:10:00,24450,CE,114.63,116.45,115.29,115.49,116,49005,0.1765
2025-08-26 12:10:00,24450,PE,1080.01,1112.81,1084.68,1092.05,273,53186,0.1744
2025-08-26 12:10:00,24500,CE,113.89,113.25,112.1,113.06,291,45598,0.1735
2025-08-26 12:10:00,24500,PE,1125.96,1137.91,1128.45,1134.35,141,45769,0.1762
2025-08-26 12:10:00,24550,CE,118.66,117.89,116.58,117.52,162,48171,0.176
2025-08-26 12:10:00,24550,PE,1186.39,1197.12,1182.66,1188.64,287,40248,0.1778
2025-08-26 12:10:00,24600,CE,110.66,113.44,110.09,111.32,330,43010,0.1752
2025-08-26 12:10:00,24600,PE,1250.51,1252.97,1236.54,1247.18,209,39869,0.1729
2025-08-26 12:10:00,24650,CE,114.09,112.83,111.99,112.71,240,40146,0.1764
2025-08-26 12:10:00,24650,PE,1292.19,1286.06,1279.87,1285.3,320,34456,0.1727
2025-08-26 12:10:00,24700,CE,105.53,106.52,103.64,104.64,271,38099,0.1757
2025-08-26 12:10:00,24700,PE,1350.6,1370.55,1338.48,1344.56,174,33386,0.176
2025-08-26 12:10:00,24750,CE,122.39,122.85,118.71,119.85,129,33784,0.1773
2025-08-26 12:10:00,24750,PE,1414.35,1402.68,1384.93,1387.58,103,32352,0.1724
2025-08-26 12:10:00,24800,CE,116.99,117.23,116.33,116.42,127,32418,0.1747
2025-08-26 12:10:00,24800,PE,1440.1,1462.15,1430.22,1447.72,226,29681,0.1719
2025-08-26 12:10:00,24850,CE,113.8,116.07,113.29,114.68,168,29276,0.178
2025-08-26 12:10:00,24850,PE,1478.22,1503.55,1485.42,1488.99,130,31737,0.1739
2025-08-26 12:10:00,24900,CE,114.64,115.89,114.25,114.95,199,28142,0.177
2025-08-26 12:10:00,24900,PE,1537.24,1559.54,1529.39,1541.82,148,24876,0.1742
2025-08-26 12:15:00,23500,CE,120.54,120.85,117.67,118.94,879,27722,0.1784
2025-08-26 12:15:00,23500,PE,177.0,181.05,177.21,178.98,164,28604,0.1769
2025-08-26 12:15:00,23550,CE,116.85,117.04,115.47,115.77,827,26283,0.176
2025-08-26 12:15:00,23550,PE,233.48,233.1,231.02,232.55,831,26741,0.1773
2025-08-26 12:15:00,23600,CE,118.83,119.66,116.26,117.47,794,30871,0.1734
2025-08-26 12:15:00,23600,PE,264.3,268.61,261.17,265.8,865,31419,0.1741
2025-08-26 12:15:00,23650,CE,106.86,108.6,106.42,107.27,728,30223,0.1708
2025-08-26 12:15:00,23650,PE,326.14,329.14,323.76,327.33,423,28382,0.1765
2025-08-26 12:15:00,23700,CE,109.82,110.52,109.2,110.12,831,35886,0.1753
2025-08-26 12:15:00,23700,PE,360.98,367.82,361.4,363.22,487,34265,0.1747
2025-08-26 12:15:00,23750,CE,107.01,107.71,106.21,107.35,586,40234,0.174
2025-08-26 12:15:00,23750,PE,417.95,425.24,414.86,422.25,182,37511,0.1761
2025-08-26 12:15:00,23800,CE,117.94,118.91,116.23,117.55,601,37561,0.1746
2025-08-26 12:15:00,23800,PE,486.49,482.41,479.05,480.09,481,39370,0.1744
2025-08-26 12:15:00,23850,CE,112.86,113.74,111.12,111.81,281,43393,0.1752
2025-08-26 12:15:00,23850,PE,521.86,526.79,521.85,523.16,216,44343,0.1735
2025-08-26 12:15:00,23900,CE,111.46,111.95,110.62,110.76,436,46600,0.1736
2025-08-26 12:15:00,23900,PE,574.7,582.14,566.59,575.73,508,47108,0.1737
2025-08-26 12:15:00,23950,CE,120.03,120.99,119.44,119.84,129,51115,0.1769
2025-08-26 12:15:00,23950,PE,619.07,631.34,620.96,622.95,412,47949,0.1743
2025-08-26 12:15:00,24000,CE,110.51,110.65,109.95,110.38,160,53185,0.1756
2025-08-26 12:15:00,24000,PE,663.95,680.73,667.36,674.37,195,48464,0.1745
2025-08-26 12:15:00,24050,CE,110.19,112.49,110.54,110.6,501,56325,0.1727
2025-08-26 12:15:00,24050,PE,719.91,723.82,720.41,721.5,356,60204,0.174
2025-08-26 12:15:00,24100,CE,118.09,119.73,116.57,117.54,513,66052,0.1757
2025-08-26 12:15:00,24100,PE,773.62,772.75,762.75,772.07,36,60495,0.1742
2025-08-26 12:15:00,24150,CE,114.65,116.16,115.4,115.43,480,70368,0.1787
2025-08-26 12:15:00,24150,PE,811.61,834.54,818.19,820.33,59,72924,0.1745
2025-08-26 12:15:00,24200,CE,115.06,115.82,114.33,114.78,302,81027,0.1732
2025-08-26 12:15:00,24200,PE,868.78,877.65,864.91,871.47,9,79972,0.172
2025-08-26 12:15:00,24250,CE,114.95,114.3,114.24,114.27,74,78072,0.1754
2025-08-26 12:15:00,24250,PE,914.33,925.91,915.27,919.67,147,75418,0.1754
2025-08-26 12:15:00,24300,CE,121.95,123.39,121.02,121.79,361,72060,0.1756
2025-08-26 12:15:00,24300,PE,953.05,962.47,950.01,959.14,369,66565,0.173
2025-08-26 12:15:00,24350,CE,122.79,123.09,122.59,122.84,169,62304,0.1723
2025-08-26 12:15:00,24350,PE,1023.15,1024.41,1019.26,1021.63,65,61811,0.1734
2025-08-26 12:15:00,24400,CE,113.53,113.09,112.12,112.17,126,52371,0.1756
2025-08-26 12:15:00,24400,PE,1090.49,1082.32,1070.98,1077.55,263,56734,0.1741
2025-08-26 12:15:00,24450,CE,109.32,109.36,107.3,109.04,192,48550,0.1718
2025-08-26 12:15:00,24450,PE,1106.46,1119.3,1116.05,1118.93,241,52663,0.1753
2025-08-26 12:15:00,24500,CE,124.32,125.56,123.25,124.32,241,45235,0.1755
2025-08-26 12:15:00,24500,PE,1182.34,1191.36,1164.18,1179.14,53,45435,0.1734
2025-08-26 12:15:00,24550,CE,108.61,109.99,108.58,109.34,37,48637,0.1744
2025-08-26 12:15:00,24550,PE,1230.35,1229.55,1218.33,1228.67,337,40757,0.1758
2025-08-26 12:15:00,24600,CE,115.85,116.76,116.26,116.35,251,42686,0.1786
2025-08-26 12:15:00,24600,PE,1295.9,1286.12,1262.17,1278.37,265,40179,0.1755
2025-08-26 12:15:00,24650,CE,122.03,124.5,122.13,122.8,83,40548,0.1774
2025-08-26 12:15:00,24650,PE,1325.96,1355.48,1315.87,1321.68,335,34309,0.1773
2025-08-26 12:15:00,24700,CE,112.9,114.21,113.25,113.66,193,38544,0.1788
2025-08-26 12:15:00,24700,PE,1352.72,1402.76,1350.55,1373.77,89,33972,0.1761
2025-08-26 12:15:00,24750,CE,124.76,123.89,121.66,123.31,99,34345,0.1785
2025-08-26 12:15:00,24750,PE,1390.99,1421.98,1413.17,1414.05,77,32642,0.172
2025-08-26 12:15:00,24800,CE,114.62,117.23,114.95,116.14,162,32263,0.1716
2025-08-26 12:15:00,24800,PE,1478.98,1484.09,1473.94,1474.99,137,29353,0.172
2025-08-26 12:15:00,24850,CE,119.28,120.94,117.46,118.52,200,29867,0.1754
2025-08-26 12:15:00,24850,PE,1523.82,1549.29,1529.62,1533.91,175,31468,0.1735
2025-08-26 12:15:00,24900,CE,115.34,115.33,113.9,115.18,194,28068,0.1741
2025-08-26 12:15:00,24900,PE,1579.79,1580.36,1576.41,1579.2,265,24592,0.175
2025-08-26 12:20:00,23500,CE,109.98,109.32,108.53,108.81,804,27717,0.1736
2025-08-26 12:20:00,23500,PE,170.94,173.71,170.02,170.09,1356,28136,0.1742
2025-08-26 12:20:00,23550,CE,117.95,120.48,117.7,118.69,827,26653,0.1737
2025-08-26 12:20:00,23550,PE,221.63,220.98,219.15,220.62,492,26747,0.1777
2025-08-26 12:20:00,23600,CE,113.45,114.55,112.85,113.21,358,30774,0.1758
2025-08-26 12:20:00,23600,PE,261.04,268.89,259.56,261.65,1112,31254,0.1756
2025-08-26 12:20:00,23650,CE,113.28,117.35,112.74,113.51,225,30318,0.1757
2025-08-26 12:20:00,23650,PE,313.02,315.72,312.79,314.46,501,28717,0.1743
2025-08-26 12:20:00,23700,CE,116.59,118.08,114.58,115.65,49,36369,0.1752
2025-08-26 12:20:00,23700,PE,369.33,369.2,366.87,367.59,670,34674,0.1787
2025-08-26 12:20:00,23750,CE,108.49,108.83,105.75,107.38,361,40168,0.1788
2025-08-26 12:20:00,23750,PE,396.18,408.37,400.88,406.24,299,37911,0.1726
2025-08-26 12:20:00,23800,CE,123.55,125.89,122.53,123.98,68,37595,0.1767
2025-08-26 12:20:00,23800,PE,463.46,467.83,460.05,461.31,216,39535,0.1749
2025-08-26 12:20:00,23850,CE,106.9,107.49,105.93,107.22,712,43602,0.1726
2025-08-26 12:20:00,23850,PE,516.3,520.83,516.87,518.0,44,44222,0.1782
2025-08-26 12:20:00,23900,CE,120.09,122.98,119.58,120.63,32,46583,0.1748
2025-08-26 12:20:00,23900,PE,564.16,562.22,560.39,561.63,128,47339,0.1748
2025-08-26 12:20:00,23950,CE,122.77,123.06,119.04,120.38,348,50884,0.1774
2025-08-26 12:20:00,23950,PE,606.98,614.24,603.74,610.07,552,48245,0.1782
2025-08-26 12:20:00,24000,CE,113.36,112.28,110.41,111.91,382,53009,0.1733
2025-08-26 12:20:00,24000,PE,652.97,666.47,656.45,661.14,171,48566,0.1744
2025-08-26 12:20:00,24050,CE,106.99,108.99,107.46,107.51,452,56730,0.1747
2025-08-26 12:20:00,24050,PE,707.83,730.93,713.41,715.93,444,59631,0.1766
2025-08-26 12:20:00,24100,CE,116.42,119.75,117.19,117.31,531,65740,0.1753
2025-08-26 12:20:00,24100,PE,756.45,766.03,757.54,760.84,14,60568,0.1733
2025-08-26 12:20:00,24150,CE,121.72,124.79,122.99,123.56,237,69895,0.1781
2025-08-26 12:20:00,24150,PE,812.68,821.62,813.89,814.04,116,72570,0.1731
2025-08-26 12:20:00,24200,CE,112.4,113.69,110.16,111.65,218,81325,0.1752
2025-08-26 12:20:00,24200,PE,877.99,891.53,855.38,872.85,334,79402,0.1767
2025-08-26 12:20:00,24250,CE,116.46,116.59,115.83,116.32,86,78204,0.1785
2025-08-26 12:20:00,24250,PE,916.41,937.67,920.71,921.64,374,74858,0.1758
2025-08-26 12:20:00,24300,CE,115.23,116.46,114.3,114.38,153,71599,0.1744
2025-08-26 12:20:00,24300,PE,972.61,974.68,965.04,967.93,219,66433,0.1783
2025-08-26 12:20:00,24350,CE,119.75,120.23,117.29,118.2,79,62861,0.1763
2025-08-26 12:20:00,24350,PE,1011.72,1020.62,985.86,1007.78,325,61866,0.1748
2025-08-26 12:20:00,24400,CE,121.08,121.18,119.92,120.07,313,52145,0.1703
2025-08-26 12:20:00,24400,PE,1061.02,1077.27,1064.01,1068.96,381,56627,0.1773
2025-08-26 12:20:00,24450,CE,117.1,118.63,117.05,117.4,155,48632,0.1733
2025-08-26 12:20:00,24450,PE,1101.18,1122.1,1107.78,1111.82,229,52806,0.1742
2025-08-26 12:20:00,24500,CE,111.66,112.32,110.85,111.84,314,44956,0.1737
2025-08-26 12:20:00,24500,PE,1153.97,1171.02,1157.88,1160.87,268,45071,0.1714
2025-08-26 12:20:00,24550,CE,118.43,118.35,116.72,117.01,91,48631,0.1746
2025-08-26 12:20:00,24550,PE,1226.56,1221.03,1216.44,1216.59,193,40930,0.1761
2025-08-26 12:20:00,24600,CE,114.43,115.69,113.4,114.48,53,43065,0.1721
2025-08-26 12:20:00,24600,PE,1263.44,1272.87,1257.17,1270.76,197,40290,0.1729
2025-08-26 12:20:00,24650,CE,119.96,120.62,118.03,119.57,254,40778,0.1767
2025-08-26 12:20:00,24650,PE,1314.45,1341.59,1312.28,1321.31,148,34289,0.1764
2025-08-26 12:20:00,24700,CE,112.12,112.86,112.3,112.4,80,38624,0.1729
2025-08-26 12:20:00,24700,PE,1374.39,1375.08,1359.69,1363.8,70,34134,0.1721
2025-08-26 12:20:00,24750,CE,112.36,113.62,112.8,112.82,135,34028,0.1753
2025-08-26 12:20:00,24750,PE,1421.66,1415.41,1389.93,1414.29,153,33162,0.1717
2025-08-26 12:20:00,24800,CE,118.37,118.92,117.89,118.61,174,32077,0.1744
2025-08-26 12:20:00,24800,PE,1500.05,1473.75,1453.55,1464.31,141,29478,0.1765
2025-08-26 12:20:00,24850,CE,116.79,116.66,114.37,115.73,49,29940,0.1754
2025-08-26 12:20:00,24850,PE,1508.08,1526.18,1510.27,1522.48,14,31892,0.1781
2025-08-26 12:20:00,24900,CE,109.41,113.24,109.24,110.79,178,27604,0.176
2025-08-26 12:20:00,24900,PE,1559.99,1578.87,1562.1,1564.59,137,25053,0.1738
2025-08-26 12:25:00,23500,CE,116.59,120.06,116.15,116.59,1550,27281,0.1737
2025-08-26 12:25:00,23500,PE,153.87,155.66,152.1,154.43,453,27709,0.1731
2025-08-26 12:25:00,23550,CE,117.87,119.78,117.32,119.35,524,27087,0.1765
2025-08-26 12:25:00,23550,PE,204.06,203.16,198.88,202.15,984,26455,0.1772
2025-08-26 12:25:00,23600,CE,109.64,110.2,108.99,110.07,408,30908,0.1751
2025-08-26 12:25:00,23600,PE,248.9,250.38,243.42,247.03,733,31210,0.1754
2025-08-26 12:25:00,23650,CE,113.48,114.57,111.94,113.85,466,30839,0.1736
2025-08-26 12:25:00,23650,PE,291.12,301.4,291.51,293.76,554,29055,0.1801
2025-08-26 12:25:00,23700,CE,118.39,120.53,119.4,120.05,939,36170,0.1748
2025-08-26 12:25:00,23700,PE,345.77,352.57,345.98,347.21,765,35050,0.1758
2025-08-26 12:25:00,23750,CE,117.66,119.4,117.4,118.23,206,39838,0.1747
2025-08-26 12:25:00,23750,PE,399.52,406.93,404.04,404.22,156,38049,0.1741
2025-08-26 12:25:00,23800,CE,116.87,118.63,115.94,116.47,625,37896,0.1768
2025-08-26 12:25:00,23800,PE,454.83,454.97,451.1,453.17,325,39778,0.1793
2025-08-26 12:25:00,23850,CE,114.69,115.71,114.65,114.8,34,43790,0.1768
2025-08-26 12:25:00,23850,PE,503.42,519.87,508.92,509.39,365,44617,0.1758
2025-08-26 12:25:00,23900,CE,118.91,119.86,116.98,119.34,680,46650,0.1743
2025-08-26 12:25:00,23900,PE,543.02,552.74,548.34,548.55,441,47853,0.1769
2025-08-26 12:25:00,23950,CE,108.86,110.03,106.3,107.65,232,50457,0.1737
2025-08-26 12:25:00,23950,PE,594.48,615.15,599.47,601.55,337,48071,0.1764
2025-08-26 12:25:00,24000,CE,103.82,105.0,102.55,103.41,394,53348,0.1714
2025-08-26 12:25:00,24000,PE,642.07,651.34,632.62,647.05,315,48335,0.1739
2025-08-26 12:25:00,24050,CE,110.89,111.81,109.45,110.45,331,56661,0.1749
2025-08-26 12:25:00,24050,PE,700.7,710.02,698.31,698.72,115,59958,0.1759
2025-08-26 12:25:00,24100,CE,117.47,116.98,116.8,116.94,188,65786,0.1766
2025-08-26 12:25:00,24100,PE,743.72,757.72,737.57,747.01,499,60193,0.1761
2025-08-26 12:25:00,24150,CE,123.55,125.84,125.4,125.4,227,69504,0.1762
2025-08-26 12:25:00,24150,PE,787.55,795.3,791.77,793.19,232,72331,0.1761
2025-08-26 12:25:00,24200,CE,115.23,117.15,114.52,115.79,453,81088,0.1782
2025-08-26 12:25:00,24200,PE,841.67,845.05,829.72,838.65,306,78966,0.1729
2025-08-26 12:25:00,24250,CE,118.69,123.4,119.32,120.67,219,78605,0.1755
2025-08-26 12:25:00,24250,PE,905.87,908.26,905.57,907.98,319,74597,0.1737
2025-08-26 12:25:00,24300,CE,116.98,116.92,116.79,116.84,437,71961,0.1759
2025-08-26 12:25:00,24300,PE,962.77,948.15,942.63,945.63,185,67001,0.1728
2025-08-26 12:25:00,24350,CE,116.61,117.92,115.98,116.81,86,62659,0.1754
2025-08-26 12:25:00,24350,PE,980.26,1006.98,976.29,991.73,401,62430,0.1729
2025-08-26 12:25:00,24400,CE,119.13,119.89,116.28,118.43,340,51774,0.1763
2025-08-26 12:25:00,24400,PE,1052.18,1047.2,1035.32,1044.72,95,56803,0.1749
2025-08-26 12:25:00,24450,CE,119.36,118.63,116.83,118.51,28,49221,0.1714
2025-08-26 12:25:00,24450,PE,1103.84,1114.15,1100.01,1100.48,373,53176,0.1789
2025-08-26 12:25:00,24500,CE,117.38,120.73,116.85,117.32,369,44631,0.1716
2025-08-26 12:25:00,24500,PE,1154.04,1158.12,1141.43,1152.46,336,44779,0.1766
2025-08-26 12:25:00,24550,CE,111.35,114.74,113.11,113.32,49,48345,0.1762
2025-08-26 12:25:00,24550,PE,1194.83,1231.6,1191.71,1199.51,285,41461,0.1727
2025-08-26 12:25:00,24600,CE,114.86,116.27,113.77,115.41,219,42759,0.1698
2025-08-26 12:25:00,24600,PE,1266.37,1291.88,1250.38,1263.57,215,40301,0.1737
2025-08-26 12:25:00,24650,CE,109.58,110.12,108.7,109.59,179,40597,0.1772
2025-08-26 12:25:00,24650,PE,1298.66,1321.01,1296.92,1298.0,52,34122,0.1727
2025-08-26 12:25:00,24700,CE,114.34,115.91,114.11,115.82,295,38513,0.1763
2025-08-26 12:25:00,24700,PE,1374.66,1370.31,1349.59,1349.72,12,33948,0.176
2025-08-26 12:25:00,24750,CE,122.43,123.36,121.59,122.26,150,34147,0.1751
2025-08-26 12:25:00,24750,PE,1404.91,1427.34,1395.68,1399.33,207,33072,0.1755
2025-08-26 12:25:00,24800,CE,120.96,121.26,120.03,120.57,48,32006,0.1743
2025-08-26 12:25:00,24800,PE,1472.67,1462.76,1444.0,1452.91,6,29485,0.1755
2025-08-26 12:25:00,24850,CE,110.69,111.26,108.82,109.68,136,29767,0.1763
2025-08-26 12:25:00,24850,PE,1506.42,1503.16,1476.75,1494.62,200,32197,0.1747
2025-08-26 12:25:00,24900,CE,107.01,108.64,107.4,107.99,80,27608,0.1759
2025-08-26 12:25:00,24900,PE,1537.92,1552.52,1526.61,1548.12,151,25064,0.177
2025-08-26 12:30:00,23500,CE,121.99,125.05,120.08,123.52,704,26932,0.1751
2025-08-26 12:30:00,23500,PE,117.62,117.68,116.21,116.45,315,27146,0.171
2025-08-26 12:30:00,23550,CE,112.51,115.6,111.18,112.76,108,27458,0.1744
2025-08-26 12:30:00,23550,PE,147.12,151.61,145.16,147.55,135,26881,0.1733
2025-08-26 12:30:00,23600,CE,120.42,120.93,119.67,119.79,1237,30597,0.1752
2025-08-26 12:30:00,23600,PE,194.69,197.61,191.54,195.45,623,31042,0.1748
2025-08-26 12:30:00,23650,CE,120.0,119.82,117.37,119.47,489,30668,0.1732
2025-08-26 12:30:00,23650,PE,248.57,248.88,245.44,246.81,428,29276,0.1755
2025-08-26 12:30:00,23700,CE,120.0,119.36,116.21,118.03,456,35794,0.1747
2025-08-26 12:30:00,23700,PE,298.97,310.8,303.62,305.47,420,35624,0.1725
2025-08-26 12:30:00,23750,CE,117.74,118.74,117.87,118.18,963,39312,0.1777
2025-08-26 12:30:00,23750,PE,353.03,351.5,345.85,349.83,568,38617,0.1738
2025-08-26 12:30:00,23800,CE,110.96,113.48,111.12,112.59,184,37378,0.1749
2025-08-26 12:30:00,23800,PE,397.21,408.9,394.31,395.9,199,39559,0.1738
2025-08-26 12:30:00,23850,CE,114.81,115.03,113.0,113.61,763,43490,0.175
2025-08-26 12:30:00,23850,PE,444.93,465.2,445.77,447.64,279,44328,0.1746
2025-08-26 12:30:00,23900,CE,115.16,115.26,114.45,114.62,303,47243,0.174
2025-08-26 12:30:00,23900,PE,499.52,504.06,493.36,498.64,74,47803,0.1719
2025-08-26 12:30:00,23950,CE,116.43,117.19,115.82,116.91,434,50000,0.1742
2025-08-26 12:30:00,23950,PE,551.68,554.26,548.04,550.71,42,48649,0.1761
2025-08-26 12:30:00,24000,CE,113.98,114.33,112.15,112.91,184,53039,0.1725
2025-08-26 12:30:00,24000,PE,600.06,603.47,593.01,599.57,235,47822,0.1726
2025-08-26 12:30:00,24050,CE,112.47,113.74,110.68,113.64,99,56090,0.1772
2025-08-26 12:30:00,24050,PE,646.0,654.48,640.54,648.46,333,59913,0.1776
2025-08-26 12:30:00,24100,CE,121.54,122.07,121.41,121.97,165,66287,0.1734
2025-08-26 12:30:00,24100,PE,712.51,716.88,702.85,707.1,183,59613,0.1761
2025-08-26 12:30:00,24150,CE,114.06,115.27,112.14,114.23,62,69774,0.1729
2025-08-26 12:30:00,24150,PE,751.44,753.93,748.28,751.1,296,72043,0.1764
2025-08-26 12:30:00,24200,CE,116.0,117.4,115.58,116.1,134,80750,0.176
2025-08-26 12:30:00,24200,PE,804.7,815.56,793.6,805.29,223,79210,0.177
2025-08-26 12:30:00,24250,CE,109.61,111.79,110.57,111.52,317,78902,0.1727
2025-08-26 12:30:00,24250,PE,838.83,861.65,836.88,844.38,28,74667,0.1719
2025-08-26 12:30:00,24300,CE,118.35,119.29,118.67,118.93,361,71603,0.1735
2025-08-26 12:30:00,24300,PE,905.26,918.76,884.75,898.76,277,66408,0.174
2025-08-26 12:30:00,24350,CE,125.26,129.36,126.52,126.6,409,62943,0.1748
2025-08-26 12:30:00,24350,PE,976.82,971.46,948.66,956.93,282,62549,0.178
2025-08-26 12:30:00,24400,CE,113.78,115.91,114.18,114.64,290,51681,0.1766
2025-08-26 12:30:00,24400,PE,1003.42,1016.27,1001.59,1001.71,415,56459,0.1783
2025-08-26 12:30:00,24450,CE,116.05,117.03,115.9,116.31,335,49535,0.1762
2025-08-26 12:30:00,24450,PE,1043.04,1042.77,1038.36,1039.32,346,52661,0.1697
2025-08-26 12:30:00,24500,CE,112.78,111.72,111.2,111.49,179,44802,0.1713
2025-08-26 12:30:00,24500,PE,1085.7,1109.65,1081.87,1094.54,247,45005,0.1752
2025-08-26 12:30:00,24550,CE,129.12,129.32,126.5,127.13,243,48012,0.1756
2025-08-26 12:30:00,24550,PE,1166.09,1194.56,1149.18,1153.13,316,41440,0.1746
2025-08-26 12:30:00,24600,CE,111.36,113.29,109.18,111.38,356,42783,0.175
2025-08-26 12:30:00,24600,PE,1188.07,1197.67,1190.25,1195.88,199,40410,0.1756
2025-08-26 12:30:00,24650,CE,116.82,119.17,113.83,115.63,308,41078,0.1746
2025-08-26 12:30:00,24650,PE,1253.25,1251.2,1233.37,1249.48,209,34177,0.174
2025-08-26 12:30:00,24700,CE,108.16,108.85,108.01,108.2,23,37993,0.1755
2025-08-26 12:30:00,24700,PE,1306.32,1308.89,1298.26,1302.64,253,33761,0.1756
2025-08-26 12:30:00,24750,CE,119.41,120.64,118.87,119.33,147,34300,0.1749
2025-08-26 12:30:00,24750,PE,1356.9,1369.82,1352.19,1359.06,77,32871,0.1742
2025-08-26 12:30:00,24800,CE,114.76,115.17,112.74,114.54,18,32327,0.1731
2025-08-26 12:30:00,24800,PE,1389.93,1411.56,1391.83,1399.97,165,29112,0.1743
2025-08-26 12:30:00,24850,CE,116.36,120.07,115.04,116.64,186,29338,0.1739
2025-08-26 12:30:00,24850,PE,1444.62,1461.97,1437.48,1458.29,243,31874,0.1753
2025-08-26 12:30:00,24900,CE,112.5,114.56,112.6,113.02,84,28059,0.1747
2025-08-26 12:30:00,24900,PE,1485.74,1502.85,1496.94,1502.4,224,25281,0.1746
2025-08-26 12:35:00,23500,CE,111.94,114.2,112.2,112.53,946,26956,0.1722
2025-08-26 12:35:00,23500,PE,162.92,162.62,161.91,162.52,318,26906,0.1752
2025-08-26 12:35:00,23550,CE,111.55,114.15,111.28,111.95,1296,27960,0.1743
2025-08-26 12:35:00,23550,PE,211.94,215.39,214.69,214.8,983,27347,0.1747
2025-08-26 12:35:00,23600,CE,119.48,119.64,118.29,119.22,957,30476,0.174
2025-08-26 12:35:00,23600,PE,259.92,261.94,257.08,260.26,854,31345,0.1758
2025-08-26 12:35:00,23650,CE,121.43,120.85,118.46,120.18,161,31164,0.1743
2025-08-26 12:35:00,23650,PE,317.4,321.05,317.46,320.3,531,29052,0.1791
2025-08-26 12:35:00,23700,CE,116.36,117.43,116.47,116.69,462,35588,0.1768
2025-08-26 12:35:00,23700,PE,364.8,359.44,356.15,358.38,329,35678,0.1741
2025-08-26 12:35:00,23750,CE,106.45,106.81,106.44,106.72,872,39202,0.172
2025-08-26 12:35:00,23750,PE,408.65,412.57,401.08,407.01,199,38930,0.1781
2025-08-26 12:35:00,23800,CE,118.39,119.54,116.83,117.94,246,37422,0.1742
2025-08-26 12:35:00,23800,PE,459.38,465.51,454.46,458.59,213,39213,0.1702
2025-08-26 12:35:00,23850,CE,115.33,116.67,115.38,116.16,196,43317,0.1754
2025-08-26 12:35:00,23850,PE,506.59,514.39,504.25,507.69,712,44533,0.1773
2025-08-26 12:35:00,23900,CE,134.07,132.97,131.93,132.89,485,46707,0.1754
2025-08-26 12:35:00,23900,PE,565.51,575.78,554.4,561.33,18,47613,0.1724
2025-08-26 12:35:00,23950,CE,114.86,116.61,114.96,115.29,576,49419,0.1746
2025-08-26 12:35:00,23950,PE,624.54,620.88,603.57,614.62,499,49034,0.1735
2025-08-26 12:35:00,24000,CE,108.77,109.81,106.7,108.78,176,52579,0.1776
2025-08-26 12:35:00,24000,PE,664.01,673.84,660.85,661.64,101,47314,0.1746
2025-08-26 12:35:00,24050,CE,109.72,111.07,108.48,110.3,485,56433,0.1756
2025-08-26 12:35:00,24050,PE,706.13,712.18,704.27,704.85,388,59420,0.1768
2025-08-26 12:35:00,24100,CE,104.69,106.35,103.73,104.51,515,66508,0.1731
2025-08-26 12:35:00,24100,PE,758.66,760.78,750.95,755.5,450,59468,0.1743
2025-08-26 12:35:00,24150,CE,115.13,114.14,113.14,113.62,108,70160,0.1782
2025-08-26 12:35:00,24150,PE,815.23,820.98,816.31,817.38,34,71662,0.1729
2025-08-26 12:35:00,24200,CE,109.41,111.46,109.67,110.51,81,80251,0.1777
2025-08-26 12:35:00,24200,PE,871.09,863.66,848.25,861.6,273,78884,0.1757
2025-08-26 12:35:00,24250,CE,118.6,120.66,119.19,119.59,451,79420,0.1734
2025-08-26 12:35:00,24250,PE,909.05,925.09,894.99,905.0,85,75061,0.1752
2025-08-26 12:35:00,24300,CE,107.69,110.35,107.9,108.56,24,71345,0.1708
2025-08-26 12:35:00,24300,PE,941.88,972.47,956.83,958.37,296,66055,0.1752
2025-08-26 12:35:00,24350,CE,124.66,125.04,123.55,123.91,39,62531,0.1738
2025-08-26 12:35:00,24350,PE,988.62,1014.9,998.61,1000.5,283,62214,0.1754
2025-08-26 12:35:00,24400,CE,118.36,118.24,116.83,117.96,105,51327,0.1779
2025-08-26 12:35:00,24400,PE,1048.31,1057.9,1049.33,1051.5,361,56924,0.1761
2025-08-26 12:35:00,24450,CE,116.89,119.27,115.85,116.96,317,48958,0.1723
2025-08-26 12:35:00,24450,PE,1092.36,1118.86,1097.77,1106.46,103,53117,0.1746
2025-08-26 12:35:00,24500,CE,110.35,110.47,109.17,110.37,212,44251,0.1751
2025-08-26 12:35:00,24500,PE,1155.02,1192.81,1144.1,1157.23,98,45397,0.1751
2025-08-26 12:35:00,24550,CE,113.82,115.47,113.62,113.86,321,47922,0.1725
2025-08-26 12:35:00,24550,PE,1218.72,1235.3,1215.65,1217.57,60,40932,0.1778
2025-08-26 12:35:00,24600,CE,110.33,111.23,108.49,109.99,83,43141,0.1748
2025-08-26 12:35:00,24600,PE,1255.93,1269.55,1251.89,1255.4,291,40117,0.1716
2025-08-26 12:35:00,24650,CE,107.55,110.22,107.36,108.51,332,41531,0.1771
2025-08-26 12:35:00,24650,PE,1317.55,1312.96,1301.44,1311.68,335,34479,0.1745
2025-08-26 12:35:00,24700,CE,116.14,117.07,115.1,115.45,190,38571,0.1778
2025-08-26 12:35:00,24700,PE,1377.62,1365.52,1358.72,1362.4,228,34159,0.1778
2025-08-26 12:35:00,24750,CE,110.8,113.68,112.01,112.74,131,33989,0.1715
2025-08-26 12:35:00,24750,PE,1408.01,1429.25,1405.62,1406.08,184,32762,0.1746
2025-08-26 12:35:00,24800,CE,113.41,114.52,110.75,112.74,111,32562,0.1731
2025-08-26 12:35:00,24800,PE,1446.95,1458.88,1453.8,1455.38,190,28891,0.1744
2025-08-26 12:35:00,24850,CE,123.88,126.09,122.57,123.87,75,29393,0.1731
2025-08-26 12:35:00,24850,PE,1504.2,1519.78,1499.75,1515.97,101,31559,0.1749
2025-08-26 12:35:00,24900,CE,125.13,128.24,123.41,124.7,68,28254,0.1754
2025-08-26 12:35:00,24900,PE,1553.18,1578.88,1517.76,1561.9,123,25091,0.1777
2025-08-26 12:40:00,23500,CE,109.99,111.18,109.58,110.38,224,26422,0.1744
2025-08-26 12:40:00,23500,PE,129.29,130.9,128.68,129.31,1213,27467,0.1765
2025-08-26 12:40:00,23550,CE,113.51,114.98,112.97,113.95,496,28372,0.1762
2025-08-26 12:40:00,23550,PE,168.24,170.06,168.83,169.01,898,27111,0.1763
2025-08-26 12:40:00,23600,CE,118.32,119.82,118.58,119.01,739,30031,0.1784
2025-08-26 12:40:00,23600,PE,223.69,226.57,223.43,223.86,448,31627,0.1747
2025-08-26 12:40:00,23650,CE,123.02,122.42,121.35,121.47,973,30828,0.1737
2025-08-26 12:40:00,23650,PE,268.76,271.61,269.77,271.45,1040,29178,0.1751
2025-08-26 12:40:00,23700,CE,113.72,115.23,114.25,115.04,247,35922,0.1744
2025-08-26 12:40:00,23700,PE,325.93,330.58,320.5,326.28,904,35404,0.1742
2025-08-26 12:40:00,23750,CE,130.47,134.71,130.37,130.97,112,38943,0.1786
2025-08-26 12:40:00,23750,PE,379.13,380.98,373.21,379.03,706,38403,0.1741
2025-08-26 12:40:00,23800,CE,115.67,118.6,114.13,115.59,255,37205,0.1764
2025-08-26 12:40:00,23800,PE,417.94,422.85,418.37,419.42,27,39329,0.1736
2025-08-26 12:40:00,23850,CE,105.66,107.42,103.95,105.83,633,42903,0.1757
2025-08-26 12:40:00,23850,PE,472.78,490.71,474.14,478.06,695,45076,0.1768
2025-08-26 12:40:00,23900,CE,125.06,126.24,124.21,124.81,634,46973,0.1745
2025-08-26 12:40:00,23900,PE,522.29,535.49,525.85,528.86,332,47257,0.1743
2025-08-26 12:40:00,23950,CE,114.48,115.02,113.28,113.6,619,49455,0.1742
2025-08-26 12:40:00,23950,PE,574.09,576.32,568.25,572.0,312,48903,0.1758
2025-08-26 12:40:00,24000,CE,116.05,120.24,117.07,117.41,146,52437,0.1767
2025-08-26 12:40:00,24000,PE,635.31,640.44,629.38,632.36,508,47385,0.173
2025-08-26 12:40:00,24050,CE,109.18,109.72,108.07,108.8,241,55962,0.174
2025-08-26 12:40:00,24050,PE,671.17,672.2,667.9,670.39,253,59078,0.1733
2025-08-26 12:40:00,24100,CE,126.89,127.76,125.83,126.72,229,66087,0.1801
2025-08-26 12:40:00,24100,PE,722.41,724.03,719.18,720.73,533,59076,0.1763
2025-08-26 12:40:00,24150,CE,110.88,112.7,110.51,110.88,73,70346,0.176
2025-08-26 12:40:00,24150,PE,788.11,800.04,779.63,788.37,188,72257,0.1737
2025-08-26 12:40:00,24200,CE,116.26,119.31,117.65,117.79,209,80432,0.1747
2025-08-26 12:40:00,24200,PE,826.86,823.91,810.41,821.87,423,79465,0.174
2025-08-26 12:40:00,24250,CE,112.72,114.95,113.07,113.79,391,79512,0.1739
2025-08-26 12:40:00,24250,PE,886.3,889.71,880.78,883.35,393,74800,0.1768
2025-08-26 12:40:00,24300,CE,111.71,112.81,111.08,112.4,400,71791,0.1724
2025-08-26 12:40:00,24300,PE,925.62,941.68,913.19,919.83,180,65535,0.1749
2025-08-26 12:40:00,24350,CE,114.68,114.71,112.16,113.49,302,62053,0.1749
2025-08-26 12:40:00,24350,PE,981.22,1010.74,972.74,985.81,14,62751,0.1779
2025-08-26 12:40:00,24400,CE,116.1,116.39,115.16,115.95,241,51507,0.1763
2025-08-26 12:40:00,24400,PE,1040.1,1031.71,1030.82,1030.91,371,57438,0.1733
2025-08-26 12:40:00,24450,CE,110.66,113.35,110.53,111.48,386,48517,0.1743
2025-08-26 12:40:00,24450,PE,1081.62,1095.51,1067.11,1085.64,135,53438,0.1794
2025-08-26 12:40:00,24500,CE,111.07,110.05,108.89,109.38,17,43932,0.1744
2025-08-26 12:40:00,24500,PE,1143.34,1149.88,1124.83,1133.66,202,45209,0.1729
2025-08-26 12:40:00,24550,CE,115.04,115.84,114.82,115.5,69,48400,0.1767
2025-08-26 12:40:00,24550,PE,1191.2,1201.76,1173.07,1183.01,170,40825,0.1768
2025-08-26 12:40:00,24600,CE,107.78,110.18,107.64,108.41,238,43345,0.1761
2025-08-26 12:40:00,24600,PE,1220.84,1243.53,1224.42,1241.62,180,40581,0.1801
2025-08-26 12:40:00,24650,CE,118.87,120.99,119.43,119.9,106,41976,0.1759
2025-08-26 12:40:00,24650,PE,1278.5,1319.58,1268.6,1283.39,302,33889,0.1751
2025-08-26 12:40:00,24700,CE,111.4,114.51,111.72,112.14,254,38160,0.1768
2025-08-26 12:40:00,24700,PE,1332.91,1329.28,1316.66,1327.61,165,34661,0.1747
2025-08-26 12:40:00,24750,CE,114.78,115.16,114.16,114.45,67,34063,0.1697
2025-08-26 12:40:00,24750,PE,1380.34,1374.04,1367.24,1371.27,253,32738,0.1728
2025-08-26 12:40:00,24800,CE,121.93,122.78,120.5,121.34,29,32040,0.1777
2025-08-26 12:40:00,24800,PE,1454.14,1447.78,1417.36,1423.66,165,28321,0.1785
2025-08-26 12:40:00,24850,CE,111.64,111.16,109.39,109.56,9,29937,0.1715
2025-08-26 12:40:00,24850,PE,1494.4,1476.72,1474.19,1474.47,164,31527,0.1757
2025-08-26 12:40:00,24900,CE,111.64,112.17,110.9,111.16,34,28597,0.1703
2025-08-26 12:40:00,24900,PE,1525.77,1549.81,1522.25,1524.43,153,24755,0.1748
2025-08-26 12:45:00,23500,CE,119.25,122.71,121.16,121.26,1285,26106,0.1755
2025-08-26 12:45:00,23500,PE,138.65,140.18,137.16,137.89,868,27539,0.1757
2025-08-26 12:45:00,23550,CE,121.57,126.2,122.46,122.62,421,28823,0.1765
2025-08-26 12:45:00,23550,PE,177.13,177.86,172.3,176.1,1028,26857,0.1736
2025-08-26 12:45:00,23600,CE,118.71,119.13,117.26,118.79,216,29825,0.1741
2025-08-26 12:45:00,23600,PE,225.32,225.94,221.35,225.53,600,31687,0.1761
2025-08-26 12:45:00,23650,CE,123.31,124.74,122.95,123.29,461,30276,0.1739
2025-08-26 12:45:00,23650,PE,277.71,275.66,272.28,274.82,766,29032,0.1781
2025-08-26 12:45:00,23700,CE,116.22,116.69,114.23,115.67,350,35989,0.1744
2025-08-26 12:45:00,23700,PE,327.4,332.97,332.07,332.16,847,34809,0.1796
2025-08-26 12:45:00,23750,CE,115.83,120.42,114.56,115.8,882,39108,0.1742
2025-08-26 12:45:00,23750,PE,380.6,391.33,379.73,381.38,508,37864,0.1739
2025-08-26 12:45:00,23800,CE,122.48,123.53,121.92,122.85,601,37468,0.1734
2025-08-26 12:45:00,23800,PE,436.59,441.88,436.37,436.64,477,39691,0.1756
2025-08-26 12:45:00,23850,CE,114.48,118.2,114.2,115.14,652,43309,0.1738
2025-08-26 12:45:00,23850,PE,486.42,492.8,486.68,486.73,262,45284,0.1768
2025-08-26 12:45:00,23900,CE,122.04,122.99,118.8,120.82,52,47046,0.1744
2025-08-26 12:45:00,23900,PE,541.56,540.85,534.63,537.55,115,47026,0.1736
2025-08-26 12:45:00,23950,CE,116.32,117.13,115.16,115.48,457,49364,0.1769
2025-08-26 12:45:00,23950,PE,582.56,585.74,576.83,584.01,581,48407,0.1752
2025-08-26 12:45:00,24000,CE,120.48,123.26,121.07,121.46,611,52685,0.174
2025-08-26 12:45:00,24000,PE,632.94,636.78,632.55,634.78,276,46814,0.1725
2025-08-26 12:45:00,24050,CE,120.85,122.21,119.28,120.0,33,55858,0.1752
2025-08-26 12:45:00,24050,PE,689.9,689.79,675.81,682.94,343,59085,0.1777
2025-08-26 12:45:00,24100,CE,121.68,122.71,120.06,121.37,172,66267,0.1726
2025-08-26 12:45:00,24100,PE,726.7,734.3,722.58,728.06,346,58887,0.1754
2025-08-26 12:45:00,24150,CE,104.49,106.87,104.45,105.64,178,70277,0.1727
2025-08-26 12:45:00,24150,PE,777.9,802.51,781.01,783.07,395,72361,0.1733
2025-08-26 12:45:00,24200,CE,111.35,111.42,109.81,109.93,71,80939,0.1761
2025-08-26 12:45:00,24200,PE,829.0,850.87,842.3,844.42,108,79671,0.1767
2025-08-26 12:45:00,24250,CE,114.7,115.98,114.14,114.29,15,79217,0.1749
2025-08-26 12:45:00,24250,PE,887.1,892.78,881.37,886.93,273,75216,0.1737
2025-08-26 12:45:00,24300,CE,117.08,117.3,116.34,116.61,260,71257,0.1738
2025-08-26 12:45:00,24300,PE,932.14,937.84,926.91,935.86,436,65261,0.179
2025-08-26 12:45:00,24350,CE,124.24,125.12,123.09,124.45,163,61582,0.1757
2025-08-26 12:45:00,24350,PE,976.63,983.77,981.76,982.16,306,62687,0.174
2025-08-26 12:45:00,24400,CE,112.79,114.2,112.44,113.1,97,51671,0.1739
2025-08-26 12:45:00,24400,PE,1023.52,1039.29,1029.32,1031.96,87,57475,0.1721
2025-08-26 12:45:00,24450,CE,122.85,126.35,122.95,124.98,268,48890,0.1758
2025-08-26 12:45:00,24450,PE,1077.21,1102.31,1065.95,1076.01,281,53518,0.1774
2025-08-26 12:45:00,24500,CE,117.77,117.48,116.43,117.25,19,43611,0.1765
2025-08-26 12:45:00,24500,PE,1113.37,1135.61,1132.56,1134.07,225,45252,0.1762
2025-08-26 12:45:00,24550,CE,119.71,121.38,119.49,120.52,201,48682,0.1756
2025-08-26 12:45:00,24550,PE,1170.77,1183.59,1169.94,1176.31,336,40828,0.1767
2025-08-26 12:45:00,24600,CE,116.87,116.74,115.98,116.22,53,43275,0.1692
2025-08-26 12:45:00,24600,PE,1239.76,1246.57,1211.85,1233.96,95,40615,0.1751
2025-08-26 12:45:00,24650,CE,113.76,114.86,113.94,114.42,206,42033,0.1774
2025-08-26 12:45:00,24650,PE,1274.23,1292.78,1279.69,1285.88,203,33661,0.1731
2025-08-26 12:45:00,24700,CE,120.2,121.7,120.63,120.7,63,38585,0.173
2025-08-26 12:45:00,24700,PE,1347.72,1359.91,1318.14,1332.67,137,34310,0.1728
2025-08-26 12:45:00,24750,CE,115.53,115.68,114.62,114.9,322,33502,0.1743
2025-08-26 12:45:00,24750,PE,1374.99,1404.87,1375.43,1386.18,115,33027,0.1731
2025-08-26 12:45:00,24800,CE,113.82,115.38,113.83,114.25,131,32450,0.172
2025-08-26 12:45:00,24800,PE,1447.43,1444.9,1406.58,1434.21,115,28492,0.1786
2025-08-26 12:45:00,24850,CE,111.51,112.26,108.36,110.48,132,29899,0.1776
2025-08-26 12:45:00,24850,PE,1496.02,1487.98,1467.52,1481.76,153,32097,0.172
2025-08-26 12:45:00,24900,CE,110.4,111.4,109.99,110.65,225,28441,0.1769
2025-08-26 12:45:00,24900,PE,1542.96,1554.22,1517.35,1529.94,125,24642,0.1738
2025-08-26 12:50:00,23500,CE,143.47,147.86,144.08,145.48,1201,26215,0.1764
2025-08-26 12:50:00,23500,PE,116.76,117.63,116.66,117.5,879,27455,0.1776
2025-08-26 12:50:00,23550,CE,112.47,112.32,110.95,111.68,685,28889,0.178
2025-08-26 12:50:00,23550,PE,128.83,130.34,128.8,129.72,1400,27416,0.1726
2025-08-26 12:50:00,23600,CE,122.45,122.04,121.62,121.8,109,29509,0.1763
2025-08-26 12:50:00,23600,PE,182.5,184.67,179.05,181.65,992,31265,0.1739
2025-08-26 12:50:00,23650,CE,111.79,111.7,111.38,111.42,775,30184,0.1727
2025-08-26 12:50:00,23650,PE,240.33,243.51,237.45,240.26,256,29036,0.1743
2025-08-26 12:50:00,23700,CE,115.79,115.77,113.93,114.51,577,36244,0.1725
2025-08-26 12:50:00,23700,PE,288.87,286.73,284.37,286.52,925,35355,0.1719
2025-08-26 12:50:00,23750,CE,120.08,118.88,117.34,117.77,450,39334,0.1758
2025-08-26 12:50:00,23750,PE,327.91,334.88,328.84,329.53,794,38448,0.1782
2025-08-26 12:50:00,23800,CE,122.22,123.12,121.09,121.14,598,37163,0.1729
2025-08-26 12:50:00,23800,PE,380.44,383.63,380.95,382.4,322,39341,0.1758
2025-08-26 12:50:00,23850,CE,111.58,112.91,111.62,112.57,176,43076,0.1773
2025-08-26 12:50:00,23850,PE,439.87,438.3,428.94,434.38,423,45628,0.175
2025-08-26 12:50:00,23900,CE,111.17,111.11,109.6,110.21,233,46669,0.1766
2025-08-26 12:50:00,23900,PE,479.13,485.61,479.87,482.02,108,46661,0.1737
2025-08-26 12:50:00,23950,CE,116.42,121.91,116.7,117.94,316,49258,0.1766
2025-08-26 12:50:00,23950,PE,544.55,544.81,540.0,542.09,292,48188,0.1737
2025-08-26 12:50:00,24000,CE,116.49,117.11,115.37,116.48,309,52860,0.1735
2025-08-26 12:50:00,24000,PE,581.68,588.5,574.43,582.99,40,47282,0.1738
2025-08-26 12:50:00,24050,CE,117.7,119.84,115.89,117.19,198,55424,0.1781
2025-08-26 12:50:00,24050,PE,644.59,642.49,634.51,641.9,118,59141,0.1753
2025-08-26 12:50:00,24100,CE,118.68,120.26,118.3,118.96,311,65773,0.1755
2025-08-26 12:50:00,24100,PE,678.92,696.44,674.48,684.49,299,58552,0.1732
2025-08-26 12:50:00,24150,CE,123.6,124.98,122.86,123.15,508,70047,0.1744
2025-08-26 12:50:00,24150,PE,739.24,741.92,725.28,736.25,556,72455,0.1731
2025-08-26 12:50:00,24200,CE,110.85,113.71,110.71,111.28,508,81004,0.1757
2025-08-26 12:50:00,24200,PE,794.44,791.68,779.09,782.63,73,79842,0.175
2025-08-26 12:50:00,24250,CE,114.1,114.55,113.07,113.28,243,79599,0.1723
2025-08-26 12:50:00,24250,PE,840.94,839.85,836.48,837.39,201,74840,0.1756
2025-08-26 12:50:00,24300,CE,121.6,120.84,119.91,120.37,61,71549,0.1756
2025-08-26 12:50:00,24300,PE,889.46,907.52,880.89,883.04,117,65461,0.1703
2025-08-26 12:50:00,24350,CE,120.24,123.02,119.55,120.13,67,61077,0.1716
2025-08-26 12:50:00,24350,PE,937.46,938.01,931.13,935.0,325,62500,0.1733
2025-08-26 12:50:00,24400,CE,119.06,120.06,119.24,119.57,250,51104,0.1765
2025-08-26 12:50:00,24400,PE,982.42,994.13,973.22,986.17,87,56983,0.1776
2025-08-26 12:50:00,24450,CE,116.39,116.17,114.33,115.26,121,48630,0.1724
2025-08-26 12:50:00,24450,PE,1023.33,1035.37,1023.46,1032.45,160,53209,0.1762
2025-08-26 12:50:00,24500,CE,113.13,113.91,112.74,113.24,186,44091,0.1728
2025-08-26 12:50:00,24500,PE,1086.4,1109.75,1089.08,1094.19,40,45724,0.1781
2025-08-26 12:50:00,24550,CE,111.52,112.56,111.12,111.83,162,48775,0.1771
2025-08-26 12:50:00,24550,PE,1136.46,1139.93,1116.65,1133.48,260,41110,0.1768
2025-08-26 12:50:00,24600,CE,106.68,107.86,106.33,106.95,350,43874,0.1696
2025-08-26 12:50:00,24600,PE,1164.01,1193.8,1173.47,1180.78,42,40507,0.1735
2025-08-26 12:50:00,24650,CE,121.95,122.26,120.85,121.69,195,42059,0.1755
2025-08-26 12:50:00,24650,PE,1228.86,1263.73,1221.48,1247.42,354,33842,0.177
2025-08-26 12:50:00,24700,CE,110.1,109.27,108.66,108.81,142,39089,0.1746
2025-08-26 12:50:00,24700,PE,1282.33,1293.49,1277.48,1282.5,253,34666,0.176
2025-08-26 12:50:00,24750,CE,118.34,118.71,117.68,118.53,211,32979,0.1736
2025-08-26 12:50:00,24750,PE,1356.57,1360.01,1337.36,1342.65,324,33282,0.174
2025-08-26 12:50:00,24800,CE,123.76,126.05,122.32,124.21,52,32152,0.1739
2025-08-26 12:50:00,24800,PE,1384.83,1404.73,1373.41,1383.85,113,28197,0.1731
2025-08-26 12:50:00,24850,CE,112.05,115.49,113.74,114.08,196,29955,0.1777
2025-08-26 12:50:00,24850,PE,1430.69,1471.26,1425.98,1429.78,70,32332,0.1725
2025-08-26 12:50:00,24900,CE,114.33,116.85,112.51,114.59,90,28032,0.1735
2025-08-26 12:50:00,24900,PE,1501.85,1499.41,1489.39,1491.3,290,24419,0.1761
2025-08-26 12:55:00,23500,CE,152.04,151.94,148.74,150.8,401,26474,0.1744
2025-08-26 12:55:00,23500,PE,118.08,120.12,118.7,118.74,1257,27037,0.1767
2025-08-26 12:55:00,23550,CE,109.75,112.7,111.06,111.56,118,29308,0.1722
2025-08-26 12:55:00,23550,PE,141.36,144.3,141.57,141.92,851,27363,0.1748
2025-08-26 12:55:00,23600,CE,121.68,122.95,119.03,120.86,613,29612,0.176
2025-08-26 12:55:00,23600,PE,182.92,184.96,179.44,182.83,968,30761,0.1767
2025-08-26 12:55:00,23650,CE,110.01,111.88,110.77,110.86,345,30729,0.1748
2025-08-26 12:55:00,23650,PE,241.46,241.9,237.58,238.98,225,29525,0.1744
2025-08-26 12:55:00,23700,CE,117.08,117.26,115.11,116.14,456,35872,0.1762
2025-08-26 12:55:00,23700,PE,290.27,294.13,290.06,291.3,666,35550,0.1767
2025-08-26 12:55:00,23750,CE,117.3,116.21,115.88,116.09,360,39685,0.1727
2025-08-26 12:55:00,23750,PE,332.46,337.28,332.82,335.81,78,37994,0.1718
2025-08-26 12:55:00,23800,CE,115.15,116.18,114.91,115.24,570,37255,0.1753
2025-08-26 12:55:00,23800,PE,383.5,389.48,382.89,383.09,639,39761,0.1735
2025-08-26 12:55:00,23850,CE,119.35,120.81,118.19,118.94,775,43084,0.173
2025-08-26 12:55:00,23850,PE,445.4,449.66,437.82,445.92,424,46136,0.1776
2025-08-26 12:55:00,23900,CE,114.78,118.76,114.99,115.59,738,46126,0.1729
2025-08-26 12:55:00,23900,PE,491.32,502.21,486.39,489.26,394,47164,0.1757
2025-08-26 12:55:00,23950,CE,121.44,124.24,120.66,121.36,47,49830,0.1732
2025-08-26 12:55:00,23950,PE,545.85,547.14,538.54,543.48,537,47775,0.179
2025-08-26 12:55:00,24000,CE,118.06,119.42,118.6,118.76,430,52777,0.1739
2025-08-26 12:55:00,24000,PE,592.45,592.39,586.7,587.88,229,47426,0.172
2025-08-26 12:55:00,24050,CE,112.38,118.06,113.77,114.8,461,55895,0.1728
2025-08-26 12:55:00,24050,PE,637.03,648.11,641.03,643.04,266,58732,0.179
2025-08-26 12:55:00,24100,CE,115.1,118.37,113.68,114.94,508,65573,0.174
2025-08-26 12:55:00,24100,PE,686.54,701.22,671.77,685.81,448,58909,0.176
2025-08-26 12:55:00,24150,CE,118.29,120.57,118.4,119.62,41,69939,0.1771
2025-08-26 12:55:00,24150,PE,724.82,732.04,724.04,729.02,55,72580,0.1724
2025-08-26 12:55:00,24200,CE,122.65,125.27,120.07,120.37,419,81076,0.1754
2025-08-26 12:55:00,24200,PE,794.53,797.27,783.74,786.39,176,80409,0.1741
2025-08-26 12:55:00,24250,CE,109.46,110.89,108.74,109.42,50,79168,0.1743
2025-08-26 12:55:00,24250,PE,837.55,853.05,835.14,841.72,188,75378,0.1784
2025-08-26 12:55:00,24300,CE,120.53,121.1,118.97,120.08,426,71625,0.1704
2025-08-26 12:55:00,24300,PE,889.09,898.53,876.09,885.43,453,65945,0.1762
2025-08-26 12:55:00,24350,CE,121.51,125.71,121.68,122.07,269,60618,0.173
2025-08-26 12:55:00,24350,PE,937.9,941.04,912.04,935.22,409,62669,0.1785
2025-08-26 12:55:00,24400,CE,117.36,117.72,114.98,116.49,67,51512,0.1752
2025-08-26 12:55:00,24400,PE,973.89,992.99,980.34,982.14,177,57327,0.1724
2025-08-26 12:55:00,24450,CE,116.88,118.13,115.38,116.22,114,48041,0.1745
2025-08-26 12:55:00,24450,PE,1039.13,1041.3,1028.09,1036.71,192,53151,0.1736
2025-08-26 12:55:00,24500,CE,113.08,114.43,110.83,112.89,346,43629,0.1747
2025-08-26 12:55:00,24500,PE,1081.74,1112.92,1075.04,1091.1,365,45307,0.1773
2025-08-26 12:55:00,24550,CE,100.07,101.71,100.38,100.56,359,49022,0.1755
2025-08-26 12:55:00,24550,PE,1133.16,1144.29,1134.0,1139.53,142,41657,0.1768
2025-08-26 12:55:00,24600,CE,116.33,116.07,114.56,115.45,136,44034,0.1733
2025-08-26 12:55:00,24600,PE,1191.02,1192.59,1177.06,1191.51,11,40029,0.1781
2025-08-26 12:55:00,24650,CE,114.41,116.42,112.45,114.69,129,41751,0.1703
2025-08-26 12:55:00,24650,PE,1255.22,1244.85,1203.19,1232.53,85,33696,0.1746
2025-08-26 12:55:00,24700,CE,110.44,112.1,110.66,110.77,211,38639,0.1755
2025-08-26 12:55:00,24700,PE,1282.05,1312.12,1277.28,1290.1,260,35083,0.1734
2025-08-26 12:55:00,24750,CE,119.22,119.1,118.58,118.89,279,32612,0.1739
2025-08-26 12:55:00,24750,PE,1367.5,1361.67,1326.09,1346.57,293,32837,0.1738
2025-08-26 12:55:00,24800,CE,116.59,117.14,113.69,116.37,39,32422,0.1722
2025-08-26 12:55:00,24800,PE,1413.11,1407.12,1386.81,1391.0,246,27749,0.1733
2025-08-26 12:55:00,24850,CE,122.51,123.31,121.92,122.43,132,29847,0.1733
2025-08-26 12:55:00,24850,PE,1434.45,1472.34,1443.79,1446.74,227,32350,0.1741
2025-08-26 12:55:00,24900,CE,110.61,111.29,108.59,110.23,183,27528,0.1722
2025-08-26 12:55:00,24900,PE,1495.17,1499.32,1492.0,1493.29,296,24485,0.1732
2025-08-26 13:00:00,23500,CE,171.24,170.97,170.36,170.41,998,26450,0.175
2025-08-26 13:00:00,23500,PE,109.61,111.93,110.35,110.37,382,27239,0.1748
2025-08-26 13:00:00,23550,CE,133.12,134.4,131.24,132.12,521,28970,0.1755
2025-08-26 13:00:00,23550,PE,114.95,117.71,114.81,115.56,972,27190,0.1713
2025-08-26 13:00:00,23600,CE,118.35,117.84,115.08,117.25,1408,29803,0.1772
2025-08-26 13:00:00,23600,PE,153.81,155.78,152.93,154.61,602,30203,0.1705
2025-08-26 13:00:00,23650,CE,118.46,118.87,115.89,118.59,477,30267,0.177
2025-08-26 13:00:00,23650,PE,199.89,199.5,197.17,198.13,314,29265,0.1755
2025-08-26 13:00:00,23700,CE,113.24,113.74,112.58,113.02,786,35399,0.1732
2025-08-26 13:00:00,23700,PE,253.92,256.69,255.52,255.66,209,34997,0.1752
2025-08-26 13:00:00,23750,CE,114.22,115.83,115.15,115.55,981,40269,0.1735
2025-08-26 13:00:00,23750,PE,303.97,308.18,300.31,303.79,330,37940,0.1756
2025-08-26 13:00:00,23800,CE,112.79,112.9,111.72,111.87,301,37295,0.1764
2025-08-26 13:00:00,23800,PE,351.76,351.65,346.48,350.09,538,39466,0.1768
2025-08-26 13:00:00,23850,CE,114.99,116.08,113.42,114.61,572,42493,0.1758
2025-08-26 13:00:00,23850,PE,407.52,424.05,401.76,409.01,572,46436,0.1747
2025-08-26 13:00:00,23900,CE,116.34,119.31,115.69,116.6,55,46394,0.1775
2025-08-26 13:00:00,23900,PE,456.95,459.18,449.62,454.0,600,47731,0.1758
2025-08-26 13:00:00,23950,CE,111.1,113.07,111.09,111.29,605,49255,0.1738
2025-08-26 13:00:00,23950,PE,508.48,521.92,506.49,507.96,72,47339,0.1788
2025-08-26 13:00:00,24000,CE,114.42,117.11,112.43,113.75,409,53031,0.1732
2025-08-26 13:00:00,24000,PE,554.31,562.62,553.03,556.51,461,47222,0.1803
2025-08-26 13:00:00,24050,CE,110.6,111.9,109.27,110.66,139,55371,0.1758
2025-08-26 13:00:00,24050,PE,587.29,593.97,591.67,593.42,249,58493,0.1751
2025-08-26 13:00:00,24100,CE,110.99,110.58,109.17,109.44,192,65078,0.177
2025-08-26 13:00:00,24100,PE,673.2,676.35,660.95,663.12,185,59314,0.1787
2025-08-26 13:00:00,24150,CE,118.37,119.55,118.49,119.07,145,70391,0.1743
2025-08-26 13:00:00,24150,PE,707.8,706.35,701.8,705.65,58,72744,0.1741
2025-08-26 13:00:00,24200,CE,108.99,111.42,111.25,111.33,66,80938,0.1736
2025-08-26 13:00:00,24200,PE,757.97,765.54,756.65,758.33,519,80731,0.1753
2025-08-26 13:00:00,24250,CE,125.38,126.73,125.71,125.85,269,79325,0.1745
2025-08-26 13:00:00,24250,PE,813.21,818.96,806.0,807.47,343,75728,0.1728
2025-08-26 13:00:00,24300,CE,110.75,113.1,109.6,110.97,294,71638,0.1732
2025-08-26 13:00:00,24300,PE,856.5,890.86,840.98,857.71,44,66495,0.1766
2025-08-26 13:00:00,24350,CE,125.54,126.48,125.07,126.19,268,60366,0.1768
2025-08-26 13:00:00,24350,PE,900.05,922.66,904.08,909.3,69,62794,0.1761
2025-08-26 13:00:00,24400,CE,120.3,122.68,121.23,121.7,351,51881,0.1752
2025-08-26 13:00:00,24400,PE,961.72,948.94,938.27,947.83,397,57799,0.1748
2025-08-26 13:00:00,24450,CE,122.03,122.94,118.13,120.78,269,48577,0.1729
2025-08-26 13:00:00,24450,PE,992.67,1002.9,995.04,1000.67,38,53025,0.1754
2025-08-26 13:00:00,24500,CE,114.01,115.18,114.09,114.15,202,43868,0.1764
2025-08-26 13:00:00,24500,PE,1045.05,1081.58,1030.78,1051.54,127,45055,0.1718
2025-08-26 13:00:00,24550,CE,115.36,114.56,114.25,114.43,356,49201,0.1713
2025-08-26 13:00:00,24550,PE,1093.27,1114.72,1104.28,1107.2,252,41278,0.1753
2025-08-26 13:00:00,24600,CE,115.68,117.39,115.92,116.17,192,43939,0.1753
2025-08-26 13:00:00,24600,PE,1146.26,1171.53,1138.64,1158.4,237,40533,0.1753
2025-08-26 13:00:00,24650,CE,110.1,111.08,110.04,110.66,105,42124,0.1764
2025-08-26 13:00:00,24650,PE,1211.56,1247.57,1203.44,1212.2,233,33691,0.1743
2025-08-26 13:00:00,24700,CE,103.11,102.89,101.67,102.69,335,38215,0.1743
2025-08-26 13:00:00,24700,PE,1265.08,1266.71,1251.75,1259.32,240,34961,0.1749
2025-08-26 13:00:00,24750,CE,117.97,120.93,118.57,120.04,234,32178,0.1772
2025-08-26 13:00:00,24750,PE,1303.03,1325.96,1305.15,1312.47,252,32319,0.1721
2025-08-26 13:00:00,24800,CE,108.96,109.93,109.47,109.81,118,32909,0.1739
2025-08-26 13:00:00,24800,PE,1366.31,1383.97,1345.48,1360.96,210,27738,0.1744
2025-08-26 13:00:00,24850,CE,120.3,119.96,118.16,119.31,108,29354,0.1788
2025-08-26 13:00:00,24850,PE,1422.56,1453.84,1402.95,1411.34,40,32610,0.1763
2025-08-26 13:00:00,24900,CE,118.64,117.18,116.15,116.95,88,27017,0.1729
2025-08-26 13:00:00,24900,PE,1466.93,1461.89,1451.16,1457.66,138,24360,0.1725
2025-08-26 13:05:00,23500,CE,184.22,182.98,181.06,182.6,1387,26126,0.1763
2025-08-26 13:05:00,23500,PE,111.49,113.04,109.49,111.14,404,26836,0.1743
2025-08-26 13:05:00,23550,CE,131.94,132.42,131.51,131.86,341,29010,0.1768
2025-08-26 13:05:00,23550,PE,114.59,115.1,112.52,113.85,398,27453,0.1754
2025-08-26 13:05:00,23600,CE,109.3,112.56,108.39,109.73,1322,29787,0.1744
2025-08-26 13:05:00,23600,PE,145.54,148.31,143.87,145.97,405,30587,0.1793
2025-08-26 13:05:00,23650,CE,115.35,115.04,114.25,114.51,1342,30767,0.1763
2025-08-26 13:05:00,23650,PE,200.0,199.55,196.15,198.54,1278,29633,0.1762
2025-08-26 13:05:00,23700,CE,121.56,121.96,118.52,119.15,904,35946,0.1783
2025-08-26 13:05:00,23700,PE,245.83,252.57,247.61,247.83,426,35511,0.1748
2025-08-26 13:05:00,23750,CE,117.98,119.8,117.66,119.31,39,40668,0.1767
2025-08-26 13:05:00,23750,PE,299.75,303.9,294.49,300.24,374,37691,0.1769
2025-08-26 13:05:00,23800,CE,117.12,117.74,114.97,117.37,667,36904,0.1733
2025-08-26 13:05:00,23800,PE,351.3,353.59,347.34,350.16,974,39738,0.1803
2025-08-26 13:05:00,23850,CE,107.83,109.63,106.49,107.18,31,42907,0.1749
2025-08-26 13:05:00,23850,PE,396.99,405.97,391.08,397.05,109,46823,0.1762
2025-08-26 13:05:00,23900,CE,114.94,117.46,113.34,114.46,668,46566,0.1737
2025-08-26 13:05:00,23900,PE,446.76,454.67,447.86,449.57,497,48126,0.1778
2025-08-26 13:05:00,23950,CE,115.44,115.34,114.57,114.84,645,49503,0.1752
2025-08-26 13:05:00,23950,PE,493.95,498.31,488.38,496.56,139,47537,0.1748
2025-08-26 13:05:00,24000,CE,107.51,107.27,106.36,106.61,150,52486,0.1736
2025-08-26 13:05:00,24000,PE,554.28,562.71,547.13,550.26,116,47174,0.179
2025-08-26 13:05:00,24050,CE,121.31,119.99,118.75,119.53,634,54811,0.1745
2025-08-26 13:05:00,24050,PE,595.59,597.77,594.49,597.08,58,58003,0.175
2025-08-26 13:05:00,24100,CE,112.88,114.49,112.38,112.98,125,65127,0.1745
2025-08-26 13:05:00,24100,PE,635.63,647.95,639.17,642.45,508,58770,0.1755
2025-08-26 13:05:00,24150,CE,116.76,117.4,114.1,115.93,469,70886,0.1779
2025-08-26 13:05:00,24150,PE,703.44,708.87,703.84,705.41,54,72684,0.1747
2025-08-26 13:05:00,24200,CE,124.41,125.85,124.01,124.23,448,81177,0.1756
2025-08-26 13:05:00,24200,PE,751.49,748.82,745.51,746.7,108,80308,0.1741
2025-08-26 13:05:00,24250,CE,115.91,118.25,116.81,117.05,236,79742,0.1714
2025-08-26 13:05:00,24250,PE,798.05,800.1,784.57,797.45,494,75701,0.1751
2025-08-26 13:05:00,24300,CE,118.77,121.04,118.5,118.63,265,71708,0.1716
2025-08-26 13:05:00,24300,PE,839.15,851.82,844.15,845.01,246,66673,0.173
2025-08-26 13:05:00,24350,CE,113.07,114.68,113.64,114.06,134,60413,0.1796
2025-08-26 13:05:00,24350,PE,894.41,910.13,881.61,895.88,291,62869,0.1738
2025-08-26 13:05:00,24400,CE,123.78,124.24,123.55,123.99,439,52174,0.1759
2025-08-26 13:05:00,24400,PE,958.89,963.27,942.7,956.64,332,58166,0.1813
2025-08-26 13:05:00,24450,CE,119.55,120.95,119.47,120.0,230,48344,0.1753
2025-08-26 13:05:00,24450,PE,1001.23,1027.06,989.42,995.74,234,53531,0.173
2025-08-26 13:05:00,24500,CE,110.71,112.03,110.61,111.09,364,43692,0.1763
2025-08-26 13:05:00,24500,PE,1048.06,1055.22,1051.87,1052.97,203,44781,0.1736
2025-08-26 13:05:00,24550,CE,115.41,115.07,111.61,112.9,11,48974,0.1715
2025-08-26 13:05:00,24550,PE,1091.81,1104.19,1095.5,1099.67,45,41108,0.1772
2025-08-26 13:05:00,24600,CE,116.44,116.53,115.7,115.94,26,43719,0.1766
2025-08-26 13:05:00,24600,PE,1157.56,1167.19,1159.07,1160.48,274,40945,0.177
2025-08-26 13:05:00,24650,CE,114.18,113.52,111.66,112.08,326,42197,0.1719
2025-08-26 13:05:00,24650,PE,1191.32,1195.8,1191.87,1195.72,203,34252,0.1731
2025-08-26 13:05:00,24700,CE,123.31,124.17,121.84,122.37,199,37715,0.1742
2025-08-26 13:05:00,24700,PE,1246.75,1258.21,1231.34,1246.55,332,35097,0.1758
2025-08-26 13:05:00,24750,CE,123.44,125.64,122.73,123.38,230,31693,0.1748
2025-08-26 13:05:00,24750,PE,1300.92,1307.0,1287.31,1301.05,163,32269,0.1752
2025-08-26 13:05:00,24800,CE,118.17,120.12,116.6,117.25,270,32768,0.1759
2025-08-26 13:05:00,24800,PE,1352.4,1361.49,1341.85,1352.92,117,27954,0.1753
2025-08-26 13:05:00,24850,CE,116.18,115.98,115.54,115.93,10,29648,0.1769
2025-08-26 13:05:00,24850,PE,1416.49,1407.37,1404.37,1406.38,7,32295,0.1725
2025-08-26 13:05:00,24900,CE,111.84,115.73,113.04,113.91,156,26649,0.176
2025-08-26 13:05:00,24900,PE,1450.78,1456.24,1437.67,1438.04,15,24263,0.1759
2025-08-26 13:10:00,23500,CE,162.99,163.47,161.01,162.33,1087,25816,0.1776
2025-08-26 13:10:00,23500,PE,123.36,123.3,122.81,123.15,437,27047,0.1758
2025-08-26 13:10:00,23550,CE,119.14,119.91,118.64,119.0,1703,29031,0.1768
2025-08-26 13:10:00,23550,PE,116.41,119.82,116.14,116.67,1017,27845,0.171
2025-08-26 13:10:00,23600,CE,120.96,121.18,119.06,120.47,123,30364,0.1762
2025-08-26 13:10:00,23600,PE,178.04,181.21,176.9,178.49,737,30440,0.173
2025-08-26 13:10:00,23650,CE,118.45,118.24,117.54,117.77,824,31261,0.1768
2025-08-26 13:10:00,23650,PE,210.11,209.95,207.15,209.09,1239,29965,0.175
2025-08-26 13:10:00,23700,CE,107.71,109.42,109.23,109.36,574,35524,0.1755
2025-08-26 13:10:00,23700,PE,256.98,257.9,255.95,256.28,237,35914,0.1722
2025-08-26 13:10:00,23750,CE,116.08,117.8,115.48,116.29,145,40645,0.1785
2025-08-26 13:10:00,23750,PE,317.8,324.0,318.4,320.03,436,37941,0.1769
2025-08-26 13:10:00,23800,CE,125.31,123.94,122.68,123.44,334,37147,0.1756
2025-08-26 13:10:00,23800,PE,360.38,367.36,359.88,362.58,488,40201,0.1766
2025-08-26 13:10:00,23850,CE,115.12,114.78,112.41,113.72,172,43220,0.1724
2025-08-26 13:10:00,23850,PE,418.36,419.18,413.39,413.75,627,47212,0.1749
2025-08-26 13:10:00,23900,CE,122.96,122.76,121.91,121.92,396,46351,0.1767
2025-08-26 13:10:00,23900,PE,461.01,459.78,458.17,459.05,417,48693,0.1725
2025-08-26 13:10:00,23950,CE,118.86,118.18,116.52,116.86,153,49696,0.1728
2025-08-26 13:10:00,23950,PE,523.31,517.71,515.24,516.39,174,47865,0.1752
2025-08-26 13:10:00,24000,CE,118.82,120.59,117.35,117.68,297,52916,0.1749
2025-08-26 13:10:00,24000,PE,559.36,567.29,557.02,558.96,121,46722,0.1719
2025-08-26 13:10:00,24050,CE,111.07,115.72,111.92,112.86,611,54614,0.1758
2025-08-26 13:10:00,24050,PE,623.55,619.13,605.77,617.51,64,58406,0.1753
2025-08-26 13:10:00,24100,CE,113.88,114.77,112.32,113.38,255,65633,0.175
2025-08-26 13:10:00,24100,PE,681.92,686.97,668.5,669.75,269,59077,0.1733
2025-08-26 13:10:00,24150,CE,105.19,107.67,104.07,105.26,333,70864,0.1736
2025-08-26 13:10:00,24150,PE,714.45,726.8,710.43,712.55,281,72385,0.1766
2025-08-26 13:10:00,24200,CE,120.91,121.96,119.54,120.95,398,81207,0.1743
2025-08-26 13:10:00,24200,PE,768.39,775.31,758.92,767.95,9,80184,0.1739
2025-08-26 13:10:00,24250,CE,113.37,114.92,113.57,114.71,212,80204,0.1756
2025-08-26 13:10:00,24250,PE,792.21,807.63,804.7,807.59,222,75781,0.1738
2025-08-26 13:10:00,24300,CE,115.39,117.98,114.59,114.88,47,71578,0.1723
2025-08-26 13:10:00,24300,PE,863.05,878.5,859.93,863.41,143,66671,0.1757
2025-08-26 13:10:00,24350,CE,118.76,121.52,119.17,120.03,417,60933,0.1735
2025-08-26 13:10:00,24350,PE,930.39,914.98,908.07,914.14,138,63004,0.1746
2025-08-26 13:10:00,24400,CE,106.8,106.52,105.52,106.42,423,51848,0.1731
2025-08-26 13:10:00,24400,PE,974.27,979.61,940.18,956.7,198,58166,0.1738
2025-08-26 13:10:00,24450,CE,105.5,107.76,105.39,106.76,8,48302,0.1754
2025-08-26 13:10:00,24450,PE,1009.23,1019.05,1001.65,1006.4,57,53303,0.171
2025-08-26 13:10:00,24500,CE,121.77,122.78,121.58,121.8,52,43975,0.1726
2025-08-26 13:10:00,24500,PE,1080.94,1073.17,1056.45,1072.3,340,44502,0.1769
2025-08-26 13:10:00,24550,CE,110.28,111.98,110.13,111.04,21,48965,0.1734
2025-08-26 13:10:00,24550,PE,1118.12,1132.91,1108.8,1111.7,50,41037,0.1745
2025-08-26 13:10:00,24600,CE,128.95,130.1,125.81,128.36,207,43679,0.1763
2025-08-26 13:10:00,24600,PE,1156.87,1173.79,1151.38,1168.14,199,41025,0.1741
2025-08-26 13:10:00,24650,CE,115.29,118.33,112.91,113.81,64,42416,0.1752
2025-08-26 13:10:00,24650,PE,1222.47,1242.44,1218.97,1221.67,244,33823,0.1754
2025-08-26 13:10:00,24700,CE,110.54,112.66,108.94,110.54,155,37460,0.175
2025-08-26 13:10:00,24700,PE,1290.75,1291.39,1251.45,1266.11,142,35424,0.1756
2025-08-26 13:10:00,24750,CE,107.97,109.45,107.21,109.02,203,32182,0.1726
2025-08-26 13:10:00,24750,PE,1314.88,1347.86,1312.02,1326.31,194,31722,0.1798
2025-08-26 13:10:00,24800,CE,115.92,117.67,116.01,116.07,234,32256,0.173
2025-08-26 13:10:00,24800,PE,1376.74,1368.66,1362.55,1366.07,115,28474,0.1733
2025-08-26 13:10:00,24850,CE,118.83,117.4,116.84,117.19,313,29225,0.1729
2025-08-26 13:10:00,24850,PE,1417.47,1426.62,1407.3,1414.34,312,32870,0.1743
2025-08-26 13:10:00,24900,CE,105.74,105.61,103.82,104.84,270,27042,0.1693
2025-08-26 13:10:00,24900,PE,1449.51,1470.88,1467.68,1468.07,27,23807,0.1771
2025-08-26 13:15:00,23500,CE,143.78,144.4,141.47,142.96,983,25339,0.1731
2025-08-26 13:15:00,23500,PE,115.01,115.15,112.85,113.47,416,27619,0.1742
2025-08-26 13:15:00,23550,CE,123.81,125.77,123.66,123.81,1569,28736,0.179
2025-08-26 13:15:00,23550,PE,130.7,132.82,128.51,131.5,940,27891,0.1725
2025-08-26 13:15:00,23600,CE,110.08,110.61,107.61,108.91,403,30047,0.1764
2025-08-26 13:15:00,23600,PE,178.33,180.17,173.41,175.95,655,30560,0.1749
2025-08-26 13:15:00,23650,CE,121.69,123.05,120.4,121.46,1033,31669,0.175
2025-08-26 13:15:00,23650,PE,215.85,219.76,210.64,215.25,46,30153,0.1712
2025-08-26 13:15:00,23700,CE,108.92,111.77,109.47,109.63,706,34979,0.1734
2025-08-26 13:15:00,23700,PE,289.69,289.31,287.06,288.75,950,36028,0.1752
2025-08-26 13:15:00,23750,CE,117.42,118.89,116.97,117.44,737,40838,0.1729
2025-08-26 13:15:00,23750,PE,328.82,333.57,326.86,329.53,351,37582,0.1759
2025-08-26 13:15:00,23800,CE,111.35,111.31,109.07,110.24,358,37461,0.1739
2025-08-26 13:15:00,23800,PE,377.21,375.71,374.81,375.15,594,40353,0.1761
2025-08-26 13:15:00,23850,CE,124.12,124.92,121.65,123.2,122,42631,0.177
2025-08-26 13:15:00,23850,PE,423.62,426.53,424.68,425.98,570,47752,0.1738
2025-08-26 13:15:00,23900,CE,121.03,122.73,119.48,120.28,288,46285,0.1778
2025-08-26 13:15:00,23900,PE,482.9,495.18,475.73,485.12,748,48371,0.1778
2025-08-26 13:15:00,23950,CE,106.58,107.86,104.98,106.89,383,49199,0.1731
2025-08-26 13:15:00,23950,PE,538.38,535.09,529.59,530.5,199,47714,0.1753
2025-08-26 13:15:00,24000,CE,112.72,113.31,112.17,112.55,466,52685,0.1739
2025-08-26 13:15:00,24000,PE,580.03,580.61,575.54,577.25,317,46479,0.173
2025-08-26 13:15:00,24050,CE,118.81,120.27,118.68,118.7,98,54965,0.1754
2025-08-26 13:15:00,24050,PE,622.88,627.38,622.6,626.24,429,58581,0.1748
2025-08-26 13:15:00,24100,CE,119.88,120.91,118.72,119.69,350,65192,0.1753
2025-08-26 13:15:00,24100,PE,685.21,686.22,675.86,679.83,311,59326,0.1752
2025-08-26 13:15:00,24150,CE,116.47,116.65,114.91,116.35,282,71132,0.1741
2025-08-26 13:15:00,24150,PE,716.51,727.11,722.27,725.75,190,72402,0.1765
2025-08-26 13:15:00,24200,CE,112.38,114.12,110.12,112.1,207,81801,0.1742
2025-08-26 13:15:00,24200,PE,764.24,775.12,763.77,768.01,102,79924,0.1735
2025-08-26 13:15:00,24250,CE,113.08,112.81,111.93,112.47,346,79674,0.1774
2025-08-26 13:15:00,24250,PE,835.52,834.5,828.64,829.78,262,75215,0.1708
2025-08-26 13:15:00,24300,CE,111.31,112.83,110.73,110.79,257,71362,0.1756
2025-08-26 13:15:00,24300,PE,868.26,880.64,868.85,876.77,97,66668,0.1727
2025-08-26 13:15:00,24350,CE,115.27,116.56,115.07,115.82,156,60426,0.1757
2025-08-26 13:15:00,24350,PE,941.85,932.44,928.04,931.78,247,63082,0.1751
2025-08-26 13:15:00,24400,CE,110.87,111.42,108.23,110.07,292,52329,0.1733
2025-08-26 13:15:00,24400,PE,988.62,1000.2,969.92,981.75,310,58522,0.1737
2025-08-26 13:15:00,24450,CE,118.86,119.9,119.12,119.19,274,48508,0.1743
2025-08-26 13:15:00,24450,PE,1016.41,1045.73,1022.87,1028.73,334,53497,0.1744
2025-08-26 13:15:00,24500,CE,123.25,125.28,122.4,124.08,205,44251,0.1795
2025-08-26 13:15:00,24500,PE,1090.9,1101.54,1069.41,1081.76,389,44495,0.1774
2025-08-26 13:15:00,24550,CE,112.79,115.86,112.34,112.8,92,48847,0.171
2025-08-26 13:15:00,24550,PE,1119.59,1147.25,1112.08,1127.24,11,40804,0.1771
2025-08-26 13:15:00,24600,CE,112.4,115.55,112.5,112.61,331,43198,0.1779
2025-08-26 13:15:00,24600,PE,1178.2,1180.92,1156.46,1173.84,331,41099,0.1735
2025-08-26 13:15:00,24650,CE,110.39,110.75,108.5,109.72,118,42383,0.1743
2025-08-26 13:15:00,24650,PE,1215.48,1231.1,1216.1,1221.47,316,33365,0.1739
2025-08-26 13:15:00,24700,CE,116.26,116.78,114.07,115.56,198,37181,0.176
2025-08-26 13:15:00,24700,PE,1288.34,1290.29,1285.48,1287.44,190,35768,0.1759
2025-08-26 13:15:00,24750,CE,116.48,116.88,115.4,115.96,309,31888,0.1753
2025-08-26 13:15:00,24750,PE,1331.68,1338.69,1329.72,1334.0,224,31632,0.1763
2025-08-26 13:15:00,24800,CE,121.72,122.74,120.24,121.31,165,31849,0.1742
2025-08-26 13:15:00,24800,PE,1392.25,1384.15,1368.64,1377.29,278,28077,0.1714
2025-08-26 13:15:00,24850,CE,106.38,108.48,105.69,106.64,17,29532,0.1747
2025-08-26 13:15:00,24850,PE,1407.96,1445.49,1412.86,1425.84,130,32350,0.1783
2025-08-26 13:15:00,24900,CE,120.8,122.87,120.71,120.83,209,26784,0.1734
2025-08-26 13:15:00,24900,PE,1481.99,1494.47,1463.4,1482.61,297,24384,0.1722
2025-08-26 13:20:00,23500,CE,195.91,197.37,195.16,195.84,782,25310,0.1776
2025-08-26 13:20:00,23500,PE,119.03,118.69,117.84,118.33,636,27746,0.1764
2025-08-26 13:20:00,23550,CE,149.05,153.13,148.51,149.89,1485,28904,0.1788
2025-08-26 13:20:00,23550,PE,118.74,120.76,118.66,118.98,185,27526,0.1708
2025-08-26 13:20:00,23600,CE,113.4,116.4,112.67,114.49,1062,29890,0.1754
2025-08-26 13:20:00,23600,PE,143.78,143.41,142.82,143.1,815,30440,0.1741
2025-08-26 13:20:00,23650,CE,119.58,120.64,117.47,119.21,862,31345,0.1783
2025-08-26 13:20:00,23650,PE,180.28,183.03,181.57,182.22,127,29833,0.1771
2025-08-26 13:20:00,23700,CE,109.24,110.23,109.57,110.02,843,35108,0.1803
2025-08-26 13:20:00,23700,PE,242.08,249.26,242.16,242.72,1017,35558,0.1754
2025-08-26 13:20:00,23750,CE,109.86,112.39,109.32,110.22,173,40392,0.1742
2025-08-26 13:20:00,23750,PE,287.91,290.86,284.08,285.54,634,37669,0.1761
2025-08-26 13:20:00,23800,CE,117.44,117.48,116.52,116.93,173,37400,0.1761
2025-08-26 13:20:00,23800,PE,338.05,339.23,338.6,338.74,67,40487,0.1757
2025-08-26 13:20:00,23850,CE,111.3,112.66,111.9,112.04,525,42063,0.1743
2025-08-26 13:20:00,23850,PE,381.87,396.04,387.0,388.52,94,47997,0.1777
2025-08-26 13:20:00,23900,CE,110.27,109.99,109.1,109.34,751,46704,0.175
2025-08-26 13:20:00,23900,PE,437.03,438.58,433.25,437.38,479,48399,0.1761
2025-08-26 13:20:00,23950,CE,119.83,121.67,119.13,119.98,624,49608,0.1761
2025-08-26 13:20:00,23950,PE,475.64,485.85,479.75,482.66,699,47593,0.1728
2025-08-26 13:20:00,24000,CE,112.93,116.24,112.9,113.31,346,52179,0.1738
2025-08-26 13:20:00,24000,PE,535.99,545.42,531.88,536.87,135,46332,0.1754
2025-08-26 13:20:00,24050,CE,116.25,118.9,116.72,117.14,542,54900,0.1754
2025-08-26 13:20:00,24050,PE,592.64,603.23,584.89,587.44,396,59019,0.1746
2025-08-26 13:20:00,24100,CE,111.12,114.29,109.91,111.49,302,64993,0.1789
2025-08-26 13:20:00,24100,PE,644.15,640.87,632.93,633.05,459,59104,0.1746
2025-08-26 13:20:00,24150,CE,118.38,119.82,118.05,118.22,234,71597,0.1749
2025-08-26 13:20:00,24150,PE,683.94,698.11,683.25,684.96,263,72103,0.1749
2025-08-26 13:20:00,24200,CE,113.83,115.67,112.47,114.33,465,81971,0.1755
2025-08-26 13:20:00,24200,PE,741.64,750.17,735.35,740.36,428,79715,0.1773
2025-08-26 13:20:00,24250,CE,115.13,115.64,114.56,114.73,413,80215,0.1712
2025-08-26 13:20:00,24250,PE,791.77,801.02,783.31,789.46,93,74842,0.1788
2025-08-26 13:20:00,24300,CE,114.15,117.1,114.48,114.84,285,71630,0.1744
2025-08-26 13:20:00,24300,PE,853.6,854.76,825.79,841.97,8,66728,0.1758
2025-08-26 13:20:00,24350,CE,117.42,116.95,114.72,116.11,67,61000,0.1744
2025-08-26 13:20:00,24350,PE,891.99,888.6,874.72,885.55,348,63674,0.1724
2025-08-26 13:20:00,24400,CE,113.02,117.27,111.55,113.21,105,52681,0.1752
2025-08-26 13:20:00,24400,PE,931.48,936.32,932.57,934.52,178,58046,0.1765
2025-08-26 13:20:00,24450,CE,118.35,118.77,117.95,118.17,212,48470,0.1748
2025-08-26 13:20:00,24450,PE,991.5,1011.94,975.45,991.96,221,53922,0.1725
2025-08-26 13:20:00,24500,CE,115.75,119.86,116.48,116.88,121,44417,0.1739
2025-08-26 13:20:00,24500,PE,1043.86,1044.93,1038.7,1040.11,88,44949,0.1712
2025-08-26 13:20:00,24550,CE,115.71,116.5,115.49,115.7,186,49206,0.1756
2025-08-26 13:20:00,24550,PE,1076.37,1091.11,1074.65,1080.08,112,40579,0.1739
2025-08-26 13:20:00,24600,CE,108.85,109.3,107.8,109.23,378,42832,0.1744
2025-08-26 13:20:00,24600,PE,1138.98,1140.1,1125.08,1135.11,218,40886,0.173
2025-08-26 13:20:00,24650,CE,125.38,124.62,122.85,124.02,148,42618,0.1719
2025-08-26 13:20:00,24650,PE,1189.4,1194.18,1173.72,1184.02,291,33342,0.1746
2025-08-26 13:20:00,24700,CE,120.92,124.02,121.62,122.42,230,36633,0.177
2025-08-26 13:20:00,24700,PE,1237.01,1275.0,1235.92,1237.42,88,36058,0.1759
2025-08-26 13:20:00,24750,CE,109.93,113.11,111.46,111.63,231,31341,0.1729
2025-08-26 13:20:00,24750,PE,1292.86,1300.64,1278.71,1291.37,308,31523,0.1729
2025-08-26 13:20:00,24800,CE,117.52,119.76,116.08,117.93,105,31803,0.1737
2025-08-26 13:20:00,24800,PE,1327.49,1341.41,1335.32,1335.58,134,28080,0.1747
2025-08-26 13:20:00,24850,CE,112.73,113.52,112.9,113.41,57,29098,0.1774
2025-08-26 13:20:00,24850,PE,1399.47,1408.12,1366.88,1390.94,319,32647,0.1729
2025-08-26 13:20:00,24900,CE,108.41,110.02,106.52,107.81,116,27203,0.1726
2025-08-26 13:20:00,24900,PE,1450.26,1440.24,1423.14,1434.81,249,24621,0.1758
2025-08-26 13:25:00,23500,CE,202.87,204.78,202.97,203.25,993,25851,0.1779
2025-08-26 13:25:00,23500,PE,117.67,119.58,116.02,117.71,1145,27455,0.1766
2025-08-26 13:25:00,23550,CE,156.79,158.67,156.24,156.45,1160,28496,0.1813
2025-08-26 13:25:00,23550,PE,119.48,121.55,119.44,120.56,810,27006,0.1746
2025-08-26 13:25:00,23600,CE,118.6,118.69,118.01,118.17,314,30155,0.1767
2025-08-26 13:25:00,23600,PE,137.28,140.3,137.11,137.66,657,30034,0.1761
2025-08-26 13:25:00,23650,CE,118.9,120.16,117.24,118.38,1438,31870,0.179
2025-08-26 13:25:00,23650,PE,184.58,183.05,182.45,182.95,354,29951,0.1749
2025-08-26 13:25:00,23700,CE,115.68,114.32,113.21,113.92,391,35472,0.1733
2025-08-26 13:25:00,23700,PE,235.19,235.88,232.56,234.67,887,35479,0.1754
2025-08-26 13:25:00,23750,CE,113.88,116.74,114.61,114.95,1057,40673,0.1767
2025-08-26 13:25:00,23750,PE,283.59,284.18,278.39,278.88,187,37601,0.1747
2025-08-26 13:25:00,23800,CE,121.3,123.83,120.56,121.14,848,37446,0.1795
2025-08-26 13:25:00,23800,PE,331.81,331.46,325.91,330.14,116,40815,0.1728
2025-08-26 13:25:00,23850,CE,112.01,116.02,111.83,113.08,452,41748,0.1745
2025-08-26 13:25:00,23850,PE,379.22,384.84,373.88,378.2,757,48458,0.1746
2025-08-26 13:25:00,23900,CE,127.38,129.92,127.12,127.89,503,46963,0.1813
2025-08-26 13:25:00,23900,PE,422.59,428.38,422.02,425.06,214,48694,0.1737
2025-08-26 13:25:00,23950,CE,122.32,121.9,121.15,121.23,706,49293,0.1785
2025-08-26 13:25:00,23950,PE,471.34,477.93,472.59,472.63,736,47101,0.1754
2025-08-26 13:25:00,24000,CE,129.75,131.12,128.92,129.37,329,51666,0.1733
2025-08-26 13:25:00,24000,PE,533.47,533.79,530.68,533.54,330,46508,0.1746
2025-08-26 13:25:00,24050,CE,116.28,117.35,115.69,115.73,588,54480,0.1791
2025-08-26 13:25:00,24050,PE,579.73,581.7,579.99,580.6,600,59618,0.1749
2025-08-26 13:25:00,24100,CE,112.49,112.08,110.81,111.25,51,65546,0.174
2025-08-26 13:25:00,24100,PE,627.91,627.57,620.28,625.02,574,58539,0.173
2025-08-26 13:25:00,24150,CE,118.7,120.29,118.37,119.22,46,71867,0.1727
2025-08-26 13:25:00,24150,PE,688.52,695.56,669.63,679.61,255,71815,0.1745
2025-08-26 13:25:00,24200,CE,117.13,117.92,117.62,117.79,232,81780,0.175
2025-08-26 13:25:00,24200,PE,731.65,744.75,729.72,730.95,547,79403,0.1789
2025-08-26 13:25:00,24250,CE,117.15,118.57,115.32,117.32,54,80611,0.1756
2025-08-26 13:25:00,24250,PE,786.93,792.2,780.15,781.47,447,75314,0.1765
2025-08-26 13:25:00,24300,CE,116.07,115.88,115.24,115.6,490,71078,0.1742
2025-08-26 13:25:00,24300,PE,820.71,839.92,822.7,827.01,390,66452,0.1746
2025-08-26 13:25:00,24350,CE,117.36,117.96,115.65,116.55,207,60938,0.1737
2025-08-26 13:25:00,24350,PE,883.4,891.47,876.18,881.82,473,63700,0.1765
2025-08-26 13:25:00,24400,CE,121.99,119.74,118.75,119.12,108,52186,0.1764
2025-08-26 13:25:00,24400,PE,930.44,936.68,924.22,925.61,273,58442,0.1718
2025-08-26 13:25:00,24450,CE,116.79,116.86,115.79,116.81,313,48990,0.1722
2025-08-26 13:25:00,24450,PE,974.47,987.16,965.23,976.46,25,53805,0.1728
2025-08-26 13:25:00,24500,CE,117.02,119.34,117.87,118.16,259,44845,0.1778
2025-08-26 13:25:00,24500,PE,1019.58,1053.2,1022.94,1024.32,136,45160,0.1714
2025-08-26 13:25:00,24550,CE,112.0,113.28,112.99,113.24,89,49316,0.1752
2025-08-26 13:25:00,24550,PE,1074.3,1102.07,1074.31,1080.83,313,40961,0.1776
2025-08-26 13:25:00,24600,CE,112.29,113.4,111.36,111.57,178,42799,0.1737
2025-08-26 13:25:00,24600,PE,1133.82,1132.29,1130.06,1131.56,342,40943,0.1753
2025-08-26 13:25:00,24650,CE,114.97,114.51,113.68,114.11,134,42347,0.1757
2025-08-26 13:25:00,24650,PE,1184.9,1186.72,1160.32,1178.93,267,33596,0.1784
2025-08-26 13:25:00,24700,CE,110.41,111.09,109.72,111.0,195,36223,0.1759
2025-08-26 13:25:00,24700,PE,1236.17,1231.28,1211.94,1227.47,62,35749,0.1749
2025-08-26 13:25:00,24750,CE,119.75,118.69,118.25,118.37,9,31316,0.1717
2025-08-26 13:25:00,24750,PE,1269.49,1289.63,1278.71,1279.65,147,31385,0.1729
2025-08-26 13:25:00,24800,CE,118.01,119.48,117.45,118.21,313,31490,0.1737
2025-08-26 13:25:00,24800,PE,1305.39,1372.24,1318.84,1323.08,272,27710,0.1775
2025-08-26 13:25:00,24850,CE,114.31,115.37,113.05,114.32,200,29531,0.175
2025-08-26 13:25:00,24850,PE,1366.8,1431.99,1379.14,1384.34,272,32756,0.1773
2025-08-26 13:25:00,24900,CE,120.48,120.56,118.75,119.38,69,27055,0.175
2025-08-26 13:25:00,24900,PE,1422.0,1429.05,1392.29,1425.81,136,25035,0.1728
2025-08-26 13:30:00,23500,CE,214.14,218.61,215.01,216.01,515,26241,0.1748
2025-08-26 13:30:00,23500,PE,114.31,115.75,112.54,114.28,1265,26988,0.1726
2025-08-26 13:30:00,23550,CE,166.81,167.38,166.29,166.58,1435,28576,0.1738
2025-08-26 13:30:00,23550,PE,125.96,127.59,124.99,126.05,930,26772,0.1795
2025-08-26 13:30:00,23600,CE,113.84,115.5,113.01,113.79,616,30204,0.1724
2025-08-26 13:30:00,23600,PE,115.82,119.41,115.96,116.26,379,30295,0.1776
2025-08-26 13:30:00,23650,CE,113.69,117.09,113.44,114.64,1020,31280,0.1734
2025-08-26 13:30:00,23650,PE,172.67,173.38,170.43,171.59,339,29967,0.1804
2025-08-26 13:30:00,23700,CE,113.38,114.18,113.48,113.69,983,35222,0.1752
2025-08-26 13:30:00,23700,PE,224.82,230.66,224.79,225.07,1170,35519,0.1782
2025-08-26 13:30:00,23750,CE,116.73,117.64,116.69,117.5,636,40204,0.177
2025-08-26 13:30:00,23750,PE,274.77,280.34,269.51,276.43,738,37982,0.1743
2025-08-26 13:30:00,23800,CE,116.16,116.03,114.95,115.71,234,37498,0.1786
2025-08-26 13:30:00,23800,PE,312.76,315.29,307.04,313.66,23,40468,0.1727
2025-08-26 13:30:00,23850,CE,129.93,134.5,130.89,131.09,81,42071,0.1748
2025-08-26 13:30:00,23850,PE,370.97,370.72,366.55,369.27,940,47903,0.1735
2025-08-26 13:30:00,23900,CE,106.67,108.5,105.8,107.42,609,47074,0.1724
2025-08-26 13:30:00,23900,PE,420.22,422.92,417.97,422.42,609,48696,0.1758
2025-08-26 13:30:00,23950,CE,114.83,116.22,114.74,115.07,787,48740,0.1764
2025-08-26 13:30:00,23950,PE,462.92,477.24,460.16,470.69,129,46800,0.177
2025-08-26 13:30:00,24000,CE,119.69,121.72,119.54,120.01,578,51158,0.1721
2025-08-26 13:30:00,24000,PE,519.19,519.34,514.75,518.09,101,46786,0.1746
2025-08-26 13:30:00,24050,CE,116.0,117.69,116.18,116.4,293,54726,0.1767
2025-08-26 13:30:00,24050,PE,573.9,579.26,568.01,575.3,258,59125,0.1755
2025-08-26 13:30:00,24100,CE,120.06,122.28,119.61,121.27,387,65077,0.1758
2025-08-26 13:30:00,24100,PE,640.48,634.07,623.78,628.29,312,58995,0.1769
2025-08-26 13:30:00,24150,CE,118.82,119.48,118.61,118.69,118,71508,0.1706
2025-08-26 13:30:00,24150,PE,669.89,672.77,657.95,668.66,572,71579,0.1755
2025-08-26 13:30:00,24200,CE,111.76,113.57,112.23,112.43,217,82001,0.1767
2025-08-26 13:30:00,24200,PE,710.44,723.61,703.57,711.41,80,78875,0.1731
2025-08-26 13:30:00,24250,CE,128.29,127.63,125.59,127.45,454,81148,0.1762
2025-08-26 13:30:00,24250,PE,774.08,774.46,766.02,770.62,531,74741,0.1757
2025-08-26 13:30:00,24300,CE,112.53,112.3,111.96,111.99,274,71496,0.1762
2025-08-26 13:30:00,24300,PE,822.43,834.57,811.2,820.16,432,66285,0.1798
2025-08-26 13:30:00,24350,CE,117.3,118.57,115.02,116.68,242,60518,0.1752
2025-08-26 13:30:00,24350,PE,862.85,869.2,857.43,864.73,74,63552,0.175
2025-08-26 13:30:00,24400,CE,116.62,118.9,115.66,117.35,112,52753,0.175
2025-08-26 13:30:00,24400,PE,911.29,928.9,916.43,916.88,44,58476,0.1729
2025-08-26 13:30:00,24450,CE,113.22,115.27,112.11,113.22,249,48461,0.1733
2025-08-26 13:30:00,24450,PE,956.4,973.94,968.43,968.45,199,54334,0.174
2025-08-26 13:30:00,24500,CE,113.08,113.75,112.99,113.11,52,44417,0.1721
2025-08-26 13:30:00,24500,PE,1022.5,1026.74,1001.56,1015.46,75,44625,0.1761
2025-08-26 13:30:00,24550,CE,117.26,119.18,116.6,116.67,360,48770,0.1755
2025-08-26 13:30:00,24550,PE,1075.61,1096.26,1069.37,1076.27,119,41352,0.1766
2025-08-26 13:30:00,24600,CE,111.55,111.84,110.09,111.44,388,42382,0.1742
2025-08-26 13:30:00,24600,PE,1123.78,1132.57,1104.79,1116.59,144,40557,0.1693
2025-08-26 13:30:00,24650,CE,115.03,115.38,113.16,113.93,77,42879,0.1744
2025-08-26 13:30:00,24650,PE,1166.97,1194.03,1156.12,1171.09,131,33729,0.1752
2025-08-26 13:30:00,24700,CE,111.37,113.52,111.55,112.33,61,35965,0.1723
2025-08-26 13:30:00,24700,PE,1211.35,1227.04,1188.83,1215.15,134,35852,0.1746
2025-08-26 13:30:00,24750,CE,119.61,118.43,116.53,118.07,315,31007,0.1775
2025-08-26 13:30:00,24750,PE,1276.75,1275.78,1272.66,1273.18,227,31378,0.1742
2025-08-26 13:30:00,24800,CE,123.86,126.73,125.14,125.37,269,31291,0.1765
2025-08-26 13:30:00,24800,PE,1327.48,1325.37,1306.94,1317.94,146,27857,0.1738
2025-08-26 13:30:00,24850,CE,113.28,115.21,111.69,113.56,147,29841,0.1779
2025-08-26 13:30:00,24850,PE,1349.57,1404.07,1364.41,1369.67,9,32574,0.1733
2025-08-26 13:30:00,24900,CE,116.46,117.68,116.03,117.24,59,26627,0.1749
2025-08-26 13:30:00,24900,PE,1436.34,1447.0,1397.84,1418.37,21,24861,0.1753
2025-08-26 13:35:00,23500,CE,221.26,221.98,220.75,221.81,303,26550,0.178
2025-08-26 13:35:00,23500,PE,111.44,111.1,109.16,110.11,671,27332,0.1743
2025-08-26 13:35:00,23550,CE,171.84,176.15,171.98,172.16,1345,28918,0.1753
2025-08-26 13:35:00,23550,PE,113.49,113.34,111.88,112.67,653,27341,0.1762
2025-08-26 13:35:00,23600,CE,118.83,119.6,117.45,118.38,706,30593,0.1753
2025-08-26 13:35:00,23600,PE,113.76,112.75,111.94,112.55,332,30857,0.1756
2025-08-26 13:35:00,23650,CE,114.24,118.29,114.76,115.38,482,31432,0.1771
2025-08-26 13:35:00,23650,PE,163.32,166.2,165.18,165.64,559,29642,0.1752
2025-08-26 13:35:00,23700,CE,123.11,124.1,122.58,123.51,452,35351,0.1754
2025-08-26 13:35:00,23700,PE,210.65,214.98,210.33,210.96,167,35156,0.1744
2025-08-26 13:35:00,23750,CE,111.43,114.39,111.5,111.83,1081,39706,0.1732
2025-08-26 13:35:00,23750,PE,267.9,270.24,263.91,266.81,852,37743,0.1748
2025-08-26 13:35:00,23800,CE,109.26,112.11,109.16,110.05,347,37333,0.1745
2025-08-26 13:35:00,23800,PE,323.03,322.39,316.2,319.15,412,40718,0.1776
2025-08-26 13:35:00,23850,CE,119.7,120.06,117.3,119.49,767,41906,0.1741
2025-08-26 13:35:00,23850,PE,374.25,374.46,370.29,370.43,175,47306,0.1753
2025-08-26 13:35:00,23900,CE,115.53,116.1,114.19,115.7,632,47574,0.1742
2025-08-26 13:35:00,23900,PE,415.18,421.51,404.81,410.65,43,48803,0.1727
2025-08-26 13:35:00,23950,CE,115.84,117.9,116.44,117.57,184,48392,0.1777
2025-08-26 13:35:00,23950,PE,468.93,472.74,464.21,468.28,663,46502,0.1772
2025-08-26 13:35:00,24000,CE,118.88,120.59,118.81,119.63,233,50706,0.1754
2025-08-26 13:35:00,24000,PE,513.36,516.96,507.73,515.66,669,47273,0.1796
2025-08-26 13:35:00,24050,CE,124.96,126.29,122.65,124.27,629,54402,0.1744
2025-08-26 13:35:00,24050,PE,561.29,572.28,561.84,562.5,138,59653,0.1742
2025-08-26 13:35:00,24100,CE,117.16,117.83,116.18,116.64,398,64794,0.1713
2025-08-26 13:35:00,24100,PE,613.46,623.94,609.24,611.36,40,59354,0.1771
2025-08-26 13:35:00,24150,CE,116.87,118.36,117.17,117.68,487,70920,0.1783
2025-08-26 13:35:00,24150,PE,666.1,681.36,668.52,669.15,294,71558,0.1769
2025-08-26 13:35:00,24200,CE,116.66,116.22,115.3,116.17,269,81844,0.1765
2025-08-26 13:35:00,24200,PE,715.19,714.08,707.22,713.05,193,78676,0.1727
2025-08-26 13:35:00,24250,CE,110.38,110.98,109.82,110.07,497,81738,0.1761
2025-08-26 13:35:00,24250,PE,772.43,769.12,767.64,768.41,68,75006,0.1747
2025-08-26 13:35:00,24300,CE,119.48,119.81,119.01,119.72,297,71202,0.1789
2025-08-26 13:35:00,24300,PE,816.46,817.89,809.97,812.25,102,66587,0.172
2025-08-26 13:35:00,24350,CE,122.72,124.06,121.79,122.02,182,60073,0.1754
2025-08-26 13:35:00,24350,PE,869.55,870.26,864.01,867.65,472,64063,0.1756
2025-08-26 13:35:00,24400,CE,122.9,124.35,119.77,123.05,199,52664,0.1739
2025-08-26 13:35:00,24400,PE,922.09,927.71,923.99,924.51,199,58104,0.1768
2025-08-26 13:35:00,24450,CE,120.3,120.03,118.05,119.21,53,48188,0.1732
2025-08-26 13:35:00,24450,PE,955.86,965.87,958.69,963.24,176,53920,0.172
2025-08-26 13:35:00,24500,CE,114.33,116.18,114.68,115.31,21,44933,0.1758
2025-08-26 13:35:00,24500,PE,1000.86,1011.21,1003.26,1003.37,373,44392,0.1761
2025-08-26 13:35:00,24550,CE,112.74,114.88,112.83,113.93,253,48341,0.1765
2025-08-26 13:35:00,24550,PE,1061.28,1080.46,1070.37,1073.47,378,41727,0.1747
2025-08-26 13:35:00,24600,CE,118.04,118.23,115.83,117.12,74,42037,0.1749
2025-08-26 13:35:00,24600,PE,1137.45,1124.79,1102.6,1123.49,134,40069,0.1723
2025-08-26 13:35:00,24650,CE,110.44,109.33,108.3,109.15,134,43081,0.1733
2025-08-26 13:35:00,24650,PE,1149.06,1173.74,1166.2,1166.61,275,33137,0.1781
2025-08-26 13:35:00,24700,CE,111.33,113.67,111.55,112.82,131,36363,0.1782
2025-08-26 13:35:00,24700,PE,1222.65,1217.28,1209.12,1211.02,316,35927,0.1746
2025-08-26 13:35:00,24750,CE,122.18,125.11,122.45,123.48,259,30703,0.1768
2025-08-26 13:35:00,24750,PE,1273.88,1287.46,1261.15,1263.7,305,31346,0.1792
2025-08-26 13:35:00,24800,CE,117.45,118.16,115.08,117.62,236,31005,0.1739
2025-08-26 13:35:00,24800,PE,1311.74,1326.74,1299.13,1313.67,63,27896,0.1782
2025-08-26 13:35:00,24850,CE,115.33,115.37,113.39,114.53,173,29926,0.1747
2025-08-26 13:35:00,24850,PE,1356.23,1392.19,1343.6,1355.32,265,32900,0.1746
2025-08-26 13:35:00,24900,CE,122.48,122.06,121.28,121.44,99,26586,0.1733
2025-08-26 13:35:00,24900,PE,1422.01,1424.14,1398.06,1418.88,31,25204,0.1765
2025-08-26 13:40:00,23500,CE,232.53,233.4,232.21,232.23,186,26033,0.1767
2025-08-26 13:40:00,23500,PE,107.31,109.52,107.13,108.17,659,27837,0.175
2025-08-26 13:40:00,23550,CE,177.54,180.84,178.86,179.02,552,28540,0.1745
2025-08-26 13:40:00,23550,PE,124.68,126.46,124.0,125.98,282,27744,0.175
2025-08-26 13:40:00,23600,CE,135.03,134.3,133.47,133.75,1109,30586,0.1752
2025-08-26 13:40:00,23600,PE,118.5,122.6,119.74,120.13,1546,30382,0.1773
2025-08-26 13:40:00,23650,CE,120.8,119.88,118.63,119.17,1018,31263,0.1765
2025-08-26 13:40:00,23650,PE,146.37,146.09,144.34,145.66,403,30143,0.1762
2025-08-26 13:40:00,23700,CE,124.36,124.94,123.3,124.01,1346,35752,0.1744
2025-08-26 13:40:00,23700,PE,191.55,192.37,189.42,190.89,228,35422,0.1737
2025-08-26 13:40:00,23750,CE,120.05,122.41,118.59,119.7,455,39561,0.174
2025-08-26 13:40:00,23750,PE,242.04,245.07,241.94,242.72,254,37849,0.1742
2025-08-26 13:40:00,23800,CE,115.53,117.82,115.34,116.85,943,37011,0.1733
2025-08-26 13:40:00,23800,PE,284.08,291.8,284.18,287.19,598,40895,0.1732
2025-08-26 13:40:00,23850,CE,115.11,116.03,113.85,114.86,629,41619,0.1736
2025-08-26 13:40:00,23850,PE,343.78,352.32,344.63,348.85,44,47700,0.1746
2025-08-26 13:40:00,23900,CE,115.1,115.01,114.59,114.86,543,47819,0.1752
2025-08-26 13:40:00,23900,PE,390.27,395.08,392.85,393.29,485,48666,0.1761
2025-08-26 13:40:00,23950,CE,122.45,125.36,122.51,123.19,217,48583,0.1762
2025-08-26 13:40:00,23950,PE,446.82,455.7,450.64,450.93,688,46292,0.1756
2025-08-26 13:40:00,24000,CE,121.9,123.78,120.42,120.82,30,50292,0.1806
2025-08-26 13:40:00,24000,PE,497.62,497.9,493.63,495.93,447,46955,0.174
2025-08-26 13:40:00,24050,CE,109.43,110.39,108.48,109.98,579,54128,0.1751
2025-08-26 13:40:00,24050,PE,548.13,545.81,539.88,543.91,356,59324,0.1742
2025-08-26 13:40:00,24100,CE,119.78,122.41,119.4,121.08,306,65008,0.1759
2025-08-26 13:40:00,24100,PE,602.49,608.17,594.63,594.95,528,59641,0.1728
2025-08-26 13:40:00,24150,CE,116.17,114.92,113.68,114.18,319,70868,0.1746
2025-08-26 13:40:00,24150,PE,644.22,639.9,637.07,639.23,209,72143,0.1747
2025-08-26 13:40:00,24200,CE,109.64,109.7,108.19,108.75,431,82313,0.1747
2025-08-26 13:40:00,24200,PE,694.27,698.71,688.81,692.88,434,78180,0.1765
2025-08-26 13:40:00,24250,CE,118.01,116.63,114.46,116.38,153,81690,0.1759
2025-08-26 13:40:00,24250,PE,754.29,748.35,743.09,748.27,180,75496,0.1736
2025-08-26 13:40:00,24300,CE,111.9,114.85,112.5,112.6,261,70866,0.1738
2025-08-26 13:40:00,24300,PE,790.42,795.74,791.88,795.4,316,66441,0.178
2025-08-26 13:40:00,24350,CE,126.33,126.35,125.48,126.22,70,60609,0.173
2025-08-26 13:40:00,24350,PE,835.47,847.07,835.66,839.26,470,64394,0.1758
2025-08-26 13:40:00,24400,CE,112.4,113.44,110.65,112.0,154,53062,0.1724
2025-08-26 13:40:00,24400,PE,884.69,899.08,883.64,888.54,142,58559,0.1698
2025-08-26 13:40:00,24450,CE,116.33,116.27,114.46,115.15,400,47793,0.1768
2025-08-26 13:40:00,24450,PE,937.36,952.32,938.49,941.21,147,54159,0.1749
2025-08-26 13:40:00,24500,CE,112.97,113.81,110.03,113.33,106,45296,0.173
2025-08-26 13:40:00,24500,PE,993.52,1014.84,988.58,989.69,295,44063,0.1751
2025-08-26 13:40:00,24550,CE,129.7,131.07,129.34,129.63,323,47793,0.1757
2025-08-26 13:40:00,24550,PE,1034.41,1044.7,1029.66,1040.27,163,41341,0.175
2025-08-26 13:40:00,24600,CE,114.19,115.37,114.05,114.22,6,42326,0.174
2025-08-26 13:40:00,24600,PE,1077.34,1091.93,1080.13,1089.14,66,40302,0.1726
2025-08-26 13:40:00,24650,CE,114.85,114.82,113.49,113.91,34,43551,0.1727
2025-08-26 13:40:00,24650,PE,1148.73,1147.63,1137.87,1138.53,374,32917,0.1731
2025-08-26 13:40:00,24700,CE,114.81,118.2,116.27,116.78,182,36509,0.1743
2025-08-26 13:40:00,24700,PE,1181.68,1212.18,1195.55,1201.44,219,35359,0.1791
2025-08-26 13:40:00,24750,CE,114.01,117.59,114.61,115.25,348,31225,0.176
2025-08-26 13:40:00,24750,PE,1238.56,1276.81,1233.92,1245.76,176,31411,0.173
2025-08-26 13:40:00,24800,CE,105.85,108.59,105.74,106.34,62,31303,0.1752
2025-08-26 13:40:00,24800,PE,1291.17,1302.06,1274.9,1291.62,179,27636,0.1763
2025-08-26 13:40:00,24850,CE,119.2,120.17,117.26,117.68,105,29424,0.1731
2025-08-26 13:40:00,24850,PE,1343.59,1388.8,1346.2,1350.66,263,32375,0.174
2025-08-26 13:40:00,24900,CE,108.42,109.31,108.85,108.91,183,26963,0.1725
2025-08-26 13:40:00,24900,PE,1409.61,1417.47,1389.63,1394.49,21,24786,0.1771
2025-08-26 13:45:00,23500,CE,264.3,264.96,263.54,264.13,908,26421,0.1729
2025-08-26 13:45:00,23500,PE,123.03,124.65,121.81,123.11,113,27555,0.1797
2025-08-26 13:45:00,23550,CE,209.91,210.76,209.7,210.26,824,28589,0.177
2025-08-26 13:45:00,23550,PE,112.86,113.78,112.92,113.42,705,27458,0.1722
2025-08-26 13:45:00,23600,CE,169.45,169.45,164.37,165.9,849,30046,0.1752
2025-08-26 13:45:00,23600,PE,118.2,120.16,117.4,119.6,1359,30432,0.1798
2025-08-26 13:45:00,23650,CE,115.37,115.5,114.47,114.54,674,31103,0.1728
2025-08-26 13:45:00,23650,PE,121.15,122.18,120.51,120.97,669,30065,0.1771
2025-08-26 13:45:00,23700,CE,118.22,120.09,118.25,119.03,308,35873,0.1774
2025-08-26 13:45:00,23700,PE,172.09,172.57,172.1,172.54,295,35198,0.1771
2025-08-26 13:45:00,23750,CE,118.88,118.86,117.08,118.1,1136,39637,0.1764
2025-08-26 13:45:00,23750,PE,222.63,226.51,222.37,224.62,1178,38038,0.1738
2025-08-26 13:45:00,23800,CE,117.8,118.65,116.79,117.64,906,36518,0.175
2025-08-26 13:45:00,23800,PE,274.56,281.78,274.2,276.16,590,40715,0.1772
2025-08-26 13:45:00,23850,CE,117.77,121.72,118.61,119.03,34,41126,0.1751
2025-08-26 13:45:00,23850,PE,324.84,328.44,326.41,327.41,209,47108,0.1767
2025-08-26 13:45:00,23900,CE,119.57,121.22,118.95,120.89,418,47280,0.1751
2025-08-26 13:45:00,23900,PE,374.26,373.98,369.5,371.02,774,48776,0.1754
2025-08-26 13:45:00,23950,CE,111.89,113.11,111.0,111.35,824,48084,0.1716
2025-08-26 13:45:00,23950,PE,418.03,421.44,416.86,418.3,81,46734,0.1752
2025-08-26 13:45:00,24000,CE,120.75,121.44,118.95,120.97,316,50603,0.1758
2025-08-26 13:45:00,24000,PE,471.68,466.62,462.87,466.0,160,46365,0.1706
2025-08-26 13:45:00,24050,CE,118.67,118.06,117.03,117.94,370,54215,0.1759
2025-08-26 13:45:00,24050,PE,510.38,513.9,510.93,512.58,92,58736,0.1723
2025-08-26 13:45:00,24100,CE,117.57,120.24,118.52,119.6,153,64539,0.1762
2025-08-26 13:45:00,24100,PE,567.51,577.31,566.01,571.52,678,60226,0.1721
2025-08-26 13:45:00,24150,CE,114.95,115.22,113.62,114.89,20,70816,0.1772
2025-08-26 13:45:00,24150,PE,616.03,624.37,618.02,621.76,251,71575,0.1747
2025-08-26 13:45:00,24200,CE,110.04,112.96,108.55,109.66,402,82733,0.1759
2025-08-26 13:45:00,24200,PE,652.26,677.02,664.95,668.5,370,78680,0.1755
2025-08-26 13:45:00,24250,CE,117.8,120.23,118.62,119.79,363,81748,0.176
2025-08-26 13:45:00,24250,PE,720.36,719.84,713.39,717.29,536,75743,0.1771
2025-08-26 13:45:00,24300,CE,105.49,107.17,104.19,105.26,411,71202,0.1717
2025-08-26 13:45:00,24300,PE,764.7,774.94,755.88,767.31,25,66722,0.1754
2025-08-26 13:45:00,24350,CE,115.2,116.72,115.33,115.57,382,60602,0.1745
2025-08-26 13:45:00,24350,PE,819.7,821.4,813.44,820.31,290,64793,0.1755
2025-08-26 13:45:00,24400,CE,114.27,115.88,113.42,114.32,75,53094,0.1739
2025-08-26 13:45:00,24400,PE,868.19,881.73,862.95,872.24,374,58270,0.1738
2025-08-26 13:45:00,24450,CE,117.97,120.28,117.44,118.89,127,47197,0.1745
2025-08-26 13:45:00,24450,PE,928.27,937.07,917.97,922.61,149,53989,0.1758
2025-08-26 13:45:00,24500,CE,120.0,119.87,117.51,119.29,420,44795,0.1769
2025-08-26 13:45:00,24500,PE,975.55,986.35,961.62,971.24,287,43538,0.1771
2025-08-26 13:45:00,24550,CE,111.68,113.79,112.11,112.27,338,47756,0.1741
2025-08-26 13:45:00,24550,PE,1005.29,1038.46,1011.74,1022.75,183,41873,0.1738
2025-08-26 13:45:00,24600,CE,111.26,112.0,109.67,111.12,305,41852,0.177
2025-08-26 13:45:00,24600,PE,1083.83,1072.01,1065.8,1066.96,112,40030,0.1772
2025-08-26 13:45:00,24650,CE,117.03,118.7,115.33,116.43,239,43947,0.1731
2025-08-26 13:45:00,24650,PE,1128.38,1133.03,1120.3,1129.0,250,32799,0.1767
2025-08-26 13:45:00,24700,CE,108.9,109.7,107.82,108.88,281,36819,0.1765
2025-08-26 13:45:00,24700,PE,1190.59,1187.85,1159.26,1175.62,35,35409,0.1771
2025-08-26 13:45:00,24750,CE,113.92,114.94,113.97,114.01,258,31349,0.1752
2025-08-26 13:45:00,24750,PE,1219.75,1228.12,1212.87,1219.69,92,31004,0.1721
2025-08-26 13:45:00,24800,CE,118.12,120.54,116.6,118.32,105,31125,0.1759
2025-08-26 13:45:00,24800,PE,1287.08,1276.52,1264.0,1273.1,321,27782,0.1716
2025-08-26 13:45:00,24850,CE,114.58,116.18,114.34,114.44,282,28856,0.172
2025-08-26 13:45:00,24850,PE,1310.6,1327.28,1308.39,1319.62,265,32000,0.1728
2025-08-26 13:45:00,24900,CE,117.09,117.31,115.88,116.75,186,26826,0.1757
2025-08-26 13:45:00,24900,PE,1368.56,1397.1,1359.13,1374.95,282,24995,0.1762
2025-08-26 13:50:00,23500,CE,273.14,278.92,274.19,277.85,535,26432,0.1751
2025-08-26 13:50:00,23500,PE,119.99,121.41,120.89,121.2,812,27817,0.1767
2025-08-26 13:50:00,23550,CE,235.51,241.79,237.08,237.29,747,28861,0.1761
2025-08-26 13:50:00,23550,PE,122.49,123.39,118.67,120.22,1020,26895,0.1774
2025-08-26 13:50:00,23600,CE,174.06,176.66,174.71,174.81,557,30528,0.1732
2025-08-26 13:50:00,23600,PE,120.75,121.47,119.66,120.75,491,30821,0.1776
2025-08-26 13:50:00,23650,CE,129.62,128.96,128.49,128.82,966,30828,0.1779
2025-08-26 13:50:00,23650,PE,115.84,119.14,116.68,116.97,625,30046,0.1751
2025-08-26 13:50:00,23700,CE,113.73,114.68,113.12,113.66,218,35642,0.1764
2025-08-26 13:50:00,23700,PE,165.55,166.25,164.38,164.55,1080,35685,0.1764
2025-08-26 13:50:00,23750,CE,116.88,119.12,114.77,116.11,1293,39496,0.1735
2025-08-26 13:50:00,23750,PE,204.98,202.62,199.97,201.95,1084,37913,0.1759
2025-08-26 13:50:00,23800,CE,119.64,120.43,119.35,119.6,969,37012,0.1772
2025-08-26 13:50:00,23800,PE,246.22,248.87,244.73,246.2,544,40835,0.1746
2025-08-26 13:50:00,23850,CE,121.42,123.22,120.65,121.75,929,40691,0.1741
2025-08-26 13:50:00,23850,PE,304.93,308.74,305.45,306.12,276,47259,0.1746
2025-08-26 13:50:00,23900,CE,112.67,114.68,111.66,112.42,185,47633,0.1778
2025-08-26 13:50:00,23900,PE,365.16,369.4,359.68,362.97,268,48581,0.1732
2025-08-26 13:50:00,23950,CE,118.05,118.38,116.28,116.75,716,48116,0.1744
2025-08-26 13:50:00,23950,PE,412.37,423.45,410.1,417.54,699,46886,0.1781
2025-08-26 13:50:00,24000,CE,115.58,117.9,114.27,115.35,422,50615,0.1772
2025-08-26 13:50:00,24000,PE,459.16,460.99,452.46,460.9,652,46963,0.1753
2025-08-26 13:50:00,24050,CE,123.14,124.31,121.82,122.58,30,54223,0.176
2025-08-26 13:50:00,24050,PE,502.73,500.11,490.49,497.07,589,58908,0.1757
2025-08-26 13:50:00,24100,CE,120.6,122.56,120.11,121.17,342,64891,0.171
2025-08-26 13:50:00,24100,PE,556.16,563.02,558.24,559.16,332,59789,0.1737
2025-08-26 13:50:00,24150,CE,124.91,126.82,124.95,125.2,184,70268,0.1766
2025-08-26 13:50:00,24150,PE,603.7,610.51,599.4,600.23,460,72142,0.172
2025-08-26 13:50:00,24200,CE,113.64,113.33,112.79,113.3,238,83011,0.1717
2025-08-26 13:50:00,24200,PE,662.16,667.32,658.36,658.9,600,78551,0.177
2025-08-26 13:50:00,24250,CE,117.66,118.64,118.21,118.22,509,81169,0.1737
2025-08-26 13:50:00,24250,PE,709.69,708.4,701.26,705.21,393,75342,0.1762
2025-08-26 13:50:00,24300,CE,116.57,118.07,117.48,117.63,427,70613,0.1764
2025-08-26 13:50:00,24300,PE,762.49,766.89,757.46,759.17,455,66597,0.1743
2025-08-26 13:50:00,24350,CE,119.14,121.19,119.09,119.23,128,60667,0.1719
2025-08-26 13:50:00,24350,PE,810.65,812.23,805.93,807.98,511,64385,0.1733
2025-08-26 13:50:00,24400,CE,107.6,109.96,108.93,109.19,157,53261,0.1733
2025-08-26 13:50:00,24400,PE,851.77,870.1,838.79,849.84,53,58815,0.1709
2025-08-26 13:50:00,24450,CE,108.58,111.49,107.76,108.57,248,47785,0.1746
2025-08-26 13:50:00,24450,PE,920.9,925.46,917.51,920.53,198,54388,0.1797
2025-08-26 13:50:00,24500,CE,112.18,113.55,110.96,111.86,152,44727,0.1731
2025-08-26 13:50:00,24500,PE,944.64,955.04,940.72,950.86,159,43594,0.1732
2025-08-26 13:50:00,24550,CE,112.7,115.71,111.91,111.94,101,47759,0.1729
2025-08-26 13:50:00,24550,PE,995.94,1007.69,995.99,999.13,360,41459,0.1747
2025-08-26 13:50:00,24600,CE,116.31,119.61,117.33,117.49,326,42277,0.175
2025-08-26 13:50:00,24600,PE,1048.33,1064.19,1060.79,1061.28,20,40240,0.1748
2025-08-26 13:50:00,24650,CE,125.81,125.88,125.07,125.43,194,44112,0.1767
2025-08-26 13:50:00,24650,PE,1087.59,1113.96,1100.25,1100.97,120,32463,0.1752
2025-08-26 13:50:00,24700,CE,110.62,113.71,111.25,111.6,113,36402,0.1767
2025-08-26 13:50:00,24700,PE,1181.37,1161.84,1147.36,1158.51,157,35856,0.1714
2025-08-26 13:50:00,24750,CE,117.91,119.43,117.11,117.88,285,30964,0.1759
2025-08-26 13:50:00,24750,PE,1218.63,1219.35,1205.09,1209.68,206,30492,0.1741
2025-08-26 13:50:00,24800,CE,113.64,117.74,113.65,114.53,26,31275,0.1757
2025-08-26 13:50:00,24800,PE,1266.92,1258.87,1241.59,1252.85,110,28027,0.1734
2025-08-26 13:50:00,24850,CE,115.29,114.67,113.7,114.54,57,28399,0.1711
2025-08-26 13:50:00,24850,PE,1323.11,1332.1,1297.65,1306.45,245,31648,0.1766
2025-08-26 13:50:00,24900,CE,111.26,115.37,112.49,112.77,24,27172,0.1768
2025-08-26 13:50:00,24900,PE,1354.24,1381.48,1325.94,1352.68,233,25510,0.1726
2025-08-26 13:55:00,23500,CE,308.52,320.63,307.1,308.66,654,26403,0.1788
2025-08-26 13:55:00,23500,PE,116.84,119.11,118.78,119.05,730,28167,0.178
2025-08-26 13:55:00,23550,CE,251.56,253.25,248.44,252.57,769,28644,0.1739
2025-08-26 13:55:00,23550,PE,115.43,115.08,113.0,114.99,1080,27138,0.1765
2025-08-26 13:55:00,23600,CE,197.36,199.56,197.81,199.39,1212,30596,0.1763
2025-08-26 13:55:00,23600,PE,112.3,112.67,109.78,112.35,632,31232,0.1759
2025-08-26 13:55:00,23650,CE,148.97,155.92,151.09,151.99,988,31159,0.1761
2025-08-26 13:55:00,23650,PE,113.68,114.46,113.43,113.83,1426,29786,0.1768
2025-08-26 13:55:00,23700,CE,111.7,111.63,109.09,111.12,351,35221,0.178
2025-08-26 13:55:00,23700,PE,133.93,133.06,131.92,132.76,1034,36054,0.1722
2025-08-26 13:55:00,23750,CE,118.17,117.07,115.56,116.89,1422,38935,0.1776
2025-08-26 13:55:00,23750,PE,187.33,193.34,189.44,189.75,25,38127,0.1754
2025-08-26 13:55:00,23800,CE,114.63,113.48,112.38,113.23,358,36983,0.1756
2025-08-26 13:55:00,23800,PE,246.34,247.42,242.86,244.0,119,40325,0.1745
2025-08-26 13:55:00,23850,CE,121.97,121.04,120.23,120.71,604,40917,0.1734
2025-08-26 13:55:00,23850,PE,282.48,288.74,278.4,282.67,1001,47238,0.1738
2025-08-26 13:55:00,23900,CE,119.45,120.22,116.44,118.59,660,48065,0.1788
2025-08-26 13:55:00,23900,PE,338.07,337.18,331.86,333.02,447,48231,0.1756
2025-08-26 13:55:00,23950,CE,116.99,119.37,117.81,117.81,762,47518,0.1743
2025-08-26 13:55:00,23950,PE,372.42,383.15,377.8,379.92,264,46442,0.1743
2025-08-26 13:55:00,24000,CE,112.44,115.21,113.67,114.09,547,50338,0.1764
2025-08-26 13:55:00,24000,PE,425.49,433.61,428.47,429.49,299,47145,0.1743
2025-08-26 13:55:00,24050,CE,116.7,118.54,116.48,117.73,239,54058,0.1752
2025-08-26 13:55:00,24050,PE,485.97,489.94,479.33,484.13,394,58449,0.1752
2025-08-26 13:55:00,24100,CE,112.28,113.72,112.23,112.58,675,65468,0.1758
2025-08-26 13:55:00,24100,PE,534.06,538.69,525.06,533.61,517,59318,0.1759
2025-08-26 13:55:00,24150,CE,114.59,116.38,115.78,115.89,323,70094,0.1741
2025-08-26 13:55:00,24150,PE,581.12,580.31,578.0,579.48,121,72593,0.1748
2025-08-26 13:55:00,24200,CE,110.49,109.82,108.7,109.19,267,83194,0.1703
2025-08-26 13:55:00,24200,PE,630.48,648.69,625.02,633.87,438,78334,0.1765
2025-08-26 13:55:00,24250,CE,111.66,112.37,110.99,111.09,213,81733,0.1758
2025-08-26 13:55:00,24250,PE,683.78,690.57,684.31,686.36,490,75343,0.1769
2025-08-26 13:55:00,24300,CE,118.63,119.94,116.57,118.38,302,70022,0.1768
2025-08-26 13:55:00,24300,PE,736.74,736.51,723.24,728.77,121,66004,0.1771
2025-08-26 13:55:00,24350,CE,110.54,110.44,108.98,109.57,428,61196,0.1729
2025-08-26 13:55:00,24350,PE,782.11,787.24,777.47,782.9,93,64122,0.1792
2025-08-26 13:55:00,24400,CE,116.73,119.16,115.15,116.37,182,53635,0.1764
2025-08-26 13:55:00,24400,PE,829.17,838.43,820.76,822.69,209,58267,0.1749
2025-08-26 13:55:00,24450,CE,105.89,107.56,106.48,107.13,283,47361,0.1746
2025-08-26 13:55:00,24450,PE,875.87,899.49,880.04,883.65,311,54816,0.1761
2025-08-26 13:55:00,24500,CE,110.34,112.77,110.14,110.26,37,45319,0.175
2025-08-26 13:55:00,24500,PE,923.76,931.4,928.47,929.75,305,43056,0.1766
2025-08-26 13:55:00,24550,CE,120.69,119.58,118.71,119.08,101,47360,0.1736
2025-08-26 13:55:00,24550,PE,993.31,984.83,968.23,980.25,387,41726,0.1781
2025-08-26 13:55:00,24600,CE,121.04,121.97,120.25,121.5,160,42312,0.1768
2025-08-26 13:55:00,24600,PE,1040.13,1058.87,1030.77,1031.25,150,40127,0.1755
2025-08-26 13:55:00,24650,CE,115.78,115.89,114.68,115.4,259,43745,0.1797
2025-08-26 13:55:00,24650,PE,1063.57,1076.98,1067.94,1073.62,307,32997,0.1721
2025-08-26 13:55:00,24700,CE,119.57,120.14,118.65,119.67,376,36008,0.1709
2025-08-26 13:55:00,24700,PE,1123.99,1140.6,1120.63,1122.91,162,35574,0.1724
2025-08-26 13:55:00,24750,CE,120.06,120.96,119.28,120.67,238,30753,0.1735
2025-08-26 13:55:00,24750,PE,1170.77,1184.52,1165.47,1175.82,150,30058,0.173
2025-08-26 13:55:00,24800,CE,115.56,117.1,114.88,115.29,203,31318,0.1751
2025-08-26 13:55:00,24800,PE,1232.29,1242.17,1229.82,1232.67,200,27836,0.1771
2025-08-26 13:55:00,24850,CE,116.2,118.9,117.16,117.46,263,28528,0.1755
2025-08-26 13:55:00,24850,PE,1306.04,1306.92,1274.54,1285.58,65,31489,0.1739
2025-08-26 13:55:00,24900,CE,119.84,123.58,122.01,122.06,223,26711,0.1732
2025-08-26 13:55:00,24900,PE,1330.1,1352.7,1329.73,1331.02,121,25957,0.1741
2025-08-26 14:00:00,23500,CE,280.25,281.17,277.95,280.33,505,26414,0.1762
2025-08-26 14:00:00,23500,PE,113.26,113.81,112.84,113.4,770,27953,0.173
2025-08-26 14:00:00,23550,CE,239.07,238.59,237.87,238.5,1048,28063,0.1756
2025-08-26 14:00:00,23550,PE,114.41,114.68,113.37,113.47,608,27255,0.1766
2025-08-26 14:00:00,23600,CE,185.99,190.11,185.94,187.73,364,30935,0.175
2025-08-26 14:00:00,23600,PE,123.11,123.97,122.93,123.2,136,31412,0.1778
2025-08-26 14:00:00,23650,CE,138.23,138.44,135.8,136.93,1082,31504,0.1759
2025-08-26 14:00:00,23650,PE,117.33,117.31,116.52,117.3,372,29371,0.1765
2025-08-26 14:00:00,23700,CE,120.45,122.23,119.02,119.3,946,35787,0.1728
2025-08-26 14:00:00,23700,PE,149.91,152.55,149.04,149.39,1270,35707,0.1722
2025-08-26 14:00:00,23750,CE,112.65,113.93,112.13,112.93,579,38655,0.1733
2025-08-26 14:00:00,23750,PE,204.64,203.46,199.59,201.4,1087,38141,0.1748
2025-08-26 14:00:00,23800,CE,126.72,126.99,125.82,126.58,544,36389,0.178
2025-08-26 14:00:00,23800,PE,245.6,251.59,244.37,245.47,779,40255,0.1784
2025-08-26 14:00:00,23850,CE,120.77,120.17,119.14,119.71,60,40551,0.1741
2025-08-26 14:00:00,23850,PE,303.06,312.26,302.78,305.78,793,47536,0.1761
2025-08-26 14:00:00,23900,CE,105.59,106.26,105.43,106.25,492,48374,0.1754
2025-08-26 14:00:00,23900,PE,342.84,346.49,337.9,343.39,727,48369,0.1784
2025-08-26 14:00:00,23950,CE,109.11,112.64,107.88,110.15,197,47424,0.1723
2025-08-26 14:00:00,23950,PE,401.75,403.82,394.98,400.24,730,46214,0.1713
2025-08-26 14:00:00,24000,CE,118.84,122.05,117.76,118.97,545,50730,0.1768
2025-08-26 14:00:00,24000,PE,444.06,445.55,440.02,440.17,442,47153,0.1733
2025-08-26 14:00:00,24050,CE,113.79,118.31,114.54,114.95,152,54053,0.1782
2025-08-26 14:00:00,24050,PE,503.54,502.97,497.75,501.38,43,57985,0.1753
2025-08-26 14:00:00,24100,CE,109.88,110.35,109.63,109.94,386,65130,0.1737
2025-08-26 14:00:00,24100,PE,552.06,561.14,552.46,553.82,251,59150,0.175
2025-08-26 14:00:00,24150,CE,121.15,121.44,118.41,121.31,316,70332,0.1763
2025-08-26 14:00:00,24150,PE,606.7,607.85,601.69,607.45,299,73007,0.1736
2025-08-26 14:00:00,24200,CE,117.76,117.99,117.13,117.9,302,83785,0.173
2025-08-26 14:00:00,24200,PE,642.97,666.31,643.05,648.73,616,78246,0.1746
2025-08-26 14:00:00,24250,CE,119.48,120.55,118.46,119.45,446,81676,0.1786
2025-08-26 14:00:00,24250,PE,700.85,713.46,696.49,699.36,509,75662,0.1739
2025-08-26 14:00:00,24300,CE,117.98,117.47,115.8,117.15,191,69807,0.1766
2025-08-26 14:00:00,24300,PE,753.84,755.31,748.57,750.41,484,66052,0.1732
2025-08-26 14:00:00,24350,CE,128.56,129.17,126.73,128.22,364,61408,0.1772
2025-08-26 14:00:00,24350,PE,786.54,804.67,796.27,796.86,93,63805,0.1747
2025-08-26 14:00:00,24400,CE,118.36,118.37,115.84,117.1,446,53370,0.1763
2025-08-26 14:00:00,24400,PE,840.51,843.29,840.67,841.72,430,58094,0.1731
2025-08-26 14:00:00,24450,CE,114.46,114.48,112.16,113.18,400,47454,0.1752
2025-08-26 14:00:00,24450,PE,902.97,893.46,885.36,892.02,53,54540,0.1729
2025-08-26 14:00:00,24500,CE,114.62,116.77,114.16,114.76,429,44968,0.1728
2025-08-26 14:00:00,24500,PE,943.14,944.98,937.08,942.74,108,42635,0.1706
2025-08-26 14:00:00,24550,CE,126.61,128.27,126.75,127.67,265,47731,0.1745
2025-08-26 14:00:00,24550,PE,1000.57,1003.89,981.17,994.73,403,42189,0.1768
2025-08-26 14:00:00,24600,CE,121.36,120.4,118.29,119.62,365,42797,0.1767
2025-08-26 14:00:00,24600,PE,1052.37,1049.17,1038.1,1046.52,237,40512,0.1787
2025-08-26 14:00:00,24650,CE,122.59,123.13,122.36,122.41,254,43309,0.1782
2025-08-26 14:00:00,24650,PE,1103.12,1106.55,1102.2,1103.61,16,32514,0.1768
2025-08-26 14:00:00,24700,CE,108.42,108.87,107.62,108.19,136,36006,0.174
2025-08-26 14:00:00,24700,PE,1151.44,1181.31,1147.06,1152.91,245,35599,0.1767
2025-08-26 14:00:00,24750,CE,110.47,111.03,109.97,110.62,138,31032,0.1702
2025-08-26 14:00:00,24750,PE,1189.69,1216.96,1185.41,1206.62,317,29725,0.1731
2025-08-26 14:00:00,24800,CE,119.3,122.22,120.71,121.35,97,31835,0.1774
2025-08-26 14:00:00,24800,PE,1226.95,1238.11,1223.37,1237.35,344,27607,0.172
2025-08-26 14:00:00,24850,CE,120.58,122.71,119.73,120.35,177,28621,0.1748
2025-08-26 14:00:00,24850,PE,1303.1,1317.21,1296.0,1304.94,219,31926,0.1737
2025-08-26 14:00:00,24900,CE,108.33,109.25,108.41,108.79,39,26739,0.177
2025-08-26 14:00:00,24900,PE,1380.26,1361.52,1350.78,1351.6,75,26261,0.1732
2025-08-26 14:05:00,23500,CE,268.82,271.67,268.82,269.31,697,26712,0.1757
2025-08-26 14:05:00,23500,PE,119.58,120.84,117.69,120.17,1048,28301,0.1795
2025-08-26 14:05:00,23550,CE,217.01,222.0,216.4,217.09,1119,28436,0.1726
2025-08-26 14:05:00,23550,PE,115.67,115.25,113.32,114.96,825,27125,0.1763
2025-08-26 14:05:00,23600,CE,175.64,179.08,175.27,175.56,522,30771,0.1775
2025-08-26 14:05:00,23600,PE,112.78,113.64,111.94,113.38,923,31776,0.1755
2025-08-26 14:05:00,23650,CE,126.05,125.71,125.46,125.61,668,31599,0.1754
2025-08-26 14:05:00,23650,PE,109.67,112.39,110.82,111.01,749,29500,0.1771
2025-08-26 14:05:00,23700,CE,122.74,122.48,121.9,122.4,1270,35681,0.1765
2025-08-26 14:05:00,23700,PE,166.21,167.99,165.27,167.38,628,35348,0.1779
2025-08-26 14:05:00,23750,CE,121.05,123.17,120.56,121.39,678,38603,0.177
2025-08-26 14:05:00,23750,PE,211.34,214.67,208.68,211.49,232,38704,0.1782
2025-08-26 14:05:00,23800,CE,113.87,115.16,113.7,114.08,1017,36138,0.175
2025-08-26 14:05:00,23800,PE,256.5,260.23,254.91,257.23,1116,39981,0.1736
2025-08-26 14:05:00,23850,CE,118.83,118.87,118.49,118.81,452,40107,0.1754
2025-08-26 14:05:00,23850,PE,312.44,312.13,307.21,311.14,653,47513,0.1773
2025-08-26 14:05:00,23900,CE,119.34,120.34,116.23,118.88,267,48120,0.1776
2025-08-26 14:05:00,23900,PE,359.04,357.47,356.64,356.82,894,48593,0.173
2025-08-26 14:05:00,23950,CE,108.6,109.62,109.54,109.6,145,46986,0.1721
2025-08-26 14:05:00,23950,PE,414.74,418.51,413.73,416.96,74,45910,0.1791
2025-08-26 14:05:00,24000,CE,115.65,116.76,114.4,116.28,595,50204,0.1797
2025-08-26 14:05:00,24000,PE,464.23,469.7,459.36,461.06,209,46602,0.175
2025-08-26 14:05:00,24050,CE,116.99,121.02,117.13,117.65,486,54429,0.1765
2025-08-26 14:05:00,24050,PE,516.86,514.89,508.31,511.72,398,58472,0.1732
2025-08-26 14:05:00,24100,CE,114.89,115.51,114.26,114.38,479,65446,0.1748
2025-08-26 14:05:00,24100,PE,555.01,556.85,548.98,549.94,224,59588,0.1712
2025-08-26 14:05:00,24150,CE,107.42,109.82,107.42,108.35,412,69835,0.1721
2025-08-26 14:05:00,24150,PE,599.3,602.76,593.72,599.67,63,73484,0.177
2025-08-26 14:05:00,24200,CE,117.96,120.33,117.48,119.88,174,83744,0.1746
2025-08-26 14:05:00,24200,PE,658.56,659.58,654.63,657.53,463,78568,0.1761
2025-08-26 14:05:00,24250,CE,114.48,116.23,114.58,114.74,24,81814,0.173
2025-08-26 14:05:00,24250,PE,708.75,729.5,712.74,714.11,523,75481,0.1737
2025-08-26 14:05:00,24300,CE,111.68,111.43,110.45,111.29,297,69524,0.1733
2025-08-26 14:05:00,24300,PE,754.24,769.86,755.17,759.31,392,65593,0.1748
2025-08-26 14:05:00,24350,CE,127.72,128.78,126.45,127.88,270,61303,0.1723
2025-08-26 14:05:00,24350,PE,809.33,815.32,808.72,809.89,332,63797,0.1742
2025-08-26 14:05:00,24400,CE,118.98,121.58,118.94,120.5,479,53949,0.1778
2025-08-26 14:05:00,24400,PE,857.92,875.7,854.65,866.32,144,57538,0.1741
2025-08-26 14:05:00,24450,CE,123.9,124.2,123.53,123.95,233,47562,0.1768
2025-08-26 14:05:00,24450,PE,915.46,934.69,903.66,908.14,351,54569,0.1753
2025-08-26 14:05:00,24500,CE,116.42,115.41,114.13,114.6,263,44395,0.1775
2025-08-26 14:05:00,24500,PE,964.54,985.68,954.72,968.97,341,42430,0.177
2025-08-26 14:05:00,24550,CE,120.58,120.94,119.11,119.78,168,47638,0.1737
2025-08-26 14:05:00,24550,PE,1025.1,1032.17,1003.08,1016.87,36,42182,0.1746
2025-08-26 14:05:00,24600,CE,113.32,113.17,112.66,112.86,159,42477,0.1718
2025-08-26 14:05:00,24600,PE,1050.42,1066.68,1053.61,1064.38,105,39952,0.1746
2025-08-26 14:05:00,24650,CE,109.95,111.3,107.8,108.6,349,43061,0.1726
2025-08-26 14:05:00,24650,PE,1105.1,1137.4,1107.49,1113.44,344,32917,0.1737
2025-08-26 14:05:00,24700,CE,108.28,111.62,109.6,110.33,176,36375,0.1746
2025-08-26 14:05:00,24700,PE,1158.16,1155.05,1149.87,1153.63,84,35215,0.1748
2025-08-26 14:05:00,24750,CE,118.37,120.86,117.27,118.64,327,31207,0.1751
2025-08-26 14:05:00,24750,PE,1230.56,1222.28,1214.99,1219.78,252,30233,0.1732
2025-08-26 14:05:00,24800,CE,122.07,122.98,121.1,122.55,10,31441,0.1758
2025-08-26 14:05:00,24800,PE,1250.53,1288.9,1244.36,1255.69,338,27161,0.1733
2025-08-26 14:05:00,24850,CE,117.35,121.7,118.62,119.48,155,28047,0.1754
2025-08-26 14:05:00,24850,PE,1341.33,1326.41,1320.64,1323.32,114,31532,0.1757
2025-08-26 14:05:00,24900,CE,111.54,114.74,110.04,112.39,87,27115,0.1753
2025-08-26 14:05:00,24900,PE,1359.79,1393.51,1359.91,1363.33,94,26637,0.1754
2025-08-26 14:10:00,23500,CE,278.69,284.82,273.65,277.26,1024,26760,0.1807
2025-08-26 14:10:00,23500,PE,116.32,120.27,116.57,116.96,624,28101,0.1785
2025-08-26 14:10:00,23550,CE,221.79,224.42,219.79,222.59,867,28804,0.1766
2025-08-26 14:10:00,23550,PE,116.63,117.13,115.65,116.28,1116,26759,0.1773
2025-08-26 14:10:00,23600,CE,173.35,172.15,169.29,171.63,1024,30338,0.1743
2025-08-26 14:10:00,23600,PE,113.37,113.45,112.0,113.35,738,31283,0.177
2025-08-26 14:10:00,23650,CE,121.74,125.05,122.31,123.37,969,32020,0.1775
2025-08-26 14:10:00,23650,PE,114.78,115.15,114.3,115.14,1426,29757,0.1738
2025-08-26 14:10:00,23700,CE,117.89,120.09,119.46,119.55,918,35830,0.1722
2025-08-26 14:10:00,23700,PE,159.83,159.81,158.03,159.26,179,35620,0.1769
2025-08-26 14:10:00,23750,CE,121.04,122.82,119.59,120.64,932,38175,0.1734
2025-08-26 14:10:00,23750,PE,195.82,199.28,197.17,197.68,867,38565,0.1736
2025-08-26 14:10:00,23800,CE,119.75,120.99,117.93,118.58,618,36514,0.1759
2025-08-26 14:10:00,23800,PE,259.47,260.42,257.12,259.1,398,40481,0.175
2025-08-26 14:10:00,23850,CE,120.09,118.4,117.31,118.22,455,40122,0.1767
2025-08-26 14:10:00,23850,PE,303.83,309.96,300.29,304.42,48,47059,0.174
2025-08-26 14:10:00,23900,CE,122.15,123.2,121.11,121.51,283,48694,0.1752
2025-08-26 14:10:00,23900,PE,343.64,350.45,342.45,346.55,262,48467,0.1758
2025-08-26 14:10:00,23950,CE,114.73,114.62,111.6,113.71,753,46768,0.1748
2025-08-26 14:10:00,23950,PE,410.9,421.51,408.86,412.31,717,45453,0.1761
2025-08-26 14:10:00,24000,CE,117.2,118.02,116.34,117.42,119,49619,0.1761
2025-08-26 14:10:00,24000,PE,468.97,471.0,453.4,461.7,112,46726,0.1727
2025-08-26 14:10:00,24050,CE,114.9,117.36,113.59,114.57,78,54563,0.1747
2025-08-26 14:10:00,24050,PE,509.91,510.46,504.07,507.55,453,58153,0.1721
2025-08-26 14:10:00,24100,CE,111.51,113.06,112.11,112.37,36,65040,0.1765
2025-08-26 14:10:00,24100,PE,549.37,560.24,545.92,554.03,109,59621,0.1694
2025-08-26 14:10:00,24150,CE,113.13,115.25,111.83,112.86,606,69757,0.1721
2025-08-26 14:10:00,24150,PE,603.68,613.33,601.06,607.39,416,73248,0.1742
2025-08-26 14:10:00,24200,CE,122.03,124.6,122.55,122.55,65,83405,0.1711
2025-08-26 14:10:00,24200,PE,652.1,666.9,651.2,653.04,298,78999,0.1739
2025-08-26 14:10:00,24250,CE,116.15,116.64,114.52,115.11,150,82394,0.1728
2025-08-26 14:10:00,24250,PE,710.59,717.55,699.46,708.64,371,75307,0.1758
2025-08-26 14:10:00,24300,CE,121.25,123.16,120.77,121.68,342,69761,0.176
2025-08-26 14:10:00,24300,PE,752.44,761.37,752.29,756.51,376,66031,0.1741
2025-08-26 14:10:00,24350,CE,109.18,111.13,109.64,110.06,344,60735,0.1747
2025-08-26 14:10:00,24350,PE,816.62,832.75,802.65,815.13,199,64286,0.1758
2025-08-26 14:10:00,24400,CE,110.55,109.76,108.67,109.71,108,53947,0.1729
2025-08-26 14:10:00,24400,PE,860.6,859.38,843.61,855.98,249,57606,0.1718
2025-08-26 14:10:00,24450,CE,114.11,115.51,114.15,114.26,407,47609,0.1719
2025-08-26 14:10:00,24450,PE,915.7,919.9,907.52,909.23,7,54260,0.1759
2025-08-26 14:10:00,24500,CE,122.84,125.11,121.31,121.95,284,44733,0.1766
2025-08-26 14:10:00,24500,PE,957.55,965.52,951.05,958.28,291,42708,0.176
2025-08-26 14:10:00,24550,CE,121.87,124.31,123.71,123.91,108,47152,0.1718
2025-08-26 14:10:00,24550,PE,1014.43,1008.5,1002.26,1003.61,406,42257,0.1762
2025-08-26 14:10:00,24600,CE,119.97,121.38,120.08,120.42,304,43025,0.1785
2025-08-26 14:10:00,24600,PE,1071.11,1066.05,1058.06,1060.84,80,40397,0.1715
2025-08-26 14:10:00,24650,CE,111.57,111.27,110.45,111.1,148,43212,0.1727
2025-08-26 14:10:00,24650,PE,1107.83,1122.44,1086.6,1113.65,156,32555,0.1766
2025-08-26 14:10:00,24700,CE,118.07,116.97,114.59,116.72,334,36191,0.1755
2025-08-26 14:10:00,24700,PE,1155.82,1190.37,1151.14,1157.79,15,34795,0.1752
2025-08-26 14:10:00,24750,CE,116.96,117.26,116.57,116.88,351,31593,0.1738
2025-08-26 14:10:00,24750,PE,1220.65,1236.9,1208.37,1208.95,244,30567,0.1761
2025-08-26 14:10:00,24800,CE,111.59,113.42,109.63,111.53,230,31933,0.1723
2025-08-26 14:10:00,24800,PE,1243.08,1256.29,1244.4,1249.8,40,26637,0.1714
2025-08-26 14:10:00,24850,CE,121.54,122.4,118.94,120.15,238,28604,0.1721
2025-08-26 14:10:00,24850,PE,1304.93,1339.83,1295.86,1305.57,200,32091,0.1753
2025-08-26 14:10:00,24900,CE,116.98,115.69,114.39,115.59,135,27324,0.1757
2025-08-26 14:10:00,24900,PE,1332.95,1378.62,1335.94,1354.67,170,27095,0.1746
2025-08-26 14:15:00,23500,CE,243.52,242.69,242.37,242.55,803,26686,0.1761
2025-08-26 14:15:00,23500,PE,119.24,118.97,118.13,118.42,316,27877,0.1757
2025-08-26 14:15:00,23550,CE,198.63,201.77,199.54,199.74,126,28389,0.1761
2025-08-26 14:15:00,23550,PE,111.35,113.26,111.43,112.22,725,26196,0.1754
2025-08-26 14:15:00,23600,CE,150.22,152.95,149.98,151.17,783,29788,0.176
2025-08-26 14:15:00,23600,PE,120.89,122.68,118.13,120.98,286,31512,0.175
2025-08-26 14:15:00,23650,CE,128.39,128.23,126.1,127.67,75,31823,0.1799
2025-08-26 14:15:00,23650,PE,136.8,136.98,136.83,136.95,340,29221,0.1734
2025-08-26 14:15:00,23700,CE,111.22,113.21,111.35,112.43,316,35364,0.1743
2025-08-26 14:15:00,23700,PE,195.35,197.11,195.38,196.59,136,35818,0.1741
2025-08-26 14:15:00,23750,CE,116.29,117.4,115.7,116.84,174,38701,0.1729
2025-08-26 14:15:00,23750,PE,245.68,247.55,244.99,245.09,619,38454,0.1754
2025-08-26 14:15:00,23800,CE,116.93,119.43,115.16,116.91,976,36847,0.1771
2025-08-26 14:15:00,23800,PE,294.09,297.64,290.92,292.52,478,41049,0.1749
2025-08-26 14:15:00,23850,CE,108.49,111.74,108.54,109.63,538,40371,0.1785
2025-08-26 14:15:00,23850,PE,339.99,340.34,337.66,339.19,971,47326,0.1751
2025-08-26 14:15:00,23900,CE,114.41,116.0,113.81,113.9,543,48833,0.1751
2025-08-26 14:15:00,23900,PE,387.87,397.24,382.7,385.76,600,49040,0.1775
2025-08-26 14:15:00,23950,CE,105.15,104.61,103.86,104.09,588,46527,0.1757
2025-08-26 14:15:00,23950,PE,442.38,447.6,442.29,443.66,31,45792,0.1752
2025-08-26 14:15:00,24000,CE,121.77,121.71,120.56,121.51,382,49517,0.1762
2025-08-26 14:15:00,24000,PE,488.0,498.82,481.58,490.27,720,46312,0.1723
2025-08-26 14:15:00,24050,CE,116.57,117.56,115.98,116.72,38,54850,0.1729
2025-08-26 14:15:00,24050,PE,538.85,535.02,533.19,534.4,661,58548,0.1739
2025-08-26 14:15:00,24100,CE,118.13,118.32,115.71,117.92,582,65476,0.172
2025-08-26 14:15:00,24100,PE,590.52,592.85,589.15,590.32,460,60127,0.1782
2025-08-26 14:15:00,24150,CE,122.31,123.42,121.03,121.47,220,70050,0.1756
2025-08-26 14:15:00,24150,PE,647.12,643.01,636.25,642.55,66,73281,0.1742
2025-08-26 14:15:00,24200,CE,112.98,114.68,112.77,114.34,177,83931,0.1733
2025-08-26 14:15:00,24200,PE,696.16,692.36,678.62,685.25,261,78650,0.1758
2025-08-26 14:15:00,24250,CE,121.78,123.51,119.65,121.42,320,81886,0.1754
2025-08-26 14:15:00,24250,PE,751.51,748.83,741.73,744.93,78,75224,0.1778
2025-08-26 14:15:00,24300,CE,116.46,119.85,116.28,117.14,335,69859,0.1752
2025-08-26 14:15:00,24300,PE,785.01,795.94,779.58,787.5,37,66246,0.175
2025-08-26 14:15:00,24350,CE,108.87,112.21,110.18,110.23,36,61113,0.1744
2025-08-26 14:15:00,24350,PE,839.47,839.12,832.81,836.86,27,63718,0.1705
2025-08-26 14:15:00,24400,CE,107.52,110.52,108.91,108.94,250,54309,0.1736
2025-08-26 14:15:00,24400,PE,894.52,907.54,883.37,890.84,366,57726,0.1786
2025-08-26 14:15:00,24450,CE,110.67,111.09,110.25,110.26,87,48152,0.1722
2025-08-26 14:15:00,24450,PE,919.4,942.62,928.63,929.87,16,54077,0.1749
2025-08-26 14:15:00,24500,CE,117.17,119.5,118.01,118.27,329,44873,0.177
2025-08-26 14:15:00,24500,PE,969.3,993.71,982.01,987.59,345,43027,0.1733
2025-08-26 14:15:00,24550,CE,111.52,111.98,110.76,111.19,392,47171,0.1723
2025-08-26 14:15:00,24550,PE,1041.49,1057.51,1039.07,1041.33,343,41844,0.1764
2025-08-26 14:15:00,24600,CE,112.11,113.04,111.8,112.25,75,42484,0.1764
2025-08-26 14:15:00,24600,PE,1081.53,1098.53,1084.25,1085.34,86,39930,0.1781
2025-08-26 14:15:00,24650,CE,126.36,132.26,127.17,127.87,318,43205,0.1763
2025-08-26 14:15:00,24650,PE,1125.2,1145.35,1119.24,1135.87,174,32722,0.1751
2025-08-26 14:15:00,24700,CE,110.91,113.68,110.3,110.52,137,36275,0.1737
2025-08-26 14:15:00,24700,PE,1195.51,1195.99,1189.24,1194.83,7,35050,0.1743
2025-08-26 14:15:00,24750,CE,118.22,119.83,117.86,118.37,312,31039,0.1754
2025-08-26 14:15:00,24750,PE,1223.93,1250.23,1200.13,1236.98,34,30130,0.1745
2025-08-26 14:15:00,24800,CE,119.07,119.05,118.37,118.8,211,32246,0.176
2025-08-26 14:15:00,24800,PE,1285.81,1310.12,1281.35,1290.42,284,26974,0.1786
2025-08-26 14:15:00,24850,CE,113.3,113.55,112.95,113.39,194,28846,0.1728
2025-08-26 14:15:00,24850,PE,1337.45,1335.79,1333.3,1334.92,97,32385,0.1729
2025-08-26 14:15:00,24900,CE,112.87,113.09,112.1,112.92,63,27880,0.1737
2025-08-26 14:15:00,24900,PE,1389.69,1390.68,1380.87,1389.11,18,27628,0.175
2025-08-26 14:20:00,23500,CE,241.81,243.06,242.03,242.54,579,26859,0.1782
2025-08-26 14:20:00,23500,PE,119.02,119.51,117.32,119.03,214,27660,0.1743
2025-08-26 14:20:00,23550,CE,192.48,192.38,190.18,192.08,1218,27805,0.1771
2025-08-26 14:20:00,23550,PE,125.67,124.88,124.53,124.67,288,26353,0.1772
2025-08-26 14:20:00,23600,CE,144.03,145.63,143.12,143.67,1324,29705,0.1785
2025-08-26 14:20:00,23600,PE,110.81,111.32,109.89,110.31,167,31088,0.1788
2025-08-26 14:20:00,23650,CE,118.08,119.14,117.53,118.16,1482,31481,0.1736
2025-08-26 14:20:00,23650,PE,136.65,138.16,136.55,136.95,973,29744,0.1792
2025-08-26 14:20:00,23700,CE,114.68,114.7,113.92,114.51,549,34843,0.1763
2025-08-26 14:20:00,23700,PE,189.87,190.97,188.94,189.46,1163,36162,0.1762
2025-08-26 14:20:00,23750,CE,113.23,113.21,111.53,113.03,819,39183,0.1731
2025-08-26 14:20:00,23750,PE,244.84,246.68,242.88,243.95,972,38680,0.1756
2025-08-26 14:20:00,23800,CE,119.95,120.4,117.78,118.3,382,36320,0.1742
2025-08-26 14:20:00,23800,PE,285.55,293.01,286.3,290.87,809,41464,0.177
2025-08-26 14:20:00,23850,CE,116.15,115.97,114.66,115.08,698,40554,0.1743
2025-08-26 14:20:00,23850,PE,344.81,341.46,339.34,341.06,721,47058,0.1745
2025-08-26 14:20:00,23900,CE,121.51,123.12,120.56,121.58,119,48988,0.1745
2025-08-26 14:20:00,23900,PE,388.41,393.25,387.44,389.95,856,48603,0.1797
2025-08-26 14:20:00,23950,CE,109.06,112.12,110.72,110.84,72,46776,0.1767
2025-08-26 14:20:00,23950,PE,434.5,437.17,430.69,432.19,359,46275,0.1746
2025-08-26 14:20:00,24000,CE,114.36,114.81,112.18,113.04,369,49543,0.173
2025-08-26 14:20:00,24000,PE,482.24,490.63,478.6,483.35,59,46854,0.1758
2025-08-26 14:20:00,24050,CE,126.14,125.46,124.33,125.34,243,54775,0.1769
2025-08-26 14:20:00,24050,PE,539.83,541.52,532.3,535.43,453,58977,0.1739
2025-08-26 14:20:00,24100,CE,120.73,122.27,121.51,121.64,531,65804,0.1745
2025-08-26 14:20:00,24100,PE,588.97,597.58,589.09,593.47,79,59633,0.1741
2025-08-26 14:20:00,24150,CE,109.32,111.6,108.85,109.53,520,70545,0.1715
2025-08-26 14:20:00,24150,PE,646.51,643.35,633.89,639.88,393,73773,0.1745
2025-08-26 14:20:00,24200,CE,122.95,121.16,120.26,121.12,193,83752,0.1765
2025-08-26 14:20:00,24200,PE,695.5,713.68,689.82,693.82,108,79002,0.1771
2025-08-26 14:20:00,24250,CE,112.6,113.84,111.17,112.72,374,81555,0.174
2025-08-26 14:20:00,24250,PE,738.62,749.21,733.74,734.43,554,74660,0.1741
2025-08-26 14:20:00,24300,CE,111.14,113.17,112.2,112.41,406,69508,0.176
2025-08-26 14:20:00,24300,PE,789.87,804.37,774.42,787.62,414,66226,0.1712
2025-08-26 14:20:00,24350,CE,116.02,116.15,114.52,115.32,123,60582,0.1748
2025-08-26 14:20:00,24350,PE,842.97,852.61,838.84,844.89,313,63310,0.1767
2025-08-26 14:20:00,24400,CE,113.0,113.66,112.32,113.05,218,54849,0.173
2025-08-26 14:20:00,24400,PE,892.0,891.77,881.45,888.41,423,57718,0.1715
2025-08-26 14:20:00,24450,CE,117.09,118.85,114.63,116.51,334,48539,0.1737
2025-08-26 14:20:00,24450,PE,932.39,933.55,930.91,932.31,278,53724,0.1732
2025-08-26 14:20:00,24500,CE,113.35,112.8,111.2,111.65,353,44379,0.1748
2025-08-26 14:20:00,24500,PE,1000.42,996.73,977.42,994.3,230,43363,0.176
2025-08-26 14:20:00,24550,CE,121.48,121.5,121.09,121.2,240,46989,0.1775
2025-08-26 14:20:00,24550,PE,1048.07,1047.23,1035.95,1043.42,177,41795,0.1746
2025-08-26 14:20:00,24600,CE,112.22,114.02,111.92,112.63,298,43074,0.1742
2025-08-26 14:20:00,24600,PE,1093.23,1107.13,1080.6,1089.46,312,39709,0.1708
2025-08-26 14:20:00,24650,CE,113.14,117.41,113.22,114.57,48,43172,0.1772
2025-08-26 14:20:00,24650,PE,1142.97,1145.79,1119.75,1141.91,330,32883,0.1751
2025-08-26 14:20:00,24700,CE,114.87,115.63,114.64,115.09,123,35781,0.1758
2025-08-26 14:20:00,24700,PE,1165.46,1192.66,1163.78,1181.64,97,35309,0.1729
2025-08-26 14:20:00,24750,CE,126.94,127.02,125.22,126.97,240,30981,0.1779
2025-08-26 14:20:00,24750,PE,1234.95,1241.18,1229.41,1235.4,122,29740,0.1739
2025-08-26 14:20:00,24800,CE,109.4,112.13,108.77,110.04,335,32162,0.1737
2025-08-26 14:20:00,24800,PE,1288.14,1322.3,1298.29,1299.11,265,26926,0.1816
2025-08-26 14:20:00,24850,CE,115.26,116.17,115.82,115.98,191,29014,0.1713
2025-08-26 14:20:00,24850,PE,1342.22,1344.35,1326.79,1330.68,121,32909,0.1741
2025-08-26 14:20:00,24900,CE,120.97,121.43,120.04,121.29,150,28198,0.1736
2025-08-26 14:20:00,24900,PE,1399.93,1407.91,1372.04,1392.75,295,27486,0.176
2025-08-26 14:25:00,23500,CE,310.84,314.28,307.94,308.89,264,27422,0.1786
2025-08-26 14:25:00,23500,PE,121.34,126.62,121.2,123.03,846,28008,0.1742
2025-08-26 14:25:00,23550,CE,248.39,247.72,246.49,247.25,1137,27238,0.1714
2025-08-26 14:25:00,23550,PE,115.96,116.19,115.55,115.63,1135,25892,0.1742
2025-08-26 14:25:00,23600,CE,207.2,209.78,204.27,206.16,217,29366,0.1753
2025-08-26 14:25:00,23600,PE,114.55,114.62,113.31,113.53,174,30588,0.1761
2025-08-26 14:25:00,23650,CE,148.41,149.69,147.04,148.05,220,31463,0.1736
2025-08-26 14:25:00,23650,PE,113.7,114.36,113.5,114.36,605,29552,0.1769
2025-08-26 14:25:00,23700,CE,122.46,123.39,121.22,122.9,320,35410,0.1788
2025-08-26 14:25:00,23700,PE,127.99,127.64,126.7,126.84,593,36129,0.1729
2025-08-26 14:25:00,23750,CE,113.35,114.27,113.29,114.23,230,38837,0.1753
2025-08-26 14:25:00,23750,PE,172.62,174.35,173.09,173.25,363,39244,0.1719
2025-08-26 14:25:00,23800,CE,110.92,112.67,110.16,111.35,243,36336,0.1743
2025-08-26 14:25:00,23800,PE,223.04,226.12,222.17,223.18,708,40951,0.1721
2025-08-26 14:25:00,23850,CE,115.9,117.69,115.93,116.31,411,40051,0.1758
2025-08-26 14:25:00,23850,PE,286.24,291.13,284.45,288.7,214,47268,0.1753
2025-08-26 14:25:00,23900,CE,111.11,112.28,109.88,111.13,588,48981,0.174
2025-08-26 14:25:00,23900,PE,321.85,331.96,321.67,322.16,231,48752,0.1719
2025-08-26 14:25:00,23950,CE,121.21,123.6,121.74,122.0,840,47195,0.1746
2025-08-26 14:25:00,23950,PE,370.4,375.04,365.53,372.08,173,46492,0.1775
2025-08-26 14:25:00,24000,CE,116.23,118.13,115.57,115.99,217,49977,0.1724
2025-08-26 14:25:00,24000,PE,423.68,432.87,426.28,429.36,408,47145,0.1732
2025-08-26 14:25:00,24050,CE,110.61,110.65,109.33,109.59,427,54984,0.1743
2025-08-26 14:25:00,24050,PE,473.27,478.59,472.63,475.99,731,58538,0.1718
2025-08-26 14:25:00,24100,CE,114.94,115.86,112.9,113.38,656,65783,0.178
2025-08-26 14:25:00,24100,PE,520.01,523.79,514.74,519.74,113,59552,0.1766
2025-08-26 14:25:00,24150,CE,120.79,118.76,118.3,118.66,48,70593,0.1769
2025-08-26 14:25:00,24150,PE,570.06,579.3,569.17,569.26,325,73642,0.1774
2025-08-26 14:25:00,24200,CE,122.32,124.27,121.45,121.75,287,83896,0.1756
2025-08-26 14:25:00,24200,PE,632.57,640.73,638.62,638.71,525,78872,0.1766
2025-08-26 14:25:00,24250,CE,111.15,112.07,111.13,111.9,19,81624,0.1737
2025-08-26 14:25:00,24250,PE,674.37,699.29,673.24,675.66,563,74533,0.1746
2025-08-26 14:25:00,24300,CE,112.21,115.2,111.85,112.58,77,69990,0.1739
2025-08-26 14:25:00,24300,PE,723.49,729.94,710.02,727.09,241,66074,0.1776
2025-08-26 14:25:00,24350,CE,124.76,125.86,123.8,124.77,163,60859,0.1759
2025-08-26 14:25:00,24350,PE,780.14,783.8,767.3,777.51,85,63446,0.1748
2025-08-26 14:25:00,24400,CE,121.24,124.27,121.44,121.96,181,54711,0.1763
2025-08-26 14:25:00,24400,PE,842.82,844.98,836.28,839.01,115,58087,0.177
2025-08-26 14:25:00,24450,CE,120.98,121.13,118.73,119.72,222,49052,0.1757
2025-08-26 14:25:00,24450,PE,872.53,873.59,870.19,872.68,399,54036,0.1735
2025-08-26 14:25:00,24500,CE,114.52,115.83,113.34,115.26,210,44917,0.175
2025-08-26 14:25:00,24500,PE,922.97,943.23,919.39,930.24,271,43286,0.1744
2025-08-26 14:25:00,24550,CE,107.46,110.02,106.91,108.28,157,47485,0.1718
2025-08-26 14:25:00,24550,PE,979.77,1006.13,985.77,986.17,116,42246,0.1743
2025-08-26 14:25:00,24600,CE,123.18,123.3,122.28,122.43,101,43388,0.1724
2025-08-26 14:25:00,24600,PE,1023.75,1037.86,1013.34,1020.24,123,40111,0.1739
2025-08-26 14:25:00,24650,CE,115.99,116.26,115.26,115.69,338,43448,0.174
2025-08-26 14:25:00,24650,PE,1073.31,1091.62,1070.77,1071.79,400,32897,0.1737
2025-08-26 14:25:00,24700,CE,114.51,116.16,113.64,115.53,326,35843,0.1741
2025-08-26 14:25:00,24700,PE,1119.05,1129.54,1118.05,1127.09,21,35210,0.1723
2025-08-26 14:25:00,24750,CE,114.93,116.97,114.55,114.76,18,31178,0.1745
2025-08-26 14:25:00,24750,PE,1191.59,1190.75,1175.66,1181.64,62,29529,0.178
2025-08-26 14:25:00,24800,CE,114.24,115.05,114.17,114.7,314,32449,0.1726
2025-08-26 14:25:00,24800,PE,1230.92,1244.51,1223.99,1232.43,124,26932,0.1782
2025-08-26 14:25:00,24850,CE,113.28,115.94,114.24,114.48,204,28837,0.1738
2025-08-26 14:25:00,24850,PE,1295.85,1306.6,1275.18,1282.12,261,32485,0.1709
2025-08-26 14:25:00,24900,CE,112.98,113.87,113.33,113.51,146,27904,0.1735
2025-08-26 14:25:00,24900,PE,1353.24,1337.51,1321.1,1332.44,229,27654,0.1735
2025-08-26 14:30:00,23500,CE,318.79,316.49,315.33,316.49,857,27265,0.1786
2025-08-26 14:30:00,23500,PE,130.35,132.51,129.61,131.14,257,27447,0.1805
2025-08-26 14:30:00,23550,CE,259.05,263.88,260.37,262.41,1021,27033,0.1785
2025-08-26 14:30:00,23550,PE,116.21,119.36,116.32,116.94,897,25731,0.1763
2025-08-26 14:30:00,23600,CE,205.92,209.8,203.74,205.1,460,29047,0.1713
2025-08-26 14:30:00,23600,PE,114.94,117.07,114.07,114.57,1053,30331,0.1771
2025-08-26 14:30:00,23650,CE,159.57,160.92,159.27,160.33,477,31708,0.1757
2025-08-26 14:30:00,23650,PE,125.55,126.65,123.46,124.43,815,29847,0.1766
2025-08-26 14:30:00,23700,CE,116.62,119.9,115.43,117.95,208,35960,0.1744
2025-08-26 14:30:00,23700,PE,117.88,120.24,118.34,118.41,440,35670,0.1743
2025-08-26 14:30:00,23750,CE,114.97,117.44,114.21,114.54,185,38611,0.1759
2025-08-26 14:30:00,23750,PE,167.17,169.63,167.22,169.08,649,38736,0.1786
2025-08-26 14:30:00,23800,CE,109.53,111.26,108.17,109.21,819,36471,0.1721
2025-08-26 14:30:00,23800,PE,222.64,226.41,221.57,222.07,1018,40370,0.1774
2025-08-26 14:30:00,23850,CE,107.75,110.19,108.17,108.91,128,39697,0.1758
2025-08-26 14:30:00,23850,PE,280.97,279.06,273.2,277.39,516,47372,0.1741
2025-08-26 14:30:00,23900,CE,113.97,117.81,114.87,115.61,222,48811,0.1738
2025-08-26 14:30:00,23900,PE,316.31,320.37,319.4,319.41,539,48805,0.1724
2025-08-26 14:30:00,23950,CE,120.56,121.17,119.7,120.27,500,47363,0.1782
2025-08-26 14:30:00,23950,PE,384.29,380.54,379.9,380.15,712,46898,0.1798
2025-08-26 14:30:00,24000,CE,121.1,121.97,120.01,120.12,827,49848,0.1775
2025-08-26 14:30:00,24000,PE,422.44,423.73,419.61,422.84,290,46879,0.1764
2025-08-26 14:30:00,24050,CE,111.35,111.42,109.18,109.69,284,55030,0.1727
2025-08-26 14:30:00,24050,PE,479.93,478.79,470.78,475.89,482,58021,0.1752
2025-08-26 14:30:00,24100,CE,113.04,113.69,110.64,111.9,730,65233,0.1719
2025-08-26 14:30:00,24100,PE,521.68,527.1,522.14,523.47,300,59494,0.1742
2025-08-26 14:30:00,24150,CE,106.05,108.15,107.15,107.43,242,70254,0.1711
2025-08-26 14:30:00,24150,PE,574.74,574.31,573.26,573.61,367,73050,0.1702
2025-08-26 14:30:00,24200,CE,122.85,122.8,121.31,121.74,477,84111,0.1749
2025-08-26 14:30:00,24200,PE,615.89,635.84,621.21,622.27,494,79251,0.1719
2025-08-26 14:30:00,24250,CE,117.11,118.77,116.45,117.67,533,81201,0.1725
2025-08-26 14:30:00,24250,PE,671.85,672.26,666.23,666.42,502,74609,0.1746
2025-08-26 14:30:00,24300,CE,110.98,110.27,109.95,110.12,78,70570,0.1719
2025-08-26 14:30:00,24300,PE,718.61,724.69,720.05,722.32,461,65796,0.1741
2025-08-26 14:30:00,24350,CE,122.43,124.91,122.35,123.54,478,61135,0.1748
2025-08-26 14:30:00,24350,PE,777.04,790.99,779.31,780.79,244,63040,0.1768
2025-08-26 14:30:00,24400,CE,118.0,118.46,118.04,118.09,374,55229,0.1753
2025-08-26 14:30:00,24400,PE,823.54,853.46,819.18,822.76,104,57487,0.1794
2025-08-26 14:30:00,24450,CE,121.92,123.29,121.28,122.4,117,48805,0.1784
2025-08-26 14:30:00,24450,PE,862.58,864.86,854.33,863.68,188,54607,0.1732
2025-08-26 14:30:00,24500,CE,113.66,116.35,113.84,113.88,444,45121,0.1745
2025-08-26 14:30:00,24500,PE,917.38,939.46,910.08,916.47,106,42940,0.1778
2025-08-26 14:30:00,24550,CE,118.44,119.52,117.73,117.81,42,47834,0.1788
2025-08-26 14:30:00,24550,PE,956.98,978.88,961.17,966.86,102,42723,0.1727
2025-08-26 14:30:00,24600,CE,115.94,115.84,114.71,115.36,256,43372,0.1755
2025-08-26 14:30:00,24600,PE,1008.52,1020.29,1012.2,1015.07,393,39698,0.1731
2025-08-26 14:30:00,24650,CE,122.03,121.65,120.29,120.83,191,43158,0.1731
2025-08-26 14:30:00,24650,PE,1080.24,1074.61,1049.48,1066.17,78,33428,0.173
2025-08-26 14:30:00,24700,CE,122.13,123.46,121.0,121.98,238,35436,0.1747
2025-08-26 14:30:00,24700,PE,1119.82,1126.4,1120.97,1123.91,47,34984,0.1753
2025-08-26 14:30:00,24750,CE,116.94,116.38,115.94,116.34,313,30752,0.1735
2025-08-26 14:30:00,24750,PE,1175.55,1183.43,1167.72,1177.71,279,29055,0.1778
2025-08-26 14:30:00,24800,CE,117.59,116.52,116.05,116.46,125,32475,0.1766
2025-08-26 14:30:00,24800,PE,1202.49,1234.14,1218.98,1225.47,51,26808,0.1736
2025-08-26 14:30:00,24850,CE,115.76,116.02,113.33,115.28,97,28292,0.1717
2025-08-26 14:30:00,24850,PE,1266.67,1271.68,1253.17,1261.15,6,32059,0.1739
2025-08-26 14:30:00,24900,CE,117.47,120.41,116.97,117.71,253,27349,0.1719
2025-08-26 14:30:00,24900,PE,1317.7,1337.28,1320.37,1328.57,173,27083,0.1745
2025-08-26 14:35:00,23500,CE,311.87,320.99,311.74,315.76,239,26879,0.1726
2025-08-26 14:35:00,23500,PE,115.64,116.99,115.24,116.03,368,27739,0.1793
2025-08-26 14:35:00,23550,CE,272.68,277.59,272.74,274.31,505,26450,0.1729
2025-08-26 14:35:00,23550,PE,112.67,114.17,113.13,113.39,186,25496,0.1765
2025-08-26 14:35:00,23600,CE,221.25,221.42,217.49,220.09,385,29124,0.1782
2025-08-26 14:35:00,23600,PE,119.25,119.02,117.31,118.3,480,30623,0.1746
2025-08-26 14:35:00,23650,CE,162.44,166.77,160.45,162.48,405,31921,0.1738
2025-08-26 14:35:00,23650,PE,118.11,120.85,116.71,117.98,177,30433,0.1775
2025-08-26 14:35:00,23700,CE,123.08,126.46,124.53,125.47,1765,35690,0.1739
2025-08-26 14:35:00,23700,PE,118.92,119.64,117.3,119.45,441,35070,0.176
2025-08-26 14:35:00,23750,CE,112.0,113.24,110.43,111.99,1481,38056,0.1773
2025-08-26 14:35:00,23750,PE,163.57,163.65,162.08,163.23,27,38253,0.1759
2025-08-26 14:35:00,23800,CE,118.95,120.76,118.9,119.58,404,37041,0.1764
2025-08-26 14:35:00,23800,PE,231.48,229.21,225.22,228.5,237,40454,0.1746
2025-08-26 14:35:00,23850,CE,110.48,113.73,109.07,110.06,764,40056,0.1752
2025-08-26 14:35:00,23850,PE,263.37,268.06,263.71,264.04,819,47954,0.1766
2025-08-26 14:35:00,23900,CE,116.03,118.35,116.31,116.49,695,49224,0.1736
2025-08-26 14:35:00,23900,PE,320.86,318.05,316.93,317.07,345,48694,0.1796
2025-08-26 14:35:00,23950,CE,108.15,107.79,104.77,106.9,699,47814,0.1745
2025-08-26 14:35:00,23950,PE,360.44,364.09,361.57,363.52,19,46818,0.1766
2025-08-26 14:35:00,24000,CE,126.92,127.53,125.9,126.34,695,49384,0.1783
2025-08-26 14:35:00,24000,PE,413.77,411.97,408.66,411.32,313,46936,0.1713
2025-08-26 14:35:00,24050,CE,111.39,113.49,112.36,113.03,77,55528,0.1736
2025-08-26 14:35:00,24050,PE,474.92,478.54,472.49,473.67,300,58362,0.1752
2025-08-26 14:35:00,24100,CE,116.48,116.17,114.41,115.93,321,65115,0.174
2025-08-26 14:35:00,24100,PE,513.8,515.68,512.35,515.25,711,59919,0.1762
2025-08-26 14:35:00,24150,CE,119.91,120.87,120.06,120.3,359,70211,0.1763
2025-08-26 14:35:00,24150,PE,574.68,570.84,568.24,568.6,537,73271,0.175
2025-08-26 14:35:00,24200,CE,117.86,120.06,117.95,118.66,628,83910,0.174
2025-08-26 14:35:00,24200,PE,620.97,631.07,617.38,621.45,81,78884,0.1767
2025-08-26 14:35:00,24250,CE,110.64,112.92,111.84,112.16,322,80977,0.1772
2025-08-26 14:35:00,24250,PE,667.71,670.93,660.47,667.0,489,75059,0.1757
2025-08-26 14:35:00,24300,CE,113.82,115.63,113.02,113.98,113,71157,0.1748
2025-08-26 14:35:00,24300,PE,714.6,718.0,697.16,713.46,362,65512,0.1765
2025-08-26 14:35:00,24350,CE,116.0,116.65,114.1,114.92,115,60733,0.1734
2025-08-26 14:35:00,24350,PE,767.79,768.95,762.24,768.07,257,62525,0.1732
2025-08-26 14:35:00,24400,CE,123.65,125.97,121.59,122.93,74,55533,0.1729
2025-08-26 14:35:00,24400,PE,819.98,828.39,808.08,814.68,253,57520,0.1747
2025-08-26 14:35:00,24450,CE,120.3,123.1,120.78,120.83,162,48872,0.1763
2025-08-26 14:35:00,24450,PE,875.16,888.67,863.05,865.62,171,54061,0.1766
2025-08-26 14:35:00,24500,CE,113.6,115.7,111.95,112.62,266,44618,0.1723
2025-08-26 14:35:00,24500,PE,921.39,940.22,914.24,925.99,321,43437,0.1756
2025-08-26 14:35:00,24550,CE,108.94,113.11,109.68,110.63,297,47926,0.1718
2025-08-26 14:35:00,24550,PE,978.74,1002.12,970.38,971.26,426,42386,0.174
2025-08-26 14:35:00,24600,CE,123.53,124.41,122.85,123.76,329,43020,0.1787
2025-08-26 14:35:00,24600,PE,1020.55,1028.31,1008.39,1021.12,7,39387,0.1772
2025-08-26 14:35:00,24650,CE,119.86,122.69,118.97,120.67,207,42634,0.1732
2025-08-26 14:35:00,24650,PE,1071.73,1071.5,1042.82,1065.85,118,32887,0.1759
2025-08-26 14:35:00,24700,CE,115.83,118.64,117.84,118.17,99,35699,0.1732
2025-08-26 14:35:00,24700,PE,1112.41,1138.58,1098.26,1117.16,64,34700,0.1794
2025-08-26 14:35:00,24750,CE,114.63,115.69,114.08,115.68,56,30613,0.1731
2025-08-26 14:35:00,24750,PE,1170.51,1178.17,1164.69,1167.51,287,29099,0.1769
2025-08-26 14:35:00,24800,CE,120.89,121.63,120.69,121.24,77,32259,0.1737
2025-08-26 14:35:00,24800,PE,1225.74,1245.79,1220.16,1220.8,244,26782,0.1729
2025-08-26 14:35:00,24850,CE,126.93,128.53,127.74,127.88,164,28730,0.1788
2025-08-26 14:35:00,24850,PE,1275.61,1273.17,1256.24,1262.41,287,31751,0.1721
2025-08-26 14:35:00,24900,CE,112.47,116.61,112.78,113.9,239,27698,0.1747
2025-08-26 14:35:00,24900,PE,1331.32,1319.24,1311.49,1318.56,304,26799,0.1727
2025-08-26 14:40:00,23500,CE,323.69,330.79,322.84,325.58,759,26503,0.175
2025-08-26 14:40:00,23500,PE,123.4,125.26,123.51,124.63,470,27226,0.1797
2025-08-26 14:40:00,23550,CE,264.06,266.24,261.79,264.7,705,26671,0.1732
2025-08-26 14:40:00,23550,PE,115.78,119.43,117.27,117.96,527,25389,0.1785
2025-08-26 14:40:00,23600,CE,218.34,222.89,219.47,221.27,332,29448,0.1784
2025-08-26 14:40:00,23600,PE,117.55,119.34,116.66,117.99,1192,30182,0.1781
2025-08-26 14:40:00,23650,CE,182.66,183.04,179.2,181.05,433,32045,0.1771
2025-08-26 14:40:00,23650,PE,115.0,114.58,109.38,114.06,566,29848,0.1776
2025-08-26 14:40:00,23700,CE,123.67,125.31,121.32,122.18,64,35370,0.1735
2025-08-26 14:40:00,23700,PE,110.37,110.46,109.74,109.86,1714,35201,0.1763
2025-08-26 14:40:00,23750,CE,107.88,108.46,108.33,108.42,413,37523,0.1737
2025-08-26 14:40:00,23750,PE,157.26,155.47,152.96,154.31,1175,38105,0.1734
2025-08-26 14:40:00,23800,CE,122.89,123.04,121.6,121.93,540,37114,0.1781
2025-08-26 14:40:00,23800,PE,219.84,219.61,212.41,217.76,322,40727,0.1759
2025-08-26 14:40:00,23850,CE,107.7,108.43,106.64,108.3,383,40302,0.1712
2025-08-26 14:40:00,23850,PE,253.52,258.81,255.25,258.27,619,47531,0.1747
2025-08-26 14:40:00,23900,CE,110.18,112.13,110.39,110.74,664,48714,0.1747
2025-08-26 14:40:00,23900,PE,314.11,317.86,310.64,314.61,759,48545,0.1786
2025-08-26 14:40:00,23950,CE,116.41,114.75,114.62,114.66,645,47502,0.1746
2025-08-26 14:40:00,23950,PE,357.05,368.43,357.02,359.41,398,46584,0.1773
2025-08-26 14:40:00,24000,CE,117.97,117.94,116.69,117.41,229,49194,0.1755
2025-08-26 14:40:00,24000,PE,419.79,429.83,416.85,419.28,60,46812,0.1785
2025-08-26 14:40:00,24050,CE,123.17,126.12,122.61,123.78,110,55550,0.1754
2025-08-26 14:40:00,24050,PE,471.21,476.65,469.88,471.76,84,57773,0.1769
2025-08-26 14:40:00,24100,CE,111.7,114.11,109.97,111.79,332,64872,0.1781
2025-08-26 14:40:00,24100,PE,516.3,520.4,517.56,517.91,652,59636,0.1742
2025-08-26 14:40:00,24150,CE,120.63,120.92,120.39,120.81,282,69894,0.1762
2025-08-26 14:40:00,24150,PE,556.56,557.62,552.24,553.48,615,73617,0.1722
2025-08-26 14:40:00,24200,CE,121.94,121.05,120.52,120.75,119,83611,0.1726
2025-08-26 14:40:00,24200,PE,619.61,618.91,614.37,615.03,128,78465,0.1744
2025-08-26 14:40:00,24250,CE,120.89,124.28,119.67,120.75,153,81399,0.1745
2025-08-26 14:40:00,24250,PE,673.81,671.61,667.34,668.35,284,74918,0.1733
2025-08-26 14:40:00,24300,CE,118.89,118.73,117.94,118.45,116,70777,0.1762
2025-08-26 14:40:00,24300,PE,716.94,720.64,707.17,709.53,321,65813,0.1716
2025-08-26 14:40:00,24350,CE,120.93,122.13,121.12,121.63,305,60921,0.1752
2025-08-26 14:40:00,24350,PE,754.21,763.97,754.46,756.11,148,63059,0.1732
2025-08-26 14:40:00,24400,CE,123.53,125.08,123.06,124.08,423,55986,0.1749
2025-08-26 14:40:00,24400,PE,817.9,819.26,797.34,811.34,345,57753,0.1735
2025-08-26 14:40:00,24450,CE,107.76,109.59,106.88,108.73,42,48465,0.1744
2025-08-26 14:40:00,24450,PE,848.09,885.08,843.38,859.61,71,54040,0.1722
2025-08-26 14:40:00,24500,CE,118.15,121.83,119.37,119.94,276,44160,0.1728
2025-08-26 14:40:00,24500,PE,904.39,923.25,906.86,906.91,351,43496,0.1748
2025-08-26 14:40:00,24550,CE,117.7,119.06,117.59,118.1,267,48426,0.1743
2025-08-26 14:40:00,24550,PE,952.73,956.17,952.85,954.75,263,41790,0.1727
2025-08-26 14:40:00,24600,CE,116.4,117.2,115.67,116.42,329,43471,0.1718
2025-08-26 14:40:00,24600,PE,993.54,1018.94,1000.26,1003.02,41,39434,0.1756
2025-08-26 14:40:00,24650,CE,110.32,111.86,111.03,111.32,195,42215,0.1753
2025-08-26 14:40:00,24650,PE,1056.96,1068.16,1046.12,1055.81,117,33314,0.1753
2025-08-26 14:40:00,24700,CE,113.52,114.19,113.08,113.6,157,35743,0.1745
2025-08-26 14:40:00,24700,PE,1100.7,1107.46,1104.72,1107.09,306,34637,0.1754
2025-08-26 14:40:00,24750,CE,122.89,122.32,121.37,121.88,337,30612,0.1765
2025-08-26 14:40:00,24750,PE,1150.42,1159.78,1150.57,1154.47,372,28675,0.1722
2025-08-26 14:40:00,24800,CE,120.15,121.75,119.58,120.31,323,31794,0.1761
2025-08-26 14:40:00,24800,PE,1213.22,1227.42,1204.21,1209.18,297,26975,0.1727
2025-08-26 14:40:00,24850,CE,117.53,120.27,117.12,117.25,199,29186,0.1765
2025-08-26 14:40:00,24850,PE,1270.76,1265.38,1261.12,1264.45,227,31984,0.1748
2025-08-26 14:40:00,24900,CE,119.28,119.66,117.43,118.08,257,28106,0.1752
2025-08-26 14:40:00,24900,PE,1303.45,1334.4,1316.23,1321.63,82,27212,0.1749
2025-08-26 14:45:00,23500,CE,324.64,330.76,326.66,329.05,616,25941,0.1759
2025-08-26 14:45:00,23500,PE,127.73,126.21,125.39,126.03,952,27551,0.1771
2025-08-26 14:45:00,23550,CE,273.21,274.84,268.12,271.12,1031,26997,0.1771
2025-08-26 14:45:00,23550,PE,125.27,126.76,123.92,126.29,411,25208,0.1803
2025-08-26 14:45:00,23600,CE,221.34,226.48,217.45,219.91,376,29339,0.1766
2025-08-26 14:45:00,23600,PE,118.2,118.67,118.32,118.41,66,30476,0.1732
2025-08-26 14:45:00,23650,CE,177.92,178.15,176.71,177.48,1135,32628,0.1791
2025-08-26 14:45:00,23650,PE,119.28,123.77,119.44,119.79,837,30433,0.1762
2025-08-26 14:45:00,23700,CE,120.61,121.27,119.63,121.12,393,35338,0.1759
2025-08-26 14:45:00,23700,PE,112.67,112.52,110.16,112.02,1388,35548,0.173
2025-08-26 14:45:00,23750,CE,113.13,113.08,110.85,112.08,1204,37482,0.1725
2025-08-26 14:45:00,23750,PE,165.41,165.96,164.98,165.38,136,38544,0.177
2025-08-26 14:45:00,23800,CE,118.86,121.25,118.37,120.11,525,37293,0.1781
2025-08-26 14:45:00,23800,PE,216.86,216.34,213.76,214.7,197,41250,0.1766
2025-08-26 14:45:00,23850,CE,118.44,118.96,117.29,117.35,318,40898,0.1776
2025-08-26 14:45:00,23850,PE,262.49,267.32,263.13,266.15,851,47327,0.1752
2025-08-26 14:45:00,23900,CE,124.36,126.59,122.4,124.28,401,49289,0.1756
2025-08-26 14:45:00,23900,PE,309.55,309.02,307.27,307.33,635,48776,0.1738
2025-08-26 14:45:00,23950,CE,113.09,112.91,112.25,112.47,592,47187,0.1764
2025-08-26 14:45:00,23950,PE,359.87,372.19,364.65,367.07,140,45987,0.1757
2025-08-26 14:45:00,24000,CE,112.66,112.38,110.78,111.51,361,49414,0.1735
2025-08-26 14:45:00,24000,PE,410.18,416.76,410.4,414.23,273,46478,0.1775
2025-08-26 14:45:00,24050,CE,106.57,108.21,106.0,107.55,320,55227,0.1734
2025-08-26 14:45:00,24050,PE,466.01,464.5,450.04,461.23,356,57835,0.1757
2025-08-26 14:45:00,24100,CE,118.23,119.75,116.71,118.6,211,64309,0.1774
2025-08-26 14:45:00,24100,PE,513.2,523.26,512.92,513.36,86,59535,0.1716
2025-08-26 14:45:00,24150,CE,124.7,126.98,123.04,124.72,131,70253,0.1794
2025-08-26 14:45:00,24150,PE,567.27,578.5,565.23,567.44,123,73049,0.1739
2025-08-26 14:45:00,24200,CE,116.24,116.86,115.63,115.9,404,83759,0.1777
2025-08-26 14:45:00,24200,PE,605.05,608.31,594.59,600.07,438,78055,0.1764
2025-08-26 14:45:00,24250,CE,118.55,117.49,116.97,117.22,416,81834,0.176
2025-08-26 14:45:00,24250,PE,657.48,665.38,645.17,657.77,371,74786,0.1741
2025-08-26 14:45:00,24300,CE,114.73,116.25,113.3,114.19,280,71151,0.1754
2025-08-26 14:45:00,24300,PE,696.73,712.09,701.12,703.25,90,66081,0.1721
2025-08-26 14:45:00,24350,CE,123.11,121.96,120.62,121.38,152,61374,0.1755
2025-08-26 14:45:00,24350,PE,767.58,783.42,759.34,761.76,83,63079,0.1796
2025-08-26 14:45:00,24400,CE,114.11,117.22,114.39,115.41,210,55969,0.17
2025-08-26 14:45:00,24400,PE,809.43,815.26,790.78,813.62,201,57197,0.1759
2025-08-26 14:45:00,24450,CE,109.29,109.33,108.47,108.61,420,48505,0.1733
2025-08-26 14:45:00,24450,PE,875.4,881.52,867.4,868.39,296,54066,0.1779
2025-08-26 14:45:00,24500,CE,119.73,122.81,120.01,120.38,249,44287,0.1704
2025-08-26 14:45:00,24500,PE,921.4,956.3,921.35,922.3,199,43053,0.1771
2025-08-26 14:45:00,24550,CE,117.84,118.26,117.54,118.24,20,48473,0.173
2025-08-26 14:45:00,24550,PE,976.41,966.83,964.85,965.74,88,41734,0.1757
2025-08-26 14:45:00,24600,CE,121.94,121.94,119.25,121.02,260,43586,0.1745
2025-08-26 14:45:00,24600,PE,1032.31,1032.57,1012.36,1019.2,77,39626,0.1767
2025-08-26 14:45:00,24650,CE,118.26,119.92,116.4,117.26,385,42048,0.1722
2025-08-26 14:45:00,24650,PE,1067.66,1071.35,1053.86,1058.47,54,33318,0.1751
2025-08-26 14:45:00,24700,CE,116.35,119.53,115.15,115.34,244,35617,0.1745
2025-08-26 14:45:00,24700,PE,1114.01,1114.02,1099.36,1106.49,237,34955,0.1727
2025-08-26 14:45:00,24750,CE,112.91,115.02,112.88,113.72,221,30967,0.1747
2025-08-26 14:45:00,24750,PE,1148.38,1170.56,1153.31,1159.98,60,28426,0.1729
2025-08-26 14:45:00,24800,CE,116.32,116.46,115.6,115.82,204,31505,0.1758
2025-08-26 14:45:00,24800,PE,1196.5,1224.46,1206.2,1210.02,362,27188,0.1738
2025-08-26 14:45:00,24850,CE,116.02,116.3,115.11,115.58,148,29514,0.1751
2025-08-26 14:45:00,24850,PE,1256.67,1279.57,1263.18,1266.98,345,31397,0.1771
2025-08-26 14:45:00,24900,CE,110.43,109.36,107.58,109.32,191,28018,0.1735
2025-08-26 14:45:00,24900,PE,1299.98,1351.44,1309.8,1314.18,257,26981,0.1756
2025-08-26 14:50:00,23500,CE,356.61,359.57,348.76,353.59,327,26260,0.1773
2025-08-26 14:50:00,23500,PE,116.25,117.47,115.64,116.77,867,27123,0.1784
2025-08-26 14:50:00,23550,CE,304.87,312.36,299.21,305.74,669,27330,0.1751
2025-08-26 14:50:00,23550,PE,118.33,122.35,119.81,120.32,192,25401,0.1737
2025-08-26 14:50:00,23600,CE,259.23,259.14,254.85,258.89,1182,29750,0.1772
2025-08-26 14:50:00,23600,PE,118.76,118.84,116.13,117.87,250,31064,0.1759
2025-08-26 14:50:00,23650,CE,192.58,198.94,194.64,194.66,504,32599,0.1779
2025-08-26 14:50:00,23650,PE,120.02,121.69,118.63,120.64,416,30672,0.1765
2025-08-26 14:50:00,23700,CE,146.98,148.55,146.9,147.17,222,35589,0.1754
2025-08-26 14:50:00,23700,PE,109.13,109.42,109.02,109.22,112,35961,0.1768
2025-08-26 14:50:00,23750,CE,112.82,114.14,113.28,113.68,578,37503,0.1749
2025-08-26 14:50:00,23750,PE,131.56,135.38,132.3,132.46,412,38073,0.1756
2025-08-26 14:50:00,23800,CE,122.33,124.93,120.89,121.17,57,37868,0.174
2025-08-26 14:50:00,23800,PE,184.52,184.22,180.59,183.73,220,40718,0.1741
2025-08-26 14:50:00,23850,CE,117.49,116.16,115.68,115.83,666,41452,0.1745
2025-08-26 14:50:00,23850,PE,226.28,229.22,226.07,228.52,124,47033,0.1753
2025-08-26 14:50:00,23900,CE,110.87,111.88,110.14,111.15,637,49279,0.1764
2025-08-26 14:50:00,23900,PE,279.82,281.58,277.62,279.69,180,49316,0.1725
2025-08-26 14:50:00,23950,CE,115.88,114.95,114.76,114.87,375,47398,0.1756
2025-08-26 14:50:00,23950,PE,316.35,320.27,317.16,319.02,474,46089,0.1754
2025-08-26 14:50:00,24000,CE,112.04,112.76,111.69,112.08,836,49205,0.1743
2025-08-26 14:50:00,24000,PE,386.94,392.41,382.07,384.46,754,46228,0.1763
2025-08-26 14:50:00,24050,CE,114.99,113.87,113.31,113.69,277,54666,0.1731
2025-08-26 14:50:00,24050,PE,430.07,432.29,426.77,429.02,302,57938,0.1768
2025-08-26 14:50:00,24100,CE,110.72,110.74,110.54,110.63,503,64225,0.1737
2025-08-26 14:50:00,24100,PE,476.68,486.89,479.24,480.1,286,59204,0.1778
2025-08-26 14:50:00,24150,CE,110.04,110.06,108.32,109.53,654,70114,0.1733
2025-08-26 14:50:00,24150,PE,526.68,529.51,525.29,527.69,229,73578,0.1737
2025-08-26 14:50:00,24200,CE,114.06,114.18,111.95,113.66,433,84177,0.1725
2025-08-26 14:50:00,24200,PE,587.49,593.23,574.3,587.55,269,77971,0.1747
2025-08-26 14:50:00,24250,CE,113.56,112.89,110.51,112.71,463,82409,0.1734
2025-08-26 14:50:00,24250,PE,630.96,633.43,625.52,629.44,500,74740,0.173
2025-08-26 14:50:00,24300,CE,111.21,112.04,110.59,110.96,359,70969,0.1718
2025-08-26 14:50:00,24300,PE,676.71,682.46,679.1,679.12,276,65946,0.1775
2025-08-26 14:50:00,24350,CE,116.32,119.48,115.0,116.7,63,61823,0.1755
2025-08-26 14:50:00,24350,PE,723.61,727.1,722.33,723.48,84,62800,0.1768
2025-08-26 14:50:00,24400,CE,115.27,115.57,114.25,115.09,141,55635,0.1763
2025-08-26 14:50:00,24400,PE,768.43,783.26,781.72,781.95,268,57749,0.1756
2025-08-26 14:50:00,24450,CE,115.03,115.78,114.21,114.37,171,48786,0.1772
2025-08-26 14:50:00,24450,PE,822.03,829.3,827.03,827.58,371,54382,0.1771
2025-08-26 14:50:00,24500,CE,116.99,116.19,114.9,116.05,301,44575,0.1747
2025-08-26 14:50:00,24500,PE,882.61,888.82,871.05,876.47,367,43272,0.1775
2025-08-26 14:50:00,24550,CE,115.18,115.94,113.39,115.44,259,47982,0.1738
2025-08-26 14:50:00,24550,PE,921.82,941.04,914.02,929.39,236,42038,0.1745
2025-08-26 14:50:00,24600,CE,119.23,121.61,118.46,119.6,154,43284,0.1751
2025-08-26 14:50:00,24600,PE,986.4,979.32,971.38,978.62,263,39184,0.1719
2025-08-26 14:50:00,24650,CE,111.17,113.4,111.26,111.98,303,42627,0.1741
2025-08-26 14:50:00,24650,PE,1019.99,1056.54,1022.68,1023.37,206,32751,0.1725
2025-08-26 14:50:00,24700,CE,112.32,115.03,111.57,112.23,114,35054,0.1716
2025-08-26 14:50:00,24700,PE,1077.27,1088.9,1074.45,1085.73,188,34726,0.174
2025-08-26 14:50:00,24750,CE,107.37,107.68,107.21,107.55,300,31380,0.1753
2025-08-26 14:50:00,24750,PE,1120.25,1137.61,1123.41,1129.91,171,28999,0.177
2025-08-26 14:50:00,24800,CE,119.59,120.74,120.02,120.7,170,31047,0.1775
2025-08-26 14:50:00,24800,PE,1205.4,1199.41,1181.63,1181.75,338,27062,0.1734
2025-08-26 14:50:00,24850,CE,118.12,119.95,117.25,118.01,318,29795,0.1767
2025-08-26 14:50:00,24850,PE,1247.93,1237.12,1231.27,1231.83,337,31571,0.1762
2025-08-26 14:50:00,24900,CE,119.63,118.56,116.62,118.12,207,27698,0.175
2025-08-26 14:50:00,24900,PE,1297.95,1302.47,1280.79,1282.43,100,26776,0.1739
2025-08-26 14:55:00,23500,CE,334.14,337.21,332.87,333.9,318,26373,0.1744
2025-08-26 14:55:00,23500,PE,116.02,119.27,115.44,115.68,864,26565,0.1767
2025-08-26 14:55:00,23550,CE,292.93,293.38,292.65,292.79,687,27639,0.1763
2025-08-26 14:55:00,23550,PE,110.2,111.26,110.38,110.88,497,25131,0.177
2025-08-26 14:55:00,23600,CE,237.47,242.46,233.2,237.25,546,30144,0.1753
2025-08-26 14:55:00,23600,PE,117.5,119.21,116.79,117.12,1132,31284,0.1743
2025-08-26 14:55:00,23650,CE,185.5,192.53,184.31,186.77,696,32773,0.1729
2025-08-26 14:55:00,23650,PE,112.83,114.03,113.2,113.55,962,30992,0.1748
2025-08-26 14:55:00,23700,CE,144.74,145.52,143.74,144.28,261,35079,0.1751
2025-08-26 14:55:00,23700,PE,121.17,124.22,121.42,122.28,584,35672,0.1789
2025-08-26 14:55:00,23750,CE,120.88,124.22,121.35,121.43,1031,37529,0.1763
2025-08-26 14:55:00,23750,PE,138.84,139.0,137.48,138.44,1526,38405,0.1743
2025-08-26 14:55:00,23800,CE,114.09,115.13,113.14,114.44,230,38286,0.1739
2025-08-26 14:55:00,23800,PE,194.69,199.92,194.0,195.9,1102,40576,0.1794
2025-08-26 14:55:00,23850,CE,123.96,127.29,124.32,124.34,91,41804,0.1783
2025-08-26 14:55:00,23850,PE,242.84,247.11,242.94,243.6,256,46697,0.1735
2025-08-26 14:55:00,23900,CE,117.12,118.36,117.22,117.29,530,48777,0.1771
2025-08-26 14:55:00,23900,PE,294.08,299.86,294.54,297.4,453,49011,0.1765
2025-08-26 14:55:00,23950,CE,121.27,121.08,120.11,120.82,68,47881,0.1768
2025-08-26 14:55:00,23950,PE,348.28,342.84,339.67,341.53,272,46141,0.178
2025-08-26 14:55:00,24000,CE,112.26,113.3,111.93,112.66,743,49182,0.1755
2025-08-26 14:55:00,24000,PE,395.86,401.44,396.68,401.13,276,46520,0.1767
2025-08-26 14:55:00,24050,CE,117.77,119.93,118.6,119.4,579,54078,0.1763
2025-08-26 14:55:00,24050,PE,443.07,449.59,436.51,440.84,683,57479,0.1752
2025-08-26 14:55:00,24100,CE,112.09,112.57,109.98,111.64,569,63744,0.1728
2025-08-26 14:55:00,24100,PE,492.56,498.23,490.97,491.76,61,58750,0.1765
2025-08-26 14:55:00,24150,CE,116.44,117.28,115.89,116.7,530,70058,0.1782
2025-08-26 14:55:00,24150,PE,537.89,540.53,537.54,540.19,433,73314,0.1733
2025-08-26 14:55:00,24200,CE,114.42,115.52,114.18,115.5,89,84519,0.179
2025-08-26 14:55:00,24200,PE,593.99,594.97,586.05,586.25,555,78377,0.1723
2025-08-26 14:55:00,24250,CE,115.66,116.14,115.26,115.81,49,82918,0.1717
2025-08-26 14:55:00,24250,PE,642.58,645.94,635.3,639.42,342,74375,0.1755
2025-08-26 14:55:00,24300,CE,114.22,117.36,114.37,114.64,124,70972,0.1739
2025-08-26 14:55:00,24300,PE,702.25,714.87,693.66,696.33,358,65404,0.1752
2025-08-26 14:55:00,24350,CE,116.44,117.52,114.99,116.17,279,61510,0.1781
2025-08-26 14:55:00,24350,PE,740.81,747.09,737.65,744.48,509,62938,0.1757
2025-08-26 14:55:00,24400,CE,122.95,123.1,121.13,122.92,200,55541,0.1748
2025-08-26 14:55:00,24400,PE,791.58,801.15,785.0,785.34,441,57977,0.1717
2025-08-26 14:55:00,24450,CE,112.13,114.17,112.49,112.65,198,49193,0.1734
2025-08-26 14:55:00,24450,PE,828.79,850.33,838.21,842.27,313,53853,0.1762
2025-08-26 14:55:00,24500,CE,114.96,115.86,113.31,114.68,302,45101,0.1749
2025-08-26 14:55:00,24500,PE,898.43,901.93,885.88,889.91,411,42722,0.1774
2025-08-26 14:55:00,24550,CE,119.9,121.82,119.0,119.49,401,48560,0.1733
2025-08-26 14:55:00,24550,PE,943.87,952.69,942.5,945.31,80,42203,0.1744
2025-08-26 14:55:00,24600,CE,119.01,118.08,117.18,117.66,329,42735,0.1761
2025-08-26 14:55:00,24600,PE,991.46,1003.15,980.85,986.15,360,39056,0.1773
2025-08-26 14:55:00,24650,CE,113.68,114.82,112.3,113.97,129,42336,0.1707
2025-08-26 14:55:00,24650,PE,1037.88,1054.21,1037.01,1037.61,213,33109,0.1751
2025-08-26 14:55:00,24700,CE,112.99,114.45,113.49,113.59,329,34724,0.1765
2025-08-26 14:55:00,24700,PE,1096.82,1089.87,1085.56,1087.94,331,35117,0.1718
2025-08-26 14:55:00,24750,CE,122.1,120.74,119.41,120.33,29,31154,0.175
2025-08-26 14:55:00,24750,PE,1150.22,1149.76,1134.01,1144.39,11,29585,0.1751
2025-08-26 14:55:00,24800,CE,117.37,117.1,116.2,116.49,178,30771,0.1734
2025-08-26 14:55:00,24800,PE,1187.29,1222.46,1189.77,1191.22,331,27283,0.1746
2025-08-26 14:55:00,24850,CE,119.97,120.03,118.29,119.65,335,30155,0.172
2025-08-26 14:55:00,24850,PE,1248.76,1253.35,1241.4,1244.18,341,31230,0.1775
2025-08-26 14:55:00,24900,CE,118.7,120.71,117.89,118.3,74,27188,0.1768
2025-08-26 14:55:00,24900,PE,1287.82,1295.46,1290.42,1290.86,121,26837,0.1753
2025-08-26 15:00:00,23500,CE,381.29,381.89,377.14,379.52,532,26585,0.1777
2025-08-26 15:00:00,23500,PE,108.79,110.71,109.59,110.1,686,26945,0.1763
2025-08-26 15:00:00,23550,CE,324.73,324.12,322.27,322.45,542,27366,0.1722
2025-08-26 15:00:00,23550,PE,113.1,115.25,113.2,113.54,460,25577,0.1785
2025-08-26 15:00:00,23600,CE,284.69,288.31,282.27,283.46,937,30642,0.177
2025-08-26 15:00:00,23600,PE,117.57,118.4,116.92,117.77,626,31619,0.1763
2025-08-26 15:00:00,23650,CE,229.41,229.13,228.13,229.01,546,32182,0.1755
2025-08-26 15:00:00,23650,PE,118.47,121.64,118.63,119.12,966,30496,0.1797
2025-08-26 15:00:00,23700,CE,172.41,173.6,171.04,172.46,951,35676,0.1762
2025-08-26 15:00:00,23700,PE,120.47,122.6,120.51,121.15,61,35952,0.1765
2025-08-26 15:00:00,23750,CE,120.35,123.12,121.84,122.13,1516,37681,0.1769
2025-08-26 15:00:00,23750,PE,121.64,121.36,119.99,121.35,1211,38886,0.1767
2025-08-26 15:00:00,23800,CE,122.62,124.51,122.17,122.23,1224,37733,0.1801
2025-08-26 15:00:00,23800,PE,151.87,151.17,149.63,150.19,1220,40884,0.1765
2025-08-26 15:00:00,23850,CE,114.73,115.59,113.4,114.78,326,41989,0.1736
2025-08-26 15:00:00,23850,PE,206.54,209.65,203.49,204.34,1145,47114,0.1742
2025-08-26 15:00:00,23900,CE,121.68,124.13,121.73,122.43,1042,49110,0.1783
2025-08-26 15:00:00,23900,PE,260.15,264.7,256.47,258.04,163,48992,0.1759
2025-08-26 15:00:00,23950,CE,119.85,120.16,118.01,119.15,261,47366,0.1759
2025-08-26 15:00:00,23950,PE,309.23,307.09,304.97,306.65,293,46632,0.1722
2025-08-26 15:00:00,24000,CE,118.17,121.05,117.35,118.64,582,49498,0.1734
2025-08-26 15:00:00,24000,PE,354.92,353.98,353.0,353.96,492,46347,0.1778
2025-08-26 15:00:00,24050,CE,114.51,118.03,114.25,115.99,431,54658,0.1729
2025-08-26 15:00:00,24050,PE,418.75,413.6,411.16,411.73,262,57252,0.1769
2025-08-26 15:00:00,24100,CE,104.67,107.14,105.4,106.31,686,63588,0.1739
2025-08-26 15:00:00,24100,PE,458.1,461.65,452.79,456.46,731,59319,0.1754
2025-08-26 15:00:00,24150,CE,108.49,109.85,107.31,108.62,60,70259,0.1774
2025-08-26 15:00:00,24150,PE,502.25,511.72,496.86,501.89,81,73769,0.1723
2025-08-26 15:00:00,24200,CE,119.25,119.47,118.82,119.41,90,84984,0.1746
2025-08-26 15:00:00,24200,PE,559.25,557.69,554.07,555.28,537,78420,0.1728
2025-08-26 15:00:00,24250,CE,122.02,125.14,123.36,123.75,143,82638,0.1752
2025-08-26 15:00:00,24250,PE,601.78,616.98,594.98,605.11,286,74791,0.177
2025-08-26 15:00:00,24300,CE,122.3,127.32,122.75,123.18,548,70974,0.178
2025-08-26 15:00:00,24300,PE,655.78,663.08,648.91,656.87,149,65481,0.1767
2025-08-26 15:00:00,24350,CE,113.45,113.54,111.49,113.07,479,61559,0.1757
2025-08-26 15:00:00,24350,PE,707.54,712.36,701.26,704.39,513,62349,0.1714
2025-08-26 15:00:00,24400,CE,112.63,112.29,111.37,111.65,277,54996,0.177
2025-08-26 15:00:00,24400,PE,756.43,773.78,752.21,759.27,336,58116,0.1744
2025-08-26 15:00:00,24450,CE,126.46,129.06,123.54,125.33,166,49546,0.175
2025-08-26 15:00:00,24450,PE,820.71,814.85,808.7,813.4,491,53801,0.1756
2025-08-26 15:00:00,24500,CE,117.39,119.27,116.78,117.19,217,44729,0.1758
2025-08-26 15:00:00,24500,PE,843.0,871.77,839.83,855.12,21,42609,0.1788
2025-08-26 15:00:00,24550,CE,118.98,122.0,119.48,119.94,210,48881,0.1787
2025-08-26 15:00:00,24550,PE,915.26,919.3,901.97,909.16,404,41733,0.1737
2025-08-26 15:00:00,24600,CE,110.64,114.3,110.49,111.42,74,42807,0.1736
2025-08-26 15:00:00,24600,PE,959.09,980.77,962.11,963.45,172,39298,0.1729
2025-08-26 15:00:00,24650,CE,117.3,116.42,115.2,116.35,142,42234,0.1735
2025-08-26 15:00:00,24650,PE,991.89,1019.62,995.44,1007.61,193,33230,0.1736
2025-08-26 15:00:00,24700,CE,116.34,118.08,116.47,116.54,34,35184,0.1752
2025-08-26 15:00:00,24700,PE,1051.87,1059.32,1044.11,1052.21,143,34772,0.1763
2025-08-26 15:00:00,24750,CE,108.72,109.37,108.72,108.85,254,30716,0.1695
2025-08-26 15:00:00,24750,PE,1101.98,1128.47,1104.63,1109.96,235,29058,0.172
2025-08-26 15:00:00,24800,CE,118.8,120.42,118.53,118.95,104,31042,0.1764
2025-08-26 15:00:00,24800,PE,1144.38,1164.87,1147.21,1155.03,144,27763,0.175
2025-08-26 15:00:00,24850,CE,119.94,123.09,119.47,120.81,133,30383,0.1725
2025-08-26 15:00:00,24850,PE,1204.57,1216.93,1187.79,1201.56,16,31801,0.1725
2025-08-26 15:00:00,24900,CE,122.74,123.45,119.48,122.79,219,27437,0.1778
2025-08-26 15:00:00,24900,PE,1270.44,1269.07,1262.64,1265.35,118,26583,0.1746
2025-08-26 15:05:00,23500,CE,411.82,414.34,409.14,412.53,389,26291,0.1769
2025-08-26 15:05:00,23500,PE,117.1,122.2,117.97,118.56,32,27145,0.1772
2025-08-26 15:05:00,23550,CE,360.78,364.78,359.55,359.64,691,27576,0.1749
2025-08-26 15:05:00,23550,PE,128.04,130.58,127.2,128.18,537,25605,0.1777
2025-08-26 15:05:00,23600,CE,308.11,315.44,307.47,309.71,1044,30674,0.1756
2025-08-26 15:05:00,23600,PE,126.89,128.64,127.42,128.56,753,31518,0.1779
2025-08-26 15:05:00,23650,CE,259.14,258.27,255.74,258.18,57,32001,0.1763
2025-08-26 15:05:00,23650,PE,119.26,122.65,119.32,119.82,860,30656,0.1748
2025-08-26 15:05:00,23700,CE,215.67,215.71,213.6,213.71,939,35973,0.1729
2025-08-26 15:05:00,23700,PE,121.92,123.13,121.33,122.33,310,36328,0.1747
2025-08-26 15:05:00,23750,CE,159.06,157.68,154.69,157.64,1117,37450,0.1764
2025-08-26 15:05:00,23750,PE,125.76,126.58,124.2,125.29,795,39315,0.1742
2025-08-26 15:05:00,23800,CE,124.3,125.81,123.58,124.69,318,37496,0.1752
2025-08-26 15:05:00,23800,PE,120.84,120.99,120.08,120.47,361,40649,0.1754
2025-08-26 15:05:00,23850,CE,118.94,119.02,116.68,117.47,326,42356,0.1755
2025-08-26 15:05:00,23850,PE,167.58,170.04,166.21,167.25,1484,47677,0.1759
2025-08-26 15:05:00,23900,CE,125.65,128.41,127.54,127.7,479,49628,0.1777
2025-08-26 15:05:00,23900,PE,221.89,222.5,219.01,221.17,125,48525,0.1761
2025-08-26 15:05:00,23950,CE,123.9,128.6,124.0,125.42,388,47112,0.1766
2025-08-26 15:05:00,23950,PE,266.31,271.04,264.34,265.56,1059,46943,0.173
2025-08-26 15:05:00,24000,CE,120.28,121.49,118.51,119.83,782,49865,0.1737
2025-08-26 15:05:00,24000,PE,325.33,326.8,320.43,321.39,753,46352,0.176
2025-08-26 15:05:00,24050,CE,109.14,110.32,109.06,109.7,69,54077,0.1729
2025-08-26 15:05:00,24050,PE,373.59,369.87,366.92,369.72,913,57254,0.1775
2025-08-26 15:05:00,24100,CE,110.64,110.3,109.6,110.05,816,63025,0.1751
2025-08-26 15:05:00,24100,PE,420.49,434.27,419.25,425.19,549,59056,0.1764
2025-08-26 15:05:00,24150,CE,110.81,114.08,110.18,110.89,295,70447,0.1755
2025-08-26 15:05:00,24150,PE,465.77,469.13,457.32,463.51,397,73330,0.1733
2025-08-26 15:05:00,24200,CE,117.75,117.21,117.15,117.15,730,85238,0.1752
2025-08-26 15:05:00,24200,PE,515.4,525.62,514.09,516.12,271,78565,0.1803
2025-08-26 15:05:00,24250,CE,107.25,109.55,107.63,107.75,112,82553,0.1755
2025-08-26 15:05:00,24250,PE,561.9,569.16,561.15,567.54,295,74637,0.1741
2025-08-26 15:05:00,24300,CE,119.05,119.45,117.9,118.39,313,71471,0.1762
2025-08-26 15:05:00,24300,PE,622.79,629.58,619.13,622.4,14,65544,0.1797
2025-08-26 15:05:00,24350,CE,127.97,129.49,128.38,128.61,564,62025,0.1755
2025-08-26 15:05:00,24350,PE,674.66,668.85,663.35,668.7,539,62243,0.1734
2025-08-26 15:05:00,24400,CE,115.2,116.93,114.18,114.86,324,55109,0.1732
2025-08-26 15:05:00,24400,PE,722.92,719.14,716.15,716.61,475,58661,0.1751
2025-08-26 15:05:00,24450,CE,123.13,124.31,123.77,124.28,143,49094,0.1767
2025-08-26 15:05:00,24450,PE,794.16,795.21,779.49,783.58,148,53516,0.175
2025-08-26 15:05:00,24500,CE,124.68,126.66,124.29,124.55,158,45229,0.1763
2025-08-26 15:05:00,24500,PE,828.92,830.36,820.26,824.93,116,42515,0.1775
2025-08-26 15:05:00,24550,CE,118.78,121.03,117.47,118.91,178,48607,0.1746
2025-08-26 15:05:00,24550,PE,862.59,889.94,864.3,871.12,101,42329,0.1736
2025-08-26 15:05:00,24600,CE,125.4,125.32,124.94,125.06,291,42329,0.1737
2025-08-26 15:05:00,24600,PE,921.19,916.6,911.29,914.98,304,39431,0.1733
2025-08-26 15:05:00,24650,CE,112.29,114.47,112.56,112.94,162,42579,0.1761
2025-08-26 15:05:00,24650,PE,964.31,972.75,955.08,964.49,355,33574,0.1747
2025-08-26 15:05:00,24700,CE,123.55,123.12,122.28,123.0,272,35114,0.1751
2025-08-26 15:05:00,24700,PE,1013.21,1032.33,1005.63,1018.28,92,34224,0.1776
2025-08-26 15:05:00,24750,CE,120.05,120.21,117.51,119.17,372,31125,0.1741
2025-08-26 15:05:00,24750,PE,1078.42,1090.37,1078.16,1078.19,86,29421,0.1743
2025-08-26 15:05:00,24800,CE,121.92,125.93,120.61,122.11,24,30726,0.1751
2025-08-26 15:05:00,24800,PE,1126.54,1138.15,1095.75,1120.02,63,27571,0.1742
2025-08-26 15:05:00,24850,CE,122.37,123.34,120.77,122.29,123,30398,0.1736
2025-08-26 15:05:00,24850,PE,1162.23,1174.12,1146.29,1167.66,175,31337,0.1754
2025-08-26 15:05:00,24900,CE,125.68,125.45,122.76,124.79,59,27821,0.1754
2025-08-26 15:05:00,24900,PE,1227.26,1237.84,1214.31,1218.57,200,27089,0.1727
2025-08-26 15:10:00,23500,CE,419.84,416.76,412.55,414.53,127,26060,0.1778
2025-08-26 15:10:00,23500,PE,121.88,122.73,120.26,121.15,151,27653,0.1772
2025-08-26 15:10:00,23550,CE,352.75,358.61,356.35,356.66,166,27937,0.1767
2025-08-26 15:10:00,23550,PE,121.18,122.74,121.36,121.5,198,25878,0.1726
2025-08-26 15:10:00,23600,CE,310.58,308.14,305.66,306.42,495,31236,0.1733
2025-08-26 15:10:00,23600,PE,114.21,117.1,114.62,115.03,90,31307,0.1731
2025-08-26 15:10:00,23650,CE,255.72,259.21,256.19,256.49,870,32499,0.1786
2025-08-26 15:10:00,23650,PE,116.91,117.79,116.98,117.66,654,30174,0.1764
2025-08-26 15:10:00,23700,CE,211.76,211.09,209.14,210.82,863,35946,0.1766
2025-08-26 15:10:00,23700,PE,105.15,105.42,104.69,105.2,1058,36390,0.174
2025-08-26 15:10:00,23750,CE,158.38,161.47,157.41,159.5,1415,36997,0.1767
2025-08-26 15:10:00,23750,PE,120.5,123.27,121.06,122.45,991,39599,0.1761
2025-08-26 15:10:00,23800,CE,116.94,118.58,114.36,116.28,721,37466,0.1783
2025-08-26 15:10:00,23800,PE,121.44,123.28,121.06,121.77,1215,40595,0.1739
2025-08-26 15:10:00,23850,CE,120.9,120.86,119.12,119.35,595,42453,0.1791
2025-08-26 15:10:00,23850,PE,176.67,177.61,174.77,177.48,1193,47238,0.1737
2025-08-26 15:10:00,23900,CE,122.06,125.61,123.4,123.85,1128,49268,0.1769
2025-08-26 15:10:00,23900,PE,225.46,230.77,225.62,227.41,144,48141,0.1768
2025-08-26 15:10:00,23950,CE,118.47,119.88,116.89,117.95,104,47654,0.1789
2025-08-26 15:10:00,23950,PE,280.21,280.34,276.22,278.24,346,47270,0.1794
2025-08-26 15:10:00,24000,CE,122.82,125.18,123.7,123.93,200,49900,0.1736
2025-08-26 15:10:00,24000,PE,323.96,328.95,320.67,324.53,445,46543,0.1721
2025-08-26 15:10:00,24050,CE,109.57,109.6,108.4,109.5,918,54256,0.1739
2025-08-26 15:10:00,24050,PE,379.19,387.92,380.22,381.86,656,56968,0.1733
2025-08-26 15:10:00,24100,CE,125.6,128.21,124.83,125.94,115,62528,0.1756
2025-08-26 15:10:00,24100,PE,425.82,425.43,421.4,423.74,265,59121,0.1746
2025-08-26 15:10:00,24150,CE,116.41,120.08,117.88,117.99,59,70162,0.177
2025-08-26 15:10:00,24150,PE,474.89,483.51,471.99,475.28,499,73778,0.1744
2025-08-26 15:10:00,24200,CE,104.81,106.78,104.25,104.28,719,84921,0.1707
2025-08-26 15:10:00,24200,PE,536.51,535.95,520.72,528.53,84,78652,0.1758
2025-08-26 15:10:00,24250,CE,117.86,118.97,117.38,117.71,636,82457,0.1752
2025-08-26 15:10:00,24250,PE,584.16,586.26,575.03,581.74,613,74928,0.1764
2025-08-26 15:10:00,24300,CE,119.07,121.54,119.38,120.34,571,72011,0.176
2025-08-26 15:10:00,24300,PE,627.29,626.89,623.98,625.38,77,65437,0.1754
2025-08-26 15:10:00,24350,CE,115.98,116.82,115.75,116.13,39,61478,0.1754
2025-08-26 15:10:00,24350,PE,678.54,685.78,677.84,685.59,288,62436,0.1727
2025-08-26 15:10:00,24400,CE,110.28,111.72,109.25,110.39,499,54664,0.1725
2025-08-26 15:10:00,24400,PE,722.98,733.73,720.7,730.19,27,58186,0.1761
2025-08-26 15:10:00,24450,CE,119.75,121.88,119.43,120.74,494,49287,0.1759
2025-08-26 15:10:00,24450,PE,777.96,789.17,770.37,776.74,260,53039,0.1754
2025-08-26 15:10:00,24500,CE,111.23,111.34,110.5,110.88,192,44783,0.1769
2025-08-26 15:10:00,24500,PE,822.33,823.25,813.69,819.64,23,42441,0.1743
2025-08-26 15:10:00,24550,CE,110.36,112.13,109.91,110.93,245,48549,0.1766
2025-08-26 15:10:00,24550,PE,868.34,887.73,871.95,876.26,420,42825,0.1779
2025-08-26 15:10:00,24600,CE,116.49,116.45,115.18,115.57,62,42060,0.1716
2025-08-26 15:10:00,24600,PE,920.13,927.33,912.5,921.39,233,39312,0.1721
2025-08-26 15:10:00,24650,CE,114.87,117.62,113.55,114.53,195,42828,0.1772
2025-08-26 15:10:00,24650,PE,991.89,989.47,971.62,973.99,84,33966,0.1736
2025-08-26 15:10:00,24700,CE,111.48,113.36,112.53,113.27,116,34932,0.1714
2025-08-26 15:10:00,24700,PE,1018.86,1033.5,1019.7,1025.2,98,34381,0.1764
2025-08-26 15:10:00,24750,CE,118.53,120.19,118.03,118.06,282,31274,0.1744
2025-08-26 15:10:00,24750,PE,1079.48,1087.81,1067.95,1079.39,202,29184,0.1703
2025-08-26 15:10:00,24800,CE,114.26,114.68,113.86,114.43,268,30268,0.1746
2025-08-26 15:10:00,24800,PE,1131.25,1142.38,1126.22,1127.3,125,27790,0.1746
2025-08-26 15:10:00,24850,CE,109.29,111.38,110.14,111.16,260,30119,0.1723
2025-08-26 15:10:00,24850,PE,1200.45,1207.81,1181.61,1189.35,131,31118,0.1779
2025-08-26 15:10:00,24900,CE,115.58,116.37,115.7,115.84,320,27907,0.1746
2025-08-26 15:10:00,24900,PE,1227.37,1242.41,1228.11,1232.05,47,26681,0.174
2025-08-26 15:15:00,23500,CE,377.7,382.26,372.46,375.67,78,25749,0.1763
2025-08-26 15:15:00,23500,PE,114.02,114.13,113.68,113.68,217,27588,0.1723
2025-08-26 15:15:00,23550,CE,330.96,336.16,328.3,332.67,765,28391,0.1727
2025-08-26 15:15:00,23550,PE,122.11,124.73,123.27,123.75,576,26204,0.1765
2025-08-26 15:15:00,23600,CE,263.27,268.43,265.8,266.07,749,31017,0.1738
2025-08-26 15:15:00,23600,PE,117.23,116.99,115.77,116.91,701,31069,0.1773
2025-08-26 15:15:00,23650,CE,224.39,230.99,227.38,227.98,409,33083,0.1749
2025-08-26 15:15:00,23650,PE,111.44,112.74,111.24,111.82,1167,30358,0.1742
2025-08-26 15:15:00,23700,CE,179.42,184.79,180.25,181.52,880,36168,0.1728
2025-08-26 15:15:00,23700,PE,127.49,127.12,125.08,125.67,1110,35856,0.171
2025-08-26 15:15:00,23750,CE,135.28,135.19,132.88,135.12,634,36522,0.1749
2025-08-26 15:15:00,23750,PE,116.48,117.09,114.84,115.66,923,39352,0.1734
2025-08-26 15:15:00,23800,CE,118.37,120.14,115.72,117.26,541,37876,0.1766
2025-08-26 15:15:00,23800,PE,149.73,151.61,149.95,150.01,344,41087,0.1732
2025-08-26 15:15:00,23850,CE,120.1,119.81,117.85,119.02,589,42082,0.1772
2025-08-26 15:15:00,23850,PE,206.07,207.81,204.99,205.77,215,47495,0.1748
2025-08-26 15:15:00,23900,CE,121.04,122.45,119.97,121.53,1088,49716,0.1752
2025-08-26 15:15:00,23900,PE,259.52,264.15,258.05,259.99,221,48595,0.1774
2025-08-26 15:15:00,23950,CE,120.98,122.9,120.91,121.39,256,47604,0.1773
2025-08-26 15:15:00,23950,PE,305.43,305.31,302.16,303.82,23,46980,0.1765
2025-08-26 15:15:00,24000,CE,127.24,127.7,126.21,126.59,321,50447,0.1766
2025-08-26 15:15:00,24000,PE,354.49,358.0,351.28,355.01,281,46274,0.1741
2025-08-26 15:15:00,24050,CE,116.38,117.19,113.58,115.71,252,53959,0.1771
2025-08-26 15:15:00,24050,PE,399.92,401.62,392.54,400.16,484,56614,0.1752
2025-08-26 15:15:00,24100,CE,111.61,114.6,111.49,112.51,245,62567,0.1739
2025-08-26 15:15:00,24100,PE,450.26,459.72,456.94,457.23,617,58649,0.1738
2025-08-26 15:15:00,24150,CE,117.37,119.8,117.73,118.45,269,70246,0.1734
2025-08-26 15:15:00,24150,PE,519.66,526.25,514.62,516.45,690,74310,0.178
2025-08-26 15:15:00,24200,CE,110.98,111.81,110.8,111.64,611,84926,0.1745
2025-08-26 15:15:00,24200,PE,555.74,562.98,556.54,558.25,78,79210,0.1752
2025-08-26 15:15:00,24250,CE,111.04,112.57,111.5,111.68,410,82943,0.1753
2025-08-26 15:15:00,24250,PE,609.86,618.57,605.52,607.21,602,75278,0.1758
2025-08-26 15:15:00,24300,CE,128.15,133.64,129.19,130.18,263,72140,0.1747
2025-08-26 15:15:00,24300,PE,652.99,660.62,646.13,650.94,427,65893,0.179
2025-08-26 15:15:00,24350,CE,115.02,115.09,114.22,115.05,138,61543,0.1735
2025-08-26 15:15:00,24350,PE,700.82,723.13,703.9,704.19,348,62084,0.1744
2025-08-26 15:15:00,24400,CE,119.27,118.54,116.8,117.93,224,55174,0.1733
2025-08-26 15:15:00,24400,PE,756.45,769.0,750.24,754.62,17,58188,0.176
2025-08-26 15:15:00,24450,CE,119.49,123.09,118.86,119.18,318,49776,0.1772
2025-08-26 15:15:00,24450,PE,806.61,810.68,807.57,808.36,152,52910,0.1775
2025-08-26 15:15:00,24500,CE,116.36,117.05,115.76,117.0,47,44585,0.1713
2025-08-26 15:15:00,24500,PE,860.98,869.48,847.36,859.23,491,42760,0.1733
2025-08-26 15:15:00,24550,CE,120.6,122.49,120.27,120.54,205,48710,0.1767
2025-08-26 15:15:00,24550,PE,910.9,911.43,898.63,902.58,453,42752,0.1774
2025-08-26 15:15:00,24600,CE,119.86,121.75,119.87,119.93,137,42514,0.1749
2025-08-26 15:15:00,24600,PE,956.95,958.71,951.21,951.94,382,39331,0.1748
2025-08-26 15:15:00,24650,CE,116.63,117.95,115.71,116.47,11,42243,0.1756
2025-08-26 15:15:00,24650,PE,1010.35,1001.9,987.66,1000.47,56,34197,0.1744
2025-08-26 15:15:00,24700,CE,118.38,117.89,115.12,116.58,77,34407,0.174
2025-08-26 15:15:00,24700,PE,1053.7,1062.22,1047.04,1054.22,282,34358,0.176
2025-08-26 15:15:00,24750,CE,105.35,106.0,103.9,104.91,212,30904,0.1734
2025-08-26 15:15:00,24750,PE,1110.04,1134.61,1104.59,1110.81,90,28874,0.1779
2025-08-26 15:15:00,24800,CE,114.01,113.66,112.7,113.66,246,30843,0.1767
2025-08-26 15:15:00,24800,PE,1160.11,1163.03,1134.03,1150.06,348,27326,0.1743
2025-08-26 15:15:00,24850,CE,115.17,118.3,115.67,116.1,250,30428,0.1748
2025-08-26 15:15:00,24850,PE,1208.44,1225.02,1183.9,1195.43,20,31282,0.1708
2025-08-26 15:15:00,24900,CE,117.77,118.58,117.61,118.14,160,27541,0.1754
2025-08-26 15:15:00,24900,PE,1249.54,1260.08,1245.49,1256.97,280,27203,0.1735
2025-08-26 15:20:00,23500,CE,305.35,313.78,299.61,306.49,662,25390,0.1796
2025-08-26 15:20:00,23500,PE,117.29,118.14,115.97,117.29,480,27606,0.1784
2025-08-26 15:20:00,23550,CE,242.62,248.37,240.93,241.26,1112,28739,0.1727
2025-08-26 15:20:00,23550,PE,123.01,128.1,124.65,124.84,831,26520,0.1787
2025-08-26 15:20:00,23600,CE,192.75,195.93,189.44,192.29,980,30800,0.1791
2025-08-26 15:20:00,23600,PE,116.95,118.73,117.65,118.02,207,31476,0.1736
2025-08-26 15:20:00,23650,CE,136.5,138.78,134.41,136.06,915,33637,0.1737
2025-08-26 15:20:00,23650,PE,108.17,109.96,107.68,108.16,1119,30326,0.1747
2025-08-26 15:20:00,23700,CE,121.0,121.6,121.19,121.5,1090,36350,0.1749
2025-08-26 15:20:00,23700,PE,137.8,137.02,135.88,136.08,1640,35693,0.1746
2025-08-26 15:20:00,23750,CE,118.87,120.36,118.11,119.22,559,36346,0.1729
2025-08-26 15:20:00,23750,PE,190.59,191.05,187.43,189.03,175,39315,0.1744
2025-08-26 15:20:00,23800,CE,119.0,121.75,118.42,118.69,569,37512,0.1739
2025-08-26 15:20:00,23800,PE,231.42,237.04,235.85,236.68,1024,41314,0.1765
2025-08-26 15:20:00,23850,CE,114.67,116.28,114.69,114.97,282,41680,0.175
2025-08-26 15:20:00,23850,PE,279.49,281.33,279.62,280.17,694,46901,0.1745
2025-08-26 15:20:00,23900,CE,115.39,116.31,114.15,115.55,165,49643,0.1747
2025-08-26 15:20:00,23900,PE,338.02,339.69,333.83,336.92,992,48086,0.1729
2025-08-26 15:20:00,23950,CE,116.98,117.63,116.51,117.01,488,47678,0.1732
2025-08-26 15:20:00,23950,PE,380.3,389.22,381.41,385.72,240,47004,0.1764
2025-08-26 15:20:00,24000,CE,110.89,114.69,111.44,112.8,534,50011,0.1746
2025-08-26 15:20:00,24000,PE,454.11,450.92,438.71,446.79,796,45969,0.1786
2025-08-26 15:20:00,24050,CE,118.35,119.01,117.96,119.0,291,53388,0.1784
2025-08-26 15:20:00,24050,PE,479.85,483.69,479.48,480.43,462,56726,0.1749
2025-08-26 15:20:00,24100,CE,127.46,128.89,127.6,128.43,93,62318,0.1761
2025-08-26 15:20:00,24100,PE,539.29,540.1,532.26,535.89,551,58904,0.1778
2025-08-26 15:20:00,24150,CE,116.58,117.69,116.33,117.52,212,70401,0.1732
2025-08-26 15:20:00,24150,PE,588.61,602.01,596.12,598.53,501,74158,0.1764
2025-08-26 15:20:00,24200,CE,121.84,122.3,120.8,121.15,118,84352,0.1769
2025-08-26 15:20:00,24200,PE,647.32,651.64,634.57,646.6,597,78994,0.1738
2025-08-26 15:20:00,24250,CE,113.43,113.46,111.91,113.11,476,82732,0.1722
2025-08-26 15:20:00,24250,PE,677.65,688.52,673.38,680.31,421,75077,0.1732
2025-08-26 15:20:00,24300,CE,110.19,111.49,109.01,110.22,341,72684,0.1742
2025-08-26 15:20:00,24300,PE,736.58,747.39,739.64,743.68,421,65490,0.1778
2025-08-26 15:20:00,24350,CE,123.81,124.3,123.52,124.3,279,61267,0.1765
2025-08-26 15:20:00,24350,PE,790.5,793.92,787.06,789.47,122,62482,0.1773
2025-08-26 15:20:00,24400,CE,118.97,121.58,117.36,119.42,491,55684,0.1748
2025-08-26 15:20:00,24400,PE,846.01,847.07,835.93,841.93,421,58149,0.1738
2025-08-26 15:20:00,24450,CE,109.29,109.4,108.24,109.29,254,49824,0.1704
2025-08-26 15:20:00,24450,PE,890.24,895.08,880.97,887.84,352,52373,0.1754
2025-08-26 15:20:00,24500,CE,116.72,117.13,115.99,116.39,377,44954,0.1722
2025-08-26 15:20:00,24500,PE,940.83,949.53,936.04,938.87,452,42873,0.1739
2025-08-26 15:20:00,24550,CE,114.63,117.49,114.62,115.61,202,48684,0.1746
2025-08-26 15:20:00,24550,PE,984.72,984.13,981.47,982.06,272,42515,0.1757
2025-08-26 15:20:00,24600,CE,113.82,114.48,113.62,113.71,325,42446,0.1732
2025-08-26 15:20:00,24600,PE,1028.53,1049.28,1041.64,1042.09,122,39613,0.1762
2025-08-26 15:20:00,24650,CE,116.01,120.89,116.93,117.65,139,41739,0.1761
2025-08-26 15:20:00,24650,PE,1091.38,1093.19,1085.31,1085.32,212,34205,0.1717
2025-08-26 15:20:00,24700,CE,116.36,117.65,116.16,117.31,116,33848,0.1759
2025-08-26 15:20:00,24700,PE,1149.48,1159.5,1140.64,1141.03,186,34684,0.1776
2025-08-26 15:20:00,24750,CE,117.03,118.27,115.48,116.39,298,30557,0.1756
2025-08-26 15:20:00,24750,PE,1206.75,1188.16,1184.71,1185.9,162,29358,0.174
2025-08-26 15:20:00,24800,CE,114.29,115.08,113.25,113.99,126,30814,0.1719
2025-08-26 15:20:00,24800,PE,1212.82,1234.82,1218.92,1228.91,244,27274,0.1756
2025-08-26 15:20:00,24850,CE,124.46,126.03,125.0,125.5,291,30260,0.1769
2025-08-26 15:20:00,24850,PE,1291.14,1285.01,1268.2,1283.81,172,31301,0.1734
2025-08-26 15:20:00,24900,CE,117.96,117.37,115.73,117.15,249,27346,0.1758
2025-08-26 15:20:00,24900,PE,1354.19,1346.56,1333.53,1343.52,95,27034,0.1769
2025-08-26 15:25:00,23500,CE,299.69,309.9,301.65,304.56,258,25024,0.1766
2025-08-26 15:25:00,23500,PE,110.05,113.01,109.4,109.76,866,27420,0.1738
2025-08-26 15:25:00,23550,CE,267.55,275.75,267.71,268.97,331,29113,0.1745
2025-08-26 15:25:00,23550,PE,118.98,120.26,119.5,119.65,932,26214,0.1791
2025-08-26 15:25:00,23600,CE,215.99,223.22,214.96,218.1,422,31185,0.1769
2025-08-26 15:25:00,23600,PE,121.42,124.12,121.5,122.91,386,31909,0.1742
2025-08-26 15:25:00,23650,CE,163.87,166.99,163.85,164.43,961,33836,0.1762
2025-08-26 15:25:00,23650,PE,122.64,121.7,121.16,121.22,834,29762,0.1769
2025-08-26 15:25:00,23700,CE,112.11,114.41,113.33,113.79,1471,36423,0.174
2025-08-26 15:25:00,23700,PE,115.58,119.03,116.98,117.11,331,36092,0.1743
2025-08-26 15:25:00,23750,CE,122.33,124.1,121.8,122.52,460,36184,0.1777
2025-08-26 15:25:00,23750,PE,178.43,180.04,177.07,179.73,973,39054,0.1768
2025-08-26 15:25:00,23800,CE,114.85,117.27,115.97,116.06,29,37297,0.1747
2025-08-26 15:25:00,23800,PE,216.4,220.29,214.72,218.42,903,41221,0.1743
2025-08-26 15:25:00,23850,CE,111.31,112.64,110.9,112.44,831,41164,0.1748
2025-08-26 15:25:00,23850,PE,270.22,270.37,267.77,268.03,312,46586,0.1726
2025-08-26 15:25:00,23900,CE,111.92,114.18,112.1,113.56,82,49819,0.1767
2025-08-26 15:25:00,23900,PE,309.66,311.64,308.59,308.99,232,48052,0.1717
2025-08-26 15:25:00,23950,CE,119.27,121.64,118.38,118.87,932,47374,0.175
2025-08-26 15:25:00,23950,PE,365.25,371.67,369.23,371.17,195,47521,0.1772
2025-08-26 15:25:00,24000,CE,113.81,114.34,113.19,113.69,316,49765,0.1757
2025-08-26 15:25:00,24000,PE,431.56,430.55,423.18,424.48,622,45524,0.1772
2025-08-26 15:25:00,24050,CE,118.05,120.42,119.14,119.65,307,53027,0.1783
2025-08-26 15:25:00,24050,PE,472.08,473.4,460.97,468.58,707,56481,0.1747
2025-08-26 15:25:00,24100,CE,120.04,121.5,118.62,120.19,421,62345,0.179
2025-08-26 15:25:00,24100,PE,515.85,522.18,513.16,517.53,367,58383,0.1725
2025-08-26 15:25:00,24150,CE,110.63,111.07,109.8,110.08,187,70826,0.1738
2025-08-26 15:25:00,24150,PE,564.57,562.52,554.58,558.17,379,74610,0.1721
2025-08-26 15:25:00,24200,CE,115.32,117.41,116.04,116.54,362,84134,0.1736
2025-08-26 15:25:00,24200,PE,627.28,625.11,614.7,622.47,227,79324,0.1779
2025-08-26 15:25:00,24250,CE,112.73,114.86,111.2,112.21,150,82851,0.1753
2025-08-26 15:25:00,24250,PE,672.07,694.64,675.76,678.09,563,75491,0.1744
2025-08-26 15:25:00,24300,CE,120.54,120.93,117.91,119.69,225,72416,0.176
2025-08-26 15:25:00,24300,PE,717.8,727.86,708.73,718.39,356,65622,0.1745
2025-08-26 15:25:00,24350,CE,109.77,111.66,110.36,110.4,390,60754,0.1736
2025-08-26 15:25:00,24350,PE,770.81,776.67,773.08,773.72,293,61893,0.177
2025-08-26 15:25:00,24400,CE,109.58,112.03,109.76,110.05,505,56133,0.1735
2025-08-26 15:25:00,24400,PE,813.11,818.67,815.9,817.53,379,57902,0.1752
2025-08-26 15:25:00,24450,CE,121.95,123.52,121.66,122.62,363,49758,0.1788
2025-08-26 15:25:00,24450,PE,857.69,880.78,870.19,873.75,317,52051,0.1767
2025-08-26 15:25:00,24500,CE,116.93,117.5,115.02,116.57,223,45406,0.1772
2025-08-26 15:25:00,24500,PE,918.12,929.75,904.35,921.7,93,42734,0.1778
2025-08-26 15:25:00,24550,CE,111.05,111.48,109.16,110.48,134,48298,0.1759
2025-08-26 15:25:00,24550,PE,969.7,991.58,968.58,975.02,180,42644,0.1739
2025-08-26 15:25:00,24600,CE,116.92,119.43,116.73,116.79,29,42092,0.1739
2025-08-26 15:25:00,24600,PE,1017.05,1028.95,1009.75,1017.63,347,39325,0.173
2025-08-26 15:25:00,24650,CE,117.47,117.48,112.77,116.7,140,41946,0.1758
2025-08-26 15:25:00,24650,PE,1081.19,1096.22,1067.16,1070.76,304,34756,0.1746
2025-08-26 15:25:00,24700,CE,122.5,122.28,121.57,122.27,67,34153,0.1723
2025-08-26 15:25:00,24700,PE,1135.7,1133.78,1119.57,1123.34,284,34232,0.175
2025-08-26 15:25:00,24750,CE,115.39,113.92,112.23,113.83,329,30332,0.1727
2025-08-26 15:25:00,24750,PE,1172.34,1173.87,1161.2,1163.1,162,29713,0.1732
2025-08-26 15:25:00,24800,CE,117.35,118.88,117.47,117.82,192,30544,0.174
2025-08-26 15:25:00,24800,PE,1209.05,1225.77,1217.72,1219.62,120,27562,0.1778
2025-08-26 15:25:00,24850,CE,118.93,122.37,118.25,118.58,68,30226,0.1735
2025-08-26 15:25:00,24850,PE,1272.75,1288.64,1267.59,1279.42,262,31762,0.1725
2025-08-26 15:25:00,24900,CE,114.77,114.85,112.73,113.59,279,27176,0.1746
2025-08-26 15:25:00,24900,PE,1300.3,1353.49,1302.44,1323.04,71,27555,0.171
