timestamp,strike,side,open,high,low,close,volume,oi,iv
2025-08-22 09:00:00,23500,CE,1137.09,1166.87,1155.12,1165.23,0,20691,0.1607
2025-08-22 09:00:00,23500,PE,458.58,452.23,449.47,450.07,0,20827,0.1557
2025-08-22 09:00:00,23550,CE,1061.96,1066.18,1044.85,1055.88,0,20370,0.1597
2025-08-22 09:00:00,23550,PE,424.69,423.44,419.76,422.92,0,22376,0.1621
2025-08-22 09:00:00,23600,CE,1050.05,1059.1,1041.92,1050.2,0,21309,0.1628
2025-08-22 09:00:00,23600,PE,482.74,484.21,477.13,477.51,0,23885,0.1587
2025-08-22 09:00:00,23650,CE,1004.5,996.26,988.72,994.82,0,23402,0.1558
2025-08-22 09:00:00,23650,PE,470.78,471.91,463.98,470.1,0,23342,0.1632
2025-08-22 09:00:00,23700,CE,945.94,951.83,940.74,945.72,0,24552,0.1594
2025-08-22 09:00:00,23700,PE,458.31,464.06,459.04,459.5,0,24690,0.1572
2025-08-22 09:00:00,23750,CE,911.23,918.66,903.04,912.64,0,27103,0.161
2025-08-22 09:00:00,23750,PE,449.83,457.1,450.91,450.95,0,26428,0.1629
2025-08-22 09:00:00,23800,CE,837.81,843.88,827.71,834.12,0,26568,0.16
2025-08-22 09:00:00,23800,PE,459.14,465.27,461.08,461.85,0,28326,0.1618
2025-08-22 09:00:00,23850,CE,793.67,795.26,783.0,787.47,0,28959,0.1592
2025-08-22 09:00:00,23850,PE,462.94,466.98,455.44,458.23,0,28324,0.1617
2025-08-22 09:00:00,23900,CE,757.71,755.91,746.69,753.72,0,33335,0.1614
2025-08-22 09:00:00,23900,PE,437.22,446.56,440.83,441.26,0,31226,0.1601
2025-08-22 09:00:00,23950,CE,667.45,672.47,668.13,669.8,0,34755,0.161
2025-08-22 09:00:00,23950,PE,392.11,397.08,391.73,394.81,0,33062,0.159
2025-08-22 09:00:00,24000,CE,634.57,642.52,634.65,639.23,0,36519,0.1657
2025-08-22 09:00:00,24000,PE,463.31,467.15,457.38,459.95,0,36705,0.1568
2025-08-22 09:00:00,24050,CE,581.22,589.84,579.41,584.68,0,38976,0.1574
2025-08-22 09:00:00,24050,PE,445.3,454.61,439.32,448.33,0,42334,0.1595
2025-08-22 09:00:00,24100,CE,559.72,569.41,561.16,563.51,0,43600,0.1613
2025-08-22 09:00:00,24100,PE,460.58,466.07,461.0,462.71,0,44684,0.1596
2025-08-22 09:00:00,24150,CE,503.25,502.51,491.89,500.13,0,49369,0.1597
2025-08-22 09:00:00,24150,PE,465.4,464.85,460.31,461.17,0,48824,0.1634
2025-08-22 09:00:00,24200,CE,471.42,473.7,468.11,470.97,0,55342,0.1619
2025-08-22 09:00:00,24200,PE,428.94,436.91,433.93,435.08,0,55263,0.1574
2025-08-22 09:00:00,24250,CE,416.64,415.89,409.32,413.68,0,47427,0.1603
2025-08-22 09:00:00,24250,PE,504.55,507.69,495.36,503.08,0,49783,0.1575
2025-08-22 09:00:00,24300,CE,447.92,449.73,441.34,444.8,0,42810,0.1613
2025-08-22 09:00:00,24300,PE,522.94,522.8,521.75,521.96,0,44093,0.158
2025-08-22 09:00:00,24350,CE,467.74,470.52,466.26,470.47,0,39899,0.161
2025-08-22 09:00:00,24350,PE,591.95,595.56,590.3,591.6,0,40231,0.1581
2025-08-22 09:00:00,24400,CE,446.43,459.55,448.21,448.88,0,35449,0.1579
2025-08-22 09:00:00,24400,PE,628.81,635.45,630.37,634.24,0,37967,0.1598
2025-08-22 09:00:00,24450,CE,431.57,435.91,425.14,430.09,0,34049,0.1574
2025-08-22 09:00:00,24450,PE,686.55,680.18,675.03,677.59,0,32618,0.1611
2025-08-22 09:00:00,24500,CE,425.57,420.88,417.29,419.84,0,29990,0.1577
2025-08-22 09:00:00,24500,PE,733.62,747.23,743.64,744.49,0,32136,0.1602
2025-08-22 09:00:00,24550,CE,440.51,441.72,434.58,438.12,0,30556,0.1592
2025-08-22 09:00:00,24550,PE,805.35,815.58,788.89,802.5,0,30080,0.1602
2025-08-22 09:00:00,24600,CE,448.12,450.62,439.26,444.94,0,28942,0.159
2025-08-22 09:00:00,24600,PE,882.39,906.02,871.17,883.48,0,29088,0.1607
2025-08-22 09:00:00,24650,CE,463.17,473.81,460.87,465.18,0,27929,0.1596
2025-08-22 09:00:00,24650,PE,888.09,885.96,870.29,873.73,0,28372,0.1618
2025-08-22 09:00:00,24700,CE,439.61,441.2,432.25,438.04,0,26538,0.1557
2025-08-22 09:00:00,24700,PE,905.23,929.75,909.84,913.46,0,26182,0.1553
2025-08-22 09:00:00,24750,CE,455.72,469.33,446.0,454.59,0,23429,0.16
2025-08-22 09:00:00,24750,PE,1017.67,1044.84,997.91,1012.6,0,23721,0.1631
2025-08-22 09:00:00,24800,CE,450.64,449.5,443.5,446.69,0,23004,0.1604
2025-08-22 09:00:00,24800,PE,1028.04,1045.09,1029.73,1033.01,0,21217,0.1604
2025-08-22 09:00:00,24850,CE,440.4,446.27,434.93,442.99,0,22194,0.1577
2025-08-22 09:00:00,24850,PE,1119.04,1124.37,1108.53,1111.84,0,21837,0.158
2025-08-22 09:00:00,24900,CE,481.45,474.55,465.6,473.63,0,20602,0.159
2025-08-22 09:00:00,24900,PE,1157.15,1164.41,1147.51,1156.01,0,21859,0.1598
2025-08-22 09:05:00,23500,CE,1166.36,1185.33,1149.13,1164.35,0,21270,0.1622
2025-08-22 09:05:00,23500,PE,439.64,436.08,431.27,433.65,0,22251,0.1619
2025-08-22 09:05:00,23550,CE,1114.57,1108.26,1098.92,1100.31,0,23390,0.1591
2025-08-22 09:05:00,23550,PE,433.97,436.54,433.48,435.51,0,22785,0.1597
2025-08-22 09:05:00,23600,CE,1028.4,1052.5,1035.86,1036.51,0,21731,0.1587
2025-08-22 09:05:00,23600,PE,442.41,451.39,447.35,449.01,0,21295,0.162
2025-08-22 09:05:00,23650,CE,1032.01,1037.9,1006.53,1027.54,0,22903,0.1592
2025-08-22 09:05:00,23650,PE,455.56,461.83,451.11,455.63,0,24556,0.1608
2025-08-22 09:05:00,23700,CE,914.09,930.04,919.76,920.3,0,26456,0.1588
2025-08-22 09:05:00,23700,PE,437.89,449.3,443.45,443.64,0,26519,0.1585
2025-08-22 09:05:00,23750,CE,870.54,876.73,866.75,874.45,0,27177,0.1586
2025-08-22 09:05:00,23750,PE,478.75,480.52,471.23,476.8,0,27166,0.1642
2025-08-22 09:05:00,23800,CE,809.98,845.69,815.43,816.91,0,29868,0.1568
2025-08-22 09:05:00,23800,PE,438.18,442.64,439.03,439.17,0,28804,0.1585
2025-08-22 09:05:00,23850,CE,769.8,770.51,753.06,768.1,0,28454,0.1588
2025-08-22 09:05:00,23850,PE,449.5,451.59,450.03,450.11,0,29891,0.1641
2025-08-22 09:05:00,23900,CE,711.74,718.8,703.88,714.58,0,31410,0.1619
2025-08-22 09:05:00,23900,PE,463.62,464.38,462.62,463.94,0,32523,0.1614
2025-08-22 09:05:00,23950,CE,696.05,699.46,685.3,693.9,0,34918,0.1553
2025-08-22 09:05:00,23950,PE,467.36,468.87,463.67,467.28,0,33552,0.1602
2025-08-22 09:05:00,24000,CE,657.87,668.69,655.09,657.32,0,36360,0.1602
2025-08-22 09:05:00,24000,PE,447.55,462.87,440.28,448.02,0,35517,0.1589
2025-08-22 09:05:00,24050,CE,572.25,582.42,578.04,579.62,0,39614,0.1611
2025-08-22 09:05:00,24050,PE,475.36,485.83,474.11,475.99,0,41751,0.1583
2025-08-22 09:05:00,24100,CE,543.06,540.57,539.82,539.99,0,44974,0.1594
2025-08-22 09:05:00,24100,PE,460.53,461.52,453.63,460.1,0,46126,0.1611
2025-08-22 09:05:00,24150,CE,468.65,482.45,467.96,474.33,0,50812,0.1616
2025-08-22 09:05:00,24150,PE,439.73,445.09,435.77,436.96,0,50534,0.1592
2025-08-22 09:05:00,24200,CE,488.25,488.07,481.9,483.39,0,53718,0.1595
2025-08-22 09:05:00,24200,PE,456.93,462.5,449.08,450.64,0,54335,0.1623
2025-08-22 09:05:00,24250,CE,452.75,449.84,447.76,448.05,0,47336,0.1578
2025-08-22 09:05:00,24250,PE,534.74,541.93,534.51,535.14,0,47481,0.1598
2025-08-22 09:05:00,24300,CE,430.06,432.79,424.01,426.92,0,43278,0.16
2025-08-22 09:05:00,24300,PE,553.24,555.91,550.49,554.64,0,43474,0.1566
2025-08-22 09:05:00,24350,CE,458.66,464.67,461.3,462.88,0,38502,0.161
2025-08-22 09:05:00,24350,PE,602.5,607.51,589.94,591.96,0,41812,0.1604
2025-08-22 09:05:00,24400,CE,449.0,445.99,439.26,444.29,0,37270,0.1589
2025-08-22 09:05:00,24400,PE,658.12,672.44,657.83,658.61,0,37785,0.1594
2025-08-22 09:05:00,24450,CE,428.91,434.79,418.94,424.69,0,34989,0.1595
2025-08-22 09:05:00,24450,PE,713.73,711.2,698.76,708.82,0,36241,0.1585
2025-08-22 09:05:00,24500,CE,453.73,457.45,451.84,452.02,0,30565,0.1574
2025-08-22 09:05:00,24500,PE,795.91,794.53,784.46,790.01,0,31346,0.1563
2025-08-22 09:05:00,24550,CE,448.77,453.68,445.89,447.37,0,29124,0.1589
2025-08-22 09:05:00,24550,PE,791.92,790.69,774.16,786.15,0,30096,0.1601
2025-08-22 09:05:00,24600,CE,470.89,480.92,468.5,471.74,0,28165,0.1622
2025-08-22 09:05:00,24600,PE,861.15,854.24,842.43,849.41,0,29221,0.1593
2025-08-22 09:05:00,24650,CE,473.09,474.07,470.18,471.04,0,26684,0.1574
2025-08-22 09:05:00,24650,PE,858.48,861.2,856.05,857.2,0,25377,0.1621
2025-08-22 09:05:00,24700,CE,437.37,447.16,435.08,440.57,0,25257,0.1609
2025-08-22 09:05:00,24700,PE,956.09,970.3,955.31,959.28,0,26855,0.1604
2025-08-22 09:05:00,24750,CE,481.53,478.74,466.31,474.1,0,24021,0.1623
2025-08-22 09:05:00,24750,PE,997.41,1004.59,997.3,998.78,0,24075,0.1588
2025-08-22 09:05:00,24800,CE,454.46,463.55,453.46,458.49,0,21243,0.1593
2025-08-22 09:05:00,24800,PE,1051.64,1079.89,1056.75,1058.29,0,20571,0.1579
2025-08-22 09:05:00,24850,CE,434.75,435.92,432.76,433.89,0,20322,0.16
2025-08-22 09:05:00,24850,PE,1143.35,1123.21,1109.04,1120.23,0,19584,0.1609
2025-08-22 09:05:00,24900,CE,447.25,451.72,448.87,450.3,0,20331,0.1587
2025-08-22 09:05:00,24900,PE,1170.58,1212.03,1180.84,1181.18,0,22050,0.1598
2025-08-22 09:10:00,23500,CE,1166.57,1176.8,1174.21,1174.85,0,20308,0.1618
2025-08-22 09:10:00,23500,PE,419.32,431.81,430.44,430.61,0,21103,0.1551
2025-08-22 09:10:00,23550,CE,1052.78,1063.81,1057.06,1062.66,0,22906,0.1563
2025-08-22 09:10:00,23550,PE,434.99,448.01,434.97,436.48,0,22536,0.1592
2025-08-22 09:10:00,23600,CE,1006.85,1018.48,1007.57,1009.99,0,23142,0.1581
2025-08-22 09:10:00,23600,PE,426.97,430.68,414.09,420.99,0,23676,0.1601
2025-08-22 09:10:00,23650,CE,998.69,999.95,988.21,991.3,0,22828,0.1597
2025-08-22 09:10:00,23650,PE,466.31,469.0,462.01,462.74,0,23387,0.1603
2025-08-22 09:10:00,23700,CE,969.07,979.76,963.11,975.1,0,24594,0.1607
2025-08-22 09:10:00,23700,PE,413.19,414.92,412.16,413.14,0,26193,0.1557
2025-08-22 09:10:00,23750,CE,887.3,900.45,870.05,880.71,0,26077,0.1612
2025-08-22 09:10:00,23750,PE,430.27,430.85,424.12,426.97,0,28192,0.1622
2025-08-22 09:10:00,23800,CE,856.48,865.3,851.53,860.77,0,26807,0.1613
2025-08-22 09:10:00,23800,PE,437.16,441.1,429.64,440.23,0,26749,0.1604
2025-08-22 09:10:00,23850,CE,785.78,791.3,779.48,787.88,0,30755,0.1587
2025-08-22 09:10:00,23850,PE,446.59,456.27,443.72,448.7,0,30947,0.1618
2025-08-22 09:10:00,23900,CE,730.3,737.31,726.61,727.34,0,32692,0.1607
2025-08-22 09:10:00,23900,PE,460.46,454.99,453.55,453.95,0,31207,0.1628
2025-08-22 09:10:00,23950,CE,718.37,719.6,710.01,712.25,0,32411,0.1622
2025-08-22 09:10:00,23950,PE,447.51,447.55,446.32,446.97,0,33660,0.1612
2025-08-22 09:10:00,24000,CE,650.23,655.16,647.42,650.85,0,37028,0.1585
2025-08-22 09:10:00,24000,PE,477.76,475.43,466.37,471.08,0,36813,0.16
2025-08-22 09:10:00,24050,CE,611.28,612.87,605.54,606.94,0,42129,0.1583
2025-08-22 09:10:00,24050,PE,462.57,468.43,459.95,459.96,0,41895,0.1596
2025-08-22 09:10:00,24100,CE,536.0,538.24,532.53,537.67,0,45454,0.1615
2025-08-22 09:10:00,24100,PE,465.52,473.46,467.02,467.96,0,42442,0.1601
2025-08-22 09:10:00,24150,CE,542.62,551.71,535.97,541.86,0,47616,0.1591
2025-08-22 09:10:00,24150,PE,466.08,468.65,460.51,466.9,0,48842,0.1608
2025-08-22 09:10:00,24200,CE,439.99,446.82,443.69,444.19,0,55486,0.1558
2025-08-22 09:10:00,24200,PE,413.53,414.15,402.07,413.87,0,55720,0.1577
2025-08-22 09:10:00,24250,CE,446.5,455.43,444.21,448.72,0,48292,0.1585
2025-08-22 09:10:00,24250,PE,515.14,509.24,504.76,508.19,0,47548,0.1611
2025-08-22 09:10:00,24300,CE,435.95,443.54,426.14,432.94,0,43666,0.1608
2025-08-22 09:10:00,24300,PE,560.52,560.69,555.44,557.39,0,45523,0.1578
2025-08-22 09:10:00,24350,CE,460.18,461.1,454.29,457.18,0,42387,0.1577
2025-08-22 09:10:00,24350,PE,612.12,617.49,606.66,608.76,0,42208,0.1605
2025-08-22 09:10:00,24400,CE,499.86,496.04,490.12,493.04,0,37534,0.1638
2025-08-22 09:10:00,24400,PE,646.95,642.83,634.55,641.77,0,35525,0.1604
2025-08-22 09:10:00,24450,CE,486.14,489.75,481.3,482.69,0,36245,0.162
2025-08-22 09:10:00,24450,PE,716.93,730.17,720.92,722.16,0,32986,0.1621
2025-08-22 09:10:00,24500,CE,459.86,463.75,446.36,456.54,0,31049,0.1629
2025-08-22 09:10:00,24500,PE,733.07,743.27,727.93,736.31,0,33872,0.1615
2025-08-22 09:10:00,24550,CE,413.07,410.95,408.95,409.8,0,29906,0.1564
2025-08-22 09:10:00,24550,PE,816.42,828.38,806.82,815.52,0,28682,0.1572
2025-08-22 09:10:00,24600,CE,451.04,464.17,455.73,457.18,0,28069,0.1592
2025-08-22 09:10:00,24600,PE,851.93,877.72,865.91,865.94,0,26376,0.1547
2025-08-22 09:10:00,24650,CE,453.97,454.4,445.35,451.7,0,25704,0.1581
2025-08-22 09:10:00,24650,PE,868.27,872.86,856.52,863.05,0,28250,0.1572
2025-08-22 09:10:00,24700,CE,468.73,464.72,460.96,464.15,0,24193,0.1624
2025-08-22 09:10:00,24700,PE,947.05,962.73,949.94,950.76,0,26569,0.1604
2025-08-22 09:10:00,24750,CE,444.65,441.61,437.76,441.12,0,23877,0.1592
2025-08-22 09:10:00,24750,PE,1020.79,1016.43,1001.9,1010.1,0,24328,0.1594
2025-08-22 09:10:00,24800,CE,447.55,439.65,437.51,438.43,0,23351,0.1585
2025-08-22 09:10:00,24800,PE,1036.89,1066.58,1025.63,1040.9,0,22745,0.1602
2025-08-22 09:10:00,24850,CE,444.3,444.81,441.08,442.82,0,19621,0.1578
2025-08-22 09:10:00,24850,PE,1076.12,1116.97,1082.61,1098.55,0,23160,0.1602
2025-08-22 09:10:00,24900,CE,446.32,454.15,440.06,444.23,0,20422,0.1604
2025-08-22 09:10:00,24900,PE,1152.13,1161.1,1154.53,1155.15,0,21144,0.1579
2025-08-22 09:15:00,23500,CE,1100.64,1119.52,1100.64,1105.14,284,29473,0.1432
2025-08-22 09:15:00,23500,PE,376.8,387.47,374.71,377.88,185,30585,0.1418
2025-08-22 09:15:00,23550,CE,1046.82,1067.67,1057.09,1057.75,126,30848,0.1402
2025-08-22 09:15:00,23550,PE,406.5,408.34,404.14,405.7,312,29951,0.144
2025-08-22 09:15:00,23600,CE,1032.83,1040.61,1019.12,1035.03,21,30819,0.1397
2025-08-22 09:15:00,23600,PE,392.46,386.92,386.29,386.7,35,31499,0.1405
2025-08-22 09:15:00,23650,CE,942.84,951.89,929.68,943.15,414,33337,0.1409
2025-08-22 09:15:00,23650,PE,405.26,410.0,400.85,408.15,455,32367,0.1429
2025-08-22 09:15:00,23700,CE,903.24,916.2,910.62,913.51,202,34812,0.1413
2025-08-22 09:15:00,23700,PE,416.16,428.51,417.56,419.87,153,36935,0.1469
2025-08-22 09:15:00,23750,CE,834.65,852.21,831.97,841.21,552,36779,0.1444
2025-08-22 09:15:00,23750,PE,390.07,393.92,385.72,391.1,541,34433,0.1428
2025-08-22 09:15:00,23800,CE,831.32,851.77,837.51,842.7,122,38417,0.1443
2025-08-22 09:15:00,23800,PE,391.72,397.29,385.18,389.64,290,38109,0.1425
2025-08-22 09:15:00,23850,CE,726.76,736.74,728.8,730.7,409,44261,0.1414
2025-08-22 09:15:00,23850,PE,378.04,383.21,371.77,378.85,366,42195,0.1401
2025-08-22 09:15:00,23900,CE,699.74,702.95,688.15,694.3,64,44380,0.1422
2025-08-22 09:15:00,23900,PE,391.57,392.49,390.49,391.92,692,47563,0.1427
2025-08-22 09:15:00,23950,CE,657.34,680.54,652.62,653.76,111,46533,0.1433
2025-08-22 09:15:00,23950,PE,406.12,407.0,404.87,405.57,778,47463,0.1425
2025-08-22 09:15:00,24000,CE,624.99,637.55,630.56,631.72,599,55758,0.1463
2025-08-22 09:15:00,24000,PE,423.41,423.58,421.4,421.57,815,54100,0.1449
2025-08-22 09:15:00,24050,CE,561.67,573.3,557.37,567.12,444,60669,0.1419
2025-08-22 09:15:00,24050,PE,396.76,396.56,391.18,395.8,804,61057,0.1427
2025-08-22 09:15:00,24100,CE,504.9,518.22,505.02,508.86,677,68036,0.1403
2025-08-22 09:15:00,24100,PE,401.06,397.61,391.37,395.43,1004,62765,0.1435
2025-08-22 09:15:00,24150,CE,440.17,447.54,434.39,440.38,456,75071,0.1428
2025-08-22 09:15:00,24150,PE,410.85,421.42,410.18,412.52,194,74528,0.145
2025-08-22 09:15:00,24200,CE,384.42,394.73,385.12,389.84,616,81576,0.1416
2025-08-22 09:15:00,24200,PE,403.82,408.06,403.66,405.12,960,85924,0.1408
2025-08-22 09:15:00,24250,CE,379.56,394.37,383.68,385.07,1401,75317,0.1431
2025-08-22 09:15:00,24250,PE,424.6,429.86,418.06,423.67,31,78217,0.1421
2025-08-22 09:15:00,24300,CE,391.13,390.77,382.79,390.05,1212,68089,0.1392
2025-08-22 09:15:00,24300,PE,492.09,492.44,488.12,490.58,855,67619,0.1441
2025-08-22 09:15:00,24350,CE,393.67,398.64,387.24,394.49,34,58670,0.1417
2025-08-22 09:15:00,24350,PE,545.22,568.61,548.46,550.3,186,63198,0.1436
2025-08-22 09:15:00,24400,CE,384.93,386.54,380.63,384.07,69,55533,0.1441
2025-08-22 09:15:00,24400,PE,586.6,586.71,578.71,585.77,396,52230,0.1422
2025-08-22 09:15:00,24450,CE,391.69,390.8,390.35,390.71,884,47703,0.1442
2025-08-22 09:15:00,24450,PE,618.92,624.06,602.27,615.1,823,52259,0.1411
2025-08-22 09:15:00,24500,CE,400.87,404.59,400.38,400.96,698,44674,0.1429
2025-08-22 09:15:00,24500,PE,686.75,692.94,673.67,681.34,773,47295,0.1411
2025-08-22 09:15:00,24550,CE,412.85,427.93,413.3,415.04,331,44453,0.1389
2025-08-22 09:15:00,24550,PE,738.35,744.34,725.49,738.53,283,42043,0.1417
2025-08-22 09:15:00,24600,CE,390.94,389.77,386.88,389.21,223,40891,0.1424
2025-08-22 09:15:00,24600,PE,790.93,804.12,788.3,797.25,452,38917,0.1428
2025-08-22 09:15:00,24650,CE,416.38,420.49,409.12,417.77,178,40623,0.1465
2025-08-22 09:15:00,24650,PE,826.05,832.8,818.73,826.8,362,40107,0.1396
2025-08-22 09:15:00,24700,CE,399.58,406.31,399.08,400.24,221,34442,0.1422
2025-08-22 09:15:00,24700,PE,892.93,886.96,875.17,880.95,191,35886,0.1406
2025-08-22 09:15:00,24750,CE,391.88,395.93,392.24,393.9,476,33733,0.1418
2025-08-22 09:15:00,24750,PE,939.26,940.47,931.83,936.94,186,36490,0.1426
2025-08-22 09:15:00,24800,CE,420.06,428.96,423.19,424.72,332,31318,0.1459
2025-08-22 09:15:00,24800,PE,990.09,1009.39,993.21,1005.76,14,32327,0.14
2025-08-22 09:15:00,24850,CE,379.83,377.74,376.37,377.72,340,32929,0.139
2025-08-22 09:15:00,24850,PE,1050.8,1057.06,1050.84,1055.19,132,28333,0.14
2025-08-22 09:15:00,24900,CE,386.15,388.69,379.21,382.55,514,29213,0.1439
2025-08-22 09:15:00,24900,PE,1065.52,1077.52,1073.12,1074.78,22,26545,0.1414
2025-08-22 09:20:00,23500,CE,1137.17,1136.57,1116.27,1129.14,240,29613,0.143
2025-08-22 09:20:00,23500,PE,354.32,353.33,350.49,351.7,127,30423,0.1418
2025-08-22 09:20:00,23550,CE,1090.84,1091.84,1080.24,1084.97,386,31409,0.1435
2025-08-22 09:20:00,23550,PE,371.14,378.84,376.97,377.15,260,29849,0.1424
2025-08-22 09:20:00,23600,CE,1033.86,1053.04,1031.94,1034.71,204,30382,0.1442
2025-08-22 09:20:00,23600,PE,419.05,427.15,419.82,421.25,37,31899,0.1446
2025-08-22 09:20:00,23650,CE,972.0,964.89,963.84,964.06,30,33722,0.1408
2025-08-22 09:20:00,23650,PE,364.12,372.68,363.77,366.99,151,32600,0.1421
2025-08-22 09:20:00,23700,CE,943.58,965.27,933.79,938.64,589,35110,0.137
2025-08-22 09:20:00,23700,PE,379.79,386.31,376.71,380.34,454,36652,0.1438
2025-08-22 09:20:00,23750,CE,862.19,868.4,863.8,865.56,399,36949,0.1426
2025-08-22 09:20:00,23750,PE,414.1,426.85,406.41,409.73,286,33878,0.1439
2025-08-22 09:20:00,23800,CE,836.65,861.67,829.66,833.5,646,38053,0.1408
2025-08-22 09:20:00,23800,PE,372.65,371.59,364.7,369.61,688,38627,0.143
2025-08-22 09:20:00,23850,CE,823.64,842.12,820.52,823.44,26,44548,0.1444
2025-08-22 09:20:00,23850,PE,391.18,404.93,397.8,398.2,486,41871,0.141
2025-08-22 09:20:00,23900,CE,723.16,754.12,729.28,733.34,671,43913,0.1438
2025-08-22 09:20:00,23900,PE,387.33,398.46,389.83,390.71,214,48101,0.1419
2025-08-22 09:20:00,23950,CE,691.41,692.31,682.18,689.97,669,46067,0.1451
2025-08-22 09:20:00,23950,PE,405.97,402.72,399.62,401.08,142,47171,0.1431
2025-08-22 09:20:00,24000,CE,630.23,647.38,637.9,639.01,84,55377,0.1356
2025-08-22 09:20:00,24000,PE,385.49,391.62,385.15,385.99,570,53508,0.1454
2025-08-22 09:20:00,24050,CE,582.01,592.92,587.97,591.79,326,60445,0.1399
2025-08-22 09:20:00,24050,PE,396.95,407.25,397.76,399.06,1061,61626,0.1406
2025-08-22 09:20:00,24100,CE,538.05,534.44,527.87,533.26,1040,67846,0.1408
2025-08-22 09:20:00,24100,PE,370.17,371.96,369.26,370.5,656,62770,0.1434
2025-08-22 09:20:00,24150,CE,461.99,466.34,461.45,461.79,1206,75366,0.1357
2025-08-22 09:20:00,24150,PE,375.12,383.7,378.9,380.06,1270,74589,0.1444
2025-08-22 09:20:00,24200,CE,458.53,464.48,460.16,462.47,1497,81868,0.1437
2025-08-22 09:20:00,24200,PE,378.6,382.32,378.59,380.36,1208,86117,0.1411
2025-08-22 09:20:00,24250,CE,430.92,431.27,424.67,430.78,581,75447,0.1437
2025-08-22 09:20:00,24250,PE,437.38,436.68,431.4,434.85,615,78396,0.1427
2025-08-22 09:20:00,24300,CE,414.13,415.94,406.93,410.97,382,68447,0.1416
2025-08-22 09:20:00,24300,PE,470.21,466.25,460.4,465.6,830,67871,0.142
2025-08-22 09:20:00,24350,CE,404.51,407.29,396.86,406.74,294,59020,0.1432
2025-08-22 09:20:00,24350,PE,516.23,528.54,517.45,522.38,1011,62772,0.1413
2025-08-22 09:20:00,24400,CE,385.2,394.38,385.65,389.3,402,55746,0.1408
2025-08-22 09:20:00,24400,PE,556.41,560.16,546.85,554.09,976,52514,0.1403
2025-08-22 09:20:00,24450,CE,377.86,390.09,382.18,382.28,481,47462,0.1395
2025-08-22 09:20:00,24450,PE,618.05,623.39,618.97,622.81,914,52708,0.1465
2025-08-22 09:20:00,24500,CE,408.83,411.49,405.09,409.81,819,44439,0.1447
2025-08-22 09:20:00,24500,PE,657.0,657.35,651.39,653.38,406,46987,0.1409
2025-08-22 09:20:00,24550,CE,393.73,398.57,394.58,396.23,798,44893,0.1435
2025-08-22 09:20:00,24550,PE,724.58,722.18,706.41,715.28,155,41739,0.14
2025-08-22 09:20:00,24600,CE,412.13,405.86,397.09,405.76,431,40789,0.143
2025-08-22 09:20:00,24600,PE,754.52,768.79,757.41,765.54,361,38758,0.1417
2025-08-22 09:20:00,24650,CE,382.45,391.75,381.93,387.0,486,41100,0.1394
2025-08-22 09:20:00,24650,PE,783.0,790.07,780.69,783.5,657,40053,0.1394
2025-08-22 09:20:00,24700,CE,386.03,394.15,387.36,388.83,554,34675,0.1419
2025-08-22 09:20:00,24700,PE,864.93,858.38,834.48,850.11,140,36238,0.1436
2025-08-22 09:20:00,24750,CE,410.13,418.96,406.42,410.35,226,33886,0.1393
2025-08-22 09:20:00,24750,PE,913.37,914.77,907.95,909.9,454,37022,0.1381
2025-08-22 09:20:00,24800,CE,383.85,398.66,383.53,386.63,559,31681,0.1403
2025-08-22 09:20:00,24800,PE,974.16,979.25,962.79,972.17,302,32207,0.1415
2025-08-22 09:20:00,24850,CE,399.27,404.29,398.87,400.85,250,33469,0.1384
2025-08-22 09:20:00,24850,PE,1019.32,1010.27,1004.75,1007.64,121,28362,0.1399
2025-08-22 09:20:00,24900,CE,372.2,378.35,367.86,374.79,360,28640,0.1384
2025-08-22 09:20:00,24900,PE,1050.44,1061.63,1056.18,1056.28,337,26257,0.1439
2025-08-22 09:25:00,23500,CE,1128.98,1144.96,1125.84,1135.01,141,29759,0.1419
2025-08-22 09:25:00,23500,PE,393.44,386.39,385.45,385.67,12,30011,0.1412
2025-08-22 09:25:00,23550,CE,1105.15,1125.24,1103.78,1106.02,235,31509,0.1422
2025-08-22 09:25:00,23550,PE,407.06,408.85,398.84,403.73,62,29682,0.1424
2025-08-22 09:25:00,23600,CE,1070.92,1093.19,1060.42,1064.97,170,30423,0.1436
2025-08-22 09:25:00,23600,PE,430.66,429.19,414.21,424.98,166,31301,0.145
2025-08-22 09:25:00,23650,CE,996.69,1011.26,977.77,998.54,303,34140,0.1448
2025-08-22 09:25:00,23650,PE,391.76,402.93,394.43,394.8,333,32434,0.1429
2025-08-22 09:25:00,23700,CE,970.22,991.53,957.76,969.43,293,34678,0.1441
2025-08-22 09:25:00,23700,PE,413.16,415.3,411.91,413.49,148,36577,0.1446
2025-08-22 09:25:00,23750,CE,917.39,921.89,916.28,920.13,381,36932,0.1432
2025-08-22 09:25:00,23750,PE,411.17,417.87,408.23,410.14,613,34042,0.1414
2025-08-22 09:25:00,23800,CE,876.48,892.06,874.34,878.96,26,38082,0.1397
2025-08-22 09:25:00,23800,PE,412.71,414.19,407.16,410.81,400,38079,0.145
2025-08-22 09:25:00,23850,CE,813.09,816.61,810.87,812.41,288,44993,0.1422
2025-08-22 09:25:00,23850,PE,434.95,439.85,431.95,433.9,267,41818,0.1414
2025-08-22 09:25:00,23900,CE,727.49,738.01,718.61,722.17,184,43405,0.144
2025-08-22 09:25:00,23900,PE,396.11,394.71,391.64,394.63,259,48428,0.142
2025-08-22 09:25:00,23950,CE,718.02,731.53,715.9,717.39,839,46259,0.1428
2025-08-22 09:25:00,23950,PE,377.54,375.51,375.12,375.47,711,47350,0.1405
2025-08-22 09:25:00,24000,CE,664.66,680.25,663.8,665.67,620,55289,0.1436
2025-08-22 09:25:00,24000,PE,383.54,386.69,383.01,383.26,71,53400,0.143
2025-08-22 09:25:00,24050,CE,625.1,620.65,615.18,617.35,892,60488,0.1435
2025-08-22 09:25:00,24050,PE,376.37,384.44,379.22,381.7,788,61086,0.1395
2025-08-22 09:25:00,24100,CE,577.27,582.75,574.38,578.01,246,67604,0.1457
2025-08-22 09:25:00,24100,PE,380.63,383.7,381.43,383.61,424,63355,0.1418
2025-08-22 09:25:00,24150,CE,494.17,509.31,496.96,500.18,610,75560,0.1443
2025-08-22 09:25:00,24150,PE,392.08,404.36,395.31,396.22,843,74491,0.1434
2025-08-22 09:25:00,24200,CE,461.62,466.04,455.57,457.19,1441,81534,0.1383
2025-08-22 09:25:00,24200,PE,416.79,416.57,413.42,415.65,75,86411,0.1439
2025-08-22 09:25:00,24250,CE,390.31,392.84,390.52,391.19,1155,75159,0.1436
2025-08-22 09:25:00,24250,PE,373.85,376.75,374.33,375.27,1524,77990,0.1409
2025-08-22 09:25:00,24300,CE,381.68,383.27,375.72,381.88,411,68032,0.1436
2025-08-22 09:25:00,24300,PE,411.32,416.16,410.7,416.04,311,68146,0.1377
2025-08-22 09:25:00,24350,CE,380.22,380.38,374.74,379.79,956,59191,0.1442
2025-08-22 09:25:00,24350,PE,473.66,485.79,480.62,481.35,1165,62255,0.1423
2025-08-22 09:25:00,24400,CE,411.27,418.34,405.27,409.05,745,55284,0.1442
2025-08-22 09:25:00,24400,PE,581.16,581.77,573.04,581.04,1137,52674,0.1431
2025-08-22 09:25:00,24450,CE,393.41,403.33,387.21,393.68,812,47547,0.1431
2025-08-22 09:25:00,24450,PE,578.18,574.33,569.95,572.27,418,52931,0.1417
2025-08-22 09:25:00,24500,CE,399.87,411.45,399.63,402.35,805,44052,0.1408
2025-08-22 09:25:00,24500,PE,648.23,651.08,645.5,645.73,839,47258,0.1423
2025-08-22 09:25:00,24550,CE,388.14,395.29,386.49,388.62,88,45416,0.1442
2025-08-22 09:25:00,24550,PE,713.87,731.78,709.21,714.59,170,41860,0.1438
2025-08-22 09:25:00,24600,CE,383.43,392.84,384.89,386.42,115,40424,0.14
2025-08-22 09:25:00,24600,PE,764.38,762.71,740.94,758.68,523,38973,0.1428
2025-08-22 09:25:00,24650,CE,402.69,405.12,398.89,403.51,516,40911,0.1439
2025-08-22 09:25:00,24650,PE,796.18,795.0,783.13,789.46,613,39512,0.1421
2025-08-22 09:25:00,24700,CE,394.98,402.44,395.43,400.71,594,34437,0.1414
2025-08-22 09:25:00,24700,PE,835.24,837.41,825.28,831.65,435,36724,0.142
2025-08-22 09:25:00,24750,CE,382.91,392.65,381.18,383.57,173,33779,0.1371
2025-08-22 09:25:00,24750,PE,900.45,915.13,884.63,900.5,539,37459,0.1412
2025-08-22 09:25:00,24800,CE,422.26,432.4,424.97,429.74,151,31691,0.1443
2025-08-22 09:25:00,24800,PE,967.86,970.63,967.72,969.38,209,32227,0.1426
2025-08-22 09:25:00,24850,CE,382.67,383.64,378.81,381.7,223,32875,0.1449
2025-08-22 09:25:00,24850,PE,998.82,1015.67,1004.2,1009.48,531,28526,0.1443
2025-08-22 09:25:00,24900,CE,379.0,378.86,375.71,378.47,255,28169,0.1379
2025-08-22 09:25:00,24900,PE,1016.15,1019.31,1003.64,1012.21,47,26231,0.142
2025-08-22 09:30:00,23500,CE,1105.6,1124.16,1094.88,1099.08,337,29471,0.1413
2025-08-22 09:30:00,23500,PE,399.5,401.88,390.17,396.05,385,29881,0.1439
2025-08-22 09:30:00,23550,CE,1045.66,1068.52,1049.35,1060.87,14,31553,0.1421
2025-08-22 09:30:00,23550,PE,421.83,437.8,421.73,423.21,105,29099,0.1419
2025-08-22 09:30:00,23600,CE,1000.5,1009.36,982.9,1002.41,82,30164,0.144
2025-08-22 09:30:00,23600,PE,368.41,374.21,360.65,366.5,300,31888,0.1442
2025-08-22 09:30:00,23650,CE,921.94,919.28,908.36,918.62,140,33608,0.1407
2025-08-22 09:30:00,23650,PE,409.08,417.77,405.82,407.48,124,32217,0.1474
2025-08-22 09:30:00,23700,CE,890.84,915.67,906.37,908.66,141,34463,0.1434
2025-08-22 09:30:00,23700,PE,382.06,383.32,379.33,382.33,629,36432,0.1438
2025-08-22 09:30:00,23750,CE,836.84,849.25,841.14,841.16,444,37153,0.1445
2025-08-22 09:30:00,23750,PE,423.8,434.49,421.76,424.26,100,33739,0.1407
2025-08-22 09:30:00,23800,CE,786.44,793.99,784.21,793.64,316,38034,0.1409
2025-08-22 09:30:00,23800,PE,417.1,414.19,411.06,413.09,21,38252,0.1415
2025-08-22 09:30:00,23850,CE,736.78,739.23,727.77,735.87,251,44779,0.1436
2025-08-22 09:30:00,23850,PE,404.58,411.59,403.97,404.83,491,42356,0.1421
2025-08-22 09:30:00,23900,CE,693.79,688.53,685.08,685.78,759,43980,0.1423
2025-08-22 09:30:00,23900,PE,397.03,398.77,398.1,398.32,370,47971,0.1381
2025-08-22 09:30:00,23950,CE,661.22,676.74,648.01,660.46,219,46071,0.1434
2025-08-22 09:30:00,23950,PE,378.01,380.6,373.18,377.8,299,46999,0.1426
2025-08-22 09:30:00,24000,CE,592.5,602.23,586.38,587.19,175,54913,0.1432
2025-08-22 09:30:00,24000,PE,406.64,406.1,400.89,404.25,705,53389,0.1421
2025-08-22 09:30:00,24050,CE,556.64,565.12,552.0,557.94,63,60564,0.1414
2025-08-22 09:30:00,24050,PE,384.54,385.76,380.57,385.37,1003,60996,0.1432
2025-08-22 09:30:00,24100,CE,480.98,491.72,482.38,484.03,444,67331,0.1443
2025-08-22 09:30:00,24100,PE,417.71,421.73,411.27,416.19,525,63089,0.1472
2025-08-22 09:30:00,24150,CE,434.75,437.88,429.58,433.64,1442,76150,0.1403
2025-08-22 09:30:00,24150,PE,427.67,421.69,417.69,421.6,551,74999,0.1425
2025-08-22 09:30:00,24200,CE,404.68,409.29,399.04,404.27,1501,81025,0.1426
2025-08-22 09:30:00,24200,PE,418.86,419.63,413.32,416.53,875,86598,0.141
2025-08-22 09:30:00,24250,CE,408.93,408.32,399.35,404.63,644,75107,0.1427
2025-08-22 09:30:00,24250,PE,446.42,446.46,440.1,445.39,749,78216,0.1432
2025-08-22 09:30:00,24300,CE,375.93,386.93,369.05,374.92,396,68148,0.1408
2025-08-22 09:30:00,24300,PE,518.8,527.53,511.8,519.32,331,68613,0.141
2025-08-22 09:30:00,24350,CE,395.14,395.91,391.58,392.88,114,58671,0.1418
2025-08-22 09:30:00,24350,PE,532.26,545.1,534.27,534.71,61,62074,0.1387
2025-08-22 09:30:00,24400,CE,375.76,378.13,370.6,373.36,631,55866,0.1396
2025-08-22 09:30:00,24400,PE,598.97,599.14,594.54,598.6,477,52292,0.1402
2025-08-22 09:30:00,24450,CE,386.22,387.79,382.66,385.56,353,47099,0.1379
2025-08-22 09:30:00,24450,PE,650.75,671.38,659.27,659.84,449,53205,0.1424
2025-08-22 09:30:00,24500,CE,394.1,396.07,390.7,395.0,43,44384,0.1408
2025-08-22 09:30:00,24500,PE,689.35,714.04,691.28,694.59,206,47464,0.1437
2025-08-22 09:30:00,24550,CE,396.36,397.53,393.48,397.13,644,45747,0.1408
2025-08-22 09:30:00,24550,PE,748.02,735.12,724.63,729.17,531,42092,0.1422
2025-08-22 09:30:00,24600,CE,405.46,407.4,403.73,404.05,146,39986,0.1416
2025-08-22 09:30:00,24600,PE,812.56,829.64,796.68,806.13,285,39102,0.1466
2025-08-22 09:30:00,24650,CE,430.13,436.92,430.29,432.83,424,41243,0.1411
2025-08-22 09:30:00,24650,PE,814.06,823.37,815.29,820.41,217,39950,0.1411
2025-08-22 09:30:00,24700,CE,376.19,380.41,372.83,375.54,291,34132,0.1389
2025-08-22 09:30:00,24700,PE,892.95,889.74,882.87,887.34,470,36276,0.1453
2025-08-22 09:30:00,24750,CE,410.76,421.7,411.75,414.59,248,34116,0.1436
2025-08-22 09:30:00,24750,PE,917.21,938.25,916.29,926.25,463,37166,0.1411
2025-08-22 09:30:00,24800,CE,364.93,368.95,365.63,368.37,101,31129,0.1412
2025-08-22 09:30:00,24800,PE,1034.91,1046.01,1032.96,1035.31,59,32617,0.1419
2025-08-22 09:30:00,24850,CE,425.96,431.12,427.45,429.39,420,32882,0.1457
2025-08-22 09:30:00,24850,PE,1076.36,1081.96,1061.65,1067.8,308,28317,0.142
2025-08-22 09:30:00,24900,CE,390.89,404.18,393.11,394.39,104,27582,0.1422
2025-08-22 09:30:00,24900,PE,1105.26,1127.13,1104.55,1112.86,343,25673,0.1405
2025-08-22 09:35:00,23500,CE,1116.7,1117.29,1084.54,1104.62,63,29822,0.1425
2025-08-22 09:35:00,23500,PE,372.21,383.01,377.07,379.42,311,29868,0.1399
2025-08-22 09:35:00,23550,CE,1040.28,1058.67,1019.97,1031.47,128,31132,0.142
2025-08-22 09:35:00,23550,PE,413.87,418.17,411.74,412.59,264,28929,0.1413
2025-08-22 09:35:00,23600,CE,998.16,989.64,979.7,984.15,319,29762,0.1445
2025-08-22 09:35:00,23600,PE,389.52,396.53,391.57,393.78,143,31423,0.1432
2025-08-22 09:35:00,23650,CE,897.2,905.66,890.16,898.13,271,33339,0.1436
2025-08-22 09:35:00,23650,PE,390.56,403.74,393.76,394.03,148,32276,0.1417
2025-08-22 09:35:00,23700,CE,884.87,878.54,870.13,875.61,338,34115,0.1471
2025-08-22 09:35:00,23700,PE,402.54,407.06,401.34,402.01,470,36244,0.1402
2025-08-22 09:35:00,23750,CE,817.15,812.53,808.28,811.39,252,37126,0.1415
2025-08-22 09:35:00,23750,PE,402.35,415.24,406.83,408.19,109,33643,0.1408
2025-08-22 09:35:00,23800,CE,769.03,767.52,759.81,762.29,454,37588,0.1437
2025-08-22 09:35:00,23800,PE,390.47,401.23,387.23,391.1,441,37698,0.1392
2025-08-22 09:35:00,23850,CE,731.63,738.6,716.52,726.79,510,44221,0.1412
2025-08-22 09:35:00,23850,PE,384.65,382.17,377.43,381.83,157,42176,0.143
2025-08-22 09:35:00,23900,CE,653.58,664.22,656.53,659.25,566,44242,0.143
2025-08-22 09:35:00,23900,PE,421.84,427.88,424.46,425.66,436,47528,0.1451
2025-08-22 09:35:00,23950,CE,617.54,635.59,620.93,625.98,399,46415,0.1421
2025-08-22 09:35:00,23950,PE,402.45,402.55,398.73,402.32,105,47257,0.1404
2025-08-22 09:35:00,24000,CE,548.6,569.98,545.39,552.11,441,54317,0.1456
2025-08-22 09:35:00,24000,PE,399.1,403.87,400.45,402.16,781,52821,0.1427
2025-08-22 09:35:00,24050,CE,520.13,527.87,521.45,522.63,477,60198,0.1403
2025-08-22 09:35:00,24050,PE,377.94,388.01,376.88,378.42,742,60463,0.1435
2025-08-22 09:35:00,24100,CE,485.28,485.17,475.46,483.69,152,67368,0.144
2025-08-22 09:35:00,24100,PE,398.92,402.94,394.94,397.98,1429,62536,0.1452
2025-08-22 09:35:00,24150,CE,431.84,430.85,421.24,428.53,788,76513,0.1426
2025-08-22 09:35:00,24150,PE,419.46,423.71,411.99,419.85,507,74990,0.1437
2025-08-22 09:35:00,24200,CE,399.08,403.33,398.3,400.43,1365,81298,0.141
2025-08-22 09:35:00,24200,PE,463.81,474.29,464.18,465.53,494,86898,0.1457
2025-08-22 09:35:00,24250,CE,406.62,416.21,405.81,409.4,951,75115,0.1427
2025-08-22 09:35:00,24250,PE,464.16,472.26,466.48,467.42,628,78726,0.1411
2025-08-22 09:35:00,24300,CE,362.16,368.74,359.25,359.31,1073,68736,0.1416
2025-08-22 09:35:00,24300,PE,534.18,549.16,530.0,532.67,834,68444,0.1438
2025-08-22 09:35:00,24350,CE,411.97,415.5,408.6,415.49,135,58222,0.1423
2025-08-22 09:35:00,24350,PE,557.1,571.75,561.21,565.04,1039,61909,0.1432
2025-08-22 09:35:00,24400,CE,384.2,390.59,380.28,382.83,123,55534,0.1392
2025-08-22 09:35:00,24400,PE,607.13,617.67,607.24,610.27,36,52329,0.142
2025-08-22 09:35:00,24450,CE,383.11,379.7,377.1,379.67,535,46953,0.1408
2025-08-22 09:35:00,24450,PE,707.39,699.05,684.96,694.66,670,53181,0.1444
2025-08-22 09:35:00,24500,CE,407.18,413.67,405.41,409.24,790,44699,0.1415
2025-08-22 09:35:00,24500,PE,706.01,706.77,690.73,705.95,74,47192,0.1429
2025-08-22 09:35:00,24550,CE,407.86,413.58,403.84,405.86,575,45791,0.1448
2025-08-22 09:35:00,24550,PE,787.33,788.3,781.12,786.54,575,41894,0.1424
2025-08-22 09:35:00,24600,CE,414.51,417.52,414.81,414.99,38,40327,0.1422
2025-08-22 09:35:00,24600,PE,837.36,832.86,821.58,828.72,556,39269,0.1466
2025-08-22 09:35:00,24650,CE,404.64,408.58,401.19,402.38,273,40653,0.1448
2025-08-22 09:35:00,24650,PE,880.77,896.43,863.49,875.13,483,40142,0.14
2025-08-22 09:35:00,24700,CE,446.93,447.15,439.99,442.63,416,33736,0.1439
2025-08-22 09:35:00,24700,PE,937.72,936.85,929.44,935.41,455,36545,0.1418
2025-08-22 09:35:00,24750,CE,409.79,417.89,414.55,415.3,500,34196,0.1439
2025-08-22 09:35:00,24750,PE,985.99,1014.43,986.14,986.74,428,37047,0.1419
2025-08-22 09:35:00,24800,CE,404.58,409.64,398.06,404.67,386,31361,0.1401
2025-08-22 09:35:00,24800,PE,1016.58,1026.87,1015.69,1021.94,431,33044,0.1445
2025-08-22 09:35:00,24850,CE,408.33,410.29,406.86,410.26,10,33216,0.1416
2025-08-22 09:35:00,24850,PE,1092.38,1090.14,1061.62,1085.55,415,28371,0.1413
2025-08-22 09:35:00,24900,CE,383.57,389.97,379.64,384.31,261,27849,0.1432
2025-08-22 09:35:00,24900,PE,1124.76,1130.52,1111.66,1120.97,230,25569,0.1434
2025-08-22 09:40:00,23500,CE,1017.35,1010.16,1002.01,1008.53,439,30168,0.1434
2025-08-22 09:40:00,23500,PE,402.8,404.51,389.89,396.68,119,30262,0.1431
2025-08-22 09:40:00,23550,CE,973.93,1005.17,989.35,993.69,194,30696,0.1464
2025-08-22 09:40:00,23550,PE,377.75,385.18,377.53,378.51,506,28614,0.1424
2025-08-22 09:40:00,23600,CE,932.57,938.73,922.45,933.94,132,29485,0.145
2025-08-22 09:40:00,23600,PE,413.06,412.86,409.66,410.03,305,31022,0.1416
2025-08-22 09:40:00,23650,CE,868.62,896.01,849.47,873.32,112,33210,0.1401
2025-08-22 09:40:00,23650,PE,392.35,396.74,389.72,393.64,150,31907,0.1402
2025-08-22 09:40:00,23700,CE,807.45,811.77,795.73,811.26,636,34229,0.1407
2025-08-22 09:40:00,23700,PE,404.73,403.05,395.72,400.85,20,35765,0.1424
2025-08-22 09:40:00,23750,CE,805.05,816.65,801.08,809.44,611,36849,0.1442
2025-08-22 09:40:00,23750,PE,391.2,398.37,395.05,395.44,124,33841,0.1431
2025-08-22 09:40:00,23800,CE,732.66,745.4,732.23,737.86,680,37466,0.145
2025-08-22 09:40:00,23800,PE,368.35,377.89,369.83,371.1,604,37603,0.1406
2025-08-22 09:40:00,23850,CE,698.35,700.39,686.12,692.47,108,44578,0.1431
2025-08-22 09:40:00,23850,PE,354.67,351.33,347.7,350.46,809,42757,0.1406
2025-08-22 09:40:00,23900,CE,647.81,640.87,636.34,639.2,111,44320,0.143
2025-08-22 09:40:00,23900,PE,398.94,407.22,402.92,402.93,607,47022,0.1413
2025-08-22 09:40:00,23950,CE,591.46,595.54,588.83,591.32,1017,45938,0.1429
2025-08-22 09:40:00,23950,PE,410.52,410.07,409.55,409.86,299,47819,0.1465
2025-08-22 09:40:00,24000,CE,535.84,536.56,531.13,531.36,673,54532,0.1418
2025-08-22 09:40:00,24000,PE,411.42,416.47,411.49,411.68,600,53123,0.1386
2025-08-22 09:40:00,24050,CE,467.96,475.98,475.08,475.74,131,60408,0.1436
2025-08-22 09:40:00,24050,PE,383.29,384.04,374.15,378.71,110,60078,0.143
2025-08-22 09:40:00,24100,CE,426.38,442.68,428.95,431.59,808,67306,0.1417
2025-08-22 09:40:00,24100,PE,385.69,391.08,382.2,385.54,262,62893,0.1394
2025-08-22 09:40:00,24150,CE,412.28,412.87,407.61,411.86,544,76952,0.144
2025-08-22 09:40:00,24150,PE,394.04,395.76,389.05,392.94,54,74674,0.1412
2025-08-22 09:40:00,24200,CE,379.99,386.86,379.29,382.61,456,81413,0.1414
2025-08-22 09:40:00,24200,PE,452.35,455.26,442.86,449.08,608,86486,0.1417
2025-08-22 09:40:00,24250,CE,395.94,406.34,400.83,401.59,745,75664,0.1415
2025-08-22 09:40:00,24250,PE,511.84,511.35,508.38,508.44,190,78428,0.1427
2025-08-22 09:40:00,24300,CE,409.6,408.33,401.86,405.84,556,69007,0.1407
2025-08-22 09:40:00,24300,PE,556.9,569.23,554.88,560.73,172,68121,0.1403
2025-08-22 09:40:00,24350,CE,401.78,403.16,398.0,399.33,254,58361,0.1414
2025-08-22 09:40:00,24350,PE,610.38,625.86,606.16,611.81,99,62100,0.1422
2025-08-22 09:40:00,24400,CE,418.61,441.26,425.88,426.25,404,55328,0.1413
2025-08-22 09:40:00,24400,PE,641.73,673.15,642.06,648.42,804,52711,0.1428
2025-08-22 09:40:00,24450,CE,388.76,389.78,379.48,387.44,685,47415,0.144
2025-08-22 09:40:00,24450,PE,702.63,699.63,688.41,698.77,209,53607,0.141
2025-08-22 09:40:00,24500,CE,426.03,433.39,429.19,430.7,148,44495,0.1409
2025-08-22 09:40:00,24500,PE,762.79,772.56,758.17,762.05,441,47485,0.1388
2025-08-22 09:40:00,24550,CE,407.11,411.83,408.93,409.25,425,45862,0.1445
2025-08-22 09:40:00,24550,PE,840.64,845.1,832.87,839.42,281,42005,0.1428
2025-08-22 09:40:00,24600,CE,414.03,412.46,406.19,408.32,327,40299,0.1408
2025-08-22 09:40:00,24600,PE,879.25,869.8,857.44,868.6,401,39389,0.1457
2025-08-22 09:40:00,24650,CE,392.78,392.03,384.05,387.33,216,40215,0.1418
2025-08-22 09:40:00,24650,PE,881.22,905.16,887.47,888.44,197,40032,0.1438
2025-08-22 09:40:00,24700,CE,417.37,426.62,414.29,420.77,104,33349,0.1415
2025-08-22 09:40:00,24700,PE,972.95,986.93,973.26,976.5,568,36281,0.1424
2025-08-22 09:40:00,24750,CE,413.68,418.27,411.61,417.22,418,33749,0.1454
2025-08-22 09:40:00,24750,PE,992.36,1005.89,990.83,997.26,547,36701,0.1369
2025-08-22 09:40:00,24800,CE,430.67,433.91,425.62,430.19,215,31699,0.1445
2025-08-22 09:40:00,24800,PE,1070.02,1090.26,1059.07,1073.42,114,33103,0.1408
2025-08-22 09:40:00,24850,CE,365.99,372.22,367.26,369.86,399,32644,0.1414
2025-08-22 09:40:00,24850,PE,1102.08,1119.01,1099.27,1103.83,20,28717,0.1432
2025-08-22 09:40:00,24900,CE,411.72,410.05,408.05,409.94,132,28340,0.144
2025-08-22 09:40:00,24900,PE,1171.12,1188.86,1186.88,1187.82,447,26025,0.1397
2025-08-22 09:45:00,23500,CE,1001.95,1024.3,999.77,1009.21,563,30555,0.1429
2025-08-22 09:45:00,23500,PE,402.84,401.84,399.59,400.68,222,30852,0.1421
2025-08-22 09:45:00,23550,CE,963.42,968.13,962.04,964.55,213,30799,0.1437
2025-08-22 09:45:00,23550,PE,395.19,396.93,391.3,393.59,13,29169,0.1413
2025-08-22 09:45:00,23600,CE,905.83,901.89,894.49,899.4,381,30023,0.1416
2025-08-22 09:45:00,23600,PE,421.12,431.08,419.57,419.76,231,30797,0.1389
2025-08-22 09:45:00,23650,CE,835.91,854.4,838.07,848.14,360,33646,0.1443
2025-08-22 09:45:00,23650,PE,401.26,403.72,400.91,402.31,378,32257,0.1397
2025-08-22 09:45:00,23700,CE,793.6,806.36,783.41,792.75,165,34559,0.1403
2025-08-22 09:45:00,23700,PE,403.57,424.47,405.73,409.61,537,36240,0.1427
2025-08-22 09:45:00,23750,CE,734.84,729.17,720.26,725.97,57,36710,0.1424
2025-08-22 09:45:00,23750,PE,377.47,376.81,372.5,375.04,81,33721,0.1394
2025-08-22 09:45:00,23800,CE,725.71,726.43,718.37,725.3,652,37634,0.1454
2025-08-22 09:45:00,23800,PE,395.15,392.71,386.16,391.91,647,37888,0.143
2025-08-22 09:45:00,23850,CE,630.66,654.75,630.83,635.53,927,45033,0.1404
2025-08-22 09:45:00,23850,PE,373.51,381.03,376.52,378.84,554,43208,0.1429
2025-08-22 09:45:00,23900,CE,603.0,603.27,598.45,602.96,65,44585,0.1429
2025-08-22 09:45:00,23900,PE,413.0,412.54,408.93,410.8,546,47570,0.1417
2025-08-22 09:45:00,23950,CE,568.7,570.16,560.94,568.97,588,45552,0.1408
2025-08-22 09:45:00,23950,PE,375.04,383.27,374.65,376.99,837,48359,0.1443
2025-08-22 09:45:00,24000,CE,492.99,492.55,485.64,489.39,41,54009,0.1441
2025-08-22 09:45:00,24000,PE,397.86,404.14,394.07,397.57,866,53189,0.1448
2025-08-22 09:45:00,24050,CE,447.42,454.5,443.06,449.65,830,59916,0.1424
2025-08-22 09:45:00,24050,PE,408.55,412.94,409.53,411.43,864,60159,0.1407
2025-08-22 09:45:00,24100,CE,416.32,425.45,417.34,419.36,1495,67174,0.1433
2025-08-22 09:45:00,24100,PE,425.04,421.46,412.7,420.06,629,62390,0.1412
2025-08-22 09:45:00,24150,CE,429.37,433.96,420.95,427.51,894,77129,0.1445
2025-08-22 09:45:00,24150,PE,459.71,457.73,451.66,455.13,455,74951,0.1436
2025-08-22 09:45:00,24200,CE,379.98,383.43,376.05,380.7,1265,81022,0.141
2025-08-22 09:45:00,24200,PE,462.99,473.73,465.23,468.23,781,86719,0.14
2025-08-22 09:45:00,24250,CE,401.3,400.65,389.66,397.89,40,75278,0.1434
2025-08-22 09:45:00,24250,PE,557.29,558.87,546.22,548.03,481,77992,0.142
2025-08-22 09:45:00,24300,CE,382.26,390.99,380.95,382.03,388,68583,0.1384
2025-08-22 09:45:00,24300,PE,621.9,621.42,606.25,618.53,953,68239,0.14
2025-08-22 09:45:00,24350,CE,392.2,397.54,390.14,393.51,326,58695,0.1435
2025-08-22 09:45:00,24350,PE,657.16,659.3,654.53,657.38,33,62216,0.1429
2025-08-22 09:45:00,24400,CE,377.18,391.34,378.63,381.52,602,55699,0.138
2025-08-22 09:45:00,24400,PE,680.41,692.71,670.41,681.74,205,52820,0.1432
2025-08-22 09:45:00,24450,CE,403.19,417.01,398.47,405.65,621,47771,0.1423
2025-08-22 09:45:00,24450,PE,728.29,740.73,730.27,736.5,152,54178,0.1461
2025-08-22 09:45:00,24500,CE,422.73,430.01,422.45,423.59,212,44364,0.1404
2025-08-22 09:45:00,24500,PE,807.78,814.71,790.21,813.57,152,47064,0.1439
2025-08-22 09:45:00,24550,CE,409.72,413.28,402.2,408.39,185,45424,0.1396
2025-08-22 09:45:00,24550,PE,884.24,893.75,870.05,882.92,510,42121,0.1443
2025-08-22 09:45:00,24600,CE,395.13,391.82,387.34,391.63,259,40355,0.1439
2025-08-22 09:45:00,24600,PE,900.68,901.84,879.37,891.0,396,39010,0.1408
2025-08-22 09:45:00,24650,CE,385.8,389.8,386.01,387.93,187,40673,0.1377
2025-08-22 09:45:00,24650,PE,935.01,960.72,941.07,942.93,17,40580,0.1443
2025-08-22 09:45:00,24700,CE,409.29,407.06,403.75,406.49,553,33052,0.143
2025-08-22 09:45:00,24700,PE,955.77,977.69,969.19,971.03,190,35929,0.14
2025-08-22 09:45:00,24750,CE,398.61,399.17,397.42,397.78,308,33405,0.14
2025-08-22 09:45:00,24750,PE,1039.87,1089.36,1043.66,1044.18,431,36565,0.1428
2025-08-22 09:45:00,24800,CE,415.26,419.45,413.42,413.68,498,32122,0.1419
2025-08-22 09:45:00,24800,PE,1062.14,1084.15,1067.11,1067.44,211,33218,0.1413
2025-08-22 09:45:00,24850,CE,369.07,379.83,370.99,373.51,19,32125,0.138
2025-08-22 09:45:00,24850,PE,1191.52,1193.98,1176.06,1182.59,251,28684,0.1447
2025-08-22 09:45:00,24900,CE,391.99,396.94,393.15,394.68,190,27848,0.144
2025-08-22 09:45:00,24900,PE,1193.44,1208.35,1196.36,1197.06,393,25912,0.1436
2025-08-22 09:50:00,23500,CE,1019.77,1030.82,1017.01,1021.0,268,30439,0.1477
2025-08-22 09:50:00,23500,PE,396.23,417.75,404.32,404.67,284,31030,0.1435
2025-08-22 09:50:00,23550,CE,960.15,965.85,960.05,964.77,457,30858,0.147
2025-08-22 09:50:00,23550,PE,356.42,364.55,359.51,361.18,106,29618,0.1404
2025-08-22 09:50:00,23600,CE,953.97,954.46,939.02,950.91,187,29442,0.1436
2025-08-22 09:50:00,23600,PE,428.06,426.21,422.86,425.17,34,31125,0.1445
2025-08-22 09:50:00,23650,CE,865.6,876.55,861.86,869.33,268,33073,0.1438
2025-08-22 09:50:00,23650,PE,401.2,406.94,398.11,402.74,550,32022,0.1478
2025-08-22 09:50:00,23700,CE,784.31,791.74,783.32,785.87,708,35014,0.1414
2025-08-22 09:50:00,23700,PE,393.63,393.65,388.03,390.11,46,36468,0.1449
2025-08-22 09:50:00,23750,CE,770.99,783.01,772.02,781.37,476,36316,0.1441
2025-08-22 09:50:00,23750,PE,400.06,407.6,402.96,403.23,276,33709,0.1434
2025-08-22 09:50:00,23800,CE,709.6,706.61,698.8,704.23,135,37900,0.1403
2025-08-22 09:50:00,23800,PE,398.54,404.71,398.31,399.19,244,38412,0.1426
2025-08-22 09:50:00,23850,CE,660.32,667.54,659.94,666.76,745,45194,0.1398
2025-08-22 09:50:00,23850,PE,413.71,412.42,406.31,410.68,124,42637,0.1415
2025-08-22 09:50:00,23900,CE,616.53,623.81,609.25,615.97,163,44584,0.1398
2025-08-22 09:50:00,23900,PE,401.13,399.33,398.58,398.88,800,47153,0.1431
2025-08-22 09:50:00,23950,CE,585.92,588.87,578.77,583.29,809,45009,0.1423
2025-08-22 09:50:00,23950,PE,402.93,408.63,405.73,406.89,315,48477,0.1448
2025-08-22 09:50:00,24000,CE,556.46,576.4,560.63,564.59,1065,54341,0.1431
2025-08-22 09:50:00,24000,PE,413.17,415.98,408.7,415.77,692,52632,0.1425
2025-08-22 09:50:00,24050,CE,464.04,464.04,456.36,459.67,448,60256,0.1428
2025-08-22 09:50:00,24050,PE,422.38,419.24,412.26,417.37,141,60406,0.1421
2025-08-22 09:50:00,24100,CE,394.47,400.34,395.72,399.28,1221,67476,0.1423
2025-08-22 09:50:00,24100,PE,403.94,419.59,402.15,405.93,396,62083,0.1413
2025-08-22 09:50:00,24150,CE,397.81,393.8,387.56,392.26,335,77001,0.1421
2025-08-22 09:50:00,24150,PE,398.32,408.16,399.41,402.22,842,74494,0.141
2025-08-22 09:50:00,24200,CE,391.78,394.1,391.0,393.24,785,80708,0.1436
2025-08-22 09:50:00,24200,PE,455.57,481.76,457.52,460.96,777,86482,0.1402
2025-08-22 09:50:00,24250,CE,407.07,408.49,406.61,408.4,1148,75061,0.1445
2025-08-22 09:50:00,24250,PE,551.67,553.69,546.23,551.91,1050,77602,0.1416
2025-08-22 09:50:00,24300,CE,380.34,390.94,380.29,380.34,107,68209,0.1418
2025-08-22 09:50:00,24300,PE,599.0,606.86,602.41,602.73,460,68720,0.1459
2025-08-22 09:50:00,24350,CE,382.23,386.3,378.79,381.46,183,59035,0.1446
2025-08-22 09:50:00,24350,PE,603.32,623.95,601.56,605.7,680,62029,0.1421
2025-08-22 09:50:00,24400,CE,408.37,408.8,405.61,407.05,306,56236,0.143
2025-08-22 09:50:00,24400,PE,690.18,695.48,691.28,692.58,635,52506,0.1443
2025-08-22 09:50:00,24450,CE,383.33,382.57,379.46,380.27,741,47659,0.1405
2025-08-22 09:50:00,24450,PE,737.7,730.58,727.5,727.81,77,54554,0.1413
2025-08-22 09:50:00,24500,CE,400.91,405.85,403.78,404.01,653,44295,0.1413
2025-08-22 09:50:00,24500,PE,755.92,767.33,753.59,757.28,532,46745,0.1431
2025-08-22 09:50:00,24550,CE,418.66,423.23,419.15,419.79,595,45266,0.1422
2025-08-22 09:50:00,24550,PE,823.05,837.75,806.05,815.41,195,42121,0.1414
2025-08-22 09:50:00,24600,CE,383.13,390.04,375.78,384.93,182,40499,0.1406
2025-08-22 09:50:00,24600,PE,894.13,889.87,878.91,883.47,490,38896,0.1398
2025-08-22 09:50:00,24650,CE,411.28,416.95,396.42,404.16,482,40590,0.1431
2025-08-22 09:50:00,24650,PE,940.22,951.06,936.82,942.4,594,40296,0.1455
2025-08-22 09:50:00,24700,CE,367.13,373.21,363.71,363.71,409,33094,0.1443
2025-08-22 09:50:00,24700,PE,983.85,994.3,984.31,989.33,545,35592,0.1395
2025-08-22 09:50:00,24750,CE,375.94,378.82,370.56,375.09,114,33846,0.1411
2025-08-22 09:50:00,24750,PE,1026.48,1042.27,1015.8,1040.66,492,36861,0.1366
2025-08-22 09:50:00,24800,CE,393.8,396.13,387.81,390.94,250,32014,0.1398
2025-08-22 09:50:00,24800,PE,1102.55,1130.33,1097.4,1106.79,347,33514,0.1443
2025-08-22 09:50:00,24850,CE,413.4,418.48,409.91,411.97,141,31533,0.1458
2025-08-22 09:50:00,24850,PE,1147.51,1165.51,1148.14,1151.57,43,28497,0.1411
2025-08-22 09:50:00,24900,CE,404.29,406.71,404.41,405.46,322,27776,0.1404
2025-08-22 09:50:00,24900,PE,1165.51,1180.36,1158.15,1168.48,292,25875,0.1447
2025-08-22 09:55:00,23500,CE,981.91,991.97,961.2,976.78,153,30737,0.1397
2025-08-22 09:55:00,23500,PE,402.99,408.5,404.68,405.86,423,31585,0.1414
2025-08-22 09:55:00,23550,CE,952.56,969.47,939.07,939.81,512,30713,0.1438
2025-08-22 09:55:00,23550,PE,406.26,413.43,404.02,406.89,438,29438,0.1454
2025-08-22 09:55:00,23600,CE,871.22,896.11,859.21,873.35,576,29574,0.1415
2025-08-22 09:55:00,23600,PE,403.43,407.84,401.73,406.4,551,30862,0.1441
2025-08-22 09:55:00,23650,CE,823.01,830.36,814.91,819.98,21,32642,0.1421
2025-08-22 09:55:00,23650,PE,383.7,388.6,383.46,384.2,380,32575,0.1443
2025-08-22 09:55:00,23700,CE,786.23,793.19,779.73,791.29,480,35385,0.1418
2025-08-22 09:55:00,23700,PE,379.63,392.64,379.86,385.98,362,37018,0.1392
2025-08-22 09:55:00,23750,CE,717.87,720.13,716.81,717.19,773,35977,0.1464
2025-08-22 09:55:00,23750,PE,401.18,402.87,399.72,400.51,710,33130,0.1437
2025-08-22 09:55:00,23800,CE,681.81,694.73,687.87,689.12,536,37824,0.1426
2025-08-22 09:55:00,23800,PE,384.99,391.76,381.37,386.46,280,38932,0.142
2025-08-22 09:55:00,23850,CE,636.56,646.72,636.14,636.16,656,44759,0.1414
2025-08-22 09:55:00,23850,PE,384.88,395.84,387.56,389.22,150,42177,0.1443
2025-08-22 09:55:00,23900,CE,570.16,576.08,563.58,571.51,344,44066,0.1413
2025-08-22 09:55:00,23900,PE,382.44,385.79,380.93,384.0,301,47471,0.1424
2025-08-22 09:55:00,23950,CE,533.05,541.66,533.62,540.13,1071,45352,0.1416
2025-08-22 09:55:00,23950,PE,412.45,412.14,407.46,408.32,617,48711,0.1418
2025-08-22 09:55:00,24000,CE,481.63,486.15,481.15,481.48,1317,53804,0.1408
2025-08-22 09:55:00,24000,PE,401.62,409.87,401.87,403.29,1263,52899,0.1403
2025-08-22 09:55:00,24050,CE,423.04,425.4,416.72,422.66,642,60194,0.1415
2025-08-22 09:55:00,24050,PE,370.16,376.44,370.26,370.85,725,59995,0.1409
2025-08-22 09:55:00,24100,CE,405.6,412.09,407.44,409.9,408,67230,0.1424
2025-08-22 09:55:00,24100,PE,406.07,410.89,403.38,405.23,37,62084,0.1401
2025-08-22 09:55:00,24150,CE,409.22,420.24,409.48,409.73,698,76796,0.1445
2025-08-22 09:55:00,24150,PE,504.4,503.89,489.51,496.03,273,75057,0.1415
2025-08-22 09:55:00,24200,CE,402.63,404.71,398.53,402.0,860,80677,0.1432
2025-08-22 09:55:00,24200,PE,509.52,515.46,507.9,509.11,915,86328,0.1416
2025-08-22 09:55:00,24250,CE,412.62,420.69,413.81,413.87,255,75268,0.1428
2025-08-22 09:55:00,24250,PE,537.45,541.04,534.32,535.01,865,77782,0.146
2025-08-22 09:55:00,24300,CE,412.6,419.77,412.16,417.5,576,67611,0.1422
2025-08-22 09:55:00,24300,PE,613.66,635.33,620.95,624.71,647,68862,0.1417
2025-08-22 09:55:00,24350,CE,403.87,400.79,396.09,400.05,385,58727,0.143
2025-08-22 09:55:00,24350,PE,662.6,668.96,663.27,666.57,895,61879,0.1405
2025-08-22 09:55:00,24400,CE,408.57,407.83,403.7,404.92,237,56483,0.1402
2025-08-22 09:55:00,24400,PE,714.97,717.06,709.37,712.26,410,52574,0.1428
2025-08-22 09:55:00,24450,CE,370.64,380.8,375.99,376.49,505,47501,0.1403
2025-08-22 09:55:00,24450,PE,738.08,748.11,737.55,737.87,128,54154,0.1393
2025-08-22 09:55:00,24500,CE,375.78,381.64,375.69,377.91,674,44301,0.1413
2025-08-22 09:55:00,24500,PE,833.34,845.08,833.64,835.8,306,46528,0.1448
2025-08-22 09:55:00,24550,CE,370.73,378.94,372.82,375.5,485,45761,0.1426
2025-08-22 09:55:00,24550,PE,835.48,855.45,842.8,845.41,517,42162,0.1416
2025-08-22 09:55:00,24600,CE,388.35,402.65,387.06,390.93,303,40938,0.1399
2025-08-22 09:55:00,24600,PE,919.31,921.7,909.98,913.87,538,38764,0.1446
2025-08-22 09:55:00,24650,CE,377.41,376.96,375.83,376.43,569,40982,0.1388
2025-08-22 09:55:00,24650,PE,966.91,974.96,973.28,974.81,500,39763,0.1423
2025-08-22 09:55:00,24700,CE,372.83,378.17,369.3,370.05,80,32851,0.1387
2025-08-22 09:55:00,24700,PE,1023.25,1032.15,1021.01,1026.12,426,35085,0.14
2025-08-22 09:55:00,24750,CE,363.32,370.31,362.1,365.04,51,33283,0.1441
2025-08-22 09:55:00,24750,PE,1096.49,1109.42,1089.05,1090.84,108,37363,0.1417
2025-08-22 09:55:00,24800,CE,394.86,407.66,394.28,398.25,363,32274,0.1423
2025-08-22 09:55:00,24800,PE,1093.25,1094.3,1081.8,1084.92,152,33664,0.1368
2025-08-22 09:55:00,24850,CE,390.1,395.54,387.83,388.49,373,31571,0.1399
2025-08-22 09:55:00,24850,PE,1162.18,1173.86,1139.94,1156.82,409,28580,0.1441
2025-08-22 09:55:00,24900,CE,375.25,373.3,367.66,372.33,152,27942,0.1392
2025-08-22 09:55:00,24900,PE,1210.18,1214.34,1205.5,1214.22,430,26266,0.1439
2025-08-22 10:00:00,23500,CE,925.93,931.53,921.61,922.82,307,30853,0.1404
2025-08-22 10:00:00,23500,PE,404.01,403.98,400.27,400.92,593,31883,0.1459
2025-08-22 10:00:00,23550,CE,881.48,884.83,872.68,877.27,330,30450,0.1401
2025-08-22 10:00:00,23550,PE,379.82,383.51,375.45,377.36,587,30010,0.1454
2025-08-22 10:00:00,23600,CE,889.22,900.31,886.76,889.72,59,29012,0.1439
2025-08-22 10:00:00,23600,PE,407.31,409.78,405.62,407.04,89,30725,0.1438
2025-08-22 10:00:00,23650,CE,819.59,837.39,797.26,811.23,128,33100,0.1428
2025-08-22 10:00:00,23650,PE,389.28,390.95,386.03,389.12,680,32191,0.1438
2025-08-22 10:00:00,23700,CE,728.17,738.37,724.8,731.15,667,34954,0.1424
2025-08-22 10:00:00,23700,PE,399.25,406.47,399.44,402.17,634,36856,0.1422
2025-08-22 10:00:00,23750,CE,687.2,700.51,678.63,682.61,48,35890,0.144
2025-08-22 10:00:00,23750,PE,404.9,412.51,402.33,405.9,720,33650,0.1421
2025-08-22 10:00:00,23800,CE,666.58,686.43,661.12,667.04,129,38227,0.1455
2025-08-22 10:00:00,23800,PE,410.38,421.49,403.72,408.03,291,38888,0.1449
2025-08-22 10:00:00,23850,CE,598.65,603.93,593.47,595.32,130,45326,0.1428
2025-08-22 10:00:00,23850,PE,407.0,414.73,408.39,409.96,839,42347,0.1457
2025-08-22 10:00:00,23900,CE,522.96,521.61,517.3,517.34,864,44514,0.1379
2025-08-22 10:00:00,23900,PE,411.12,421.44,410.38,412.01,185,47166,0.1427
2025-08-22 10:00:00,23950,CE,515.89,524.09,510.74,511.26,71,45338,0.1407
2025-08-22 10:00:00,23950,PE,393.55,399.82,391.32,395.2,673,48146,0.1439
2025-08-22 10:00:00,24000,CE,453.9,454.53,451.29,452.72,1032,53214,0.1406
2025-08-22 10:00:00,24000,PE,398.14,399.28,390.72,398.48,1233,53145,0.1432
2025-08-22 10:00:00,24050,CE,379.73,384.02,378.93,380.63,1445,59735,0.141
2025-08-22 10:00:00,24050,PE,393.33,393.69,388.47,391.06,1541,60052,0.1426
2025-08-22 10:00:00,24100,CE,391.37,394.09,391.84,392.71,1300,67465,0.1441
2025-08-22 10:00:00,24100,PE,434.57,446.64,434.42,437.35,993,61522,0.1399
2025-08-22 10:00:00,24150,CE,410.4,404.07,399.69,402.25,909,76734,0.1411
2025-08-22 10:00:00,24150,PE,519.16,540.15,518.5,520.79,1112,75277,0.1439
2025-08-22 10:00:00,24200,CE,408.87,418.27,404.36,411.57,103,81144,0.1416
2025-08-22 10:00:00,24200,PE,568.33,566.76,560.14,565.58,90,86087,0.1438
2025-08-22 10:00:00,24250,CE,397.36,402.87,395.52,398.23,237,75837,0.1429
2025-08-22 10:00:00,24250,PE,593.98,597.4,593.43,595.58,173,78195,0.1438
2025-08-22 10:00:00,24300,CE,413.98,412.49,406.1,406.77,220,67791,0.1424
2025-08-22 10:00:00,24300,PE,659.17,663.83,655.95,663.01,98,68732,0.1405
2025-08-22 10:00:00,24350,CE,433.37,432.29,428.86,431.32,539,58980,0.1421
2025-08-22 10:00:00,24350,PE,697.42,707.97,692.79,696.76,750,62258,0.138
2025-08-22 10:00:00,24400,CE,376.11,371.64,363.0,371.29,416,56246,0.1398
2025-08-22 10:00:00,24400,PE,757.27,767.45,757.83,761.49,215,53165,0.1428
2025-08-22 10:00:00,24450,CE,388.27,398.41,386.33,391.09,449,47991,0.1437
2025-08-22 10:00:00,24450,PE,811.96,805.78,799.83,804.5,324,54136,0.1449
2025-08-22 10:00:00,24500,CE,407.44,408.13,402.44,403.93,565,44568,0.1432
2025-08-22 10:00:00,24500,PE,874.25,885.05,867.09,875.27,145,46556,0.1477
2025-08-22 10:00:00,24550,CE,396.32,406.83,402.43,403.78,144,46074,0.1427
2025-08-22 10:00:00,24550,PE,912.1,909.53,905.6,909.36,29,42554,0.1418
2025-08-22 10:00:00,24600,CE,375.69,376.72,372.2,374.16,558,40365,0.1401
2025-08-22 10:00:00,24600,PE,972.41,980.75,964.05,966.63,381,38258,0.1414
2025-08-22 10:00:00,24650,CE,388.35,398.89,387.62,388.08,209,40785,0.1436
2025-08-22 10:00:00,24650,PE,1027.5,1032.08,1020.37,1031.26,298,40264,0.1439
2025-08-22 10:00:00,24700,CE,406.24,407.2,404.27,405.54,252,32728,0.1452
2025-08-22 10:00:00,24700,PE,1040.83,1045.84,1035.67,1045.61,57,35550,0.1404
2025-08-22 10:00:00,24750,CE,363.91,365.02,361.8,364.95,165,33237,0.1377
2025-08-22 10:00:00,24750,PE,1119.94,1130.99,1110.63,1118.87,54,37109,0.1418
2025-08-22 10:00:00,24800,CE,406.83,405.8,392.66,399.15,271,32754,0.1409
2025-08-22 10:00:00,24800,PE,1170.01,1177.97,1153.56,1159.84,164,33736,0.1449
2025-08-22 10:00:00,24850,CE,354.04,360.79,356.18,358.66,405,31403,0.1367
2025-08-22 10:00:00,24850,PE,1224.49,1225.46,1204.21,1222.47,141,28033,0.1426
2025-08-22 10:00:00,24900,CE,372.73,378.25,369.55,373.59,401,27475,0.1396
2025-08-22 10:00:00,24900,PE,1224.12,1245.75,1232.97,1237.24,100,25833,0.1432
2025-08-22 10:05:00,23500,CE,944.31,954.33,933.94,936.31,436,30690,0.1408
2025-08-22 10:05:00,23500,PE,366.57,371.75,368.16,370.42,435,32011,0.1416
2025-08-22 10:05:00,23550,CE,904.55,907.74,898.93,903.63,20,30219,0.1449
2025-08-22 10:05:00,23550,PE,397.73,404.96,395.7,400.36,13,29488,0.1432
2025-08-22 10:05:00,23600,CE,814.66,831.08,816.14,824.55,336,28729,0.1411
2025-08-22 10:05:00,23600,PE,426.44,425.71,416.93,422.53,72,30615,0.1436
2025-08-22 10:05:00,23650,CE,792.65,804.15,787.71,795.6,346,33690,0.1418
2025-08-22 10:05:00,23650,PE,400.13,397.59,393.78,397.37,501,32062,0.1452
2025-08-22 10:05:00,23700,CE,730.33,749.67,725.38,727.75,391,34461,0.1441
2025-08-22 10:05:00,23700,PE,394.54,400.35,396.71,398.54,322,36953,0.1425
2025-08-22 10:05:00,23750,CE,668.34,684.84,671.28,674.31,32,36393,0.1439
2025-08-22 10:05:00,23750,PE,419.88,425.96,412.87,417.34,462,33994,0.1408
2025-08-22 10:05:00,23800,CE,677.11,681.97,670.89,672.41,278,38630,0.1447
2025-08-22 10:05:00,23800,PE,395.78,397.76,396.29,396.78,366,39401,0.1415
2025-08-22 10:05:00,23850,CE,566.92,577.28,569.48,576.17,569,45489,0.145
2025-08-22 10:05:00,23850,PE,423.46,427.12,424.25,424.44,232,42940,0.1448
2025-08-22 10:05:00,23900,CE,526.68,528.08,523.14,524.94,247,43953,0.1418
2025-08-22 10:05:00,23900,PE,412.46,413.18,410.39,412.51,540,47567,0.1457
2025-08-22 10:05:00,23950,CE,498.3,504.93,490.11,498.72,1262,45766,0.139
2025-08-22 10:05:00,23950,PE,422.9,421.12,416.28,419.78,766,48646,0.143
2025-08-22 10:05:00,24000,CE,427.3,423.38,415.35,420.59,793,53187,0.144
2025-08-22 10:05:00,24000,PE,385.74,392.51,387.05,390.6,307,53490,0.1437
2025-08-22 10:05:00,24050,CE,385.13,386.6,384.98,385.69,563,59369,0.144
2025-08-22 10:05:00,24050,PE,412.37,405.24,401.29,404.46,654,60175,0.1402
2025-08-22 10:05:00,24100,CE,374.27,374.32,369.84,373.24,413,67295,0.1383
2025-08-22 10:05:00,24100,PE,438.61,443.47,435.84,441.65,500,61637,0.1445
2025-08-22 10:05:00,24150,CE,364.05,369.92,367.6,367.83,919,76944,0.1364
2025-08-22 10:05:00,24150,PE,484.7,491.93,480.46,484.29,198,75093,0.1408
2025-08-22 10:05:00,24200,CE,400.82,404.51,399.95,403.97,742,80803,0.1374
2025-08-22 10:05:00,24200,PE,552.2,556.65,554.59,555.56,95,85873,0.1409
2025-08-22 10:05:00,24250,CE,359.38,369.02,361.07,363.28,697,76033,0.1421
2025-08-22 10:05:00,24250,PE,593.63,599.6,578.85,586.54,146,78407,0.1417
2025-08-22 10:05:00,24300,CE,411.33,419.03,412.91,415.87,192,68080,0.1381
2025-08-22 10:05:00,24300,PE,656.68,653.93,645.59,653.07,530,68283,0.1415
2025-08-22 10:05:00,24350,CE,409.15,417.43,409.01,411.11,305,59362,0.1418
2025-08-22 10:05:00,24350,PE,723.04,722.87,715.88,716.88,374,62483,0.1464
2025-08-22 10:05:00,24400,CE,397.59,401.2,397.14,398.04,587,55682,0.1435
2025-08-22 10:05:00,24400,PE,759.17,763.58,758.99,759.47,727,52967,0.1415
2025-08-22 10:05:00,24450,CE,379.08,380.85,373.22,379.57,576,47951,0.1391
2025-08-22 10:05:00,24450,PE,839.15,861.75,832.75,844.41,422,53968,0.1426
2025-08-22 10:05:00,24500,CE,393.3,392.85,385.93,390.26,577,44108,0.1413
2025-08-22 10:05:00,24500,PE,862.99,886.21,859.22,874.65,606,46204,0.1411
2025-08-22 10:05:00,24550,CE,373.54,380.24,376.71,380.06,559,45503,0.142
2025-08-22 10:05:00,24550,PE,929.09,941.13,924.8,929.05,18,42065,0.1404
2025-08-22 10:05:00,24600,CE,425.5,426.95,424.56,425.21,330,40084,0.141
2025-08-22 10:05:00,24600,PE,945.92,970.43,930.03,942.92,359,38641,0.1451
2025-08-22 10:05:00,24650,CE,392.69,396.34,394.07,395.57,24,40816,0.1432
2025-08-22 10:05:00,24650,PE,1030.06,1022.39,1012.55,1020.51,417,40173,0.145
2025-08-22 10:05:00,24700,CE,383.39,392.47,386.45,387.01,492,32922,0.1418
2025-08-22 10:05:00,24700,PE,1082.98,1077.99,1070.23,1072.51,26,35599,0.1426
2025-08-22 10:05:00,24750,CE,391.7,392.84,391.25,392.81,198,32794,0.1415
2025-08-22 10:05:00,24750,PE,1119.58,1111.53,1104.51,1110.5,480,36776,0.1403
2025-08-22 10:05:00,24800,CE,376.66,379.81,375.56,376.42,47,32421,0.1397
2025-08-22 10:05:00,24800,PE,1134.28,1151.03,1140.95,1143.51,396,33855,0.142
2025-08-22 10:05:00,24850,CE,392.72,396.57,388.6,392.75,377,31356,0.1415
2025-08-22 10:05:00,24850,PE,1207.05,1244.26,1201.87,1209.69,60,27898,0.1384
2025-08-22 10:05:00,24900,CE,406.55,410.87,405.41,410.27,93,27542,0.1426
2025-08-22 10:05:00,24900,PE,1258.39,1274.43,1256.74,1262.96,123,26397,0.141
2025-08-22 10:10:00,23500,CE,951.08,947.66,940.99,941.31,231,30467,0.1413
2025-08-22 10:10:00,23500,PE,385.87,393.01,388.08,389.29,588,32035,0.1404
2025-08-22 10:10:00,23550,CE,923.12,937.44,913.56,914.65,116,30195,0.1449
2025-08-22 10:10:00,23550,PE,385.87,394.72,386.19,392.2,169,29747,0.1419
2025-08-22 10:10:00,23600,CE,827.02,856.7,826.73,832.29,394,29005,0.1412
2025-08-22 10:10:00,23600,PE,398.79,400.76,397.14,398.15,638,30889,0.1419
2025-08-22 10:10:00,23650,CE,805.27,808.6,784.47,801.18,255,33331,0.1435
2025-08-22 10:10:00,23650,PE,427.65,429.33,421.61,425.25,390,32000,0.1412
2025-08-22 10:10:00,23700,CE,763.32,772.77,765.89,767.1,254,34834,0.1436
2025-08-22 10:10:00,23700,PE,398.01,404.2,397.08,397.53,715,36810,0.1401
2025-08-22 10:10:00,23750,CE,692.33,702.83,684.56,691.78,584,36974,0.1398
2025-08-22 10:10:00,23750,PE,403.51,413.94,406.64,409.86,24,33831,0.1424
2025-08-22 10:10:00,23800,CE,639.43,644.26,636.14,639.67,691,38627,0.1405
2025-08-22 10:10:00,23800,PE,439.7,443.36,441.75,442.68,740,39370,0.1439
2025-08-22 10:10:00,23850,CE,623.34,630.01,623.75,625.95,81,45409,0.143
2025-08-22 10:10:00,23850,PE,398.8,393.89,392.87,393.02,425,43354,0.1401
2025-08-22 10:10:00,23900,CE,539.09,544.95,538.86,540.51,184,43539,0.1432
2025-08-22 10:10:00,23900,PE,390.55,393.07,384.24,391.7,178,47648,0.142
2025-08-22 10:10:00,23950,CE,514.17,513.52,508.28,510.12,1287,45908,0.1425
2025-08-22 10:10:00,23950,PE,382.95,389.07,376.14,380.26,1059,49067,0.1413
2025-08-22 10:10:00,24000,CE,429.8,437.61,434.6,435.48,902,53318,0.1419
2025-08-22 10:10:00,24000,PE,405.46,406.63,403.08,404.8,379,54042,0.1432
2025-08-22 10:10:00,24050,CE,397.37,397.17,392.1,395.66,1380,59815,0.1449
2025-08-22 10:10:00,24050,PE,357.33,358.57,353.28,358.57,1716,59993,0.1377
2025-08-22 10:10:00,24100,CE,405.05,405.04,398.14,402.01,247,67726,0.1436
2025-08-22 10:10:00,24100,PE,435.08,434.26,431.39,433.41,754,62187,0.1441
2025-08-22 10:10:00,24150,CE,369.59,377.61,366.12,371.82,947,76652,0.1434
2025-08-22 10:10:00,24150,PE,487.23,497.66,483.5,488.65,495,75225,0.1426
2025-08-22 10:10:00,24200,CE,391.99,388.98,383.6,387.93,481,80541,0.1383
2025-08-22 10:10:00,24200,PE,548.41,553.37,544.85,545.3,265,86052,0.1444
2025-08-22 10:10:00,24250,CE,381.21,386.52,383.78,384.36,54,75545,0.1439
2025-08-22 10:10:00,24250,PE,591.23,590.66,580.74,588.5,62,78688,0.1396
2025-08-22 10:10:00,24300,CE,380.19,382.99,377.75,382.98,43,67983,0.144
2025-08-22 10:10:00,24300,PE,635.24,642.81,634.16,642.22,130,68387,0.1456
2025-08-22 10:10:00,24350,CE,406.39,419.17,397.25,406.79,43,58793,0.1408
2025-08-22 10:10:00,24350,PE,668.96,679.94,665.85,670.23,369,62717,0.1414
2025-08-22 10:10:00,24400,CE,404.6,409.73,406.15,406.5,100,55677,0.1431
2025-08-22 10:10:00,24400,PE,715.53,730.62,714.57,716.91,656,53117,0.1404
2025-08-22 10:10:00,24450,CE,374.26,376.92,368.88,370.92,563,47729,0.1398
2025-08-22 10:10:00,24450,PE,787.72,808.65,791.37,792.57,704,53542,0.1407
2025-08-22 10:10:00,24500,CE,398.51,403.85,388.82,394.98,425,44030,0.1418
2025-08-22 10:10:00,24500,PE,844.75,844.69,826.41,840.22,33,46736,0.1385
2025-08-22 10:10:00,24550,CE,390.43,393.27,374.51,384.25,459,45176,0.1431
2025-08-22 10:10:00,24550,PE,880.88,892.47,874.07,878.89,44,42276,0.14
2025-08-22 10:10:00,24600,CE,410.35,417.8,408.53,408.66,337,39543,0.1434
2025-08-22 10:10:00,24600,PE,951.69,955.65,947.58,949.62,602,38902,0.1439
2025-08-22 10:10:00,24650,CE,430.53,432.31,427.45,430.27,271,40502,0.1471
2025-08-22 10:10:00,24650,PE,991.8,1010.6,1001.62,1002.79,162,40114,0.1421
2025-08-22 10:10:00,24700,CE,417.39,420.81,416.66,417.54,39,32763,0.1435
2025-08-22 10:10:00,24700,PE,1047.97,1069.6,1041.75,1055.38,125,35134,0.1422
2025-08-22 10:10:00,24750,CE,378.99,381.36,375.93,376.86,72,32608,0.1427
2025-08-22 10:10:00,24750,PE,1084.6,1100.94,1080.25,1085.6,202,36596,0.1419
2025-08-22 10:10:00,24800,CE,411.44,409.95,406.44,406.55,341,32447,0.1416
2025-08-22 10:10:00,24800,PE,1149.14,1164.98,1129.18,1143.31,101,34421,0.1435
2025-08-22 10:10:00,24850,CE,367.54,372.09,366.87,368.74,343,31320,0.1433
2025-08-22 10:10:00,24850,PE,1200.14,1205.18,1196.18,1203.64,30,28395,0.1436
2025-08-22 10:10:00,24900,CE,409.17,418.0,408.54,410.92,334,27495,0.1402
2025-08-22 10:10:00,24900,PE,1227.97,1243.6,1219.44,1230.79,78,25926,0.1436
2025-08-22 10:15:00,23500,CE,927.96,948.7,938.31,941.5,181,30143,0.1446
2025-08-22 10:15:00,23500,PE,416.95,421.57,416.69,416.88,133,31924,0.1428
2025-08-22 10:15:00,23550,CE,938.59,933.35,926.92,932.2,39,29985,0.1456
2025-08-22 10:15:00,23550,PE,420.54,429.46,424.86,426.23,558,30185,0.1448
2025-08-22 10:15:00,23600,CE,886.78,897.21,886.83,888.35,16,29219,0.1464
2025-08-22 10:15:00,23600,PE,390.49,395.24,387.72,391.72,677,30982,0.1427
2025-08-22 10:15:00,23650,CE,784.54,777.64,770.71,774.53,293,33320,0.1443
2025-08-22 10:15:00,23650,PE,387.32,394.21,386.83,386.91,165,31876,0.1432
2025-08-22 10:15:00,23700,CE,742.72,760.6,742.67,746.55,742,34968,0.1443
2025-08-22 10:15:00,23700,PE,376.11,376.67,374.57,375.17,348,36359,0.1416
2025-08-22 10:15:00,23750,CE,680.38,692.4,680.64,683.67,780,36569,0.1391
2025-08-22 10:15:00,23750,PE,394.38,399.79,391.33,391.51,624,33594,0.1434
2025-08-22 10:15:00,23800,CE,662.62,671.77,664.84,665.09,273,38232,0.1422
2025-08-22 10:15:00,23800,PE,390.75,398.91,383.66,388.46,362,39582,0.1462
2025-08-22 10:15:00,23850,CE,602.06,603.01,597.17,601.67,442,44838,0.1412
2025-08-22 10:15:00,23850,PE,406.84,409.33,402.33,404.05,286,42946,0.1416
2025-08-22 10:15:00,23900,CE,526.41,541.38,527.23,529.46,476,44022,0.1422
2025-08-22 10:15:00,23900,PE,375.69,378.94,366.09,373.23,1116,48245,0.1434
2025-08-22 10:15:00,23950,CE,462.55,472.23,463.38,464.0,166,45893,0.1403
2025-08-22 10:15:00,23950,PE,394.92,398.05,394.06,394.14,80,49061,0.1447
2025-08-22 10:15:00,24000,CE,447.64,455.4,451.17,451.99,879,53646,0.1456
2025-08-22 10:15:00,24000,PE,406.09,415.26,411.76,415.21,523,53485,0.1442
2025-08-22 10:15:00,24050,CE,393.66,402.05,383.55,392.36,821,59727,0.1406
2025-08-22 10:15:00,24050,PE,397.12,401.45,396.56,397.64,1118,59512,0.1434
2025-08-22 10:15:00,24100,CE,422.29,422.63,414.88,422.57,955,67607,0.1451
2025-08-22 10:15:00,24100,PE,443.88,443.89,437.41,442.16,1147,62767,0.1412
2025-08-22 10:15:00,24150,CE,420.83,427.88,422.39,424.22,320,76956,0.1465
2025-08-22 10:15:00,24150,PE,488.55,492.65,483.54,489.92,190,75807,0.1402
2025-08-22 10:15:00,24200,CE,409.83,412.89,408.3,408.47,577,80836,0.1431
2025-08-22 10:15:00,24200,PE,522.56,524.02,519.64,523.93,921,86181,0.1397
2025-08-22 10:15:00,24250,CE,382.11,393.04,384.7,385.89,416,75850,0.1472
2025-08-22 10:15:00,24250,PE,598.2,606.62,593.71,597.26,511,78878,0.1435
2025-08-22 10:15:00,24300,CE,406.93,415.31,407.99,413.2,591,67939,0.1415
2025-08-22 10:15:00,24300,PE,646.24,651.55,643.98,648.49,125,68138,0.1397
2025-08-22 10:15:00,24350,CE,410.03,412.19,409.1,411.32,817,58817,0.1438
2025-08-22 10:15:00,24350,PE,679.66,678.65,671.91,677.68,558,62427,0.1418
2025-08-22 10:15:00,24400,CE,413.97,418.17,415.9,416.76,569,55661,0.143
2025-08-22 10:15:00,24400,PE,723.26,742.28,724.46,726.19,185,52692,0.142
2025-08-22 10:15:00,24450,CE,384.17,398.45,382.73,384.39,300,47807,0.1433
2025-08-22 10:15:00,24450,PE,789.79,803.78,794.49,801.55,216,53236,0.1409
2025-08-22 10:15:00,24500,CE,408.82,411.7,409.08,409.87,194,43782,0.1432
2025-08-22 10:15:00,24500,PE,844.31,857.59,844.48,845.23,513,46734,0.1436
2025-08-22 10:15:00,24550,CE,418.99,426.68,420.07,420.25,308,44771,0.1427
2025-08-22 10:15:00,24550,PE,902.53,917.27,882.72,896.48,356,42830,0.1396
2025-08-22 10:15:00,24600,CE,410.37,414.18,409.52,411.25,454,39479,0.1405
2025-08-22 10:15:00,24600,PE,920.71,923.59,917.19,922.84,193,38724,0.1431
2025-08-22 10:15:00,24650,CE,383.48,388.63,377.3,382.23,24,39937,0.1406
2025-08-22 10:15:00,24650,PE,1009.26,1012.17,993.84,1006.57,446,40525,0.1397
2025-08-22 10:15:00,24700,CE,389.19,402.34,391.13,395.51,524,32914,0.1405
2025-08-22 10:15:00,24700,PE,1019.2,1025.74,1016.19,1020.71,503,35033,0.1403
2025-08-22 10:15:00,24750,CE,365.33,371.86,366.41,370.76,136,32302,0.1406
2025-08-22 10:15:00,24750,PE,1083.29,1096.05,1061.95,1075.67,127,36890,0.1431
2025-08-22 10:15:00,24800,CE,425.31,435.41,419.13,422.49,12,32981,0.1396
2025-08-22 10:15:00,24800,PE,1133.9,1146.28,1132.49,1134.69,380,34277,0.1434
2025-08-22 10:15:00,24850,CE,420.5,422.86,413.61,419.14,328,30881,0.1409
2025-08-22 10:15:00,24850,PE,1167.44,1189.38,1163.2,1173.69,205,27926,0.1439
2025-08-22 10:15:00,24900,CE,376.08,378.95,372.67,376.63,56,26902,0.1435
2025-08-22 10:15:00,24900,PE,1261.91,1294.64,1260.56,1262.58,355,26218,0.1413
2025-08-22 10:20:00,23500,CE,944.56,975.02,955.84,963.62,541,30720,0.141
2025-08-22 10:20:00,23500,PE,402.35,400.25,397.79,398.55,583,32515,0.1448
2025-08-22 10:20:00,23550,CE,875.64,882.49,868.25,877.21,20,30326,0.1458
2025-08-22 10:20:00,23550,PE,372.18,371.64,368.37,369.87,468,29779,0.1424
2025-08-22 10:20:00,23600,CE,811.09,825.71,809.28,819.16,103,29792,0.1426
2025-08-22 10:20:00,23600,PE,390.98,400.18,390.74,391.26,608,30775,0.1419
2025-08-22 10:20:00,23650,CE,760.55,770.27,764.54,768.83,66,33120,0.1423
2025-08-22 10:20:00,23650,PE,402.48,412.23,403.33,403.93,16,32100,0.1404
2025-08-22 10:20:00,23700,CE,765.79,777.43,765.58,768.93,311,34426,0.1429
2025-08-22 10:20:00,23700,PE,402.89,404.3,395.61,402.93,782,36749,0.1397
2025-08-22 10:20:00,23750,CE,715.36,724.67,706.29,709.87,785,37165,0.1458
2025-08-22 10:20:00,23750,PE,405.27,405.69,399.54,403.53,26,33924,0.1451
2025-08-22 10:20:00,23800,CE,655.99,658.54,657.33,657.86,750,38570,0.1443
2025-08-22 10:20:00,23800,PE,393.87,397.88,393.74,396.57,263,39450,0.1432
2025-08-22 10:20:00,23850,CE,601.5,608.86,597.98,605.48,975,44317,0.1436
2025-08-22 10:20:00,23850,PE,412.3,407.28,402.36,407.0,678,43297,0.1433
2025-08-22 10:20:00,23900,CE,502.17,507.13,499.47,503.93,939,44138,0.1401
2025-08-22 10:20:00,23900,PE,451.87,456.7,450.23,451.14,903,48736,0.146
2025-08-22 10:20:00,23950,CE,473.89,483.36,471.86,475.72,1021,45432,0.143
2025-08-22 10:20:00,23950,PE,381.88,388.95,379.66,380.57,340,48827,0.1448
2025-08-22 10:20:00,24000,CE,465.25,466.29,457.33,462.34,541,53478,0.142
2025-08-22 10:20:00,24000,PE,380.68,380.72,375.24,378.33,356,53704,0.146
2025-08-22 10:20:00,24050,CE,400.54,402.61,394.31,399.5,223,60072,0.1454
2025-08-22 10:20:00,24050,PE,378.18,377.81,369.27,370.27,1189,60065,0.1437
2025-08-22 10:20:00,24100,CE,405.28,403.89,390.6,399.6,34,67361,0.1406
2025-08-22 10:20:00,24100,PE,427.64,430.16,426.7,428.1,1367,62759,0.1437
2025-08-22 10:20:00,24150,CE,392.23,396.59,389.3,392.2,748,76390,0.141
2025-08-22 10:20:00,24150,PE,494.33,503.54,496.99,497.25,1009,75510,0.1427
2025-08-22 10:20:00,24200,CE,356.66,355.08,350.7,353.2,1122,80684,0.1402
2025-08-22 10:20:00,24200,PE,537.79,530.77,524.19,529.7,235,86293,0.1431
2025-08-22 10:20:00,24250,CE,389.9,391.23,386.45,386.59,507,75815,0.1414
2025-08-22 10:20:00,24250,PE,589.61,596.76,578.88,592.85,992,78715,0.1399
2025-08-22 10:20:00,24300,CE,393.12,395.45,392.81,393.86,384,68087,0.1409
2025-08-22 10:20:00,24300,PE,694.0,701.44,687.87,688.02,173,68532,0.1444
2025-08-22 10:20:00,24350,CE,393.59,398.78,393.24,396.82,209,58507,0.1407
2025-08-22 10:20:00,24350,PE,684.93,688.54,680.59,686.47,23,62238,0.1372
2025-08-22 10:20:00,24400,CE,395.5,398.58,393.77,396.52,468,55906,0.1392
2025-08-22 10:20:00,24400,PE,724.8,748.02,719.8,733.64,715,53025,0.1401
2025-08-22 10:20:00,24450,CE,385.06,387.35,382.84,383.56,244,48197,0.1439
2025-08-22 10:20:00,24450,PE,796.78,815.35,797.73,802.99,152,52887,0.1406
2025-08-22 10:20:00,24500,CE,408.31,415.53,402.66,407.32,252,43829,0.1411
2025-08-22 10:20:00,24500,PE,833.55,840.13,813.37,829.15,148,47214,0.1435
2025-08-22 10:20:00,24550,CE,384.39,389.6,384.87,387.13,181,44641,0.1431
2025-08-22 10:20:00,24550,PE,903.11,910.85,897.99,900.81,392,42745,0.1415
2025-08-22 10:20:00,24600,CE,402.34,399.75,397.84,398.65,249,40060,0.1377
2025-08-22 10:20:00,24600,PE,957.61,965.58,962.0,962.08,268,38259,0.1438
2025-08-22 10:20:00,24650,CE,392.27,398.56,396.03,396.53,417,40183,0.14
2025-08-22 10:20:00,24650,PE,998.43,1006.54,980.29,983.1,131,40945,0.1366
2025-08-22 10:20:00,24700,CE,390.67,396.1,388.76,390.79,216,32494,0.1426
2025-08-22 10:20:00,24700,PE,1067.61,1059.15,1048.76,1055.15,100,35290,0.144
2025-08-22 10:20:00,24750,CE,395.72,409.13,395.58,400.49,116,32265,0.1425
2025-08-22 10:20:00,24750,PE,1076.19,1089.74,1074.51,1082.76,377,37313,0.1415
2025-08-22 10:20:00,24800,CE,389.7,392.11,388.33,388.57,241,33469,0.1381
2025-08-22 10:20:00,24800,PE,1170.92,1169.04,1143.93,1156.32,152,34723,0.1428
2025-08-22 10:20:00,24850,CE,392.3,398.26,387.13,392.09,121,30358,0.138
2025-08-22 10:20:00,24850,PE,1212.2,1203.58,1182.5,1200.3,338,28234,0.1424
2025-08-22 10:20:00,24900,CE,397.69,412.35,398.57,401.27,410,27407,0.145
2025-08-22 10:20:00,24900,PE,1234.64,1243.86,1236.62,1243.83,51,26363,0.1411
2025-08-22 10:25:00,23500,CE,962.44,993.98,947.7,961.46,421,30841,0.1439
2025-08-22 10:25:00,23500,PE,397.65,397.94,390.28,394.99,20,31969,0.1439
2025-08-22 10:25:00,23550,CE,887.11,889.84,880.51,883.08,427,30753,0.141
2025-08-22 10:25:00,23550,PE,408.08,419.32,405.11,410.77,121,29234,0.1423
2025-08-22 10:25:00,23600,CE,887.31,902.1,882.19,885.68,279,29568,0.1476
2025-08-22 10:25:00,23600,PE,392.05,397.5,391.4,393.9,663,31286,0.1423
2025-08-22 10:25:00,23650,CE,806.41,800.54,792.36,798.73,409,33659,0.1415
2025-08-22 10:25:00,23650,PE,420.19,416.38,413.5,414.0,174,32690,0.1421
2025-08-22 10:25:00,23700,CE,759.07,768.66,751.98,760.4,355,34397,0.1432
2025-08-22 10:25:00,23700,PE,407.65,411.85,405.8,410.56,51,36361,0.143
2025-08-22 10:25:00,23750,CE,713.69,723.91,702.88,711.91,175,37150,0.1416
2025-08-22 10:25:00,23750,PE,398.69,403.76,396.0,396.32,171,33446,0.143
2025-08-22 10:25:00,23800,CE,675.85,677.0,672.21,676.45,565,39017,0.1421
2025-08-22 10:25:00,23800,PE,417.01,419.33,411.11,413.52,78,39522,0.1432
2025-08-22 10:25:00,23850,CE,619.34,640.79,613.77,623.77,978,44202,0.1468
2025-08-22 10:25:00,23850,PE,431.13,442.55,440.01,440.22,199,42792,0.145
2025-08-22 10:25:00,23900,CE,564.51,567.95,561.2,566.11,1063,44024,0.1437
2025-08-22 10:25:00,23900,PE,372.97,382.67,373.0,376.45,136,49175,0.1397
2025-08-22 10:25:00,23950,CE,490.81,495.32,490.12,494.98,1030,45676,0.1435
2025-08-22 10:25:00,23950,PE,403.3,407.53,403.84,406.57,127,48325,0.1402
2025-08-22 10:25:00,24000,CE,438.82,449.56,439.59,441.32,339,53069,0.1396
2025-08-22 10:25:00,24000,PE,416.63,413.71,411.72,412.4,791,53574,0.1408
2025-08-22 10:25:00,24050,CE,396.84,402.87,394.67,394.92,1322,59593,0.1396
2025-08-22 10:25:00,24050,PE,392.7,398.24,396.51,396.64,1259,60585,0.1374
2025-08-22 10:25:00,24100,CE,428.41,430.6,427.11,428.33,230,67543,0.1438
2025-08-22 10:25:00,24100,PE,430.16,434.9,428.9,429.16,820,62272,0.1415
2025-08-22 10:25:00,24150,CE,436.97,438.09,425.42,432.21,417,76735,0.1463
2025-08-22 10:25:00,24150,PE,482.63,483.49,480.46,482.16,1193,75352,0.1452
2025-08-22 10:25:00,24200,CE,406.75,418.03,407.52,408.89,145,80377,0.1457
2025-08-22 10:25:00,24200,PE,537.53,533.55,528.96,530.74,1019,86376,0.1458
2025-08-22 10:25:00,24250,CE,411.54,412.54,410.49,411.29,472,75231,0.1441
2025-08-22 10:25:00,24250,PE,581.13,595.34,572.39,574.68,845,78673,0.1463
2025-08-22 10:25:00,24300,CE,362.43,369.74,362.68,366.19,536,68499,0.1425
2025-08-22 10:25:00,24300,PE,596.75,604.76,599.65,603.17,553,69045,0.1402
2025-08-22 10:25:00,24350,CE,403.42,401.52,395.64,401.25,501,58318,0.1469
2025-08-22 10:25:00,24350,PE,688.36,692.22,679.91,682.92,817,62408,0.1459
2025-08-22 10:25:00,24400,CE,386.23,403.2,381.01,388.92,621,55578,0.1438
2025-08-22 10:25:00,24400,PE,736.93,743.22,737.15,741.93,549,53097,0.1434
2025-08-22 10:25:00,24450,CE,400.45,406.23,397.87,398.96,90,47901,0.1437
2025-08-22 10:25:00,24450,PE,796.51,801.87,799.41,801.48,686,52972,0.1433
2025-08-22 10:25:00,24500,CE,374.32,370.27,367.52,368.79,544,43435,0.143
2025-08-22 10:25:00,24500,PE,832.65,834.41,824.4,832.69,161,47743,0.1407
2025-08-22 10:25:00,24550,CE,401.67,406.83,402.16,403.73,280,45105,0.1393
2025-08-22 10:25:00,24550,PE,872.37,874.22,864.46,873.65,530,42549,0.1448
2025-08-22 10:25:00,24600,CE,409.64,415.81,408.96,410.89,582,40391,0.1445
2025-08-22 10:25:00,24600,PE,947.29,959.37,928.19,932.89,87,37773,0.1403
2025-08-22 10:25:00,24650,CE,402.57,402.47,394.99,401.11,81,40471,0.1419
2025-08-22 10:25:00,24650,PE,973.4,974.96,959.46,972.9,90,40683,0.1371
2025-08-22 10:25:00,24700,CE,392.15,392.64,389.83,391.91,242,32056,0.1413
2025-08-22 10:25:00,24700,PE,1052.77,1034.68,1027.96,1034.0,186,35503,0.1436
2025-08-22 10:25:00,24750,CE,372.46,372.3,366.01,368.01,503,32228,0.1415
2025-08-22 10:25:00,24750,PE,1090.34,1077.38,1069.66,1077.11,388,37349,0.14
2025-08-22 10:25:00,24800,CE,409.65,410.2,404.46,407.97,234,33493,0.1442
2025-08-22 10:25:00,24800,PE,1136.77,1151.37,1128.74,1145.87,472,34194,0.141
2025-08-22 10:25:00,24850,CE,411.53,408.19,402.22,404.5,244,29819,0.1392
2025-08-22 10:25:00,24850,PE,1170.86,1191.98,1177.32,1180.57,411,28355,0.1434
2025-08-22 10:25:00,24900,CE,376.1,379.39,375.01,376.78,28,27555,0.1395
2025-08-22 10:25:00,24900,PE,1243.06,1278.18,1227.57,1246.91,199,25819,0.1427
2025-08-22 10:30:00,23500,CE,982.54,992.34,970.43,986.39,569,30695,0.1404
2025-08-22 10:30:00,23500,PE,392.03,391.74,387.48,389.27,23,32104,0.1432
2025-08-22 10:30:00,23550,CE,943.66,952.18,943.0,948.49,238,30941,0.1423
2025-08-22 10:30:00,23550,PE,417.77,428.97,419.94,422.8,108,29627,0.1441
2025-08-22 10:30:00,23600,CE,887.53,892.96,871.58,883.23,283,29472,0.1413
2025-08-22 10:30:00,23600,PE,404.64,408.72,401.81,401.82,531,31343,0.1402
2025-08-22 10:30:00,23650,CE,832.86,835.37,822.98,831.65,12,33753,0.144
2025-08-22 10:30:00,23650,PE,438.35,438.27,432.37,435.69,459,32464,0.1441
2025-08-22 10:30:00,23700,CE,786.41,796.1,785.92,787.74,147,33861,0.1416
2025-08-22 10:30:00,23700,PE,408.46,411.69,408.84,408.88,643,35766,0.1434
2025-08-22 10:30:00,23750,CE,712.3,722.31,709.64,716.91,484,37553,0.1403
2025-08-22 10:30:00,23750,PE,399.41,403.89,393.17,397.46,298,33086,0.142
2025-08-22 10:30:00,23800,CE,653.21,660.73,657.29,658.91,643,39173,0.1423
2025-08-22 10:30:00,23800,PE,403.24,404.98,400.07,403.28,27,39614,0.1401
2025-08-22 10:30:00,23850,CE,644.83,648.22,637.45,644.31,16,44081,0.1439
2025-08-22 10:30:00,23850,PE,367.35,371.66,366.07,368.53,310,43192,0.1394
2025-08-22 10:30:00,23900,CE,582.64,589.49,576.1,588.23,1065,44262,0.1428
2025-08-22 10:30:00,23900,PE,418.74,427.28,412.53,412.79,804,48602,0.1459
2025-08-22 10:30:00,23950,CE,523.7,543.29,529.39,530.68,97,46008,0.1429
2025-08-22 10:30:00,23950,PE,372.16,376.36,365.63,368.04,534,48333,0.1399
2025-08-22 10:30:00,24000,CE,475.79,480.22,470.17,474.01,971,52885,0.1397
2025-08-22 10:30:00,24000,PE,404.22,409.68,402.64,403.1,957,53846,0.1427
2025-08-22 10:30:00,24050,CE,427.13,429.37,412.22,420.38,409,59816,0.141
2025-08-22 10:30:00,24050,PE,393.17,396.9,389.74,392.82,296,60357,0.1427
2025-08-22 10:30:00,24100,CE,388.36,388.25,380.99,385.78,1319,68122,0.1445
2025-08-22 10:30:00,24100,PE,437.78,441.13,435.32,436.35,134,62450,0.1427
2025-08-22 10:30:00,24150,CE,405.2,419.22,407.34,411.38,831,76861,0.1431
2025-08-22 10:30:00,24150,PE,466.79,470.33,465.42,467.81,1138,74835,0.1401
2025-08-22 10:30:00,24200,CE,394.85,394.24,384.96,390.72,936,80112,0.1405
2025-08-22 10:30:00,24200,PE,521.64,528.69,520.51,520.97,212,86312,0.1437
2025-08-22 10:30:00,24250,CE,391.94,397.98,389.99,391.41,47,75387,0.1387
2025-08-22 10:30:00,24250,PE,569.29,576.54,564.24,568.76,640,78688,0.1404
2025-08-22 10:30:00,24300,CE,367.46,373.45,369.56,371.95,46,68814,0.1397
2025-08-22 10:30:00,24300,PE,618.2,621.28,616.63,619.61,51,68760,0.1463
2025-08-22 10:30:00,24350,CE,440.09,439.16,427.76,429.94,370,58560,0.1452
2025-08-22 10:30:00,24350,PE,655.33,680.34,665.29,670.44,381,62787,0.1413
2025-08-22 10:30:00,24400,CE,423.24,426.89,422.73,426.73,783,55896,0.1428
2025-08-22 10:30:00,24400,PE,728.83,752.83,723.68,725.57,45,53422,0.1417
2025-08-22 10:30:00,24450,CE,361.79,364.38,360.59,362.04,169,48367,0.139
2025-08-22 10:30:00,24450,PE,753.69,762.19,759.91,761.92,756,52473,0.1422
2025-08-22 10:30:00,24500,CE,413.51,413.99,408.72,409.61,81,43671,0.1391
2025-08-22 10:30:00,24500,PE,829.69,837.75,816.6,828.19,112,48305,0.1415
2025-08-22 10:30:00,24550,CE,383.89,397.89,393.13,393.97,366,45193,0.142
2025-08-22 10:30:00,24550,PE,865.58,879.21,864.34,868.28,577,42209,0.1411
2025-08-22 10:30:00,24600,CE,412.95,417.0,410.86,415.22,353,40989,0.1452
2025-08-22 10:30:00,24600,PE,924.65,948.25,919.33,931.06,24,37382,0.1437
2025-08-22 10:30:00,24650,CE,440.14,444.52,441.45,442.12,94,40273,0.1427
2025-08-22 10:30:00,24650,PE,997.94,991.71,986.59,989.21,84,40289,0.1423
2025-08-22 10:30:00,24700,CE,387.85,394.32,389.78,390.62,476,32013,0.1394
2025-08-22 10:30:00,24700,PE,979.63,979.03,971.3,973.3,205,35405,0.1391
2025-08-22 10:30:00,24750,CE,391.94,393.97,389.86,391.13,512,32217,0.1392
2025-08-22 10:30:00,24750,PE,1063.26,1052.71,1046.43,1051.59,252,37862,0.1376
2025-08-22 10:30:00,24800,CE,390.54,389.85,389.11,389.19,26,33466,0.1413
2025-08-22 10:30:00,24800,PE,1102.48,1122.66,1113.22,1115.42,377,34211,0.1429
2025-08-22 10:30:00,24850,CE,356.13,360.84,349.12,353.21,415,30283,0.1395
2025-08-22 10:30:00,24850,PE,1172.05,1193.24,1164.03,1179.47,165,28736,0.1414
2025-08-22 10:30:00,24900,CE,388.7,394.89,388.39,391.29,116,27242,0.1429
2025-08-22 10:30:00,24900,PE,1257.14,1258.75,1241.15,1255.27,445,25234,0.1468
2025-08-22 10:35:00,23500,CE,977.17,978.53,965.75,973.59,220,30850,0.1418
2025-08-22 10:35:00,23500,PE,408.37,408.33,406.12,407.22,256,32517,0.146
2025-08-22 10:35:00,23550,CE,884.28,880.38,875.16,876.48,170,31004,0.1406
2025-08-22 10:35:00,23550,PE,413.93,412.35,407.83,410.0,90,29280,0.1423
2025-08-22 10:35:00,23600,CE,830.25,855.75,844.8,849.28,129,29761,0.1423
2025-08-22 10:35:00,23600,PE,401.86,405.85,395.65,397.4,148,31546,0.1393
2025-08-22 10:35:00,23650,CE,837.59,838.34,836.9,837.52,263,33831,0.1442
2025-08-22 10:35:00,23650,PE,391.35,395.43,384.94,389.05,648,32900,0.1407
2025-08-22 10:35:00,23700,CE,721.33,731.13,725.67,727.44,21,34202,0.1402
2025-08-22 10:35:00,23700,PE,407.6,409.96,400.62,406.79,765,35967,0.1426
2025-08-22 10:35:00,23750,CE,670.47,681.61,660.94,670.66,174,37750,0.14
2025-08-22 10:35:00,23750,PE,402.39,402.41,395.48,400.86,558,33280,0.1432
2025-08-22 10:35:00,23800,CE,659.4,659.37,654.24,656.79,417,39203,0.146
2025-08-22 10:35:00,23800,PE,414.9,422.17,405.69,412.15,626,39570,0.1447
2025-08-22 10:35:00,23850,CE,575.22,587.85,579.92,584.46,818,44332,0.142
2025-08-22 10:35:00,23850,PE,398.91,405.82,400.19,404.42,331,43324,0.1434
2025-08-22 10:35:00,23900,CE,559.21,572.77,554.17,558.71,895,44249,0.1469
2025-08-22 10:35:00,23900,PE,419.1,421.91,413.69,415.47,847,48153,0.1428
2025-08-22 10:35:00,23950,CE,502.4,509.4,503.17,505.43,528,46250,0.1446
2025-08-22 10:35:00,23950,PE,399.07,401.6,396.44,401.19,1196,48508,0.1416
2025-08-22 10:35:00,24000,CE,449.32,452.45,451.78,452.17,1030,52695,0.1381
2025-08-22 10:35:00,24000,PE,372.62,376.38,372.93,373.61,1086,53673,0.1385
2025-08-22 10:35:00,24050,CE,416.67,415.77,406.69,415.45,120,59512,0.1389
2025-08-22 10:35:00,24050,PE,398.81,404.85,396.36,397.03,1098,60911,0.1454
2025-08-22 10:35:00,24100,CE,405.8,418.93,405.38,406.81,761,68554,0.1436
2025-08-22 10:35:00,24100,PE,440.8,437.55,431.65,435.89,1180,62523,0.1418
2025-08-22 10:35:00,24150,CE,390.18,397.36,390.64,394.07,1059,76742,0.1416
2025-08-22 10:35:00,24150,PE,428.78,437.14,428.25,430.54,592,75119,0.1408
2025-08-22 10:35:00,24200,CE,366.36,377.84,369.13,371.74,747,80145,0.1396
2025-08-22 10:35:00,24200,PE,522.08,528.28,526.09,527.8,513,86883,0.1401
2025-08-22 10:35:00,24250,CE,421.92,426.1,418.36,420.55,84,74853,0.1428
2025-08-22 10:35:00,24250,PE,619.44,623.65,615.7,620.19,506,78129,0.1415
2025-08-22 10:35:00,24300,CE,388.02,396.67,389.88,390.5,331,68896,0.1408
2025-08-22 10:35:00,24300,PE,681.06,682.76,666.86,675.86,390,68403,0.1442
2025-08-22 10:35:00,24350,CE,408.8,419.01,410.62,412.41,254,58685,0.141
2025-08-22 10:35:00,24350,PE,704.14,707.61,700.41,707.48,819,63124,0.1402
2025-08-22 10:35:00,24400,CE,397.2,408.05,395.61,396.34,439,55461,0.1407
2025-08-22 10:35:00,24400,PE,747.16,762.3,746.46,749.32,202,53350,0.1452
2025-08-22 10:35:00,24450,CE,391.33,393.55,391.39,392.66,190,48593,0.1414
2025-08-22 10:35:00,24450,PE,775.55,782.05,766.29,774.18,276,52873,0.1422
2025-08-22 10:35:00,24500,CE,381.83,394.43,386.14,386.8,192,43666,0.1435
2025-08-22 10:35:00,24500,PE,876.75,888.55,854.45,867.44,491,47952,0.1444
2025-08-22 10:35:00,24550,CE,419.69,415.65,408.88,409.9,489,45295,0.1429
2025-08-22 10:35:00,24550,PE,895.64,894.68,887.35,894.22,418,42154,0.1385
2025-08-22 10:35:00,24600,CE,402.02,407.02,401.63,402.96,563,41315,0.1444
2025-08-22 10:35:00,24600,PE,976.49,974.64,958.12,966.79,123,37448,0.1411
2025-08-22 10:35:00,24650,CE,388.98,390.42,385.09,388.7,513,40008,0.1409
2025-08-22 10:35:00,24650,PE,987.69,993.81,975.69,983.28,308,40594,0.1423
2025-08-22 10:35:00,24700,CE,415.49,413.39,407.85,413.13,153,32034,0.1422
2025-08-22 10:35:00,24700,PE,1048.84,1044.25,1033.34,1039.86,300,35018,0.1394
2025-08-22 10:35:00,24750,CE,397.29,400.52,389.86,396.96,97,32292,0.1379
2025-08-22 10:35:00,24750,PE,1127.63,1130.88,1110.65,1118.7,97,38399,0.141
2025-08-22 10:35:00,24800,CE,422.56,416.18,408.98,413.94,257,33712,0.1411
2025-08-22 10:35:00,24800,PE,1172.01,1170.9,1144.29,1163.74,197,33969,0.1437
2025-08-22 10:35:00,24850,CE,415.15,417.12,413.98,416.52,228,30536,0.1409
2025-08-22 10:35:00,24850,PE,1176.68,1185.34,1174.04,1179.49,188,28475,0.1399
2025-08-22 10:35:00,24900,CE,370.24,382.32,375.72,376.13,69,27293,0.1402
2025-08-22 10:35:00,24900,PE,1254.85,1245.36,1235.72,1242.06,302,25265,0.1418
2025-08-22 10:40:00,23500,CE,943.02,943.91,936.04,940.05,162,30546,0.1423
2025-08-22 10:40:00,23500,PE,391.76,397.14,392.81,395.84,234,32334,0.1418
2025-08-22 10:40:00,23550,CE,891.97,905.3,879.77,889.18,139,31534,0.1419
2025-08-22 10:40:00,23550,PE,393.41,402.61,392.48,393.01,219,28980,0.1406
2025-08-22 10:40:00,23600,CE,829.54,840.26,825.46,831.52,423,30122,0.1429
2025-08-22 10:40:00,23600,PE,411.0,405.3,394.81,402.64,326,31746,0.1434
2025-08-22 10:40:00,23650,CE,815.94,816.13,801.36,809.2,81,33870,0.1427
2025-08-22 10:40:00,23650,PE,428.24,434.38,422.2,425.9,60,32465,0.1415
2025-08-22 10:40:00,23700,CE,751.73,757.13,747.75,749.46,479,33847,0.1433
2025-08-22 10:40:00,23700,PE,394.39,405.13,394.54,395.29,41,35581,0.1425
2025-08-22 10:40:00,23750,CE,676.98,687.47,677.23,678.07,675,37854,0.143
2025-08-22 10:40:00,23750,PE,378.52,382.2,371.65,372.74,340,33848,0.1419
2025-08-22 10:40:00,23800,CE,650.8,659.83,648.8,652.46,377,39655,0.1422
2025-08-22 10:40:00,23800,PE,423.74,428.64,415.12,425.34,339,39000,0.1392
2025-08-22 10:40:00,23850,CE,612.35,619.79,610.96,613.69,131,44060,0.1454
2025-08-22 10:40:00,23850,PE,397.48,400.53,398.63,400.09,210,42912,0.1419
2025-08-22 10:40:00,23900,CE,548.49,552.87,542.45,547.87,463,44819,0.1409
2025-08-22 10:40:00,23900,PE,385.82,385.16,382.82,384.77,251,47835,0.138
2025-08-22 10:40:00,23950,CE,480.49,487.61,481.69,483.51,1329,45891,0.1398
2025-08-22 10:40:00,23950,PE,419.86,419.23,406.68,413.98,1112,48653,0.1432
2025-08-22 10:40:00,24000,CE,441.42,440.57,437.19,437.77,1431,52762,0.1429
2025-08-22 10:40:00,24000,PE,384.52,390.48,379.42,382.26,925,53344,0.1393
2025-08-22 10:40:00,24050,CE,406.65,406.5,402.01,404.04,1034,59716,0.1431
2025-08-22 10:40:00,24050,PE,401.21,402.52,393.81,401.73,1754,60427,0.1412
2025-08-22 10:40:00,24100,CE,414.5,415.31,410.04,414.68,257,67977,0.1446
2025-08-22 10:40:00,24100,PE,435.99,440.39,430.39,435.66,1198,62021,0.1441
2025-08-22 10:40:00,24150,CE,399.11,407.13,398.7,404.13,1202,76579,0.1441
2025-08-22 10:40:00,24150,PE,521.93,525.11,508.96,515.49,393,75689,0.1407
2025-08-22 10:40:00,24200,CE,389.54,392.75,389.06,391.64,840,80201,0.137
2025-08-22 10:40:00,24200,PE,549.44,557.23,539.19,543.21,1032,87188,0.1409
2025-08-22 10:40:00,24250,CE,396.5,403.81,397.26,398.26,668,74638,0.1415
2025-08-22 10:40:00,24250,PE,591.02,597.7,589.16,591.27,1024,78392,0.1431
2025-08-22 10:40:00,24300,CE,380.38,382.56,376.33,379.11,890,69455,0.1407
2025-08-22 10:40:00,24300,PE,634.98,643.82,632.11,634.36,523,68232,0.1406
2025-08-22 10:40:00,24350,CE,425.8,428.96,425.39,425.51,815,59283,0.1403
2025-08-22 10:40:00,24350,PE,661.4,684.91,663.42,673.33,117,63290,0.1393
2025-08-22 10:40:00,24400,CE,423.43,422.72,415.1,420.85,482,55759,0.143
2025-08-22 10:40:00,24400,PE,750.14,749.27,745.36,748.37,772,53052,0.143
2025-08-22 10:40:00,24450,CE,387.61,400.68,390.1,390.79,716,48764,0.1426
2025-08-22 10:40:00,24450,PE,777.03,791.0,774.76,782.59,71,52886,0.1398
2025-08-22 10:40:00,24500,CE,387.28,393.36,384.86,387.68,101,44213,0.1434
2025-08-22 10:40:00,24500,PE,845.39,850.88,841.0,846.22,524,48437,0.1421
2025-08-22 10:40:00,24550,CE,389.46,394.0,389.24,392.27,389,45171,0.139
2025-08-22 10:40:00,24550,PE,871.03,883.34,864.8,874.44,280,42690,0.1414
2025-08-22 10:40:00,24600,CE,380.57,385.65,379.72,382.11,99,41776,0.1416
2025-08-22 10:40:00,24600,PE,960.01,961.04,948.39,951.75,259,37556,0.1429
2025-08-22 10:40:00,24650,CE,376.53,379.15,378.38,378.7,381,39506,0.1457
2025-08-22 10:40:00,24650,PE,1032.8,1045.44,1000.48,1019.28,92,40186,0.1427
2025-08-22 10:40:00,24700,CE,400.09,401.26,395.6,395.76,419,31526,0.1414
2025-08-22 10:40:00,24700,PE,1055.15,1079.35,1048.02,1055.07,331,34547,0.1429
2025-08-22 10:40:00,24750,CE,406.4,406.92,400.45,402.48,393,32864,0.1407
2025-08-22 10:40:00,24750,PE,1089.54,1101.45,1089.55,1093.32,215,38053,0.1422
2025-08-22 10:40:00,24800,CE,386.18,386.36,384.76,385.71,220,33941,0.1466
2025-08-22 10:40:00,24800,PE,1158.97,1175.3,1157.44,1165.2,354,34132,0.1407
2025-08-22 10:40:00,24850,CE,400.59,406.65,398.51,400.91,272,30693,0.141
2025-08-22 10:40:00,24850,PE,1202.91,1226.17,1193.49,1197.92,106,28123,0.1439
2025-08-22 10:40:00,24900,CE,394.91,398.35,390.05,395.53,411,27388,0.1404
2025-08-22 10:40:00,24900,PE,1276.8,1259.11,1250.84,1254.31,381,25415,0.1441
2025-08-22 10:45:00,23500,CE,935.67,947.75,937.71,941.1,275,30630,0.1438
2025-08-22 10:45:00,23500,PE,384.61,392.01,388.87,389.41,413,31957,0.1428
2025-08-22 10:45:00,23550,CE,922.7,930.48,917.4,920.46,296,31801,0.1383
2025-08-22 10:45:00,23550,PE,452.11,445.89,434.33,444.77,64,28467,0.1422
2025-08-22 10:45:00,23600,CE,865.6,862.6,859.31,862.42,117,30231,0.1435
2025-08-22 10:45:00,23600,PE,373.75,394.94,379.28,381.96,168,31669,0.1439
2025-08-22 10:45:00,23650,CE,797.29,795.01,793.95,794.46,106,33570,0.1424
2025-08-22 10:45:00,23650,PE,385.01,388.88,384.69,387.05,24,32833,0.1445
2025-08-22 10:45:00,23700,CE,762.71,767.58,757.65,761.98,369,33458,0.1387
2025-08-22 10:45:00,23700,PE,408.91,420.31,405.17,413.59,415,36100,0.1425
2025-08-22 10:45:00,23750,CE,697.95,697.52,696.9,697.02,697,38315,0.1417
2025-08-22 10:45:00,23750,PE,414.1,420.84,414.73,419.98,350,33680,0.143
2025-08-22 10:45:00,23800,CE,652.62,655.44,649.53,652.67,301,39421,0.1381
2025-08-22 10:45:00,23800,PE,416.93,416.19,413.67,414.41,847,38564,0.1446
2025-08-22 10:45:00,23850,CE,588.26,600.56,584.2,593.44,865,44559,0.14
2025-08-22 10:45:00,23850,PE,403.94,410.8,402.2,405.09,858,43065,0.14
2025-08-22 10:45:00,23900,CE,572.51,582.55,572.2,574.58,968,44257,0.1459
2025-08-22 10:45:00,23900,PE,405.57,399.97,394.4,397.58,925,47848,0.1424
2025-08-22 10:45:00,23950,CE,526.74,528.29,512.36,524.68,1219,45393,0.1426
2025-08-22 10:45:00,23950,PE,384.72,388.55,378.26,379.72,1184,48741,0.1432
2025-08-22 10:45:00,24000,CE,450.82,468.9,451.57,455.24,172,52772,0.1416
2025-08-22 10:45:00,24000,PE,429.83,431.23,425.49,427.54,76,52843,0.1409
2025-08-22 10:45:00,24050,CE,422.1,419.62,417.51,418.06,920,60095,0.1418
2025-08-22 10:45:00,24050,PE,391.19,394.69,385.95,391.74,209,60141,0.1397
2025-08-22 10:45:00,24100,CE,397.83,401.46,396.96,400.89,641,68026,0.1461
2025-08-22 10:45:00,24100,PE,440.42,443.05,438.52,440.69,27,62187,0.1453
2025-08-22 10:45:00,24150,CE,393.46,404.2,389.25,393.9,698,77133,0.1406
2025-08-22 10:45:00,24150,PE,516.12,521.44,507.75,514.88,431,75681,0.1453
2025-08-22 10:45:00,24200,CE,395.1,395.94,388.77,391.09,117,80701,0.1405
2025-08-22 10:45:00,24200,PE,507.81,517.83,500.92,507.88,1013,87013,0.1394
2025-08-22 10:45:00,24250,CE,412.14,418.08,412.94,415.21,507,75066,0.1421
2025-08-22 10:45:00,24250,PE,582.02,595.4,580.7,584.81,331,78074,0.1445
2025-08-22 10:45:00,24300,CE,396.65,395.67,386.22,393.7,248,69703,0.1451
2025-08-22 10:45:00,24300,PE,634.96,636.49,629.67,633.28,218,67738,0.1406
2025-08-22 10:45:00,24350,CE,411.51,422.61,408.25,410.61,159,59866,0.1459
2025-08-22 10:45:00,24350,PE,690.89,693.55,687.36,689.52,777,63834,0.1439
2025-08-22 10:45:00,24400,CE,449.73,447.34,440.4,445.45,235,55689,0.1463
2025-08-22 10:45:00,24400,PE,741.97,752.7,742.42,746.26,407,53080,0.1443
2025-08-22 10:45:00,24450,CE,379.2,379.92,375.63,377.09,32,48881,0.1419
2025-08-22 10:45:00,24450,PE,797.11,796.85,776.08,792.0,41,52616,0.1405
2025-08-22 10:45:00,24500,CE,369.57,372.8,368.31,371.75,213,44422,0.1408
2025-08-22 10:45:00,24500,PE,813.89,832.12,809.55,816.66,630,48675,0.1401
2025-08-22 10:45:00,24550,CE,358.41,363.05,361.06,361.74,291,45201,0.1391
2025-08-22 10:45:00,24550,PE,834.0,845.24,836.54,843.64,340,42267,0.139
2025-08-22 10:45:00,24600,CE,410.95,410.84,409.33,409.7,589,42279,0.1407
2025-08-22 10:45:00,24600,PE,904.47,919.95,904.9,916.29,155,37094,0.1411
2025-08-22 10:45:00,24650,CE,406.28,409.7,401.87,403.6,103,39661,0.1406
2025-08-22 10:45:00,24650,PE,983.62,997.38,972.58,989.2,26,39709,0.1447
2025-08-22 10:45:00,24700,CE,417.81,425.05,419.33,419.92,358,31101,0.1414
2025-08-22 10:45:00,24700,PE,1007.23,1020.08,1009.59,1019.19,45,33971,0.1446
2025-08-22 10:45:00,24750,CE,383.62,385.31,382.84,382.9,369,32700,0.1381
2025-08-22 10:45:00,24750,PE,1095.56,1104.11,1092.52,1093.76,153,38220,0.141
2025-08-22 10:45:00,24800,CE,423.27,428.31,423.47,423.86,90,33966,0.1409
2025-08-22 10:45:00,24800,PE,1121.6,1127.44,1106.58,1123.84,243,34341,0.1411
2025-08-22 10:45:00,24850,CE,396.36,395.98,394.97,395.08,296,30903,0.1416
2025-08-22 10:45:00,24850,PE,1202.27,1205.78,1171.39,1195.56,106,27691,0.1416
2025-08-22 10:45:00,24900,CE,392.55,391.7,389.1,389.13,243,26856,0.1403
2025-08-22 10:45:00,24900,PE,1211.33,1228.05,1210.91,1219.86,208,25565,0.1412
2025-08-22 10:50:00,23500,CE,894.99,914.01,901.31,908.31,505,30813,0.1434
2025-08-22 10:50:00,23500,PE,365.89,378.52,359.3,365.54,610,32025,0.1391
2025-08-22 10:50:00,23550,CE,859.63,885.13,855.44,860.51,297,31495,0.1412
2025-08-22 10:50:00,23550,PE,408.58,413.2,408.28,410.52,443,28839,0.145
2025-08-22 10:50:00,23600,CE,840.68,851.99,835.98,846.29,232,29721,0.1405
2025-08-22 10:50:00,23600,PE,388.49,391.31,384.75,386.79,18,31827,0.1413
2025-08-22 10:50:00,23650,CE,792.29,808.29,791.68,795.97,502,33114,0.1449
2025-08-22 10:50:00,23650,PE,418.46,429.44,420.07,422.77,29,33018,0.1459
2025-08-22 10:50:00,23700,CE,727.84,732.92,727.44,730.15,331,33359,0.1436
2025-08-22 10:50:00,23700,PE,384.47,379.84,376.98,379.3,223,36361,0.1445
2025-08-22 10:50:00,23750,CE,706.85,715.94,690.19,705.02,662,37777,0.1427
2025-08-22 10:50:00,23750,PE,418.84,430.34,421.82,421.93,91,33746,0.1466
2025-08-22 10:50:00,23800,CE,652.38,656.62,640.42,645.55,591,38994,0.1455
2025-08-22 10:50:00,23800,PE,389.89,388.71,381.37,387.69,166,38782,0.1416
2025-08-22 10:50:00,23850,CE,582.71,597.04,577.85,583.07,498,44102,0.1458
2025-08-22 10:50:00,23850,PE,424.38,427.0,424.7,426.21,661,42553,0.1437
2025-08-22 10:50:00,23900,CE,549.45,545.72,541.97,544.44,293,44512,0.1421
2025-08-22 10:50:00,23900,PE,395.0,400.75,384.37,391.82,283,47324,0.1433
2025-08-22 10:50:00,23950,CE,488.16,487.25,476.65,483.55,1315,45062,0.1399
2025-08-22 10:50:00,23950,PE,417.74,417.62,414.16,415.97,716,49130,0.1428
2025-08-22 10:50:00,24000,CE,435.6,443.62,438.12,442.83,1571,53143,0.1427
2025-08-22 10:50:00,24000,PE,410.32,411.28,401.93,405.8,556,53267,0.1411
2025-08-22 10:50:00,24050,CE,395.85,401.84,392.43,396.56,49,59886,0.1432
2025-08-22 10:50:00,24050,PE,395.94,398.35,389.49,396.87,365,60174,0.1424
2025-08-22 10:50:00,24100,CE,388.26,394.33,383.58,390.3,1311,68354,0.1405
2025-08-22 10:50:00,24100,PE,469.0,477.46,469.9,473.51,1465,61751,0.1413
2025-08-22 10:50:00,24150,CE,393.64,400.65,393.69,399.24,967,77402,0.1445
2025-08-22 10:50:00,24150,PE,529.68,537.14,526.65,529.63,595,75197,0.1404
2025-08-22 10:50:00,24200,CE,409.02,404.65,396.35,400.32,134,81196,0.1409
2025-08-22 10:50:00,24200,PE,565.97,573.32,558.53,566.38,348,87177,0.1403
2025-08-22 10:50:00,24250,CE,378.06,386.74,378.47,382.78,964,75057,0.1395
2025-08-22 10:50:00,24250,PE,618.27,619.26,613.21,617.42,227,78055,0.1435
2025-08-22 10:50:00,24300,CE,406.64,405.21,399.64,403.8,224,69320,0.1426
2025-08-22 10:50:00,24300,PE,656.43,657.69,643.85,649.24,752,67553,0.1421
2025-08-22 10:50:00,24350,CE,416.76,416.01,408.43,409.76,584,60138,0.1433
2025-08-22 10:50:00,24350,PE,708.98,706.31,698.9,699.3,471,63883,0.14
2025-08-22 10:50:00,24400,CE,404.62,416.59,399.86,401.41,151,55724,0.1416
2025-08-22 10:50:00,24400,PE,735.41,754.18,738.88,742.59,589,52714,0.1423
2025-08-22 10:50:00,24450,CE,409.84,420.1,411.29,412.36,176,49109,0.1452
2025-08-22 10:50:00,24450,PE,803.36,802.66,788.76,797.53,710,52486,0.1406
2025-08-22 10:50:00,24500,CE,375.33,372.57,370.11,371.15,561,44041,0.1426
2025-08-22 10:50:00,24500,PE,861.44,889.59,864.91,865.97,389,49207,0.1438
2025-08-22 10:50:00,24550,CE,375.7,381.21,372.33,379.91,284,45209,0.1428
2025-08-22 10:50:00,24550,PE,890.53,899.65,881.79,895.12,106,42300,0.1402
2025-08-22 10:50:00,24600,CE,399.56,404.04,399.53,403.04,352,42856,0.1407
2025-08-22 10:50:00,24600,PE,922.66,949.1,929.41,929.45,127,36933,0.1408
2025-08-22 10:50:00,24650,CE,370.38,372.7,365.39,370.91,366,40192,0.1398
2025-08-22 10:50:00,24650,PE,993.31,1015.58,994.83,1002.39,140,39942,0.1431
2025-08-22 10:50:00,24700,CE,393.96,398.84,391.46,395.73,468,31260,0.1413
2025-08-22 10:50:00,24700,PE,1043.68,1054.96,1046.35,1048.76,231,33652,0.1426
2025-08-22 10:50:00,24750,CE,391.99,400.83,394.61,395.04,151,32162,0.1404
2025-08-22 10:50:00,24750,PE,1092.57,1125.03,1098.71,1100.3,83,38145,0.1441
2025-08-22 10:50:00,24800,CE,389.35,395.96,393.36,393.69,74,33378,0.143
2025-08-22 10:50:00,24800,PE,1168.67,1167.47,1152.58,1165.76,335,33826,0.1417
2025-08-22 10:50:00,24850,CE,398.37,399.77,395.94,397.23,71,31017,0.1413
2025-08-22 10:50:00,24850,PE,1193.45,1248.37,1207.19,1213.15,423,27960,0.1393
2025-08-22 10:50:00,24900,CE,370.56,374.11,370.4,372.7,21,26457,0.1409
2025-08-22 10:50:00,24900,PE,1210.02,1225.88,1217.77,1221.94,326,25844,0.1456
2025-08-22 10:55:00,23500,CE,921.52,947.25,907.06,924.08,251,31352,0.1404
2025-08-22 10:55:00,23500,PE,400.02,408.49,402.91,403.68,557,32316,0.1453
2025-08-22 10:55:00,23550,CE,906.5,912.51,899.9,907.55,502,31836,0.1458
2025-08-22 10:55:00,23550,PE,379.93,385.7,379.8,384.81,108,29079,0.1469
2025-08-22 10:55:00,23600,CE,818.81,821.04,804.28,810.39,672,29390,0.1423
2025-08-22 10:55:00,23600,PE,367.54,371.66,368.93,370.03,21,31660,0.1436
2025-08-22 10:55:00,23650,CE,767.04,770.08,753.84,761.95,217,33653,0.1432
2025-08-22 10:55:00,23650,PE,402.37,407.1,396.43,401.95,350,33211,0.1451
2025-08-22 10:55:00,23700,CE,725.86,732.88,721.41,724.98,820,33705,0.1423
2025-08-22 10:55:00,23700,PE,368.56,374.29,367.85,369.56,628,36923,0.1399
2025-08-22 10:55:00,23750,CE,684.06,693.47,685.51,689.5,632,37454,0.1424
2025-08-22 10:55:00,23750,PE,383.58,389.42,382.33,383.18,666,33532,0.1431
2025-08-22 10:55:00,23800,CE,626.84,631.35,621.46,622.22,342,39167,0.1405
2025-08-22 10:55:00,23800,PE,395.2,404.17,392.18,393.5,327,38211,0.1416
2025-08-22 10:55:00,23850,CE,566.79,575.17,565.39,570.01,1113,44187,0.1416
2025-08-22 10:55:00,23850,PE,408.35,408.49,401.38,402.36,751,42923,0.1435
2025-08-22 10:55:00,23900,CE,558.05,563.63,548.33,551.52,802,44644,0.1437
2025-08-22 10:55:00,23900,PE,416.81,422.12,414.56,415.72,996,47078,0.1442
2025-08-22 10:55:00,23950,CE,498.45,506.64,495.96,501.73,1191,45330,0.1415
2025-08-22 10:55:00,23950,PE,393.62,399.75,395.07,395.18,280,48705,0.1422
2025-08-22 10:55:00,24000,CE,439.21,440.1,435.49,438.92,1474,53616,0.1433
2025-08-22 10:55:00,24000,PE,411.09,407.29,402.41,406.08,1661,52788,0.1418
2025-08-22 10:55:00,24050,CE,407.5,411.47,404.34,405.84,1462,60322,0.142
2025-08-22 10:55:00,24050,PE,424.38,433.15,427.88,430.23,1257,60171,0.1426
2025-08-22 10:55:00,24100,CE,394.97,401.48,392.15,393.2,724,68268,0.1421
2025-08-22 10:55:00,24100,PE,466.13,468.47,458.18,463.44,63,61751,0.1414
2025-08-22 10:55:00,24150,CE,414.66,424.35,420.42,421.34,306,77042,0.1428
2025-08-22 10:55:00,24150,PE,532.8,550.81,535.19,536.28,87,75146,0.146
2025-08-22 10:55:00,24200,CE,395.23,398.62,391.94,395.6,69,81615,0.1405
2025-08-22 10:55:00,24200,PE,586.98,588.24,585.19,586.32,975,87538,0.143
2025-08-22 10:55:00,24250,CE,415.23,421.63,413.7,417.88,308,74652,0.1451
2025-08-22 10:55:00,24250,PE,614.23,614.86,602.32,609.69,506,78263,0.143
2025-08-22 10:55:00,24300,CE,410.78,416.09,406.99,413.54,32,69748,0.1434
2025-08-22 10:55:00,24300,PE,647.67,655.72,644.73,646.17,402,67936,0.1394
2025-08-22 10:55:00,24350,CE,386.39,388.69,380.57,385.61,76,60048,0.1443
2025-08-22 10:55:00,24350,PE,709.73,719.99,710.88,712.32,385,63340,0.1442
2025-08-22 10:55:00,24400,CE,389.88,395.48,391.84,392.96,542,56241,0.1397
2025-08-22 10:55:00,24400,PE,793.76,807.81,786.51,797.92,417,52589,0.1436
2025-08-22 10:55:00,24450,CE,390.9,396.23,390.67,394.17,454,48942,0.1392
2025-08-22 10:55:00,24450,PE,819.62,822.14,815.29,820.27,261,52797,0.1401
2025-08-22 10:55:00,24500,CE,437.74,438.37,426.79,438.18,394,43757,0.1382
2025-08-22 10:55:00,24500,PE,865.83,876.06,858.89,863.7,275,49608,0.1399
2025-08-22 10:55:00,24550,CE,400.28,398.14,393.09,397.37,332,44700,0.1419
2025-08-22 10:55:00,24550,PE,897.73,910.42,893.27,896.14,532,42588,0.1401
2025-08-22 10:55:00,24600,CE,406.65,405.08,399.18,405.0,162,43414,0.1418
2025-08-22 10:55:00,24600,PE,945.17,954.93,946.33,950.6,555,37527,0.142
2025-08-22 10:55:00,24650,CE,406.05,411.06,405.35,405.95,213,40700,0.1396
2025-08-22 10:55:00,24650,PE,1012.03,1013.01,1002.62,1011.43,446,40386,0.1428
2025-08-22 10:55:00,24700,CE,411.44,420.38,411.39,412.37,289,30994,0.1429
2025-08-22 10:55:00,24700,PE,1083.08,1107.98,1071.28,1090.44,125,34211,0.1444
2025-08-22 10:55:00,24750,CE,393.06,398.13,386.03,390.2,253,32675,0.1435
2025-08-22 10:55:00,24750,PE,1116.59,1148.49,1123.31,1129.86,278,38186,0.1408
2025-08-22 10:55:00,24800,CE,391.32,394.02,380.54,387.55,41,33260,0.1413
2025-08-22 10:55:00,24800,PE,1180.31,1177.05,1164.07,1172.59,266,33357,0.1448
2025-08-22 10:55:00,24850,CE,412.83,420.68,412.19,415.15,79,31125,0.1454
2025-08-22 10:55:00,24850,PE,1229.06,1255.84,1240.41,1241.23,117,28200,0.1417
2025-08-22 10:55:00,24900,CE,389.01,389.02,380.84,380.95,202,26341,0.1398
2025-08-22 10:55:00,24900,PE,1283.12,1313.38,1293.17,1294.96,56,25731,0.1437
2025-08-22 11:00:00,23500,CE,887.82,890.16,883.07,889.68,352,31439,0.142
2025-08-22 11:00:00,23500,PE,378.9,380.33,376.65,378.13,181,31749,0.1443
2025-08-22 11:00:00,23550,CE,842.52,846.0,828.7,830.15,641,32385,0.1443
2025-08-22 11:00:00,23550,PE,418.61,418.54,417.21,418.22,620,28826,0.1427
2025-08-22 11:00:00,23600,CE,794.6,795.45,789.21,793.12,448,28959,0.1421
2025-08-22 11:00:00,23600,PE,370.51,379.87,372.95,375.46,667,31066,0.1436
2025-08-22 11:00:00,23650,CE,779.49,781.67,774.04,781.56,380,34081,0.1462
2025-08-22 11:00:00,23650,PE,382.6,388.0,383.9,384.8,579,33646,0.1416
2025-08-22 11:00:00,23700,CE,678.34,688.2,677.82,679.64,435,33219,0.1368
2025-08-22 11:00:00,23700,PE,396.25,406.81,395.66,400.22,20,36505,0.1437
2025-08-22 11:00:00,23750,CE,622.87,639.84,631.22,632.28,68,37391,0.1407
2025-08-22 11:00:00,23750,PE,388.46,396.2,390.8,391.09,62,33154,0.1407
2025-08-22 11:00:00,23800,CE,592.38,589.04,580.55,588.18,447,39449,0.1421
2025-08-22 11:00:00,23800,PE,426.49,436.06,426.82,429.47,708,37680,0.1402
2025-08-22 11:00:00,23850,CE,558.21,574.08,558.62,561.19,1053,44246,0.1431
2025-08-22 11:00:00,23850,PE,401.72,410.51,398.05,403.48,418,42782,0.1414
2025-08-22 11:00:00,23900,CE,521.42,543.33,521.14,522.58,1120,44601,0.1443
2025-08-22 11:00:00,23900,PE,400.39,400.52,392.86,397.19,340,46987,0.1417
2025-08-22 11:00:00,23950,CE,436.85,437.6,433.29,435.13,127,44913,0.1418
2025-08-22 11:00:00,23950,PE,412.24,418.22,409.19,410.29,494,48369,0.1427
2025-08-22 11:00:00,24000,CE,415.13,423.42,420.48,420.74,644,53093,0.1472
2025-08-22 11:00:00,24000,PE,393.97,394.92,387.36,390.4,1102,52326,0.1434
2025-08-22 11:00:00,24050,CE,405.26,408.55,405.78,406.51,352,60895,0.1417
2025-08-22 11:00:00,24050,PE,444.84,441.1,435.82,440.2,34,59906,0.1432
2025-08-22 11:00:00,24100,CE,401.91,402.5,398.62,399.47,675,68036,0.1414
2025-08-22 11:00:00,24100,PE,535.1,542.89,527.31,528.09,440,61303,0.1438
2025-08-22 11:00:00,24150,CE,395.37,398.63,394.68,395.51,507,77348,0.1431
2025-08-22 11:00:00,24150,PE,540.91,545.88,535.84,539.34,697,75654,0.14
2025-08-22 11:00:00,24200,CE,441.13,442.75,433.57,439.9,739,81962,0.1456
2025-08-22 11:00:00,24200,PE,608.45,610.27,596.76,609.71,463,87673,0.1423
2025-08-22 11:00:00,24250,CE,377.99,383.9,379.35,381.2,555,75027,0.1391
2025-08-22 11:00:00,24250,PE,628.49,630.21,625.51,627.19,483,78148,0.1397
2025-08-22 11:00:00,24300,CE,385.64,387.68,377.58,383.32,73,70179,0.1435
2025-08-22 11:00:00,24300,PE,673.79,674.47,668.6,670.13,385,68294,0.1406
2025-08-22 11:00:00,24350,CE,368.17,376.6,367.94,367.99,545,59450,0.1375
2025-08-22 11:00:00,24350,PE,740.71,770.91,750.37,753.25,524,63325,0.141
2025-08-22 11:00:00,24400,CE,390.37,396.46,384.7,388.23,186,55958,0.142
2025-08-22 11:00:00,24400,PE,780.35,785.44,766.93,775.32,476,52092,0.1441
2025-08-22 11:00:00,24450,CE,394.89,399.78,397.0,399.21,421,49357,0.1448
2025-08-22 11:00:00,24450,PE,887.87,889.08,872.19,884.96,70,52206,0.1424
2025-08-22 11:00:00,24500,CE,387.08,394.09,386.65,388.6,49,44033,0.1402
2025-08-22 11:00:00,24500,PE,855.24,873.93,868.69,871.7,547,50193,0.1437
2025-08-22 11:00:00,24550,CE,387.17,391.86,388.01,388.09,27,44678,0.1395
2025-08-22 11:00:00,24550,PE,947.06,964.84,947.57,952.49,38,42433,0.1436
2025-08-22 11:00:00,24600,CE,413.03,421.77,412.26,414.23,182,43540,0.1433
2025-08-22 11:00:00,24600,PE,1008.34,1018.56,1005.73,1011.85,519,37892,0.1437
2025-08-22 11:00:00,24650,CE,378.97,383.59,375.58,381.51,42,40388,0.1421
2025-08-22 11:00:00,24650,PE,1047.4,1035.52,1028.74,1029.92,154,40086,0.1423
2025-08-22 11:00:00,24700,CE,388.68,396.63,387.68,391.42,186,31122,0.1393
2025-08-22 11:00:00,24700,PE,1112.77,1132.18,1110.55,1115.15,381,34738,0.1416
2025-08-22 11:00:00,24750,CE,404.15,402.28,396.6,398.98,344,32433,0.143
2025-08-22 11:00:00,24750,PE,1152.23,1173.09,1159.56,1170.97,96,38038,0.144
2025-08-22 11:00:00,24800,CE,380.93,382.69,377.31,380.19,372,33851,0.1377
2025-08-22 11:00:00,24800,PE,1205.31,1218.11,1187.52,1199.43,186,32968,0.1404
2025-08-22 11:00:00,24850,CE,377.67,380.68,375.33,375.9,9,30617,0.1393
2025-08-22 11:00:00,24850,PE,1231.95,1239.9,1229.02,1237.2,285,28307,0.143
2025-08-22 11:00:00,24900,CE,379.36,382.44,379.34,379.44,275,25770,0.1399
2025-08-22 11:00:00,24900,PE,1282.9,1294.9,1271.91,1279.39,189,25347,0.1414
2025-08-22 11:05:00,23500,CE,899.5,913.71,898.96,899.54,221,31585,0.1417
2025-08-22 11:05:00,23500,PE,422.16,426.25,418.66,422.73,183,31940,0.1456
2025-08-22 11:05:00,23550,CE,864.85,875.5,863.52,867.5,204,32397,0.1405
2025-08-22 11:05:00,23550,PE,394.28,395.7,391.41,392.62,318,28686,0.1466
2025-08-22 11:05:00,23600,CE,781.52,798.22,782.13,791.8,102,29050,0.1424
2025-08-22 11:05:00,23600,PE,405.25,407.6,400.61,401.17,724,31238,0.1412
2025-08-22 11:05:00,23650,CE,762.28,771.77,762.1,764.34,591,34445,0.1437
2025-08-22 11:05:00,23650,PE,392.87,395.21,388.5,394.38,42,33997,0.1444
2025-08-22 11:05:00,23700,CE,701.12,711.81,700.59,703.36,218,33416,0.1426
2025-08-22 11:05:00,23700,PE,395.93,405.47,389.22,397.48,842,36978,0.1414
2025-08-22 11:05:00,23750,CE,614.62,617.78,614.83,616.79,397,37796,0.1417
2025-08-22 11:05:00,23750,PE,388.36,394.88,386.03,388.98,585,32713,0.1402
2025-08-22 11:05:00,23800,CE,616.72,619.45,603.7,614.55,260,39997,0.1444
2025-08-22 11:05:00,23800,PE,380.57,386.08,381.36,381.83,946,38150,0.1403
2025-08-22 11:05:00,23850,CE,557.05,568.82,560.64,561.55,454,44031,0.1405
2025-08-22 11:05:00,23850,PE,389.35,393.78,383.14,387.31,932,42206,0.1426
2025-08-22 11:05:00,23900,CE,530.02,521.39,518.51,520.06,1171,44725,0.1436
2025-08-22 11:05:00,23900,PE,403.79,402.8,401.46,402.7,831,46913,0.1406
2025-08-22 11:05:00,23950,CE,426.14,432.36,423.59,425.3,1467,45212,0.1402
2025-08-22 11:05:00,23950,PE,371.17,374.17,364.63,369.75,104,48398,0.1409
2025-08-22 11:05:00,24000,CE,416.89,419.87,410.41,417.02,1518,52584,0.1408
2025-08-22 11:05:00,24000,PE,400.91,405.88,401.86,404.15,1306,52019,0.1406
2025-08-22 11:05:00,24050,CE,383.81,387.67,380.43,380.92,799,61354,0.1401
2025-08-22 11:05:00,24050,PE,401.19,407.06,399.74,402.12,777,59351,0.1393
2025-08-22 11:05:00,24100,CE,425.87,426.43,418.03,421.19,49,68320,0.144
2025-08-22 11:05:00,24100,PE,468.67,481.56,468.32,470.22,1252,61053,0.1443
2025-08-22 11:05:00,24150,CE,386.19,387.21,381.38,385.13,1109,77291,0.1439
2025-08-22 11:05:00,24150,PE,545.34,545.7,532.34,543.13,87,75691,0.1413
2025-08-22 11:05:00,24200,CE,384.66,392.95,386.71,388.86,1031,81662,0.1445
2025-08-22 11:05:00,24200,PE,576.34,593.51,576.4,583.49,1018,87855,0.1409
2025-08-22 11:05:00,24250,CE,380.85,385.01,373.22,378.35,389,75259,0.1411
2025-08-22 11:05:00,24250,PE,623.94,623.87,620.01,621.03,393,77650,0.1425
2025-08-22 11:05:00,24300,CE,399.08,402.16,400.28,401.91,763,70027,0.1408
2025-08-22 11:05:00,24300,PE,701.61,690.79,689.81,690.06,500,68587,0.1416
2025-08-22 11:05:00,24350,CE,410.94,411.61,408.32,410.29,78,59715,0.1432
2025-08-22 11:05:00,24350,PE,752.67,756.85,734.71,748.76,301,63378,0.1457
2025-08-22 11:05:00,24400,CE,387.85,384.85,381.04,382.39,346,56291,0.1415
2025-08-22 11:05:00,24400,PE,778.44,790.0,785.82,786.88,149,51621,0.1433
2025-08-22 11:05:00,24450,CE,381.66,398.86,381.75,384.96,291,48898,0.1411
2025-08-22 11:05:00,24450,PE,821.04,825.5,800.76,810.6,176,52394,0.1389
2025-08-22 11:05:00,24500,CE,394.56,398.69,388.37,392.84,532,44265,0.1425
2025-08-22 11:05:00,24500,PE,894.32,897.79,878.21,890.08,213,50570,0.1438
2025-08-22 11:05:00,24550,CE,399.47,401.51,391.61,397.61,252,44295,0.1399
2025-08-22 11:05:00,24550,PE,956.38,972.29,948.33,955.46,462,42453,0.1442
2025-08-22 11:05:00,24600,CE,387.45,388.45,380.32,382.82,218,43732,0.1459
2025-08-22 11:05:00,24600,PE,994.58,989.44,982.48,986.78,418,37560,0.1417
2025-08-22 11:05:00,24650,CE,396.44,410.22,397.04,403.28,71,40408,0.1409
2025-08-22 11:05:00,24650,PE,1057.47,1069.79,1062.05,1068.39,36,40252,0.1398
2025-08-22 11:05:00,24700,CE,391.45,399.63,395.97,397.12,230,30779,0.141
2025-08-22 11:05:00,24700,PE,1084.59,1100.32,1095.07,1095.36,311,34588,0.1422
2025-08-22 11:05:00,24750,CE,407.73,412.82,406.04,408.7,194,32092,0.14
2025-08-22 11:05:00,24750,PE,1129.75,1160.87,1130.9,1142.04,333,38521,0.1394
2025-08-22 11:05:00,24800,CE,396.57,402.91,398.0,398.81,291,33535,0.1413
2025-08-22 11:05:00,24800,PE,1201.72,1202.54,1180.24,1199.88,390,32513,0.1447
2025-08-22 11:05:00,24850,CE,374.78,377.17,373.07,373.38,134,30059,0.1418
2025-08-22 11:05:00,24850,PE,1215.65,1219.43,1208.38,1217.6,379,27760,0.1398
2025-08-22 11:05:00,24900,CE,401.37,409.22,399.32,403.85,236,25399,0.1453
2025-08-22 11:05:00,24900,PE,1271.11,1296.32,1264.99,1267.19,96,25476,0.1402
2025-08-22 11:10:00,23500,CE,931.39,924.7,923.59,923.76,491,31006,0.1407
2025-08-22 11:10:00,23500,PE,397.98,393.6,389.71,393.25,104,31684,0.1449
2025-08-22 11:10:00,23550,CE,913.42,912.3,899.67,908.01,612,31866,0.1431
2025-08-22 11:10:00,23550,PE,379.99,383.23,379.08,382.86,124,28570,0.1451
2025-08-22 11:10:00,23600,CE,856.9,860.46,850.13,852.69,233,28508,0.1436
2025-08-22 11:10:00,23600,PE,422.9,422.73,417.54,418.82,379,31367,0.1434
2025-08-22 11:10:00,23650,CE,774.59,780.71,765.77,775.42,142,34671,0.141
2025-08-22 11:10:00,23650,PE,400.72,406.26,395.74,403.71,53,34274,0.1427
2025-08-22 11:10:00,23700,CE,734.69,763.85,737.09,742.72,218,33085,0.1427
2025-08-22 11:10:00,23700,PE,376.97,378.67,370.12,374.09,168,37420,0.1439
2025-08-22 11:10:00,23750,CE,682.55,697.66,685.72,689.28,446,38024,0.1397
2025-08-22 11:10:00,23750,PE,421.65,424.94,411.89,412.3,190,32180,0.1447
2025-08-22 11:10:00,23800,CE,643.74,643.08,636.3,638.56,51,39925,0.1447
2025-08-22 11:10:00,23800,PE,418.42,416.52,409.22,411.6,323,38471,0.1408
2025-08-22 11:10:00,23850,CE,614.5,621.2,608.3,612.23,840,43804,0.1444
2025-08-22 11:10:00,23850,PE,382.79,384.89,380.64,382.74,470,42063,0.141
2025-08-22 11:10:00,23900,CE,534.31,535.63,533.93,535.26,807,44880,0.1414
2025-08-22 11:10:00,23900,PE,398.17,405.07,401.42,401.71,780,46379,0.1447
2025-08-22 11:10:00,23950,CE,511.22,512.14,505.53,512.06,470,45772,0.1464
2025-08-22 11:10:00,23950,PE,388.9,390.34,384.89,385.62,475,48007,0.1423
2025-08-22 11:10:00,24000,CE,429.94,432.57,428.43,431.43,331,52016,0.1406
2025-08-22 11:10:00,24000,PE,412.73,416.01,411.37,412.46,1222,51425,0.1438
2025-08-22 11:10:00,24050,CE,380.89,387.51,374.08,380.18,1058,61233,0.1414
2025-08-22 11:10:00,24050,PE,388.49,398.32,394.94,398.18,192,59812,0.145
2025-08-22 11:10:00,24100,CE,376.62,375.97,368.67,371.32,1114,68703,0.1421
2025-08-22 11:10:00,24100,PE,455.12,460.33,454.17,455.14,1400,61547,0.1403
2025-08-22 11:10:00,24150,CE,423.22,430.92,420.22,423.07,917,77331,0.1423
2025-08-22 11:10:00,24150,PE,468.86,479.4,468.08,475.28,912,75629,0.1399
2025-08-22 11:10:00,24200,CE,409.03,410.88,404.59,406.95,223,81525,0.1433
2025-08-22 11:10:00,24200,PE,551.47,552.5,546.56,550.74,547,87310,0.1421
2025-08-22 11:10:00,24250,CE,394.55,399.42,393.94,396.28,876,75750,0.1412
2025-08-22 11:10:00,24250,PE,580.79,601.69,584.07,588.14,443,77645,0.1447
2025-08-22 11:10:00,24300,CE,368.33,370.75,363.44,367.66,788,69973,0.141
2025-08-22 11:10:00,24300,PE,663.13,671.43,661.32,663.06,648,68605,0.1446
2025-08-22 11:10:00,24350,CE,400.01,405.74,397.07,398.2,241,60067,0.1437
2025-08-22 11:10:00,24350,PE,686.13,677.67,663.58,674.53,176,63047,0.1407
2025-08-22 11:10:00,24400,CE,394.13,394.64,392.56,393.06,548,56542,0.1414
2025-08-22 11:10:00,24400,PE,709.98,718.53,705.3,708.39,752,51873,0.1404
2025-08-22 11:10:00,24450,CE,407.6,417.78,405.75,409.04,29,49317,0.1424
2025-08-22 11:10:00,24450,PE,856.11,870.52,847.11,855.52,309,51804,0.1451
2025-08-22 11:10:00,24500,CE,373.92,384.55,370.34,377.89,398,43869,0.1431
2025-08-22 11:10:00,24500,PE,839.69,842.37,836.9,842.09,289,50535,0.1415
2025-08-22 11:10:00,24550,CE,388.96,392.08,388.16,391.32,56,44715,0.1416
2025-08-22 11:10:00,24550,PE,904.86,926.11,908.36,911.17,330,43011,0.1447
2025-08-22 11:10:00,24600,CE,437.5,444.63,434.22,436.88,283,43845,0.1421
2025-08-22 11:10:00,24600,PE,924.76,941.43,933.38,935.87,488,37214,0.1428
2025-08-22 11:10:00,24650,CE,396.09,394.48,392.51,392.67,514,40029,0.1422
2025-08-22 11:10:00,24650,PE,983.59,994.85,988.07,988.46,562,40419,0.1428
2025-08-22 11:10:00,24700,CE,397.8,404.24,397.98,401.26,281,30431,0.1394
2025-08-22 11:10:00,24700,PE,1102.57,1114.38,1093.67,1106.58,308,34651,0.1459
2025-08-22 11:10:00,24750,CE,411.62,412.18,406.29,411.37,499,32493,0.1408
2025-08-22 11:10:00,24750,PE,1095.14,1107.62,1078.37,1092.72,249,38388,0.1394
2025-08-22 11:10:00,24800,CE,392.96,404.26,392.95,395.52,191,33389,0.1445
2025-08-22 11:10:00,24800,PE,1138.17,1145.68,1125.2,1138.03,14,31956,0.1409
2025-08-22 11:10:00,24850,CE,379.36,375.59,369.14,375.12,348,29763,0.1424
2025-08-22 11:10:00,24850,PE,1203.75,1242.0,1184.85,1189.33,193,27997,0.1396
2025-08-22 11:10:00,24900,CE,391.66,389.92,385.63,386.28,270,25231,0.145
2025-08-22 11:10:00,24900,PE,1255.97,1305.56,1247.75,1249.65,333,25065,0.1457
2025-08-22 11:15:00,23500,CE,958.52,989.74,961.53,962.78,285,30532,0.1373
2025-08-22 11:15:00,23500,PE,400.41,406.73,399.12,403.65,320,31198,0.1436
2025-08-22 11:15:00,23550,CE,888.47,908.32,881.97,897.58,594,32056,0.1422
2025-08-22 11:15:00,23550,PE,429.12,428.46,427.5,427.75,162,28705,0.1409
2025-08-22 11:15:00,23600,CE,845.51,847.73,833.1,840.99,242,28530,0.1402
2025-08-22 11:15:00,23600,PE,393.2,396.22,383.83,392.25,122,31367,0.1413
2025-08-22 11:15:00,23650,CE,812.87,808.03,801.15,801.26,87,34254,0.144
2025-08-22 11:15:00,23650,PE,406.89,411.98,403.98,404.25,426,34274,0.1415
2025-08-22 11:15:00,23700,CE,775.04,786.02,775.72,776.73,237,32556,0.1415
2025-08-22 11:15:00,23700,PE,371.87,375.83,369.62,370.53,337,37931,0.1363
2025-08-22 11:15:00,23750,CE,685.07,693.18,678.92,686.51,602,37493,0.1415
2025-08-22 11:15:00,23750,PE,386.3,396.76,381.92,388.82,793,32088,0.1432
2025-08-22 11:15:00,23800,CE,654.38,660.22,647.63,650.47,537,39325,0.1409
2025-08-22 11:15:00,23800,PE,391.63,392.84,390.11,390.29,296,38814,0.1451
2025-08-22 11:15:00,23850,CE,624.17,621.11,609.71,615.53,347,43403,0.1447
2025-08-22 11:15:00,23850,PE,370.77,382.17,369.64,375.42,107,42572,0.1423
2025-08-22 11:15:00,23900,CE,552.39,553.18,541.4,550.95,922,44332,0.1417
2025-08-22 11:15:00,23900,PE,389.52,390.43,385.72,388.52,1047,46763,0.1449
2025-08-22 11:15:00,23950,CE,487.21,487.58,485.14,486.62,472,45959,0.1402
2025-08-22 11:15:00,23950,PE,396.79,406.68,401.2,405.47,344,47706,0.1415
2025-08-22 11:15:00,24000,CE,466.19,466.88,453.51,460.24,1051,51658,0.1434
2025-08-22 11:15:00,24000,PE,405.05,424.85,403.74,408.06,534,51254,0.1449
2025-08-22 11:15:00,24050,CE,422.96,433.54,416.52,422.38,280,61627,0.1412
2025-08-22 11:15:00,24050,PE,384.57,391.67,379.85,383.58,1162,60246,0.1438
2025-08-22 11:15:00,24100,CE,390.26,391.42,385.14,388.31,847,68313,0.1394
2025-08-22 11:15:00,24100,PE,420.4,418.02,414.37,417.38,464,61371,0.1415
2025-08-22 11:15:00,24150,CE,406.64,412.24,402.4,406.37,1296,77015,0.1454
2025-08-22 11:15:00,24150,PE,491.02,494.4,483.82,485.49,959,75176,0.1397
2025-08-22 11:15:00,24200,CE,386.3,386.86,381.4,382.61,1156,81700,0.1412
2025-08-22 11:15:00,24200,PE,544.15,557.5,548.48,552.96,531,87125,0.1425
2025-08-22 11:15:00,24250,CE,414.68,415.55,407.17,410.12,393,75420,0.1437
2025-08-22 11:15:00,24250,PE,545.22,555.36,542.16,548.44,653,78084,0.1408
2025-08-22 11:15:00,24300,CE,404.74,406.95,404.25,406.37,246,70270,0.1437
2025-08-22 11:15:00,24300,PE,626.68,634.87,618.16,632.66,558,68933,0.1399
2025-08-22 11:15:00,24350,CE,407.43,409.15,400.06,401.21,686,59514,0.1408
2025-08-22 11:15:00,24350,PE,685.02,685.33,678.74,684.79,33,63545,0.1422
2025-08-22 11:15:00,24400,CE,397.78,404.45,396.16,397.6,138,56631,0.1416
2025-08-22 11:15:00,24400,PE,733.01,760.87,727.52,730.46,616,51877,0.1444
2025-08-22 11:15:00,24450,CE,393.32,395.09,387.14,388.73,16,48729,0.1408
2025-08-22 11:15:00,24450,PE,784.15,788.6,778.82,781.41,508,52281,0.1426
2025-08-22 11:15:00,24500,CE,388.16,388.83,384.34,386.15,247,43921,0.1416
2025-08-22 11:15:00,24500,PE,802.58,823.15,802.85,806.47,654,50925,0.1368
2025-08-22 11:15:00,24550,CE,402.14,411.18,398.76,400.1,358,44901,0.1423
2025-08-22 11:15:00,24550,PE,869.52,881.4,864.48,869.16,629,43367,0.1392
2025-08-22 11:15:00,24600,CE,413.77,410.87,404.52,409.44,261,44076,0.1413
2025-08-22 11:15:00,24600,PE,949.03,947.43,942.68,946.04,208,37719,0.1407
2025-08-22 11:15:00,24650,CE,382.31,381.1,378.04,379.04,62,39699,0.1388
2025-08-22 11:15:00,24650,PE,984.66,983.12,968.08,981.58,206,40061,0.1411
2025-08-22 11:15:00,24700,CE,370.57,378.74,365.46,366.96,329,30686,0.1425
2025-08-22 11:15:00,24700,PE,1012.28,1038.52,1006.4,1017.03,488,34652,0.1473
2025-08-22 11:15:00,24750,CE,414.57,415.45,407.59,414.23,325,32611,0.1457
2025-08-22 11:15:00,24750,PE,1113.1,1131.41,1108.76,1117.67,10,38638,0.142
2025-08-22 11:15:00,24800,CE,393.27,398.58,386.43,391.92,19,33445,0.1472
2025-08-22 11:15:00,24800,PE,1106.87,1131.82,1113.28,1121.36,492,32301,0.1421
2025-08-22 11:15:00,24850,CE,384.37,380.9,378.64,379.62,241,29545,0.1412
2025-08-22 11:15:00,24850,PE,1175.65,1202.18,1179.74,1184.29,394,28427,0.1412
2025-08-22 11:15:00,24900,CE,388.02,393.55,389.2,390.25,169,24760,0.1442
2025-08-22 11:15:00,24900,PE,1262.45,1285.87,1261.37,1271.04,264,25225,0.1446
2025-08-22 11:20:00,23500,CE,1006.94,999.98,996.68,998.17,538,31000,0.1419
2025-08-22 11:20:00,23500,PE,402.13,408.74,405.4,405.4,139,30901,0.1448
2025-08-22 11:20:00,23550,CE,940.51,954.14,929.27,940.62,608,31848,0.1442
2025-08-22 11:20:00,23550,PE,415.91,419.0,405.26,412.26,285,28471,0.1411
2025-08-22 11:20:00,23600,CE,903.33,906.33,902.44,905.53,262,28607,0.1429
2025-08-22 11:20:00,23600,PE,395.54,398.41,392.53,393.16,197,31262,0.1446
2025-08-22 11:20:00,23650,CE,844.64,845.77,825.93,839.95,252,33783,0.1405
2025-08-22 11:20:00,23650,PE,383.52,388.93,383.25,385.12,549,34743,0.1414
2025-08-22 11:20:00,23700,CE,796.91,788.49,783.94,786.25,373,32201,0.1408
2025-08-22 11:20:00,23700,PE,426.32,430.47,426.91,429.74,485,37971,0.1437
2025-08-22 11:20:00,23750,CE,758.45,752.93,744.25,750.03,451,37606,0.1422
2025-08-22 11:20:00,23750,PE,377.34,381.0,375.45,376.36,583,31536,0.1409
2025-08-22 11:20:00,23800,CE,670.74,672.1,667.18,668.27,100,38839,0.1439
2025-08-22 11:20:00,23800,PE,393.55,396.3,390.12,393.82,148,39380,0.1405
2025-08-22 11:20:00,23850,CE,629.16,626.66,614.16,619.63,708,43600,0.1412
2025-08-22 11:20:00,23850,PE,378.23,380.76,377.75,380.14,678,42012,0.1418
2025-08-22 11:20:00,23900,CE,612.63,611.9,608.01,608.63,241,44685,0.1433
2025-08-22 11:20:00,23900,PE,423.52,435.81,417.08,419.46,503,46773,0.1419
2025-08-22 11:20:00,23950,CE,556.73,563.12,552.09,553.86,900,45449,0.1448
2025-08-22 11:20:00,23950,PE,397.03,403.69,398.86,400.38,957,47922,0.1425
2025-08-22 11:20:00,24000,CE,483.84,491.0,483.22,487.48,560,51657,0.1434
2025-08-22 11:20:00,24000,PE,376.98,381.28,371.13,379.3,121,50899,0.1418
2025-08-22 11:20:00,24050,CE,457.05,462.22,459.03,459.6,406,62080,0.142
2025-08-22 11:20:00,24050,PE,401.66,407.5,395.29,396.3,199,59995,0.1437
2025-08-22 11:20:00,24100,CE,415.45,417.18,414.6,416.32,254,68054,0.144
2025-08-22 11:20:00,24100,PE,420.7,431.38,416.28,421.16,46,61098,0.1444
2025-08-22 11:20:00,24150,CE,399.61,399.3,393.2,396.71,1080,77335,0.1433
2025-08-22 11:20:00,24150,PE,485.97,492.03,480.84,483.85,577,75423,0.1424
2025-08-22 11:20:00,24200,CE,415.9,418.09,414.67,415.35,807,82183,0.1439
2025-08-22 11:20:00,24200,PE,510.19,533.77,511.72,517.13,1043,86800,0.1402
2025-08-22 11:20:00,24250,CE,407.79,409.75,406.58,406.93,680,75763,0.1444
2025-08-22 11:20:00,24250,PE,555.62,561.81,544.08,551.85,362,78171,0.1397
2025-08-22 11:20:00,24300,CE,410.43,417.24,409.27,413.45,420,70040,0.1427
2025-08-22 11:20:00,24300,PE,599.49,607.18,592.24,599.19,217,68375,0.1434
2025-08-22 11:20:00,24350,CE,374.93,379.86,376.49,377.66,701,59896,0.142
2025-08-22 11:20:00,24350,PE,669.67,689.26,676.22,676.86,611,63234,0.1397
2025-08-22 11:20:00,24400,CE,374.38,391.68,378.98,380.53,29,56789,0.1387
2025-08-22 11:20:00,24400,PE,707.66,710.55,694.98,708.83,181,51935,0.1419
2025-08-22 11:20:00,24450,CE,407.78,422.1,404.84,411.34,761,48134,0.1455
2025-08-22 11:20:00,24450,PE,783.74,782.37,775.18,779.95,458,52874,0.1415
2025-08-22 11:20:00,24500,CE,393.61,393.21,383.78,389.72,251,44298,0.1439
2025-08-22 11:20:00,24500,PE,822.86,839.12,829.66,829.91,604,50908,0.1451
2025-08-22 11:20:00,24550,CE,397.13,402.35,393.19,393.59,215,45117,0.144
2025-08-22 11:20:00,24550,PE,832.64,852.6,838.95,846.5,424,43338,0.1393
2025-08-22 11:20:00,24600,CE,396.44,392.61,388.77,391.8,130,44369,0.1443
2025-08-22 11:20:00,24600,PE,888.43,900.94,885.37,894.76,142,37280,0.1421
2025-08-22 11:20:00,24650,CE,397.16,402.47,398.42,398.54,49,39634,0.1426
2025-08-22 11:20:00,24650,PE,946.28,961.63,940.39,944.69,80,39863,0.1409
2025-08-22 11:20:00,24700,CE,381.7,383.44,380.06,382.07,143,30637,0.139
2025-08-22 11:20:00,24700,PE,1007.98,1019.38,1013.87,1019.32,440,34592,0.1417
2025-08-22 11:20:00,24750,CE,374.06,371.04,368.96,369.14,301,32182,0.1398
2025-08-22 11:20:00,24750,PE,1062.97,1075.79,1064.04,1064.27,68,39209,0.1402
2025-08-22 11:20:00,24800,CE,380.95,385.78,376.12,377.93,317,32863,0.14
2025-08-22 11:20:00,24800,PE,1103.85,1099.62,1098.38,1099.57,289,31713,0.1432
2025-08-22 11:20:00,24850,CE,370.12,373.58,366.33,370.21,44,29393,0.141
2025-08-22 11:20:00,24850,PE,1139.78,1148.12,1127.84,1129.95,319,28571,0.141
2025-08-22 11:20:00,24900,CE,412.39,421.74,412.38,412.83,365,24375,0.1432
2025-08-22 11:20:00,24900,PE,1242.48,1238.85,1216.07,1227.6,94,25264,0.1449
2025-08-22 11:25:00,23500,CE,910.93,914.75,899.33,905.22,532,31267,0.138
2025-08-22 11:25:00,23500,PE,418.55,420.37,409.9,414.4,412,30413,0.1436
2025-08-22 11:25:00,23550,CE,897.78,915.24,898.38,907.0,573,32429,0.1428
2025-08-22 11:25:00,23550,PE,422.38,423.2,418.41,420.24,383,28275,0.1442
2025-08-22 11:25:00,23600,CE,815.22,811.74,806.03,808.06,465,28777,0.1438
2025-08-22 11:25:00,23600,PE,395.02,399.74,398.44,399.39,648,30794,0.1424
2025-08-22 11:25:00,23650,CE,743.67,752.71,745.07,748.41,391,34034,0.1413
2025-08-22 11:25:00,23650,PE,404.4,416.32,401.79,402.09,269,35151,0.142
2025-08-22 11:25:00,23700,CE,740.24,741.71,738.62,741.44,64,31727,0.1421
2025-08-22 11:25:00,23700,PE,406.03,415.31,407.39,408.95,642,37522,0.145
2025-08-22 11:25:00,23750,CE,680.49,687.33,673.74,679.71,376,37343,0.1443
2025-08-22 11:25:00,23750,PE,390.61,396.39,387.69,392.06,610,30950,0.1435
2025-08-22 11:25:00,23800,CE,650.06,664.98,647.9,650.56,354,39422,0.1418
2025-08-22 11:25:00,23800,PE,389.37,394.88,383.02,389.31,366,39498,0.1401
2025-08-22 11:25:00,23850,CE,587.62,592.91,586.78,591.45,1056,43729,0.1438
2025-08-22 11:25:00,23850,PE,361.9,365.11,362.85,363.57,811,42562,0.1408
2025-08-22 11:25:00,23900,CE,522.61,531.53,525.15,530.87,746,45083,0.1406
2025-08-22 11:25:00,23900,PE,365.0,370.47,364.47,364.75,618,47150,0.1389
2025-08-22 11:25:00,23950,CE,491.55,493.76,489.74,491.2,881,45256,0.142
2025-08-22 11:25:00,23950,PE,376.95,372.71,366.23,370.01,769,47723,0.1402
2025-08-22 11:25:00,24000,CE,441.87,451.32,439.09,445.15,640,51407,0.1434
2025-08-22 11:25:00,24000,PE,449.04,446.94,435.19,439.14,786,50715,0.1481
2025-08-22 11:25:00,24050,CE,395.77,393.38,390.31,392.98,1096,61923,0.1444
2025-08-22 11:25:00,24050,PE,415.46,420.1,417.2,418.57,866,59563,0.145
2025-08-22 11:25:00,24100,CE,395.29,390.66,383.83,388.92,586,67881,0.1403
2025-08-22 11:25:00,24100,PE,441.02,439.91,430.37,439.75,1421,61034,0.1409
2025-08-22 11:25:00,24150,CE,366.46,361.51,360.38,360.84,48,77106,0.1402
2025-08-22 11:25:00,24150,PE,511.01,510.97,498.85,510.7,945,75021,0.1426
2025-08-22 11:25:00,24200,CE,390.81,398.16,391.89,393.89,201,82031,0.1421
2025-08-22 11:25:00,24200,PE,573.04,577.31,564.6,566.97,419,86777,0.1436
2025-08-22 11:25:00,24250,CE,394.87,400.78,394.97,396.38,51,76027,0.1426
2025-08-22 11:25:00,24250,PE,626.38,619.14,617.12,618.89,232,78424,0.1421
2025-08-22 11:25:00,24300,CE,395.28,390.73,388.19,388.68,531,69683,0.1433
2025-08-22 11:25:00,24300,PE,651.59,663.85,648.67,652.28,444,67818,0.1395
2025-08-22 11:25:00,24350,CE,410.91,412.61,406.57,410.09,600,59660,0.1387
2025-08-22 11:25:00,24350,PE,721.88,724.62,719.59,721.2,334,62822,0.145
2025-08-22 11:25:00,24400,CE,396.2,398.69,390.95,394.46,294,56663,0.1411
2025-08-22 11:25:00,24400,PE,751.02,761.51,750.09,753.94,186,52510,0.1413
2025-08-22 11:25:00,24450,CE,388.75,387.39,381.57,386.4,211,47751,0.1409
2025-08-22 11:25:00,24450,PE,787.66,813.02,789.83,794.64,403,52656,0.1414
2025-08-22 11:25:00,24500,CE,421.97,424.8,417.1,422.63,313,44568,0.1421
2025-08-22 11:25:00,24500,PE,878.95,895.04,865.83,873.63,63,50919,0.1411
2025-08-22 11:25:00,24550,CE,395.71,399.29,392.21,395.87,23,44569,0.1388
2025-08-22 11:25:00,24550,PE,911.11,915.15,904.74,914.92,68,42932,0.1417
2025-08-22 11:25:00,24600,CE,373.26,383.72,365.48,373.34,214,44891,0.1387
2025-08-22 11:25:00,24600,PE,952.84,952.22,939.17,945.76,541,36803,0.143
2025-08-22 11:25:00,24650,CE,411.57,414.66,410.02,411.41,557,39796,0.1418
2025-08-22 11:25:00,24650,PE,969.02,974.88,968.53,971.11,315,40213,0.1396
2025-08-22 11:25:00,24700,CE,423.31,427.2,421.34,423.58,262,30355,0.144
2025-08-22 11:25:00,24700,PE,1064.34,1065.89,1058.28,1063.95,286,34862,0.1423
2025-08-22 11:25:00,24750,CE,395.59,398.17,391.76,396.95,348,31785,0.1409
2025-08-22 11:25:00,24750,PE,1147.75,1165.82,1135.96,1148.9,475,38950,0.1476
2025-08-22 11:25:00,24800,CE,426.39,428.11,422.07,423.84,396,32637,0.143
2025-08-22 11:25:00,24800,PE,1118.56,1132.79,1115.05,1118.77,37,32308,0.1411
2025-08-22 11:25:00,24850,CE,432.08,437.34,428.32,431.66,273,29050,0.1421
2025-08-22 11:25:00,24850,PE,1219.99,1255.21,1225.61,1231.16,7,28126,0.1442
2025-08-22 11:25:00,24900,CE,383.74,392.27,380.02,384.5,80,24885,0.1431
2025-08-22 11:25:00,24900,PE,1236.13,1243.76,1227.03,1236.51,83,24858,0.1393
2025-08-22 11:30:00,23500,CE,942.08,959.17,916.79,934.62,513,31722,0.1375
2025-08-22 11:30:00,23500,PE,395.48,395.3,391.97,394.83,135,30593,0.1402
2025-08-22 11:30:00,23550,CE,881.41,890.54,882.09,886.09,352,32521,0.1415
2025-08-22 11:30:00,23550,PE,404.64,408.36,401.84,405.97,209,28576,0.1408
2025-08-22 11:30:00,23600,CE,826.6,836.81,824.44,829.12,614,29048,0.1415
2025-08-22 11:30:00,23600,PE,411.03,411.7,404.51,408.06,629,30326,0.1438
2025-08-22 11:30:00,23650,CE,788.91,799.54,790.03,797.74,495,34633,0.1442
2025-08-22 11:30:00,23650,PE,401.32,398.34,396.59,396.99,406,35681,0.1423
2025-08-22 11:30:00,23700,CE,733.02,731.81,728.74,729.08,290,32202,0.1457
2025-08-22 11:30:00,23700,PE,441.43,446.85,442.55,442.71,759,37668,0.146
2025-08-22 11:30:00,23750,CE,681.8,696.55,687.54,689.18,623,37370,0.1474
2025-08-22 11:30:00,23750,PE,377.53,389.02,376.07,378.45,288,30993,0.1459
2025-08-22 11:30:00,23800,CE,644.87,645.25,638.55,640.25,928,38839,0.1433
2025-08-22 11:30:00,23800,PE,429.65,434.29,426.86,427.27,210,39497,0.1443
2025-08-22 11:30:00,23850,CE,599.72,607.08,592.76,596.81,373,43877,0.1432
2025-08-22 11:30:00,23850,PE,422.64,426.89,425.67,426.06,395,42752,0.146
2025-08-22 11:30:00,23900,CE,530.91,543.43,526.24,530.54,144,44881,0.146
2025-08-22 11:30:00,23900,PE,400.37,406.93,400.08,401.41,833,47115,0.1429
2025-08-22 11:30:00,23950,CE,508.38,512.72,496.99,507.5,974,45419,0.1414
2025-08-22 11:30:00,23950,PE,381.43,387.12,379.37,382.82,460,47636,0.1445
2025-08-22 11:30:00,24000,CE,445.04,446.23,443.72,445.22,1514,51961,0.1384
2025-08-22 11:30:00,24000,PE,381.29,388.78,380.88,385.45,80,50961,0.1446
2025-08-22 11:30:00,24050,CE,414.34,424.29,415.32,418.41,870,61324,0.1408
2025-08-22 11:30:00,24050,PE,414.73,412.92,403.94,412.6,1115,58990,0.1428
2025-08-22 11:30:00,24100,CE,411.56,408.92,406.12,408.61,489,68109,0.1406
2025-08-22 11:30:00,24100,PE,463.95,473.47,467.05,467.53,1210,60929,0.1452
2025-08-22 11:30:00,24150,CE,408.66,420.42,407.25,409.89,1048,77513,0.1427
2025-08-22 11:30:00,24150,PE,484.99,488.44,474.07,481.72,590,74628,0.1411
2025-08-22 11:30:00,24200,CE,387.43,399.01,389.66,389.89,760,81447,0.1448
2025-08-22 11:30:00,24200,PE,537.03,538.35,528.88,533.17,1023,86642,0.14
2025-08-22 11:30:00,24250,CE,403.91,408.12,400.12,406.92,784,76310,0.1474
2025-08-22 11:30:00,24250,PE,608.08,624.38,603.14,609.07,493,78990,0.1389
2025-08-22 11:30:00,24300,CE,403.17,406.16,397.88,405.6,744,70143,0.1416
2025-08-22 11:30:00,24300,PE,660.61,664.41,642.5,650.86,101,67798,0.1439
2025-08-22 11:30:00,24350,CE,381.78,394.14,386.43,388.39,811,60035,0.1429
2025-08-22 11:30:00,24350,PE,695.34,707.45,696.64,703.43,394,62306,0.1438
2025-08-22 11:30:00,24400,CE,399.21,399.5,395.09,399.02,230,56749,0.142
2025-08-22 11:30:00,24400,PE,741.51,740.02,725.97,735.79,508,53019,0.1435
2025-08-22 11:30:00,24450,CE,393.85,396.62,389.98,391.85,78,47626,0.1427
2025-08-22 11:30:00,24450,PE,825.93,835.13,812.9,821.89,206,53208,0.1381
2025-08-22 11:30:00,24500,CE,402.03,404.4,394.81,402.48,122,44232,0.1422
2025-08-22 11:30:00,24500,PE,844.91,856.41,842.25,848.43,209,50445,0.1411
2025-08-22 11:30:00,24550,CE,420.14,422.0,412.37,416.21,412,44598,0.1417
2025-08-22 11:30:00,24550,PE,872.43,877.71,871.7,874.0,358,43420,0.1392
2025-08-22 11:30:00,24600,CE,387.39,402.66,391.49,392.16,264,44664,0.1428
2025-08-22 11:30:00,24600,PE,922.33,941.56,923.87,935.27,230,37163,0.142
2025-08-22 11:30:00,24650,CE,378.3,385.17,379.07,379.6,302,39399,0.1378
2025-08-22 11:30:00,24650,PE,1012.63,1030.45,993.26,1010.26,391,40507,0.1398
2025-08-22 11:30:00,24700,CE,398.63,400.93,399.82,399.94,139,30423,0.147
2025-08-22 11:30:00,24700,PE,1100.79,1114.07,1080.75,1089.92,304,34472,0.1441
2025-08-22 11:30:00,24750,CE,407.52,409.64,405.61,405.96,12,32046,0.1431
2025-08-22 11:30:00,24750,PE,1103.41,1100.65,1095.26,1099.29,314,39206,0.1412
2025-08-22 11:30:00,24800,CE,371.9,368.37,367.33,367.4,186,32655,0.1424
2025-08-22 11:30:00,24800,PE,1143.64,1155.83,1140.94,1154.68,473,31978,0.1413
2025-08-22 11:30:00,24850,CE,382.02,377.66,372.51,377.59,302,28608,0.1402
2025-08-22 11:30:00,24850,PE,1224.43,1249.34,1212.33,1216.1,37,28674,0.1426
2025-08-22 11:30:00,24900,CE,424.4,426.77,421.03,422.97,63,25071,0.1429
2025-08-22 11:30:00,24900,PE,1234.72,1243.83,1241.53,1243.61,229,25229,0.1405
2025-08-22 11:35:00,23500,CE,924.92,915.38,908.05,911.03,346,31958,0.1381
2025-08-22 11:35:00,23500,PE,411.64,426.16,406.24,412.79,560,30988,0.1395
2025-08-22 11:35:00,23550,CE,863.99,866.73,845.85,859.18,484,32115,0.1435
2025-08-22 11:35:00,23550,PE,384.72,390.77,379.79,383.43,121,28572,0.1441
2025-08-22 11:35:00,23600,CE,831.42,851.02,838.05,844.51,474,29248,0.1419
2025-08-22 11:35:00,23600,PE,397.33,393.54,392.05,392.83,564,29850,0.1437
2025-08-22 11:35:00,23650,CE,780.06,773.16,769.92,771.92,143,34212,0.1442
2025-08-22 11:35:00,23650,PE,384.7,394.5,388.12,388.42,422,35841,0.1427
2025-08-22 11:35:00,23700,CE,733.92,739.18,726.54,727.91,108,32644,0.1432
2025-08-22 11:35:00,23700,PE,405.56,418.95,401.85,407.12,262,37860,0.1457
2025-08-22 11:35:00,23750,CE,685.43,696.21,679.9,683.77,687,36813,0.1483
2025-08-22 11:35:00,23750,PE,402.97,407.09,406.52,406.69,788,31557,0.1451
2025-08-22 11:35:00,23800,CE,616.65,615.35,613.56,613.67,959,38406,0.1445
2025-08-22 11:35:00,23800,PE,389.14,394.59,391.31,392.47,403,39176,0.1424
2025-08-22 11:35:00,23850,CE,591.91,606.8,578.98,588.02,511,44446,0.1422
2025-08-22 11:35:00,23850,PE,383.65,390.04,384.6,387.88,852,43077,0.1426
2025-08-22 11:35:00,23900,CE,546.1,551.36,547.99,548.84,539,45404,0.1431
2025-08-22 11:35:00,23900,PE,389.96,397.01,387.81,391.77,1152,47482,0.1405
2025-08-22 11:35:00,23950,CE,495.18,507.12,493.34,498.7,1169,45601,0.1406
2025-08-22 11:35:00,23950,PE,393.45,395.13,388.06,392.79,157,47377,0.1419
2025-08-22 11:35:00,24000,CE,405.39,413.83,405.96,408.25,1289,51753,0.1422
2025-08-22 11:35:00,24000,PE,410.56,411.19,404.91,406.28,310,51497,0.1398
2025-08-22 11:35:00,24050,CE,383.71,389.49,381.2,382.25,811,61756,0.1434
2025-08-22 11:35:00,24050,PE,409.58,413.84,403.51,409.3,482,58821,0.1397
2025-08-22 11:35:00,24100,CE,386.95,397.1,387.62,389.57,496,67956,0.1424
2025-08-22 11:35:00,24100,PE,464.45,473.46,465.79,467.67,627,60686,0.1438
2025-08-22 11:35:00,24150,CE,365.27,372.61,367.49,369.26,1006,77304,0.1404
2025-08-22 11:35:00,24150,PE,503.82,501.77,496.33,499.3,554,75060,0.1433
2025-08-22 11:35:00,24200,CE,403.98,410.7,400.45,408.75,489,80859,0.141
2025-08-22 11:35:00,24200,PE,573.46,580.76,567.75,571.39,18,86565,0.1402
2025-08-22 11:35:00,24250,CE,396.92,396.58,387.67,396.45,646,76841,0.1425
2025-08-22 11:35:00,24250,PE,617.74,627.73,611.29,615.02,143,79041,0.1409
2025-08-22 11:35:00,24300,CE,385.96,400.68,391.79,392.28,270,70083,0.1398
2025-08-22 11:35:00,24300,PE,672.31,691.62,665.78,673.1,406,67572,0.141
2025-08-22 11:35:00,24350,CE,402.49,405.68,393.83,403.76,28,59523,0.14
2025-08-22 11:35:00,24350,PE,729.03,731.47,725.43,729.75,437,61975,0.1419
2025-08-22 11:35:00,24400,CE,399.04,398.5,394.33,396.36,257,56257,0.1422
2025-08-22 11:35:00,24400,PE,759.96,776.89,763.66,766.11,49,52571,0.142
2025-08-22 11:35:00,24450,CE,389.12,404.34,393.83,398.81,274,47222,0.1424
2025-08-22 11:35:00,24450,PE,796.9,801.54,789.46,789.62,172,52970,0.1416
2025-08-22 11:35:00,24500,CE,377.27,380.28,375.11,375.56,200,43645,0.1425
2025-08-22 11:35:00,24500,PE,878.0,881.06,868.06,876.98,87,50985,0.1421
2025-08-22 11:35:00,24550,CE,402.11,402.73,399.31,400.57,417,44146,0.1421
2025-08-22 11:35:00,24550,PE,937.58,944.54,941.1,942.15,183,43279,0.1435
2025-08-22 11:35:00,24600,CE,385.07,385.79,381.64,384.68,529,45119,0.1435
2025-08-22 11:35:00,24600,PE,971.29,994.35,965.06,970.95,452,36690,0.1425
2025-08-22 11:35:00,24650,CE,401.25,406.62,392.07,399.03,275,39379,0.1405
2025-08-22 11:35:00,24650,PE,1038.55,1034.35,1022.17,1027.39,355,40920,0.1413
2025-08-22 11:35:00,24700,CE,398.57,394.84,392.09,392.69,173,30491,0.1447
2025-08-22 11:35:00,24700,PE,1054.91,1061.23,1043.09,1049.38,144,34124,0.1396
2025-08-22 11:35:00,24750,CE,397.98,400.15,393.92,397.51,161,32328,0.1407
2025-08-22 11:35:00,24750,PE,1126.44,1127.16,1109.98,1123.74,221,39423,0.1394
2025-08-22 11:35:00,24800,CE,359.67,359.64,359.37,359.4,329,32489,0.1424
2025-08-22 11:35:00,24800,PE,1155.67,1176.54,1158.88,1168.75,452,31433,0.1382
2025-08-22 11:35:00,24850,CE,398.07,397.79,386.72,391.49,406,28017,0.1398
2025-08-22 11:35:00,24850,PE,1235.98,1229.04,1213.78,1218.42,177,29064,0.1418
2025-08-22 11:35:00,24900,CE,438.6,439.88,433.88,437.65,298,24856,0.1434
2025-08-22 11:35:00,24900,PE,1273.11,1293.56,1265.29,1286.17,383,24794,0.1429
2025-08-22 11:40:00,23500,CE,938.8,938.85,927.39,929.46,416,31980,0.1433
2025-08-22 11:40:00,23500,PE,402.78,414.7,400.74,404.09,135,31492,0.1434
2025-08-22 11:40:00,23550,CE,909.9,901.96,883.5,899.7,504,31525,0.1436
2025-08-22 11:40:00,23550,PE,419.84,424.76,416.13,420.79,66,28039,0.1462
2025-08-22 11:40:00,23600,CE,852.05,857.8,832.63,850.64,298,29148,0.1424
2025-08-22 11:40:00,23600,PE,381.22,386.73,376.14,381.88,511,30061,0.1449
2025-08-22 11:40:00,23650,CE,786.01,792.88,770.98,780.92,23,34183,0.1436
2025-08-22 11:40:00,23650,PE,388.48,386.13,383.7,383.94,595,36318,0.1426
2025-08-22 11:40:00,23700,CE,738.45,748.35,740.88,741.86,248,32096,0.1437
2025-08-22 11:40:00,23700,PE,418.36,418.26,411.29,416.71,136,37668,0.1424
2025-08-22 11:40:00,23750,CE,713.08,719.6,709.86,711.6,402,36634,0.144
2025-08-22 11:40:00,23750,PE,407.65,419.16,404.0,406.1,93,31365,0.1432
2025-08-22 11:40:00,23800,CE,626.85,630.92,626.18,627.53,294,38391,0.1446
2025-08-22 11:40:00,23800,PE,388.58,394.19,384.83,389.81,92,39524,0.1441
2025-08-22 11:40:00,23850,CE,574.76,586.03,581.14,581.6,461,44227,0.1415
2025-08-22 11:40:00,23850,PE,431.56,432.15,422.05,428.4,981,43370,0.1441
2025-08-22 11:40:00,23900,CE,520.58,519.4,512.88,518.58,183,44979,0.1415
2025-08-22 11:40:00,23900,PE,365.84,377.01,370.68,371.23,22,47554,0.1398
2025-08-22 11:40:00,23950,CE,489.25,500.32,482.27,486.92,503,45451,0.1465
2025-08-22 11:40:00,23950,PE,411.68,407.28,401.23,406.83,713,47424,0.145
2025-08-22 11:40:00,24000,CE,436.74,439.65,437.45,439.55,27,51282,0.1434
2025-08-22 11:40:00,24000,PE,407.71,415.4,413.85,414.87,1267,52041,0.1442
2025-08-22 11:40:00,24050,CE,391.09,400.0,391.54,395.35,1432,62243,0.1388
2025-08-22 11:40:00,24050,PE,435.19,444.47,440.53,441.18,805,59212,0.1469
2025-08-22 11:40:00,24100,CE,396.75,401.83,395.2,401.5,1288,68427,0.141
2025-08-22 11:40:00,24100,PE,443.17,451.98,442.08,443.14,238,60262,0.142
2025-08-22 11:40:00,24150,CE,382.42,387.62,381.08,381.67,524,77308,0.1419
2025-08-22 11:40:00,24150,PE,501.12,514.26,494.18,501.26,1218,74841,0.1434
2025-08-22 11:40:00,24200,CE,406.9,410.71,398.43,404.81,940,81323,0.1416
2025-08-22 11:40:00,24200,PE,566.34,578.52,562.52,564.71,1089,86192,0.1425
2025-08-22 11:40:00,24250,CE,385.44,390.4,380.84,386.32,258,76504,0.1376
2025-08-22 11:40:00,24250,PE,606.19,607.9,603.52,607.86,749,79265,0.1416
2025-08-22 11:40:00,24300,CE,407.59,409.1,406.64,409.05,383,69589,0.1422
2025-08-22 11:40:00,24300,PE,687.25,689.57,672.69,684.21,486,67850,0.1428
2025-08-22 11:40:00,24350,CE,371.94,377.67,372.0,375.27,407,59244,0.1398
2025-08-22 11:40:00,24350,PE,707.23,716.57,698.19,701.7,504,62168,0.1421
2025-08-22 11:40:00,24400,CE,382.79,388.78,384.99,386.71,464,56704,0.1439
2025-08-22 11:40:00,24400,PE,714.2,722.84,703.63,713.04,252,52702,0.1406
2025-08-22 11:40:00,24450,CE,367.46,374.62,368.6,370.63,618,46877,0.1426
2025-08-22 11:40:00,24450,PE,788.36,790.45,781.95,789.02,211,52428,0.1385
2025-08-22 11:40:00,24500,CE,401.89,404.03,397.84,403.3,259,43098,0.1414
2025-08-22 11:40:00,24500,PE,865.75,861.01,849.51,855.72,505,50491,0.1409
2025-08-22 11:40:00,24550,CE,402.8,403.7,400.13,403.09,439,44241,0.1419
2025-08-22 11:40:00,24550,PE,872.5,871.51,868.33,870.38,622,43096,0.1439
2025-08-22 11:40:00,24600,CE,381.17,383.56,376.77,378.43,210,44810,0.1398
2025-08-22 11:40:00,24600,PE,959.41,965.85,940.09,955.11,322,36353,0.1387
2025-08-22 11:40:00,24650,CE,385.87,398.07,391.27,391.47,71,39917,0.1412
2025-08-22 11:40:00,24650,PE,1027.57,1039.85,1027.06,1032.64,383,40462,0.145
2025-08-22 11:40:00,24700,CE,392.95,393.06,388.37,390.02,330,30256,0.1406
2025-08-22 11:40:00,24700,PE,1083.59,1110.87,1083.56,1086.51,102,34089,0.1428
2025-08-22 11:40:00,24750,CE,362.0,364.15,362.03,364.05,398,31728,0.1415
2025-08-22 11:40:00,24750,PE,1064.16,1079.91,1075.42,1077.4,184,39928,0.1418
2025-08-22 11:40:00,24800,CE,411.11,416.81,408.33,409.93,193,32007,0.1445
2025-08-22 11:40:00,24800,PE,1182.91,1220.53,1189.15,1190.48,209,31651,0.1449
2025-08-22 11:40:00,24850,CE,378.16,376.95,364.48,373.65,455,28171,0.1395
2025-08-22 11:40:00,24850,PE,1211.73,1230.63,1216.44,1221.84,30,29434,0.1415
2025-08-22 11:40:00,24900,CE,403.0,406.03,394.62,398.35,342,25037,0.1398
2025-08-22 11:40:00,24900,PE,1247.23,1272.86,1257.66,1264.22,392,25117,0.1433
2025-08-22 11:45:00,23500,CE,900.86,908.67,883.12,894.21,154,31885,0.1414
2025-08-22 11:45:00,23500,PE,407.37,408.22,400.41,405.75,326,31478,0.1434
2025-08-22 11:45:00,23550,CE,868.33,874.31,863.74,872.68,435,31766,0.1443
2025-08-22 11:45:00,23550,PE,388.67,391.85,381.97,387.01,80,28121,0.1435
2025-08-22 11:45:00,23600,CE,838.61,854.38,822.44,831.21,39,29161,0.1436
2025-08-22 11:45:00,23600,PE,402.51,406.64,404.68,405.47,312,29707,0.1449
2025-08-22 11:45:00,23650,CE,756.33,760.95,753.6,758.49,773,33892,0.1408
2025-08-22 11:45:00,23650,PE,365.15,370.3,364.27,366.67,55,36148,0.1396
2025-08-22 11:45:00,23700,CE,691.21,686.13,684.46,684.69,644,31507,0.1431
2025-08-22 11:45:00,23700,PE,414.86,420.2,409.68,409.83,424,37568,0.1428
2025-08-22 11:45:00,23750,CE,649.29,652.66,648.77,651.74,802,36037,0.1427
2025-08-22 11:45:00,23750,PE,389.63,392.33,382.79,388.74,30,31443,0.1413
2025-08-22 11:45:00,23800,CE,627.89,635.25,625.8,632.24,196,38635,0.1427
2025-08-22 11:45:00,23800,PE,401.35,403.81,399.68,400.64,295,39598,0.1415
2025-08-22 11:45:00,23850,CE,575.62,572.18,569.94,571.09,60,44459,0.1421
2025-08-22 11:45:00,23850,PE,404.96,421.58,401.02,408.32,597,42770,0.1428
2025-08-22 11:45:00,23900,CE,492.64,499.83,478.97,490.75,355,44450,0.1405
2025-08-22 11:45:00,23900,PE,387.52,389.65,385.17,388.34,77,47792,0.1393
2025-08-22 11:45:00,23950,CE,427.36,438.49,424.7,425.87,641,45814,0.142
2025-08-22 11:45:00,23950,PE,396.6,403.55,398.76,401.34,396,47685,0.1445
2025-08-22 11:45:00,24000,CE,452.15,455.45,439.2,445.34,1068,51477,0.1434
2025-08-22 11:45:00,24000,PE,381.9,385.68,369.17,381.16,1429,52289,0.1398
2025-08-22 11:45:00,24050,CE,376.67,371.64,366.57,371.12,1189,62530,0.1394
2025-08-22 11:45:00,24050,PE,443.91,448.73,437.41,442.67,724,59481,0.1438
2025-08-22 11:45:00,24100,CE,378.71,376.75,376.32,376.49,1156,68712,0.1425
2025-08-22 11:45:00,24100,PE,462.53,465.78,458.09,460.98,841,59750,0.1464
2025-08-22 11:45:00,24150,CE,404.93,411.34,401.27,404.8,536,76783,0.1425
2025-08-22 11:45:00,24150,PE,570.82,568.46,561.67,566.72,142,74674,0.145
2025-08-22 11:45:00,24200,CE,419.27,430.4,422.92,423.98,508,81356,0.1449
2025-08-22 11:45:00,24200,PE,571.84,576.93,571.38,572.57,969,86507,0.1411
2025-08-22 11:45:00,24250,CE,417.58,416.92,412.63,415.43,419,76305,0.1441
2025-08-22 11:45:00,24250,PE,635.79,646.92,639.48,640.66,696,78995,0.1461
2025-08-22 11:45:00,24300,CE,400.0,403.52,400.06,400.88,783,69926,0.1414
2025-08-22 11:45:00,24300,PE,668.22,671.9,654.99,663.17,608,67549,0.1412
2025-08-22 11:45:00,24350,CE,393.94,395.27,391.6,394.37,510,59629,0.144
2025-08-22 11:45:00,24350,PE,712.24,711.95,707.33,710.73,70,61780,0.142
2025-08-22 11:45:00,24400,CE,398.8,403.45,395.31,399.82,393,56535,0.1416
2025-08-22 11:45:00,24400,PE,800.36,815.39,797.48,797.78,537,52583,0.1408
2025-08-22 11:45:00,24450,CE,391.38,393.41,387.3,392.09,697,46636,0.1391
2025-08-22 11:45:00,24450,PE,815.05,809.09,803.24,807.19,259,51832,0.1404
2025-08-22 11:45:00,24500,CE,393.78,400.71,391.23,397.47,169,42780,0.1433
2025-08-22 11:45:00,24500,PE,918.1,918.38,904.04,909.46,501,50296,0.1407
2025-08-22 11:45:00,24550,CE,404.65,407.64,399.45,406.09,132,44017,0.1419
2025-08-22 11:45:00,24550,PE,941.47,949.91,939.96,941.22,349,43438,0.1401
2025-08-22 11:45:00,24600,CE,380.24,383.87,379.8,380.87,565,44266,0.1409
2025-08-22 11:45:00,24600,PE,970.04,970.46,963.34,967.78,487,36219,0.139
2025-08-22 11:45:00,24650,CE,389.94,391.87,386.85,389.07,443,39362,0.1454
2025-08-22 11:45:00,24650,PE,1012.39,1020.47,1003.52,1019.93,345,40978,0.1413
2025-08-22 11:45:00,24700,CE,393.31,400.7,393.63,397.47,28,30604,0.1399
2025-08-22 11:45:00,24700,PE,1102.53,1102.39,1083.06,1089.43,66,34667,0.139
2025-08-22 11:45:00,24750,CE,380.25,390.83,386.11,388.84,368,32220,0.1454
2025-08-22 11:45:00,24750,PE,1127.8,1151.33,1138.59,1146.14,442,39706,0.1414
2025-08-22 11:45:00,24800,CE,394.25,390.41,385.95,389.27,199,32236,0.1424
2025-08-22 11:45:00,24800,PE,1186.28,1216.71,1175.09,1184.95,88,31418,0.142
2025-08-22 11:45:00,24850,CE,385.61,381.12,378.64,379.6,51,28636,0.1404
2025-08-22 11:45:00,24850,PE,1249.87,1264.31,1236.23,1239.48,116,29326,0.1454
2025-08-22 11:45:00,24900,CE,412.73,418.05,410.55,414.92,197,24888,0.14
2025-08-22 11:45:00,24900,PE,1262.53,1285.25,1259.84,1266.39,335,25613,0.1407
2025-08-22 11:50:00,23500,CE,910.39,922.16,913.35,916.23,370,32289,0.1452
2025-08-22 11:50:00,23500,PE,404.33,398.13,395.05,396.4,80,32037,0.1449
2025-08-22 11:50:00,23550,CE,820.04,826.0,817.84,822.9,89,31245,0.1414
2025-08-22 11:50:00,23550,PE,378.76,375.28,367.1,373.64,26,27813,0.1414
2025-08-22 11:50:00,23600,CE,792.57,800.61,794.32,796.65,614,28922,0.1431
2025-08-22 11:50:00,23600,PE,417.29,419.21,417.42,418.18,581,29616,0.1429
2025-08-22 11:50:00,23650,CE,776.56,780.52,768.53,769.75,93,33859,0.1441
2025-08-22 11:50:00,23650,PE,415.73,420.49,410.18,416.77,193,35897,0.1418
2025-08-22 11:50:00,23700,CE,723.65,727.31,714.98,717.26,450,31855,0.1439
2025-08-22 11:50:00,23700,PE,389.56,399.82,391.28,392.23,509,37235,0.1412
2025-08-22 11:50:00,23750,CE,669.51,673.91,664.3,669.0,677,36272,0.1431
2025-08-22 11:50:00,23750,PE,375.32,386.76,372.2,377.32,234,31865,0.1422
2025-08-22 11:50:00,23800,CE,592.67,592.89,584.14,586.62,875,38759,0.1442
2025-08-22 11:50:00,23800,PE,398.58,400.44,393.31,398.31,318,39422,0.1423
2025-08-22 11:50:00,23850,CE,544.21,553.45,540.15,543.28,518,44084,0.1388
2025-08-22 11:50:00,23850,PE,372.92,378.6,366.15,369.12,366,42331,0.1431
2025-08-22 11:50:00,23900,CE,500.44,504.8,493.28,500.76,219,44743,0.1411
2025-08-22 11:50:00,23900,PE,428.44,433.84,432.01,432.26,186,47754,0.1438
2025-08-22 11:50:00,23950,CE,455.09,466.0,454.07,458.88,658,45269,0.1402
2025-08-22 11:50:00,23950,PE,408.68,414.53,400.96,402.62,1253,48265,0.1419
2025-08-22 11:50:00,24000,CE,369.45,370.55,367.93,368.65,1138,51682,0.1446
2025-08-22 11:50:00,24000,PE,393.52,403.39,390.45,391.55,433,52702,0.1425
2025-08-22 11:50:00,24050,CE,412.89,421.41,406.2,412.61,1219,62455,0.1411
2025-08-22 11:50:00,24050,PE,450.02,455.15,447.1,452.63,1100,60027,0.1409
2025-08-22 11:50:00,24100,CE,368.76,365.48,364.99,365.23,817,68351,0.1425
2025-08-22 11:50:00,24100,PE,475.07,487.29,471.44,478.26,457,59372,0.1392
2025-08-22 11:50:00,24150,CE,363.45,375.42,364.06,365.34,404,77251,0.1408
2025-08-22 11:50:00,24150,PE,562.67,559.59,554.79,558.08,239,75144,0.1463
2025-08-22 11:50:00,24200,CE,406.56,406.87,406.17,406.75,313,81354,0.1446
2025-08-22 11:50:00,24200,PE,604.43,605.85,598.81,604.33,566,86057,0.1411
2025-08-22 11:50:00,24250,CE,383.08,377.83,373.79,376.51,188,76071,0.1436
2025-08-22 11:50:00,24250,PE,665.55,667.99,663.88,665.88,72,79299,0.1423
2025-08-22 11:50:00,24300,CE,388.22,396.69,393.29,393.33,482,70341,0.1417
2025-08-22 11:50:00,24300,PE,680.35,673.55,670.78,672.72,754,67366,0.1425
2025-08-22 11:50:00,24350,CE,392.74,396.26,390.52,393.05,658,59102,0.1427
2025-08-22 11:50:00,24350,PE,734.34,756.79,738.42,738.95,352,61978,0.1406
2025-08-22 11:50:00,24400,CE,428.64,427.75,422.05,425.07,352,56822,0.1414
2025-08-22 11:50:00,24400,PE,793.93,812.94,796.71,801.4,639,52491,0.1438
2025-08-22 11:50:00,24450,CE,386.5,392.64,386.12,388.03,197,46735,0.1413
2025-08-22 11:50:00,24450,PE,809.91,814.54,813.12,813.81,602,52416,0.1413
2025-08-22 11:50:00,24500,CE,401.74,402.5,397.18,399.45,529,42473,0.1428
2025-08-22 11:50:00,24500,PE,898.8,912.8,898.22,901.71,141,50383,0.1453
2025-08-22 11:50:00,24550,CE,356.2,351.88,350.72,350.83,250,44150,0.1401
2025-08-22 11:50:00,24550,PE,963.23,968.82,954.6,961.78,561,43496,0.1457
2025-08-22 11:50:00,24600,CE,392.45,400.77,395.3,396.8,209,44708,0.1417
2025-08-22 11:50:00,24600,PE,1017.63,1048.79,1019.17,1031.0,256,36345,0.148
2025-08-22 11:50:00,24650,CE,391.77,401.31,389.69,391.9,80,39371,0.1425
2025-08-22 11:50:00,24650,PE,1045.76,1054.59,1041.6,1051.46,235,40525,0.1449
2025-08-22 11:50:00,24700,CE,408.19,414.59,402.47,409.69,115,30847,0.1439
2025-08-22 11:50:00,24700,PE,1082.86,1083.37,1067.1,1068.98,99,34225,0.1386
2025-08-22 11:50:00,24750,CE,424.33,427.14,411.19,421.3,35,31651,0.1423
2025-08-22 11:50:00,24750,PE,1148.85,1145.72,1116.15,1144.86,216,39692,0.1407
2025-08-22 11:50:00,24800,CE,414.57,423.33,411.24,415.29,293,32322,0.143
2025-08-22 11:50:00,24800,PE,1197.3,1222.0,1188.68,1198.81,253,32016,0.1404
2025-08-22 11:50:00,24850,CE,357.49,363.03,358.03,358.83,116,28890,0.1416
2025-08-22 11:50:00,24850,PE,1236.91,1252.41,1246.71,1246.77,42,29744,0.1399
2025-08-22 11:50:00,24900,CE,398.02,407.16,396.0,400.31,158,24703,0.1424
2025-08-22 11:50:00,24900,PE,1322.75,1308.13,1292.51,1303.85,63,25623,0.1457
2025-08-22 11:55:00,23500,CE,941.81,941.89,939.12,941.36,257,32858,0.1403
2025-08-22 11:55:00,23500,PE,420.28,421.89,416.83,421.1,120,31937,0.1456
2025-08-22 11:55:00,23550,CE,878.2,877.7,869.23,870.03,605,31613,0.1399
2025-08-22 11:55:00,23550,PE,405.22,412.03,406.03,407.81,516,27844,0.1442
2025-08-22 11:55:00,23600,CE,795.19,807.75,793.84,795.27,630,28590,0.1435
2025-08-22 11:55:00,23600,PE,400.66,397.65,392.68,397.3,585,29712,0.1433
2025-08-22 11:55:00,23650,CE,765.7,774.49,763.87,771.32,279,33520,0.1439
2025-08-22 11:55:00,23650,PE,418.12,424.96,416.77,418.53,410,35300,0.1461
2025-08-22 11:55:00,23700,CE,688.34,701.36,694.83,696.03,605,31538,0.1444
2025-08-22 11:55:00,23700,PE,419.96,429.87,418.96,420.53,335,36866,0.1437
2025-08-22 11:55:00,23750,CE,679.16,681.14,672.93,678.68,435,36117,0.1431
2025-08-22 11:55:00,23750,PE,396.36,403.44,396.01,396.92,184,32331,0.1412
2025-08-22 11:55:00,23800,CE,651.82,660.59,648.43,649.6,772,38624,0.1412
2025-08-22 11:55:00,23800,PE,402.9,417.71,405.98,409.4,74,39836,0.1434
2025-08-22 11:55:00,23850,CE,546.14,558.39,549.5,554.4,789,44150,0.1441
2025-08-22 11:55:00,23850,PE,423.24,421.21,416.24,419.39,687,41740,0.1458
2025-08-22 11:55:00,23900,CE,529.09,533.24,522.68,526.53,611,44369,0.1428
2025-08-22 11:55:00,23900,PE,407.26,408.88,403.88,407.26,832,48271,0.1452
2025-08-22 11:55:00,23950,CE,477.11,488.09,475.48,477.46,781,45394,0.1435
2025-08-22 11:55:00,23950,PE,389.25,397.25,388.08,390.52,977,48780,0.1434
2025-08-22 11:55:00,24000,CE,407.8,411.41,401.92,407.99,91,51454,0.1401
2025-08-22 11:55:00,24000,PE,352.85,353.83,352.72,352.81,475,52961,0.1418
2025-08-22 11:55:00,24050,CE,409.73,415.8,410.19,413.56,733,62781,0.1453
2025-08-22 11:55:00,24050,PE,436.06,445.16,432.75,433.28,772,60597,0.1414
2025-08-22 11:55:00,24100,CE,385.25,392.73,378.28,387.73,1066,67772,0.1402
2025-08-22 11:55:00,24100,PE,490.89,488.91,481.31,485.87,1367,59914,0.1401
2025-08-22 11:55:00,24150,CE,388.35,397.85,392.78,396.15,71,77120,0.1437
2025-08-22 11:55:00,24150,PE,500.62,510.03,506.65,508.53,1179,75549,0.1424
2025-08-22 11:55:00,24200,CE,416.56,421.42,407.72,410.33,516,81407,0.1426
2025-08-22 11:55:00,24200,PE,592.33,597.62,585.03,589.92,49,86134,0.1417
2025-08-22 11:55:00,24250,CE,396.64,401.8,399.52,399.75,656,75902,0.1426
2025-08-22 11:55:00,24250,PE,627.72,637.61,627.41,628.03,310,79693,0.1419
2025-08-22 11:55:00,24300,CE,399.04,401.61,396.18,398.56,407,70057,0.1411
2025-08-22 11:55:00,24300,PE,670.98,682.61,662.5,668.16,342,67356,0.1439
2025-08-22 11:55:00,24350,CE,373.3,379.98,369.84,373.81,222,59174,0.1412
2025-08-22 11:55:00,24350,PE,747.56,748.28,739.77,744.24,706,62269,0.1436
2025-08-22 11:55:00,24400,CE,403.48,409.41,397.92,402.24,184,56787,0.1421
2025-08-22 11:55:00,24400,PE,800.18,813.25,782.37,794.87,416,52707,0.1423
2025-08-22 11:55:00,24450,CE,384.84,389.18,381.1,385.56,534,46717,0.1408
2025-08-22 11:55:00,24450,PE,810.6,809.33,801.0,806.73,229,52607,0.1406
2025-08-22 11:55:00,24500,CE,388.9,393.16,387.44,390.5,91,42681,0.1422
2025-08-22 11:55:00,24500,PE,878.71,893.7,881.77,882.45,589,50634,0.1409
2025-08-22 11:55:00,24550,CE,388.62,391.51,387.09,387.71,272,44537,0.1406
2025-08-22 11:55:00,24550,PE,941.94,945.4,938.49,943.21,332,43544,0.1435
2025-08-22 11:55:00,24600,CE,412.68,417.13,409.68,414.33,496,44339,0.1428
2025-08-22 11:55:00,24600,PE,968.7,952.01,945.74,948.02,454,36560,0.1432
2025-08-22 11:55:00,24650,CE,396.16,402.02,394.8,396.03,294,38863,0.1428
2025-08-22 11:55:00,24650,PE,1034.47,1051.31,1031.05,1038.84,422,40187,0.1421
2025-08-22 11:55:00,24700,CE,391.11,385.81,375.07,382.05,466,31197,0.146
2025-08-22 11:55:00,24700,PE,1090.32,1093.86,1074.78,1083.62,194,34147,0.1394
2025-08-22 11:55:00,24750,CE,370.56,384.1,374.19,376.46,20,31648,0.1397
2025-08-22 11:55:00,24750,PE,1136.43,1154.35,1128.44,1128.77,36,40276,0.1426
2025-08-22 11:55:00,24800,CE,398.96,401.85,394.76,396.11,304,32004,0.1428
2025-08-22 11:55:00,24800,PE,1181.03,1194.05,1170.15,1181.73,380,31439,0.14
2025-08-22 11:55:00,24850,CE,366.19,361.05,354.92,360.77,250,28423,0.1383
2025-08-22 11:55:00,24850,PE,1207.96,1226.48,1190.02,1211.87,31,29437,0.1412
2025-08-22 11:55:00,24900,CE,390.41,396.4,380.37,389.44,131,24974,0.1403
2025-08-22 11:55:00,24900,PE,1281.11,1284.34,1273.57,1279.49,384,25953,0.1425
2025-08-22 12:00:00,23500,CE,925.37,943.98,915.06,924.77,448,32936,0.1385
2025-08-22 12:00:00,23500,PE,404.49,404.31,400.87,403.25,229,31643,0.1412
2025-08-22 12:00:00,23550,CE,854.08,872.16,853.09,862.45,606,31639,0.1418
2025-08-22 12:00:00,23550,PE,433.82,446.9,427.15,433.02,366,27261,0.1436
2025-08-22 12:00:00,23600,CE,859.36,855.98,845.32,855.46,319,28808,0.142
2025-08-22 12:00:00,23600,PE,421.07,425.41,416.71,418.92,344,29849,0.1443
2025-08-22 12:00:00,23650,CE,783.46,795.51,785.94,792.21,597,32946,0.1418
2025-08-22 12:00:00,23650,PE,429.07,427.34,421.56,427.2,665,35680,0.1468
2025-08-22 12:00:00,23700,CE,731.14,767.02,732.51,745.24,340,31854,0.1418
2025-08-22 12:00:00,23700,PE,402.12,403.97,400.09,402.11,64,36635,0.1432
2025-08-22 12:00:00,23750,CE,705.39,719.07,699.3,709.78,105,36279,0.1403
2025-08-22 12:00:00,23750,PE,432.55,435.3,427.59,431.51,740,32452,0.143
2025-08-22 12:00:00,23800,CE,648.71,661.52,639.99,645.31,675,38195,0.1448
2025-08-22 12:00:00,23800,PE,381.58,390.4,385.54,386.27,882,39467,0.1411
2025-08-22 12:00:00,23850,CE,603.35,609.4,602.31,606.27,556,44369,0.1408
2025-08-22 12:00:00,23850,PE,374.96,382.24,378.39,378.55,894,42260,0.1403
2025-08-22 12:00:00,23900,CE,559.57,569.9,562.56,563.57,703,44460,0.1445
2025-08-22 12:00:00,23900,PE,379.27,393.83,377.67,383.16,496,48352,0.1421
2025-08-22 12:00:00,23950,CE,501.25,500.13,495.35,499.48,894,45570,0.1419
2025-08-22 12:00:00,23950,PE,408.75,411.92,403.48,408.58,788,48708,0.1405
2025-08-22 12:00:00,24000,CE,413.66,413.95,407.97,411.35,316,50919,0.1445
2025-08-22 12:00:00,24000,PE,408.87,412.27,405.86,408.09,651,52836,0.1408
2025-08-22 12:00:00,24050,CE,394.54,403.74,398.67,399.84,1097,63261,0.1419
2025-08-22 12:00:00,24050,PE,414.36,426.69,417.33,417.47,1261,60962,0.1435
2025-08-22 12:00:00,24100,CE,422.98,426.59,417.15,422.15,898,68284,0.1445
2025-08-22 12:00:00,24100,PE,457.73,452.54,445.24,451.77,1443,59497,0.14
2025-08-22 12:00:00,24150,CE,413.81,416.91,406.35,411.85,858,77127,0.1453
2025-08-22 12:00:00,24150,PE,502.95,511.29,499.0,502.61,1294,75650,0.1436
2025-08-22 12:00:00,24200,CE,380.49,385.91,380.66,381.12,37,81058,0.141
2025-08-22 12:00:00,24200,PE,535.79,541.68,538.21,539.93,169,85775,0.1405
2025-08-22 12:00:00,24250,CE,394.17,395.89,390.5,395.25,116,76240,0.1416
2025-08-22 12:00:00,24250,PE,586.19,591.07,588.27,588.35,527,79899,0.1434
2025-08-22 12:00:00,24300,CE,403.48,399.85,397.02,398.76,950,70233,0.1447
2025-08-22 12:00:00,24300,PE,668.17,678.16,665.24,670.58,464,67076,0.1449
2025-08-22 12:00:00,24350,CE,413.85,420.77,405.87,408.37,658,59182,0.1406
2025-08-22 12:00:00,24350,PE,706.92,707.08,697.92,701.79,660,61696,0.143
2025-08-22 12:00:00,24400,CE,402.09,404.95,403.69,403.91,141,56342,0.1442
2025-08-22 12:00:00,24400,PE,711.24,734.18,715.02,718.56,548,52728,0.1438
2025-08-22 12:00:00,24450,CE,395.32,399.64,390.49,395.13,242,46488,0.1442
2025-08-22 12:00:00,24450,PE,812.74,826.02,800.23,815.43,453,53165,0.1427
2025-08-22 12:00:00,24500,CE,404.31,407.53,396.16,402.34,685,42646,0.143
2025-08-22 12:00:00,24500,PE,830.86,838.68,835.87,837.1,465,50134,0.1403
2025-08-22 12:00:00,24550,CE,394.88,395.27,386.2,386.94,609,43958,0.1418
2025-08-22 12:00:00,24550,PE,879.54,885.51,875.85,882.02,227,43814,0.1394
2025-08-22 12:00:00,24600,CE,380.73,386.75,377.65,377.93,587,43944,0.141
2025-08-22 12:00:00,24600,PE,971.6,984.59,961.1,972.18,403,36185,0.1439
2025-08-22 12:00:00,24650,CE,419.68,422.05,411.11,415.82,37,38771,0.146
2025-08-22 12:00:00,24650,PE,990.5,1019.09,993.98,998.28,333,39903,0.1394
2025-08-22 12:00:00,24700,CE,414.28,413.34,410.39,412.1,525,31336,0.1439
2025-08-22 12:00:00,24700,PE,1037.42,1058.03,1027.55,1041.8,241,34129,0.1401
2025-08-22 12:00:00,24750,CE,379.22,379.95,373.45,375.96,242,31181,0.1387
2025-08-22 12:00:00,24750,PE,1067.06,1083.18,1071.56,1080.75,314,40617,0.1404
2025-08-22 12:00:00,24800,CE,400.81,406.56,400.1,401.39,209,31915,0.1424
2025-08-22 12:00:00,24800,PE,1144.1,1151.49,1129.55,1136.1,444,31572,0.1396
2025-08-22 12:00:00,24850,CE,408.98,408.25,403.89,407.42,143,27827,0.1412
2025-08-22 12:00:00,24850,PE,1182.74,1194.22,1160.73,1176.84,384,29588,0.1429
2025-08-22 12:00:00,24900,CE,433.51,430.69,426.93,427.69,280,24713,0.1419
2025-08-22 12:00:00,24900,PE,1241.1,1237.09,1222.55,1229.03,88,25946,0.145
2025-08-22 12:05:00,23500,CE,965.14,974.64,963.28,969.54,452,32693,0.1403
2025-08-22 12:05:00,23500,PE,357.83,363.09,355.94,357.85,317,32238,0.138
2025-08-22 12:05:00,23550,CE,914.96,914.06,908.16,908.2,146,31316,0.1416
2025-08-22 12:05:00,23550,PE,400.76,410.37,406.01,406.59,156,27756,0.1426
2025-08-22 12:05:00,23600,CE,850.61,861.93,841.89,852.37,361,29309,0.1431
2025-08-22 12:05:00,23600,PE,404.4,413.8,409.44,409.47,639,29754,0.1429
2025-08-22 12:05:00,23650,CE,846.31,845.64,838.83,844.54,51,32710,0.1446
2025-08-22 12:05:00,23650,PE,384.58,386.0,382.11,383.91,398,35537,0.14
2025-08-22 12:05:00,23700,CE,761.18,773.15,761.52,764.2,14,32441,0.1434
2025-08-22 12:05:00,23700,PE,389.11,397.83,394.04,395.86,245,36777,0.1423
2025-08-22 12:05:00,23750,CE,715.57,721.96,709.23,716.38,800,36332,0.1425
2025-08-22 12:05:00,23750,PE,415.58,413.41,406.83,411.99,591,31895,0.1441
2025-08-22 12:05:00,23800,CE,667.74,667.62,643.26,657.73,647,38612,0.1426
2025-08-22 12:05:00,23800,PE,384.16,387.95,380.73,381.69,848,38967,0.1431
2025-08-22 12:05:00,23850,CE,626.39,632.97,624.74,625.75,245,43825,0.1437
2025-08-22 12:05:00,23850,PE,403.91,414.11,405.04,405.81,934,41989,0.1423
2025-08-22 12:05:00,23900,CE,557.45,560.6,553.69,555.83,610,44430,0.1395
2025-08-22 12:05:00,23900,PE,404.86,411.98,407.13,409.55,785,48826,0.1455
2025-08-22 12:05:00,23950,CE,542.34,538.81,527.16,536.5,427,45918,0.1445
2025-08-22 12:05:00,23950,PE,402.65,407.53,401.8,401.95,385,48345,0.1447
2025-08-22 12:05:00,24000,CE,477.82,481.68,463.65,470.95,177,50765,0.1391
2025-08-22 12:05:00,24000,PE,402.16,408.01,405.2,406.75,831,53172,0.1372
2025-08-22 12:05:00,24050,CE,393.4,394.28,385.99,390.28,1458,63293,0.1416
2025-08-22 12:05:00,24050,PE,395.08,396.48,387.12,392.95,717,60571,0.1439
2025-08-22 12:05:00,24100,CE,432.34,431.66,429.57,431.49,1456,68159,0.1461
2025-08-22 12:05:00,24100,PE,465.36,469.88,464.2,466.43,1223,59648,0.1441
2025-08-22 12:05:00,24150,CE,405.67,408.78,405.28,408.42,1280,77694,0.1422
2025-08-22 12:05:00,24150,PE,477.15,481.39,473.21,475.01,977,75844,0.1399
2025-08-22 12:05:00,24200,CE,374.91,373.25,368.21,372.39,182,80477,0.14
2025-08-22 12:05:00,24200,PE,565.97,580.43,565.36,565.51,668,86021,0.1409
2025-08-22 12:05:00,24250,CE,403.78,405.13,398.63,404.07,808,75941,0.1418
2025-08-22 12:05:00,24250,PE,606.45,609.47,593.83,598.44,550,80333,0.1425
2025-08-22 12:05:00,24300,CE,384.99,388.36,379.52,386.3,107,70093,0.1413
2025-08-22 12:05:00,24300,PE,654.61,649.99,646.02,648.07,919,66715,0.1448
2025-08-22 12:05:00,24350,CE,407.52,406.36,403.15,406.01,290,59143,0.1404
2025-08-22 12:05:00,24350,PE,667.83,679.89,667.95,670.57,614,61402,0.1423
2025-08-22 12:05:00,24400,CE,404.15,401.77,395.77,399.83,647,56024,0.1445
2025-08-22 12:05:00,24400,PE,705.49,713.33,707.26,708.58,308,52815,0.1404
2025-08-22 12:05:00,24450,CE,398.49,407.89,397.8,397.97,21,46808,0.1441
2025-08-22 12:05:00,24450,PE,797.21,807.52,792.82,800.17,507,53566,0.1465
2025-08-22 12:05:00,24500,CE,416.41,420.25,412.18,412.19,200,42523,0.1425
2025-08-22 12:05:00,24500,PE,856.62,872.58,854.05,855.8,630,49614,0.1426
2025-08-22 12:05:00,24550,CE,385.54,387.86,384.06,385.77,326,43938,0.1431
2025-08-22 12:05:00,24550,PE,881.21,897.72,888.83,890.1,298,43734,0.1429
2025-08-22 12:05:00,24600,CE,393.18,401.53,391.03,391.88,461,43580,0.139
2025-08-22 12:05:00,24600,PE,971.89,972.56,964.85,967.19,548,36660,0.142
2025-08-22 12:05:00,24650,CE,405.61,406.97,400.29,404.32,111,39339,0.1393
2025-08-22 12:05:00,24650,PE,963.63,991.58,966.82,977.04,158,39365,0.1432
2025-08-22 12:05:00,24700,CE,391.29,389.6,380.96,384.54,223,31690,0.1411
2025-08-22 12:05:00,24700,PE,1009.9,1031.99,1012.42,1012.51,463,34303,0.1399
2025-08-22 12:05:00,24750,CE,401.96,407.03,397.67,401.9,422,30894,0.1417
2025-08-22 12:05:00,24750,PE,1068.83,1107.9,1046.93,1069.47,456,40779,0.1436
2025-08-22 12:05:00,24800,CE,368.85,375.51,372.21,374.37,72,31469,0.1396
2025-08-22 12:05:00,24800,PE,1133.08,1149.8,1126.16,1129.18,137,31055,0.14
2025-08-22 12:05:00,24850,CE,380.49,383.74,381.56,383.31,138,28419,0.1415
2025-08-22 12:05:00,24850,PE,1190.34,1197.13,1186.29,1189.1,118,29751,0.1425
2025-08-22 12:05:00,24900,CE,391.85,393.85,389.84,390.18,438,24416,0.1415
2025-08-22 12:05:00,24900,PE,1220.68,1224.85,1219.22,1219.8,314,25886,0.1428
2025-08-22 12:10:00,23500,CE,983.06,975.35,971.0,974.82,175,33233,0.1435
2025-08-22 12:10:00,23500,PE,398.35,400.28,397.26,398.26,389,32164,0.1433
2025-08-22 12:10:00,23550,CE,890.78,910.54,892.37,895.36,509,31796,0.1395
2025-08-22 12:10:00,23550,PE,381.67,384.83,378.7,382.22,491,28198,0.1418
2025-08-22 12:10:00,23600,CE,903.24,904.74,889.63,900.12,222,29121,0.1442
2025-08-22 12:10:00,23600,PE,394.39,394.23,386.79,393.37,163,29989,0.1409
2025-08-22 12:10:00,23650,CE,820.45,835.31,817.59,826.55,576,32902,0.1416
2025-08-22 12:10:00,23650,PE,440.59,449.42,436.36,442.13,433,35862,0.1451
2025-08-22 12:10:00,23700,CE,767.32,771.29,767.68,770.9,150,32280,0.1459
2025-08-22 12:10:00,23700,PE,384.13,382.86,376.15,379.47,548,36239,0.1425
2025-08-22 12:10:00,23750,CE,774.26,770.18,769.31,769.51,761,35937,0.1457
2025-08-22 12:10:00,23750,PE,372.69,383.07,372.45,375.28,659,32034,0.1399
2025-08-22 12:10:00,23800,CE,668.04,667.05,665.99,667.02,773,38942,0.1444
2025-08-22 12:10:00,23800,PE,411.82,412.36,410.11,411.46,477,39274,0.1415
2025-08-22 12:10:00,23850,CE,638.16,639.83,629.84,634.46,357,43925,0.1404
2025-08-22 12:10:00,23850,PE,385.97,389.28,385.36,386.37,917,41490,0.1394
2025-08-22 12:10:00,23900,CE,563.12,566.63,563.79,564.01,407,43850,0.1428
2025-08-22 12:10:00,23900,PE,398.37,410.79,397.38,398.32,603,49164,0.1404
2025-08-22 12:10:00,23950,CE,492.86,494.99,491.22,492.31,68,45977,0.1407
2025-08-22 12:10:00,23950,PE,391.77,399.42,394.06,394.6,531,48684,0.1387
2025-08-22 12:10:00,24000,CE,458.58,471.82,466.49,466.58,333,50360,0.1432
2025-08-22 12:10:00,24000,PE,374.7,375.43,371.58,373.23,156,53060,0.1376
2025-08-22 12:10:00,24050,CE,444.03,448.55,446.38,447.46,828,63796,0.141
2025-08-22 12:10:00,24050,PE,404.45,403.08,392.76,402.84,793,60176,0.1415
2025-08-22 12:10:00,24100,CE,420.23,418.22,411.66,412.33,1148,67632,0.1435
2025-08-22 12:10:00,24100,PE,386.05,391.49,386.41,390.35,581,59832,0.1427
2025-08-22 12:10:00,24150,CE,417.37,417.82,413.89,414.78,373,77807,0.1417
2025-08-22 12:10:00,24150,PE,469.37,474.4,467.35,468.48,648,76386,0.1397
2025-08-22 12:10:00,24200,CE,409.89,410.88,403.49,407.88,367,80964,0.1443
2025-08-22 12:10:00,24200,PE,532.73,528.15,527.54,527.7,777,86320,0.1383
2025-08-22 12:10:00,24250,CE,411.5,416.84,409.8,410.03,199,75363,0.1418
2025-08-22 12:10:00,24250,PE,583.96,593.76,581.45,586.97,805,80309,0.1436
2025-08-22 12:10:00,24300,CE,417.58,425.07,411.07,416.01,315,70568,0.1396
2025-08-22 12:10:00,24300,PE,602.59,600.99,599.48,600.69,332,66635,0.1404
2025-08-22 12:10:00,24350,CE,382.77,385.87,377.14,381.52,654,59697,0.1377
2025-08-22 12:10:00,24350,PE,696.47,698.91,694.32,694.97,809,61584,0.1411
2025-08-22 12:10:00,24400,CE,398.77,409.34,400.47,401.92,103,55555,0.1439
2025-08-22 12:10:00,24400,PE,741.36,734.83,724.17,729.21,575,52826,0.1453
2025-08-22 12:10:00,24450,CE,400.92,407.48,401.62,403.37,112,47042,0.1415
2025-08-22 12:10:00,24450,PE,790.74,798.69,789.33,794.88,718,53044,0.1438
2025-08-22 12:10:00,24500,CE,393.86,406.3,396.7,398.12,586,42336,0.1406
2025-08-22 12:10:00,24500,PE,811.47,832.72,804.41,812.05,288,49874,0.143
2025-08-22 12:10:00,24550,CE,405.82,411.2,401.6,406.13,171,43526,0.1428
2025-08-22 12:10:00,24550,PE,881.81,892.24,874.21,879.4,637,43552,0.1405
2025-08-22 12:10:00,24600,CE,409.59,411.57,406.65,407.83,113,43807,0.1407
2025-08-22 12:10:00,24600,PE,930.3,942.75,924.13,925.2,142,36990,0.1393
2025-08-22 12:10:00,24650,CE,415.63,427.2,421.28,422.84,49,39361,0.1426
2025-08-22 12:10:00,24650,PE,974.32,986.96,967.04,967.25,240,39913,0.1409
2025-08-22 12:10:00,24700,CE,383.06,390.12,382.47,385.92,291,32200,0.1401
2025-08-22 12:10:00,24700,PE,1049.13,1054.35,1040.72,1053.55,143,34271,0.1407
2025-08-22 12:10:00,24750,CE,389.85,398.01,386.84,390.46,426,30486,0.1439
2025-08-22 12:10:00,24750,PE,1067.57,1058.89,1052.31,1056.25,485,41106,0.1406
2025-08-22 12:10:00,24800,CE,390.33,399.5,389.6,392.49,338,31160,0.1426
2025-08-22 12:10:00,24800,PE,1136.3,1139.2,1124.41,1134.7,407,31466,0.1417
2025-08-22 12:10:00,24850,CE,399.84,399.88,390.09,393.24,143,28523,0.1405
2025-08-22 12:10:00,24850,PE,1179.55,1191.78,1176.95,1189.83,36,29623,0.141
2025-08-22 12:10:00,24900,CE,427.32,426.28,424.31,425.0,74,24483,0.1402
2025-08-22 12:10:00,24900,PE,1231.73,1249.59,1227.89,1241.11,251,25925,0.1428
2025-08-22 12:15:00,23500,CE,1024.1,1068.81,1012.78,1019.43,372,33742,0.1396
2025-08-22 12:15:00,23500,PE,371.41,379.57,368.94,372.18,114,31821,0.1407
2025-08-22 12:15:00,23550,CE,973.47,1001.33,980.33,982.92,132,32309,0.1413
2025-08-22 12:15:00,23550,PE,378.46,378.39,367.39,373.46,62,27635,0.1379
2025-08-22 12:15:00,23600,CE,914.7,936.14,912.87,928.22,106,29444,0.1404
2025-08-22 12:15:00,23600,PE,425.8,425.24,422.15,422.24,359,30492,0.1435
2025-08-22 12:15:00,23650,CE,895.85,907.71,877.02,889.8,142,32774,0.1404
2025-08-22 12:15:00,23650,PE,391.15,402.48,395.41,396.41,368,35349,0.1406
2025-08-22 12:15:00,23700,CE,854.77,862.86,841.81,856.17,643,32645,0.1451
2025-08-22 12:15:00,23700,PE,389.63,393.6,384.06,388.3,110,36650,0.1418
2025-08-22 12:15:00,23750,CE,753.44,751.36,746.03,748.4,344,35740,0.1455
2025-08-22 12:15:00,23750,PE,408.65,408.59,403.59,406.05,712,32056,0.1419
2025-08-22 12:15:00,23800,CE,734.2,752.52,736.06,740.58,195,39313,0.1425
2025-08-22 12:15:00,23800,PE,404.06,406.41,400.98,404.23,585,38904,0.1459
2025-08-22 12:15:00,23850,CE,689.53,691.13,684.31,684.78,604,44079,0.1439
2025-08-22 12:15:00,23850,PE,381.53,381.42,373.4,379.65,254,41406,0.1448
2025-08-22 12:15:00,23900,CE,631.13,635.92,631.02,633.8,817,43459,0.1473
2025-08-22 12:15:00,23900,PE,426.08,432.13,423.78,425.92,706,49561,0.14
2025-08-22 12:15:00,23950,CE,596.77,607.45,592.48,596.27,1009,45766,0.1427
2025-08-22 12:15:00,23950,PE,378.99,382.93,379.16,379.9,299,49205,0.1417
2025-08-22 12:15:00,24000,CE,550.32,555.16,533.89,546.95,568,50442,0.1424
2025-08-22 12:15:00,24000,PE,414.46,414.11,409.81,412.41,628,53077,0.1411
2025-08-22 12:15:00,24050,CE,479.72,485.37,481.4,483.39,864,63703,0.1452
2025-08-22 12:15:00,24050,PE,366.73,374.72,367.05,368.59,550,60056,0.1395
2025-08-22 12:15:00,24100,CE,463.01,464.54,449.83,457.61,1051,68013,0.1429
2025-08-22 12:15:00,24100,PE,385.9,386.12,380.47,383.93,893,60045,0.1433
2025-08-22 12:15:00,24150,CE,412.3,415.66,413.35,414.76,726,78135,0.1443
2025-08-22 12:15:00,24150,PE,403.86,410.62,409.15,409.15,692,76291,0.1414
2025-08-22 12:15:00,24200,CE,385.15,396.39,383.34,385.82,103,80677,0.144
2025-08-22 12:15:00,24200,PE,459.14,466.04,463.43,464.77,1089,85824,0.1463
2025-08-22 12:15:00,24250,CE,395.98,393.73,391.8,393.3,302,75694,0.142
2025-08-22 12:15:00,24250,PE,521.35,519.01,509.93,514.14,1118,80207,0.1405
2025-08-22 12:15:00,24300,CE,380.43,381.07,377.92,379.97,472,70579,0.1386
2025-08-22 12:15:00,24300,PE,524.2,530.89,524.2,524.92,877,66598,0.1395
2025-08-22 12:15:00,24350,CE,375.62,381.38,378.3,378.55,190,59614,0.1434
2025-08-22 12:15:00,24350,PE,598.36,611.21,605.79,607.37,271,61804,0.1424
2025-08-22 12:15:00,24400,CE,371.77,378.37,370.64,370.89,144,55685,0.1451
2025-08-22 12:15:00,24400,PE,645.05,651.72,647.93,651.02,132,53392,0.1416
2025-08-22 12:15:00,24450,CE,379.8,384.56,376.8,378.07,546,46608,0.1399
2025-08-22 12:15:00,24450,PE,727.09,734.28,722.51,732.79,811,53132,0.1453
2025-08-22 12:15:00,24500,CE,417.05,426.25,411.46,414.43,477,41811,0.1415
2025-08-22 12:15:00,24500,PE,773.76,788.94,763.93,769.76,156,50243,0.1423
2025-08-22 12:15:00,24550,CE,406.54,406.94,401.14,405.42,344,43665,0.1402
2025-08-22 12:15:00,24550,PE,835.56,826.48,807.98,820.75,714,43466,0.1435
2025-08-22 12:15:00,24600,CE,435.75,437.75,435.5,437.09,263,44169,0.1477
2025-08-22 12:15:00,24600,PE,891.28,889.86,882.24,882.41,54,36936,0.1436
2025-08-22 12:15:00,24650,CE,401.29,405.86,394.36,398.72,541,39034,0.1418
2025-08-22 12:15:00,24650,PE,889.57,896.53,883.87,888.04,199,39880,0.1398
2025-08-22 12:15:00,24700,CE,392.92,395.7,391.27,394.38,53,31684,0.1418
2025-08-22 12:15:00,24700,PE,977.86,985.93,972.36,985.67,156,34748,0.1468
2025-08-22 12:15:00,24750,CE,422.25,419.78,417.72,418.53,131,30763,0.1418
2025-08-22 12:15:00,24750,PE,1040.9,1032.3,1016.47,1027.18,244,41418,0.14
2025-08-22 12:15:00,24800,CE,391.38,396.21,391.18,392.19,181,31609,0.1401
2025-08-22 12:15:00,24800,PE,1009.98,1042.96,1019.47,1028.82,202,31815,0.1411
2025-08-22 12:15:00,24850,CE,413.11,417.96,406.9,410.92,420,28441,0.144
2025-08-22 12:15:00,24850,PE,1097.92,1106.65,1102.84,1104.89,339,29165,0.1419
2025-08-22 12:15:00,24900,CE,411.36,413.07,405.88,412.35,242,24331,0.1441
2025-08-22 12:15:00,24900,PE,1156.05,1185.16,1169.72,1173.6,458,26445,0.1449
2025-08-22 12:20:00,23500,CE,1000.03,1013.2,1004.5,1005.19,436,34280,0.1436
2025-08-22 12:20:00,23500,PE,400.14,409.85,401.15,402.14,542,32142,0.1426
2025-08-22 12:20:00,23550,CE,934.46,953.02,933.94,934.14,353,31954,0.1405
2025-08-22 12:20:00,23550,PE,433.7,437.19,425.77,429.62,481,27268,0.1437
2025-08-22 12:20:00,23600,CE,926.97,943.7,923.41,925.21,123,29899,0.143
2025-08-22 12:20:00,23600,PE,399.42,401.6,395.99,400.9,80,30062,0.1449
2025-08-22 12:20:00,23650,CE,875.49,874.3,857.33,865.18,345,32874,0.1419
2025-08-22 12:20:00,23650,PE,399.94,400.68,394.0,396.47,40,35202,0.1384
2025-08-22 12:20:00,23700,CE,853.91,847.55,835.42,840.01,169,32407,0.1421
2025-08-22 12:20:00,23700,PE,408.35,417.69,412.31,415.01,138,36862,0.1429
2025-08-22 12:20:00,23750,CE,781.08,783.48,768.15,773.69,370,36291,0.1433
2025-08-22 12:20:00,23750,PE,384.89,392.77,381.13,384.87,18,32389,0.1401
2025-08-22 12:20:00,23800,CE,733.25,741.49,715.46,729.32,758,39296,0.1452
2025-08-22 12:20:00,23800,PE,385.84,392.17,386.29,386.76,586,38832,0.1412
2025-08-22 12:20:00,23850,CE,691.17,698.02,682.2,695.72,546,44568,0.1428
2025-08-22 12:20:00,23850,PE,410.43,417.33,410.15,410.7,488,41499,0.1419
2025-08-22 12:20:00,23900,CE,614.8,611.74,601.99,610.41,986,43454,0.1444
2025-08-22 12:20:00,23900,PE,399.48,397.54,396.36,396.76,186,49780,0.1436
2025-08-22 12:20:00,23950,CE,559.74,576.44,557.54,563.65,774,45450,0.1434
2025-08-22 12:20:00,23950,PE,391.81,398.1,391.05,393.92,813,48681,0.1417
2025-08-22 12:20:00,24000,CE,528.38,548.23,531.53,534.69,413,50868,0.1441
2025-08-22 12:20:00,24000,PE,385.76,391.36,386.72,388.99,778,53205,0.1411
2025-08-22 12:20:00,24050,CE,449.25,450.93,444.64,447.83,895,63300,0.1434
2025-08-22 12:20:00,24050,PE,360.67,365.51,353.34,360.41,1372,59813,0.1396
2025-08-22 12:20:00,24100,CE,412.86,414.8,408.83,412.07,1314,68600,0.1414
2025-08-22 12:20:00,24100,PE,388.7,387.6,385.12,385.84,421,60206,0.1419
2025-08-22 12:20:00,24150,CE,373.52,372.7,365.59,372.67,94,78298,0.1395
2025-08-22 12:20:00,24150,PE,469.65,470.07,465.94,469.57,737,75777,0.1444
2025-08-22 12:20:00,24200,CE,401.41,401.88,398.0,400.17,953,81239,0.1455
2025-08-22 12:20:00,24200,PE,449.74,455.44,448.45,449.47,138,86295,0.1407
2025-08-22 12:20:00,24250,CE,414.74,418.43,414.11,416.49,1043,75751,0.144
2025-08-22 12:20:00,24250,PE,500.32,503.34,499.83,503.21,1113,79978,0.1433
2025-08-22 12:20:00,24300,CE,404.51,408.15,399.38,403.48,795,70816,0.1425
2025-08-22 12:20:00,24300,PE,564.25,577.92,567.18,567.2,644,66998,0.1388
2025-08-22 12:20:00,24350,CE,395.13,398.41,387.28,392.23,869,59957,0.1411
2025-08-22 12:20:00,24350,PE,602.3,607.91,601.01,606.9,588,62376,0.1443
2025-08-22 12:20:00,24400,CE,379.52,383.92,379.07,379.8,506,55849,0.142
2025-08-22 12:20:00,24400,PE,695.23,693.56,688.16,693.1,182,53177,0.1399
2025-08-22 12:20:00,24450,CE,360.97,367.66,363.1,366.75,748,46605,0.1403
2025-08-22 12:20:00,24450,PE,754.7,751.41,748.77,749.55,428,53511,0.146
2025-08-22 12:20:00,24500,CE,396.31,399.06,391.05,397.47,257,41529,0.1396
2025-08-22 12:20:00,24500,PE,768.2,779.44,763.94,774.24,19,49920,0.1422
2025-08-22 12:20:00,24550,CE,394.66,396.37,391.77,392.67,368,43934,0.139
2025-08-22 12:20:00,24550,PE,827.26,848.1,821.8,825.96,241,43399,0.1423
2025-08-22 12:20:00,24600,CE,422.03,434.68,422.39,426.46,155,44548,0.1458
2025-08-22 12:20:00,24600,PE,907.97,924.78,899.65,902.87,352,36508,0.1437
2025-08-22 12:20:00,24650,CE,412.32,419.37,409.88,410.45,382,38836,0.144
2025-08-22 12:20:00,24650,PE,913.97,913.48,903.71,911.1,538,39601,0.142
2025-08-22 12:20:00,24700,CE,395.67,398.0,388.31,395.81,506,31921,0.1429
2025-08-22 12:20:00,24700,PE,987.89,987.76,969.69,972.93,87,35059,0.1412
2025-08-22 12:20:00,24750,CE,399.87,411.27,394.89,398.29,400,30710,0.1421
2025-08-22 12:20:00,24750,PE,1018.24,1038.46,1025.53,1027.07,96,41391,0.1451
2025-08-22 12:20:00,24800,CE,394.35,398.92,389.93,395.65,321,31167,0.1416
2025-08-22 12:20:00,24800,PE,1075.19,1082.16,1062.16,1074.49,184,32057,0.1389
2025-08-22 12:20:00,24850,CE,378.83,387.14,382.14,383.8,278,29031,0.1392
2025-08-22 12:20:00,24850,PE,1130.28,1151.69,1135.61,1149.53,114,29498,0.1438
2025-08-22 12:20:00,24900,CE,431.03,435.09,430.29,434.84,206,23998,0.144
2025-08-22 12:20:00,24900,PE,1193.52,1198.53,1159.13,1183.62,450,26592,0.1442
2025-08-22 12:25:00,23500,CE,978.93,995.54,971.98,979.76,313,34033,0.1437
2025-08-22 12:25:00,23500,PE,417.99,422.93,417.08,421.43,510,31578,0.1448
2025-08-22 12:25:00,23550,CE,935.28,965.33,947.05,947.34,79,31569,0.1394
2025-08-22 12:25:00,23550,PE,391.61,390.53,383.41,388.9,403,26791,0.146
2025-08-22 12:25:00,23600,CE,887.45,892.56,885.29,891.8,522,29534,0.1447
2025-08-22 12:25:00,23600,PE,409.91,417.68,402.51,409.31,445,30416,0.1448
2025-08-22 12:25:00,23650,CE,841.59,844.12,835.16,836.31,615,32625,0.1419
2025-08-22 12:25:00,23650,PE,413.24,415.18,408.77,411.96,62,35510,0.1439
2025-08-22 12:25:00,23700,CE,777.44,780.34,775.29,778.04,344,32945,0.1441
2025-08-22 12:25:00,23700,PE,385.24,390.59,379.57,383.35,151,36951,0.1448
2025-08-22 12:25:00,23750,CE,732.35,735.07,729.36,730.6,108,36273,0.1427
2025-08-22 12:25:00,23750,PE,407.53,410.89,402.74,406.04,14,32689,0.1423
2025-08-22 12:25:00,23800,CE,690.65,702.91,691.2,692.16,540,38812,0.1424
2025-08-22 12:25:00,23800,PE,409.66,412.97,410.76,412.43,449,38745,0.1434
2025-08-22 12:25:00,23850,CE,657.09,665.01,655.96,659.8,659,44566,0.1424
2025-08-22 12:25:00,23850,PE,411.52,421.58,406.73,416.2,454,41896,0.1399
2025-08-22 12:25:00,23900,CE,571.08,574.92,572.19,573.95,566,43831,0.1425
2025-08-22 12:25:00,23900,PE,402.08,408.67,397.29,407.09,953,50197,0.1406
2025-08-22 12:25:00,23950,CE,519.93,523.94,521.75,522.56,1151,45687,0.1388
2025-08-22 12:25:00,23950,PE,406.08,413.41,405.45,408.57,685,48717,0.1444
2025-08-22 12:25:00,24000,CE,478.16,486.01,479.83,483.41,297,51261,0.1416
2025-08-22 12:25:00,24000,PE,410.61,422.2,411.52,413.02,956,53652,0.1431
2025-08-22 12:25:00,24050,CE,436.73,443.36,435.55,435.74,1120,63276,0.1435
2025-08-22 12:25:00,24050,PE,402.79,411.1,399.88,406.79,486,60395,0.1452
2025-08-22 12:25:00,24100,CE,421.75,419.11,417.73,418.07,1269,69049,0.1403
2025-08-22 12:25:00,24100,PE,410.33,415.5,406.88,409.4,1018,60218,0.1435
2025-08-22 12:25:00,24150,CE,397.18,399.55,391.24,394.33,73,77781,0.1397
2025-08-22 12:25:00,24150,PE,468.43,477.29,469.81,471.75,1044,75446,0.148
2025-08-22 12:25:00,24200,CE,388.34,397.13,384.76,387.16,124,81570,0.14
2025-08-22 12:25:00,24200,PE,499.7,500.23,489.89,491.08,802,85828,0.1389
2025-08-22 12:25:00,24250,CE,392.74,398.98,397.13,397.36,576,75714,0.1431
2025-08-22 12:25:00,24250,PE,576.1,574.3,571.82,572.39,22,80103,0.1441
2025-08-22 12:25:00,24300,CE,428.13,434.5,430.24,433.45,414,71270,0.1462
2025-08-22 12:25:00,24300,PE,601.5,599.28,596.51,598.07,132,67414,0.1424
2025-08-22 12:25:00,24350,CE,377.3,378.23,375.81,376.69,21,60274,0.1398
2025-08-22 12:25:00,24350,PE,632.37,646.22,630.96,637.03,727,62265,0.1473
2025-08-22 12:25:00,24400,CE,422.66,425.67,419.95,422.25,247,55419,0.1412
2025-08-22 12:25:00,24400,PE,717.32,738.29,723.31,728.44,296,53380,0.1431
2025-08-22 12:25:00,24450,CE,403.91,410.87,404.64,407.24,569,46222,0.142
2025-08-22 12:25:00,24450,PE,754.31,770.78,759.85,760.82,21,53584,0.1399
2025-08-22 12:25:00,24500,CE,380.22,386.33,381.39,382.66,425,42105,0.1424
2025-08-22 12:25:00,24500,PE,826.04,847.78,823.06,827.47,553,49980,0.1398
2025-08-22 12:25:00,24550,CE,412.18,409.92,405.71,408.43,404,44108,0.1445
2025-08-22 12:25:00,24550,PE,869.04,860.14,854.54,858.25,310,43612,0.1404
2025-08-22 12:25:00,24600,CE,402.17,407.22,392.87,398.54,131,44944,0.1434
2025-08-22 12:25:00,24600,PE,904.09,926.17,896.82,898.53,546,36429,0.1425
2025-08-22 12:25:00,24650,CE,393.67,397.91,393.8,395.62,276,38833,0.1393
2025-08-22 12:25:00,24650,PE,954.41,968.85,946.0,954.26,487,39212,0.1405
2025-08-22 12:25:00,24700,CE,382.54,383.3,379.35,380.38,197,32058,0.1396
2025-08-22 12:25:00,24700,PE,993.35,1000.11,979.14,999.17,392,34813,0.1399
2025-08-22 12:25:00,24750,CE,406.08,416.85,402.6,407.59,69,30719,0.1432
2025-08-22 12:25:00,24750,PE,1040.59,1034.31,1021.74,1031.15,342,41710,0.1398
2025-08-22 12:25:00,24800,CE,387.61,402.77,392.72,395.44,9,30588,0.1413
2025-08-22 12:25:00,24800,PE,1092.8,1101.0,1092.35,1096.86,200,32133,0.1442
2025-08-22 12:25:00,24850,CE,445.28,449.93,444.72,445.26,9,28639,0.144
2025-08-22 12:25:00,24850,PE,1146.95,1160.93,1144.71,1151.2,205,29233,0.1425
2025-08-22 12:25:00,24900,CE,352.13,354.58,353.21,354.17,327,23439,0.1409
2025-08-22 12:25:00,24900,PE,1203.69,1215.57,1209.22,1209.32,408,26195,0.142
2025-08-22 12:30:00,23500,CE,1036.29,1021.75,1012.77,1015.2,258,34616,0.1403
2025-08-22 12:30:00,23500,PE,407.82,415.71,397.52,403.51,383,32176,0.1418
2025-08-22 12:30:00,23550,CE,945.98,934.79,931.16,934.2,21,31832,0.1431
2025-08-22 12:30:00,23550,PE,408.32,412.39,408.49,409.57,55,26925,0.1426
2025-08-22 12:30:00,23600,CE,897.95,907.3,896.94,903.21,218,29866,0.1397
2025-08-22 12:30:00,23600,PE,411.37,413.27,408.64,412.46,90,30891,0.1449
2025-08-22 12:30:00,23650,CE,829.43,837.48,830.06,837.12,339,32648,0.1451
2025-08-22 12:30:00,23650,PE,394.96,395.93,390.83,393.11,401,34952,0.1416
2025-08-22 12:30:00,23700,CE,792.5,787.48,777.26,781.09,239,33196,0.1419
2025-08-22 12:30:00,23700,PE,373.8,379.36,376.56,378.77,717,37532,0.1434
2025-08-22 12:30:00,23750,CE,769.3,771.14,759.05,763.94,438,35982,0.1446
2025-08-22 12:30:00,23750,PE,409.46,414.92,409.08,413.34,391,32645,0.1425
2025-08-22 12:30:00,23800,CE,685.85,705.09,688.02,694.65,357,38645,0.1428
2025-08-22 12:30:00,23800,PE,392.41,397.72,386.87,391.16,762,38613,0.1425
2025-08-22 12:30:00,23850,CE,641.01,641.59,630.62,639.61,43,44831,0.141
2025-08-22 12:30:00,23850,PE,432.05,430.69,428.42,430.11,644,41750,0.1457
2025-08-22 12:30:00,23900,CE,594.01,603.76,587.4,589.5,676,44360,0.1429
2025-08-22 12:30:00,23900,PE,403.78,409.71,397.12,401.1,984,50544,0.1427
2025-08-22 12:30:00,23950,CE,553.33,560.67,551.15,557.66,702,45120,0.1427
2025-08-22 12:30:00,23950,PE,370.86,375.86,369.73,370.45,618,49099,0.1422
2025-08-22 12:30:00,24000,CE,500.47,495.8,493.43,494.88,1144,51588,0.1404
2025-08-22 12:30:00,24000,PE,416.35,418.44,415.37,417.31,1332,53671,0.145
2025-08-22 12:30:00,24050,CE,449.77,444.47,444.26,444.29,194,63272,0.1416
2025-08-22 12:30:00,24050,PE,393.31,392.93,388.69,391.42,515,60797,0.1446
2025-08-22 12:30:00,24100,CE,401.98,406.56,396.58,402.42,1367,68958,0.1461
2025-08-22 12:30:00,24100,PE,431.12,440.75,431.39,435.45,697,59809,0.1433
2025-08-22 12:30:00,24150,CE,383.48,388.33,380.8,385.52,87,77556,0.1438
2025-08-22 12:30:00,24150,PE,466.9,461.54,451.44,461.25,377,75164,0.1407
2025-08-22 12:30:00,24200,CE,394.18,396.48,391.83,394.32,1295,81787,0.1433
2025-08-22 12:30:00,24200,PE,506.83,512.99,505.94,507.59,724,85442,0.1423
2025-08-22 12:30:00,24250,CE,395.04,399.96,391.43,397.46,968,75887,0.1407
2025-08-22 12:30:00,24250,PE,581.43,590.07,580.26,582.87,600,80062,0.144
2025-08-22 12:30:00,24300,CE,405.18,402.85,400.93,402.69,576,71677,0.1452
2025-08-22 12:30:00,24300,PE,579.59,585.89,570.25,578.52,746,67395,0.1372
2025-08-22 12:30:00,24350,CE,391.61,399.76,387.92,392.71,628,60789,0.1417
2025-08-22 12:30:00,24350,PE,646.19,647.97,642.12,647.47,314,62745,0.1433
2025-08-22 12:30:00,24400,CE,409.91,406.6,404.4,404.63,523,55041,0.1442
2025-08-22 12:30:00,24400,PE,698.7,699.7,691.73,697.99,826,53603,0.1405
2025-08-22 12:30:00,24450,CE,393.68,399.47,396.45,398.86,311,45879,0.1421
2025-08-22 12:30:00,24450,PE,732.47,742.14,736.26,741.25,721,53971,0.1424
2025-08-22 12:30:00,24500,CE,410.32,416.07,408.54,410.19,43,42267,0.1428
2025-08-22 12:30:00,24500,PE,831.73,841.3,811.72,822.59,94,49732,0.1427
2025-08-22 12:30:00,24550,CE,398.27,408.44,398.59,401.49,390,43806,0.1386
2025-08-22 12:30:00,24550,PE,850.45,867.74,835.11,848.42,353,43527,0.1402
2025-08-22 12:30:00,24600,CE,385.18,391.4,390.27,390.35,374,45304,0.1388
2025-08-22 12:30:00,24600,PE,895.33,910.8,880.02,881.8,107,36784,0.1425
2025-08-22 12:30:00,24650,CE,384.93,389.09,380.59,384.61,140,38273,0.1403
2025-08-22 12:30:00,24650,PE,975.55,986.51,966.43,970.98,272,38974,0.1405
2025-08-22 12:30:00,24700,CE,392.63,399.69,387.92,393.86,111,31965,0.1388
2025-08-22 12:30:00,24700,PE,1015.43,1020.95,1010.01,1012.82,491,34915,0.141
2025-08-22 12:30:00,24750,CE,363.15,373.64,361.99,368.06,391,30298,0.1426
2025-08-22 12:30:00,24750,PE,1036.65,1046.15,1024.22,1044.45,48,41512,0.1397
2025-08-22 12:30:00,24800,CE,384.3,388.01,380.37,384.73,394,31050,0.1388
2025-08-22 12:30:00,24800,PE,1093.65,1105.77,1083.35,1096.59,59,32104,0.1407
2025-08-22 12:30:00,24850,CE,410.03,415.15,404.93,411.61,196,28931,0.1428
2025-08-22 12:30:00,24850,PE,1142.89,1134.02,1121.77,1130.31,105,29214,0.1431
2025-08-22 12:30:00,24900,CE,401.74,405.79,400.41,404.81,392,23396,0.1432
2025-08-22 12:30:00,24900,PE,1198.11,1202.25,1194.13,1195.4,361,26341,0.1384
2025-08-22 12:35:00,23500,CE,948.32,952.67,949.78,951.89,355,34327,0.1441
2025-08-22 12:35:00,23500,PE,370.64,372.99,370.04,370.54,584,31875,0.1384
2025-08-22 12:35:00,23550,CE,954.7,945.37,944.06,945.09,583,32419,0.1464
2025-08-22 12:35:00,23550,PE,410.68,420.03,407.45,410.77,325,27367,0.1452
2025-08-22 12:35:00,23600,CE,899.74,900.1,897.61,898.45,480,30151,0.1489
2025-08-22 12:35:00,23600,PE,417.97,420.84,414.07,420.41,56,30455,0.1459
2025-08-22 12:35:00,23650,CE,822.75,828.91,815.57,817.27,60,32084,0.1427
2025-08-22 12:35:00,23650,PE,381.12,385.0,374.45,381.55,599,34562,0.1396
2025-08-22 12:35:00,23700,CE,792.79,804.89,789.69,795.04,17,33721,0.1442
2025-08-22 12:35:00,23700,PE,385.89,391.12,378.31,384.78,223,37911,0.1455
2025-08-22 12:35:00,23750,CE,688.93,702.61,676.76,689.38,802,36009,0.14
2025-08-22 12:35:00,23750,PE,424.04,421.84,419.23,420.47,774,33207,0.1414
2025-08-22 12:35:00,23800,CE,675.96,683.86,675.98,681.47,144,38220,0.1436
2025-08-22 12:35:00,23800,PE,402.58,401.0,396.98,398.5,346,38683,0.1427
2025-08-22 12:35:00,23850,CE,613.21,625.06,616.41,617.76,791,44450,0.1398
2025-08-22 12:35:00,23850,PE,374.44,383.58,375.37,378.65,207,41517,0.1417
2025-08-22 12:35:00,23900,CE,580.67,591.35,585.65,585.79,315,44888,0.1437
2025-08-22 12:35:00,23900,PE,366.33,376.18,369.61,370.53,451,50985,0.1393
2025-08-22 12:35:00,23950,CE,523.03,519.78,516.48,517.74,89,44642,0.1419
2025-08-22 12:35:00,23950,PE,412.59,413.58,408.68,411.59,1011,48798,0.1434
2025-08-22 12:35:00,24000,CE,465.34,464.53,454.31,463.1,140,51701,0.1427
2025-08-22 12:35:00,24000,PE,377.21,376.4,373.27,376.05,230,53144,0.1457
2025-08-22 12:35:00,24050,CE,414.29,421.32,408.81,414.79,695,63332,0.1433
2025-08-22 12:35:00,24050,PE,384.67,388.84,381.83,388.7,895,60898,0.1425
2025-08-22 12:35:00,24100,CE,412.71,410.19,404.58,408.18,64,68707,0.1448
2025-08-22 12:35:00,24100,PE,406.59,412.9,401.37,405.61,576,59560,0.1459
2025-08-22 12:35:00,24150,CE,423.53,428.99,425.32,426.39,793,77230,0.1435
2025-08-22 12:35:00,24150,PE,459.44,461.7,453.28,453.41,893,75686,0.1389
2025-08-22 12:35:00,24200,CE,404.7,406.3,400.69,405.42,818,81653,0.1408
2025-08-22 12:35:00,24200,PE,537.53,559.57,544.07,544.77,545,85544,0.142
2025-08-22 12:35:00,24250,CE,389.14,393.08,388.39,390.03,797,75648,0.1421
2025-08-22 12:35:00,24250,PE,565.07,581.65,566.9,571.95,58,80305,0.1403
2025-08-22 12:35:00,24300,CE,361.83,362.95,358.33,362.92,657,71198,0.1385
2025-08-22 12:35:00,24300,PE,603.39,602.15,586.88,594.52,624,66880,0.1431
2025-08-22 12:35:00,24350,CE,443.28,445.5,440.95,444.17,582,61082,0.1451
2025-08-22 12:35:00,24350,PE,691.44,696.32,672.35,681.58,28,63017,0.1434
2025-08-22 12:35:00,24400,CE,419.83,423.22,416.75,420.12,111,54759,0.1424
2025-08-22 12:35:00,24400,PE,751.69,754.37,748.12,752.55,584,53429,0.1437
2025-08-22 12:35:00,24450,CE,425.21,433.0,427.14,428.62,743,46427,0.145
2025-08-22 12:35:00,24450,PE,780.58,781.9,759.67,773.88,751,53496,0.1437
2025-08-22 12:35:00,24500,CE,398.58,405.87,398.78,401.53,134,41886,0.1424
2025-08-22 12:35:00,24500,PE,850.86,852.9,834.82,847.04,418,49648,0.1431
2025-08-22 12:35:00,24550,CE,412.4,413.58,407.73,412.34,495,43544,0.143
2025-08-22 12:35:00,24550,PE,874.86,881.43,859.95,865.61,140,43705,0.1434
2025-08-22 12:35:00,24600,CE,397.79,402.2,396.22,397.2,386,45532,0.143
2025-08-22 12:35:00,24600,PE,957.21,974.15,961.89,967.94,200,36815,0.1429
2025-08-22 12:35:00,24650,CE,382.83,390.05,383.74,385.89,542,38406,0.1408
2025-08-22 12:35:00,24650,PE,964.71,975.63,961.0,968.37,544,38894,0.143
2025-08-22 12:35:00,24700,CE,395.37,400.29,395.15,399.54,33,32277,0.1408
2025-08-22 12:35:00,24700,PE,991.71,1006.57,998.87,1001.18,258,34365,0.1413
2025-08-22 12:35:00,24750,CE,424.51,429.04,420.53,423.08,79,30073,0.1436
2025-08-22 12:35:00,24750,PE,1083.76,1090.98,1082.23,1082.47,106,41733,0.1424
2025-08-22 12:35:00,24800,CE,372.28,375.11,370.5,374.08,306,30845,0.1431
2025-08-22 12:35:00,24800,PE,1090.03,1095.82,1080.21,1094.88,49,31598,0.1416
2025-08-22 12:35:00,24850,CE,385.86,386.8,384.68,385.98,447,28745,0.1417
2025-08-22 12:35:00,24850,PE,1142.45,1148.43,1123.18,1146.08,57,29467,0.1421
2025-08-22 12:35:00,24900,CE,420.82,429.23,419.35,421.41,393,22942,0.1455
2025-08-22 12:35:00,24900,PE,1243.42,1267.55,1230.6,1241.26,427,26610,0.1428
2025-08-22 12:40:00,23500,CE,975.94,977.08,970.68,970.86,154,34657,0.1391
2025-08-22 12:40:00,23500,PE,376.58,377.28,371.43,372.67,251,32037,0.1409
2025-08-22 12:40:00,23550,CE,905.51,910.12,880.57,908.76,87,32112,0.1409
2025-08-22 12:40:00,23550,PE,399.64,403.42,395.82,400.61,483,27733,0.1445
2025-08-22 12:40:00,23600,CE,862.1,866.07,858.34,864.99,18,29808,0.1443
2025-08-22 12:40:00,23600,PE,430.05,427.35,424.4,425.65,407,30941,0.1395
2025-08-22 12:40:00,23650,CE,823.41,847.89,819.99,831.01,482,32331,0.1424
2025-08-22 12:40:00,23650,PE,417.53,424.4,417.55,418.52,282,34027,0.1426
2025-08-22 12:40:00,23700,CE,783.07,801.45,789.05,789.64,588,34080,0.1435
2025-08-22 12:40:00,23700,PE,374.85,382.56,376.78,379.2,345,37918,0.1418
2025-08-22 12:40:00,23750,CE,729.69,741.52,729.67,734.98,205,35952,0.1414
2025-08-22 12:40:00,23750,PE,416.24,417.01,412.5,412.65,210,33111,0.1456
2025-08-22 12:40:00,23800,CE,651.05,656.46,646.61,654.58,133,38347,0.1407
2025-08-22 12:40:00,23800,PE,358.88,353.75,351.42,353.37,234,38952,0.1416
2025-08-22 12:40:00,23850,CE,612.82,614.19,600.37,610.6,521,44925,0.1436
2025-08-22 12:40:00,23850,PE,397.13,395.34,393.99,394.23,232,41244,0.1445
2025-08-22 12:40:00,23900,CE,580.71,580.73,574.38,580.72,281,45044,0.1415
2025-08-22 12:40:00,23900,PE,405.13,405.6,398.7,403.87,134,51208,0.1446
2025-08-22 12:40:00,23950,CE,513.47,513.16,510.3,511.38,1017,44851,0.1396
2025-08-22 12:40:00,23950,PE,391.0,393.22,390.34,393.15,184,48789,0.142
2025-08-22 12:40:00,24000,CE,478.42,480.43,475.1,477.09,764,51570,0.1422
2025-08-22 12:40:00,24000,PE,388.53,393.54,381.22,386.42,671,53458,0.1382
2025-08-22 12:40:00,24050,CE,430.22,431.1,427.3,427.93,1377,63092,0.1448
2025-08-22 12:40:00,24050,PE,424.86,425.91,417.99,424.02,560,60547,0.146
2025-08-22 12:40:00,24100,CE,400.79,401.0,395.76,397.19,682,68761,0.1436
2025-08-22 12:40:00,24100,PE,428.8,447.21,431.07,433.47,1190,59281,0.1413
2025-08-22 12:40:00,24150,CE,411.79,414.41,409.3,414.36,325,76669,0.1429
2025-08-22 12:40:00,24150,PE,481.34,481.64,473.97,474.42,154,75147,0.1394
2025-08-22 12:40:00,24200,CE,405.35,408.49,401.46,406.22,274,81887,0.1432
2025-08-22 12:40:00,24200,PE,535.32,535.73,528.68,533.02,968,86111,0.1454
2025-08-22 12:40:00,24250,CE,398.26,398.6,395.29,396.22,611,75593,0.1399
2025-08-22 12:40:00,24250,PE,568.03,577.01,565.2,565.78,996,79881,0.1403
2025-08-22 12:40:00,24300,CE,413.38,423.05,417.92,419.46,633,71579,0.1437
2025-08-22 12:40:00,24300,PE,617.54,629.46,607.43,617.84,508,66593,0.1441
2025-08-22 12:40:00,24350,CE,401.34,403.3,401.82,403.22,567,61676,0.1431
2025-08-22 12:40:00,24350,PE,662.13,663.11,654.12,659.4,225,63092,0.1466
2025-08-22 12:40:00,24400,CE,384.11,389.91,379.95,386.68,54,54438,0.1413
2025-08-22 12:40:00,24400,PE,716.63,720.78,711.64,713.02,640,53424,0.139
2025-08-22 12:40:00,24450,CE,428.78,434.82,429.5,431.38,162,46229,0.141
2025-08-22 12:40:00,24450,PE,787.48,796.14,782.75,782.83,104,53831,0.1426
2025-08-22 12:40:00,24500,CE,409.12,416.33,396.98,408.41,672,41412,0.1427
2025-08-22 12:40:00,24500,PE,800.58,820.23,805.68,806.61,178,50076,0.1373
2025-08-22 12:40:00,24550,CE,398.64,404.49,395.67,403.5,585,43864,0.1437
2025-08-22 12:40:00,24550,PE,869.83,886.53,865.16,872.7,478,44138,0.1407
2025-08-22 12:40:00,24600,CE,395.59,397.11,393.36,393.54,239,46005,0.1418
2025-08-22 12:40:00,24600,PE,934.44,916.39,909.02,915.98,554,36490,0.1396
2025-08-22 12:40:00,24650,CE,389.44,393.71,390.32,390.5,51,38431,0.1439
2025-08-22 12:40:00,24650,PE,963.21,972.45,947.02,958.19,447,39313,0.1409
2025-08-22 12:40:00,24700,CE,394.9,401.63,395.07,397.14,86,32129,0.1412
2025-08-22 12:40:00,24700,PE,1035.4,1039.79,1034.08,1036.99,427,33837,0.1392
2025-08-22 12:40:00,24750,CE,402.41,410.14,395.52,402.05,382,29822,0.1412
2025-08-22 12:40:00,24750,PE,1032.39,1043.0,1029.35,1030.9,20,41423,0.1384
2025-08-22 12:40:00,24800,CE,411.12,416.86,406.45,411.48,372,31289,0.1396
2025-08-22 12:40:00,24800,PE,1125.72,1132.72,1113.1,1116.93,47,31554,0.141
2025-08-22 12:40:00,24850,CE,377.02,378.92,375.12,376.95,101,28965,0.1384
2025-08-22 12:40:00,24850,PE,1160.25,1187.89,1166.61,1174.36,372,30021,0.1421
2025-08-22 12:40:00,24900,CE,389.68,391.19,382.56,387.07,165,22701,0.1421
2025-08-22 12:40:00,24900,PE,1242.47,1258.86,1233.84,1242.72,145,26923,0.1456
2025-08-22 12:45:00,23500,CE,1055.07,1083.29,1061.68,1070.58,241,34084,0.1441
2025-08-22 12:45:00,23500,PE,385.96,388.64,382.77,385.28,504,31561,0.1434
2025-08-22 12:45:00,23550,CE,1036.14,1045.73,1009.65,1030.33,521,31706,0.1434
2025-08-22 12:45:00,23550,PE,399.36,409.67,406.01,407.17,306,27507,0.1436
2025-08-22 12:45:00,23600,CE,925.33,949.34,920.43,929.38,411,29691,0.1414
2025-08-22 12:45:00,23600,PE,399.44,408.35,401.09,401.36,224,30913,0.1432
2025-08-22 12:45:00,23650,CE,902.93,916.94,907.9,911.99,614,32025,0.1456
2025-08-22 12:45:00,23650,PE,431.13,432.85,426.45,426.56,146,33506,0.1444
2025-08-22 12:45:00,23700,CE,860.83,876.29,859.81,862.29,501,34293,0.1393
2025-08-22 12:45:00,23700,PE,380.03,378.93,373.88,378.57,415,37346,0.1402
2025-08-22 12:45:00,23750,CE,806.91,810.17,805.13,809.74,575,36323,0.1393
2025-08-22 12:45:00,23750,PE,374.43,380.01,372.96,376.84,685,33625,0.1435
2025-08-22 12:45:00,23800,CE,762.53,770.85,748.68,764.18,214,38599,0.1432
2025-08-22 12:45:00,23800,PE,373.59,375.96,372.56,372.63,322,39067,0.1423
2025-08-22 12:45:00,23850,CE,681.73,687.35,672.37,681.76,291,45113,0.1432
2025-08-22 12:45:00,23850,PE,386.83,402.81,383.22,386.88,808,41426,0.1416
2025-08-22 12:45:00,23900,CE,667.94,674.75,667.57,669.71,853,45562,0.1434
2025-08-22 12:45:00,23900,PE,391.3,392.6,384.24,388.85,123,51765,0.1425
2025-08-22 12:45:00,23950,CE,613.27,608.42,599.06,607.81,838,44763,0.1446
2025-08-22 12:45:00,23950,PE,409.21,411.77,406.55,408.44,619,48929,0.1442
2025-08-22 12:45:00,24000,CE,551.6,557.0,541.18,548.12,897,51933,0.1433
2025-08-22 12:45:00,24000,PE,416.79,419.34,417.66,417.85,133,52859,0.1454
2025-08-22 12:45:00,24050,CE,491.11,494.82,489.08,494.28,332,63124,0.1423
2025-08-22 12:45:00,24050,PE,422.96,429.59,421.63,424.96,1092,60730,0.1448
2025-08-22 12:45:00,24100,CE,476.69,486.06,471.53,479.24,220,69021,0.141
2025-08-22 12:45:00,24100,PE,395.41,398.21,388.27,389.5,701,59123,0.1411
2025-08-22 12:45:00,24150,CE,409.21,412.57,408.74,409.02,1336,76423,0.1429
2025-08-22 12:45:00,24150,PE,407.61,403.82,395.78,401.67,1077,74765,0.1421
2025-08-22 12:45:00,24200,CE,391.49,392.08,386.33,390.3,620,81956,0.1433
2025-08-22 12:45:00,24200,PE,460.96,460.59,456.43,457.21,997,86614,0.1437
2025-08-22 12:45:00,24250,CE,404.9,403.91,399.29,400.12,412,76068,0.1411
2025-08-22 12:45:00,24250,PE,502.19,513.04,505.4,505.72,1120,79712,0.1438
2025-08-22 12:45:00,24300,CE,371.82,371.85,364.5,371.29,185,71288,0.1385
2025-08-22 12:45:00,24300,PE,507.33,519.94,512.11,514.06,797,66939,0.1432
2025-08-22 12:45:00,24350,CE,391.31,388.52,388.04,388.09,663,61945,0.1388
2025-08-22 12:45:00,24350,PE,572.21,579.8,571.77,577.39,124,63098,0.1423
2025-08-22 12:45:00,24400,CE,399.52,407.95,402.2,402.6,848,54304,0.1425
2025-08-22 12:45:00,24400,PE,641.92,649.88,642.3,648.7,873,52972,0.1425
2025-08-22 12:45:00,24450,CE,397.54,401.45,394.24,397.46,865,46571,0.1418
2025-08-22 12:45:00,24450,PE,690.24,697.3,684.08,687.11,558,53971,0.1414
2025-08-22 12:45:00,24500,CE,387.28,393.52,386.76,389.56,761,41264,0.1428
2025-08-22 12:45:00,24500,PE,758.1,769.1,749.83,756.1,144,50578,0.1424
2025-08-22 12:45:00,24550,CE,404.1,408.11,400.3,402.99,88,44055,0.1426
2025-08-22 12:45:00,24550,PE,776.9,795.63,781.82,785.28,208,44653,0.1413
2025-08-22 12:45:00,24600,CE,394.78,395.4,392.74,394.04,680,45974,0.1426
2025-08-22 12:45:00,24600,PE,836.47,842.7,832.38,837.35,377,36435,0.1456
2025-08-22 12:45:00,24650,CE,407.13,408.62,401.49,404.98,283,38955,0.1429
2025-08-22 12:45:00,24650,PE,891.56,902.76,887.85,894.29,195,39864,0.1438
2025-08-22 12:45:00,24700,CE,382.87,383.44,379.3,381.67,402,32681,0.1434
2025-08-22 12:45:00,24700,PE,935.72,933.97,923.6,932.21,379,34219,0.1408
2025-08-22 12:45:00,24750,CE,400.54,403.64,396.5,399.65,287,29776,0.1425
2025-08-22 12:45:00,24750,PE,976.66,978.46,964.69,977.1,155,41075,0.1391
2025-08-22 12:45:00,24800,CE,432.25,430.76,427.32,430.71,29,31149,0.1419
2025-08-22 12:45:00,24800,PE,1052.54,1069.88,1049.34,1050.18,539,32079,0.1424
2025-08-22 12:45:00,24850,CE,388.81,392.07,391.0,391.59,359,28801,0.14
2025-08-22 12:45:00,24850,PE,1078.0,1081.66,1075.36,1076.28,273,30329,0.1404
2025-08-22 12:45:00,24900,CE,373.64,384.45,380.05,382.92,9,23208,0.1414
2025-08-22 12:45:00,24900,PE,1135.42,1149.29,1124.1,1131.11,429,27487,0.1418
2025-08-22 12:50:00,23500,CE,1112.1,1121.16,1115.51,1119.11,55,34621,0.1407
2025-08-22 12:50:00,23500,PE,392.4,398.16,392.78,392.92,314,31627,0.1414
2025-08-22 12:50:00,23550,CE,1050.28,1084.94,1056.9,1059.85,103,31696,0.144
2025-08-22 12:50:00,23550,PE,384.47,392.67,381.11,382.28,199,28092,0.1415
2025-08-22 12:50:00,23600,CE,997.62,1009.23,996.75,1003.03,197,29352,0.142
2025-08-22 12:50:00,23600,PE,400.76,408.59,400.85,401.65,534,30538,0.1434
2025-08-22 12:50:00,23650,CE,988.29,969.78,956.59,968.32,541,32580,0.1427
2025-08-22 12:50:00,23650,PE,415.27,421.93,406.1,411.23,190,33733,0.1443
2025-08-22 12:50:00,23700,CE,921.95,941.54,921.98,930.06,509,34336,0.1457
2025-08-22 12:50:00,23700,PE,388.4,393.76,387.41,389.41,446,36904,0.1427
2025-08-22 12:50:00,23750,CE,858.39,862.11,838.15,852.05,356,36338,0.1431
2025-08-22 12:50:00,23750,PE,389.86,390.85,381.75,388.97,389,34158,0.1407
2025-08-22 12:50:00,23800,CE,820.04,835.64,823.68,831.57,603,38722,0.1453
2025-08-22 12:50:00,23800,PE,389.23,397.97,392.89,393.02,300,38952,0.1442
2025-08-22 12:50:00,23850,CE,752.35,761.82,753.99,759.47,28,45174,0.143
2025-08-22 12:50:00,23850,PE,404.65,405.37,400.36,402.37,207,41889,0.1437
2025-08-22 12:50:00,23900,CE,718.62,729.63,715.27,720.29,663,46057,0.1457
2025-08-22 12:50:00,23900,PE,429.33,424.11,416.94,423.34,849,51645,0.1429
2025-08-22 12:50:00,23950,CE,667.01,674.43,660.29,670.43,408,44892,0.1433
2025-08-22 12:50:00,23950,PE,392.58,392.99,385.84,389.75,410,48664,0.1448
2025-08-22 12:50:00,24000,CE,598.69,612.98,598.22,600.96,732,51874,0.1415
2025-08-22 12:50:00,24000,PE,405.1,407.49,400.46,407.2,970,52522,0.1454
2025-08-22 12:50:00,24050,CE,559.98,556.62,552.49,556.39,519,63161,0.1409
2025-08-22 12:50:00,24050,PE,398.22,400.86,397.07,400.84,1042,60823,0.1424
2025-08-22 12:50:00,24100,CE,514.73,516.6,511.96,516.59,109,68826,0.1392
2025-08-22 12:50:00,24100,PE,375.51,384.52,379.45,379.72,1150,58849,0.1446
2025-08-22 12:50:00,24150,CE,451.64,455.25,449.22,449.47,522,76004,0.1367
2025-08-22 12:50:00,24150,PE,403.26,407.96,397.58,402.94,1078,74332,0.1432
2025-08-22 12:50:00,24200,CE,404.46,405.56,399.94,404.22,662,82209,0.1437
2025-08-22 12:50:00,24200,PE,383.75,390.01,380.99,387.13,1569,86279,0.1408
2025-08-22 12:50:00,24250,CE,397.37,404.75,399.29,400.92,535,75609,0.1437
2025-08-22 12:50:00,24250,PE,430.92,432.61,428.94,431.83,699,80310,0.14
2025-08-22 12:50:00,24300,CE,399.34,412.3,406.14,406.23,426,70999,0.1449
2025-08-22 12:50:00,24300,PE,478.14,482.44,480.45,481.15,553,67414,0.1455
2025-08-22 12:50:00,24350,CE,436.52,444.28,437.18,440.0,660,62076,0.1448
2025-08-22 12:50:00,24350,PE,566.67,576.61,560.66,569.14,933,63356,0.1448
2025-08-22 12:50:00,24400,CE,387.92,393.39,380.41,386.71,643,54377,0.1411
2025-08-22 12:50:00,24400,PE,582.88,587.98,581.83,584.15,575,52588,0.1437
2025-08-22 12:50:00,24450,CE,395.34,401.94,395.86,396.33,407,46987,0.1443
2025-08-22 12:50:00,24450,PE,619.08,620.68,611.53,617.77,52,54364,0.1417
2025-08-22 12:50:00,24500,CE,412.31,415.21,410.42,411.4,502,41083,0.1439
2025-08-22 12:50:00,24500,PE,719.81,725.04,718.25,719.21,112,50894,0.1428
2025-08-22 12:50:00,24550,CE,398.3,400.7,394.47,397.0,13,44106,0.1414
2025-08-22 12:50:00,24550,PE,762.55,770.76,765.55,767.81,142,45143,0.1419
2025-08-22 12:50:00,24600,CE,415.35,422.73,414.67,415.36,145,46337,0.145
2025-08-22 12:50:00,24600,PE,809.72,815.89,798.43,811.99,433,35884,0.1393
2025-08-22 12:50:00,24650,CE,415.84,419.22,416.18,417.43,503,39410,0.143
2025-08-22 12:50:00,24650,PE,881.38,888.24,865.37,881.12,162,40426,0.1413
2025-08-22 12:50:00,24700,CE,389.5,396.84,392.69,393.66,520,32971,0.142
2025-08-22 12:50:00,24700,PE,924.45,906.22,896.27,904.83,225,33762,0.1456
2025-08-22 12:50:00,24750,CE,404.2,405.48,398.8,401.3,267,30144,0.1412
2025-08-22 12:50:00,24750,PE,941.24,953.72,938.18,939.13,361,41251,0.1438
2025-08-22 12:50:00,24800,CE,384.69,392.81,388.43,390.61,450,30955,0.1432
2025-08-22 12:50:00,24800,PE,990.14,988.49,971.44,984.99,30,32539,0.1447
2025-08-22 12:50:00,24850,CE,423.65,424.95,418.31,422.25,336,28879,0.144
2025-08-22 12:50:00,24850,PE,1069.59,1072.9,1057.42,1062.12,315,30752,0.1433
2025-08-22 12:50:00,24900,CE,414.37,410.98,402.95,406.28,398,23412,0.1377
2025-08-22 12:50:00,24900,PE,1093.54,1102.93,1082.31,1086.64,405,27233,0.142
2025-08-22 12:55:00,23500,CE,1082.59,1108.24,1082.47,1085.29,358,35191,0.142
2025-08-22 12:55:00,23500,PE,389.18,394.09,385.14,387.67,123,31712,0.1426
2025-08-22 12:55:00,23550,CE,1078.44,1090.72,1051.43,1072.91,361,31716,0.1473
2025-08-22 12:55:00,23550,PE,402.72,404.6,391.2,396.13,510,27976,0.1472
2025-08-22 12:55:00,23600,CE,1005.71,1013.94,1006.64,1006.93,128,28915,0.1417
2025-08-22 12:55:00,23600,PE,403.92,406.61,405.33,405.35,473,30761,0.1425
2025-08-22 12:55:00,23650,CE,974.41,984.03,979.82,979.84,344,32496,0.1435
2025-08-22 12:55:00,23650,PE,397.5,407.34,393.11,396.68,247,34254,0.1428
2025-08-22 12:55:00,23700,CE,938.63,938.78,918.29,929.66,429,34894,0.1426
2025-08-22 12:55:00,23700,PE,384.09,387.51,383.29,384.14,503,37225,0.1403
2025-08-22 12:55:00,23750,CE,848.48,853.44,838.76,843.33,374,36028,0.1434
2025-08-22 12:55:00,23750,PE,393.84,393.23,389.02,391.31,440,34417,0.1383
2025-08-22 12:55:00,23800,CE,820.43,819.94,810.92,811.28,379,38146,0.1459
2025-08-22 12:55:00,23800,PE,408.3,410.96,403.07,404.52,687,39343,0.1434
2025-08-22 12:55:00,23850,CE,788.53,793.97,777.27,778.29,279,45166,0.146
2025-08-22 12:55:00,23850,PE,383.97,387.21,378.19,380.92,106,42413,0.1435
2025-08-22 12:55:00,23900,CE,711.54,728.22,714.16,718.33,203,45910,0.1447
2025-08-22 12:55:00,23900,PE,410.1,408.64,401.08,406.48,365,51360,0.1408
2025-08-22 12:55:00,23950,CE,700.12,707.57,690.92,696.92,583,45486,0.1438
2025-08-22 12:55:00,23950,PE,381.54,382.46,381.03,381.67,781,48700,0.1399
2025-08-22 12:55:00,24000,CE,635.95,651.06,633.83,640.78,145,52309,0.1412
2025-08-22 12:55:00,24000,PE,384.68,393.46,382.77,385.05,269,53015,0.1411
2025-08-22 12:55:00,24050,CE,560.67,560.64,552.88,556.29,451,63183,0.1399
2025-08-22 12:55:00,24050,PE,383.58,387.85,383.69,383.77,496,60769,0.1404
2025-08-22 12:55:00,24100,CE,539.33,544.75,539.35,539.85,224,68889,0.1435
2025-08-22 12:55:00,24100,PE,401.19,401.92,399.1,399.12,517,59266,0.1404
2025-08-22 12:55:00,24150,CE,455.79,459.06,457.28,457.85,696,76561,0.1429
2025-08-22 12:55:00,24150,PE,393.31,404.61,393.57,397.39,442,74125,0.1406
2025-08-22 12:55:00,24200,CE,409.79,411.75,403.88,406.14,88,82495,0.1399
2025-08-22 12:55:00,24200,PE,363.33,367.31,360.78,364.48,148,86021,0.1411
2025-08-22 12:55:00,24250,CE,391.11,399.61,393.06,396.02,1484,75742,0.1422
2025-08-22 12:55:00,24250,PE,424.45,426.58,422.89,425.4,921,80675,0.1374
2025-08-22 12:55:00,24300,CE,399.82,404.1,398.93,400.36,1085,71462,0.1433
2025-08-22 12:55:00,24300,PE,480.85,486.34,472.47,479.66,938,67352,0.1435
2025-08-22 12:55:00,24350,CE,391.3,390.53,388.58,389.25,178,61919,0.1449
2025-08-22 12:55:00,24350,PE,486.58,493.42,486.8,489.21,872,63060,0.1384
2025-08-22 12:55:00,24400,CE,396.89,403.73,394.17,399.43,739,53937,0.1419
2025-08-22 12:55:00,24400,PE,552.74,557.73,550.89,551.75,82,52425,0.138
2025-08-22 12:55:00,24450,CE,431.26,432.96,429.51,432.8,238,47433,0.1433
2025-08-22 12:55:00,24450,PE,629.51,625.8,623.65,624.59,382,54266,0.1427
2025-08-22 12:55:00,24500,CE,393.51,399.61,394.84,397.99,370,40863,0.142
2025-08-22 12:55:00,24500,PE,665.03,669.78,656.56,658.57,824,51180,0.1426
2025-08-22 12:55:00,24550,CE,388.36,391.65,382.38,387.27,142,43764,0.1388
2025-08-22 12:55:00,24550,PE,725.44,731.46,712.18,721.68,79,44850,0.1412
2025-08-22 12:55:00,24600,CE,404.25,407.29,405.61,406.71,503,46860,0.1417
2025-08-22 12:55:00,24600,PE,775.35,790.93,777.94,780.3,372,35381,0.1406
2025-08-22 12:55:00,24650,CE,407.02,417.27,402.93,405.5,44,39307,0.1439
2025-08-22 12:55:00,24650,PE,817.64,838.15,821.76,824.81,195,40518,0.1405
2025-08-22 12:55:00,24700,CE,386.21,384.28,378.54,379.97,87,32647,0.1395
2025-08-22 12:55:00,24700,PE,899.07,912.49,882.01,890.97,371,33499,0.1408
2025-08-22 12:55:00,24750,CE,403.81,407.98,393.45,403.15,232,29810,0.1422
2025-08-22 12:55:00,24750,PE,914.72,926.02,913.51,916.18,41,41065,0.1401
2025-08-22 12:55:00,24800,CE,393.24,395.1,393.49,394.17,198,31433,0.1445
2025-08-22 12:55:00,24800,PE,996.98,1012.86,997.77,1001.88,521,32456,0.1418
2025-08-22 12:55:00,24850,CE,397.43,404.03,395.45,396.22,165,28780,0.1404
2025-08-22 12:55:00,24850,PE,1026.33,1028.18,1008.39,1024.64,338,30615,0.1405
2025-08-22 12:55:00,24900,CE,419.17,426.45,421.83,425.35,397,23968,0.141
2025-08-22 12:55:00,24900,PE,1104.97,1107.1,1095.35,1098.46,215,26773,0.1418
2025-08-22 13:00:00,23500,CE,1083.47,1102.17,1090.27,1092.82,69,35637,0.1441
2025-08-22 13:00:00,23500,PE,408.27,412.42,409.57,410.63,220,31504,0.1408
2025-08-22 13:00:00,23550,CE,1035.89,1043.69,1030.99,1041.91,341,32263,0.1451
2025-08-22 13:00:00,23550,PE,405.88,417.45,411.8,413.08,236,27754,0.1414
2025-08-22 13:00:00,23600,CE,976.58,993.46,984.25,986.03,499,28414,0.1452
2025-08-22 13:00:00,23600,PE,413.09,413.59,407.0,409.86,488,30785,0.1451
2025-08-22 13:00:00,23650,CE,932.86,939.55,919.3,926.01,22,32169,0.1455
2025-08-22 13:00:00,23650,PE,394.51,402.01,393.14,400.1,419,34557,0.143
2025-08-22 13:00:00,23700,CE,835.92,843.5,829.78,837.98,136,35082,0.142
2025-08-22 13:00:00,23700,PE,377.73,381.25,370.52,378.89,645,37448,0.1439
2025-08-22 13:00:00,23750,CE,835.42,833.33,823.14,831.43,493,35660,0.1434
2025-08-22 13:00:00,23750,PE,399.68,403.51,393.66,397.3,448,34667,0.1423
2025-08-22 13:00:00,23800,CE,789.24,793.6,780.94,784.15,93,37919,0.14
2025-08-22 13:00:00,23800,PE,414.33,418.38,415.18,416.91,663,39941,0.1445
2025-08-22 13:00:00,23850,CE,746.34,746.89,737.44,742.31,151,45444,0.144
2025-08-22 13:00:00,23850,PE,391.63,393.62,386.73,391.11,413,42521,0.1422
2025-08-22 13:00:00,23900,CE,672.45,675.35,656.15,666.03,458,46350,0.143
2025-08-22 13:00:00,23900,PE,420.73,429.8,419.27,420.93,400,51467,0.1437
2025-08-22 13:00:00,23950,CE,627.66,635.48,626.53,628.91,653,45549,0.1428
2025-08-22 13:00:00,23950,PE,372.82,377.06,366.55,370.93,853,48384,0.1391
2025-08-22 13:00:00,24000,CE,585.22,585.99,578.77,583.09,1016,52522,0.1417
2025-08-22 13:00:00,24000,PE,403.19,410.44,407.16,409.39,1029,52864,0.1457
2025-08-22 13:00:00,24050,CE,556.45,557.54,549.67,552.21,585,62634,0.1425
2025-08-22 13:00:00,24050,PE,384.06,389.25,382.19,384.46,1110,61148,0.1423
2025-08-22 13:00:00,24100,CE,463.66,467.89,460.69,465.01,419,68351,0.142
2025-08-22 13:00:00,24100,PE,393.97,398.24,393.43,395.19,957,59472,0.1432
2025-08-22 13:00:00,24150,CE,411.67,415.52,410.38,413.67,845,76149,0.1381
2025-08-22 13:00:00,24150,PE,433.53,434.99,426.67,431.08,1452,74044,0.145
2025-08-22 13:00:00,24200,CE,388.13,389.0,385.23,386.72,1260,82925,0.1412
2025-08-22 13:00:00,24200,PE,412.01,421.08,405.55,413.3,960,85534,0.1436
2025-08-22 13:00:00,24250,CE,375.44,376.54,375.68,375.8,1311,75942,0.1408
2025-08-22 13:00:00,24250,PE,473.62,485.77,470.48,479.43,1321,80810,0.1452
2025-08-22 13:00:00,24300,CE,385.44,388.58,384.51,386.72,1167,71903,0.142
2025-08-22 13:00:00,24300,PE,517.44,529.26,515.06,519.4,293,66959,0.1443
2025-08-22 13:00:00,24350,CE,392.73,397.57,392.49,394.36,197,62278,0.1443
2025-08-22 13:00:00,24350,PE,572.07,575.09,571.87,571.98,287,63000,0.1382
2025-08-22 13:00:00,24400,CE,440.6,444.75,438.14,439.59,808,53851,0.1441
2025-08-22 13:00:00,24400,PE,598.26,600.68,589.12,596.15,78,52259,0.1429
2025-08-22 13:00:00,24450,CE,406.52,411.86,408.54,409.83,101,47295,0.1412
2025-08-22 13:00:00,24450,PE,665.67,682.11,659.63,667.02,686,54289,0.1451
2025-08-22 13:00:00,24500,CE,395.61,402.02,395.52,397.69,577,40391,0.1376
2025-08-22 13:00:00,24500,PE,701.32,709.08,697.11,703.96,639,51090,0.1413
2025-08-22 13:00:00,24550,CE,384.61,386.59,379.51,384.03,233,43946,0.1383
2025-08-22 13:00:00,24550,PE,748.05,755.29,751.14,754.97,116,44847,0.1382
2025-08-22 13:00:00,24600,CE,403.95,405.56,397.89,403.99,313,46458,0.1391
2025-08-22 13:00:00,24600,PE,829.31,835.21,823.44,830.76,691,35216,0.1415
2025-08-22 13:00:00,24650,CE,400.3,405.62,396.04,399.3,38,39238,0.1397
2025-08-22 13:00:00,24650,PE,869.56,869.01,856.58,868.09,653,40720,0.144
2025-08-22 13:00:00,24700,CE,376.04,386.64,379.04,380.16,407,33127,0.145
2025-08-22 13:00:00,24700,PE,890.51,893.69,877.84,885.85,62,33559,0.1434
2025-08-22 13:00:00,24750,CE,404.86,412.98,405.92,406.87,197,30021,0.142
2025-08-22 13:00:00,24750,PE,979.02,986.23,972.86,975.95,509,40557,0.1437
2025-08-22 13:00:00,24800,CE,393.1,398.54,394.28,395.91,96,31978,0.141
2025-08-22 13:00:00,24800,PE,1027.99,1036.6,1031.27,1034.55,281,32234,0.1424
2025-08-22 13:00:00,24850,CE,416.02,419.49,415.72,418.69,88,28605,0.1442
2025-08-22 13:00:00,24850,PE,1056.25,1054.54,1039.96,1046.91,11,30282,0.1402
2025-08-22 13:00:00,24900,CE,390.04,391.94,385.73,389.05,99,23469,0.145
2025-08-22 13:00:00,24900,PE,1082.6,1114.59,1086.36,1091.15,490,27121,0.1412
2025-08-22 13:05:00,23500,CE,1050.87,1060.37,1029.08,1051.97,500,35325,0.1457
2025-08-22 13:05:00,23500,PE,399.46,412.48,395.55,400.88,159,31243,0.1421
2025-08-22 13:05:00,23550,CE,1037.72,1034.54,1018.32,1028.8,317,31881,0.1433
2025-08-22 13:05:00,23550,PE,407.07,413.7,403.63,407.83,139,28323,0.1437
2025-08-22 13:05:00,23600,CE,971.74,994.32,985.33,986.27,215,28751,0.1479
2025-08-22 13:05:00,23600,PE,410.51,412.44,408.93,409.56,143,31300,0.141
2025-08-22 13:05:00,23650,CE,887.82,886.34,883.24,886.2,442,32603,0.1406
2025-08-22 13:05:00,23650,PE,383.48,386.54,372.95,383.11,331,35044,0.1397
2025-08-22 13:05:00,23700,CE,866.82,876.85,868.16,873.52,251,35056,0.1439
2025-08-22 13:05:00,23700,PE,395.19,406.38,399.77,401.34,51,37052,0.1418
2025-08-22 13:05:00,23750,CE,823.24,821.41,806.76,814.06,561,35452,0.1442
2025-08-22 13:05:00,23750,PE,375.36,381.76,368.96,373.21,84,34417,0.1431
2025-08-22 13:05:00,23800,CE,754.51,754.34,747.78,750.22,283,38179,0.1397
2025-08-22 13:05:00,23800,PE,413.14,418.62,408.92,412.71,82,39371,0.1427
2025-08-22 13:05:00,23850,CE,706.78,726.45,703.35,707.59,617,45014,0.144
2025-08-22 13:05:00,23850,PE,412.09,428.76,408.19,412.91,363,42740,0.1449
2025-08-22 13:05:00,23900,CE,638.52,646.95,636.16,639.16,483,45898,0.1393
2025-08-22 13:05:00,23900,PE,425.86,427.84,417.76,423.05,672,50924,0.1431
2025-08-22 13:05:00,23950,CE,602.69,619.31,606.8,611.04,249,45080,0.1451
2025-08-22 13:05:00,23950,PE,386.31,397.9,386.09,387.87,530,48612,0.1411
2025-08-22 13:05:00,24000,CE,535.35,540.09,530.81,532.71,744,52089,0.141
2025-08-22 13:05:00,24000,PE,404.95,404.54,400.65,403.29,401,52439,0.1398
2025-08-22 13:05:00,24050,CE,511.15,509.28,502.63,507.53,452,62310,0.14
2025-08-22 13:05:00,24050,PE,401.18,406.96,403.79,403.82,953,61449,0.1425
2025-08-22 13:05:00,24100,CE,437.81,444.58,437.73,439.3,1206,67991,0.1414
2025-08-22 13:05:00,24100,PE,398.52,405.9,394.75,398.58,43,58914,0.1409
2025-08-22 13:05:00,24150,CE,429.14,433.41,427.81,432.37,1456,76636,0.1472
2025-08-22 13:05:00,24150,PE,397.49,399.2,396.71,398.83,386,74495,0.145
2025-08-22 13:05:00,24200,CE,367.1,374.21,366.44,368.39,851,82546,0.1412
2025-08-22 13:05:00,24200,PE,409.62,418.87,414.35,414.5,513,85252,0.1436
2025-08-22 13:05:00,24250,CE,379.42,387.5,382.04,382.15,1049,75568,0.1445
2025-08-22 13:05:00,24250,PE,502.21,511.02,501.12,503.08,269,81073,0.1459
2025-08-22 13:05:00,24300,CE,389.64,391.7,388.0,390.87,377,71603,0.1405
2025-08-22 13:05:00,24300,PE,566.05,566.99,555.85,565.83,975,67476,0.1432
2025-08-22 13:05:00,24350,CE,394.24,404.13,394.93,395.92,604,62671,0.142
2025-08-22 13:05:00,24350,PE,599.65,606.96,600.07,600.62,906,63106,0.142
2025-08-22 13:05:00,24400,CE,388.99,392.29,384.43,390.31,807,53261,0.1418
2025-08-22 13:05:00,24400,PE,635.93,639.78,636.41,639.17,49,52719,0.1427
2025-08-22 13:05:00,24450,CE,393.92,391.95,386.93,391.11,136,47568,0.1449
2025-08-22 13:05:00,24450,PE,698.84,695.04,691.55,692.65,379,54634,0.1403
2025-08-22 13:05:00,24500,CE,417.37,420.11,416.4,418.02,544,39877,0.1409
2025-08-22 13:05:00,24500,PE,725.58,724.07,722.94,723.06,282,51340,0.1433
2025-08-22 13:05:00,24550,CE,388.93,393.24,386.47,386.67,693,44311,0.1429
2025-08-22 13:05:00,24550,PE,774.66,782.87,760.68,772.04,671,45394,0.1395
2025-08-22 13:05:00,24600,CE,373.58,384.7,379.7,380.75,625,46554,0.1419
2025-08-22 13:05:00,24600,PE,830.75,840.43,823.66,831.44,242,35225,0.1386
2025-08-22 13:05:00,24650,CE,419.3,427.26,421.11,422.77,521,39148,0.1427
2025-08-22 13:05:00,24650,PE,889.35,887.41,874.82,885.71,544,40961,0.141
2025-08-22 13:05:00,24700,CE,441.15,441.35,439.39,440.08,136,33631,0.1435
2025-08-22 13:05:00,24700,PE,899.25,908.43,888.7,907.46,520,33678,0.1392
2025-08-22 13:05:00,24750,CE,410.65,412.16,405.17,410.78,119,29693,0.1409
2025-08-22 13:05:00,24750,PE,1004.63,1013.66,989.29,1000.07,486,39978,0.1431
2025-08-22 13:05:00,24800,CE,403.52,408.61,401.31,404.18,268,32120,0.1429
2025-08-22 13:05:00,24800,PE,1038.58,1041.64,1028.68,1038.15,133,32671,0.1405
2025-08-22 13:05:00,24850,CE,369.52,372.92,366.34,369.46,274,28084,0.144
2025-08-22 13:05:00,24850,PE,1089.37,1108.48,1077.5,1095.18,171,30159,0.144
2025-08-22 13:05:00,24900,CE,403.84,411.15,401.61,406.34,115,23997,0.1404
2025-08-22 13:05:00,24900,PE,1185.75,1174.22,1166.5,1174.15,182,27123,0.1435
2025-08-22 13:10:00,23500,CE,1087.32,1092.6,1075.55,1086.71,278,34989,0.1415
2025-08-22 13:10:00,23500,PE,434.14,439.29,433.3,435.49,295,31067,0.142
2025-08-22 13:10:00,23550,CE,1040.02,1053.76,1042.19,1042.68,14,31770,0.1438
2025-08-22 13:10:00,23550,PE,397.43,399.0,396.56,396.69,319,27863,0.1415
2025-08-22 13:10:00,23600,CE,981.69,981.37,980.25,981.31,447,28943,0.1411
2025-08-22 13:10:00,23600,PE,396.17,398.38,397.82,398.25,183,31410,0.1415
2025-08-22 13:10:00,23650,CE,945.04,958.73,948.4,949.47,191,32780,0.1436
2025-08-22 13:10:00,23650,PE,427.86,423.85,422.27,423.04,101,35176,0.1426
2025-08-22 13:10:00,23700,CE,908.47,906.93,902.1,905.23,45,34476,0.1431
2025-08-22 13:10:00,23700,PE,385.77,390.38,385.09,388.07,172,36661,0.146
2025-08-22 13:10:00,23750,CE,846.63,859.02,845.91,851.02,344,35050,0.145
2025-08-22 13:10:00,23750,PE,420.88,421.27,413.13,417.07,177,33934,0.1405
2025-08-22 13:10:00,23800,CE,797.09,802.89,792.03,802.4,658,38461,0.142
2025-08-22 13:10:00,23800,PE,422.05,428.4,421.99,422.78,170,38915,0.1452
2025-08-22 13:10:00,23850,CE,756.83,757.19,744.73,749.7,682,45215,0.1448
2025-08-22 13:10:00,23850,PE,406.9,417.73,406.61,411.34,710,42354,0.1433
2025-08-22 13:10:00,23900,CE,696.1,703.66,692.42,696.18,321,45439,0.1446
2025-08-22 13:10:00,23900,PE,388.68,398.62,388.84,389.95,376,50519,0.1408
2025-08-22 13:10:00,23950,CE,637.18,648.18,639.55,643.38,19,45090,0.139
2025-08-22 13:10:00,23950,PE,411.47,426.43,412.04,413.63,933,48786,0.1459
2025-08-22 13:10:00,24000,CE,608.69,611.36,605.88,609.36,801,52463,0.1409
2025-08-22 13:10:00,24000,PE,396.36,399.56,396.6,398.35,1024,51993,0.1441
2025-08-22 13:10:00,24050,CE,511.08,523.52,505.26,508.24,309,62449,0.1382
2025-08-22 13:10:00,24050,PE,396.48,392.8,385.27,389.14,970,61777,0.1452
2025-08-22 13:10:00,24100,CE,515.33,514.52,509.76,510.15,976,67765,0.1403
2025-08-22 13:10:00,24100,PE,395.9,410.67,392.33,398.91,500,58409,0.1429
2025-08-22 13:10:00,24150,CE,454.59,463.96,456.93,460.94,500,76223,0.1417
2025-08-22 13:10:00,24150,PE,419.38,426.16,420.16,420.29,1446,74004,0.1446
2025-08-22 13:10:00,24200,CE,421.36,424.26,419.13,420.53,665,83010,0.1432
2025-08-22 13:10:00,24200,PE,429.02,427.39,421.84,426.5,1700,85104,0.1425
2025-08-22 13:10:00,24250,CE,411.96,417.82,409.05,410.6,715,75596,0.1455
2025-08-22 13:10:00,24250,PE,435.67,435.1,431.53,434.15,1245,81395,0.1391
2025-08-22 13:10:00,24300,CE,377.75,388.79,379.05,381.5,697,71448,0.1448
2025-08-22 13:10:00,24300,PE,487.29,499.26,480.62,490.25,502,67654,0.1443
2025-08-22 13:10:00,24350,CE,409.0,428.89,412.21,414.69,971,62163,0.1439
2025-08-22 13:10:00,24350,PE,549.16,555.82,553.51,554.04,895,63083,0.1425
2025-08-22 13:10:00,24400,CE,415.44,414.31,409.57,411.69,165,52776,0.1407
2025-08-22 13:10:00,24400,PE,623.42,631.45,613.2,618.86,361,52416,0.1398
2025-08-22 13:10:00,24450,CE,389.26,393.37,386.51,388.28,111,47320,0.1378
2025-08-22 13:10:00,24450,PE,629.74,640.87,633.14,633.32,787,54895,0.1416
2025-08-22 13:10:00,24500,CE,397.47,394.96,393.35,394.45,190,40085,0.1411
2025-08-22 13:10:00,24500,PE,711.16,708.21,703.05,704.32,396,51636,0.1442
2025-08-22 13:10:00,24550,CE,401.88,399.99,398.2,399.86,205,43785,0.1418
2025-08-22 13:10:00,24550,PE,777.96,779.8,779.06,779.36,256,45986,0.1448
2025-08-22 13:10:00,24600,CE,413.32,421.42,408.12,408.35,413,46019,0.1441
2025-08-22 13:10:00,24600,PE,833.92,838.58,834.37,835.0,716,35615,0.1451
2025-08-22 13:10:00,24650,CE,395.34,402.58,397.08,399.58,376,39436,0.145
2025-08-22 13:10:00,24650,PE,834.18,842.39,829.2,837.91,135,41071,0.1436
2025-08-22 13:10:00,24700,CE,421.69,425.73,418.87,419.52,585,33557,0.1426
2025-08-22 13:10:00,24700,PE,875.29,896.18,868.69,877.74,34,33986,0.1392
2025-08-22 13:10:00,24750,CE,377.2,378.6,371.59,374.82,441,29980,0.1379
2025-08-22 13:10:00,24750,PE,922.39,939.43,930.7,934.41,393,39542,0.1419
2025-08-22 13:10:00,24800,CE,419.75,424.78,414.3,418.74,73,32471,0.142
2025-08-22 13:10:00,24800,PE,1011.08,1007.7,1003.39,1005.72,486,32165,0.1401
2025-08-22 13:10:00,24850,CE,391.6,394.19,386.75,390.8,315,28084,0.1428
2025-08-22 13:10:00,24850,PE,1060.28,1061.56,1042.31,1047.05,193,30333,0.1437
2025-08-22 13:10:00,24900,CE,436.37,434.54,430.74,434.26,466,24383,0.1459
2025-08-22 13:10:00,24900,PE,1103.39,1124.92,1084.11,1097.8,84,27078,0.1417
2025-08-22 13:15:00,23500,CE,1071.27,1081.55,1050.29,1060.27,498,34673,0.1425
2025-08-22 13:15:00,23500,PE,388.95,390.34,384.32,385.45,456,31055,0.1411
2025-08-22 13:15:00,23550,CE,998.23,1008.04,998.37,1001.29,297,31470,0.1411
2025-08-22 13:15:00,23550,PE,406.11,413.5,406.58,408.39,517,27897,0.1418
2025-08-22 13:15:00,23600,CE,981.52,985.72,961.15,972.44,346,28898,0.1454
2025-08-22 13:15:00,23600,PE,391.68,392.65,383.38,390.59,62,31746,0.1419
2025-08-22 13:15:00,23650,CE,925.28,934.53,922.93,931.25,215,32468,0.142
2025-08-22 13:15:00,23650,PE,425.85,437.12,421.28,423.34,498,34815,0.1377
2025-08-22 13:15:00,23700,CE,895.79,899.14,893.92,897.98,465,34445,0.1455
2025-08-22 13:15:00,23700,PE,373.26,382.63,373.22,374.28,543,36121,0.1394
2025-08-22 13:15:00,23750,CE,831.9,822.66,815.13,820.02,565,34725,0.1422
2025-08-22 13:15:00,23750,PE,366.5,367.99,364.55,365.23,633,33758,0.1409
2025-08-22 13:15:00,23800,CE,748.8,758.67,737.73,746.9,18,38446,0.1439
2025-08-22 13:15:00,23800,PE,403.21,406.29,404.69,405.51,54,38638,0.1432
2025-08-22 13:15:00,23850,CE,741.0,758.79,735.21,741.4,612,45287,0.1414
2025-08-22 13:15:00,23850,PE,379.51,384.38,378.64,379.46,605,42808,0.1436
2025-08-22 13:15:00,23900,CE,662.08,664.44,648.13,657.57,442,45491,0.1426
2025-08-22 13:15:00,23900,PE,385.07,382.75,382.28,382.55,68,50263,0.1426
2025-08-22 13:15:00,23950,CE,592.9,594.48,587.27,592.18,745,44564,0.1411
2025-08-22 13:15:00,23950,PE,391.9,386.07,379.28,383.71,378,48349,0.1443
2025-08-22 13:15:00,24000,CE,582.39,585.65,566.59,573.69,979,52536,0.1451
2025-08-22 13:15:00,24000,PE,396.6,409.92,400.05,400.43,740,52213,0.1401
2025-08-22 13:15:00,24050,CE,501.43,513.0,505.73,505.74,305,61908,0.1388
2025-08-22 13:15:00,24050,PE,387.26,387.69,383.81,386.38,524,61399,0.1411
2025-08-22 13:15:00,24100,CE,453.61,460.93,455.5,459.37,491,67547,0.1443
2025-08-22 13:15:00,24100,PE,416.53,425.42,414.75,415.09,1159,58192,0.1431
2025-08-22 13:15:00,24150,CE,399.06,402.07,398.47,401.82,285,76773,0.1429
2025-08-22 13:15:00,24150,PE,383.23,389.3,384.62,384.81,111,73648,0.1454
2025-08-22 13:15:00,24200,CE,408.4,411.81,406.76,406.87,564,82485,0.1386
2025-08-22 13:15:00,24200,PE,445.62,445.51,443.55,445.21,1420,84927,0.147
2025-08-22 13:15:00,24250,CE,416.96,420.18,415.92,417.68,1070,75157,0.1407
2025-08-22 13:15:00,24250,PE,502.01,502.53,490.97,500.82,721,80946,0.141
2025-08-22 13:15:00,24300,CE,370.51,374.33,367.19,369.73,293,71336,0.1409
2025-08-22 13:15:00,24300,PE,543.51,540.51,535.45,538.75,1036,67421,0.144
2025-08-22 13:15:00,24350,CE,403.66,413.82,399.12,405.88,812,61673,0.1418
2025-08-22 13:15:00,24350,PE,585.02,593.24,582.06,588.53,282,63208,0.1418
2025-08-22 13:15:00,24400,CE,408.96,416.7,408.53,414.88,461,52778,0.1417
2025-08-22 13:15:00,24400,PE,646.97,648.01,638.38,643.55,660,51908,0.1412
2025-08-22 13:15:00,24450,CE,378.66,385.29,375.61,382.3,617,47755,0.1426
2025-08-22 13:15:00,24450,PE,643.45,666.96,650.36,652.71,679,54636,0.1383
2025-08-22 13:15:00,24500,CE,407.09,406.09,401.89,405.07,293,40638,0.1429
2025-08-22 13:15:00,24500,PE,734.91,752.17,743.19,743.62,642,52153,0.1399
2025-08-22 13:15:00,24550,CE,390.72,394.67,390.83,393.27,685,43705,0.1437
2025-08-22 13:15:00,24550,PE,808.29,805.35,791.21,798.39,107,45660,0.1463
2025-08-22 13:15:00,24600,CE,363.67,368.75,358.13,365.07,213,46420,0.1379
2025-08-22 13:15:00,24600,PE,851.48,865.34,842.6,849.33,200,35448,0.1451
2025-08-22 13:15:00,24650,CE,384.77,387.97,380.6,382.75,556,39032,0.1403
2025-08-22 13:15:00,24650,PE,871.92,886.94,882.91,883.34,436,41132,0.1402
2025-08-22 13:15:00,24700,CE,383.26,386.23,381.77,383.36,602,33544,0.1435
2025-08-22 13:15:00,24700,PE,956.8,952.39,938.16,948.55,323,34406,0.1422
2025-08-22 13:15:00,24750,CE,396.99,397.57,389.4,392.46,571,30255,0.1411
2025-08-22 13:15:00,24750,PE,952.64,965.84,957.32,960.07,405,39993,0.1392
2025-08-22 13:15:00,24800,CE,376.53,371.95,366.62,369.95,534,32752,0.1388
2025-08-22 13:15:00,24800,PE,1078.34,1072.27,1063.42,1067.05,165,32335,0.1459
2025-08-22 13:15:00,24850,CE,389.55,395.7,383.08,385.07,128,28084,0.1421
2025-08-22 13:15:00,24850,PE,1072.24,1079.95,1066.01,1067.96,234,30918,0.1455
2025-08-22 13:15:00,24900,CE,403.57,408.4,399.45,401.65,276,24933,0.1437
2025-08-22 13:15:00,24900,PE,1128.09,1144.68,1130.22,1140.1,398,27496,0.1413
2025-08-22 13:20:00,23500,CE,1026.6,1045.0,1027.88,1033.53,97,35003,0.1441
2025-08-22 13:20:00,23500,PE,384.98,388.06,384.9,385.06,141,31148,0.1427
2025-08-22 13:20:00,23550,CE,1028.72,1025.38,1008.67,1018.84,279,31181,0.1448
2025-08-22 13:20:00,23550,PE,401.63,408.1,401.02,405.81,557,28347,0.1407
2025-08-22 13:20:00,23600,CE,948.56,966.17,946.42,948.87,348,28310,0.1412
2025-08-22 13:20:00,23600,PE,404.59,411.59,406.0,408.0,117,31418,0.1412
2025-08-22 13:20:00,23650,CE,923.03,926.25,912.59,918.33,619,32352,0.1441
2025-08-22 13:20:00,23650,PE,426.77,421.85,417.12,420.0,39,34918,0.145
2025-08-22 13:20:00,23700,CE,831.79,836.68,808.71,823.74,647,34518,0.1415
2025-08-22 13:20:00,23700,PE,415.23,422.31,409.22,413.69,308,35731,0.1462
2025-08-22 13:20:00,23750,CE,811.99,837.02,817.33,822.22,643,34250,0.145
2025-08-22 13:20:00,23750,PE,407.6,416.61,407.86,411.35,682,33424,0.141
2025-08-22 13:20:00,23800,CE,786.58,793.36,770.94,787.62,120,38264,0.1425
2025-08-22 13:20:00,23800,PE,400.29,403.31,395.74,399.16,16,38054,0.1443
2025-08-22 13:20:00,23850,CE,712.51,720.67,695.94,707.6,171,45517,0.1451
2025-08-22 13:20:00,23850,PE,392.06,396.77,386.15,390.16,699,42505,0.1431
2025-08-22 13:20:00,23900,CE,636.85,632.27,627.77,631.77,608,45312,0.1399
2025-08-22 13:20:00,23900,PE,394.37,396.32,389.82,392.29,413,50064,0.1424
2025-08-22 13:20:00,23950,CE,604.38,624.03,605.71,611.3,921,44578,0.1428
2025-08-22 13:20:00,23950,PE,436.56,430.85,422.67,426.31,531,48780,0.1442
2025-08-22 13:20:00,24000,CE,547.1,554.82,553.44,554.09,763,52115,0.1433
2025-08-22 13:20:00,24000,PE,393.03,394.17,391.57,393.92,232,52021,0.1391
2025-08-22 13:20:00,24050,CE,518.63,536.22,516.51,520.81,146,62138,0.1425
2025-08-22 13:20:00,24050,PE,376.68,379.71,372.92,375.28,655,60852,0.142
2025-08-22 13:20:00,24100,CE,435.43,436.74,432.35,435.93,613,67942,0.1367
2025-08-22 13:20:00,24100,PE,412.42,412.92,409.98,412.38,1359,58746,0.1431
2025-08-22 13:20:00,24150,CE,389.43,396.35,389.72,390.12,1624,76902,0.1377
2025-08-22 13:20:00,24150,PE,381.15,385.95,382.9,383.96,1633,74195,0.1418
2025-08-22 13:20:00,24200,CE,367.41,368.66,363.11,367.33,997,82380,0.141
2025-08-22 13:20:00,24200,PE,466.64,468.62,464.05,466.67,1503,84825,0.1437
2025-08-22 13:20:00,24250,CE,358.76,368.97,361.15,364.95,242,74684,0.1385
2025-08-22 13:20:00,24250,PE,494.05,503.46,494.71,498.26,773,80388,0.1429
2025-08-22 13:20:00,24300,CE,373.58,374.76,370.23,371.4,157,71029,0.1384
2025-08-22 13:20:00,24300,PE,535.32,543.02,524.95,537.59,637,67394,0.1382
2025-08-22 13:20:00,24350,CE,422.7,428.77,415.96,421.22,550,61682,0.1429
2025-08-22 13:20:00,24350,PE,599.97,620.0,600.16,601.98,1054,62869,0.1402
2025-08-22 13:20:00,24400,CE,419.56,425.67,417.99,421.67,462,52913,0.1402
2025-08-22 13:20:00,24400,PE,629.94,635.67,625.17,629.22,273,51525,0.1409
2025-08-22 13:20:00,24450,CE,391.24,396.18,388.44,389.58,54,47546,0.1448
2025-08-22 13:20:00,24450,PE,726.59,738.23,710.32,723.32,232,54270,0.1452
2025-08-22 13:20:00,24500,CE,428.5,427.14,422.82,424.97,227,40873,0.1432
2025-08-22 13:20:00,24500,PE,761.87,770.03,762.22,767.31,667,52172,0.14
2025-08-22 13:20:00,24550,CE,397.17,398.39,392.99,397.68,60,43988,0.1424
2025-08-22 13:20:00,24550,PE,787.99,786.65,776.14,784.04,123,45128,0.1437
2025-08-22 13:20:00,24600,CE,399.87,403.67,394.36,396.13,398,46330,0.1396
2025-08-22 13:20:00,24600,PE,826.78,847.84,819.31,828.66,223,36008,0.144
2025-08-22 13:20:00,24650,CE,399.7,403.51,399.8,403.04,68,38496,0.1446
2025-08-22 13:20:00,24650,PE,891.86,905.4,885.43,888.23,384,41034,0.1423
2025-08-22 13:20:00,24700,CE,405.28,406.29,403.54,404.15,489,32992,0.1426
2025-08-22 13:20:00,24700,PE,935.98,950.24,932.16,934.85,261,33981,0.143
2025-08-22 13:20:00,24750,CE,419.86,418.48,417.79,418.29,32,30210,0.1428
2025-08-22 13:20:00,24750,PE,982.58,987.51,978.42,986.2,423,39582,0.1399
2025-08-22 13:20:00,24800,CE,395.6,408.42,393.75,395.63,458,32774,0.1421
2025-08-22 13:20:00,24800,PE,1018.75,1052.19,1025.22,1034.19,265,32842,0.1401
2025-08-22 13:20:00,24850,CE,413.35,411.28,402.11,410.78,175,27724,0.1434
2025-08-22 13:20:00,24850,PE,1100.14,1105.7,1084.67,1091.96,406,30446,0.141
2025-08-22 13:20:00,24900,CE,398.16,407.43,398.03,399.57,427,25323,0.1451
2025-08-22 13:20:00,24900,PE,1137.31,1143.67,1139.34,1140.77,478,27448,0.139
2025-08-22 13:25:00,23500,CE,1048.84,1057.66,1049.13,1056.82,337,35462,0.1407
2025-08-22 13:25:00,23500,PE,433.69,439.45,433.52,435.42,78,30915,0.1432
2025-08-22 13:25:00,23550,CE,1026.62,1053.42,1011.54,1022.79,272,31334,0.1406
2025-08-22 13:25:00,23550,PE,395.31,395.2,393.28,395.05,388,28854,0.1412
2025-08-22 13:25:00,23600,CE,947.71,954.3,937.57,952.09,299,27916,0.1418
2025-08-22 13:25:00,23600,PE,423.68,424.41,413.06,417.24,122,31778,0.1437
2025-08-22 13:25:00,23650,CE,895.87,900.58,898.24,898.55,301,32509,0.1412
2025-08-22 13:25:00,23650,PE,386.65,388.14,380.14,387.01,365,35293,0.1428
2025-08-22 13:25:00,23700,CE,875.2,882.32,866.4,869.35,158,34122,0.1432
2025-08-22 13:25:00,23700,PE,385.6,392.99,384.25,384.88,504,35651,0.1403
2025-08-22 13:25:00,23750,CE,827.0,836.66,819.82,830.93,601,33804,0.1422
2025-08-22 13:25:00,23750,PE,384.08,384.91,376.13,381.79,208,33976,0.1406
2025-08-22 13:25:00,23800,CE,763.59,772.12,745.72,759.55,670,37739,0.1442
2025-08-22 13:25:00,23800,PE,418.09,425.29,414.14,416.02,649,37532,0.1435
2025-08-22 13:25:00,23850,CE,713.26,711.6,699.2,699.94,115,45994,0.1422
2025-08-22 13:25:00,23850,PE,408.33,414.32,409.6,411.73,121,42265,0.1424
2025-08-22 13:25:00,23900,CE,681.26,686.15,679.47,682.66,140,45428,0.1425
2025-08-22 13:25:00,23900,PE,423.96,419.21,416.26,418.58,68,49808,0.1429
2025-08-22 13:25:00,23950,CE,621.75,620.86,602.02,609.06,350,44756,0.1412
2025-08-22 13:25:00,23950,PE,388.8,386.06,381.94,382.25,524,48410,0.1423
2025-08-22 13:25:00,24000,CE,523.97,529.29,524.44,527.21,548,52065,0.1412
2025-08-22 13:25:00,24000,PE,404.19,406.55,403.13,405.12,423,52061,0.1443
2025-08-22 13:25:00,24050,CE,472.18,475.83,461.44,472.04,443,61938,0.1409
2025-08-22 13:25:00,24050,PE,413.83,413.17,411.83,412.92,1033,60554,0.1403
2025-08-22 13:25:00,24100,CE,438.48,446.52,435.27,438.21,514,67510,0.1453
2025-08-22 13:25:00,24100,PE,394.44,390.17,383.61,389.96,1062,58993,0.1406
2025-08-22 13:25:00,24150,CE,430.09,436.39,429.23,431.06,1217,76503,0.1415
2025-08-22 13:25:00,24150,PE,407.43,405.84,402.41,403.83,820,73945,0.1411
2025-08-22 13:25:00,24200,CE,400.87,411.79,403.11,406.13,1180,82184,0.1426
2025-08-22 13:25:00,24200,PE,449.34,453.06,450.23,450.44,654,84770,0.1438
2025-08-22 13:25:00,24250,CE,399.43,402.41,393.34,398.84,1019,74927,0.1425
2025-08-22 13:25:00,24250,PE,533.22,544.9,526.97,531.38,1097,80301,0.1422
2025-08-22 13:25:00,24300,CE,406.51,396.97,394.81,395.33,967,71474,0.1437
2025-08-22 13:25:00,24300,PE,533.55,545.19,529.73,531.37,625,67609,0.1416
2025-08-22 13:25:00,24350,CE,403.01,407.95,405.26,405.74,958,62088,0.1444
2025-08-22 13:25:00,24350,PE,571.92,591.85,572.34,574.22,303,63128,0.1393
2025-08-22 13:25:00,24400,CE,402.14,404.22,399.21,403.49,433,52491,0.1433
2025-08-22 13:25:00,24400,PE,605.53,599.63,599.15,599.44,364,52098,0.1399
2025-08-22 13:25:00,24450,CE,406.33,418.17,400.35,405.09,833,47889,0.1404
2025-08-22 13:25:00,24450,PE,671.95,679.41,672.19,672.46,860,54357,0.1435
2025-08-22 13:25:00,24500,CE,413.4,422.7,414.13,415.79,608,40471,0.1432
2025-08-22 13:25:00,24500,PE,733.87,750.07,735.81,739.72,248,51779,0.1428
2025-08-22 13:25:00,24550,CE,409.43,410.75,404.81,407.01,695,44125,0.1387
2025-08-22 13:25:00,24550,PE,800.04,792.65,791.88,792.46,691,45027,0.14
2025-08-22 13:25:00,24600,CE,419.72,417.61,413.55,416.26,285,46541,0.143
2025-08-22 13:25:00,24600,PE,838.64,848.46,837.97,843.81,396,35854,0.1409
2025-08-22 13:25:00,24650,CE,414.55,410.01,403.2,408.17,212,38511,0.1415
2025-08-22 13:25:00,24650,PE,887.76,892.18,888.47,890.41,58,40659,0.1428
2025-08-22 13:25:00,24700,CE,442.32,445.59,440.82,442.64,36,32578,0.1443
2025-08-22 13:25:00,24700,PE,931.32,947.63,944.06,945.33,128,33471,0.1392
2025-08-22 13:25:00,24750,CE,381.95,382.49,373.16,379.23,40,30593,0.1374
2025-08-22 13:25:00,24750,PE,959.96,980.92,968.42,979.86,112,39648,0.1413
2025-08-22 13:25:00,24800,CE,400.93,407.21,401.33,403.43,61,33310,0.1443
2025-08-22 13:25:00,24800,PE,1032.11,1050.22,1034.4,1040.92,135,33141,0.1412
2025-08-22 13:25:00,24850,CE,432.4,434.16,431.72,433.28,331,28046,0.1408
2025-08-22 13:25:00,24850,PE,1114.72,1133.31,1116.59,1118.18,325,30456,0.1453
2025-08-22 13:25:00,24900,CE,412.99,422.28,414.33,415.67,378,25701,0.1427
2025-08-22 13:25:00,24900,PE,1155.62,1198.4,1156.33,1168.18,190,27978,0.1447
2025-08-22 13:30:00,23500,CE,1084.76,1098.41,1084.82,1087.22,514,35728,0.1426
2025-08-22 13:30:00,23500,PE,450.61,461.46,444.9,452.55,484,30441,0.1433
2025-08-22 13:30:00,23550,CE,1011.94,1016.94,1006.07,1016.78,300,31515,0.1412
2025-08-22 13:30:00,23550,PE,391.67,394.94,393.69,394.22,510,28398,0.1421
2025-08-22 13:30:00,23600,CE,981.1,993.16,967.84,980.91,470,27408,0.1421
2025-08-22 13:30:00,23600,PE,404.54,405.23,399.25,404.02,214,32009,0.143
2025-08-22 13:30:00,23650,CE,949.27,943.77,937.16,941.73,186,32910,0.1428
2025-08-22 13:30:00,23650,PE,369.45,377.59,370.44,371.6,574,34883,0.1402
2025-08-22 13:30:00,23700,CE,909.67,917.5,889.83,903.67,177,33610,0.1423
2025-08-22 13:30:00,23700,PE,374.04,377.18,376.0,376.65,469,36114,0.1409
2025-08-22 13:30:00,23750,CE,806.76,831.74,809.1,822.92,427,33362,0.1437
2025-08-22 13:30:00,23750,PE,381.28,380.62,373.28,379.87,131,33418,0.143
2025-08-22 13:30:00,23800,CE,788.32,811.31,775.78,789.18,377,38004,0.1426
2025-08-22 13:30:00,23800,PE,408.97,419.57,410.77,413.1,124,37949,0.1455
2025-08-22 13:30:00,23850,CE,751.63,752.0,738.06,744.01,217,46011,0.1463
2025-08-22 13:30:00,23850,PE,410.19,409.4,404.42,406.77,551,42312,0.1431
2025-08-22 13:30:00,23900,CE,700.78,703.49,682.46,696.29,433,45232,0.1413
2025-08-22 13:30:00,23900,PE,423.38,431.68,421.75,422.17,392,49494,0.1429
2025-08-22 13:30:00,23950,CE,626.8,635.57,622.18,622.18,299,45062,0.1399
2025-08-22 13:30:00,23950,PE,398.69,400.48,387.09,397.51,866,48829,0.1424
2025-08-22 13:30:00,24000,CE,574.65,574.1,562.03,567.93,371,51850,0.1379
2025-08-22 13:30:00,24000,PE,399.26,412.13,396.19,399.77,80,51789,0.1446
2025-08-22 13:30:00,24050,CE,521.36,523.91,517.48,519.64,721,61659,0.1386
2025-08-22 13:30:00,24050,PE,418.81,419.51,412.81,416.64,899,60014,0.1411
2025-08-22 13:30:00,24100,CE,496.41,496.31,489.02,495.21,584,67247,0.1423
2025-08-22 13:30:00,24100,PE,396.5,399.44,395.63,396.36,697,58423,0.1405
2025-08-22 13:30:00,24150,CE,427.33,442.35,423.19,426.87,690,76849,0.1438
2025-08-22 13:30:00,24150,PE,411.42,416.02,410.12,410.7,1384,73652,0.1447
2025-08-22 13:30:00,24200,CE,415.13,423.26,410.79,414.39,741,82412,0.1418
2025-08-22 13:30:00,24200,PE,432.18,437.12,436.07,436.15,799,84821,0.1399
2025-08-22 13:30:00,24250,CE,393.78,402.04,395.96,396.5,509,75331,0.1418
2025-08-22 13:30:00,24250,PE,454.15,453.99,452.27,453.06,922,80853,0.1431
2025-08-22 13:30:00,24300,CE,402.1,405.04,399.18,401.18,990,71314,0.1425
2025-08-22 13:30:00,24300,PE,516.85,520.81,514.85,519.6,428,67115,0.1435
2025-08-22 13:30:00,24350,CE,411.01,417.89,406.28,411.24,705,62387,0.1412
2025-08-22 13:30:00,24350,PE,552.73,559.3,552.96,556.12,409,62553,0.1407
2025-08-22 13:30:00,24400,CE,384.94,395.05,385.57,387.68,836,52158,0.1403
2025-08-22 13:30:00,24400,PE,603.07,616.51,608.09,608.31,594,51561,0.1431
2025-08-22 13:30:00,24450,CE,406.96,408.61,403.89,405.67,71,48366,0.1471
2025-08-22 13:30:00,24450,PE,666.02,674.53,659.63,660.07,621,53763,0.1392
2025-08-22 13:30:00,24500,CE,405.49,418.39,407.21,409.5,97,40462,0.141
2025-08-22 13:30:00,24500,PE,720.11,726.16,718.4,720.07,575,51687,0.1459
2025-08-22 13:30:00,24550,CE,378.42,384.03,373.71,377.41,677,44308,0.1413
2025-08-22 13:30:00,24550,PE,780.76,775.51,767.01,770.93,480,44774,0.1426
2025-08-22 13:30:00,24600,CE,381.65,382.76,378.86,380.53,494,46989,0.1433
2025-08-22 13:30:00,24600,PE,785.46,798.34,787.05,795.03,46,36135,0.1431
2025-08-22 13:30:00,24650,CE,411.35,414.05,409.92,413.46,591,38429,0.1455
2025-08-22 13:30:00,24650,PE,845.84,844.68,834.49,841.24,516,40488,0.1413
2025-08-22 13:30:00,24700,CE,384.49,382.13,377.37,377.38,129,32957,0.1359
2025-08-22 13:30:00,24700,PE,915.88,919.2,910.08,916.99,202,33779,0.1453
2025-08-22 13:30:00,24750,CE,383.7,388.81,377.91,381.05,193,30471,0.1434
2025-08-22 13:30:00,24750,PE,940.42,965.84,950.56,953.3,408,39457,0.1427
2025-08-22 13:30:00,24800,CE,379.7,383.05,377.64,380.06,452,32756,0.1421
2025-08-22 13:30:00,24800,PE,1035.35,1064.46,1023.66,1034.13,15,32639,0.1419
2025-08-22 13:30:00,24850,CE,396.35,400.4,393.43,397.1,141,27510,0.1418
2025-08-22 13:30:00,24850,PE,1078.64,1103.66,1073.41,1074.36,206,29885,0.1416
2025-08-22 13:30:00,24900,CE,381.8,383.31,380.54,382.55,381,25284,0.1409
2025-08-22 13:30:00,24900,PE,1132.07,1154.26,1128.86,1137.41,488,28406,0.1409
2025-08-22 13:35:00,23500,CE,1103.41,1128.94,1103.01,1106.92,359,36085,0.1433
2025-08-22 13:35:00,23500,PE,430.13,432.37,426.37,431.45,400,30855,0.1428
2025-08-22 13:35:00,23550,CE,1056.01,1070.96,1049.39,1054.21,305,31663,0.1419
2025-08-22 13:35:00,23550,PE,397.22,400.96,399.42,400.19,259,28546,0.1421
2025-08-22 13:35:00,23600,CE,990.7,990.53,979.58,990.38,224,26956,0.1442
2025-08-22 13:35:00,23600,PE,403.72,405.92,397.76,401.84,534,32247,0.143
2025-08-22 13:35:00,23650,CE,952.31,950.37,936.06,941.34,431,32646,0.1423
2025-08-22 13:35:00,23650,PE,443.0,448.87,440.73,442.2,470,34906,0.1419
2025-08-22 13:35:00,23700,CE,862.21,884.83,867.8,869.33,59,34155,0.1427
2025-08-22 13:35:00,23700,PE,403.01,404.57,403.08,403.23,642,36558,0.145
2025-08-22 13:35:00,23750,CE,878.86,872.44,865.4,870.69,334,33041,0.1456
2025-08-22 13:35:00,23750,PE,366.99,374.77,367.92,372.09,18,33701,0.1414
2025-08-22 13:35:00,23800,CE,780.06,797.12,786.05,787.07,663,37528,0.1413
2025-08-22 13:35:00,23800,PE,413.9,420.32,405.44,409.31,512,37381,0.1419
2025-08-22 13:35:00,23850,CE,699.26,699.98,697.96,698.43,626,45444,0.1408
2025-08-22 13:35:00,23850,PE,419.05,424.35,420.15,420.51,783,41916,0.1426
2025-08-22 13:35:00,23900,CE,713.61,713.91,696.7,710.47,358,45465,0.1438
2025-08-22 13:35:00,23900,PE,388.21,396.02,385.47,392.46,741,49329,0.145
2025-08-22 13:35:00,23950,CE,667.39,679.5,659.66,669.27,938,44481,0.144
2025-08-22 13:35:00,23950,PE,414.28,415.24,412.59,415.19,459,49414,0.1437
2025-08-22 13:35:00,24000,CE,569.66,573.15,561.43,570.93,302,51890,0.1412
2025-08-22 13:35:00,24000,PE,385.55,394.21,380.02,385.55,480,51661,0.1394
2025-08-22 13:35:00,24050,CE,524.31,530.81,525.15,529.5,913,61681,0.1438
2025-08-22 13:35:00,24050,PE,434.0,434.51,430.07,432.33,850,60037,0.1436
2025-08-22 13:35:00,24100,CE,483.11,490.17,480.33,483.8,1339,67211,0.1427
2025-08-22 13:35:00,24100,PE,380.49,379.81,376.63,378.8,1073,58558,0.1415
2025-08-22 13:35:00,24150,CE,454.27,456.22,452.83,454.86,1248,77311,0.1415
2025-08-22 13:35:00,24150,PE,400.33,402.98,399.47,401.1,370,73414,0.142
2025-08-22 13:35:00,24200,CE,351.74,355.09,349.53,352.56,551,82396,0.1425
2025-08-22 13:35:00,24200,PE,412.47,418.3,412.38,412.8,882,84225,0.1409
2025-08-22 13:35:00,24250,CE,398.22,403.96,387.97,398.77,1344,75762,0.1422
2025-08-22 13:35:00,24250,PE,449.1,448.7,440.26,444.34,910,80620,0.1434
2025-08-22 13:35:00,24300,CE,400.54,397.84,394.01,396.74,1081,71039,0.1436
2025-08-22 13:35:00,24300,PE,500.51,517.05,503.28,508.33,413,67712,0.143
2025-08-22 13:35:00,24350,CE,404.65,405.67,391.85,398.74,1067,62488,0.1447
2025-08-22 13:35:00,24350,PE,551.66,553.66,546.79,550.02,210,62100,0.1362
2025-08-22 13:35:00,24400,CE,408.39,414.21,406.48,407.22,997,51876,0.1409
2025-08-22 13:35:00,24400,PE,608.64,620.44,606.97,609.22,710,51384,0.1412
2025-08-22 13:35:00,24450,CE,394.68,401.69,397.31,399.7,473,48949,0.1448
2025-08-22 13:35:00,24450,PE,647.76,652.36,644.76,650.42,561,53679,0.1404
2025-08-22 13:35:00,24500,CE,422.48,430.07,419.3,422.02,364,40138,0.1383
2025-08-22 13:35:00,24500,PE,709.83,721.39,706.95,715.41,482,51770,0.1403
2025-08-22 13:35:00,24550,CE,421.27,422.29,415.27,420.22,86,44193,0.1419
2025-08-22 13:35:00,24550,PE,748.51,749.08,737.35,742.97,513,44239,0.1404
2025-08-22 13:35:00,24600,CE,407.14,418.93,398.17,406.99,714,47422,0.1425
2025-08-22 13:35:00,24600,PE,797.02,797.43,787.18,796.23,470,35553,0.1385
2025-08-22 13:35:00,24650,CE,401.63,401.56,396.59,398.48,358,38907,0.1399
2025-08-22 13:35:00,24650,PE,868.51,884.11,866.05,869.51,26,40838,0.143
2025-08-22 13:35:00,24700,CE,386.91,386.16,381.78,384.67,537,32447,0.1413
2025-08-22 13:35:00,24700,PE,911.01,931.33,919.3,921.19,154,34047,0.1386
2025-08-22 13:35:00,24750,CE,414.83,420.69,411.05,415.27,547,30796,0.1396
2025-08-22 13:35:00,24750,PE,932.22,954.17,930.58,939.11,319,39579,0.1446
2025-08-22 13:35:00,24800,CE,368.79,383.59,366.51,369.91,301,32849,0.1419
2025-08-22 13:35:00,24800,PE,999.14,1021.72,1002.93,1008.47,438,32098,0.1401
2025-08-22 13:35:00,24850,CE,378.94,390.79,381.38,381.55,119,26981,0.143
2025-08-22 13:35:00,24850,PE,1050.84,1066.45,1038.77,1056.73,428,30157,0.142
2025-08-22 13:35:00,24900,CE,410.9,430.75,408.05,413.18,34,24810,0.1428
2025-08-22 13:35:00,24900,PE,1135.96,1143.0,1118.33,1123.05,140,28096,0.1454
2025-08-22 13:40:00,23500,CE,1015.57,1029.18,1019.28,1023.35,297,36083,0.1448
2025-08-22 13:40:00,23500,PE,419.32,419.24,413.2,416.1,207,30451,0.1425
2025-08-22 13:40:00,23550,CE,958.35,974.39,946.91,957.04,391,32010,0.1403
2025-08-22 13:40:00,23550,PE,423.49,432.84,418.44,420.54,385,28914,0.1412
2025-08-22 13:40:00,23600,CE,924.88,938.18,924.52,928.24,581,27366,0.1453
2025-08-22 13:40:00,23600,PE,401.81,410.74,401.15,404.16,417,31706,0.1391
2025-08-22 13:40:00,23650,CE,864.91,882.92,858.96,865.73,234,32559,0.1421
2025-08-22 13:40:00,23650,PE,376.87,382.84,379.42,379.7,486,35322,0.1425
2025-08-22 13:40:00,23700,CE,831.47,837.27,831.1,835.33,470,33990,0.1441
2025-08-22 13:40:00,23700,PE,383.12,381.95,380.19,381.58,575,36792,0.1433
2025-08-22 13:40:00,23750,CE,742.16,749.74,740.23,743.29,628,33148,0.1437
2025-08-22 13:40:00,23750,PE,387.08,390.08,385.95,389.21,511,33517,0.1416
2025-08-22 13:40:00,23800,CE,697.3,707.95,699.13,699.96,348,37259,0.1429
2025-08-22 13:40:00,23800,PE,387.21,397.63,392.44,393.64,228,37564,0.1431
2025-08-22 13:40:00,23850,CE,638.92,642.36,628.84,632.54,366,45004,0.1385
2025-08-22 13:40:00,23850,PE,369.27,376.56,368.61,369.78,47,42348,0.1431
2025-08-22 13:40:00,23900,CE,587.35,592.21,576.39,584.05,456,45556,0.1387
2025-08-22 13:40:00,23900,PE,405.98,400.89,399.84,400.13,929,48862,0.1418
2025-08-22 13:40:00,23950,CE,584.43,592.83,588.5,590.29,1072,44725,0.1452
2025-08-22 13:40:00,23950,PE,403.98,415.28,407.85,408.51,738,49331,0.1404
2025-08-22 13:40:00,24000,CE,487.09,494.49,489.18,490.26,918,51534,0.1422
2025-08-22 13:40:00,24000,PE,393.68,394.94,392.72,394.68,404,52214,0.1404
2025-08-22 13:40:00,24050,CE,417.21,420.4,414.31,420.19,426,61944,0.1413
2025-08-22 13:40:00,24050,PE,394.72,403.89,393.18,396.02,1380,60148,0.143
2025-08-22 13:40:00,24100,CE,412.19,413.21,405.31,407.66,537,67629,0.1426
2025-08-22 13:40:00,24100,PE,400.4,406.3,399.57,401.18,1442,58610,0.1391
2025-08-22 13:40:00,24150,CE,414.56,421.47,405.75,412.48,203,77240,0.1409
2025-08-22 13:40:00,24150,PE,431.97,438.94,435.0,436.84,692,73041,0.1426
2025-08-22 13:40:00,24200,CE,377.05,385.56,378.71,381.86,558,81980,0.1361
2025-08-22 13:40:00,24200,PE,526.02,524.6,523.52,524.25,946,84143,0.1446
2025-08-22 13:40:00,24250,CE,393.59,397.43,387.27,391.26,878,75709,0.1429
2025-08-22 13:40:00,24250,PE,565.01,565.57,560.39,560.79,858,80899,0.1458
2025-08-22 13:40:00,24300,CE,388.73,395.44,380.46,387.47,185,70969,0.1401
2025-08-22 13:40:00,24300,PE,559.1,575.46,565.67,567.26,804,67823,0.1434
2025-08-22 13:40:00,24350,CE,385.08,384.76,381.88,384.48,226,62887,0.1431
2025-08-22 13:40:00,24350,PE,634.46,638.85,630.71,631.85,205,62692,0.1385
2025-08-22 13:40:00,24400,CE,365.91,374.02,366.19,368.04,626,51663,0.1432
2025-08-22 13:40:00,24400,PE,700.55,716.73,700.27,703.26,182,51866,0.1407
2025-08-22 13:40:00,24450,CE,412.86,416.77,409.45,413.26,429,49316,0.1479
2025-08-22 13:40:00,24450,PE,738.58,737.44,725.56,735.71,674,53160,0.1463
2025-08-22 13:40:00,24500,CE,384.02,386.69,376.62,381.06,515,39938,0.1415
2025-08-22 13:40:00,24500,PE,802.47,811.88,798.28,800.38,680,51432,0.1436
2025-08-22 13:40:00,24550,CE,412.84,410.58,406.46,409.88,34,44390,0.1445
2025-08-22 13:40:00,24550,PE,818.49,823.19,808.82,813.83,389,44305,0.1415
2025-08-22 13:40:00,24600,CE,382.35,386.95,379.2,380.56,179,47415,0.1366
2025-08-22 13:40:00,24600,PE,875.58,891.12,873.42,881.54,627,35869,0.1398
2025-08-22 13:40:00,24650,CE,409.7,409.7,406.76,407.09,601,38706,0.1441
2025-08-22 13:40:00,24650,PE,954.47,964.66,954.37,956.3,532,40697,0.1435
2025-08-22 13:40:00,24700,CE,389.67,398.15,390.04,390.1,539,32885,0.1424
2025-08-22 13:40:00,24700,PE,1014.66,1008.08,1004.66,1007.49,102,34613,0.1428
2025-08-22 13:40:00,24750,CE,429.43,435.17,426.68,429.67,334,31127,0.1454
2025-08-22 13:40:00,24750,PE,1070.24,1107.3,1074.03,1074.16,318,39239,0.1445
2025-08-22 13:40:00,24800,CE,377.3,380.56,377.37,378.36,508,32384,0.1405
2025-08-22 13:40:00,24800,PE,1063.61,1092.56,1072.36,1077.77,419,31749,0.1378
2025-08-22 13:40:00,24850,CE,410.43,414.74,411.19,413.9,387,26888,0.142
2025-08-22 13:40:00,24850,PE,1139.45,1145.13,1131.23,1137.45,122,29841,0.1433
2025-08-22 13:40:00,24900,CE,396.13,403.19,394.53,398.2,154,25291,0.1421
2025-08-22 13:40:00,24900,PE,1204.36,1220.24,1188.39,1197.41,361,28300,0.1424
2025-08-22 13:45:00,23500,CE,1029.61,1043.56,1012.15,1023.44,350,35983,0.1392
2025-08-22 13:45:00,23500,PE,395.36,402.25,393.78,395.09,498,30179,0.143
2025-08-22 13:45:00,23550,CE,955.9,961.37,949.03,953.68,550,31866,0.1441
2025-08-22 13:45:00,23550,PE,383.57,387.25,382.15,385.19,205,28885,0.1425
2025-08-22 13:45:00,23600,CE,953.06,939.17,924.13,928.79,466,27622,0.1408
2025-08-22 13:45:00,23600,PE,372.1,382.68,371.32,372.49,477,31213,0.1421
2025-08-22 13:45:00,23650,CE,853.28,862.35,852.54,858.57,115,32977,0.1418
2025-08-22 13:45:00,23650,PE,424.75,418.98,415.86,417.75,648,34875,0.1437
2025-08-22 13:45:00,23700,CE,793.61,805.6,791.71,796.97,641,33704,0.1409
2025-08-22 13:45:00,23700,PE,420.61,420.12,411.41,419.41,693,37384,0.1428
2025-08-22 13:45:00,23750,CE,750.76,781.78,762.22,764.85,489,32776,0.143
2025-08-22 13:45:00,23750,PE,367.25,373.68,364.78,367.69,603,33038,0.1389
2025-08-22 13:45:00,23800,CE,731.17,747.16,728.79,732.51,284,37425,0.1432
2025-08-22 13:45:00,23800,PE,411.27,410.43,404.2,405.55,68,37435,0.1422
2025-08-22 13:45:00,23850,CE,673.75,682.08,663.52,670.88,719,44514,0.1433
2025-08-22 13:45:00,23850,PE,378.33,385.04,383.01,384.0,339,41752,0.1421
2025-08-22 13:45:00,23900,CE,613.67,612.53,610.86,611.56,655,45050,0.1428
2025-08-22 13:45:00,23900,PE,371.01,371.12,360.98,370.6,289,48889,0.1379
2025-08-22 13:45:00,23950,CE,588.49,592.75,585.96,588.25,249,44402,0.1415
2025-08-22 13:45:00,23950,PE,411.52,417.66,409.46,415.07,917,49664,0.1445
2025-08-22 13:45:00,24000,CE,524.33,527.98,526.58,527.79,118,51963,0.143
2025-08-22 13:45:00,24000,PE,399.02,405.2,395.58,397.77,586,51787,0.1422
2025-08-22 13:45:00,24050,CE,464.29,470.62,464.99,467.58,1274,61748,0.1437
2025-08-22 13:45:00,24050,PE,401.47,410.04,400.74,402.33,472,59723,0.1462
2025-08-22 13:45:00,24100,CE,423.91,428.0,421.83,425.9,1449,67373,0.1441
2025-08-22 13:45:00,24100,PE,399.35,400.05,398.52,398.88,977,58297,0.1429
2025-08-22 13:45:00,24150,CE,398.85,398.34,388.6,396.93,1498,77584,0.1417
2025-08-22 13:45:00,24150,PE,410.13,419.65,411.34,414.38,853,72855,0.1423
2025-08-22 13:45:00,24200,CE,408.79,417.28,410.04,410.63,945,81974,0.1395
2025-08-22 13:45:00,24200,PE,496.9,499.25,497.12,498.66,1347,84351,0.1411
2025-08-22 13:45:00,24250,CE,406.18,414.01,404.19,404.51,54,76095,0.1424
2025-08-22 13:45:00,24250,PE,521.46,522.78,519.51,520.47,258,80660,0.1415
2025-08-22 13:45:00,24300,CE,401.55,402.22,399.93,401.93,495,70620,0.1408
2025-08-22 13:45:00,24300,PE,577.73,578.26,572.86,575.06,1049,68397,0.1448
2025-08-22 13:45:00,24350,CE,376.07,378.93,373.23,375.28,169,62671,0.1399
2025-08-22 13:45:00,24350,PE,619.72,629.32,615.33,618.67,381,62897,0.1426
2025-08-22 13:45:00,24400,CE,392.98,407.74,399.6,399.65,550,51876,0.1418
2025-08-22 13:45:00,24400,PE,648.19,662.25,642.09,646.76,42,51882,0.1395
2025-08-22 13:45:00,24450,CE,394.58,398.81,395.0,395.43,186,48990,0.1444
2025-08-22 13:45:00,24450,PE,718.81,724.86,717.82,722.1,649,52729,0.1401
2025-08-22 13:45:00,24500,CE,417.76,425.4,414.24,423.53,36,39922,0.1468
2025-08-22 13:45:00,24500,PE,760.29,776.31,763.94,764.85,569,51445,0.1422
2025-08-22 13:45:00,24550,CE,387.04,396.45,386.4,391.28,125,44718,0.1408
2025-08-22 13:45:00,24550,PE,796.22,814.2,785.01,791.66,280,44556,0.1412
2025-08-22 13:45:00,24600,CE,383.09,386.0,372.75,379.02,143,47909,0.1402
2025-08-22 13:45:00,24600,PE,882.03,875.3,866.93,870.9,196,36434,0.1434
2025-08-22 13:45:00,24650,CE,380.51,386.98,381.55,383.16,242,38979,0.1433
2025-08-22 13:45:00,24650,PE,961.66,943.8,926.63,939.96,319,40188,0.141
2025-08-22 13:45:00,24700,CE,400.96,402.26,394.52,402.22,66,32771,0.1441
2025-08-22 13:45:00,24700,PE,981.95,986.71,962.43,966.26,121,34743,0.1405
2025-08-22 13:45:00,24750,CE,366.61,371.14,364.9,365.24,84,31235,0.1391
2025-08-22 13:45:00,24750,PE,1017.07,1030.88,1019.42,1021.74,121,38856,0.1419
2025-08-22 13:45:00,24800,CE,412.91,412.86,410.51,411.79,198,32483,0.1466
2025-08-22 13:45:00,24800,PE,1037.35,1038.55,1025.04,1035.13,215,31568,0.1414
2025-08-22 13:45:00,24850,CE,385.11,391.0,386.02,386.27,175,26694,0.1418
2025-08-22 13:45:00,24850,PE,1110.95,1117.65,1102.54,1110.33,206,30241,0.1411
2025-08-22 13:45:00,24900,CE,385.48,386.24,380.65,383.88,278,25197,0.1408
2025-08-22 13:45:00,24900,PE,1188.61,1218.74,1180.56,1191.49,358,28332,0.1425
2025-08-22 13:50:00,23500,CE,1006.26,1002.15,994.76,995.53,530,36058,0.1391
2025-08-22 13:50:00,23500,PE,396.55,397.59,392.99,396.64,127,30254,0.142
2025-08-22 13:50:00,23550,CE,966.6,966.59,965.84,965.85,460,31521,0.1422
2025-08-22 13:50:00,23550,PE,393.13,392.83,384.21,389.17,127,29004,0.1448
2025-08-22 13:50:00,23600,CE,960.47,955.41,933.37,949.38,557,27423,0.1431
2025-08-22 13:50:00,23600,PE,384.9,392.45,388.78,389.07,324,31399,0.1458
2025-08-22 13:50:00,23650,CE,892.66,893.94,887.29,892.25,449,32551,0.1452
2025-08-22 13:50:00,23650,PE,367.02,369.0,365.53,367.57,271,35467,0.1389
2025-08-22 13:50:00,23700,CE,787.43,824.45,791.4,799.12,640,34030,0.1414
2025-08-22 13:50:00,23700,PE,404.31,404.26,400.96,403.69,28,37284,0.1414
2025-08-22 13:50:00,23750,CE,770.13,776.3,773.65,774.75,51,32537,0.1447
2025-08-22 13:50:00,23750,PE,417.86,425.15,416.19,417.81,672,32903,0.1434
2025-08-22 13:50:00,23800,CE,722.93,732.19,723.1,727.61,153,37690,0.1462
2025-08-22 13:50:00,23800,PE,425.58,430.47,420.42,426.28,641,37621,0.1415
2025-08-22 13:50:00,23850,CE,653.57,653.6,643.95,653.45,745,44756,0.1445
2025-08-22 13:50:00,23850,PE,418.63,418.36,416.99,418.34,588,42218,0.144
2025-08-22 13:50:00,23900,CE,609.81,606.08,601.64,602.88,338,44997,0.1413
2025-08-22 13:50:00,23900,PE,395.66,404.64,397.76,400.4,576,49092,0.145
2025-08-22 13:50:00,23950,CE,549.51,562.55,542.92,546.51,545,44331,0.1438
2025-08-22 13:50:00,23950,PE,398.03,403.69,396.54,396.89,201,49829,0.1402
2025-08-22 13:50:00,24000,CE,534.18,537.95,523.59,525.02,174,51932,0.1437
2025-08-22 13:50:00,24000,PE,371.03,381.57,376.34,378.08,530,52118,0.1431
2025-08-22 13:50:00,24050,CE,457.05,461.52,459.19,459.71,703,61154,0.1425
2025-08-22 13:50:00,24050,PE,406.88,408.55,404.11,405.73,745,59381,0.144
2025-08-22 13:50:00,24100,CE,402.3,407.63,404.57,406.71,662,67128,0.1404
2025-08-22 13:50:00,24100,PE,414.53,418.15,411.3,414.65,305,58831,0.1411
2025-08-22 13:50:00,24150,CE,377.2,385.06,372.29,379.32,426,77592,0.1426
2025-08-22 13:50:00,24150,PE,419.25,418.28,413.58,417.99,1335,72692,0.1449
2025-08-22 13:50:00,24200,CE,395.26,402.56,391.38,395.81,1299,81859,0.1418
2025-08-22 13:50:00,24200,PE,507.09,513.04,505.08,505.75,1311,84293,0.1444
2025-08-22 13:50:00,24250,CE,434.77,435.28,432.71,433.03,37,76536,0.1416
2025-08-22 13:50:00,24250,PE,564.8,565.5,561.44,565.34,1053,81214,0.1427
2025-08-22 13:50:00,24300,CE,384.66,392.56,387.77,388.25,150,71032,0.1388
2025-08-22 13:50:00,24300,PE,565.61,576.07,564.57,570.34,381,68806,0.1453
2025-08-22 13:50:00,24350,CE,409.97,410.57,405.39,407.46,943,62309,0.1422
2025-08-22 13:50:00,24350,PE,594.39,617.0,601.44,605.09,373,62619,0.1415
2025-08-22 13:50:00,24400,CE,398.47,408.31,400.31,404.45,281,51991,0.1413
2025-08-22 13:50:00,24400,PE,691.47,700.7,684.42,690.66,376,52069,0.1427
2025-08-22 13:50:00,24450,CE,388.18,386.07,381.68,384.85,555,48633,0.1403
2025-08-22 13:50:00,24450,PE,720.46,716.81,700.57,713.82,48,53024,0.1441
2025-08-22 13:50:00,24500,CE,411.24,424.66,415.4,415.75,147,39561,0.1424
2025-08-22 13:50:00,24500,PE,795.09,810.61,798.27,800.15,459,51160,0.1438
2025-08-22 13:50:00,24550,CE,391.92,398.76,390.24,391.37,142,44486,0.1387
2025-08-22 13:50:00,24550,PE,838.86,838.97,827.15,832.98,373,44971,0.1394
2025-08-22 13:50:00,24600,CE,380.37,392.94,386.12,387.16,649,48187,0.1396
2025-08-22 13:50:00,24600,PE,883.36,914.96,887.84,889.78,591,36470,0.1431
2025-08-22 13:50:00,24650,CE,416.03,425.49,411.0,418.38,257,39362,0.144
2025-08-22 13:50:00,24650,PE,941.16,959.34,939.74,949.4,193,40563,0.1402
2025-08-22 13:50:00,24700,CE,372.51,377.18,371.44,371.85,579,32638,0.1422
2025-08-22 13:50:00,24700,PE,984.24,977.41,971.99,972.03,371,35080,0.1427
2025-08-22 13:50:00,24750,CE,363.1,368.63,364.59,365.7,431,30882,0.1411
2025-08-22 13:50:00,24750,PE,1029.91,1036.65,1021.25,1031.56,528,38859,0.1413
2025-08-22 13:50:00,24800,CE,392.21,397.21,395.47,396.12,29,32024,0.1437
2025-08-22 13:50:00,24800,PE,1080.13,1083.14,1060.64,1072.56,380,31480,0.1417
2025-08-22 13:50:00,24850,CE,372.32,381.81,373.87,374.44,60,26718,0.1404
2025-08-22 13:50:00,24850,PE,1157.02,1161.68,1150.89,1154.38,299,29736,0.1396
2025-08-22 13:50:00,24900,CE,409.13,406.38,399.86,403.14,169,25152,0.1451
2025-08-22 13:50:00,24900,PE,1203.54,1227.99,1176.62,1199.48,369,28514,0.1418
2025-08-22 13:55:00,23500,CE,990.22,1007.42,984.3,990.06,57,36194,0.1442
2025-08-22 13:55:00,23500,PE,392.12,391.79,382.58,390.79,510,29719,0.1421
2025-08-22 13:55:00,23550,CE,971.82,976.59,967.34,970.59,590,31035,0.1423
2025-08-22 13:55:00,23550,PE,421.26,421.37,419.53,421.15,376,28825,0.144
2025-08-22 13:55:00,23600,CE,880.18,876.43,866.93,874.09,467,27834,0.142
2025-08-22 13:55:00,23600,PE,384.07,389.11,383.15,385.0,543,31842,0.1409
2025-08-22 13:55:00,23650,CE,821.48,837.63,809.04,816.46,556,32322,0.1437
2025-08-22 13:55:00,23650,PE,414.25,417.32,411.67,412.93,322,35729,0.1436
2025-08-22 13:55:00,23700,CE,788.85,797.42,775.25,791.52,132,34122,0.1425
2025-08-22 13:55:00,23700,PE,407.45,406.83,401.94,404.88,392,37864,0.1435
2025-08-22 13:55:00,23750,CE,777.74,775.71,768.09,775.6,51,32050,0.1414
2025-08-22 13:55:00,23750,PE,399.75,402.07,394.62,398.57,36,32960,0.1426
2025-08-22 13:55:00,23800,CE,721.69,737.95,712.59,721.57,476,37801,0.1451
2025-08-22 13:55:00,23800,PE,414.3,410.49,405.95,407.97,217,37390,0.1409
2025-08-22 13:55:00,23850,CE,641.17,643.18,638.26,639.89,397,44212,0.1425
2025-08-22 13:55:00,23850,PE,390.98,391.73,384.6,386.71,706,41680,0.1452
2025-08-22 13:55:00,23900,CE,633.03,630.68,621.62,628.47,692,44941,0.1382
2025-08-22 13:55:00,23900,PE,407.25,413.14,408.08,408.21,1028,49322,0.1434
2025-08-22 13:55:00,23950,CE,548.01,551.16,547.48,547.52,555,44571,0.1401
2025-08-22 13:55:00,23950,PE,391.3,396.47,394.19,395.74,151,49446,0.1459
2025-08-22 13:55:00,24000,CE,501.42,508.87,498.69,506.44,658,52361,0.1482
2025-08-22 13:55:00,24000,PE,377.27,382.03,376.18,378.09,1067,51970,0.1441
2025-08-22 13:55:00,24050,CE,461.78,468.8,462.76,465.65,440,61711,0.1452
2025-08-22 13:55:00,24050,PE,378.02,380.2,372.88,376.8,853,58922,0.14
2025-08-22 13:55:00,24100,CE,391.78,391.9,381.41,391.75,416,67531,0.1397
2025-08-22 13:55:00,24100,PE,384.03,388.09,379.71,384.49,1575,59321,0.1432
2025-08-22 13:55:00,24150,CE,407.84,410.83,405.69,410.46,36,77979,0.1435
2025-08-22 13:55:00,24150,PE,432.76,437.42,423.9,435.31,197,73062,0.1405
2025-08-22 13:55:00,24200,CE,381.3,384.42,380.7,380.89,1193,81692,0.138
2025-08-22 13:55:00,24200,PE,492.47,510.61,490.96,492.52,279,84549,0.1419
2025-08-22 13:55:00,24250,CE,369.66,364.17,359.22,362.92,99,76631,0.1405
2025-08-22 13:55:00,24250,PE,529.48,541.27,526.53,534.77,407,81123,0.1418
2025-08-22 13:55:00,24300,CE,433.25,431.94,426.06,430.55,880,71623,0.1435
2025-08-22 13:55:00,24300,PE,608.99,616.57,598.31,601.02,437,68554,0.1395
2025-08-22 13:55:00,24350,CE,423.99,426.75,420.8,423.17,804,62204,0.1434
2025-08-22 13:55:00,24350,PE,623.93,634.71,623.61,629.99,204,63102,0.1406
2025-08-22 13:55:00,24400,CE,382.07,379.61,376.48,378.2,869,51737,0.1396
2025-08-22 13:55:00,24400,PE,693.37,692.88,688.94,689.59,150,51652,0.1392
2025-08-22 13:55:00,24450,CE,345.78,350.06,349.08,349.78,487,48404,0.1368
2025-08-22 13:55:00,24450,PE,728.02,737.04,724.39,731.97,507,53335,0.1461
2025-08-22 13:55:00,24500,CE,400.02,402.23,396.96,398.38,16,39992,0.1403
2025-08-22 13:55:00,24500,PE,809.95,814.57,806.82,810.5,33,50697,0.1428
2025-08-22 13:55:00,24550,CE,381.87,386.28,383.31,384.63,506,44632,0.1364
2025-08-22 13:55:00,24550,PE,846.77,852.78,839.77,843.62,679,45051,0.1447
2025-08-22 13:55:00,24600,CE,353.97,355.19,354.18,354.24,276,48389,0.1389
2025-08-22 13:55:00,24600,PE,899.65,889.15,867.26,881.41,496,36675,0.1414
2025-08-22 13:55:00,24650,CE,365.98,371.28,362.86,366.28,231,39913,0.1442
2025-08-22 13:55:00,24650,PE,946.05,950.44,948.09,950.26,190,40378,0.1438
2025-08-22 13:55:00,24700,CE,353.26,361.9,354.34,357.64,166,32397,0.1383
2025-08-22 13:55:00,24700,PE,961.96,992.28,971.83,973.1,129,35177,0.1388
2025-08-22 13:55:00,24750,CE,410.47,412.28,408.64,410.43,398,30797,0.1449
2025-08-22 13:55:00,24750,PE,1034.29,1043.16,1022.31,1026.65,502,38827,0.1405
2025-08-22 13:55:00,24800,CE,400.21,399.81,395.24,398.95,245,31507,0.1437
2025-08-22 13:55:00,24800,PE,1098.08,1100.23,1091.66,1094.27,466,31057,0.1391
2025-08-22 13:55:00,24850,CE,399.33,398.88,393.59,397.77,87,27240,0.1412
2025-08-22 13:55:00,24850,PE,1154.26,1151.94,1145.75,1151.08,258,29217,0.1439
2025-08-22 13:55:00,24900,CE,373.95,374.83,370.53,372.3,210,25260,0.1411
2025-08-22 13:55:00,24900,PE,1167.08,1178.24,1172.33,1175.72,12,28819,0.1417
2025-08-22 14:00:00,23500,CE,1029.5,1039.37,1013.39,1028.78,373,35608,0.1456
2025-08-22 14:00:00,23500,PE,390.86,392.29,387.73,391.58,346,29386,0.1437
2025-08-22 14:00:00,23550,CE,977.34,983.97,964.01,975.8,433,30887,0.1448
2025-08-22 14:00:00,23550,PE,384.82,388.18,381.0,382.47,126,28833,0.1416
2025-08-22 14:00:00,23600,CE,920.82,927.3,908.52,920.26,281,27643,0.1426
2025-08-22 14:00:00,23600,PE,411.62,408.13,404.11,405.6,548,32020,0.1426
2025-08-22 14:00:00,23650,CE,860.55,869.37,854.87,859.78,329,31993,0.1404
2025-08-22 14:00:00,23650,PE,392.15,396.27,387.04,389.71,382,35159,0.1415
2025-08-22 14:00:00,23700,CE,822.61,824.24,805.96,820.7,631,33523,0.1441
2025-08-22 14:00:00,23700,PE,380.07,383.31,374.37,378.87,500,37678,0.1402
2025-08-22 14:00:00,23750,CE,794.33,790.58,783.57,784.8,554,31883,0.1394
2025-08-22 14:00:00,23750,PE,421.6,430.98,416.19,418.95,32,33498,0.142
2025-08-22 14:00:00,23800,CE,707.16,716.38,711.44,712.51,638,37254,0.1458
2025-08-22 14:00:00,23800,PE,423.37,428.11,421.54,422.45,40,37426,0.142
2025-08-22 14:00:00,23850,CE,663.4,663.32,660.06,661.79,866,44305,0.1434
2025-08-22 14:00:00,23850,PE,410.04,413.3,407.96,411.92,24,41919,0.1401
2025-08-22 14:00:00,23900,CE,593.4,606.67,598.81,601.19,435,45107,0.14
2025-08-22 14:00:00,23900,PE,389.65,395.92,388.34,394.41,359,48731,0.1428
2025-08-22 14:00:00,23950,CE,550.39,559.23,550.96,555.12,38,44729,0.1413
2025-08-22 14:00:00,23950,PE,388.26,389.91,384.34,385.09,708,49232,0.1406
2025-08-22 14:00:00,24000,CE,531.48,541.13,524.89,525.28,120,52688,0.1418
2025-08-22 14:00:00,24000,PE,405.37,402.52,395.37,401.03,205,51596,0.1426
2025-08-22 14:00:00,24050,CE,485.97,494.56,478.39,485.87,654,61970,0.1403
2025-08-22 14:00:00,24050,PE,354.44,359.43,353.98,356.28,1412,59072,0.1434
2025-08-22 14:00:00,24100,CE,435.99,429.89,427.21,427.55,1589,67713,0.1444
2025-08-22 14:00:00,24100,PE,400.31,404.83,400.92,403.45,1406,58932,0.1443
2025-08-22 14:00:00,24150,CE,405.16,411.53,404.45,406.8,118,78182,0.1399
2025-08-22 14:00:00,24150,PE,413.09,423.95,402.97,414.3,1608,73346,0.1408
2025-08-22 14:00:00,24200,CE,412.06,411.26,408.04,410.45,500,81679,0.1413
2025-08-22 14:00:00,24200,PE,470.92,475.34,466.71,474.03,179,84357,0.1438
2025-08-22 14:00:00,24250,CE,390.03,396.04,380.59,387.48,852,76230,0.1411
2025-08-22 14:00:00,24250,PE,559.4,554.83,541.59,552.28,607,80870,0.1422
2025-08-22 14:00:00,24300,CE,361.04,366.02,363.98,364.1,550,71939,0.1417
2025-08-22 14:00:00,24300,PE,575.54,578.57,564.1,569.36,977,68445,0.1391
2025-08-22 14:00:00,24350,CE,377.9,381.01,375.32,376.63,824,62447,0.1415
2025-08-22 14:00:00,24350,PE,637.53,642.74,636.47,639.97,916,63390,0.1435
2025-08-22 14:00:00,24400,CE,410.5,417.41,411.64,412.69,504,51946,0.1399
2025-08-22 14:00:00,24400,PE,668.95,673.14,667.11,671.16,297,51860,0.1467
2025-08-22 14:00:00,24450,CE,357.42,361.15,357.21,359.33,591,48536,0.1406
2025-08-22 14:00:00,24450,PE,738.84,743.97,739.77,742.36,97,53357,0.1473
2025-08-22 14:00:00,24500,CE,378.9,382.74,378.13,380.05,547,39629,0.1401
2025-08-22 14:00:00,24500,PE,733.17,762.59,751.41,756.26,605,51108,0.1433
2025-08-22 14:00:00,24550,CE,374.16,380.65,375.91,378.4,388,45189,0.1411
2025-08-22 14:00:00,24550,PE,797.78,804.58,796.25,801.2,611,45010,0.1415
2025-08-22 14:00:00,24600,CE,403.02,401.01,399.3,400.72,588,48908,0.1416
2025-08-22 14:00:00,24600,PE,857.14,873.41,849.73,855.6,81,37272,0.1417
2025-08-22 14:00:00,24650,CE,411.0,411.75,405.79,406.2,13,39896,0.1392
2025-08-22 14:00:00,24650,PE,906.67,933.94,901.12,904.43,584,40647,0.1416
2025-08-22 14:00:00,24700,CE,402.32,404.99,399.34,402.19,163,32569,0.1431
2025-08-22 14:00:00,24700,PE,929.27,941.88,928.09,930.52,133,34861,0.1439
2025-08-22 14:00:00,24750,CE,397.32,399.37,392.34,398.2,505,30253,0.1433
2025-08-22 14:00:00,24750,PE,1022.62,1023.5,1017.61,1019.11,532,38771,0.1429
2025-08-22 14:00:00,24800,CE,404.73,419.8,412.19,412.55,41,31851,0.1449
2025-08-22 14:00:00,24800,PE,1059.51,1058.15,1054.22,1057.28,33,30847,0.141
2025-08-22 14:00:00,24850,CE,391.86,398.41,396.37,396.5,126,27581,0.1405
2025-08-22 14:00:00,24850,PE,1140.05,1140.13,1118.76,1137.3,202,29402,0.1436
2025-08-22 14:00:00,24900,CE,385.74,385.68,380.24,385.29,41,25494,0.1408
2025-08-22 14:00:00,24900,PE,1169.09,1163.95,1163.47,1163.48,339,28561,0.1416
2025-08-22 14:05:00,23500,CE,1005.52,1011.48,1004.9,1005.69,490,35572,0.1416
2025-08-22 14:05:00,23500,PE,387.03,383.56,380.77,383.13,373,29004,0.1426
2025-08-22 14:05:00,23550,CE,975.1,977.97,965.04,975.96,549,30582,0.1446
2025-08-22 14:05:00,23550,PE,406.63,416.1,401.1,403.51,371,28340,0.1444
2025-08-22 14:05:00,23600,CE,898.54,918.84,899.84,901.02,37,27195,0.1419
2025-08-22 14:05:00,23600,PE,445.66,448.21,444.7,445.41,589,31672,0.1435
2025-08-22 14:05:00,23650,CE,893.0,899.18,886.76,889.19,587,32089,0.1459
2025-08-22 14:05:00,23650,PE,401.53,403.53,398.13,399.96,68,35088,0.142
2025-08-22 14:05:00,23700,CE,820.71,823.14,810.93,819.22,348,33243,0.1411
2025-08-22 14:05:00,23700,PE,386.08,384.96,378.11,381.94,435,38111,0.1441
2025-08-22 14:05:00,23750,CE,747.19,761.36,748.85,753.01,681,31913,0.1436
2025-08-22 14:05:00,23750,PE,422.59,424.63,420.61,422.02,688,34005,0.1439
2025-08-22 14:05:00,23800,CE,717.51,718.75,705.78,714.96,85,37415,0.1413
2025-08-22 14:05:00,23800,PE,367.98,374.07,368.1,370.92,647,36844,0.1397
2025-08-22 14:05:00,23850,CE,654.8,661.99,658.96,660.0,554,44801,0.1419
2025-08-22 14:05:00,23850,PE,384.65,391.24,385.49,385.72,254,42347,0.139
2025-08-22 14:05:00,23900,CE,644.02,657.31,641.26,642.87,934,45269,0.1459
2025-08-22 14:05:00,23900,PE,384.15,388.02,387.13,387.91,635,48772,0.1403
2025-08-22 14:05:00,23950,CE,582.86,589.75,578.64,583.24,464,44672,0.1453
2025-08-22 14:05:00,23950,PE,405.97,410.02,398.44,402.3,588,49210,0.1444
2025-08-22 14:05:00,24000,CE,502.35,514.05,500.25,504.91,1035,53011,0.1444
2025-08-22 14:05:00,24000,PE,363.68,366.08,362.09,362.78,447,51611,0.1422
2025-08-22 14:05:00,24050,CE,478.52,478.1,470.78,472.16,325,61581,0.1421
2025-08-22 14:05:00,24050,PE,396.96,405.03,399.88,401.17,540,58541,0.1432
2025-08-22 14:05:00,24100,CE,415.24,414.27,408.14,411.31,1426,67264,0.1394
2025-08-22 14:05:00,24100,PE,395.59,398.45,392.5,393.61,561,58633,0.1412
2025-08-22 14:05:00,24150,CE,394.49,393.65,386.08,390.37,360,78023,0.1434
2025-08-22 14:05:00,24150,PE,410.92,419.82,414.09,415.13,1185,73816,0.1435
2025-08-22 14:05:00,24200,CE,387.92,396.46,388.12,390.94,284,81365,0.141
2025-08-22 14:05:00,24200,PE,462.5,475.1,468.56,470.98,672,84140,0.1413
2025-08-22 14:05:00,24250,CE,399.82,402.33,395.04,397.83,990,75897,0.1415
2025-08-22 14:05:00,24250,PE,521.88,529.25,524.31,526.5,508,80924,0.1436
2025-08-22 14:05:00,24300,CE,385.22,388.98,383.44,385.51,430,72079,0.14
2025-08-22 14:05:00,24300,PE,535.14,534.84,532.97,534.18,881,68483,0.142
2025-08-22 14:05:00,24350,CE,382.89,386.12,380.48,384.17,460,62989,0.1409
2025-08-22 14:05:00,24350,PE,644.9,650.22,644.39,647.37,971,63984,0.1444
2025-08-22 14:05:00,24400,CE,390.52,391.55,385.59,387.84,29,52350,0.1418
2025-08-22 14:05:00,24400,PE,639.77,658.97,640.8,643.93,810,52226,0.1403
2025-08-22 14:05:00,24450,CE,410.08,412.12,401.02,408.24,622,48375,0.1404
2025-08-22 14:05:00,24450,PE,735.23,746.44,738.85,739.99,603,53452,0.1448
2025-08-22 14:05:00,24500,CE,394.06,389.15,388.15,388.86,636,39450,0.1401
2025-08-22 14:05:00,24500,PE,791.35,813.34,787.04,790.41,569,51449,0.1421
2025-08-22 14:05:00,24550,CE,407.86,405.45,395.47,403.99,592,44795,0.1437
2025-08-22 14:05:00,24550,PE,839.06,851.4,825.08,834.05,613,44670,0.1378
2025-08-22 14:05:00,24600,CE,416.67,423.43,419.76,420.27,620,48354,0.1451
2025-08-22 14:05:00,24600,PE,873.33,887.99,879.02,879.36,156,37402,0.1393
2025-08-22 14:05:00,24650,CE,385.09,388.68,377.41,385.17,341,40122,0.1397
2025-08-22 14:05:00,24650,PE,950.72,945.29,941.38,944.51,256,40051,0.1426
2025-08-22 14:05:00,24700,CE,398.81,406.83,403.56,404.3,364,32581,0.1442
2025-08-22 14:05:00,24700,PE,969.77,1011.95,981.85,990.09,302,34713,0.1425
2025-08-22 14:05:00,24750,CE,433.51,433.71,427.03,428.58,492,30603,0.1447
2025-08-22 14:05:00,24750,PE,1021.93,1025.45,991.45,1015.53,107,38217,0.142
2025-08-22 14:05:00,24800,CE,419.84,418.39,413.34,417.9,102,31309,0.1413
2025-08-22 14:05:00,24800,PE,1094.58,1088.07,1072.71,1080.5,373,30991,0.1412
2025-08-22 14:05:00,24850,CE,415.16,426.35,412.75,416.03,234,27690,0.1463
2025-08-22 14:05:00,24850,PE,1115.1,1132.21,1117.62,1125.78,403,29799,0.1385
2025-08-22 14:05:00,24900,CE,411.34,416.97,410.27,412.73,210,25604,0.1446
2025-08-22 14:05:00,24900,PE,1180.83,1221.83,1181.26,1182.41,276,29100,0.1429
2025-08-22 14:10:00,23500,CE,993.84,991.49,985.55,988.69,429,35349,0.1412
2025-08-22 14:10:00,23500,PE,396.47,401.36,397.99,399.66,498,28881,0.1424
2025-08-22 14:10:00,23550,CE,988.3,976.26,961.21,973.6,452,31155,0.147
2025-08-22 14:10:00,23550,PE,407.73,402.37,398.45,400.56,482,27869,0.1455
2025-08-22 14:10:00,23600,CE,932.25,934.41,911.84,922.26,138,27550,0.1434
2025-08-22 14:10:00,23600,PE,410.29,413.62,404.8,407.93,87,31085,0.1433
2025-08-22 14:10:00,23650,CE,861.64,870.52,861.0,868.16,182,32072,0.1438
2025-08-22 14:10:00,23650,PE,393.52,394.98,391.65,394.22,96,34672,0.1405
2025-08-22 14:10:00,23700,CE,808.08,831.9,814.9,817.59,252,33361,0.141
2025-08-22 14:10:00,23700,PE,368.02,369.49,362.61,369.29,398,38468,0.1431
2025-08-22 14:10:00,23750,CE,753.67,771.87,759.01,760.51,764,31352,0.1435
2025-08-22 14:10:00,23750,PE,416.25,421.56,412.04,414.69,540,33601,0.1443
2025-08-22 14:10:00,23800,CE,732.32,720.85,714.26,719.48,313,37226,0.1405
2025-08-22 14:10:00,23800,PE,402.24,410.25,408.32,409.86,596,36550,0.1449
2025-08-22 14:10:00,23850,CE,655.26,656.84,651.06,654.1,827,44660,0.1425
2025-08-22 14:10:00,23850,PE,410.03,413.54,404.73,407.78,755,42889,0.1449
2025-08-22 14:10:00,23900,CE,610.47,602.4,597.28,602.18,527,44790,0.1439
2025-08-22 14:10:00,23900,PE,400.59,398.09,395.68,396.19,718,48679,0.1428
2025-08-22 14:10:00,23950,CE,576.93,581.38,562.64,570.83,395,44620,0.1427
2025-08-22 14:10:00,23950,PE,389.59,400.96,384.44,394.91,352,48946,0.1418
2025-08-22 14:10:00,24000,CE,500.65,509.51,501.11,502.71,1263,52745,0.1413
2025-08-22 14:10:00,24000,PE,403.7,406.98,401.69,405.92,596,51868,0.1395
2025-08-22 14:10:00,24050,CE,463.37,460.93,450.53,454.75,342,61722,0.1415
2025-08-22 14:10:00,24050,PE,390.49,395.27,392.77,393.34,1313,58916,0.143
2025-08-22 14:10:00,24100,CE,387.12,393.81,392.49,392.88,76,67150,0.1385
2025-08-22 14:10:00,24100,PE,449.5,454.15,451.44,451.54,28,58761,0.1473
2025-08-22 14:10:00,24150,CE,396.45,405.67,395.89,399.17,535,78495,0.1434
2025-08-22 14:10:00,24150,PE,443.94,449.59,441.11,445.57,300,74237,0.1409
2025-08-22 14:10:00,24200,CE,396.72,396.63,393.05,396.26,484,81869,0.1419
2025-08-22 14:10:00,24200,PE,470.61,473.45,472.3,472.42,292,83862,0.1424
2025-08-22 14:10:00,24250,CE,415.96,420.75,410.34,411.24,436,76479,0.1399
2025-08-22 14:10:00,24250,PE,515.13,515.18,511.61,513.18,891,81303,0.1427
2025-08-22 14:10:00,24300,CE,402.43,400.13,395.03,398.12,603,72432,0.1453
2025-08-22 14:10:00,24300,PE,569.5,579.55,567.33,571.26,681,68684,0.1441
2025-08-22 14:10:00,24350,CE,409.28,412.7,404.7,410.73,816,63568,0.1402
2025-08-22 14:10:00,24350,PE,638.22,634.91,627.05,628.71,566,63913,0.1407
2025-08-22 14:10:00,24400,CE,394.4,403.47,393.59,395.71,584,52639,0.1425
2025-08-22 14:10:00,24400,PE,681.43,690.36,687.39,688.52,874,52464,0.1426
2025-08-22 14:10:00,24450,CE,402.14,405.03,399.04,402.27,777,48653,0.1414
2025-08-22 14:10:00,24450,PE,710.48,721.94,707.36,709.97,775,53753,0.1411
2025-08-22 14:10:00,24500,CE,393.3,402.08,391.22,394.32,667,39078,0.1427
2025-08-22 14:10:00,24500,PE,761.55,780.69,748.04,757.92,747,51267,0.1429
2025-08-22 14:10:00,24550,CE,387.11,390.82,387.68,388.69,560,44665,0.1403
2025-08-22 14:10:00,24550,PE,835.07,854.26,830.59,834.57,326,44967,0.1397
2025-08-22 14:10:00,24600,CE,387.15,385.54,382.16,383.51,358,48613,0.1416
2025-08-22 14:10:00,24600,PE,897.19,895.28,892.69,893.11,61,37802,0.1445
2025-08-22 14:10:00,24650,CE,396.23,402.89,395.26,398.43,256,40468,0.1421
2025-08-22 14:10:00,24650,PE,941.56,961.09,926.62,929.87,182,40166,0.1425
2025-08-22 14:10:00,24700,CE,410.14,412.34,408.79,412.12,344,32148,0.1449
2025-08-22 14:10:00,24700,PE,994.78,1000.46,990.32,992.17,279,34875,0.1436
2025-08-22 14:10:00,24750,CE,393.4,393.62,384.79,393.34,458,31067,0.142
2025-08-22 14:10:00,24750,PE,1039.15,1034.69,1025.93,1032.89,215,38388,0.1398
2025-08-22 14:10:00,24800,CE,375.59,374.73,367.25,374.12,97,31783,0.1453
2025-08-22 14:10:00,24800,PE,1090.67,1078.51,1064.6,1074.78,451,31589,0.1416
2025-08-22 14:10:00,24850,CE,392.85,397.32,393.37,396.66,243,27521,0.1414
2025-08-22 14:10:00,24850,PE,1126.81,1136.71,1120.29,1129.23,375,30066,0.1435
2025-08-22 14:10:00,24900,CE,408.74,412.19,409.47,410.33,105,25651,0.1431
2025-08-22 14:10:00,24900,PE,1193.33,1205.11,1185.59,1190.31,305,29045,0.1418
2025-08-22 14:15:00,23500,CE,1011.4,1028.35,1015.11,1019.19,207,35036,0.1397
2025-08-22 14:15:00,23500,PE,421.67,426.04,417.34,421.72,229,28576,0.1445
2025-08-22 14:15:00,23550,CE,1019.31,1040.64,1010.47,1031.59,179,30776,0.1453
2025-08-22 14:15:00,23550,PE,399.5,396.43,395.16,395.93,222,28026,0.1391
2025-08-22 14:15:00,23600,CE,958.08,971.18,949.23,961.99,237,27120,0.1459
2025-08-22 14:15:00,23600,PE,400.61,403.84,397.68,398.12,491,31002,0.1454
2025-08-22 14:15:00,23650,CE,895.76,903.42,894.11,895.97,384,32099,0.1408
2025-08-22 14:15:00,23650,PE,417.34,429.1,416.41,419.47,335,34597,0.145
2025-08-22 14:15:00,23700,CE,839.5,846.46,824.39,834.64,529,33786,0.1439
2025-08-22 14:15:00,23700,PE,400.05,410.59,402.2,403.83,630,38399,0.1384
2025-08-22 14:15:00,23750,CE,777.61,781.53,769.28,780.14,263,30851,0.1407
2025-08-22 14:15:00,23750,PE,400.3,417.8,405.24,406.99,338,34191,0.1427
2025-08-22 14:15:00,23800,CE,723.12,735.04,722.69,729.08,220,37639,0.1415
2025-08-22 14:15:00,23800,PE,411.58,415.12,408.27,411.13,615,36742,0.1431
2025-08-22 14:15:00,23850,CE,684.61,703.43,688.4,689.27,504,44967,0.1419
2025-08-22 14:15:00,23850,PE,392.88,393.95,388.27,392.48,99,42442,0.1425
2025-08-22 14:15:00,23900,CE,621.19,639.17,621.76,627.48,201,45109,0.1444
2025-08-22 14:15:00,23900,PE,378.99,398.24,386.25,390.21,426,48328,0.1419
2025-08-22 14:15:00,23950,CE,572.02,581.59,566.88,570.54,64,44606,0.1397
2025-08-22 14:15:00,23950,PE,379.72,381.61,374.29,381.27,436,48559,0.1467
2025-08-22 14:15:00,24000,CE,550.18,550.5,540.35,546.54,47,53049,0.1407
2025-08-22 14:15:00,24000,PE,415.08,414.42,412.66,413.15,937,51563,0.142
2025-08-22 14:15:00,24050,CE,504.76,510.59,508.8,510.13,682,61425,0.1416
2025-08-22 14:15:00,24050,PE,393.96,401.82,392.28,397.33,569,58447,0.141
2025-08-22 14:15:00,24100,CE,413.76,416.94,409.01,414.28,1490,67414,0.1407
2025-08-22 14:15:00,24100,PE,404.19,403.23,396.38,400.79,1420,58516,0.1424
2025-08-22 14:15:00,24150,CE,385.13,405.73,390.47,390.48,1518,78516,0.1426
2025-08-22 14:15:00,24150,PE,386.9,385.0,381.17,382.68,366,74035,0.1436
2025-08-22 14:15:00,24200,CE,389.26,388.26,384.89,387.91,1204,82198,0.1402
2025-08-22 14:15:00,24200,PE,480.67,482.4,474.68,481.01,1071,83533,0.1433
2025-08-22 14:15:00,24250,CE,391.74,398.22,391.04,395.16,841,77008,0.144
2025-08-22 14:15:00,24250,PE,517.79,530.27,515.35,516.58,83,81088,0.1441
2025-08-22 14:15:00,24300,CE,409.99,419.38,402.63,407.81,109,71956,0.1419
2025-08-22 14:15:00,24300,PE,524.43,530.81,524.61,526.47,1138,68372,0.1422
2025-08-22 14:15:00,24350,CE,423.81,435.74,422.96,423.42,197,63056,0.144
2025-08-22 14:15:00,24350,PE,617.3,622.5,614.77,619.51,1005,63875,0.1392
2025-08-22 14:15:00,24400,CE,387.46,385.22,383.2,384.67,738,52339,0.1406
2025-08-22 14:15:00,24400,PE,676.34,700.12,681.88,682.83,600,52927,0.1475
2025-08-22 14:15:00,24450,CE,396.68,396.36,391.35,395.03,574,48673,0.1413
2025-08-22 14:15:00,24450,PE,695.31,711.11,701.11,702.87,189,53433,0.1381
2025-08-22 14:15:00,24500,CE,422.39,424.18,418.59,420.93,472,39019,0.1425
2025-08-22 14:15:00,24500,PE,744.72,747.77,731.79,737.16,48,50902,0.1425
2025-08-22 14:15:00,24550,CE,429.55,441.38,424.98,430.89,320,44279,0.1431
2025-08-22 14:15:00,24550,PE,790.77,798.99,788.01,793.73,407,44727,0.141
2025-08-22 14:15:00,24600,CE,448.41,447.23,441.8,443.37,205,48142,0.1426
2025-08-22 14:15:00,24600,PE,844.83,879.73,842.36,852.95,346,37428,0.1389
2025-08-22 14:15:00,24650,CE,379.01,373.9,368.23,372.93,403,40993,0.1402
2025-08-22 14:15:00,24650,PE,918.53,927.7,912.36,913.35,579,40366,0.1399
2025-08-22 14:15:00,24700,CE,406.27,411.31,400.1,407.41,483,32653,0.1429
2025-08-22 14:15:00,24700,PE,950.1,960.82,936.7,948.96,409,34583,0.1404
2025-08-22 14:15:00,24750,CE,383.31,388.61,384.32,384.75,286,31495,0.1396
2025-08-22 14:15:00,24750,PE,1001.37,1027.28,985.69,998.93,379,38222,0.1437
2025-08-22 14:15:00,24800,CE,401.69,404.84,403.84,404.59,97,31356,0.1387
2025-08-22 14:15:00,24800,PE,1066.42,1081.69,1073.91,1074.07,206,31954,0.1441
2025-08-22 14:15:00,24850,CE,381.9,383.4,382.03,382.04,283,26992,0.1399
2025-08-22 14:15:00,24850,PE,1120.7,1130.18,1105.24,1114.4,465,29951,0.1401
2025-08-22 14:15:00,24900,CE,371.06,374.81,361.83,367.7,192,26034,0.1368
2025-08-22 14:15:00,24900,PE,1177.81,1174.04,1163.12,1166.89,186,29185,0.1452
2025-08-22 14:20:00,23500,CE,1046.7,1052.7,1043.35,1045.06,495,35057,0.1432
2025-08-22 14:20:00,23500,PE,460.87,475.14,463.73,464.36,333,28400,0.1441
2025-08-22 14:20:00,23550,CE,1008.3,1023.7,1003.31,1009.01,506,30266,0.1381
2025-08-22 14:20:00,23550,PE,412.58,419.2,405.56,410.37,163,28615,0.1431
2025-08-22 14:20:00,23600,CE,944.36,954.88,944.02,944.97,296,26729,0.1431
2025-08-22 14:20:00,23600,PE,399.1,397.13,392.37,393.78,254,30708,0.1432
2025-08-22 14:20:00,23650,CE,880.89,895.71,884.19,892.13,341,31782,0.143
2025-08-22 14:20:00,23650,PE,413.12,412.14,409.44,411.98,262,35086,0.1451
2025-08-22 14:20:00,23700,CE,819.32,822.88,813.32,815.32,66,34102,0.1408
2025-08-22 14:20:00,23700,PE,381.77,383.07,379.74,379.81,63,38347,0.1421
2025-08-22 14:20:00,23750,CE,778.48,784.48,778.5,783.96,495,31397,0.1441
2025-08-22 14:20:00,23750,PE,398.94,406.47,398.65,401.15,192,33654,0.1461
2025-08-22 14:20:00,23800,CE,763.94,778.65,772.02,773.25,599,38111,0.1425
2025-08-22 14:20:00,23800,PE,395.64,397.32,391.63,394.63,454,36214,0.1432
2025-08-22 14:20:00,23850,CE,651.83,658.35,650.14,657.6,438,44836,0.1418
2025-08-22 14:20:00,23850,PE,417.48,419.5,415.26,416.49,396,41906,0.1412
2025-08-22 14:20:00,23900,CE,687.44,694.85,676.37,686.93,309,45707,0.1412
2025-08-22 14:20:00,23900,PE,394.37,406.29,395.1,399.77,58,48825,0.1399
2025-08-22 14:20:00,23950,CE,582.88,581.13,573.7,576.74,547,44707,0.1428
2025-08-22 14:20:00,23950,PE,380.75,384.61,378.72,381.64,973,48220,0.1428
2025-08-22 14:20:00,24000,CE,545.5,545.53,537.39,541.05,1144,52781,0.1426
2025-08-22 14:20:00,24000,PE,410.01,410.85,400.29,404.4,417,51502,0.1452
2025-08-22 14:20:00,24050,CE,531.27,536.04,523.91,531.99,799,61212,0.1456
2025-08-22 14:20:00,24050,PE,418.35,420.58,411.78,413.8,1047,57872,0.143
2025-08-22 14:20:00,24100,CE,437.65,449.53,443.04,447.67,1017,67601,0.1423
2025-08-22 14:20:00,24100,PE,401.21,404.57,398.54,400.7,821,58652,0.1444
2025-08-22 14:20:00,24150,CE,426.47,428.78,417.7,423.54,1341,79001,0.1442
2025-08-22 14:20:00,24150,PE,382.8,389.53,381.17,383.34,412,74007,0.1405
2025-08-22 14:20:00,24200,CE,371.44,377.93,375.71,376.07,874,82011,0.1373
2025-08-22 14:20:00,24200,PE,476.71,471.96,468.32,470.82,1496,83546,0.1425
2025-08-22 14:20:00,24250,CE,393.54,397.51,392.59,395.74,797,76641,0.142
2025-08-22 14:20:00,24250,PE,524.2,525.55,515.51,519.94,565,81238,0.1381
2025-08-22 14:20:00,24300,CE,392.34,395.23,393.32,394.91,514,72280,0.1406
2025-08-22 14:20:00,24300,PE,552.01,566.23,548.92,554.11,177,67956,0.1446
2025-08-22 14:20:00,24350,CE,416.75,419.87,413.47,415.61,368,62838,0.1421
2025-08-22 14:20:00,24350,PE,607.23,626.24,606.37,611.95,860,64316,0.145
2025-08-22 14:20:00,24400,CE,415.72,417.91,416.34,416.47,457,52345,0.1412
2025-08-22 14:20:00,24400,PE,636.88,638.65,636.19,637.24,291,52965,0.1432
2025-08-22 14:20:00,24450,CE,377.25,378.4,373.48,373.87,617,48939,0.141
2025-08-22 14:20:00,24450,PE,714.16,717.18,690.26,706.79,842,53526,0.1431
2025-08-22 14:20:00,24500,CE,409.71,414.47,405.06,407.8,280,38502,0.1439
2025-08-22 14:20:00,24500,PE,766.15,768.93,765.02,768.17,553,51266,0.1446
2025-08-22 14:20:00,24550,CE,415.0,418.75,414.74,416.4,414,44786,0.1405
2025-08-22 14:20:00,24550,PE,779.19,797.89,769.49,780.39,242,44190,0.1407
2025-08-22 14:20:00,24600,CE,372.04,374.33,369.14,373.45,440,47687,0.1429
2025-08-22 14:20:00,24600,PE,845.3,844.57,834.69,838.91,68,37670,0.14
2025-08-22 14:20:00,24650,CE,426.57,437.36,422.56,428.0,285,41118,0.1429
2025-08-22 14:20:00,24650,PE,923.8,915.22,909.75,912.46,484,40225,0.1393
2025-08-22 14:20:00,24700,CE,397.76,400.14,394.13,396.11,373,32700,0.1426
2025-08-22 14:20:00,24700,PE,979.25,980.18,954.87,962.04,355,34827,0.1433
2025-08-22 14:20:00,24750,CE,435.93,436.73,432.76,435.56,223,31500,0.1455
2025-08-22 14:20:00,24750,PE,1007.73,1012.7,1002.16,1010.54,341,37790,0.1425
2025-08-22 14:20:00,24800,CE,406.31,409.91,406.77,409.26,121,30863,0.142
2025-08-22 14:20:00,24800,PE,1056.68,1078.17,1048.15,1059.07,114,31880,0.144
2025-08-22 14:20:00,24850,CE,416.44,409.37,399.02,408.77,480,27499,0.1439
2025-08-22 14:20:00,24850,PE,1092.25,1091.93,1079.89,1085.18,392,30020,0.1432
2025-08-22 14:20:00,24900,CE,400.33,405.05,392.92,394.45,105,25863,0.1426
2025-08-22 14:20:00,24900,PE,1180.36,1173.79,1145.24,1162.02,375,29675,0.1442
2025-08-22 14:25:00,23500,CE,1076.82,1086.44,1070.35,1085.05,511,34923,0.1432
2025-08-22 14:25:00,23500,PE,364.7,370.21,361.18,364.66,262,28410,0.1447
2025-08-22 14:25:00,23550,CE,985.55,997.05,993.59,994.73,40,29805,0.1409
2025-08-22 14:25:00,23550,PE,383.42,383.93,370.0,378.99,34,28899,0.14
2025-08-22 14:25:00,23600,CE,968.85,968.02,966.75,968.0,140,26969,0.1419
2025-08-22 14:25:00,23600,PE,380.4,376.29,373.14,373.28,229,31061,0.1432
2025-08-22 14:25:00,23650,CE,936.89,936.1,922.65,934.76,82,31572,0.1439
2025-08-22 14:25:00,23650,PE,412.91,409.87,405.21,406.95,137,35009,0.1442
2025-08-22 14:25:00,23700,CE,840.85,847.23,831.22,845.47,383,33704,0.1416
2025-08-22 14:25:00,23700,PE,406.22,409.53,397.62,402.6,453,38904,0.1422
2025-08-22 14:25:00,23750,CE,796.71,799.91,792.65,796.66,42,30900,0.1427
2025-08-22 14:25:00,23750,PE,364.19,372.41,365.82,366.06,688,33832,0.1429
2025-08-22 14:25:00,23800,CE,755.84,754.44,743.14,751.37,717,38357,0.1443
2025-08-22 14:25:00,23800,PE,410.81,413.33,407.59,412.32,562,35803,0.1449
2025-08-22 14:25:00,23850,CE,700.78,709.14,697.85,704.97,439,44674,0.1429
2025-08-22 14:25:00,23850,PE,394.13,395.53,394.93,395.27,706,41357,0.1395
2025-08-22 14:25:00,23900,CE,664.57,658.6,654.07,654.97,31,45774,0.1413
2025-08-22 14:25:00,23900,PE,387.26,390.06,387.08,388.8,896,49418,0.1421
2025-08-22 14:25:00,23950,CE,625.79,625.68,615.22,620.26,610,44622,0.1412
2025-08-22 14:25:00,23950,PE,371.19,381.74,364.65,372.21,289,48808,0.1417
2025-08-22 14:25:00,24000,CE,561.99,567.93,555.24,560.95,222,52332,0.1395
2025-08-22 14:25:00,24000,PE,412.35,415.3,405.13,409.13,584,51372,0.1454
2025-08-22 14:25:00,24050,CE,512.46,521.94,513.93,515.72,643,61694,0.1421
2025-08-22 14:25:00,24050,PE,378.14,383.03,378.32,379.5,359,58324,0.1414
2025-08-22 14:25:00,24100,CE,462.49,466.82,456.58,459.83,328,67389,0.1427
2025-08-22 14:25:00,24100,PE,407.01,410.48,403.35,407.81,30,58866,0.1415
2025-08-22 14:25:00,24150,CE,439.69,437.53,433.27,435.16,1476,79464,0.1419
2025-08-22 14:25:00,24150,PE,395.93,408.37,392.24,397.86,310,74327,0.1404
2025-08-22 14:25:00,24200,CE,410.12,406.85,404.03,406.02,247,82165,0.1428
2025-08-22 14:25:00,24200,PE,436.26,437.54,426.4,434.18,1125,83129,0.1424
2025-08-22 14:25:00,24250,CE,379.0,379.83,374.81,378.95,171,76128,0.1443
2025-08-22 14:25:00,24250,PE,475.29,482.58,471.9,471.92,978,81375,0.1451
2025-08-22 14:25:00,24300,CE,440.21,439.97,433.24,436.67,161,72280,0.1443
2025-08-22 14:25:00,24300,PE,512.85,509.85,496.45,506.03,964,67641,0.1369
2025-08-22 14:25:00,24350,CE,415.98,418.38,411.76,413.12,659,62589,0.1448
2025-08-22 14:25:00,24350,PE,565.66,575.11,562.57,568.35,293,64186,0.1447
2025-08-22 14:25:00,24400,CE,385.39,386.35,383.44,384.79,352,52339,0.1417
2025-08-22 14:25:00,24400,PE,656.05,656.87,648.7,651.94,212,52833,0.1406
2025-08-22 14:25:00,24450,CE,396.74,400.33,393.86,393.91,556,48803,0.1387
2025-08-22 14:25:00,24450,PE,704.41,707.83,697.38,697.52,586,53064,0.1408
2025-08-22 14:25:00,24500,CE,387.26,384.71,381.57,383.64,123,38940,0.1444
2025-08-22 14:25:00,24500,PE,738.08,740.93,728.28,736.32,383,51396,0.1419
2025-08-22 14:25:00,24550,CE,382.22,386.88,382.98,384.66,560,44361,0.14
2025-08-22 14:25:00,24550,PE,793.97,801.02,783.75,786.85,732,44098,0.1411
2025-08-22 14:25:00,24600,CE,414.69,412.9,406.11,408.35,623,47587,0.1378
2025-08-22 14:25:00,24600,PE,823.5,829.95,813.15,823.4,290,37790,0.1424
2025-08-22 14:25:00,24650,CE,408.53,415.68,402.0,406.59,133,41248,0.1413
2025-08-22 14:25:00,24650,PE,900.33,895.79,871.64,882.33,643,40399,0.1389
2025-08-22 14:25:00,24700,CE,394.02,408.24,398.25,398.39,52,32937,0.1463
2025-08-22 14:25:00,24700,PE,944.42,962.46,938.64,953.14,30,34351,0.1433
2025-08-22 14:25:00,24750,CE,379.36,389.51,383.16,384.42,171,31265,0.1438
2025-08-22 14:25:00,24750,PE,983.93,990.19,969.94,983.77,11,37210,0.1393
2025-08-22 14:25:00,24800,CE,426.67,429.7,423.98,425.06,433,30808,0.1415
2025-08-22 14:25:00,24800,PE,1032.47,1035.99,1025.35,1035.93,116,31795,0.1401
2025-08-22 14:25:00,24850,CE,427.11,428.97,420.12,424.27,361,27780,0.1406
2025-08-22 14:25:00,24850,PE,1075.15,1078.07,1059.41,1064.93,155,29620,0.1405
2025-08-22 14:25:00,24900,CE,414.97,416.74,406.38,412.33,473,26020,0.1418
2025-08-22 14:25:00,24900,PE,1118.15,1142.49,1103.69,1114.37,484,29443,0.1423
2025-08-22 14:30:00,23500,CE,1081.35,1101.73,1090.49,1095.72,62,34781,0.1431
2025-08-22 14:30:00,23500,PE,397.53,403.86,397.65,401.91,169,28673,0.1417
2025-08-22 14:30:00,23550,CE,1082.29,1091.8,1076.34,1080.66,379,29290,0.1421
2025-08-22 14:30:00,23550,PE,365.27,365.78,358.58,364.31,312,28710,0.141
2025-08-22 14:30:00,23600,CE,1011.01,1032.77,1015.13,1018.17,345,26838,0.1422
2025-08-22 14:30:00,23600,PE,404.27,408.94,401.44,403.49,302,31319,0.1484
2025-08-22 14:30:00,23650,CE,980.98,972.78,968.14,970.3,179,31211,0.1426
2025-08-22 14:30:00,23650,PE,365.65,370.48,366.1,366.52,417,35545,0.1404
2025-08-22 14:30:00,23700,CE,958.11,960.54,941.62,954.9,282,34301,0.1457
2025-08-22 14:30:00,23700,PE,392.49,395.48,391.88,394.49,123,39286,0.1411
2025-08-22 14:30:00,23750,CE,867.86,872.22,867.41,869.03,658,30659,0.1435
2025-08-22 14:30:00,23750,PE,390.61,393.42,386.91,392.25,107,34028,0.1444
2025-08-22 14:30:00,23800,CE,829.12,842.26,837.58,840.8,622,37856,0.1399
2025-08-22 14:30:00,23800,PE,401.73,408.27,401.13,406.4,461,36248,0.1399
2025-08-22 14:30:00,23850,CE,804.25,808.42,804.49,805.33,36,44693,0.1462
2025-08-22 14:30:00,23850,PE,405.51,407.86,404.16,406.83,70,40968,0.14
2025-08-22 14:30:00,23900,CE,713.84,717.56,711.76,716.91,411,45566,0.1432
2025-08-22 14:30:00,23900,PE,406.7,402.75,397.04,402.04,83,49778,0.1465
2025-08-22 14:30:00,23950,CE,684.73,680.14,671.23,679.53,196,45066,0.1434
2025-08-22 14:30:00,23950,PE,434.0,435.36,431.19,432.78,172,48831,0.1446
2025-08-22 14:30:00,24000,CE,622.8,622.9,616.59,619.64,730,52308,0.1425
2025-08-22 14:30:00,24000,PE,405.5,409.57,398.42,401.11,426,51672,0.141
2025-08-22 14:30:00,24050,CE,572.03,586.31,569.74,573.04,30,62085,0.1406
2025-08-22 14:30:00,24050,PE,383.2,391.64,380.89,382.85,772,58641,0.1389
2025-08-22 14:30:00,24100,CE,544.04,552.2,540.05,541.47,538,67250,0.1434
2025-08-22 14:30:00,24100,PE,405.14,405.27,398.45,404.29,723,59036,0.1433
2025-08-22 14:30:00,24150,CE,419.19,424.91,418.07,419.7,1322,79892,0.1399
2025-08-22 14:30:00,24150,PE,444.16,449.35,440.68,441.58,99,73909,0.1431
2025-08-22 14:30:00,24200,CE,431.75,435.62,430.3,431.01,1578,82030,0.1411
2025-08-22 14:30:00,24200,PE,388.02,395.46,383.28,384.59,978,82596,0.1402
2025-08-22 14:30:00,24250,CE,435.27,437.7,435.49,435.52,195,76018,0.1463
2025-08-22 14:30:00,24250,PE,442.02,444.7,435.76,441.53,1181,81701,0.1418
2025-08-22 14:30:00,24300,CE,393.85,393.93,388.05,391.49,1260,71916,0.1399
2025-08-22 14:30:00,24300,PE,462.95,477.7,467.08,467.19,302,67691,0.1416
2025-08-22 14:30:00,24350,CE,362.7,372.75,363.28,365.02,683,62032,0.141
2025-08-22 14:30:00,24350,PE,543.48,541.46,529.77,535.38,562,64663,0.1408
2025-08-22 14:30:00,24400,CE,406.65,404.28,399.08,400.16,195,52723,0.1424
2025-08-22 14:30:00,24400,PE,568.08,579.21,565.78,575.15,500,52862,0.14
2025-08-22 14:30:00,24450,CE,377.19,381.11,372.32,375.09,640,49049,0.1434
2025-08-22 14:30:00,24450,PE,607.92,617.92,601.32,608.57,636,52588,0.1423
2025-08-22 14:30:00,24500,CE,397.25,400.57,390.27,396.01,276,39354,0.1434
2025-08-22 14:30:00,24500,PE,667.64,682.98,667.36,671.17,50,51654,0.1396
2025-08-22 14:30:00,24550,CE,381.04,383.35,380.23,382.36,436,43904,0.1444
2025-08-22 14:30:00,24550,PE,721.07,729.69,721.78,728.54,113,44674,0.1455
2025-08-22 14:30:00,24600,CE,396.66,403.06,394.7,396.46,35,47014,0.1437
2025-08-22 14:30:00,24600,PE,761.64,768.13,756.38,765.98,25,37944,0.1425
2025-08-22 14:30:00,24650,CE,391.28,394.34,382.81,390.09,657,40854,0.1393
2025-08-22 14:30:00,24650,PE,795.81,813.3,804.17,805.94,566,40662,0.1388
2025-08-22 14:30:00,24700,CE,403.66,406.52,402.47,404.57,160,32421,0.1404
2025-08-22 14:30:00,24700,PE,853.56,862.18,836.77,851.67,328,33848,0.1403
2025-08-22 14:30:00,24750,CE,392.26,391.17,390.84,391.06,79,31224,0.1438
2025-08-22 14:30:00,24750,PE,973.29,981.29,959.83,971.19,508,37802,0.1421
2025-08-22 14:30:00,24800,CE,393.56,399.38,388.83,393.77,370,30539,0.1377
2025-08-22 14:30:00,24800,PE,967.4,982.07,952.73,963.9,198,31930,0.1391
2025-08-22 14:30:00,24850,CE,414.1,415.36,404.7,407.58,103,27802,0.1409
2025-08-22 14:30:00,24850,PE,1042.59,1056.21,1018.88,1036.55,426,30030,0.1401
2025-08-22 14:30:00,24900,CE,378.71,380.71,377.18,378.06,38,25766,0.1411
2025-08-22 14:30:00,24900,PE,1071.07,1082.22,1049.87,1066.18,139,29508,0.1419
2025-08-22 14:35:00,23500,CE,1126.66,1142.93,1126.83,1133.64,98,35321,0.1431
2025-08-22 14:35:00,23500,PE,391.29,392.14,388.41,390.94,454,28472,0.1421
2025-08-22 14:35:00,23550,CE,1091.24,1090.99,1077.5,1086.33,217,29217,0.1427
2025-08-22 14:35:00,23550,PE,384.61,389.39,380.58,382.87,30,29176,0.1427
2025-08-22 14:35:00,23600,CE,1048.97,1054.26,1048.76,1053.6,430,26636,0.1461
2025-08-22 14:35:00,23600,PE,421.09,423.31,412.81,418.0,304,31175,0.1432
2025-08-22 14:35:00,23650,CE,961.69,975.89,964.38,971.27,139,30975,0.142
2025-08-22 14:35:00,23650,PE,376.65,379.95,372.32,376.08,70,35916,0.1431
2025-08-22 14:35:00,23700,CE,920.73,945.24,909.68,921.28,407,34817,0.1419
2025-08-22 14:35:00,23700,PE,386.62,394.36,389.39,390.37,14,39443,0.1407
2025-08-22 14:35:00,23750,CE,875.63,875.61,860.89,875.27,373,30807,0.1416
2025-08-22 14:35:00,23750,PE,374.38,378.71,370.29,372.74,651,33896,0.1403
2025-08-22 14:35:00,23800,CE,815.75,837.55,820.66,821.66,109,37270,0.1421
2025-08-22 14:35:00,23800,PE,400.28,401.86,396.33,400.05,352,35856,0.1406
2025-08-22 14:35:00,23850,CE,804.09,815.31,795.78,804.63,117,44269,0.1401
2025-08-22 14:35:00,23850,PE,396.1,392.01,386.77,388.5,219,40507,0.1434
2025-08-22 14:35:00,23900,CE,711.65,722.85,713.12,716.3,405,45750,0.1431
2025-08-22 14:35:00,23900,PE,438.27,435.01,429.11,431.42,247,49341,0.1423
2025-08-22 14:35:00,23950,CE,675.92,679.97,673.48,677.3,517,44568,0.1409
2025-08-22 14:35:00,23950,PE,388.19,388.68,384.91,387.19,662,48690,0.1415
2025-08-22 14:35:00,24000,CE,640.14,648.56,639.92,642.5,411,52006,0.1405
2025-08-22 14:35:00,24000,PE,398.8,398.61,393.67,398.47,289,51247,0.1425
2025-08-22 14:35:00,24050,CE,611.45,614.62,600.21,606.68,614,61660,0.143
2025-08-22 14:35:00,24050,PE,409.54,420.95,412.4,414.57,746,58348,0.1394
2025-08-22 14:35:00,24100,CE,526.64,531.81,527.18,529.82,698,67294,0.142
2025-08-22 14:35:00,24100,PE,415.84,417.3,413.72,414.55,781,59345,0.1445
2025-08-22 14:35:00,24150,CE,478.11,485.83,472.24,475.58,789,80315,0.138
2025-08-22 14:35:00,24150,PE,425.52,425.07,420.21,423.97,377,74210,0.1439
2025-08-22 14:35:00,24200,CE,444.85,457.45,450.75,453.4,571,82183,0.1424
2025-08-22 14:35:00,24200,PE,390.35,387.87,386.05,387.62,808,83085,0.1404
2025-08-22 14:35:00,24250,CE,395.06,399.08,389.32,394.04,478,76041,0.1396
2025-08-22 14:35:00,24250,PE,430.53,430.01,424.94,426.79,301,81861,0.1425
2025-08-22 14:35:00,24300,CE,375.46,379.87,377.18,377.91,76,71809,0.1404
2025-08-22 14:35:00,24300,PE,467.13,471.08,465.16,469.55,37,67483,0.1406
2025-08-22 14:35:00,24350,CE,364.46,367.51,360.34,361.11,621,61830,0.1404
2025-08-22 14:35:00,24350,PE,498.8,506.57,496.93,500.88,499,64240,0.1416
2025-08-22 14:35:00,24400,CE,386.52,387.74,381.85,384.87,805,53078,0.1391
2025-08-22 14:35:00,24400,PE,572.93,581.52,566.84,573.36,519,52328,0.1414
2025-08-22 14:35:00,24450,CE,401.24,404.96,395.49,397.95,78,49258,0.1424
2025-08-22 14:35:00,24450,PE,621.58,628.35,615.86,619.94,937,53025,0.141
2025-08-22 14:35:00,24500,CE,384.75,383.95,379.19,381.81,379,39350,0.1403
2025-08-22 14:35:00,24500,PE,665.37,666.05,663.08,663.88,161,51138,0.1417
2025-08-22 14:35:00,24550,CE,352.75,357.82,349.93,351.37,645,43818,0.1403
2025-08-22 14:35:00,24550,PE,721.36,726.2,717.89,720.08,423,44485,0.1464
2025-08-22 14:35:00,24600,CE,396.51,406.87,395.96,396.66,251,47596,0.1426
2025-08-22 14:35:00,24600,PE,765.35,775.13,763.99,767.85,633,38173,0.1389
2025-08-22 14:35:00,24650,CE,381.45,393.04,385.75,386.09,286,41119,0.1425
2025-08-22 14:35:00,24650,PE,812.18,824.76,801.83,816.09,251,40680,0.1418
2025-08-22 14:35:00,24700,CE,393.11,401.99,395.94,397.14,106,32672,0.1424
2025-08-22 14:35:00,24700,PE,842.4,854.92,841.72,845.6,50,34115,0.1428
2025-08-22 14:35:00,24750,CE,391.69,390.97,387.94,390.33,383,30703,0.1413
2025-08-22 14:35:00,24750,PE,899.61,905.81,889.37,892.68,322,37469,0.1403
2025-08-22 14:35:00,24800,CE,386.09,391.64,387.17,391.43,286,29954,0.1419
2025-08-22 14:35:00,24800,PE,959.81,974.84,929.0,945.35,429,31941,0.14
2025-08-22 14:35:00,24850,CE,421.03,423.45,413.35,419.56,207,28252,0.1395
2025-08-22 14:35:00,24850,PE,1040.3,1059.38,1027.69,1037.6,362,30161,0.1399
2025-08-22 14:35:00,24900,CE,386.62,383.62,380.29,381.7,85,25766,0.138
2025-08-22 14:35:00,24900,PE,1048.65,1066.47,1043.61,1056.11,372,30019,0.1392
2025-08-22 14:40:00,23500,CE,1169.5,1161.62,1146.2,1155.11,304,34927,0.1449
2025-08-22 14:40:00,23500,PE,411.33,413.58,406.31,411.32,340,27961,0.1419
2025-08-22 14:40:00,23550,CE,1063.18,1065.49,1058.64,1060.81,169,29717,0.1422
2025-08-22 14:40:00,23550,PE,428.32,424.26,421.69,423.78,421,29659,0.1448
2025-08-22 14:40:00,23600,CE,1013.08,1019.15,1000.19,1016.9,200,26855,0.1425
2025-08-22 14:40:00,23600,PE,390.51,387.19,381.55,385.29,389,30870,0.1416
2025-08-22 14:40:00,23650,CE,954.96,978.01,964.74,969.44,552,31538,0.1416
2025-08-22 14:40:00,23650,PE,406.26,406.32,401.5,403.06,73,36234,0.1418
2025-08-22 14:40:00,23700,CE,943.4,965.73,941.08,945.6,284,35025,0.1425
2025-08-22 14:40:00,23700,PE,375.54,375.68,365.7,368.25,349,39110,0.1458
2025-08-22 14:40:00,23750,CE,891.57,888.75,878.97,883.39,73,30822,0.1439
2025-08-22 14:40:00,23750,PE,407.56,411.35,404.79,405.9,556,34283,0.1441
2025-08-22 14:40:00,23800,CE,809.07,817.16,816.08,816.92,203,37702,0.1445
2025-08-22 14:40:00,23800,PE,385.01,389.82,383.93,384.61,260,35929,0.1404
2025-08-22 14:40:00,23850,CE,787.43,793.44,787.82,788.3,256,44296,0.1431
2025-08-22 14:40:00,23850,PE,397.65,405.6,396.5,398.55,410,40744,0.1447
2025-08-22 14:40:00,23900,CE,771.56,788.0,762.66,768.65,397,45783,0.1439
2025-08-22 14:40:00,23900,PE,404.95,409.87,400.69,403.57,543,49242,0.1416
2025-08-22 14:40:00,23950,CE,678.74,678.76,670.2,672.95,480,44070,0.1404
2025-08-22 14:40:00,23950,PE,391.25,395.56,392.2,393.11,786,48241,0.1401
2025-08-22 14:40:00,24000,CE,614.72,615.46,602.83,611.59,868,52318,0.1431
2025-08-22 14:40:00,24000,PE,405.83,411.57,406.27,407.3,941,50676,0.1424
2025-08-22 14:40:00,24050,CE,572.75,575.31,570.12,570.85,253,61122,0.1412
2025-08-22 14:40:00,24050,PE,354.02,356.96,349.53,352.97,470,58833,0.1418
2025-08-22 14:40:00,24100,CE,514.87,519.65,510.43,514.04,953,67538,0.1409
2025-08-22 14:40:00,24100,PE,390.56,394.86,387.16,388.98,1053,58750,0.1411
2025-08-22 14:40:00,24150,CE,460.51,472.35,458.21,459.27,1117,80089,0.1404
2025-08-22 14:40:00,24150,PE,416.51,419.45,410.73,412.98,982,74525,0.1411
2025-08-22 14:40:00,24200,CE,404.01,404.24,397.02,399.77,1136,82084,0.145
2025-08-22 14:40:00,24200,PE,405.16,414.18,400.85,404.92,1016,83047,0.1407
2025-08-22 14:40:00,24250,CE,395.38,396.56,390.05,395.46,1051,75991,0.1449
2025-08-22 14:40:00,24250,PE,441.21,446.05,435.18,437.23,669,81503,0.1431
2025-08-22 14:40:00,24300,CE,406.79,408.47,397.87,405.37,564,72074,0.1381
2025-08-22 14:40:00,24300,PE,482.71,493.47,481.81,484.44,1240,67006,0.1406
2025-08-22 14:40:00,24350,CE,392.91,398.01,384.03,392.54,244,61838,0.1451
2025-08-22 14:40:00,24350,PE,504.12,507.06,488.96,498.6,880,63843,0.1411
2025-08-22 14:40:00,24400,CE,405.82,411.43,400.14,407.3,372,52533,0.1391
2025-08-22 14:40:00,24400,PE,568.79,563.98,558.59,562.08,75,51899,0.1433
2025-08-22 14:40:00,24450,CE,422.3,423.08,418.11,418.46,730,49701,0.1423
2025-08-22 14:40:00,24450,PE,628.29,631.35,624.02,625.55,504,52636,0.1439
2025-08-22 14:40:00,24500,CE,399.25,398.06,396.64,396.75,835,39084,0.1459
2025-08-22 14:40:00,24500,PE,659.24,662.21,658.83,661.66,152,50703,0.1412
2025-08-22 14:40:00,24550,CE,368.26,376.53,364.58,369.73,301,44100,0.1368
2025-08-22 14:40:00,24550,PE,732.16,742.47,725.93,727.94,337,44419,0.1457
2025-08-22 14:40:00,24600,CE,407.96,406.85,404.39,405.44,269,48128,0.1409
2025-08-22 14:40:00,24600,PE,791.59,788.87,772.61,782.87,528,38370,0.1445
2025-08-22 14:40:00,24650,CE,380.39,386.92,381.19,382.51,318,41156,0.141
2025-08-22 14:40:00,24650,PE,809.36,809.23,794.5,801.88,631,40867,0.1414
2025-08-22 14:40:00,24700,CE,392.05,390.5,381.78,388.41,543,32120,0.1421
2025-08-22 14:40:00,24700,PE,853.2,872.67,855.79,856.12,573,34655,0.1419
2025-08-22 14:40:00,24750,CE,399.15,405.78,399.36,401.87,419,31250,0.1461
2025-08-22 14:40:00,24750,PE,902.06,939.12,901.81,918.04,358,37200,0.1417
2025-08-22 14:40:00,24800,CE,380.71,385.31,379.26,380.7,359,30107,0.1411
2025-08-22 14:40:00,24800,PE,967.41,983.83,958.0,959.74,92,31583,0.1413
2025-08-22 14:40:00,24850,CE,408.26,415.53,402.19,412.59,167,28308,0.1394
2025-08-22 14:40:00,24850,PE,1025.7,1018.43,1003.05,1013.75,89,30485,0.1398
2025-08-22 14:40:00,24900,CE,400.72,406.01,395.62,400.75,65,26293,0.1446
2025-08-22 14:40:00,24900,PE,1101.56,1105.17,1076.93,1089.22,357,29826,0.1406
2025-08-22 14:45:00,23500,CE,1175.31,1186.68,1172.49,1174.22,182,35159,0.1407
2025-08-22 14:45:00,23500,PE,388.51,391.37,385.87,387.49,49,28220,0.1472
2025-08-22 14:45:00,23550,CE,1090.74,1097.39,1073.92,1086.98,279,29382,0.1421
2025-08-22 14:45:00,23550,PE,404.04,408.81,398.6,402.44,449,29813,0.1418
2025-08-22 14:45:00,23600,CE,1071.41,1086.42,1060.81,1072.05,93,27041,0.1416
2025-08-22 14:45:00,23600,PE,435.19,439.46,434.91,436.46,221,31186,0.147
2025-08-22 14:45:00,23650,CE,1027.33,1045.81,1014.56,1023.19,278,32137,0.1431
2025-08-22 14:45:00,23650,PE,394.18,400.54,390.92,396.05,515,35682,0.1386
2025-08-22 14:45:00,23700,CE,970.44,1001.21,983.88,985.89,247,34667,0.1412
2025-08-22 14:45:00,23700,PE,391.61,401.31,391.47,394.05,269,38684,0.1405
2025-08-22 14:45:00,23750,CE,951.07,945.05,924.09,940.55,339,30407,0.1424
2025-08-22 14:45:00,23750,PE,406.59,405.69,400.56,404.89,393,34228,0.1405
2025-08-22 14:45:00,23800,CE,877.55,882.54,873.22,878.33,661,38156,0.1416
2025-08-22 14:45:00,23800,PE,423.11,426.52,416.47,423.78,404,35867,0.1431
2025-08-22 14:45:00,23850,CE,829.69,830.35,820.55,827.62,514,44498,0.143
2025-08-22 14:45:00,23850,PE,379.85,375.65,374.33,374.8,109,40595,0.1437
2025-08-22 14:45:00,23900,CE,758.6,769.26,755.42,762.14,763,45566,0.1423
2025-08-22 14:45:00,23900,PE,406.53,412.98,410.02,410.89,22,49643,0.1408
2025-08-22 14:45:00,23950,CE,739.15,748.92,737.32,739.75,778,44256,0.1436
2025-08-22 14:45:00,23950,PE,390.82,389.28,384.42,389.04,533,48062,0.1407
2025-08-22 14:45:00,24000,CE,657.27,662.74,655.73,658.41,336,52814,0.141
2025-08-22 14:45:00,24000,PE,387.84,390.5,387.83,387.89,781,50674,0.1422
2025-08-22 14:45:00,24050,CE,639.96,645.39,626.71,635.32,324,60747,0.1435
2025-08-22 14:45:00,24050,PE,414.37,411.2,407.26,409.39,27,58812,0.1417
2025-08-22 14:45:00,24100,CE,584.16,600.67,578.92,584.04,623,67747,0.1439
2025-08-22 14:45:00,24100,PE,385.18,390.06,383.25,386.72,898,58590,0.1435
2025-08-22 14:45:00,24150,CE,521.75,531.16,506.66,517.57,225,80501,0.1441
2025-08-22 14:45:00,24150,PE,378.7,378.73,371.09,377.64,957,74564,0.1429
2025-08-22 14:45:00,24200,CE,445.75,439.3,437.79,438.36,78,82045,0.1411
2025-08-22 14:45:00,24200,PE,361.88,369.17,363.0,366.65,893,83477,0.144
2025-08-22 14:45:00,24250,CE,419.13,421.39,412.53,418.52,860,75946,0.1408
2025-08-22 14:45:00,24250,PE,385.91,391.69,385.8,386.16,650,81400,0.1424
2025-08-22 14:45:00,24300,CE,401.02,397.53,396.13,397.23,52,71598,0.1398
2025-08-22 14:45:00,24300,PE,422.99,430.59,423.77,424.35,1243,66840,0.1422
2025-08-22 14:45:00,24350,CE,390.58,399.57,393.3,394.78,1198,61714,0.1399
2025-08-22 14:45:00,24350,PE,502.82,504.95,500.71,501.14,1401,63459,0.1443
2025-08-22 14:45:00,24400,CE,385.21,385.81,381.29,382.45,247,52638,0.1391
2025-08-22 14:45:00,24400,PE,514.83,519.93,515.48,516.68,992,51471,0.1453
2025-08-22 14:45:00,24450,CE,388.23,389.0,387.25,388.08,560,49369,0.1471
2025-08-22 14:45:00,24450,PE,555.85,551.99,544.71,551.64,813,52709,0.1382
2025-08-22 14:45:00,24500,CE,373.62,378.91,376.5,377.78,652,38806,0.1433
2025-08-22 14:45:00,24500,PE,601.23,625.28,598.22,604.17,297,50870,0.139
2025-08-22 14:45:00,24550,CE,377.26,387.25,372.78,379.73,326,44328,0.1395
2025-08-22 14:45:00,24550,PE,680.65,686.51,668.71,675.36,150,44180,0.1427
2025-08-22 14:45:00,24600,CE,405.19,411.79,406.14,407.29,95,47632,0.1394
2025-08-22 14:45:00,24600,PE,763.14,759.24,749.59,755.2,226,38357,0.146
2025-08-22 14:45:00,24650,CE,396.66,393.02,380.3,388.18,120,40667,0.1353
2025-08-22 14:45:00,24650,PE,767.13,772.72,767.72,772.04,670,40885,0.1421
2025-08-22 14:45:00,24700,CE,409.07,411.86,410.08,411.15,510,32391,0.1425
2025-08-22 14:45:00,24700,PE,808.94,815.74,807.06,807.64,82,34799,0.1402
2025-08-22 14:45:00,24750,CE,403.27,401.35,396.11,400.78,570,31187,0.1427
2025-08-22 14:45:00,24750,PE,867.08,880.83,866.62,869.22,571,37735,0.1417
2025-08-22 14:45:00,24800,CE,425.13,425.15,417.94,419.01,343,29629,0.1394
2025-08-22 14:45:00,24800,PE,912.55,935.18,914.98,924.91,386,32039,0.1413
2025-08-22 14:45:00,24850,CE,395.75,399.13,393.68,398.77,342,28668,0.1412
2025-08-22 14:45:00,24850,PE,998.93,1004.42,982.91,1000.81,317,30388,0.1417
2025-08-22 14:45:00,24900,CE,396.15,396.22,393.43,394.89,522,25876,0.1405
2025-08-22 14:45:00,24900,PE,1044.07,1053.63,1046.62,1046.72,252,29413,0.1416
2025-08-22 14:50:00,23500,CE,1175.05,1175.38,1160.91,1168.51,317,35665,0.1443
2025-08-22 14:50:00,23500,PE,396.1,397.06,390.42,394.22,479,27900,0.1418
2025-08-22 14:50:00,23550,CE,1146.32,1129.94,1125.81,1129.82,369,29830,0.1444
2025-08-22 14:50:00,23550,PE,388.99,395.5,376.25,382.92,422,29816,0.1423
2025-08-22 14:50:00,23600,CE,1082.58,1092.71,1072.02,1078.24,99,26995,0.1407
2025-08-22 14:50:00,23600,PE,399.2,401.18,399.12,399.37,414,31329,0.1412
2025-08-22 14:50:00,23650,CE,1039.03,1048.92,1028.43,1037.13,223,31795,0.1452
2025-08-22 14:50:00,23650,PE,390.15,388.81,385.98,388.46,369,35596,0.145
2025-08-22 14:50:00,23700,CE,982.79,998.8,971.05,980.43,286,35193,0.1434
2025-08-22 14:50:00,23700,PE,414.3,418.22,410.7,414.32,15,38369,0.1412
2025-08-22 14:50:00,23750,CE,917.16,926.11,910.34,919.7,583,30912,0.1396
2025-08-22 14:50:00,23750,PE,408.32,411.88,408.89,409.28,198,34821,0.1438
2025-08-22 14:50:00,23800,CE,828.22,828.4,823.97,828.33,151,37618,0.1407
2025-08-22 14:50:00,23800,PE,404.38,403.18,401.2,402.96,215,35904,0.1467
2025-08-22 14:50:00,23850,CE,806.15,811.54,805.67,810.66,16,44104,0.142
2025-08-22 14:50:00,23850,PE,377.35,390.54,379.39,382.15,575,40741,0.1377
2025-08-22 14:50:00,23900,CE,764.96,773.72,762.5,769.97,478,46153,0.1438
2025-08-22 14:50:00,23900,PE,425.24,430.64,424.36,427.09,188,50119,0.1414
2025-08-22 14:50:00,23950,CE,706.26,705.85,704.78,705.71,309,44765,0.1424
2025-08-22 14:50:00,23950,PE,409.27,405.13,398.92,402.2,666,47718,0.1385
2025-08-22 14:50:00,24000,CE,644.98,659.62,653.71,656.04,205,52864,0.1395
2025-08-22 14:50:00,24000,PE,384.79,393.83,379.22,385.67,472,50355,0.1417
2025-08-22 14:50:00,24050,CE,595.42,593.26,585.48,592.96,277,61226,0.1401
2025-08-22 14:50:00,24050,PE,407.32,407.34,400.23,405.26,773,58441,0.142
2025-08-22 14:50:00,24100,CE,571.14,582.98,567.44,568.36,829,67331,0.143
2025-08-22 14:50:00,24100,PE,424.31,434.72,423.64,426.48,516,58004,0.1421
2025-08-22 14:50:00,24150,CE,506.37,510.39,500.68,502.29,840,80119,0.1424
2025-08-22 14:50:00,24150,PE,389.69,395.57,390.9,393.66,318,74191,0.1439
2025-08-22 14:50:00,24200,CE,445.6,448.09,436.99,444.26,289,81537,0.1432
2025-08-22 14:50:00,24200,PE,414.71,416.31,412.3,413.68,826,83918,0.1436
2025-08-22 14:50:00,24250,CE,370.26,373.8,365.65,368.78,539,76281,0.141
2025-08-22 14:50:00,24250,PE,419.58,430.22,417.31,421.3,951,81105,0.1393
2025-08-22 14:50:00,24300,CE,403.46,405.43,398.68,401.53,122,71937,0.1381
2025-08-22 14:50:00,24300,PE,417.44,417.51,410.62,416.5,61,66746,0.1414
2025-08-22 14:50:00,24350,CE,390.63,399.98,386.56,392.31,68,62044,0.1432
2025-08-22 14:50:00,24350,PE,512.57,508.19,501.0,504.46,1352,63246,0.1418
2025-08-22 14:50:00,24400,CE,413.5,416.01,414.69,415.18,390,52715,0.1407
2025-08-22 14:50:00,24400,PE,561.08,571.86,558.63,565.57,613,51328,0.1418
2025-08-22 14:50:00,24450,CE,409.57,416.48,412.08,412.37,403,48994,0.1429
2025-08-22 14:50:00,24450,PE,546.2,558.88,534.31,547.26,282,52811,0.1406
2025-08-22 14:50:00,24500,CE,381.95,383.73,373.04,380.88,715,39106,0.1386
2025-08-22 14:50:00,24500,PE,627.48,658.86,623.35,636.2,508,51173,0.1439
2025-08-22 14:50:00,24550,CE,389.7,394.25,390.37,393.66,528,44155,0.1415
2025-08-22 14:50:00,24550,PE,669.02,678.36,664.51,669.39,321,44202,0.1394
2025-08-22 14:50:00,24600,CE,390.16,396.47,394.26,394.61,258,47948,0.1411
2025-08-22 14:50:00,24600,PE,727.76,732.24,718.47,725.4,161,37822,0.1391
2025-08-22 14:50:00,24650,CE,389.12,394.8,383.48,390.83,375,40153,0.1385
2025-08-22 14:50:00,24650,PE,763.95,780.39,773.04,776.23,153,40736,0.1395
2025-08-22 14:50:00,24700,CE,408.26,411.86,404.92,409.6,14,32059,0.1432
2025-08-22 14:50:00,24700,PE,853.0,867.48,849.03,856.65,385,34648,0.1453
2025-08-22 14:50:00,24750,CE,379.71,388.55,380.27,381.81,586,30699,0.1394
2025-08-22 14:50:00,24750,PE,881.14,880.86,875.3,879.8,472,37845,0.1425
2025-08-22 14:50:00,24800,CE,381.06,384.75,373.34,379.55,398,29835,0.1412
2025-08-22 14:50:00,24800,PE,921.62,928.54,911.55,925.59,41,32389,0.139
2025-08-22 14:50:00,24850,CE,372.0,376.95,375.12,375.29,197,28848,0.1391
2025-08-22 14:50:00,24850,PE,975.44,992.52,962.95,981.26,176,30263,0.1418
2025-08-22 14:50:00,24900,CE,392.69,394.2,386.93,388.74,384,26397,0.1449
2025-08-22 14:50:00,24900,PE,1026.19,1023.63,1019.27,1022.51,480,29684,0.1427
2025-08-22 14:55:00,23500,CE,1134.19,1139.32,1121.08,1134.58,270,35698,0.1426
2025-08-22 14:55:00,23500,PE,401.45,417.7,411.13,414.52,478,27548,0.1415
2025-08-22 14:55:00,23550,CE,1069.54,1078.35,1066.29,1077.76,497,30008,0.1438
2025-08-22 14:55:00,23550,PE,374.52,383.19,368.52,372.52,324,29926,0.1404
2025-08-22 14:55:00,23600,CE,996.37,1007.66,994.93,998.54,448,27214,0.1388
2025-08-22 14:55:00,23600,PE,407.56,419.59,408.42,410.04,60,31666,0.14
2025-08-22 14:55:00,23650,CE,1009.29,1013.95,989.71,992.91,426,32293,0.1457
2025-08-22 14:55:00,23650,PE,388.88,391.86,387.42,387.68,545,36134,0.1417
2025-08-22 14:55:00,23700,CE,904.34,914.51,907.06,910.0,36,35349,0.1406
2025-08-22 14:55:00,23700,PE,406.01,413.89,401.07,404.9,578,38928,0.1447
2025-08-22 14:55:00,23750,CE,879.56,888.9,881.57,888.34,366,31405,0.1435
2025-08-22 14:55:00,23750,PE,389.21,389.19,385.35,386.28,581,34224,0.1431
2025-08-22 14:55:00,23800,CE,842.26,860.58,849.18,849.51,625,37783,0.1398
2025-08-22 14:55:00,23800,PE,417.39,419.24,414.2,416.74,409,35518,0.1456
2025-08-22 14:55:00,23850,CE,793.35,809.93,795.98,797.08,698,43858,0.1413
2025-08-22 14:55:00,23850,PE,422.8,421.81,414.42,415.51,324,40498,0.1441
2025-08-22 14:55:00,23900,CE,739.43,740.13,731.22,734.92,797,46132,0.1425
2025-08-22 14:55:00,23900,PE,421.25,429.75,419.2,420.54,105,49532,0.1432
2025-08-22 14:55:00,23950,CE,668.69,672.25,668.52,668.82,877,44447,0.1396
2025-08-22 14:55:00,23950,PE,393.7,402.97,391.57,392.73,693,47152,0.1424
2025-08-22 14:55:00,24000,CE,617.02,622.86,618.44,618.61,883,53044,0.1398
2025-08-22 14:55:00,24000,PE,395.71,398.72,391.07,393.18,233,50822,0.1412
2025-08-22 14:55:00,24050,CE,604.61,603.58,590.57,597.48,337,61823,0.1434
2025-08-22 14:55:00,24050,PE,375.33,377.73,369.88,374.03,661,58379,0.1441
2025-08-22 14:55:00,24100,CE,524.11,540.07,521.29,528.16,90,67043,0.1413
2025-08-22 14:55:00,24100,PE,431.56,437.28,428.38,432.14,90,58427,0.1433
2025-08-22 14:55:00,24150,CE,497.73,501.93,498.48,499.15,160,79654,0.1404
2025-08-22 14:55:00,24150,PE,423.0,425.83,421.32,421.76,193,74760,0.1444
2025-08-22 14:55:00,24200,CE,423.11,434.01,423.22,426.35,1573,81794,0.1443
2025-08-22 14:55:00,24200,PE,410.6,414.37,409.01,410.59,144,83922,0.1433
2025-08-22 14:55:00,24250,CE,341.47,350.27,340.8,341.18,1597,75796,0.1392
2025-08-22 14:55:00,24250,PE,397.88,415.25,395.08,403.87,1340,80526,0.1402
2025-08-22 14:55:00,24300,CE,429.5,431.19,427.43,430.08,1162,71990,0.1424
2025-08-22 14:55:00,24300,PE,492.8,498.66,489.88,495.3,1281,66642,0.1433
2025-08-22 14:55:00,24350,CE,399.81,405.88,399.07,403.02,993,62455,0.1438
2025-08-22 14:55:00,24350,PE,522.88,525.73,521.38,522.22,423,63416,0.1408
2025-08-22 14:55:00,24400,CE,389.53,398.76,384.37,390.55,525,52633,0.1437
2025-08-22 14:55:00,24400,PE,557.52,569.72,547.8,553.85,897,50999,0.1413
2025-08-22 14:55:00,24450,CE,389.98,393.3,389.55,390.73,134,48970,0.1432
2025-08-22 14:55:00,24450,PE,615.36,622.0,614.34,615.15,829,52406,0.1437
2025-08-22 14:55:00,24500,CE,424.96,426.73,420.92,424.48,320,39306,0.1431
2025-08-22 14:55:00,24500,PE,695.52,701.35,682.14,694.51,443,51299,0.1442
2025-08-22 14:55:00,24550,CE,378.26,382.15,370.53,374.97,448,44527,0.1398
2025-08-22 14:55:00,24550,PE,710.6,724.17,707.77,709.63,734,44141,0.141
2025-08-22 14:55:00,24600,CE,406.01,405.02,402.22,403.27,340,47682,0.1451
2025-08-22 14:55:00,24600,PE,764.31,767.64,765.0,765.94,349,38225,0.1452
2025-08-22 14:55:00,24650,CE,387.75,397.81,389.47,391.61,365,40382,0.1408
2025-08-22 14:55:00,24650,PE,796.32,818.15,812.27,812.39,306,40984,0.1421
2025-08-22 14:55:00,24700,CE,404.53,405.53,398.26,400.46,480,32092,0.1414
2025-08-22 14:55:00,24700,PE,877.33,879.97,872.33,876.57,626,35099,0.1391
2025-08-22 14:55:00,24750,CE,418.17,419.34,415.66,418.9,108,30372,0.1482
2025-08-22 14:55:00,24750,PE,935.53,953.53,935.66,936.02,599,37727,0.1404
2025-08-22 14:55:00,24800,CE,376.62,374.11,372.26,373.49,189,30190,0.1403
2025-08-22 14:55:00,24800,PE,948.94,970.36,947.47,951.48,359,31948,0.1404
2025-08-22 14:55:00,24850,CE,377.26,385.0,374.33,379.08,59,29217,0.1444
2025-08-22 14:55:00,24850,PE,1009.29,1012.34,1003.97,1008.14,428,30086,0.1409
2025-08-22 14:55:00,24900,CE,397.7,395.78,392.65,392.76,456,25947,0.1444
2025-08-22 14:55:00,24900,PE,1044.81,1079.73,1044.9,1052.11,459,29178,0.1413
2025-08-22 15:00:00,23500,CE,1123.8,1125.71,1107.47,1121.87,319,36109,0.1403
2025-08-22 15:00:00,23500,PE,400.14,408.4,401.54,403.79,311,27882,0.1447
2025-08-22 15:00:00,23550,CE,1063.45,1082.1,1068.15,1071.78,185,29753,0.145
2025-08-22 15:00:00,23550,PE,439.25,443.29,436.42,439.01,145,29465,0.1451
2025-08-22 15:00:00,23600,CE,1049.19,1057.05,1050.84,1052.15,159,26910,0.1444
2025-08-22 15:00:00,23600,PE,390.27,396.86,386.92,389.95,420,31321,0.1418
2025-08-22 15:00:00,23650,CE,1014.36,1004.63,989.16,999.43,105,32572,0.1457
2025-08-22 15:00:00,23650,PE,383.14,387.41,383.52,385.77,318,35792,0.1392
2025-08-22 15:00:00,23700,CE,905.23,909.66,906.55,909.05,441,35008,0.1402
2025-08-22 15:00:00,23700,PE,382.16,381.83,380.84,381.0,490,38366,0.1415
2025-08-22 15:00:00,23750,CE,853.55,859.87,855.62,859.65,395,31521,0.1415
2025-08-22 15:00:00,23750,PE,375.03,383.32,375.71,377.57,253,34450,0.1413
2025-08-22 15:00:00,23800,CE,832.02,845.6,822.37,831.92,276,37967,0.1441
2025-08-22 15:00:00,23800,PE,396.45,401.23,393.1,395.35,167,35600,0.1385
2025-08-22 15:00:00,23850,CE,758.63,762.89,755.41,756.74,580,44417,0.142
2025-08-22 15:00:00,23850,PE,424.87,430.1,427.3,428.77,283,40465,0.1413
2025-08-22 15:00:00,23900,CE,725.65,734.34,725.87,728.82,401,46564,0.1397
2025-08-22 15:00:00,23900,PE,390.66,389.92,386.1,389.63,796,49707,0.1403
2025-08-22 15:00:00,23950,CE,654.28,666.12,662.9,662.98,744,43947,0.14
2025-08-22 15:00:00,23950,PE,392.66,396.91,391.83,393.38,688,47524,0.1369
2025-08-22 15:00:00,24000,CE,625.42,628.29,622.8,623.55,713,53145,0.1419
2025-08-22 15:00:00,24000,PE,390.42,392.59,388.62,391.65,893,51006,0.145
2025-08-22 15:00:00,24050,CE,564.03,573.91,555.43,562.04,934,61439,0.1422
2025-08-22 15:00:00,24050,PE,392.1,393.24,389.78,392.99,737,58303,0.1411
2025-08-22 15:00:00,24100,CE,509.3,510.95,505.39,509.88,1075,67499,0.1429
2025-08-22 15:00:00,24100,PE,395.64,399.1,395.96,396.92,1046,58085,0.1426
2025-08-22 15:00:00,24150,CE,455.64,460.4,457.22,457.39,706,79054,0.1415
2025-08-22 15:00:00,24150,PE,429.4,447.96,428.12,431.06,1382,74469,0.1403
2025-08-22 15:00:00,24200,CE,432.63,427.35,424.65,426.34,1035,81779,0.1441
2025-08-22 15:00:00,24200,PE,397.34,395.2,390.75,391.62,1488,84307,0.1431
2025-08-22 15:00:00,24250,CE,415.12,413.48,409.85,412.21,1295,75967,0.145
2025-08-22 15:00:00,24250,PE,429.7,429.15,424.72,426.66,222,81028,0.1452
2025-08-22 15:00:00,24300,CE,403.81,414.09,402.0,402.35,110,71936,0.1407
2025-08-22 15:00:00,24300,PE,484.53,491.42,475.22,484.14,554,66510,0.143
2025-08-22 15:00:00,24350,CE,399.83,409.02,402.24,404.06,1217,62132,0.1433
2025-08-22 15:00:00,24350,PE,531.56,532.47,526.88,530.08,731,63077,0.142
2025-08-22 15:00:00,24400,CE,405.84,411.31,407.82,409.65,1011,52916,0.1403
2025-08-22 15:00:00,24400,PE,584.69,592.91,581.39,588.22,470,50495,0.1449
2025-08-22 15:00:00,24450,CE,381.46,386.44,380.72,383.32,166,48661,0.1426
2025-08-22 15:00:00,24450,PE,614.59,616.46,605.51,611.68,415,52869,0.1429
2025-08-22 15:00:00,24500,CE,403.03,406.28,398.69,402.82,121,39398,0.1465
2025-08-22 15:00:00,24500,PE,667.97,673.47,667.76,671.58,324,50754,0.1398
2025-08-22 15:00:00,24550,CE,390.76,394.98,385.36,388.07,520,44772,0.1438
2025-08-22 15:00:00,24550,PE,721.08,712.96,709.2,712.33,798,44149,0.1416
2025-08-22 15:00:00,24600,CE,435.77,436.8,431.53,432.69,258,48107,0.1428
2025-08-22 15:00:00,24600,PE,791.74,802.41,793.99,794.8,199,38443,0.1433
2025-08-22 15:00:00,24650,CE,377.51,376.93,372.14,376.13,673,39787,0.1423
2025-08-22 15:00:00,24650,PE,840.31,834.07,830.17,832.31,660,40630,0.1437
2025-08-22 15:00:00,24700,CE,386.79,388.72,386.3,387.43,326,31801,0.144
2025-08-22 15:00:00,24700,PE,829.19,834.54,819.99,832.68,105,35341,0.1393
2025-08-22 15:00:00,24750,CE,411.06,412.51,406.04,409.34,306,30383,0.1433
2025-08-22 15:00:00,24750,PE,928.23,949.71,937.11,943.73,306,38023,0.141
2025-08-22 15:00:00,24800,CE,385.14,392.14,391.19,392.03,567,30205,0.1424
2025-08-22 15:00:00,24800,PE,953.72,959.53,948.26,953.23,99,31740,0.1414
2025-08-22 15:00:00,24850,CE,402.46,420.49,402.56,407.78,279,28741,0.1425
2025-08-22 15:00:00,24850,PE,1021.44,1012.82,992.33,1008.94,134,29729,0.1419
2025-08-22 15:00:00,24900,CE,400.24,408.89,398.63,404.68,511,25827,0.1412
2025-08-22 15:00:00,24900,PE,1091.63,1094.68,1077.51,1078.19,462,29239,0.1366
2025-08-22 15:05:00,23500,CE,1088.85,1089.05,1077.34,1077.63,269,36635,0.1419
2025-08-22 15:05:00,23500,PE,389.5,393.3,389.47,389.59,365,27569,0.1441
2025-08-22 15:05:00,23550,CE,1052.58,1055.25,1029.96,1042.21,162,29952,0.1433
2025-08-22 15:05:00,23550,PE,422.78,425.31,422.18,424.35,10,29048,0.1414
2025-08-22 15:05:00,23600,CE,969.35,975.04,950.09,973.02,52,27166,0.1443
2025-08-22 15:05:00,23600,PE,361.4,370.39,365.46,366.73,263,30734,0.1415
2025-08-22 15:05:00,23650,CE,932.13,948.04,933.53,946.39,463,32759,0.1438
2025-08-22 15:05:00,23650,PE,375.91,388.22,379.08,379.78,449,35387,0.1401
2025-08-22 15:05:00,23700,CE,887.58,895.19,888.41,888.78,581,34624,0.1413
2025-08-22 15:05:00,23700,PE,401.35,403.34,401.95,402.32,383,38436,0.1426
2025-08-22 15:05:00,23750,CE,819.0,819.75,810.91,816.25,164,31371,0.1408
2025-08-22 15:05:00,23750,PE,410.33,412.82,409.48,409.83,48,34415,0.1442
2025-08-22 15:05:00,23800,CE,797.62,812.23,798.69,800.18,522,37737,0.1429
2025-08-22 15:05:00,23800,PE,373.68,377.04,368.08,372.79,417,36144,0.14
2025-08-22 15:05:00,23850,CE,708.87,719.74,704.43,712.0,204,44165,0.1427
2025-08-22 15:05:00,23850,PE,413.66,411.66,404.51,405.42,111,40515,0.1403
2025-08-22 15:05:00,23900,CE,689.83,696.58,683.42,687.58,195,46989,0.1433
2025-08-22 15:05:00,23900,PE,373.72,378.47,370.32,373.17,273,49904,0.1405
2025-08-22 15:05:00,23950,CE,604.21,609.67,604.43,604.55,200,43734,0.1457
2025-08-22 15:05:00,23950,PE,401.44,402.55,396.05,399.83,183,47586,0.1425
2025-08-22 15:05:00,24000,CE,610.02,602.32,600.53,601.5,48,52644,0.1401
2025-08-22 15:05:00,24000,PE,390.1,401.83,391.15,394.6,561,51060,0.1408
2025-08-22 15:05:00,24050,CE,542.76,541.64,536.12,538.58,422,61356,0.144
2025-08-22 15:05:00,24050,PE,387.24,390.52,384.66,385.15,528,58612,0.1423
2025-08-22 15:05:00,24100,CE,507.45,509.75,499.19,508.38,644,67916,0.1425
2025-08-22 15:05:00,24100,PE,413.15,412.33,405.91,408.04,325,57724,0.1429
2025-08-22 15:05:00,24150,CE,434.58,435.96,424.56,432.06,681,78551,0.1442
2025-08-22 15:05:00,24150,PE,415.58,419.6,412.72,418.4,1114,74337,0.1413
2025-08-22 15:05:00,24200,CE,410.66,423.51,418.9,419.86,623,81819,0.1419
2025-08-22 15:05:00,24200,PE,442.21,449.45,442.34,444.13,160,84159,0.1431
2025-08-22 15:05:00,24250,CE,384.28,388.1,384.78,385.22,1380,76121,0.1392
2025-08-22 15:05:00,24250,PE,471.4,472.38,470.57,471.59,824,81034,0.1449
2025-08-22 15:05:00,24300,CE,389.72,399.14,393.23,396.44,593,72459,0.1411
2025-08-22 15:05:00,24300,PE,518.86,522.8,510.73,515.05,1157,66401,0.1432
2025-08-22 15:05:00,24350,CE,367.34,379.49,369.39,373.32,1023,61630,0.141
2025-08-22 15:05:00,24350,PE,591.18,587.43,582.08,586.42,365,62839,0.1449
2025-08-22 15:05:00,24400,CE,385.47,399.34,385.95,388.55,699,53043,0.1412
2025-08-22 15:05:00,24400,PE,630.53,636.46,627.28,635.43,479,50202,0.138
2025-08-22 15:05:00,24450,CE,386.21,389.93,384.97,385.91,466,48383,0.141
2025-08-22 15:05:00,24450,PE,684.65,702.23,689.04,689.87,457,52676,0.1416
2025-08-22 15:05:00,24500,CE,347.75,349.79,344.11,348.37,739,39693,0.1419
2025-08-22 15:05:00,24500,PE,712.98,720.26,714.52,716.18,156,51282,0.143
2025-08-22 15:05:00,24550,CE,417.86,419.02,413.59,415.95,509,44592,0.1439
2025-08-22 15:05:00,24550,PE,777.82,793.51,759.23,767.22,412,43783,0.1406
2025-08-22 15:05:00,24600,CE,374.32,375.33,374.03,374.27,44,48011,0.1425
2025-08-22 15:05:00,24600,PE,831.83,839.03,831.56,832.78,559,38265,0.1471
2025-08-22 15:05:00,24650,CE,363.23,369.67,363.33,366.18,262,40375,0.1405
2025-08-22 15:05:00,24650,PE,846.29,852.22,841.04,845.01,656,40586,0.1404
2025-08-22 15:05:00,24700,CE,412.22,412.14,402.29,409.01,37,32016,0.1434
2025-08-22 15:05:00,24700,PE,915.34,927.31,894.07,908.46,448,35837,0.1423
2025-08-22 15:05:00,24750,CE,390.34,400.94,388.17,396.03,556,30537,0.1408
2025-08-22 15:05:00,24750,PE,960.46,967.59,964.57,967.36,71,37722,0.1422
2025-08-22 15:05:00,24800,CE,418.39,425.43,422.48,423.79,399,30333,0.1397
2025-08-22 15:05:00,24800,PE,995.69,1011.36,999.76,1000.01,246,31622,0.1377
2025-08-22 15:05:00,24850,CE,389.77,398.59,386.58,391.58,374,28647,0.1428
2025-08-22 15:05:00,24850,PE,1075.53,1072.52,1063.97,1066.6,88,30304,0.1403
2025-08-22 15:05:00,24900,CE,418.43,422.73,414.43,416.65,179,25561,0.1424
2025-08-22 15:05:00,24900,PE,1132.32,1127.09,1118.66,1119.53,42,29201,0.142
2025-08-22 15:10:00,23500,CE,1077.39,1080.26,1068.18,1078.74,508,36226,0.1387
2025-08-22 15:10:00,23500,PE,387.71,383.31,381.96,381.98,132,27183,0.1394
2025-08-22 15:10:00,23550,CE,1011.57,1029.71,975.77,1016.6,59,30076,0.141
2025-08-22 15:10:00,23550,PE,378.08,383.89,381.18,383.42,168,29349,0.142
2025-08-22 15:10:00,23600,CE,1021.24,1019.22,1001.4,1006.3,236,27329,0.1439
2025-08-22 15:10:00,23600,PE,396.08,411.1,396.75,402.63,60,30529,0.1435
2025-08-22 15:10:00,23650,CE,962.43,977.63,945.17,956.36,258,32230,0.1429
2025-08-22 15:10:00,23650,PE,388.65,390.67,386.26,389.61,261,35351,0.1403
2025-08-22 15:10:00,23700,CE,865.22,881.58,867.72,874.88,268,34629,0.1436
2025-08-22 15:10:00,23700,PE,440.58,442.58,435.58,441.73,520,38760,0.1467
2025-08-22 15:10:00,23750,CE,836.32,848.35,820.7,838.39,20,31539,0.1423
2025-08-22 15:10:00,23750,PE,409.1,416.25,410.43,411.89,629,34860,0.1452
2025-08-22 15:10:00,23800,CE,779.61,798.72,781.32,787.84,249,38076,0.143
2025-08-22 15:10:00,23800,PE,423.8,435.23,430.35,431.3,600,35983,0.1412
2025-08-22 15:10:00,23850,CE,717.66,723.34,721.37,722.61,702,44323,0.1423
2025-08-22 15:10:00,23850,PE,417.91,427.96,415.81,421.79,609,40811,0.1448
2025-08-22 15:10:00,23900,CE,696.66,701.21,688.23,697.58,688,47537,0.1458
2025-08-22 15:10:00,23900,PE,388.54,385.0,383.22,384.86,754,49810,0.1447
2025-08-22 15:10:00,23950,CE,649.54,650.4,642.19,646.42,547,43911,0.1439
2025-08-22 15:10:00,23950,PE,397.45,390.45,387.12,389.83,826,47457,0.1434
2025-08-22 15:10:00,24000,CE,602.42,604.11,601.09,601.88,344,52929,0.1448
2025-08-22 15:10:00,24000,PE,415.17,416.34,411.77,415.88,1015,51554,0.1439
2025-08-22 15:10:00,24050,CE,513.72,521.61,515.91,517.52,192,61859,0.1407
2025-08-22 15:10:00,24050,PE,400.0,403.8,400.86,402.45,943,58200,0.1417
2025-08-22 15:10:00,24100,CE,504.63,497.63,487.92,492.69,30,67560,0.1431
2025-08-22 15:10:00,24100,PE,405.9,409.08,405.44,408.88,1258,58029,0.145
2025-08-22 15:10:00,24150,CE,444.76,463.32,444.81,447.74,910,78708,0.1429
2025-08-22 15:10:00,24150,PE,391.69,394.58,390.92,392.59,661,74823,0.1428
2025-08-22 15:10:00,24200,CE,392.55,394.24,390.53,392.4,297,81595,0.1431
2025-08-22 15:10:00,24200,PE,394.88,401.4,394.92,396.03,374,84576,0.141
2025-08-22 15:10:00,24250,CE,414.92,418.32,407.8,411.08,814,76341,0.144
2025-08-22 15:10:00,24250,PE,440.85,445.65,438.12,441.22,1370,80668,0.1416
2025-08-22 15:10:00,24300,CE,399.1,399.92,393.05,397.91,1250,72010,0.1401
2025-08-22 15:10:00,24300,PE,497.58,495.56,486.37,492.17,982,66644,0.1445
2025-08-22 15:10:00,24350,CE,413.35,406.86,403.64,405.21,949,61220,0.1384
2025-08-22 15:10:00,24350,PE,552.79,557.76,543.65,552.02,1101,63192,0.1426
2025-08-22 15:10:00,24400,CE,400.8,402.96,396.22,397.33,128,53111,0.1411
2025-08-22 15:10:00,24400,PE,581.51,588.04,574.91,576.65,843,50174,0.1419
2025-08-22 15:10:00,24450,CE,406.79,404.81,400.41,400.97,364,48113,0.1427
2025-08-22 15:10:00,24450,PE,680.32,691.14,671.05,685.75,488,53256,0.1421
2025-08-22 15:10:00,24500,CE,383.7,395.49,384.15,388.64,523,39959,0.1438
2025-08-22 15:10:00,24500,PE,693.68,711.82,703.69,705.38,668,51615,0.1437
2025-08-22 15:10:00,24550,CE,392.09,394.95,391.73,392.86,322,44914,0.1414
2025-08-22 15:10:00,24550,PE,756.51,766.42,755.58,757.84,266,43883,0.1398
2025-08-22 15:10:00,24600,CE,384.45,383.13,381.24,381.9,228,48538,0.1413
2025-08-22 15:10:00,24600,PE,801.36,818.75,802.52,804.98,535,38365,0.1408
2025-08-22 15:10:00,24650,CE,434.25,438.5,428.37,431.9,312,40399,0.1441
2025-08-22 15:10:00,24650,PE,839.07,849.85,838.63,841.49,532,40314,0.1409
2025-08-22 15:10:00,24700,CE,388.92,393.54,387.68,389.46,528,31754,0.1417
2025-08-22 15:10:00,24700,PE,895.85,899.53,893.98,894.43,98,36121,0.1409
2025-08-22 15:10:00,24750,CE,398.08,409.48,395.06,402.31,426,30338,0.1437
2025-08-22 15:10:00,24750,PE,962.71,963.77,949.24,960.07,391,37996,0.1456
2025-08-22 15:10:00,24800,CE,415.82,418.68,411.57,413.4,446,30876,0.1438
2025-08-22 15:10:00,24800,PE,997.77,1011.89,1010.57,1011.36,483,31549,0.1408
2025-08-22 15:10:00,24850,CE,394.65,401.72,392.77,393.76,129,28163,0.1411
2025-08-22 15:10:00,24850,PE,1064.56,1049.14,1035.68,1043.94,310,30503,0.1447
2025-08-22 15:10:00,24900,CE,392.02,388.24,382.18,385.1,352,24972,0.1379
2025-08-22 15:10:00,24900,PE,1103.32,1122.09,1097.56,1098.83,358,29545,0.1406
2025-08-22 15:15:00,23500,CE,1131.32,1149.69,1120.41,1127.47,376,36256,0.1469
2025-08-22 15:15:00,23500,PE,408.9,410.3,405.9,410.07,16,27170,0.1435
2025-08-22 15:15:00,23550,CE,1067.34,1092.41,1054.73,1062.66,355,30159,0.1433
2025-08-22 15:15:00,23550,PE,422.22,431.45,421.21,422.48,317,29368,0.1436
2025-08-22 15:15:00,23600,CE,1010.35,1006.26,992.2,995.56,323,27117,0.1428
2025-08-22 15:15:00,23600,PE,369.62,374.23,370.75,371.3,353,30266,0.139
2025-08-22 15:15:00,23650,CE,962.04,971.35,946.92,955.83,306,32128,0.1445
2025-08-22 15:15:00,23650,PE,392.38,388.41,384.83,388.21,440,35824,0.1442
2025-08-22 15:15:00,23700,CE,855.81,886.25,868.63,868.94,417,34191,0.1423
2025-08-22 15:15:00,23700,PE,415.59,423.28,416.24,416.68,439,38549,0.1421
2025-08-22 15:15:00,23750,CE,834.43,835.5,828.41,830.07,45,31169,0.1425
2025-08-22 15:15:00,23750,PE,412.73,415.65,411.06,415.58,698,34772,0.1418
2025-08-22 15:15:00,23800,CE,763.24,776.3,755.81,763.27,161,37636,0.1402
2025-08-22 15:15:00,23800,PE,381.61,386.09,379.33,382.09,493,36295,0.144
2025-08-22 15:15:00,23850,CE,741.18,731.53,726.04,728.1,295,43847,0.1391
2025-08-22 15:15:00,23850,PE,410.79,413.07,411.2,412.94,296,41009,0.141
2025-08-22 15:15:00,23900,CE,660.46,675.97,659.3,663.31,113,47258,0.1411
2025-08-22 15:15:00,23900,PE,400.0,409.48,405.73,405.93,16,49776,0.1475
2025-08-22 15:15:00,23950,CE,614.85,617.07,598.43,605.51,178,43550,0.1397
2025-08-22 15:15:00,23950,PE,367.94,368.79,363.38,365.91,124,47733,0.138
2025-08-22 15:15:00,24000,CE,577.25,589.13,572.55,575.54,535,53466,0.1415
2025-08-22 15:15:00,24000,PE,392.7,400.3,392.18,394.93,435,51220,0.1404
2025-08-22 15:15:00,24050,CE,554.7,566.31,549.21,553.09,261,62402,0.1433
2025-08-22 15:15:00,24050,PE,414.34,417.07,410.21,413.77,718,57990,0.1459
2025-08-22 15:15:00,24100,CE,487.66,487.15,481.39,483.55,903,67629,0.1422
2025-08-22 15:15:00,24100,PE,397.83,395.3,390.11,395.18,177,58270,0.1401
2025-08-22 15:15:00,24150,CE,418.98,417.7,411.64,417.24,211,78347,0.1396
2025-08-22 15:15:00,24150,PE,424.24,423.99,414.94,422.54,1139,74756,0.1429
2025-08-22 15:15:00,24200,CE,370.35,375.72,369.22,371.01,404,81076,0.1425
2025-08-22 15:15:00,24200,PE,441.12,445.57,439.62,441.0,1032,84812,0.1413
2025-08-22 15:15:00,24250,CE,366.19,375.1,366.5,371.85,317,76240,0.1436
2025-08-22 15:15:00,24250,PE,468.22,466.26,462.6,465.45,521,81137,0.1404
2025-08-22 15:15:00,24300,CE,430.93,432.72,423.42,428.53,1016,71738,0.1427
2025-08-22 15:15:00,24300,PE,520.68,528.23,512.76,520.33,667,67152,0.1422
2025-08-22 15:15:00,24350,CE,389.43,388.56,384.27,386.23,404,60789,0.1439
2025-08-22 15:15:00,24350,PE,614.61,630.22,616.93,623.24,351,63320,0.1456
2025-08-22 15:15:00,24400,CE,380.5,381.41,373.56,375.29,1011,52880,0.1386
2025-08-22 15:15:00,24400,PE,598.52,603.52,597.24,601.13,75,49792,0.1422
2025-08-22 15:15:00,24450,CE,400.89,412.42,396.3,403.67,390,47625,0.1417
2025-08-22 15:15:00,24450,PE,647.52,659.43,639.13,644.07,46,53442,0.1432
2025-08-22 15:15:00,24500,CE,413.55,412.97,405.68,410.27,700,39638,0.1438
2025-08-22 15:15:00,24500,PE,734.97,744.55,740.75,743.8,449,51702,0.1427
2025-08-22 15:15:00,24550,CE,413.65,413.56,411.6,413.38,525,45489,0.1406
2025-08-22 15:15:00,24550,PE,744.74,758.2,747.13,750.07,692,43662,0.1397
2025-08-22 15:15:00,24600,CE,409.7,414.37,406.76,414.18,706,47979,0.143
2025-08-22 15:15:00,24600,PE,797.48,810.4,802.03,802.53,696,37936,0.1433
2025-08-22 15:15:00,24650,CE,374.35,374.21,370.4,372.26,86,39942,0.1378
2025-08-22 15:15:00,24650,PE,872.67,874.84,849.78,861.88,91,40269,0.1422
2025-08-22 15:15:00,24700,CE,404.85,407.78,400.81,405.71,408,32047,0.1453
2025-08-22 15:15:00,24700,PE,920.68,923.28,908.37,917.45,20,35876,0.1427
2025-08-22 15:15:00,24750,CE,381.91,388.5,382.13,383.87,87,29913,0.1402
2025-08-22 15:15:00,24750,PE,992.56,1014.42,973.56,983.67,446,38164,0.1424
2025-08-22 15:15:00,24800,CE,440.15,439.94,438.67,438.81,125,30637,0.1419
2025-08-22 15:15:00,24800,PE,985.17,1000.42,988.03,991.43,520,31639,0.1425
2025-08-22 15:15:00,24850,CE,403.83,407.18,401.83,402.28,133,28683,0.1432
2025-08-22 15:15:00,24850,PE,1019.27,1036.39,1022.81,1025.68,112,30252,0.1383
2025-08-22 15:15:00,24900,CE,406.75,410.63,407.38,408.2,352,24986,0.1433
2025-08-22 15:15:00,24900,PE,1093.36,1109.97,1090.76,1104.28,42,29913,0.1425
2025-08-22 15:20:00,23500,CE,1088.77,1108.61,1095.82,1104.14,120,36486,0.1413
2025-08-22 15:20:00,23500,PE,402.47,404.72,396.9,400.13,173,27471,0.1423
2025-08-22 15:20:00,23550,CE,1096.4,1130.03,1090.82,1098.69,475,30486,0.1433
2025-08-22 15:20:00,23550,PE,414.76,415.83,411.44,413.0,487,29415,0.1437
2025-08-22 15:20:00,23600,CE,1061.3,1085.04,1047.7,1060.1,44,27160,0.1448
2025-08-22 15:20:00,23600,PE,371.66,376.39,374.78,374.9,262,30528,0.1411
2025-08-22 15:20:00,23650,CE,985.75,1004.63,983.64,984.77,154,32365,0.1426
2025-08-22 15:20:00,23650,PE,421.66,424.02,421.68,423.01,266,36028,0.1439
2025-08-22 15:20:00,23700,CE,900.89,919.35,897.31,907.15,269,34049,0.1423
2025-08-22 15:20:00,23700,PE,397.23,402.24,398.4,399.91,142,38943,0.1407
2025-08-22 15:20:00,23750,CE,876.57,879.69,860.6,872.96,56,30852,0.1469
2025-08-22 15:20:00,23750,PE,408.57,409.41,406.56,407.57,292,34358,0.1462
2025-08-22 15:20:00,23800,CE,813.13,833.68,813.43,813.84,659,37450,0.1375
2025-08-22 15:20:00,23800,PE,418.41,416.62,412.79,415.68,183,35999,0.1441
2025-08-22 15:20:00,23850,CE,748.15,755.81,733.2,743.33,158,44042,0.1402
2025-08-22 15:20:00,23850,PE,409.72,420.89,410.85,411.99,379,40686,0.1441
2025-08-22 15:20:00,23900,CE,736.33,742.41,723.87,736.75,734,47445,0.1427
2025-08-22 15:20:00,23900,PE,394.39,407.76,402.35,405.67,346,49791,0.1435
2025-08-22 15:20:00,23950,CE,675.9,691.39,674.3,678.58,606,43132,0.1418
2025-08-22 15:20:00,23950,PE,391.18,393.83,388.43,388.68,743,47443,0.1418
2025-08-22 15:20:00,24000,CE,629.87,638.02,629.15,636.36,45,53492,0.1432
2025-08-22 15:20:00,24000,PE,424.63,433.78,423.27,425.06,886,51499,0.145
2025-08-22 15:20:00,24050,CE,568.11,572.66,563.29,568.09,358,62279,0.1422
2025-08-22 15:20:00,24050,PE,388.78,395.33,390.73,392.91,676,57669,0.1401
2025-08-22 15:20:00,24100,CE,528.76,539.34,529.85,530.81,1040,67383,0.1464
2025-08-22 15:20:00,24100,PE,402.84,413.85,395.42,402.19,290,57784,0.1408
2025-08-22 15:20:00,24150,CE,470.32,472.02,466.67,467.53,1010,77777,0.1408
2025-08-22 15:20:00,24150,PE,413.01,413.22,406.31,406.79,1170,75323,0.1432
2025-08-22 15:20:00,24200,CE,448.07,450.42,434.28,438.94,212,80591,0.1433
2025-08-22 15:20:00,24200,PE,421.12,427.53,421.08,423.84,1583,84361,0.1442
2025-08-22 15:20:00,24250,CE,404.23,407.18,401.72,405.92,672,76685,0.1426
2025-08-22 15:20:00,24250,PE,421.13,423.53,407.53,416.74,247,81333,0.1382
2025-08-22 15:20:00,24300,CE,401.75,411.4,396.98,399.44,545,71661,0.1444
2025-08-22 15:20:00,24300,PE,469.83,469.07,460.63,466.74,1293,67330,0.1435
2025-08-22 15:20:00,24350,CE,390.17,396.95,389.96,391.22,402,61310,0.1429
2025-08-22 15:20:00,24350,PE,531.44,536.22,529.63,534.6,715,62839,0.1433
2025-08-22 15:20:00,24400,CE,397.02,391.27,388.69,390.95,437,52572,0.1405
2025-08-22 15:20:00,24400,PE,585.21,586.99,578.01,582.06,704,50224,0.1421
2025-08-22 15:20:00,24450,CE,414.42,425.52,416.04,419.32,53,47961,0.1422
2025-08-22 15:20:00,24450,PE,627.09,635.54,619.12,620.35,898,54035,0.1435
2025-08-22 15:20:00,24500,CE,386.22,402.98,385.98,388.84,595,39414,0.1435
2025-08-22 15:20:00,24500,PE,657.74,683.82,660.62,666.8,142,52235,0.138
2025-08-22 15:20:00,24550,CE,385.9,390.87,378.48,386.48,346,45301,0.1406
2025-08-22 15:20:00,24550,PE,756.12,750.05,744.82,748.04,605,43920,0.1447
2025-08-22 15:20:00,24600,CE,380.57,386.56,383.1,383.36,615,48438,0.14
2025-08-22 15:20:00,24600,PE,798.51,811.41,800.09,803.91,665,37540,0.1439
2025-08-22 15:20:00,24650,CE,426.34,419.24,418.28,418.68,129,39588,0.1424
2025-08-22 15:20:00,24650,PE,815.06,829.74,803.1,819.92,445,40366,0.1428
2025-08-22 15:20:00,24700,CE,394.45,399.09,390.92,395.33,565,32459,0.1406
2025-08-22 15:20:00,24700,PE,884.96,880.53,869.26,871.23,536,35370,0.1393
2025-08-22 15:20:00,24750,CE,405.9,404.26,393.89,397.5,432,30334,0.1403
2025-08-22 15:20:00,24750,PE,919.44,919.55,911.62,918.55,606,37975,0.1426
2025-08-22 15:20:00,24800,CE,417.96,417.45,414.3,416.88,453,30524,0.1444
2025-08-22 15:20:00,24800,PE,953.59,976.63,961.35,963.86,101,31446,0.143
2025-08-22 15:20:00,24850,CE,371.1,374.28,372.09,372.43,144,29176,0.1383
2025-08-22 15:20:00,24850,PE,1010.67,1035.63,1019.85,1031.39,103,29808,0.14
2025-08-22 15:20:00,24900,CE,400.43,405.79,399.92,403.31,305,25075,0.1384
2025-08-22 15:20:00,24900,PE,1070.41,1090.55,1057.09,1058.42,295,29490,0.1411
2025-08-22 15:25:00,23500,CE,1100.32,1115.61,1088.59,1099.61,256,37000,0.1424
2025-08-22 15:25:00,23500,PE,376.76,382.86,375.85,378.35,52,27828,0.143
2025-08-22 15:25:00,23550,CE,1096.93,1099.11,1096.42,1098.12,74,30166,0.1414
2025-08-22 15:25:00,23550,PE,390.57,405.6,394.15,395.62,478,29172,0.1413
2025-08-22 15:25:00,23600,CE,1003.27,1030.84,1006.78,1011.04,298,27017,0.1418
2025-08-22 15:25:00,23600,PE,399.3,403.2,395.42,399.57,349,30414,0.1419
2025-08-22 15:25:00,23650,CE,960.21,966.62,956.02,956.43,269,32745,0.142
2025-08-22 15:25:00,23650,PE,424.55,424.83,413.74,419.69,334,36105,0.1398
2025-08-22 15:25:00,23700,CE,901.78,914.27,911.09,911.83,512,33962,0.1456
2025-08-22 15:25:00,23700,PE,370.42,376.9,370.19,375.49,523,39206,0.1446
2025-08-22 15:25:00,23750,CE,873.3,882.72,871.54,878.13,599,30801,0.142
2025-08-22 15:25:00,23750,PE,393.32,393.28,389.81,391.93,382,33911,0.1407
2025-08-22 15:25:00,23800,CE,823.82,830.0,808.86,818.85,91,36978,0.1445
2025-08-22 15:25:00,23800,PE,439.03,451.54,433.92,437.75,463,35790,0.1445
2025-08-22 15:25:00,23850,CE,756.56,745.85,744.5,745.2,235,44165,0.1417
2025-08-22 15:25:00,23850,PE,400.24,404.38,397.88,399.8,319,40247,0.1437
2025-08-22 15:25:00,23900,CE,696.09,702.88,695.34,697.9,479,47505,0.1416
2025-08-22 15:25:00,23900,PE,433.27,443.29,439.1,442.38,130,49514,0.1415
2025-08-22 15:25:00,23950,CE,646.27,661.77,634.17,647.5,231,43366,0.1392
2025-08-22 15:25:00,23950,PE,397.66,401.8,398.58,399.44,242,46876,0.1432
2025-08-22 15:25:00,24000,CE,622.27,629.15,616.17,618.67,285,53454,0.1411
2025-08-22 15:25:00,24000,PE,391.97,398.05,389.78,394.57,790,50961,0.1427
2025-08-22 15:25:00,24050,CE,583.24,582.77,578.28,582.45,1005,62075,0.1417
2025-08-22 15:25:00,24050,PE,416.57,416.98,416.7,416.74,402,57087,0.1424
2025-08-22 15:25:00,24100,CE,537.43,541.27,531.19,536.22,370,67345,0.1427
2025-08-22 15:25:00,24100,PE,405.74,415.43,407.05,407.59,812,58104,0.143
2025-08-22 15:25:00,24150,CE,474.61,473.01,470.15,471.28,782,77297,0.1393
2025-08-22 15:25:00,24150,PE,398.41,401.59,397.79,401.44,591,75605,0.1444
2025-08-22 15:25:00,24200,CE,420.24,424.11,418.21,418.83,1115,80692,0.1449
2025-08-22 15:25:00,24200,PE,405.2,403.32,401.46,403.17,892,84366,0.1388
2025-08-22 15:25:00,24250,CE,397.65,404.53,392.37,398.34,1568,76804,0.1442
2025-08-22 15:25:00,24250,PE,420.42,423.31,420.54,420.85,952,81136,0.1384
2025-08-22 15:25:00,24300,CE,391.78,397.13,386.08,390.64,679,71913,0.1415
2025-08-22 15:25:00,24300,PE,490.1,499.46,485.77,490.62,1173,67665,0.1447
2025-08-22 15:25:00,24350,CE,411.29,413.53,402.85,410.83,801,61643,0.1435
2025-08-22 15:25:00,24350,PE,526.8,546.99,528.13,533.08,58,62562,0.1436
2025-08-22 15:25:00,24400,CE,384.02,386.63,382.52,384.79,273,52756,0.1418
2025-08-22 15:25:00,24400,PE,589.09,591.99,582.24,586.2,811,49801,0.141
2025-08-22 15:25:00,24450,CE,402.77,407.3,404.83,405.4,199,47955,0.1449
2025-08-22 15:25:00,24450,PE,649.82,651.93,629.61,644.97,937,53438,0.1405
2025-08-22 15:25:00,24500,CE,386.21,388.37,382.34,386.73,777,39046,0.1413
2025-08-22 15:25:00,24500,PE,676.24,678.52,667.21,673.11,247,52393,0.1459
2025-08-22 15:25:00,24550,CE,427.09,427.43,419.77,423.73,594,45750,0.1452
2025-08-22 15:25:00,24550,PE,756.82,748.51,736.9,745.86,17,43378,0.1414
2025-08-22 15:25:00,24600,CE,410.7,416.14,409.94,413.27,365,48508,0.141
2025-08-22 15:25:00,24600,PE,801.58,800.35,785.12,796.46,204,37704,0.1429
2025-08-22 15:25:00,24650,CE,388.27,393.48,381.32,387.77,193,40106,0.1362
2025-08-22 15:25:00,24650,PE,837.15,849.31,828.49,838.65,133,40552,0.1413
2025-08-22 15:25:00,24700,CE,368.84,369.61,361.49,366.87,350,31982,0.1417
2025-08-22 15:25:00,24700,PE,906.23,909.5,895.36,902.52,398,34946,0.1423
2025-08-22 15:25:00,24750,CE,401.51,409.4,399.4,404.88,335,30496,0.1424
2025-08-22 15:25:00,24750,PE,890.89,906.14,890.13,900.58,53,37633,0.1403
2025-08-22 15:25:00,24800,CE,384.3,390.51,377.61,382.66,177,31037,0.1414
2025-08-22 15:25:00,24800,PE,965.61,979.73,955.37,961.53,134,31950,0.1413
2025-08-22 15:25:00,24850,CE,406.62,399.56,394.49,399.45,295,29714,0.1417
2025-08-22 15:25:00,24850,PE,1057.5,1056.79,1035.63,1046.04,454,29559,0.1404
2025-08-22 15:25:00,24900,CE,416.74,418.9,409.87,414.55,293,25335,0.145
2025-08-22 15:25:00,24900,PE,1096.37,1121.44,1075.41,1097.94,48,29685,0.1432
