timestamp,strike,side,open,high,low,close,volume,oi,iv
2025-09-01 09:00:00,23500,CE,695.58,679.12,673.06,676.82,0,30800,0.1634
2025-09-01 09:00:00,23500,PE,378.69,386.24,380.02,381.53,0,31798,0.1628
2025-09-01 09:00:00,23550,CE,624.21,629.08,622.83,625.28,0,33386,0.1638
2025-09-01 09:00:00,23550,PE,399.54,405.64,397.27,399.86,0,31695,0.1648
2025-09-01 09:00:00,23600,CE,598.94,608.61,596.32,598.4,0,35565,0.1666
2025-09-01 09:00:00,23600,PE,394.34,397.65,388.68,393.57,0,37678,0.1647
2025-09-01 09:00:00,23650,CE,570.56,573.0,567.99,568.47,0,37602,0.1616
2025-09-01 09:00:00,23650,PE,361.15,362.14,358.21,358.48,0,37949,0.1621
2025-09-01 09:00:00,23700,CE,514.06,522.14,512.33,517.47,0,41142,0.1623
2025-09-01 09:00:00,23700,PE,408.85,416.84,414.0,414.26,0,43567,0.1658
2025-09-01 09:00:00,23750,CE,466.53,475.4,468.81,468.89,0,48329,0.1645
2025-09-01 09:00:00,23750,PE,391.02,391.99,389.97,390.07,0,48295,0.1656
2025-09-01 09:00:00,23800,CE,410.47,409.02,406.14,406.37,0,50761,0.1667
2025-09-01 09:00:00,23800,PE,365.02,367.46,362.53,365.89,0,54358,0.1666
2025-09-01 09:00:00,23850,CE,361.07,359.99,355.99,358.77,0,52872,0.1638
2025-09-01 09:00:00,23850,PE,400.25,408.95,401.17,401.99,0,52600,0.1618
2025-09-01 09:00:00,23900,CE,438.9,438.07,433.35,434.65,0,47592,0.168
2025-09-01 09:00:00,23900,PE,465.03,467.87,461.9,465.53,0,47412,0.1632
2025-09-01 09:00:00,23950,CE,390.64,397.35,388.62,392.36,0,40066,0.1682
2025-09-01 09:00:00,23950,PE,516.36,513.8,512.14,513.18,0,42741,0.1625
2025-09-01 09:00:00,24000,CE,403.43,401.08,390.14,399.86,0,40052,0.1622
2025-09-01 09:00:00,24000,PE,550.82,547.78,545.72,546.14,0,38713,0.1664
2025-09-01 09:00:00,24050,CE,386.77,387.72,382.71,384.39,0,37078,0.1633
2025-09-01 09:00:00,24050,PE,595.36,607.51,586.93,592.34,0,33605,0.164
2025-09-01 09:00:00,24100,CE,380.0,384.36,372.41,379.29,0,33288,0.162
2025-09-01 09:00:00,24100,PE,689.01,689.05,666.62,687.26,0,34784,0.1661
2025-09-01 09:00:00,24150,CE,372.95,380.57,371.19,374.26,0,30939,0.1668
2025-09-01 09:00:00,24150,PE,707.52,703.37,693.05,697.35,0,30486,0.1644
2025-09-01 09:00:00,24200,CE,382.98,379.66,374.46,377.49,0,27912,0.1641
2025-09-01 09:00:00,24200,PE,756.32,764.53,752.82,753.98,0,29952,0.1649
2025-09-01 09:00:00,24250,CE,391.98,398.25,389.38,392.96,0,28848,0.1657
2025-09-01 09:00:00,24250,PE,810.54,810.36,805.85,809.14,0,26575,0.1673
2025-09-01 09:00:00,24300,CE,400.46,400.37,394.7,397.45,0,25540,0.1666
2025-09-01 09:00:00,24300,PE,885.01,905.24,888.49,893.55,0,25381,0.168
2025-09-01 09:00:00,24350,CE,371.38,371.65,368.56,369.57,0,24738,0.1654
2025-09-01 09:00:00,24350,PE,904.06,909.5,891.0,907.67,0,24056,0.1665
2025-09-01 09:00:00,24400,CE,396.92,393.88,388.1,390.51,0,23905,0.1632
2025-09-01 09:00:00,24400,PE,959.96,962.54,960.68,961.68,0,24953,0.1673
2025-09-01 09:00:00,24450,CE,396.92,406.57,400.55,400.9,0,21122,0.1655
2025-09-01 09:00:00,24450,PE,1007.96,1025.46,1007.17,1016.53,0,20739,0.1613
2025-09-01 09:00:00,24500,CE,399.5,400.22,396.98,397.11,0,21116,0.1641
2025-09-01 09:00:00,24500,PE,1042.13,1048.63,1033.41,1045.71,0,20903,0.1672
2025-09-01 09:00:00,24550,CE,381.84,386.58,377.72,380.85,0,19686,0.1647
2025-09-01 09:00:00,24550,PE,1084.36,1130.29,1090.14,1096.76,0,18603,0.162
2025-09-01 09:00:00,24600,CE,375.35,377.39,372.2,376.36,0,17604,0.1644
2025-09-01 09:00:00,24600,PE,1154.97,1143.34,1133.89,1137.91,0,19126,0.1623
2025-09-01 09:00:00,24650,CE,383.0,378.89,376.07,377.42,0,19274,0.1645
2025-09-01 09:00:00,24650,PE,1246.69,1247.47,1227.98,1232.21,0,18565,0.1678
2025-09-01 09:00:00,24700,CE,358.37,358.31,354.39,355.67,0,18786,0.1615
2025-09-01 09:00:00,24700,PE,1256.74,1259.71,1247.54,1252.47,0,16219,0.163
2025-09-01 09:00:00,24750,CE,395.66,397.75,394.99,396.64,0,18801,0.1688
2025-09-01 09:00:00,24750,PE,1309.57,1315.13,1306.95,1312.89,0,17810,0.1694
2025-09-01 09:00:00,24800,CE,377.75,380.44,374.47,378.2,0,17068,0.1652
2025-09-01 09:00:00,24800,PE,1376.14,1371.64,1353.48,1366.54,0,17719,0.1651
2025-09-01 09:00:00,24850,CE,377.2,386.75,369.4,374.01,0,17614,0.1651
2025-09-01 09:00:00,24850,PE,1409.73,1414.37,1392.57,1399.27,0,17105,0.163
2025-09-01 09:00:00,24900,CE,369.29,372.28,363.51,369.6,0,15235,0.1642
2025-09-01 09:00:00,24900,PE,1467.55,1475.49,1442.81,1466.64,0,16227,0.1635
2025-09-01 09:05:00,23500,CE,675.72,675.36,670.26,673.55,0,30792,0.1636
2025-09-01 09:05:00,23500,PE,367.04,371.44,365.73,367.75,0,29671,0.1678
2025-09-01 09:05:00,23550,CE,655.78,654.36,643.08,646.93,0,35312,0.1633
2025-09-01 09:05:00,23550,PE,383.16,378.82,377.24,377.91,0,33858,0.1656
2025-09-01 09:05:00,23600,CE,584.09,583.49,578.14,579.9,0,37145,0.1664
2025-09-01 09:05:00,23600,PE,399.04,405.47,400.02,402.26,0,36787,0.1668
2025-09-01 09:05:00,23650,CE,524.29,530.36,528.6,528.77,0,38420,0.1677
2025-09-01 09:05:00,23650,PE,365.63,363.93,358.16,361.74,0,40099,0.1661
2025-09-01 09:05:00,23700,CE,463.69,478.02,462.6,465.82,0,42008,0.1636
2025-09-01 09:05:00,23700,PE,358.76,365.86,359.99,362.72,0,43538,0.1622
2025-09-01 09:05:00,23750,CE,447.35,448.33,446.55,446.65,0,48365,0.1665
2025-09-01 09:05:00,23750,PE,378.99,388.42,380.07,385.36,0,47604,0.1671
2025-09-01 09:05:00,23800,CE,395.01,403.01,394.19,395.24,0,52380,0.1641
2025-09-01 09:05:00,23800,PE,394.48,394.31,388.55,390.08,0,53390,0.1623
2025-09-01 09:05:00,23850,CE,404.48,404.21,398.48,398.52,0,49590,0.1647
2025-09-01 09:05:00,23850,PE,453.93,454.95,454.59,454.91,0,52714,0.1669
2025-09-01 09:05:00,23900,CE,396.79,401.14,396.41,396.45,0,46143,0.166
2025-09-01 09:05:00,23900,PE,438.99,442.56,432.33,435.69,0,46417,0.1642
2025-09-01 09:05:00,23950,CE,390.39,388.01,384.22,385.06,0,40728,0.161
2025-09-01 09:05:00,23950,PE,534.17,543.98,535.27,536.14,0,40501,0.1668
2025-09-01 09:05:00,24000,CE,385.71,393.0,386.14,386.76,0,37862,0.169
2025-09-01 09:05:00,24000,PE,556.14,558.05,554.15,556.55,0,39670,0.166
2025-09-01 09:05:00,24050,CE,370.82,380.05,368.97,372.38,0,33494,0.1643
2025-09-01 09:05:00,24050,PE,615.46,614.76,608.15,612.8,0,36082,0.1679
2025-09-01 09:05:00,24100,CE,369.3,379.21,374.69,376.13,0,34854,0.1627
2025-09-01 09:05:00,24100,PE,661.14,671.14,650.69,664.91,0,33640,0.1648
2025-09-01 09:05:00,24150,CE,393.84,395.75,387.76,391.48,0,29868,0.1656
2025-09-01 09:05:00,24150,PE,724.57,729.97,712.68,720.51,0,29867,0.1671
2025-09-01 09:05:00,24200,CE,402.2,402.98,399.25,402.01,0,28099,0.1664
2025-09-01 09:05:00,24200,PE,768.91,765.21,761.11,764.74,0,27363,0.1664
2025-09-01 09:05:00,24250,CE,411.76,417.48,413.4,413.63,0,27458,0.1647
2025-09-01 09:05:00,24250,PE,805.52,822.83,795.89,806.68,0,28188,0.1641
2025-09-01 09:05:00,24300,CE,386.94,391.2,388.83,389.01,0,25623,0.1643
2025-09-01 09:05:00,24300,PE,885.38,890.95,869.14,874.82,0,23754,0.1668
2025-09-01 09:05:00,24350,CE,360.88,363.34,361.56,361.95,0,25667,0.1667
2025-09-01 09:05:00,24350,PE,936.45,935.63,912.26,924.38,0,23816,0.1651
2025-09-01 09:05:00,24400,CE,387.14,391.69,383.33,387.18,0,23035,0.1683
2025-09-01 09:05:00,24400,PE,961.68,971.06,965.26,970.1,0,23028,0.1645
2025-09-01 09:05:00,24450,CE,401.05,400.42,395.53,397.56,0,22429,0.1652
2025-09-01 09:05:00,24450,PE,996.12,1007.48,990.06,1005.19,0,19963,0.1636
2025-09-01 09:05:00,24500,CE,356.02,358.4,356.22,357.22,0,19870,0.1611
2025-09-01 09:05:00,24500,PE,1041.0,1040.16,1025.3,1039.32,0,21284,0.1628
2025-09-01 09:05:00,24550,CE,351.98,357.4,346.57,350.09,0,19538,0.1663
2025-09-01 09:05:00,24550,PE,1125.73,1127.15,1111.39,1119.13,0,18463,0.1648
2025-09-01 09:05:00,24600,CE,373.1,380.69,370.86,376.25,0,20823,0.163
2025-09-01 09:05:00,24600,PE,1178.63,1183.57,1153.84,1171.95,0,18115,0.1674
2025-09-01 09:05:00,24650,CE,372.29,373.89,368.41,371.37,0,17269,0.169
2025-09-01 09:05:00,24650,PE,1187.41,1210.07,1182.75,1193.7,0,20356,0.1637
2025-09-01 09:05:00,24700,CE,385.83,393.56,388.46,389.32,0,16591,0.1651
2025-09-01 09:05:00,24700,PE,1233.26,1277.38,1244.86,1246.7,0,17914,0.166
2025-09-01 09:05:00,24750,CE,365.3,366.5,359.29,362.38,0,17085,0.166
2025-09-01 09:05:00,24750,PE,1296.37,1313.3,1286.1,1294.8,0,18890,0.1668
2025-09-01 09:05:00,24800,CE,377.91,386.08,374.67,375.43,0,18225,0.1642
2025-09-01 09:05:00,24800,PE,1358.32,1367.66,1341.69,1346.7,0,16378,0.1682
2025-09-01 09:05:00,24850,CE,361.53,366.46,360.49,363.41,0,14020,0.1608
2025-09-01 09:05:00,24850,PE,1407.13,1418.61,1393.1,1403.52,0,17054,0.164
2025-09-01 09:05:00,24900,CE,388.24,388.55,380.78,383.05,0,15873,0.1627
2025-09-01 09:05:00,24900,PE,1443.5,1474.78,1434.66,1448.14,0,13462,0.167
2025-09-01 09:10:00,23500,CE,720.28,714.62,711.76,713.0,0,29672,0.1681
2025-09-01 09:10:00,23500,PE,389.46,388.11,386.79,388.06,0,30273,0.1647
2025-09-01 09:10:00,23550,CE,668.21,681.95,660.78,664.11,0,34762,0.165
2025-09-01 09:10:00,23550,PE,413.47,417.05,408.4,408.84,0,32505,0.1658
2025-09-01 09:10:00,23600,CE,617.07,619.37,613.23,616.48,0,37541,0.1639
2025-09-01 09:10:00,23600,PE,392.55,391.63,384.49,390.86,0,34273,0.1663
2025-09-01 09:10:00,23650,CE,541.85,562.93,543.13,543.59,0,39107,0.166
2025-09-01 09:10:00,23650,PE,334.22,342.09,334.21,334.84,0,40870,0.1637
2025-09-01 09:10:00,23700,CE,498.33,503.12,495.52,497.39,0,43299,0.1618
2025-09-01 09:10:00,23700,PE,370.12,382.32,377.6,377.88,0,42719,0.1627
2025-09-01 09:10:00,23750,CE,445.5,455.45,441.49,442.02,0,46642,0.1654
2025-09-01 09:10:00,23750,PE,386.48,391.1,383.27,384.86,0,47460,0.1668
2025-09-01 09:10:00,23800,CE,369.23,370.71,361.15,368.44,0,51496,0.1612
2025-09-01 09:10:00,23800,PE,375.55,381.45,380.7,381.18,0,52561,0.1636
2025-09-01 09:10:00,23850,CE,363.8,375.24,361.94,368.72,0,49529,0.1683
2025-09-01 09:10:00,23850,PE,389.46,399.55,389.7,391.91,0,50299,0.1663
2025-09-01 09:10:00,23900,CE,393.3,395.88,382.18,388.48,0,47063,0.1647
2025-09-01 09:10:00,23900,PE,441.06,444.78,438.75,439.78,0,47837,0.1637
2025-09-01 09:10:00,23950,CE,379.03,384.6,380.9,383.01,0,41623,0.1632
2025-09-01 09:10:00,23950,PE,520.55,529.42,515.08,518.06,0,42595,0.1664
2025-09-01 09:10:00,24000,CE,350.98,349.32,346.81,348.77,0,38224,0.1652
2025-09-01 09:10:00,24000,PE,551.67,551.72,547.47,550.23,0,36901,0.1626
2025-09-01 09:10:00,24050,CE,364.65,363.91,360.72,362.72,0,37281,0.1612
2025-09-01 09:10:00,24050,PE,605.07,608.31,595.24,599.37,0,35285,0.1663
2025-09-01 09:10:00,24100,CE,379.7,383.94,376.65,377.32,0,31346,0.165
2025-09-01 09:10:00,24100,PE,633.96,641.08,636.58,639.31,0,30899,0.1658
2025-09-01 09:10:00,24150,CE,359.04,363.62,356.71,360.95,0,29506,0.1645
2025-09-01 09:10:00,24150,PE,741.54,740.87,728.55,737.54,0,31389,0.1677
2025-09-01 09:10:00,24200,CE,400.91,406.81,404.85,405.95,0,28080,0.1646
2025-09-01 09:10:00,24200,PE,781.97,794.03,786.86,788.35,0,28859,0.1639
2025-09-01 09:10:00,24250,CE,387.59,390.22,386.68,389.45,0,25725,0.1655
2025-09-01 09:10:00,24250,PE,842.8,845.76,829.42,835.4,0,28682,0.167
2025-09-01 09:10:00,24300,CE,423.13,423.14,421.23,422.52,0,27446,0.1688
2025-09-01 09:10:00,24300,PE,879.62,889.91,871.63,876.19,0,27346,0.166
2025-09-01 09:10:00,24350,CE,372.95,385.06,378.19,379.49,0,24697,0.1607
2025-09-01 09:10:00,24350,PE,911.52,924.63,902.89,916.33,0,22599,0.1698
2025-09-01 09:10:00,24400,CE,399.02,401.26,397.27,399.41,0,21470,0.1733
2025-09-01 09:10:00,24400,PE,973.39,988.04,977.1,977.94,0,21350,0.1648
2025-09-01 09:10:00,24450,CE,383.02,382.87,374.18,378.66,0,21878,0.1672
2025-09-01 09:10:00,24450,PE,992.78,1025.91,997.18,1005.41,0,23490,0.1656
2025-09-01 09:10:00,24500,CE,392.69,394.43,391.93,393.45,0,22083,0.1656
2025-09-01 09:10:00,24500,PE,1083.88,1099.06,1082.19,1089.18,0,20944,0.1672
2025-09-01 09:10:00,24550,CE,374.44,379.9,372.04,374.36,0,20982,0.163
2025-09-01 09:10:00,24550,PE,1089.54,1091.19,1083.48,1090.99,0,19863,0.1636
2025-09-01 09:10:00,24600,CE,377.47,377.74,372.79,373.53,0,19642,0.1639
2025-09-01 09:10:00,24600,PE,1180.47,1184.9,1167.93,1169.22,0,19433,0.1667
2025-09-01 09:10:00,24650,CE,389.02,396.64,389.89,389.9,0,18797,0.1653
2025-09-01 09:10:00,24650,PE,1217.89,1226.53,1210.13,1223.81,0,18247,0.1668
2025-09-01 09:10:00,24700,CE,384.17,390.04,384.46,385.37,0,18643,0.1644
2025-09-01 09:10:00,24700,PE,1287.28,1275.68,1269.44,1273.14,0,18130,0.1657
2025-09-01 09:10:00,24750,CE,375.17,377.92,375.63,376.52,0,16104,0.1626
2025-09-01 09:10:00,24750,PE,1316.68,1329.53,1319.48,1327.37,0,18813,0.1621
2025-09-01 09:10:00,24800,CE,396.78,399.13,397.18,399.0,0,16378,0.1656
2025-09-01 09:10:00,24800,PE,1353.1,1373.43,1353.65,1356.43,0,16831,0.1662
2025-09-01 09:10:00,24850,CE,371.87,373.75,372.8,373.39,0,15961,0.1648
2025-09-01 09:10:00,24850,PE,1429.63,1452.72,1430.59,1432.38,0,15123,0.1689
2025-09-01 09:10:00,24900,CE,377.5,381.04,376.9,378.7,0,13634,0.1659
2025-09-01 09:10:00,24900,PE,1478.83,1502.05,1488.34,1490.85,0,14164,0.1647
2025-09-01 09:15:00,23500,CE,633.22,648.91,638.04,639.17,811,48121,0.1452
2025-09-01 09:15:00,23500,PE,345.12,346.55,343.29,343.41,149,45801,0.1485
2025-09-01 09:15:00,23550,CE,614.86,615.44,609.44,614.46,249,49381,0.1477
2025-09-01 09:15:00,23550,PE,350.83,346.67,343.04,343.7,611,46180,0.1469
2025-09-01 09:15:00,23600,CE,572.8,577.0,567.68,574.64,969,55790,0.1465
2025-09-01 09:15:00,23600,PE,342.89,350.13,342.24,344.83,970,53097,0.1499
2025-09-01 09:15:00,23650,CE,508.19,509.53,500.87,504.94,819,61403,0.1458
2025-09-01 09:15:00,23650,PE,330.36,335.57,330.78,332.3,232,56412,0.1456
2025-09-01 09:15:00,23700,CE,463.99,468.02,464.53,467.7,1030,63578,0.1491
2025-09-01 09:15:00,23700,PE,344.41,347.43,341.17,342.24,249,62881,0.1467
2025-09-01 09:15:00,23750,CE,437.73,437.48,428.74,431.44,1017,71592,0.1495
2025-09-01 09:15:00,23750,PE,329.32,335.81,326.02,328.25,467,75178,0.1483
2025-09-01 09:15:00,23800,CE,346.85,352.97,347.49,348.71,1683,81586,0.1503
2025-09-01 09:15:00,23800,PE,319.27,319.21,315.14,316.88,418,84060,0.1474
2025-09-01 09:15:00,23850,CE,331.03,332.64,327.24,331.77,1197,78478,0.15
2025-09-01 09:15:00,23850,PE,368.33,372.12,366.8,371.43,362,75734,0.1492
2025-09-01 09:15:00,23900,CE,313.27,319.91,309.92,315.99,130,68770,0.1429
2025-09-01 09:15:00,23900,PE,396.38,399.15,392.67,393.73,82,70401,0.1437
2025-09-01 09:15:00,23950,CE,344.94,346.99,338.02,345.09,393,62054,0.1469
2025-09-01 09:15:00,23950,PE,492.29,500.04,490.84,497.02,212,59976,0.1466
2025-09-01 09:15:00,24000,CE,345.6,349.11,343.75,345.85,303,57929,0.1468
2025-09-01 09:15:00,24000,PE,529.15,537.86,530.71,534.92,1052,56086,0.1494
2025-09-01 09:15:00,24050,CE,342.92,341.44,339.85,340.87,115,53941,0.1486
2025-09-01 09:15:00,24050,PE,590.65,590.69,579.14,587.63,292,51994,0.1496
2025-09-01 09:15:00,24100,CE,329.52,330.89,329.01,330.36,212,46793,0.1498
2025-09-01 09:15:00,24100,PE,659.7,662.6,656.92,657.57,46,46715,0.1496
2025-09-01 09:15:00,24150,CE,363.89,375.06,363.22,364.76,552,45989,0.1488
2025-09-01 09:15:00,24150,PE,651.41,657.65,650.87,656.16,773,46592,0.1476
2025-09-01 09:15:00,24200,CE,336.26,337.54,330.51,335.96,728,40236,0.1458
2025-09-01 09:15:00,24200,PE,743.17,737.11,735.7,736.29,205,38752,0.1476
2025-09-01 09:15:00,24250,CE,346.46,343.16,338.43,342.67,124,35446,0.1477
2025-09-01 09:15:00,24250,PE,791.79,803.37,789.83,794.03,499,37142,0.1481
2025-09-01 09:15:00,24300,CE,338.68,344.57,334.08,338.74,337,34997,0.144
2025-09-01 09:15:00,24300,PE,835.0,838.05,832.77,833.49,356,35501,0.1491
2025-09-01 09:15:00,24350,CE,312.21,317.45,313.79,314.23,363,31806,0.1475
2025-09-01 09:15:00,24350,PE,891.13,907.21,897.66,900.74,555,33891,0.1518
2025-09-01 09:15:00,24400,CE,318.03,323.97,319.15,319.7,405,34800,0.1478
2025-09-01 09:15:00,24400,PE,955.57,971.43,942.58,951.03,60,30534,0.1452
2025-09-01 09:15:00,24450,CE,350.3,351.29,340.77,348.82,300,31632,0.1465
2025-09-01 09:15:00,24450,PE,964.69,971.9,955.11,961.14,263,27751,0.1464
2025-09-01 09:15:00,24500,CE,336.82,343.89,338.04,341.27,360,29925,0.1481
2025-09-01 09:15:00,24500,PE,1037.01,1049.32,1018.74,1040.61,16,31688,0.1498
2025-09-01 09:15:00,24550,CE,333.51,335.21,331.47,333.32,438,26429,0.1479
2025-09-01 09:15:00,24550,PE,1068.8,1101.03,1071.81,1090.25,304,29632,0.1493
2025-09-01 09:15:00,24600,CE,337.02,337.81,331.68,335.85,214,24017,0.1452
2025-09-01 09:15:00,24600,PE,1146.73,1196.79,1159.81,1161.21,194,25672,0.1496
2025-09-01 09:15:00,24650,CE,339.62,340.6,338.99,339.48,366,22453,0.1477
2025-09-01 09:15:00,24650,PE,1182.28,1183.07,1181.69,1182.75,425,24543,0.1437
2025-09-01 09:15:00,24700,CE,327.27,338.05,324.66,330.25,169,23251,0.1428
2025-09-01 09:15:00,24700,PE,1245.41,1266.7,1221.6,1230.28,16,25548,0.1451
2025-09-01 09:15:00,24750,CE,338.88,348.47,336.62,340.48,306,22217,0.1466
2025-09-01 09:15:00,24750,PE,1272.49,1281.15,1234.3,1262.76,57,25388,0.1445
2025-09-01 09:15:00,24800,CE,326.79,338.17,332.87,334.97,275,21326,0.1474
2025-09-01 09:15:00,24800,PE,1311.05,1324.54,1311.96,1320.33,266,20917,0.1455
2025-09-01 09:15:00,24850,CE,338.77,344.21,342.07,343.79,243,21735,0.147
2025-09-01 09:15:00,24850,PE,1378.4,1389.4,1375.6,1381.94,77,22706,0.1479
2025-09-01 09:15:00,24900,CE,368.98,377.73,364.08,367.07,71,23347,0.1495
2025-09-01 09:15:00,24900,PE,1448.61,1449.94,1446.22,1446.3,42,22896,0.1481
2025-09-01 09:20:00,23500,CE,668.63,666.66,660.78,666.44,250,48150,0.149
2025-09-01 09:20:00,23500,PE,351.15,366.08,345.91,352.76,717,46374,0.1505
2025-09-01 09:20:00,23550,CE,609.05,616.46,607.5,612.14,464,49136,0.1478
2025-09-01 09:20:00,23550,PE,352.95,360.08,355.76,356.65,685,46779,0.1478
2025-09-01 09:20:00,23600,CE,571.46,574.7,568.22,571.57,312,55652,0.152
2025-09-01 09:20:00,23600,PE,333.0,334.4,331.13,331.39,838,52811,0.1514
2025-09-01 09:20:00,23650,CE,522.14,532.6,514.61,524.06,639,61262,0.1476
2025-09-01 09:20:00,23650,PE,345.28,351.91,340.43,343.37,578,56514,0.1464
2025-09-01 09:20:00,23700,CE,461.42,464.0,458.49,461.4,660,63546,0.1489
2025-09-01 09:20:00,23700,PE,362.48,363.97,358.52,360.03,494,62341,0.1451
2025-09-01 09:20:00,23750,CE,414.31,414.7,413.31,414.2,1132,71419,0.1483
2025-09-01 09:20:00,23750,PE,369.95,367.89,362.45,366.24,127,75168,0.1473
2025-09-01 09:20:00,23800,CE,366.66,365.65,361.67,364.23,1389,81781,0.147
2025-09-01 09:20:00,23800,PE,361.59,367.35,358.74,363.04,1014,84603,0.1497
2025-09-01 09:20:00,23850,CE,346.38,352.93,347.71,349.48,1096,79025,0.1458
2025-09-01 09:20:00,23850,PE,359.31,366.69,357.22,358.28,1449,75750,0.1457
2025-09-01 09:20:00,23900,CE,337.22,335.36,333.23,335.13,119,68852,0.1457
2025-09-01 09:20:00,23900,PE,407.39,410.73,408.14,409.7,1319,70638,0.1462
2025-09-01 09:20:00,23950,CE,350.0,352.66,347.7,350.54,286,62456,0.1489
2025-09-01 09:20:00,23950,PE,491.42,500.37,494.75,498.13,1028,60270,0.1502
2025-09-01 09:20:00,24000,CE,368.33,368.32,365.5,368.22,186,58193,0.1468
2025-09-01 09:20:00,24000,PE,576.68,584.33,568.9,572.31,944,56022,0.1488
2025-09-01 09:20:00,24050,CE,335.47,341.36,335.66,336.01,678,54383,0.1469
2025-09-01 09:20:00,24050,PE,588.02,588.02,579.36,582.77,724,52189,0.1489
2025-09-01 09:20:00,24100,CE,358.85,364.36,357.81,359.66,381,46384,0.1473
2025-09-01 09:20:00,24100,PE,633.93,630.94,628.42,630.59,252,46833,0.1449
2025-09-01 09:20:00,24150,CE,350.26,358.49,353.2,353.23,607,45761,0.1499
2025-09-01 09:20:00,24150,PE,675.34,705.19,663.92,680.57,321,46235,0.1494
2025-09-01 09:20:00,24200,CE,343.48,344.24,339.2,339.87,273,40414,0.1476
2025-09-01 09:20:00,24200,PE,734.95,736.29,730.0,731.62,13,38922,0.1452
2025-09-01 09:20:00,24250,CE,322.9,327.07,319.98,324.8,54,35991,0.1462
2025-09-01 09:20:00,24250,PE,781.59,784.19,777.15,781.76,524,37713,0.1443
2025-09-01 09:20:00,24300,CE,367.41,376.34,362.29,369.33,249,34887,0.146
2025-09-01 09:20:00,24300,PE,806.15,816.58,800.08,809.89,321,35115,0.1462
2025-09-01 09:20:00,24350,CE,339.12,343.04,337.47,340.4,447,31374,0.1471
2025-09-01 09:20:00,24350,PE,872.72,877.25,863.95,868.46,523,34460,0.1468
2025-09-01 09:20:00,24400,CE,328.72,331.22,328.6,330.73,157,34675,0.1441
2025-09-01 09:20:00,24400,PE,918.69,927.47,916.86,927.09,29,30345,0.1485
2025-09-01 09:20:00,24450,CE,345.5,352.57,341.54,345.44,122,31777,0.1493
2025-09-01 09:20:00,24450,PE,980.5,977.2,962.66,972.84,434,27219,0.1479
2025-09-01 09:20:00,24500,CE,346.73,349.24,346.07,349.05,97,30101,0.1464
2025-09-01 09:20:00,24500,PE,1027.98,1019.43,1003.79,1010.19,242,32138,0.1464
2025-09-01 09:20:00,24550,CE,335.75,338.15,332.76,336.11,391,26698,0.1483
2025-09-01 09:20:00,24550,PE,1097.5,1120.86,1082.09,1096.52,481,29532,0.1511
2025-09-01 09:20:00,24600,CE,323.23,327.24,322.62,325.85,312,23556,0.1489
2025-09-01 09:20:00,24600,PE,1151.92,1169.17,1146.29,1155.22,52,25361,0.1477
2025-09-01 09:20:00,24650,CE,344.86,346.86,340.72,343.42,138,22171,0.1456
2025-09-01 09:20:00,24650,PE,1146.79,1153.07,1139.94,1149.36,305,24404,0.1465
2025-09-01 09:20:00,24700,CE,332.71,332.89,326.91,329.84,304,22811,0.149
2025-09-01 09:20:00,24700,PE,1258.42,1241.3,1233.13,1236.34,157,25638,0.1488
2025-09-01 09:20:00,24750,CE,357.55,362.4,353.03,354.91,410,22056,0.1487
2025-09-01 09:20:00,24750,PE,1236.42,1261.6,1250.48,1259.65,238,25383,0.1466
2025-09-01 09:20:00,24800,CE,357.48,352.95,350.55,352.51,11,21068,0.1491
2025-09-01 09:20:00,24800,PE,1284.92,1296.4,1261.15,1284.09,118,20861,0.1464
2025-09-01 09:20:00,24850,CE,338.68,345.37,334.35,338.03,75,21990,0.1431
2025-09-01 09:20:00,24850,PE,1364.04,1395.89,1364.62,1365.54,184,22211,0.1457
2025-09-01 09:20:00,24900,CE,314.45,318.81,314.34,316.72,134,23359,0.149
2025-09-01 09:20:00,24900,PE,1423.91,1449.22,1405.24,1432.66,85,23037,0.1453
2025-09-01 09:25:00,23500,CE,662.24,655.25,649.72,651.98,673,48351,0.1483
2025-09-01 09:25:00,23500,PE,336.63,342.85,336.71,339.8,595,46881,0.1495
2025-09-01 09:25:00,23550,CE,593.78,618.12,594.4,599.35,513,49473,0.15
2025-09-01 09:25:00,23550,PE,325.76,326.98,317.77,325.72,341,47065,0.1491
2025-09-01 09:25:00,23600,CE,546.06,560.46,553.38,555.6,628,56093,0.1462
2025-09-01 09:25:00,23600,PE,354.0,358.9,355.41,356.44,97,53308,0.1499
2025-09-01 09:25:00,23650,CE,467.45,469.25,459.42,467.3,291,61669,0.1476
2025-09-01 09:25:00,23650,PE,375.24,378.0,374.26,375.96,466,56650,0.1479
2025-09-01 09:25:00,23700,CE,421.23,427.61,418.5,419.95,468,63957,0.1479
2025-09-01 09:25:00,23700,PE,359.76,366.54,361.4,361.51,991,62132,0.1491
2025-09-01 09:25:00,23750,CE,375.32,377.94,371.54,372.92,231,71961,0.149
2025-09-01 09:25:00,23750,PE,336.16,340.77,336.25,340.76,1530,74776,0.1496
2025-09-01 09:25:00,23800,CE,323.51,322.67,316.45,321.63,571,81456,0.1484
2025-09-01 09:25:00,23800,PE,359.14,355.91,353.66,354.74,417,84193,0.1447
2025-09-01 09:25:00,23850,CE,336.79,332.77,329.97,332.68,1087,79357,0.1479
2025-09-01 09:25:00,23850,PE,419.48,418.5,413.99,415.37,907,75671,0.1453
2025-09-01 09:25:00,23900,CE,333.42,338.65,334.26,335.08,1263,69137,0.1459
2025-09-01 09:25:00,23900,PE,474.83,473.3,466.08,472.24,96,70650,0.1471
2025-09-01 09:25:00,23950,CE,350.02,352.67,346.94,348.85,210,62339,0.1466
2025-09-01 09:25:00,23950,PE,493.2,502.31,488.96,498.25,461,60745,0.1482
2025-09-01 09:25:00,24000,CE,332.48,338.77,335.99,336.36,844,58111,0.1497
2025-09-01 09:25:00,24000,PE,570.12,576.87,567.47,567.58,794,56164,0.1483
2025-09-01 09:25:00,24050,CE,340.16,345.14,340.42,342.39,521,54813,0.1445
2025-09-01 09:25:00,24050,PE,562.33,565.25,558.76,564.11,585,51844,0.1477
2025-09-01 09:25:00,24100,CE,338.66,338.8,338.55,338.56,344,46267,0.1487
2025-09-01 09:25:00,24100,PE,647.34,650.8,639.58,646.4,720,46406,0.1526
2025-09-01 09:25:00,24150,CE,351.9,356.14,345.76,349.9,380,45812,0.147
2025-09-01 09:25:00,24150,PE,696.9,696.12,693.86,695.44,748,46582,0.1504
2025-09-01 09:25:00,24200,CE,319.56,332.61,316.69,323.04,198,39880,0.1447
2025-09-01 09:25:00,24200,PE,758.88,759.2,743.98,756.37,102,38394,0.1453
2025-09-01 09:25:00,24250,CE,360.84,366.01,357.33,358.12,281,36280,0.1502
2025-09-01 09:25:00,24250,PE,796.6,816.39,800.19,808.04,449,37964,0.1516
2025-09-01 09:25:00,24300,CE,349.35,348.84,344.94,348.35,341,34769,0.1497
2025-09-01 09:25:00,24300,PE,852.49,886.32,865.51,865.53,524,34947,0.148
2025-09-01 09:25:00,24350,CE,319.14,322.35,315.29,320.37,352,31112,0.147
2025-09-01 09:25:00,24350,PE,910.54,922.5,912.99,917.17,224,33934,0.1531
2025-09-01 09:25:00,24400,CE,356.36,358.36,351.89,352.83,346,34691,0.1467
2025-09-01 09:25:00,24400,PE,954.63,969.85,939.97,950.18,184,30484,0.1486
2025-09-01 09:25:00,24450,CE,312.97,317.62,311.02,312.82,77,32215,0.1441
2025-09-01 09:25:00,24450,PE,995.66,993.66,984.38,991.84,25,27269,0.1489
2025-09-01 09:25:00,24500,CE,346.72,346.14,344.95,345.1,141,29683,0.1471
2025-09-01 09:25:00,24500,PE,1055.84,1055.71,1045.87,1047.66,93,31907,0.1447
2025-09-01 09:25:00,24550,CE,337.46,342.13,333.59,337.5,307,27040,0.1512
2025-09-01 09:25:00,24550,PE,1109.84,1106.73,1097.56,1104.08,449,29673,0.1484
2025-09-01 09:25:00,24600,CE,324.18,333.41,330.19,330.33,231,23881,0.1443
2025-09-01 09:25:00,24600,PE,1155.48,1149.05,1146.38,1147.56,374,25257,0.1456
2025-09-01 09:25:00,24650,CE,328.61,329.3,329.01,329.29,187,21652,0.1447
2025-09-01 09:25:00,24650,PE,1201.84,1240.82,1208.84,1216.22,14,24874,0.1484
2025-09-01 09:25:00,24700,CE,354.95,358.04,354.98,355.3,365,22630,0.149
2025-09-01 09:25:00,24700,PE,1245.77,1256.5,1227.32,1238.39,397,25138,0.1458
2025-09-01 09:25:00,24750,CE,311.28,321.48,311.81,313.44,387,22160,0.146
2025-09-01 09:25:00,24750,PE,1305.36,1297.77,1274.45,1292.79,214,25675,0.1445
2025-09-01 09:25:00,24800,CE,344.25,340.62,329.82,336.69,93,21041,0.148
2025-09-01 09:25:00,24800,PE,1358.28,1352.3,1343.12,1350.04,94,20997,0.1452
2025-09-01 09:25:00,24850,CE,332.49,331.23,329.85,330.92,159,21890,0.1454
2025-09-01 09:25:00,24850,PE,1379.1,1403.86,1363.64,1389.17,280,22587,0.1461
2025-09-01 09:25:00,24900,CE,337.76,342.45,337.66,341.55,310,23699,0.1504
2025-09-01 09:25:00,24900,PE,1435.76,1467.78,1449.99,1455.99,69,23300,0.1487
2025-09-01 09:30:00,23500,CE,622.9,619.79,619.1,619.13,629,47774,0.1464
2025-09-01 09:30:00,23500,PE,370.61,368.99,366.75,367.59,182,46900,0.1506
2025-09-01 09:30:00,23550,CE,580.56,594.66,579.46,581.63,305,49815,0.1462
2025-09-01 09:30:00,23550,PE,340.96,342.65,339.15,342.0,746,46758,0.1458
2025-09-01 09:30:00,23600,CE,532.15,543.9,528.06,536.52,36,55804,0.1539
2025-09-01 09:30:00,23600,PE,341.67,345.73,341.41,344.19,969,53793,0.1456
2025-09-01 09:30:00,23650,CE,479.03,485.52,468.5,478.98,615,62079,0.1483
2025-09-01 09:30:00,23650,PE,341.68,341.69,338.92,340.61,688,57235,0.1466
2025-09-01 09:30:00,23700,CE,423.11,427.42,418.91,424.47,228,63953,0.1492
2025-09-01 09:30:00,23700,PE,335.06,339.58,334.64,335.49,265,61681,0.1465
2025-09-01 09:30:00,23750,CE,381.12,383.99,382.75,383.09,265,71370,0.1461
2025-09-01 09:30:00,23750,PE,351.52,355.06,349.03,350.32,1492,75023,0.1482
2025-09-01 09:30:00,23800,CE,349.12,349.85,346.1,347.29,876,81836,0.1525
2025-09-01 09:30:00,23800,PE,344.24,347.12,342.35,343.53,993,84106,0.1467
2025-09-01 09:30:00,23850,CE,342.86,342.01,340.99,341.52,726,79267,0.1472
2025-09-01 09:30:00,23850,PE,411.27,416.3,406.77,407.64,612,76079,0.1489
2025-09-01 09:30:00,23900,CE,356.3,354.8,351.0,353.24,1248,68760,0.1511
2025-09-01 09:30:00,23900,PE,462.51,469.01,455.97,459.66,951,70126,0.1467
2025-09-01 09:30:00,23950,CE,336.29,337.88,334.01,334.85,909,62897,0.1468
2025-09-01 09:30:00,23950,PE,524.51,540.43,520.65,522.37,828,60795,0.1477
2025-09-01 09:30:00,24000,CE,376.92,382.32,375.92,377.48,971,58437,0.1498
2025-09-01 09:30:00,24000,PE,558.05,576.57,558.74,566.57,807,56709,0.1475
2025-09-01 09:30:00,24050,CE,347.3,353.2,345.1,348.6,509,55185,0.1469
2025-09-01 09:30:00,24050,PE,625.27,625.36,616.74,621.56,835,51805,0.1473
2025-09-01 09:30:00,24100,CE,339.55,338.38,336.68,338.28,622,46444,0.1443
2025-09-01 09:30:00,24100,PE,664.78,675.01,659.56,669.83,840,46564,0.15
2025-09-01 09:30:00,24150,CE,369.08,379.31,368.22,371.32,569,46322,0.1518
2025-09-01 09:30:00,24150,PE,690.77,690.24,681.53,686.33,20,46151,0.1469
2025-09-01 09:30:00,24200,CE,318.9,319.05,317.97,318.63,246,40114,0.1485
2025-09-01 09:30:00,24200,PE,755.4,759.87,746.83,750.62,324,38829,0.1479
2025-09-01 09:30:00,24250,CE,357.52,365.25,357.64,358.28,63,36110,0.148
2025-09-01 09:30:00,24250,PE,808.7,837.03,807.87,817.7,108,38213,0.1459
2025-09-01 09:30:00,24300,CE,334.2,347.69,338.37,339.62,178,34468,0.1464
2025-09-01 09:30:00,24300,PE,863.04,870.16,861.46,861.81,390,34452,0.147
2025-09-01 09:30:00,24350,CE,326.39,333.33,324.17,327.91,553,30542,0.1477
2025-09-01 09:30:00,24350,PE,884.46,889.81,879.28,880.36,210,33969,0.1476
2025-09-01 09:30:00,24400,CE,345.93,352.16,350.07,351.19,14,34153,0.1495
2025-09-01 09:30:00,24400,PE,932.56,934.29,909.95,920.72,551,30594,0.147
2025-09-01 09:30:00,24450,CE,369.73,369.75,366.33,369.59,24,32065,0.1482
2025-09-01 09:30:00,24450,PE,985.59,1011.32,991.48,992.7,183,26677,0.1488
2025-09-01 09:30:00,24500,CE,310.39,309.32,304.95,308.93,292,29354,0.1455
2025-09-01 09:30:00,24500,PE,1049.29,1059.43,1045.37,1053.64,330,32193,0.1494
2025-09-01 09:30:00,24550,CE,355.33,363.66,355.15,356.22,205,26894,0.1484
2025-09-01 09:30:00,24550,PE,1120.49,1119.03,1100.47,1109.79,309,29943,0.1473
2025-09-01 09:30:00,24600,CE,335.36,339.26,333.09,337.08,186,24258,0.1458
2025-09-01 09:30:00,24600,PE,1191.42,1191.14,1180.93,1184.12,136,25613,0.1485
2025-09-01 09:30:00,24650,CE,365.76,370.3,356.36,361.28,167,21856,0.1498
2025-09-01 09:30:00,24650,PE,1203.32,1230.14,1202.36,1211.8,437,25169,0.1484
2025-09-01 09:30:00,24700,CE,366.1,373.64,360.21,364.68,138,22713,0.1482
2025-09-01 09:30:00,24700,PE,1229.93,1240.13,1235.93,1237.3,89,25095,0.1435
2025-09-01 09:30:00,24750,CE,336.14,339.88,333.22,336.39,252,21634,0.1453
2025-09-01 09:30:00,24750,PE,1311.0,1334.83,1316.64,1324.81,165,26245,0.1479
2025-09-01 09:30:00,24800,CE,356.95,353.56,350.8,352.7,385,21449,0.1467
2025-09-01 09:30:00,24800,PE,1358.91,1364.81,1339.88,1357.96,279,21203,0.1513
2025-09-01 09:30:00,24850,CE,352.17,354.36,348.39,352.11,201,22062,0.1481
2025-09-01 09:30:00,24850,PE,1402.46,1397.52,1391.74,1392.33,93,22679,0.1489
2025-09-01 09:30:00,24900,CE,351.83,352.87,344.44,348.05,202,23212,0.1471
2025-09-01 09:30:00,24900,PE,1453.72,1465.22,1450.67,1453.47,105,23083,0.149
2025-09-01 09:35:00,23500,CE,634.11,646.57,635.25,636.19,586,47581,0.1452
2025-09-01 09:35:00,23500,PE,364.47,370.96,358.86,364.3,192,47252,0.1486
2025-09-01 09:35:00,23550,CE,607.76,608.25,601.63,606.27,477,49940,0.1473
2025-09-01 09:35:00,23550,PE,346.76,351.18,346.72,349.21,325,46635,0.1501
2025-09-01 09:35:00,23600,CE,564.45,574.22,558.99,563.01,599,55597,0.15
2025-09-01 09:35:00,23600,PE,337.51,338.22,334.7,335.38,976,54217,0.1454
2025-09-01 09:35:00,23650,CE,489.95,505.76,491.37,491.82,1102,62421,0.1499
2025-09-01 09:35:00,23650,PE,341.34,345.51,342.58,344.75,114,57610,0.1484
2025-09-01 09:35:00,23700,CE,465.88,479.92,464.95,469.19,332,63827,0.1477
2025-09-01 09:35:00,23700,PE,329.18,338.09,332.26,332.92,550,61656,0.1479
2025-09-01 09:35:00,23750,CE,369.02,375.14,366.05,370.06,1187,71457,0.1445
2025-09-01 09:35:00,23750,PE,342.92,347.59,338.32,341.89,799,74653,0.1455
2025-09-01 09:35:00,23800,CE,354.19,353.19,346.26,351.01,1389,81670,0.1491
2025-09-01 09:35:00,23800,PE,337.83,336.72,333.78,335.0,1164,84095,0.1472
2025-09-01 09:35:00,23850,CE,343.81,350.89,343.93,346.13,1037,79471,0.1492
2025-09-01 09:35:00,23850,PE,379.75,380.89,378.99,380.44,886,76018,0.1439
2025-09-01 09:35:00,23900,CE,340.84,339.22,336.07,337.68,977,68345,0.1503
2025-09-01 09:35:00,23900,PE,444.09,450.37,440.74,441.34,1323,70036,0.1471
2025-09-01 09:35:00,23950,CE,327.22,333.46,324.37,331.6,1177,62934,0.1477
2025-09-01 09:35:00,23950,PE,475.04,485.74,477.1,479.6,172,60975,0.1484
2025-09-01 09:35:00,24000,CE,349.09,352.77,347.96,352.18,563,58861,0.1471
2025-09-01 09:35:00,24000,PE,526.46,526.41,518.9,523.67,897,56387,0.1487
2025-09-01 09:35:00,24050,CE,339.32,341.9,332.73,335.58,745,55256,0.1442
2025-09-01 09:35:00,24050,PE,551.45,556.68,554.02,554.7,450,51705,0.1475
2025-09-01 09:35:00,24100,CE,334.39,339.14,334.44,338.42,601,46668,0.1475
2025-09-01 09:35:00,24100,PE,623.14,628.6,618.06,622.04,774,47013,0.1467
2025-09-01 09:35:00,24150,CE,342.59,340.23,333.6,338.31,207,46294,0.1464
2025-09-01 09:35:00,24150,PE,683.11,679.06,675.03,677.75,802,46564,0.1471
2025-09-01 09:35:00,24200,CE,315.31,316.9,313.53,316.13,343,39516,0.145
2025-09-01 09:35:00,24200,PE,711.48,740.75,717.28,722.15,181,39323,0.1482
2025-09-01 09:35:00,24250,CE,351.24,354.35,349.67,354.13,495,36456,0.1448
2025-09-01 09:35:00,24250,PE,778.47,781.57,765.51,773.82,542,37773,0.1457
2025-09-01 09:35:00,24300,CE,315.82,321.39,315.52,317.35,386,34678,0.1461
2025-09-01 09:35:00,24300,PE,826.03,835.02,832.56,832.72,71,34469,0.1443
2025-09-01 09:35:00,24350,CE,347.61,351.85,346.14,346.95,171,31106,0.1499
2025-09-01 09:35:00,24350,PE,885.01,893.94,865.99,885.33,161,33734,0.147
2025-09-01 09:35:00,24400,CE,340.39,338.02,335.01,335.23,512,34283,0.146
2025-09-01 09:35:00,24400,PE,908.43,954.65,914.64,921.46,545,30621,0.1486
2025-09-01 09:35:00,24450,CE,344.38,348.29,342.6,345.76,109,31730,0.1432
2025-09-01 09:35:00,24450,PE,966.22,989.27,966.32,968.13,98,27053,0.1452
2025-09-01 09:35:00,24500,CE,320.18,328.34,321.97,321.98,20,29645,0.1442
2025-09-01 09:35:00,24500,PE,1062.48,1066.39,1045.03,1054.37,232,32245,0.1471
2025-09-01 09:35:00,24550,CE,350.66,352.97,350.51,352.41,408,27426,0.1448
2025-09-01 09:35:00,24550,PE,1064.47,1082.76,1058.09,1062.32,145,30454,0.1476
2025-09-01 09:35:00,24600,CE,343.23,342.02,333.7,337.32,427,24639,0.1441
2025-09-01 09:35:00,24600,PE,1138.06,1149.12,1140.38,1144.49,64,25195,0.1484
2025-09-01 09:35:00,24650,CE,336.02,338.65,336.04,337.93,22,22328,0.1465
2025-09-01 09:35:00,24650,PE,1176.79,1189.36,1156.93,1171.74,426,24935,0.1448
2025-09-01 09:35:00,24700,CE,293.66,296.13,290.99,293.99,228,22797,0.1431
2025-09-01 09:35:00,24700,PE,1245.16,1251.98,1227.61,1244.46,171,25664,0.1474
2025-09-01 09:35:00,24750,CE,316.87,316.51,310.42,313.07,387,21311,0.1468
2025-09-01 09:35:00,24750,PE,1277.15,1281.65,1270.79,1280.06,228,25884,0.1471
2025-09-01 09:35:00,24800,CE,344.61,353.16,340.29,345.72,40,21871,0.1467
2025-09-01 09:35:00,24800,PE,1332.71,1359.42,1311.88,1335.32,342,20618,0.148
2025-09-01 09:35:00,24850,CE,308.75,312.3,308.63,310.19,209,21671,0.1438
2025-09-01 09:35:00,24850,PE,1402.33,1392.14,1372.42,1387.54,216,22471,0.1458
2025-09-01 09:35:00,24900,CE,343.98,349.54,343.1,343.99,198,23497,0.1476
2025-09-01 09:35:00,24900,PE,1429.54,1463.51,1441.91,1446.25,36,23059,0.1433
2025-09-01 09:40:00,23500,CE,693.09,691.56,681.54,687.48,293,47452,0.1517
2025-09-01 09:40:00,23500,PE,350.82,347.17,338.81,346.21,774,47754,0.1495
2025-09-01 09:40:00,23550,CE,603.85,611.87,593.5,605.46,596,50247,0.1497
2025-09-01 09:40:00,23550,PE,377.04,379.38,370.0,376.81,358,46794,0.1515
2025-09-01 09:40:00,23600,CE,558.35,559.45,556.47,558.08,478,55405,0.1484
2025-09-01 09:40:00,23600,PE,329.02,337.03,330.41,332.46,793,54647,0.1484
2025-09-01 09:40:00,23650,CE,518.39,525.24,512.7,517.16,402,62124,0.151
2025-09-01 09:40:00,23650,PE,337.54,342.39,333.72,338.06,456,58145,0.1498
2025-09-01 09:40:00,23700,CE,475.64,471.85,471.65,471.81,966,63539,0.1469
2025-09-01 09:40:00,23700,PE,321.09,326.83,319.06,323.61,780,62040,0.1472
2025-09-01 09:40:00,23750,CE,414.45,420.39,408.08,414.46,523,71954,0.1479
2025-09-01 09:40:00,23750,PE,329.32,335.62,324.3,330.59,1332,74324,0.1508
2025-09-01 09:40:00,23800,CE,379.55,375.94,371.82,375.49,1011,81345,0.1506
2025-09-01 09:40:00,23800,PE,360.79,360.38,357.39,358.52,1122,83589,0.1501
2025-09-01 09:40:00,23850,CE,353.75,352.42,348.5,350.91,1061,79280,0.1463
2025-09-01 09:40:00,23850,PE,355.9,359.69,349.7,356.43,852,76018,0.1479
2025-09-01 09:40:00,23900,CE,357.35,362.25,358.8,359.65,1401,67848,0.1473
2025-09-01 09:40:00,23900,PE,451.21,451.95,447.03,449.58,829,69611,0.1499
2025-09-01 09:40:00,23950,CE,350.04,357.84,350.67,350.78,808,62840,0.1456
2025-09-01 09:40:00,23950,PE,467.21,473.04,466.41,469.14,222,60591,0.149
2025-09-01 09:40:00,24000,CE,334.45,339.2,331.28,331.98,152,59189,0.1482
2025-09-01 09:40:00,24000,PE,499.29,511.01,500.69,502.5,1005,56173,0.1494
2025-09-01 09:40:00,24050,CE,341.49,338.86,336.18,337.25,388,54711,0.1497
2025-09-01 09:40:00,24050,PE,592.85,600.44,592.62,592.92,179,51290,0.148
2025-09-01 09:40:00,24100,CE,337.99,344.37,338.32,341.24,855,46436,0.1477
2025-09-01 09:40:00,24100,PE,604.11,617.83,604.66,604.77,709,46587,0.1479
2025-09-01 09:40:00,24150,CE,336.47,336.51,334.67,334.83,159,45952,0.1426
2025-09-01 09:40:00,24150,PE,659.63,664.26,645.1,653.18,169,46211,0.1453
2025-09-01 09:40:00,24200,CE,342.75,351.2,345.29,347.28,229,39418,0.1508
2025-09-01 09:40:00,24200,PE,714.86,714.42,699.68,707.29,150,39351,0.1482
2025-09-01 09:40:00,24250,CE,340.47,344.49,335.97,341.1,266,36603,0.1463
2025-09-01 09:40:00,24250,PE,748.25,772.69,749.68,757.22,417,38264,0.1483
2025-09-01 09:40:00,24300,CE,338.65,352.33,334.88,339.76,415,34903,0.1487
2025-09-01 09:40:00,24300,PE,827.04,837.87,821.64,824.32,556,34107,0.148
2025-09-01 09:40:00,24350,CE,346.12,350.85,343.27,344.91,543,31045,0.1493
2025-09-01 09:40:00,24350,PE,846.82,868.52,851.69,857.98,415,34009,0.1459
2025-09-01 09:40:00,24400,CE,341.07,342.7,339.97,341.96,132,34349,0.1497
2025-09-01 09:40:00,24400,PE,910.68,923.65,888.69,903.93,173,30224,0.146
2025-09-01 09:40:00,24450,CE,364.34,363.15,359.07,360.52,488,32075,0.1467
2025-09-01 09:40:00,24450,PE,987.88,996.64,972.64,977.23,109,26688,0.1465
2025-09-01 09:40:00,24500,CE,339.78,341.96,338.99,339.56,52,29458,0.1469
2025-09-01 09:40:00,24500,PE,1021.06,1030.44,1014.78,1025.99,132,32525,0.1475
2025-09-01 09:40:00,24550,CE,345.59,358.53,344.82,350.85,206,27989,0.1491
2025-09-01 09:40:00,24550,PE,1065.89,1078.44,1063.79,1071.23,282,30922,0.1457
2025-09-01 09:40:00,24600,CE,344.34,349.78,344.17,344.63,52,25202,0.1474
2025-09-01 09:40:00,24600,PE,1122.83,1123.81,1100.16,1120.0,159,25071,0.1476
2025-09-01 09:40:00,24650,CE,330.39,338.0,330.33,333.7,273,22251,0.1463
2025-09-01 09:40:00,24650,PE,1155.63,1179.22,1151.95,1153.45,147,24530,0.1482
2025-09-01 09:40:00,24700,CE,308.12,309.24,304.79,306.97,185,22764,0.1451
2025-09-01 09:40:00,24700,PE,1211.62,1237.14,1194.91,1217.01,62,26000,0.1456
2025-09-01 09:40:00,24750,CE,350.15,354.56,345.61,346.12,79,20793,0.1478
2025-09-01 09:40:00,24750,PE,1257.15,1270.89,1256.4,1264.53,138,25666,0.1475
2025-09-01 09:40:00,24800,CE,342.43,344.04,339.75,340.68,123,22381,0.1468
2025-09-01 09:40:00,24800,PE,1307.26,1315.75,1300.85,1308.73,240,20237,0.1457
2025-09-01 09:40:00,24850,CE,337.37,351.09,339.29,340.1,201,21427,0.1476
2025-09-01 09:40:00,24850,PE,1363.79,1376.92,1359.41,1365.39,364,22993,0.1478
2025-09-01 09:40:00,24900,CE,332.26,335.97,331.87,333.83,218,23310,0.1466
2025-09-01 09:40:00,24900,PE,1382.84,1412.18,1371.64,1396.09,54,23456,0.1473
2025-09-01 09:45:00,23500,CE,660.93,675.74,645.96,657.4,35,47196,0.1506
2025-09-01 09:45:00,23500,PE,331.92,338.46,334.77,335.11,482,47462,0.1478
2025-09-01 09:45:00,23550,CE,587.46,595.01,590.36,591.49,696,49871,0.1458
2025-09-01 09:45:00,23550,PE,338.76,347.65,335.74,341.16,815,46269,0.1483
2025-09-01 09:45:00,23600,CE,566.19,570.23,559.21,562.99,363,55303,0.1485
2025-09-01 09:45:00,23600,PE,329.6,333.68,331.13,331.65,1038,54903,0.1464
2025-09-01 09:45:00,23650,CE,478.42,482.5,474.51,480.46,1165,62130,0.1467
2025-09-01 09:45:00,23650,PE,315.38,316.35,313.94,314.06,1106,58033,0.1496
2025-09-01 09:45:00,23700,CE,450.3,456.43,452.69,452.88,58,63184,0.1487
2025-09-01 09:45:00,23700,PE,350.49,352.63,347.15,347.19,514,62260,0.1498
2025-09-01 09:45:00,23750,CE,383.28,383.65,376.59,380.09,343,71657,0.1476
2025-09-01 09:45:00,23750,PE,342.83,344.9,334.76,338.8,1016,73762,0.1504
2025-09-01 09:45:00,23800,CE,352.45,355.96,352.61,354.1,1573,81902,0.1486
2025-09-01 09:45:00,23800,PE,365.93,365.26,360.18,364.56,1442,84119,0.1461
2025-09-01 09:45:00,23850,CE,317.8,325.84,314.7,319.71,267,78937,0.1469
2025-09-01 09:45:00,23850,PE,377.93,385.9,381.29,383.02,1311,75704,0.1446
2025-09-01 09:45:00,23900,CE,340.88,343.34,339.83,340.28,929,67944,0.1456
2025-09-01 09:45:00,23900,PE,471.8,483.16,474.26,476.33,404,69523,0.1503
2025-09-01 09:45:00,23950,CE,358.03,358.67,355.81,356.66,528,63305,0.1476
2025-09-01 09:45:00,23950,PE,489.94,496.62,491.68,492.78,631,60503,0.148
2025-09-01 09:45:00,24000,CE,327.7,331.04,329.3,329.62,701,58751,0.147
2025-09-01 09:45:00,24000,PE,509.04,511.81,509.65,510.74,345,56228,0.148
2025-09-01 09:45:00,24050,CE,365.5,374.91,363.54,364.43,587,54246,0.149
2025-09-01 09:45:00,24050,PE,583.39,592.11,588.42,588.91,301,51226,0.1457
2025-09-01 09:45:00,24100,CE,332.9,329.93,328.13,328.55,16,46528,0.1485
2025-09-01 09:45:00,24100,PE,658.21,664.55,651.71,654.93,730,47121,0.1509
2025-09-01 09:45:00,24150,CE,335.4,334.61,331.82,334.39,515,45704,0.1466
2025-09-01 09:45:00,24150,PE,686.82,711.66,682.42,690.42,565,46390,0.1465
2025-09-01 09:45:00,24200,CE,342.12,341.67,339.62,340.09,36,38818,0.1474
2025-09-01 09:45:00,24200,PE,759.33,759.81,736.7,748.66,731,39796,0.1451
2025-09-01 09:45:00,24250,CE,327.87,329.01,327.25,328.56,283,36383,0.1475
2025-09-01 09:45:00,24250,PE,779.82,800.44,784.43,786.59,73,37952,0.1466
2025-09-01 09:45:00,24300,CE,330.6,333.71,327.13,330.74,68,34426,0.1433
2025-09-01 09:45:00,24300,PE,839.82,851.13,820.75,837.92,549,34449,0.1471
2025-09-01 09:45:00,24350,CE,348.53,352.54,344.59,346.87,477,30512,0.1488
2025-09-01 09:45:00,24350,PE,902.69,912.57,898.37,904.18,228,34150,0.1499
2025-09-01 09:45:00,24400,CE,344.55,348.5,344.33,345.3,318,34127,0.1469
2025-09-01 09:45:00,24400,PE,938.8,946.97,919.43,942.49,236,30477,0.1494
2025-09-01 09:45:00,24450,CE,338.31,342.21,337.0,338.15,455,32633,0.1442
2025-09-01 09:45:00,24450,PE,996.34,997.05,983.39,993.57,383,26417,0.1485
2025-09-01 09:45:00,24500,CE,349.51,340.48,338.82,339.13,463,29601,0.1474
2025-09-01 09:45:00,24500,PE,1026.28,1033.01,1019.7,1026.74,391,32369,0.1456
2025-09-01 09:45:00,24550,CE,325.72,337.23,322.17,328.22,273,28000,0.1455
2025-09-01 09:45:00,24550,PE,1093.43,1105.86,1083.43,1087.08,356,30421,0.1486
2025-09-01 09:45:00,24600,CE,353.88,362.85,350.67,353.18,253,24847,0.1499
2025-09-01 09:45:00,24600,PE,1152.81,1144.1,1125.19,1132.07,80,25424,0.1455
2025-09-01 09:45:00,24650,CE,334.13,334.3,331.29,331.39,242,22064,0.1443
2025-09-01 09:45:00,24650,PE,1188.54,1181.92,1162.62,1181.32,298,23931,0.1448
2025-09-01 09:45:00,24700,CE,353.06,354.4,347.49,349.87,386,22549,0.1456
2025-09-01 09:45:00,24700,PE,1217.32,1237.56,1222.95,1233.37,55,26203,0.147
2025-09-01 09:45:00,24750,CE,347.03,351.23,342.66,346.12,345,21358,0.1476
2025-09-01 09:45:00,24750,PE,1286.22,1309.49,1279.4,1293.18,307,26090,0.1484
2025-09-01 09:45:00,24800,CE,334.65,337.76,333.84,334.44,126,22689,0.1476
2025-09-01 09:45:00,24800,PE,1341.74,1347.08,1336.27,1343.83,10,20752,0.1435
2025-09-01 09:45:00,24850,CE,319.32,327.73,317.61,321.07,302,21618,0.144
2025-09-01 09:45:00,24850,PE,1422.97,1419.92,1399.61,1416.66,350,23016,0.1464
2025-09-01 09:45:00,24900,CE,329.21,333.93,329.58,329.99,120,23357,0.1467
2025-09-01 09:45:00,24900,PE,1442.41,1462.04,1430.77,1444.2,25,23989,0.1434
2025-09-01 09:50:00,23500,CE,599.84,601.3,598.06,599.82,468,46598,0.1483
2025-09-01 09:50:00,23500,PE,348.87,346.16,341.43,344.82,554,47480,0.1508
2025-09-01 09:50:00,23550,CE,563.7,577.85,555.31,567.18,988,50193,0.1491
2025-09-01 09:50:00,23550,PE,327.85,333.65,327.75,327.92,285,45714,0.1441
2025-09-01 09:50:00,23600,CE,483.84,488.78,483.82,487.16,497,55690,0.1479
2025-09-01 09:50:00,23600,PE,362.96,360.94,360.08,360.18,812,55315,0.1492
2025-09-01 09:50:00,23650,CE,457.17,460.29,452.09,455.16,1041,62158,0.1486
2025-09-01 09:50:00,23650,PE,330.49,343.3,331.83,333.62,1010,58427,0.1468
2025-09-01 09:50:00,23700,CE,414.02,416.62,411.32,412.62,169,62755,0.1487
2025-09-01 09:50:00,23700,PE,339.05,338.36,334.57,338.08,353,62791,0.147
2025-09-01 09:50:00,23750,CE,371.31,376.14,370.92,371.55,1432,71115,0.1454
2025-09-01 09:50:00,23750,PE,346.36,347.86,345.74,347.65,1546,73206,0.1469
2025-09-01 09:50:00,23800,CE,352.52,352.0,345.25,348.28,1262,81930,0.1502
2025-09-01 09:50:00,23800,PE,370.73,367.67,367.18,367.59,1063,84401,0.1495
2025-09-01 09:50:00,23850,CE,341.13,349.11,341.03,343.88,1226,79177,0.145
2025-09-01 09:50:00,23850,PE,415.34,426.4,418.28,420.92,771,75764,0.1449
2025-09-01 09:50:00,23900,CE,341.68,346.62,342.44,343.73,1191,68284,0.1494
2025-09-01 09:50:00,23900,PE,463.82,467.12,455.52,462.52,777,69652,0.1477
2025-09-01 09:50:00,23950,CE,364.49,366.93,359.44,361.2,338,63725,0.1472
2025-09-01 09:50:00,23950,PE,526.39,535.43,518.63,524.32,793,60041,0.1478
2025-09-01 09:50:00,24000,CE,357.36,364.58,355.92,360.49,792,59328,0.1478
2025-09-01 09:50:00,24000,PE,584.24,586.22,573.39,580.48,722,56684,0.1499
2025-09-01 09:50:00,24050,CE,335.86,335.58,329.32,335.45,705,54720,0.1463
2025-09-01 09:50:00,24050,PE,623.2,622.85,621.3,621.73,530,51062,0.1462
2025-09-01 09:50:00,24100,CE,315.15,312.32,307.65,310.63,393,47064,0.1458
2025-09-01 09:50:00,24100,PE,659.07,659.51,642.03,654.07,578,46690,0.1483
2025-09-01 09:50:00,24150,CE,331.9,335.67,330.99,333.9,303,45197,0.1485
2025-09-01 09:50:00,24150,PE,713.19,721.34,715.43,717.79,687,46268,0.1472
2025-09-01 09:50:00,24200,CE,333.9,329.06,326.91,328.82,62,39337,0.1459
2025-09-01 09:50:00,24200,PE,789.35,792.62,762.07,782.92,603,40357,0.1467
2025-09-01 09:50:00,24250,CE,340.8,343.57,339.55,340.06,240,36375,0.1467
2025-09-01 09:50:00,24250,PE,811.06,828.9,803.89,820.39,340,38254,0.1451
2025-09-01 09:50:00,24300,CE,365.18,369.34,362.01,365.24,514,34471,0.1469
2025-09-01 09:50:00,24300,PE,902.69,904.72,880.49,888.06,341,33985,0.1502
2025-09-01 09:50:00,24350,CE,336.8,337.47,333.67,335.44,116,30695,0.1455
2025-09-01 09:50:00,24350,PE,913.05,919.52,898.81,917.97,270,33726,0.1447
2025-09-01 09:50:00,24400,CE,348.01,352.73,350.69,351.3,66,34314,0.145
2025-09-01 09:50:00,24400,PE,978.14,992.64,977.94,982.35,493,30165,0.1478
2025-09-01 09:50:00,24450,CE,339.25,344.43,334.21,340.63,288,32348,0.1454
2025-09-01 09:50:00,24450,PE,1007.91,1018.32,1009.74,1012.24,429,26626,0.1462
2025-09-01 09:50:00,24500,CE,344.93,350.6,341.58,342.94,176,29558,0.1462
2025-09-01 09:50:00,24500,PE,1077.55,1100.84,1083.94,1094.11,269,32765,0.1495
2025-09-01 09:50:00,24550,CE,352.36,355.42,350.28,352.68,234,28216,0.15
2025-09-01 09:50:00,24550,PE,1117.93,1123.68,1095.21,1109.51,227,30174,0.1457
2025-09-01 09:50:00,24600,CE,323.77,324.28,320.81,321.88,279,25179,0.1478
2025-09-01 09:50:00,24600,PE,1157.22,1170.18,1147.41,1155.64,442,24901,0.1442
2025-09-01 09:50:00,24650,CE,354.6,355.83,350.3,351.09,422,22345,0.1473
2025-09-01 09:50:00,24650,PE,1272.95,1300.35,1252.55,1259.99,123,23793,0.1467
2025-09-01 09:50:00,24700,CE,347.32,349.22,342.29,347.87,282,22311,0.1515
2025-09-01 09:50:00,24700,PE,1252.36,1269.46,1237.97,1255.46,144,26230,0.1438
2025-09-01 09:50:00,24750,CE,343.26,355.35,344.1,345.43,280,21846,0.1459
2025-09-01 09:50:00,24750,PE,1297.25,1309.54,1300.78,1309.18,339,25798,0.1483
2025-09-01 09:50:00,24800,CE,351.84,353.36,349.82,351.08,78,23288,0.1448
2025-09-01 09:50:00,24800,PE,1332.29,1361.87,1353.29,1354.3,359,20858,0.1483
2025-09-01 09:50:00,24850,CE,347.57,349.19,345.93,348.12,259,21320,0.1437
2025-09-01 09:50:00,24850,PE,1386.11,1410.94,1386.01,1400.09,229,23245,0.1446
2025-09-01 09:50:00,24900,CE,318.13,323.74,319.9,323.19,110,23639,0.1442
2025-09-01 09:50:00,24900,PE,1436.17,1463.83,1424.41,1439.13,137,24026,0.1436
2025-09-01 09:55:00,23500,CE,605.7,601.38,595.8,595.83,57,46154,0.1482
2025-09-01 09:55:00,23500,PE,327.96,326.82,325.96,326.14,599,47858,0.1488
2025-09-01 09:55:00,23550,CE,553.61,552.42,547.61,548.85,597,50565,0.1471
2025-09-01 09:55:00,23550,PE,331.11,333.23,332.35,333.04,838,46032,0.1469
2025-09-01 09:55:00,23600,CE,484.47,490.93,477.71,486.01,962,55996,0.1419
2025-09-01 09:55:00,23600,PE,355.52,356.84,351.87,351.9,966,55172,0.1515
2025-09-01 09:55:00,23650,CE,437.75,436.64,432.18,434.97,530,62149,0.1487
2025-09-01 09:55:00,23650,PE,317.84,320.74,313.99,317.12,717,58620,0.1441
2025-09-01 09:55:00,23700,CE,381.82,381.99,374.83,379.1,836,62353,0.147
2025-09-01 09:55:00,23700,PE,342.34,349.74,338.52,343.46,611,62916,0.1489
2025-09-01 09:55:00,23750,CE,333.66,340.26,328.77,334.15,81,70647,0.148
2025-09-01 09:55:00,23750,PE,337.81,337.4,332.64,335.92,1668,73623,0.1517
2025-09-01 09:55:00,23800,CE,341.82,350.26,341.78,341.98,904,81473,0.1486
2025-09-01 09:55:00,23800,PE,387.88,390.9,380.32,385.27,410,84727,0.1436
2025-09-01 09:55:00,23850,CE,325.71,330.3,327.56,327.79,979,78843,0.1473
2025-09-01 09:55:00,23850,PE,419.69,426.81,418.36,419.46,108,76278,0.1491
2025-09-01 09:55:00,23900,CE,341.9,346.18,341.52,342.74,854,68473,0.1477
2025-09-01 09:55:00,23900,PE,464.1,467.3,462.92,465.94,1029,69569,0.1439
2025-09-01 09:55:00,23950,CE,358.99,360.08,352.68,358.03,129,63177,0.1434
2025-09-01 09:55:00,23950,PE,546.58,561.04,548.13,551.72,1029,60169,0.1473
2025-09-01 09:55:00,24000,CE,337.79,343.18,336.45,337.18,709,59181,0.1467
2025-09-01 09:55:00,24000,PE,621.15,628.14,623.18,626.39,118,57041,0.1486
2025-09-01 09:55:00,24050,CE,356.3,365.67,356.53,359.31,694,55071,0.1475
2025-09-01 09:55:00,24050,PE,645.39,652.74,644.44,646.3,456,51286,0.1459
2025-09-01 09:55:00,24100,CE,332.07,333.07,329.03,331.0,259,46785,0.1445
2025-09-01 09:55:00,24100,PE,683.54,693.83,688.99,692.96,39,46297,0.1468
2025-09-01 09:55:00,24150,CE,332.5,334.82,328.36,332.21,328,45193,0.1443
2025-09-01 09:55:00,24150,PE,716.09,724.34,718.34,722.62,338,46210,0.1483
2025-09-01 09:55:00,24200,CE,329.32,334.3,327.76,330.36,158,39544,0.1475
2025-09-01 09:55:00,24200,PE,774.06,782.48,768.62,776.26,312,40396,0.1468
2025-09-01 09:55:00,24250,CE,329.25,329.14,326.97,328.39,384,36368,0.1471
2025-09-01 09:55:00,24250,PE,852.68,867.42,853.76,857.25,359,38230,0.1471
2025-09-01 09:55:00,24300,CE,332.32,331.7,327.52,331.63,235,34476,0.1465
2025-09-01 09:55:00,24300,PE,909.23,921.57,899.38,907.8,415,34431,0.1469
2025-09-01 09:55:00,24350,CE,344.48,344.45,340.75,342.78,63,30300,0.147
2025-09-01 09:55:00,24350,PE,926.99,951.72,932.91,935.15,78,33148,0.1469
2025-09-01 09:55:00,24400,CE,378.77,382.06,372.96,378.15,448,33980,0.1472
2025-09-01 09:55:00,24400,PE,973.38,992.22,962.93,986.19,163,29937,0.1485
2025-09-01 09:55:00,24450,CE,336.64,336.74,334.31,334.64,443,32482,0.146
2025-09-01 09:55:00,24450,PE,1027.55,1068.78,1025.23,1038.68,61,27037,0.1498
2025-09-01 09:55:00,24500,CE,333.15,332.43,328.45,330.26,480,29813,0.1456
2025-09-01 09:55:00,24500,PE,1063.18,1081.14,1067.46,1069.66,239,33362,0.1471
2025-09-01 09:55:00,24550,CE,369.46,379.64,366.54,375.65,27,27616,0.1507
2025-09-01 09:55:00,24550,PE,1126.22,1159.58,1117.69,1131.8,364,29802,0.1489
2025-09-01 09:55:00,24600,CE,346.79,353.67,346.85,349.51,32,24683,0.1472
2025-09-01 09:55:00,24600,PE,1188.69,1205.41,1191.94,1202.15,203,25097,0.1447
2025-09-01 09:55:00,24650,CE,376.92,377.5,371.88,374.55,192,22257,0.153
2025-09-01 09:55:00,24650,PE,1216.83,1228.11,1221.77,1223.68,68,23566,0.1409
2025-09-01 09:55:00,24700,CE,331.67,331.02,327.49,328.59,385,22086,0.1452
2025-09-01 09:55:00,24700,PE,1296.04,1305.63,1299.43,1302.77,144,26701,0.1502
2025-09-01 09:55:00,24750,CE,334.09,345.22,329.51,333.74,31,21336,0.1478
2025-09-01 09:55:00,24750,PE,1344.45,1351.75,1340.11,1342.48,351,25574,0.1471
2025-09-01 09:55:00,24800,CE,336.21,341.16,337.51,339.39,94,23287,0.1477
2025-09-01 09:55:00,24800,PE,1397.41,1416.3,1390.44,1398.22,20,20751,0.1491
2025-09-01 09:55:00,24850,CE,335.44,332.07,329.69,331.59,10,21545,0.1463
2025-09-01 09:55:00,24850,PE,1455.75,1462.97,1440.96,1450.78,310,23373,0.1462
2025-09-01 09:55:00,24900,CE,351.94,353.89,351.02,351.44,68,23999,0.1512
2025-09-01 09:55:00,24900,PE,1480.99,1483.28,1468.14,1477.04,234,24438,0.1473
2025-09-01 10:00:00,23500,CE,570.0,564.9,563.83,564.22,938,46033,0.1486
2025-09-01 10:00:00,23500,PE,343.16,345.71,336.02,340.11,1000,48297,0.1455
2025-09-01 10:00:00,23550,CE,486.39,485.69,476.64,485.1,679,50723,0.1477
2025-09-01 10:00:00,23550,PE,340.07,341.35,337.11,339.32,526,46464,0.1491
2025-09-01 10:00:00,23600,CE,446.86,451.4,448.51,450.76,89,55954,0.147
2025-09-01 10:00:00,23600,PE,373.23,378.21,368.93,372.11,148,54602,0.1525
2025-09-01 10:00:00,23650,CE,423.66,437.65,414.78,422.47,1399,62338,0.1518
2025-09-01 10:00:00,23650,PE,357.94,353.4,346.83,351.48,695,59179,0.1465
2025-09-01 10:00:00,23700,CE,327.25,329.11,326.15,328.3,186,62869,0.145
2025-09-01 10:00:00,23700,PE,337.01,340.54,334.9,337.48,860,62498,0.1468
2025-09-01 10:00:00,23750,CE,340.23,344.1,338.08,339.56,480,70634,0.1502
2025-09-01 10:00:00,23750,PE,364.85,367.05,361.11,363.57,1269,74070,0.1445
2025-09-01 10:00:00,23800,CE,338.16,341.0,337.61,338.55,192,81372,0.1448
2025-09-01 10:00:00,23800,PE,439.8,439.6,436.78,438.94,566,84748,0.1491
2025-09-01 10:00:00,23850,CE,323.5,329.43,323.81,326.31,672,79440,0.1445
2025-09-01 10:00:00,23850,PE,480.9,489.26,475.41,479.36,332,76257,0.1486
2025-09-01 10:00:00,23900,CE,360.38,359.89,353.14,356.82,305,68101,0.148
2025-09-01 10:00:00,23900,PE,512.69,511.87,503.32,506.49,434,69015,0.1441
2025-09-01 10:00:00,23950,CE,337.82,344.27,340.03,340.86,755,63130,0.1461
2025-09-01 10:00:00,23950,PE,579.6,592.57,576.08,584.94,435,60186,0.1465
2025-09-01 10:00:00,24000,CE,355.58,357.26,350.06,354.89,463,59684,0.1478
2025-09-01 10:00:00,24000,PE,628.71,627.21,620.3,626.17,520,57391,0.1486
2025-09-01 10:00:00,24050,CE,340.81,342.24,339.39,341.39,665,54546,0.1465
2025-09-01 10:00:00,24050,PE,681.18,679.33,671.38,675.82,651,51666,0.1478
2025-09-01 10:00:00,24100,CE,357.42,359.22,356.66,357.99,479,46268,0.1467
2025-09-01 10:00:00,24100,PE,761.63,756.07,734.68,749.56,18,45713,0.1505
2025-09-01 10:00:00,24150,CE,335.29,342.7,326.78,334.17,490,45249,0.1418
2025-09-01 10:00:00,24150,PE,777.27,785.87,774.03,782.84,262,46245,0.1475
2025-09-01 10:00:00,24200,CE,361.17,364.15,349.5,358.69,299,39323,0.1455
2025-09-01 10:00:00,24200,PE,823.48,829.91,825.85,827.54,497,40348,0.1484
2025-09-01 10:00:00,24250,CE,357.26,355.53,349.56,355.27,337,36872,0.1472
2025-09-01 10:00:00,24250,PE,888.63,882.47,874.41,879.99,556,38441,0.1481
2025-09-01 10:00:00,24300,CE,358.27,356.1,354.43,354.5,520,34286,0.1431
2025-09-01 10:00:00,24300,PE,940.57,941.66,934.04,936.31,218,34951,0.1499
2025-09-01 10:00:00,24350,CE,335.82,337.03,333.65,336.07,484,29895,0.1478
2025-09-01 10:00:00,24350,PE,971.04,996.21,971.6,976.82,12,32758,0.146
2025-09-01 10:00:00,24400,CE,338.39,336.65,335.78,336.44,392,33659,0.1491
2025-09-01 10:00:00,24400,PE,1039.47,1058.66,1028.7,1040.73,509,29615,0.148
2025-09-01 10:00:00,24450,CE,351.81,354.19,349.62,349.93,89,31967,0.1475
2025-09-01 10:00:00,24450,PE,1036.04,1061.11,1041.5,1052.08,466,26808,0.1483
2025-09-01 10:00:00,24500,CE,340.39,346.82,339.39,343.5,386,29871,0.1467
2025-09-01 10:00:00,24500,PE,1088.15,1147.62,1111.05,1112.3,81,33029,0.144
2025-09-01 10:00:00,24550,CE,339.77,340.66,339.84,340.64,44,27144,0.1474
2025-09-01 10:00:00,24550,PE,1197.8,1213.34,1166.76,1193.15,361,29982,0.1495
2025-09-01 10:00:00,24600,CE,346.43,352.82,345.37,347.58,74,24586,0.1454
2025-09-01 10:00:00,24600,PE,1206.32,1227.15,1215.05,1216.16,103,25281,0.149
2025-09-01 10:00:00,24650,CE,315.29,312.31,309.84,311.87,59,21954,0.1488
2025-09-01 10:00:00,24650,PE,1249.14,1268.09,1248.68,1249.93,277,23873,0.1463
2025-09-01 10:00:00,24700,CE,351.66,353.26,348.04,351.34,381,22653,0.1506
2025-09-01 10:00:00,24700,PE,1311.22,1343.54,1319.71,1326.19,282,26414,0.1465
2025-09-01 10:00:00,24750,CE,340.04,343.89,335.65,339.7,314,21503,0.1443
2025-09-01 10:00:00,24750,PE,1377.56,1416.28,1381.95,1396.76,364,25892,0.1517
2025-09-01 10:00:00,24800,CE,353.17,354.64,343.42,348.94,295,23338,0.1476
2025-09-01 10:00:00,24800,PE,1427.33,1453.15,1446.82,1448.1,296,20500,0.1497
2025-09-01 10:00:00,24850,CE,341.57,345.37,341.21,343.24,35,21202,0.1493
2025-09-01 10:00:00,24850,PE,1492.48,1513.53,1495.62,1500.22,202,23548,0.1493
2025-09-01 10:00:00,24900,CE,334.82,337.05,332.6,336.57,171,23974,0.1462
2025-09-01 10:00:00,24900,PE,1519.76,1540.38,1508.54,1525.18,72,24842,0.1496
2025-09-01 10:05:00,23500,CE,617.91,613.43,607.54,611.87,225,45540,0.1489
2025-09-01 10:05:00,23500,PE,334.29,335.65,327.86,333.53,153,47736,0.1486
2025-09-01 10:05:00,23550,CE,543.31,549.75,547.88,548.6,1014,50568,0.1468
2025-09-01 10:05:00,23550,PE,364.94,364.89,360.44,362.01,812,46433,0.1482
2025-09-01 10:05:00,23600,CE,484.98,498.37,492.33,494.44,1041,56121,0.1474
2025-09-01 10:05:00,23600,PE,316.46,325.11,314.98,318.44,289,54138,0.1467
2025-09-01 10:05:00,23650,CE,459.6,467.88,456.5,459.22,235,62442,0.1487
2025-09-01 10:05:00,23650,PE,337.45,344.5,331.53,337.77,56,59554,0.1492
2025-09-01 10:05:00,23700,CE,416.67,431.4,420.48,421.37,437,63360,0.1455
2025-09-01 10:05:00,23700,PE,351.11,352.4,345.85,347.22,197,62977,0.1449
2025-09-01 10:05:00,23750,CE,381.99,385.65,379.79,382.11,1507,70656,0.1491
2025-09-01 10:05:00,23750,PE,337.94,343.56,341.6,341.68,835,74549,0.1488
2025-09-01 10:05:00,23800,CE,341.55,342.43,341.16,341.83,1300,81417,0.1477
2025-09-01 10:05:00,23800,PE,361.78,357.51,352.95,354.99,544,84236,0.1483
2025-09-01 10:05:00,23850,CE,328.04,333.41,324.79,330.46,1275,80008,0.1486
2025-09-01 10:05:00,23850,PE,439.13,443.16,434.96,438.82,1197,75660,0.1467
2025-09-01 10:05:00,23900,CE,335.85,341.41,329.55,333.64,528,67843,0.1475
2025-09-01 10:05:00,23900,PE,493.21,499.18,484.47,487.23,533,68470,0.1447
2025-09-01 10:05:00,23950,CE,343.13,352.38,345.89,349.11,589,63182,0.1477
2025-09-01 10:05:00,23950,PE,513.45,517.98,508.96,513.51,279,60266,0.1448
2025-09-01 10:05:00,24000,CE,350.44,352.8,344.5,348.2,536,59849,0.1458
2025-09-01 10:05:00,24000,PE,578.71,579.71,573.4,579.49,239,56959,0.1472
2025-09-01 10:05:00,24050,CE,336.75,337.11,331.93,332.24,297,53966,0.1455
2025-09-01 10:05:00,24050,PE,601.27,604.66,592.53,598.76,620,51384,0.1455
2025-09-01 10:05:00,24100,CE,331.25,334.9,331.32,333.51,267,45729,0.1486
2025-09-01 10:05:00,24100,PE,702.54,718.05,699.1,703.45,432,45155,0.1452
2025-09-01 10:05:00,24150,CE,314.54,314.35,309.8,314.2,363,44965,0.1467
2025-09-01 10:05:00,24150,PE,722.28,717.82,704.9,717.04,477,46843,0.1474
2025-09-01 10:05:00,24200,CE,346.11,351.51,345.83,347.5,399,39687,0.1468
2025-09-01 10:05:00,24200,PE,783.7,783.93,773.19,780.27,147,40182,0.1491
2025-09-01 10:05:00,24250,CE,343.78,346.25,341.97,346.18,535,36723,0.1458
2025-09-01 10:05:00,24250,PE,826.34,872.73,841.56,844.34,604,38956,0.1465
2025-09-01 10:05:00,24300,CE,323.3,324.54,321.06,323.13,460,34480,0.1426
2025-09-01 10:05:00,24300,PE,883.22,882.71,874.55,881.66,216,35355,0.1496
2025-09-01 10:05:00,24350,CE,327.57,329.08,323.63,328.47,571,30332,0.1434
2025-09-01 10:05:00,24350,PE,931.53,941.66,925.63,930.01,206,32361,0.1443
2025-09-01 10:05:00,24400,CE,351.23,353.12,351.37,352.35,500,33078,0.1464
2025-09-01 10:05:00,24400,PE,964.46,981.13,966.05,966.73,437,29336,0.147
2025-09-01 10:05:00,24450,CE,337.51,343.36,337.65,338.28,400,32080,0.1491
2025-09-01 10:05:00,24450,PE,1014.92,1022.93,1018.38,1020.29,67,27298,0.1494
2025-09-01 10:05:00,24500,CE,349.93,351.71,344.63,347.97,461,29641,0.1476
2025-09-01 10:05:00,24500,PE,1104.43,1088.57,1083.71,1088.52,85,33449,0.1477
2025-09-01 10:05:00,24550,CE,319.35,324.4,319.7,319.99,209,27338,0.147
2025-09-01 10:05:00,24550,PE,1104.17,1123.49,1103.99,1107.58,388,30167,0.1433
2025-09-01 10:05:00,24600,CE,312.48,312.27,308.55,311.34,216,24845,0.1466
2025-09-01 10:05:00,24600,PE,1177.23,1209.45,1175.58,1180.4,43,25294,0.1492
2025-09-01 10:05:00,24650,CE,348.08,347.71,340.5,342.71,262,22162,0.1449
2025-09-01 10:05:00,24650,PE,1230.38,1228.06,1213.8,1225.84,100,24224,0.1468
2025-09-01 10:05:00,24700,CE,332.36,330.81,328.76,329.7,139,22760,0.1453
2025-09-01 10:05:00,24700,PE,1296.25,1299.5,1273.76,1287.94,292,25861,0.147
2025-09-01 10:05:00,24750,CE,347.73,349.87,342.14,344.68,377,21515,0.1512
2025-09-01 10:05:00,24750,PE,1323.89,1337.74,1305.72,1322.22,9,26008,0.1475
2025-09-01 10:05:00,24800,CE,352.8,352.98,345.89,348.6,103,23788,0.1483
2025-09-01 10:05:00,24800,PE,1362.95,1391.68,1381.68,1387.09,68,19906,0.1471
2025-09-01 10:05:00,24850,CE,324.74,328.4,318.4,321.82,267,20660,0.1481
2025-09-01 10:05:00,24850,PE,1404.61,1426.46,1398.1,1414.76,77,23389,0.145
2025-09-01 10:05:00,24900,CE,332.95,338.57,336.44,337.1,308,24337,0.1457
2025-09-01 10:05:00,24900,PE,1489.56,1511.07,1484.3,1487.64,214,24823,0.1468
2025-09-01 10:10:00,23500,CE,613.03,615.16,603.9,607.62,595,45306,0.1462
2025-09-01 10:10:00,23500,PE,343.15,343.43,338.15,342.75,780,47967,0.1445
2025-09-01 10:10:00,23550,CE,600.7,601.46,591.2,596.33,571,50573,0.1506
2025-09-01 10:10:00,23550,PE,357.97,363.8,356.48,359.11,614,46521,0.1477
2025-09-01 10:10:00,23600,CE,528.37,539.64,531.44,533.87,735,56034,0.1416
2025-09-01 10:10:00,23600,PE,339.59,338.69,337.19,338.04,330,54408,0.147
2025-09-01 10:10:00,23650,CE,457.14,465.53,462.53,464.2,378,61860,0.1418
2025-09-01 10:10:00,23650,PE,336.1,346.17,333.96,338.19,105,58956,0.1449
2025-09-01 10:10:00,23700,CE,457.37,457.45,449.09,454.4,721,63579,0.1468
2025-09-01 10:10:00,23700,PE,342.07,344.46,338.71,343.35,406,62408,0.1467
2025-09-01 10:10:00,23750,CE,394.71,395.18,386.16,392.01,1018,70460,0.1467
2025-09-01 10:10:00,23750,PE,315.41,319.38,313.97,314.18,1259,74388,0.1484
2025-09-01 10:10:00,23800,CE,336.17,342.82,331.61,336.72,1139,81553,0.1481
2025-09-01 10:10:00,23800,PE,335.53,345.75,328.83,336.55,513,84562,0.1491
2025-09-01 10:10:00,23850,CE,341.16,349.41,341.54,342.86,1212,80394,0.1458
2025-09-01 10:10:00,23850,PE,380.62,385.78,375.61,383.91,487,75396,0.145
2025-09-01 10:10:00,23900,CE,367.96,365.54,360.96,363.35,388,67437,0.1512
2025-09-01 10:10:00,23900,PE,467.77,471.27,464.68,471.22,1136,69046,0.1492
2025-09-01 10:10:00,23950,CE,351.37,350.76,343.3,348.47,947,62634,0.1496
2025-09-01 10:10:00,23950,PE,511.46,513.11,505.83,509.69,1079,60642,0.1497
2025-09-01 10:10:00,24000,CE,342.03,347.05,342.6,343.88,85,59273,0.1454
2025-09-01 10:10:00,24000,PE,551.33,553.5,548.83,551.52,268,56941,0.1496
2025-09-01 10:10:00,24050,CE,350.95,353.78,351.39,353.37,337,54135,0.1483
2025-09-01 10:10:00,24050,PE,596.71,617.51,598.56,600.14,649,51357,0.1451
2025-09-01 10:10:00,24100,CE,343.7,350.65,343.67,345.47,330,45806,0.1451
2025-09-01 10:10:00,24100,PE,646.56,654.02,642.22,643.0,101,44585,0.145
2025-09-01 10:10:00,24150,CE,354.28,356.28,353.05,353.68,625,44550,0.1479
2025-09-01 10:10:00,24150,PE,704.4,705.55,696.11,698.43,770,46906,0.144
2025-09-01 10:10:00,24200,CE,349.22,354.5,342.67,350.37,389,40080,0.1484
2025-09-01 10:10:00,24200,PE,750.53,759.96,749.27,752.91,159,40240,0.152
2025-09-01 10:10:00,24250,CE,365.61,370.44,367.82,369.16,321,36722,0.1485
2025-09-01 10:10:00,24250,PE,802.43,810.2,800.89,804.81,627,39541,0.15
2025-09-01 10:10:00,24300,CE,332.38,335.17,328.25,330.63,263,34347,0.1481
2025-09-01 10:10:00,24300,PE,830.46,832.12,821.61,830.4,178,35217,0.1411
2025-09-01 10:10:00,24350,CE,343.81,338.83,332.99,337.46,263,29820,0.1497
2025-09-01 10:10:00,24350,PE,883.87,882.81,874.82,881.97,145,32700,0.1437
2025-09-01 10:10:00,24400,CE,307.58,308.27,302.42,305.62,405,32559,0.1448
2025-09-01 10:10:00,24400,PE,957.85,955.06,951.64,954.95,503,28899,0.1466
2025-09-01 10:10:00,24450,CE,323.18,326.65,324.1,325.18,93,31548,0.1473
2025-09-01 10:10:00,24450,PE,1011.22,1018.69,990.68,1005.08,90,26928,0.1511
2025-09-01 10:10:00,24500,CE,331.1,333.7,331.88,332.7,452,29567,0.1466
2025-09-01 10:10:00,24500,PE,1044.67,1052.03,1038.72,1043.77,105,32899,0.1479
2025-09-01 10:10:00,24550,CE,362.57,373.34,364.47,364.5,124,27231,0.1502
2025-09-01 10:10:00,24550,PE,1094.19,1106.62,1090.22,1101.26,216,30144,0.1483
2025-09-01 10:10:00,24600,CE,353.33,357.12,350.48,354.66,98,24377,0.1477
2025-09-01 10:10:00,24600,PE,1159.51,1175.1,1162.0,1165.55,226,24760,0.1473
2025-09-01 10:10:00,24650,CE,339.48,338.22,337.66,337.7,392,21939,0.1461
2025-09-01 10:10:00,24650,PE,1194.68,1222.33,1195.79,1203.71,289,24404,0.1478
2025-09-01 10:10:00,24700,CE,343.91,346.73,340.7,343.68,22,22888,0.1495
2025-09-01 10:10:00,24700,PE,1289.08,1291.38,1256.87,1265.57,268,25412,0.1465
2025-09-01 10:10:00,24750,CE,360.41,359.33,355.01,357.49,237,21025,0.1486
2025-09-01 10:10:00,24750,PE,1334.31,1322.85,1298.59,1318.16,190,25632,0.149
2025-09-01 10:10:00,24800,CE,330.66,338.29,335.18,335.23,131,24237,0.1458
2025-09-01 10:10:00,24800,PE,1344.7,1358.25,1352.06,1357.42,349,20423,0.1451
2025-09-01 10:10:00,24850,CE,327.03,326.57,325.32,325.83,358,20685,0.1434
2025-09-01 10:10:00,24850,PE,1369.45,1378.69,1362.72,1376.24,322,23871,0.1456
2025-09-01 10:10:00,24900,CE,346.25,345.36,341.32,342.63,103,23894,0.1473
2025-09-01 10:10:00,24900,PE,1446.26,1479.72,1426.24,1450.42,146,25011,0.148
2025-09-01 10:15:00,23500,CE,646.16,667.16,650.88,653.19,115,45484,0.146
2025-09-01 10:15:00,23500,PE,362.56,371.03,361.99,364.29,293,47906,0.147
2025-09-01 10:15:00,23550,CE,574.16,586.33,565.01,575.19,373,50858,0.1464
2025-09-01 10:15:00,23550,PE,346.97,347.81,344.14,345.11,325,46490,0.1485
2025-09-01 10:15:00,23600,CE,538.16,542.68,533.01,534.1,673,56461,0.1482
2025-09-01 10:15:00,23600,PE,353.83,359.75,349.9,354.2,492,53971,0.1505
2025-09-01 10:15:00,23650,CE,493.72,498.06,489.7,495.87,669,61280,0.1466
2025-09-01 10:15:00,23650,PE,335.76,336.72,334.09,334.6,789,58809,0.147
2025-09-01 10:15:00,23700,CE,414.27,416.85,414.98,415.59,872,63133,0.1449
2025-09-01 10:15:00,23700,PE,354.68,363.14,357.09,357.86,678,62022,0.1481
2025-09-01 10:15:00,23750,CE,392.18,398.14,386.71,393.83,866,69917,0.1458
2025-09-01 10:15:00,23750,PE,333.57,339.99,327.14,330.39,818,74304,0.1486
2025-09-01 10:15:00,23800,CE,354.07,358.18,354.3,354.64,249,81837,0.1486
2025-09-01 10:15:00,23800,PE,318.03,326.23,322.57,323.0,1488,84630,0.148
2025-09-01 10:15:00,23850,CE,350.14,357.34,352.81,353.25,795,80222,0.1508
2025-09-01 10:15:00,23850,PE,383.0,385.18,376.98,382.45,432,74810,0.1477
2025-09-01 10:15:00,23900,CE,348.57,360.88,349.74,351.19,638,67447,0.1477
2025-09-01 10:15:00,23900,PE,421.73,426.33,415.55,420.54,61,68839,0.1451
2025-09-01 10:15:00,23950,CE,321.36,320.6,318.33,318.63,657,62320,0.1477
2025-09-01 10:15:00,23950,PE,485.57,485.49,483.44,484.43,693,60583,0.1463
2025-09-01 10:15:00,24000,CE,336.91,339.95,332.12,334.16,965,58877,0.1483
2025-09-01 10:15:00,24000,PE,566.79,565.71,560.78,561.14,54,56726,0.1468
2025-09-01 10:15:00,24050,CE,333.09,334.94,332.45,333.12,755,54646,0.1467
2025-09-01 10:15:00,24050,PE,619.44,625.07,614.17,616.61,597,51490,0.1496
2025-09-01 10:15:00,24100,CE,340.91,344.24,338.36,341.11,625,46393,0.1453
2025-09-01 10:15:00,24100,PE,672.57,664.76,653.86,663.3,810,44738,0.15
2025-09-01 10:15:00,24150,CE,359.63,366.14,358.51,360.41,286,44066,0.15
2025-09-01 10:15:00,24150,PE,691.76,717.43,685.81,692.09,142,47104,0.1439
2025-09-01 10:15:00,24200,CE,342.23,342.11,340.0,342.0,63,40519,0.1492
2025-09-01 10:15:00,24200,PE,724.42,738.58,725.1,732.66,356,40735,0.146
2025-09-01 10:15:00,24250,CE,356.08,353.32,351.02,352.61,589,36787,0.1465
2025-09-01 10:15:00,24250,PE,785.82,794.2,776.77,790.26,298,39085,0.1485
2025-09-01 10:15:00,24300,CE,350.53,349.57,344.73,349.14,616,34518,0.1443
2025-09-01 10:15:00,24300,PE,860.54,860.44,851.12,857.49,272,34788,0.15
2025-09-01 10:15:00,24350,CE,340.15,343.27,337.55,338.56,515,29287,0.1477
2025-09-01 10:15:00,24350,PE,879.8,882.39,873.53,880.64,405,32354,0.1473
2025-09-01 10:15:00,24400,CE,355.48,357.88,346.69,354.45,361,32075,0.1475
2025-09-01 10:15:00,24400,PE,960.33,958.26,955.17,956.25,457,28833,0.1461
2025-09-01 10:15:00,24450,CE,353.08,356.18,349.8,352.52,237,32080,0.1443
2025-09-01 10:15:00,24450,PE,1010.25,1003.2,999.1,1001.06,106,27120,0.1467
2025-09-01 10:15:00,24500,CE,342.48,343.72,339.93,341.16,293,29800,0.1464
2025-09-01 10:15:00,24500,PE,1037.77,1042.95,1033.36,1036.43,336,33263,0.146
2025-09-01 10:15:00,24550,CE,320.01,323.99,319.83,320.94,176,26918,0.1441
2025-09-01 10:15:00,24550,PE,1094.73,1139.5,1092.29,1103.2,331,30230,0.1487
2025-09-01 10:15:00,24600,CE,314.27,322.14,310.81,313.42,422,24632,0.1439
2025-09-01 10:15:00,24600,PE,1114.0,1126.76,1116.71,1125.13,115,24524,0.1465
2025-09-01 10:15:00,24650,CE,313.25,324.01,315.74,315.93,307,21804,0.1444
2025-09-01 10:15:00,24650,PE,1196.04,1201.41,1196.02,1198.69,408,24645,0.1473
2025-09-01 10:15:00,24700,CE,346.64,348.44,341.6,343.46,161,23258,0.1499
2025-09-01 10:15:00,24700,PE,1231.23,1244.32,1229.43,1234.47,295,25245,0.1499
2025-09-01 10:15:00,24750,CE,342.72,344.85,342.08,343.45,175,21175,0.1499
2025-09-01 10:15:00,24750,PE,1298.06,1296.23,1286.44,1296.07,105,25829,0.1467
2025-09-01 10:15:00,24800,CE,333.18,338.18,333.96,336.01,133,24751,0.1468
2025-09-01 10:15:00,24800,PE,1351.95,1370.87,1327.55,1337.78,226,20767,0.1466
2025-09-01 10:15:00,24850,CE,325.6,323.17,318.68,322.15,209,20318,0.1458
2025-09-01 10:15:00,24850,PE,1396.32,1380.54,1351.79,1378.21,254,24021,0.144
2025-09-01 10:15:00,24900,CE,332.84,332.36,325.11,330.83,58,24443,0.1418
2025-09-01 10:15:00,24900,PE,1451.05,1470.2,1447.7,1448.68,36,24864,0.1446
2025-09-01 10:20:00,23500,CE,639.37,647.93,632.24,632.75,124,45802,0.147
2025-09-01 10:20:00,23500,PE,339.76,338.08,333.54,334.74,395,47953,0.1496
2025-09-01 10:20:00,23550,CE,587.69,587.19,582.41,584.4,893,50783,0.1455
2025-09-01 10:20:00,23550,PE,350.72,362.37,352.72,353.28,497,46574,0.1464
2025-09-01 10:20:00,23600,CE,555.77,556.48,543.01,550.33,1020,56371,0.149
2025-09-01 10:20:00,23600,PE,371.33,372.99,367.77,371.83,287,53752,0.1487
2025-09-01 10:20:00,23650,CE,474.55,477.99,467.5,469.78,686,61593,0.1488
2025-09-01 10:20:00,23650,PE,373.88,379.23,368.65,371.25,1063,58848,0.1498
2025-09-01 10:20:00,23700,CE,413.83,415.36,413.02,413.2,686,63654,0.1483
2025-09-01 10:20:00,23700,PE,352.24,356.75,352.43,353.7,954,61432,0.1513
2025-09-01 10:20:00,23750,CE,363.03,365.87,361.19,363.26,1082,70240,0.1489
2025-09-01 10:20:00,23750,PE,321.06,324.79,317.25,321.71,1273,73892,0.1464
2025-09-01 10:20:00,23800,CE,352.05,349.37,346.99,348.63,858,82150,0.1455
2025-09-01 10:20:00,23800,PE,356.58,353.67,351.45,353.45,1553,85074,0.1501
2025-09-01 10:20:00,23850,CE,334.7,336.87,332.6,335.49,1128,80562,0.1478
2025-09-01 10:20:00,23850,PE,416.13,420.95,419.98,420.06,516,74922,0.1492
2025-09-01 10:20:00,23900,CE,336.74,339.67,333.72,334.69,63,66994,0.1458
2025-09-01 10:20:00,23900,PE,488.58,490.83,487.64,487.69,331,69391,0.1488
2025-09-01 10:20:00,23950,CE,330.47,337.0,332.75,332.9,288,62111,0.1506
2025-09-01 10:20:00,23950,PE,518.67,524.55,510.18,516.27,897,60016,0.1512
2025-09-01 10:20:00,24000,CE,319.34,318.01,315.05,317.99,186,58279,0.1468
2025-09-01 10:20:00,24000,PE,551.36,558.98,556.96,557.89,604,57012,0.1477
2025-09-01 10:20:00,24050,CE,328.67,333.3,323.57,329.02,844,55045,0.145
2025-09-01 10:20:00,24050,PE,603.31,616.19,606.41,606.63,662,51853,0.1497
2025-09-01 10:20:00,24100,CE,313.12,314.22,305.51,310.3,765,46463,0.1496
2025-09-01 10:20:00,24100,PE,682.57,677.12,664.66,672.07,117,44896,0.1484
2025-09-01 10:20:00,24150,CE,334.52,345.8,330.56,334.12,247,44554,0.1454
2025-09-01 10:20:00,24150,PE,717.83,728.43,715.24,716.97,413,47300,0.147
2025-09-01 10:20:00,24200,CE,324.7,323.92,321.27,322.0,373,40340,0.1461
2025-09-01 10:20:00,24200,PE,790.3,789.07,782.99,784.06,651,41275,0.1489
2025-09-01 10:20:00,24250,CE,351.24,352.27,347.89,349.86,597,37345,0.1477
2025-09-01 10:20:00,24250,PE,774.84,781.3,779.54,780.45,22,39238,0.1446
2025-09-01 10:20:00,24300,CE,342.95,348.36,344.54,347.83,268,34597,0.1457
2025-09-01 10:20:00,24300,PE,874.28,869.96,866.18,866.31,288,35312,0.1477
2025-09-01 10:20:00,24350,CE,356.83,361.98,354.11,355.5,482,29620,0.1437
2025-09-01 10:20:00,24350,PE,898.22,920.56,903.17,909.66,389,31896,0.1448
2025-09-01 10:20:00,24400,CE,374.17,374.38,372.56,372.87,107,32624,0.148
2025-09-01 10:20:00,24400,PE,981.27,986.63,969.49,978.8,33,29102,0.1471
2025-09-01 10:20:00,24450,CE,350.07,348.57,342.79,347.58,310,32366,0.1485
2025-09-01 10:20:00,24450,PE,1002.61,1023.45,1007.62,1014.87,519,27001,0.1497
2025-09-01 10:20:00,24500,CE,342.52,349.91,341.66,343.33,298,29210,0.1476
2025-09-01 10:20:00,24500,PE,1062.21,1061.17,1044.05,1057.42,180,32989,0.1451
2025-09-01 10:20:00,24550,CE,352.56,351.49,346.12,349.56,392,26715,0.1501
2025-09-01 10:20:00,24550,PE,1120.48,1136.54,1110.01,1114.62,150,30177,0.1407
2025-09-01 10:20:00,24600,CE,341.85,345.1,337.58,340.19,266,24873,0.1462
2025-09-01 10:20:00,24600,PE,1131.82,1174.42,1138.99,1139.81,441,24464,0.1451
2025-09-01 10:20:00,24650,CE,329.44,340.03,328.9,330.89,267,21650,0.1465
2025-09-01 10:20:00,24650,PE,1180.47,1208.21,1191.91,1199.4,258,24342,0.1461
2025-09-01 10:20:00,24700,CE,337.44,334.72,327.21,334.49,104,23580,0.1454
2025-09-01 10:20:00,24700,PE,1266.54,1290.79,1259.97,1264.21,280,25590,0.1473
2025-09-01 10:20:00,24750,CE,325.18,333.34,323.38,328.24,291,21010,0.1446
2025-09-01 10:20:00,24750,PE,1349.52,1326.05,1321.03,1322.61,313,25490,0.1469
2025-09-01 10:20:00,24800,CE,354.9,353.7,351.45,352.83,8,24415,0.1487
2025-09-01 10:20:00,24800,PE,1374.47,1376.22,1367.53,1372.16,265,20962,0.1478
2025-09-01 10:20:00,24850,CE,315.28,324.79,316.71,320.04,273,20645,0.1474
2025-09-01 10:20:00,24850,PE,1417.95,1408.74,1385.55,1400.42,85,24362,0.1486
2025-09-01 10:20:00,24900,CE,325.16,332.96,326.07,327.25,171,24887,0.1473
2025-09-01 10:20:00,24900,PE,1442.97,1456.36,1431.59,1449.69,13,25169,0.1469
2025-09-01 10:25:00,23500,CE,586.3,618.01,594.51,596.05,636,45785,0.145
2025-09-01 10:25:00,23500,PE,342.19,345.02,343.21,344.08,799,47673,0.1499
2025-09-01 10:25:00,23550,CE,573.21,579.37,577.88,577.9,383,50631,0.1466
2025-09-01 10:25:00,23550,PE,334.97,339.14,328.68,330.77,492,46314,0.146
2025-09-01 10:25:00,23600,CE,528.61,524.04,516.74,522.69,768,55890,0.1494
2025-09-01 10:25:00,23600,PE,333.76,335.78,327.91,334.42,54,53324,0.1456
2025-09-01 10:25:00,23650,CE,470.75,475.55,468.41,472.36,574,61008,0.1454
2025-09-01 10:25:00,23650,PE,292.79,298.92,291.97,293.92,808,58484,0.1443
2025-09-01 10:25:00,23700,CE,426.66,429.37,418.66,425.69,1099,64056,0.1451
2025-09-01 10:25:00,23700,PE,334.55,343.54,332.99,336.36,1235,61476,0.1467
2025-09-01 10:25:00,23750,CE,377.55,378.55,372.86,374.48,912,70107,0.1464
2025-09-01 10:25:00,23750,PE,355.83,360.2,349.88,353.0,249,73576,0.1487
2025-09-01 10:25:00,23800,CE,342.18,345.1,343.12,343.91,421,82257,0.1466
2025-09-01 10:25:00,23800,PE,393.81,396.05,392.76,394.64,54,85642,0.1458
2025-09-01 10:25:00,23850,CE,335.59,333.38,330.25,332.0,183,80379,0.1491
2025-09-01 10:25:00,23850,PE,410.82,409.93,405.11,408.32,477,75339,0.1466
2025-09-01 10:25:00,23900,CE,348.14,359.25,352.64,354.22,771,67521,0.1476
2025-09-01 10:25:00,23900,PE,469.48,488.74,466.77,473.84,1111,69735,0.1467
2025-09-01 10:25:00,23950,CE,321.59,322.76,319.14,319.85,175,62220,0.1415
2025-09-01 10:25:00,23950,PE,519.15,523.7,520.79,522.79,657,59778,0.147
2025-09-01 10:25:00,24000,CE,339.51,343.28,338.64,339.38,52,57719,0.1477
2025-09-01 10:25:00,24000,PE,565.42,566.52,559.16,562.56,386,57295,0.1451
2025-09-01 10:25:00,24050,CE,336.47,335.27,332.29,334.95,162,55592,0.1479
2025-09-01 10:25:00,24050,PE,617.79,620.38,615.4,620.37,265,52080,0.15
2025-09-01 10:25:00,24100,CE,361.74,368.9,362.64,364.92,53,45906,0.1485
2025-09-01 10:25:00,24100,PE,657.59,678.82,661.3,664.82,421,44463,0.148
2025-09-01 10:25:00,24150,CE,342.66,343.73,340.33,340.68,485,44425,0.1489
2025-09-01 10:25:00,24150,PE,714.93,744.94,716.46,717.85,184,47887,0.146
2025-09-01 10:25:00,24200,CE,327.9,329.0,326.87,327.84,286,39841,0.1446
2025-09-01 10:25:00,24200,PE,778.65,785.56,775.28,782.4,109,41056,0.1497
2025-09-01 10:25:00,24250,CE,356.78,360.72,356.11,357.6,333,37407,0.1495
2025-09-01 10:25:00,24250,PE,821.39,824.4,806.69,812.02,299,38772,0.1459
2025-09-01 10:25:00,24300,CE,339.35,340.37,337.75,338.59,166,34138,0.1482
2025-09-01 10:25:00,24300,PE,877.1,872.25,866.4,869.86,323,34794,0.1482
2025-09-01 10:25:00,24350,CE,343.75,343.0,335.6,341.94,452,29623,0.1468
2025-09-01 10:25:00,24350,PE,931.16,937.45,919.83,926.88,172,31639,0.1475
2025-09-01 10:25:00,24400,CE,360.94,363.01,355.67,355.74,30,32071,0.1467
2025-09-01 10:25:00,24400,PE,974.27,1006.18,976.72,982.99,364,29104,0.1484
2025-09-01 10:25:00,24450,CE,329.94,335.9,327.17,331.75,73,32642,0.1479
2025-09-01 10:25:00,24450,PE,1006.07,1025.87,1008.8,1014.07,504,27203,0.1466
2025-09-01 10:25:00,24500,CE,368.18,373.6,365.12,368.65,438,29431,0.1485
2025-09-01 10:25:00,24500,PE,1066.71,1076.66,1052.26,1070.77,457,33049,0.1484
2025-09-01 10:25:00,24550,CE,334.1,336.95,331.71,332.07,385,27052,0.1464
2025-09-01 10:25:00,24550,PE,1151.43,1159.1,1127.89,1145.16,162,29651,0.1499
2025-09-01 10:25:00,24600,CE,353.16,356.99,353.69,353.75,194,24501,0.1496
2025-09-01 10:25:00,24600,PE,1188.7,1185.11,1168.72,1182.3,393,24707,0.1466
2025-09-01 10:25:00,24650,CE,337.33,345.67,338.46,340.52,385,21452,0.1483
2025-09-01 10:25:00,24650,PE,1230.16,1243.86,1218.72,1225.21,237,24028,0.1449
2025-09-01 10:25:00,24700,CE,323.98,330.54,325.06,328.75,200,23012,0.1455
2025-09-01 10:25:00,24700,PE,1288.32,1303.96,1274.02,1274.72,149,26032,0.1465
2025-09-01 10:25:00,24750,CE,326.62,327.94,326.09,327.05,246,21415,0.1477
2025-09-01 10:25:00,24750,PE,1311.47,1351.94,1302.12,1323.75,305,24962,0.1452
2025-09-01 10:25:00,24800,CE,334.49,333.57,329.11,332.19,186,24180,0.1515
2025-09-01 10:25:00,24800,PE,1409.24,1406.55,1380.51,1384.21,50,20619,0.1456
2025-09-01 10:25:00,24850,CE,329.57,323.61,320.34,321.55,9,20293,0.1457
2025-09-01 10:25:00,24850,PE,1406.7,1436.46,1409.03,1420.13,249,24071,0.1481
2025-09-01 10:25:00,24900,CE,345.26,346.41,342.99,344.05,258,24643,0.1452
2025-09-01 10:25:00,24900,PE,1457.51,1497.87,1471.52,1473.35,24,25416,0.1451
2025-09-01 10:30:00,23500,CE,575.55,583.19,567.22,574.82,174,46348,0.1472
2025-09-01 10:30:00,23500,PE,346.27,355.54,344.63,345.04,426,47127,0.1492
2025-09-01 10:30:00,23550,CE,501.15,505.51,501.53,503.85,268,50418,0.1494
2025-09-01 10:30:00,23550,PE,355.67,355.38,349.14,352.21,544,46514,0.1525
2025-09-01 10:30:00,23600,CE,459.86,462.77,457.49,460.61,395,55657,0.1482
2025-09-01 10:30:00,23600,PE,340.7,342.07,334.12,337.62,1118,52953,0.1461
2025-09-01 10:30:00,23650,CE,432.93,430.43,428.23,428.53,1009,60609,0.1496
2025-09-01 10:30:00,23650,PE,358.41,355.46,352.46,354.1,375,58601,0.1476
2025-09-01 10:30:00,23700,CE,374.63,374.39,367.83,371.42,178,63637,0.1496
2025-09-01 10:30:00,23700,PE,344.75,346.56,342.63,344.8,1357,60991,0.1447
2025-09-01 10:30:00,23750,CE,339.28,347.9,338.81,340.56,270,70406,0.1482
2025-09-01 10:30:00,23750,PE,344.38,345.91,345.16,345.64,823,73388,0.1466
2025-09-01 10:30:00,23800,CE,352.48,351.63,348.29,350.66,1211,82730,0.1469
2025-09-01 10:30:00,23800,PE,396.68,403.25,395.3,398.87,194,85637,0.1456
2025-09-01 10:30:00,23850,CE,351.45,353.38,347.08,349.44,1184,79937,0.1492
2025-09-01 10:30:00,23850,PE,447.97,451.4,447.65,449.09,538,74970,0.1462
2025-09-01 10:30:00,23900,CE,327.57,327.46,321.91,326.92,184,67978,0.1478
2025-09-01 10:30:00,23900,PE,498.66,492.23,488.98,490.01,743,69285,0.145
2025-09-01 10:30:00,23950,CE,306.73,308.12,305.94,306.44,356,61998,0.1449
2025-09-01 10:30:00,23950,PE,551.68,561.05,550.13,556.08,941,59542,0.1451
2025-09-01 10:30:00,24000,CE,342.22,340.43,336.59,340.01,116,58304,0.1459
2025-09-01 10:30:00,24000,PE,599.35,610.8,585.89,599.35,72,57864,0.148
2025-09-01 10:30:00,24050,CE,327.25,331.05,326.11,327.62,282,55822,0.1462
2025-09-01 10:30:00,24050,PE,659.03,647.1,639.8,643.86,466,51762,0.1484
2025-09-01 10:30:00,24100,CE,346.62,350.67,349.7,350.28,430,45521,0.1498
2025-09-01 10:30:00,24100,PE,705.65,718.29,700.88,706.19,400,43935,0.1465
2025-09-01 10:30:00,24150,CE,337.29,341.24,335.7,335.71,178,43898,0.1474
2025-09-01 10:30:00,24150,PE,750.61,754.03,747.0,748.88,457,48415,0.1483
2025-09-01 10:30:00,24200,CE,328.17,331.73,325.49,326.68,39,39965,0.1483
2025-09-01 10:30:00,24200,PE,802.77,819.75,795.31,809.73,345,40693,0.1496
2025-09-01 10:30:00,24250,CE,313.76,319.26,315.87,316.01,441,37744,0.1462
2025-09-01 10:30:00,24250,PE,858.27,877.68,849.35,851.13,587,38263,0.1483
2025-09-01 10:30:00,24300,CE,315.17,320.82,315.41,317.15,114,34164,0.1472
2025-09-01 10:30:00,24300,PE,914.63,921.12,909.69,913.09,459,34428,0.1476
2025-09-01 10:30:00,24350,CE,314.82,321.25,312.17,314.8,205,29561,0.1469
2025-09-01 10:30:00,24350,PE,956.22,959.2,947.29,955.23,373,31313,0.1467
2025-09-01 10:30:00,24400,CE,366.7,368.42,365.54,366.13,163,31634,0.1474
2025-09-01 10:30:00,24400,PE,1005.36,1015.77,1008.84,1009.39,119,29616,0.1487
2025-09-01 10:30:00,24450,CE,361.82,363.5,358.43,362.05,380,33145,0.1489
2025-09-01 10:30:00,24450,PE,1068.29,1067.19,1058.65,1061.25,474,27194,0.1479
2025-09-01 10:30:00,24500,CE,358.18,358.04,351.7,355.44,88,29774,0.1475
2025-09-01 10:30:00,24500,PE,1107.36,1110.92,1104.17,1105.63,474,32691,0.146
2025-09-01 10:30:00,24550,CE,360.04,369.44,362.12,364.17,352,26928,0.1493
2025-09-01 10:30:00,24550,PE,1154.48,1189.82,1151.46,1158.61,425,29321,0.146
2025-09-01 10:30:00,24600,CE,329.01,331.38,328.23,330.49,290,24001,0.1484
2025-09-01 10:30:00,24600,PE,1177.49,1199.7,1190.19,1191.36,407,24615,0.1442
2025-09-01 10:30:00,24650,CE,358.84,362.24,357.89,359.71,209,21745,0.1474
2025-09-01 10:30:00,24650,PE,1233.89,1268.24,1239.05,1247.77,101,24321,0.1454
2025-09-01 10:30:00,24700,CE,347.93,349.16,343.21,344.69,52,22944,0.1405
2025-09-01 10:30:00,24700,PE,1305.73,1305.17,1290.46,1304.76,139,25967,0.1457
2025-09-01 10:30:00,24750,CE,333.39,338.47,325.46,332.18,225,21538,0.1482
2025-09-01 10:30:00,24750,PE,1355.59,1368.09,1350.18,1356.55,85,25481,0.1476
2025-09-01 10:30:00,24800,CE,325.99,329.39,323.92,328.52,248,23760,0.1468
2025-09-01 10:30:00,24800,PE,1408.04,1406.86,1387.81,1392.22,63,20504,0.1472
2025-09-01 10:30:00,24850,CE,380.47,378.4,372.97,374.26,349,20779,0.1489
2025-09-01 10:30:00,24850,PE,1444.07,1465.15,1440.86,1443.24,90,24129,0.1446
2025-09-01 10:30:00,24900,CE,327.07,329.14,321.88,327.5,117,24994,0.1495
2025-09-01 10:30:00,24900,PE,1504.36,1503.09,1492.43,1493.89,258,25371,0.1456
2025-09-01 10:35:00,23500,CE,570.87,567.11,561.56,566.03,363,46853,0.1461
2025-09-01 10:35:00,23500,PE,349.47,352.7,347.5,348.8,430,47595,0.1483
2025-09-01 10:35:00,23550,CE,511.62,510.94,503.1,507.19,51,50353,0.1461
2025-09-01 10:35:00,23550,PE,373.12,376.5,372.38,374.13,617,45920,0.1483
2025-09-01 10:35:00,23600,CE,459.53,463.21,452.98,456.69,98,55736,0.1452
2025-09-01 10:35:00,23600,PE,340.64,338.92,335.55,338.62,948,52597,0.1516
2025-09-01 10:35:00,23650,CE,372.17,373.88,367.02,372.0,1299,60297,0.1464
2025-09-01 10:35:00,23650,PE,350.61,356.36,351.19,351.95,96,58516,0.1482
2025-09-01 10:35:00,23700,CE,336.69,334.2,332.7,332.71,210,63576,0.1463
2025-09-01 10:35:00,23700,PE,341.8,348.51,341.01,341.72,87,61423,0.1493
2025-09-01 10:35:00,23750,CE,343.88,348.17,344.46,346.47,1047,69843,0.1483
2025-09-01 10:35:00,23750,PE,380.66,377.32,375.49,376.55,1490,73142,0.1468
2025-09-01 10:35:00,23800,CE,362.97,362.87,362.22,362.49,714,82888,0.1465
2025-09-01 10:35:00,23800,PE,422.59,425.39,418.4,420.55,575,85783,0.1488
2025-09-01 10:35:00,23850,CE,354.39,354.14,347.03,353.14,212,79718,0.1483
2025-09-01 10:35:00,23850,PE,462.17,470.09,460.96,462.23,833,74583,0.1489
2025-09-01 10:35:00,23900,CE,332.82,331.5,330.29,331.34,356,67710,0.1495
2025-09-01 10:35:00,23900,PE,517.4,522.3,518.68,521.99,152,69755,0.1447
2025-09-01 10:35:00,23950,CE,339.88,340.79,329.52,336.71,965,61713,0.1484
2025-09-01 10:35:00,23950,PE,558.73,569.06,559.01,560.61,840,59532,0.1465
2025-09-01 10:35:00,24000,CE,317.29,323.48,316.75,317.13,223,58834,0.1453
2025-09-01 10:35:00,24000,PE,612.07,614.75,601.73,611.98,128,57406,0.1477
2025-09-01 10:35:00,24050,CE,310.57,310.45,306.4,307.87,344,56266,0.1435
2025-09-01 10:35:00,24050,PE,670.25,681.98,674.89,676.78,254,52054,0.1485
2025-09-01 10:35:00,24100,CE,330.3,333.92,327.22,331.69,664,45503,0.1499
2025-09-01 10:35:00,24100,PE,716.33,718.94,704.6,713.46,106,44473,0.1447
2025-09-01 10:35:00,24150,CE,348.53,349.47,342.83,344.59,570,43387,0.1448
2025-09-01 10:35:00,24150,PE,753.26,776.27,759.22,764.6,414,48840,0.1473
2025-09-01 10:35:00,24200,CE,376.89,377.94,372.86,373.76,378,39602,0.1485
2025-09-01 10:35:00,24200,PE,810.76,825.18,796.66,805.33,616,40518,0.1471
2025-09-01 10:35:00,24250,CE,346.32,354.37,345.05,347.38,10,37290,0.1497
2025-09-01 10:35:00,24250,PE,878.39,878.37,872.39,872.88,289,38257,0.1445
2025-09-01 10:35:00,24300,CE,339.79,339.19,335.91,337.54,365,33766,0.1464
2025-09-01 10:35:00,24300,PE,945.7,944.36,933.38,942.12,66,34134,0.1498
2025-09-01 10:35:00,24350,CE,349.09,352.75,345.25,347.76,39,29032,0.1473
2025-09-01 10:35:00,24350,PE,977.06,974.52,962.1,966.95,354,31079,0.1472
2025-09-01 10:35:00,24400,CE,324.11,323.2,320.9,322.1,89,31230,0.1411
2025-09-01 10:35:00,24400,PE,1010.81,1042.91,1021.01,1028.37,418,29838,0.1475
2025-09-01 10:35:00,24450,CE,330.29,333.66,328.25,331.79,30,33310,0.1479
2025-09-01 10:35:00,24450,PE,1065.93,1108.31,1060.92,1065.54,307,27392,0.1469
2025-09-01 10:35:00,24500,CE,332.44,330.08,328.05,328.96,374,29985,0.1486
2025-09-01 10:35:00,24500,PE,1133.84,1161.56,1144.37,1145.69,338,32214,0.1489
2025-09-01 10:35:00,24550,CE,361.05,362.44,355.18,360.39,415,26584,0.1457
2025-09-01 10:35:00,24550,PE,1177.79,1184.55,1170.64,1176.08,343,29605,0.1478
2025-09-01 10:35:00,24600,CE,364.87,365.77,363.72,364.76,212,23979,0.1488
2025-09-01 10:35:00,24600,PE,1208.29,1231.52,1207.31,1213.39,388,24771,0.1523
2025-09-01 10:35:00,24650,CE,328.98,331.83,326.22,331.12,111,21212,0.1443
2025-09-01 10:35:00,24650,PE,1252.88,1259.72,1255.48,1256.11,61,24184,0.1475
2025-09-01 10:35:00,24700,CE,332.07,335.34,331.56,334.24,266,22869,0.1461
2025-09-01 10:35:00,24700,PE,1339.86,1338.03,1319.69,1329.25,304,26197,0.1469
2025-09-01 10:35:00,24750,CE,352.17,355.37,348.12,349.81,272,22032,0.1454
2025-09-01 10:35:00,24750,PE,1366.41,1384.17,1373.83,1375.08,36,25570,0.1464
2025-09-01 10:35:00,24800,CE,340.17,342.99,339.91,341.55,129,24073,0.1467
2025-09-01 10:35:00,24800,PE,1419.07,1413.5,1382.79,1401.84,298,20676,0.145
2025-09-01 10:35:00,24850,CE,317.85,323.82,320.8,321.25,263,21270,0.1454
2025-09-01 10:35:00,24850,PE,1462.2,1500.13,1468.42,1474.87,199,24501,0.1494
2025-09-01 10:35:00,24900,CE,356.84,363.66,356.35,357.31,40,24690,0.1496
2025-09-01 10:35:00,24900,PE,1505.13,1547.63,1498.29,1508.2,311,25037,0.1455
2025-09-01 10:40:00,23500,CE,518.38,532.79,512.82,515.25,28,47347,0.1476
2025-09-01 10:40:00,23500,PE,340.09,346.02,338.32,340.35,407,47711,0.1486
2025-09-01 10:40:00,23550,CE,481.18,477.14,472.7,476.54,961,50292,0.1487
2025-09-01 10:40:00,23550,PE,341.56,341.52,333.36,340.06,45,46160,0.1484
2025-09-01 10:40:00,23600,CE,390.29,390.93,389.95,390.58,934,55474,0.1499
2025-09-01 10:40:00,23600,PE,300.35,305.31,299.25,301.8,942,52967,0.1472
2025-09-01 10:40:00,23650,CE,373.76,370.37,368.63,370.08,1622,60330,0.1488
2025-09-01 10:40:00,23650,PE,323.68,332.08,325.82,326.97,134,58961,0.1458
2025-09-01 10:40:00,23700,CE,331.99,337.84,324.45,331.99,731,63748,0.1465
2025-09-01 10:40:00,23700,PE,384.13,387.15,374.53,385.11,1468,61135,0.148
2025-09-01 10:40:00,23750,CE,360.14,363.12,356.87,362.53,28,70401,0.1484
2025-09-01 10:40:00,23750,PE,418.48,424.07,410.23,416.39,247,73024,0.1445
2025-09-01 10:40:00,23800,CE,354.48,358.21,351.94,352.57,984,83207,0.1483
2025-09-01 10:40:00,23800,PE,458.61,472.37,458.56,462.09,221,85489,0.1461
2025-09-01 10:40:00,23850,CE,331.52,334.74,327.09,331.56,766,79618,0.1469
2025-09-01 10:40:00,23850,PE,511.55,534.76,516.08,517.61,564,74868,0.1497
2025-09-01 10:40:00,23900,CE,343.11,339.83,335.29,337.81,857,67945,0.1498
2025-09-01 10:40:00,23900,PE,569.04,574.28,561.66,563.77,185,70281,0.1458
2025-09-01 10:40:00,23950,CE,335.34,340.94,329.27,334.83,515,62070,0.1439
2025-09-01 10:40:00,23950,PE,555.8,567.41,553.45,554.76,559,59321,0.1435
2025-09-01 10:40:00,24000,CE,356.12,362.71,352.45,356.29,544,59269,0.1474
2025-09-01 10:40:00,24000,PE,648.44,665.97,650.49,653.09,686,57911,0.1433
2025-09-01 10:40:00,24050,CE,338.45,342.49,338.62,340.31,53,56810,0.148
2025-09-01 10:40:00,24050,PE,741.91,741.58,730.86,737.98,258,52534,0.1519
2025-09-01 10:40:00,24100,CE,333.77,331.98,325.27,328.75,380,45737,0.1469
2025-09-01 10:40:00,24100,PE,785.34,801.09,775.52,783.56,558,44827,0.1504
2025-09-01 10:40:00,24150,CE,344.81,349.54,345.26,346.08,219,43564,0.1466
2025-09-01 10:40:00,24150,PE,798.78,815.33,782.35,798.07,379,48623,0.1462
2025-09-01 10:40:00,24200,CE,346.64,344.67,339.47,343.14,33,39981,0.144
2025-09-01 10:40:00,24200,PE,850.03,851.94,848.47,849.5,269,40191,0.1466
2025-09-01 10:40:00,24250,CE,359.14,359.72,357.64,357.85,203,37207,0.1499
2025-09-01 10:40:00,24250,PE,924.77,947.05,925.9,934.25,583,38069,0.1458
2025-09-01 10:40:00,24300,CE,363.22,369.95,359.99,361.39,81,33372,0.148
2025-09-01 10:40:00,24300,PE,955.7,959.19,944.25,950.55,509,34492,0.1469
2025-09-01 10:40:00,24350,CE,328.05,330.05,326.84,328.3,10,28998,0.146
2025-09-01 10:40:00,24350,PE,1026.51,1030.62,1014.42,1024.65,147,31111,0.1477
2025-09-01 10:40:00,24400,CE,345.78,351.76,345.19,346.53,302,31232,0.1476
2025-09-01 10:40:00,24400,PE,1048.12,1055.02,1048.95,1053.0,247,30065,0.1474
2025-09-01 10:40:00,24450,CE,363.23,359.58,356.48,356.67,340,32921,0.1471
2025-09-01 10:40:00,24450,PE,1098.93,1129.24,1104.58,1109.84,328,27392,0.1473
2025-09-01 10:40:00,24500,CE,340.47,342.96,337.09,337.57,189,29697,0.1522
2025-09-01 10:40:00,24500,PE,1171.34,1186.79,1156.7,1169.55,254,32779,0.1486
2025-09-01 10:40:00,24550,CE,349.15,349.83,345.98,347.63,205,26056,0.1476
2025-09-01 10:40:00,24550,PE,1203.24,1216.51,1209.45,1210.98,110,30119,0.142
2025-09-01 10:40:00,24600,CE,326.49,331.5,326.54,329.28,334,23450,0.1431
2025-09-01 10:40:00,24600,PE,1274.04,1293.17,1271.19,1275.2,335,24302,0.1458
2025-09-01 10:40:00,24650,CE,337.3,341.34,331.74,334.08,124,21699,0.1478
2025-09-01 10:40:00,24650,PE,1310.03,1332.02,1291.95,1300.25,260,24361,0.1461
2025-09-01 10:40:00,24700,CE,350.9,357.17,350.73,351.55,87,22658,0.1452
2025-09-01 10:40:00,24700,PE,1344.32,1346.8,1332.57,1339.65,41,26303,0.1474
2025-09-01 10:40:00,24750,CE,348.51,352.95,346.26,350.48,182,21631,0.1487
2025-09-01 10:40:00,24750,PE,1401.16,1408.12,1396.29,1401.57,112,25047,0.146
2025-09-01 10:40:00,24800,CE,351.88,355.99,351.28,354.61,28,23532,0.1472
2025-09-01 10:40:00,24800,PE,1469.57,1488.2,1462.52,1464.13,118,20400,0.1472
2025-09-01 10:40:00,24850,CE,336.58,339.61,336.17,337.28,69,20885,0.1465
2025-09-01 10:40:00,24850,PE,1494.49,1552.79,1497.86,1505.26,326,24384,0.1474
2025-09-01 10:40:00,24900,CE,363.18,364.58,359.63,359.66,175,25142,0.1475
2025-09-01 10:40:00,24900,PE,1575.42,1574.1,1566.85,1571.0,331,24891,0.1453
2025-09-01 10:45:00,23500,CE,557.99,570.12,555.12,555.21,803,47225,0.1493
2025-09-01 10:45:00,23500,PE,330.77,334.31,325.72,329.92,291,47255,0.147
2025-09-01 10:45:00,23550,CE,502.06,507.73,497.88,502.45,416,50878,0.148
2025-09-01 10:45:00,23550,PE,348.17,350.7,347.65,347.94,212,45734,0.1487
2025-09-01 10:45:00,23600,CE,459.04,462.38,452.7,458.42,352,55279,0.1486
2025-09-01 10:45:00,23600,PE,331.9,340.02,333.1,333.57,514,53501,0.1423
2025-09-01 10:45:00,23650,CE,398.18,404.15,399.58,401.11,1409,60275,0.1512
2025-09-01 10:45:00,23650,PE,334.02,331.51,325.7,330.48,1345,58766,0.1458
2025-09-01 10:45:00,23700,CE,317.21,323.34,319.64,319.85,720,64006,0.1449
2025-09-01 10:45:00,23700,PE,354.15,363.39,357.18,358.17,1551,60574,0.1462
2025-09-01 10:45:00,23750,CE,356.97,353.24,350.14,352.23,913,70186,0.1505
2025-09-01 10:45:00,23750,PE,399.84,402.73,396.81,398.55,616,73120,0.1491
2025-09-01 10:45:00,23800,CE,315.32,314.84,310.94,312.92,694,83796,0.1424
2025-09-01 10:45:00,23800,PE,439.02,441.79,440.89,441.74,601,86050,0.1435
2025-09-01 10:45:00,23850,CE,363.99,371.27,365.59,365.8,804,79769,0.1494
2025-09-01 10:45:00,23850,PE,490.04,496.05,485.83,490.61,637,74676,0.1446
2025-09-01 10:45:00,23900,CE,345.23,349.92,341.65,347.53,624,68005,0.149
2025-09-01 10:45:00,23900,PE,553.46,556.55,547.8,553.01,127,70801,0.1505
2025-09-01 10:45:00,23950,CE,343.15,344.82,343.38,343.64,846,62270,0.1469
2025-09-01 10:45:00,23950,PE,563.72,570.84,560.31,567.03,642,58900,0.1479
2025-09-01 10:45:00,24000,CE,337.5,343.9,333.36,336.79,524,59834,0.1488
2025-09-01 10:45:00,24000,PE,663.56,674.66,654.94,664.82,119,58393,0.1476
2025-09-01 10:45:00,24050,CE,331.9,335.13,331.62,333.52,289,56470,0.1466
2025-09-01 10:45:00,24050,PE,698.15,710.5,684.02,697.95,722,52722,0.1479
2025-09-01 10:45:00,24100,CE,340.37,344.62,339.84,344.4,595,46190,0.1487
2025-09-01 10:45:00,24100,PE,719.09,717.78,712.03,715.06,20,44491,0.1487
2025-09-01 10:45:00,24150,CE,327.85,332.09,325.62,327.41,171,44072,0.1444
2025-09-01 10:45:00,24150,PE,780.91,782.38,774.84,781.88,368,48239,0.1477
2025-09-01 10:45:00,24200,CE,329.07,324.91,317.27,324.81,453,39809,0.1447
2025-09-01 10:45:00,24200,PE,870.93,880.05,850.67,861.75,376,40722,0.1477
2025-09-01 10:45:00,24250,CE,354.91,357.28,353.1,354.21,170,37742,0.1491
2025-09-01 10:45:00,24250,PE,863.59,876.11,870.3,872.23,452,37496,0.148
2025-09-01 10:45:00,24300,CE,345.83,348.84,343.19,345.67,231,33811,0.1482
2025-09-01 10:45:00,24300,PE,931.86,938.87,922.92,930.54,490,34724,0.1449
2025-09-01 10:45:00,24350,CE,358.64,366.82,362.57,363.02,375,29444,0.1478
2025-09-01 10:45:00,24350,PE,995.68,997.27,974.64,987.09,84,31065,0.1458
2025-09-01 10:45:00,24400,CE,330.85,331.02,324.91,328.07,185,31809,0.1443
2025-09-01 10:45:00,24400,PE,1051.38,1057.36,1017.18,1050.95,395,30362,0.1492
2025-09-01 10:45:00,24450,CE,328.77,333.16,326.66,327.25,53,33232,0.1484
2025-09-01 10:45:00,24450,PE,1119.35,1114.43,1078.09,1097.74,408,27304,0.1476
2025-09-01 10:45:00,24500,CE,328.85,339.43,329.69,330.01,402,29567,0.1487
2025-09-01 10:45:00,24500,PE,1140.65,1160.58,1134.7,1147.05,306,32425,0.1512
2025-09-01 10:45:00,24550,CE,327.01,327.65,325.53,327.43,230,25525,0.1461
2025-09-01 10:45:00,24550,PE,1196.89,1196.47,1187.6,1187.95,59,30600,0.147
2025-09-01 10:45:00,24600,CE,339.31,340.53,336.45,338.84,300,23558,0.144
2025-09-01 10:45:00,24600,PE,1267.12,1289.72,1262.56,1265.07,176,24371,0.1502
2025-09-01 10:45:00,24650,CE,346.08,347.43,344.0,344.62,289,21504,0.1491
2025-09-01 10:45:00,24650,PE,1251.02,1260.54,1258.07,1258.97,136,24648,0.1459
2025-09-01 10:45:00,24700,CE,323.04,329.58,322.45,326.08,214,22546,0.1504
2025-09-01 10:45:00,24700,PE,1322.27,1330.22,1323.2,1327.05,178,26674,0.1455
2025-09-01 10:45:00,24750,CE,333.55,342.94,333.91,334.01,198,21126,0.1458
2025-09-01 10:45:00,24750,PE,1378.33,1394.71,1378.72,1390.32,313,24743,0.1461
2025-09-01 10:45:00,24800,CE,324.59,326.97,322.43,325.93,32,23272,0.1455
2025-09-01 10:45:00,24800,PE,1434.56,1444.0,1411.41,1426.95,48,19827,0.1452
2025-09-01 10:45:00,24850,CE,311.91,313.59,306.07,311.25,246,21081,0.1438
2025-09-01 10:45:00,24850,PE,1496.6,1498.59,1492.76,1495.91,112,24625,0.1486
2025-09-01 10:45:00,24900,CE,342.87,348.02,345.19,345.85,18,25038,0.1485
2025-09-01 10:45:00,24900,PE,1530.52,1586.97,1543.18,1546.02,197,25245,0.1485
2025-09-01 10:50:00,23500,CE,560.77,573.26,564.92,568.01,301,47769,0.1476
2025-09-01 10:50:00,23500,PE,347.09,351.28,342.29,345.38,404,47539,0.1481
2025-09-01 10:50:00,23550,CE,486.81,492.57,485.51,488.48,227,51085,0.1483
2025-09-01 10:50:00,23550,PE,330.64,337.72,335.47,335.57,671,45673,0.1457
2025-09-01 10:50:00,23600,CE,440.72,446.62,432.54,439.48,355,55343,0.1487
2025-09-01 10:50:00,23600,PE,352.8,352.93,343.29,349.76,563,53246,0.1489
2025-09-01 10:50:00,23650,CE,398.68,398.34,395.4,396.17,824,59967,0.1493
2025-09-01 10:50:00,23650,PE,326.31,329.21,325.95,326.4,1019,58197,0.1451
2025-09-01 10:50:00,23700,CE,352.7,357.15,350.89,353.19,454,63983,0.1493
2025-09-01 10:50:00,23700,PE,348.77,351.55,348.17,348.54,251,60244,0.146
2025-09-01 10:50:00,23750,CE,371.12,375.85,367.02,369.97,652,70146,0.1458
2025-09-01 10:50:00,23750,PE,391.57,393.8,382.4,389.24,529,73494,0.1479
2025-09-01 10:50:00,23800,CE,343.21,347.52,342.48,343.61,678,83636,0.1476
2025-09-01 10:50:00,23800,PE,455.38,461.2,450.48,455.14,681,85836,0.1487
2025-09-01 10:50:00,23850,CE,364.04,370.12,364.17,366.54,77,79705,0.1485
2025-09-01 10:50:00,23850,PE,515.97,524.26,514.34,517.26,431,74670,0.1491
2025-09-01 10:50:00,23900,CE,340.95,348.27,343.74,343.74,542,67732,0.1489
2025-09-01 10:50:00,23900,PE,524.46,539.37,516.28,522.38,480,70920,0.1463
2025-09-01 10:50:00,23950,CE,348.5,358.66,351.03,353.23,238,61704,0.1458
2025-09-01 10:50:00,23950,PE,620.57,614.86,606.95,607.77,186,58883,0.148
2025-09-01 10:50:00,24000,CE,347.96,349.76,339.25,343.26,597,60012,0.1488
2025-09-01 10:50:00,24000,PE,638.72,642.66,624.72,631.73,667,58352,0.1494
2025-09-01 10:50:00,24050,CE,342.24,353.94,338.29,342.4,695,57043,0.1469
2025-09-01 10:50:00,24050,PE,702.55,699.1,691.65,698.64,26,52308,0.1468
2025-09-01 10:50:00,24100,CE,326.34,333.33,325.14,329.28,299,46133,0.1461
2025-09-01 10:50:00,24100,PE,732.28,746.79,716.55,735.27,160,44241,0.1487
2025-09-01 10:50:00,24150,CE,345.62,348.11,343.03,346.45,41,44555,0.1479
2025-09-01 10:50:00,24150,PE,770.49,782.85,771.94,774.87,539,47854,0.1497
2025-09-01 10:50:00,24200,CE,345.39,345.67,339.54,344.82,262,39834,0.1446
2025-09-01 10:50:00,24200,PE,849.13,857.88,846.94,847.79,290,40631,0.1482
2025-09-01 10:50:00,24250,CE,339.12,346.76,333.9,336.61,336,38242,0.146
2025-09-01 10:50:00,24250,PE,915.05,913.94,896.94,904.59,320,37565,0.147
2025-09-01 10:50:00,24300,CE,344.83,353.84,344.8,347.69,153,33769,0.1486
2025-09-01 10:50:00,24300,PE,949.93,967.19,939.53,945.16,385,34827,0.1461
2025-09-01 10:50:00,24350,CE,331.66,341.19,334.59,336.95,265,29697,0.1487
2025-09-01 10:50:00,24350,PE,991.04,1007.81,989.83,994.71,123,30503,0.1452
2025-09-01 10:50:00,24400,CE,352.64,352.41,345.49,348.16,164,31505,0.1494
2025-09-01 10:50:00,24400,PE,1041.98,1051.5,1032.7,1038.74,465,30044,0.1487
2025-09-01 10:50:00,24450,CE,324.3,328.09,322.96,324.52,441,33130,0.1423
2025-09-01 10:50:00,24450,PE,1095.42,1094.55,1089.66,1093.14,348,27395,0.1463
2025-09-01 10:50:00,24500,CE,342.09,342.73,340.25,340.35,10,30066,0.1465
2025-09-01 10:50:00,24500,PE,1126.39,1147.31,1129.18,1136.15,223,32503,0.1468
2025-09-01 10:50:00,24550,CE,331.86,336.03,329.93,333.05,121,25142,0.1479
2025-09-01 10:50:00,24550,PE,1189.02,1213.2,1198.23,1200.71,24,30631,0.148
2025-09-01 10:50:00,24600,CE,312.55,314.51,312.55,312.7,136,23472,0.1483
2025-09-01 10:50:00,24600,PE,1261.47,1252.2,1247.03,1250.44,415,24545,0.147
2025-09-01 10:50:00,24650,CE,341.66,340.44,336.48,339.33,300,21668,0.1475
2025-09-01 10:50:00,24650,PE,1314.61,1325.32,1298.59,1306.42,76,24840,0.1468
2025-09-01 10:50:00,24700,CE,334.95,344.24,334.84,336.71,346,23142,0.1467
2025-09-01 10:50:00,24700,PE,1351.77,1358.07,1348.46,1350.03,24,26107,0.1499
2025-09-01 10:50:00,24750,CE,317.82,323.98,317.8,321.07,367,21440,0.1465
2025-09-01 10:50:00,24750,PE,1400.44,1411.36,1397.96,1399.54,12,25168,0.1451
2025-09-01 10:50:00,24800,CE,361.35,376.29,358.45,364.34,340,22966,0.1485
2025-09-01 10:50:00,24800,PE,1437.54,1442.35,1433.44,1442.07,81,20135,0.1515
2025-09-01 10:50:00,24850,CE,335.22,336.91,334.41,335.07,109,20606,0.1487
2025-09-01 10:50:00,24850,PE,1500.11,1491.31,1482.43,1490.62,244,24676,0.1474
2025-09-01 10:50:00,24900,CE,324.64,328.15,323.47,327.14,97,24824,0.1436
2025-09-01 10:50:00,24900,PE,1546.77,1577.74,1560.95,1566.0,161,24918,0.149
2025-09-01 10:55:00,23500,CE,524.43,522.64,517.0,521.88,70,47945,0.1467
2025-09-01 10:55:00,23500,PE,354.9,356.15,350.75,353.57,315,47422,0.1486
2025-09-01 10:55:00,23550,CE,476.45,484.95,472.98,476.33,371,50684,0.1441
2025-09-01 10:55:00,23550,PE,340.04,343.06,341.66,342.07,638,45800,0.148
2025-09-01 10:55:00,23600,CE,453.7,457.97,447.48,449.52,666,55351,0.1479
2025-09-01 10:55:00,23600,PE,342.05,354.25,342.88,346.5,942,52696,0.1478
2025-09-01 10:55:00,23650,CE,399.61,406.28,399.79,406.28,1171,60351,0.1474
2025-09-01 10:55:00,23650,PE,357.92,362.33,353.4,356.35,249,58781,0.1497
2025-09-01 10:55:00,23700,CE,333.79,336.61,330.83,333.59,826,63793,0.1452
2025-09-01 10:55:00,23700,PE,352.92,352.92,348.98,352.09,547,60828,0.1466
2025-09-01 10:55:00,23750,CE,328.86,329.08,325.82,327.91,858,70740,0.1461
2025-09-01 10:55:00,23750,PE,377.3,383.56,377.89,378.94,1113,73451,0.1488
2025-09-01 10:55:00,23800,CE,348.21,347.73,339.32,345.23,59,84140,0.1481
2025-09-01 10:55:00,23800,PE,445.98,453.61,441.76,447.58,321,86174,0.1478
2025-09-01 10:55:00,23850,CE,359.82,365.29,354.04,356.47,167,80106,0.1497
2025-09-01 10:55:00,23850,PE,482.07,486.7,477.68,479.05,50,74217,0.1467
2025-09-01 10:55:00,23900,CE,360.25,362.74,356.37,359.1,325,68068,0.1479
2025-09-01 10:55:00,23900,PE,550.03,553.31,546.82,550.11,1051,70603,0.1467
2025-09-01 10:55:00,23950,CE,348.23,343.78,340.59,342.15,556,62000,0.148
2025-09-01 10:55:00,23950,PE,562.65,583.26,566.55,567.81,851,58566,0.1451
2025-09-01 10:55:00,24000,CE,366.59,367.5,357.86,363.59,109,60352,0.1446
2025-09-01 10:55:00,24000,PE,636.62,646.51,627.97,637.22,43,58824,0.1506
2025-09-01 10:55:00,24050,CE,339.74,338.46,334.72,335.6,329,57045,0.1489
2025-09-01 10:55:00,24050,PE,683.31,688.71,667.85,676.48,404,52227,0.148
2025-09-01 10:55:00,24100,CE,322.14,324.08,321.87,323.24,21,45707,0.1473
2025-09-01 10:55:00,24100,PE,731.58,739.01,733.55,735.6,269,43924,0.1476
2025-09-01 10:55:00,24150,CE,323.5,328.95,324.63,327.27,565,45145,0.1478
2025-09-01 10:55:00,24150,PE,762.0,769.56,757.18,758.81,151,48130,0.1445
2025-09-01 10:55:00,24200,CE,345.97,349.17,344.09,344.96,332,40156,0.1438
2025-09-01 10:55:00,24200,PE,830.9,830.74,819.51,825.15,495,41007,0.147
2025-09-01 10:55:00,24250,CE,342.59,343.7,342.52,342.96,583,38342,0.1454
2025-09-01 10:55:00,24250,PE,893.2,915.28,887.12,889.19,561,37494,0.1474
2025-09-01 10:55:00,24300,CE,326.78,334.14,323.56,328.42,36,33586,0.1481
2025-09-01 10:55:00,24300,PE,938.13,954.72,934.01,936.19,399,34259,0.1476
2025-09-01 10:55:00,24350,CE,352.1,352.46,348.65,349.92,449,30068,0.1442
2025-09-01 10:55:00,24350,PE,966.72,973.67,962.94,972.1,132,30940,0.1471
2025-09-01 10:55:00,24400,CE,325.3,321.03,317.8,320.22,399,31316,0.1505
2025-09-01 10:55:00,24400,PE,1028.81,1022.02,994.28,1016.37,475,30062,0.1485
2025-09-01 10:55:00,24450,CE,327.35,332.11,330.15,331.35,222,33223,0.1499
2025-09-01 10:55:00,24450,PE,1094.93,1120.79,1074.39,1083.89,481,27583,0.1474
2025-09-01 10:55:00,24500,CE,315.85,314.52,312.08,313.87,242,30245,0.1456
2025-09-01 10:55:00,24500,PE,1154.57,1159.94,1150.43,1152.03,344,32139,0.1495
2025-09-01 10:55:00,24550,CE,364.8,377.32,361.93,363.66,239,25366,0.1468
2025-09-01 10:55:00,24550,PE,1186.23,1219.77,1197.1,1197.82,91,30934,0.1481
2025-09-01 10:55:00,24600,CE,346.38,361.87,347.61,349.62,11,22892,0.1507
2025-09-01 10:55:00,24600,PE,1232.21,1256.27,1220.97,1232.66,171,24686,0.146
2025-09-01 10:55:00,24650,CE,349.27,359.95,348.68,350.52,54,21568,0.1487
2025-09-01 10:55:00,24650,PE,1298.84,1321.63,1264.66,1296.23,81,25302,0.1452
2025-09-01 10:55:00,24700,CE,342.97,343.51,341.83,342.45,289,23674,0.1499
2025-09-01 10:55:00,24700,PE,1348.15,1361.22,1327.28,1339.44,149,26207,0.1487
2025-09-01 10:55:00,24750,CE,332.35,330.85,328.89,330.35,139,21319,0.1478
2025-09-01 10:55:00,24750,PE,1400.2,1413.4,1394.52,1405.51,209,25693,0.1484
2025-09-01 10:55:00,24800,CE,335.46,340.37,333.43,336.42,317,22689,0.1484
2025-09-01 10:55:00,24800,PE,1423.72,1437.92,1420.25,1423.98,116,20126,0.1442
2025-09-01 10:55:00,24850,CE,328.17,326.28,322.0,323.07,268,20429,0.1437
2025-09-01 10:55:00,24850,PE,1504.52,1513.6,1501.55,1504.2,28,24260,0.1485
2025-09-01 10:55:00,24900,CE,337.22,341.31,339.52,340.0,138,25297,0.1426
2025-09-01 10:55:00,24900,PE,1555.44,1560.88,1546.15,1556.32,237,24618,0.1469
2025-09-01 11:00:00,23500,CE,544.21,547.34,539.91,543.32,651,48299,0.149
2025-09-01 11:00:00,23500,PE,350.95,360.58,352.71,354.63,317,47725,0.1474
2025-09-01 11:00:00,23550,CE,485.43,490.4,485.87,487.51,793,50884,0.1512
2025-09-01 11:00:00,23550,PE,344.74,349.75,341.76,342.97,179,45330,0.1504
2025-09-01 11:00:00,23600,CE,400.3,408.14,401.9,406.54,645,55231,0.1464
2025-09-01 11:00:00,23600,PE,313.72,322.73,316.42,316.84,443,53208,0.1438
2025-09-01 11:00:00,23650,CE,382.28,385.44,378.19,384.41,417,60190,0.1447
2025-09-01 11:00:00,23650,PE,350.43,355.1,350.12,352.88,103,58205,0.1482
2025-09-01 11:00:00,23700,CE,336.22,341.64,334.76,338.06,570,64063,0.1497
2025-09-01 11:00:00,23700,PE,338.59,340.1,333.04,333.21,1018,61053,0.1459
2025-09-01 11:00:00,23750,CE,358.42,356.81,353.74,354.81,1091,70836,0.1451
2025-09-01 11:00:00,23750,PE,401.1,403.55,400.61,402.14,660,73286,0.1469
2025-09-01 11:00:00,23800,CE,329.99,328.7,324.39,328.47,70,83927,0.1459
2025-09-01 11:00:00,23800,PE,473.25,475.32,469.29,473.12,640,85849,0.1473
2025-09-01 11:00:00,23850,CE,329.58,339.2,329.35,334.15,175,80216,0.1469
2025-09-01 11:00:00,23850,PE,532.13,536.76,531.63,536.06,550,74812,0.1501
2025-09-01 11:00:00,23900,CE,348.89,355.85,353.37,354.74,829,68408,0.1506
2025-09-01 11:00:00,23900,PE,566.86,568.93,565.91,566.88,510,70788,0.1496
2025-09-01 11:00:00,23950,CE,337.19,343.84,337.06,337.47,811,62083,0.149
2025-09-01 11:00:00,23950,PE,612.3,607.82,598.11,603.28,243,58812,0.1471
2025-09-01 11:00:00,24000,CE,348.95,349.51,346.13,348.8,112,60354,0.1457
2025-09-01 11:00:00,24000,PE,660.31,665.06,659.92,663.02,719,59240,0.149
2025-09-01 11:00:00,24050,CE,378.24,381.58,372.11,375.56,602,57143,0.15
2025-09-01 11:00:00,24050,PE,723.87,724.31,707.8,718.86,277,51923,0.1483
2025-09-01 11:00:00,24100,CE,332.8,337.86,328.23,332.28,364,45782,0.1474
2025-09-01 11:00:00,24100,PE,751.86,754.16,751.05,752.43,237,43618,0.148
2025-09-01 11:00:00,24150,CE,343.66,344.5,342.89,344.16,517,45187,0.1494
2025-09-01 11:00:00,24150,PE,803.65,819.02,798.68,808.4,330,48495,0.1461
2025-09-01 11:00:00,24200,CE,335.15,338.44,332.26,336.62,609,40429,0.1436
2025-09-01 11:00:00,24200,PE,866.73,870.14,862.06,868.11,492,40731,0.1501
2025-09-01 11:00:00,24250,CE,330.35,333.71,326.71,328.47,509,38617,0.1462
2025-09-01 11:00:00,24250,PE,918.93,924.51,907.08,910.96,335,37042,0.1451
2025-09-01 11:00:00,24300,CE,326.56,329.61,323.0,323.84,295,33760,0.1447
2025-09-01 11:00:00,24300,PE,958.05,948.67,945.21,947.08,118,34036,0.1474
2025-09-01 11:00:00,24350,CE,328.89,333.54,323.19,326.49,415,30208,0.1493
2025-09-01 11:00:00,24350,PE,988.96,997.05,987.87,990.09,132,31374,0.1479
2025-09-01 11:00:00,24400,CE,315.72,326.74,319.37,319.39,425,30876,0.1441
2025-09-01 11:00:00,24400,PE,1066.74,1082.99,1062.74,1062.84,40,30297,0.1501
2025-09-01 11:00:00,24450,CE,333.47,332.84,324.68,329.16,42,33442,0.1457
2025-09-01 11:00:00,24450,PE,1126.63,1138.99,1108.44,1122.39,261,27891,0.1449
2025-09-01 11:00:00,24500,CE,336.25,338.06,335.48,337.59,21,30808,0.1492
2025-09-01 11:00:00,24500,PE,1147.28,1170.01,1139.19,1153.02,48,32118,0.1452
2025-09-01 11:00:00,24550,CE,363.4,374.73,365.13,370.42,355,24929,0.1489
2025-09-01 11:00:00,24550,PE,1235.85,1251.81,1228.06,1238.66,328,31169,0.1492
2025-09-01 11:00:00,24600,CE,345.58,348.07,342.37,342.67,367,22946,0.1465
2025-09-01 11:00:00,24600,PE,1285.73,1292.14,1246.52,1271.16,134,25060,0.1488
2025-09-01 11:00:00,24650,CE,335.69,347.64,335.37,337.25,67,21919,0.1487
2025-09-01 11:00:00,24650,PE,1308.36,1324.15,1303.11,1307.83,72,25581,0.149
2025-09-01 11:00:00,24700,CE,342.11,341.84,337.68,340.67,22,23550,0.1484
2025-09-01 11:00:00,24700,PE,1363.38,1379.01,1334.44,1357.09,341,26177,0.1473
2025-09-01 11:00:00,24750,CE,329.32,336.53,333.62,335.67,16,21818,0.1484
2025-09-01 11:00:00,24750,PE,1416.69,1431.3,1406.08,1407.63,224,25616,0.1464
2025-09-01 11:00:00,24800,CE,331.24,343.98,331.32,332.93,318,22792,0.1452
2025-09-01 11:00:00,24800,PE,1433.45,1459.55,1425.97,1441.77,216,20346,0.1444
2025-09-01 11:00:00,24850,CE,328.35,329.4,322.72,327.48,64,19967,0.1459
2025-09-01 11:00:00,24850,PE,1473.12,1507.44,1471.37,1474.82,212,24583,0.1448
2025-09-01 11:00:00,24900,CE,340.77,345.72,341.61,342.62,321,24714,0.1502
2025-09-01 11:00:00,24900,PE,1550.99,1558.11,1549.65,1555.63,30,25196,0.1454
2025-09-01 11:05:00,23500,CE,511.73,517.25,510.09,514.87,212,48381,0.1458
2025-09-01 11:05:00,23500,PE,351.06,352.61,342.26,345.1,544,47326,0.148
2025-09-01 11:05:00,23550,CE,464.21,461.26,457.82,458.08,987,51225,0.1487
2025-09-01 11:05:00,23550,PE,338.16,342.84,340.43,341.66,375,45743,0.1462
2025-09-01 11:05:00,23600,CE,417.31,412.62,407.21,412.58,897,54876,0.1501
2025-09-01 11:05:00,23600,PE,364.91,359.68,351.54,357.45,409,52657,0.1475
2025-09-01 11:05:00,23650,CE,342.88,344.62,339.78,340.85,981,60219,0.1511
2025-09-01 11:05:00,23650,PE,321.49,326.35,321.31,322.24,332,58373,0.1474
2025-09-01 11:05:00,23700,CE,316.99,323.45,314.76,317.08,501,63664,0.144
2025-09-01 11:05:00,23700,PE,394.99,396.47,395.01,395.64,314,61126,0.1482
2025-09-01 11:05:00,23750,CE,343.9,351.59,346.07,347.08,1270,70867,0.1453
2025-09-01 11:05:00,23750,PE,448.18,465.89,452.94,455.54,859,73722,0.1458
2025-09-01 11:05:00,23800,CE,369.95,374.77,372.83,373.32,791,84305,0.1516
2025-09-01 11:05:00,23800,PE,475.08,471.81,466.79,471.78,656,85407,0.1462
2025-09-01 11:05:00,23850,CE,363.08,362.63,355.36,357.49,715,80464,0.1506
2025-09-01 11:05:00,23850,PE,533.51,546.24,529.99,535.83,491,74815,0.1465
2025-09-01 11:05:00,23900,CE,318.79,321.36,317.61,321.15,104,68367,0.1429
2025-09-01 11:05:00,23900,PE,576.23,585.06,572.96,581.3,897,70382,0.149
2025-09-01 11:05:00,23950,CE,330.67,334.63,324.69,331.65,572,62380,0.1478
2025-09-01 11:05:00,23950,PE,621.49,618.2,598.94,614.47,636,59254,0.1487
2025-09-01 11:05:00,24000,CE,355.89,361.76,355.07,356.85,173,60000,0.1509
2025-09-01 11:05:00,24000,PE,690.8,700.91,696.81,696.92,281,58675,0.1491
2025-09-01 11:05:00,24050,CE,346.45,360.71,351.88,353.74,16,57273,0.1476
2025-09-01 11:05:00,24050,PE,726.49,731.6,720.71,722.38,233,52500,0.1475
2025-09-01 11:05:00,24100,CE,340.59,345.67,336.32,337.88,599,45996,0.1474
2025-09-01 11:05:00,24100,PE,790.64,801.81,766.37,786.2,575,43321,0.1504
2025-09-01 11:05:00,24150,CE,356.12,357.14,348.4,353.31,460,45634,0.1467
2025-09-01 11:05:00,24150,PE,831.57,844.87,822.5,832.78,112,48540,0.1457
2025-09-01 11:05:00,24200,CE,339.51,338.82,335.48,337.45,607,40440,0.1438
2025-09-01 11:05:00,24200,PE,904.02,910.08,906.1,906.41,502,40199,0.1488
2025-09-01 11:05:00,24250,CE,359.03,357.02,352.7,354.32,206,38089,0.1473
2025-09-01 11:05:00,24250,PE,941.91,950.98,940.2,948.19,416,37137,0.1505
2025-09-01 11:05:00,24300,CE,336.89,342.2,333.97,336.25,114,34128,0.1493
2025-09-01 11:05:00,24300,PE,963.29,960.88,950.45,952.09,300,34339,0.1455
2025-09-01 11:05:00,24350,CE,335.23,335.62,333.29,333.83,372,30736,0.145
2025-09-01 11:05:00,24350,PE,1031.82,1046.02,1025.73,1038.48,125,31377,0.1486
2025-09-01 11:05:00,24400,CE,363.26,365.11,353.06,360.39,86,31020,0.1497
2025-09-01 11:05:00,24400,PE,1058.95,1076.34,1049.8,1059.92,184,30449,0.1458
2025-09-01 11:05:00,24450,CE,344.95,353.94,348.33,349.81,42,33298,0.1454
2025-09-01 11:05:00,24450,PE,1146.65,1147.24,1130.61,1139.66,221,27294,0.1491
2025-09-01 11:05:00,24500,CE,314.27,319.19,315.98,316.15,66,31214,0.1462
2025-09-01 11:05:00,24500,PE,1204.58,1197.22,1188.8,1195.67,222,31598,0.1483
2025-09-01 11:05:00,24550,CE,324.96,328.19,324.07,325.28,66,25480,0.1467
2025-09-01 11:05:00,24550,PE,1255.5,1268.03,1247.58,1253.64,79,31581,0.1474
2025-09-01 11:05:00,24600,CE,328.89,336.87,331.22,336.73,106,22470,0.1472
2025-09-01 11:05:00,24600,PE,1278.24,1297.68,1252.93,1277.95,346,24606,0.1496
2025-09-01 11:05:00,24650,CE,357.83,356.17,350.96,353.57,323,22203,0.1469
2025-09-01 11:05:00,24650,PE,1305.65,1338.09,1300.16,1315.44,391,25633,0.1444
2025-09-01 11:05:00,24700,CE,330.99,330.67,325.12,330.45,353,23728,0.1443
2025-09-01 11:05:00,24700,PE,1384.81,1377.27,1369.78,1376.6,13,25924,0.1492
2025-09-01 11:05:00,24750,CE,333.35,342.5,333.1,333.93,11,22278,0.1467
2025-09-01 11:05:00,24750,PE,1434.18,1445.95,1393.05,1419.49,152,25667,0.1499
2025-09-01 11:05:00,24800,CE,339.23,343.71,338.67,340.63,285,22870,0.1496
2025-09-01 11:05:00,24800,PE,1487.48,1493.46,1465.44,1475.72,326,20934,0.1496
2025-09-01 11:05:00,24850,CE,344.84,351.14,343.63,344.24,73,20292,0.1462
2025-09-01 11:05:00,24850,PE,1541.24,1530.63,1510.35,1528.86,69,24809,0.1475
2025-09-01 11:05:00,24900,CE,330.16,332.91,328.19,329.27,179,25153,0.1427
2025-09-01 11:05:00,24900,PE,1626.61,1643.68,1615.24,1618.97,63,25785,0.1499
2025-09-01 11:10:00,23500,CE,478.49,479.05,476.61,478.44,619,48756,0.1493
2025-09-01 11:10:00,23500,PE,355.07,354.31,351.86,353.34,980,47693,0.1473
2025-09-01 11:10:00,23550,CE,459.48,459.69,454.08,456.54,349,50854,0.1459
2025-09-01 11:10:00,23550,PE,336.06,339.7,335.49,337.54,145,46191,0.1447
2025-09-01 11:10:00,23600,CE,379.06,380.09,373.84,375.97,970,55333,0.1483
2025-09-01 11:10:00,23600,PE,322.26,323.53,321.05,321.36,548,52773,0.1471
2025-09-01 11:10:00,23650,CE,339.86,344.65,336.54,339.23,124,60399,0.149
2025-09-01 11:10:00,23650,PE,357.86,365.76,361.58,365.24,1558,58521,0.1486
2025-09-01 11:10:00,23700,CE,353.42,361.35,354.37,355.05,1254,63717,0.1479
2025-09-01 11:10:00,23700,PE,420.83,417.47,416.91,417.07,656,60746,0.1486
2025-09-01 11:10:00,23750,CE,336.58,339.87,336.75,339.64,327,71056,0.1448
2025-09-01 11:10:00,23750,PE,441.24,446.17,440.05,441.13,523,73577,0.1436
2025-09-01 11:10:00,23800,CE,355.29,354.82,350.03,351.81,643,84348,0.1476
2025-09-01 11:10:00,23800,PE,515.1,516.44,506.41,512.23,916,85888,0.1499
2025-09-01 11:10:00,23850,CE,336.79,342.9,335.56,339.21,144,79995,0.1467
2025-09-01 11:10:00,23850,PE,544.67,546.59,543.78,544.72,844,75361,0.1482
2025-09-01 11:10:00,23900,CE,366.66,366.9,360.77,362.29,505,68448,0.1477
2025-09-01 11:10:00,23900,PE,626.51,621.73,611.38,618.28,674,70921,0.1489
2025-09-01 11:10:00,23950,CE,314.13,318.75,316.23,317.11,311,62020,0.1457
2025-09-01 11:10:00,23950,PE,645.68,647.32,637.42,643.74,695,58719,0.1463
2025-09-01 11:10:00,24000,CE,336.95,338.36,329.46,333.55,92,60145,0.1479
2025-09-01 11:10:00,24000,PE,698.42,700.62,695.13,699.45,255,58707,0.1466
2025-09-01 11:10:00,24050,CE,323.18,321.54,317.85,318.79,367,57554,0.1492
2025-09-01 11:10:00,24050,PE,748.13,755.76,740.1,749.2,133,52621,0.1474
2025-09-01 11:10:00,24100,CE,342.65,341.98,336.34,340.43,509,46013,0.1417
2025-09-01 11:10:00,24100,PE,785.45,793.23,785.75,786.91,215,43804,0.1474
2025-09-01 11:10:00,24150,CE,343.45,346.12,344.62,345.57,91,45422,0.145
2025-09-01 11:10:00,24150,PE,848.49,846.41,842.72,844.16,352,48265,0.1475
2025-09-01 11:10:00,24200,CE,351.56,351.48,349.07,349.53,391,40804,0.1453
2025-09-01 11:10:00,24200,PE,885.06,902.23,892.67,893.38,320,40020,0.1503
2025-09-01 11:10:00,24250,CE,325.56,331.49,318.2,323.18,342,38164,0.1485
2025-09-01 11:10:00,24250,PE,968.14,967.75,954.0,960.05,457,37273,0.1448
2025-09-01 11:10:00,24300,CE,347.44,347.98,345.03,346.64,11,33881,0.1458
2025-09-01 11:10:00,24300,PE,1031.87,1014.15,999.15,1006.17,199,34165,0.1473
2025-09-01 11:10:00,24350,CE,351.28,356.35,349.63,351.23,435,30184,0.1461
2025-09-01 11:10:00,24350,PE,1052.13,1050.34,1040.72,1049.39,377,31112,0.1463
2025-09-01 11:10:00,24400,CE,345.65,345.79,343.97,344.64,268,30811,0.1452
2025-09-01 11:10:00,24400,PE,1091.03,1111.98,1091.09,1097.78,40,29869,0.145
2025-09-01 11:10:00,24450,CE,346.89,353.91,348.54,348.95,184,33685,0.1468
2025-09-01 11:10:00,24450,PE,1157.93,1160.22,1148.68,1151.76,164,27756,0.1467
2025-09-01 11:10:00,24500,CE,325.63,330.09,323.34,325.02,402,30826,0.1451
2025-09-01 11:10:00,24500,PE,1186.61,1207.29,1199.95,1200.94,367,31724,0.1454
2025-09-01 11:10:00,24550,CE,336.17,342.07,333.5,336.79,237,25410,0.1509
2025-09-01 11:10:00,24550,PE,1227.69,1261.64,1220.28,1236.22,400,31134,0.1484
2025-09-01 11:10:00,24600,CE,350.78,354.99,347.07,352.6,8,21899,0.1457
2025-09-01 11:10:00,24600,PE,1304.72,1320.72,1296.53,1315.5,357,24802,0.1427
2025-09-01 11:10:00,24650,CE,349.37,348.05,347.59,347.87,200,21698,0.1469
2025-09-01 11:10:00,24650,PE,1353.15,1365.83,1359.26,1364.0,57,26102,0.1449
2025-09-01 11:10:00,24700,CE,348.3,349.91,347.71,349.77,326,24075,0.1489
2025-09-01 11:10:00,24700,PE,1421.58,1439.81,1405.68,1406.16,327,26193,0.1457
2025-09-01 11:10:00,24750,CE,357.1,359.19,354.73,356.93,273,22689,0.1487
2025-09-01 11:10:00,24750,PE,1455.05,1497.76,1455.95,1458.06,166,25194,0.1483
2025-09-01 11:10:00,24800,CE,312.27,319.38,314.92,316.78,46,23022,0.1443
2025-09-01 11:10:00,24800,PE,1519.7,1516.53,1482.96,1511.11,71,20581,0.1452
2025-09-01 11:10:00,24850,CE,325.3,338.28,324.42,328.42,296,20315,0.1445
2025-09-01 11:10:00,24850,PE,1574.9,1564.48,1533.18,1553.17,161,24639,0.1493
2025-09-01 11:10:00,24900,CE,341.08,344.11,340.23,340.71,90,24699,0.1471
2025-09-01 11:10:00,24900,PE,1584.63,1592.29,1580.71,1589.47,304,26066,0.1451
2025-09-01 11:15:00,23500,CE,410.49,415.81,406.82,408.82,1230,48518,0.1486
2025-09-01 11:15:00,23500,PE,335.31,337.54,331.07,337.03,172,47240,0.1454
2025-09-01 11:15:00,23550,CE,336.63,344.78,337.37,340.32,1626,51309,0.1456
2025-09-01 11:15:00,23550,PE,333.34,335.22,330.52,330.76,1549,45752,0.1481
2025-09-01 11:15:00,23600,CE,345.11,352.92,340.12,347.69,699,54979,0.1463
2025-09-01 11:15:00,23600,PE,375.66,382.87,377.74,380.31,966,52201,0.1509
2025-09-01 11:15:00,23650,CE,347.36,354.09,343.87,348.48,569,60421,0.1483
2025-09-01 11:15:00,23650,PE,434.08,432.31,428.22,428.82,400,58911,0.1453
2025-09-01 11:15:00,23700,CE,322.67,327.76,320.29,322.52,109,64138,0.145
2025-09-01 11:15:00,23700,PE,475.66,477.68,469.39,471.85,32,61038,0.1472
2025-09-01 11:15:00,23750,CE,357.27,363.33,352.65,354.45,734,71021,0.1485
2025-09-01 11:15:00,23750,PE,538.73,540.51,531.43,533.48,70,74044,0.149
2025-09-01 11:15:00,23800,CE,344.16,348.3,341.11,341.34,902,84668,0.1463
2025-09-01 11:15:00,23800,PE,569.07,573.47,571.28,572.67,942,86355,0.1514
2025-09-01 11:15:00,23850,CE,326.05,325.8,317.36,322.64,746,79682,0.1441
2025-09-01 11:15:00,23850,PE,598.37,609.98,589.22,598.54,750,75482,0.1428
2025-09-01 11:15:00,23900,CE,337.63,342.06,336.96,339.57,77,67873,0.1479
2025-09-01 11:15:00,23900,PE,669.11,669.14,663.62,666.37,220,70946,0.1501
2025-09-01 11:15:00,23950,CE,339.6,338.74,334.98,338.13,738,62472,0.148
2025-09-01 11:15:00,23950,PE,733.85,735.46,729.52,734.28,740,59005,0.1467
2025-09-01 11:15:00,24000,CE,325.82,328.68,320.45,326.0,100,60476,0.1444
2025-09-01 11:15:00,24000,PE,755.3,770.27,753.88,759.45,279,58487,0.1472
2025-09-01 11:15:00,24050,CE,334.46,330.58,329.67,329.78,355,57431,0.1462
2025-09-01 11:15:00,24050,PE,827.97,822.1,813.92,816.8,421,53204,0.1464
2025-09-01 11:15:00,24100,CE,340.13,338.13,336.69,337.95,205,45733,0.1495
2025-09-01 11:15:00,24100,PE,864.66,866.05,846.4,861.38,602,43307,0.1474
2025-09-01 11:15:00,24150,CE,313.38,310.61,301.99,308.54,493,45288,0.1469
2025-09-01 11:15:00,24150,PE,907.95,916.59,898.57,900.19,563,48585,0.1458
2025-09-01 11:15:00,24200,CE,329.46,343.36,330.23,331.74,86,40832,0.1453
2025-09-01 11:15:00,24200,PE,949.3,962.57,944.6,948.03,152,39472,0.1456
2025-09-01 11:15:00,24250,CE,334.19,338.08,333.08,337.66,325,38361,0.1486
2025-09-01 11:15:00,24250,PE,1001.38,1000.09,990.52,994.67,428,37555,0.1447
2025-09-01 11:15:00,24300,CE,341.1,345.46,340.69,344.61,305,34004,0.1449
2025-09-01 11:15:00,24300,PE,1049.82,1076.69,1030.47,1051.08,308,33770,0.1427
2025-09-01 11:15:00,24350,CE,302.05,306.42,297.27,301.24,305,29813,0.1472
2025-09-01 11:15:00,24350,PE,1124.38,1105.27,1092.94,1102.89,276,31000,0.1441
2025-09-01 11:15:00,24400,CE,365.2,370.22,355.89,362.03,383,30640,0.1468
2025-09-01 11:15:00,24400,PE,1141.95,1144.36,1137.22,1142.51,10,29391,0.146
2025-09-01 11:15:00,24450,CE,339.99,344.22,336.06,341.69,94,34116,0.1465
2025-09-01 11:15:00,24450,PE,1240.67,1273.68,1220.13,1231.8,329,28265,0.1473
2025-09-01 11:15:00,24500,CE,346.75,354.53,347.03,348.38,306,30398,0.1471
2025-09-01 11:15:00,24500,PE,1228.3,1255.66,1239.78,1244.67,26,31798,0.1427
2025-09-01 11:15:00,24550,CE,331.33,332.24,330.33,331.48,215,25325,0.1447
2025-09-01 11:15:00,24550,PE,1330.42,1329.22,1316.06,1328.33,237,31024,0.1468
2025-09-01 11:15:00,24600,CE,346.54,357.36,352.49,352.86,94,21995,0.1481
2025-09-01 11:15:00,24600,PE,1315.04,1333.66,1322.58,1330.64,155,24747,0.1432
2025-09-01 11:15:00,24650,CE,317.9,320.04,314.15,317.59,305,21639,0.1459
2025-09-01 11:15:00,24650,PE,1436.31,1422.29,1417.01,1420.3,346,25674,0.1456
2025-09-01 11:15:00,24700,CE,354.96,360.9,348.38,350.86,233,24327,0.1458
2025-09-01 11:15:00,24700,PE,1474.58,1472.46,1444.2,1459.65,39,26288,0.1468
2025-09-01 11:15:00,24750,CE,326.56,334.5,328.85,330.19,248,22156,0.1472
2025-09-01 11:15:00,24750,PE,1554.82,1561.43,1547.93,1550.5,283,25044,0.1473
2025-09-01 11:15:00,24800,CE,329.0,334.1,319.37,327.66,215,22683,0.1442
2025-09-01 11:15:00,24800,PE,1546.52,1583.96,1557.6,1558.49,51,20448,0.1442
2025-09-01 11:15:00,24850,CE,343.39,347.17,339.5,342.31,53,19857,0.1455
2025-09-01 11:15:00,24850,PE,1609.38,1612.42,1587.92,1601.0,185,24771,0.1427
2025-09-01 11:15:00,24900,CE,325.15,329.13,325.74,328.74,288,24796,0.1464
2025-09-01 11:15:00,24900,PE,1619.54,1651.98,1615.83,1637.69,172,26177,0.1441
2025-09-01 11:20:00,23500,CE,408.15,412.65,406.93,407.18,1418,48357,0.1488
2025-09-01 11:20:00,23500,PE,356.88,358.53,352.89,355.49,988,47506,0.1479
2025-09-01 11:20:00,23550,CE,375.55,386.89,375.78,376.38,312,51720,0.1483
2025-09-01 11:20:00,23550,PE,341.71,342.77,335.97,337.56,717,45651,0.1457
2025-09-01 11:20:00,23600,CE,323.97,326.47,322.44,324.16,386,54898,0.1519
2025-09-01 11:20:00,23600,PE,355.5,357.6,353.18,353.61,959,52679,0.1477
2025-09-01 11:20:00,23650,CE,326.73,326.2,321.7,324.74,458,60547,0.1463
2025-09-01 11:20:00,23650,PE,425.42,430.44,427.04,429.72,1227,58922,0.1472
2025-09-01 11:20:00,23700,CE,330.07,338.18,334.36,334.54,262,64422,0.1463
2025-09-01 11:20:00,23700,PE,462.77,463.26,458.39,461.27,711,60810,0.1474
2025-09-01 11:20:00,23750,CE,337.44,337.7,331.93,335.99,947,70460,0.1482
2025-09-01 11:20:00,23750,PE,533.67,537.49,526.06,527.27,1064,74286,0.1482
2025-09-01 11:20:00,23800,CE,359.2,359.93,358.15,359.12,680,84843,0.149
2025-09-01 11:20:00,23800,PE,567.19,573.85,564.86,567.61,976,86269,0.1502
2025-09-01 11:20:00,23850,CE,325.13,330.74,326.44,326.71,887,79137,0.145
2025-09-01 11:20:00,23850,PE,634.06,625.39,613.82,622.45,836,76010,0.1459
2025-09-01 11:20:00,23900,CE,346.65,348.29,344.05,345.5,233,68149,0.1463
2025-09-01 11:20:00,23900,PE,697.17,687.54,681.63,686.72,328,70808,0.1485
2025-09-01 11:20:00,23950,CE,325.54,337.72,326.92,327.48,405,62113,0.1441
2025-09-01 11:20:00,23950,PE,700.23,704.58,692.56,696.84,185,59071,0.1426
2025-09-01 11:20:00,24000,CE,318.92,327.02,323.93,325.16,702,59901,0.1449
2025-09-01 11:20:00,24000,PE,795.21,802.31,779.27,792.44,332,58435,0.1464
2025-09-01 11:20:00,24050,CE,342.43,348.47,341.6,343.39,497,58017,0.1463
2025-09-01 11:20:00,24050,PE,771.94,795.75,773.78,779.14,374,53491,0.1477
2025-09-01 11:20:00,24100,CE,349.96,351.15,347.89,347.93,93,46314,0.1471
2025-09-01 11:20:00,24100,PE,853.53,879.61,866.97,872.87,590,43182,0.149
2025-09-01 11:20:00,24150,CE,348.54,350.97,344.87,346.28,422,44792,0.1458
2025-09-01 11:20:00,24150,PE,893.67,907.42,892.56,896.0,344,49143,0.1477
2025-09-01 11:20:00,24200,CE,357.61,358.01,349.6,354.2,93,41270,0.1479
2025-09-01 11:20:00,24200,PE,967.83,974.14,963.66,965.83,539,39547,0.1452
2025-09-01 11:20:00,24250,CE,355.36,356.4,350.09,351.18,412,38036,0.1475
2025-09-01 11:20:00,24250,PE,1031.5,1037.37,1013.69,1016.74,238,37841,0.1482
2025-09-01 11:20:00,24300,CE,306.41,308.18,305.41,305.95,218,33427,0.1467
2025-09-01 11:20:00,24300,PE,1063.46,1069.93,1059.42,1064.33,408,34267,0.1437
2025-09-01 11:20:00,24350,CE,335.99,347.03,337.2,339.48,281,30049,0.1459
2025-09-01 11:20:00,24350,PE,1107.25,1113.73,1096.62,1106.76,79,30610,0.1451
2025-09-01 11:20:00,24400,CE,325.38,336.04,325.8,327.25,415,30237,0.1478
2025-09-01 11:20:00,24400,PE,1173.76,1185.24,1163.95,1172.2,424,28860,0.146
2025-09-01 11:20:00,24450,CE,334.39,338.64,329.76,335.6,208,34440,0.1475
2025-09-01 11:20:00,24450,PE,1196.5,1206.53,1195.88,1202.68,47,27818,0.1475
2025-09-01 11:20:00,24500,CE,314.63,325.77,318.76,319.71,307,30422,0.15
2025-09-01 11:20:00,24500,PE,1228.77,1278.73,1244.71,1254.33,334,31627,0.1445
2025-09-01 11:20:00,24550,CE,334.4,339.97,335.14,337.13,296,25383,0.1481
2025-09-01 11:20:00,24550,PE,1331.06,1353.1,1337.55,1339.28,32,31257,0.1463
2025-09-01 11:20:00,24600,CE,335.25,337.58,334.51,337.53,352,21646,0.1465
2025-09-01 11:20:00,24600,PE,1395.73,1418.22,1389.93,1392.18,306,24387,0.1474
2025-09-01 11:20:00,24650,CE,355.28,360.33,355.19,357.84,341,21444,0.1485
2025-09-01 11:20:00,24650,PE,1404.67,1431.9,1403.35,1416.36,240,26196,0.149
2025-09-01 11:20:00,24700,CE,325.2,326.17,323.47,324.97,200,24259,0.146
2025-09-01 11:20:00,24700,PE,1460.82,1494.46,1484.59,1492.92,177,25996,0.1487
2025-09-01 11:20:00,24750,CE,321.56,323.23,313.49,318.5,20,22179,0.1464
2025-09-01 11:20:00,24750,PE,1486.21,1521.78,1494.99,1497.19,272,24660,0.1482
2025-09-01 11:20:00,24800,CE,352.67,358.84,351.31,351.37,306,23001,0.1475
2025-09-01 11:20:00,24800,PE,1542.3,1578.88,1556.51,1566.61,220,20231,0.1446
2025-09-01 11:20:00,24850,CE,343.92,355.56,346.72,348.52,232,20436,0.1463
2025-09-01 11:20:00,24850,PE,1639.25,1639.2,1625.76,1635.33,95,24926,0.1484
2025-09-01 11:20:00,24900,CE,355.53,357.78,352.74,353.03,134,24929,0.1485
2025-09-01 11:20:00,24900,PE,1672.2,1711.05,1652.31,1692.33,82,25925,0.1504
2025-09-01 11:25:00,23500,CE,428.78,435.43,420.36,423.75,1178,47971,0.1492
2025-09-01 11:25:00,23500,PE,330.39,330.53,328.6,329.92,1128,46999,0.1503
2025-09-01 11:25:00,23550,CE,366.37,376.31,368.84,373.19,1394,52146,0.1461
2025-09-01 11:25:00,23550,PE,328.72,333.21,328.24,332.05,1442,46226,0.146
2025-09-01 11:25:00,23600,CE,335.37,339.42,331.38,337.78,1684,54556,0.1469
2025-09-01 11:25:00,23600,PE,323.02,322.99,319.7,320.85,1559,53271,0.1465
2025-09-01 11:25:00,23650,CE,336.02,332.46,330.97,332.03,831,60686,0.1462
2025-09-01 11:25:00,23650,PE,395.25,397.23,391.1,394.77,1328,59266,0.1474
2025-09-01 11:25:00,23700,CE,334.44,334.32,332.75,334.22,1045,65008,0.1481
2025-09-01 11:25:00,23700,PE,455.7,457.65,446.24,450.31,1099,61380,0.1493
2025-09-01 11:25:00,23750,CE,333.21,345.71,335.91,340.68,1067,70541,0.15
2025-09-01 11:25:00,23750,PE,504.63,512.83,495.7,501.86,683,74318,0.1482
2025-09-01 11:25:00,23800,CE,331.22,342.39,327.7,330.09,341,85053,0.1427
2025-09-01 11:25:00,23800,PE,552.26,560.2,547.04,547.93,631,85932,0.1512
2025-09-01 11:25:00,23850,CE,323.29,327.83,323.97,324.91,807,79003,0.1447
2025-09-01 11:25:00,23850,PE,594.34,599.53,585.55,599.39,444,76403,0.1486
2025-09-01 11:25:00,23900,CE,342.88,343.92,338.49,339.38,528,67680,0.1461
2025-09-01 11:25:00,23900,PE,665.58,674.6,664.23,667.63,279,70758,0.153
2025-09-01 11:25:00,23950,CE,331.73,342.64,331.95,332.27,581,61891,0.1462
2025-09-01 11:25:00,23950,PE,687.43,685.35,671.61,681.87,377,59170,0.1401
2025-09-01 11:25:00,24000,CE,359.97,357.49,353.52,354.11,399,59528,0.1472
2025-09-01 11:25:00,24000,PE,712.97,723.87,705.94,715.72,373,58948,0.1494
2025-09-01 11:25:00,24050,CE,349.49,351.08,346.17,348.76,452,58367,0.1475
2025-09-01 11:25:00,24050,PE,807.73,814.52,792.64,795.9,499,52988,0.1452
2025-09-01 11:25:00,24100,CE,335.63,344.6,336.71,339.01,299,46105,0.1466
2025-09-01 11:25:00,24100,PE,862.57,867.69,861.36,863.33,325,42633,0.1463
2025-09-01 11:25:00,24150,CE,343.7,349.58,341.45,342.2,144,44339,0.1452
2025-09-01 11:25:00,24150,PE,870.6,888.23,872.38,874.04,41,49051,0.1481
2025-09-01 11:25:00,24200,CE,327.49,342.18,328.23,329.97,444,41065,0.1462
2025-09-01 11:25:00,24200,PE,905.41,914.36,906.61,912.62,442,39571,0.1473
2025-09-01 11:25:00,24250,CE,362.33,369.19,362.89,363.48,362,37785,0.1513
2025-09-01 11:25:00,24250,PE,1017.1,1021.63,1008.71,1012.84,230,37639,0.1472
2025-09-01 11:25:00,24300,CE,344.29,343.02,340.81,342.79,219,33976,0.1492
2025-09-01 11:25:00,24300,PE,1029.8,1042.57,1041.99,1042.12,64,34716,0.1521
2025-09-01 11:25:00,24350,CE,337.96,350.57,336.2,337.44,446,29465,0.1449
2025-09-01 11:25:00,24350,PE,1075.55,1081.1,1065.91,1076.66,200,30732,0.1459
2025-09-01 11:25:00,24400,CE,363.94,369.07,361.77,363.81,143,29807,0.1495
2025-09-01 11:25:00,24400,PE,1130.96,1131.41,1115.84,1128.85,184,29207,0.149
2025-09-01 11:25:00,24450,CE,302.22,308.9,302.88,304.81,215,34843,0.1453
2025-09-01 11:25:00,24450,PE,1193.87,1208.85,1197.78,1198.92,167,28010,0.1447
2025-09-01 11:25:00,24500,CE,337.84,345.98,338.94,341.53,329,30629,0.1457
2025-09-01 11:25:00,24500,PE,1233.78,1232.21,1222.41,1226.42,192,32048,0.146
2025-09-01 11:25:00,24550,CE,320.39,321.92,317.68,321.01,73,24905,0.1462
2025-09-01 11:25:00,24550,PE,1301.23,1303.4,1269.27,1286.12,20,31506,0.1412
2025-09-01 11:25:00,24600,CE,358.16,358.26,356.42,356.44,141,21189,0.1481
2025-09-01 11:25:00,24600,PE,1361.88,1364.5,1346.44,1356.25,79,23837,0.1514
2025-09-01 11:25:00,24650,CE,338.76,341.49,336.19,336.5,157,21610,0.1473
2025-09-01 11:25:00,24650,PE,1385.61,1437.59,1370.82,1388.19,100,25922,0.1436
2025-09-01 11:25:00,24700,CE,349.73,350.8,347.14,347.92,351,23714,0.1457
2025-09-01 11:25:00,24700,PE,1438.25,1459.93,1419.81,1440.89,304,25471,0.1468
2025-09-01 11:25:00,24750,CE,345.06,352.79,344.79,348.62,275,22754,0.148
2025-09-01 11:25:00,24750,PE,1508.33,1516.75,1508.94,1513.61,110,24327,0.1477
2025-09-01 11:25:00,24800,CE,329.27,330.15,327.83,329.75,83,22890,0.146
2025-09-01 11:25:00,24800,PE,1558.85,1585.48,1540.53,1545.95,94,19950,0.148
2025-09-01 11:25:00,24850,CE,332.43,337.99,333.05,334.74,59,20958,0.1461
2025-09-01 11:25:00,24850,PE,1579.0,1596.69,1573.39,1576.91,100,24414,0.1453
2025-09-01 11:25:00,24900,CE,333.48,337.61,335.71,336.71,102,24980,0.1453
2025-09-01 11:25:00,24900,PE,1639.6,1675.73,1638.26,1643.18,40,25898,0.1441
2025-09-01 11:30:00,23500,CE,462.72,467.7,457.95,462.17,1252,48201,0.1469
2025-09-01 11:30:00,23500,PE,347.02,353.18,347.47,348.75,450,47476,0.1487
2025-09-01 11:30:00,23550,CE,389.69,391.08,382.58,388.44,495,51546,0.1452
2025-09-01 11:30:00,23550,PE,352.73,353.88,349.5,349.77,364,45645,0.147
2025-09-01 11:30:00,23600,CE,354.29,356.66,345.49,352.51,853,54408,0.148
2025-09-01 11:30:00,23600,PE,335.2,339.51,335.44,335.75,142,53152,0.1439
2025-09-01 11:30:00,23650,CE,352.28,364.29,357.53,358.34,329,61154,0.1476
2025-09-01 11:30:00,23650,PE,368.11,365.42,362.64,364.04,978,59000,0.1478
2025-09-01 11:30:00,23700,CE,327.25,331.54,326.53,328.22,1047,65426,0.148
2025-09-01 11:30:00,23700,PE,412.81,413.61,408.17,413.0,1071,60887,0.1473
2025-09-01 11:30:00,23750,CE,345.23,347.5,337.48,342.4,620,70033,0.1467
2025-09-01 11:30:00,23750,PE,475.41,482.46,471.09,474.21,767,74612,0.1461
2025-09-01 11:30:00,23800,CE,343.03,348.01,342.15,345.33,45,85368,0.1458
2025-09-01 11:30:00,23800,PE,514.07,521.01,509.47,509.5,277,85445,0.1447
2025-09-01 11:30:00,23850,CE,340.01,342.8,338.75,339.98,287,79594,0.1456
2025-09-01 11:30:00,23850,PE,564.64,567.49,561.93,565.48,294,75899,0.1494
2025-09-01 11:30:00,23900,CE,352.16,352.98,351.45,352.8,81,68141,0.15
2025-09-01 11:30:00,23900,PE,631.25,647.26,625.68,633.77,587,70390,0.1456
2025-09-01 11:30:00,23950,CE,344.29,349.17,347.85,348.46,520,61317,0.1453
2025-09-01 11:30:00,23950,PE,669.74,681.39,666.82,672.86,562,59595,0.1466
2025-09-01 11:30:00,24000,CE,337.58,338.49,333.14,334.87,593,59149,0.1483
2025-09-01 11:30:00,24000,PE,728.12,725.81,710.16,724.81,274,58983,0.1471
2025-09-01 11:30:00,24050,CE,320.95,328.84,318.35,324.88,64,58759,0.1481
2025-09-01 11:30:00,24050,PE,785.08,784.67,779.83,781.15,431,52573,0.1473
2025-09-01 11:30:00,24100,CE,337.76,348.71,335.12,336.64,495,46394,0.1485
2025-09-01 11:30:00,24100,PE,801.12,809.51,796.49,807.3,114,42670,0.1452
2025-09-01 11:30:00,24150,CE,321.51,326.07,324.01,325.2,201,44046,0.1462
2025-09-01 11:30:00,24150,PE,869.8,896.72,868.41,875.57,498,48500,0.1449
2025-09-01 11:30:00,24200,CE,354.04,359.39,353.63,355.85,252,40780,0.1488
2025-09-01 11:30:00,24200,PE,905.15,912.6,909.86,912.1,198,39480,0.1479
2025-09-01 11:30:00,24250,CE,322.95,328.81,316.11,321.85,321,37626,0.1446
2025-09-01 11:30:00,24250,PE,953.72,952.47,941.66,943.92,303,37899,0.1453
2025-09-01 11:30:00,24300,CE,308.23,309.68,306.95,308.38,99,33867,0.1481
2025-09-01 11:30:00,24300,PE,1039.49,1063.0,1041.85,1046.31,282,34572,0.1481
2025-09-01 11:30:00,24350,CE,331.69,336.18,328.92,330.0,278,29839,0.1473
2025-09-01 11:30:00,24350,PE,1096.41,1119.43,1109.8,1110.01,305,30688,0.1507
2025-09-01 11:30:00,24400,CE,326.28,331.5,327.98,330.72,314,30389,0.1476
2025-09-01 11:30:00,24400,PE,1124.5,1152.47,1127.78,1138.63,15,29296,0.1503
2025-09-01 11:30:00,24450,CE,321.06,322.7,320.55,322.07,9,35367,0.1472
2025-09-01 11:30:00,24450,PE,1183.49,1197.95,1173.98,1174.79,332,28468,0.1466
2025-09-01 11:30:00,24500,CE,337.12,340.79,332.98,336.71,249,30525,0.1429
2025-09-01 11:30:00,24500,PE,1209.29,1216.77,1190.63,1212.15,9,32183,0.1485
2025-09-01 11:30:00,24550,CE,342.71,347.57,336.28,341.99,375,24473,0.1469
2025-09-01 11:30:00,24550,PE,1279.14,1307.63,1263.86,1272.17,105,31538,0.1469
2025-09-01 11:30:00,24600,CE,344.77,345.22,341.53,344.26,214,21097,0.1487
2025-09-01 11:30:00,24600,PE,1320.36,1329.75,1323.24,1324.04,64,23817,0.1465
2025-09-01 11:30:00,24650,CE,332.25,337.53,323.08,333.35,195,21231,0.1453
2025-09-01 11:30:00,24650,PE,1393.14,1425.69,1377.36,1395.3,234,26361,0.1474
2025-09-01 11:30:00,24700,CE,328.84,335.48,326.3,329.89,37,23209,0.1467
2025-09-01 11:30:00,24700,PE,1422.11,1428.64,1413.19,1421.6,210,25808,0.1492
2025-09-01 11:30:00,24750,CE,325.67,333.42,326.25,326.89,41,23286,0.1494
2025-09-01 11:30:00,24750,PE,1458.9,1469.25,1448.76,1463.78,172,23854,0.1452
2025-09-01 11:30:00,24800,CE,355.2,356.53,349.63,351.33,156,22810,0.1492
2025-09-01 11:30:00,24800,PE,1524.47,1545.85,1516.89,1521.32,136,20051,0.1477
2025-09-01 11:30:00,24850,CE,331.87,336.87,332.04,333.16,85,21547,0.1471
2025-09-01 11:30:00,24850,PE,1557.97,1583.17,1558.28,1581.21,98,24852,0.15
2025-09-01 11:30:00,24900,CE,320.52,320.79,316.73,318.71,263,24877,0.1464
2025-09-01 11:30:00,24900,PE,1619.05,1618.51,1606.47,1611.92,66,26459,0.1447
2025-09-01 11:35:00,23500,CE,504.67,502.66,498.17,498.87,677,47998,0.1464
2025-09-01 11:35:00,23500,PE,321.93,324.87,316.95,321.55,192,47283,0.1489
2025-09-01 11:35:00,23550,CE,445.97,451.74,440.94,441.89,869,51553,0.1506
2025-09-01 11:35:00,23550,PE,345.65,347.66,340.46,346.38,107,45980,0.1507
2025-09-01 11:35:00,23600,CE,383.92,386.68,378.38,383.59,506,54038,0.1448
2025-09-01 11:35:00,23600,PE,349.41,349.52,348.25,348.3,1073,53442,0.1475
2025-09-01 11:35:00,23650,CE,329.02,337.75,332.5,332.94,1481,60557,0.1474
2025-09-01 11:35:00,23650,PE,317.04,324.13,319.83,320.9,713,58714,0.1466
2025-09-01 11:35:00,23700,CE,353.6,351.07,350.08,350.64,896,65995,0.1455
2025-09-01 11:35:00,23700,PE,404.61,400.77,399.37,400.73,205,61074,0.1459
2025-09-01 11:35:00,23750,CE,342.83,352.58,345.15,347.83,600,69988,0.1465
2025-09-01 11:35:00,23750,PE,448.45,452.03,443.42,444.64,1249,74890,0.1457
2025-09-01 11:35:00,23800,CE,318.16,325.89,317.6,319.71,128,85290,0.1473
2025-09-01 11:35:00,23800,PE,523.34,548.21,519.35,523.65,873,84973,0.1486
2025-09-01 11:35:00,23850,CE,333.44,343.85,337.23,338.17,538,79591,0.1445
2025-09-01 11:35:00,23850,PE,543.75,551.92,540.74,544.3,92,76445,0.1486
2025-09-01 11:35:00,23900,CE,322.58,324.1,319.35,321.54,360,67868,0.1449
2025-09-01 11:35:00,23900,PE,574.36,587.7,568.61,574.97,98,69853,0.1471
2025-09-01 11:35:00,23950,CE,357.82,369.65,359.17,360.7,181,61606,0.1464
2025-09-01 11:35:00,23950,PE,627.18,635.78,623.01,629.66,242,59540,0.1518
2025-09-01 11:35:00,24000,CE,317.34,320.62,313.44,316.57,531,58950,0.1472
2025-09-01 11:35:00,24000,PE,704.43,707.03,699.92,703.97,332,58968,0.1483
2025-09-01 11:35:00,24050,CE,322.27,323.79,319.53,319.78,668,59274,0.147
2025-09-01 11:35:00,24050,PE,730.07,765.62,737.35,746.85,222,52273,0.1485
2025-09-01 11:35:00,24100,CE,334.85,334.1,329.91,333.53,284,46034,0.1464
2025-09-01 11:35:00,24100,PE,799.54,795.13,786.21,791.61,395,42710,0.1475
2025-09-01 11:35:00,24150,CE,338.64,338.2,332.55,334.11,305,44001,0.1459
2025-09-01 11:35:00,24150,PE,838.91,848.91,833.88,840.86,553,48079,0.1471
2025-09-01 11:35:00,24200,CE,318.63,322.66,320.01,320.55,465,40876,0.1444
2025-09-01 11:35:00,24200,PE,895.65,887.6,884.23,887.1,481,39569,0.1447
2025-09-01 11:35:00,24250,CE,373.25,379.75,375.4,375.88,441,37752,0.1482
2025-09-01 11:35:00,24250,PE,953.01,964.8,937.28,949.06,408,37795,0.1466
2025-09-01 11:35:00,24300,CE,359.56,361.3,358.09,359.2,482,33615,0.1484
2025-09-01 11:35:00,24300,PE,983.96,988.43,974.61,985.8,389,34365,0.146
2025-09-01 11:35:00,24350,CE,349.44,348.5,344.69,346.62,406,30240,0.1489
2025-09-01 11:35:00,24350,PE,1059.21,1070.32,1031.38,1050.51,101,30838,0.1459
2025-09-01 11:35:00,24400,CE,331.18,331.99,325.51,327.99,260,30266,0.149
2025-09-01 11:35:00,24400,PE,1079.66,1097.53,1066.33,1076.58,141,29431,0.1493
2025-09-01 11:35:00,24450,CE,360.57,371.13,363.75,366.25,383,35186,0.1497
2025-09-01 11:35:00,24450,PE,1143.08,1144.15,1132.26,1139.06,160,28903,0.1481
2025-09-01 11:35:00,24500,CE,338.72,339.61,334.9,336.48,336,30798,0.1451
2025-09-01 11:35:00,24500,PE,1170.88,1179.54,1162.19,1167.93,265,31704,0.1469
2025-09-01 11:35:00,24550,CE,345.68,350.22,344.92,347.18,69,23940,0.1479
2025-09-01 11:35:00,24550,PE,1261.31,1244.67,1224.67,1232.54,138,30978,0.1469
2025-09-01 11:35:00,24600,CE,335.34,335.93,332.68,333.8,195,20530,0.1477
2025-09-01 11:35:00,24600,PE,1252.14,1266.13,1252.87,1253.16,405,23813,0.1432
2025-09-01 11:35:00,24650,CE,338.05,342.02,335.39,339.64,11,20848,0.1475
2025-09-01 11:35:00,24650,PE,1318.71,1328.57,1323.66,1327.16,78,26570,0.1473
2025-09-01 11:35:00,24700,CE,331.37,344.05,335.14,338.24,291,23188,0.1428
2025-09-01 11:35:00,24700,PE,1405.74,1430.82,1382.67,1403.36,275,25320,0.1472
2025-09-01 11:35:00,24750,CE,312.77,313.84,311.72,312.17,117,22692,0.1439
2025-09-01 11:35:00,24750,PE,1429.02,1436.45,1406.99,1423.73,151,23298,0.1445
2025-09-01 11:35:00,24800,CE,322.07,327.02,321.1,322.77,278,22850,0.1465
2025-09-01 11:35:00,24800,PE,1482.76,1499.27,1485.83,1488.85,265,20154,0.1464
2025-09-01 11:35:00,24850,CE,354.27,355.22,349.61,354.14,18,21370,0.1465
2025-09-01 11:35:00,24850,PE,1529.95,1544.01,1520.46,1536.43,9,24346,0.1492
2025-09-01 11:35:00,24900,CE,318.83,326.59,315.43,319.35,308,25398,0.1458
2025-09-01 11:35:00,24900,PE,1548.83,1573.52,1558.99,1569.89,43,26345,0.1499
2025-09-01 11:40:00,23500,CE,433.69,442.12,431.22,438.21,405,47913,0.1507
2025-09-01 11:40:00,23500,PE,343.1,338.98,335.21,338.52,831,47140,0.1459
2025-09-01 11:40:00,23550,CE,384.68,390.68,384.34,386.57,1270,51024,0.1499
2025-09-01 11:40:00,23550,PE,349.88,345.92,339.96,344.82,919,46232,0.148
2025-09-01 11:40:00,23600,CE,325.09,321.87,317.87,321.22,987,54235,0.1484
2025-09-01 11:40:00,23600,PE,341.2,345.43,341.94,344.87,1096,53039,0.1497
2025-09-01 11:40:00,23650,CE,331.87,343.4,333.09,336.59,1183,60279,0.1504
2025-09-01 11:40:00,23650,PE,399.3,409.48,403.09,403.34,286,58770,0.1473
2025-09-01 11:40:00,23700,CE,351.62,359.97,354.15,354.33,832,65847,0.1479
2025-09-01 11:40:00,23700,PE,447.76,452.99,445.81,448.55,98,61671,0.1475
2025-09-01 11:40:00,23750,CE,320.3,325.13,325.06,325.06,938,69983,0.1467
2025-09-01 11:40:00,23750,PE,496.66,500.94,491.63,494.34,413,75348,0.145
2025-09-01 11:40:00,23800,CE,335.97,342.44,331.9,336.13,376,84935,0.146
2025-09-01 11:40:00,23800,PE,543.51,559.96,549.08,554.87,272,85040,0.147
2025-09-01 11:40:00,23850,CE,334.57,337.42,332.7,336.55,702,79377,0.1481
2025-09-01 11:40:00,23850,PE,598.05,614.85,597.11,604.73,192,76966,0.1462
2025-09-01 11:40:00,23900,CE,362.42,364.2,356.81,361.46,95,67929,0.1513
2025-09-01 11:40:00,23900,PE,645.58,648.09,640.9,641.84,163,70037,0.1489
2025-09-01 11:40:00,23950,CE,348.13,356.77,346.73,350.99,303,61097,0.1452
2025-09-01 11:40:00,23950,PE,701.87,698.16,690.73,695.61,142,59525,0.1454
2025-09-01 11:40:00,24000,CE,319.73,318.97,312.73,316.03,115,59045,0.1466
2025-09-01 11:40:00,24000,PE,752.46,758.95,745.61,757.37,586,58716,0.1507
2025-09-01 11:40:00,24050,CE,317.74,318.54,316.35,318.5,638,59556,0.1456
2025-09-01 11:40:00,24050,PE,767.26,772.74,766.77,771.55,68,52232,0.1459
2025-09-01 11:40:00,24100,CE,325.74,329.57,321.2,326.11,357,46107,0.1487
2025-09-01 11:40:00,24100,PE,842.55,836.56,835.48,835.64,299,42543,0.1495
2025-09-01 11:40:00,24150,CE,326.55,332.01,326.15,328.23,345,44212,0.1467
2025-09-01 11:40:00,24150,PE,896.66,902.83,885.32,890.42,509,47602,0.1451
2025-09-01 11:40:00,24200,CE,329.51,331.24,327.85,330.76,86,40883,0.1469
2025-09-01 11:40:00,24200,PE,929.32,934.45,913.66,923.52,244,40043,0.1467
2025-09-01 11:40:00,24250,CE,358.15,357.71,356.57,357.04,310,37434,0.1465
2025-09-01 11:40:00,24250,PE,987.57,1009.16,984.58,988.94,456,38237,0.1441
2025-09-01 11:40:00,24300,CE,332.63,338.72,332.59,332.82,28,34077,0.1479
2025-09-01 11:40:00,24300,PE,1020.18,1038.81,1018.76,1024.53,189,34041,0.1457
2025-09-01 11:40:00,24350,CE,346.33,352.43,348.98,349.67,62,29736,0.1454
2025-09-01 11:40:00,24350,PE,1116.52,1119.16,1103.6,1104.16,36,31155,0.148
2025-09-01 11:40:00,24400,CE,336.47,341.27,340.17,340.31,417,30816,0.1486
2025-09-01 11:40:00,24400,PE,1131.33,1140.04,1133.85,1136.29,238,29137,0.1463
2025-09-01 11:40:00,24450,CE,324.51,327.16,324.46,325.57,392,35681,0.1478
2025-09-01 11:40:00,24450,PE,1184.37,1204.14,1187.84,1196.52,180,28552,0.1477
2025-09-01 11:40:00,24500,CE,323.84,322.98,321.04,322.87,355,30629,0.1459
2025-09-01 11:40:00,24500,PE,1237.91,1245.85,1216.5,1238.18,229,32167,0.1467
2025-09-01 11:40:00,24550,CE,334.41,339.0,337.64,337.99,72,23704,0.1452
2025-09-01 11:40:00,24550,PE,1305.83,1321.22,1313.72,1317.96,90,31284,0.1461
2025-09-01 11:40:00,24600,CE,326.74,331.51,326.59,330.26,51,20106,0.1468
2025-09-01 11:40:00,24600,PE,1371.39,1372.52,1363.84,1369.81,132,23667,0.1468
2025-09-01 11:40:00,24650,CE,322.65,326.9,323.07,323.46,280,21376,0.1434
2025-09-01 11:40:00,24650,PE,1372.13,1410.67,1371.66,1377.23,225,26241,0.1455
2025-09-01 11:40:00,24700,CE,325.47,326.23,320.6,323.93,240,23430,0.1494
2025-09-01 11:40:00,24700,PE,1479.2,1474.98,1458.22,1463.44,35,25823,0.1494
2025-09-01 11:40:00,24750,CE,316.48,319.04,317.0,318.22,180,23033,0.1454
2025-09-01 11:40:00,24750,PE,1483.03,1505.52,1476.61,1483.18,23,23835,0.149
2025-09-01 11:40:00,24800,CE,323.11,324.61,319.2,323.36,327,23382,0.1486
2025-09-01 11:40:00,24800,PE,1541.91,1549.93,1508.43,1535.32,180,19690,0.1449
2025-09-01 11:40:00,24850,CE,346.91,352.46,345.02,349.94,150,21491,0.1452
2025-09-01 11:40:00,24850,PE,1609.71,1605.58,1582.21,1598.27,148,24258,0.149
2025-09-01 11:40:00,24900,CE,348.89,357.71,346.46,350.39,113,25617,0.1482
2025-09-01 11:40:00,24900,PE,1631.5,1663.39,1647.68,1652.03,182,26636,0.1451
2025-09-01 11:45:00,23500,CE,432.84,437.46,425.92,429.39,127,47607,0.1452
2025-09-01 11:45:00,23500,PE,362.35,369.76,358.53,361.28,1184,47499,0.1519
2025-09-01 11:45:00,23550,CE,390.13,388.46,380.7,385.12,1054,50915,0.1471
2025-09-01 11:45:00,23550,PE,324.58,331.17,319.54,323.65,679,46420,0.1465
2025-09-01 11:45:00,23600,CE,345.69,359.29,348.11,349.44,1365,54148,0.1483
2025-09-01 11:45:00,23600,PE,328.62,334.02,326.76,332.27,1583,52854,0.1458
2025-09-01 11:45:00,23650,CE,338.41,339.63,334.77,338.08,496,60511,0.1492
2025-09-01 11:45:00,23650,PE,402.55,405.5,400.4,403.07,1189,58820,0.1482
2025-09-01 11:45:00,23700,CE,360.17,363.69,355.0,355.93,1240,66270,0.1484
2025-09-01 11:45:00,23700,PE,437.4,446.4,445.02,445.23,286,62014,0.1444
2025-09-01 11:45:00,23750,CE,350.39,350.8,349.45,350.57,937,70424,0.1491
2025-09-01 11:45:00,23750,PE,490.74,496.37,476.49,492.11,614,75666,0.147
2025-09-01 11:45:00,23800,CE,356.46,361.89,353.15,358.29,752,85435,0.1499
2025-09-01 11:45:00,23800,PE,523.84,543.52,526.04,527.61,318,84628,0.1431
2025-09-01 11:45:00,23850,CE,345.61,346.7,341.12,342.98,721,79545,0.1488
2025-09-01 11:45:00,23850,PE,608.36,606.9,600.0,602.7,914,76464,0.1487
2025-09-01 11:45:00,23900,CE,347.89,356.36,345.15,345.96,43,67928,0.1462
2025-09-01 11:45:00,23900,PE,643.58,657.38,640.51,646.43,525,70470,0.1477
2025-09-01 11:45:00,23950,CE,305.59,306.22,301.4,305.69,531,61367,0.1475
2025-09-01 11:45:00,23950,PE,690.07,702.22,683.43,695.01,313,59624,0.1472
2025-09-01 11:45:00,24000,CE,319.94,326.59,322.08,324.24,112,59277,0.1476
2025-09-01 11:45:00,24000,PE,739.51,749.24,731.34,732.47,112,58323,0.1514
2025-09-01 11:45:00,24050,CE,349.06,349.14,341.98,347.36,122,60072,0.1446
2025-09-01 11:45:00,24050,PE,809.01,813.16,796.65,806.77,127,51886,0.1484
2025-09-01 11:45:00,24100,CE,330.69,331.09,327.16,328.13,635,45707,0.1459
2025-09-01 11:45:00,24100,PE,866.42,873.46,849.49,862.03,351,42111,0.1496
2025-09-01 11:45:00,24150,CE,347.99,346.18,345.77,345.91,273,44735,0.1445
2025-09-01 11:45:00,24150,PE,898.75,914.64,901.42,904.22,203,47555,0.15
2025-09-01 11:45:00,24200,CE,320.87,325.87,314.56,318.78,496,40922,0.1489
2025-09-01 11:45:00,24200,PE,951.4,975.4,960.89,966.56,536,39897,0.1472
2025-09-01 11:45:00,24250,CE,336.69,346.31,334.6,335.35,130,36866,0.1484
2025-09-01 11:45:00,24250,PE,975.17,994.57,978.67,979.57,216,37716,0.1497
2025-09-01 11:45:00,24300,CE,319.66,328.33,318.03,320.03,296,33495,0.1458
2025-09-01 11:45:00,24300,PE,1034.36,1060.52,1026.08,1042.4,59,34087,0.1484
2025-09-01 11:45:00,24350,CE,327.14,326.0,322.75,325.06,296,29368,0.1454
2025-09-01 11:45:00,24350,PE,1085.17,1091.03,1060.47,1083.14,361,31037,0.1483
2025-09-01 11:45:00,24400,CE,358.23,360.96,351.26,355.39,92,30768,0.1464
2025-09-01 11:45:00,24400,PE,1156.06,1187.94,1151.24,1176.2,426,29176,0.1506
2025-09-01 11:45:00,24450,CE,306.41,306.36,303.09,305.19,377,36152,0.1432
2025-09-01 11:45:00,24450,PE,1190.89,1200.31,1181.78,1184.39,105,28003,0.1492
2025-09-01 11:45:00,24500,CE,338.13,344.12,339.57,341.42,285,30622,0.1475
2025-09-01 11:45:00,24500,PE,1261.55,1298.82,1265.12,1268.8,156,31725,0.1477
2025-09-01 11:45:00,24550,CE,353.9,363.03,349.76,353.62,65,24215,0.1512
2025-09-01 11:45:00,24550,PE,1273.55,1298.04,1288.08,1288.73,63,31784,0.1455
2025-09-01 11:45:00,24600,CE,347.67,347.04,343.51,345.3,107,19673,0.1474
2025-09-01 11:45:00,24600,PE,1309.98,1322.79,1310.64,1318.69,205,23207,0.1475
2025-09-01 11:45:00,24650,CE,330.92,335.25,332.39,334.18,106,20907,0.1459
2025-09-01 11:45:00,24650,PE,1386.76,1405.67,1388.08,1390.88,13,25758,0.146
2025-09-01 11:45:00,24700,CE,323.17,329.2,325.89,327.63,350,23019,0.1451
2025-09-01 11:45:00,24700,PE,1416.12,1428.15,1400.41,1407.49,84,25409,0.146
2025-09-01 11:45:00,24750,CE,332.83,338.14,330.66,331.82,31,22629,0.146
2025-09-01 11:45:00,24750,PE,1498.68,1491.64,1485.26,1491.19,40,23413,0.1456
2025-09-01 11:45:00,24800,CE,339.92,338.63,337.37,337.58,156,23235,0.1445
2025-09-01 11:45:00,24800,PE,1562.31,1567.1,1548.98,1552.32,65,19394,0.1449
2025-09-01 11:45:00,24850,CE,346.64,353.76,345.59,347.38,154,21391,0.1507
2025-09-01 11:45:00,24850,PE,1596.49,1616.68,1582.04,1596.27,44,24730,0.1449
2025-09-01 11:45:00,24900,CE,343.06,341.34,336.64,340.88,126,25439,0.1467
2025-09-01 11:45:00,24900,PE,1614.65,1663.06,1627.08,1631.05,183,26379,0.1475
2025-09-01 11:50:00,23500,CE,441.39,442.85,436.61,442.6,871,48104,0.1488
2025-09-01 11:50:00,23500,PE,349.55,355.6,344.53,346.33,1173,47284,0.1489
2025-09-01 11:50:00,23550,CE,371.89,370.48,364.72,365.52,176,50461,0.1465
2025-09-01 11:50:00,23550,PE,316.63,321.42,316.98,318.06,359,46562,0.1452
2025-09-01 11:50:00,23600,CE,335.65,344.91,329.38,335.23,850,53886,0.1459
2025-09-01 11:50:00,23600,PE,370.65,368.42,362.98,368.14,354,52877,0.1471
2025-09-01 11:50:00,23650,CE,338.83,345.25,338.87,341.2,1393,60832,0.1475
2025-09-01 11:50:00,23650,PE,389.37,396.22,386.75,392.87,388,58898,0.1461
2025-09-01 11:50:00,23700,CE,329.25,331.12,326.43,328.51,653,66640,0.1461
2025-09-01 11:50:00,23700,PE,444.3,447.42,444.54,445.77,449,61827,0.1462
2025-09-01 11:50:00,23750,CE,342.28,345.18,341.74,344.35,513,70026,0.1489
2025-09-01 11:50:00,23750,PE,504.94,520.32,505.27,507.91,979,75539,0.1468
2025-09-01 11:50:00,23800,CE,339.13,339.6,337.62,339.34,871,85329,0.1466
2025-09-01 11:50:00,23800,PE,551.68,551.76,543.01,547.12,688,84887,0.1446
2025-09-01 11:50:00,23850,CE,334.06,336.68,324.85,333.66,728,79769,0.1465
2025-09-01 11:50:00,23850,PE,603.85,610.96,606.53,609.1,637,76235,0.149
2025-09-01 11:50:00,23900,CE,350.64,344.58,343.69,344.41,65,68443,0.1488
2025-09-01 11:50:00,23900,PE,648.12,661.17,645.89,651.3,712,70200,0.1454
2025-09-01 11:50:00,23950,CE,335.96,341.04,336.48,336.66,28,61962,0.1442
2025-09-01 11:50:00,23950,PE,733.52,729.68,722.85,726.63,75,59063,0.149
2025-09-01 11:50:00,24000,CE,342.17,343.1,339.65,340.95,711,59485,0.1455
2025-09-01 11:50:00,24000,PE,776.98,782.61,766.53,768.13,437,58467,0.1468
2025-09-01 11:50:00,24050,CE,328.02,328.74,326.39,326.95,500,60173,0.1476
2025-09-01 11:50:00,24050,PE,824.11,830.39,829.45,829.89,504,52220,0.1485
2025-09-01 11:50:00,24100,CE,337.47,336.19,334.47,336.01,141,45816,0.1483
2025-09-01 11:50:00,24100,PE,828.31,835.3,810.26,824.24,215,42242,0.1434
2025-09-01 11:50:00,24150,CE,345.76,350.35,341.31,344.38,108,45187,0.147
2025-09-01 11:50:00,24150,PE,887.27,907.56,893.32,893.69,164,47179,0.1488
2025-09-01 11:50:00,24200,CE,345.95,345.09,343.33,343.57,76,40959,0.1449
2025-09-01 11:50:00,24200,PE,972.33,992.72,979.98,984.8,204,40151,0.1499
2025-09-01 11:50:00,24250,CE,348.14,356.42,347.47,349.78,226,36635,0.1502
2025-09-01 11:50:00,24250,PE,1004.81,1001.76,986.68,990.08,171,37379,0.1458
2025-09-01 11:50:00,24300,CE,332.1,339.64,332.11,333.96,352,33049,0.1452
2025-09-01 11:50:00,24300,PE,1030.59,1038.54,1021.76,1027.89,458,33802,0.1434
2025-09-01 11:50:00,24350,CE,342.62,352.93,345.36,346.0,12,29567,0.1457
2025-09-01 11:50:00,24350,PE,1066.63,1089.27,1072.52,1080.66,342,31174,0.145
2025-09-01 11:50:00,24400,CE,323.16,329.51,323.82,324.21,169,30374,0.1441
2025-09-01 11:50:00,24400,PE,1119.12,1137.16,1124.5,1125.04,399,29165,0.1456
2025-09-01 11:50:00,24450,CE,332.64,330.72,329.03,330.6,211,35808,0.1412
2025-09-01 11:50:00,24450,PE,1211.97,1231.82,1183.08,1203.55,342,28526,0.1464
2025-09-01 11:50:00,24500,CE,314.53,317.9,314.54,317.06,272,30890,0.1474
2025-09-01 11:50:00,24500,PE,1275.74,1274.82,1261.29,1261.61,298,31332,0.1443
2025-09-01 11:50:00,24550,CE,339.82,333.19,330.97,332.68,189,23962,0.1442
2025-09-01 11:50:00,24550,PE,1287.31,1297.51,1282.92,1289.4,165,32207,0.1461
2025-09-01 11:50:00,24600,CE,334.39,339.19,332.78,335.86,321,19741,0.1493
2025-09-01 11:50:00,24600,PE,1378.92,1392.27,1359.07,1384.82,50,23034,0.1455
2025-09-01 11:50:00,24650,CE,334.07,333.41,328.38,329.86,270,21025,0.147
2025-09-01 11:50:00,24650,PE,1393.16,1407.0,1386.93,1393.99,210,25625,0.1449
2025-09-01 11:50:00,24700,CE,328.82,331.49,326.93,329.5,347,23512,0.1434
2025-09-01 11:50:00,24700,PE,1471.88,1470.61,1436.1,1451.91,232,25857,0.1492
2025-09-01 11:50:00,24750,CE,353.04,349.56,343.94,348.25,66,22221,0.1471
2025-09-01 11:50:00,24750,PE,1497.9,1497.93,1477.46,1494.82,248,23625,0.1456
2025-09-01 11:50:00,24800,CE,351.22,350.08,340.95,344.99,85,23640,0.1487
2025-09-01 11:50:00,24800,PE,1557.91,1559.2,1545.19,1550.49,251,19047,0.1495
2025-09-01 11:50:00,24850,CE,337.42,340.02,338.55,339.27,199,21836,0.1454
2025-09-01 11:50:00,24850,PE,1590.88,1617.61,1583.3,1604.88,250,24633,0.1479
2025-09-01 11:50:00,24900,CE,348.44,357.48,355.24,356.1,257,25208,0.1483
2025-09-01 11:50:00,24900,PE,1671.61,1704.33,1660.45,1685.37,305,26959,0.1488
2025-09-01 11:55:00,23500,CE,426.75,434.59,425.18,430.09,419,48329,0.1471
2025-09-01 11:55:00,23500,PE,331.44,335.18,329.45,333.77,1292,47032,0.1483
2025-09-01 11:55:00,23550,CE,393.2,396.15,387.0,394.48,1115,50496,0.1461
2025-09-01 11:55:00,23550,PE,305.33,307.69,303.77,304.7,701,46734,0.1488
2025-09-01 11:55:00,23600,CE,331.53,335.6,326.23,331.73,858,54140,0.1472
2025-09-01 11:55:00,23600,PE,334.84,333.43,329.94,333.38,1696,52528,0.1466
2025-09-01 11:55:00,23650,CE,345.55,345.34,335.69,344.47,284,60971,0.1448
2025-09-01 11:55:00,23650,PE,382.31,383.06,378.03,380.82,1444,59314,0.1468
2025-09-01 11:55:00,23700,CE,334.82,342.2,335.94,340.11,541,67004,0.1484
2025-09-01 11:55:00,23700,PE,421.2,422.88,414.93,418.98,1191,61580,0.1461
2025-09-01 11:55:00,23750,CE,324.71,327.34,322.19,324.65,137,70590,0.1429
2025-09-01 11:55:00,23750,PE,476.33,490.58,481.65,482.69,199,74954,0.1468
2025-09-01 11:55:00,23800,CE,348.91,359.4,342.71,348.57,341,85663,0.1447
2025-09-01 11:55:00,23800,PE,576.94,579.11,571.79,576.11,777,84667,0.1494
2025-09-01 11:55:00,23850,CE,342.55,348.52,341.22,342.48,647,80298,0.1483
2025-09-01 11:55:00,23850,PE,582.79,602.53,586.59,588.16,21,76668,0.1476
2025-09-01 11:55:00,23900,CE,351.87,356.44,346.56,349.09,520,68900,0.1476
2025-09-01 11:55:00,23900,PE,652.92,656.82,653.63,656.12,55,69902,0.1529
2025-09-01 11:55:00,23950,CE,341.13,348.87,335.28,344.4,310,62317,0.1482
2025-09-01 11:55:00,23950,PE,681.26,677.05,670.2,675.63,538,58862,0.1451
2025-09-01 11:55:00,24000,CE,337.97,340.39,332.78,335.49,186,59421,0.1474
2025-09-01 11:55:00,24000,PE,763.16,765.06,761.64,762.62,131,58952,0.1473
2025-09-01 11:55:00,24050,CE,341.76,344.04,337.91,338.15,568,60437,0.1418
2025-09-01 11:55:00,24050,PE,803.65,800.89,778.99,796.72,332,52388,0.1479
2025-09-01 11:55:00,24100,CE,359.4,357.87,354.27,357.57,169,45370,0.1491
2025-09-01 11:55:00,24100,PE,845.76,851.73,837.34,847.38,156,42287,0.1487
2025-09-01 11:55:00,24150,CE,321.95,329.0,322.16,323.84,575,44735,0.1475
2025-09-01 11:55:00,24150,PE,897.83,917.29,894.97,896.38,189,46669,0.1492
2025-09-01 11:55:00,24200,CE,345.98,347.2,343.43,345.01,254,41494,0.1505
2025-09-01 11:55:00,24200,PE,939.03,956.79,938.57,952.63,37,40261,0.1462
2025-09-01 11:55:00,24250,CE,332.74,336.67,333.11,334.95,90,36042,0.1484
2025-09-01 11:55:00,24250,PE,1002.83,1000.68,979.24,997.31,292,37341,0.1481
2025-09-01 11:55:00,24300,CE,337.48,342.12,336.39,336.84,458,32793,0.147
2025-09-01 11:55:00,24300,PE,1089.85,1099.7,1080.78,1082.17,325,33386,0.1446
2025-09-01 11:55:00,24350,CE,334.0,333.43,329.48,331.73,283,29949,0.1496
2025-09-01 11:55:00,24350,PE,1096.06,1109.6,1097.84,1098.82,191,30758,0.1483
2025-09-01 11:55:00,24400,CE,309.06,317.83,310.94,311.81,237,29973,0.1414
2025-09-01 11:55:00,24400,PE,1129.6,1159.81,1142.15,1152.75,301,28844,0.1445
2025-09-01 11:55:00,24450,CE,335.31,335.3,333.04,334.35,293,36062,0.1449
2025-09-01 11:55:00,24450,PE,1182.04,1167.88,1160.73,1166.29,440,28154,0.148
2025-09-01 11:55:00,24500,CE,355.6,358.57,345.86,350.97,394,30675,0.1465
2025-09-01 11:55:00,24500,PE,1222.23,1235.09,1230.92,1231.7,71,31814,0.1458
2025-09-01 11:55:00,24550,CE,345.77,350.51,347.47,348.32,234,24040,0.1474
2025-09-01 11:55:00,24550,PE,1277.32,1295.37,1268.96,1289.32,127,31814,0.1503
2025-09-01 11:55:00,24600,CE,304.35,307.03,302.25,306.64,29,20172,0.1507
2025-09-01 11:55:00,24600,PE,1334.32,1329.05,1322.36,1328.33,14,23048,0.1454
2025-09-01 11:55:00,24650,CE,313.05,321.01,314.76,316.23,104,21426,0.1455
2025-09-01 11:55:00,24650,PE,1390.78,1395.01,1383.34,1391.42,265,25119,0.1434
2025-09-01 11:55:00,24700,CE,357.53,358.77,356.23,356.37,51,23106,0.1495
2025-09-01 11:55:00,24700,PE,1477.91,1473.38,1444.03,1456.96,259,25367,0.1496
2025-09-01 11:55:00,24750,CE,340.65,341.97,339.71,340.95,86,22198,0.1453
2025-09-01 11:55:00,24750,PE,1501.0,1525.31,1496.51,1518.65,69,23489,0.1482
2025-09-01 11:55:00,24800,CE,333.56,333.75,331.68,333.17,106,23539,0.1471
2025-09-01 11:55:00,24800,PE,1543.95,1536.33,1506.7,1530.82,14,18886,0.1481
2025-09-01 11:55:00,24850,CE,358.32,362.42,360.66,361.84,177,21744,0.1499
2025-09-01 11:55:00,24850,PE,1607.75,1603.33,1577.57,1601.33,307,24490,0.149
2025-09-01 11:55:00,24900,CE,332.41,339.3,333.8,334.51,99,24799,0.1427
2025-09-01 11:55:00,24900,PE,1662.56,1636.94,1633.19,1636.34,196,27041,0.1446
2025-09-01 12:00:00,23500,CE,430.64,431.3,425.94,430.46,88,48772,0.15
2025-09-01 12:00:00,23500,PE,338.05,340.63,334.85,338.28,1277,47624,0.1498
2025-09-01 12:00:00,23550,CE,386.6,393.52,385.03,390.15,1173,50036,0.1442
2025-09-01 12:00:00,23550,PE,332.15,335.73,332.26,334.18,1348,46627,0.1482
2025-09-01 12:00:00,23600,CE,351.2,349.88,347.44,349.57,1529,53829,0.1513
2025-09-01 12:00:00,23600,PE,363.17,362.79,358.12,361.55,1222,52608,0.1461
2025-09-01 12:00:00,23650,CE,354.61,355.15,349.15,353.03,725,60803,0.1459
2025-09-01 12:00:00,23650,PE,391.79,395.27,389.55,391.98,106,59767,0.1463
2025-09-01 12:00:00,23700,CE,358.47,363.75,356.27,358.93,975,67526,0.1499
2025-09-01 12:00:00,23700,PE,420.85,420.91,414.21,418.8,703,61370,0.151
2025-09-01 12:00:00,23750,CE,328.27,336.38,328.38,331.87,735,70417,0.1483
2025-09-01 12:00:00,23750,PE,468.03,474.02,461.4,465.12,1112,74995,0.1453
2025-09-01 12:00:00,23800,CE,344.26,343.77,337.83,339.91,722,85825,0.149
2025-09-01 12:00:00,23800,PE,530.08,543.83,528.8,528.93,421,84969,0.1439
2025-09-01 12:00:00,23850,CE,329.14,334.29,325.23,326.26,477,79818,0.1434
2025-09-01 12:00:00,23850,PE,586.3,595.66,586.72,588.17,400,76129,0.1492
2025-09-01 12:00:00,23900,CE,342.34,353.52,339.51,343.84,645,69113,0.1463
2025-09-01 12:00:00,23900,PE,631.28,629.55,625.63,628.77,783,69876,0.1472
2025-09-01 12:00:00,23950,CE,326.8,327.82,324.0,327.49,796,62524,0.1471
2025-09-01 12:00:00,23950,PE,671.87,690.72,672.61,677.57,318,58623,0.1458
2025-09-01 12:00:00,24000,CE,350.49,348.37,345.5,347.43,705,59027,0.1497
2025-09-01 12:00:00,24000,PE,727.19,736.77,730.86,733.08,24,58485,0.1445
2025-09-01 12:00:00,24050,CE,330.61,338.77,334.88,335.17,480,60780,0.1488
2025-09-01 12:00:00,24050,PE,789.83,799.81,782.3,794.03,357,52271,0.1482
2025-09-01 12:00:00,24100,CE,352.44,358.33,352.69,354.94,127,44869,0.1483
2025-09-01 12:00:00,24100,PE,853.04,853.47,840.84,846.28,484,41983,0.1457
2025-09-01 12:00:00,24150,CE,327.03,327.15,321.55,324.11,598,45168,0.1484
2025-09-01 12:00:00,24150,PE,881.24,892.74,881.82,883.04,470,46646,0.1472
2025-09-01 12:00:00,24200,CE,337.94,334.5,332.61,333.9,211,41918,0.1448
2025-09-01 12:00:00,24200,PE,914.6,935.48,912.68,917.23,36,40795,0.1488
2025-09-01 12:00:00,24250,CE,330.53,332.32,327.14,329.57,447,35522,0.1464
2025-09-01 12:00:00,24250,PE,989.22,1015.67,979.54,994.11,125,37872,0.1473
2025-09-01 12:00:00,24300,CE,327.01,334.93,325.73,329.29,343,32638,0.1462
2025-09-01 12:00:00,24300,PE,1026.94,1048.58,1020.22,1032.79,429,33623,0.1494
2025-09-01 12:00:00,24350,CE,333.15,342.76,333.23,335.33,452,29832,0.1496
2025-09-01 12:00:00,24350,PE,1085.02,1100.4,1089.56,1092.82,290,30895,0.1437
2025-09-01 12:00:00,24400,CE,344.12,348.2,341.82,346.19,27,30176,0.1479
2025-09-01 12:00:00,24400,PE,1147.93,1146.65,1116.18,1141.79,336,28403,0.144
2025-09-01 12:00:00,24450,CE,339.95,343.58,337.61,338.35,362,35979,0.1458
2025-09-01 12:00:00,24450,PE,1182.46,1227.54,1196.38,1205.49,194,27801,0.1486
2025-09-01 12:00:00,24500,CE,324.17,334.38,324.49,328.54,364,30218,0.1452
2025-09-01 12:00:00,24500,PE,1217.01,1224.99,1206.6,1217.93,417,31924,0.1482
2025-09-01 12:00:00,24550,CE,353.82,354.01,345.92,349.77,101,24256,0.1466
2025-09-01 12:00:00,24550,PE,1284.18,1331.18,1287.03,1292.66,294,31523,0.1457
2025-09-01 12:00:00,24600,CE,329.21,331.02,325.97,329.3,345,19580,0.1463
2025-09-01 12:00:00,24600,PE,1335.05,1336.54,1329.32,1332.86,55,23612,0.1496
2025-09-01 12:00:00,24650,CE,347.03,350.04,344.37,346.3,288,21395,0.1469
2025-09-01 12:00:00,24650,PE,1393.38,1384.0,1365.07,1383.65,123,25301,0.1453
2025-09-01 12:00:00,24700,CE,343.87,345.07,337.11,338.59,253,22596,0.1481
2025-09-01 12:00:00,24700,PE,1430.75,1455.57,1427.08,1441.39,161,25511,0.1473
2025-09-01 12:00:00,24750,CE,317.47,318.27,316.34,318.17,209,22513,0.1452
2025-09-01 12:00:00,24750,PE,1471.38,1485.04,1475.35,1482.39,321,22945,0.1461
2025-09-01 12:00:00,24800,CE,337.37,350.02,342.09,344.07,183,23567,0.1495
2025-09-01 12:00:00,24800,PE,1539.62,1536.85,1525.09,1533.71,74,18456,0.1469
2025-09-01 12:00:00,24850,CE,331.86,336.61,327.81,331.62,297,21320,0.1471
2025-09-01 12:00:00,24850,PE,1565.13,1582.55,1553.05,1579.79,148,24627,0.1439
2025-09-01 12:00:00,24900,CE,309.35,310.67,307.61,308.92,154,24942,0.1452
2025-09-01 12:00:00,24900,PE,1653.08,1673.4,1621.14,1646.78,14,27105,0.1463
2025-09-01 12:05:00,23500,CE,472.0,477.51,469.69,470.24,994,48784,0.1499
2025-09-01 12:05:00,23500,PE,329.47,331.18,319.43,325.22,1215,47587,0.145
2025-09-01 12:05:00,23550,CE,418.34,422.67,416.01,416.99,445,50013,0.148
2025-09-01 12:05:00,23550,PE,347.23,350.5,348.41,349.72,435,46428,0.1474
2025-09-01 12:05:00,23600,CE,373.03,370.81,364.7,368.6,749,53537,0.1499
2025-09-01 12:05:00,23600,PE,374.21,379.34,375.93,376.85,82,52326,0.1501
2025-09-01 12:05:00,23650,CE,327.64,331.91,327.49,330.48,78,61292,0.1473
2025-09-01 12:05:00,23650,PE,356.46,362.43,355.7,357.29,1462,59487,0.1475
2025-09-01 12:05:00,23700,CE,346.76,346.08,341.02,344.47,1291,67375,0.1462
2025-09-01 12:05:00,23700,PE,388.49,393.78,390.46,392.46,550,61374,0.1486
2025-09-01 12:05:00,23750,CE,329.69,334.25,328.59,329.84,1149,70708,0.1442
2025-09-01 12:05:00,23750,PE,476.83,488.48,471.47,480.09,806,75327,0.1486
2025-09-01 12:05:00,23800,CE,353.4,358.4,345.7,351.26,980,86091,0.1481
2025-09-01 12:05:00,23800,PE,504.02,516.55,500.62,501.64,532,84732,0.1486
2025-09-01 12:05:00,23850,CE,337.39,344.3,332.67,335.9,477,79413,0.1458
2025-09-01 12:05:00,23850,PE,579.94,576.22,570.62,574.22,615,76509,0.1504
2025-09-01 12:05:00,23900,CE,340.07,347.89,336.38,342.5,40,69562,0.1471
2025-09-01 12:05:00,23900,PE,591.33,599.16,592.56,598.86,588,70371,0.1458
2025-09-01 12:05:00,23950,CE,342.31,341.99,335.75,339.67,596,62954,0.1468
2025-09-01 12:05:00,23950,PE,661.95,664.08,659.11,661.93,631,58456,0.1455
2025-09-01 12:05:00,24000,CE,346.67,347.46,344.97,346.24,422,58611,0.147
2025-09-01 12:05:00,24000,PE,716.07,714.21,712.19,713.89,648,58689,0.1446
2025-09-01 12:05:00,24050,CE,335.59,336.84,326.17,330.68,423,60959,0.1463
2025-09-01 12:05:00,24050,PE,788.01,784.14,778.35,779.84,504,51968,0.1481
2025-09-01 12:05:00,24100,CE,339.66,339.72,338.01,338.9,413,45013,0.1477
2025-09-01 12:05:00,24100,PE,813.66,825.55,821.14,821.54,464,42580,0.1493
2025-09-01 12:05:00,24150,CE,346.96,348.46,344.62,346.79,218,44770,0.1468
2025-09-01 12:05:00,24150,PE,835.12,844.93,839.62,839.79,621,46500,0.148
2025-09-01 12:05:00,24200,CE,320.39,324.51,320.26,323.28,175,41787,0.1458
2025-09-01 12:05:00,24200,PE,896.19,907.25,889.25,899.92,467,40451,0.1455
2025-09-01 12:05:00,24250,CE,321.45,332.71,323.59,323.77,20,35867,0.1458
2025-09-01 12:05:00,24250,PE,934.21,942.98,924.27,929.83,290,38120,0.1487
2025-09-01 12:05:00,24300,CE,357.06,362.02,356.25,360.31,146,32298,0.1502
2025-09-01 12:05:00,24300,PE,1038.71,1040.87,1021.73,1038.83,248,34052,0.1487
2025-09-01 12:05:00,24350,CE,310.06,315.69,303.83,311.87,371,29742,0.1451
2025-09-01 12:05:00,24350,PE,1051.68,1064.37,1046.75,1046.82,89,30956,0.1439
2025-09-01 12:05:00,24400,CE,358.33,365.64,359.07,360.61,33,30397,0.151
2025-09-01 12:05:00,24400,PE,1137.09,1149.8,1129.6,1146.19,210,28851,0.1483
2025-09-01 12:05:00,24450,CE,327.48,334.75,328.12,329.21,441,35651,0.1493
2025-09-01 12:05:00,24450,PE,1162.54,1169.99,1140.78,1165.06,59,27911,0.1473
2025-09-01 12:05:00,24500,CE,327.8,335.65,329.43,331.11,28,30423,0.1455
2025-09-01 12:05:00,24500,PE,1209.72,1240.24,1178.63,1201.99,383,32387,0.1483
2025-09-01 12:05:00,24550,CE,337.37,341.55,337.27,338.76,321,24582,0.1463
2025-09-01 12:05:00,24550,PE,1261.88,1257.22,1243.98,1252.94,109,32020,0.1466
2025-09-01 12:05:00,24600,CE,349.09,354.7,342.77,348.73,304,19070,0.1495
2025-09-01 12:05:00,24600,PE,1275.22,1312.24,1286.39,1291.77,240,23522,0.1482
2025-09-01 12:05:00,24650,CE,356.99,359.91,350.56,355.81,65,21162,0.1474
2025-09-01 12:05:00,24650,PE,1351.96,1376.33,1345.4,1351.39,360,25297,0.1439
2025-09-01 12:05:00,24700,CE,341.82,345.53,342.21,345.0,62,22968,0.147
2025-09-01 12:05:00,24700,PE,1406.33,1405.13,1371.84,1396.84,93,25502,0.1508
2025-09-01 12:05:00,24750,CE,360.65,362.71,359.29,359.77,51,21955,0.1444
2025-09-01 12:05:00,24750,PE,1450.97,1458.15,1441.62,1448.19,350,23149,0.1474
2025-09-01 12:05:00,24800,CE,336.32,330.46,328.78,329.53,210,22979,0.1451
2025-09-01 12:05:00,24800,PE,1504.2,1503.65,1484.74,1498.17,212,17973,0.1433
2025-09-01 12:05:00,24850,CE,313.39,315.8,309.01,311.35,55,21593,0.1461
2025-09-01 12:05:00,24850,PE,1577.81,1566.93,1553.46,1563.78,173,25024,0.1459
2025-09-01 12:05:00,24900,CE,299.08,306.69,300.99,303.87,118,24723,0.1443
2025-09-01 12:05:00,24900,PE,1624.78,1618.55,1599.66,1615.04,267,27187,0.1507
2025-09-01 12:10:00,23500,CE,455.73,459.55,455.02,455.51,1154,48840,0.1451
2025-09-01 12:10:00,23500,PE,347.3,343.81,342.0,343.18,250,47053,0.148
2025-09-01 12:10:00,23550,CE,424.07,429.41,417.44,424.16,332,50066,0.1484
2025-09-01 12:10:00,23550,PE,316.4,318.54,311.86,313.36,954,45841,0.1474
2025-09-01 12:10:00,23600,CE,383.18,383.94,376.86,381.75,473,53920,0.1461
2025-09-01 12:10:00,23600,PE,331.91,339.02,331.12,333.69,683,52623,0.1497
2025-09-01 12:10:00,23650,CE,339.09,339.58,336.26,336.9,620,61032,0.1469
2025-09-01 12:10:00,23650,PE,381.75,384.62,376.58,377.08,1126,59201,0.1462
2025-09-01 12:10:00,23700,CE,326.13,332.48,328.55,329.83,926,67003,0.1514
2025-09-01 12:10:00,23700,PE,413.34,424.76,411.05,415.8,1052,61917,0.1443
2025-09-01 12:10:00,23750,CE,341.42,344.41,342.82,342.99,1110,71122,0.1456
2025-09-01 12:10:00,23750,PE,473.48,474.68,471.99,473.93,31,75732,0.1479
2025-09-01 12:10:00,23800,CE,324.65,329.34,320.16,324.74,684,86050,0.1502
2025-09-01 12:10:00,23800,PE,545.38,550.34,541.87,544.81,880,85105,0.1479
2025-09-01 12:10:00,23850,CE,331.3,332.35,328.86,330.12,918,79522,0.1488
2025-09-01 12:10:00,23850,PE,557.21,565.2,559.93,564.25,693,76268,0.1488
2025-09-01 12:10:00,23900,CE,331.44,333.38,332.44,332.96,606,69478,0.1466
2025-09-01 12:10:00,23900,PE,590.91,606.92,593.46,594.22,581,70261,0.1482
2025-09-01 12:10:00,23950,CE,325.03,323.02,321.37,321.7,156,62776,0.1466
2025-09-01 12:10:00,23950,PE,670.11,679.5,666.04,669.45,284,58146,0.1478
2025-09-01 12:10:00,24000,CE,338.21,345.26,336.41,338.61,90,58488,0.1508
2025-09-01 12:10:00,24000,PE,718.1,718.85,700.33,717.66,388,58808,0.1466
2025-09-01 12:10:00,24050,CE,345.93,352.83,342.64,347.28,437,60594,0.149
2025-09-01 12:10:00,24050,PE,775.62,775.5,756.87,768.7,112,51538,0.148
2025-09-01 12:10:00,24100,CE,355.92,353.25,350.81,352.15,452,45241,0.1492
2025-09-01 12:10:00,24100,PE,785.29,815.62,789.77,798.18,343,42611,0.1449
2025-09-01 12:10:00,24150,CE,345.36,343.63,340.11,341.68,398,44592,0.1481
2025-09-01 12:10:00,24150,PE,880.01,885.04,873.92,876.52,463,46989,0.1452
2025-09-01 12:10:00,24200,CE,348.16,353.4,348.36,348.39,145,41740,0.1507
2025-09-01 12:10:00,24200,PE,920.81,926.56,904.15,912.04,190,40249,0.1453
2025-09-01 12:10:00,24250,CE,352.98,356.29,354.83,354.83,219,35526,0.1456
2025-09-01 12:10:00,24250,PE,951.42,974.04,958.88,959.1,197,37907,0.1469
2025-09-01 12:10:00,24300,CE,349.43,348.56,346.95,348.02,425,32026,0.1482
2025-09-01 12:10:00,24300,PE,1064.04,1059.67,1045.66,1048.35,58,34492,0.1499
2025-09-01 12:10:00,24350,CE,331.28,334.36,328.09,329.27,447,30212,0.1478
2025-09-01 12:10:00,24350,PE,1055.35,1066.25,1044.18,1050.75,97,30851,0.1466
2025-09-01 12:10:00,24400,CE,344.92,353.42,341.42,346.11,142,30110,0.1489
2025-09-01 12:10:00,24400,PE,1156.37,1160.18,1139.81,1146.68,433,28407,0.1474
2025-09-01 12:10:00,24450,CE,334.02,333.63,326.73,332.7,275,35910,0.1477
2025-09-01 12:10:00,24450,PE,1131.69,1146.75,1125.87,1138.15,37,28365,0.1462
2025-09-01 12:10:00,24500,CE,344.41,353.93,343.75,347.66,102,30316,0.1488
2025-09-01 12:10:00,24500,PE,1234.88,1249.51,1235.47,1236.32,236,32836,0.1479
2025-09-01 12:10:00,24550,CE,335.82,341.5,332.47,336.83,408,24279,0.1444
2025-09-01 12:10:00,24550,PE,1293.82,1349.11,1285.52,1292.74,172,32150,0.1499
2025-09-01 12:10:00,24600,CE,329.39,334.61,326.09,330.47,167,18567,0.1469
2025-09-01 12:10:00,24600,PE,1308.53,1361.31,1309.48,1333.11,311,23597,0.1465
2025-09-01 12:10:00,24650,CE,340.89,342.89,336.0,339.17,54,21328,0.1482
2025-09-01 12:10:00,24650,PE,1370.53,1378.39,1363.22,1368.59,346,25470,0.1443
2025-09-01 12:10:00,24700,CE,359.59,360.57,357.05,358.98,178,23302,0.1478
2025-09-01 12:10:00,24700,PE,1444.92,1434.92,1415.81,1429.52,104,25015,0.1454
2025-09-01 12:10:00,24750,CE,354.03,356.77,345.11,351.96,176,21689,0.146
2025-09-01 12:10:00,24750,PE,1461.93,1496.43,1449.63,1457.37,176,23380,0.1479
2025-09-01 12:10:00,24800,CE,329.21,329.5,323.9,326.66,290,23089,0.1414
2025-09-01 12:10:00,24800,PE,1541.42,1549.45,1514.25,1514.87,210,18512,0.1458
2025-09-01 12:10:00,24850,CE,318.61,316.55,314.91,316.53,301,21934,0.1432
2025-09-01 12:10:00,24850,PE,1563.54,1595.06,1533.2,1570.54,301,24989,0.1474
2025-09-01 12:10:00,24900,CE,373.81,378.47,376.38,378.35,247,24763,0.1483
2025-09-01 12:10:00,24900,PE,1622.26,1630.62,1609.62,1626.2,199,27378,0.15
2025-09-01 12:15:00,23500,CE,399.52,404.01,398.02,398.61,135,48252,0.1447
2025-09-01 12:15:00,23500,PE,341.14,343.07,337.12,340.11,1383,46890,0.1487
2025-09-01 12:15:00,23550,CE,363.56,371.35,362.72,362.96,113,49612,0.1477
2025-09-01 12:15:00,23550,PE,303.52,311.23,303.17,305.82,93,45528,0.147
2025-09-01 12:15:00,23600,CE,339.32,340.01,339.06,339.67,1178,54315,0.1471
2025-09-01 12:15:00,23600,PE,385.81,388.28,385.35,386.67,124,52681,0.1471
2025-09-01 12:15:00,23650,CE,325.41,330.44,327.33,328.1,922,61464,0.1467
2025-09-01 12:15:00,23650,PE,435.67,437.32,435.17,436.14,1255,59667,0.1501
2025-09-01 12:15:00,23700,CE,325.38,323.18,318.72,323.03,877,67370,0.148
2025-09-01 12:15:00,23700,PE,474.44,479.48,472.13,478.16,910,62231,0.1478
2025-09-01 12:15:00,23750,CE,333.74,338.54,332.54,334.03,979,70721,0.15
2025-09-01 12:15:00,23750,PE,518.93,522.72,519.46,519.88,109,75455,0.1467
2025-09-01 12:15:00,23800,CE,363.11,358.79,356.06,358.6,931,86294,0.1458
2025-09-01 12:15:00,23800,PE,570.69,582.89,569.86,572.64,468,84866,0.1462
2025-09-01 12:15:00,23850,CE,349.09,351.81,343.26,346.11,189,79372,0.1505
2025-09-01 12:15:00,23850,PE,622.1,638.65,623.38,623.97,847,76791,0.1481
2025-09-01 12:15:00,23900,CE,320.55,325.72,316.41,319.71,795,69725,0.1432
2025-09-01 12:15:00,23900,PE,673.84,684.93,675.84,682.45,484,69788,0.1505
2025-09-01 12:15:00,23950,CE,356.41,358.67,352.41,356.95,453,63041,0.1494
2025-09-01 12:15:00,23950,PE,710.61,712.79,704.72,708.42,324,58498,0.1479
2025-09-01 12:15:00,24000,CE,339.03,341.09,339.15,339.81,419,58983,0.1473
2025-09-01 12:15:00,24000,PE,767.79,782.72,763.12,768.98,85,59030,0.1494
2025-09-01 12:15:00,24050,CE,314.22,317.76,314.8,314.81,233,60108,0.1468
2025-09-01 12:15:00,24050,PE,808.37,820.9,809.49,817.06,207,51856,0.147
2025-09-01 12:15:00,24100,CE,328.29,327.01,322.52,325.52,122,45428,0.1473
2025-09-01 12:15:00,24100,PE,877.62,875.85,870.14,872.75,132,42558,0.1484
2025-09-01 12:15:00,24150,CE,342.51,344.84,340.22,344.31,92,44904,0.1451
2025-09-01 12:15:00,24150,PE,925.09,934.79,920.18,921.51,507,47019,0.1471
2025-09-01 12:15:00,24200,CE,332.57,340.42,331.81,334.12,220,42258,0.151
2025-09-01 12:15:00,24200,PE,981.59,980.31,969.07,978.12,519,40766,0.1499
2025-09-01 12:15:00,24250,CE,354.76,359.15,355.37,357.12,409,35196,0.1486
2025-09-01 12:15:00,24250,PE,1020.41,1022.47,1016.26,1018.77,90,37835,0.1462
2025-09-01 12:15:00,24300,CE,343.77,341.76,337.87,341.41,284,31664,0.1479
2025-09-01 12:15:00,24300,PE,1063.89,1079.46,1061.04,1064.17,78,34288,0.1464
2025-09-01 12:15:00,24350,CE,332.84,338.22,332.37,332.77,170,29879,0.1473
2025-09-01 12:15:00,24350,PE,1136.39,1138.59,1104.85,1119.25,221,30865,0.1463
2025-09-01 12:15:00,24400,CE,340.0,342.78,339.87,340.93,50,29510,0.1477
2025-09-01 12:15:00,24400,PE,1177.35,1186.63,1166.43,1178.26,23,28756,0.1464
2025-09-01 12:15:00,24450,CE,341.13,345.81,337.23,340.51,348,35500,0.1475
2025-09-01 12:15:00,24450,PE,1257.24,1234.04,1214.51,1233.72,405,28093,0.1483
2025-09-01 12:15:00,24500,CE,338.05,342.22,331.92,339.14,370,29925,0.1483
2025-09-01 12:15:00,24500,PE,1255.68,1265.49,1248.11,1252.56,338,32660,0.1483
2025-09-01 12:15:00,24550,CE,348.3,356.29,349.86,353.79,311,23771,0.1458
2025-09-01 12:15:00,24550,PE,1346.76,1346.38,1326.57,1343.3,229,32580,0.1483
2025-09-01 12:15:00,24600,CE,340.02,355.74,336.74,339.51,54,18464,0.1484
2025-09-01 12:15:00,24600,PE,1342.85,1369.31,1342.97,1354.88,340,24106,0.1455
2025-09-01 12:15:00,24650,CE,340.69,343.25,338.98,339.77,186,20784,0.1509
2025-09-01 12:15:00,24650,PE,1394.71,1422.42,1403.61,1408.6,346,25077,0.1439
2025-09-01 12:15:00,24700,CE,342.53,343.16,342.02,342.86,148,23704,0.1491
2025-09-01 12:15:00,24700,PE,1462.14,1462.22,1450.83,1451.49,44,24971,0.1447
2025-09-01 12:15:00,24750,CE,331.6,332.1,327.05,329.97,215,21160,0.147
2025-09-01 12:15:00,24750,PE,1513.29,1526.5,1516.06,1523.38,168,22836,0.1463
2025-09-01 12:15:00,24800,CE,328.02,333.3,327.07,329.02,215,23562,0.1473
2025-09-01 12:15:00,24800,PE,1581.96,1583.83,1551.65,1577.49,71,18226,0.147
2025-09-01 12:15:00,24850,CE,327.32,329.67,322.69,326.1,46,21827,0.1483
2025-09-01 12:15:00,24850,PE,1659.09,1701.97,1655.54,1656.48,6,25465,0.1473
2025-09-01 12:15:00,24900,CE,333.1,341.98,333.04,334.93,34,24964,0.1463
2025-09-01 12:15:00,24900,PE,1651.42,1675.21,1657.89,1659.22,102,27702,0.1468
2025-09-01 12:20:00,23500,CE,327.29,335.15,327.49,329.34,118,48217,0.1467
2025-09-01 12:20:00,23500,PE,333.91,334.9,331.53,333.2,190,47124,0.1486
2025-09-01 12:20:00,23550,CE,333.7,339.98,335.49,339.61,309,49713,0.1488
2025-09-01 12:20:00,23550,PE,405.02,415.35,403.0,403.61,626,45132,0.1493
2025-09-01 12:20:00,23600,CE,328.31,334.76,331.26,331.64,268,54402,0.1465
2025-09-01 12:20:00,23600,PE,442.83,448.08,437.75,442.48,298,53191,0.1456
2025-09-01 12:20:00,23650,CE,334.42,331.72,328.28,330.7,887,61278,0.1466
2025-09-01 12:20:00,23650,PE,495.03,497.39,493.81,494.29,464,59659,0.1493
2025-09-01 12:20:00,23700,CE,337.57,345.72,338.51,340.39,835,67269,0.1472
2025-09-01 12:20:00,23700,PE,524.69,535.15,517.42,522.26,435,62457,0.1444
2025-09-01 12:20:00,23750,CE,334.49,337.92,335.02,336.83,252,70873,0.1488
2025-09-01 12:20:00,23750,PE,588.51,588.33,579.01,587.2,370,75427,0.1484
2025-09-01 12:20:00,23800,CE,341.74,342.68,340.71,342.53,667,85750,0.1496
2025-09-01 12:20:00,23800,PE,637.88,647.78,641.11,643.45,564,84583,0.1477
2025-09-01 12:20:00,23850,CE,362.21,363.48,358.5,360.68,20,79149,0.1478
2025-09-01 12:20:00,23850,PE,701.49,692.94,680.32,692.53,618,77069,0.1507
2025-09-01 12:20:00,23900,CE,335.22,346.66,333.89,337.67,197,69600,0.1492
2025-09-01 12:20:00,23900,PE,751.63,751.33,731.3,740.58,638,69641,0.1479
2025-09-01 12:20:00,23950,CE,341.44,350.27,342.23,343.9,182,62976,0.1528
2025-09-01 12:20:00,23950,PE,769.55,798.16,773.59,779.47,537,58416,0.1474
2025-09-01 12:20:00,24000,CE,364.4,364.59,359.42,359.84,334,59244,0.1479
2025-09-01 12:20:00,24000,PE,850.08,852.15,848.22,848.94,551,59234,0.1473
2025-09-01 12:20:00,24050,CE,340.63,345.02,344.72,344.72,249,60423,0.1468
2025-09-01 12:20:00,24050,PE,870.46,877.27,867.37,871.39,470,51504,0.1455
2025-09-01 12:20:00,24100,CE,339.52,341.72,337.43,338.47,396,45717,0.1474
2025-09-01 12:20:00,24100,PE,954.14,970.47,951.43,956.63,177,42313,0.1509
2025-09-01 12:20:00,24150,CE,326.63,324.48,321.32,323.15,364,44304,0.1463
2025-09-01 12:20:00,24150,PE,986.97,1001.55,976.73,992.85,162,47186,0.1459
2025-09-01 12:20:00,24200,CE,358.64,367.33,357.45,359.44,235,41672,0.1467
2025-09-01 12:20:00,24200,PE,1023.46,1027.45,1021.44,1022.75,72,40283,0.1462
2025-09-01 12:20:00,24250,CE,328.92,338.65,328.96,330.57,260,34645,0.1481
2025-09-01 12:20:00,24250,PE,1116.93,1124.3,1100.65,1119.08,371,37962,0.1498
2025-09-01 12:20:00,24300,CE,338.38,352.12,337.71,342.46,236,31313,0.1485
2025-09-01 12:20:00,24300,PE,1123.83,1129.72,1106.21,1122.72,92,34658,0.147
2025-09-01 12:20:00,24350,CE,339.77,336.67,334.35,336.56,274,29706,0.1462
2025-09-01 12:20:00,24350,PE,1186.86,1237.13,1174.66,1195.75,98,30667,0.1505
2025-09-01 12:20:00,24400,CE,321.17,320.31,316.74,318.28,132,29527,0.1459
2025-09-01 12:20:00,24400,PE,1253.86,1293.81,1271.34,1285.97,116,29086,0.149
2025-09-01 12:20:00,24450,CE,343.84,347.86,337.61,341.54,29,35735,0.1486
2025-09-01 12:20:00,24450,PE,1285.36,1290.81,1275.15,1286.54,9,27740,0.1462
2025-09-01 12:20:00,24500,CE,325.68,324.25,323.89,324.1,365,30241,0.148
2025-09-01 12:20:00,24500,PE,1342.86,1334.48,1315.2,1328.81,383,32668,0.1472
2025-09-01 12:20:00,24550,CE,341.21,342.52,338.32,341.45,56,24355,0.1463
2025-09-01 12:20:00,24550,PE,1381.56,1393.01,1379.76,1380.94,286,32600,0.1457
2025-09-01 12:20:00,24600,CE,321.33,324.02,321.92,323.54,279,18207,0.1466
2025-09-01 12:20:00,24600,PE,1449.06,1451.37,1445.77,1447.23,286,24419,0.1435
2025-09-01 12:20:00,24650,CE,349.03,357.3,347.08,352.28,53,20219,0.1459
2025-09-01 12:20:00,24650,PE,1509.5,1509.0,1482.93,1502.92,296,25346,0.1495
2025-09-01 12:20:00,24700,CE,344.26,340.55,338.48,339.39,102,23755,0.1451
2025-09-01 12:20:00,24700,PE,1521.72,1532.45,1514.07,1527.27,15,24581,0.1497
2025-09-01 12:20:00,24750,CE,314.95,320.71,316.86,318.47,33,20588,0.1456
2025-09-01 12:20:00,24750,PE,1615.24,1636.57,1584.88,1600.18,49,22291,0.1482
2025-09-01 12:20:00,24800,CE,319.8,324.96,316.84,320.54,298,23060,0.1467
2025-09-01 12:20:00,24800,PE,1642.51,1655.86,1624.29,1650.19,45,18211,0.1472
2025-09-01 12:20:00,24850,CE,356.73,358.96,354.93,355.79,186,22076,0.148
2025-09-01 12:20:00,24850,PE,1699.84,1685.84,1664.63,1673.95,34,25025,0.1417
2025-09-01 12:20:00,24900,CE,361.83,361.11,353.38,361.05,9,24554,0.1485
2025-09-01 12:20:00,24900,PE,1685.1,1726.72,1699.43,1708.99,60,28078,0.1436
2025-09-01 12:25:00,23500,CE,365.65,370.14,361.66,362.11,965,47890,0.1472
2025-09-01 12:25:00,23500,PE,344.29,349.73,341.43,343.48,213,47517,0.1498
2025-09-01 12:25:00,23550,CE,341.42,346.33,339.13,340.85,1211,49227,0.1482
2025-09-01 12:25:00,23550,PE,369.23,375.03,365.67,367.48,955,45536,0.149
2025-09-01 12:25:00,23600,CE,333.49,339.11,329.3,329.69,407,54681,0.1462
2025-09-01 12:25:00,23600,PE,413.94,417.93,408.62,409.43,573,52768,0.1478
2025-09-01 12:25:00,23650,CE,349.59,347.48,344.48,346.09,371,61083,0.1442
2025-09-01 12:25:00,23650,PE,465.38,464.18,456.89,462.35,69,59458,0.1465
2025-09-01 12:25:00,23700,CE,346.59,351.58,344.58,347.86,1082,66829,0.1473
2025-09-01 12:25:00,23700,PE,505.55,516.49,506.67,508.35,31,62309,0.1484
2025-09-01 12:25:00,23750,CE,342.9,347.38,344.43,346.75,969,71086,0.1493
2025-09-01 12:25:00,23750,PE,559.37,554.05,550.54,553.66,524,75703,0.1488
2025-09-01 12:25:00,23800,CE,325.4,332.35,321.24,324.6,23,85393,0.1465
2025-09-01 12:25:00,23800,PE,580.97,594.04,579.35,581.58,773,84849,0.1429
2025-09-01 12:25:00,23850,CE,331.17,330.97,327.01,330.03,394,78868,0.1454
2025-09-01 12:25:00,23850,PE,661.52,667.06,651.48,652.83,201,76520,0.1458
2025-09-01 12:25:00,23900,CE,338.22,342.9,340.09,341.31,683,69233,0.146
2025-09-01 12:25:00,23900,PE,708.98,713.07,707.22,709.46,632,69451,0.1461
2025-09-01 12:25:00,23950,CE,328.9,336.45,328.07,332.29,653,62419,0.1444
2025-09-01 12:25:00,23950,PE,742.15,750.0,735.27,736.99,376,57930,0.1453
2025-09-01 12:25:00,24000,CE,336.45,335.08,327.66,334.84,11,59071,0.1469
2025-09-01 12:25:00,24000,PE,799.38,810.04,789.18,796.81,430,59743,0.1465
2025-09-01 12:25:00,24050,CE,359.62,358.61,356.0,358.53,103,60585,0.1468
2025-09-01 12:25:00,24050,PE,853.95,878.87,862.31,866.98,505,52025,0.145
2025-09-01 12:25:00,24100,CE,320.19,319.98,312.84,319.15,171,45161,0.1476
2025-09-01 12:25:00,24100,PE,874.34,877.72,867.92,872.53,565,42754,0.142
2025-09-01 12:25:00,24150,CE,342.02,347.84,340.49,340.7,148,43866,0.1468
2025-09-01 12:25:00,24150,PE,951.09,965.12,936.24,943.38,301,46870,0.1471
2025-09-01 12:25:00,24200,CE,349.57,348.3,345.34,346.16,301,41192,0.148
2025-09-01 12:25:00,24200,PE,992.64,998.64,994.86,997.56,490,40176,0.1501
2025-09-01 12:25:00,24250,CE,345.58,349.36,339.74,346.94,77,34287,0.1473
2025-09-01 12:25:00,24250,PE,1065.62,1055.55,1041.37,1050.98,336,38249,0.1482
2025-09-01 12:25:00,24300,CE,371.18,371.38,366.27,367.64,57,31618,0.1453
2025-09-01 12:25:00,24300,PE,1140.21,1158.52,1136.64,1144.52,447,34406,0.1492
2025-09-01 12:25:00,24350,CE,321.5,327.2,322.29,322.62,284,30065,0.1476
2025-09-01 12:25:00,24350,PE,1150.24,1152.7,1133.1,1148.37,429,30263,0.149
2025-09-01 12:25:00,24400,CE,324.69,334.2,329.0,330.23,388,28975,0.1466
2025-09-01 12:25:00,24400,PE,1211.04,1208.79,1195.82,1198.17,244,28684,0.1457
2025-09-01 12:25:00,24450,CE,325.74,334.61,322.88,328.36,53,35429,0.1469
2025-09-01 12:25:00,24450,PE,1262.42,1268.62,1256.07,1260.03,71,27200,0.1466
2025-09-01 12:25:00,24500,CE,352.8,355.5,350.21,352.48,125,29772,0.1487
2025-09-01 12:25:00,24500,PE,1309.46,1304.4,1293.18,1297.98,157,32431,0.1464
2025-09-01 12:25:00,24550,CE,323.9,324.43,323.96,324.3,203,24777,0.1468
2025-09-01 12:25:00,24550,PE,1342.86,1387.52,1350.02,1354.22,59,33026,0.1457
2025-09-01 12:25:00,24600,CE,341.66,345.67,342.42,343.74,203,18799,0.1457
2025-09-01 12:25:00,24600,PE,1375.02,1401.47,1375.64,1379.48,154,23936,0.1435
2025-09-01 12:25:00,24650,CE,350.88,350.22,345.36,346.43,79,19621,0.1471
2025-09-01 12:25:00,24650,PE,1445.29,1454.12,1443.97,1447.27,310,25424,0.1446
2025-09-01 12:25:00,24700,CE,337.03,340.11,333.88,335.05,305,23878,0.1446
2025-09-01 12:25:00,24700,PE,1493.58,1523.11,1507.96,1509.02,323,24264,0.148
2025-09-01 12:25:00,24750,CE,344.01,342.48,336.48,339.28,114,20944,0.1451
2025-09-01 12:25:00,24750,PE,1521.53,1564.5,1512.9,1540.84,275,22838,0.1498
2025-09-01 12:25:00,24800,CE,308.14,314.3,302.56,308.79,287,22858,0.1438
2025-09-01 12:25:00,24800,PE,1630.23,1626.97,1594.58,1612.47,220,18746,0.1462
2025-09-01 12:25:00,24850,CE,315.84,328.98,316.51,319.43,86,21601,0.144
2025-09-01 12:25:00,24850,PE,1621.95,1655.88,1619.78,1634.52,160,24995,0.1476
2025-09-01 12:25:00,24900,CE,332.47,340.05,331.77,332.43,212,24190,0.1467
2025-09-01 12:25:00,24900,PE,1735.05,1737.63,1719.1,1722.07,139,28179,0.1502
2025-09-01 12:30:00,23500,CE,370.06,368.45,365.05,368.19,950,47375,0.1456
2025-09-01 12:30:00,23500,PE,367.91,374.52,366.85,368.82,188,47522,0.1479
2025-09-01 12:30:00,23550,CE,341.21,345.17,341.61,343.07,644,48834,0.1476
2025-09-01 12:30:00,23550,PE,348.08,351.88,342.53,346.17,1367,45436,0.148
2025-09-01 12:30:00,23600,CE,351.52,351.25,347.34,347.85,847,54906,0.1461
2025-09-01 12:30:00,23600,PE,410.22,414.98,409.76,409.85,1055,52568,0.1488
2025-09-01 12:30:00,23650,CE,335.71,336.34,331.37,334.96,51,61131,0.1457
2025-09-01 12:30:00,23650,PE,457.78,469.45,444.18,457.53,318,60023,0.1461
2025-09-01 12:30:00,23700,CE,331.19,338.58,329.74,330.27,1005,67279,0.1484
2025-09-01 12:30:00,23700,PE,522.22,523.38,516.99,521.23,882,62905,0.1486
2025-09-01 12:30:00,23750,CE,338.15,338.19,334.06,335.59,965,70698,0.1454
2025-09-01 12:30:00,23750,PE,545.48,556.29,542.36,549.92,626,75695,0.1446
2025-09-01 12:30:00,23800,CE,324.29,328.14,322.74,322.95,43,85734,0.1481
2025-09-01 12:30:00,23800,PE,609.89,619.31,612.1,612.23,113,85363,0.1497
2025-09-01 12:30:00,23850,CE,352.73,354.19,344.67,351.54,588,78557,0.1472
2025-09-01 12:30:00,23850,PE,644.96,656.08,642.49,644.44,43,77105,0.1472
2025-09-01 12:30:00,23900,CE,338.99,341.74,339.18,339.41,628,69162,0.1486
2025-09-01 12:30:00,23900,PE,690.23,706.13,683.41,690.05,625,69777,0.1499
2025-09-01 12:30:00,23950,CE,332.89,331.5,327.94,329.43,444,62441,0.1432
2025-09-01 12:30:00,23950,PE,757.46,783.52,760.96,761.33,42,57687,0.1461
2025-09-01 12:30:00,24000,CE,345.52,349.51,343.2,348.35,215,58601,0.1474
2025-09-01 12:30:00,24000,PE,799.4,810.72,804.16,806.48,478,59337,0.1505
2025-09-01 12:30:00,24050,CE,330.61,334.41,330.1,330.54,170,60761,0.1497
2025-09-01 12:30:00,24050,PE,875.0,890.88,878.25,881.31,331,52089,0.1475
2025-09-01 12:30:00,24100,CE,326.37,333.17,322.45,325.91,506,45080,0.144
2025-09-01 12:30:00,24100,PE,911.57,917.8,904.93,915.25,368,42905,0.1458
2025-09-01 12:30:00,24150,CE,337.55,335.91,333.64,334.35,77,43874,0.1446
2025-09-01 12:30:00,24150,PE,953.65,964.88,942.72,959.89,310,46439,0.1455
2025-09-01 12:30:00,24200,CE,344.17,349.59,345.15,345.35,75,40905,0.1478
2025-09-01 12:30:00,24200,PE,989.64,1007.0,987.84,992.68,230,40094,0.1489
2025-09-01 12:30:00,24250,CE,324.93,326.83,320.78,324.71,121,34164,0.1482
2025-09-01 12:30:00,24250,PE,1046.74,1061.7,1047.8,1054.39,152,38732,0.1481
2025-09-01 12:30:00,24300,CE,328.86,336.63,328.07,330.01,316,32148,0.1482
2025-09-01 12:30:00,24300,PE,1110.27,1118.33,1082.5,1095.9,313,34446,0.1478
2025-09-01 12:30:00,24350,CE,352.67,354.85,347.46,349.42,227,29783,0.1444
2025-09-01 12:30:00,24350,PE,1143.85,1150.28,1131.05,1140.73,87,30621,0.1455
2025-09-01 12:30:00,24400,CE,324.69,327.41,320.54,322.62,174,28593,0.1471
2025-09-01 12:30:00,24400,PE,1214.2,1206.59,1185.22,1204.21,186,28674,0.1483
2025-09-01 12:30:00,24450,CE,351.88,359.36,352.81,354.08,282,36022,0.1452
2025-09-01 12:30:00,24450,PE,1264.76,1274.52,1259.12,1266.68,407,27649,0.1469
2025-09-01 12:30:00,24500,CE,332.95,338.76,334.06,335.57,333,30287,0.1426
2025-09-01 12:30:00,24500,PE,1307.25,1307.64,1298.3,1303.67,289,31948,0.1473
2025-09-01 12:30:00,24550,CE,328.43,333.89,328.66,330.11,97,24731,0.1452
2025-09-01 12:30:00,24550,PE,1327.42,1345.12,1340.02,1342.97,304,33348,0.1474
2025-09-01 12:30:00,24600,CE,314.66,314.85,312.65,312.82,326,18386,0.1454
2025-09-01 12:30:00,24600,PE,1385.03,1427.93,1382.31,1392.02,224,24258,0.1473
2025-09-01 12:30:00,24650,CE,343.26,344.22,339.82,341.48,144,19431,0.1456
2025-09-01 12:30:00,24650,PE,1434.23,1456.77,1415.92,1442.33,238,25888,0.1469
2025-09-01 12:30:00,24700,CE,354.04,358.33,354.57,357.76,160,23779,0.1486
2025-09-01 12:30:00,24700,PE,1501.11,1514.73,1488.01,1499.01,31,23964,0.1484
2025-09-01 12:30:00,24750,CE,345.77,351.3,345.11,347.9,31,21444,0.148
2025-09-01 12:30:00,24750,PE,1594.44,1597.56,1575.24,1585.01,282,23093,0.1519
2025-09-01 12:30:00,24800,CE,329.49,335.9,323.49,330.48,73,22813,0.1464
2025-09-01 12:30:00,24800,PE,1598.73,1611.57,1571.17,1587.17,9,19299,0.1459
2025-09-01 12:30:00,24850,CE,320.62,319.7,313.56,317.97,21,21723,0.1498
2025-09-01 12:30:00,24850,PE,1635.69,1653.15,1618.29,1636.03,158,25099,0.1477
2025-09-01 12:30:00,24900,CE,331.73,334.32,329.56,332.18,29,24023,0.145
2025-09-01 12:30:00,24900,PE,1686.09,1683.94,1672.0,1679.15,252,28580,0.148
2025-09-01 12:35:00,23500,CE,390.5,390.69,387.86,389.03,587,47477,0.1473
2025-09-01 12:35:00,23500,PE,333.59,340.54,335.2,336.95,1141,47667,0.1464
2025-09-01 12:35:00,23550,CE,369.65,375.15,372.57,372.87,707,49357,0.1476
2025-09-01 12:35:00,23550,PE,339.76,342.28,339.36,340.43,1647,45159,0.1494
2025-09-01 12:35:00,23600,CE,332.95,342.02,329.4,333.45,106,55255,0.1471
2025-09-01 12:35:00,23600,PE,354.17,358.28,355.83,356.39,200,52940,0.146
2025-09-01 12:35:00,23650,CE,350.77,350.36,347.31,350.01,1106,60607,0.1497
2025-09-01 12:35:00,23650,PE,408.09,408.51,402.1,407.54,785,60289,0.1443
2025-09-01 12:35:00,23700,CE,341.24,336.02,333.73,335.18,119,67675,0.148
2025-09-01 12:35:00,23700,PE,448.41,454.68,452.74,454.66,152,62948,0.1474
2025-09-01 12:35:00,23750,CE,322.29,323.32,318.32,319.91,39,70231,0.149
2025-09-01 12:35:00,23750,PE,520.07,518.16,506.52,514.17,812,75189,0.1466
2025-09-01 12:35:00,23800,CE,322.32,321.09,320.05,320.8,893,85162,0.1467
2025-09-01 12:35:00,23800,PE,573.25,588.3,572.67,576.78,628,85202,0.1498
2025-09-01 12:35:00,23850,CE,321.4,327.78,320.49,326.49,552,78702,0.1472
2025-09-01 12:35:00,23850,PE,613.97,609.72,606.02,608.08,586,77189,0.1466
2025-09-01 12:35:00,23900,CE,319.01,320.87,317.74,319.45,791,69173,0.1445
2025-09-01 12:35:00,23900,PE,679.26,682.39,667.13,672.68,707,69677,0.1473
2025-09-01 12:35:00,23950,CE,350.82,355.77,347.86,350.26,472,62658,0.1492
2025-09-01 12:35:00,23950,PE,712.56,713.5,699.2,710.06,303,58146,0.1507
2025-09-01 12:35:00,24000,CE,334.52,343.59,336.32,337.37,200,58992,0.1461
2025-09-01 12:35:00,24000,PE,774.18,787.92,771.37,775.81,144,59595,0.1457
2025-09-01 12:35:00,24050,CE,312.98,313.28,308.02,311.78,553,60511,0.1483
2025-09-01 12:35:00,24050,PE,815.74,817.78,807.17,807.64,177,52617,0.1449
2025-09-01 12:35:00,24100,CE,350.7,354.91,350.76,351.05,397,45513,0.1489
2025-09-01 12:35:00,24100,PE,857.0,868.83,865.38,867.2,590,43442,0.146
2025-09-01 12:35:00,24150,CE,325.12,323.71,321.82,322.28,481,44016,0.1469
2025-09-01 12:35:00,24150,PE,940.05,933.68,930.61,932.67,555,46238,0.1486
2025-09-01 12:35:00,24200,CE,300.86,301.15,298.86,300.82,305,40847,0.1422
2025-09-01 12:35:00,24200,PE,951.05,952.31,950.28,950.48,194,39886,0.148
2025-09-01 12:35:00,24250,CE,346.56,358.68,343.9,345.91,509,33985,0.15
2025-09-01 12:35:00,24250,PE,1013.76,1022.62,999.45,1013.76,63,38642,0.1466
2025-09-01 12:35:00,24300,CE,369.93,370.13,369.84,370.06,191,32670,0.1512
2025-09-01 12:35:00,24300,PE,1041.85,1086.46,1037.93,1053.69,390,34442,0.1454
2025-09-01 12:35:00,24350,CE,338.19,340.09,330.45,337.62,394,29668,0.1462
2025-09-01 12:35:00,24350,PE,1104.09,1109.32,1099.85,1101.07,111,30788,0.1494
2025-09-01 12:35:00,24400,CE,327.5,328.61,319.36,323.19,284,28336,0.1435
2025-09-01 12:35:00,24400,PE,1151.8,1167.08,1152.12,1156.27,83,28084,0.147
2025-09-01 12:35:00,24450,CE,355.11,358.11,355.37,357.31,170,36297,0.1455
2025-09-01 12:35:00,24450,PE,1246.19,1253.68,1229.5,1238.92,349,27447,0.1489
2025-09-01 12:35:00,24500,CE,349.98,358.93,353.7,355.22,277,29971,0.1503
2025-09-01 12:35:00,24500,PE,1314.19,1305.44,1292.28,1297.26,83,31990,0.1488
2025-09-01 12:35:00,24550,CE,329.35,335.98,328.68,331.26,128,24324,0.1478
2025-09-01 12:35:00,24550,PE,1299.4,1304.55,1288.08,1293.1,100,33081,0.1435
2025-09-01 12:35:00,24600,CE,347.32,349.08,341.4,346.67,124,18400,0.1505
2025-09-01 12:35:00,24600,PE,1369.01,1391.85,1364.52,1364.83,335,24827,0.1481
2025-09-01 12:35:00,24650,CE,335.69,339.34,334.89,336.14,214,19123,0.146
2025-09-01 12:35:00,24650,PE,1422.76,1445.71,1427.28,1433.56,76,25848,0.1488
2025-09-01 12:35:00,24700,CE,333.2,333.61,326.68,333.17,242,23812,0.147
2025-09-01 12:35:00,24700,PE,1468.77,1490.37,1462.5,1470.49,52,24219,0.1506
2025-09-01 12:35:00,24750,CE,341.53,341.19,339.83,340.4,110,21470,0.1478
2025-09-01 12:35:00,24750,PE,1501.4,1526.6,1494.44,1512.23,296,23373,0.1469
2025-09-01 12:35:00,24800,CE,322.84,323.81,317.11,321.77,177,23250,0.147
2025-09-01 12:35:00,24800,PE,1572.37,1588.13,1558.53,1574.51,71,19038,0.1451
2025-09-01 12:35:00,24850,CE,341.27,346.5,342.48,342.54,90,22125,0.1488
2025-09-01 12:35:00,24850,PE,1580.95,1592.45,1566.56,1586.71,270,24814,0.1456
2025-09-01 12:35:00,24900,CE,357.15,353.11,352.42,352.64,63,24394,0.1508
2025-09-01 12:35:00,24900,PE,1678.02,1666.85,1636.51,1649.23,143,28743,0.1414
2025-09-01 12:40:00,23500,CE,433.95,438.64,437.05,438.38,277,47559,0.1483
2025-09-01 12:40:00,23500,PE,359.56,366.06,355.39,359.45,909,47623,0.1468
2025-09-01 12:40:00,23550,CE,383.94,386.15,377.39,380.82,1251,49411,0.1445
2025-09-01 12:40:00,23550,PE,339.89,340.93,330.57,334.07,829,44840,0.146
2025-09-01 12:40:00,23600,CE,337.52,339.62,331.15,337.22,1207,55252,0.1439
2025-09-01 12:40:00,23600,PE,354.58,353.54,351.96,352.83,1173,53070,0.1502
2025-09-01 12:40:00,23650,CE,339.97,345.26,340.37,340.62,579,60464,0.1477
2025-09-01 12:40:00,23650,PE,389.96,390.6,383.12,390.1,494,60147,0.1482
2025-09-01 12:40:00,23700,CE,365.68,368.18,360.68,362.78,1125,67491,0.1479
2025-09-01 12:40:00,23700,PE,419.12,420.57,414.95,416.07,180,63329,0.1448
2025-09-01 12:40:00,23750,CE,333.39,335.21,328.77,331.5,270,70092,0.1452
2025-09-01 12:40:00,23750,PE,476.36,487.45,477.38,480.62,252,75285,0.1478
2025-09-01 12:40:00,23800,CE,343.0,347.07,337.96,343.91,291,85728,0.1445
2025-09-01 12:40:00,23800,PE,534.69,552.45,535.78,540.11,458,84638,0.1454
2025-09-01 12:40:00,23850,CE,333.08,336.06,327.54,330.0,531,78365,0.1455
2025-09-01 12:40:00,23850,PE,590.74,594.09,580.81,589.05,342,77699,0.1516
2025-09-01 12:40:00,23900,CE,319.47,325.12,322.78,323.62,167,69433,0.1486
2025-09-01 12:40:00,23900,PE,636.94,643.47,634.53,637.62,602,69528,0.146
2025-09-01 12:40:00,23950,CE,339.43,342.26,337.44,339.11,360,62165,0.1499
2025-09-01 12:40:00,23950,PE,685.13,694.65,683.94,686.93,387,58162,0.1476
2025-09-01 12:40:00,24000,CE,336.46,340.83,335.98,336.21,447,59332,0.1443
2025-09-01 12:40:00,24000,PE,739.26,743.83,736.23,740.1,687,59502,0.1463
2025-09-01 12:40:00,24050,CE,342.81,338.69,330.61,338.41,608,60923,0.145
2025-09-01 12:40:00,24050,PE,787.46,788.01,781.62,782.69,219,52365,0.1477
2025-09-01 12:40:00,24100,CE,311.9,310.68,308.52,310.31,350,45507,0.1437
2025-09-01 12:40:00,24100,PE,837.09,843.88,835.02,843.41,246,42950,0.1428
2025-09-01 12:40:00,24150,CE,327.32,331.09,324.54,330.47,482,44046,0.1469
2025-09-01 12:40:00,24150,PE,875.55,880.9,872.34,875.74,114,46671,0.1477
2025-09-01 12:40:00,24200,CE,356.66,360.27,352.55,353.54,528,40429,0.1485
2025-09-01 12:40:00,24200,PE,926.56,952.4,925.7,929.94,304,40017,0.1454
2025-09-01 12:40:00,24250,CE,336.86,341.92,335.06,341.16,134,33762,0.1459
2025-09-01 12:40:00,24250,PE,1021.15,1030.35,1018.25,1025.64,213,38466,0.1494
2025-09-01 12:40:00,24300,CE,334.04,346.62,336.86,337.16,348,32080,0.1482
2025-09-01 12:40:00,24300,PE,1055.34,1055.93,1045.85,1051.13,335,34481,0.1452
2025-09-01 12:40:00,24350,CE,329.2,334.99,329.61,330.93,371,30250,0.1442
2025-09-01 12:40:00,24350,PE,1076.84,1077.61,1063.68,1069.55,214,30364,0.1454
2025-09-01 12:40:00,24400,CE,357.21,362.2,353.66,355.72,206,28017,0.1485
2025-09-01 12:40:00,24400,PE,1147.95,1146.14,1141.01,1141.38,239,27755,0.1482
2025-09-01 12:40:00,24450,CE,347.39,347.6,340.75,342.84,11,36371,0.1467
2025-09-01 12:40:00,24450,PE,1166.03,1186.51,1156.81,1163.27,147,27074,0.1449
2025-09-01 12:40:00,24500,CE,324.65,335.17,324.55,326.71,8,30512,0.1479
2025-09-01 12:40:00,24500,PE,1217.82,1240.41,1227.67,1230.13,357,32225,0.1461
2025-09-01 12:40:00,24550,CE,351.27,353.36,349.87,351.36,155,24474,0.151
2025-09-01 12:40:00,24550,PE,1271.83,1273.16,1248.21,1268.58,221,32485,0.1428
2025-09-01 12:40:00,24600,CE,340.18,350.44,341.08,344.02,357,18364,0.1482
2025-09-01 12:40:00,24600,PE,1344.34,1376.24,1344.2,1347.98,185,25198,0.1434
2025-09-01 12:40:00,24650,CE,341.78,343.59,342.11,343.34,270,19131,0.1469
2025-09-01 12:40:00,24650,PE,1416.68,1399.52,1393.61,1396.77,321,26133,0.148
2025-09-01 12:40:00,24700,CE,319.65,327.08,325.39,326.11,211,24030,0.1451
2025-09-01 12:40:00,24700,PE,1438.64,1437.97,1403.41,1437.66,64,24734,0.1486
2025-09-01 12:40:00,24750,CE,345.86,351.91,344.2,346.03,309,21309,0.1474
2025-09-01 12:40:00,24750,PE,1476.15,1524.45,1467.2,1485.81,19,23763,0.1438
2025-09-01 12:40:00,24800,CE,319.24,322.49,317.73,320.84,173,22962,0.1504
2025-09-01 12:40:00,24800,PE,1520.45,1552.21,1529.34,1536.79,337,19107,0.1478
2025-09-01 12:40:00,24850,CE,356.71,357.57,356.72,356.88,71,22266,0.1511
2025-09-01 12:40:00,24850,PE,1589.79,1613.23,1601.17,1601.46,250,24745,0.147
2025-09-01 12:40:00,24900,CE,352.81,351.7,343.68,350.01,218,23916,0.1456
2025-09-01 12:40:00,24900,PE,1611.54,1630.43,1625.77,1627.48,91,28664,0.1435
2025-09-01 12:45:00,23500,CE,409.07,411.88,407.49,410.92,182,47195,0.1463
2025-09-01 12:45:00,23500,PE,372.6,378.33,371.75,373.21,776,47607,0.1449
2025-09-01 12:45:00,23550,CE,346.32,348.46,336.04,344.74,615,48835,0.1459
2025-09-01 12:45:00,23550,PE,350.96,341.92,341.11,341.58,674,44820,0.1509
2025-09-01 12:45:00,23600,CE,326.99,329.76,321.32,325.1,1625,55104,0.1459
2025-09-01 12:45:00,23600,PE,367.73,375.53,370.27,370.65,860,52486,0.1452
2025-09-01 12:45:00,23650,CE,351.65,354.31,352.72,352.73,272,60611,0.1462
2025-09-01 12:45:00,23650,PE,424.62,428.65,426.4,428.33,696,59922,0.1488
2025-09-01 12:45:00,23700,CE,329.91,336.24,332.42,334.13,502,67589,0.1473
2025-09-01 12:45:00,23700,PE,464.95,471.73,459.65,463.67,544,63792,0.1484
2025-09-01 12:45:00,23750,CE,329.77,329.21,325.79,328.7,255,70529,0.1459
2025-09-01 12:45:00,23750,PE,534.81,536.06,523.42,534.24,1019,75289,0.1493
2025-09-01 12:45:00,23800,CE,321.98,330.61,322.71,324.91,185,85693,0.1458
2025-09-01 12:45:00,23800,PE,535.18,550.57,537.24,538.38,900,84677,0.1432
2025-09-01 12:45:00,23850,CE,338.11,342.04,337.19,337.76,572,78233,0.1451
2025-09-01 12:45:00,23850,PE,624.5,634.48,619.2,622.16,531,77453,0.1495
2025-09-01 12:45:00,23900,CE,334.75,335.04,333.42,334.96,228,69022,0.1476
2025-09-01 12:45:00,23900,PE,668.2,671.97,664.66,669.99,583,70026,0.1476
2025-09-01 12:45:00,23950,CE,306.06,312.41,307.6,309.72,281,61638,0.145
2025-09-01 12:45:00,23950,PE,706.96,712.6,709.33,711.37,315,57976,0.1467
2025-09-01 12:45:00,24000,CE,368.24,370.9,364.41,367.03,445,58931,0.147
2025-09-01 12:45:00,24000,PE,785.29,789.76,783.56,788.55,559,58974,0.1468
2025-09-01 12:45:00,24050,CE,338.57,335.6,333.19,334.18,261,60530,0.1474
2025-09-01 12:45:00,24050,PE,809.1,814.48,804.37,805.26,580,52312,0.148
2025-09-01 12:45:00,24100,CE,373.78,371.31,370.56,371.16,567,45577,0.1515
2025-09-01 12:45:00,24100,PE,853.87,858.29,848.11,854.37,474,43423,0.1492
2025-09-01 12:45:00,24150,CE,372.96,376.28,367.93,372.18,484,44266,0.1507
2025-09-01 12:45:00,24150,PE,904.92,908.81,891.02,898.76,467,47033,0.1457
2025-09-01 12:45:00,24200,CE,343.3,344.46,342.06,342.33,373,40492,0.1462
2025-09-01 12:45:00,24200,PE,961.97,963.13,950.9,957.64,286,39658,0.1461
2025-09-01 12:45:00,24250,CE,377.57,378.51,374.76,376.11,305,34181,0.1522
2025-09-01 12:45:00,24250,PE,1039.56,1050.42,1034.82,1040.05,447,38435,0.1446
2025-09-01 12:45:00,24300,CE,347.59,350.93,344.76,349.24,246,32405,0.1469
2025-09-01 12:45:00,24300,PE,1035.15,1074.02,1043.14,1047.54,488,33888,0.1435
2025-09-01 12:45:00,24350,CE,348.21,351.99,341.84,348.81,334,30184,0.1471
2025-09-01 12:45:00,24350,PE,1107.19,1106.13,1084.09,1100.78,115,30170,0.1484
2025-09-01 12:45:00,24400,CE,298.84,301.38,298.05,298.62,450,27773,0.1451
2025-09-01 12:45:00,24400,PE,1171.4,1166.92,1151.29,1165.0,231,27964,0.149
2025-09-01 12:45:00,24450,CE,322.21,320.45,316.24,318.99,119,36760,0.1454
2025-09-01 12:45:00,24450,PE,1178.37,1236.15,1185.81,1188.92,38,27510,0.1466
2025-09-01 12:45:00,24500,CE,317.34,321.8,318.03,319.94,291,30872,0.1513
2025-09-01 12:45:00,24500,PE,1294.73,1311.15,1252.55,1280.89,44,32598,0.1476
2025-09-01 12:45:00,24550,CE,325.54,325.12,319.68,323.78,116,24876,0.1425
2025-09-01 12:45:00,24550,PE,1329.05,1329.25,1312.23,1320.1,144,32717,0.146
2025-09-01 12:45:00,24600,CE,339.19,348.82,337.37,339.89,381,18675,0.1453
2025-09-01 12:45:00,24600,PE,1372.49,1386.58,1350.94,1369.04,37,24863,0.1467
2025-09-01 12:45:00,24650,CE,332.13,338.84,332.32,336.2,52,19679,0.1468
2025-09-01 12:45:00,24650,PE,1405.72,1453.01,1400.67,1406.94,123,26136,0.1431
2025-09-01 12:45:00,24700,CE,330.35,335.1,331.95,332.58,208,23745,0.1455
2025-09-01 12:45:00,24700,PE,1446.96,1447.34,1429.73,1446.15,135,24679,0.1481
2025-09-01 12:45:00,24750,CE,362.76,367.08,362.26,363.18,10,21696,0.1446
2025-09-01 12:45:00,24750,PE,1522.92,1523.8,1513.03,1522.7,311,23993,0.1466
2025-09-01 12:45:00,24800,CE,324.17,326.45,324.63,324.65,148,22545,0.1452
2025-09-01 12:45:00,24800,PE,1572.87,1575.27,1559.66,1563.06,112,19033,0.1465
2025-09-01 12:45:00,24850,CE,336.84,333.96,324.63,333.1,68,22572,0.147
2025-09-01 12:45:00,24850,PE,1568.66,1622.21,1585.23,1607.92,148,24977,0.1474
2025-09-01 12:45:00,24900,CE,336.69,337.86,331.21,332.47,163,23543,0.1477
2025-09-01 12:45:00,24900,PE,1670.9,1676.55,1662.77,1667.62,205,28955,0.1445
2025-09-01 12:50:00,23500,CE,395.44,398.11,389.75,395.04,609,47404,0.1461
2025-09-01 12:50:00,23500,PE,352.14,355.1,349.22,351.37,1379,47300,0.1462
2025-09-01 12:50:00,23550,CE,366.85,368.89,362.93,364.95,1454,48604,0.1505
2025-09-01 12:50:00,23550,PE,321.47,321.88,317.87,320.3,96,44723,0.1483
2025-09-01 12:50:00,23600,CE,349.69,347.22,343.84,345.77,1374,55312,0.1513
2025-09-01 12:50:00,23600,PE,365.22,371.07,365.2,367.3,573,53027,0.1483
2025-09-01 12:50:00,23650,CE,314.21,312.79,309.16,311.34,1408,61204,0.1476
2025-09-01 12:50:00,23650,PE,390.94,387.17,382.13,386.7,802,60149,0.1475
2025-09-01 12:50:00,23700,CE,341.0,348.58,336.29,341.82,673,67483,0.1486
2025-09-01 12:50:00,23700,PE,449.0,452.42,449.42,450.08,667,63274,0.1452
2025-09-01 12:50:00,23750,CE,345.42,346.53,344.99,345.41,196,70640,0.1505
2025-09-01 12:50:00,23750,PE,532.5,544.09,533.29,537.4,476,75267,0.1517
2025-09-01 12:50:00,23800,CE,346.18,346.97,343.85,346.21,918,85897,0.15
2025-09-01 12:50:00,23800,PE,534.01,541.74,532.34,537.13,87,85234,0.1471
2025-09-01 12:50:00,23850,CE,344.61,352.03,343.69,344.24,787,77833,0.1439
2025-09-01 12:50:00,23850,PE,598.62,598.11,595.23,597.29,776,77297,0.1477
2025-09-01 12:50:00,23900,CE,350.24,348.54,341.88,345.15,318,69113,0.1458
2025-09-01 12:50:00,23900,PE,675.39,670.77,666.99,670.22,756,69846,0.1486
2025-09-01 12:50:00,23950,CE,347.84,344.17,343.41,343.72,448,61249,0.15
2025-09-01 12:50:00,23950,PE,722.78,740.01,723.39,725.31,77,58094,0.1485
2025-09-01 12:50:00,24000,CE,327.32,331.03,325.38,326.1,177,58378,0.1454
2025-09-01 12:50:00,24000,PE,741.37,749.94,736.16,743.38,17,58826,0.1437
2025-09-01 12:50:00,24050,CE,349.53,354.17,347.37,347.85,174,61097,0.1456
2025-09-01 12:50:00,24050,PE,813.92,815.37,799.9,811.11,324,52285,0.1486
2025-09-01 12:50:00,24100,CE,340.55,342.75,338.29,340.99,106,45098,0.1516
2025-09-01 12:50:00,24100,PE,870.39,867.71,866.82,867.23,194,43824,0.1467
2025-09-01 12:50:00,24150,CE,340.33,341.58,338.52,341.16,368,43880,0.1463
2025-09-01 12:50:00,24150,PE,911.92,914.47,905.44,907.8,31,46733,0.1473
2025-09-01 12:50:00,24200,CE,342.45,346.52,336.46,342.87,158,41046,0.1441
2025-09-01 12:50:00,24200,PE,945.33,951.45,934.88,943.68,102,39988,0.1458
2025-09-01 12:50:00,24250,CE,338.02,344.17,333.05,335.94,208,33967,0.1471
2025-09-01 12:50:00,24250,PE,1013.1,1014.1,993.43,1004.41,117,38611,0.1459
2025-09-01 12:50:00,24300,CE,345.05,347.57,344.32,344.65,348,32390,0.1468
2025-09-01 12:50:00,24300,PE,1061.75,1075.22,1051.37,1053.99,474,34358,0.1499
2025-09-01 12:50:00,24350,CE,333.97,338.69,330.88,334.76,377,30256,0.1503
2025-09-01 12:50:00,24350,PE,1109.3,1120.22,1105.85,1110.65,251,30362,0.1484
2025-09-01 12:50:00,24400,CE,348.3,350.94,349.44,349.92,268,27351,0.1497
2025-09-01 12:50:00,24400,PE,1147.95,1166.79,1153.6,1158.44,300,27663,0.1488
2025-09-01 12:50:00,24450,CE,345.99,350.81,343.32,343.46,323,36191,0.1488
2025-09-01 12:50:00,24450,PE,1212.81,1246.98,1203.9,1212.61,28,27615,0.1473
2025-09-01 12:50:00,24500,CE,354.17,359.29,354.76,356.36,328,30947,0.1493
2025-09-01 12:50:00,24500,PE,1271.04,1318.44,1268.0,1272.05,76,32367,0.1463
2025-09-01 12:50:00,24550,CE,327.35,328.13,325.78,326.16,181,24554,0.147
2025-09-01 12:50:00,24550,PE,1323.52,1341.01,1333.76,1337.68,385,32660,0.148
2025-09-01 12:50:00,24600,CE,339.28,343.71,336.62,338.98,343,18199,0.1475
2025-09-01 12:50:00,24600,PE,1386.13,1414.28,1370.71,1373.47,182,25286,0.1466
2025-09-01 12:50:00,24650,CE,349.55,357.41,350.85,354.32,108,20077,0.1445
2025-09-01 12:50:00,24650,PE,1397.65,1419.22,1406.08,1408.19,281,26251,0.148
2025-09-01 12:50:00,24700,CE,337.8,343.38,336.23,338.01,21,24226,0.1441
2025-09-01 12:50:00,24700,PE,1452.27,1472.65,1436.07,1447.57,173,24815,0.1456
2025-09-01 12:50:00,24750,CE,328.43,325.51,320.73,322.64,239,21685,0.1451
2025-09-01 12:50:00,24750,PE,1517.8,1539.1,1513.9,1529.12,59,24112,0.1486
2025-09-01 12:50:00,24800,CE,326.65,329.71,322.82,327.57,202,22047,0.1446
2025-09-01 12:50:00,24800,PE,1580.09,1567.47,1560.54,1566.07,70,18693,0.1492
2025-09-01 12:50:00,24850,CE,334.73,336.67,332.63,335.78,120,22641,0.1468
2025-09-01 12:50:00,24850,PE,1607.25,1637.09,1603.39,1615.24,199,24511,0.1462
2025-09-01 12:50:00,24900,CE,300.2,303.27,295.24,300.3,269,23914,0.1467
2025-09-01 12:50:00,24900,PE,1672.2,1690.38,1653.76,1661.0,33,28559,0.1502
2025-09-01 12:55:00,23500,CE,422.49,424.77,415.99,420.47,1146,47306,0.1486
2025-09-01 12:55:00,23500,PE,353.6,353.85,352.55,353.81,615,47281,0.1505
2025-09-01 12:55:00,23550,CE,404.46,408.98,402.45,402.75,1561,48193,0.1471
2025-09-01 12:55:00,23550,PE,337.77,351.45,338.3,341.43,1484,44413,0.1476
2025-09-01 12:55:00,23600,CE,376.33,373.33,370.6,371.72,1561,55293,0.1485
2025-09-01 12:55:00,23600,PE,342.95,346.26,341.87,343.57,1322,52555,0.1451
2025-09-01 12:55:00,23650,CE,326.41,325.25,321.85,324.61,555,60828,0.1464
2025-09-01 12:55:00,23650,PE,393.1,394.38,385.37,386.7,858,59576,0.1457
2025-09-01 12:55:00,23700,CE,337.65,340.14,335.92,337.65,503,67490,0.1486
2025-09-01 12:55:00,23700,PE,435.37,442.47,432.79,434.32,626,63660,0.1486
2025-09-01 12:55:00,23750,CE,333.31,333.95,330.97,332.94,699,71012,0.1458
2025-09-01 12:55:00,23750,PE,475.37,481.91,470.67,478.3,580,75092,0.1458
2025-09-01 12:55:00,23800,CE,338.14,340.81,339.46,339.81,311,86121,0.1507
2025-09-01 12:55:00,23800,PE,552.78,562.46,551.74,555.94,945,85821,0.1502
2025-09-01 12:55:00,23850,CE,312.87,312.87,306.08,310.63,227,77741,0.1471
2025-09-01 12:55:00,23850,PE,587.95,596.23,583.08,586.94,582,77793,0.1485
2025-09-01 12:55:00,23900,CE,342.33,347.91,340.68,344.42,272,69447,0.147
2025-09-01 12:55:00,23900,PE,646.76,656.38,642.78,651.78,716,69458,0.1458
2025-09-01 12:55:00,23950,CE,343.06,347.12,341.19,341.26,254,61182,0.1463
2025-09-01 12:55:00,23950,PE,709.47,727.75,712.28,718.19,667,58610,0.1499
2025-09-01 12:55:00,24000,CE,345.45,350.48,341.21,344.25,130,57979,0.1463
2025-09-01 12:55:00,24000,PE,726.54,732.04,724.94,726.04,286,58295,0.1429
2025-09-01 12:55:00,24050,CE,344.75,350.63,342.37,344.22,354,60817,0.1461
2025-09-01 12:55:00,24050,PE,812.72,818.65,799.98,805.95,268,51690,0.1478
2025-09-01 12:55:00,24100,CE,324.4,324.88,322.02,322.98,154,44650,0.1454
2025-09-01 12:55:00,24100,PE,840.0,841.23,822.62,835.29,149,43735,0.146
2025-09-01 12:55:00,24150,CE,344.2,353.07,347.27,349.82,147,44197,0.1452
2025-09-01 12:55:00,24150,PE,922.94,920.43,913.24,918.16,274,46389,0.1454
2025-09-01 12:55:00,24200,CE,345.16,349.04,342.97,344.04,354,41465,0.1481
2025-09-01 12:55:00,24200,PE,966.41,978.18,963.33,964.27,285,40573,0.1466
2025-09-01 12:55:00,24250,CE,318.67,320.72,317.73,320.53,195,33924,0.1464
2025-09-01 12:55:00,24250,PE,1021.58,1020.22,997.58,1015.71,230,39201,0.1466
2025-09-01 12:55:00,24300,CE,368.55,375.84,368.19,369.55,367,32483,0.1474
2025-09-01 12:55:00,24300,PE,1057.06,1057.34,1043.76,1050.57,190,33830,0.1482
2025-09-01 12:55:00,24350,CE,333.98,339.13,335.34,337.43,435,29788,0.1466
2025-09-01 12:55:00,24350,PE,1118.57,1112.85,1098.88,1104.05,351,30377,0.1445
2025-09-01 12:55:00,24400,CE,330.49,331.93,329.28,329.66,323,27857,0.1453
2025-09-01 12:55:00,24400,PE,1175.8,1183.33,1173.15,1174.72,95,27181,0.1518
2025-09-01 12:55:00,24450,CE,359.12,362.07,355.4,358.99,167,36277,0.146
2025-09-01 12:55:00,24450,PE,1195.18,1218.32,1181.04,1197.38,36,27988,0.1506
2025-09-01 12:55:00,24500,CE,307.23,311.34,304.99,307.63,257,31526,0.147
2025-09-01 12:55:00,24500,PE,1240.19,1261.38,1223.23,1245.65,125,32856,0.1454
2025-09-01 12:55:00,24550,CE,310.63,315.5,309.23,311.26,159,24081,0.1456
2025-09-01 12:55:00,24550,PE,1302.63,1295.38,1287.62,1289.92,339,32152,0.1468
2025-09-01 12:55:00,24600,CE,354.21,353.12,344.01,346.07,278,17845,0.1467
2025-09-01 12:55:00,24600,PE,1347.45,1341.24,1330.48,1339.43,262,25021,0.1473
2025-09-01 12:55:00,24650,CE,350.83,356.18,350.39,352.54,35,20515,0.1494
2025-09-01 12:55:00,24650,PE,1435.72,1442.08,1404.33,1418.14,135,26425,0.15
2025-09-01 12:55:00,24700,CE,335.53,337.47,334.34,337.37,20,24756,0.147
2025-09-01 12:55:00,24700,PE,1413.7,1432.96,1414.21,1429.06,225,24717,0.1472
2025-09-01 12:55:00,24750,CE,341.4,348.69,345.17,346.11,313,21577,0.1443
2025-09-01 12:55:00,24750,PE,1503.43,1501.54,1491.73,1497.31,118,23847,0.1474
2025-09-01 12:55:00,24800,CE,307.48,313.82,301.83,307.66,221,21972,0.1457
2025-09-01 12:55:00,24800,PE,1576.33,1597.19,1557.07,1569.48,193,19042,0.1512
2025-09-01 12:55:00,24850,CE,328.44,329.55,327.91,328.97,214,22877,0.1465
2025-09-01 12:55:00,24850,PE,1625.38,1619.16,1593.44,1610.74,200,24858,0.1466
2025-09-01 12:55:00,24900,CE,327.43,334.94,329.98,330.22,228,24310,0.1446
2025-09-01 12:55:00,24900,PE,1647.53,1684.82,1629.72,1648.66,200,27964,0.1474
2025-09-01 13:00:00,23500,CE,416.55,418.52,413.08,418.37,1302,46990,0.1479
2025-09-01 13:00:00,23500,PE,327.11,333.1,328.04,330.78,1035,47466,0.1505
2025-09-01 13:00:00,23550,CE,355.84,362.08,355.61,356.47,1112,48128,0.1471
2025-09-01 13:00:00,23550,PE,347.85,358.92,346.65,347.75,769,43953,0.1483
2025-09-01 13:00:00,23600,CE,373.6,375.09,371.9,372.67,420,54770,0.1511
2025-09-01 13:00:00,23600,PE,357.67,361.48,354.05,355.5,1484,53087,0.1486
2025-09-01 13:00:00,23650,CE,329.89,338.08,329.69,330.25,171,61246,0.1455
2025-09-01 13:00:00,23650,PE,415.27,420.72,411.87,413.03,961,59358,0.1477
2025-09-01 13:00:00,23700,CE,344.23,360.08,346.46,348.92,211,67657,0.1483
2025-09-01 13:00:00,23700,PE,474.8,475.31,469.73,470.03,54,63236,0.149
2025-09-01 13:00:00,23750,CE,324.09,330.38,326.03,326.22,131,70573,0.1447
2025-09-01 13:00:00,23750,PE,491.71,496.88,487.19,493.69,24,74892,0.1469
2025-09-01 13:00:00,23800,CE,363.32,369.68,355.27,363.16,794,85858,0.1468
2025-09-01 13:00:00,23800,PE,559.74,567.01,559.14,560.24,256,86396,0.1484
2025-09-01 13:00:00,23850,CE,324.82,327.42,320.48,326.94,440,77170,0.1459
2025-09-01 13:00:00,23850,PE,595.0,607.11,594.95,602.65,534,77849,0.1473
2025-09-01 13:00:00,23900,CE,353.67,351.79,344.69,345.19,357,69871,0.1462
2025-09-01 13:00:00,23900,PE,670.89,681.24,668.31,669.6,566,68889,0.151
2025-09-01 13:00:00,23950,CE,358.51,358.42,355.43,357.18,292,61246,0.1495
2025-09-01 13:00:00,23950,PE,734.11,727.46,720.42,720.59,508,58465,0.1483
2025-09-01 13:00:00,24000,CE,342.84,348.99,340.96,343.89,321,57638,0.1464
2025-09-01 13:00:00,24000,PE,751.43,755.38,745.34,751.04,429,57977,0.1485
2025-09-01 13:00:00,24050,CE,341.75,339.95,339.31,339.7,328,61194,0.1484
2025-09-01 13:00:00,24050,PE,798.96,810.11,788.89,805.89,606,51647,0.1478
2025-09-01 13:00:00,24100,CE,338.14,339.62,335.86,337.44,136,44105,0.1476
2025-09-01 13:00:00,24100,PE,875.91,887.41,867.66,871.73,525,43625,0.1448
2025-09-01 13:00:00,24150,CE,327.68,328.69,322.31,323.31,117,44577,0.1451
2025-09-01 13:00:00,24150,PE,914.16,918.56,916.53,917.36,286,46615,0.149
2025-09-01 13:00:00,24200,CE,349.93,352.01,345.65,346.06,43,42010,0.149
2025-09-01 13:00:00,24200,PE,950.93,965.76,958.72,962.71,179,40900,0.1524
2025-09-01 13:00:00,24250,CE,341.97,344.14,340.54,340.58,161,33529,0.1462
2025-09-01 13:00:00,24250,PE,1022.8,1021.11,1010.14,1019.16,219,38681,0.1467
2025-09-01 13:00:00,24300,CE,352.73,362.96,351.75,352.83,256,32438,0.1479
2025-09-01 13:00:00,24300,PE,1087.7,1106.39,1074.68,1090.66,45,33763,0.1488
2025-09-01 13:00:00,24350,CE,318.47,317.14,314.52,316.42,273,29845,0.1481
2025-09-01 13:00:00,24350,PE,1088.94,1102.36,1089.05,1094.91,41,30582,0.1464
2025-09-01 13:00:00,24400,CE,351.21,355.69,351.1,351.58,154,27562,0.1462
2025-09-01 13:00:00,24400,PE,1135.8,1130.45,1126.94,1127.4,386,27766,0.1467
2025-09-01 13:00:00,24450,CE,343.33,347.14,340.07,342.99,55,36270,0.146
2025-09-01 13:00:00,24450,PE,1244.83,1253.67,1201.53,1229.69,119,28245,0.1478
2025-09-01 13:00:00,24500,CE,348.16,360.98,346.45,350.02,254,31416,0.1468
2025-09-01 13:00:00,24500,PE,1241.37,1261.42,1246.05,1248.63,311,33077,0.1419
2025-09-01 13:00:00,24550,CE,322.99,324.5,320.74,323.52,369,24661,0.1436
2025-09-01 13:00:00,24550,PE,1322.52,1336.32,1304.12,1315.79,168,31736,0.1463
2025-09-01 13:00:00,24600,CE,336.28,338.71,336.24,337.51,353,17768,0.1479
2025-09-01 13:00:00,24600,PE,1384.18,1399.99,1379.61,1382.12,340,25257,0.1449
2025-09-01 13:00:00,24650,CE,331.47,341.07,334.59,337.21,195,20943,0.1488
2025-09-01 13:00:00,24650,PE,1409.55,1425.43,1410.46,1416.69,279,26589,0.1454
2025-09-01 13:00:00,24700,CE,340.91,348.56,339.17,341.98,186,24433,0.1448
2025-09-01 13:00:00,24700,PE,1479.51,1488.09,1450.76,1475.57,79,24891,0.1441
2025-09-01 13:00:00,24750,CE,340.22,343.19,334.96,337.74,135,21724,0.1456
2025-09-01 13:00:00,24750,PE,1539.93,1558.87,1524.09,1536.26,247,23299,0.1501
2025-09-01 13:00:00,24800,CE,318.24,318.49,310.94,315.75,33,22100,0.1441
2025-09-01 13:00:00,24800,PE,1560.51,1562.37,1555.09,1561.21,324,19081,0.1444
2025-09-01 13:00:00,24850,CE,318.95,319.64,317.58,318.36,218,22624,0.1472
2025-09-01 13:00:00,24850,PE,1617.22,1624.52,1607.84,1618.34,73,24544,0.148
2025-09-01 13:00:00,24900,CE,349.42,356.69,350.82,351.13,293,24631,0.1471
2025-09-01 13:00:00,24900,PE,1677.78,1687.84,1662.8,1669.69,114,27441,0.1509
2025-09-01 13:05:00,23500,CE,422.66,426.93,424.66,426.44,1142,46731,0.1499
2025-09-01 13:05:00,23500,PE,355.86,359.63,353.48,353.68,333,47707,0.1489
2025-09-01 13:05:00,23550,CE,410.51,417.29,409.94,413.36,210,47779,0.1492
2025-09-01 13:05:00,23550,PE,315.54,320.25,308.29,316.16,778,43494,0.1465
2025-09-01 13:05:00,23600,CE,330.22,328.46,326.12,328.13,1640,55349,0.1426
2025-09-01 13:05:00,23600,PE,317.31,321.99,319.31,319.94,1494,53165,0.1499
2025-09-01 13:05:00,23650,CE,338.48,341.48,333.17,336.27,840,60968,0.1458
2025-09-01 13:05:00,23650,PE,407.19,401.97,395.34,401.6,248,58942,0.1482
2025-09-01 13:05:00,23700,CE,323.72,330.17,323.23,325.48,215,67065,0.1495
2025-09-01 13:05:00,23700,PE,430.75,432.13,427.82,431.14,985,63535,0.148
2025-09-01 13:05:00,23750,CE,336.35,342.48,336.77,337.82,854,70401,0.1477
2025-09-01 13:05:00,23750,PE,483.58,486.02,481.05,481.74,136,74525,0.1482
2025-09-01 13:05:00,23800,CE,343.44,342.07,339.81,341.04,859,86342,0.1476
2025-09-01 13:05:00,23800,PE,516.89,525.94,520.64,524.9,75,86631,0.1479
2025-09-01 13:05:00,23850,CE,303.82,303.83,301.13,302.91,848,77542,0.1421
2025-09-01 13:05:00,23850,PE,609.97,615.14,604.79,611.45,246,78035,0.1462
2025-09-01 13:05:00,23900,CE,353.08,355.25,349.6,352.65,709,70371,0.148
2025-09-01 13:05:00,23900,PE,640.47,658.27,647.33,649.05,592,68702,0.1496
2025-09-01 13:05:00,23950,CE,345.77,351.08,347.62,347.96,535,60833,0.1483
2025-09-01 13:05:00,23950,PE,678.31,693.17,678.77,678.8,82,57873,0.1441
2025-09-01 13:05:00,24000,CE,344.97,347.02,342.69,344.04,409,57078,0.1462
2025-09-01 13:05:00,24000,PE,743.25,768.72,750.56,754.77,110,58401,0.1481
2025-09-01 13:05:00,24050,CE,380.76,382.57,376.17,377.22,287,61331,0.1481
2025-09-01 13:05:00,24050,PE,796.52,809.36,789.25,793.43,308,51101,0.148
2025-09-01 13:05:00,24100,CE,325.61,331.05,317.14,321.53,385,43633,0.1486
2025-09-01 13:05:00,24100,PE,816.42,833.04,817.65,820.62,434,43860,0.1495
2025-09-01 13:05:00,24150,CE,337.6,348.92,336.11,338.71,433,44438,0.1492
2025-09-01 13:05:00,24150,PE,863.42,869.91,863.65,869.81,293,46944,0.1449
2025-09-01 13:05:00,24200,CE,325.91,328.65,325.08,328.51,255,42533,0.1443
2025-09-01 13:05:00,24200,PE,938.46,944.1,939.08,942.09,372,41207,0.1507
2025-09-01 13:05:00,24250,CE,354.64,349.8,349.16,349.32,361,33146,0.147
2025-09-01 13:05:00,24250,PE,969.35,979.38,967.84,975.55,254,38860,0.144
2025-09-01 13:05:00,24300,CE,352.04,349.12,345.02,348.91,268,32552,0.148
2025-09-01 13:05:00,24300,PE,1049.5,1051.29,1027.04,1045.11,463,34180,0.1428
2025-09-01 13:05:00,24350,CE,345.45,346.47,337.3,344.08,110,29485,0.1487
2025-09-01 13:05:00,24350,PE,1082.46,1092.48,1076.29,1079.93,77,30844,0.1471
2025-09-01 13:05:00,24400,CE,335.84,341.31,330.08,334.21,233,27681,0.1473
2025-09-01 13:05:00,24400,PE,1124.24,1142.77,1124.12,1142.42,402,27739,0.147
2025-09-01 13:05:00,24450,CE,339.15,337.94,334.62,336.98,281,36019,0.1473
2025-09-01 13:05:00,24450,PE,1176.66,1200.98,1166.01,1189.45,368,27676,0.1444
2025-09-01 13:05:00,24500,CE,336.19,346.57,337.78,341.22,247,31782,0.1477
2025-09-01 13:05:00,24500,PE,1268.12,1264.72,1252.35,1263.57,305,32605,0.1462
2025-09-01 13:05:00,24550,CE,321.49,328.08,321.21,322.74,348,24513,0.15
2025-09-01 13:05:00,24550,PE,1238.84,1269.72,1249.35,1250.35,214,31731,0.1441
2025-09-01 13:05:00,24600,CE,322.12,331.67,324.87,325.04,139,17563,0.1466
2025-09-01 13:05:00,24600,PE,1315.43,1315.93,1298.49,1314.03,357,25451,0.1448
2025-09-01 13:05:00,24650,CE,348.99,349.54,343.46,346.25,373,20737,0.1439
2025-09-01 13:05:00,24650,PE,1363.77,1371.13,1350.09,1358.15,116,26608,0.1489
2025-09-01 13:05:00,24700,CE,340.23,341.34,338.89,339.68,223,23947,0.1477
2025-09-01 13:05:00,24700,PE,1406.35,1413.78,1408.17,1412.45,134,24812,0.148
2025-09-01 13:05:00,24750,CE,326.66,332.86,327.88,328.43,35,21823,0.1475
2025-09-01 13:05:00,24750,PE,1500.71,1502.7,1484.65,1496.78,47,23733,0.1478
2025-09-01 13:05:00,24800,CE,342.32,344.22,335.7,342.41,177,21717,0.1482
2025-09-01 13:05:00,24800,PE,1513.2,1544.35,1525.64,1528.98,179,18887,0.1472
2025-09-01 13:05:00,24850,CE,346.76,353.44,344.82,349.59,146,22335,0.1447
2025-09-01 13:05:00,24850,PE,1618.03,1626.35,1572.01,1597.46,141,24127,0.1489
2025-09-01 13:05:00,24900,CE,352.67,355.38,346.96,350.45,95,24493,0.1484
2025-09-01 13:05:00,24900,PE,1672.12,1699.77,1658.63,1668.87,247,27931,0.1461
2025-09-01 13:10:00,23500,CE,428.62,439.14,431.69,433.04,1201,46578,0.1468
2025-09-01 13:10:00,23500,PE,340.37,340.77,333.24,338.43,520,47433,0.1452
2025-09-01 13:10:00,23550,CE,378.62,376.92,376.01,376.05,824,48328,0.1467
2025-09-01 13:10:00,23550,PE,315.2,323.04,314.26,318.96,410,43752,0.1472
2025-09-01 13:10:00,23600,CE,317.64,319.97,315.13,318.96,456,55192,0.1482
2025-09-01 13:10:00,23600,PE,367.08,370.21,362.97,366.69,913,53464,0.1495
2025-09-01 13:10:00,23650,CE,337.62,341.4,339.06,340.17,1238,61134,0.1493
2025-09-01 13:10:00,23650,PE,431.59,434.8,426.88,432.1,898,59367,0.1493
2025-09-01 13:10:00,23700,CE,317.41,322.16,317.72,319.08,807,66598,0.1432
2025-09-01 13:10:00,23700,PE,451.38,459.4,445.9,449.55,86,63582,0.1491
2025-09-01 13:10:00,23750,CE,326.68,327.31,319.9,324.47,29,70643,0.1505
2025-09-01 13:10:00,23750,PE,505.83,518.81,508.84,509.21,886,75122,0.1457
2025-09-01 13:10:00,23800,CE,337.76,342.38,339.0,341.21,39,86464,0.149
2025-09-01 13:10:00,23800,PE,556.3,565.33,556.6,558.34,953,86199,0.1502
2025-09-01 13:10:00,23850,CE,348.42,355.14,343.6,346.57,720,78107,0.1471
2025-09-01 13:10:00,23850,PE,630.24,632.31,623.24,625.46,78,77985,0.1474
2025-09-01 13:10:00,23900,CE,316.24,319.4,312.68,314.74,73,70356,0.1466
2025-09-01 13:10:00,23900,PE,649.14,658.64,646.13,652.75,725,68405,0.1453
2025-09-01 13:10:00,23950,CE,353.94,359.5,353.95,355.85,621,61209,0.1477
2025-09-01 13:10:00,23950,PE,709.47,720.28,707.99,717.37,22,57908,0.146
2025-09-01 13:10:00,24000,CE,329.66,337.89,328.07,330.01,190,57646,0.1471
2025-09-01 13:10:00,24000,PE,756.05,756.36,750.28,754.78,507,58423,0.1452
2025-09-01 13:10:00,24050,CE,337.05,336.34,330.16,333.69,442,60947,0.1489
2025-09-01 13:10:00,24050,PE,804.02,822.54,789.95,807.26,345,51425,0.149
2025-09-01 13:10:00,24100,CE,314.47,322.45,316.66,318.47,598,43210,0.1484
2025-09-01 13:10:00,24100,PE,833.02,833.18,822.11,826.14,573,43600,0.1469
2025-09-01 13:10:00,24150,CE,325.51,333.22,326.39,331.04,515,44965,0.1482
2025-09-01 13:10:00,24150,PE,907.92,915.35,900.62,907.83,474,47515,0.1451
2025-09-01 13:10:00,24200,CE,330.53,337.59,331.87,335.74,315,42864,0.1479
2025-09-01 13:10:00,24200,PE,985.05,974.36,957.22,972.03,510,40855,0.149
2025-09-01 13:10:00,24250,CE,313.72,317.73,311.62,312.36,381,33436,0.1484
2025-09-01 13:10:00,24250,PE,1014.74,1024.19,1001.81,1010.5,266,38972,0.1494
2025-09-01 13:10:00,24300,CE,303.88,304.18,303.25,303.59,333,32488,0.146
2025-09-01 13:10:00,24300,PE,1035.76,1066.22,1033.54,1037.68,303,34115,0.1416
2025-09-01 13:10:00,24350,CE,334.51,350.02,337.85,342.0,230,29428,0.1452
2025-09-01 13:10:00,24350,PE,1088.59,1106.89,1084.09,1090.53,226,30630,0.1437
2025-09-01 13:10:00,24400,CE,366.35,370.37,366.32,368.0,55,27726,0.1472
2025-09-01 13:10:00,24400,PE,1159.05,1186.27,1153.58,1163.37,198,27182,0.1457
2025-09-01 13:10:00,24450,CE,373.38,370.19,367.12,368.22,235,36437,0.1501
2025-09-01 13:10:00,24450,PE,1189.56,1186.13,1178.78,1181.62,117,28152,0.1451
2025-09-01 13:10:00,24500,CE,349.89,346.77,344.4,345.0,230,31650,0.1498
2025-09-01 13:10:00,24500,PE,1241.99,1262.11,1249.47,1249.69,366,33143,0.1479
2025-09-01 13:10:00,24550,CE,351.63,354.28,346.03,348.21,373,24844,0.1479
2025-09-01 13:10:00,24550,PE,1265.33,1277.15,1263.72,1267.38,254,32148,0.1431
2025-09-01 13:10:00,24600,CE,336.52,342.88,333.11,336.86,333,18032,0.1448
2025-09-01 13:10:00,24600,PE,1355.37,1362.44,1350.69,1352.97,322,25259,0.1475
2025-09-01 13:10:00,24650,CE,349.26,353.09,347.2,348.51,360,21112,0.1429
2025-09-01 13:10:00,24650,PE,1397.13,1414.6,1390.48,1396.21,323,26182,0.1464
2025-09-01 13:10:00,24700,CE,322.5,325.02,322.64,323.2,10,24519,0.1458
2025-09-01 13:10:00,24700,PE,1396.23,1444.55,1405.9,1407.37,223,24926,0.1461
2025-09-01 13:10:00,24750,CE,339.56,342.32,337.1,337.66,245,22055,0.1458
2025-09-01 13:10:00,24750,PE,1483.91,1515.95,1475.44,1490.23,19,23500,0.1454
2025-09-01 13:10:00,24800,CE,327.67,326.53,321.24,323.72,183,21155,0.146
2025-09-01 13:10:00,24800,PE,1527.89,1575.96,1509.8,1531.3,297,18482,0.1494
2025-09-01 13:10:00,24850,CE,345.72,359.73,345.5,347.94,142,21905,0.1497
2025-09-01 13:10:00,24850,PE,1601.91,1605.32,1572.1,1593.79,25,24057,0.147
2025-09-01 13:10:00,24900,CE,338.62,336.53,332.78,334.55,245,24244,0.1465
2025-09-01 13:10:00,24900,PE,1630.94,1639.18,1612.44,1638.3,147,28464,0.1465
2025-09-01 13:15:00,23500,CE,397.2,397.8,395.2,395.69,566,46987,0.148
2025-09-01 13:15:00,23500,PE,322.26,322.17,316.88,321.02,1451,47480,0.1479
2025-09-01 13:15:00,23550,CE,364.67,376.4,364.67,366.4,1065,48750,0.1515
2025-09-01 13:15:00,23550,PE,318.94,317.52,311.64,314.88,1179,43854,0.1455
2025-09-01 13:15:00,23600,CE,337.99,339.36,334.11,338.42,1403,55696,0.1447
2025-09-01 13:15:00,23600,PE,355.13,360.76,352.52,358.2,500,53758,0.1485
2025-09-01 13:15:00,23650,CE,345.13,338.16,331.28,335.98,372,61416,0.1466
2025-09-01 13:15:00,23650,PE,428.0,433.27,420.56,428.36,139,59096,0.1455
2025-09-01 13:15:00,23700,CE,329.14,329.26,326.57,328.05,957,66951,0.1471
2025-09-01 13:15:00,23700,PE,470.96,475.88,472.23,473.65,575,63908,0.148
2025-09-01 13:15:00,23750,CE,344.28,344.97,342.9,344.06,531,70140,0.1474
2025-09-01 13:15:00,23750,PE,521.13,525.39,520.38,521.86,875,74591,0.145
2025-09-01 13:15:00,23800,CE,322.19,327.39,319.13,322.7,780,86921,0.1461
2025-09-01 13:15:00,23800,PE,592.82,606.3,579.85,592.25,17,86773,0.1512
2025-09-01 13:15:00,23850,CE,350.52,355.15,343.56,348.79,551,78232,0.1481
2025-09-01 13:15:00,23850,PE,631.95,630.17,621.76,626.58,296,77589,0.1496
2025-09-01 13:15:00,23900,CE,342.7,345.2,343.28,344.33,31,70261,0.1468
2025-09-01 13:15:00,23900,PE,662.6,674.84,651.4,656.37,645,67830,0.1434
2025-09-01 13:15:00,23950,CE,339.53,343.16,341.11,341.46,177,61595,0.1477
2025-09-01 13:15:00,23950,PE,737.61,747.88,722.72,728.48,336,57431,0.1482
2025-09-01 13:15:00,24000,CE,340.83,343.42,342.21,343.37,686,57448,0.1503
2025-09-01 13:15:00,24000,PE,795.83,789.48,781.88,787.89,132,58498,0.1491
2025-09-01 13:15:00,24050,CE,321.45,329.47,319.57,321.04,65,61184,0.147
2025-09-01 13:15:00,24050,PE,856.6,855.26,845.93,848.88,424,51913,0.1485
2025-09-01 13:15:00,24100,CE,302.0,299.95,296.58,298.23,187,43116,0.1452
2025-09-01 13:15:00,24100,PE,884.35,884.9,875.14,879.52,413,43229,0.1491
2025-09-01 13:15:00,24150,CE,341.97,342.66,340.81,342.49,215,44495,0.1447
2025-09-01 13:15:00,24150,PE,902.35,919.85,878.18,903.29,407,47705,0.1467
2025-09-01 13:15:00,24200,CE,359.3,356.61,356.38,356.43,59,42418,0.1491
2025-09-01 13:15:00,24200,PE,966.45,966.3,947.53,952.48,223,41044,0.1433
2025-09-01 13:15:00,24250,CE,318.03,321.18,318.92,319.1,410,33383,0.1479
2025-09-01 13:15:00,24250,PE,1022.8,1021.1,1015.2,1018.76,417,38871,0.1491
2025-09-01 13:15:00,24300,CE,314.71,318.97,315.48,316.69,295,32201,0.1459
2025-09-01 13:15:00,24300,PE,1057.11,1049.68,1046.74,1047.78,318,34597,0.1423
2025-09-01 13:15:00,24350,CE,329.65,330.91,322.27,325.92,139,29687,0.1493
2025-09-01 13:15:00,24350,PE,1154.58,1151.35,1134.35,1147.87,217,30659,0.1488
2025-09-01 13:15:00,24400,CE,335.95,342.41,334.41,335.29,262,27634,0.1449
2025-09-01 13:15:00,24400,PE,1189.41,1198.09,1173.21,1192.55,300,27014,0.1483
2025-09-01 13:15:00,24450,CE,354.12,354.9,352.87,352.98,76,36315,0.1481
2025-09-01 13:15:00,24450,PE,1220.61,1248.79,1224.74,1228.59,193,28576,0.1464
2025-09-01 13:15:00,24500,CE,326.61,325.7,319.31,323.21,266,31555,0.1481
2025-09-01 13:15:00,24500,PE,1276.38,1303.75,1277.68,1280.04,351,32548,0.1445
2025-09-01 13:15:00,24550,CE,339.67,341.26,334.13,336.64,273,25351,0.145
2025-09-01 13:15:00,24550,PE,1358.16,1364.14,1354.55,1356.51,276,32259,0.1498
2025-09-01 13:15:00,24600,CE,370.72,370.62,365.46,367.26,204,17630,0.1479
2025-09-01 13:15:00,24600,PE,1386.4,1386.19,1369.67,1385.12,63,24810,0.1462
2025-09-01 13:15:00,24650,CE,336.39,339.87,328.73,333.52,342,20963,0.1489
2025-09-01 13:15:00,24650,PE,1395.48,1429.35,1394.1,1415.42,353,26316,0.1442
2025-09-01 13:15:00,24700,CE,322.04,320.43,320.19,320.24,267,25046,0.1415
2025-09-01 13:15:00,24700,PE,1481.38,1502.65,1458.11,1470.91,183,24391,0.1448
2025-09-01 13:15:00,24750,CE,328.6,336.98,329.82,331.17,281,21878,0.1438
2025-09-01 13:15:00,24750,PE,1558.48,1552.86,1547.88,1549.95,57,23208,0.1487
2025-09-01 13:15:00,24800,CE,351.66,349.8,344.71,347.22,327,21060,0.1474
2025-09-01 13:15:00,24800,PE,1555.16,1570.24,1559.58,1566.32,192,18832,0.1432
2025-09-01 13:15:00,24850,CE,341.9,343.42,341.18,341.6,187,21495,0.1483
2025-09-01 13:15:00,24850,PE,1622.25,1605.12,1594.23,1595.09,31,24578,0.1448
2025-09-01 13:15:00,24900,CE,316.15,324.94,314.23,317.87,66,23951,0.1473
2025-09-01 13:15:00,24900,PE,1655.84,1689.83,1673.0,1679.87,17,28767,0.143
2025-09-01 13:20:00,23500,CE,465.22,467.87,458.96,467.18,626,47154,0.1471
2025-09-01 13:20:00,23500,PE,338.54,336.95,334.49,335.05,241,47537,0.1484
2025-09-01 13:20:00,23550,CE,414.17,412.87,403.48,410.08,773,49162,0.1524
2025-09-01 13:20:00,23550,PE,337.26,342.19,340.1,341.61,994,43982,0.1516
2025-09-01 13:20:00,23600,CE,358.96,359.76,355.78,358.87,1086,56034,0.1463
2025-09-01 13:20:00,23600,PE,332.66,335.4,332.96,333.02,377,53864,0.1476
2025-09-01 13:20:00,23650,CE,343.64,351.32,343.25,344.06,1599,61680,0.1442
2025-09-01 13:20:00,23650,PE,355.55,359.71,356.95,357.09,1423,58552,0.1494
2025-09-01 13:20:00,23700,CE,328.5,337.65,329.94,330.01,1220,67125,0.1457
2025-09-01 13:20:00,23700,PE,392.12,402.24,386.59,389.49,282,64374,0.1506
2025-09-01 13:20:00,23750,CE,327.26,331.67,325.47,330.75,1114,70320,0.1457
2025-09-01 13:20:00,23750,PE,464.23,471.4,466.86,469.68,1218,74972,0.1479
2025-09-01 13:20:00,23800,CE,351.68,364.91,356.95,359.02,483,87510,0.1478
2025-09-01 13:20:00,23800,PE,468.84,481.65,472.16,475.07,543,86360,0.1467
2025-09-01 13:20:00,23850,CE,347.31,353.37,347.5,350.34,131,78458,0.1484
2025-09-01 13:20:00,23850,PE,549.67,568.01,557.86,558.81,157,78065,0.1452
2025-09-01 13:20:00,23900,CE,355.88,360.59,356.7,357.95,854,69695,0.1473
2025-09-01 13:20:00,23900,PE,611.55,618.28,607.77,609.8,166,67438,0.1443
2025-09-01 13:20:00,23950,CE,341.12,341.36,338.69,339.46,597,61294,0.1432
2025-09-01 13:20:00,23950,PE,641.26,644.39,633.41,640.54,567,57887,0.1444
2025-09-01 13:20:00,24000,CE,349.9,352.59,344.82,348.81,515,58020,0.1453
2025-09-01 13:20:00,24000,PE,693.79,700.8,696.74,700.54,383,58994,0.1456
2025-09-01 13:20:00,24050,CE,326.34,323.36,318.91,322.22,560,61152,0.1474
2025-09-01 13:20:00,24050,PE,747.87,759.95,750.4,752.54,213,52114,0.1477
2025-09-01 13:20:00,24100,CE,361.7,360.23,351.86,357.13,523,42640,0.1472
2025-09-01 13:20:00,24100,PE,810.81,815.29,808.29,810.4,219,43803,0.1503
2025-09-01 13:20:00,24150,CE,350.18,355.94,347.49,349.18,94,45027,0.1439
2025-09-01 13:20:00,24150,PE,840.78,842.68,835.23,836.32,91,47820,0.1468
2025-09-01 13:20:00,24200,CE,335.39,342.19,329.91,333.14,192,41989,0.1488
2025-09-01 13:20:00,24200,PE,915.57,924.24,917.7,919.21,139,41580,0.1462
2025-09-01 13:20:00,24250,CE,356.12,358.94,356.08,356.78,160,33857,0.1478
2025-09-01 13:20:00,24250,PE,981.61,1021.43,969.08,980.38,358,39459,0.1469
2025-09-01 13:20:00,24300,CE,367.26,375.75,372.27,372.47,249,32210,0.1483
2025-09-01 13:20:00,24300,PE,1008.79,1012.89,1001.93,1002.6,50,34414,0.1507
2025-09-01 13:20:00,24350,CE,345.85,352.29,348.98,349.84,301,29539,0.1458
2025-09-01 13:20:00,24350,PE,1063.4,1071.59,1060.31,1061.93,93,30655,0.1457
2025-09-01 13:20:00,24400,CE,342.93,340.15,335.19,338.89,467,28128,0.1461
2025-09-01 13:20:00,24400,PE,1124.65,1110.85,1093.29,1103.03,180,26568,0.1482
2025-09-01 13:20:00,24450,CE,352.59,360.91,352.77,355.58,13,36493,0.1502
2025-09-01 13:20:00,24450,PE,1149.53,1163.47,1154.57,1160.48,316,29074,0.1473
2025-09-01 13:20:00,24500,CE,333.92,338.4,326.88,332.45,256,31283,0.1478
2025-09-01 13:20:00,24500,PE,1188.02,1198.24,1189.6,1197.85,17,32578,0.1461
2025-09-01 13:20:00,24550,CE,346.28,342.85,341.49,342.54,125,25704,0.1474
2025-09-01 13:20:00,24550,PE,1237.46,1262.89,1224.08,1248.48,272,32276,0.144
2025-09-01 13:20:00,24600,CE,342.71,349.82,339.65,343.57,299,17662,0.1481
2025-09-01 13:20:00,24600,PE,1286.14,1342.43,1303.81,1309.17,262,25129,0.1476
2025-09-01 13:20:00,24650,CE,330.3,333.96,331.69,332.88,33,20560,0.1474
2025-09-01 13:20:00,24650,PE,1371.25,1379.98,1335.04,1350.37,188,26573,0.1464
2025-09-01 13:20:00,24700,CE,333.26,336.9,330.5,331.73,158,25542,0.1471
2025-09-01 13:20:00,24700,PE,1400.85,1433.6,1398.61,1398.74,363,23913,0.1468
2025-09-01 13:20:00,24750,CE,369.36,373.06,367.71,369.39,239,21350,0.15
2025-09-01 13:20:00,24750,PE,1445.7,1467.83,1425.42,1432.99,282,22712,0.1443
2025-09-01 13:20:00,24800,CE,349.79,352.37,349.26,351.15,40,21342,0.1484
2025-09-01 13:20:00,24800,PE,1514.06,1529.07,1508.63,1518.92,140,18701,0.15
2025-09-01 13:20:00,24850,CE,344.19,344.13,339.17,342.79,147,21452,0.1434
2025-09-01 13:20:00,24850,PE,1562.78,1573.9,1504.11,1536.21,226,24852,0.1468
2025-09-01 13:20:00,24900,CE,319.76,326.18,316.8,323.0,308,23978,0.1483
2025-09-01 13:20:00,24900,PE,1620.29,1623.32,1590.17,1619.33,274,28887,0.1458
2025-09-01 13:25:00,23500,CE,436.93,436.33,435.03,435.65,103,47574,0.1451
2025-09-01 13:25:00,23500,PE,322.73,326.93,321.97,323.1,557,47478,0.1472
2025-09-01 13:25:00,23550,CE,403.83,405.27,401.4,402.43,1191,49611,0.1455
2025-09-01 13:25:00,23550,PE,325.88,326.97,323.56,326.16,1412,44009,0.1514
2025-09-01 13:25:00,23600,CE,376.47,378.4,372.38,377.9,748,55916,0.1465
2025-09-01 13:25:00,23600,PE,337.92,341.54,336.7,336.88,574,53577,0.1426
2025-09-01 13:25:00,23650,CE,358.68,366.23,356.8,360.67,543,61956,0.1491
2025-09-01 13:25:00,23650,PE,359.15,363.43,349.01,357.43,509,58698,0.1482
2025-09-01 13:25:00,23700,CE,354.6,356.84,354.74,355.08,362,67494,0.149
2025-09-01 13:25:00,23700,PE,407.92,408.22,397.38,399.35,608,64430,0.1474
2025-09-01 13:25:00,23750,CE,346.43,345.69,343.49,343.96,1205,70760,0.1467
2025-09-01 13:25:00,23750,PE,477.59,473.33,466.14,470.65,426,74716,0.1461
2025-09-01 13:25:00,23800,CE,360.39,362.97,352.98,358.75,612,87786,0.1465
2025-09-01 13:25:00,23800,PE,513.65,511.36,508.86,509.98,1068,86231,0.1475
2025-09-01 13:25:00,23850,CE,328.29,331.99,327.75,331.35,583,77994,0.1459
2025-09-01 13:25:00,23850,PE,545.44,555.43,552.52,555.07,730,78098,0.1483
2025-09-01 13:25:00,23900,CE,335.2,336.08,332.59,335.71,591,69372,0.1446
2025-09-01 13:25:00,23900,PE,631.44,635.05,631.79,634.44,396,66912,0.1494
2025-09-01 13:25:00,23950,CE,340.06,338.99,338.41,338.83,303,61129,0.1449
2025-09-01 13:25:00,23950,PE,659.71,670.68,656.73,658.32,385,58460,0.1465
2025-09-01 13:25:00,24000,CE,344.19,344.38,341.11,341.75,476,58492,0.1482
2025-09-01 13:25:00,24000,PE,728.56,731.46,722.18,729.81,163,59569,0.1472
2025-09-01 13:25:00,24050,CE,341.41,336.18,333.04,335.91,434,60586,0.1452
2025-09-01 13:25:00,24050,PE,787.46,786.97,775.16,786.65,615,51697,0.1493
2025-09-01 13:25:00,24100,CE,347.67,358.11,349.88,350.71,536,42322,0.1492
2025-09-01 13:25:00,24100,PE,816.99,822.99,815.63,817.01,452,44087,0.1491
2025-09-01 13:25:00,24150,CE,313.42,318.92,311.47,312.16,83,45600,0.1425
2025-09-01 13:25:00,24150,PE,860.71,875.03,870.32,871.53,553,47707,0.1454
2025-09-01 13:25:00,24200,CE,339.25,341.67,334.93,338.16,153,42089,0.1466
2025-09-01 13:25:00,24200,PE,927.5,934.99,921.08,930.06,465,41086,0.1479
2025-09-01 13:25:00,24250,CE,353.34,359.65,355.11,358.32,92,34012,0.1475
2025-09-01 13:25:00,24250,PE,962.56,988.0,959.16,961.5,165,39939,0.1505
2025-09-01 13:25:00,24300,CE,341.25,339.08,332.86,338.74,287,32401,0.148
2025-09-01 13:25:00,24300,PE,1043.79,1029.25,1016.36,1024.36,189,34597,0.1469
2025-09-01 13:25:00,24350,CE,368.39,369.46,366.94,367.32,134,29523,0.1488
2025-09-01 13:25:00,24350,PE,1062.72,1062.9,1044.39,1053.87,19,30594,0.1463
2025-09-01 13:25:00,24400,CE,352.89,353.19,353.13,353.15,365,27971,0.1499
2025-09-01 13:25:00,24400,PE,1094.1,1111.87,1081.78,1093.24,35,26952,0.1435
2025-09-01 13:25:00,24450,CE,339.21,337.23,337.09,337.16,136,36666,0.1455
2025-09-01 13:25:00,24450,PE,1155.67,1164.32,1153.44,1163.95,327,28833,0.1475
2025-09-01 13:25:00,24500,CE,344.37,344.09,342.25,343.8,132,31304,0.1447
2025-09-01 13:25:00,24500,PE,1225.07,1228.89,1209.93,1211.7,205,32116,0.1493
2025-09-01 13:25:00,24550,CE,334.61,333.66,331.32,332.49,40,25158,0.1489
2025-09-01 13:25:00,24550,PE,1262.86,1264.45,1242.04,1255.56,135,31839,0.1441
2025-09-01 13:25:00,24600,CE,341.34,345.01,343.3,344.6,303,18103,0.1452
2025-09-01 13:25:00,24600,PE,1301.86,1309.61,1293.01,1305.94,318,24837,0.147
2025-09-01 13:25:00,24650,CE,344.24,348.48,344.67,345.76,132,21115,0.1487
2025-09-01 13:25:00,24650,PE,1335.78,1373.03,1340.79,1359.09,56,26378,0.1496
2025-09-01 13:25:00,24700,CE,346.43,350.58,348.31,349.09,167,25433,0.1486
2025-09-01 13:25:00,24700,PE,1426.13,1416.93,1401.17,1414.62,347,24287,0.1452
2025-09-01 13:25:00,24750,CE,351.55,350.62,348.16,348.63,350,21018,0.1467
2025-09-01 13:25:00,24750,PE,1456.54,1490.79,1473.26,1473.5,29,23203,0.1463
2025-09-01 13:25:00,24800,CE,366.93,368.0,362.84,364.73,52,21526,0.151
2025-09-01 13:25:00,24800,PE,1537.55,1535.68,1525.44,1528.42,307,18175,0.1432
2025-09-01 13:25:00,24850,CE,331.92,337.48,330.81,334.69,208,21999,0.1489
2025-09-01 13:25:00,24850,PE,1559.5,1564.04,1548.16,1548.34,319,24596,0.145
2025-09-01 13:25:00,24900,CE,359.63,361.98,351.87,355.55,86,23656,0.1474
2025-09-01 13:25:00,24900,PE,1630.12,1606.75,1598.46,1604.33,194,29364,0.1441
2025-09-01 13:30:00,23500,CE,510.68,527.77,505.5,509.47,992,47364,0.1485
2025-09-01 13:30:00,23500,PE,348.63,354.01,345.65,347.06,569,47745,0.1474
2025-09-01 13:30:00,23550,CE,486.11,497.05,489.25,492.5,830,49051,0.1524
2025-09-01 13:30:00,23550,PE,306.36,314.08,303.54,308.2,1082,44514,0.149
2025-09-01 13:30:00,23600,CE,413.76,419.33,410.75,411.72,892,55807,0.1483
2025-09-01 13:30:00,23600,PE,325.04,327.66,323.35,323.46,1104,53191,0.1448
2025-09-01 13:30:00,23650,CE,351.4,355.96,351.31,351.85,378,62533,0.1467
2025-09-01 13:30:00,23650,PE,336.33,338.69,333.37,338.44,581,58988,0.1479
2025-09-01 13:30:00,23700,CE,332.98,338.8,335.8,338.12,694,67846,0.1457
2025-09-01 13:30:00,23700,PE,363.72,367.24,365.69,365.71,1364,64430,0.1482
2025-09-01 13:30:00,23750,CE,325.03,328.2,325.48,326.2,564,70986,0.1494
2025-09-01 13:30:00,23750,PE,397.07,405.14,397.19,401.71,314,74465,0.1466
2025-09-01 13:30:00,23800,CE,331.27,330.88,326.26,328.17,82,87807,0.1496
2025-09-01 13:30:00,23800,PE,451.01,464.44,448.75,454.23,819,86087,0.1473
2025-09-01 13:30:00,23850,CE,334.7,336.24,330.06,333.28,844,77904,0.1465
2025-09-01 13:30:00,23850,PE,503.77,508.11,499.92,502.42,248,77503,0.1466
2025-09-01 13:30:00,23900,CE,338.36,347.64,338.15,339.69,861,69745,0.1488
2025-09-01 13:30:00,23900,PE,580.91,576.08,569.52,574.2,462,66573,0.1451
2025-09-01 13:30:00,23950,CE,351.06,354.07,346.4,349.22,547,61097,0.1478
2025-09-01 13:30:00,23950,PE,613.9,626.48,615.84,616.52,332,58650,0.1483
2025-09-01 13:30:00,24000,CE,329.36,330.53,325.54,329.46,202,57933,0.1464
2025-09-01 13:30:00,24000,PE,638.68,642.75,633.81,638.6,150,59379,0.1456
2025-09-01 13:30:00,24050,CE,328.45,329.48,328.42,328.83,642,60302,0.1448
2025-09-01 13:30:00,24050,PE,659.83,670.41,666.5,667.69,744,51256,0.1479
2025-09-01 13:30:00,24100,CE,337.29,339.31,338.81,338.87,717,42698,0.1515
2025-09-01 13:30:00,24100,PE,757.88,764.31,756.19,760.91,59,44136,0.1505
2025-09-01 13:30:00,24150,CE,328.28,331.33,322.9,328.58,459,45547,0.1461
2025-09-01 13:30:00,24150,PE,800.2,800.9,796.93,800.35,658,47265,0.1452
2025-09-01 13:30:00,24200,CE,340.43,341.27,336.86,341.17,343,42105,0.1511
2025-09-01 13:30:00,24200,PE,837.77,841.81,821.71,837.21,387,40806,0.1479
2025-09-01 13:30:00,24250,CE,331.15,331.41,329.43,330.5,292,33563,0.1458
2025-09-01 13:30:00,24250,PE,932.52,929.54,927.7,929.36,81,39971,0.1452
2025-09-01 13:30:00,24300,CE,345.37,349.3,344.5,346.52,412,32619,0.1466
2025-09-01 13:30:00,24300,PE,967.45,951.03,925.76,941.94,534,34065,0.1466
2025-09-01 13:30:00,24350,CE,353.1,354.97,349.69,352.08,234,28990,0.1501
2025-09-01 13:30:00,24350,PE,1022.18,1020.67,1011.11,1012.02,195,30880,0.1469
2025-09-01 13:30:00,24400,CE,337.95,338.4,330.97,336.15,301,27619,0.1467
2025-09-01 13:30:00,24400,PE,1048.31,1069.74,1054.77,1060.94,42,26536,0.1473
2025-09-01 13:30:00,24450,CE,328.03,332.73,326.73,330.32,206,37220,0.1469
2025-09-01 13:30:00,24450,PE,1116.72,1146.31,1100.26,1122.25,191,28448,0.1477
2025-09-01 13:30:00,24500,CE,341.02,348.97,340.49,342.87,126,31525,0.1511
2025-09-01 13:30:00,24500,PE,1175.25,1178.07,1161.71,1164.07,132,32493,0.1483
2025-09-01 13:30:00,24550,CE,344.48,346.98,346.48,346.95,23,24952,0.1463
2025-09-01 13:30:00,24550,PE,1168.68,1187.22,1177.59,1179.09,115,31794,0.1493
2025-09-01 13:30:00,24600,CE,344.1,345.6,339.05,342.89,169,18167,0.1462
2025-09-01 13:30:00,24600,PE,1254.44,1277.04,1257.07,1269.07,142,24477,0.1448
2025-09-01 13:30:00,24650,CE,344.39,349.86,342.31,346.24,260,20870,0.1467
2025-09-01 13:30:00,24650,PE,1320.77,1343.81,1298.01,1314.45,352,26933,0.1489
2025-09-01 13:30:00,24700,CE,343.84,343.46,340.93,342.37,94,25161,0.1451
2025-09-01 13:30:00,24700,PE,1355.64,1385.06,1364.55,1369.31,367,24661,0.1485
2025-09-01 13:30:00,24750,CE,334.32,333.5,328.19,332.73,169,21060,0.1478
2025-09-01 13:30:00,24750,PE,1417.88,1442.16,1395.2,1410.15,94,23377,0.1494
2025-09-01 13:30:00,24800,CE,346.39,343.92,338.97,343.9,336,21474,0.1466
2025-09-01 13:30:00,24800,PE,1458.96,1455.66,1442.89,1450.96,158,18280,0.1447
2025-09-01 13:30:00,24850,CE,331.42,343.77,334.86,335.35,284,22047,0.1457
2025-09-01 13:30:00,24850,PE,1500.84,1520.1,1479.36,1485.79,156,24574,0.1468
2025-09-01 13:30:00,24900,CE,317.52,320.82,315.9,317.43,9,24019,0.1482
2025-09-01 13:30:00,24900,PE,1575.29,1568.2,1560.62,1567.31,122,29820,0.1472
2025-09-01 13:35:00,23500,CE,506.58,506.75,502.92,505.67,406,47070,0.1452
2025-09-01 13:35:00,23500,PE,354.99,357.7,350.37,354.18,945,47308,0.1522
2025-09-01 13:35:00,23550,CE,517.84,513.07,507.7,507.93,932,49424,0.1476
2025-09-01 13:35:00,23550,PE,341.53,348.78,337.47,340.45,279,44168,0.1466
2025-09-01 13:35:00,23600,CE,436.46,447.39,433.99,439.19,466,56246,0.147
2025-09-01 13:35:00,23600,PE,308.14,315.3,311.4,314.0,481,52714,0.1439
2025-09-01 13:35:00,23650,CE,372.95,379.74,378.57,378.94,650,62042,0.1484
2025-09-01 13:35:00,23650,PE,339.88,340.04,336.25,338.26,846,58605,0.1469
2025-09-01 13:35:00,23700,CE,336.53,342.49,337.14,338.62,506,67260,0.1454
2025-09-01 13:35:00,23700,PE,337.24,339.75,336.12,336.99,63,64727,0.1438
2025-09-01 13:35:00,23750,CE,320.95,321.04,318.3,320.96,1372,70862,0.1471
2025-09-01 13:35:00,23750,PE,414.36,424.03,415.78,419.05,51,74999,0.1457
2025-09-01 13:35:00,23800,CE,332.87,334.06,329.61,331.1,541,87645,0.1494
2025-09-01 13:35:00,23800,PE,428.94,440.75,420.5,428.51,1029,86330,0.1451
2025-09-01 13:35:00,23850,CE,342.33,343.09,336.52,338.34,849,78123,0.1489
2025-09-01 13:35:00,23850,PE,500.08,513.16,505.12,507.81,40,77292,0.1484
2025-09-01 13:35:00,23900,CE,337.03,340.34,335.69,335.72,700,70216,0.1489
2025-09-01 13:35:00,23900,PE,568.95,572.37,568.91,571.3,656,66450,0.1507
2025-09-01 13:35:00,23950,CE,334.34,338.08,335.58,337.28,832,61158,0.1494
2025-09-01 13:35:00,23950,PE,592.7,593.24,590.97,592.46,136,58527,0.1476
2025-09-01 13:35:00,24000,CE,353.75,359.15,350.55,351.59,723,57855,0.148
2025-09-01 13:35:00,24000,PE,648.82,656.99,646.86,649.23,475,58844,0.1432
2025-09-01 13:35:00,24050,CE,298.66,304.21,294.02,296.57,520,60074,0.1447
2025-09-01 13:35:00,24050,PE,701.09,711.56,694.54,701.98,84,51793,0.1443
2025-09-01 13:35:00,24100,CE,353.07,358.29,348.26,351.41,305,43095,0.1459
2025-09-01 13:35:00,24100,PE,746.1,745.25,742.41,743.71,513,44592,0.1437
2025-09-01 13:35:00,24150,CE,363.61,373.96,362.14,362.35,299,45802,0.1507
2025-09-01 13:35:00,24150,PE,799.42,804.53,800.03,801.65,636,47448,0.1484
2025-09-01 13:35:00,24200,CE,318.36,320.83,317.97,318.19,424,42583,0.1461
2025-09-01 13:35:00,24200,PE,860.42,859.18,849.74,855.81,231,40851,0.1486
2025-09-01 13:35:00,24250,CE,343.44,351.94,345.94,346.87,438,34062,0.149
2025-09-01 13:35:00,24250,PE,889.85,897.15,879.78,892.23,478,39869,0.1494
2025-09-01 13:35:00,24300,CE,318.74,321.16,312.67,316.65,445,32736,0.1478
2025-09-01 13:35:00,24300,PE,928.55,938.99,921.45,931.81,262,34031,0.1453
2025-09-01 13:35:00,24350,CE,337.64,338.98,338.4,338.48,407,28412,0.1496
2025-09-01 13:35:00,24350,PE,980.73,999.67,994.27,994.44,507,30518,0.1449
2025-09-01 13:35:00,24400,CE,346.76,346.77,341.11,342.19,354,28132,0.1426
2025-09-01 13:35:00,24400,PE,1024.49,1042.39,1021.32,1036.66,112,26653,0.146
2025-09-01 13:35:00,24450,CE,318.82,328.44,315.94,323.08,262,36675,0.1489
2025-09-01 13:35:00,24450,PE,1097.57,1109.86,1082.22,1083.83,314,29008,0.1498
2025-09-01 13:35:00,24500,CE,331.44,334.07,326.07,330.23,411,32038,0.1467
2025-09-01 13:35:00,24500,PE,1168.03,1172.75,1138.28,1147.5,228,32747,0.1494
2025-09-01 13:35:00,24550,CE,352.84,352.5,350.44,352.28,109,24691,0.146
2025-09-01 13:35:00,24550,PE,1195.37,1213.66,1169.5,1199.35,409,31547,0.1489
2025-09-01 13:35:00,24600,CE,346.5,346.03,342.03,345.44,306,18605,0.1474
2025-09-01 13:35:00,24600,PE,1263.31,1264.15,1236.47,1246.27,267,23949,0.1466
2025-09-01 13:35:00,24650,CE,338.05,342.39,335.65,336.88,384,20554,0.1485
2025-09-01 13:35:00,24650,PE,1277.98,1286.21,1278.07,1284.1,400,26532,0.1461
2025-09-01 13:35:00,24700,CE,345.03,348.84,341.32,345.44,138,25420,0.1485
2025-09-01 13:35:00,24700,PE,1361.81,1369.45,1349.42,1358.13,26,24519,0.1488
2025-09-01 13:35:00,24750,CE,351.65,356.35,350.98,352.94,337,21559,0.1469
2025-09-01 13:35:00,24750,PE,1394.68,1393.45,1384.01,1385.46,205,23740,0.1463
2025-09-01 13:35:00,24800,CE,327.26,334.94,325.39,327.25,287,22055,0.148
2025-09-01 13:35:00,24800,PE,1486.64,1480.41,1468.48,1476.18,159,18038,0.1482
2025-09-01 13:35:00,24850,CE,317.78,325.42,318.67,320.63,306,22016,0.1436
2025-09-01 13:35:00,24850,PE,1505.63,1532.8,1486.47,1514.17,210,24765,0.1487
2025-09-01 13:35:00,24900,CE,351.63,353.58,351.09,352.27,270,24588,0.147
2025-09-01 13:35:00,24900,PE,1562.19,1571.94,1532.07,1553.74,127,29633,0.1458
2025-09-01 13:40:00,23500,CE,540.48,543.92,528.76,536.17,939,46862,0.145
2025-09-01 13:40:00,23500,PE,351.13,351.67,343.23,345.56,699,47460,0.1498
2025-09-01 13:40:00,23550,CE,467.89,478.81,468.73,471.21,534,49622,0.1458
2025-09-01 13:40:00,23550,PE,342.58,351.07,342.75,349.62,865,43794,0.1462
2025-09-01 13:40:00,23600,CE,436.37,441.29,429.86,436.5,271,56191,0.1443
2025-09-01 13:40:00,23600,PE,341.61,345.73,336.7,342.43,1170,52566,0.1477
2025-09-01 13:40:00,23650,CE,375.6,374.45,367.56,372.78,747,61947,0.1448
2025-09-01 13:40:00,23650,PE,334.73,341.83,335.01,335.56,1243,58173,0.1464
2025-09-01 13:40:00,23700,CE,342.69,346.3,338.77,344.88,1065,67437,0.1473
2025-09-01 13:40:00,23700,PE,350.18,355.67,345.6,347.81,380,64352,0.1461
2025-09-01 13:40:00,23750,CE,342.78,347.39,343.15,344.6,1056,70292,0.1482
2025-09-01 13:40:00,23750,PE,387.63,389.27,384.69,388.28,338,74994,0.1463
2025-09-01 13:40:00,23800,CE,324.64,335.3,328.1,328.71,25,87091,0.1468
2025-09-01 13:40:00,23800,PE,456.9,456.86,448.85,451.15,822,86529,0.1453
2025-09-01 13:40:00,23850,CE,354.15,359.55,357.3,358.12,1093,78236,0.1495
2025-09-01 13:40:00,23850,PE,478.42,485.41,479.48,483.12,146,77372,0.1467
2025-09-01 13:40:00,23900,CE,350.22,352.21,347.55,347.99,42,69730,0.1454
2025-09-01 13:40:00,23900,PE,538.96,545.91,539.82,541.88,235,65998,0.1444
2025-09-01 13:40:00,23950,CE,332.16,341.19,330.33,334.88,907,61356,0.147
2025-09-01 13:40:00,23950,PE,608.25,611.65,605.36,606.54,551,57965,0.1498
2025-09-01 13:40:00,24000,CE,335.7,337.84,333.31,335.15,131,57394,0.1476
2025-09-01 13:40:00,24000,PE,642.1,641.18,639.73,640.58,536,59160,0.1458
2025-09-01 13:40:00,24050,CE,324.94,333.01,317.31,322.0,484,59674,0.1492
2025-09-01 13:40:00,24050,PE,715.19,725.05,712.44,715.64,215,51787,0.1491
2025-09-01 13:40:00,24100,CE,340.93,344.97,336.22,341.76,327,42613,0.1466
2025-09-01 13:40:00,24100,PE,742.94,740.45,736.34,738.39,319,44274,0.1459
2025-09-01 13:40:00,24150,CE,364.81,361.09,357.47,359.29,141,46257,0.1481
2025-09-01 13:40:00,24150,PE,803.92,818.18,806.13,806.53,93,47751,0.1478
2025-09-01 13:40:00,24200,CE,311.93,313.51,309.52,312.15,43,42209,0.1464
2025-09-01 13:40:00,24200,PE,835.58,841.05,830.72,833.19,563,40508,0.1445
2025-09-01 13:40:00,24250,CE,328.33,330.33,329.21,330.04,44,34030,0.1441
2025-09-01 13:40:00,24250,PE,864.7,876.54,875.76,875.88,153,40027,0.1457
2025-09-01 13:40:00,24300,CE,341.74,342.09,339.9,340.11,317,32834,0.1459
2025-09-01 13:40:00,24300,PE,956.37,957.84,928.82,945.76,31,33772,0.1471
2025-09-01 13:40:00,24350,CE,343.99,344.9,339.62,342.88,29,28948,0.1494
2025-09-01 13:40:00,24350,PE,985.8,1014.59,992.33,996.25,58,30920,0.1465
2025-09-01 13:40:00,24400,CE,348.42,356.08,348.99,351.34,443,28313,0.1466
2025-09-01 13:40:00,24400,PE,1051.96,1064.87,1049.53,1064.27,411,27142,0.1494
2025-09-01 13:40:00,24450,CE,353.57,357.39,356.3,356.49,434,36427,0.1503
2025-09-01 13:40:00,24450,PE,1073.3,1120.06,1090.63,1093.57,370,28767,0.1468
2025-09-01 13:40:00,24500,CE,348.37,353.21,346.64,349.64,65,31808,0.1417
2025-09-01 13:40:00,24500,PE,1135.7,1173.9,1140.15,1146.38,434,32339,0.1433
2025-09-01 13:40:00,24550,CE,374.93,374.74,364.48,370.53,259,24258,0.1472
2025-09-01 13:40:00,24550,PE,1195.1,1223.25,1179.72,1187.17,211,32038,0.1471
2025-09-01 13:40:00,24600,CE,337.85,341.1,333.35,335.17,400,19034,0.149
2025-09-01 13:40:00,24600,PE,1249.58,1259.39,1230.03,1248.49,353,24007,0.146
2025-09-01 13:40:00,24650,CE,324.92,328.87,324.67,326.68,20,20746,0.1484
2025-09-01 13:40:00,24650,PE,1314.28,1312.8,1281.02,1299.36,184,26218,0.1456
2025-09-01 13:40:00,24700,CE,373.43,376.66,363.75,371.62,275,24847,0.1517
2025-09-01 13:40:00,24700,PE,1341.43,1360.02,1346.22,1358.67,64,24448,0.1473
2025-09-01 13:40:00,24750,CE,305.91,310.47,308.85,309.97,73,21762,0.1452
2025-09-01 13:40:00,24750,PE,1382.2,1410.45,1379.84,1396.68,300,23955,0.1443
2025-09-01 13:40:00,24800,CE,332.18,343.83,330.2,334.38,51,22180,0.1451
2025-09-01 13:40:00,24800,PE,1464.75,1455.71,1435.38,1448.32,338,18548,0.1476
2025-09-01 13:40:00,24850,CE,323.27,328.35,326.96,327.12,61,21667,0.1468
2025-09-01 13:40:00,24850,PE,1499.98,1519.01,1497.85,1501.11,65,24481,0.1465
2025-09-01 13:40:00,24900,CE,328.61,329.14,329.05,329.09,305,24083,0.1449
2025-09-01 13:40:00,24900,PE,1550.43,1551.14,1532.53,1539.15,190,30156,0.1463
2025-09-01 13:45:00,23500,CE,551.6,558.5,541.73,546.16,836,46807,0.1486
2025-09-01 13:45:00,23500,PE,315.8,320.56,316.05,318.13,548,47342,0.1471
2025-09-01 13:45:00,23550,CE,510.66,516.89,509.45,514.06,755,50204,0.1517
2025-09-01 13:45:00,23550,PE,339.77,339.26,337.3,338.24,662,43707,0.1492
2025-09-01 13:45:00,23600,CE,451.71,463.23,447.3,454.01,1144,55992,0.1493
2025-09-01 13:45:00,23600,PE,335.24,342.18,329.29,336.13,99,52216,0.1471
2025-09-01 13:45:00,23650,CE,442.16,438.11,435.07,435.61,955,61874,0.1484
2025-09-01 13:45:00,23650,PE,322.28,329.65,317.03,322.15,1296,58395,0.1468
2025-09-01 13:45:00,23700,CE,363.52,366.59,365.44,365.69,984,67933,0.1455
2025-09-01 13:45:00,23700,PE,327.35,331.92,328.4,328.46,1268,63981,0.1423
2025-09-01 13:45:00,23750,CE,341.74,347.88,341.98,342.3,1149,70522,0.1441
2025-09-01 13:45:00,23750,PE,377.62,386.24,372.27,382.63,1508,74401,0.1467
2025-09-01 13:45:00,23800,CE,338.69,345.26,339.65,341.86,243,87452,0.1446
2025-09-01 13:45:00,23800,PE,420.1,424.42,421.9,422.69,1335,86265,0.1482
2025-09-01 13:45:00,23850,CE,344.07,350.52,341.62,343.38,1169,77683,0.1453
2025-09-01 13:45:00,23850,PE,472.21,476.05,471.79,472.99,861,77245,0.145
2025-09-01 13:45:00,23900,CE,328.11,330.82,325.76,327.76,701,70201,0.1501
2025-09-01 13:45:00,23900,PE,493.84,502.97,489.37,499.05,626,65677,0.146
2025-09-01 13:45:00,23950,CE,332.4,332.6,327.89,331.83,934,61100,0.1477
2025-09-01 13:45:00,23950,PE,563.2,571.99,565.88,569.86,499,57566,0.1465
2025-09-01 13:45:00,24000,CE,340.54,344.39,338.95,338.98,781,57971,0.1466
2025-09-01 13:45:00,24000,PE,620.19,628.5,610.74,620.44,350,59079,0.1466
2025-09-01 13:45:00,24050,CE,322.93,332.36,324.24,329.48,387,60211,0.1485
2025-09-01 13:45:00,24050,PE,651.24,651.92,640.43,651.17,505,51297,0.1463
2025-09-01 13:45:00,24100,CE,323.38,326.61,323.46,324.29,573,42551,0.1508
2025-09-01 13:45:00,24100,PE,694.84,706.94,692.31,693.17,62,44243,0.1484
2025-09-01 13:45:00,24150,CE,326.47,329.72,326.25,328.03,55,45964,0.1484
2025-09-01 13:45:00,24150,PE,793.75,807.3,783.17,791.75,522,47747,0.1498
2025-09-01 13:45:00,24200,CE,334.63,337.48,330.03,330.9,292,42029,0.1465
2025-09-01 13:45:00,24200,PE,822.87,826.96,818.1,819.58,579,40203,0.1444
2025-09-01 13:45:00,24250,CE,321.41,326.58,320.03,320.81,582,33868,0.1462
2025-09-01 13:45:00,24250,PE,880.35,886.75,873.7,881.3,247,40189,0.1465
2025-09-01 13:45:00,24300,CE,323.6,325.83,323.32,324.93,446,32795,0.1461
2025-09-01 13:45:00,24300,PE,947.32,942.03,925.79,930.49,373,33663,0.1494
2025-09-01 13:45:00,24350,CE,326.27,328.79,321.94,324.92,428,29372,0.1487
2025-09-01 13:45:00,24350,PE,966.55,983.44,972.66,974.43,476,31093,0.1479
2025-09-01 13:45:00,24400,CE,363.59,371.88,363.96,364.24,151,28477,0.1463
2025-09-01 13:45:00,24400,PE,1011.34,1031.97,1015.26,1026.31,327,26808,0.1475
2025-09-01 13:45:00,24450,CE,345.45,351.89,346.01,347.0,423,36727,0.1476
2025-09-01 13:45:00,24450,PE,1059.91,1074.78,1057.89,1062.71,223,28211,0.1453
2025-09-01 13:45:00,24500,CE,356.49,355.49,353.08,354.37,342,31464,0.1478
2025-09-01 13:45:00,24500,PE,1124.4,1133.97,1116.55,1124.22,355,32234,0.1463
2025-09-01 13:45:00,24550,CE,331.07,338.97,330.1,334.3,323,24725,0.1477
2025-09-01 13:45:00,24550,PE,1186.25,1185.11,1172.62,1183.67,47,31471,0.1446
2025-09-01 13:45:00,24600,CE,328.1,330.64,323.84,325.17,292,18967,0.1479
2025-09-01 13:45:00,24600,PE,1218.36,1228.42,1226.23,1226.64,302,23550,0.1484
2025-09-01 13:45:00,24650,CE,354.18,358.4,350.78,354.07,359,20422,0.146
2025-09-01 13:45:00,24650,PE,1261.15,1294.72,1254.92,1257.48,60,26104,0.1455
2025-09-01 13:45:00,24700,CE,337.91,341.05,336.57,337.17,325,24365,0.146
2025-09-01 13:45:00,24700,PE,1297.42,1296.41,1281.08,1295.77,201,24843,0.1452
2025-09-01 13:45:00,24750,CE,336.47,336.14,334.39,334.68,200,21261,0.1417
2025-09-01 13:45:00,24750,PE,1315.94,1360.78,1334.13,1338.59,81,24057,0.1423
2025-09-01 13:45:00,24800,CE,351.73,351.81,343.83,345.66,240,21775,0.1463
2025-09-01 13:45:00,24800,PE,1408.06,1412.68,1400.32,1404.69,146,18075,0.1491
2025-09-01 13:45:00,24850,CE,338.84,342.97,337.76,339.03,205,21622,0.1499
2025-09-01 13:45:00,24850,PE,1492.73,1477.04,1468.71,1472.36,233,24295,0.1438
2025-09-01 13:45:00,24900,CE,330.87,336.96,332.08,332.29,337,23537,0.1428
2025-09-01 13:45:00,24900,PE,1508.08,1506.34,1496.06,1505.89,87,29633,0.146
2025-09-01 13:50:00,23500,CE,612.7,612.26,604.92,609.01,780,46566,0.1462
2025-09-01 13:50:00,23500,PE,366.1,371.15,369.58,370.6,41,47681,0.1469
2025-09-01 13:50:00,23550,CE,557.56,573.41,562.67,565.16,895,50625,0.1493
2025-09-01 13:50:00,23550,PE,334.96,338.1,332.69,335.58,222,43186,0.1478
2025-09-01 13:50:00,23600,CE,505.8,517.3,505.63,507.87,337,55598,0.147
2025-09-01 13:50:00,23600,PE,339.68,340.5,339.19,339.37,857,52022,0.1497
2025-09-01 13:50:00,23650,CE,450.74,460.16,449.44,453.95,571,62054,0.1474
2025-09-01 13:50:00,23650,PE,343.99,343.62,338.18,339.93,566,58137,0.1484
2025-09-01 13:50:00,23700,CE,395.36,394.04,385.62,392.85,328,67599,0.1482
2025-09-01 13:50:00,23700,PE,345.21,350.84,344.45,349.22,205,64086,0.1501
2025-09-01 13:50:00,23750,CE,363.13,363.45,362.27,363.16,401,70739,0.145
2025-09-01 13:50:00,23750,PE,351.91,358.54,350.44,352.17,619,74385,0.148
2025-09-01 13:50:00,23800,CE,369.16,371.15,357.95,364.38,1378,87654,0.1489
2025-09-01 13:50:00,23800,PE,386.07,385.79,379.05,384.26,494,85669,0.1488
2025-09-01 13:50:00,23850,CE,335.61,335.95,333.32,333.91,1026,77476,0.1427
2025-09-01 13:50:00,23850,PE,403.85,406.0,399.27,403.82,127,77376,0.148
2025-09-01 13:50:00,23900,CE,325.73,335.14,324.92,327.98,996,70382,0.1498
2025-09-01 13:50:00,23900,PE,478.27,479.58,467.99,471.04,1019,65310,0.145
2025-09-01 13:50:00,23950,CE,348.6,351.83,343.44,345.83,938,60898,0.1467
2025-09-01 13:50:00,23950,PE,529.93,548.35,534.51,535.01,582,57237,0.1527
2025-09-01 13:50:00,24000,CE,340.23,344.19,332.66,339.83,613,58449,0.1461
2025-09-01 13:50:00,24000,PE,574.0,570.87,558.82,570.0,962,58834,0.1466
2025-09-01 13:50:00,24050,CE,327.23,332.92,325.18,327.37,371,60669,0.1506
2025-09-01 13:50:00,24050,PE,607.02,600.06,594.96,599.15,289,51757,0.1453
2025-09-01 13:50:00,24100,CE,352.22,355.42,352.93,353.34,450,42581,0.1474
2025-09-01 13:50:00,24100,PE,680.83,696.51,683.89,687.89,772,44687,0.1491
2025-09-01 13:50:00,24150,CE,340.51,352.46,341.93,343.3,700,45456,0.149
2025-09-01 13:50:00,24150,PE,744.7,752.85,740.71,743.04,97,47298,0.1499
2025-09-01 13:50:00,24200,CE,342.11,352.27,336.61,341.64,384,41917,0.1454
2025-09-01 13:50:00,24200,PE,766.22,773.32,754.74,767.97,164,40433,0.1456
2025-09-01 13:50:00,24250,CE,341.07,340.67,338.19,339.71,157,34432,0.1465
2025-09-01 13:50:00,24250,PE,818.78,836.29,825.25,828.28,243,40149,0.1472
2025-09-01 13:50:00,24300,CE,321.95,321.18,315.23,318.5,45,32203,0.1461
2025-09-01 13:50:00,24300,PE,866.93,870.72,861.99,863.22,107,33280,0.1459
2025-09-01 13:50:00,24350,CE,337.01,342.85,340.11,340.58,63,29297,0.1462
2025-09-01 13:50:00,24350,PE,923.37,909.92,901.61,905.44,412,31320,0.1492
2025-09-01 13:50:00,24400,CE,363.8,365.04,361.37,363.9,443,28580,0.1489
2025-09-01 13:50:00,24400,PE,973.33,960.8,952.3,957.27,84,27259,0.1463
2025-09-01 13:50:00,24450,CE,308.97,307.25,302.79,307.0,442,36445,0.1452
2025-09-01 13:50:00,24450,PE,1016.47,1017.77,999.74,1010.88,451,28258,0.1469
2025-09-01 13:50:00,24500,CE,325.42,327.88,325.73,327.0,196,31037,0.146
2025-09-01 13:50:00,24500,PE,1036.13,1041.1,1034.95,1038.85,464,32408,0.145
2025-09-01 13:50:00,24550,CE,350.25,354.6,350.04,350.75,211,25039,0.1468
2025-09-01 13:50:00,24550,PE,1109.77,1119.97,1112.43,1116.41,368,31487,0.1501
2025-09-01 13:50:00,24600,CE,341.16,343.59,338.58,342.28,103,18904,0.1486
2025-09-01 13:50:00,24600,PE,1170.73,1193.21,1163.8,1172.37,278,23173,0.147
2025-09-01 13:50:00,24650,CE,351.73,357.81,349.18,353.68,58,20942,0.1452
2025-09-01 13:50:00,24650,PE,1227.69,1252.46,1223.02,1226.19,254,26231,0.1509
2025-09-01 13:50:00,24700,CE,319.4,321.92,315.2,318.55,186,24743,0.1469
2025-09-01 13:50:00,24700,PE,1250.88,1278.78,1258.5,1260.68,157,24272,0.1461
2025-09-01 13:50:00,24750,CE,342.99,344.2,340.76,342.54,306,20962,0.1478
2025-09-01 13:50:00,24750,PE,1306.83,1318.23,1301.28,1306.17,304,24035,0.1434
2025-09-01 13:50:00,24800,CE,363.27,369.51,360.19,361.09,141,21818,0.1485
2025-09-01 13:50:00,24800,PE,1399.6,1421.71,1366.85,1390.2,171,17960,0.1471
2025-09-01 13:50:00,24850,CE,320.68,323.77,320.97,321.95,104,21426,0.1474
2025-09-01 13:50:00,24850,PE,1432.93,1432.17,1426.1,1426.72,126,24235,0.1442
2025-09-01 13:50:00,24900,CE,315.62,321.63,317.44,318.12,345,23376,0.1434
2025-09-01 13:50:00,24900,PE,1449.12,1486.6,1433.98,1468.44,223,29081,0.1485
2025-09-01 13:55:00,23500,CE,623.68,635.49,625.6,626.64,17,46797,0.1457
2025-09-01 13:55:00,23500,PE,350.05,360.15,352.67,353.0,590,48006,0.1503
2025-09-01 13:55:00,23550,CE,541.38,574.04,546.98,548.39,544,50398,0.1435
2025-09-01 13:55:00,23550,PE,346.78,347.12,341.32,346.09,110,43745,0.1482
2025-09-01 13:55:00,23600,CE,525.36,524.61,517.99,524.26,209,56182,0.1478
2025-09-01 13:55:00,23600,PE,309.38,313.46,308.16,311.02,303,52104,0.1474
2025-09-01 13:55:00,23650,CE,505.72,504.7,502.65,503.24,128,62406,0.1483
2025-09-01 13:55:00,23650,PE,343.28,340.2,336.9,340.14,490,58191,0.1487
2025-09-01 13:55:00,23700,CE,445.73,442.77,439.26,441.51,195,67312,0.1496
2025-09-01 13:55:00,23700,PE,349.76,350.37,344.66,347.53,559,63570,0.1487
2025-09-01 13:55:00,23750,CE,372.88,377.08,371.24,374.69,1160,70552,0.149
2025-09-01 13:55:00,23750,PE,308.03,311.11,309.1,310.22,1155,74007,0.1479
2025-09-01 13:55:00,23800,CE,363.73,361.14,357.54,358.61,86,88160,0.1455
2025-09-01 13:55:00,23800,PE,349.44,353.84,350.1,353.15,409,86234,0.1475
2025-09-01 13:55:00,23850,CE,361.3,367.91,361.01,361.41,1044,77514,0.1478
2025-09-01 13:55:00,23850,PE,394.49,403.83,399.48,401.71,952,77451,0.1469
2025-09-01 13:55:00,23900,CE,321.25,326.73,321.23,321.52,500,70898,0.1434
2025-09-01 13:55:00,23900,PE,459.22,455.94,445.32,451.53,97,65606,0.1496
2025-09-01 13:55:00,23950,CE,342.66,350.98,345.1,345.27,716,60492,0.1462
2025-09-01 13:55:00,23950,PE,477.27,484.95,477.85,481.98,769,57779,0.1476
2025-09-01 13:55:00,24000,CE,351.99,350.22,345.01,349.45,312,58534,0.1458
2025-09-01 13:55:00,24000,PE,525.16,537.29,519.39,528.97,401,58258,0.1455
2025-09-01 13:55:00,24050,CE,354.36,352.89,349.52,352.37,67,60304,0.1482
2025-09-01 13:55:00,24050,PE,591.32,588.42,586.01,586.25,598,52113,0.1466
2025-09-01 13:55:00,24100,CE,355.5,359.88,350.49,351.04,79,42134,0.1479
2025-09-01 13:55:00,24100,PE,638.36,661.04,649.92,650.44,736,45108,0.142
2025-09-01 13:55:00,24150,CE,331.92,335.59,329.45,329.89,424,45799,0.1484
2025-09-01 13:55:00,24150,PE,689.04,695.64,679.06,689.08,177,46740,0.145
2025-09-01 13:55:00,24200,CE,322.1,327.48,321.91,322.15,663,41714,0.1465
2025-09-01 13:55:00,24200,PE,752.72,758.82,740.36,750.24,267,40441,0.1495
2025-09-01 13:55:00,24250,CE,359.21,359.4,355.89,356.65,416,33923,0.1487
2025-09-01 13:55:00,24250,PE,805.37,819.37,798.01,804.35,402,40244,0.148
2025-09-01 13:55:00,24300,CE,365.02,366.26,363.87,363.92,475,32779,0.1486
2025-09-01 13:55:00,24300,PE,837.35,849.98,824.54,840.57,459,33400,0.1477
2025-09-01 13:55:00,24350,CE,346.28,349.66,347.36,348.37,532,29289,0.1427
2025-09-01 13:55:00,24350,PE,913.09,923.8,911.64,918.93,41,31760,0.1476
2025-09-01 13:55:00,24400,CE,364.53,368.71,359.36,361.98,546,29136,0.1474
2025-09-01 13:55:00,24400,PE,976.45,987.41,978.97,980.97,516,27740,0.148
2025-09-01 13:55:00,24450,CE,343.4,345.96,338.93,341.71,370,35889,0.1481
2025-09-01 13:55:00,24450,PE,1039.32,1034.28,1017.43,1031.26,401,27777,0.1488
2025-09-01 13:55:00,24500,CE,352.3,356.37,349.0,354.22,82,31175,0.1486
2025-09-01 13:55:00,24500,PE,1060.65,1087.09,1066.58,1069.22,469,32080,0.1506
2025-09-01 13:55:00,24550,CE,357.47,365.28,358.89,359.57,86,25064,0.1471
2025-09-01 13:55:00,24550,PE,1075.01,1082.68,1076.02,1078.31,175,31893,0.1431
2025-09-01 13:55:00,24600,CE,353.71,361.16,353.75,354.82,94,19430,0.1423
2025-09-01 13:55:00,24600,PE,1149.74,1144.02,1132.4,1142.76,126,22973,0.1445
2025-09-01 13:55:00,24650,CE,352.34,353.09,349.41,349.94,297,21360,0.1469
2025-09-01 13:55:00,24650,PE,1201.08,1216.63,1192.54,1206.45,215,26235,0.1441
2025-09-01 13:55:00,24700,CE,334.5,337.04,333.4,335.49,273,24933,0.1501
2025-09-01 13:55:00,24700,PE,1258.32,1250.51,1235.74,1245.14,332,23822,0.1496
2025-09-01 13:55:00,24750,CE,324.32,333.44,327.26,327.68,386,20438,0.1478
2025-09-01 13:55:00,24750,PE,1315.08,1315.2,1287.12,1299.26,100,24371,0.1432
2025-09-01 13:55:00,24800,CE,336.58,338.46,331.62,338.22,113,21936,0.1489
2025-09-01 13:55:00,24800,PE,1338.02,1345.84,1319.9,1326.9,66,18348,0.1479
2025-09-01 13:55:00,24850,CE,343.16,350.68,346.97,348.15,116,20964,0.1504
2025-09-01 13:55:00,24850,PE,1379.07,1395.66,1363.23,1370.75,46,23841,0.1478
2025-09-01 13:55:00,24900,CE,357.07,354.78,350.12,351.54,265,22851,0.1492
2025-09-01 13:55:00,24900,PE,1447.8,1440.3,1427.34,1436.19,217,29261,0.1488
2025-09-01 14:00:00,23500,CE,616.75,627.09,614.21,618.28,309,46935,0.1474
2025-09-01 14:00:00,23500,PE,334.54,338.72,337.14,337.24,278,47916,0.1462
2025-09-01 14:00:00,23550,CE,561.19,564.42,557.58,557.59,45,49960,0.1428
2025-09-01 14:00:00,23550,PE,348.77,350.9,345.56,347.45,118,43173,0.1489
2025-09-01 14:00:00,23600,CE,492.94,508.13,489.59,493.39,388,55892,0.1501
2025-09-01 14:00:00,23600,PE,326.27,328.76,322.63,327.02,299,51507,0.1472
2025-09-01 14:00:00,23650,CE,477.01,486.61,475.44,479.99,993,62944,0.1489
2025-09-01 14:00:00,23650,PE,322.96,323.11,321.22,322.75,933,57795,0.1473
2025-09-01 14:00:00,23700,CE,403.78,410.82,403.56,404.98,1129,67030,0.1444
2025-09-01 14:00:00,23700,PE,340.88,343.15,340.59,342.36,449,63928,0.1458
2025-09-01 14:00:00,23750,CE,356.45,361.57,349.67,354.44,375,71145,0.1499
2025-09-01 14:00:00,23750,PE,307.98,311.83,307.81,308.84,1442,74151,0.142
2025-09-01 14:00:00,23800,CE,328.92,328.98,323.64,328.84,832,87863,0.1451
2025-09-01 14:00:00,23800,PE,360.07,366.9,360.9,363.88,1070,86177,0.1468
2025-09-01 14:00:00,23850,CE,331.19,329.39,326.91,329.1,914,76985,0.1448
2025-09-01 14:00:00,23850,PE,420.79,427.2,423.66,423.98,530,76981,0.1475
2025-09-01 14:00:00,23900,CE,342.8,340.25,335.2,339.9,518,71149,0.1469
2025-09-01 14:00:00,23900,PE,479.16,490.5,472.01,478.02,157,66001,0.1487
2025-09-01 14:00:00,23950,CE,358.6,363.51,357.83,358.82,905,60216,0.1475
2025-09-01 14:00:00,23950,PE,546.01,538.12,532.76,536.68,225,58065,0.1472
2025-09-01 14:00:00,24000,CE,321.67,328.6,317.47,321.67,758,58702,0.147
2025-09-01 14:00:00,24000,PE,578.86,585.87,571.69,583.92,159,58269,0.1506
2025-09-01 14:00:00,24050,CE,354.7,355.05,351.61,353.37,239,60051,0.1475
2025-09-01 14:00:00,24050,PE,598.55,599.83,594.19,596.73,524,52695,0.1438
2025-09-01 14:00:00,24100,CE,342.92,340.02,339.15,339.4,174,41831,0.1478
2025-09-01 14:00:00,24100,PE,661.98,667.22,653.63,660.32,212,44758,0.1449
2025-09-01 14:00:00,24150,CE,360.6,366.67,361.64,364.22,717,45330,0.1502
2025-09-01 14:00:00,24150,PE,738.34,743.82,738.2,740.18,157,46930,0.1471
2025-09-01 14:00:00,24200,CE,327.82,330.93,325.21,328.91,255,42195,0.1469
2025-09-01 14:00:00,24200,PE,764.39,765.88,753.17,758.68,423,40001,0.1458
2025-09-01 14:00:00,24250,CE,363.25,360.95,352.79,356.39,323,33448,0.1487
2025-09-01 14:00:00,24250,PE,800.73,820.91,805.48,805.62,287,40729,0.1437
2025-09-01 14:00:00,24300,CE,334.14,333.19,325.55,332.31,301,32971,0.1463
2025-09-01 14:00:00,24300,PE,869.48,874.65,861.92,865.59,245,33962,0.1478
2025-09-01 14:00:00,24350,CE,351.64,364.61,351.67,351.99,350,29541,0.1481
2025-09-01 14:00:00,24350,PE,944.11,957.33,929.05,936.55,466,32086,0.146
2025-09-01 14:00:00,24400,CE,332.88,341.48,331.11,334.19,519,29090,0.1468
2025-09-01 14:00:00,24400,PE,1002.75,1009.54,992.06,996.18,96,27425,0.1505
2025-09-01 14:00:00,24450,CE,345.86,346.74,340.98,344.88,131,35971,0.1486
2025-09-01 14:00:00,24450,PE,1011.23,1045.93,1016.79,1016.94,53,27606,0.1478
2025-09-01 14:00:00,24500,CE,347.73,347.86,344.49,344.95,364,31138,0.146
2025-09-01 14:00:00,24500,PE,1060.65,1053.94,1045.38,1049.53,171,32098,0.1492
2025-09-01 14:00:00,24550,CE,347.66,355.02,347.76,348.9,67,24495,0.1483
2025-09-01 14:00:00,24550,PE,1142.54,1141.78,1139.62,1141.0,342,32023,0.1445
2025-09-01 14:00:00,24600,CE,337.49,337.61,330.11,336.34,312,19260,0.147
2025-09-01 14:00:00,24600,PE,1189.94,1225.54,1181.18,1183.59,105,23347,0.1526
2025-09-01 14:00:00,24650,CE,323.44,330.3,320.33,324.76,318,20827,0.148
2025-09-01 14:00:00,24650,PE,1198.53,1199.56,1184.09,1193.33,417,26302,0.1462
2025-09-01 14:00:00,24700,CE,329.81,331.71,328.22,329.27,126,24765,0.1458
2025-09-01 14:00:00,24700,PE,1259.83,1276.8,1262.9,1269.64,229,23333,0.1476
2025-09-01 14:00:00,24750,CE,324.88,329.06,321.66,322.89,38,20334,0.1489
2025-09-01 14:00:00,24750,PE,1330.87,1343.88,1314.9,1323.47,380,24262,0.1471
2025-09-01 14:00:00,24800,CE,359.63,365.85,362.64,363.88,328,22239,0.1485
2025-09-01 14:00:00,24800,PE,1364.89,1388.16,1368.98,1381.25,324,17930,0.1448
2025-09-01 14:00:00,24850,CE,328.74,329.68,326.54,328.45,367,21360,0.1445
2025-09-01 14:00:00,24850,PE,1420.25,1435.72,1427.53,1428.79,316,23298,0.1448
2025-09-01 14:00:00,24900,CE,375.4,379.44,369.6,372.73,98,22869,0.1509
2025-09-01 14:00:00,24900,PE,1429.14,1450.3,1434.47,1444.63,225,29439,0.1483
2025-09-01 14:05:00,23500,CE,685.49,695.65,676.97,686.21,805,46352,0.1478
2025-09-01 14:05:00,23500,PE,346.05,345.18,338.68,342.09,215,47398,0.1474
2025-09-01 14:05:00,23550,CE,620.57,623.03,602.61,615.36,484,49688,0.1496
2025-09-01 14:05:00,23550,PE,358.77,366.58,364.36,365.48,558,43030,0.1474
2025-09-01 14:05:00,23600,CE,577.17,581.64,580.37,581.45,262,55707,0.1515
2025-09-01 14:05:00,23600,PE,328.41,325.61,325.07,325.53,627,52072,0.1519
2025-09-01 14:05:00,23650,CE,489.79,500.91,492.66,498.25,201,62544,0.1479
2025-09-01 14:05:00,23650,PE,356.39,364.84,359.02,359.54,1053,58263,0.1478
2025-09-01 14:05:00,23700,CE,462.37,459.96,455.94,459.59,1096,67563,0.1459
2025-09-01 14:05:00,23700,PE,334.04,337.24,328.68,333.51,278,63538,0.1463
2025-09-01 14:05:00,23750,CE,437.45,446.14,430.81,434.26,922,71455,0.147
2025-09-01 14:05:00,23750,PE,369.17,372.56,363.76,365.27,1168,74748,0.1471
2025-09-01 14:05:00,23800,CE,382.93,387.53,375.83,376.09,1462,87560,0.1507
2025-09-01 14:05:00,23800,PE,342.53,352.9,339.01,342.17,497,86180,0.1465
2025-09-01 14:05:00,23850,CE,357.94,362.85,358.09,362.04,518,77295,0.1495
2025-09-01 14:05:00,23850,PE,385.91,384.89,380.3,382.74,1384,77262,0.1489
2025-09-01 14:05:00,23900,CE,351.7,357.54,352.37,355.4,36,71548,0.1455
2025-09-01 14:05:00,23900,PE,415.85,422.09,407.67,416.3,429,65818,0.148
2025-09-01 14:05:00,23950,CE,311.71,311.67,306.76,311.08,710,59760,0.1465
2025-09-01 14:05:00,23950,PE,457.99,462.76,456.96,459.1,925,58276,0.1491
2025-09-01 14:05:00,24000,CE,370.62,368.74,364.29,364.55,509,58509,0.1509
2025-09-01 14:05:00,24000,PE,493.2,502.07,500.73,501.41,330,58444,0.1468
2025-09-01 14:05:00,24050,CE,338.45,340.7,335.66,336.36,992,60019,0.1466
2025-09-01 14:05:00,24050,PE,552.14,562.3,555.85,556.91,978,52645,0.1444
2025-09-01 14:05:00,24100,CE,344.38,350.73,347.62,349.12,18,42288,0.1449
2025-09-01 14:05:00,24100,PE,602.51,619.56,610.25,610.47,330,44926,0.1474
2025-09-01 14:05:00,24150,CE,353.67,359.83,355.77,356.76,399,45479,0.1478
2025-09-01 14:05:00,24150,PE,662.7,670.19,660.79,666.3,640,47495,0.144
2025-09-01 14:05:00,24200,CE,321.64,321.21,316.74,318.13,740,41918,0.1455
2025-09-01 14:05:00,24200,PE,706.12,707.07,695.25,699.77,29,40227,0.146
2025-09-01 14:05:00,24250,CE,341.12,340.4,339.1,339.36,154,33274,0.1497
2025-09-01 14:05:00,24250,PE,775.91,791.98,767.45,776.12,542,40847,0.1462
2025-09-01 14:05:00,24300,CE,325.53,329.0,321.9,326.22,404,33351,0.1493
2025-09-01 14:05:00,24300,PE,782.2,788.05,782.66,785.77,426,34469,0.1452
2025-09-01 14:05:00,24350,CE,334.44,341.58,335.97,337.05,131,29453,0.1449
2025-09-01 14:05:00,24350,PE,841.2,866.65,847.96,852.54,282,32484,0.1466
2025-09-01 14:05:00,24400,CE,364.38,371.14,364.3,364.88,493,28892,0.1535
2025-09-01 14:05:00,24400,PE,949.83,959.05,930.69,943.89,542,27618,0.1498
2025-09-01 14:05:00,24450,CE,345.59,351.93,346.58,347.91,138,36424,0.1481
2025-09-01 14:05:00,24450,PE,961.59,981.75,968.03,968.32,103,27828,0.1454
2025-09-01 14:05:00,24500,CE,339.82,351.03,340.68,344.28,492,31384,0.1467
2025-09-01 14:05:00,24500,PE,1010.31,1020.55,1000.79,1011.78,268,32503,0.1494
2025-09-01 14:05:00,24550,CE,322.33,320.45,315.24,316.02,101,24197,0.1472
2025-09-01 14:05:00,24550,PE,1055.94,1056.23,1035.07,1055.71,325,32319,0.1457
2025-09-01 14:05:00,24600,CE,351.47,352.43,348.72,351.31,136,19425,0.1502
2025-09-01 14:05:00,24600,PE,1131.39,1147.31,1126.52,1132.78,377,23402,0.1492
2025-09-01 14:05:00,24650,CE,343.36,350.29,342.11,346.14,80,21397,0.1474
2025-09-01 14:05:00,24650,PE,1162.61,1180.77,1163.81,1164.9,167,26197,0.1512
2025-09-01 14:05:00,24700,CE,326.76,328.85,325.24,325.72,252,24446,0.1473
2025-09-01 14:05:00,24700,PE,1234.1,1235.67,1204.93,1223.98,38,23740,0.147
2025-09-01 14:05:00,24750,CE,339.04,344.33,337.98,343.37,315,19956,0.1469
2025-09-01 14:05:00,24750,PE,1242.81,1253.18,1240.51,1250.69,218,24556,0.1447
2025-09-01 14:05:00,24800,CE,342.59,343.68,342.27,343.62,393,22752,0.1475
2025-09-01 14:05:00,24800,PE,1327.28,1356.51,1329.03,1340.22,32,18315,0.1492
2025-09-01 14:05:00,24850,CE,337.39,346.07,338.5,340.08,60,21519,0.1464
2025-09-01 14:05:00,24850,PE,1356.09,1400.34,1373.64,1374.0,230,23805,0.1451
2025-09-01 14:05:00,24900,CE,325.93,331.18,318.67,325.37,218,22855,0.1469
2025-09-01 14:05:00,24900,PE,1372.71,1390.37,1374.03,1385.32,227,28929,0.1463
2025-09-01 14:10:00,23500,CE,658.23,659.43,652.82,655.3,37,46633,0.1446
2025-09-01 14:10:00,23500,PE,352.07,365.73,350.26,354.86,408,47658,0.1446
2025-09-01 14:10:00,23550,CE,655.07,647.72,637.64,645.68,433,50126,0.1494
2025-09-01 14:10:00,23550,PE,342.41,346.82,339.72,345.63,284,42917,0.1461
2025-09-01 14:10:00,23600,CE,587.49,590.76,588.6,589.75,267,55281,0.1476
2025-09-01 14:10:00,23600,PE,335.11,351.82,337.78,339.88,127,51595,0.1485
2025-09-01 14:10:00,23650,CE,525.9,523.89,520.83,522.44,122,62358,0.1457
2025-09-01 14:10:00,23650,PE,303.48,308.9,306.98,308.6,486,58614,0.1434
2025-09-01 14:10:00,23700,CE,490.19,492.52,488.51,490.57,990,67588,0.1472
2025-09-01 14:10:00,23700,PE,383.58,381.22,378.0,380.19,717,63142,0.1452
2025-09-01 14:10:00,23750,CE,446.62,439.16,435.82,438.24,372,71145,0.1457
2025-09-01 14:10:00,23750,PE,320.5,329.09,324.6,324.68,684,74566,0.1465
2025-09-01 14:10:00,23800,CE,394.03,393.8,387.37,390.93,351,87536,0.1476
2025-09-01 14:10:00,23800,PE,340.03,341.25,334.2,337.85,209,86587,0.1446
2025-09-01 14:10:00,23850,CE,336.85,340.54,334.9,337.53,1321,77885,0.1503
2025-09-01 14:10:00,23850,PE,373.86,379.13,376.21,378.05,486,77381,0.1502
2025-09-01 14:10:00,23900,CE,356.1,359.69,351.74,353.27,1205,71415,0.1465
2025-09-01 14:10:00,23900,PE,407.15,414.21,406.23,409.15,1382,65438,0.147
2025-09-01 14:10:00,23950,CE,332.47,332.13,328.51,330.12,238,59773,0.1492
2025-09-01 14:10:00,23950,PE,437.72,453.27,440.99,446.3,471,58411,0.1454
2025-09-01 14:10:00,24000,CE,344.19,349.35,338.96,344.78,975,58301,0.1467
2025-09-01 14:10:00,24000,PE,499.42,501.47,498.38,499.93,849,58232,0.1467
2025-09-01 14:10:00,24050,CE,363.55,366.23,362.53,362.85,60,60413,0.1495
2025-09-01 14:10:00,24050,PE,543.89,548.83,531.08,543.45,543,52836,0.1446
2025-09-01 14:10:00,24100,CE,355.97,358.08,356.39,357.57,356,42228,0.1499
2025-09-01 14:10:00,24100,PE,610.41,624.35,615.89,616.38,764,44995,0.1504
2025-09-01 14:10:00,24150,CE,338.06,341.72,334.05,340.48,137,45484,0.1483
2025-09-01 14:10:00,24150,PE,633.02,640.86,632.59,636.35,126,47104,0.1488
2025-09-01 14:10:00,24200,CE,324.12,322.17,319.99,320.3,771,42362,0.149
2025-09-01 14:10:00,24200,PE,719.09,725.03,715.25,716.38,680,39736,0.1496
2025-09-01 14:10:00,24250,CE,327.53,323.84,320.79,322.01,724,32929,0.146
2025-09-01 14:10:00,24250,PE,766.28,771.16,761.0,763.99,139,40921,0.1473
2025-09-01 14:10:00,24300,CE,351.8,352.19,345.03,349.02,264,33304,0.1503
2025-09-01 14:10:00,24300,PE,788.2,795.05,786.37,789.7,587,34583,0.1481
2025-09-01 14:10:00,24350,CE,335.31,335.27,331.37,333.35,197,29956,0.147
2025-09-01 14:10:00,24350,PE,849.58,877.66,849.84,852.32,450,32227,0.1435
2025-09-01 14:10:00,24400,CE,345.04,352.01,340.12,342.38,41,28472,0.1487
2025-09-01 14:10:00,24400,PE,904.3,905.02,901.62,904.02,129,27163,0.1512
2025-09-01 14:10:00,24450,CE,350.8,349.23,345.7,346.5,521,35894,0.145
2025-09-01 14:10:00,24450,PE,950.65,960.39,938.94,947.42,534,28176,0.1481
2025-09-01 14:10:00,24500,CE,337.01,335.25,334.24,334.72,48,31332,0.147
2025-09-01 14:10:00,24500,PE,1010.88,1018.86,1010.68,1012.5,12,32209,0.1503
2025-09-01 14:10:00,24550,CE,334.57,333.76,330.11,332.38,142,24405,0.1446
2025-09-01 14:10:00,24550,PE,1068.67,1073.75,1055.07,1059.24,103,32651,0.1519
2025-09-01 14:10:00,24600,CE,348.12,350.22,348.64,348.96,341,19949,0.1459
2025-09-01 14:10:00,24600,PE,1099.51,1113.63,1107.8,1109.76,268,23281,0.1477
2025-09-01 14:10:00,24650,CE,346.22,353.46,345.71,347.8,332,21624,0.1501
2025-09-01 14:10:00,24650,PE,1182.36,1199.35,1151.68,1163.37,102,25921,0.1466
2025-09-01 14:10:00,24700,CE,344.82,343.8,336.91,341.4,283,24884,0.1456
2025-09-01 14:10:00,24700,PE,1201.25,1196.55,1187.7,1192.01,233,24230,0.145
2025-09-01 14:10:00,24750,CE,344.37,358.35,345.05,346.18,232,20112,0.1484
2025-09-01 14:10:00,24750,PE,1256.37,1277.87,1252.28,1258.7,158,24746,0.1503
2025-09-01 14:10:00,24800,CE,324.3,329.65,326.02,327.07,37,22943,0.1478
2025-09-01 14:10:00,24800,PE,1276.57,1273.94,1269.18,1270.03,166,18424,0.1436
2025-09-01 14:10:00,24850,CE,335.53,338.23,331.61,334.39,383,21445,0.1465
2025-09-01 14:10:00,24850,PE,1355.0,1345.94,1325.94,1341.39,264,24093,0.1453
2025-09-01 14:10:00,24900,CE,343.31,346.45,339.33,344.55,67,23426,0.1446
2025-09-01 14:10:00,24900,PE,1434.48,1422.84,1384.45,1416.13,210,29223,0.1459
2025-09-01 14:15:00,23500,CE,707.86,708.12,693.63,701.1,116,46404,0.1523
2025-09-01 14:15:00,23500,PE,349.85,349.84,345.09,347.79,777,47658,0.1498
2025-09-01 14:15:00,23550,CE,599.62,617.47,597.25,601.48,33,50242,0.1515
2025-09-01 14:15:00,23550,PE,318.78,324.3,320.89,321.55,770,42415,0.1456
2025-09-01 14:15:00,23600,CE,575.06,573.34,569.34,572.41,201,55271,0.1463
2025-09-01 14:15:00,23600,PE,328.26,336.51,329.47,329.68,406,51117,0.145
2025-09-01 14:15:00,23650,CE,504.13,515.99,510.9,512.81,225,62370,0.1466
2025-09-01 14:15:00,23650,PE,323.58,323.8,321.77,323.62,666,58118,0.1509
2025-09-01 14:15:00,23700,CE,473.2,482.06,468.41,475.98,892,67421,0.146
2025-09-01 14:15:00,23700,PE,360.37,359.9,352.08,356.04,1234,63687,0.1472
2025-09-01 14:15:00,23750,CE,439.6,449.59,441.95,445.18,880,70553,0.1444
2025-09-01 14:15:00,23750,PE,328.39,330.7,321.34,324.06,199,74295,0.1451
2025-09-01 14:15:00,23800,CE,378.51,391.18,375.72,376.19,738,87382,0.1506
2025-09-01 14:15:00,23800,PE,342.26,346.1,338.81,341.93,1279,86695,0.1463
2025-09-01 14:15:00,23850,CE,337.63,339.08,338.33,338.33,511,78443,0.1465
2025-09-01 14:15:00,23850,PE,340.39,346.04,343.24,345.45,1489,77548,0.1483
2025-09-01 14:15:00,23900,CE,331.52,336.68,332.68,334.01,329,71887,0.1484
2025-09-01 14:15:00,23900,PE,393.3,396.18,389.55,392.0,1045,65033,0.1451
2025-09-01 14:15:00,23950,CE,342.28,352.38,344.04,346.75,234,59519,0.1472
2025-09-01 14:15:00,23950,PE,450.61,455.62,450.41,452.22,792,58875,0.1495
2025-09-01 14:15:00,24000,CE,338.55,349.45,338.48,338.86,169,57707,0.1504
2025-09-01 14:15:00,24000,PE,487.81,493.67,479.27,481.03,762,58176,0.1451
2025-09-01 14:15:00,24050,CE,329.9,334.65,326.51,329.38,93,60356,0.1431
2025-09-01 14:15:00,24050,PE,569.89,572.44,564.42,566.7,55,53371,0.1468
2025-09-01 14:15:00,24100,CE,359.49,357.74,354.3,356.27,784,42167,0.1491
2025-09-01 14:15:00,24100,PE,604.8,617.61,603.18,609.13,749,45482,0.1466
2025-09-01 14:15:00,24150,CE,318.05,322.59,320.15,320.81,38,45586,0.1434
2025-09-01 14:15:00,24150,PE,641.2,657.28,641.5,649.82,195,46863,0.1458
2025-09-01 14:15:00,24200,CE,326.97,330.05,323.5,326.91,492,41939,0.1453
2025-09-01 14:15:00,24200,PE,702.96,713.52,692.46,702.93,706,39724,0.147
2025-09-01 14:15:00,24250,CE,330.99,328.92,322.77,327.14,621,32350,0.1484
2025-09-01 14:15:00,24250,PE,779.22,786.41,766.66,777.65,566,40723,0.148
2025-09-01 14:15:00,24300,CE,322.26,321.51,319.63,319.89,473,33331,0.1447
2025-09-01 14:15:00,24300,PE,813.3,833.11,817.62,824.05,387,34652,0.1481
2025-09-01 14:15:00,24350,CE,352.36,355.46,350.17,350.7,306,29888,0.147
2025-09-01 14:15:00,24350,PE,862.79,872.26,848.14,860.07,607,32783,0.1487
2025-09-01 14:15:00,24400,CE,361.17,373.49,354.77,355.85,349,28049,0.1487
2025-09-01 14:15:00,24400,PE,884.87,882.89,878.82,880.45,40,27759,0.1438
2025-09-01 14:15:00,24450,CE,319.97,321.85,319.01,320.49,109,36123,0.1489
2025-09-01 14:15:00,24450,PE,956.94,969.18,951.83,955.76,396,28565,0.1444
2025-09-01 14:15:00,24500,CE,338.47,339.58,336.66,338.37,167,31493,0.143
2025-09-01 14:15:00,24500,PE,1036.26,1049.58,1028.65,1033.78,244,31866,0.1467
2025-09-01 14:15:00,24550,CE,330.74,334.77,328.18,329.45,365,24705,0.1475
2025-09-01 14:15:00,24550,PE,1063.18,1074.41,1067.45,1068.39,262,33068,0.1464
2025-09-01 14:15:00,24600,CE,350.7,353.22,349.69,351.33,298,20251,0.1489
2025-09-01 14:15:00,24600,PE,1117.22,1134.48,1123.44,1129.38,358,23729,0.1461
2025-09-01 14:15:00,24650,CE,354.39,359.51,355.04,357.27,292,21100,0.1459
2025-09-01 14:15:00,24650,PE,1141.89,1156.06,1146.1,1150.91,436,26475,0.1458
2025-09-01 14:15:00,24700,CE,330.44,340.52,331.57,331.63,318,25411,0.1474
2025-09-01 14:15:00,24700,PE,1219.5,1223.37,1211.52,1217.76,95,24706,0.1465
2025-09-01 14:15:00,24750,CE,356.97,362.42,356.56,358.16,59,20276,0.1486
2025-09-01 14:15:00,24750,PE,1273.17,1293.09,1260.4,1277.7,216,25162,0.1496
2025-09-01 14:15:00,24800,CE,366.36,365.91,358.81,364.46,216,23068,0.1484
2025-09-01 14:15:00,24800,PE,1311.55,1321.58,1306.45,1310.9,130,18414,0.1445
2025-09-01 14:15:00,24850,CE,357.09,361.16,354.51,355.9,145,21962,0.1469
2025-09-01 14:15:00,24850,PE,1335.65,1372.47,1352.44,1364.81,211,23742,0.1443
2025-09-01 14:15:00,24900,CE,341.11,342.37,339.52,340.25,22,23847,0.144
2025-09-01 14:15:00,24900,PE,1384.1,1423.42,1389.27,1395.12,233,29151,0.1428
2025-09-01 14:20:00,23500,CE,622.29,612.28,609.98,611.19,272,46154,0.1468
2025-09-01 14:20:00,23500,PE,342.53,342.15,340.25,340.78,578,47665,0.147
2025-09-01 14:20:00,23550,CE,559.66,560.79,549.53,553.26,548,50406,0.1475
2025-09-01 14:20:00,23550,PE,347.93,358.12,349.65,350.55,942,42034,0.1458
2025-09-01 14:20:00,23600,CE,495.72,503.5,501.11,502.51,717,55572,0.1463
2025-09-01 14:20:00,23600,PE,366.08,369.91,367.43,368.42,562,50990,0.1451
2025-09-01 14:20:00,23650,CE,448.43,455.78,447.71,449.05,680,62614,0.1482
2025-09-01 14:20:00,23650,PE,340.7,343.31,338.92,339.48,450,57706,0.1457
2025-09-01 14:20:00,23700,CE,421.64,433.97,426.16,426.71,143,66888,0.1481
2025-09-01 14:20:00,23700,PE,336.77,344.0,332.9,333.4,1320,63280,0.1493
2025-09-01 14:20:00,23750,CE,356.68,357.06,350.5,356.54,1137,70169,0.1462
2025-09-01 14:20:00,23750,PE,355.48,359.89,355.21,356.59,910,74608,0.1505
2025-09-01 14:20:00,23800,CE,329.43,346.54,330.8,332.55,256,87373,0.1493
2025-09-01 14:20:00,23800,PE,370.43,376.86,369.7,371.34,692,87011,0.1455
2025-09-01 14:20:00,23850,CE,332.96,338.25,334.1,335.52,789,78739,0.1454
2025-09-01 14:20:00,23850,PE,442.2,440.53,439.62,440.34,818,77242,0.1455
2025-09-01 14:20:00,23900,CE,337.05,339.7,334.29,336.26,694,72380,0.1465
2025-09-01 14:20:00,23900,PE,489.47,487.33,476.29,486.01,503,65355,0.1459
2025-09-01 14:20:00,23950,CE,374.31,384.27,377.83,378.14,724,59021,0.1478
2025-09-01 14:20:00,23950,PE,523.8,529.29,517.27,522.75,109,58961,0.1456
2025-09-01 14:20:00,24000,CE,321.57,322.72,315.04,322.56,202,57602,0.1476
2025-09-01 14:20:00,24000,PE,566.77,566.3,560.84,563.94,443,58127,0.1458
2025-09-01 14:20:00,24050,CE,329.07,334.98,324.18,328.84,648,60196,0.1462
2025-09-01 14:20:00,24050,PE,626.63,628.27,620.63,624.96,103,53366,0.1489
2025-09-01 14:20:00,24100,CE,331.02,332.64,328.87,330.89,707,41993,0.1517
2025-09-01 14:20:00,24100,PE,683.11,678.73,668.01,677.55,625,45437,0.1505
2025-09-01 14:20:00,24150,CE,329.79,334.83,323.73,327.28,156,45639,0.1441
2025-09-01 14:20:00,24150,PE,723.25,723.06,721.12,721.29,369,47139,0.1443
2025-09-01 14:20:00,24200,CE,337.81,340.05,334.11,335.71,485,41520,0.1462
2025-09-01 14:20:00,24200,PE,772.3,777.1,775.24,776.04,51,39284,0.1486
2025-09-01 14:20:00,24250,CE,337.19,339.17,332.57,335.62,440,32347,0.1465
2025-09-01 14:20:00,24250,PE,826.27,829.41,820.51,824.83,254,40692,0.1467
2025-09-01 14:20:00,24300,CE,329.9,334.64,329.18,331.01,10,33407,0.1469
2025-09-01 14:20:00,24300,PE,902.51,895.85,876.22,892.68,107,34788,0.1491
2025-09-01 14:20:00,24350,CE,329.96,339.51,330.6,333.8,99,29616,0.1506
2025-09-01 14:20:00,24350,PE,927.98,930.33,920.47,926.2,547,32960,0.1442
2025-09-01 14:20:00,24400,CE,338.98,343.04,331.73,336.14,485,28043,0.1442
2025-09-01 14:20:00,24400,PE,983.77,988.15,974.59,986.04,398,27754,0.1482
2025-09-01 14:20:00,24450,CE,346.21,355.44,347.05,349.04,329,36235,0.1475
2025-09-01 14:20:00,24450,PE,1034.2,1036.68,1023.01,1027.47,10,28699,0.1452
2025-09-01 14:20:00,24500,CE,331.98,336.69,335.31,335.94,71,31633,0.1483
2025-09-01 14:20:00,24500,PE,1036.97,1051.19,1030.73,1038.85,66,32262,0.1491
2025-09-01 14:20:00,24550,CE,338.34,339.98,335.43,336.09,278,24704,0.1501
2025-09-01 14:20:00,24550,PE,1171.34,1170.26,1160.55,1165.73,441,33597,0.1472
2025-09-01 14:20:00,24600,CE,354.3,353.49,349.76,351.26,131,20786,0.1476
2025-09-01 14:20:00,24600,PE,1199.13,1202.12,1178.02,1184.71,194,23531,0.1493
2025-09-01 14:20:00,24650,CE,346.23,345.67,344.89,345.22,405,21557,0.1494
2025-09-01 14:20:00,24650,PE,1207.88,1225.01,1209.16,1213.48,368,26380,0.1477
2025-09-01 14:20:00,24700,CE,337.09,336.87,330.92,335.1,245,25980,0.1477
2025-09-01 14:20:00,24700,PE,1308.7,1304.63,1288.98,1298.3,23,25218,0.1482
2025-09-01 14:20:00,24750,CE,355.61,363.44,354.37,356.31,370,20203,0.146
2025-09-01 14:20:00,24750,PE,1362.11,1383.42,1362.53,1363.96,21,24981,0.1496
2025-09-01 14:20:00,24800,CE,345.93,351.07,344.13,344.8,45,23291,0.1456
2025-09-01 14:20:00,24800,PE,1377.18,1390.4,1363.53,1375.09,139,18255,0.1472
2025-09-01 14:20:00,24850,CE,325.01,327.28,318.92,322.38,209,22154,0.1441
2025-09-01 14:20:00,24850,PE,1430.91,1456.8,1421.31,1434.81,52,23647,0.1499
2025-09-01 14:20:00,24900,CE,338.88,341.34,335.93,340.43,38,23849,0.1472
2025-09-01 14:20:00,24900,PE,1531.64,1520.3,1513.78,1516.41,121,29005,0.1494
2025-09-01 14:25:00,23500,CE,583.47,595.72,589.05,591.51,189,46510,0.1453
2025-09-01 14:25:00,23500,PE,351.46,357.48,348.49,352.27,284,47786,0.1498
2025-09-01 14:25:00,23550,CE,509.52,515.85,506.59,510.23,702,50625,0.1456
2025-09-01 14:25:00,23550,PE,339.57,338.25,334.74,335.74,25,42419,0.1482
2025-09-01 14:25:00,23600,CE,479.94,481.91,476.22,478.07,795,55927,0.1442
2025-09-01 14:25:00,23600,PE,348.21,354.67,349.34,351.12,900,51001,0.147
2025-09-01 14:25:00,23650,CE,412.17,423.27,410.3,413.66,1028,62319,0.1463
2025-09-01 14:25:00,23650,PE,374.2,381.83,372.46,374.55,483,57542,0.1461
2025-09-01 14:25:00,23700,CE,382.99,388.69,382.16,382.61,637,66950,0.1462
2025-09-01 14:25:00,23700,PE,326.4,339.06,331.77,332.61,1180,62966,0.1475
2025-09-01 14:25:00,23750,CE,344.95,344.42,339.83,340.37,579,70505,0.1501
2025-09-01 14:25:00,23750,PE,370.95,376.01,368.43,372.41,1341,74283,0.1524
2025-09-01 14:25:00,23800,CE,366.55,371.18,364.04,366.98,172,87175,0.1494
2025-09-01 14:25:00,23800,PE,402.36,400.62,394.34,396.37,194,87170,0.146
2025-09-01 14:25:00,23850,CE,361.24,367.46,356.8,358.27,923,78976,0.1485
2025-09-01 14:25:00,23850,PE,467.44,468.11,463.35,467.96,446,77115,0.1463
2025-09-01 14:25:00,23900,CE,363.3,363.77,362.16,363.11,557,72686,0.1539
2025-09-01 14:25:00,23900,PE,467.27,480.07,473.29,474.4,1075,65837,0.1429
2025-09-01 14:25:00,23950,CE,321.44,328.56,324.11,328.01,354,58618,0.1466
2025-09-01 14:25:00,23950,PE,560.46,567.92,563.83,565.58,68,59460,0.1533
2025-09-01 14:25:00,24000,CE,333.65,339.52,330.34,332.63,869,57647,0.1478
2025-09-01 14:25:00,24000,PE,590.39,590.25,581.37,589.52,77,58065,0.1447
2025-09-01 14:25:00,24050,CE,331.89,337.28,327.96,332.43,613,60551,0.1495
2025-09-01 14:25:00,24050,PE,640.68,650.95,642.32,648.67,662,53706,0.1493
2025-09-01 14:25:00,24100,CE,340.35,349.44,344.1,344.84,86,42212,0.1442
2025-09-01 14:25:00,24100,PE,701.33,714.65,699.51,706.74,771,45327,0.1456
2025-09-01 14:25:00,24150,CE,355.41,359.36,354.19,355.34,376,45359,0.1512
2025-09-01 14:25:00,24150,PE,737.93,749.97,737.57,741.25,580,46971,0.1438
2025-09-01 14:25:00,24200,CE,352.73,351.26,344.37,348.86,664,41607,0.148
2025-09-01 14:25:00,24200,PE,803.96,811.97,787.5,804.21,237,39360,0.1479
2025-09-01 14:25:00,24250,CE,335.26,333.31,329.1,332.27,35,32855,0.1431
2025-09-01 14:25:00,24250,PE,853.29,860.64,853.21,855.72,294,40640,0.1458
2025-09-01 14:25:00,24300,CE,325.12,328.82,320.66,326.86,248,33606,0.1475
2025-09-01 14:25:00,24300,PE,911.96,920.36,896.62,913.47,465,34980,0.1461
2025-09-01 14:25:00,24350,CE,315.54,313.73,312.91,313.24,78,29894,0.1449
2025-09-01 14:25:00,24350,PE,979.78,981.81,979.03,979.4,364,33549,0.1488
2025-09-01 14:25:00,24400,CE,327.45,330.58,327.09,329.34,147,28405,0.1475
2025-09-01 14:25:00,24400,PE,1002.82,1018.5,994.61,998.45,466,27201,0.1475
2025-09-01 14:25:00,24450,CE,304.61,304.25,300.41,300.93,462,36608,0.1459
2025-09-01 14:25:00,24450,PE,1054.33,1051.83,1038.24,1048.45,406,29298,0.1464
2025-09-01 14:25:00,24500,CE,329.48,338.56,330.33,332.76,102,31078,0.1473
2025-09-01 14:25:00,24500,PE,1089.23,1116.76,1098.97,1101.28,297,32378,0.1469
2025-09-01 14:25:00,24550,CE,339.94,351.18,339.16,342.34,392,24823,0.1444
2025-09-01 14:25:00,24550,PE,1141.02,1151.59,1144.92,1146.61,57,33626,0.1494
2025-09-01 14:25:00,24600,CE,338.57,344.23,338.12,340.87,173,21236,0.1469
2025-09-01 14:25:00,24600,PE,1180.57,1202.39,1184.98,1186.66,310,23908,0.1454
2025-09-01 14:25:00,24650,CE,346.92,361.12,351.52,354.02,309,21163,0.1482
2025-09-01 14:25:00,24650,PE,1236.73,1266.92,1229.92,1244.13,361,25903,0.1462
2025-09-01 14:25:00,24700,CE,351.26,353.11,347.16,351.05,111,25579,0.1473
2025-09-01 14:25:00,24700,PE,1323.18,1331.63,1318.8,1319.71,42,25682,0.1472
2025-09-01 14:25:00,24750,CE,331.67,332.55,323.75,331.99,57,19721,0.1458
2025-09-01 14:25:00,24750,PE,1354.29,1383.57,1359.31,1369.67,42,25156,0.1423
2025-09-01 14:25:00,24800,CE,363.18,367.79,360.01,364.89,90,23510,0.1473
2025-09-01 14:25:00,24800,PE,1422.69,1424.08,1394.33,1414.02,103,17916,0.1442
2025-09-01 14:25:00,24850,CE,356.02,353.6,351.57,353.26,64,21829,0.1499
2025-09-01 14:25:00,24850,PE,1446.42,1476.88,1459.24,1471.6,89,24049,0.1477
2025-09-01 14:25:00,24900,CE,351.28,350.97,343.61,350.39,187,23753,0.1463
2025-09-01 14:25:00,24900,PE,1539.05,1546.71,1538.29,1540.83,312,29004,0.1504
2025-09-01 14:30:00,23500,CE,587.61,595.83,584.25,589.64,798,46386,0.1487
2025-09-01 14:30:00,23500,PE,355.3,358.29,352.49,354.55,892,47405,0.1482
2025-09-01 14:30:00,23550,CE,578.69,585.08,581.34,581.52,522,50552,0.1495
2025-09-01 14:30:00,23550,PE,345.95,350.76,340.56,346.01,890,42142,0.149
2025-09-01 14:30:00,23600,CE,506.48,520.62,503.65,506.2,393,55687,0.146
2025-09-01 14:30:00,23600,PE,345.0,347.68,341.12,344.62,696,50643,0.1486
2025-09-01 14:30:00,23650,CE,468.74,472.23,464.03,467.46,606,62470,0.1478
2025-09-01 14:30:00,23650,PE,326.0,324.41,319.34,322.39,285,57286,0.1473
2025-09-01 14:30:00,23700,CE,398.36,403.26,396.18,396.49,220,66548,0.1461
2025-09-01 14:30:00,23700,PE,333.35,334.43,330.42,332.62,1320,63336,0.1515
2025-09-01 14:30:00,23750,CE,378.38,373.06,366.93,372.77,344,70596,0.1461
2025-09-01 14:30:00,23750,PE,345.34,346.88,344.15,345.86,200,74713,0.1528
2025-09-01 14:30:00,23800,CE,337.47,341.96,337.39,338.01,1250,87512,0.148
2025-09-01 14:30:00,23800,PE,361.9,367.33,361.19,362.24,529,87016,0.1492
2025-09-01 14:30:00,23850,CE,337.38,342.75,335.1,336.78,1232,79050,0.1435
2025-09-01 14:30:00,23850,PE,408.45,413.3,408.09,408.89,827,77699,0.1461
2025-09-01 14:30:00,23900,CE,363.19,370.03,359.9,360.67,1017,72515,0.1501
2025-09-01 14:30:00,23900,PE,466.78,476.11,467.52,467.99,80,65524,0.1488
2025-09-01 14:30:00,23950,CE,325.44,329.46,327.86,328.41,834,58213,0.143
2025-09-01 14:30:00,23950,PE,508.46,507.1,505.56,506.55,346,59987,0.1461
2025-09-01 14:30:00,24000,CE,336.81,343.48,341.04,342.39,442,57346,0.1467
2025-09-01 14:30:00,24000,PE,607.71,612.46,602.85,603.46,549,58578,0.1472
2025-09-01 14:30:00,24050,CE,372.38,376.81,370.4,375.34,204,60661,0.1516
2025-09-01 14:30:00,24050,PE,633.1,638.16,623.59,632.5,717,53814,0.1534
2025-09-01 14:30:00,24100,CE,362.89,362.6,360.18,360.22,728,42092,0.1488
2025-09-01 14:30:00,24100,PE,674.42,687.5,670.91,675.19,656,45202,0.146
2025-09-01 14:30:00,24150,CE,348.8,355.27,346.28,347.65,57,45143,0.1452
2025-09-01 14:30:00,24150,PE,710.99,721.22,707.11,714.68,119,47246,0.147
2025-09-01 14:30:00,24200,CE,349.37,348.16,343.95,347.27,290,41893,0.1467
2025-09-01 14:30:00,24200,PE,794.2,813.52,794.08,796.67,532,39397,0.151
2025-09-01 14:30:00,24250,CE,368.02,375.52,370.2,370.55,614,32793,0.1478
2025-09-01 14:30:00,24250,PE,809.78,805.17,799.16,799.89,460,40802,0.1485
2025-09-01 14:30:00,24300,CE,340.36,343.61,338.26,340.49,444,33595,0.145
2025-09-01 14:30:00,24300,PE,844.97,851.9,838.05,847.38,271,35369,0.1464
2025-09-01 14:30:00,24350,CE,363.26,363.2,360.89,361.69,527,29372,0.1475
2025-09-01 14:30:00,24350,PE,917.36,922.96,911.82,921.87,571,34032,0.1508
2025-09-01 14:30:00,24400,CE,366.91,365.47,362.55,363.68,326,28434,0.1487
2025-09-01 14:30:00,24400,PE,952.94,956.64,946.62,949.32,257,27212,0.1513
2025-09-01 14:30:00,24450,CE,347.9,342.59,336.1,339.54,99,36477,0.146
2025-09-01 14:30:00,24450,PE,1042.38,1038.1,1028.45,1037.79,495,29336,0.1487
2025-09-01 14:30:00,24500,CE,360.71,359.49,355.07,359.14,185,30742,0.1459
2025-09-01 14:30:00,24500,PE,1072.21,1079.67,1057.24,1068.58,385,32374,0.146
2025-09-01 14:30:00,24550,CE,327.16,330.48,325.16,330.02,277,24700,0.1518
2025-09-01 14:30:00,24550,PE,1126.4,1117.37,1115.74,1115.88,23,33378,0.1481
2025-09-01 14:30:00,24600,CE,320.19,319.85,317.52,319.75,270,20890,0.1471
2025-09-01 14:30:00,24600,PE,1141.64,1167.79,1152.04,1153.34,232,24340,0.1483
2025-09-01 14:30:00,24650,CE,345.74,355.18,349.04,349.99,87,21583,0.1472
2025-09-01 14:30:00,24650,PE,1250.61,1242.26,1211.19,1233.23,66,25885,0.1467
2025-09-01 14:30:00,24700,CE,337.69,344.83,342.76,343.13,271,25256,0.145
2025-09-01 14:30:00,24700,PE,1270.94,1289.13,1258.42,1281.15,100,25622,0.148
2025-09-01 14:30:00,24750,CE,331.04,332.55,327.62,329.32,14,20231,0.147
2025-09-01 14:30:00,24750,PE,1325.79,1326.03,1308.09,1322.17,107,25491,0.144
2025-09-01 14:30:00,24800,CE,330.26,334.68,332.32,332.51,114,23879,0.1475
2025-09-01 14:30:00,24800,PE,1382.96,1393.09,1369.71,1376.61,75,18159,0.1459
2025-09-01 14:30:00,24850,CE,319.73,318.41,315.72,316.87,267,22097,0.147
2025-09-01 14:30:00,24850,PE,1384.67,1426.15,1387.29,1401.2,25,23628,0.1435
2025-09-01 14:30:00,24900,CE,326.11,336.81,326.14,330.25,310,23569,0.1427
2025-09-01 14:30:00,24900,PE,1455.19,1471.15,1458.25,1461.12,286,29402,0.1495
2025-09-01 14:35:00,23500,CE,636.84,644.84,633.41,638.31,637,45998,0.1475
2025-09-01 14:35:00,23500,PE,366.6,382.14,367.3,369.22,315,46895,0.1497
2025-09-01 14:35:00,23550,CE,569.4,583.31,570.55,572.21,22,50967,0.1455
2025-09-01 14:35:00,23550,PE,325.27,327.94,326.15,327.3,486,42478,0.1462
2025-09-01 14:35:00,23600,CE,532.07,537.24,523.61,529.07,189,55276,0.1473
2025-09-01 14:35:00,23600,PE,342.0,348.06,340.02,343.44,636,50676,0.1466
2025-09-01 14:35:00,23650,CE,438.15,442.82,440.88,442.18,530,61920,0.1456
2025-09-01 14:35:00,23650,PE,331.74,340.1,336.57,336.93,346,56864,0.1488
2025-09-01 14:35:00,23700,CE,409.2,416.44,400.19,406.06,257,66256,0.149
2025-09-01 14:35:00,23700,PE,341.07,342.46,333.78,340.03,964,63580,0.1456
2025-09-01 14:35:00,23750,CE,355.79,364.26,355.37,358.23,1350,70361,0.1455
2025-09-01 14:35:00,23750,PE,346.52,348.4,342.9,345.72,918,75085,0.1467
2025-09-01 14:35:00,23800,CE,348.7,348.44,346.6,348.38,805,86940,0.1463
2025-09-01 14:35:00,23800,PE,352.8,361.77,353.19,353.89,821,86421,0.1422
2025-09-01 14:35:00,23850,CE,359.12,362.12,356.34,357.65,554,78809,0.1486
2025-09-01 14:35:00,23850,PE,410.88,415.68,404.79,409.57,1281,77976,0.1493
2025-09-01 14:35:00,23900,CE,353.65,352.32,348.6,351.6,814,73056,0.1488
2025-09-01 14:35:00,23900,PE,462.61,461.34,456.84,459.77,1156,65302,0.1441
2025-09-01 14:35:00,23950,CE,352.05,355.28,350.57,351.25,610,58281,0.1482
2025-09-01 14:35:00,23950,PE,504.9,512.25,499.95,504.71,43,59436,0.1477
2025-09-01 14:35:00,24000,CE,367.12,372.25,360.87,364.33,344,56747,0.1518
2025-09-01 14:35:00,24000,PE,585.24,590.66,582.29,584.58,684,57996,0.1479
2025-09-01 14:35:00,24050,CE,345.4,356.39,345.58,346.13,215,60177,0.1471
2025-09-01 14:35:00,24050,PE,616.69,611.17,610.02,610.09,455,54263,0.1441
2025-09-01 14:35:00,24100,CE,352.89,356.61,353.63,355.77,57,42261,0.1488
2025-09-01 14:35:00,24100,PE,669.61,676.35,670.5,671.33,452,45679,0.1468
2025-09-01 14:35:00,24150,CE,310.15,316.14,311.07,312.92,457,45544,0.1419
2025-09-01 14:35:00,24150,PE,723.64,727.7,709.46,713.76,529,47564,0.1416
2025-09-01 14:35:00,24200,CE,336.6,335.86,330.58,332.11,349,41717,0.1454
2025-09-01 14:35:00,24200,PE,770.43,782.32,780.26,780.36,367,38957,0.1473
2025-09-01 14:35:00,24250,CE,359.87,359.8,356.52,358.49,473,32317,0.1464
2025-09-01 14:35:00,24250,PE,830.77,819.67,811.62,818.92,616,40232,0.1498
2025-09-01 14:35:00,24300,CE,348.58,346.35,345.99,346.28,78,33208,0.1456
2025-09-01 14:35:00,24300,PE,864.43,868.26,862.62,864.47,121,34791,0.1449
2025-09-01 14:35:00,24350,CE,331.86,341.78,331.85,332.17,574,29597,0.1446
2025-09-01 14:35:00,24350,PE,950.46,960.24,941.32,943.34,181,33898,0.1461
2025-09-01 14:35:00,24400,CE,337.72,341.22,333.77,336.23,131,28467,0.1481
2025-09-01 14:35:00,24400,PE,1013.12,1018.06,988.61,996.67,223,27186,0.1489
2025-09-01 14:35:00,24450,CE,361.29,370.42,357.07,359.21,213,36217,0.1479
2025-09-01 14:35:00,24450,PE,1020.89,1037.33,1023.57,1024.8,267,28873,0.1476
2025-09-01 14:35:00,24500,CE,352.77,367.38,351.45,354.76,280,30792,0.1468
2025-09-01 14:35:00,24500,PE,1098.16,1108.33,1082.41,1090.11,66,32810,0.1449
2025-09-01 14:35:00,24550,CE,337.69,335.31,334.52,334.88,450,24999,0.1468
2025-09-01 14:35:00,24550,PE,1140.83,1174.81,1137.02,1139.26,449,33895,0.1498
2025-09-01 14:35:00,24600,CE,329.8,332.08,327.2,330.46,335,20717,0.1453
2025-09-01 14:35:00,24600,PE,1165.44,1181.7,1159.87,1171.68,99,24754,0.1472
2025-09-01 14:35:00,24650,CE,342.78,343.22,336.35,340.49,214,21850,0.1466
2025-09-01 14:35:00,24650,PE,1203.76,1218.55,1183.96,1207.04,385,26416,0.1471
2025-09-01 14:35:00,24700,CE,329.7,331.93,328.38,331.8,284,25001,0.1455
2025-09-01 14:35:00,24700,PE,1294.3,1308.15,1274.04,1283.65,40,25986,0.1463
2025-09-01 14:35:00,24750,CE,342.08,348.41,343.89,345.29,15,20240,0.1484
2025-09-01 14:35:00,24750,PE,1324.92,1346.45,1327.23,1327.72,121,25415,0.1465
2025-09-01 14:35:00,24800,CE,332.03,336.45,330.54,331.8,336,23837,0.147
2025-09-01 14:35:00,24800,PE,1351.51,1381.18,1354.84,1363.56,61,18078,0.1451
2025-09-01 14:35:00,24850,CE,344.44,349.72,341.18,343.58,42,22549,0.1482
2025-09-01 14:35:00,24850,PE,1452.81,1458.26,1439.08,1452.99,20,24161,0.1504
2025-09-01 14:35:00,24900,CE,334.96,334.51,332.45,333.62,83,23764,0.148
2025-09-01 14:35:00,24900,PE,1492.02,1512.21,1496.72,1498.99,314,29033,0.1496
2025-09-01 14:40:00,23500,CE,580.26,586.2,577.87,585.46,874,45902,0.1485
2025-09-01 14:40:00,23500,PE,346.74,354.47,344.8,346.32,486,46721,0.1473
2025-09-01 14:40:00,23550,CE,553.0,555.7,548.42,555.66,1022,51172,0.1516
2025-09-01 14:40:00,23550,PE,347.22,346.76,341.98,344.96,382,41962,0.1518
2025-09-01 14:40:00,23600,CE,494.11,498.52,491.68,494.67,1033,55460,0.1454
2025-09-01 14:40:00,23600,PE,325.56,328.98,325.89,327.01,161,50636,0.1438
2025-09-01 14:40:00,23650,CE,448.62,450.02,447.9,449.07,361,61633,0.1456
2025-09-01 14:40:00,23650,PE,354.91,364.86,356.82,357.18,637,56340,0.1514
2025-09-01 14:40:00,23700,CE,378.79,383.1,378.57,378.69,388,65719,0.1455
2025-09-01 14:40:00,23700,PE,331.25,335.09,330.7,332.89,1415,64050,0.146
2025-09-01 14:40:00,23750,CE,355.52,352.89,350.15,352.28,311,70453,0.1479
2025-09-01 14:40:00,23750,PE,321.58,329.56,323.65,325.32,420,75146,0.1482
2025-09-01 14:40:00,23800,CE,349.99,358.12,348.61,349.85,719,86361,0.1496
2025-09-01 14:40:00,23800,PE,398.5,399.56,394.64,397.77,1232,86746,0.1497
2025-09-01 14:40:00,23850,CE,314.54,317.38,310.39,315.1,101,78461,0.1464
2025-09-01 14:40:00,23850,PE,455.92,456.49,454.59,456.27,173,77836,0.1482
2025-09-01 14:40:00,23900,CE,331.73,335.74,334.8,334.85,539,73231,0.1467
2025-09-01 14:40:00,23900,PE,456.45,469.27,460.13,460.58,754,64863,0.1452
2025-09-01 14:40:00,23950,CE,333.2,337.66,327.21,334.61,515,58637,0.1484
2025-09-01 14:40:00,23950,PE,537.94,534.77,531.12,532.29,940,59838,0.1452
2025-09-01 14:40:00,24000,CE,349.25,356.05,349.74,350.98,296,56770,0.1474
2025-09-01 14:40:00,24000,PE,588.91,592.14,582.51,584.8,150,57834,0.1484
2025-09-01 14:40:00,24050,CE,335.43,333.58,328.29,333.4,255,59879,0.1499
2025-09-01 14:40:00,24050,PE,642.21,653.84,638.05,640.63,767,54531,0.1462
2025-09-01 14:40:00,24100,CE,339.34,338.17,332.84,337.84,684,42069,0.1477
2025-09-01 14:40:00,24100,PE,681.11,683.7,664.83,672.61,325,46050,0.1461
2025-09-01 14:40:00,24150,CE,324.53,324.43,323.68,323.85,42,45822,0.1471
2025-09-01 14:40:00,24150,PE,728.36,736.5,733.55,733.56,508,47387,0.1448
2025-09-01 14:40:00,24200,CE,331.3,338.08,330.9,333.0,651,41391,0.1461
2025-09-01 14:40:00,24200,PE,781.32,814.98,780.9,783.85,240,38786,0.1474
2025-09-01 14:40:00,24250,CE,330.19,331.74,328.4,330.64,244,32127,0.1475
2025-09-01 14:40:00,24250,PE,849.05,855.96,831.61,841.1,313,40779,0.1483
2025-09-01 14:40:00,24300,CE,350.26,357.13,346.33,353.24,298,33360,0.1466
2025-09-01 14:40:00,24300,PE,890.57,885.89,871.3,872.69,408,34980,0.1491
2025-09-01 14:40:00,24350,CE,344.97,349.61,341.7,343.02,195,29337,0.1459
2025-09-01 14:40:00,24350,PE,924.34,925.86,914.13,915.45,214,33735,0.1454
2025-09-01 14:40:00,24400,CE,327.99,325.47,324.41,324.89,448,28426,0.1463
2025-09-01 14:40:00,24400,PE,991.87,1007.44,982.99,989.08,504,27758,0.1472
2025-09-01 14:40:00,24450,CE,324.7,328.33,318.82,324.71,351,36418,0.1462
2025-09-01 14:40:00,24450,PE,1029.87,1040.65,1021.91,1029.04,71,28457,0.1483
2025-09-01 14:40:00,24500,CE,324.36,330.12,326.14,326.9,349,31381,0.1468
2025-09-01 14:40:00,24500,PE,1075.02,1086.16,1077.27,1080.08,394,32533,0.1468
2025-09-01 14:40:00,24550,CE,321.54,323.78,322.05,323.07,318,25145,0.1452
2025-09-01 14:40:00,24550,PE,1142.68,1152.38,1132.99,1143.2,32,34345,0.1474
2025-09-01 14:40:00,24600,CE,339.45,338.73,335.01,337.7,159,20855,0.147
2025-09-01 14:40:00,24600,PE,1181.71,1207.95,1163.12,1176.04,155,25265,0.1455
2025-09-01 14:40:00,24650,CE,321.93,331.47,322.49,325.55,203,22267,0.1435
2025-09-01 14:40:00,24650,PE,1227.37,1234.54,1217.38,1219.86,400,25858,0.1468
2025-09-01 14:40:00,24700,CE,340.42,346.26,341.62,342.54,176,25225,0.1492
2025-09-01 14:40:00,24700,PE,1258.23,1269.26,1263.54,1265.44,345,26251,0.148
2025-09-01 14:40:00,24750,CE,374.98,378.1,366.59,374.13,261,20086,0.1484
2025-09-01 14:40:00,24750,PE,1357.61,1344.89,1312.66,1330.88,70,25906,0.1469
2025-09-01 14:40:00,24800,CE,332.19,334.81,332.98,333.88,22,24198,0.145
2025-09-01 14:40:00,24800,PE,1405.04,1401.16,1388.72,1397.98,19,17918,0.1491
2025-09-01 14:40:00,24850,CE,353.62,356.97,348.38,350.4,313,22216,0.1479
2025-09-01 14:40:00,24850,PE,1435.39,1420.1,1416.42,1419.63,100,23816,0.1475
2025-09-01 14:40:00,24900,CE,342.87,340.9,334.82,339.14,241,23428,0.1456
2025-09-01 14:40:00,24900,PE,1484.37,1515.74,1477.08,1491.41,246,29140,0.1487
2025-09-01 14:45:00,23500,CE,665.62,664.86,647.36,659.79,779,46073,0.1513
2025-09-01 14:45:00,23500,PE,349.06,354.37,343.43,346.05,359,46299,0.147
2025-09-01 14:45:00,23550,CE,579.78,579.07,572.83,577.74,431,51230,0.1455
2025-09-01 14:45:00,23550,PE,348.4,349.73,346.15,347.47,891,41662,0.1506
2025-09-01 14:45:00,23600,CE,519.05,534.81,522.84,525.25,413,55952,0.1502
2025-09-01 14:45:00,23600,PE,344.76,343.29,340.05,341.17,970,51063,0.1462
2025-09-01 14:45:00,23650,CE,506.11,519.36,505.85,508.56,227,61171,0.1483
2025-09-01 14:45:00,23650,PE,334.68,335.05,331.31,333.0,455,56042,0.1487
2025-09-01 14:45:00,23700,CE,438.73,442.14,433.28,435.92,433,66252,0.1471
2025-09-01 14:45:00,23700,PE,318.46,324.11,314.28,318.19,729,63808,0.1456
2025-09-01 14:45:00,23750,CE,386.92,390.57,377.77,386.49,1130,70831,0.1473
2025-09-01 14:45:00,23750,PE,350.26,356.7,353.86,355.16,680,74606,0.1537
2025-09-01 14:45:00,23800,CE,351.6,355.89,347.59,352.44,844,86226,0.1477
2025-09-01 14:45:00,23800,PE,372.61,368.75,367.52,368.49,359,86883,0.15
2025-09-01 14:45:00,23850,CE,327.19,329.62,323.72,326.53,1115,78340,0.1453
2025-09-01 14:45:00,23850,PE,393.79,393.59,391.51,393.28,591,78184,0.1467
2025-09-01 14:45:00,23900,CE,349.28,350.17,344.24,350.06,251,73806,0.1514
2025-09-01 14:45:00,23900,PE,445.92,446.33,442.99,446.16,561,64879,0.1477
2025-09-01 14:45:00,23950,CE,349.83,356.92,348.64,350.13,692,58593,0.1467
2025-09-01 14:45:00,23950,PE,499.47,499.62,491.2,498.05,74,60083,0.1496
2025-09-01 14:45:00,24000,CE,330.34,331.61,330.54,330.72,931,57074,0.1478
2025-09-01 14:45:00,24000,PE,533.51,544.5,523.93,530.65,719,57305,0.1462
2025-09-01 14:45:00,24050,CE,341.94,342.34,341.02,341.04,741,59804,0.1465
2025-09-01 14:45:00,24050,PE,613.21,617.93,609.04,612.8,296,54530,0.1455
2025-09-01 14:45:00,24100,CE,368.66,368.72,359.1,365.2,207,41837,0.1486
2025-09-01 14:45:00,24100,PE,632.39,646.93,634.47,639.55,699,46360,0.1473
2025-09-01 14:45:00,24150,CE,331.22,333.21,328.6,330.11,448,46286,0.1484
2025-09-01 14:45:00,24150,PE,699.86,711.53,700.67,705.21,134,47801,0.1491
2025-09-01 14:45:00,24200,CE,331.9,335.48,331.63,332.37,356,41551,0.1466
2025-09-01 14:45:00,24200,PE,709.26,716.72,708.13,712.33,615,39139,0.1471
2025-09-01 14:45:00,24250,CE,334.56,341.65,334.77,338.83,676,31806,0.1465
2025-09-01 14:45:00,24250,PE,791.82,811.81,793.35,795.59,124,40209,0.1475
2025-09-01 14:45:00,24300,CE,299.9,302.25,301.48,302.22,433,33376,0.1478
2025-09-01 14:45:00,24300,PE,847.94,861.21,847.64,854.3,429,34871,0.1479
2025-09-01 14:45:00,24350,CE,319.5,323.79,320.68,322.84,216,29795,0.1452
2025-09-01 14:45:00,24350,PE,877.96,889.31,869.71,883.07,117,34081,0.1454
2025-09-01 14:45:00,24400,CE,345.35,351.9,341.3,344.36,68,28284,0.1493
2025-09-01 14:45:00,24400,PE,906.49,928.54,922.12,924.17,35,27178,0.1479
2025-09-01 14:45:00,24450,CE,357.0,354.27,349.28,351.87,27,36147,0.1479
2025-09-01 14:45:00,24450,PE,986.9,983.67,980.08,980.19,506,28289,0.1478
2025-09-01 14:45:00,24500,CE,352.74,363.03,353.9,356.69,316,31592,0.1463
2025-09-01 14:45:00,24500,PE,1057.29,1074.17,1059.14,1061.86,446,33016,0.1467
2025-09-01 14:45:00,24550,CE,336.76,339.03,337.94,338.27,26,24810,0.147
2025-09-01 14:45:00,24550,PE,1093.66,1107.39,1097.49,1104.98,374,34688,0.1466
2025-09-01 14:45:00,24600,CE,325.2,332.28,326.57,328.44,453,21129,0.1494
2025-09-01 14:45:00,24600,PE,1134.05,1153.08,1128.41,1131.78,251,25088,0.1454
2025-09-01 14:45:00,24650,CE,323.88,325.97,324.3,324.91,211,21686,0.1451
2025-09-01 14:45:00,24650,PE,1197.32,1220.76,1196.37,1206.27,304,25297,0.1499
2025-09-01 14:45:00,24700,CE,315.54,318.57,314.58,318.29,276,25368,0.1491
2025-09-01 14:45:00,24700,PE,1280.41,1286.2,1255.99,1268.38,416,26667,0.1495
2025-09-01 14:45:00,24750,CE,332.57,333.32,331.38,332.82,297,20244,0.1451
2025-09-01 14:45:00,24750,PE,1297.8,1309.06,1308.2,1308.98,125,26234,0.1479
2025-09-01 14:45:00,24800,CE,336.58,339.04,328.8,333.76,218,24201,0.1454
2025-09-01 14:45:00,24800,PE,1337.75,1359.81,1322.81,1346.24,244,17633,0.1449
2025-09-01 14:45:00,24850,CE,333.1,343.15,332.86,336.04,102,21663,0.1492
2025-09-01 14:45:00,24850,PE,1386.59,1409.66,1388.79,1390.15,149,24196,0.1456
2025-09-01 14:45:00,24900,CE,327.9,332.25,322.46,327.29,35,23397,0.1485
2025-09-01 14:45:00,24900,PE,1449.0,1468.16,1426.29,1444.86,308,29591,0.1476
2025-09-01 14:50:00,23500,CE,636.88,639.85,630.18,631.12,842,45917,0.1473
2025-09-01 14:50:00,23500,PE,324.62,321.65,318.62,321.21,313,46030,0.1472
2025-09-01 14:50:00,23550,CE,565.04,587.63,565.18,570.29,421,51430,0.1458
2025-09-01 14:50:00,23550,PE,344.67,348.88,343.29,344.21,680,41787,0.1512
2025-09-01 14:50:00,23600,CE,530.66,536.33,525.86,530.48,520,56197,0.1514
2025-09-01 14:50:00,23600,PE,326.54,330.84,325.05,327.48,389,50572,0.1457
2025-09-01 14:50:00,23650,CE,465.0,466.5,452.15,462.12,1193,60671,0.1458
2025-09-01 14:50:00,23650,PE,325.85,337.51,324.49,327.66,1058,56127,0.1487
2025-09-01 14:50:00,23700,CE,416.75,425.51,410.45,419.4,1392,66309,0.1469
2025-09-01 14:50:00,23700,PE,330.16,334.44,328.05,328.28,96,63319,0.1461
2025-09-01 14:50:00,23750,CE,349.9,354.63,351.2,352.93,166,70747,0.1457
2025-09-01 14:50:00,23750,PE,324.71,328.96,324.3,325.17,1259,74766,0.1462
2025-09-01 14:50:00,23800,CE,317.87,322.33,314.12,317.42,1350,86276,0.1469
2025-09-01 14:50:00,23800,PE,414.19,417.72,409.74,414.52,229,86506,0.1527
2025-09-01 14:50:00,23850,CE,347.92,351.03,346.56,349.76,246,78853,0.1487
2025-09-01 14:50:00,23850,PE,417.18,423.57,418.54,418.63,1141,77625,0.1459
2025-09-01 14:50:00,23900,CE,366.02,367.04,362.65,365.11,285,73533,0.15
2025-09-01 14:50:00,23900,PE,477.75,482.48,471.96,477.24,891,64360,0.1478
2025-09-01 14:50:00,23950,CE,356.82,354.36,348.43,353.39,1082,58333,0.1467
2025-09-01 14:50:00,23950,PE,488.7,495.95,488.62,491.72,944,60305,0.1445
2025-09-01 14:50:00,24000,CE,327.46,328.93,322.48,324.98,388,56502,0.1493
2025-09-01 14:50:00,24000,PE,580.83,582.26,574.08,575.41,554,56751,0.1461
2025-09-01 14:50:00,24050,CE,335.99,340.31,333.41,334.6,653,59451,0.1464
2025-09-01 14:50:00,24050,PE,617.52,636.46,613.07,615.02,860,53963,0.1445
2025-09-01 14:50:00,24100,CE,346.83,344.89,340.45,343.38,298,41705,0.1449
2025-09-01 14:50:00,24100,PE,686.27,680.88,675.6,676.33,640,46036,0.1451
2025-09-01 14:50:00,24150,CE,332.6,333.8,332.98,333.58,600,46072,0.1456
2025-09-01 14:50:00,24150,PE,710.1,715.36,701.37,708.05,74,48205,0.1465
2025-09-01 14:50:00,24200,CE,352.93,356.46,354.59,355.98,146,41469,0.1513
2025-09-01 14:50:00,24200,PE,786.26,784.84,782.44,783.07,435,38557,0.149
2025-09-01 14:50:00,24250,CE,347.53,358.4,347.05,351.03,433,31862,0.1457
2025-09-01 14:50:00,24250,PE,792.71,797.49,794.18,795.88,518,39740,0.1469
2025-09-01 14:50:00,24300,CE,359.09,367.14,356.73,358.6,549,32847,0.1471
2025-09-01 14:50:00,24300,PE,889.05,891.46,882.57,885.77,585,34663,0.1487
2025-09-01 14:50:00,24350,CE,335.77,339.29,337.19,337.24,51,29521,0.1437
2025-09-01 14:50:00,24350,PE,932.33,944.18,928.05,937.24,295,33615,0.1479
2025-09-01 14:50:00,24400,CE,336.29,340.04,338.67,339.34,172,28042,0.1442
2025-09-01 14:50:00,24400,PE,965.68,963.81,941.14,956.05,98,27158,0.1504
2025-09-01 14:50:00,24450,CE,317.97,321.93,316.91,319.81,21,35848,0.1445
2025-09-01 14:50:00,24450,PE,1041.4,1043.66,1028.57,1041.66,82,27727,0.1491
2025-09-01 14:50:00,24500,CE,367.62,367.92,361.73,365.51,244,32063,0.1473
2025-09-01 14:50:00,24500,PE,1080.5,1064.62,1044.18,1062.03,179,33197,0.1447
2025-09-01 14:50:00,24550,CE,323.64,325.21,320.94,323.11,77,25057,0.1458
2025-09-01 14:50:00,24550,PE,1118.41,1118.46,1114.08,1116.95,325,34577,0.147
2025-09-01 14:50:00,24600,CE,320.32,322.44,318.55,319.91,128,21217,0.1442
2025-09-01 14:50:00,24600,PE,1161.11,1178.72,1154.06,1159.03,276,25331,0.1486
2025-09-01 14:50:00,24650,CE,350.79,355.54,347.87,351.9,92,21514,0.1468
2025-09-01 14:50:00,24650,PE,1228.62,1248.18,1195.87,1223.39,359,25694,0.1468
2025-09-01 14:50:00,24700,CE,331.68,332.96,328.01,329.31,338,25694,0.1462
2025-09-01 14:50:00,24700,PE,1276.06,1283.78,1275.52,1276.94,40,26411,0.1486
2025-09-01 14:50:00,24750,CE,331.35,329.38,326.64,328.27,117,20043,0.1495
2025-09-01 14:50:00,24750,PE,1348.66,1356.16,1322.58,1340.45,198,25854,0.1449
2025-09-01 14:50:00,24800,CE,348.64,351.42,344.45,346.62,303,24204,0.1462
2025-09-01 14:50:00,24800,PE,1369.79,1384.9,1367.78,1374.39,37,18006,0.1498
2025-09-01 14:50:00,24850,CE,381.13,377.93,371.86,377.01,119,21739,0.1501
2025-09-01 14:50:00,24850,PE,1403.83,1442.25,1410.18,1421.01,158,24021,0.1436
2025-09-01 14:50:00,24900,CE,332.37,336.44,331.35,331.96,121,23289,0.1492
2025-09-01 14:50:00,24900,PE,1489.66,1498.55,1477.18,1485.03,29,29822,0.1503
2025-09-01 14:55:00,23500,CE,627.89,628.39,626.71,627.34,582,45934,0.1487
2025-09-01 14:55:00,23500,PE,332.02,335.64,327.65,329.85,791,46093,0.1486
2025-09-01 14:55:00,23550,CE,572.04,578.91,562.61,573.34,390,51561,0.1484
2025-09-01 14:55:00,23550,PE,338.64,343.77,332.84,336.67,784,42073,0.1466
2025-09-01 14:55:00,23600,CE,525.3,521.99,513.25,521.43,627,56347,0.1451
2025-09-01 14:55:00,23600,PE,362.46,365.63,352.13,357.56,1065,50793,0.1492
2025-09-01 14:55:00,23650,CE,481.84,478.65,473.95,478.61,861,60870,0.1496
2025-09-01 14:55:00,23650,PE,322.13,325.04,316.27,318.37,1163,56638,0.1441
2025-09-01 14:55:00,23700,CE,406.93,406.81,400.8,405.21,492,66592,0.1464
2025-09-01 14:55:00,23700,PE,341.45,346.82,337.22,345.47,911,63374,0.1464
2025-09-01 14:55:00,23750,CE,370.48,369.42,362.44,364.91,841,71224,0.1475
2025-09-01 14:55:00,23750,PE,357.27,360.67,355.59,359.7,1467,75246,0.1465
2025-09-01 14:55:00,23800,CE,368.51,371.81,362.84,367.38,537,86097,0.1451
2025-09-01 14:55:00,23800,PE,355.98,370.81,357.25,360.25,177,86872,0.1491
2025-09-01 14:55:00,23850,CE,358.86,357.9,356.54,356.71,1004,79431,0.1505
2025-09-01 14:55:00,23850,PE,406.72,401.28,392.72,400.3,1074,77273,0.1489
2025-09-01 14:55:00,23900,CE,341.96,341.6,335.75,338.05,387,73409,0.1474
2025-09-01 14:55:00,23900,PE,453.33,464.65,451.0,452.42,965,64258,0.1463
2025-09-01 14:55:00,23950,CE,336.44,333.35,331.24,332.35,1088,58465,0.1467
2025-09-01 14:55:00,23950,PE,478.77,485.12,474.63,478.65,424,60860,0.1438
2025-09-01 14:55:00,24000,CE,358.06,355.39,352.8,354.96,556,56268,0.1482
2025-09-01 14:55:00,24000,PE,553.79,562.72,555.7,558.16,405,57055,0.1459
2025-09-01 14:55:00,24050,CE,358.63,360.87,355.46,358.19,91,59785,0.1447
2025-09-01 14:55:00,24050,PE,616.81,626.57,611.2,617.05,113,54198,0.1494
2025-09-01 14:55:00,24100,CE,317.59,317.75,316.76,316.88,609,41810,0.1479
2025-09-01 14:55:00,24100,PE,673.9,673.45,663.8,670.18,166,46122,0.146
2025-09-01 14:55:00,24150,CE,328.95,332.76,326.79,327.62,645,45810,0.1484
2025-09-01 14:55:00,24150,PE,700.31,704.56,691.83,701.4,714,47769,0.1477
2025-09-01 14:55:00,24200,CE,353.32,355.97,351.15,354.19,643,41269,0.1456
2025-09-01 14:55:00,24200,PE,766.49,768.52,750.28,762.01,507,38232,0.1467
2025-09-01 14:55:00,24250,CE,351.33,356.03,347.28,348.48,420,32045,0.1508
2025-09-01 14:55:00,24250,PE,818.04,813.01,808.8,811.99,335,40163,0.1451
2025-09-01 14:55:00,24300,CE,342.8,343.63,339.14,342.54,572,32437,0.1463
2025-09-01 14:55:00,24300,PE,838.84,846.56,834.08,843.02,515,34854,0.1495
2025-09-01 14:55:00,24350,CE,330.08,330.96,326.65,330.5,314,29067,0.1464
2025-09-01 14:55:00,24350,PE,921.6,932.63,915.01,924.87,362,33471,0.1474
2025-09-01 14:55:00,24400,CE,336.14,336.58,333.31,334.48,30,27649,0.1477
2025-09-01 14:55:00,24400,PE,965.16,969.64,944.09,954.73,58,26917,0.1478
2025-09-01 14:55:00,24450,CE,345.45,348.34,344.32,344.54,99,36278,0.1476
2025-09-01 14:55:00,24450,PE,991.71,999.38,994.35,997.2,157,27630,0.1499
2025-09-01 14:55:00,24500,CE,328.25,329.19,324.28,328.9,375,31593,0.1487
2025-09-01 14:55:00,24500,PE,1073.97,1087.51,1054.52,1072.92,183,32835,0.1461
2025-09-01 14:55:00,24550,CE,338.41,346.08,337.33,339.36,251,25469,0.1454
2025-09-01 14:55:00,24550,PE,1095.59,1107.76,1084.05,1097.15,264,34469,0.1504
2025-09-01 14:55:00,24600,CE,374.68,376.3,367.58,370.12,46,21740,0.146
2025-09-01 14:55:00,24600,PE,1161.31,1168.73,1154.95,1164.38,215,25404,0.1504
2025-09-01 14:55:00,24650,CE,347.32,357.24,341.82,350.06,222,21522,0.1467
2025-09-01 14:55:00,24650,PE,1218.49,1243.2,1202.49,1214.34,50,25641,0.1454
2025-09-01 14:55:00,24700,CE,366.75,362.07,357.9,359.7,179,26022,0.1503
2025-09-01 14:55:00,24700,PE,1265.65,1282.74,1267.41,1273.71,183,26813,0.1484
2025-09-01 14:55:00,24750,CE,309.37,312.07,306.58,308.01,265,19595,0.1457
2025-09-01 14:55:00,24750,PE,1332.75,1339.92,1315.6,1315.92,355,25744,0.145
2025-09-01 14:55:00,24800,CE,348.23,347.6,340.06,345.52,274,23943,0.1494
2025-09-01 14:55:00,24800,PE,1370.83,1358.47,1347.23,1358.43,291,18485,0.1453
2025-09-01 14:55:00,24850,CE,338.4,336.71,335.99,336.14,16,22020,0.144
2025-09-01 14:55:00,24850,PE,1387.99,1385.8,1369.17,1384.78,279,23771,0.1455
2025-09-01 14:55:00,24900,CE,321.04,326.18,318.54,321.22,145,23179,0.1417
2025-09-01 14:55:00,24900,PE,1451.42,1505.07,1444.85,1453.34,163,29725,0.1446
2025-09-01 15:00:00,23500,CE,642.52,645.74,634.63,643.38,807,46452,0.1477
2025-09-01 15:00:00,23500,PE,362.4,378.2,368.99,369.09,842,46061,0.1484
2025-09-01 15:00:00,23550,CE,608.77,617.75,602.13,605.65,686,50983,0.1483
2025-09-01 15:00:00,23550,PE,330.15,336.26,329.95,331.18,33,42349,0.1464
2025-09-01 15:00:00,23600,CE,517.09,525.27,515.09,515.46,727,55862,0.1467
2025-09-01 15:00:00,23600,PE,321.38,327.46,320.33,322.69,726,50949,0.1476
2025-09-01 15:00:00,23650,CE,484.19,496.37,477.95,481.87,914,60886,0.1507
2025-09-01 15:00:00,23650,PE,351.56,355.76,350.84,353.1,931,56953,0.1493
2025-09-01 15:00:00,23700,CE,416.3,412.4,409.22,411.23,834,66652,0.146
2025-09-01 15:00:00,23700,PE,344.24,346.95,342.42,346.57,1111,62984,0.1488
2025-09-01 15:00:00,23750,CE,366.01,373.95,367.5,368.04,1583,71696,0.1487
2025-09-01 15:00:00,23750,PE,321.0,326.22,322.89,323.24,872,75729,0.1475
2025-09-01 15:00:00,23800,CE,337.35,341.17,333.3,338.38,1229,86001,0.1495
2025-09-01 15:00:00,23800,PE,351.55,354.49,351.99,353.52,746,87003,0.1486
2025-09-01 15:00:00,23850,CE,350.79,348.3,347.26,348.13,380,79493,0.1471
2025-09-01 15:00:00,23850,PE,404.33,417.31,406.71,407.26,608,77314,0.1453
2025-09-01 15:00:00,23900,CE,329.16,338.43,328.7,328.99,525,72917,0.1467
2025-09-01 15:00:00,23900,PE,455.67,457.52,452.09,455.37,912,64250,0.1457
2025-09-01 15:00:00,23950,CE,338.9,344.34,337.47,340.23,235,58135,0.1486
2025-09-01 15:00:00,23950,PE,517.03,514.84,510.12,510.63,588,61217,0.1471
2025-09-01 15:00:00,24000,CE,343.74,342.18,338.88,340.27,269,56686,0.1496
2025-09-01 15:00:00,24000,PE,562.52,579.67,567.7,570.14,808,56477,0.1499
2025-09-01 15:00:00,24050,CE,357.31,357.58,351.83,353.65,139,60069,0.1498
2025-09-01 15:00:00,24050,PE,617.12,633.81,616.65,622.43,512,53735,0.1491
2025-09-01 15:00:00,24100,CE,323.75,329.72,320.76,323.79,831,41221,0.1475
2025-09-01 15:00:00,24100,PE,696.02,703.17,684.94,692.46,346,45538,0.1525
2025-09-01 15:00:00,24150,CE,338.77,343.36,338.96,339.1,703,45769,0.1448
2025-09-01 15:00:00,24150,PE,727.77,731.81,720.79,720.85,485,48145,0.1474
2025-09-01 15:00:00,24200,CE,342.37,344.5,339.88,341.85,196,41042,0.1503
2025-09-01 15:00:00,24200,PE,759.07,767.56,757.24,758.37,456,38741,0.1477
2025-09-01 15:00:00,24250,CE,332.87,337.07,334.63,335.73,134,31950,0.1473
2025-09-01 15:00:00,24250,PE,787.05,799.71,792.9,796.63,185,39789,0.1437
2025-09-01 15:00:00,24300,CE,339.12,342.99,336.62,338.08,133,32387,0.1493
2025-09-01 15:00:00,24300,PE,865.18,869.03,856.13,860.36,78,35006,0.1468
2025-09-01 15:00:00,24350,CE,359.7,364.97,356.97,358.27,116,29073,0.1483
2025-09-01 15:00:00,24350,PE,892.78,909.56,899.97,906.4,145,33399,0.1431
2025-09-01 15:00:00,24400,CE,351.07,354.86,348.27,348.29,89,27275,0.1449
2025-09-01 15:00:00,24400,PE,968.47,982.16,967.58,972.21,189,27156,0.1432
2025-09-01 15:00:00,24450,CE,336.27,340.85,339.21,340.29,229,36098,0.1506
2025-09-01 15:00:00,24450,PE,1006.69,1006.83,1002.95,1003.41,307,28194,0.1484
2025-09-01 15:00:00,24500,CE,322.47,316.52,312.95,315.45,408,31473,0.147
2025-09-01 15:00:00,24500,PE,1048.48,1052.62,1030.63,1041.85,260,32500,0.1489
2025-09-01 15:00:00,24550,CE,338.74,340.44,337.84,339.46,350,25900,0.1467
2025-09-01 15:00:00,24550,PE,1111.0,1115.74,1094.41,1113.81,412,34119,0.145
2025-09-01 15:00:00,24600,CE,358.42,364.65,353.11,357.31,343,21341,0.146
2025-09-01 15:00:00,24600,PE,1196.2,1197.28,1171.36,1195.37,11,25666,0.1469
2025-09-01 15:00:00,24650,CE,338.0,348.88,340.74,341.75,189,21279,0.1475
2025-09-01 15:00:00,24650,PE,1185.88,1212.15,1193.44,1196.06,223,25541,0.1483
2025-09-01 15:00:00,24700,CE,324.27,323.11,318.72,320.07,106,25963,0.1502
2025-09-01 15:00:00,24700,PE,1236.44,1266.26,1235.43,1241.05,21,27153,0.147
2025-09-01 15:00:00,24750,CE,349.64,355.6,347.51,348.77,376,19684,0.1463
2025-09-01 15:00:00,24750,PE,1287.96,1314.21,1285.51,1296.43,251,26033,0.1485
2025-09-01 15:00:00,24800,CE,349.67,356.86,347.59,351.4,190,24527,0.1465
2025-09-01 15:00:00,24800,PE,1328.06,1359.06,1315.47,1339.1,116,18738,0.1488
2025-09-01 15:00:00,24850,CE,347.05,351.69,347.98,348.02,109,21754,0.1484
2025-09-01 15:00:00,24850,PE,1424.21,1438.2,1391.04,1410.18,164,24091,0.1481
2025-09-01 15:00:00,24900,CE,337.99,337.22,332.42,335.15,149,23598,0.1461
2025-09-01 15:00:00,24900,PE,1442.47,1483.58,1457.89,1464.75,140,29641,0.1457
2025-09-01 15:05:00,23500,CE,677.29,678.26,671.99,674.28,437,46643,0.148
2025-09-01 15:05:00,23500,PE,336.95,340.92,340.12,340.67,368,46049,0.1482
2025-09-01 15:05:00,23550,CE,607.68,611.15,600.8,604.83,69,50536,0.148
2025-09-01 15:05:00,23550,PE,359.53,361.38,355.75,357.32,139,42623,0.151
2025-09-01 15:05:00,23600,CE,548.86,563.59,541.44,546.64,375,55794,0.1469
2025-09-01 15:05:00,23600,PE,368.87,374.63,367.92,368.29,541,50764,0.1519
2025-09-01 15:05:00,23650,CE,527.39,523.08,517.01,522.07,153,60847,0.1487
2025-09-01 15:05:00,23650,PE,350.01,352.7,346.54,348.13,391,57051,0.1457
2025-09-01 15:05:00,23700,CE,464.72,471.23,463.02,463.9,786,66960,0.1512
2025-09-01 15:05:00,23700,PE,349.44,348.65,344.05,346.26,646,63474,0.1465
2025-09-01 15:05:00,23750,CE,432.41,440.89,432.81,433.93,1412,71917,0.1476
2025-09-01 15:05:00,23750,PE,323.74,324.23,317.08,320.42,1319,76322,0.1465
2025-09-01 15:05:00,23800,CE,371.22,381.76,371.19,375.2,1380,85589,0.1463
2025-09-01 15:05:00,23800,PE,332.98,338.75,328.89,332.27,1116,86588,0.148
2025-09-01 15:05:00,23850,CE,340.66,340.7,333.83,338.76,505,79841,0.1463
2025-09-01 15:05:00,23850,PE,345.16,348.94,341.84,342.71,907,77474,0.147
2025-09-01 15:05:00,23900,CE,346.44,346.37,344.45,344.57,577,73351,0.1505
2025-09-01 15:05:00,23900,PE,414.18,417.1,409.02,411.97,508,64464,0.1509
2025-09-01 15:05:00,23950,CE,349.26,358.27,347.8,351.48,966,57550,0.1462
2025-09-01 15:05:00,23950,PE,461.93,464.11,453.05,461.45,1054,61424,0.1454
2025-09-01 15:05:00,24000,CE,355.15,351.61,346.07,350.81,232,56339,0.1506
2025-09-01 15:05:00,24000,PE,521.43,513.9,497.96,511.51,94,56413,0.1481
2025-09-01 15:05:00,24050,CE,341.14,342.16,337.57,339.06,71,60298,0.1478
2025-09-01 15:05:00,24050,PE,575.34,577.1,572.11,575.1,87,53922,0.1478
2025-09-01 15:05:00,24100,CE,349.32,357.83,346.15,349.52,666,41080,0.1446
2025-09-01 15:05:00,24100,PE,623.12,621.44,616.31,620.37,326,45793,0.1444
2025-09-01 15:05:00,24150,CE,363.59,366.46,357.73,362.39,750,46301,0.1487
2025-09-01 15:05:00,24150,PE,675.69,668.23,662.23,665.9,521,47821,0.1454
2025-09-01 15:05:00,24200,CE,348.23,343.77,340.44,342.64,277,40585,0.1466
2025-09-01 15:05:00,24200,PE,714.92,710.81,699.39,703.69,33,38303,0.1442
2025-09-01 15:05:00,24250,CE,347.19,347.76,344.14,345.09,551,31899,0.1491
2025-09-01 15:05:00,24250,PE,781.36,777.32,775.26,775.44,408,39546,0.1495
2025-09-01 15:05:00,24300,CE,332.32,336.04,332.27,334.46,50,32347,0.1487
2025-09-01 15:05:00,24300,PE,802.58,812.19,799.51,799.57,294,34507,0.146
2025-09-01 15:05:00,24350,CE,318.68,319.61,316.92,317.36,416,28769,0.1471
2025-09-01 15:05:00,24350,PE,870.65,865.84,859.45,859.73,319,33215,0.1489
2025-09-01 15:05:00,24400,CE,362.82,365.54,361.06,362.16,64,27795,0.1429
2025-09-01 15:05:00,24400,PE,920.16,927.97,911.32,912.27,371,26912,0.1455
2025-09-01 15:05:00,24450,CE,333.03,338.3,327.39,329.38,133,35555,0.1474
2025-09-01 15:05:00,24450,PE,945.5,953.98,949.32,953.57,432,27967,0.1503
2025-09-01 15:05:00,24500,CE,328.79,329.5,324.25,328.5,121,31997,0.1438
2025-09-01 15:05:00,24500,PE,1003.25,1007.11,989.46,998.07,524,32412,0.1505
2025-09-01 15:05:00,24550,CE,342.37,335.93,334.77,335.81,302,26282,0.1465
2025-09-01 15:05:00,24550,PE,1074.48,1076.69,1065.3,1066.39,305,33839,0.1436
2025-09-01 15:05:00,24600,CE,323.54,323.92,318.2,319.49,363,20903,0.1475
2025-09-01 15:05:00,24600,PE,1106.34,1117.5,1104.31,1106.02,263,25661,0.1504
2025-09-01 15:05:00,24650,CE,349.27,347.59,341.25,342.85,272,21521,0.1475
2025-09-01 15:05:00,24650,PE,1167.37,1189.59,1167.22,1179.19,34,25955,0.1481
2025-09-01 15:05:00,24700,CE,352.36,359.05,347.65,354.03,136,25652,0.1476
2025-09-01 15:05:00,24700,PE,1196.32,1191.51,1180.98,1191.12,234,27736,0.1482
2025-09-01 15:05:00,24750,CE,314.84,322.65,318.26,318.98,348,19671,0.1479
2025-09-01 15:05:00,24750,PE,1260.36,1252.32,1236.77,1249.33,247,26035,0.1466
2025-09-01 15:05:00,24800,CE,348.6,350.17,347.46,349.0,275,24957,0.1467
2025-09-01 15:05:00,24800,PE,1319.14,1326.58,1304.07,1304.96,61,18626,0.1456
2025-09-01 15:05:00,24850,CE,332.64,334.52,331.27,331.69,220,22062,0.1492
2025-09-01 15:05:00,24850,PE,1364.65,1359.26,1342.43,1355.08,42,24172,0.1437
2025-09-01 15:05:00,24900,CE,316.78,319.27,314.25,316.84,287,23160,0.1459
2025-09-01 15:05:00,24900,PE,1405.52,1445.92,1397.03,1422.62,68,29080,0.1488
2025-09-01 15:10:00,23500,CE,679.14,686.3,669.91,679.34,702,47164,0.1471
2025-09-01 15:10:00,23500,PE,344.29,341.11,334.01,339.85,393,46488,0.1476
2025-09-01 15:10:00,23550,CE,595.88,607.26,598.25,601.99,539,51116,0.1467
2025-09-01 15:10:00,23550,PE,368.42,371.17,368.97,369.8,110,42832,0.1458
2025-09-01 15:10:00,23600,CE,582.85,582.5,571.44,582.07,718,55968,0.1463
2025-09-01 15:10:00,23600,PE,331.88,335.05,331.34,333.75,495,50414,0.1507
2025-09-01 15:10:00,23650,CE,501.28,506.39,499.32,503.08,200,61017,0.1457
2025-09-01 15:10:00,23650,PE,347.81,353.14,343.75,350.35,641,57037,0.1485
2025-09-01 15:10:00,23700,CE,463.76,468.55,462.21,463.68,67,66812,0.1456
2025-09-01 15:10:00,23700,PE,353.28,357.93,352.6,354.41,1068,63692,0.1482
2025-09-01 15:10:00,23750,CE,389.99,388.87,383.98,386.21,1069,71418,0.1455
2025-09-01 15:10:00,23750,PE,343.41,342.28,335.42,337.54,645,76326,0.1464
2025-09-01 15:10:00,23800,CE,361.95,367.96,361.6,362.7,1274,85898,0.1501
2025-09-01 15:10:00,23800,PE,346.93,346.02,341.74,343.71,181,86983,0.1498
2025-09-01 15:10:00,23850,CE,338.79,345.2,338.9,340.69,93,79829,0.1451
2025-09-01 15:10:00,23850,PE,359.48,361.56,357.06,361.1,435,77297,0.1491
2025-09-01 15:10:00,23900,CE,337.16,338.75,337.12,337.9,625,73437,0.1469
2025-09-01 15:10:00,23900,PE,418.03,423.28,415.31,418.05,69,64017,0.151
2025-09-01 15:10:00,23950,CE,348.57,353.66,348.94,350.79,870,57059,0.1489
2025-09-01 15:10:00,23950,PE,444.14,449.73,439.57,445.9,321,61806,0.1448
2025-09-01 15:10:00,24000,CE,358.8,367.12,350.69,360.53,250,55890,0.1471
2025-09-01 15:10:00,24000,PE,496.92,492.63,483.12,489.15,542,56313,0.1504
2025-09-01 15:10:00,24050,CE,345.5,350.1,346.92,347.08,139,60192,0.1509
2025-09-01 15:10:00,24050,PE,551.61,547.77,544.56,547.11,852,54501,0.1455
2025-09-01 15:10:00,24100,CE,322.51,324.17,323.1,324.06,73,41326,0.147
2025-09-01 15:10:00,24100,PE,615.41,624.63,615.19,620.67,631,46112,0.1493
2025-09-01 15:10:00,24150,CE,364.42,371.63,365.92,366.94,644,46504,0.147
2025-09-01 15:10:00,24150,PE,658.08,665.75,649.68,653.32,728,47548,0.1496
2025-09-01 15:10:00,24200,CE,324.28,324.35,316.86,324.15,109,40418,0.1467
2025-09-01 15:10:00,24200,PE,688.56,686.76,682.78,683.0,161,37922,0.1508
2025-09-01 15:10:00,24250,CE,333.16,333.99,328.98,332.3,42,31949,0.1494
2025-09-01 15:10:00,24250,PE,758.07,772.26,764.19,767.96,591,39039,0.1479
2025-09-01 15:10:00,24300,CE,365.51,365.63,356.52,361.54,444,32831,0.1496
2025-09-01 15:10:00,24300,PE,824.32,829.41,817.69,821.38,326,34142,0.1456
2025-09-01 15:10:00,24350,CE,333.29,329.88,325.96,328.14,424,28425,0.1448
2025-09-01 15:10:00,24350,PE,857.25,877.88,857.45,857.61,90,33196,0.1489
2025-09-01 15:10:00,24400,CE,337.2,343.72,337.43,340.97,18,27578,0.146
2025-09-01 15:10:00,24400,PE,917.42,925.79,900.73,910.94,464,26511,0.1479
2025-09-01 15:10:00,24450,CE,334.33,335.65,334.18,334.34,291,36137,0.1469
2025-09-01 15:10:00,24450,PE,948.43,976.06,945.76,954.42,128,27702,0.1405
2025-09-01 15:10:00,24500,CE,350.82,354.04,351.85,352.36,372,32284,0.1501
2025-09-01 15:10:00,24500,PE,1011.65,1014.85,993.33,993.4,261,32683,0.1449
2025-09-01 15:10:00,24550,CE,315.57,319.21,313.64,317.02,318,25975,0.1455
2025-09-01 15:10:00,24550,PE,1073.72,1102.7,1069.2,1088.48,413,33572,0.1476
2025-09-01 15:10:00,24600,CE,338.41,342.12,335.56,338.42,325,20944,0.1505
2025-09-01 15:10:00,24600,PE,1106.75,1119.84,1106.1,1110.76,259,26094,0.1457
2025-09-01 15:10:00,24650,CE,326.09,329.18,323.84,325.88,413,21808,0.1476
2025-09-01 15:10:00,24650,PE,1178.85,1168.75,1158.78,1167.25,274,25718,0.1461
2025-09-01 15:10:00,24700,CE,340.46,344.27,341.06,341.23,315,25103,0.1475
2025-09-01 15:10:00,24700,PE,1232.63,1221.4,1196.74,1219.31,50,27864,0.1458
2025-09-01 15:10:00,24750,CE,343.91,348.03,344.81,346.19,118,19641,0.1462
2025-09-01 15:10:00,24750,PE,1249.63,1286.45,1249.95,1262.9,393,25847,0.1442
2025-09-01 15:10:00,24800,CE,319.46,327.99,325.11,326.08,172,25132,0.1469
2025-09-01 15:10:00,24800,PE,1284.85,1296.64,1287.5,1295.28,296,19168,0.1488
2025-09-01 15:10:00,24850,CE,364.01,362.88,357.94,359.63,126,22546,0.1466
2025-09-01 15:10:00,24850,PE,1343.65,1369.45,1345.35,1351.59,89,24370,0.146
2025-09-01 15:10:00,24900,CE,351.57,362.85,352.11,354.73,35,23711,0.1471
2025-09-01 15:10:00,24900,PE,1406.66,1412.56,1394.91,1401.61,293,28954,0.1467
2025-09-01 15:15:00,23500,CE,674.68,671.31,670.15,670.66,766,46685,0.1493
2025-09-01 15:15:00,23500,PE,351.72,358.47,341.82,347.12,318,46430,0.1511
2025-09-01 15:15:00,23550,CE,581.8,584.92,578.89,581.55,617,51308,0.1486
2025-09-01 15:15:00,23550,PE,321.09,324.24,320.59,320.94,63,43193,0.1436
2025-09-01 15:15:00,23600,CE,552.89,557.54,543.48,551.23,161,56493,0.148
2025-09-01 15:15:00,23600,PE,353.25,361.07,353.94,355.04,428,50434,0.1468
2025-09-01 15:15:00,23650,CE,515.71,522.2,519.12,521.18,457,60864,0.1499
2025-09-01 15:15:00,23650,PE,368.74,373.83,361.32,363.71,523,56774,0.1448
2025-09-01 15:15:00,23700,CE,476.13,476.61,468.53,475.39,1166,66940,0.1477
2025-09-01 15:15:00,23700,PE,366.15,359.78,356.58,359.59,594,63923,0.1494
2025-09-01 15:15:00,23750,CE,414.68,418.74,417.26,418.18,108,71576,0.1488
2025-09-01 15:15:00,23750,PE,358.56,361.24,350.6,354.67,270,75960,0.1487
2025-09-01 15:15:00,23800,CE,351.23,366.21,350.9,355.43,1150,85833,0.15
2025-09-01 15:15:00,23800,PE,331.11,332.64,329.11,331.1,330,86472,0.1462
2025-09-01 15:15:00,23850,CE,327.52,330.43,328.19,330.06,971,79853,0.145
2025-09-01 15:15:00,23850,PE,387.36,393.01,384.87,390.1,394,76954,0.1494
2025-09-01 15:15:00,23900,CE,345.48,348.09,340.99,344.26,1017,73904,0.1466
2025-09-01 15:15:00,23900,PE,432.35,437.13,433.1,435.22,1277,64386,0.1453
2025-09-01 15:15:00,23950,CE,319.37,327.25,324.81,326.43,299,57336,0.1463
2025-09-01 15:15:00,23950,PE,484.41,492.88,477.7,484.68,474,61340,0.1494
2025-09-01 15:15:00,24000,CE,356.72,360.77,355.4,358.69,196,55826,0.1446
2025-09-01 15:15:00,24000,PE,513.08,522.36,517.32,519.02,312,55929,0.1474
2025-09-01 15:15:00,24050,CE,336.39,341.79,340.64,341.72,748,59644,0.1489
2025-09-01 15:15:00,24050,PE,592.17,603.3,585.1,585.56,924,54383,0.1496
2025-09-01 15:15:00,24100,CE,344.84,349.48,342.61,343.36,298,41102,0.1487
2025-09-01 15:15:00,24100,PE,603.47,614.67,594.52,599.57,599,46613,0.1454
2025-09-01 15:15:00,24150,CE,349.36,352.1,345.7,348.7,228,47015,0.1505
2025-09-01 15:15:00,24150,PE,691.6,695.9,690.35,694.06,737,48069,0.1482
2025-09-01 15:15:00,24200,CE,346.62,349.57,340.47,343.78,467,39835,0.1488
2025-09-01 15:15:00,24200,PE,720.65,734.8,723.87,730.09,241,37944,0.1468
2025-09-01 15:15:00,24250,CE,335.4,339.24,333.45,333.84,557,31370,0.1466
2025-09-01 15:15:00,24250,PE,787.5,805.86,769.75,784.42,410,39164,0.1472
2025-09-01 15:15:00,24300,CE,338.41,342.52,338.46,339.65,37,32841,0.1473
2025-09-01 15:15:00,24300,PE,816.87,815.63,805.01,807.77,278,34058,0.1476
2025-09-01 15:15:00,24350,CE,343.96,351.39,342.7,349.17,458,27888,0.1457
2025-09-01 15:15:00,24350,PE,872.39,900.74,881.37,889.27,462,32721,0.149
2025-09-01 15:15:00,24400,CE,318.49,315.19,309.21,314.29,411,27353,0.1499
2025-09-01 15:15:00,24400,PE,926.75,949.03,910.58,928.46,304,26201,0.1434
2025-09-01 15:15:00,24450,CE,367.58,376.36,366.74,370.12,536,35751,0.148
2025-09-01 15:15:00,24450,PE,968.99,997.86,967.11,972.6,228,28123,0.1479
2025-09-01 15:15:00,24500,CE,331.76,332.73,325.04,328.37,201,31718,0.1446
2025-09-01 15:15:00,24500,PE,1037.25,1042.54,1024.07,1035.53,110,32344,0.1457
2025-09-01 15:15:00,24550,CE,351.15,355.28,345.41,352.41,46,26475,0.1459
2025-09-01 15:15:00,24550,PE,1076.43,1088.76,1079.9,1085.12,408,34018,0.1465
2025-09-01 15:15:00,24600,CE,331.77,335.4,330.67,332.24,261,20770,0.1441
2025-09-01 15:15:00,24600,PE,1145.19,1144.44,1116.37,1140.93,401,26459,0.1452
2025-09-01 15:15:00,24650,CE,360.74,355.81,353.58,354.73,327,21390,0.1461
2025-09-01 15:15:00,24650,PE,1195.35,1185.93,1178.62,1184.95,378,25886,0.1457
2025-09-01 15:15:00,24700,CE,344.36,350.49,339.37,343.3,301,25562,0.1498
2025-09-01 15:15:00,24700,PE,1241.23,1254.32,1230.39,1235.2,119,27830,0.1493
2025-09-01 15:15:00,24750,CE,336.45,333.84,331.12,332.75,143,19241,0.147
2025-09-01 15:15:00,24750,PE,1289.52,1310.17,1247.7,1270.28,212,25941,0.1474
2025-09-01 15:15:00,24800,CE,329.94,334.82,330.87,334.29,110,25429,0.1492
2025-09-01 15:15:00,24800,PE,1316.07,1368.53,1329.9,1335.13,123,19606,0.1471
2025-09-01 15:15:00,24850,CE,301.66,305.54,302.59,305.25,281,22400,0.1435
2025-09-01 15:15:00,24850,PE,1370.27,1406.51,1335.81,1367.96,280,24110,0.1486
2025-09-01 15:15:00,24900,CE,324.2,327.83,324.73,327.59,220,23933,0.144
2025-09-01 15:15:00,24900,PE,1397.72,1427.42,1404.31,1404.82,78,28653,0.145
2025-09-01 15:20:00,23500,CE,602.45,621.8,606.02,611.28,125,46376,0.1483
2025-09-01 15:20:00,23500,PE,357.36,361.62,355.69,356.83,634,46048,0.1477
2025-09-01 15:20:00,23550,CE,564.0,572.3,558.82,565.11,880,51148,0.1471
2025-09-01 15:20:00,23550,PE,339.39,343.11,337.35,341.65,309,43120,0.1477
2025-09-01 15:20:00,23600,CE,508.15,517.47,507.04,510.91,705,56762,0.1461
2025-09-01 15:20:00,23600,PE,373.44,373.6,365.17,368.09,748,49963,0.1449
2025-09-01 15:20:00,23650,CE,450.41,449.86,442.83,446.25,1082,60775,0.1456
2025-09-01 15:20:00,23650,PE,316.33,320.27,309.01,315.08,1067,56963,0.145
2025-09-01 15:20:00,23700,CE,429.82,429.33,421.59,425.19,123,66993,0.1436
2025-09-01 15:20:00,23700,PE,347.89,350.61,349.37,349.5,1178,64268,0.1492
2025-09-01 15:20:00,23750,CE,365.44,373.44,365.55,367.65,1200,72046,0.1474
2025-09-01 15:20:00,23750,PE,372.41,368.42,367.36,368.37,938,75615,0.1457
2025-09-01 15:20:00,23800,CE,345.75,345.42,343.63,344.59,31,86323,0.1428
2025-09-01 15:20:00,23800,PE,377.47,380.77,374.87,377.25,1083,86934,0.1517
2025-09-01 15:20:00,23850,CE,346.27,349.67,345.47,348.68,1133,79689,0.1484
2025-09-01 15:20:00,23850,PE,397.87,401.46,397.43,398.93,258,77329,0.1468
2025-09-01 15:20:00,23900,CE,358.1,357.08,351.61,356.85,1068,73922,0.1475
2025-09-01 15:20:00,23900,PE,455.83,459.54,451.07,455.28,324,64759,0.1481
2025-09-01 15:20:00,23950,CE,369.07,381.18,371.27,372.49,932,57633,0.1476
2025-09-01 15:20:00,23950,PE,497.98,512.72,501.7,506.0,591,61894,0.1513
2025-09-01 15:20:00,24000,CE,353.16,356.29,351.7,354.92,943,55491,0.1461
2025-09-01 15:20:00,24000,PE,564.44,566.42,545.25,563.93,322,56212,0.1472
2025-09-01 15:20:00,24050,CE,346.97,355.16,351.83,352.37,152,59060,0.1481
2025-09-01 15:20:00,24050,PE,616.43,631.23,616.9,624.94,474,54889,0.149
2025-09-01 15:20:00,24100,CE,311.95,315.05,307.52,312.97,731,40740,0.1477
2025-09-01 15:20:00,24100,PE,644.17,666.93,648.6,650.92,198,46461,0.1471
2025-09-01 15:20:00,24150,CE,344.39,343.53,338.68,343.31,711,47426,0.1484
2025-09-01 15:20:00,24150,PE,718.98,713.0,704.44,706.97,696,48042,0.149
2025-09-01 15:20:00,24200,CE,339.65,343.07,332.82,338.05,66,40031,0.1501
2025-09-01 15:20:00,24200,PE,759.09,776.42,762.24,764.02,643,37777,0.1489
2025-09-01 15:20:00,24250,CE,327.91,328.13,322.93,326.76,167,31436,0.1456
2025-09-01 15:20:00,24250,PE,799.21,805.12,791.52,793.13,168,39578,0.1462
2025-09-01 15:20:00,24300,CE,355.78,368.48,360.04,361.66,256,33312,0.147
2025-09-01 15:20:00,24300,PE,873.66,898.22,869.52,880.42,380,34005,0.1504
2025-09-01 15:20:00,24350,CE,346.44,343.72,333.9,339.83,272,28152,0.1474
2025-09-01 15:20:00,24350,PE,939.37,934.01,923.94,926.76,151,32681,0.1498
2025-09-01 15:20:00,24400,CE,345.11,342.32,339.19,341.25,480,27880,0.1499
2025-09-01 15:20:00,24400,PE,957.59,976.2,945.01,958.28,32,26474,0.1489
2025-09-01 15:20:00,24450,CE,337.44,341.99,336.92,337.67,443,35668,0.1501
2025-09-01 15:20:00,24450,PE,1021.79,1014.82,1005.77,1012.25,129,28120,0.148
2025-09-01 15:20:00,24500,CE,338.27,348.83,331.32,335.35,450,31337,0.1487
2025-09-01 15:20:00,24500,PE,1074.69,1093.5,1069.54,1072.46,163,32873,0.1464
2025-09-01 15:20:00,24550,CE,354.28,359.42,349.94,353.53,316,26181,0.1499
2025-09-01 15:20:00,24550,PE,1130.47,1134.24,1099.71,1110.94,325,33635,0.1451
2025-09-01 15:20:00,24600,CE,325.36,331.89,328.17,328.98,328,20712,0.1461
2025-09-01 15:20:00,24600,PE,1158.6,1168.54,1152.61,1161.49,401,26730,0.1454
2025-09-01 15:20:00,24650,CE,345.24,348.14,343.55,346.18,58,21609,0.1475
2025-09-01 15:20:00,24650,PE,1205.38,1230.43,1220.21,1228.76,288,25591,0.1482
2025-09-01 15:20:00,24700,CE,344.02,344.23,337.27,339.11,218,25279,0.1451
2025-09-01 15:20:00,24700,PE,1239.42,1262.01,1239.23,1249.99,309,27512,0.1492
2025-09-01 15:20:00,24750,CE,334.83,335.21,331.91,333.89,166,19364,0.1442
2025-09-01 15:20:00,24750,PE,1303.73,1316.94,1309.06,1312.29,25,26489,0.1477
2025-09-01 15:20:00,24800,CE,347.14,348.55,346.06,348.04,21,25896,0.1484
2025-09-01 15:20:00,24800,PE,1387.82,1414.56,1360.77,1378.09,252,19611,0.1468
2025-09-01 15:20:00,24850,CE,325.01,329.59,322.07,324.69,183,22253,0.1475
2025-09-01 15:20:00,24850,PE,1406.45,1419.91,1412.85,1418.19,268,23984,0.1446
2025-09-01 15:20:00,24900,CE,307.22,312.98,310.15,311.66,190,24300,0.1456
2025-09-01 15:20:00,24900,PE,1451.28,1451.39,1436.14,1444.13,234,28833,0.1442
2025-09-01 15:25:00,23500,CE,568.27,578.14,569.45,577.41,571,45825,0.1468
2025-09-01 15:25:00,23500,PE,379.13,380.78,377.36,379.18,82,45538,0.1468
2025-09-01 15:25:00,23550,CE,536.12,543.71,540.23,540.9,312,51125,0.146
2025-09-01 15:25:00,23550,PE,334.74,340.49,329.57,333.13,277,43158,0.1455
2025-09-01 15:25:00,23600,CE,465.42,482.18,466.83,466.88,1085,57314,0.1516
2025-09-01 15:25:00,23600,PE,346.81,357.22,341.23,347.9,820,49532,0.1474
2025-09-01 15:25:00,23650,CE,401.77,410.33,401.08,405.07,1056,61144,0.1448
2025-09-01 15:25:00,23650,PE,344.15,347.39,343.46,344.09,1112,57437,0.1469
2025-09-01 15:25:00,23700,CE,365.27,368.94,366.74,368.34,33,66846,0.1463
2025-09-01 15:25:00,23700,PE,341.63,336.97,333.56,336.85,981,63862,0.1481
2025-09-01 15:25:00,23750,CE,354.07,352.5,346.94,352.35,675,71741,0.1465
2025-09-01 15:25:00,23750,PE,364.17,365.79,357.47,363.79,381,75810,0.1494
2025-09-01 15:25:00,23800,CE,318.33,324.89,320.68,321.01,954,85806,0.1444
2025-09-01 15:25:00,23800,PE,380.87,390.85,382.92,383.92,978,87396,0.1491
2025-09-01 15:25:00,23850,CE,324.51,326.91,323.97,324.23,69,79996,0.1449
2025-09-01 15:25:00,23850,PE,457.22,464.4,460.86,462.63,880,77682,0.1487
2025-09-01 15:25:00,23900,CE,352.48,353.49,348.96,349.97,1067,74210,0.1501
2025-09-01 15:25:00,23900,PE,526.05,523.21,514.57,520.28,409,64313,0.1462
2025-09-01 15:25:00,23950,CE,361.66,362.64,357.34,358.97,903,57910,0.1467
2025-09-01 15:25:00,23950,PE,550.66,551.25,538.37,549.72,453,62013,0.1462
2025-09-01 15:25:00,24000,CE,334.39,345.04,336.29,336.59,489,54952,0.1482
2025-09-01 15:25:00,24000,PE,628.17,632.6,627.92,627.92,241,55953,0.1472
2025-09-01 15:25:00,24050,CE,344.53,343.48,339.28,339.79,520,58967,0.1476
2025-09-01 15:25:00,24050,PE,677.14,678.57,651.68,670.37,359,54940,0.1488
2025-09-01 15:25:00,24100,CE,350.06,352.82,350.89,352.21,684,40356,0.1479
2025-09-01 15:25:00,24100,PE,753.67,757.03,744.61,748.52,98,46493,0.1496
2025-09-01 15:25:00,24150,CE,369.75,373.51,368.83,372.0,611,47975,0.1463
2025-09-01 15:25:00,24150,PE,770.69,770.08,761.87,764.15,244,47867,0.1472
2025-09-01 15:25:00,24200,CE,346.09,348.1,346.65,348.09,555,39612,0.146
2025-09-01 15:25:00,24200,PE,796.03,804.28,788.3,790.53,248,37739,0.1472
2025-09-01 15:25:00,24250,CE,368.59,371.2,369.72,369.93,191,31376,0.1489
2025-09-01 15:25:00,24250,PE,867.9,863.37,856.58,860.3,616,40078,0.1491
2025-09-01 15:25:00,24300,CE,351.11,351.63,348.89,351.19,230,33266,0.1484
2025-09-01 15:25:00,24300,PE,930.68,936.22,921.04,923.77,543,33696,0.1469
2025-09-01 15:25:00,24350,CE,354.17,360.39,353.93,356.06,320,27821,0.1499
2025-09-01 15:25:00,24350,PE,966.76,988.34,969.37,973.25,354,32122,0.1469
2025-09-01 15:25:00,24400,CE,319.78,331.42,318.95,320.52,118,28169,0.1462
2025-09-01 15:25:00,24400,PE,1004.02,1019.58,1001.0,1005.29,367,26195,0.1447
2025-09-01 15:25:00,24450,CE,334.77,341.19,335.71,337.48,108,36013,0.149
2025-09-01 15:25:00,24450,PE,1069.81,1075.66,1064.07,1066.67,489,28180,0.1462
2025-09-01 15:25:00,24500,CE,353.65,354.53,350.22,353.04,345,31590,0.1475
2025-09-01 15:25:00,24500,PE,1123.67,1119.52,1096.35,1117.31,429,32516,0.1486
2025-09-01 15:25:00,24550,CE,341.4,341.92,336.94,340.51,261,25766,0.1469
2025-09-01 15:25:00,24550,PE,1165.29,1160.38,1150.08,1158.33,156,33536,0.1452
2025-09-01 15:25:00,24600,CE,340.95,343.1,338.95,339.05,405,20540,0.151
2025-09-01 15:25:00,24600,PE,1202.0,1231.85,1204.38,1211.9,18,26737,0.1483
2025-09-01 15:25:00,24650,CE,342.92,348.01,342.23,345.52,180,21906,0.1456
2025-09-01 15:25:00,24650,PE,1213.69,1236.26,1210.99,1233.77,7,26081,0.1456
2025-09-01 15:25:00,24700,CE,354.97,350.56,343.4,349.63,297,25392,0.1474
2025-09-01 15:25:00,24700,PE,1326.31,1356.89,1319.17,1327.67,344,27183,0.1479
2025-09-01 15:25:00,24750,CE,339.23,338.6,335.69,337.58,157,19118,0.1453
2025-09-01 15:25:00,24750,PE,1357.48,1358.12,1329.35,1348.24,110,26975,0.1464
2025-09-01 15:25:00,24800,CE,362.49,360.24,358.51,358.56,334,25547,0.1493
2025-09-01 15:25:00,24800,PE,1399.34,1409.71,1392.96,1405.8,96,19124,0.1449
2025-09-01 15:25:00,24850,CE,344.42,342.9,338.5,342.23,59,22758,0.1474
2025-09-01 15:25:00,24850,PE,1435.84,1445.82,1433.15,1443.34,73,23415,0.1443
2025-09-01 15:25:00,24900,CE,348.03,347.33,345.48,347.08,301,24598,0.1501
2025-09-01 15:25:00,24900,PE,1517.07,1522.75,1500.85,1513.42,246,28407,0.1435
