timestamp,strike,side,open,high,low,close,volume,oi,iv
2025-08-27 09:00:00,23500,CE,345.71,341.5,338.99,340.23,0,34651,0.1789
2025-08-27 09:00:00,23500,PE,81.47,81.94,80.0,80.77,0,32803,0.1795
2025-08-27 09:00:00,23550,CE,293.27,297.03,292.76,294.58,0,34805,0.1782
2025-08-27 09:00:00,23550,PE,83.16,83.48,82.79,82.92,0,37418,0.1776
2025-08-27 09:00:00,23600,CE,241.54,242.94,239.64,242.56,0,39811,0.1807
2025-08-27 09:00:00,23600,PE,85.27,86.52,84.37,84.66,0,40248,0.1733
2025-08-27 09:00:00,23650,CE,190.25,192.95,188.64,190.57,0,45277,0.1785
2025-08-27 09:00:00,23650,PE,82.39,82.82,82.02,82.39,0,43659,0.1793
2025-08-27 09:00:00,23700,CE,144.5,144.17,142.1,143.36,0,49441,0.1754
2025-08-27 09:00:00,23700,PE,84.43,83.97,82.29,82.68,0,48057,0.1766
2025-08-27 09:00:00,23750,CE,91.54,91.61,91.1,91.19,0,53106,0.177
2025-08-27 09:00:00,23750,PE,86.59,88.31,87.42,87.79,0,53266,0.1798
2025-08-27 09:00:00,23800,CE,81.33,80.94,79.47,80.82,0,49561,0.1762
2025-08-27 09:00:00,23800,PE,123.41,127.24,122.4,125.08,0,51728,0.1756
2025-08-27 09:00:00,23850,CE,83.09,84.18,83.38,83.66,0,45275,0.1794
2025-08-27 09:00:00,23850,PE,175.11,179.02,172.95,175.26,0,46959,0.1777
2025-08-27 09:00:00,23900,CE,81.25,81.59,80.8,81.05,0,40172,0.1753
2025-08-27 09:00:00,23900,PE,222.68,227.39,221.13,223.15,0,42224,0.1806
2025-08-27 09:00:00,23950,CE,80.83,85.04,80.33,81.77,0,36235,0.1705
2025-08-27 09:00:00,23950,PE,276.35,279.14,276.71,277.08,0,36926,0.1771
2025-08-27 09:00:00,24000,CE,85.88,85.14,83.46,84.91,0,33031,0.1766
2025-08-27 09:00:00,24000,PE,318.53,324.94,321.83,322.46,0,36553,0.1751
2025-08-27 09:00:00,24050,CE,81.79,84.25,82.65,82.97,0,31622,0.1761
2025-08-27 09:00:00,24050,PE,368.32,371.99,369.53,371.58,0,33705,0.1749
2025-08-27 09:00:00,24100,CE,81.45,81.81,80.75,81.06,0,29988,0.1767
2025-08-27 09:00:00,24100,PE,414.6,433.45,421.58,425.01,0,28782,0.1797
2025-08-27 09:00:00,24150,CE,87.74,88.09,85.57,87.28,0,27783,0.1769
2025-08-27 09:00:00,24150,PE,478.56,479.94,476.35,478.02,0,27775,0.1777
2025-08-27 09:00:00,24200,CE,83.72,85.35,84.34,84.55,0,26785,0.181
2025-08-27 09:00:00,24200,PE,530.89,539.28,527.84,530.78,0,26060,0.1772
2025-08-27 09:00:00,24250,CE,87.32,89.35,85.56,86.73,0,25979,0.1744
2025-08-27 09:00:00,24250,PE,573.99,575.92,565.65,570.72,0,26195,0.1763
2025-08-27 09:00:00,24300,CE,81.53,83.08,82.49,82.55,0,22575,0.1795
2025-08-27 09:00:00,24300,PE,621.03,630.94,622.78,625.51,0,24049,0.1774
2025-08-27 09:00:00,24350,CE,74.45,75.1,74.53,74.74,0,23078,0.1759
2025-08-27 09:00:00,24350,PE,682.44,681.0,677.1,677.5,0,21831,0.1802
2025-08-27 09:00:00,24400,CE,82.47,83.44,82.48,82.92,0,22774,0.1798
2025-08-27 09:00:00,24400,PE,724.04,733.86,712.85,721.48,0,20610,0.1742
2025-08-27 09:00:00,24450,CE,87.61,87.88,86.34,87.21,0,22193,0.1803
2025-08-27 09:00:00,24450,PE,778.71,780.07,769.64,775.1,0,20537,0.1726
2025-08-27 09:00:00,24500,CE,87.82,88.77,87.09,87.17,0,19276,0.1768
2025-08-27 09:00:00,24500,PE,825.96,833.09,822.78,823.91,0,20475,0.1776
2025-08-27 09:00:00,24550,CE,94.23,93.69,92.98,93.07,0,19469,0.1802
2025-08-27 09:00:00,24550,PE,872.97,880.69,876.04,876.94,0,19025,0.1789
2025-08-27 09:00:00,24600,CE,87.44,87.75,85.51,86.37,0,18982,0.1791
2025-08-27 09:00:00,24600,PE,926.18,933.12,914.37,931.65,0,17280,0.1776
2025-08-27 09:00:00,24650,CE,84.85,85.41,84.06,84.36,0,18773,0.1769
2025-08-27 09:00:00,24650,PE,972.88,978.14,959.02,976.17,0,18017,0.1795
2025-08-27 09:00:00,24700,CE,87.11,87.78,87.23,87.33,0,15742,0.179
2025-08-27 09:00:00,24700,PE,999.65,1032.39,1013.33,1018.29,0,18886,0.1746
2025-08-27 09:00:00,24750,CE,84.79,88.37,84.75,85.48,0,17752,0.1755
2025-08-27 09:00:00,24750,PE,1077.75,1080.44,1058.2,1074.76,0,14997,0.1807
2025-08-27 09:00:00,24800,CE,85.75,85.6,84.64,84.68,0,16870,0.1776
2025-08-27 09:00:00,24800,PE,1124.83,1144.6,1106.26,1126.91,0,15845,0.1771
2025-08-27 09:00:00,24850,CE,82.73,83.61,81.8,82.11,0,16288,0.1751
2025-08-27 09:00:00,24850,PE,1178.29,1181.38,1173.85,1176.0,0,14712,0.1804
2025-08-27 09:00:00,24900,CE,82.86,83.53,81.76,81.91,0,13698,0.173
2025-08-27 09:00:00,24900,PE,1227.87,1242.18,1208.49,1227.27,0,13594,0.1793
2025-08-27 09:05:00,23500,CE,341.82,340.5,335.77,339.53,0,32130,0.1762
2025-08-27 09:05:00,23500,PE,82.5,84.37,81.94,82.53,0,35367,0.1795
2025-08-27 09:05:00,23550,CE,297.76,298.53,294.21,295.85,0,35819,0.1797
2025-08-27 09:05:00,23550,PE,87.71,89.05,86.79,88.02,0,38400,0.1796
2025-08-27 09:05:00,23600,CE,246.3,247.68,244.03,244.66,0,38642,0.1782
2025-08-27 09:05:00,23600,PE,82.87,84.05,82.95,82.98,0,39139,0.1793
2025-08-27 09:05:00,23650,CE,198.72,198.76,194.27,196.8,0,45027,0.1789
2025-08-27 09:05:00,23650,PE,85.86,85.01,84.69,84.9,0,42901,0.1783
2025-08-27 09:05:00,23700,CE,144.03,144.7,143.92,144.25,0,49109,0.1784
2025-08-27 09:05:00,23700,PE,80.14,79.8,79.12,79.43,0,46443,0.1795
2025-08-27 09:05:00,23750,CE,87.77,89.6,88.1,88.31,0,55526,0.1763
2025-08-27 09:05:00,23750,PE,84.06,85.48,83.59,84.28,0,54181,0.1758
2025-08-27 09:05:00,23800,CE,77.0,78.39,76.92,77.53,0,51183,0.1728
2025-08-27 09:05:00,23800,PE,127.47,126.71,124.56,126.24,0,48288,0.178
2025-08-27 09:05:00,23850,CE,79.71,79.32,77.77,79.16,0,47088,0.1746
2025-08-27 09:05:00,23850,PE,176.47,176.45,173.52,175.43,0,45214,0.1787
2025-08-27 09:05:00,23900,CE,80.73,82.46,78.76,80.61,0,40014,0.175
2025-08-27 09:05:00,23900,PE,224.09,222.47,221.71,222.07,0,39778,0.1755
2025-08-27 09:05:00,23950,CE,85.55,86.9,84.78,85.63,0,36122,0.179
2025-08-27 09:05:00,23950,PE,279.42,285.05,274.27,278.43,0,38463,0.1774
2025-08-27 09:05:00,24000,CE,91.7,91.71,90.91,91.6,0,33749,0.1828
2025-08-27 09:05:00,24000,PE,324.29,325.5,322.21,324.58,0,36613,0.1785
2025-08-27 09:05:00,24050,CE,82.77,84.09,83.1,83.58,0,31339,0.1789
2025-08-27 09:05:00,24050,PE,375.98,382.81,368.68,375.08,0,30784,0.1783
2025-08-27 09:05:00,24100,CE,80.89,81.34,80.72,81.12,0,31696,0.1758
2025-08-27 09:05:00,24100,PE,424.33,432.4,422.28,423.52,0,31396,0.1796
2025-08-27 09:05:00,24150,CE,86.84,88.78,85.6,86.91,0,28484,0.1799
2025-08-27 09:05:00,24150,PE,478.08,476.33,467.41,473.95,0,29731,0.1778
2025-08-27 09:05:00,24200,CE,82.86,84.12,82.91,83.04,0,27653,0.1754
2025-08-27 09:05:00,24200,PE,524.63,522.03,518.45,519.9,0,25454,0.1767
2025-08-27 09:05:00,24250,CE,78.66,80.11,78.79,79.41,0,24938,0.1757
2025-08-27 09:05:00,24250,PE,582.47,582.62,577.61,578.14,0,26965,0.1814
2025-08-27 09:05:00,24300,CE,80.0,81.42,79.7,80.37,0,24666,0.1813
2025-08-27 09:05:00,24300,PE,624.37,627.03,622.44,624.39,0,24437,0.1753
2025-08-27 09:05:00,24350,CE,91.58,91.5,90.66,90.78,0,21473,0.1775
2025-08-27 09:05:00,24350,PE,673.6,671.18,667.18,670.63,0,22903,0.1775
2025-08-27 09:05:00,24400,CE,80.14,79.34,78.82,79.33,0,20350,0.1769
2025-08-27 09:05:00,24400,PE,726.1,739.53,715.76,723.09,0,22372,0.1789
2025-08-27 09:05:00,24450,CE,79.06,81.09,79.07,79.7,0,19595,0.1741
2025-08-27 09:05:00,24450,PE,774.64,783.54,761.64,774.93,0,19859,0.1788
2025-08-27 09:05:00,24500,CE,87.73,88.46,86.63,87.68,0,20106,0.1776
2025-08-27 09:05:00,24500,PE,819.43,823.27,815.07,818.79,0,17913,0.1837
2025-08-27 09:05:00,24550,CE,86.1,86.34,85.73,86.16,0,19789,0.1772
2025-08-27 09:05:00,24550,PE,872.32,874.02,857.68,873.06,0,18759,0.1755
2025-08-27 09:05:00,24600,CE,82.13,82.38,81.31,82.14,0,18285,0.1797
2025-08-27 09:05:00,24600,PE,923.31,932.63,916.69,930.49,0,19209,0.1806
2025-08-27 09:05:00,24650,CE,83.29,83.74,82.79,83.2,0,18619,0.1758
2025-08-27 09:05:00,24650,PE,979.08,985.19,959.74,972.53,0,19212,0.1776
2025-08-27 09:05:00,24700,CE,83.0,83.56,82.53,83.46,0,15610,0.1762
2025-08-27 09:05:00,24700,PE,1024.18,1054.58,1019.18,1029.75,0,16611,0.1755
2025-08-27 09:05:00,24750,CE,84.72,84.91,84.09,84.72,0,14672,0.1799
2025-08-27 09:05:00,24750,PE,1063.94,1100.65,1068.45,1074.67,0,15345,0.1768
2025-08-27 09:05:00,24800,CE,87.78,89.15,88.6,88.66,0,15938,0.1778
2025-08-27 09:05:00,24800,PE,1115.6,1131.14,1095.28,1122.49,0,14257,0.1767
2025-08-27 09:05:00,24850,CE,81.02,80.9,79.95,80.44,0,14992,0.1758
2025-08-27 09:05:00,24850,PE,1156.45,1192.99,1161.33,1171.6,0,16951,0.1781
2025-08-27 09:05:00,24900,CE,85.51,85.93,83.51,84.95,0,13004,0.178
2025-08-27 09:05:00,24900,PE,1241.82,1233.6,1211.23,1217.65,0,13644,0.1771
2025-08-27 09:10:00,23500,CE,346.85,350.36,342.43,345.66,0,32996,0.1833
2025-08-27 09:10:00,23500,PE,81.75,81.73,80.66,81.18,0,35510,0.18
2025-08-27 09:10:00,23550,CE,289.41,291.24,288.55,289.25,0,37506,0.1776
2025-08-27 09:10:00,23550,PE,89.26,89.16,87.97,88.61,0,35304,0.1791
2025-08-27 09:10:00,23600,CE,243.76,245.57,240.87,242.93,0,40542,0.1774
2025-08-27 09:10:00,23600,PE,83.87,86.84,83.8,84.15,0,37811,0.1799
2025-08-27 09:10:00,23650,CE,193.42,195.42,192.58,193.97,0,44704,0.1749
2025-08-27 09:10:00,23650,PE,79.86,80.56,80.08,80.36,0,42408,0.1753
2025-08-27 09:10:00,23700,CE,146.5,148.0,146.87,146.89,0,48923,0.1781
2025-08-27 09:10:00,23700,PE,84.8,84.31,84.14,84.22,0,48047,0.1766
2025-08-27 09:10:00,23750,CE,94.88,95.77,94.07,95.27,0,54644,0.1792
2025-08-27 09:10:00,23750,PE,82.87,82.92,81.94,82.54,0,53104,0.1761
2025-08-27 09:10:00,23800,CE,81.57,82.36,80.61,81.61,0,50305,0.1741
2025-08-27 09:10:00,23800,PE,121.2,124.17,121.56,122.3,0,51812,0.1769
2025-08-27 09:10:00,23850,CE,77.9,78.42,77.72,78.41,0,46441,0.176
2025-08-27 09:10:00,23850,PE,174.81,173.77,170.32,172.09,0,45410,0.1795
2025-08-27 09:10:00,23900,CE,81.74,83.46,82.87,83.22,0,42857,0.1777
2025-08-27 09:10:00,23900,PE,221.59,224.25,223.46,223.51,0,39638,0.1789
2025-08-27 09:10:00,23950,CE,82.16,83.26,80.72,81.78,0,38575,0.1805
2025-08-27 09:10:00,23950,PE,273.74,276.11,272.69,274.9,0,38275,0.1787
2025-08-27 09:10:00,24000,CE,84.44,85.47,83.8,83.98,0,33924,0.1763
2025-08-27 09:10:00,24000,PE,320.31,326.1,320.06,322.3,0,34453,0.1789
2025-08-27 09:10:00,24050,CE,90.53,90.19,89.73,90.12,0,32052,0.177
2025-08-27 09:10:00,24050,PE,375.94,385.17,369.22,373.35,0,33144,0.1739
2025-08-27 09:10:00,24100,CE,88.73,89.8,88.02,88.66,0,30784,0.1796
2025-08-27 09:10:00,24100,PE,420.03,421.45,418.28,421.33,0,31430,0.1746
2025-08-27 09:10:00,24150,CE,84.65,85.84,84.98,85.29,0,29037,0.178
2025-08-27 09:10:00,24150,PE,473.59,474.48,473.18,473.28,0,30351,0.1742
2025-08-27 09:10:00,24200,CE,84.63,86.11,82.73,84.48,0,28069,0.1764
2025-08-27 09:10:00,24200,PE,520.09,523.73,512.99,520.88,0,27056,0.1772
2025-08-27 09:10:00,24250,CE,81.68,81.63,81.16,81.45,0,23349,0.1807
2025-08-27 09:10:00,24250,PE,572.9,577.62,572.13,572.58,0,24742,0.178
2025-08-27 09:10:00,24300,CE,85.34,85.44,83.91,84.08,0,22464,0.1777
2025-08-27 09:10:00,24300,PE,626.56,628.87,621.61,623.66,0,23688,0.1818
2025-08-27 09:10:00,24350,CE,81.35,82.42,81.24,81.51,0,24736,0.1779
2025-08-27 09:10:00,24350,PE,666.8,681.72,662.14,676.86,0,22374,0.1738
2025-08-27 09:10:00,24400,CE,86.89,87.91,86.49,86.77,0,22956,0.1792
2025-08-27 09:10:00,24400,PE,726.07,732.36,719.67,722.74,0,21489,0.1787
2025-08-27 09:10:00,24450,CE,86.61,87.3,85.54,86.84,0,21013,0.1764
2025-08-27 09:10:00,24450,PE,774.78,784.99,768.85,771.31,0,18827,0.1755
2025-08-27 09:10:00,24500,CE,86.83,87.42,86.42,86.67,0,20562,0.175
2025-08-27 09:10:00,24500,PE,821.41,825.01,817.7,820.16,0,18801,0.1766
2025-08-27 09:10:00,24550,CE,86.91,85.67,85.19,85.58,0,18831,0.1782
2025-08-27 09:10:00,24550,PE,875.25,877.41,874.99,877.15,0,20942,0.1766
2025-08-27 09:10:00,24600,CE,76.78,78.11,76.25,77.29,0,17129,0.1772
2025-08-27 09:10:00,24600,PE,911.84,934.8,922.92,926.27,0,19948,0.1794
2025-08-27 09:10:00,24650,CE,82.57,85.11,83.34,83.5,0,18853,0.1826
2025-08-27 09:10:00,24650,PE,979.98,1001.19,971.58,978.68,0,15731,0.1822
2025-08-27 09:10:00,24700,CE,81.02,82.8,79.95,80.89,0,16368,0.1753
2025-08-27 09:10:00,24700,PE,1020.27,1028.41,1016.49,1018.22,0,18809,0.1731
2025-08-27 09:10:00,24750,CE,79.46,81.02,80.04,80.33,0,16107,0.1763
2025-08-27 09:10:00,24750,PE,1071.29,1090.43,1052.7,1072.14,0,17458,0.18
2025-08-27 09:10:00,24800,CE,87.79,88.25,87.23,87.39,0,17407,0.1786
2025-08-27 09:10:00,24800,PE,1137.53,1131.03,1116.11,1120.53,0,13742,0.1755
2025-08-27 09:10:00,24850,CE,84.67,87.38,84.98,85.1,0,16135,0.1772
2025-08-27 09:10:00,24850,PE,1182.92,1218.65,1178.17,1180.26,0,16863,0.1779
2025-08-27 09:10:00,24900,CE,83.82,84.06,82.52,83.34,0,15031,0.1743
2025-08-27 09:10:00,24900,PE,1214.48,1236.05,1198.63,1221.18,0,16562,0.1749
2025-08-27 09:15:00,23500,CE,356.85,360.02,352.12,356.57,633,48603,0.1599
2025-08-27 09:15:00,23500,PE,74.26,74.65,72.54,74.0,124,49560,0.1598
2025-08-27 09:15:00,23550,CE,298.68,305.23,296.7,300.22,848,50917,0.1618
2025-08-27 09:15:00,23550,PE,73.76,74.87,73.39,74.4,169,52355,0.1599
2025-08-27 09:15:00,23600,CE,250.44,251.89,250.18,250.86,1031,58167,0.1572
2025-08-27 09:15:00,23600,PE,77.15,78.28,77.03,77.53,893,57145,0.16
2025-08-27 09:15:00,23650,CE,206.31,204.14,203.74,203.75,527,61462,0.1608
2025-08-27 09:15:00,23650,PE,76.41,78.42,76.09,76.45,999,63530,0.1619
2025-08-27 09:15:00,23700,CE,153.8,154.67,151.87,152.71,1057,71870,0.1597
2025-08-27 09:15:00,23700,PE,72.11,73.28,71.89,72.58,1378,71856,0.1568
2025-08-27 09:15:00,23750,CE,104.48,105.45,104.85,105.04,746,76711,0.1621
2025-08-27 09:15:00,23750,PE,70.7,71.99,70.39,70.74,927,78590,0.1569
2025-08-27 09:15:00,23800,CE,73.62,74.14,73.38,73.55,1558,77198,0.1585
2025-08-27 09:15:00,23800,PE,96.59,95.37,94.63,95.19,1429,80762,0.1586
2025-08-27 09:15:00,23850,CE,80.92,81.14,80.23,80.5,122,69111,0.1605
2025-08-27 09:15:00,23850,PE,145.85,149.74,144.62,146.18,111,73241,0.1564
2025-08-27 09:15:00,23900,CE,74.78,75.56,74.07,74.13,812,64002,0.1589
2025-08-27 09:15:00,23900,PE,198.11,200.42,198.12,198.73,659,62696,0.1622
2025-08-27 09:15:00,23950,CE,67.55,68.85,67.05,68.05,205,58706,0.16
2025-08-27 09:15:00,23950,PE,240.0,244.99,238.9,242.08,162,55562,0.157
2025-08-27 09:15:00,24000,CE,71.84,71.42,70.96,71.27,976,49921,0.1588
2025-08-27 09:15:00,24000,PE,299.71,300.96,297.93,300.43,951,49897,0.1595
2025-08-27 09:15:00,24050,CE,73.03,73.88,72.89,73.36,449,48710,0.1609
2025-08-27 09:15:00,24050,PE,352.02,350.58,346.53,349.86,116,50547,0.1602
2025-08-27 09:15:00,24100,CE,74.54,74.81,73.18,73.93,797,43003,0.1562
2025-08-27 09:15:00,24100,PE,394.9,402.28,395.63,399.74,195,46227,0.1593
2025-08-27 09:15:00,24150,CE,74.39,75.91,73.7,74.73,293,38831,0.1588
2025-08-27 09:15:00,24150,PE,449.32,449.38,442.39,444.66,579,40726,0.1594
2025-08-27 09:15:00,24200,CE,72.03,71.94,71.57,71.79,297,39860,0.1579
2025-08-27 09:15:00,24200,PE,489.25,497.33,491.9,493.81,416,40895,0.1601
2025-08-27 09:15:00,24250,CE,75.91,76.66,75.8,76.26,533,39250,0.1566
2025-08-27 09:15:00,24250,PE,556.12,551.57,548.47,551.28,612,37386,0.1607
2025-08-27 09:15:00,24300,CE,72.04,73.57,71.85,72.64,352,34287,0.1578
2025-08-27 09:15:00,24300,PE,597.26,613.14,592.32,598.62,418,31874,0.159
2025-08-27 09:15:00,24350,CE,77.79,78.57,77.38,78.06,242,31308,0.1571
2025-08-27 09:15:00,24350,PE,647.25,654.62,636.55,644.97,331,35193,0.1559
2025-08-27 09:15:00,24400,CE,70.25,70.8,70.29,70.57,271,31485,0.1592
2025-08-27 09:15:00,24400,PE,695.95,701.21,696.3,697.92,228,30044,0.1585
2025-08-27 09:15:00,24450,CE,78.23,80.44,78.08,79.01,361,27975,0.1585
2025-08-27 09:15:00,24450,PE,747.18,745.34,741.56,744.68,463,27164,0.1577
2025-08-27 09:15:00,24500,CE,70.68,71.37,70.82,71.16,117,29627,0.1586
2025-08-27 09:15:00,24500,PE,800.92,803.3,795.41,798.19,48,27592,0.1591
2025-08-27 09:15:00,24550,CE,82.38,82.77,81.55,81.99,184,29492,0.1566
2025-08-27 09:15:00,24550,PE,850.52,848.3,842.48,845.38,82,26599,0.1562
2025-08-27 09:15:00,24600,CE,69.28,69.62,68.73,68.86,212,27644,0.1522
2025-08-27 09:15:00,24600,PE,904.38,903.98,891.37,897.05,249,23515,0.1583
2025-08-27 09:15:00,24650,CE,74.4,75.41,74.97,75.07,379,22593,0.159
2025-08-27 09:15:00,24650,PE,951.84,957.89,947.93,949.11,304,23327,0.1563
2025-08-27 09:15:00,24700,CE,71.64,71.74,70.89,71.03,56,21870,0.159
2025-08-27 09:15:00,24700,PE,996.67,1009.49,996.59,1001.67,393,26583,0.1563
2025-08-27 09:15:00,24750,CE,73.84,73.77,72.34,73.35,242,24679,0.1565
2025-08-27 09:15:00,24750,PE,1041.63,1061.63,1031.42,1046.88,361,21921,0.1579
2025-08-27 09:15:00,24800,CE,72.62,72.79,72.06,72.41,292,22121,0.1544
2025-08-27 09:15:00,24800,PE,1089.93,1102.35,1085.47,1094.61,71,22202,0.1564
2025-08-27 09:15:00,24850,CE,76.95,76.87,75.96,76.06,22,21877,0.1578
2025-08-27 09:15:00,24850,PE,1160.18,1158.55,1135.7,1147.11,100,18855,0.157
2025-08-27 09:15:00,24900,CE,75.36,76.47,74.67,75.45,253,19609,0.1566
2025-08-27 09:15:00,24900,PE,1195.15,1208.12,1178.45,1200.89,162,18031,0.1603
2025-08-27 09:20:00,23500,CE,235.24,235.39,234.39,234.78,108,49105,0.1627
2025-08-27 09:20:00,23500,PE,71.01,71.88,69.94,71.23,691,49444,0.1601
2025-08-27 09:20:00,23550,CE,185.4,185.47,183.58,183.94,863,51189,0.1567
2025-08-27 09:20:00,23550,PE,74.28,75.93,72.71,74.57,165,52859,0.156
2025-08-27 09:20:00,23600,CE,132.59,134.0,130.63,131.17,976,57938,0.1575
2025-08-27 09:20:00,23600,PE,72.59,73.91,71.94,72.9,414,56650,0.1606
2025-08-27 09:20:00,23650,CE,86.19,87.82,87.27,87.53,465,61265,0.1623
2025-08-27 09:20:00,23650,PE,74.63,74.49,73.46,74.22,391,63735,0.1583
2025-08-27 09:20:00,23700,CE,70.75,70.44,69.82,69.95,417,71869,0.1575
2025-08-27 09:20:00,23700,PE,110.15,111.46,107.41,109.16,892,71345,0.1566
2025-08-27 09:20:00,23750,CE,82.21,82.05,81.15,81.64,248,76195,0.1639
2025-08-27 09:20:00,23750,PE,166.92,169.95,164.79,167.38,947,78829,0.1586
2025-08-27 09:20:00,23800,CE,73.93,74.05,72.98,73.69,171,77481,0.16
2025-08-27 09:20:00,23800,PE,213.58,216.61,213.22,214.62,976,80293,0.1583
2025-08-27 09:20:00,23850,CE,74.71,76.45,75.32,75.49,140,69464,0.1601
2025-08-27 09:20:00,23850,PE,262.14,263.54,258.89,262.76,342,73055,0.1575
2025-08-27 09:20:00,23900,CE,73.76,74.35,73.5,73.67,575,63483,0.155
2025-08-27 09:20:00,23900,PE,316.14,320.43,315.36,317.25,431,62496,0.1598
2025-08-27 09:20:00,23950,CE,75.05,74.2,73.04,73.87,727,58982,0.157
2025-08-27 09:20:00,23950,PE,359.43,362.77,362.64,362.73,263,55748,0.1572
2025-08-27 09:20:00,24000,CE,74.74,77.02,74.88,74.88,334,49898,0.1605
2025-08-27 09:20:00,24000,PE,416.98,419.9,417.94,419.84,599,49632,0.1601
2025-08-27 09:20:00,24050,CE,71.4,72.68,71.24,72.31,438,48611,0.1568
2025-08-27 09:20:00,24050,PE,466.97,476.24,462.33,467.06,491,50404,0.1575
2025-08-27 09:20:00,24100,CE,72.22,72.72,71.46,72.33,652,42871,0.16
2025-08-27 09:20:00,24100,PE,507.32,518.58,512.76,518.52,86,46214,0.1556
2025-08-27 09:20:00,24150,CE,76.4,77.76,75.59,76.23,163,38777,0.1583
2025-08-27 09:20:00,24150,PE,561.29,563.12,560.67,561.21,600,40248,0.1547
2025-08-27 09:20:00,24200,CE,75.45,76.76,75.18,76.07,35,39608,0.1572
2025-08-27 09:20:00,24200,PE,607.35,617.54,598.34,611.03,272,40449,0.16
2025-08-27 09:20:00,24250,CE,74.45,75.35,74.35,74.86,404,39372,0.1563
2025-08-27 09:20:00,24250,PE,660.28,667.75,661.1,663.96,407,37293,0.1564
2025-08-27 09:20:00,24300,CE,73.48,72.81,72.41,72.81,507,34493,0.1589
2025-08-27 09:20:00,24300,PE,707.37,716.34,701.37,714.55,502,31379,0.1578
2025-08-27 09:20:00,24350,CE,75.98,76.05,75.09,75.81,347,31121,0.1565
2025-08-27 09:20:00,24350,PE,768.25,773.99,753.46,762.25,106,34809,0.1537
2025-08-27 09:20:00,24400,CE,74.94,76.18,74.02,74.54,102,30995,0.1591
2025-08-27 09:20:00,24400,PE,814.59,819.12,805.52,810.93,227,30372,0.1583
2025-08-27 09:20:00,24450,CE,70.74,70.91,69.38,70.77,221,27532,0.1592
2025-08-27 09:20:00,24450,PE,862.05,889.81,858.28,862.17,333,26773,0.157
2025-08-27 09:20:00,24500,CE,68.25,69.75,68.59,68.61,389,29467,0.1598
2025-08-27 09:20:00,24500,PE,921.29,927.91,914.13,915.51,7,27343,0.1579
2025-08-27 09:20:00,24550,CE,72.47,72.59,72.03,72.08,357,29995,0.1593
2025-08-27 09:20:00,24550,PE,956.1,976.84,959.37,965.32,184,27185,0.1568
2025-08-27 09:20:00,24600,CE,71.1,71.9,71.19,71.47,100,27550,0.1608
2025-08-27 09:20:00,24600,PE,1030.44,1016.42,1012.03,1016.15,191,23156,0.1598
2025-08-27 09:20:00,24650,CE,65.29,65.39,64.84,65.02,155,22590,0.1544
2025-08-27 09:20:00,24650,PE,1071.65,1077.03,1061.52,1064.0,277,23321,0.1584
2025-08-27 09:20:00,24700,CE,74.85,75.81,74.86,74.94,44,21829,0.1586
2025-08-27 09:20:00,24700,PE,1107.07,1117.37,1101.48,1114.59,322,26007,0.1596
2025-08-27 09:20:00,24750,CE,71.3,71.76,71.11,71.42,364,24233,0.1578
2025-08-27 09:20:00,24750,PE,1163.65,1163.93,1157.04,1161.3,9,21490,0.1608
2025-08-27 09:20:00,24800,CE,78.74,79.98,77.62,78.44,92,21943,0.1607
2025-08-27 09:20:00,24800,PE,1205.12,1216.64,1210.01,1211.64,293,22298,0.1586
2025-08-27 09:20:00,24850,CE,73.84,74.22,72.46,73.81,219,22330,0.1566
2025-08-27 09:20:00,24850,PE,1252.57,1268.92,1264.48,1265.81,49,18523,0.1623
2025-08-27 09:20:00,24900,CE,74.46,74.72,72.82,73.88,319,19934,0.1571
2025-08-27 09:20:00,24900,PE,1294.83,1340.65,1292.61,1313.65,24,17702,0.1611
2025-08-27 09:25:00,23500,CE,264.01,262.91,259.46,262.29,413,48544,0.1605
2025-08-27 09:25:00,23500,PE,73.33,74.52,73.33,73.57,635,49623,0.1575
2025-08-27 09:25:00,23550,CE,210.33,215.53,208.85,211.06,418,50846,0.1575
2025-08-27 09:25:00,23550,PE,79.16,79.84,78.16,78.92,525,53362,0.1565
2025-08-27 09:25:00,23600,CE,162.0,161.48,161.27,161.41,993,58458,0.1585
2025-08-27 09:25:00,23600,PE,75.67,76.2,75.59,75.68,769,56176,0.1604
2025-08-27 09:25:00,23650,CE,108.25,108.88,105.56,107.7,119,60898,0.1571
2025-08-27 09:25:00,23650,PE,75.7,77.13,74.42,75.45,842,63387,0.1591
2025-08-27 09:25:00,23700,CE,71.18,72.52,71.25,71.37,562,72362,0.1596
2025-08-27 09:25:00,23700,PE,86.38,87.04,86.32,86.75,100,70838,0.1565
2025-08-27 09:25:00,23750,CE,77.96,79.18,78.06,78.44,584,76496,0.1618
2025-08-27 09:25:00,23750,PE,138.05,139.08,136.7,137.15,1209,78574,0.154
2025-08-27 09:25:00,23800,CE,73.17,73.73,71.77,72.98,385,77579,0.1545
2025-08-27 09:25:00,23800,PE,184.18,194.19,186.77,188.04,1107,79905,0.1604
2025-08-27 09:25:00,23850,CE,74.59,76.66,74.12,74.94,1011,69831,0.1602
2025-08-27 09:25:00,23850,PE,242.18,243.02,241.47,241.48,316,73259,0.1592
2025-08-27 09:25:00,23900,CE,70.39,73.21,70.62,70.84,645,62908,0.156
2025-08-27 09:25:00,23900,PE,275.89,280.38,276.57,279.86,418,62180,0.1559
2025-08-27 09:25:00,23950,CE,76.03,77.55,75.75,75.76,76,58941,0.1572
2025-08-27 09:25:00,23950,PE,342.19,342.14,339.19,340.45,652,55785,0.1596
2025-08-27 09:25:00,24000,CE,73.61,74.52,74.0,74.1,87,50290,0.1554
2025-08-27 09:25:00,24000,PE,389.12,392.28,378.44,383.3,72,49496,0.1567
2025-08-27 09:25:00,24050,CE,74.28,74.59,73.92,74.29,448,49123,0.1557
2025-08-27 09:25:00,24050,PE,438.43,447.9,439.48,440.89,590,50036,0.1612
2025-08-27 09:25:00,24100,CE,68.9,70.13,68.82,69.06,315,43300,0.1596
2025-08-27 09:25:00,24100,PE,484.06,494.76,484.67,489.13,187,46699,0.1568
2025-08-27 09:25:00,24150,CE,76.19,75.79,73.34,74.04,364,38929,0.1569
2025-08-27 09:25:00,24150,PE,533.91,541.48,535.7,537.53,450,40809,0.1598
2025-08-27 09:25:00,24200,CE,78.04,78.02,77.63,77.91,437,39500,0.1579
2025-08-27 09:25:00,24200,PE,578.31,590.08,581.47,587.53,376,40688,0.1618
2025-08-27 09:25:00,24250,CE,78.62,80.54,78.04,78.67,359,38784,0.1595
2025-08-27 09:25:00,24250,PE,640.09,640.13,637.59,638.95,536,37022,0.156
2025-08-27 09:25:00,24300,CE,78.18,79.54,77.67,78.56,368,34572,0.158
2025-08-27 09:25:00,24300,PE,690.13,712.17,688.82,691.71,75,31830,0.1621
2025-08-27 09:25:00,24350,CE,80.35,82.34,79.76,79.97,52,31664,0.1592
2025-08-27 09:25:00,24350,PE,748.43,739.42,734.67,735.05,489,34904,0.1584
2025-08-27 09:25:00,24400,CE,76.51,77.44,76.32,76.4,481,31422,0.1572
2025-08-27 09:25:00,24400,PE,788.9,797.56,785.52,791.65,454,30731,0.1583
2025-08-27 09:25:00,24450,CE,80.19,79.3,78.51,79.21,446,27860,0.1586
2025-08-27 09:25:00,24450,PE,849.52,845.68,824.78,841.59,423,26306,0.1608
2025-08-27 09:25:00,24500,CE,78.49,78.36,77.15,77.32,199,29441,0.157
2025-08-27 09:25:00,24500,PE,895.69,891.81,884.0,890.66,416,27326,0.1594
2025-08-27 09:25:00,24550,CE,77.12,77.1,76.36,76.93,196,30339,0.1568
2025-08-27 09:25:00,24550,PE,932.93,951.41,920.11,933.61,287,27288,0.1569
2025-08-27 09:25:00,24600,CE,74.05,75.06,73.19,74.51,383,27933,0.1599
2025-08-27 09:25:00,24600,PE,975.65,986.2,975.47,983.7,300,23703,0.1572
2025-08-27 09:25:00,24650,CE,68.91,70.92,68.75,69.03,25,22655,0.1543
2025-08-27 09:25:00,24650,PE,1040.39,1053.19,1025.49,1042.46,18,23671,0.1576
2025-08-27 09:25:00,24700,CE,75.35,76.34,73.3,74.1,54,21901,0.1582
2025-08-27 09:25:00,24700,PE,1078.11,1095.73,1080.31,1085.37,304,26157,0.1585
2025-08-27 09:25:00,24750,CE,76.77,78.16,76.85,77.88,27,24204,0.1565
2025-08-27 09:25:00,24750,PE,1139.34,1146.03,1136.87,1140.87,291,22041,0.1597
2025-08-27 09:25:00,24800,CE,75.37,75.31,74.63,74.86,323,22324,0.1587
2025-08-27 09:25:00,24800,PE,1188.18,1204.87,1176.53,1183.94,114,22600,0.1558
2025-08-27 09:25:00,24850,CE,79.05,77.82,76.98,77.33,62,22125,0.1546
2025-08-27 09:25:00,24850,PE,1239.27,1278.65,1239.49,1242.91,102,18505,0.1638
2025-08-27 09:25:00,24900,CE,77.33,77.13,76.22,76.74,294,20369,0.1576
2025-08-27 09:25:00,24900,PE,1293.92,1323.97,1286.95,1292.81,299,18225,0.1592
2025-08-27 09:30:00,23500,CE,256.29,260.24,259.14,259.29,47,49141,0.1574
2025-08-27 09:30:00,23500,PE,73.52,74.24,72.97,73.67,951,49904,0.1571
2025-08-27 09:30:00,23550,CE,208.65,214.52,209.31,211.46,115,51123,0.1638
2025-08-27 09:30:00,23550,PE,73.25,74.62,72.02,72.99,825,52874,0.1599
2025-08-27 09:30:00,23600,CE,158.65,162.79,156.24,158.82,296,58759,0.1609
2025-08-27 09:30:00,23600,PE,68.43,68.39,67.33,67.93,249,55992,0.1571
2025-08-27 09:30:00,23650,CE,103.74,105.04,102.86,103.81,984,61335,0.1595
2025-08-27 09:30:00,23650,PE,81.22,82.87,81.35,81.65,474,62800,0.1607
2025-08-27 09:30:00,23700,CE,77.6,78.73,77.51,78.14,1453,72883,0.1596
2025-08-27 09:30:00,23700,PE,90.07,91.08,90.83,90.98,1459,70818,0.1584
2025-08-27 09:30:00,23750,CE,73.64,74.78,74.34,74.37,1054,76049,0.1579
2025-08-27 09:30:00,23750,PE,132.55,134.43,132.0,133.12,936,78695,0.1569
2025-08-27 09:30:00,23800,CE,74.63,75.27,72.78,73.08,814,77809,0.1597
2025-08-27 09:30:00,23800,PE,193.3,192.6,189.18,191.62,1132,80240,0.1589
2025-08-27 09:30:00,23850,CE,80.78,80.87,80.57,80.72,58,70073,0.1605
2025-08-27 09:30:00,23850,PE,237.71,240.88,234.84,237.62,827,73323,0.1607
2025-08-27 09:30:00,23900,CE,72.38,72.46,72.36,72.41,638,62406,0.1555
2025-08-27 09:30:00,23900,PE,285.47,290.81,288.29,288.57,277,62615,0.1599
2025-08-27 09:30:00,23950,CE,75.85,76.03,75.75,75.78,17,59521,0.1572
2025-08-27 09:30:00,23950,PE,346.26,350.62,340.58,344.75,216,56118,0.1588
2025-08-27 09:30:00,24000,CE,73.76,75.36,74.07,74.19,196,49731,0.1594
2025-08-27 09:30:00,24000,PE,394.97,399.36,391.0,397.65,514,49802,0.154
2025-08-27 09:30:00,24050,CE,74.36,74.34,72.02,73.46,77,48846,0.1593
2025-08-27 09:30:00,24050,PE,438.49,443.84,434.3,438.03,245,50590,0.1606
2025-08-27 09:30:00,24100,CE,69.51,70.1,69.29,69.78,231,42776,0.1555
2025-08-27 09:30:00,24100,PE,487.88,492.95,489.03,489.08,710,46209,0.1578
2025-08-27 09:30:00,24150,CE,71.14,71.04,70.43,70.97,333,38546,0.1568
2025-08-27 09:30:00,24150,PE,537.8,544.14,539.07,541.17,177,41112,0.1567
2025-08-27 09:30:00,24200,CE,74.27,75.19,72.83,74.21,94,39681,0.1566
2025-08-27 09:30:00,24200,PE,585.58,592.95,586.07,588.72,361,40960,0.1584
2025-08-27 09:30:00,24250,CE,70.01,71.27,70.45,70.47,103,38608,0.1591
2025-08-27 09:30:00,24250,PE,641.12,653.84,632.0,640.65,11,37477,0.158
2025-08-27 09:30:00,24300,CE,68.02,68.6,67.92,68.08,553,34507,0.1602
2025-08-27 09:30:00,24300,PE,689.21,693.32,690.17,691.93,300,31390,0.1555
2025-08-27 09:30:00,24350,CE,76.25,76.97,75.98,76.31,465,31984,0.1582
2025-08-27 09:30:00,24350,PE,753.75,745.52,738.07,744.87,68,34939,0.1597
2025-08-27 09:30:00,24400,CE,73.93,75.1,74.91,74.98,93,31534,0.1601
2025-08-27 09:30:00,24400,PE,790.27,793.57,784.0,788.69,333,30593,0.1579
2025-08-27 09:30:00,24450,CE,71.98,71.87,71.26,71.37,215,28112,0.1549
2025-08-27 09:30:00,24450,PE,850.32,846.64,834.99,841.3,81,25748,0.1615
2025-08-27 09:30:00,24500,CE,68.79,69.23,66.94,68.11,194,29430,0.1578
2025-08-27 09:30:00,24500,PE,872.3,889.82,883.33,884.95,136,27238,0.1582
2025-08-27 09:30:00,24550,CE,69.25,70.12,67.67,68.51,51,30634,0.1564
2025-08-27 09:30:00,24550,PE,931.93,951.08,930.21,932.46,336,27007,0.1608
2025-08-27 09:30:00,24600,CE,72.1,73.26,70.85,72.2,275,27613,0.1571
2025-08-27 09:30:00,24600,PE,1008.32,999.93,981.73,991.83,169,23486,0.1555
2025-08-27 09:30:00,24650,CE,77.91,78.0,76.94,77.58,390,22631,0.1591
2025-08-27 09:30:00,24650,PE,1027.42,1046.84,1031.06,1034.85,256,23322,0.1581
2025-08-27 09:30:00,24700,CE,75.86,76.02,74.82,75.97,358,22122,0.158
2025-08-27 09:30:00,24700,PE,1079.06,1112.62,1080.98,1088.58,46,25954,0.1554
2025-08-27 09:30:00,24750,CE,73.76,75.58,73.84,74.41,191,24109,0.1581
2025-08-27 09:30:00,24750,PE,1134.06,1146.19,1132.11,1139.72,299,22110,0.1599
2025-08-27 09:30:00,24800,CE,72.82,72.9,71.51,72.87,202,22176,0.1579
2025-08-27 09:30:00,24800,PE,1200.88,1206.13,1167.19,1190.87,303,22841,0.1591
2025-08-27 09:30:00,24850,CE,74.4,74.67,73.32,73.73,246,22312,0.1588
2025-08-27 09:30:00,24850,PE,1243.02,1249.53,1224.5,1231.59,232,18813,0.1592
2025-08-27 09:30:00,24900,CE,75.77,76.37,75.43,76.06,82,20396,0.1556
2025-08-27 09:30:00,24900,PE,1297.15,1296.01,1284.52,1290.12,48,18065,0.1582
2025-08-27 09:35:00,23500,CE,229.21,233.99,227.71,229.14,353,48782,0.1586
2025-08-27 09:35:00,23500,PE,72.5,73.22,72.66,72.72,646,49828,0.1577
2025-08-27 09:35:00,23550,CE,177.66,179.93,176.35,177.28,610,51570,0.1581
2025-08-27 09:35:00,23550,PE,74.78,75.18,73.14,74.84,491,52419,0.1603
2025-08-27 09:35:00,23600,CE,124.98,126.04,123.94,125.75,1208,58417,0.1565
2025-08-27 09:35:00,23600,PE,78.34,79.14,78.5,78.8,1481,56190,0.1617
2025-08-27 09:35:00,23650,CE,73.48,74.36,73.15,73.76,480,61424,0.1599
2025-08-27 09:35:00,23650,PE,76.16,76.66,75.17,76.42,1674,63299,0.1637
2025-08-27 09:35:00,23700,CE,79.42,81.31,79.4,79.94,622,72317,0.1569
2025-08-27 09:35:00,23700,PE,121.67,122.69,121.62,122.21,144,71272,0.1582
2025-08-27 09:35:00,23750,CE,71.07,71.0,70.43,70.52,884,76319,0.1569
2025-08-27 09:35:00,23750,PE,174.7,175.83,173.5,173.98,963,79025,0.1585
2025-08-27 09:35:00,23800,CE,72.37,72.91,72.43,72.75,605,77663,0.1597
2025-08-27 09:35:00,23800,PE,217.82,220.5,217.46,219.3,290,80008,0.1591
2025-08-27 09:35:00,23850,CE,79.73,80.65,79.49,80.19,791,69490,0.16
2025-08-27 09:35:00,23850,PE,277.97,279.85,275.98,276.22,167,73667,0.1604
2025-08-27 09:35:00,23900,CE,76.17,77.14,75.88,76.47,620,61999,0.1571
2025-08-27 09:35:00,23900,PE,321.95,325.43,324.56,325.11,49,62286,0.1579
2025-08-27 09:35:00,23950,CE,74.24,74.73,73.58,74.14,115,59252,0.1595
2025-08-27 09:35:00,23950,PE,374.7,373.02,367.71,369.86,724,56561,0.1606
2025-08-27 09:35:00,24000,CE,74.1,75.57,74.8,75.28,237,49476,0.159
2025-08-27 09:35:00,24000,PE,420.13,422.29,415.69,419.57,661,49712,0.1555
2025-08-27 09:35:00,24050,CE,74.0,74.12,72.99,73.44,167,49142,0.1554
2025-08-27 09:35:00,24050,PE,472.65,477.04,467.18,475.52,368,51060,0.1608
2025-08-27 09:35:00,24100,CE,66.58,66.46,65.98,66.25,604,43125,0.1553
2025-08-27 09:35:00,24100,PE,523.87,525.09,519.4,519.5,668,46251,0.1584
2025-08-27 09:35:00,24150,CE,76.78,75.91,74.84,75.64,356,37948,0.1587
2025-08-27 09:35:00,24150,PE,563.8,571.97,564.44,570.01,116,40701,0.1596
2025-08-27 09:35:00,24200,CE,73.76,74.6,73.87,73.9,557,39385,0.1578
2025-08-27 09:35:00,24200,PE,624.32,635.48,619.01,620.87,379,40856,0.1565
2025-08-27 09:35:00,24250,CE,67.74,68.17,67.11,67.91,438,38442,0.1578
2025-08-27 09:35:00,24250,PE,671.28,680.01,670.34,672.92,535,37494,0.1581
2025-08-27 09:35:00,24300,CE,70.3,72.57,71.14,71.18,138,34401,0.1558
2025-08-27 09:35:00,24300,PE,717.01,720.75,713.09,717.27,202,31661,0.1592
2025-08-27 09:35:00,24350,CE,74.11,75.23,73.71,73.74,171,31446,0.1594
2025-08-27 09:35:00,24350,PE,772.66,774.04,765.47,770.55,402,35532,0.159
2025-08-27 09:35:00,24400,CE,81.73,83.46,81.05,81.56,128,31945,0.1603
2025-08-27 09:35:00,24400,PE,825.27,828.85,808.43,827.2,26,30394,0.1555
2025-08-27 09:35:00,24450,CE,73.53,74.65,73.32,74.59,12,27988,0.1579
2025-08-27 09:35:00,24450,PE,866.36,889.1,856.48,875.21,285,26304,0.1623
2025-08-27 09:35:00,24500,CE,70.03,71.16,69.9,70.81,374,29952,0.1586
2025-08-27 09:35:00,24500,PE,926.64,931.53,923.58,924.05,291,27109,0.1582
2025-08-27 09:35:00,24550,CE,73.4,74.25,71.77,72.81,385,30105,0.1545
2025-08-27 09:35:00,24550,PE,965.42,970.73,969.06,969.36,347,27592,0.1556
2025-08-27 09:35:00,24600,CE,73.78,75.06,73.76,74.07,15,27797,0.1578
2025-08-27 09:35:00,24600,PE,1019.39,1051.54,1020.74,1023.38,357,23717,0.1631
2025-08-27 09:35:00,24650,CE,76.38,77.93,76.12,76.56,382,22360,0.1609
2025-08-27 09:35:00,24650,PE,1080.81,1096.42,1072.51,1076.65,252,23704,0.1598
2025-08-27 09:35:00,24700,CE,73.83,75.73,72.61,73.47,32,22190,0.1552
2025-08-27 09:35:00,24700,PE,1117.22,1121.66,1117.64,1121.44,361,25918,0.157
2025-08-27 09:35:00,24750,CE,76.61,77.0,75.25,76.07,297,24398,0.1606
2025-08-27 09:35:00,24750,PE,1173.5,1179.88,1178.23,1178.32,102,21956,0.1575
2025-08-27 09:35:00,24800,CE,77.82,78.03,77.54,77.82,174,22091,0.1624
2025-08-27 09:35:00,24800,PE,1250.1,1241.02,1217.98,1228.29,210,23023,0.1599
2025-08-27 09:35:00,24850,CE,79.49,79.91,79.49,79.65,143,22479,0.1576
2025-08-27 09:35:00,24850,PE,1269.3,1291.59,1263.73,1269.95,224,19378,0.1575
2025-08-27 09:35:00,24900,CE,70.53,73.1,71.3,71.85,268,20471,0.1582
2025-08-27 09:35:00,24900,PE,1318.15,1322.82,1319.65,1320.2,62,17850,0.157
2025-08-27 09:40:00,23500,CE,235.85,237.37,235.1,236.13,390,48526,0.1616
2025-08-27 09:40:00,23500,PE,77.38,76.95,76.63,76.65,1081,49868,0.16
2025-08-27 09:40:00,23550,CE,190.26,193.12,190.3,190.31,1275,51113,0.1613
2025-08-27 09:40:00,23550,PE,71.18,70.9,70.38,70.7,924,52524,0.1601
2025-08-27 09:40:00,23600,CE,135.32,138.0,134.54,134.79,1134,58285,0.1582
2025-08-27 09:40:00,23600,PE,75.82,77.53,75.35,75.68,780,56012,0.1597
2025-08-27 09:40:00,23650,CE,84.74,87.12,83.31,84.53,1219,61054,0.1613
2025-08-27 09:40:00,23650,PE,77.5,79.43,77.32,78.49,1156,63293,0.1585
2025-08-27 09:40:00,23700,CE,71.68,70.85,70.62,70.81,1259,71762,0.1576
2025-08-27 09:40:00,23700,PE,111.66,112.0,110.09,111.55,307,71400,0.1616
2025-08-27 09:40:00,23750,CE,78.17,78.01,77.34,77.77,521,76061,0.155
2025-08-27 09:40:00,23750,PE,161.59,164.72,162.71,162.82,1269,79511,0.1584
2025-08-27 09:40:00,23800,CE,69.22,71.16,69.16,69.84,127,77694,0.1588
2025-08-27 09:40:00,23800,PE,212.53,218.14,212.36,214.0,804,80344,0.1601
2025-08-27 09:40:00,23850,CE,75.46,74.53,74.42,74.45,230,69911,0.1593
2025-08-27 09:40:00,23850,PE,267.05,266.92,265.08,265.2,706,74121,0.1574
2025-08-27 09:40:00,23900,CE,75.89,75.89,75.65,75.69,662,62443,0.1574
2025-08-27 09:40:00,23900,PE,309.67,317.34,307.1,311.08,43,61956,0.1615
2025-08-27 09:40:00,23950,CE,76.27,78.95,76.7,76.72,475,59015,0.1571
2025-08-27 09:40:00,23950,PE,353.78,359.44,353.79,358.46,185,56810,0.1597
2025-08-27 09:40:00,24000,CE,73.35,74.1,73.67,73.87,803,49521,0.1612
2025-08-27 09:40:00,24000,PE,417.77,420.45,418.01,419.73,497,49843,0.1615
2025-08-27 09:40:00,24050,CE,79.76,79.58,78.18,79.57,319,49355,0.1625
2025-08-27 09:40:00,24050,PE,463.57,460.83,459.99,460.7,606,50597,0.1562
2025-08-27 09:40:00,24100,CE,80.84,80.24,78.89,79.59,200,42726,0.1552
2025-08-27 09:40:00,24100,PE,516.93,520.29,514.17,514.24,554,46416,0.1594
2025-08-27 09:40:00,24150,CE,73.66,74.15,73.13,74.01,440,38098,0.1592
2025-08-27 09:40:00,24150,PE,574.53,574.23,560.82,568.55,351,41081,0.1608
2025-08-27 09:40:00,24200,CE,80.07,82.05,80.37,80.58,104,39617,0.1584
2025-08-27 09:40:00,24200,PE,613.42,625.49,612.01,614.61,511,40505,0.1557
2025-08-27 09:40:00,24250,CE,71.19,71.84,69.7,70.57,411,37926,0.1597
2025-08-27 09:40:00,24250,PE,666.23,680.02,658.97,663.15,102,37363,0.1552
2025-08-27 09:40:00,24300,CE,76.16,76.16,75.58,75.83,544,34246,0.1579
2025-08-27 09:40:00,24300,PE,720.98,722.1,708.42,715.26,238,31981,0.1579
2025-08-27 09:40:00,24350,CE,73.99,74.94,72.93,72.94,414,31651,0.1573
2025-08-27 09:40:00,24350,PE,766.46,763.23,751.79,760.17,23,35978,0.1599
2025-08-27 09:40:00,24400,CE,78.94,78.75,77.56,77.75,134,31950,0.1599
2025-08-27 09:40:00,24400,PE,814.25,820.72,802.2,816.36,361,30140,0.1571
2025-08-27 09:40:00,24450,CE,75.44,76.32,74.49,74.86,323,27993,0.1587
2025-08-27 09:40:00,24450,PE,862.07,865.55,857.83,864.69,79,25962,0.1593
2025-08-27 09:40:00,24500,CE,74.91,75.0,74.29,74.41,342,29424,0.1568
2025-08-27 09:40:00,24500,PE,923.76,919.51,911.08,914.37,175,27108,0.1583
2025-08-27 09:40:00,24550,CE,74.61,74.35,73.56,74.01,168,30001,0.1568
2025-08-27 09:40:00,24550,PE,952.92,967.08,956.66,957.19,416,27030,0.1605
2025-08-27 09:40:00,24600,CE,71.84,72.21,71.25,71.43,403,28062,0.1624
2025-08-27 09:40:00,24600,PE,1006.92,1025.64,1001.58,1014.02,377,23890,0.1589
2025-08-27 09:40:00,24650,CE,77.34,78.97,77.93,78.23,372,21848,0.1567
2025-08-27 09:40:00,24650,PE,1057.15,1077.68,1065.24,1067.5,285,23956,0.1607
2025-08-27 09:40:00,24700,CE,68.82,69.25,68.1,68.53,353,21689,0.1566
2025-08-27 09:40:00,24700,PE,1105.79,1121.97,1097.38,1113.77,195,25939,0.1588
2025-08-27 09:40:00,24750,CE,69.46,71.22,70.04,70.75,40,24544,0.1567
2025-08-27 09:40:00,24750,PE,1165.06,1172.64,1159.6,1165.54,178,21954,0.1592
2025-08-27 09:40:00,24800,CE,74.58,75.56,74.49,75.01,242,22387,0.1599
2025-08-27 09:40:00,24800,PE,1216.44,1224.03,1193.8,1209.42,235,22885,0.1565
2025-08-27 09:40:00,24850,CE,74.18,74.79,74.15,74.17,328,22134,0.1572
2025-08-27 09:40:00,24850,PE,1261.58,1296.79,1248.46,1264.78,119,19361,0.1581
2025-08-27 09:40:00,24900,CE,77.75,76.59,75.4,76.38,106,20281,0.1592
2025-08-27 09:40:00,24900,PE,1314.07,1321.07,1295.21,1321.01,305,17431,0.1573
2025-08-27 09:45:00,23500,CE,292.02,292.7,290.93,291.67,520,48491,0.1567
2025-08-27 09:45:00,23500,PE,73.23,72.0,71.44,71.93,101,49509,0.1582
2025-08-27 09:45:00,23550,CE,252.61,250.41,247.69,249.95,316,51077,0.1604
2025-08-27 09:45:00,23550,PE,73.83,75.51,74.5,74.6,473,52635,0.1575
2025-08-27 09:45:00,23600,CE,196.0,194.33,193.57,194.28,484,58623,0.1554
2025-08-27 09:45:00,23600,PE,75.03,75.51,74.75,75.17,472,56435,0.1551
2025-08-27 09:45:00,23650,CE,145.81,148.41,143.93,146.17,1431,61255,0.1574
2025-08-27 09:45:00,23650,PE,79.96,79.35,78.54,79.23,167,63765,0.1578
2025-08-27 09:45:00,23700,CE,95.66,96.86,95.45,95.67,1369,71831,0.1586
2025-08-27 09:45:00,23700,PE,74.63,74.59,73.32,73.53,585,71652,0.1599
2025-08-27 09:45:00,23750,CE,74.99,73.63,72.19,73.57,1014,76385,0.1578
2025-08-27 09:45:00,23750,PE,103.92,104.98,102.93,103.06,1062,79900,0.1596
2025-08-27 09:45:00,23800,CE,71.35,71.64,70.29,71.25,1357,77996,0.1594
2025-08-27 09:45:00,23800,PE,155.19,155.74,153.19,154.82,461,80826,0.1611
2025-08-27 09:45:00,23850,CE,77.62,78.58,76.94,77.71,1020,69878,0.1609
2025-08-27 09:45:00,23850,PE,205.95,206.47,201.77,204.78,92,74665,0.1623
2025-08-27 09:45:00,23900,CE,74.47,75.98,73.01,73.82,600,62323,0.1608
2025-08-27 09:45:00,23900,PE,248.21,250.62,244.1,247.11,671,61440,0.1606
2025-08-27 09:45:00,23950,CE,67.25,69.3,67.79,67.95,817,58633,0.1576
2025-08-27 09:45:00,23950,PE,305.08,314.72,305.18,307.15,266,56879,0.1623
2025-08-27 09:45:00,24000,CE,71.56,72.02,71.41,71.57,601,48938,0.1587
2025-08-27 09:45:00,24000,PE,350.01,355.05,353.37,354.79,528,49431,0.1599
2025-08-27 09:45:00,24050,CE,74.84,75.55,74.41,74.73,786,49203,0.1583
2025-08-27 09:45:00,24050,PE,412.79,413.21,406.55,409.7,411,50746,0.1588
2025-08-27 09:45:00,24100,CE,74.91,76.89,75.52,75.96,129,42324,0.1581
2025-08-27 09:45:00,24100,PE,454.46,462.62,451.06,456.85,730,46505,0.1603
2025-08-27 09:45:00,24150,CE,65.44,65.37,64.95,65.3,169,38293,0.1565
2025-08-27 09:45:00,24150,PE,504.79,510.36,501.71,505.63,633,41397,0.1587
2025-08-27 09:45:00,24200,CE,72.65,74.34,71.74,72.19,271,39809,0.1579
2025-08-27 09:45:00,24200,PE,557.0,559.21,550.98,557.42,593,40205,0.1594
2025-08-27 09:45:00,24250,CE,75.62,76.19,75.05,75.14,491,38522,0.1607
2025-08-27 09:45:00,24250,PE,596.81,621.99,606.31,607.46,220,37828,0.1563
2025-08-27 09:45:00,24300,CE,66.47,66.69,66.4,66.54,22,34094,0.1578
2025-08-27 09:45:00,24300,PE,653.94,653.79,646.71,648.48,168,31416,0.1589
2025-08-27 09:45:00,24350,CE,79.0,79.75,78.68,79.13,335,31685,0.1596
2025-08-27 09:45:00,24350,PE,702.68,719.18,700.39,702.53,214,36416,0.1571
2025-08-27 09:45:00,24400,CE,75.85,76.42,74.61,75.43,136,32336,0.1598
2025-08-27 09:45:00,24400,PE,754.78,755.58,742.71,753.84,335,30617,0.1575
2025-08-27 09:45:00,24450,CE,78.98,78.99,76.9,78.3,11,28556,0.158
2025-08-27 09:45:00,24450,PE,810.51,802.98,800.96,802.54,9,26217,0.1588
2025-08-27 09:45:00,24500,CE,75.81,76.29,74.64,75.51,357,29018,0.1564
2025-08-27 09:45:00,24500,PE,852.14,860.46,854.34,855.27,24,26551,0.1591
2025-08-27 09:45:00,24550,CE,75.63,77.33,74.7,75.34,65,29582,0.1568
2025-08-27 09:45:00,24550,PE,911.16,908.98,901.57,904.9,437,26671,0.1561
2025-08-27 09:45:00,24600,CE,70.45,73.21,71.39,71.65,349,27535,0.1564
2025-08-27 09:45:00,24600,PE,944.37,960.24,949.36,950.54,285,23834,0.1543
2025-08-27 09:45:00,24650,CE,77.33,78.3,77.21,77.38,227,22188,0.1565
2025-08-27 09:45:00,24650,PE,979.47,1002.02,994.35,1000.08,92,23361,0.1584
2025-08-27 09:45:00,24700,CE,71.73,72.08,70.21,70.96,92,22053,0.1564
2025-08-27 09:45:00,24700,PE,1046.16,1053.17,1037.37,1049.11,237,26449,0.158
2025-08-27 09:45:00,24750,CE,73.44,73.41,73.04,73.3,320,24126,0.158
2025-08-27 09:45:00,24750,PE,1103.64,1113.71,1102.54,1104.27,28,21379,0.1569
2025-08-27 09:45:00,24800,CE,76.01,75.32,75.22,75.31,74,22362,0.155
2025-08-27 09:45:00,24800,PE,1167.46,1166.05,1152.69,1158.3,12,23327,0.1576
2025-08-27 09:45:00,24850,CE,77.48,76.88,76.04,76.47,173,22418,0.1581
2025-08-27 09:45:00,24850,PE,1206.12,1216.43,1194.01,1203.64,310,18802,0.1572
2025-08-27 09:45:00,24900,CE,76.57,77.95,74.75,76.34,152,20488,0.1564
2025-08-27 09:45:00,24900,PE,1235.49,1260.15,1246.1,1250.93,342,17812,0.1589
2025-08-27 09:50:00,23500,CE,310.38,320.47,306.46,313.32,222,48216,0.1604
2025-08-27 09:50:00,23500,PE,73.1,75.14,73.86,74.06,777,49693,0.1589
2025-08-27 09:50:00,23550,CE,261.87,265.6,260.51,261.9,280,51069,0.16
2025-08-27 09:50:00,23550,PE,67.91,69.5,68.51,69.48,997,52281,0.16
2025-08-27 09:50:00,23600,CE,214.68,216.6,213.75,215.2,409,59104,0.1634
2025-08-27 09:50:00,23600,PE,77.47,78.37,77.5,78.35,815,56102,0.1579
2025-08-27 09:50:00,23650,CE,162.35,164.24,161.72,163.22,407,61663,0.1593
2025-08-27 09:50:00,23650,PE,74.47,75.8,75.58,75.73,399,64006,0.1584
2025-08-27 09:50:00,23700,CE,110.17,108.99,107.38,108.77,797,71496,0.157
2025-08-27 09:50:00,23700,PE,72.52,74.68,71.97,72.8,598,71905,0.1573
2025-08-27 09:50:00,23750,CE,77.4,77.54,76.73,77.22,1389,75816,0.1596
2025-08-27 09:50:00,23750,PE,88.7,90.16,88.14,88.82,1565,79583,0.1591
2025-08-27 09:50:00,23800,CE,71.4,71.6,69.59,70.82,963,77738,0.1575
2025-08-27 09:50:00,23800,PE,140.18,140.31,139.42,139.55,411,81293,0.1593
2025-08-27 09:50:00,23850,CE,84.09,84.85,84.19,84.53,905,70376,0.1607
2025-08-27 09:50:00,23850,PE,189.28,192.21,186.34,190.02,47,74390,0.1593
2025-08-27 09:50:00,23900,CE,78.55,77.74,76.73,77.38,73,62292,0.1577
2025-08-27 09:50:00,23900,PE,234.17,239.63,231.74,233.94,535,62017,0.1588
2025-08-27 09:50:00,23950,CE,79.74,81.76,79.92,80.45,248,58832,0.1572
2025-08-27 09:50:00,23950,PE,279.84,280.75,277.08,278.99,1014,56362,0.1577
2025-08-27 09:50:00,24000,CE,77.07,77.22,76.26,77.1,421,48807,0.1609
2025-08-27 09:50:00,24000,PE,339.45,342.02,336.29,337.87,39,49336,0.159
2025-08-27 09:50:00,24050,CE,69.85,71.87,69.52,70.5,225,48970,0.1536
2025-08-27 09:50:00,24050,PE,390.55,394.04,385.52,392.66,191,50769,0.1574
2025-08-27 09:50:00,24100,CE,75.64,76.59,75.95,76.21,319,42607,0.1539
2025-08-27 09:50:00,24100,PE,435.34,439.17,435.92,436.61,284,46734,0.1601
2025-08-27 09:50:00,24150,CE,78.28,80.33,78.71,79.28,387,38114,0.1594
2025-08-27 09:50:00,24150,PE,484.14,481.68,480.72,481.12,598,41680,0.1588
2025-08-27 09:50:00,24200,CE,76.6,76.87,76.36,76.54,360,39849,0.1593
2025-08-27 09:50:00,24200,PE,539.34,540.35,534.01,537.59,518,40528,0.1594
2025-08-27 09:50:00,24250,CE,72.65,73.3,72.23,72.82,453,38058,0.1578
2025-08-27 09:50:00,24250,PE,577.26,585.12,571.14,581.47,153,37713,0.1595
2025-08-27 09:50:00,24300,CE,77.89,77.98,75.73,77.43,346,33967,0.1582
2025-08-27 09:50:00,24300,PE,633.47,639.82,627.14,632.22,494,31238,0.1531
2025-08-27 09:50:00,24350,CE,76.72,80.07,77.76,77.96,310,31922,0.1594
2025-08-27 09:50:00,24350,PE,676.06,691.49,681.79,685.77,217,36484,0.1551
2025-08-27 09:50:00,24400,CE,75.63,78.37,75.84,76.25,389,32199,0.1567
2025-08-27 09:50:00,24400,PE,743.34,741.98,723.34,734.71,516,30660,0.1551
2025-08-27 09:50:00,24450,CE,72.09,72.53,72.13,72.38,399,28801,0.1593
2025-08-27 09:50:00,24450,PE,791.62,811.8,770.13,786.35,412,26427,0.1621
2025-08-27 09:50:00,24500,CE,73.99,76.57,75.02,75.35,262,29330,0.1573
2025-08-27 09:50:00,24500,PE,847.49,840.38,823.11,836.18,228,26972,0.1566
2025-08-27 09:50:00,24550,CE,74.8,75.38,73.83,74.76,234,29869,0.1587
2025-08-27 09:50:00,24550,PE,888.93,886.9,878.74,880.4,100,26287,0.1597
2025-08-27 09:50:00,24600,CE,77.36,77.51,77.44,77.47,250,27950,0.1588
2025-08-27 09:50:00,24600,PE,926.26,932.91,924.64,930.96,323,23632,0.1575
2025-08-27 09:50:00,24650,CE,76.76,78.58,77.33,77.72,360,22387,0.1566
2025-08-27 09:50:00,24650,PE,983.43,998.83,981.38,983.87,236,23950,0.1597
2025-08-27 09:50:00,24700,CE,73.25,74.52,73.49,73.87,315,21806,0.1581
2025-08-27 09:50:00,24700,PE,1035.69,1043.59,1030.83,1039.27,32,26173,0.1562
2025-08-27 09:50:00,24750,CE,76.0,76.15,74.95,75.39,73,23744,0.1564
2025-08-27 09:50:00,24750,PE,1078.11,1086.82,1077.56,1085.29,205,21959,0.1586
2025-08-27 09:50:00,24800,CE,80.75,81.63,80.81,80.86,244,22274,0.1611
2025-08-27 09:50:00,24800,PE,1138.23,1141.46,1123.36,1136.46,97,23667,0.1589
2025-08-27 09:50:00,24850,CE,72.17,72.56,70.84,72.19,200,21877,0.1588
2025-08-27 09:50:00,24850,PE,1183.33,1190.62,1180.74,1186.03,170,18418,0.1559
2025-08-27 09:50:00,24900,CE,72.13,71.73,70.64,71.34,175,19963,0.1577
2025-08-27 09:50:00,24900,PE,1215.27,1247.23,1213.13,1240.3,78,18190,0.1579
2025-08-27 09:55:00,23500,CE,302.02,305.02,299.75,301.23,181,47743,0.1544
2025-08-27 09:55:00,23500,PE,74.61,74.53,74.19,74.34,232,50200,0.1604
2025-08-27 09:55:00,23550,CE,249.8,245.61,245.13,245.5,1048,51265,0.1587
2025-08-27 09:55:00,23550,PE,80.43,80.36,79.22,79.33,866,52772,0.157
2025-08-27 09:55:00,23600,CE,191.06,190.75,189.14,190.5,381,58994,0.1588
2025-08-27 09:55:00,23600,PE,70.77,72.02,69.69,70.82,54,56132,0.1575
2025-08-27 09:55:00,23650,CE,147.06,148.62,146.38,147.46,1314,61096,0.1596
2025-08-27 09:55:00,23650,PE,77.41,79.01,76.96,78.13,1015,63965,0.1609
2025-08-27 09:55:00,23700,CE,101.92,102.09,101.65,101.86,1595,71604,0.1545
2025-08-27 09:55:00,23700,PE,70.86,72.26,71.01,71.49,685,71425,0.1555
2025-08-27 09:55:00,23750,CE,73.69,75.49,73.36,73.45,936,76393,0.1586
2025-08-27 09:55:00,23750,PE,100.46,102.2,100.13,100.55,47,78988,0.158
2025-08-27 09:55:00,23800,CE,74.27,76.32,74.56,75.28,1262,77458,0.156
2025-08-27 09:55:00,23800,PE,161.29,161.43,158.24,159.98,869,81431,0.1575
2025-08-27 09:55:00,23850,CE,71.27,71.44,71.04,71.15,605,70373,0.1573
2025-08-27 09:55:00,23850,PE,195.77,198.19,197.02,198.06,859,74077,0.1599
2025-08-27 09:55:00,23900,CE,69.9,70.95,69.39,70.35,213,62876,0.1582
2025-08-27 09:55:00,23900,PE,248.68,252.86,249.92,250.83,27,61643,0.1574
2025-08-27 09:55:00,23950,CE,70.32,70.61,69.45,70.55,729,58914,0.1573
2025-08-27 09:55:00,23950,PE,299.37,299.8,297.83,299.7,331,55901,0.1565
2025-08-27 09:55:00,24000,CE,76.66,76.8,75.86,76.73,341,48274,0.1588
2025-08-27 09:55:00,24000,PE,350.26,356.44,351.27,352.85,506,49321,0.1597
2025-08-27 09:55:00,24050,CE,79.87,80.4,78.92,79.06,763,49335,0.1565
2025-08-27 09:55:00,24050,PE,396.79,398.75,390.85,394.06,396,50806,0.1612
2025-08-27 09:55:00,24100,CE,74.81,75.72,73.23,74.41,531,42359,0.1601
2025-08-27 09:55:00,24100,PE,452.55,457.76,450.41,451.29,464,46154,0.1587
2025-08-27 09:55:00,24150,CE,75.19,76.23,75.36,75.67,668,38642,0.1592
2025-08-27 09:55:00,24150,PE,492.54,507.79,495.07,495.81,633,41334,0.1552
2025-08-27 09:55:00,24200,CE,72.01,73.8,71.84,72.29,525,39938,0.1553
2025-08-27 09:55:00,24200,PE,551.92,560.44,553.52,553.81,652,39946,0.1612
2025-08-27 09:55:00,24250,CE,74.69,75.21,74.09,75.01,253,37574,0.158
2025-08-27 09:55:00,24250,PE,608.83,603.18,589.31,598.55,589,37317,0.1583
2025-08-27 09:55:00,24300,CE,76.02,76.18,75.23,75.82,31,33501,0.1623
2025-08-27 09:55:00,24300,PE,658.92,658.22,651.82,652.36,565,31274,0.1576
2025-08-27 09:55:00,24350,CE,72.63,73.38,71.65,72.18,67,31798,0.1565
2025-08-27 09:55:00,24350,PE,693.02,707.08,694.13,702.25,240,36845,0.1575
2025-08-27 09:55:00,24400,CE,75.49,76.08,74.68,75.79,121,31738,0.1594
2025-08-27 09:55:00,24400,PE,751.71,755.7,746.08,751.35,395,30577,0.158
2025-08-27 09:55:00,24450,CE,73.08,73.46,72.43,72.81,68,28714,0.1571
2025-08-27 09:55:00,24450,PE,796.18,809.69,789.13,794.86,217,26103,0.1576
2025-08-27 09:55:00,24500,CE,74.32,75.43,73.39,74.24,101,28845,0.1605
2025-08-27 09:55:00,24500,PE,838.67,863.28,840.07,853.86,400,26384,0.1592
2025-08-27 09:55:00,24550,CE,77.63,79.56,77.47,77.56,233,29291,0.1554
2025-08-27 09:55:00,24550,PE,893.94,918.52,903.65,908.33,365,26165,0.1586
2025-08-27 09:55:00,24600,CE,80.1,80.13,79.4,80.02,425,27415,0.1603
2025-08-27 09:55:00,24600,PE,942.8,952.36,937.48,950.2,148,23505,0.159
2025-08-27 09:55:00,24650,CE,69.6,68.89,68.02,68.81,34,22311,0.1554
2025-08-27 09:55:00,24650,PE,1001.5,1000.61,989.07,999.64,194,23884,0.1571
2025-08-27 09:55:00,24700,CE,74.61,75.27,73.11,74.07,215,21435,0.1621
2025-08-27 09:55:00,24700,PE,1045.67,1052.32,1032.32,1047.25,100,26171,0.1607
2025-08-27 09:55:00,24750,CE,74.89,75.64,75.3,75.35,249,23614,0.1557
2025-08-27 09:55:00,24750,PE,1094.31,1097.17,1092.43,1094.46,178,22546,0.1559
2025-08-27 09:55:00,24800,CE,78.63,79.08,77.73,78.0,240,21728,0.1588
2025-08-27 09:55:00,24800,PE,1146.87,1158.05,1137.41,1145.84,137,23131,0.1601
2025-08-27 09:55:00,24850,CE,71.81,71.29,70.39,71.16,312,22266,0.157
2025-08-27 09:55:00,24850,PE,1193.14,1210.32,1182.88,1201.84,169,18137,0.1591
2025-08-27 09:55:00,24900,CE,75.38,76.18,75.26,75.73,248,19583,0.1589
2025-08-27 09:55:00,24900,PE,1251.96,1252.29,1245.18,1249.8,266,18639,0.1584
2025-08-27 10:00:00,23500,CE,300.92,304.96,298.48,300.02,194,47782,0.1592
2025-08-27 10:00:00,23500,PE,69.86,69.97,68.75,69.34,169,50338,0.1565
2025-08-27 10:00:00,23550,CE,245.45,247.03,244.75,245.59,760,50674,0.1607
2025-08-27 10:00:00,23550,PE,74.06,74.56,74.36,74.48,1057,52484,0.156
2025-08-27 10:00:00,23600,CE,194.07,196.94,193.43,194.5,594,58705,0.1616
2025-08-27 10:00:00,23600,PE,78.07,78.97,77.14,77.8,1141,56445,0.1568
2025-08-27 10:00:00,23650,CE,146.94,147.52,144.26,145.18,1425,60958,0.1569
2025-08-27 10:00:00,23650,PE,74.65,74.46,73.21,74.09,820,64057,0.1594
2025-08-27 10:00:00,23700,CE,88.84,91.32,87.23,88.8,408,72122,0.1591
2025-08-27 10:00:00,23700,PE,73.38,72.94,71.89,72.33,1458,72006,0.1572
2025-08-27 10:00:00,23750,CE,76.77,78.49,77.44,77.57,755,75945,0.1593
2025-08-27 10:00:00,23750,PE,103.59,105.56,103.65,104.14,279,79055,0.1594
2025-08-27 10:00:00,23800,CE,68.15,69.84,67.91,68.38,1145,77696,0.1578
2025-08-27 10:00:00,23800,PE,160.72,163.94,159.53,161.11,1027,81769,0.1589
2025-08-27 10:00:00,23850,CE,80.5,80.83,79.56,80.33,1034,70877,0.1626
2025-08-27 10:00:00,23850,PE,206.11,207.71,204.4,207.05,456,74351,0.1565
2025-08-27 10:00:00,23900,CE,77.37,77.22,75.22,76.1,316,63103,0.1596
2025-08-27 10:00:00,23900,PE,254.86,257.76,253.9,254.48,77,61107,0.1601
2025-08-27 10:00:00,23950,CE,78.06,79.62,78.26,79.29,209,58967,0.1595
2025-08-27 10:00:00,23950,PE,300.19,303.78,299.65,302.9,896,56019,0.1577
2025-08-27 10:00:00,24000,CE,73.07,74.94,72.96,73.47,508,48509,0.1595
2025-08-27 10:00:00,24000,PE,363.87,361.25,356.75,358.12,794,49421,0.1638
2025-08-27 10:00:00,24050,CE,74.01,76.09,74.11,74.51,609,49226,0.1623
2025-08-27 10:00:00,24050,PE,406.46,407.53,403.63,407.01,817,50790,0.1585
2025-08-27 10:00:00,24100,CE,75.24,76.13,74.49,75.43,679,42919,0.1577
2025-08-27 10:00:00,24100,PE,451.87,455.56,451.19,454.48,671,45948,0.1617
2025-08-27 10:00:00,24150,CE,74.05,75.63,72.58,74.15,270,38983,0.1578
2025-08-27 10:00:00,24150,PE,508.63,516.05,499.88,502.18,655,41462,0.1588
2025-08-27 10:00:00,24200,CE,73.24,74.15,73.07,74.06,514,39870,0.1553
2025-08-27 10:00:00,24200,PE,565.14,564.5,559.82,563.57,566,39843,0.1573
2025-08-27 10:00:00,24250,CE,71.07,71.95,71.08,71.25,388,37618,0.1574
2025-08-27 10:00:00,24250,PE,597.45,609.85,598.16,605.2,518,37676,0.1573
2025-08-27 10:00:00,24300,CE,71.56,72.03,70.23,71.18,490,33047,0.1569
2025-08-27 10:00:00,24300,PE,652.52,654.01,649.4,653.0,150,31766,0.1626
2025-08-27 10:00:00,24350,CE,74.24,74.96,73.7,74.14,79,32126,0.1577
2025-08-27 10:00:00,24350,PE,707.36,709.8,697.94,705.82,352,36663,0.1584
2025-08-27 10:00:00,24400,CE,80.08,80.69,80.02,80.43,28,31150,0.1608
2025-08-27 10:00:00,24400,PE,754.06,760.54,753.52,755.19,466,30103,0.1619
2025-08-27 10:00:00,24450,CE,70.59,71.83,69.8,70.41,371,28287,0.1581
2025-08-27 10:00:00,24450,PE,811.22,816.34,807.16,811.41,201,25627,0.1579
2025-08-27 10:00:00,24500,CE,75.17,75.88,75.4,75.55,303,28368,0.1583
2025-08-27 10:00:00,24500,PE,856.65,853.83,842.45,853.19,298,26936,0.1591
2025-08-27 10:00:00,24550,CE,77.13,76.96,75.75,76.19,336,29481,0.1557
2025-08-27 10:00:00,24550,PE,906.96,907.12,902.1,906.53,409,26549,0.1611
2025-08-27 10:00:00,24600,CE,75.81,76.62,75.2,76.01,318,27490,0.1566
2025-08-27 10:00:00,24600,PE,965.7,961.65,947.63,953.41,172,23648,0.1574
2025-08-27 10:00:00,24650,CE,73.34,74.34,72.63,74.23,50,22768,0.158
2025-08-27 10:00:00,24650,PE,1013.89,1023.16,992.96,1003.94,366,23598,0.1593
2025-08-27 10:00:00,24700,CE,73.84,75.11,73.77,74.11,302,21668,0.158
2025-08-27 10:00:00,24700,PE,1056.82,1055.36,1031.72,1050.25,340,26650,0.1554
2025-08-27 10:00:00,24750,CE,74.08,75.23,74.53,75.13,285,24137,0.158
2025-08-27 10:00:00,24750,PE,1104.94,1107.85,1082.91,1103.69,128,22478,0.161
2025-08-27 10:00:00,24800,CE,79.89,79.99,78.6,79.12,59,22156,0.1575
2025-08-27 10:00:00,24800,PE,1148.97,1175.15,1149.73,1149.98,106,23135,0.1557
2025-08-27 10:00:00,24850,CE,77.11,78.27,77.03,77.43,62,21975,0.1604
2025-08-27 10:00:00,24850,PE,1205.64,1211.11,1203.14,1207.81,241,17838,0.16
2025-08-27 10:00:00,24900,CE,75.47,75.79,75.35,75.6,179,19525,0.1599
2025-08-27 10:00:00,24900,PE,1274.37,1271.75,1244.9,1259.62,212,18348,0.1589
2025-08-27 10:05:00,23500,CE,294.56,300.79,298.17,300.28,492,47217,0.1584
2025-08-27 10:05:00,23500,PE,70.77,71.83,70.99,71.71,525,49864,0.1591
2025-08-27 10:05:00,23550,CE,245.19,250.88,245.85,248.77,812,51093,0.156
2025-08-27 10:05:00,23550,PE,77.6,77.83,76.42,77.28,456,52943,0.1612
2025-08-27 10:05:00,23600,CE,198.01,198.57,195.95,198.16,501,59152,0.1593
2025-08-27 10:05:00,23600,PE,73.67,73.13,72.97,73.1,657,56509,0.1542
2025-08-27 10:05:00,23650,CE,150.77,151.36,150.81,151.06,596,61480,0.1598
2025-08-27 10:05:00,23650,PE,74.39,74.6,73.86,74.27,1013,64055,0.159
2025-08-27 10:05:00,23700,CE,103.86,106.43,103.66,104.12,1328,72077,0.1598
2025-08-27 10:05:00,23700,PE,73.03,72.68,72.21,72.27,1460,71975,0.1582
2025-08-27 10:05:00,23750,CE,75.2,77.86,74.95,75.1,1333,75649,0.1637
2025-08-27 10:05:00,23750,PE,102.57,103.37,102.08,102.31,940,79191,0.1574
2025-08-27 10:05:00,23800,CE,71.98,71.59,70.99,71.41,753,77634,0.1589
2025-08-27 10:05:00,23800,PE,158.38,158.56,157.64,157.94,25,82338,0.1605
2025-08-27 10:05:00,23850,CE,79.41,81.7,80.46,81.14,282,70483,0.1618
2025-08-27 10:05:00,23850,PE,205.82,205.05,201.94,203.48,1005,73843,0.1589
2025-08-27 10:05:00,23900,CE,75.61,75.74,73.05,74.57,843,62924,0.1577
2025-08-27 10:05:00,23900,PE,250.19,249.48,246.03,248.58,796,60765,0.1569
2025-08-27 10:05:00,23950,CE,75.2,75.12,73.45,74.01,700,59557,0.1594
2025-08-27 10:05:00,23950,PE,306.43,310.29,303.62,304.28,507,56089,0.1607
2025-08-27 10:05:00,24000,CE,79.13,79.92,79.25,79.44,557,48340,0.159
2025-08-27 10:05:00,24000,PE,356.57,356.78,345.91,355.03,503,49592,0.1604
2025-08-27 10:05:00,24050,CE,72.79,74.1,71.92,72.93,33,49169,0.1568
2025-08-27 10:05:00,24050,PE,403.46,406.54,401.26,404.36,441,50440,0.1593
2025-08-27 10:05:00,24100,CE,78.55,79.02,78.25,78.69,366,42792,0.1588
2025-08-27 10:05:00,24100,PE,450.54,451.31,447.66,451.18,428,45691,0.1599
2025-08-27 10:05:00,24150,CE,74.05,74.49,73.04,74.46,638,39148,0.1572
2025-08-27 10:05:00,24150,PE,502.02,505.18,500.08,501.22,448,41841,0.1548
2025-08-27 10:05:00,24200,CE,79.28,79.82,78.49,78.65,24,39585,0.1619
2025-08-27 10:05:00,24200,PE,550.85,554.25,547.38,553.96,128,39988,0.1573
2025-08-27 10:05:00,24250,CE,71.53,71.17,70.87,71.12,219,37868,0.1582
2025-08-27 10:05:00,24250,PE,598.2,599.26,594.28,596.54,585,37520,0.1567
2025-08-27 10:05:00,24300,CE,74.37,74.29,73.41,73.6,199,33032,0.1585
2025-08-27 10:05:00,24300,PE,648.02,659.61,653.75,653.85,290,31596,0.1592
2025-08-27 10:05:00,24350,CE,73.38,73.53,73.07,73.43,197,31973,0.1591
2025-08-27 10:05:00,24350,PE,703.9,705.77,700.98,701.68,273,36598,0.158
2025-08-27 10:05:00,24400,CE,76.3,77.97,76.51,76.61,243,30904,0.16
2025-08-27 10:05:00,24400,PE,754.04,758.32,742.27,751.7,334,30088,0.1613
2025-08-27 10:05:00,24450,CE,69.46,70.87,69.28,69.47,120,28589,0.1517
2025-08-27 10:05:00,24450,PE,801.98,802.11,800.81,802.01,438,25500,0.1586
2025-08-27 10:05:00,24500,CE,70.52,70.79,69.08,69.72,251,28902,0.1589
2025-08-27 10:05:00,24500,PE,841.72,852.2,847.23,849.65,154,26597,0.1594
2025-08-27 10:05:00,24550,CE,73.97,75.19,74.13,74.35,161,29420,0.1587
2025-08-27 10:05:00,24550,PE,897.02,911.31,895.45,902.12,204,26671,0.1581
2025-08-27 10:05:00,24600,CE,80.8,81.49,80.06,81.47,124,27541,0.16
2025-08-27 10:05:00,24600,PE,956.91,959.1,952.24,955.22,52,24184,0.1586
2025-08-27 10:05:00,24650,CE,74.41,75.36,73.58,74.56,127,22557,0.156
2025-08-27 10:05:00,24650,PE,1009.73,1002.56,993.58,1000.7,72,23451,0.1593
2025-08-27 10:05:00,24700,CE,74.83,74.52,73.72,74.07,388,21782,0.1565
2025-08-27 10:05:00,24700,PE,1063.72,1052.61,1040.95,1051.26,267,26765,0.1568
2025-08-27 10:05:00,24750,CE,74.84,74.97,73.21,74.51,132,24481,0.1556
2025-08-27 10:05:00,24750,PE,1090.71,1119.77,1094.23,1101.28,135,22831,0.1574
2025-08-27 10:05:00,24800,CE,71.18,71.31,70.93,71.12,363,21569,0.1583
2025-08-27 10:05:00,24800,PE,1151.22,1166.48,1146.98,1151.37,66,23452,0.1601
2025-08-27 10:05:00,24850,CE,73.84,76.04,74.98,75.37,48,22236,0.1599
2025-08-27 10:05:00,24850,PE,1203.92,1227.0,1191.41,1202.92,91,17940,0.1594
2025-08-27 10:05:00,24900,CE,73.86,75.03,74.03,74.47,226,19305,0.1575
2025-08-27 10:05:00,24900,PE,1242.39,1288.04,1250.03,1253.41,295,18836,0.156
2025-08-27 10:10:00,23500,CE,352.77,355.91,341.5,350.18,208,47502,0.1606
2025-08-27 10:10:00,23500,PE,75.2,74.39,73.32,74.36,611,49572,0.1551
2025-08-27 10:10:00,23550,CE,301.69,303.72,303.1,303.58,811,50859,0.1544
2025-08-27 10:10:00,23550,PE,69.07,68.81,68.54,68.8,265,53195,0.1567
2025-08-27 10:10:00,23600,CE,255.87,255.4,252.63,254.72,147,59653,0.1594
2025-08-27 10:10:00,23600,PE,72.22,72.48,70.98,72.16,434,56497,0.1606
2025-08-27 10:10:00,23650,CE,200.73,200.34,197.14,199.14,846,61935,0.1584
2025-08-27 10:10:00,23650,PE,79.52,80.51,80.15,80.22,957,63913,0.1589
2025-08-27 10:10:00,23700,CE,146.35,146.12,145.49,146.12,1063,71951,0.1577
2025-08-27 10:10:00,23700,PE,69.71,69.56,69.06,69.2,740,72198,0.1578
2025-08-27 10:10:00,23750,CE,99.93,100.67,98.89,99.48,916,75109,0.159
2025-08-27 10:10:00,23750,PE,76.0,77.46,76.28,76.49,98,78757,0.1579
2025-08-27 10:10:00,23800,CE,76.28,76.25,75.22,76.11,164,77908,0.1569
2025-08-27 10:10:00,23800,PE,96.98,96.77,95.44,95.9,341,82028,0.1595
2025-08-27 10:10:00,23850,CE,76.9,76.67,75.81,76.15,463,70093,0.1606
2025-08-27 10:10:00,23850,PE,143.91,146.82,143.34,144.53,1237,73349,0.1609
2025-08-27 10:10:00,23900,CE,78.76,78.8,77.8,78.32,255,62593,0.1546
2025-08-27 10:10:00,23900,PE,198.42,201.73,198.88,199.68,123,60465,0.1595
2025-08-27 10:10:00,23950,CE,72.92,74.08,72.64,73.55,220,59366,0.1593
2025-08-27 10:10:00,23950,PE,250.5,253.85,249.58,251.84,185,56614,0.1586
2025-08-27 10:10:00,24000,CE,75.24,74.69,73.85,74.06,787,48513,0.1576
2025-08-27 10:10:00,24000,PE,302.55,301.05,299.87,300.14,597,49823,0.158
2025-08-27 10:10:00,24050,CE,75.44,77.18,76.06,76.43,854,48728,0.1598
2025-08-27 10:10:00,24050,PE,348.57,352.75,348.22,349.62,488,50071,0.1579
2025-08-27 10:10:00,24100,CE,75.21,75.89,75.5,75.67,383,43270,0.1572
2025-08-27 10:10:00,24100,PE,398.07,397.34,388.44,394.13,529,45852,0.1543
2025-08-27 10:10:00,24150,CE,78.04,81.11,78.13,78.45,84,39519,0.1594
2025-08-27 10:10:00,24150,PE,453.58,459.65,453.97,455.45,552,41669,0.1591
2025-08-27 10:10:00,24200,CE,80.8,80.63,79.34,79.77,245,39677,0.159
2025-08-27 10:10:00,24200,PE,496.5,502.15,496.49,499.12,543,39990,0.1575
2025-08-27 10:10:00,24250,CE,77.13,77.39,76.77,76.82,571,37514,0.1585
2025-08-27 10:10:00,24250,PE,543.9,559.04,544.99,548.3,462,37909,0.1568
2025-08-27 10:10:00,24300,CE,78.25,80.42,77.62,78.81,444,32832,0.1583
2025-08-27 10:10:00,24300,PE,601.16,612.12,597.29,599.44,294,31556,0.1551
2025-08-27 10:10:00,24350,CE,75.06,77.12,75.06,75.87,187,31532,0.1602
2025-08-27 10:10:00,24350,PE,646.66,653.93,643.72,648.22,117,36764,0.1606
2025-08-27 10:10:00,24400,CE,73.23,75.67,74.95,75.06,131,31253,0.1629
2025-08-27 10:10:00,24400,PE,700.28,713.52,683.96,697.06,441,29980,0.1595
2025-08-27 10:10:00,24450,CE,79.17,82.87,79.48,80.34,197,29162,0.1575
2025-08-27 10:10:00,24450,PE,740.31,754.07,746.68,746.97,15,25209,0.1599
2025-08-27 10:10:00,24500,CE,71.6,73.01,71.73,72.32,347,29349,0.1526
2025-08-27 10:10:00,24500,PE,793.07,800.04,794.9,797.7,233,26862,0.1593
2025-08-27 10:10:00,24550,CE,69.38,69.5,68.74,69.37,109,29932,0.158
2025-08-27 10:10:00,24550,PE,845.37,863.4,836.45,845.2,280,26959,0.1548
2025-08-27 10:10:00,24600,CE,74.06,74.37,73.36,73.46,86,27534,0.155
2025-08-27 10:10:00,24600,PE,897.31,902.02,896.17,898.1,332,24080,0.1592
2025-08-27 10:10:00,24650,CE,76.24,77.18,75.07,76.11,417,22952,0.1607
2025-08-27 10:10:00,24650,PE,940.53,955.79,943.25,945.05,62,23859,0.156
2025-08-27 10:10:00,24700,CE,70.57,73.55,70.27,70.99,163,21888,0.1587
2025-08-27 10:10:00,24700,PE,997.47,1015.84,1000.25,1001.4,174,27007,0.1588
2025-08-27 10:10:00,24750,CE,70.13,70.97,70.4,70.46,175,24436,0.155
2025-08-27 10:10:00,24750,PE,1051.64,1045.61,1030.47,1044.0,235,22493,0.1574
2025-08-27 10:10:00,24800,CE,74.88,76.56,74.17,74.24,167,21028,0.1595
2025-08-27 10:10:00,24800,PE,1093.63,1115.73,1097.43,1099.24,28,23636,0.1606
2025-08-27 10:10:00,24850,CE,76.03,76.06,74.58,75.39,107,22439,0.159
2025-08-27 10:10:00,24850,PE,1138.85,1163.02,1139.13,1145.92,282,18138,0.1571
2025-08-27 10:10:00,24900,CE,69.63,70.13,68.44,69.4,153,19379,0.1577
2025-08-27 10:10:00,24900,PE,1194.33,1208.34,1193.82,1200.77,280,18646,0.159
2025-08-27 10:15:00,23500,CE,316.04,316.61,314.16,314.73,408,47192,0.16
2025-08-27 10:15:00,23500,PE,73.52,73.78,72.11,72.71,204,49050,0.1558
2025-08-27 10:15:00,23550,CE,277.95,280.59,276.63,277.45,91,50436,0.1587
2025-08-27 10:15:00,23550,PE,73.38,73.94,72.95,73.55,817,53348,0.1587
2025-08-27 10:15:00,23600,CE,221.03,223.68,215.94,220.09,122,59974,0.1545
2025-08-27 10:15:00,23600,PE,75.28,76.79,74.59,75.09,892,56986,0.1608
2025-08-27 10:15:00,23650,CE,172.25,176.73,173.66,173.73,1300,61435,0.1579
2025-08-27 10:15:00,23650,PE,74.55,74.72,72.89,73.6,712,64289,0.1592
2025-08-27 10:15:00,23700,CE,120.07,122.37,119.77,120.75,390,72067,0.1577
2025-08-27 10:15:00,23700,PE,78.09,78.16,77.78,78.08,163,71959,0.1582
2025-08-27 10:15:00,23750,CE,77.84,79.5,77.07,77.24,1731,75379,0.1618
2025-08-27 10:15:00,23750,PE,80.83,82.5,81.33,81.82,482,79344,0.158
2025-08-27 10:15:00,23800,CE,83.28,82.31,81.21,82.25,323,77763,0.1589
2025-08-27 10:15:00,23800,PE,133.97,135.38,133.65,134.29,680,82180,0.1578
2025-08-27 10:15:00,23850,CE,76.6,78.83,75.84,77.15,358,69805,0.1586
2025-08-27 10:15:00,23850,PE,187.64,188.94,184.35,186.45,882,72995,0.1617
2025-08-27 10:15:00,23900,CE,78.4,78.06,77.42,77.81,180,62171,0.1563
2025-08-27 10:15:00,23900,PE,231.67,231.41,230.56,231.04,391,59903,0.1573
2025-08-27 10:15:00,23950,CE,76.59,77.22,76.75,76.93,52,59634,0.1582
2025-08-27 10:15:00,23950,PE,284.36,284.74,277.66,283.34,568,56189,0.1561
2025-08-27 10:15:00,24000,CE,75.32,75.73,75.19,75.73,250,48724,0.156
2025-08-27 10:15:00,24000,PE,330.24,334.42,327.0,330.05,755,50266,0.1562
2025-08-27 10:15:00,24050,CE,74.42,75.49,74.82,75.01,197,49143,0.1583
2025-08-27 10:15:00,24050,PE,379.51,384.75,371.59,378.94,374,49829,0.1622
2025-08-27 10:15:00,24100,CE,72.46,72.25,71.58,72.24,461,42819,0.1566
2025-08-27 10:15:00,24100,PE,436.01,432.95,423.79,432.39,372,45783,0.157
2025-08-27 10:15:00,24150,CE,76.62,76.89,75.56,75.92,440,39136,0.159
2025-08-27 10:15:00,24150,PE,471.91,481.26,473.69,477.63,56,41517,0.1578
2025-08-27 10:15:00,24200,CE,72.07,73.59,71.28,72.23,670,39759,0.1586
2025-08-27 10:15:00,24200,PE,531.88,550.0,531.06,536.33,378,40163,0.1612
2025-08-27 10:15:00,24250,CE,78.15,78.95,78.41,78.88,329,37175,0.1578
2025-08-27 10:15:00,24250,PE,576.51,580.58,574.2,577.6,628,37581,0.1553
2025-08-27 10:15:00,24300,CE,71.81,73.68,70.92,71.53,387,33271,0.1615
2025-08-27 10:15:00,24300,PE,628.25,626.58,624.02,625.8,398,32089,0.1617
2025-08-27 10:15:00,24350,CE,71.4,70.95,70.76,70.91,108,31702,0.16
2025-08-27 10:15:00,24350,PE,677.45,697.2,677.06,683.01,60,36832,0.1575
2025-08-27 10:15:00,24400,CE,72.1,72.51,72.19,72.29,105,31442,0.1599
2025-08-27 10:15:00,24400,PE,731.29,744.07,729.49,732.55,180,29534,0.1579
2025-08-27 10:15:00,24450,CE,73.69,73.11,71.51,73.08,441,29638,0.1595
2025-08-27 10:15:00,24450,PE,772.65,789.91,767.19,777.95,93,24859,0.1601
2025-08-27 10:15:00,24500,CE,72.8,73.72,73.03,73.13,25,29552,0.1527
2025-08-27 10:15:00,24500,PE,821.1,830.27,822.78,826.29,433,26528,0.1548
2025-08-27 10:15:00,24550,CE,75.26,75.32,74.57,74.86,212,30178,0.1584
2025-08-27 10:15:00,24550,PE,883.02,884.31,878.27,882.92,208,27263,0.1595
2025-08-27 10:15:00,24600,CE,72.9,73.05,72.57,73.04,334,27823,0.1572
2025-08-27 10:15:00,24600,PE,941.56,938.97,934.8,934.93,317,23994,0.1587
2025-08-27 10:15:00,24650,CE,77.97,79.2,77.66,77.74,170,23080,0.1594
2025-08-27 10:15:00,24650,PE,995.22,1009.03,976.85,983.2,51,23976,0.1593
2025-08-27 10:15:00,24700,CE,76.4,75.69,74.34,75.52,19,22152,0.1605
2025-08-27 10:15:00,24700,PE,1019.32,1032.43,1025.46,1027.31,248,27005,0.1591
2025-08-27 10:15:00,24750,CE,75.46,76.37,74.73,74.95,122,24444,0.1573
2025-08-27 10:15:00,24750,PE,1074.11,1081.81,1079.41,1081.74,249,22714,0.1584
2025-08-27 10:15:00,24800,CE,71.47,72.02,70.61,71.23,346,20632,0.1578
2025-08-27 10:15:00,24800,PE,1128.2,1163.17,1115.53,1128.94,22,23818,0.1567
2025-08-27 10:15:00,24850,CE,74.09,74.59,73.44,74.45,63,22016,0.1567
2025-08-27 10:15:00,24850,PE,1175.42,1196.77,1167.18,1179.6,103,18407,0.1577
2025-08-27 10:15:00,24900,CE,77.96,78.47,76.77,77.6,27,19245,0.159
2025-08-27 10:15:00,24900,PE,1230.15,1237.99,1212.91,1230.85,41,19053,0.1577
2025-08-27 10:20:00,23500,CE,315.64,321.87,314.94,318.91,735,46698,0.1572
2025-08-27 10:20:00,23500,PE,75.33,74.93,73.52,74.65,274,49002,0.1587
2025-08-27 10:20:00,23550,CE,259.19,261.3,258.12,260.05,494,50036,0.1593
2025-08-27 10:20:00,23550,PE,76.02,76.81,75.6,76.77,504,53790,0.1568
2025-08-27 10:20:00,23600,CE,218.43,217.75,214.69,216.3,277,59524,0.1594
2025-08-27 10:20:00,23600,PE,75.21,74.12,73.66,73.95,469,56968,0.1561
2025-08-27 10:20:00,23650,CE,166.85,167.14,164.66,166.03,399,60961,0.1575
2025-08-27 10:20:00,23650,PE,76.01,78.33,76.38,76.43,134,64646,0.1621
2025-08-27 10:20:00,23700,CE,113.82,117.4,112.9,114.26,226,71805,0.1541
2025-08-27 10:20:00,23700,PE,77.14,77.21,76.2,77.08,1193,72071,0.1593
2025-08-27 10:20:00,23750,CE,69.63,69.29,68.62,69.15,72,74983,0.1587
2025-08-27 10:20:00,23750,PE,80.84,83.67,80.35,81.14,842,79165,0.1598
2025-08-27 10:20:00,23800,CE,74.12,74.92,74.01,74.42,1477,77299,0.1603
2025-08-27 10:20:00,23800,PE,128.06,128.11,126.69,126.73,63,82240,0.158
2025-08-27 10:20:00,23850,CE,73.92,74.36,73.92,74.01,1247,69209,0.158
2025-08-27 10:20:00,23850,PE,184.84,184.83,184.38,184.81,1081,73586,0.1573
2025-08-27 10:20:00,23900,CE,74.31,74.1,73.1,73.53,489,62070,0.1609
2025-08-27 10:20:00,23900,PE,234.37,236.83,229.73,231.46,1141,60058,0.1598
2025-08-27 10:20:00,23950,CE,74.35,75.08,74.27,74.62,571,59378,0.1603
2025-08-27 10:20:00,23950,PE,276.94,279.76,273.13,276.73,961,55892,0.1559
2025-08-27 10:20:00,24000,CE,73.69,74.4,72.89,73.82,376,49139,0.1608
2025-08-27 10:20:00,24000,PE,339.0,340.56,337.22,338.55,484,50575,0.1611
2025-08-27 10:20:00,24050,CE,78.69,79.42,77.74,78.31,850,49314,0.158
2025-08-27 10:20:00,24050,PE,390.45,389.89,387.33,387.81,150,50131,0.1571
2025-08-27 10:20:00,24100,CE,75.78,77.41,75.86,76.41,477,42429,0.1582
2025-08-27 10:20:00,24100,PE,446.27,445.86,439.22,441.08,98,46303,0.1598
2025-08-27 10:20:00,24150,CE,72.72,73.64,72.41,73.14,88,39081,0.1557
2025-08-27 10:20:00,24150,PE,482.84,494.18,480.42,481.75,719,41959,0.1577
2025-08-27 10:20:00,24200,CE,73.16,73.62,73.12,73.2,572,40042,0.156
2025-08-27 10:20:00,24200,PE,533.73,533.09,530.16,532.01,330,39906,0.1601
2025-08-27 10:20:00,24250,CE,74.31,75.19,72.85,74.57,572,37258,0.1568
2025-08-27 10:20:00,24250,PE,572.93,578.12,569.97,571.1,258,38140,0.1529
2025-08-27 10:20:00,24300,CE,73.56,74.61,74.11,74.15,227,32715,0.1603
2025-08-27 10:20:00,24300,PE,640.45,639.01,629.86,633.39,363,32000,0.1556
2025-08-27 10:20:00,24350,CE,73.78,73.76,73.39,73.48,355,31846,0.1567
2025-08-27 10:20:00,24350,PE,680.92,683.17,677.41,681.79,359,36639,0.1594
2025-08-27 10:20:00,24400,CE,72.18,72.97,71.89,71.96,141,31223,0.1608
2025-08-27 10:20:00,24400,PE,729.87,737.69,732.22,735.0,516,29832,0.1614
2025-08-27 10:20:00,24450,CE,75.6,75.7,75.17,75.31,204,30137,0.1622
2025-08-27 10:20:00,24450,PE,768.53,793.23,775.08,781.56,390,24904,0.1595
2025-08-27 10:20:00,24500,CE,66.77,68.83,66.24,67.75,388,30089,0.1588
2025-08-27 10:20:00,24500,PE,843.76,841.07,827.84,829.61,277,26049,0.1583
2025-08-27 10:20:00,24550,CE,69.43,69.98,68.89,69.82,202,29850,0.1561
2025-08-27 10:20:00,24550,PE,889.48,897.43,875.26,885.31,324,26768,0.1571
2025-08-27 10:20:00,24600,CE,72.5,73.51,72.99,73.14,210,27745,0.1563
2025-08-27 10:20:00,24600,PE,943.52,941.12,933.3,933.98,174,24146,0.1575
2025-08-27 10:20:00,24650,CE,75.59,76.18,74.61,75.13,233,22720,0.1588
2025-08-27 10:20:00,24650,PE,988.97,1001.82,984.01,984.74,339,23914,0.1598
2025-08-27 10:20:00,24700,CE,77.59,77.73,76.26,77.22,69,22373,0.1583
2025-08-27 10:20:00,24700,PE,1039.79,1040.97,1020.94,1031.44,163,27172,0.1615
2025-08-27 10:20:00,24750,CE,74.92,76.18,75.19,75.39,295,24599,0.1588
2025-08-27 10:20:00,24750,PE,1079.31,1080.17,1069.92,1078.85,366,22841,0.159
2025-08-27 10:20:00,24800,CE,77.12,77.03,76.16,76.8,146,21215,0.1591
2025-08-27 10:20:00,24800,PE,1124.92,1150.3,1127.46,1129.48,195,24074,0.1575
2025-08-27 10:20:00,24850,CE,73.04,74.52,73.22,73.75,123,22505,0.1556
2025-08-27 10:20:00,24850,PE,1191.48,1183.19,1172.76,1179.36,339,18949,0.1565
2025-08-27 10:20:00,24900,CE,75.39,76.0,74.69,75.29,138,19676,0.1594
2025-08-27 10:20:00,24900,PE,1236.06,1249.2,1226.83,1233.32,236,18567,0.1594
2025-08-27 10:25:00,23500,CE,319.9,326.4,317.18,317.63,878,46733,0.157
2025-08-27 10:25:00,23500,PE,76.27,77.62,76.2,76.96,516,48859,0.161
2025-08-27 10:25:00,23550,CE,269.89,269.85,266.92,267.95,904,49552,0.156
2025-08-27 10:25:00,23550,PE,75.53,76.44,75.34,76.01,417,53867,0.1586
2025-08-27 10:25:00,23600,CE,218.66,219.07,215.51,217.5,247,59179,0.1554
2025-08-27 10:25:00,23600,PE,77.29,77.07,75.73,76.9,736,57066,0.1598
2025-08-27 10:25:00,23650,CE,170.9,172.52,170.27,171.02,1101,61341,0.1585
2025-08-27 10:25:00,23650,PE,73.91,73.28,72.78,73.15,45,64518,0.1576
2025-08-27 10:25:00,23700,CE,116.56,117.49,115.85,117.31,1317,72344,0.1566
2025-08-27 10:25:00,23700,PE,78.84,79.0,78.14,78.84,169,72390,0.1611
2025-08-27 10:25:00,23750,CE,76.56,77.61,76.25,76.31,432,75348,0.1574
2025-08-27 10:25:00,23750,PE,80.08,81.4,80.73,81.31,803,78699,0.1587
2025-08-27 10:25:00,23800,CE,77.44,79.68,77.24,77.56,325,77829,0.157
2025-08-27 10:25:00,23800,PE,128.08,129.72,126.49,129.49,1157,81681,0.1594
2025-08-27 10:25:00,23850,CE,78.05,77.73,76.86,77.67,1238,69621,0.1601
2025-08-27 10:25:00,23850,PE,179.03,182.36,178.78,179.83,721,73021,0.1548
2025-08-27 10:25:00,23900,CE,69.55,70.72,67.91,69.07,512,61664,0.162
2025-08-27 10:25:00,23900,PE,229.31,232.49,229.62,230.22,434,59836,0.162
2025-08-27 10:25:00,23950,CE,78.26,79.92,77.29,78.66,742,59663,0.1587
2025-08-27 10:25:00,23950,PE,283.0,285.39,276.6,281.62,192,56371,0.1561
2025-08-27 10:25:00,24000,CE,74.57,75.24,73.9,74.55,633,49338,0.1614
2025-08-27 10:25:00,24000,PE,318.82,325.47,323.11,323.51,730,50848,0.1527
2025-08-27 10:25:00,24050,CE,69.99,70.64,69.15,70.35,679,49061,0.1593
2025-08-27 10:25:00,24050,PE,373.17,378.45,370.6,372.41,593,50701,0.1567
2025-08-27 10:25:00,24100,CE,74.44,76.25,75.14,75.18,598,42318,0.1584
2025-08-27 10:25:00,24100,PE,426.95,432.42,426.86,427.14,503,46798,0.154
2025-08-27 10:25:00,24150,CE,69.99,71.69,69.55,70.47,483,39416,0.156
2025-08-27 10:25:00,24150,PE,474.88,478.96,466.72,474.56,652,41799,0.1567
2025-08-27 10:25:00,24200,CE,78.02,78.16,76.52,77.31,236,39853,0.1593
2025-08-27 10:25:00,24200,PE,532.07,542.41,527.32,529.23,258,40121,0.1607
2025-08-27 10:25:00,24250,CE,74.41,77.01,75.89,75.98,315,37786,0.1597
2025-08-27 10:25:00,24250,PE,584.54,582.7,574.31,581.71,441,38346,0.1586
2025-08-27 10:25:00,24300,CE,74.46,74.37,73.86,74.13,570,33143,0.1578
2025-08-27 10:25:00,24300,PE,629.6,631.34,625.34,630.75,29,32559,0.1585
2025-08-27 10:25:00,24350,CE,75.93,77.14,75.04,75.75,500,31642,0.1572
2025-08-27 10:25:00,24350,PE,696.7,687.16,677.89,684.58,140,36685,0.1582
2025-08-27 10:25:00,24400,CE,73.52,73.32,71.82,72.41,535,31353,0.1578
2025-08-27 10:25:00,24400,PE,722.12,745.9,717.6,727.38,313,29492,0.1608
2025-08-27 10:25:00,24450,CE,69.78,70.56,69.77,70.29,457,30494,0.1571
2025-08-27 10:25:00,24450,PE,775.39,780.21,771.24,779.62,36,24618,0.1599
2025-08-27 10:25:00,24500,CE,78.27,78.36,77.03,77.74,427,30337,0.1567
2025-08-27 10:25:00,24500,PE,833.42,830.53,825.44,826.86,200,26077,0.1606
2025-08-27 10:25:00,24550,CE,75.97,75.4,74.52,75.26,64,30254,0.1565
2025-08-27 10:25:00,24550,PE,872.19,892.4,862.4,879.7,294,26781,0.1538
2025-08-27 10:25:00,24600,CE,75.12,75.04,74.3,74.39,272,27849,0.1607
2025-08-27 10:25:00,24600,PE,924.7,937.3,920.9,927.35,195,23763,0.1556
2025-08-27 10:25:00,24650,CE,79.03,80.64,78.64,79.51,206,23089,0.1567
2025-08-27 10:25:00,24650,PE,980.46,977.96,968.42,976.34,29,23796,0.1578
2025-08-27 10:25:00,24700,CE,74.67,74.5,74.03,74.33,333,22468,0.1563
2025-08-27 10:25:00,24700,PE,1025.0,1040.64,1012.5,1020.52,16,27587,0.1554
2025-08-27 10:25:00,24750,CE,72.15,72.19,71.81,71.87,26,24574,0.1585
2025-08-27 10:25:00,24750,PE,1089.72,1098.93,1073.19,1078.42,50,22570,0.1576
2025-08-27 10:25:00,24800,CE,71.69,72.58,70.77,71.71,151,20933,0.1555
2025-08-27 10:25:00,24800,PE,1137.98,1138.4,1130.04,1134.65,329,24153,0.1617
2025-08-27 10:25:00,24850,CE,68.83,70.19,68.51,68.99,134,22254,0.1561
2025-08-27 10:25:00,24850,PE,1176.47,1188.86,1167.44,1176.94,182,18755,0.1576
2025-08-27 10:25:00,24900,CE,72.79,73.18,72.72,72.92,282,19357,0.1552
2025-08-27 10:25:00,24900,PE,1229.4,1237.18,1219.42,1224.72,242,18502,0.1561
2025-08-27 10:30:00,23500,CE,341.94,342.56,341.85,342.13,252,46692,0.1594
2025-08-27 10:30:00,23500,PE,78.61,79.51,77.36,77.97,122,48890,0.1615
2025-08-27 10:30:00,23550,CE,292.34,294.81,292.69,294.06,728,49663,0.1602
2025-08-27 10:30:00,23550,PE,78.07,78.69,77.57,78.53,31,53972,0.1578
2025-08-27 10:30:00,23600,CE,241.62,245.41,239.99,241.3,46,59019,0.1599
2025-08-27 10:30:00,23600,PE,75.63,76.77,75.62,75.86,719,57546,0.1601
2025-08-27 10:30:00,23650,CE,194.27,198.14,194.5,195.65,1235,61354,0.1608
2025-08-27 10:30:00,23650,PE,77.58,77.49,75.86,76.76,286,64916,0.162
2025-08-27 10:30:00,23700,CE,144.75,143.39,142.53,143.19,530,72412,0.1559
2025-08-27 10:30:00,23700,PE,74.21,75.81,73.55,74.14,305,72234,0.1557
2025-08-27 10:30:00,23750,CE,91.89,93.14,92.0,92.48,827,75634,0.1626
2025-08-27 10:30:00,23750,PE,73.52,74.42,74.11,74.39,1526,78311,0.1579
2025-08-27 10:30:00,23800,CE,76.23,77.38,76.61,76.7,911,78392,0.16
2025-08-27 10:30:00,23800,PE,103.11,104.66,103.4,103.62,52,81767,0.154
2025-08-27 10:30:00,23850,CE,74.97,75.77,73.72,75.28,1069,69145,0.1541
2025-08-27 10:30:00,23850,PE,154.42,154.52,151.37,153.84,934,72926,0.1585
2025-08-27 10:30:00,23900,CE,75.55,75.86,75.45,75.53,740,61919,0.1591
2025-08-27 10:30:00,23900,PE,208.03,205.56,202.36,205.07,192,59317,0.1576
2025-08-27 10:30:00,23950,CE,69.12,71.52,69.69,70.0,355,59376,0.156
2025-08-27 10:30:00,23950,PE,256.73,262.19,253.98,256.17,326,56880,0.1576
2025-08-27 10:30:00,24000,CE,74.29,76.82,74.13,74.64,678,49165,0.1611
2025-08-27 10:30:00,24000,PE,312.5,306.62,306.38,306.5,599,50438,0.1593
2025-08-27 10:30:00,24050,CE,81.14,83.2,80.03,80.29,174,48579,0.1539
2025-08-27 10:30:00,24050,PE,364.97,369.35,362.92,365.4,388,50843,0.159
2025-08-27 10:30:00,24100,CE,79.85,79.17,76.25,78.14,423,42387,0.1637
2025-08-27 10:30:00,24100,PE,400.22,407.29,403.04,404.67,144,46975,0.1574
2025-08-27 10:30:00,24150,CE,75.0,76.25,74.83,75.06,423,39965,0.1566
2025-08-27 10:30:00,24150,PE,455.4,462.15,456.43,457.81,196,41271,0.1604
2025-08-27 10:30:00,24200,CE,72.66,72.67,72.31,72.53,326,39490,0.1598
2025-08-27 10:30:00,24200,PE,505.99,523.81,508.36,508.54,132,39801,0.1577
2025-08-27 10:30:00,24250,CE,72.88,74.38,73.37,74.18,450,37698,0.1567
2025-08-27 10:30:00,24250,PE,550.68,571.82,555.02,560.66,576,37891,0.1601
2025-08-27 10:30:00,24300,CE,71.83,72.61,71.11,71.62,575,33034,0.1544
2025-08-27 10:30:00,24300,PE,605.32,620.59,599.31,609.33,333,32938,0.1599
2025-08-27 10:30:00,24350,CE,76.92,77.18,76.61,76.7,290,31238,0.1613
2025-08-27 10:30:00,24350,PE,654.24,659.11,650.55,656.5,146,37184,0.1575
2025-08-27 10:30:00,24400,CE,78.82,80.69,79.66,79.69,46,31846,0.1596
2025-08-27 10:30:00,24400,PE,704.95,710.38,700.41,706.19,373,29507,0.1596
2025-08-27 10:30:00,24450,CE,72.81,74.53,72.02,73.11,170,30926,0.1599
2025-08-27 10:30:00,24450,PE,753.4,755.81,753.61,755.71,25,24871,0.1555
2025-08-27 10:30:00,24500,CE,73.47,75.11,74.14,74.24,110,30165,0.1597
2025-08-27 10:30:00,24500,PE,807.35,810.57,798.07,809.56,39,26151,0.1581
2025-08-27 10:30:00,24550,CE,75.64,74.9,74.19,74.57,76,29793,0.1593
2025-08-27 10:30:00,24550,PE,853.36,865.1,849.6,858.37,160,26775,0.1589
2025-08-27 10:30:00,24600,CE,71.51,72.87,70.58,71.5,425,28244,0.1571
2025-08-27 10:30:00,24600,PE,907.95,916.83,901.02,910.01,184,23865,0.1607
2025-08-27 10:30:00,24650,CE,72.53,72.96,72.14,72.86,333,22947,0.1582
2025-08-27 10:30:00,24650,PE,955.3,965.13,945.6,957.61,332,23992,0.1588
2025-08-27 10:30:00,24700,CE,71.92,73.09,71.56,71.63,292,23040,0.1577
2025-08-27 10:30:00,24700,PE,1016.98,1032.61,1007.38,1009.88,159,27067,0.1616
2025-08-27 10:30:00,24750,CE,75.9,75.61,74.86,75.31,215,24370,0.1607
2025-08-27 10:30:00,24750,PE,1052.44,1055.33,1049.22,1054.95,29,22157,0.1574
2025-08-27 10:30:00,24800,CE,71.42,70.83,70.02,70.8,206,21481,0.1576
2025-08-27 10:30:00,24800,PE,1126.01,1114.07,1107.96,1109.38,133,24208,0.1621
2025-08-27 10:30:00,24850,CE,75.75,76.85,74.44,76.02,70,21809,0.1619
2025-08-27 10:30:00,24850,PE,1168.8,1169.26,1149.68,1156.64,288,18889,0.1606
2025-08-27 10:30:00,24900,CE,65.55,66.35,64.87,65.87,71,19357,0.1563
2025-08-27 10:30:00,24900,PE,1198.68,1221.74,1203.16,1206.4,207,17973,0.1574
2025-08-27 10:35:00,23500,CE,327.46,325.98,319.6,322.64,293,47129,0.1619
2025-08-27 10:35:00,23500,PE,77.78,77.9,77.16,77.61,351,49141,0.1572
2025-08-27 10:35:00,23550,CE,269.4,275.51,271.9,273.36,635,49069,0.1581
2025-08-27 10:35:00,23550,PE,82.19,82.94,81.85,81.96,986,54523,0.1601
2025-08-27 10:35:00,23600,CE,229.99,233.25,227.38,230.83,781,58610,0.1567
2025-08-27 10:35:00,23600,PE,77.67,78.02,76.61,77.63,982,56946,0.1594
2025-08-27 10:35:00,23650,CE,178.1,176.89,176.05,176.18,679,61266,0.16
2025-08-27 10:35:00,23650,PE,72.75,74.24,73.9,74.12,921,64484,0.1592
2025-08-27 10:35:00,23700,CE,133.46,136.02,132.9,133.82,1325,72496,0.161
2025-08-27 10:35:00,23700,PE,76.88,78.22,74.99,76.58,411,72007,0.1591
2025-08-27 10:35:00,23750,CE,81.77,83.51,81.17,81.19,1230,75256,0.1604
2025-08-27 10:35:00,23750,PE,72.48,72.63,71.6,72.55,548,78893,0.1571
2025-08-27 10:35:00,23800,CE,69.12,69.43,68.73,68.87,1357,78191,0.159
2025-08-27 10:35:00,23800,PE,122.3,125.48,120.28,122.91,866,81664,0.1585
2025-08-27 10:35:00,23850,CE,71.88,73.7,72.12,72.62,285,68898,0.1558
2025-08-27 10:35:00,23850,PE,170.38,174.28,169.63,170.31,163,73330,0.1568
2025-08-27 10:35:00,23900,CE,79.76,80.15,79.44,79.51,304,61555,0.1606
2025-08-27 10:35:00,23900,PE,223.73,229.07,222.53,223.77,758,58870,0.1558
2025-08-27 10:35:00,23950,CE,81.05,80.68,80.09,80.14,1007,59833,0.1584
2025-08-27 10:35:00,23950,PE,271.88,280.64,274.46,275.35,444,56500,0.162
2025-08-27 10:35:00,24000,CE,76.11,77.59,75.41,76.35,147,49594,0.1611
2025-08-27 10:35:00,24000,PE,325.7,323.77,319.82,322.85,428,50531,0.1581
2025-08-27 10:35:00,24050,CE,75.21,77.32,75.72,76.2,120,48967,0.1612
2025-08-27 10:35:00,24050,PE,372.88,375.04,365.22,369.58,457,50327,0.1552
2025-08-27 10:35:00,24100,CE,73.03,73.6,71.7,72.81,72,42943,0.1589
2025-08-27 10:35:00,24100,PE,431.94,428.08,426.05,427.09,57,46734,0.1597
2025-08-27 10:35:00,24150,CE,68.41,70.54,67.79,68.3,21,39435,0.1527
2025-08-27 10:35:00,24150,PE,469.35,472.31,466.93,469.14,604,41588,0.1561
2025-08-27 10:35:00,24200,CE,73.45,75.11,72.99,73.53,235,39104,0.1574
2025-08-27 10:35:00,24200,PE,515.24,526.72,516.58,517.09,180,39622,0.1562
2025-08-27 10:35:00,24250,CE,78.63,82.27,77.43,78.91,503,37811,0.1587
2025-08-27 10:35:00,24250,PE,568.38,571.43,567.67,570.35,292,37373,0.1589
2025-08-27 10:35:00,24300,CE,71.98,72.4,71.09,71.61,78,32676,0.1591
2025-08-27 10:35:00,24300,PE,618.23,634.99,624.6,625.29,136,32924,0.1612
2025-08-27 10:35:00,24350,CE,77.33,77.66,75.85,76.79,494,31144,0.1563
2025-08-27 10:35:00,24350,PE,676.12,678.88,672.35,676.26,194,37253,0.159
2025-08-27 10:35:00,24400,CE,75.16,76.37,74.99,75.72,49,32120,0.1612
2025-08-27 10:35:00,24400,PE,729.33,741.52,724.74,726.69,38,29330,0.1599
2025-08-27 10:35:00,24450,CE,76.94,77.71,77.15,77.37,489,30811,0.1593
2025-08-27 10:35:00,24450,PE,776.17,772.48,769.0,772.09,385,24597,0.1598
2025-08-27 10:35:00,24500,CE,78.45,77.6,76.61,77.37,416,29972,0.1623
2025-08-27 10:35:00,24500,PE,818.36,823.89,818.53,822.45,117,25612,0.1583
2025-08-27 10:35:00,24550,CE,72.77,73.25,71.71,73.21,147,29889,0.1604
2025-08-27 10:35:00,24550,PE,875.83,875.14,866.68,870.69,36,26382,0.1579
2025-08-27 10:35:00,24600,CE,67.55,68.3,68.12,68.2,159,28503,0.1571
2025-08-27 10:35:00,24600,PE,921.33,928.25,909.75,915.89,268,23315,0.1532
2025-08-27 10:35:00,24650,CE,76.24,78.32,76.24,76.35,22,22418,0.1585
2025-08-27 10:35:00,24650,PE,970.14,990.6,960.04,971.99,145,23733,0.1599
2025-08-27 10:35:00,24700,CE,74.23,75.56,73.32,74.38,53,22966,0.1595
2025-08-27 10:35:00,24700,PE,1005.48,1032.92,1000.99,1021.86,244,27299,0.1575
2025-08-27 10:35:00,24750,CE,69.4,69.78,69.0,69.5,390,24600,0.1557
2025-08-27 10:35:00,24750,PE,1064.97,1071.83,1059.55,1070.72,386,22725,0.1594
2025-08-27 10:35:00,24800,CE,79.74,80.43,80.07,80.42,320,21302,0.1593
2025-08-27 10:35:00,24800,PE,1125.31,1143.07,1119.13,1120.65,22,23679,0.1547
2025-08-27 10:35:00,24850,CE,76.52,77.44,76.56,76.75,317,22242,0.1617
2025-08-27 10:35:00,24850,PE,1171.56,1190.68,1152.55,1170.95,116,19165,0.1606
2025-08-27 10:35:00,24900,CE,76.91,77.06,75.21,75.85,162,18838,0.1563
2025-08-27 10:35:00,24900,PE,1236.91,1226.61,1200.41,1215.83,231,17473,0.1518
2025-08-27 10:40:00,23500,CE,318.02,325.78,316.06,317.83,138,47100,0.1598
2025-08-27 10:40:00,23500,PE,82.09,81.4,80.59,81.06,81,48950,0.1566
2025-08-27 10:40:00,23550,CE,271.95,274.4,270.35,270.4,799,49184,0.1599
2025-08-27 10:40:00,23550,PE,70.11,72.25,70.12,70.99,75,54185,0.1572
2025-08-27 10:40:00,23600,CE,224.71,226.35,220.55,222.0,1174,59161,0.1584
2025-08-27 10:40:00,23600,PE,76.68,77.13,76.08,76.2,1087,56960,0.1606
2025-08-27 10:40:00,23650,CE,166.02,167.76,166.63,167.04,589,61566,0.1571
2025-08-27 10:40:00,23650,PE,74.65,76.82,73.38,74.84,1283,64034,0.1629
2025-08-27 10:40:00,23700,CE,121.0,121.18,119.64,120.69,1387,72636,0.1595
2025-08-27 10:40:00,23700,PE,76.09,76.54,75.02,76.0,239,72445,0.1596
2025-08-27 10:40:00,23750,CE,78.78,78.27,76.64,77.76,84,74683,0.161
2025-08-27 10:40:00,23750,PE,81.02,82.94,80.13,80.67,668,78940,0.1575
2025-08-27 10:40:00,23800,CE,71.65,72.78,71.42,71.45,656,77887,0.1591
2025-08-27 10:40:00,23800,PE,129.17,131.95,128.97,129.71,996,81638,0.161
2025-08-27 10:40:00,23850,CE,73.69,76.0,73.06,74.14,174,69277,0.1597
2025-08-27 10:40:00,23850,PE,178.08,178.81,177.51,177.54,418,73558,0.1579
2025-08-27 10:40:00,23900,CE,75.7,76.42,75.53,76.31,418,61860,0.1554
2025-08-27 10:40:00,23900,PE,229.59,229.13,228.12,228.49,339,58524,0.1615
2025-08-27 10:40:00,23950,CE,69.23,70.78,69.57,70.25,92,60232,0.1553
2025-08-27 10:40:00,23950,PE,279.34,281.41,276.4,280.51,751,56636,0.1597
2025-08-27 10:40:00,24000,CE,73.4,75.85,73.45,74.02,576,49077,0.1613
2025-08-27 10:40:00,24000,PE,334.26,342.57,334.25,335.87,395,50966,0.1583
2025-08-27 10:40:00,24050,CE,76.31,76.71,75.11,75.96,258,48433,0.1606
2025-08-27 10:40:00,24050,PE,382.14,386.55,381.19,382.4,722,49761,0.1571
2025-08-27 10:40:00,24100,CE,82.05,82.43,82.05,82.3,548,43343,0.1584
2025-08-27 10:40:00,24100,PE,430.23,431.74,421.76,426.39,592,46149,0.1575
2025-08-27 10:40:00,24150,CE,76.71,75.71,74.74,75.6,657,38941,0.1598
2025-08-27 10:40:00,24150,PE,487.28,488.9,480.12,484.23,625,41008,0.1605
2025-08-27 10:40:00,24200,CE,70.63,71.78,70.54,71.32,340,39560,0.1573
2025-08-27 10:40:00,24200,PE,527.39,528.66,526.35,527.77,187,39075,0.1606
2025-08-27 10:40:00,24250,CE,74.78,76.61,75.72,76.24,66,37658,0.1602
2025-08-27 10:40:00,24250,PE,587.03,583.3,581.83,583.19,237,37033,0.1612
2025-08-27 10:40:00,24300,CE,72.47,73.0,72.05,72.63,279,32485,0.1583
2025-08-27 10:40:00,24300,PE,631.19,638.91,630.39,632.56,358,32672,0.1597
2025-08-27 10:40:00,24350,CE,77.16,77.61,75.95,76.96,184,31609,0.157
2025-08-27 10:40:00,24350,PE,670.39,681.52,665.45,675.71,446,37575,0.1591
2025-08-27 10:40:00,24400,CE,69.53,69.7,67.4,69.06,208,32582,0.1604
2025-08-27 10:40:00,24400,PE,730.41,733.26,727.76,729.54,188,29594,0.1578
2025-08-27 10:40:00,24450,CE,77.85,79.99,77.32,77.95,384,30607,0.16
2025-08-27 10:40:00,24450,PE,771.23,785.42,772.25,777.57,316,24220,0.1573
2025-08-27 10:40:00,24500,CE,70.61,71.47,70.04,70.47,190,30007,0.1575
2025-08-27 10:40:00,24500,PE,833.45,835.56,824.21,830.24,324,25440,0.1585
2025-08-27 10:40:00,24550,CE,74.57,75.17,74.2,74.25,330,30061,0.1561
2025-08-27 10:40:00,24550,PE,872.26,876.57,866.42,875.05,400,25828,0.1542
2025-08-27 10:40:00,24600,CE,69.46,71.65,69.94,70.03,230,28758,0.155
2025-08-27 10:40:00,24600,PE,933.3,940.35,920.49,931.5,190,23074,0.161
2025-08-27 10:40:00,24650,CE,74.02,75.25,73.52,74.22,248,22372,0.1572
2025-08-27 10:40:00,24650,PE,979.16,984.75,975.0,977.08,185,24307,0.1589
2025-08-27 10:40:00,24700,CE,72.96,74.09,71.95,72.92,175,22624,0.1576
2025-08-27 10:40:00,24700,PE,1027.98,1034.16,1030.93,1033.23,13,26840,0.1597
2025-08-27 10:40:00,24750,CE,73.31,73.2,72.43,72.93,212,24251,0.1592
2025-08-27 10:40:00,24750,PE,1078.36,1090.48,1077.82,1087.03,48,22546,0.1601
2025-08-27 10:40:00,24800,CE,77.35,77.91,76.96,77.38,94,21345,0.1582
2025-08-27 10:40:00,24800,PE,1124.3,1151.33,1127.45,1129.92,26,24255,0.1569
2025-08-27 10:40:00,24850,CE,70.71,70.33,69.77,69.84,329,22685,0.153
2025-08-27 10:40:00,24850,PE,1189.96,1182.51,1177.87,1177.96,66,19422,0.1565
2025-08-27 10:40:00,24900,CE,79.87,79.9,78.34,78.91,10,19102,0.154
2025-08-27 10:40:00,24900,PE,1225.46,1263.81,1220.74,1226.98,279,17213,0.1569
2025-08-27 10:45:00,23500,CE,381.74,386.73,380.7,382.64,404,47613,0.1592
2025-08-27 10:45:00,23500,PE,79.86,82.58,80.87,81.0,180,48997,0.1581
2025-08-27 10:45:00,23550,CE,331.71,337.61,335.39,335.83,295,48779,0.1572
2025-08-27 10:45:00,23550,PE,71.33,71.68,71.14,71.67,643,54725,0.158
2025-08-27 10:45:00,23600,CE,285.23,285.4,281.45,282.79,591,59168,0.1582
2025-08-27 10:45:00,23600,PE,74.89,75.6,74.64,74.87,559,56546,0.1574
2025-08-27 10:45:00,23650,CE,234.05,236.74,232.51,232.75,247,61848,0.1589
2025-08-27 10:45:00,23650,PE,80.2,81.19,79.84,80.5,683,63714,0.1583
2025-08-27 10:45:00,23700,CE,178.54,183.38,179.54,180.61,46,72261,0.1581
2025-08-27 10:45:00,23700,PE,76.11,76.52,75.75,76.24,667,72166,0.1583
2025-08-27 10:45:00,23750,CE,129.16,130.77,128.92,129.9,1100,74776,0.1585
2025-08-27 10:45:00,23750,PE,76.98,77.88,76.66,76.83,242,78691,0.1603
2025-08-27 10:45:00,23800,CE,78.79,79.85,78.49,79.7,91,77335,0.1605
2025-08-27 10:45:00,23800,PE,73.85,73.49,72.29,73.13,1331,81502,0.1568
2025-08-27 10:45:00,23850,CE,74.15,74.6,73.58,73.99,1372,68958,0.1571
2025-08-27 10:45:00,23850,PE,116.8,119.66,116.04,116.37,517,73571,0.1592
2025-08-27 10:45:00,23900,CE,78.26,79.71,77.48,78.16,393,61811,0.1572
2025-08-27 10:45:00,23900,PE,168.81,169.68,169.22,169.54,183,58017,0.1599
2025-08-27 10:45:00,23950,CE,71.82,72.59,71.54,71.85,1022,59926,0.1586
2025-08-27 10:45:00,23950,PE,217.07,217.11,212.72,216.79,138,56373,0.1578
2025-08-27 10:45:00,24000,CE,72.31,73.18,72.96,72.99,454,49058,0.1589
2025-08-27 10:45:00,24000,PE,274.71,278.33,270.52,273.54,815,51352,0.1578
2025-08-27 10:45:00,24050,CE,76.37,76.28,75.73,75.86,290,48095,0.1639
2025-08-27 10:45:00,24050,PE,315.44,325.86,320.36,321.2,132,49350,0.1572
2025-08-27 10:45:00,24100,CE,73.08,73.08,72.15,72.68,38,42744,0.158
2025-08-27 10:45:00,24100,PE,367.35,366.89,364.07,366.02,374,46276,0.1603
2025-08-27 10:45:00,24150,CE,76.44,78.31,75.5,76.14,660,38731,0.1553
2025-08-27 10:45:00,24150,PE,415.18,423.26,416.74,418.56,241,41212,0.1569
2025-08-27 10:45:00,24200,CE,72.79,73.99,73.81,73.83,478,39788,0.1573
2025-08-27 10:45:00,24200,PE,464.83,477.41,463.62,463.87,136,38528,0.1566
2025-08-27 10:45:00,24250,CE,79.8,80.53,78.59,78.7,382,37560,0.1611
2025-08-27 10:45:00,24250,PE,506.71,522.81,510.78,517.12,187,37594,0.1589
2025-08-27 10:45:00,24300,CE,74.81,77.18,75.17,75.19,111,32215,0.1604
2025-08-27 10:45:00,24300,PE,576.37,575.83,570.67,571.77,488,32707,0.1578
2025-08-27 10:45:00,24350,CE,78.12,79.47,78.28,78.47,148,31654,0.1586
2025-08-27 10:45:00,24350,PE,613.48,625.2,614.9,616.16,260,37287,0.1534
2025-08-27 10:45:00,24400,CE,71.64,72.61,72.14,72.21,387,32917,0.1578
2025-08-27 10:45:00,24400,PE,668.1,675.07,667.98,673.04,48,28998,0.1579
2025-08-27 10:45:00,24450,CE,73.28,73.01,71.8,72.75,490,30279,0.1574
2025-08-27 10:45:00,24450,PE,717.31,727.34,713.32,720.1,54,24331,0.1607
2025-08-27 10:45:00,24500,CE,77.44,76.87,75.41,76.55,171,30507,0.1581
2025-08-27 10:45:00,24500,PE,768.68,774.61,764.53,770.7,494,24851,0.1604
2025-08-27 10:45:00,24550,CE,73.46,73.5,72.52,73.08,100,30182,0.1583
2025-08-27 10:45:00,24550,PE,826.84,831.04,820.26,821.51,169,25232,0.1542
2025-08-27 10:45:00,24600,CE,73.09,74.2,72.26,73.51,219,28905,0.1593
2025-08-27 10:45:00,24600,PE,863.54,878.34,863.25,868.99,461,22967,0.1558
2025-08-27 10:45:00,24650,CE,75.65,77.07,74.14,75.36,353,22293,0.1594
2025-08-27 10:45:00,24650,PE,921.19,931.65,903.38,913.4,301,24868,0.1591
2025-08-27 10:45:00,24700,CE,80.86,82.54,81.44,82.12,348,22842,0.1573
2025-08-27 10:45:00,24700,PE,954.26,985.54,960.39,970.63,354,26475,0.1583
2025-08-27 10:45:00,24750,CE,77.92,78.62,76.81,76.98,326,24847,0.1603
2025-08-27 10:45:00,24750,PE,1016.18,1056.72,1013.66,1023.2,398,22254,0.1577
2025-08-27 10:45:00,24800,CE,75.15,76.6,74.49,75.2,171,21568,0.158
2025-08-27 10:45:00,24800,PE,1077.38,1092.3,1054.86,1069.26,34,24471,0.1586
2025-08-27 10:45:00,24850,CE,70.17,71.72,69.84,70.19,108,23104,0.1591
2025-08-27 10:45:00,24850,PE,1111.55,1123.47,1110.98,1116.69,234,19300,0.1605
2025-08-27 10:45:00,24900,CE,71.44,72.06,70.99,71.16,23,19337,0.155
2025-08-27 10:45:00,24900,PE,1157.67,1196.14,1165.7,1169.25,198,17364,0.1576
2025-08-27 10:50:00,23500,CE,355.88,361.38,356.0,358.54,30,47536,0.1607
2025-08-27 10:50:00,23500,PE,72.2,73.87,72.08,73.21,676,49496,0.1589
2025-08-27 10:50:00,23550,CE,310.56,317.76,309.48,312.51,353,48481,0.1584
2025-08-27 10:50:00,23550,PE,72.88,73.18,71.63,72.79,694,54394,0.1602
2025-08-27 10:50:00,23600,CE,258.18,262.22,258.62,261.96,964,59324,0.1593
2025-08-27 10:50:00,23600,PE,75.4,76.75,75.44,76.05,1004,56174,0.1578
2025-08-27 10:50:00,23650,CE,210.94,211.78,210.27,210.6,120,62243,0.1592
2025-08-27 10:50:00,23650,PE,73.65,74.65,73.78,74.07,365,63521,0.1627
2025-08-27 10:50:00,23700,CE,160.44,160.72,158.63,158.85,387,72166,0.158
2025-08-27 10:50:00,23700,PE,74.65,76.27,73.39,74.8,1244,72384,0.1559
2025-08-27 10:50:00,23750,CE,109.26,110.03,109.31,109.49,140,75238,0.1594
2025-08-27 10:50:00,23750,PE,69.21,69.31,68.89,68.95,723,78918,0.1569
2025-08-27 10:50:00,23800,CE,82.93,84.02,83.19,83.52,638,76848,0.1584
2025-08-27 10:50:00,23800,PE,92.29,94.48,91.39,92.55,729,81307,0.1589
2025-08-27 10:50:00,23850,CE,75.62,75.07,74.22,74.93,49,69258,0.1605
2025-08-27 10:50:00,23850,PE,137.3,139.6,137.27,138.13,1255,74060,0.1563
2025-08-27 10:50:00,23900,CE,77.86,77.92,76.83,77.8,325,61971,0.1554
2025-08-27 10:50:00,23900,PE,186.9,188.24,184.03,184.41,684,58132,0.1564
2025-08-27 10:50:00,23950,CE,71.17,71.92,70.99,71.17,901,59781,0.1576
2025-08-27 10:50:00,23950,PE,242.35,242.05,240.37,240.74,322,56346,0.1586
2025-08-27 10:50:00,24000,CE,75.77,76.96,75.74,76.0,679,48976,0.1582
2025-08-27 10:50:00,24000,PE,292.77,294.93,291.42,292.46,318,50818,0.1585
2025-08-27 10:50:00,24050,CE,83.79,85.02,83.5,84.14,532,47521,0.1578
2025-08-27 10:50:00,24050,PE,344.36,345.19,344.38,344.58,440,49490,0.1612
2025-08-27 10:50:00,24100,CE,73.29,74.24,73.42,73.68,395,42755,0.1565
2025-08-27 10:50:00,24100,PE,388.8,402.67,385.93,387.25,243,45969,0.1583
2025-08-27 10:50:00,24150,CE,70.09,72.56,70.01,70.77,657,39202,0.1523
2025-08-27 10:50:00,24150,PE,438.61,440.5,438.7,438.78,134,40859,0.1621
2025-08-27 10:50:00,24200,CE,76.94,77.01,76.3,76.54,264,40028,0.1588
2025-08-27 10:50:00,24200,PE,496.65,499.51,486.57,494.75,55,38874,0.1573
2025-08-27 10:50:00,24250,CE,72.32,73.66,71.2,72.21,15,37968,0.1562
2025-08-27 10:50:00,24250,PE,537.74,539.13,536.02,538.34,38,38001,0.1607
2025-08-27 10:50:00,24300,CE,71.07,71.47,71.16,71.2,594,32568,0.1585
2025-08-27 10:50:00,24300,PE,584.93,608.2,585.61,591.06,619,32656,0.157
2025-08-27 10:50:00,24350,CE,74.23,76.26,75.42,75.45,383,31802,0.1611
2025-08-27 10:50:00,24350,PE,635.12,643.72,634.31,638.68,16,37716,0.1596
2025-08-27 10:50:00,24400,CE,76.89,78.54,76.12,77.31,396,32821,0.1571
2025-08-27 10:50:00,24400,PE,691.62,700.01,686.16,689.49,127,29203,0.1587
2025-08-27 10:50:00,24450,CE,74.1,73.8,73.61,73.65,519,29870,0.1567
2025-08-27 10:50:00,24450,PE,732.37,758.98,738.2,739.95,487,24408,0.1571
2025-08-27 10:50:00,24500,CE,73.31,72.7,71.58,72.45,398,30076,0.1568
2025-08-27 10:50:00,24500,PE,805.55,803.37,794.74,795.18,60,25043,0.1603
2025-08-27 10:50:00,24550,CE,75.81,76.53,75.43,76.22,141,30034,0.1566
2025-08-27 10:50:00,24550,PE,835.48,862.84,842.99,844.37,300,24905,0.1586
2025-08-27 10:50:00,24600,CE,73.89,73.76,73.23,73.6,160,28737,0.1609
2025-08-27 10:50:00,24600,PE,901.14,892.91,876.18,891.17,166,23208,0.157
2025-08-27 10:50:00,24650,CE,69.4,70.13,69.01,69.66,72,22782,0.1562
2025-08-27 10:50:00,24650,PE,946.52,963.78,930.81,942.53,314,24281,0.1588
2025-08-27 10:50:00,24700,CE,75.19,77.36,74.51,74.97,239,22443,0.1594
2025-08-27 10:50:00,24700,PE,988.89,991.87,982.26,991.05,69,26721,0.156
2025-08-27 10:50:00,24750,CE,75.79,75.2,74.92,74.98,105,24929,0.1593
2025-08-27 10:50:00,24750,PE,1024.91,1060.31,1033.69,1036.08,119,22037,0.1551
2025-08-27 10:50:00,24800,CE,73.8,72.42,71.46,72.19,261,21750,0.1589
2025-08-27 10:50:00,24800,PE,1100.4,1097.22,1081.5,1092.03,14,24911,0.1583
2025-08-27 10:50:00,24850,CE,79.57,80.55,78.82,78.83,220,22813,0.1589
2025-08-27 10:50:00,24850,PE,1144.53,1140.46,1126.0,1135.24,47,19282,0.1543
2025-08-27 10:50:00,24900,CE,76.17,77.25,76.36,76.65,251,18761,0.1602
2025-08-27 10:50:00,24900,PE,1176.63,1189.75,1170.58,1186.64,108,17899,0.1573
2025-08-27 10:55:00,23500,CE,348.13,348.8,342.19,345.76,105,47897,0.1552
2025-08-27 10:55:00,23500,PE,71.74,72.07,71.43,72.06,229,49502,0.1615
2025-08-27 10:55:00,23550,CE,292.2,295.97,295.25,295.96,774,49071,0.16
2025-08-27 10:55:00,23550,PE,74.91,75.83,73.45,74.34,615,54058,0.1577
2025-08-27 10:55:00,23600,CE,243.77,250.15,242.94,243.33,108,59616,0.1586
2025-08-27 10:55:00,23600,PE,79.53,81.03,79.96,80.07,656,56497,0.1582
2025-08-27 10:55:00,23650,CE,190.98,190.55,187.36,188.34,1247,62640,0.1595
2025-08-27 10:55:00,23650,PE,79.96,81.09,79.65,79.83,643,63743,0.1602
2025-08-27 10:55:00,23700,CE,143.98,144.29,142.02,142.97,913,71794,0.1569
2025-08-27 10:55:00,23700,PE,76.41,76.66,76.01,76.49,462,71893,0.1599
2025-08-27 10:55:00,23750,CE,91.98,92.81,90.84,91.39,640,74854,0.1598
2025-08-27 10:55:00,23750,PE,76.38,77.9,75.65,76.63,1519,79347,0.1574
2025-08-27 10:55:00,23800,CE,74.46,74.95,73.92,74.67,1181,76730,0.1579
2025-08-27 10:55:00,23800,PE,108.46,107.72,106.24,107.12,38,81362,0.1616
2025-08-27 10:55:00,23850,CE,72.89,74.03,73.36,73.66,56,68688,0.157
2025-08-27 10:55:00,23850,PE,157.64,158.04,156.96,157.96,233,74049,0.158
2025-08-27 10:55:00,23900,CE,73.42,75.0,72.16,73.58,918,61862,0.1613
2025-08-27 10:55:00,23900,PE,205.58,206.12,202.42,202.93,949,58173,0.1562
2025-08-27 10:55:00,23950,CE,72.95,73.69,73.0,73.21,972,59631,0.1583
2025-08-27 10:55:00,23950,PE,260.47,259.4,256.42,257.68,338,55836,0.1581
2025-08-27 10:55:00,24000,CE,76.32,78.66,76.24,77.72,227,48428,0.161
2025-08-27 10:55:00,24000,PE,308.14,314.71,305.79,309.57,183,51357,0.1597
2025-08-27 10:55:00,24050,CE,74.83,75.4,74.31,74.73,492,47645,0.1571
2025-08-27 10:55:00,24050,PE,358.17,356.27,353.31,355.87,352,49662,0.1529
2025-08-27 10:55:00,24100,CE,72.38,75.08,71.41,73.08,466,43253,0.1535
2025-08-27 10:55:00,24100,PE,408.67,411.63,404.24,408.28,654,46030,0.1602
2025-08-27 10:55:00,24150,CE,75.18,75.06,74.41,74.42,594,39340,0.1608
2025-08-27 10:55:00,24150,PE,457.82,463.17,458.46,460.27,753,40886,0.1598
2025-08-27 10:55:00,24200,CE,71.67,72.03,71.53,71.93,600,39639,0.1574
2025-08-27 10:55:00,24200,PE,505.01,519.63,504.24,505.32,127,38647,0.1597
2025-08-27 10:55:00,24250,CE,76.15,77.71,74.88,75.4,543,38429,0.1554
2025-08-27 10:55:00,24250,PE,565.76,559.93,544.55,554.08,270,37933,0.1598
2025-08-27 10:55:00,24300,CE,74.75,74.27,73.95,74.19,306,32212,0.1592
2025-08-27 10:55:00,24300,PE,599.89,602.6,601.13,602.08,336,33049,0.1584
2025-08-27 10:55:00,24350,CE,73.93,74.1,72.76,73.1,438,31306,0.1586
2025-08-27 10:55:00,24350,PE,658.07,667.78,660.95,661.94,211,37883,0.1599
2025-08-27 10:55:00,24400,CE,69.17,69.17,68.49,69.07,329,33061,0.1588
2025-08-27 10:55:00,24400,PE,704.57,715.59,697.42,704.11,412,28967,0.1597
2025-08-27 10:55:00,24450,CE,76.81,76.94,76.05,76.8,249,29470,0.1587
2025-08-27 10:55:00,24450,PE,760.43,759.3,752.67,756.94,375,24345,0.1574
2025-08-27 10:55:00,24500,CE,77.97,78.43,77.13,77.61,177,30382,0.1599
2025-08-27 10:55:00,24500,PE,800.99,811.86,801.61,803.35,464,25507,0.1587
2025-08-27 10:55:00,24550,CE,77.35,78.41,76.85,77.47,70,30412,0.1586
2025-08-27 10:55:00,24550,PE,873.37,887.59,856.67,862.47,270,24436,0.1577
2025-08-27 10:55:00,24600,CE,74.01,74.9,73.76,74.03,179,28404,0.1597
2025-08-27 10:55:00,24600,PE,908.34,919.88,899.84,908.98,121,23348,0.1544
2025-08-27 10:55:00,24650,CE,76.54,77.86,75.33,76.18,178,23033,0.1599
2025-08-27 10:55:00,24650,PE,957.5,954.91,950.94,953.92,348,23691,0.1574
2025-08-27 10:55:00,24700,CE,74.25,74.51,73.59,73.99,341,22014,0.1576
2025-08-27 10:55:00,24700,PE,1017.96,1050.81,1006.87,1010.17,9,26233,0.1583
2025-08-27 10:55:00,24750,CE,69.83,70.35,69.45,69.57,26,24738,0.1536
2025-08-27 10:55:00,24750,PE,1044.36,1063.63,1048.9,1051.5,334,22253,0.1581
2025-08-27 10:55:00,24800,CE,75.19,76.41,74.78,75.01,172,22281,0.1581
2025-08-27 10:55:00,24800,PE,1105.64,1107.28,1102.9,1106.45,189,24418,0.1559
2025-08-27 10:55:00,24850,CE,68.45,70.15,68.34,68.94,13,22820,0.1555
2025-08-27 10:55:00,24850,PE,1162.0,1179.75,1142.81,1158.68,87,19128,0.1602
2025-08-27 10:55:00,24900,CE,80.54,81.19,79.72,80.08,113,18638,0.1557
2025-08-27 10:55:00,24900,PE,1225.91,1212.68,1202.54,1209.47,341,17380,0.157
2025-08-27 11:00:00,23500,CE,406.22,407.45,403.76,405.52,101,47642,0.1579
2025-08-27 11:00:00,23500,PE,79.34,80.11,79.17,79.73,609,49204,0.1595
2025-08-27 11:00:00,23550,CE,358.82,366.4,359.32,361.47,232,49332,0.1562
2025-08-27 11:00:00,23550,PE,76.29,77.23,75.36,76.7,540,54228,0.1577
2025-08-27 11:00:00,23600,CE,306.41,313.72,305.38,307.13,648,59779,0.1545
2025-08-27 11:00:00,23600,PE,77.46,77.96,76.31,77.07,549,56520,0.1573
2025-08-27 11:00:00,23650,CE,257.56,257.5,254.12,254.74,833,62450,0.1563
2025-08-27 11:00:00,23650,PE,76.99,77.85,77.05,77.16,360,63435,0.1584
2025-08-27 11:00:00,23700,CE,213.25,215.19,207.75,209.76,1009,71207,0.1573
2025-08-27 11:00:00,23700,PE,76.79,77.86,76.94,77.15,269,71470,0.1556
2025-08-27 11:00:00,23750,CE,162.65,162.69,159.86,161.9,529,74517,0.1607
2025-08-27 11:00:00,23750,PE,75.34,75.76,74.04,74.95,708,79917,0.1603
2025-08-27 11:00:00,23800,CE,112.59,112.38,110.72,111.46,699,77294,0.1581
2025-08-27 11:00:00,23800,PE,73.8,73.7,72.65,73.48,512,81683,0.1571
2025-08-27 11:00:00,23850,CE,68.22,69.67,67.9,68.98,259,68820,0.1619
2025-08-27 11:00:00,23850,PE,90.76,90.29,89.01,89.77,1288,74251,0.1594
2025-08-27 11:00:00,23900,CE,73.79,74.27,72.0,73.37,1366,61982,0.1603
2025-08-27 11:00:00,23900,PE,142.65,145.82,141.87,143.07,863,58349,0.1598
2025-08-27 11:00:00,23950,CE,70.08,70.92,70.01,70.64,462,59294,0.1557
2025-08-27 11:00:00,23950,PE,183.02,187.69,185.67,187.13,1152,56408,0.1548
2025-08-27 11:00:00,24000,CE,80.35,81.5,79.49,79.91,1051,48735,0.1621
2025-08-27 11:00:00,24000,PE,239.54,242.86,237.58,240.39,266,51038,0.158
2025-08-27 11:00:00,24050,CE,69.08,68.56,67.51,68.2,324,47661,0.1584
2025-08-27 11:00:00,24050,PE,287.36,290.64,283.31,288.33,251,50009,0.1592
2025-08-27 11:00:00,24100,CE,74.32,74.8,74.37,74.39,91,43746,0.1615
2025-08-27 11:00:00,24100,PE,347.36,347.01,345.49,345.84,424,45890,0.1579
2025-08-27 11:00:00,24150,CE,73.92,73.14,72.98,73.07,386,39320,0.1561
2025-08-27 11:00:00,24150,PE,386.38,393.06,388.42,389.88,471,40657,0.1585
2025-08-27 11:00:00,24200,CE,72.34,72.25,71.75,71.82,245,39490,0.1579
2025-08-27 11:00:00,24200,PE,441.18,446.58,440.13,441.06,132,38320,0.1566
2025-08-27 11:00:00,24250,CE,74.29,74.82,73.6,74.62,308,37864,0.1595
2025-08-27 11:00:00,24250,PE,486.07,497.63,483.14,487.79,309,37832,0.1559
2025-08-27 11:00:00,24300,CE,75.71,76.38,74.96,75.86,12,32176,0.1591
2025-08-27 11:00:00,24300,PE,545.93,547.96,534.32,543.71,448,33384,0.1596
2025-08-27 11:00:00,24350,CE,79.37,80.13,78.68,79.5,250,31333,0.1593
2025-08-27 11:00:00,24350,PE,586.27,592.16,587.17,590.87,58,37674,0.155
2025-08-27 11:00:00,24400,CE,75.23,75.54,74.48,75.16,396,33016,0.1592
2025-08-27 11:00:00,24400,PE,639.52,640.25,633.24,639.24,565,29322,0.1612
2025-08-27 11:00:00,24450,CE,74.0,74.29,72.68,73.33,508,29447,0.1584
2025-08-27 11:00:00,24450,PE,687.72,700.99,687.16,687.22,51,24411,0.1539
2025-08-27 11:00:00,24500,CE,73.15,72.97,71.4,72.67,501,29989,0.1584
2025-08-27 11:00:00,24500,PE,735.57,746.21,736.46,739.44,509,24916,0.1579
2025-08-27 11:00:00,24550,CE,75.44,75.27,75.1,75.13,312,30927,0.1604
2025-08-27 11:00:00,24550,PE,797.09,815.65,790.76,795.21,112,24157,0.1591
2025-08-27 11:00:00,24600,CE,76.89,77.22,76.61,76.72,388,28221,0.1581
2025-08-27 11:00:00,24600,PE,845.29,848.09,837.72,842.46,316,22885,0.1589
2025-08-27 11:00:00,24650,CE,75.25,75.74,74.31,75.06,309,23048,0.1568
2025-08-27 11:00:00,24650,PE,881.4,890.47,877.41,888.88,232,23975,0.1603
2025-08-27 11:00:00,24700,CE,75.65,76.5,75.93,75.98,199,22237,0.1585
2025-08-27 11:00:00,24700,PE,948.21,941.65,931.79,938.82,190,26659,0.1545
2025-08-27 11:00:00,24750,CE,74.9,74.84,74.2,74.37,236,24481,0.1596
2025-08-27 11:00:00,24750,PE,992.8,994.17,977.44,986.58,368,22030,0.1554
2025-08-27 11:00:00,24800,CE,75.42,75.55,74.98,75.45,379,22839,0.1563
2025-08-27 11:00:00,24800,PE,1033.44,1042.64,1032.1,1037.23,227,24365,0.1559
2025-08-27 11:00:00,24850,CE,74.33,77.01,74.12,75.11,107,23221,0.1557
2025-08-27 11:00:00,24850,PE,1105.71,1097.58,1089.72,1092.36,108,19261,0.1573
2025-08-27 11:00:00,24900,CE,78.3,78.66,77.14,78.55,300,18255,0.1599
2025-08-27 11:00:00,24900,PE,1138.05,1139.19,1127.53,1139.03,69,17928,0.1584
2025-08-27 11:05:00,23500,CE,409.42,411.55,403.59,410.71,803,47431,0.1601
2025-08-27 11:05:00,23500,PE,74.85,75.13,74.19,74.22,199,49374,0.1575
2025-08-27 11:05:00,23550,CE,360.4,360.42,354.16,360.37,522,49037,0.1567
2025-08-27 11:05:00,23550,PE,70.7,70.56,69.76,70.48,202,54318,0.1579
2025-08-27 11:05:00,23600,CE,306.63,309.39,304.55,308.04,278,59828,0.1569
2025-08-27 11:05:00,23600,PE,75.4,76.44,75.28,75.69,672,56233,0.1594
2025-08-27 11:05:00,23650,CE,259.42,266.61,257.34,259.87,622,63036,0.1569
2025-08-27 11:05:00,23650,PE,81.84,80.77,79.92,80.51,586,63003,0.1604
2025-08-27 11:05:00,23700,CE,215.83,215.9,212.02,214.11,891,71138,0.1587
2025-08-27 11:05:00,23700,PE,79.09,80.39,78.45,79.25,869,70907,0.1539
2025-08-27 11:05:00,23750,CE,157.96,159.79,156.66,158.55,982,74736,0.1575
2025-08-27 11:05:00,23750,PE,77.75,78.09,77.69,77.86,27,79871,0.1592
2025-08-27 11:05:00,23800,CE,108.89,109.94,107.94,108.84,760,77366,0.1543
2025-08-27 11:05:00,23800,PE,77.9,79.51,78.99,79.14,988,81921,0.1605
2025-08-27 11:05:00,23850,CE,68.86,68.42,68.2,68.33,1571,69136,0.1598
2025-08-27 11:05:00,23850,PE,81.17,82.74,81.11,82.0,552,74809,0.1585
2025-08-27 11:05:00,23900,CE,78.32,79.61,77.48,77.6,713,62418,0.157
2025-08-27 11:05:00,23900,PE,127.9,128.8,128.5,128.78,724,58137,0.1585
2025-08-27 11:05:00,23950,CE,73.59,75.43,74.04,74.16,930,59566,0.157
2025-08-27 11:05:00,23950,PE,198.36,196.67,195.4,196.48,172,55899,0.1596
2025-08-27 11:05:00,24000,CE,74.22,75.8,74.12,74.44,863,48298,0.1579
2025-08-27 11:05:00,24000,PE,231.82,236.22,231.05,233.5,530,50989,0.1563
2025-08-27 11:05:00,24050,CE,77.78,78.34,76.02,77.24,456,47612,0.158
2025-08-27 11:05:00,24050,PE,285.58,289.17,286.29,286.96,968,50015,0.1571
2025-08-27 11:05:00,24100,CE,75.1,75.95,74.32,74.81,803,43716,0.1573
2025-08-27 11:05:00,24100,PE,336.46,344.8,333.14,338.08,444,46059,0.1611
2025-08-27 11:05:00,24150,CE,77.78,76.65,76.1,76.29,208,39865,0.1612
2025-08-27 11:05:00,24150,PE,385.91,394.55,382.61,382.74,789,40264,0.1576
2025-08-27 11:05:00,24200,CE,75.45,76.51,74.84,75.75,125,39318,0.1567
2025-08-27 11:05:00,24200,PE,441.23,445.55,440.35,441.5,158,37809,0.1581
2025-08-27 11:05:00,24250,CE,68.37,70.37,68.51,68.77,586,37503,0.1582
2025-08-27 11:05:00,24250,PE,478.87,494.95,482.57,487.16,274,38416,0.1612
2025-08-27 11:05:00,24300,CE,72.67,73.37,72.92,72.95,275,31623,0.1611
2025-08-27 11:05:00,24300,PE,540.25,544.31,536.43,536.81,172,33040,0.159
2025-08-27 11:05:00,24350,CE,73.09,74.45,73.98,74.01,356,31244,0.1572
2025-08-27 11:05:00,24350,PE,583.42,604.41,587.8,591.11,58,37425,0.1615
2025-08-27 11:05:00,24400,CE,81.87,82.6,80.86,81.4,283,33070,0.1599
2025-08-27 11:05:00,24400,PE,644.36,639.6,636.59,637.65,253,29910,0.1585
2025-08-27 11:05:00,24450,CE,75.7,78.03,76.34,76.57,280,29691,0.157
2025-08-27 11:05:00,24450,PE,687.69,702.59,679.89,690.94,324,24298,0.16
2025-08-27 11:05:00,24500,CE,67.71,68.19,67.69,68.17,23,30208,0.1571
2025-08-27 11:05:00,24500,PE,739.61,736.32,726.23,734.79,457,25362,0.1565
2025-08-27 11:05:00,24550,CE,72.03,73.19,72.25,72.53,401,30601,0.1613
2025-08-27 11:05:00,24550,PE,783.75,795.58,789.17,789.86,232,24417,0.1583
2025-08-27 11:05:00,24600,CE,72.73,73.2,70.89,71.86,353,28357,0.156
2025-08-27 11:05:00,24600,PE,838.33,833.69,827.14,831.27,31,23165,0.1575
2025-08-27 11:05:00,24650,CE,71.23,71.86,70.57,71.58,262,22548,0.1609
2025-08-27 11:05:00,24650,PE,888.57,900.19,886.69,891.1,250,24254,0.1584
2025-08-27 11:05:00,24700,CE,71.85,73.63,71.62,72.0,410,22582,0.1595
2025-08-27 11:05:00,24700,PE,943.18,938.02,932.15,933.98,120,26883,0.1579
2025-08-27 11:05:00,24750,CE,74.9,75.98,74.73,74.77,285,24117,0.1586
2025-08-27 11:05:00,24750,PE,1004.25,991.62,985.17,986.52,349,21623,0.1576
2025-08-27 11:05:00,24800,CE,72.89,73.34,72.73,73.18,303,23125,0.1572
2025-08-27 11:05:00,24800,PE,1032.94,1043.97,1037.14,1038.01,387,24542,0.159
2025-08-27 11:05:00,24850,CE,75.46,74.55,73.89,74.16,33,23801,0.1582
2025-08-27 11:05:00,24850,PE,1090.11,1097.82,1088.55,1088.88,152,19206,0.1536
2025-08-27 11:05:00,24900,CE,77.81,78.8,78.09,78.34,324,17930,0.159
2025-08-27 11:05:00,24900,PE,1137.75,1147.79,1126.66,1136.45,248,18251,0.161
2025-08-27 11:10:00,23500,CE,396.06,407.37,394.9,397.3,444,47729,0.1565
2025-08-27 11:10:00,23500,PE,79.96,81.49,80.23,80.34,593,49401,0.1609
2025-08-27 11:10:00,23550,CE,345.33,353.77,345.72,349.93,95,49332,0.1599
2025-08-27 11:10:00,23550,PE,76.41,77.4,75.94,76.18,715,54090,0.1624
2025-08-27 11:10:00,23600,CE,304.35,302.36,299.28,301.42,814,59486,0.16
2025-08-27 11:10:00,23600,PE,78.74,78.69,76.77,78.13,182,55784,0.1562
2025-08-27 11:10:00,23650,CE,253.25,253.25,248.61,249.82,615,62784,0.1582
2025-08-27 11:10:00,23650,PE,71.11,71.63,70.35,70.69,769,63188,0.1573
2025-08-27 11:10:00,23700,CE,206.33,210.59,204.56,205.63,539,70848,0.1582
2025-08-27 11:10:00,23700,PE,69.87,70.62,69.18,70.04,1133,71367,0.1591
2025-08-27 11:10:00,23750,CE,152.76,154.63,152.33,152.67,504,74435,0.1594
2025-08-27 11:10:00,23750,PE,69.76,69.99,68.95,69.52,1138,80092,0.1563
2025-08-27 11:10:00,23800,CE,103.42,104.75,102.0,103.72,764,77399,0.1559
2025-08-27 11:10:00,23800,PE,79.6,80.4,79.18,79.28,1198,81574,0.1597
2025-08-27 11:10:00,23850,CE,72.46,72.65,70.27,71.64,1653,69203,0.1631
2025-08-27 11:10:00,23850,PE,101.23,101.48,98.94,99.74,234,75354,0.1624
2025-08-27 11:10:00,23900,CE,81.36,81.47,80.74,80.82,1417,62951,0.1599
2025-08-27 11:10:00,23900,PE,150.11,153.42,150.88,151.68,1001,57886,0.1574
2025-08-27 11:10:00,23950,CE,73.94,77.65,75.88,76.02,670,59609,0.1557
2025-08-27 11:10:00,23950,PE,198.35,198.09,196.36,197.01,644,55480,0.1607
2025-08-27 11:10:00,24000,CE,77.48,77.27,75.04,76.28,357,48260,0.1589
2025-08-27 11:10:00,24000,PE,249.23,249.23,244.14,248.17,594,50774,0.1571
2025-08-27 11:10:00,24050,CE,73.67,74.3,72.59,73.34,732,48127,0.1599
2025-08-27 11:10:00,24050,PE,297.88,300.77,296.78,298.12,474,50174,0.1563
2025-08-27 11:10:00,24100,CE,74.18,76.08,74.53,74.88,186,43337,0.1564
2025-08-27 11:10:00,24100,PE,351.68,349.06,343.04,347.49,80,46649,0.1581
2025-08-27 11:10:00,24150,CE,73.73,74.76,72.79,73.5,260,40098,0.1576
2025-08-27 11:10:00,24150,PE,400.53,401.52,398.57,401.33,523,39825,0.1616
2025-08-27 11:10:00,24200,CE,76.89,77.4,76.01,77.19,138,39677,0.1581
2025-08-27 11:10:00,24200,PE,450.36,444.99,436.66,444.43,613,37878,0.1574
2025-08-27 11:10:00,24250,CE,75.68,77.57,75.66,76.09,253,37383,0.1594
2025-08-27 11:10:00,24250,PE,504.69,522.97,500.93,502.14,566,38051,0.1599
2025-08-27 11:10:00,24300,CE,75.29,75.57,74.8,74.93,68,31356,0.1597
2025-08-27 11:10:00,24300,PE,542.56,545.78,542.7,543.58,134,32640,0.1568
2025-08-27 11:10:00,24350,CE,76.33,76.6,75.34,76.56,294,31608,0.1565
2025-08-27 11:10:00,24350,PE,606.02,608.31,601.11,603.68,434,37152,0.1604
2025-08-27 11:10:00,24400,CE,75.89,76.45,75.66,76.13,254,33033,0.1554
2025-08-27 11:10:00,24400,PE,652.17,651.42,643.03,650.44,234,30471,0.1583
2025-08-27 11:10:00,24450,CE,74.13,75.23,73.96,74.99,527,30284,0.1577
2025-08-27 11:10:00,24450,PE,697.32,710.11,695.37,702.68,237,24647,0.1608
2025-08-27 11:10:00,24500,CE,73.17,73.15,72.64,73.05,388,30566,0.1592
2025-08-27 11:10:00,24500,PE,751.35,754.17,748.5,748.78,91,25895,0.1578
2025-08-27 11:10:00,24550,CE,68.76,69.49,67.92,68.85,469,30957,0.1596
2025-08-27 11:10:00,24550,PE,787.44,811.13,787.28,792.01,289,24358,0.1578
2025-08-27 11:10:00,24600,CE,71.85,71.98,71.68,71.89,123,27829,0.1632
2025-08-27 11:10:00,24600,PE,855.41,848.48,837.88,844.94,457,22815,0.1552
2025-08-27 11:10:00,24650,CE,77.37,78.47,76.61,77.43,159,22481,0.1579
2025-08-27 11:10:00,24650,PE,899.26,904.74,890.69,899.97,309,23972,0.1588
2025-08-27 11:10:00,24700,CE,76.68,77.44,76.14,76.2,99,22377,0.1589
2025-08-27 11:10:00,24700,PE,947.08,951.6,939.4,944.41,147,26353,0.1587
2025-08-27 11:10:00,24750,CE,80.12,79.88,78.79,79.31,166,24179,0.1608
2025-08-27 11:10:00,24750,PE,990.1,1005.06,991.38,1001.47,189,21444,0.1578
2025-08-27 11:10:00,24800,CE,70.93,73.61,71.17,71.49,366,22835,0.157
2025-08-27 11:10:00,24800,PE,1032.37,1060.77,1032.62,1045.48,337,24674,0.1595
2025-08-27 11:10:00,24850,CE,72.34,73.17,72.59,73.11,252,23533,0.159
2025-08-27 11:10:00,24850,PE,1110.6,1133.74,1087.06,1100.37,371,19177,0.1544
2025-08-27 11:10:00,24900,CE,74.78,77.32,74.31,75.85,190,17625,0.157
2025-08-27 11:10:00,24900,PE,1142.79,1156.34,1148.79,1151.42,180,18467,0.1591
2025-08-27 11:15:00,23500,CE,357.82,367.4,361.28,362.73,829,48153,0.1552
2025-08-27 11:15:00,23500,PE,73.42,75.95,73.35,73.48,150,48899,0.1582
2025-08-27 11:15:00,23550,CE,316.45,321.72,314.2,315.47,925,49715,0.1626
2025-08-27 11:15:00,23550,PE,80.31,81.6,79.78,80.68,160,54512,0.1598
2025-08-27 11:15:00,23600,CE,260.79,258.22,256.24,257.85,823,60043,0.1557
2025-08-27 11:15:00,23600,PE,79.33,81.13,79.39,79.49,187,56177,0.1617
2025-08-27 11:15:00,23650,CE,213.18,212.74,210.05,212.13,452,62846,0.1585
2025-08-27 11:15:00,23650,PE,75.05,77.52,74.78,75.28,326,62672,0.1593
2025-08-27 11:15:00,23700,CE,165.79,165.56,163.29,164.97,961,70337,0.1566
2025-08-27 11:15:00,23700,PE,73.74,73.85,71.95,72.39,649,71003,0.1559
2025-08-27 11:15:00,23750,CE,106.81,108.6,108.3,108.36,1461,74371,0.1591
2025-08-27 11:15:00,23750,PE,72.74,73.39,72.67,72.96,315,80638,0.1583
2025-08-27 11:15:00,23800,CE,76.4,78.21,76.09,76.14,1191,77009,0.1601
2025-08-27 11:15:00,23800,PE,84.87,84.92,83.36,84.11,627,81620,0.1572
2025-08-27 11:15:00,23850,CE,73.9,74.87,74.68,74.76,1146,69800,0.1594
2025-08-27 11:15:00,23850,PE,136.66,136.56,132.9,135.41,1237,74770,0.1604
2025-08-27 11:15:00,23900,CE,73.91,74.83,73.36,74.17,620,62407,0.1571
2025-08-27 11:15:00,23900,PE,191.36,192.42,188.88,189.57,401,57609,0.158
2025-08-27 11:15:00,23950,CE,77.71,77.59,77.08,77.46,315,59279,0.1612
2025-08-27 11:15:00,23950,PE,239.05,240.84,234.98,236.66,465,55478,0.1575
2025-08-27 11:15:00,24000,CE,76.56,77.74,75.9,76.12,973,48164,0.1583
2025-08-27 11:15:00,24000,PE,280.81,289.95,283.5,284.27,40,50874,0.1593
2025-08-27 11:15:00,24050,CE,67.11,68.63,66.82,66.86,288,47703,0.1592
2025-08-27 11:15:00,24050,PE,336.58,338.58,333.32,336.35,624,50397,0.1585
2025-08-27 11:15:00,24100,CE,71.67,72.53,70.68,71.33,304,42994,0.159
2025-08-27 11:15:00,24100,PE,387.6,388.02,381.11,387.07,421,46591,0.1604
2025-08-27 11:15:00,24150,CE,76.63,76.8,74.41,75.5,756,39538,0.1602
2025-08-27 11:15:00,24150,PE,425.75,440.16,431.82,434.97,150,40182,0.1606
2025-08-27 11:15:00,24200,CE,74.36,74.24,73.24,73.7,686,39829,0.1584
2025-08-27 11:15:00,24200,PE,480.86,495.33,479.48,484.87,236,37528,0.1612
2025-08-27 11:15:00,24250,CE,75.91,76.92,75.72,76.0,571,37505,0.1538
2025-08-27 11:15:00,24250,PE,535.56,549.16,530.77,535.92,282,37975,0.1557
2025-08-27 11:15:00,24300,CE,74.13,74.67,72.99,73.77,102,31747,0.1584
2025-08-27 11:15:00,24300,PE,585.08,589.37,572.95,588.22,40,33220,0.1578
2025-08-27 11:15:00,24350,CE,72.71,74.29,72.6,73.33,107,31157,0.1576
2025-08-27 11:15:00,24350,PE,633.82,634.67,628.09,634.58,52,37140,0.1584
2025-08-27 11:15:00,24400,CE,76.53,77.78,76.68,76.82,40,32742,0.1593
2025-08-27 11:15:00,24400,PE,688.12,693.31,686.18,687.76,450,30770,0.1595
2025-08-27 11:15:00,24450,CE,69.25,71.02,69.11,69.64,187,29725,0.1595
2025-08-27 11:15:00,24450,PE,736.96,747.75,730.24,734.66,91,24700,0.1587
2025-08-27 11:15:00,24500,CE,75.54,77.98,75.37,75.75,239,30994,0.1566
2025-08-27 11:15:00,24500,PE,778.85,795.65,780.16,787.97,248,25762,0.1598
2025-08-27 11:15:00,24550,CE,77.17,79.25,78.56,78.63,303,31362,0.1579
2025-08-27 11:15:00,24550,PE,834.72,859.14,832.78,839.44,393,23934,0.1595
2025-08-27 11:15:00,24600,CE,74.77,76.7,75.03,75.89,196,28330,0.1606
2025-08-27 11:15:00,24600,PE,901.29,891.04,882.46,884.13,371,23164,0.1547
2025-08-27 11:15:00,24650,CE,76.82,77.81,77.74,77.8,56,22350,0.1567
2025-08-27 11:15:00,24650,PE,928.38,959.33,939.27,944.3,365,23528,0.1624
2025-08-27 11:15:00,24700,CE,76.12,76.16,74.63,75.49,303,22401,0.1597
2025-08-27 11:15:00,24700,PE,988.4,991.95,981.49,989.38,307,26557,0.1592
2025-08-27 11:15:00,24750,CE,68.59,69.77,68.14,69.65,44,23733,0.1542
2025-08-27 11:15:00,24750,PE,1025.26,1043.78,1034.39,1035.78,139,21963,0.1554
2025-08-27 11:15:00,24800,CE,81.68,83.03,80.66,81.61,363,23150,0.1592
2025-08-27 11:15:00,24800,PE,1097.33,1099.89,1076.32,1089.27,97,25215,0.1627
2025-08-27 11:15:00,24850,CE,73.47,75.3,72.62,73.77,269,23292,0.1603
2025-08-27 11:15:00,24850,PE,1137.52,1138.53,1134.97,1137.06,266,19097,0.1579
2025-08-27 11:15:00,24900,CE,73.46,73.7,73.14,73.18,174,17313,0.1565
2025-08-27 11:15:00,24900,PE,1184.83,1196.27,1176.22,1190.79,233,18195,0.1588
2025-08-27 11:20:00,23500,CE,369.46,374.99,371.89,372.87,810,47727,0.1603
2025-08-27 11:20:00,23500,PE,76.29,77.07,73.75,75.24,231,48449,0.157
2025-08-27 11:20:00,23550,CE,319.73,328.06,315.12,319.31,243,49919,0.16
2025-08-27 11:20:00,23550,PE,79.86,79.42,78.47,78.6,910,54100,0.1594
2025-08-27 11:20:00,23600,CE,265.25,269.62,261.84,266.19,250,59603,0.1559
2025-08-27 11:20:00,23600,PE,73.05,74.77,72.64,72.75,863,56218,0.1583
2025-08-27 11:20:00,23650,CE,214.72,217.88,214.72,217.55,445,63090,0.1623
2025-08-27 11:20:00,23650,PE,74.52,75.07,74.71,74.79,118,63005,0.1547
2025-08-27 11:20:00,23700,CE,162.05,166.61,161.6,163.13,148,70433,0.1555
2025-08-27 11:20:00,23700,PE,78.23,78.64,77.81,77.87,63,70644,0.1611
2025-08-27 11:20:00,23750,CE,113.15,113.19,112.86,113.12,986,74458,0.157
2025-08-27 11:20:00,23750,PE,73.93,75.49,74.0,74.37,714,80788,0.1571
2025-08-27 11:20:00,23800,CE,78.89,80.09,78.05,78.38,1467,76718,0.1612
2025-08-27 11:20:00,23800,PE,80.49,82.06,80.83,81.27,1701,81193,0.1617
2025-08-27 11:20:00,23850,CE,73.98,75.06,73.25,74.05,1456,70310,0.1616
2025-08-27 11:20:00,23850,PE,132.61,133.66,130.92,133.18,650,74285,0.157
2025-08-27 11:20:00,23900,CE,75.3,75.24,74.87,75.21,539,62139,0.1592
2025-08-27 11:20:00,23900,PE,185.72,187.42,183.01,184.25,759,57286,0.1572
2025-08-27 11:20:00,23950,CE,74.5,73.55,73.15,73.45,94,59749,0.1568
2025-08-27 11:20:00,23950,PE,230.8,232.03,228.64,230.84,996,55480,0.1572
2025-08-27 11:20:00,24000,CE,73.84,73.9,72.76,73.77,878,48711,0.1568
2025-08-27 11:20:00,24000,PE,277.04,279.24,276.17,278.71,947,51267,0.159
2025-08-27 11:20:00,24050,CE,80.96,81.75,79.52,80.0,55,48008,0.1591
2025-08-27 11:20:00,24050,PE,330.98,329.52,328.71,329.36,858,50009,0.1604
2025-08-27 11:20:00,24100,CE,73.66,75.89,73.98,74.43,69,42807,0.1558
2025-08-27 11:20:00,24100,PE,380.33,383.67,375.14,379.12,704,46975,0.1555
2025-08-27 11:20:00,24150,CE,74.68,74.86,73.52,74.62,464,40118,0.1592
2025-08-27 11:20:00,24150,PE,432.0,436.1,429.08,433.96,139,40635,0.159
2025-08-27 11:20:00,24200,CE,75.16,76.48,75.46,75.71,636,40367,0.1583
2025-08-27 11:20:00,24200,PE,481.3,500.65,478.65,482.8,221,37698,0.1594
2025-08-27 11:20:00,24250,CE,76.69,78.84,75.26,76.1,195,37484,0.1604
2025-08-27 11:20:00,24250,PE,524.42,538.29,525.03,530.76,653,37992,0.1594
2025-08-27 11:20:00,24300,CE,78.33,79.56,77.71,78.78,491,31697,0.1597
2025-08-27 11:20:00,24300,PE,580.47,590.24,581.17,584.95,10,32805,0.1561
2025-08-27 11:20:00,24350,CE,76.74,78.54,76.63,77.02,405,30923,0.1608
2025-08-27 11:20:00,24350,PE,635.95,643.21,631.95,635.12,193,36648,0.1579
2025-08-27 11:20:00,24400,CE,76.44,75.87,74.18,75.6,464,32248,0.1592
2025-08-27 11:20:00,24400,PE,677.02,693.69,683.1,683.16,307,30544,0.1596
2025-08-27 11:20:00,24450,CE,75.9,77.25,76.17,76.61,484,29924,0.1594
2025-08-27 11:20:00,24450,PE,730.4,740.08,735.26,736.07,44,24836,0.1591
2025-08-27 11:20:00,24500,CE,70.06,70.9,69.04,69.57,91,31065,0.1555
2025-08-27 11:20:00,24500,PE,781.93,786.49,772.36,780.23,129,26060,0.1589
2025-08-27 11:20:00,24550,CE,73.52,75.46,72.64,74.25,232,31269,0.1575
2025-08-27 11:20:00,24550,PE,835.72,840.15,824.45,830.58,424,23864,0.1584
2025-08-27 11:20:00,24600,CE,73.36,73.78,73.43,73.49,114,28351,0.1564
2025-08-27 11:20:00,24600,PE,872.98,884.43,880.36,881.32,374,22643,0.155
2025-08-27 11:20:00,24650,CE,71.43,72.55,70.5,71.16,129,22448,0.1541
2025-08-27 11:20:00,24650,PE,931.32,932.56,914.18,931.29,111,23828,0.1593
2025-08-27 11:20:00,24700,CE,71.43,72.82,69.99,71.12,30,22117,0.1591
2025-08-27 11:20:00,24700,PE,975.99,994.83,971.13,988.04,250,26982,0.1606
2025-08-27 11:20:00,24750,CE,75.56,75.28,74.43,74.71,147,23452,0.161
2025-08-27 11:20:00,24750,PE,1018.43,1055.05,1022.85,1026.96,375,21978,0.158
2025-08-27 11:20:00,24800,CE,74.92,75.22,73.56,74.26,83,23599,0.1553
2025-08-27 11:20:00,24800,PE,1077.72,1082.91,1079.31,1081.58,17,25500,0.1587
2025-08-27 11:20:00,24850,CE,79.56,79.97,78.83,79.75,339,23383,0.157
2025-08-27 11:20:00,24850,PE,1150.99,1134.26,1128.55,1131.16,342,19244,0.1583
2025-08-27 11:20:00,24900,CE,77.64,79.94,78.11,78.48,217,16843,0.1597
2025-08-27 11:20:00,24900,PE,1164.87,1183.95,1178.05,1182.1,69,18434,0.1608
2025-08-27 11:25:00,23500,CE,388.42,392.34,382.31,385.7,585,47861,0.1597
2025-08-27 11:25:00,23500,PE,72.9,72.44,72.24,72.43,189,47950,0.158
2025-08-27 11:25:00,23550,CE,328.91,333.91,326.01,329.09,93,49468,0.156
2025-08-27 11:25:00,23550,PE,70.18,70.41,69.65,70.28,215,54665,0.1568
2025-08-27 11:25:00,23600,CE,285.33,286.97,282.19,285.53,805,59216,0.1585
2025-08-27 11:25:00,23600,PE,79.9,80.36,80.09,80.11,327,56692,0.1613
2025-08-27 11:25:00,23650,CE,235.23,235.27,235.09,235.18,525,62821,0.1599
2025-08-27 11:25:00,23650,PE,78.28,80.05,78.52,78.74,389,62880,0.1612
2025-08-27 11:25:00,23700,CE,181.33,182.12,181.54,181.86,712,70499,0.1566
2025-08-27 11:25:00,23700,PE,72.99,75.3,73.51,73.67,699,70795,0.1583
2025-08-27 11:25:00,23750,CE,129.1,130.34,129.28,129.89,458,74455,0.1553
2025-08-27 11:25:00,23750,PE,77.57,77.93,76.89,76.91,1237,80606,0.1583
2025-08-27 11:25:00,23800,CE,83.13,83.96,83.44,83.54,1716,76716,0.1574
2025-08-27 11:25:00,23800,PE,77.95,79.35,78.34,78.46,674,81433,0.159
2025-08-27 11:25:00,23850,CE,79.33,79.66,79.19,79.63,627,70185,0.1576
2025-08-27 11:25:00,23850,PE,111.13,111.35,110.03,111.07,602,74339,0.1579
2025-08-27 11:25:00,23900,CE,76.6,78.43,76.56,77.25,77,61994,0.1576
2025-08-27 11:25:00,23900,PE,167.38,167.59,165.17,166.03,1044,57081,0.1567
2025-08-27 11:25:00,23950,CE,78.86,79.21,77.65,78.46,651,59507,0.1639
2025-08-27 11:25:00,23950,PE,216.21,222.53,216.68,216.85,1123,55148,0.1611
2025-08-27 11:25:00,24000,CE,71.28,71.82,71.56,71.61,831,49023,0.1581
2025-08-27 11:25:00,24000,PE,268.81,272.31,268.13,272.25,442,51847,0.1577
2025-08-27 11:25:00,24050,CE,78.99,78.62,78.25,78.5,949,47442,0.1603
2025-08-27 11:25:00,24050,PE,316.53,317.96,311.28,314.14,554,49644,0.1573
2025-08-27 11:25:00,24100,CE,81.52,82.85,81.37,81.39,876,43364,0.1606
2025-08-27 11:25:00,24100,PE,366.77,364.12,362.97,364.07,379,46785,0.1554
2025-08-27 11:25:00,24150,CE,71.66,71.73,71.34,71.61,663,39984,0.1582
2025-08-27 11:25:00,24150,PE,416.47,420.19,414.22,416.89,593,40830,0.1579
2025-08-27 11:25:00,24200,CE,77.12,79.35,77.86,78.41,220,40190,0.1572
2025-08-27 11:25:00,24200,PE,463.36,464.4,461.28,463.01,697,37689,0.1558
2025-08-27 11:25:00,24250,CE,76.58,79.13,75.55,77.17,296,37964,0.1586
2025-08-27 11:25:00,24250,PE,516.61,519.24,508.89,512.18,402,38069,0.1576
2025-08-27 11:25:00,24300,CE,75.86,78.25,76.85,77.16,259,31897,0.1588
2025-08-27 11:25:00,24300,PE,569.3,572.71,565.88,569.87,38,32465,0.1566
2025-08-27 11:25:00,24350,CE,81.79,82.59,81.85,81.93,502,30636,0.1618
2025-08-27 11:25:00,24350,PE,609.06,623.0,614.7,616.54,600,37117,0.1581
2025-08-27 11:25:00,24400,CE,74.44,74.36,73.31,73.34,225,32749,0.1599
2025-08-27 11:25:00,24400,PE,669.67,684.39,667.03,671.59,413,30912,0.1613
2025-08-27 11:25:00,24450,CE,71.2,73.35,70.95,71.22,260,29470,0.1572
2025-08-27 11:25:00,24450,PE,716.46,717.08,715.88,716.06,301,25218,0.1583
2025-08-27 11:25:00,24500,CE,77.76,77.58,76.71,77.32,54,30488,0.1621
2025-08-27 11:25:00,24500,PE,763.58,779.68,760.39,766.43,424,26175,0.1558
2025-08-27 11:25:00,24550,CE,78.89,78.6,78.13,78.46,259,31479,0.157
2025-08-27 11:25:00,24550,PE,818.41,819.94,812.97,815.35,338,23775,0.1583
2025-08-27 11:25:00,24600,CE,75.83,77.13,75.28,75.72,288,28326,0.1586
2025-08-27 11:25:00,24600,PE,865.79,879.22,866.12,866.44,102,22933,0.157
2025-08-27 11:25:00,24650,CE,72.51,73.19,71.85,72.76,172,22921,0.155
2025-08-27 11:25:00,24650,PE,937.02,937.97,917.14,918.51,181,23455,0.1586
2025-08-27 11:25:00,24700,CE,72.92,74.79,72.48,73.04,355,21683,0.1572
2025-08-27 11:25:00,24700,PE,978.07,977.05,965.03,966.86,422,27137,0.158
2025-08-27 11:25:00,24750,CE,76.58,77.64,76.05,77.27,200,23128,0.1597
2025-08-27 11:25:00,24750,PE,1006.86,1027.01,1016.54,1017.57,88,21611,0.1609
2025-08-27 11:25:00,24800,CE,76.3,76.06,74.07,75.36,329,23243,0.1583
2025-08-27 11:25:00,24800,PE,1080.93,1069.37,1060.93,1066.55,20,25136,0.1588
2025-08-27 11:25:00,24850,CE,80.8,81.29,80.18,81.05,233,23355,0.1629
2025-08-27 11:25:00,24850,PE,1107.08,1130.25,1107.01,1115.88,145,19801,0.1612
2025-08-27 11:25:00,24900,CE,74.68,74.74,74.36,74.49,129,17236,0.1573
2025-08-27 11:25:00,24900,PE,1191.71,1168.76,1161.65,1166.88,50,18486,0.1581
2025-08-27 11:30:00,23500,CE,381.46,381.11,374.96,381.02,124,47358,0.1583
2025-08-27 11:30:00,23500,PE,75.75,77.23,75.56,76.27,586,48157,0.1616
2025-08-27 11:30:00,23550,CE,329.45,331.54,331.24,331.42,544,49409,0.1619
2025-08-27 11:30:00,23550,PE,75.64,78.13,76.1,76.61,264,54999,0.1629
2025-08-27 11:30:00,23600,CE,279.05,278.22,273.81,278.13,209,59208,0.1583
2025-08-27 11:30:00,23600,PE,69.62,70.54,69.39,69.96,975,56893,0.156
2025-08-27 11:30:00,23650,CE,229.78,229.82,225.5,227.92,976,62461,0.1603
2025-08-27 11:30:00,23650,PE,70.01,70.66,70.01,70.2,48,63279,0.1601
2025-08-27 11:30:00,23700,CE,186.41,189.78,185.36,187.36,742,70834,0.1564
2025-08-27 11:30:00,23700,PE,75.83,77.3,75.45,75.83,1100,70643,0.1613
2025-08-27 11:30:00,23750,CE,126.78,130.33,127.14,128.55,187,75011,0.1596
2025-08-27 11:30:00,23750,PE,76.52,77.58,76.57,76.7,473,80198,0.1572
2025-08-27 11:30:00,23800,CE,84.68,86.69,84.65,84.97,1018,76140,0.1633
2025-08-27 11:30:00,23800,PE,73.16,73.17,72.38,72.68,132,81748,0.1617
2025-08-27 11:30:00,23850,CE,70.69,72.12,71.53,71.53,160,70305,0.1564
2025-08-27 11:30:00,23850,PE,113.77,115.44,114.09,114.09,718,73872,0.157
2025-08-27 11:30:00,23900,CE,76.88,77.52,76.86,77.18,1269,61585,0.1623
2025-08-27 11:30:00,23900,PE,169.97,175.15,168.24,169.06,882,56638,0.1609
2025-08-27 11:30:00,23950,CE,73.25,73.98,72.21,72.34,707,59107,0.1588
2025-08-27 11:30:00,23950,PE,224.72,224.0,223.57,223.63,1055,55101,0.1603
2025-08-27 11:30:00,24000,CE,72.09,74.32,72.48,73.06,26,48484,0.16
2025-08-27 11:30:00,24000,PE,269.24,271.02,266.66,269.74,583,51870,0.1585
2025-08-27 11:30:00,24050,CE,73.23,74.41,72.71,73.03,327,47568,0.1553
2025-08-27 11:30:00,24050,PE,317.84,318.99,316.06,318.26,766,49916,0.1592
2025-08-27 11:30:00,24100,CE,77.56,77.58,76.94,76.98,658,43899,0.1596
2025-08-27 11:30:00,24100,PE,369.94,369.64,367.95,369.16,191,46283,0.16
2025-08-27 11:30:00,24150,CE,79.1,79.1,77.84,78.93,109,39426,0.1599
2025-08-27 11:30:00,24150,PE,420.86,420.84,418.71,418.95,245,40396,0.1562
2025-08-27 11:30:00,24200,CE,72.47,73.71,72.43,73.03,686,39994,0.1565
2025-08-27 11:30:00,24200,PE,477.39,471.38,462.95,468.58,172,37719,0.1588
2025-08-27 11:30:00,24250,CE,72.01,72.24,70.78,71.67,304,37369,0.1574
2025-08-27 11:30:00,24250,PE,523.23,527.88,511.93,521.42,665,38299,0.1623
2025-08-27 11:30:00,24300,CE,73.86,74.78,73.75,74.27,536,32445,0.1583
2025-08-27 11:30:00,24300,PE,564.7,573.64,565.88,568.97,574,32164,0.1576
2025-08-27 11:30:00,24350,CE,74.39,73.47,73.2,73.4,466,30046,0.1603
2025-08-27 11:30:00,24350,PE,619.59,626.11,608.23,619.95,226,37420,0.1588
2025-08-27 11:30:00,24400,CE,70.72,71.76,70.72,71.25,404,33073,0.1554
2025-08-27 11:30:00,24400,PE,673.7,680.48,665.16,672.35,436,30364,0.1601
2025-08-27 11:30:00,24450,CE,72.33,73.19,72.27,72.79,320,29610,0.1589
2025-08-27 11:30:00,24450,PE,722.59,713.45,709.88,712.69,91,24909,0.1545
2025-08-27 11:30:00,24500,CE,79.02,81.8,79.35,79.78,254,30647,0.1612
2025-08-27 11:30:00,24500,PE,777.19,777.72,769.56,770.67,438,26446,0.1573
2025-08-27 11:30:00,24550,CE,72.85,74.43,73.13,73.3,477,31146,0.1552
2025-08-27 11:30:00,24550,PE,814.37,823.02,799.52,821.78,196,23487,0.1576
2025-08-27 11:30:00,24600,CE,81.47,82.07,81.36,81.88,416,28459,0.1588
2025-08-27 11:30:00,24600,PE,873.51,882.06,866.78,870.92,240,23031,0.157
2025-08-27 11:30:00,24650,CE,75.78,76.76,75.71,76.59,150,23384,0.1601
2025-08-27 11:30:00,24650,PE,925.55,937.48,917.1,918.23,276,23467,0.1604
2025-08-27 11:30:00,24700,CE,72.12,72.39,70.7,71.59,302,22042,0.1547
2025-08-27 11:30:00,24700,PE,985.14,983.14,965.61,968.4,172,27415,0.1556
2025-08-27 11:30:00,24750,CE,74.75,74.02,72.8,73.07,328,23326,0.1616
2025-08-27 11:30:00,24750,PE,1022.0,1027.67,1009.0,1016.26,53,21241,0.1582
2025-08-27 11:30:00,24800,CE,72.29,74.82,72.99,73.31,18,22974,0.1557
2025-08-27 11:30:00,24800,PE,1072.61,1084.72,1061.92,1069.21,70,25216,0.1567
2025-08-27 11:30:00,24850,CE,75.95,76.06,74.94,75.36,344,22834,0.1611
2025-08-27 11:30:00,24850,PE,1117.3,1116.01,1106.62,1115.99,112,19255,0.1558
2025-08-27 11:30:00,24900,CE,76.4,76.69,75.86,76.01,36,16695,0.1544
2025-08-27 11:30:00,24900,PE,1161.07,1163.36,1151.15,1160.58,223,18991,0.1548
2025-08-27 11:35:00,23500,CE,331.51,333.61,326.64,327.4,689,47584,0.1582
2025-08-27 11:35:00,23500,PE,67.64,69.13,67.59,68.05,161,48561,0.1567
2025-08-27 11:35:00,23550,CE,275.34,276.78,272.81,275.68,612,49965,0.1593
2025-08-27 11:35:00,23550,PE,72.27,71.75,70.26,71.61,418,55240,0.1614
2025-08-27 11:35:00,23600,CE,225.14,226.89,223.25,225.32,570,59226,0.1602
2025-08-27 11:35:00,23600,PE,75.79,77.21,75.54,76.44,140,56867,0.1617
2025-08-27 11:35:00,23650,CE,175.0,181.03,175.27,176.84,238,62756,0.1621
2025-08-27 11:35:00,23650,PE,70.69,72.66,70.49,71.16,942,63720,0.1617
2025-08-27 11:35:00,23700,CE,117.64,119.12,118.28,118.82,714,71229,0.1585
2025-08-27 11:35:00,23700,PE,79.34,80.97,79.35,79.59,1357,70634,0.159
2025-08-27 11:35:00,23750,CE,70.8,72.28,70.57,70.84,1701,75339,0.1561
2025-08-27 11:35:00,23750,PE,70.43,71.55,70.85,71.14,541,80169,0.1592
2025-08-27 11:35:00,23800,CE,74.68,75.23,74.57,75.21,176,76001,0.1578
2025-08-27 11:35:00,23800,PE,123.68,123.37,121.53,123.02,567,81505,0.1591
2025-08-27 11:35:00,23850,CE,80.19,82.09,80.6,80.75,485,69770,0.1597
2025-08-27 11:35:00,23850,PE,171.85,173.26,169.23,171.68,612,73513,0.1541
2025-08-27 11:35:00,23900,CE,73.34,75.88,73.46,74.45,282,61861,0.1599
2025-08-27 11:35:00,23900,PE,220.15,223.15,218.16,220.03,1041,56244,0.1586
2025-08-27 11:35:00,23950,CE,78.3,78.27,77.24,78.14,595,59588,0.1571
2025-08-27 11:35:00,23950,PE,267.86,273.81,267.37,269.89,643,54595,0.1567
2025-08-27 11:35:00,24000,CE,72.36,74.01,71.57,71.71,738,47945,0.1555
2025-08-27 11:35:00,24000,PE,328.29,333.17,328.46,329.95,591,51847,0.161
2025-08-27 11:35:00,24050,CE,74.39,74.49,73.94,74.09,463,47235,0.1585
2025-08-27 11:35:00,24050,PE,369.98,371.21,369.88,370.46,769,49439,0.158
2025-08-27 11:35:00,24100,CE,80.63,80.25,79.39,79.87,747,43370,0.1597
2025-08-27 11:35:00,24100,PE,427.53,433.68,427.52,427.8,251,46315,0.1591
2025-08-27 11:35:00,24150,CE,74.46,75.79,74.91,74.96,386,39137,0.157
2025-08-27 11:35:00,24150,PE,471.65,482.47,474.0,475.24,221,40462,0.161
2025-08-27 11:35:00,24200,CE,74.42,74.54,73.68,74.5,25,39571,0.1587
2025-08-27 11:35:00,24200,PE,521.14,526.65,519.99,522.35,278,37148,0.1585
2025-08-27 11:35:00,24250,CE,74.97,76.12,75.0,75.08,65,36801,0.1607
2025-08-27 11:35:00,24250,PE,572.94,587.02,575.73,575.87,527,37834,0.1607
2025-08-27 11:35:00,24300,CE,78.83,79.41,78.72,79.04,119,32800,0.1577
2025-08-27 11:35:00,24300,PE,633.4,622.27,614.12,621.11,266,32102,0.1564
2025-08-27 11:35:00,24350,CE,78.9,78.18,77.7,77.76,377,30194,0.1589
2025-08-27 11:35:00,24350,PE,682.35,674.44,665.22,674.32,240,37869,0.157
2025-08-27 11:35:00,24400,CE,78.01,78.49,76.99,77.08,129,32728,0.1602
2025-08-27 11:35:00,24400,PE,724.3,730.71,722.74,726.15,281,30809,0.1609
2025-08-27 11:35:00,24450,CE,77.35,77.18,76.2,76.98,459,29904,0.1592
2025-08-27 11:35:00,24450,PE,789.5,778.98,773.88,774.86,10,25183,0.1592
2025-08-27 11:35:00,24500,CE,73.98,73.95,72.99,73.53,86,31091,0.1574
2025-08-27 11:35:00,24500,PE,822.05,840.27,822.34,824.27,62,25997,0.158
2025-08-27 11:35:00,24550,CE,68.44,69.27,68.29,68.56,242,31194,0.1591
2025-08-27 11:35:00,24550,PE,883.45,876.45,870.17,870.84,162,23467,0.1592
2025-08-27 11:35:00,24600,CE,76.94,76.95,75.34,76.34,318,28655,0.1574
2025-08-27 11:35:00,24600,PE,925.95,926.48,911.62,920.92,317,22716,0.1619
2025-08-27 11:35:00,24650,CE,80.27,80.63,78.57,79.2,240,22936,0.1618
2025-08-27 11:35:00,24650,PE,979.57,977.42,949.55,974.07,108,24035,0.1551
2025-08-27 11:35:00,24700,CE,74.3,73.94,72.02,72.56,23,22000,0.1602
2025-08-27 11:35:00,24700,PE,1011.12,1022.32,1018.11,1020.32,204,27093,0.1575
2025-08-27 11:35:00,24750,CE,75.31,76.09,74.24,75.8,25,22880,0.1565
2025-08-27 11:35:00,24750,PE,1077.91,1080.1,1060.03,1071.4,287,21353,0.1595
2025-08-27 11:35:00,24800,CE,71.48,73.16,71.25,72.19,212,22551,0.1591
2025-08-27 11:35:00,24800,PE,1122.93,1136.25,1118.22,1123.55,207,24835,0.1555
2025-08-27 11:35:00,24850,CE,74.24,73.9,72.5,73.72,117,23376,0.1579
2025-08-27 11:35:00,24850,PE,1169.82,1178.56,1161.27,1172.41,165,18689,0.1574
2025-08-27 11:35:00,24900,CE,73.47,73.91,72.92,73.52,210,16319,0.1602
2025-08-27 11:35:00,24900,PE,1224.81,1230.07,1221.71,1224.07,7,19196,0.1599
2025-08-27 11:40:00,23500,CE,260.34,263.81,257.12,258.94,691,47244,0.1588
2025-08-27 11:40:00,23500,PE,73.27,74.57,72.85,73.69,806,48179,0.1605
2025-08-27 11:40:00,23550,CE,205.04,209.22,206.74,208.48,618,50032,0.1559
2025-08-27 11:40:00,23550,PE,69.95,70.77,69.69,69.87,154,55475,0.1645
2025-08-27 11:40:00,23600,CE,162.4,165.36,161.31,162.82,706,59142,0.1572
2025-08-27 11:40:00,23600,PE,74.66,75.34,73.93,74.66,1024,57204,0.1579
2025-08-27 11:40:00,23650,CE,109.35,112.97,112.34,112.41,803,63134,0.1565
2025-08-27 11:40:00,23650,PE,73.13,73.06,72.28,72.41,109,63867,0.1581
2025-08-27 11:40:00,23700,CE,73.06,72.77,71.83,72.5,494,71322,0.1555
2025-08-27 11:40:00,23700,PE,88.49,90.29,88.03,88.4,1074,71013,0.1601
2025-08-27 11:40:00,23750,CE,74.61,76.04,73.99,74.57,822,74757,0.1641
2025-08-27 11:40:00,23750,PE,136.66,136.19,134.78,135.43,1424,80181,0.1577
2025-08-27 11:40:00,23800,CE,76.74,77.64,76.72,76.73,173,75555,0.1599
2025-08-27 11:40:00,23800,PE,186.72,188.43,184.68,187.2,60,81170,0.1575
2025-08-27 11:40:00,23850,CE,75.75,76.12,74.66,75.28,315,70308,0.1584
2025-08-27 11:40:00,23850,PE,237.69,243.24,239.36,241.25,919,72917,0.1608
2025-08-27 11:40:00,23900,CE,68.17,69.86,68.35,68.94,352,61629,0.1552
2025-08-27 11:40:00,23900,PE,291.25,295.55,290.24,291.79,464,55829,0.1621
2025-08-27 11:40:00,23950,CE,72.74,72.06,71.86,71.93,257,59672,0.1586
2025-08-27 11:40:00,23950,PE,341.23,345.55,340.14,340.9,485,55008,0.1611
2025-08-27 11:40:00,24000,CE,75.81,76.83,75.09,76.16,780,47814,0.1567
2025-08-27 11:40:00,24000,PE,385.56,397.46,385.28,388.98,688,52251,0.1595
2025-08-27 11:40:00,24050,CE,74.59,75.02,74.08,74.18,277,47163,0.1599
2025-08-27 11:40:00,24050,PE,445.89,452.48,444.09,444.56,492,49929,0.162
2025-08-27 11:40:00,24100,CE,77.24,78.98,77.96,77.96,560,43786,0.1605
2025-08-27 11:40:00,24100,PE,487.09,497.85,488.13,488.94,574,45929,0.1561
2025-08-27 11:40:00,24150,CE,81.81,82.61,81.81,82.01,152,39599,0.159
2025-08-27 11:40:00,24150,PE,544.29,535.88,524.53,535.51,307,40093,0.1583
2025-08-27 11:40:00,24200,CE,78.28,77.79,77.69,77.75,195,39559,0.1585
2025-08-27 11:40:00,24200,PE,597.3,609.08,590.62,594.88,354,36783,0.1581
2025-08-27 11:40:00,24250,CE,69.51,70.39,68.98,70.36,156,36664,0.1556
2025-08-27 11:40:00,24250,PE,638.11,644.3,638.8,639.35,134,38416,0.1555
2025-08-27 11:40:00,24300,CE,72.1,72.5,71.65,72.07,20,33118,0.1604
2025-08-27 11:40:00,24300,PE,670.2,684.34,679.94,683.7,170,32166,0.1539
2025-08-27 11:40:00,24350,CE,70.67,70.66,69.81,70.59,168,30716,0.1566
2025-08-27 11:40:00,24350,PE,740.87,738.45,722.68,737.56,515,37700,0.1577
2025-08-27 11:40:00,24400,CE,69.68,70.91,69.03,69.47,22,32335,0.1578
2025-08-27 11:40:00,24400,PE,803.44,804.56,792.03,796.27,362,31203,0.16
2025-08-27 11:40:00,24450,CE,76.17,76.77,75.99,76.02,26,29318,0.1573
2025-08-27 11:40:00,24450,PE,839.61,839.34,827.5,836.77,239,25548,0.1571
2025-08-27 11:40:00,24500,CE,69.23,69.86,69.42,69.74,352,30517,0.1609
2025-08-27 11:40:00,24500,PE,892.61,903.53,890.33,890.51,451,25738,0.1554
2025-08-27 11:40:00,24550,CE,74.33,74.96,72.5,73.82,105,31020,0.1587
2025-08-27 11:40:00,24550,PE,938.79,943.77,931.11,940.93,332,23249,0.156
2025-08-27 11:40:00,24600,CE,75.79,78.02,76.48,76.78,273,28347,0.1628
2025-08-27 11:40:00,24600,PE,979.79,1011.29,987.47,990.82,55,22245,0.1564
2025-08-27 11:40:00,24650,CE,69.7,70.6,68.75,69.17,180,22339,0.1594
2025-08-27 11:40:00,24650,PE,1047.27,1042.05,1029.68,1037.82,227,24364,0.1575
2025-08-27 11:40:00,24700,CE,76.88,77.43,74.86,76.52,220,21948,0.1588
2025-08-27 11:40:00,24700,PE,1089.1,1106.07,1084.38,1088.65,71,26687,0.1561
2025-08-27 11:40:00,24750,CE,76.11,75.84,75.57,75.77,48,22378,0.1587
2025-08-27 11:40:00,24750,PE,1162.53,1143.56,1139.47,1139.49,212,21087,0.1586
2025-08-27 11:40:00,24800,CE,72.76,73.78,73.61,73.75,239,22376,0.1551
2025-08-27 11:40:00,24800,PE,1187.79,1212.81,1187.13,1196.56,119,24788,0.1598
2025-08-27 11:40:00,24850,CE,74.69,76.18,74.23,75.03,129,22897,0.1597
2025-08-27 11:40:00,24850,PE,1226.02,1249.09,1218.77,1245.41,14,19264,0.1584
2025-08-27 11:40:00,24900,CE,72.55,71.8,71.28,71.47,40,16041,0.1561
2025-08-27 11:40:00,24900,PE,1291.26,1298.05,1278.37,1292.06,139,19125,0.1581
2025-08-27 11:45:00,23500,CE,295.01,293.29,293.19,293.25,755,47494,0.1558
2025-08-27 11:45:00,23500,PE,73.49,74.17,72.88,73.41,614,47951,0.1623
2025-08-27 11:45:00,23550,CE,250.5,254.65,248.8,251.34,1063,49530,0.1599
2025-08-27 11:45:00,23550,PE,76.02,77.36,75.5,76.11,358,55326,0.1609
2025-08-27 11:45:00,23600,CE,194.0,194.95,191.08,193.26,452,59205,0.1566
2025-08-27 11:45:00,23600,PE,75.72,77.48,75.23,75.8,83,57614,0.1624
2025-08-27 11:45:00,23650,CE,146.55,150.56,147.54,147.79,249,62975,0.1582
2025-08-27 11:45:00,23650,PE,71.58,72.08,70.95,71.63,843,64334,0.1572
2025-08-27 11:45:00,23700,CE,94.86,94.4,92.57,93.49,947,71377,0.1603
2025-08-27 11:45:00,23700,PE,77.05,76.6,75.27,76.03,434,71273,0.1617
2025-08-27 11:45:00,23750,CE,76.87,77.62,77.23,77.47,922,74193,0.1547
2025-08-27 11:45:00,23750,PE,109.37,110.31,108.63,109.07,697,80655,0.1592
2025-08-27 11:45:00,23800,CE,76.21,77.0,76.29,76.74,1203,75211,0.1615
2025-08-27 11:45:00,23800,PE,148.59,151.09,148.09,148.24,1041,80961,0.1549
2025-08-27 11:45:00,23850,CE,73.17,74.81,72.67,72.81,939,70336,0.1582
2025-08-27 11:45:00,23850,PE,202.63,206.59,204.04,205.15,407,73468,0.1571
2025-08-27 11:45:00,23900,CE,69.47,70.14,68.86,69.26,277,61443,0.1538
2025-08-27 11:45:00,23900,PE,251.74,249.98,248.4,249.94,1021,55493,0.1596
2025-08-27 11:45:00,23950,CE,77.99,80.29,78.22,78.57,207,60224,0.1577
2025-08-27 11:45:00,23950,PE,300.34,306.01,299.33,299.75,484,55378,0.1612
2025-08-27 11:45:00,24000,CE,72.69,73.5,72.94,72.95,93,48010,0.157
2025-08-27 11:45:00,24000,PE,351.63,352.38,346.0,349.65,106,52142,0.1589
2025-08-27 11:45:00,24050,CE,74.28,74.74,73.47,73.62,177,47067,0.1577
2025-08-27 11:45:00,24050,PE,409.08,410.67,405.18,409.11,330,50469,0.1558
2025-08-27 11:45:00,24100,CE,78.65,78.79,78.46,78.49,507,43268,0.1568
2025-08-27 11:45:00,24100,PE,451.16,457.05,451.42,456.96,376,46238,0.1611
2025-08-27 11:45:00,24150,CE,71.38,73.96,71.89,72.47,353,39720,0.1588
2025-08-27 11:45:00,24150,PE,495.26,505.32,495.84,497.32,367,40655,0.1571
2025-08-27 11:45:00,24200,CE,84.44,87.02,84.43,84.97,437,39629,0.1603
2025-08-27 11:45:00,24200,PE,553.3,557.85,554.54,557.84,622,36519,0.1572
2025-08-27 11:45:00,24250,CE,77.08,78.38,76.41,76.51,469,36999,0.1543
2025-08-27 11:45:00,24250,PE,607.65,613.15,597.94,607.4,235,38998,0.1597
2025-08-27 11:45:00,24300,CE,76.66,75.68,74.73,75.03,178,33606,0.1592
2025-08-27 11:45:00,24300,PE,657.41,658.67,651.66,654.7,20,31919,0.1576
2025-08-27 11:45:00,24350,CE,69.47,70.3,69.01,69.77,174,30531,0.1579
2025-08-27 11:45:00,24350,PE,697.99,711.88,690.89,699.18,245,38005,0.158
2025-08-27 11:45:00,24400,CE,72.07,73.9,71.98,72.78,229,32452,0.158
2025-08-27 11:45:00,24400,PE,753.08,754.33,745.96,751.98,67,30616,0.1577
2025-08-27 11:45:00,24450,CE,78.49,78.87,77.96,78.34,200,28888,0.1582
2025-08-27 11:45:00,24450,PE,805.19,817.5,792.86,805.54,61,25050,0.1608
2025-08-27 11:45:00,24500,CE,77.17,77.35,76.54,77.23,134,30131,0.157
2025-08-27 11:45:00,24500,PE,847.65,856.45,844.72,849.98,75,25503,0.1568
2025-08-27 11:45:00,24550,CE,75.17,76.48,74.84,75.31,120,31580,0.1578
2025-08-27 11:45:00,24550,PE,904.72,904.93,901.39,902.41,291,23460,0.1596
2025-08-27 11:45:00,24600,CE,73.77,74.07,72.62,73.37,298,27812,0.1583
2025-08-27 11:45:00,24600,PE,959.6,967.11,940.37,952.21,216,22373,0.1552
2025-08-27 11:45:00,24650,CE,75.74,76.37,74.69,75.54,389,22262,0.1592
2025-08-27 11:45:00,24650,PE,1009.58,1029.64,999.67,1008.38,118,24668,0.1646
2025-08-27 11:45:00,24700,CE,75.95,75.56,75.04,75.41,78,22408,0.1599
2025-08-27 11:45:00,24700,PE,1050.38,1069.21,1053.76,1054.06,146,26165,0.1568
2025-08-27 11:45:00,24750,CE,72.64,73.02,71.15,71.89,138,22953,0.1578
2025-08-27 11:45:00,24750,PE,1111.98,1106.97,1096.16,1098.3,168,20556,0.1574
2025-08-27 11:45:00,24800,CE,70.92,72.14,70.83,71.13,141,22654,0.1557
2025-08-27 11:45:00,24800,PE,1150.94,1155.37,1148.46,1151.88,25,25271,0.1549
2025-08-27 11:45:00,24850,CE,70.71,72.08,71.31,71.48,268,23199,0.1559
2025-08-27 11:45:00,24850,PE,1187.09,1212.8,1207.48,1208.61,268,18844,0.1549
2025-08-27 11:45:00,24900,CE,75.92,76.23,74.96,75.31,276,15690,0.1585
2025-08-27 11:45:00,24900,PE,1261.73,1252.3,1247.87,1251.67,57,18574,0.1589
2025-08-27 11:50:00,23500,CE,277.23,278.17,275.1,275.27,165,47051,0.1602
2025-08-27 11:50:00,23500,PE,75.39,75.8,74.75,75.01,930,47424,0.1599
2025-08-27 11:50:00,23550,CE,226.72,229.03,225.64,227.32,766,48994,0.1568
2025-08-27 11:50:00,23550,PE,73.16,73.49,71.44,72.12,1129,55400,0.161
2025-08-27 11:50:00,23600,CE,172.47,178.11,174.02,174.25,694,58697,0.1599
2025-08-27 11:50:00,23600,PE,75.03,76.57,74.99,75.27,1157,57524,0.1606
2025-08-27 11:50:00,23650,CE,122.75,125.39,122.19,122.84,236,63226,0.1609
2025-08-27 11:50:00,23650,PE,77.17,76.54,76.34,76.35,1449,63752,0.1612
2025-08-27 11:50:00,23700,CE,78.54,78.96,78.32,78.35,384,71543,0.1601
2025-08-27 11:50:00,23700,PE,75.73,77.54,74.88,76.49,138,71581,0.1584
2025-08-27 11:50:00,23750,CE,75.04,75.41,73.95,75.07,934,74237,0.158
2025-08-27 11:50:00,23750,PE,122.83,125.0,122.49,123.39,513,80625,0.1548
2025-08-27 11:50:00,23800,CE,76.46,77.0,75.4,76.46,128,75488,0.1638
2025-08-27 11:50:00,23800,PE,174.54,177.17,176.05,176.1,816,80996,0.1584
2025-08-27 11:50:00,23850,CE,73.23,73.34,72.74,73.29,915,70347,0.1595
2025-08-27 11:50:00,23850,PE,230.96,232.58,228.47,230.43,480,73830,0.1579
2025-08-27 11:50:00,23900,CE,75.71,74.51,73.98,74.45,974,61848,0.1576
2025-08-27 11:50:00,23900,PE,268.5,276.8,271.6,275.29,540,55335,0.1597
2025-08-27 11:50:00,23950,CE,75.18,77.06,75.43,75.53,136,60122,0.1592
2025-08-27 11:50:00,23950,PE,328.82,333.65,329.41,330.0,787,55738,0.1589
2025-08-27 11:50:00,24000,CE,74.12,74.28,73.5,73.72,123,48063,0.1595
2025-08-27 11:50:00,24000,PE,382.34,381.97,380.53,381.73,581,52366,0.1594
2025-08-27 11:50:00,24050,CE,75.54,76.68,75.25,75.6,696,46557,0.156
2025-08-27 11:50:00,24050,PE,430.18,439.78,427.83,429.31,375,49983,0.1608
2025-08-27 11:50:00,24100,CE,80.45,80.2,80.02,80.14,536,43306,0.1602
2025-08-27 11:50:00,24100,PE,473.58,485.36,473.71,478.82,324,46621,0.1591
2025-08-27 11:50:00,24150,CE,75.31,77.96,75.14,75.84,581,39499,0.1556
2025-08-27 11:50:00,24150,PE,535.38,534.36,526.26,530.31,560,41207,0.1613
2025-08-27 11:50:00,24200,CE,73.38,74.16,73.5,73.54,43,39941,0.1555
2025-08-27 11:50:00,24200,PE,577.08,590.38,571.69,579.26,83,36857,0.1587
2025-08-27 11:50:00,24250,CE,80.25,81.69,80.06,80.79,412,37399,0.1613
2025-08-27 11:50:00,24250,PE,630.72,632.8,620.07,627.75,350,38703,0.1584
2025-08-27 11:50:00,24300,CE,74.54,75.58,74.92,75.04,398,33402,0.1586
2025-08-27 11:50:00,24300,PE,676.35,674.05,656.85,673.87,26,31461,0.1608
2025-08-27 11:50:00,24350,CE,72.67,73.08,72.35,72.95,469,30387,0.1593
2025-08-27 11:50:00,24350,PE,726.1,730.24,706.0,719.18,84,37447,0.1549
2025-08-27 11:50:00,24400,CE,68.92,69.9,68.46,69.12,28,32753,0.1561
2025-08-27 11:50:00,24400,PE,780.59,787.69,775.8,778.05,73,30979,0.1587
2025-08-27 11:50:00,24450,CE,71.62,73.38,71.83,72.09,274,28544,0.1541
2025-08-27 11:50:00,24450,PE,820.64,839.38,827.49,828.52,438,25037,0.1575
2025-08-27 11:50:00,24500,CE,77.11,79.29,76.72,77.23,187,30337,0.1594
2025-08-27 11:50:00,24500,PE,873.16,886.79,871.48,876.13,307,25794,0.1568
2025-08-27 11:50:00,24550,CE,82.46,83.82,81.96,82.89,274,32143,0.1646
2025-08-27 11:50:00,24550,PE,925.59,935.25,910.66,921.5,188,23100,0.1556
2025-08-27 11:50:00,24600,CE,74.1,74.88,73.43,74.06,59,27508,0.1559
2025-08-27 11:50:00,24600,PE,969.18,989.71,975.55,976.39,329,22797,0.1576
2025-08-27 11:50:00,24650,CE,74.27,74.69,73.57,74.42,123,21778,0.1568
2025-08-27 11:50:00,24650,PE,1020.71,1032.67,1018.21,1025.2,294,25011,0.1591
2025-08-27 11:50:00,24700,CE,76.2,78.23,75.48,76.5,27,21968,0.1607
2025-08-27 11:50:00,24700,PE,1066.32,1081.1,1071.19,1078.11,135,26122,0.1576
2025-08-27 11:50:00,24750,CE,72.7,73.84,72.86,73.38,47,23063,0.1548
2025-08-27 11:50:00,24750,PE,1124.64,1125.24,1108.47,1120.03,189,20877,0.1555
2025-08-27 11:50:00,24800,CE,75.63,77.59,74.74,75.97,345,22191,0.1591
2025-08-27 11:50:00,24800,PE,1184.42,1181.06,1174.14,1178.61,167,25659,0.16
2025-08-27 11:50:00,24850,CE,78.38,78.38,77.01,77.9,8,23619,0.1574
2025-08-27 11:50:00,24850,PE,1225.09,1231.58,1207.01,1230.61,142,19196,0.1589
2025-08-27 11:50:00,24900,CE,74.71,73.19,71.94,73.07,205,16214,0.1588
2025-08-27 11:50:00,24900,PE,1282.99,1309.07,1251.52,1280.28,55,19020,0.1592
2025-08-27 11:55:00,23500,CE,307.79,310.18,308.47,308.57,559,47372,0.1582
2025-08-27 11:55:00,23500,PE,74.8,74.95,73.21,74.43,758,47519,0.1605
2025-08-27 11:55:00,23550,CE,260.08,259.83,251.0,255.91,499,49364,0.1586
2025-08-27 11:55:00,23550,PE,76.76,77.93,77.09,77.32,555,55970,0.1575
2025-08-27 11:55:00,23600,CE,211.03,211.94,210.15,210.42,815,58861,0.1602
2025-08-27 11:55:00,23600,PE,75.58,76.15,75.62,75.7,715,57215,0.1613
2025-08-27 11:55:00,23650,CE,159.48,161.37,158.51,160.04,1039,62923,0.1609
2025-08-27 11:55:00,23650,PE,76.05,76.98,75.58,76.25,857,64107,0.1585
2025-08-27 11:55:00,23700,CE,106.72,106.71,104.56,105.83,736,72130,0.1596
2025-08-27 11:55:00,23700,PE,72.76,75.0,73.8,74.47,283,71233,0.1574
2025-08-27 11:55:00,23750,CE,71.04,71.08,70.83,71.05,535,74801,0.1583
2025-08-27 11:55:00,23750,PE,93.63,93.08,91.92,93.04,923,80346,0.1591
2025-08-27 11:55:00,23800,CE,76.02,75.65,75.12,75.51,1406,75383,0.1603
2025-08-27 11:55:00,23800,PE,138.38,139.61,137.5,138.51,405,81485,0.1584
2025-08-27 11:55:00,23850,CE,71.72,73.57,71.5,72.2,213,70901,0.1584
2025-08-27 11:55:00,23850,PE,190.11,188.85,188.04,188.5,77,73910,0.1582
2025-08-27 11:55:00,23900,CE,73.02,75.2,72.93,73.5,664,62388,0.1563
2025-08-27 11:55:00,23900,PE,244.36,244.44,242.63,244.31,1049,55745,0.1608
2025-08-27 11:55:00,23950,CE,80.94,81.66,80.44,80.75,929,60561,0.1589
2025-08-27 11:55:00,23950,PE,289.98,292.97,285.98,287.19,527,56179,0.1549
2025-08-27 11:55:00,24000,CE,80.28,79.06,78.44,78.8,713,47926,0.1599
2025-08-27 11:55:00,24000,PE,338.7,340.95,334.83,338.33,811,51802,0.1557
2025-08-27 11:55:00,24050,CE,68.85,69.89,69.11,69.29,98,46154,0.1524
2025-08-27 11:55:00,24050,PE,393.05,403.54,392.8,395.46,456,49472,0.1578
2025-08-27 11:55:00,24100,CE,77.24,78.21,76.95,77.71,184,42996,0.1597
2025-08-27 11:55:00,24100,PE,441.06,443.27,438.2,440.92,198,46087,0.1598
2025-08-27 11:55:00,24150,CE,83.42,85.08,83.54,84.2,171,39231,0.161
2025-08-27 11:55:00,24150,PE,483.63,492.39,483.07,490.29,549,41313,0.1545
2025-08-27 11:55:00,24200,CE,70.25,72.82,71.2,71.43,218,39510,0.1567
2025-08-27 11:55:00,24200,PE,537.57,550.03,533.49,537.91,350,36635,0.157
2025-08-27 11:55:00,24250,CE,72.06,71.22,70.96,71.06,442,37067,0.159
2025-08-27 11:55:00,24250,PE,586.35,598.92,581.74,590.16,628,38217,0.1582
2025-08-27 11:55:00,24300,CE,73.13,73.8,72.55,73.0,496,33613,0.1579
2025-08-27 11:55:00,24300,PE,641.29,645.21,633.85,641.59,402,31932,0.1586
2025-08-27 11:55:00,24350,CE,81.77,83.44,82.21,82.54,257,30646,0.1596
2025-08-27 11:55:00,24350,PE,700.39,702.87,690.58,692.56,300,37668,0.1581
2025-08-27 11:55:00,24400,CE,81.09,82.9,80.75,81.29,296,33332,0.1602
2025-08-27 11:55:00,24400,PE,737.25,740.56,736.56,738.08,177,31256,0.1577
2025-08-27 11:55:00,24450,CE,75.94,76.04,75.34,75.82,90,28000,0.1552
2025-08-27 11:55:00,24450,PE,792.46,797.36,777.89,786.77,356,24698,0.1572
2025-08-27 11:55:00,24500,CE,73.79,73.78,73.49,73.75,15,30501,0.1583
2025-08-27 11:55:00,24500,PE,838.64,861.4,838.26,840.68,296,25960,0.1542
2025-08-27 11:55:00,24550,CE,75.12,75.52,74.38,74.71,211,32542,0.1579
2025-08-27 11:55:00,24550,PE,884.53,897.25,883.92,891.03,13,22690,0.1584
2025-08-27 11:55:00,24600,CE,80.94,79.31,78.5,79.2,169,28085,0.1581
2025-08-27 11:55:00,24600,PE,946.58,947.26,928.68,938.48,317,22816,0.1572
2025-08-27 11:55:00,24650,CE,81.82,81.37,80.52,81.29,398,22282,0.162
2025-08-27 11:55:00,24650,PE,983.07,1009.97,984.32,988.31,50,25046,0.1569
2025-08-27 11:55:00,24700,CE,74.4,74.78,73.23,73.79,382,21592,0.1608
2025-08-27 11:55:00,24700,PE,1044.68,1064.68,1035.69,1041.97,69,25943,0.1594
2025-08-27 11:55:00,24750,CE,75.44,75.99,74.79,75.48,374,22728,0.1578
2025-08-27 11:55:00,24750,PE,1098.37,1103.7,1089.59,1096.22,247,20594,0.1618
2025-08-27 11:55:00,24800,CE,77.31,76.9,76.31,76.81,275,22659,0.1601
2025-08-27 11:55:00,24800,PE,1148.75,1145.78,1138.87,1141.87,20,25511,0.159
2025-08-27 11:55:00,24850,CE,71.94,72.82,71.06,72.13,210,23238,0.1596
2025-08-27 11:55:00,24850,PE,1176.08,1192.49,1174.23,1183.99,229,19033,0.1552
2025-08-27 11:55:00,24900,CE,67.37,69.01,67.08,68.34,17,16354,0.1565
2025-08-27 11:55:00,24900,PE,1248.03,1258.83,1231.77,1239.86,18,18661,0.1584
2025-08-27 12:00:00,23500,CE,310.19,312.57,308.16,310.06,172,46833,0.1561
2025-08-27 12:00:00,23500,PE,78.68,79.38,78.3,78.88,409,47965,0.1594
2025-08-27 12:00:00,23550,CE,261.35,263.98,262.67,262.87,341,49051,0.16
2025-08-27 12:00:00,23550,PE,73.36,76.15,73.68,73.98,873,56493,0.1579
2025-08-27 12:00:00,23600,CE,212.86,213.7,211.99,212.99,377,58317,0.1574
2025-08-27 12:00:00,23600,PE,73.4,73.63,73.23,73.44,923,57396,0.1557
2025-08-27 12:00:00,23650,CE,160.14,163.62,160.41,161.71,1370,63121,0.1606
2025-08-27 12:00:00,23650,PE,77.37,77.13,76.66,76.76,1278,63694,0.1606
2025-08-27 12:00:00,23700,CE,106.59,108.26,106.47,107.4,284,72328,0.16
2025-08-27 12:00:00,23700,PE,74.54,75.65,73.9,74.39,1197,71098,0.1571
2025-08-27 12:00:00,23750,CE,75.43,75.03,74.56,74.98,754,74659,0.1583
2025-08-27 12:00:00,23750,PE,89.71,90.96,89.39,89.65,108,80798,0.1606
2025-08-27 12:00:00,23800,CE,66.6,67.97,67.02,67.13,1329,75925,0.1546
2025-08-27 12:00:00,23800,PE,132.94,133.41,132.65,132.86,749,81089,0.1569
2025-08-27 12:00:00,23850,CE,68.74,69.44,68.54,68.82,528,71121,0.1583
2025-08-27 12:00:00,23850,PE,183.74,188.61,185.41,186.02,238,73495,0.1573
2025-08-27 12:00:00,23900,CE,76.79,77.66,76.9,76.91,1123,61830,0.1617
2025-08-27 12:00:00,23900,PE,246.58,245.52,240.22,244.84,684,55324,0.1589
2025-08-27 12:00:00,23950,CE,75.99,77.29,74.51,75.65,38,60722,0.1561
2025-08-27 12:00:00,23950,PE,286.74,290.04,285.29,287.87,200,56450,0.159
2025-08-27 12:00:00,24000,CE,70.39,72.21,70.14,70.87,763,47934,0.1591
2025-08-27 12:00:00,24000,PE,338.58,339.7,332.19,337.61,166,52343,0.1594
2025-08-27 12:00:00,24050,CE,75.85,76.06,74.7,75.23,323,46471,0.1572
2025-08-27 12:00:00,24050,PE,391.04,397.08,388.97,390.9,174,49065,0.1592
2025-08-27 12:00:00,24100,CE,77.33,78.21,76.72,77.52,529,42645,0.1589
2025-08-27 12:00:00,24100,PE,438.93,438.45,437.41,437.82,421,46202,0.1621
2025-08-27 12:00:00,24150,CE,75.02,76.52,74.68,74.97,98,39030,0.1612
2025-08-27 12:00:00,24150,PE,485.86,493.26,485.2,490.46,149,40714,0.158
2025-08-27 12:00:00,24200,CE,81.58,83.86,80.59,80.93,640,38939,0.161
2025-08-27 12:00:00,24200,PE,537.7,542.33,536.61,538.46,561,36524,0.156
2025-08-27 12:00:00,24250,CE,72.55,74.19,72.74,73.03,182,37095,0.1575
2025-08-27 12:00:00,24250,PE,588.02,588.63,587.11,588.35,579,38400,0.1577
2025-08-27 12:00:00,24300,CE,77.69,78.9,77.49,77.62,56,33928,0.1587
2025-08-27 12:00:00,24300,PE,639.51,649.91,637.94,641.6,455,32494,0.1608
2025-08-27 12:00:00,24350,CE,76.46,77.79,75.82,76.21,120,31052,0.1579
2025-08-27 12:00:00,24350,PE,685.57,709.57,681.92,691.14,213,37495,0.1609
2025-08-27 12:00:00,24400,CE,78.01,80.02,77.63,77.87,339,33373,0.1574
2025-08-27 12:00:00,24400,PE,737.12,752.61,734.02,738.81,128,30915,0.1569
2025-08-27 12:00:00,24450,CE,73.96,75.5,74.16,74.9,330,28562,0.1531
2025-08-27 12:00:00,24450,PE,780.98,801.66,789.83,791.02,122,24740,0.1573
2025-08-27 12:00:00,24500,CE,78.05,79.73,77.41,77.63,152,30200,0.1579
2025-08-27 12:00:00,24500,PE,849.49,857.13,838.79,842.66,383,26228,0.1609
2025-08-27 12:00:00,24550,CE,71.57,74.01,71.93,72.09,223,32527,0.1546
2025-08-27 12:00:00,24550,PE,882.48,905.63,889.96,892.06,199,23286,0.1628
2025-08-27 12:00:00,24600,CE,76.89,78.07,73.61,76.0,414,27574,0.1578
2025-08-27 12:00:00,24600,PE,941.87,939.99,931.05,938.95,358,22618,0.1618
2025-08-27 12:00:00,24650,CE,77.5,78.72,76.83,77.9,276,22812,0.1604
2025-08-27 12:00:00,24650,PE,978.91,1001.8,984.93,985.71,180,24999,0.1565
2025-08-27 12:00:00,24700,CE,71.72,72.1,71.4,72.01,254,21366,0.1563
2025-08-27 12:00:00,24700,PE,1041.38,1050.44,1031.5,1038.27,110,26068,0.1568
2025-08-27 12:00:00,24750,CE,71.93,71.88,71.28,71.53,85,22925,0.1572
2025-08-27 12:00:00,24750,PE,1095.39,1092.08,1089.24,1089.56,101,20105,0.1572
2025-08-27 12:00:00,24800,CE,79.89,79.95,78.1,78.39,43,22370,0.1604
2025-08-27 12:00:00,24800,PE,1130.98,1152.55,1137.72,1141.15,43,25281,0.1582
2025-08-27 12:00:00,24850,CE,69.43,71.24,68.99,70.03,153,22932,0.1567
2025-08-27 12:00:00,24850,PE,1177.64,1186.29,1180.32,1184.07,194,18892,0.1552
2025-08-27 12:00:00,24900,CE,75.21,75.0,74.54,74.8,32,16155,0.1564
2025-08-27 12:00:00,24900,PE,1256.28,1255.86,1222.32,1238.2,9,18938,0.1581
2025-08-27 12:05:00,23500,CE,329.25,328.22,327.77,328.11,424,46951,0.1591
2025-08-27 12:05:00,23500,PE,80.03,81.95,81.35,81.37,147,47880,0.1593
2025-08-27 12:05:00,23550,CE,284.25,282.83,280.55,282.64,841,48691,0.1645
2025-08-27 12:05:00,23550,PE,76.75,77.79,76.12,77.17,1019,56397,0.1568
2025-08-27 12:05:00,23600,CE,229.52,232.14,228.53,229.43,174,57933,0.1587
2025-08-27 12:05:00,23600,PE,72.69,73.37,71.68,73.06,544,57938,0.1567
2025-08-27 12:05:00,23650,CE,177.08,179.64,176.95,177.15,628,62729,0.157
2025-08-27 12:05:00,23650,PE,75.09,75.96,75.29,75.95,520,64124,0.1588
2025-08-27 12:05:00,23700,CE,128.87,131.66,128.39,130.58,1481,72466,0.157
2025-08-27 12:05:00,23700,PE,73.96,76.23,73.43,73.99,1305,71470,0.1556
2025-08-27 12:05:00,23750,CE,81.55,83.65,81.87,82.31,767,75125,0.1579
2025-08-27 12:05:00,23750,PE,72.64,75.64,72.58,73.44,160,81162,0.1572
2025-08-27 12:05:00,23800,CE,75.05,75.88,74.52,75.54,909,76032,0.1593
2025-08-27 12:05:00,23800,PE,120.28,121.85,118.5,120.35,1448,80809,0.1576
2025-08-27 12:05:00,23850,CE,78.38,79.98,77.69,78.5,282,71313,0.1606
2025-08-27 12:05:00,23850,PE,174.42,174.13,172.95,173.99,998,72900,0.1585
2025-08-27 12:05:00,23900,CE,77.37,77.84,77.62,77.65,599,61682,0.1616
2025-08-27 12:05:00,23900,PE,220.32,223.7,219.08,221.93,971,55753,0.162
2025-08-27 12:05:00,23950,CE,74.67,74.61,74.25,74.32,161,60818,0.1583
2025-08-27 12:05:00,23950,PE,268.82,269.9,265.25,268.89,767,56162,0.1573
2025-08-27 12:05:00,24000,CE,74.09,75.49,74.07,74.35,892,48404,0.1583
2025-08-27 12:05:00,24000,PE,322.18,330.97,323.18,323.6,177,51761,0.1616
2025-08-27 12:05:00,24050,CE,70.16,70.94,69.83,69.86,510,46930,0.1588
2025-08-27 12:05:00,24050,PE,374.18,372.27,366.9,370.31,599,49376,0.1592
2025-08-27 12:05:00,24100,CE,76.34,76.71,74.67,75.09,581,42220,0.1568
2025-08-27 12:05:00,24100,PE,413.22,420.96,413.54,413.72,66,45677,0.1571
2025-08-27 12:05:00,24150,CE,78.46,78.37,77.72,78.12,730,39571,0.1591
2025-08-27 12:05:00,24150,PE,464.64,466.28,461.62,464.72,620,40194,0.1565
2025-08-27 12:05:00,24200,CE,77.24,77.71,76.86,76.87,615,39507,0.1563
2025-08-27 12:05:00,24200,PE,527.02,528.34,514.16,518.91,544,36428,0.1582
2025-08-27 12:05:00,24250,CE,71.64,72.34,71.34,72.06,69,36919,0.1566
2025-08-27 12:05:00,24250,PE,569.18,574.32,565.25,571.39,140,38580,0.1625
2025-08-27 12:05:00,24300,CE,79.17,79.56,78.39,79.07,537,33923,0.1559
2025-08-27 12:05:00,24300,PE,611.75,623.85,615.1,618.35,38,32362,0.1628
2025-08-27 12:05:00,24350,CE,73.67,75.58,74.37,74.61,459,31220,0.1572
2025-08-27 12:05:00,24350,PE,678.48,672.42,665.94,671.67,32,37315,0.1586
2025-08-27 12:05:00,24400,CE,75.59,76.45,74.68,75.78,196,32814,0.156
2025-08-27 12:05:00,24400,PE,715.84,721.89,715.38,720.74,194,31304,0.1589
2025-08-27 12:05:00,24450,CE,79.17,79.12,78.55,78.82,74,28579,0.1581
2025-08-27 12:05:00,24450,PE,770.07,781.4,751.53,771.25,340,24964,0.1592
2025-08-27 12:05:00,24500,CE,74.94,76.51,74.72,75.11,166,30290,0.159
2025-08-27 12:05:00,24500,PE,828.34,822.74,820.1,821.17,355,26365,0.1595
2025-08-27 12:05:00,24550,CE,76.24,76.14,74.7,75.82,391,32189,0.1593
2025-08-27 12:05:00,24550,PE,865.91,898.1,872.65,874.18,56,23807,0.1577
2025-08-27 12:05:00,24600,CE,74.41,76.21,73.62,73.73,328,27511,0.1543
2025-08-27 12:05:00,24600,PE,914.12,927.87,915.2,916.31,256,23122,0.1566
2025-08-27 12:05:00,24650,CE,74.78,74.42,73.41,74.21,370,23180,0.1582
2025-08-27 12:05:00,24650,PE,978.53,987.04,954.53,971.26,254,25263,0.1598
2025-08-27 12:05:00,24700,CE,72.26,74.43,73.39,73.56,240,21318,0.1613
2025-08-27 12:05:00,24700,PE,1027.29,1038.33,1015.39,1020.34,277,25495,0.1603
2025-08-27 12:05:00,24750,CE,70.17,71.01,69.88,69.92,325,22703,0.1569
2025-08-27 12:05:00,24750,PE,1065.79,1079.48,1069.11,1069.65,216,20302,0.1594
2025-08-27 12:05:00,24800,CE,68.94,70.05,68.74,69.52,128,22166,0.1549
2025-08-27 12:05:00,24800,PE,1133.41,1124.75,1096.66,1118.7,72,24799,0.1616
2025-08-27 12:05:00,24850,CE,70.33,70.81,69.71,70.15,321,22953,0.1529
2025-08-27 12:05:00,24850,PE,1184.4,1192.09,1164.87,1173.29,249,18477,0.1601
2025-08-27 12:05:00,24900,CE,73.76,74.52,73.62,73.7,300,15922,0.1597
2025-08-27 12:05:00,24900,PE,1203.32,1223.8,1212.55,1214.47,164,18940,0.1572
2025-08-27 12:10:00,23500,CE,307.78,309.39,305.67,308.77,730,46490,0.1557
2025-08-27 12:10:00,23500,PE,75.41,75.53,74.21,74.65,887,47415,0.1595
2025-08-27 12:10:00,23550,CE,259.84,263.6,261.82,261.89,697,48343,0.158
2025-08-27 12:10:00,23550,PE,77.14,77.6,76.41,76.64,1001,56507,0.1629
2025-08-27 12:10:00,23600,CE,207.53,210.26,206.29,208.06,1148,58452,0.1566
2025-08-27 12:10:00,23600,PE,71.68,73.03,70.52,71.27,339,57624,0.158
2025-08-27 12:10:00,23650,CE,159.29,159.95,158.69,159.12,175,62992,0.1612
2025-08-27 12:10:00,23650,PE,71.24,72.33,71.29,72.18,56,63751,0.152
2025-08-27 12:10:00,23700,CE,110.38,109.62,108.09,109.19,1460,72628,0.1593
2025-08-27 12:10:00,23700,PE,74.06,73.92,72.16,73.28,737,71035,0.157
2025-08-27 12:10:00,23750,CE,75.47,75.25,74.13,74.58,1440,75539,0.1581
2025-08-27 12:10:00,23750,PE,90.58,90.58,88.92,90.03,104,81453,0.1604
2025-08-27 12:10:00,23800,CE,71.81,74.03,72.3,73.22,494,76248,0.1584
2025-08-27 12:10:00,23800,PE,143.19,143.85,140.78,142.68,444,80226,0.1545
2025-08-27 12:10:00,23850,CE,74.66,74.43,73.7,73.86,961,71716,0.1588
2025-08-27 12:10:00,23850,PE,188.82,191.36,185.19,188.78,874,72481,0.1579
2025-08-27 12:10:00,23900,CE,79.98,80.65,78.46,78.92,516,61722,0.1587
2025-08-27 12:10:00,23900,PE,239.08,241.55,238.78,241.32,897,56084,0.1618
2025-08-27 12:10:00,23950,CE,74.82,75.33,74.44,75.06,900,60976,0.1574
2025-08-27 12:10:00,23950,PE,288.97,291.65,288.45,290.13,951,56544,0.1588
2025-08-27 12:10:00,24000,CE,76.16,75.72,75.27,75.45,196,48654,0.1572
2025-08-27 12:10:00,24000,PE,342.8,348.14,342.58,343.52,91,52068,0.1533
2025-08-27 12:10:00,24050,CE,73.2,73.11,72.6,72.72,196,46688,0.1557
2025-08-27 12:10:00,24050,PE,389.97,389.14,380.75,388.38,489,49230,0.1564
2025-08-27 12:10:00,24100,CE,76.8,77.95,76.55,77.11,507,42221,0.1577
2025-08-27 12:10:00,24100,PE,446.95,445.82,440.51,441.39,498,45780,0.1595
2025-08-27 12:10:00,24150,CE,73.41,73.36,72.49,72.72,157,39801,0.1562
2025-08-27 12:10:00,24150,PE,490.69,492.01,478.36,491.58,690,40260,0.1563
2025-08-27 12:10:00,24200,CE,69.09,68.63,68.05,68.26,412,39759,0.1563
2025-08-27 12:10:00,24200,PE,539.54,540.93,536.47,537.47,66,36008,0.1569
2025-08-27 12:10:00,24250,CE,73.19,73.38,72.61,72.7,355,36792,0.1576
2025-08-27 12:10:00,24250,PE,591.0,603.41,591.79,592.06,438,39075,0.1585
2025-08-27 12:10:00,24300,CE,77.23,77.3,76.38,76.46,465,33583,0.1571
2025-08-27 12:10:00,24300,PE,644.07,642.4,631.61,641.32,188,31934,0.1597
2025-08-27 12:10:00,24350,CE,79.06,79.35,78.67,78.92,62,31513,0.1596
2025-08-27 12:10:00,24350,PE,692.4,693.44,680.53,691.07,389,36948,0.1565
2025-08-27 12:10:00,24400,CE,75.27,75.33,73.79,74.67,375,32763,0.1612
2025-08-27 12:10:00,24400,PE,747.97,750.56,736.06,742.31,464,31558,0.1583
2025-08-27 12:10:00,24450,CE,75.0,74.01,73.39,73.81,141,28560,0.1561
2025-08-27 12:10:00,24450,PE,791.34,805.25,788.59,795.68,123,25445,0.157
2025-08-27 12:10:00,24500,CE,76.16,76.48,76.03,76.37,250,30743,0.1577
2025-08-27 12:10:00,24500,PE,837.84,838.55,835.45,836.25,248,26368,0.1588
2025-08-27 12:10:00,24550,CE,76.05,76.25,75.18,75.42,90,32742,0.1554
2025-08-27 12:10:00,24550,PE,896.33,895.0,881.9,890.4,309,23557,0.1559
2025-08-27 12:10:00,24600,CE,75.56,75.56,75.4,75.43,368,27191,0.1604
2025-08-27 12:10:00,24600,PE,941.36,956.65,937.83,943.73,48,23326,0.1555
2025-08-27 12:10:00,24650,CE,76.23,76.55,75.64,75.89,314,23267,0.1591
2025-08-27 12:10:00,24650,PE,994.93,1018.28,988.03,991.96,300,24964,0.1613
2025-08-27 12:10:00,24700,CE,74.27,76.04,73.03,74.18,116,21163,0.1585
2025-08-27 12:10:00,24700,PE,1034.08,1052.32,1027.89,1034.96,88,25174,0.1543
2025-08-27 12:10:00,24750,CE,74.81,75.46,74.95,75.1,24,22387,0.1594
2025-08-27 12:10:00,24750,PE,1093.72,1115.35,1089.56,1092.01,214,20143,0.1605
2025-08-27 12:10:00,24800,CE,72.45,72.32,71.08,71.46,163,22675,0.1589
2025-08-27 12:10:00,24800,PE,1141.24,1151.01,1134.4,1140.24,8,25200,0.1572
2025-08-27 12:10:00,24850,CE,74.43,76.59,75.12,75.27,17,22967,0.1585
2025-08-27 12:10:00,24850,PE,1188.03,1200.3,1180.15,1191.91,51,18450,0.1582
2025-08-27 12:10:00,24900,CE,80.51,81.44,81.25,81.42,310,15359,0.1581
2025-08-27 12:10:00,24900,PE,1259.08,1270.84,1237.23,1240.65,178,18894,0.156
2025-08-27 12:15:00,23500,CE,320.06,321.11,316.44,317.71,440,46638,0.1583
2025-08-27 12:15:00,23500,PE,75.96,76.23,75.56,75.73,323,47749,0.1653
2025-08-27 12:15:00,23550,CE,272.79,273.36,268.41,268.95,265,48170,0.1567
2025-08-27 12:15:00,23550,PE,75.91,76.68,75.56,76.0,505,57010,0.1626
2025-08-27 12:15:00,23600,CE,219.46,220.5,218.69,220.36,641,58860,0.1612
2025-08-27 12:15:00,23600,PE,74.91,74.76,74.04,74.27,182,57122,0.1582
2025-08-27 12:15:00,23650,CE,172.63,175.77,170.24,173.57,685,63475,0.1591
2025-08-27 12:15:00,23650,PE,75.55,75.74,74.86,74.95,331,63418,0.1581
2025-08-27 12:15:00,23700,CE,122.39,125.36,120.05,120.6,252,73135,0.1597
2025-08-27 12:15:00,23700,PE,72.49,73.4,72.4,72.85,165,71191,0.1595
2025-08-27 12:15:00,23750,CE,74.42,73.94,72.98,73.92,687,75433,0.161
2025-08-27 12:15:00,23750,PE,84.02,83.09,82.27,82.86,1260,81376,0.1608
2025-08-27 12:15:00,23800,CE,72.92,73.61,72.88,73.54,58,76323,0.1584
2025-08-27 12:15:00,23800,PE,131.37,132.77,130.64,131.47,62,80638,0.1577
2025-08-27 12:15:00,23850,CE,79.8,81.05,79.06,80.11,1232,72120,0.1604
2025-08-27 12:15:00,23850,PE,184.67,186.7,184.51,185.88,551,72378,0.1623
2025-08-27 12:15:00,23900,CE,78.5,79.58,78.44,79.44,681,62140,0.1566
2025-08-27 12:15:00,23900,PE,229.26,233.66,228.94,229.66,872,56050,0.1589
2025-08-27 12:15:00,23950,CE,77.93,77.22,76.37,76.95,841,60877,0.1585
2025-08-27 12:15:00,23950,PE,282.47,281.38,277.47,280.02,799,56235,0.1574
2025-08-27 12:15:00,24000,CE,72.99,73.22,71.39,72.97,432,49047,0.161
2025-08-27 12:15:00,24000,PE,328.33,329.49,326.17,327.08,242,52212,0.1607
2025-08-27 12:15:00,24050,CE,75.61,75.65,75.04,75.26,250,46605,0.1586
2025-08-27 12:15:00,24050,PE,375.5,378.88,369.98,376.37,286,49424,0.1581
2025-08-27 12:15:00,24100,CE,76.27,77.38,76.4,76.51,599,42654,0.1574
2025-08-27 12:15:00,24100,PE,431.05,430.37,427.54,429.53,288,45417,0.1584
2025-08-27 12:15:00,24150,CE,77.85,79.85,78.49,78.63,681,39671,0.1599
2025-08-27 12:15:00,24150,PE,480.21,485.45,474.73,479.04,480,40116,0.158
2025-08-27 12:15:00,24200,CE,79.64,80.66,79.06,79.49,570,39250,0.1563
2025-08-27 12:15:00,24200,PE,528.37,534.09,526.78,531.62,37,35808,0.1583
2025-08-27 12:15:00,24250,CE,74.36,74.75,73.27,74.18,270,37106,0.1558
2025-08-27 12:15:00,24250,PE,583.68,601.04,580.35,585.28,305,38779,0.1606
2025-08-27 12:15:00,24300,CE,75.59,75.54,73.85,75.11,54,33956,0.1575
2025-08-27 12:15:00,24300,PE,634.5,641.55,625.0,633.33,309,32480,0.1585
2025-08-27 12:15:00,24350,CE,76.88,77.95,76.49,77.02,193,31181,0.1546
2025-08-27 12:15:00,24350,PE,676.13,690.42,675.54,683.54,160,36839,0.1571
2025-08-27 12:15:00,24400,CE,70.44,71.86,70.21,71.3,82,32320,0.1574
2025-08-27 12:15:00,24400,PE,731.68,741.7,731.11,734.16,426,31788,0.1588
2025-08-27 12:15:00,24450,CE,72.35,72.03,70.95,71.88,258,28538,0.1597
2025-08-27 12:15:00,24450,PE,791.74,801.99,786.09,789.19,256,25551,0.1573
2025-08-27 12:15:00,24500,CE,70.74,71.03,70.23,70.73,143,31077,0.1578
2025-08-27 12:15:00,24500,PE,823.28,848.65,828.79,829.6,11,26699,0.1615
2025-08-27 12:15:00,24550,CE,76.31,77.29,75.0,76.3,367,32761,0.1588
2025-08-27 12:15:00,24550,PE,895.41,904.9,881.01,882.46,141,24015,0.1592
2025-08-27 12:15:00,24600,CE,68.34,69.53,67.38,68.82,362,27709,0.1589
2025-08-27 12:15:00,24600,PE,932.53,951.04,920.49,928.65,14,23482,0.158
2025-08-27 12:15:00,24650,CE,74.84,77.24,74.98,75.13,9,22713,0.1607
2025-08-27 12:15:00,24650,PE,982.08,995.03,981.8,984.62,32,25295,0.1606
2025-08-27 12:15:00,24700,CE,75.26,77.59,74.76,76.05,296,21633,0.1566
2025-08-27 12:15:00,24700,PE,1023.1,1031.78,1018.92,1027.69,259,25241,0.1599
2025-08-27 12:15:00,24750,CE,69.08,70.87,67.74,68.88,75,22627,0.1614
2025-08-27 12:15:00,24750,PE,1100.42,1097.04,1084.05,1085.71,355,19970,0.1589
2025-08-27 12:15:00,24800,CE,78.59,80.66,79.11,79.41,262,22677,0.1586
2025-08-27 12:15:00,24800,PE,1137.07,1135.54,1118.32,1127.03,198,25557,0.1572
2025-08-27 12:15:00,24850,CE,74.7,75.92,74.8,75.55,109,23418,0.1566
2025-08-27 12:15:00,24850,PE,1180.18,1203.66,1181.2,1184.04,355,17988,0.1577
2025-08-27 12:15:00,24900,CE,78.81,80.26,78.36,78.75,180,14779,0.1605
2025-08-27 12:15:00,24900,PE,1206.37,1234.95,1229.42,1230.77,121,18742,0.1563
2025-08-27 12:20:00,23500,CE,354.22,355.1,350.81,353.7,607,46507,0.1575
2025-08-27 12:20:00,23500,PE,79.04,79.02,76.5,78.47,338,48076,0.1614
2025-08-27 12:20:00,23550,CE,299.65,305.57,298.3,300.47,760,47580,0.1587
2025-08-27 12:20:00,23550,PE,78.59,79.01,78.16,78.88,347,57326,0.1608
2025-08-27 12:20:00,23600,CE,248.57,250.96,246.34,249.05,130,58903,0.1618
2025-08-27 12:20:00,23600,PE,76.63,76.61,75.2,76.3,554,57359,0.1579
2025-08-27 12:20:00,23650,CE,200.16,201.04,197.11,199.69,849,63486,0.1582
2025-08-27 12:20:00,23650,PE,77.36,77.54,76.99,77.41,527,63766,0.1618
2025-08-27 12:20:00,23700,CE,149.48,149.84,147.02,148.18,558,73059,0.1583
2025-08-27 12:20:00,23700,PE,70.76,71.68,71.45,71.55,611,71006,0.1596
2025-08-27 12:20:00,23750,CE,100.23,99.59,98.37,98.76,1056,75596,0.1582
2025-08-27 12:20:00,23750,PE,75.78,78.16,75.66,75.8,1496,81309,0.1606
2025-08-27 12:20:00,23800,CE,77.2,77.04,76.75,77.02,1253,76087,0.1593
2025-08-27 12:20:00,23800,PE,98.46,99.4,98.56,99.18,1581,81134,0.1578
2025-08-27 12:20:00,23850,CE,75.66,76.55,74.96,75.79,842,72387,0.1577
2025-08-27 12:20:00,23850,PE,149.25,155.23,148.44,149.73,827,72014,0.1575
2025-08-27 12:20:00,23900,CE,71.78,73.64,71.71,72.2,1163,62428,0.1576
2025-08-27 12:20:00,23900,PE,190.35,192.46,191.96,192.01,530,55752,0.1593
2025-08-27 12:20:00,23950,CE,78.99,79.78,77.75,78.65,741,60794,0.1591
2025-08-27 12:20:00,23950,PE,253.21,256.37,253.21,255.08,914,55895,0.1571
2025-08-27 12:20:00,24000,CE,77.93,79.65,77.79,78.43,523,48582,0.1626
2025-08-27 12:20:00,24000,PE,292.7,302.33,294.0,295.96,711,52090,0.1585
2025-08-27 12:20:00,24050,CE,74.58,76.82,75.28,75.39,185,46671,0.1593
2025-08-27 12:20:00,24050,PE,349.95,350.17,348.64,349.97,521,49186,0.161
2025-08-27 12:20:00,24100,CE,76.12,77.43,77.12,77.31,777,42144,0.1604
2025-08-27 12:20:00,24100,PE,394.38,404.19,397.94,398.55,283,45116,0.1567
2025-08-27 12:20:00,24150,CE,81.0,80.95,80.02,80.83,707,39365,0.1566
2025-08-27 12:20:00,24150,PE,449.88,464.34,451.76,452.7,177,40224,0.1604
2025-08-27 12:20:00,24200,CE,80.38,80.43,80.0,80.07,193,38988,0.1608
2025-08-27 12:20:00,24200,PE,502.5,502.29,498.11,500.44,182,35848,0.1577
2025-08-27 12:20:00,24250,CE,80.78,81.11,80.19,80.93,498,37070,0.1573
2025-08-27 12:20:00,24250,PE,542.05,569.46,551.98,553.73,590,38498,0.1587
2025-08-27 12:20:00,24300,CE,73.28,74.44,73.51,73.68,526,34245,0.1595
2025-08-27 12:20:00,24300,PE,598.53,609.29,599.15,604.56,55,32681,0.1574
2025-08-27 12:20:00,24350,CE,80.87,80.66,79.89,80.38,580,31397,0.159
2025-08-27 12:20:00,24350,PE,658.75,655.63,647.23,651.83,157,36759,0.1597
2025-08-27 12:20:00,24400,CE,72.09,73.57,70.64,72.04,481,32099,0.1587
2025-08-27 12:20:00,24400,PE,707.07,718.54,691.99,701.6,267,31896,0.1552
2025-08-27 12:20:00,24450,CE,73.59,75.55,73.27,73.57,435,29088,0.1586
2025-08-27 12:20:00,24450,PE,744.32,756.16,746.21,753.21,371,25471,0.1619
2025-08-27 12:20:00,24500,CE,76.95,77.62,76.67,77.41,209,31275,0.1589
2025-08-27 12:20:00,24500,PE,807.57,810.37,799.68,801.23,44,26629,0.162
2025-08-27 12:20:00,24550,CE,70.94,70.49,69.73,70.21,173,33280,0.1585
2025-08-27 12:20:00,24550,PE,860.12,855.49,846.2,852.83,406,23732,0.1563
2025-08-27 12:20:00,24600,CE,75.71,75.71,73.88,74.54,298,27659,0.1588
2025-08-27 12:20:00,24600,PE,900.53,905.29,891.64,897.93,376,23474,0.1606
2025-08-27 12:20:00,24650,CE,73.04,72.9,72.58,72.64,280,22987,0.16
2025-08-27 12:20:00,24650,PE,946.32,961.18,936.36,947.55,357,25560,0.1552
2025-08-27 12:20:00,24700,CE,75.01,75.6,74.91,75.07,127,21920,0.1535
2025-08-27 12:20:00,24700,PE,992.53,1002.37,990.1,999.78,136,25520,0.1541
2025-08-27 12:20:00,24750,CE,73.65,74.31,73.8,74.21,378,22590,0.1586
2025-08-27 12:20:00,24750,PE,1058.12,1055.78,1052.3,1054.54,356,19556,0.1575
2025-08-27 12:20:00,24800,CE,72.31,73.77,72.66,73.12,166,23121,0.1586
2025-08-27 12:20:00,24800,PE,1109.47,1129.59,1096.24,1101.4,281,25346,0.1595
2025-08-27 12:20:00,24850,CE,75.13,74.72,74.16,74.42,187,22950,0.1574
2025-08-27 12:20:00,24850,PE,1157.35,1176.01,1144.83,1150.2,302,17542,0.1584
2025-08-27 12:20:00,24900,CE,73.89,72.66,71.32,72.29,203,14772,0.1572
2025-08-27 12:20:00,24900,PE,1188.35,1213.92,1190.86,1205.91,222,18653,0.1614
2025-08-27 12:25:00,23500,CE,306.47,307.64,305.36,307.22,99,46703,0.1592
2025-08-27 12:25:00,23500,PE,76.89,77.95,76.67,76.95,885,48210,0.1576
2025-08-27 12:25:00,23550,CE,249.91,253.16,249.77,253.02,65,47108,0.1642
2025-08-27 12:25:00,23550,PE,73.06,74.2,72.59,73.3,314,57082,0.1618
2025-08-27 12:25:00,23600,CE,203.52,207.83,200.93,203.8,168,59378,0.1597
2025-08-27 12:25:00,23600,PE,77.07,77.37,76.5,76.71,913,57679,0.1582
2025-08-27 12:25:00,23650,CE,154.83,154.17,152.91,153.63,1354,63930,0.1616
2025-08-27 12:25:00,23650,PE,75.43,76.73,76.21,76.26,259,63192,0.1622
2025-08-27 12:25:00,23700,CE,99.73,100.66,99.02,100.03,1199,73553,0.1598
2025-08-27 12:25:00,23700,PE,72.64,74.16,72.59,73.01,1153,71439,0.1537
2025-08-27 12:25:00,23750,CE,78.38,78.84,78.33,78.37,1025,75538,0.1585
2025-08-27 12:25:00,23750,PE,95.07,94.72,92.97,93.73,240,81517,0.1579
2025-08-27 12:25:00,23800,CE,74.38,74.88,72.99,73.73,433,75813,0.1575
2025-08-27 12:25:00,23800,PE,148.69,151.67,147.38,149.11,1254,81324,0.1601
2025-08-27 12:25:00,23850,CE,74.57,75.91,74.73,75.36,567,72745,0.1574
2025-08-27 12:25:00,23850,PE,198.25,196.3,195.03,195.16,922,71994,0.16
2025-08-27 12:25:00,23900,CE,71.03,71.54,71.09,71.35,1087,61861,0.1593
2025-08-27 12:25:00,23900,PE,246.76,246.7,244.9,246.24,557,55651,0.1596
2025-08-27 12:25:00,23950,CE,70.02,71.66,68.54,69.58,136,61063,0.1566
2025-08-27 12:25:00,23950,PE,297.98,294.9,289.04,294.56,115,56139,0.1587
2025-08-27 12:25:00,24000,CE,74.66,75.43,75.27,75.4,689,48565,0.1563
2025-08-27 12:25:00,24000,PE,357.07,358.12,349.83,354.2,233,52672,0.1626
2025-08-27 12:25:00,24050,CE,77.52,78.59,78.2,78.4,591,46211,0.1582
2025-08-27 12:25:00,24050,PE,401.44,402.15,395.94,397.64,617,48775,0.1561
2025-08-27 12:25:00,24100,CE,70.14,71.63,70.06,70.39,483,41853,0.1551
2025-08-27 12:25:00,24100,PE,452.34,458.29,444.56,449.3,492,45480,0.1592
2025-08-27 12:25:00,24150,CE,78.75,79.38,78.55,78.56,562,39680,0.1591
2025-08-27 12:25:00,24150,PE,494.98,501.76,492.03,494.1,508,40551,0.1556
2025-08-27 12:25:00,24200,CE,76.03,77.65,75.26,75.62,602,39443,0.1549
2025-08-27 12:25:00,24200,PE,535.43,548.33,541.47,544.36,517,35779,0.1611
2025-08-27 12:25:00,24250,CE,72.86,72.64,71.58,72.21,190,36852,0.1592
2025-08-27 12:25:00,24250,PE,594.18,603.58,592.64,597.2,386,38618,0.1592
2025-08-27 12:25:00,24300,CE,74.88,77.57,74.88,75.52,256,34136,0.1595
2025-08-27 12:25:00,24300,PE,640.53,659.02,644.14,645.3,429,32709,0.1566
2025-08-27 12:25:00,24350,CE,75.52,77.62,75.35,75.74,19,30965,0.1594
2025-08-27 12:25:00,24350,PE,694.35,699.78,681.93,690.55,190,36634,0.1541
2025-08-27 12:25:00,24400,CE,75.72,77.57,76.83,76.87,387,32066,0.1578
2025-08-27 12:25:00,24400,PE,748.02,772.37,743.4,747.39,229,31400,0.1566
2025-08-27 12:25:00,24450,CE,75.81,75.89,75.02,75.62,38,29681,0.1586
2025-08-27 12:25:00,24450,PE,802.77,809.95,796.37,796.94,431,24916,0.1614
2025-08-27 12:25:00,24500,CE,75.1,74.58,73.89,74.09,220,31778,0.1593
2025-08-27 12:25:00,24500,PE,851.09,867.35,845.16,849.57,341,26125,0.1588
2025-08-27 12:25:00,24550,CE,70.7,71.89,70.39,70.94,199,33711,0.1588
2025-08-27 12:25:00,24550,PE,894.41,898.27,890.71,895.71,141,23789,0.1577
2025-08-27 12:25:00,24600,CE,73.49,74.47,73.74,73.99,145,27294,0.1617
2025-08-27 12:25:00,24600,PE,952.29,951.2,944.99,945.9,374,23151,0.1596
2025-08-27 12:25:00,24650,CE,77.71,78.18,75.95,76.91,245,22808,0.1625
2025-08-27 12:25:00,24650,PE,1002.48,999.57,995.76,996.51,258,25912,0.1591
2025-08-27 12:25:00,24700,CE,74.05,75.8,74.36,74.82,224,21496,0.1592
2025-08-27 12:25:00,24700,PE,1045.64,1056.38,1042.16,1048.68,119,25210,0.1599
2025-08-27 12:25:00,24750,CE,76.26,76.97,75.11,75.56,266,22821,0.1594
2025-08-27 12:25:00,24750,PE,1114.65,1113.69,1091.28,1102.74,60,19692,0.1609
2025-08-27 12:25:00,24800,CE,75.59,76.77,75.45,75.64,175,23025,0.1576
2025-08-27 12:25:00,24800,PE,1164.28,1151.83,1141.26,1145.23,318,24818,0.1601
2025-08-27 12:25:00,24850,CE,74.87,76.62,74.28,74.97,260,23020,0.1585
2025-08-27 12:25:00,24850,PE,1186.86,1198.18,1186.21,1197.92,96,17217,0.1562
2025-08-27 12:25:00,24900,CE,70.05,70.43,69.49,70.04,61,14906,0.1574
2025-08-27 12:25:00,24900,PE,1251.64,1265.21,1245.01,1251.05,227,18382,0.1587
2025-08-27 12:30:00,23500,CE,282.82,287.61,283.88,285.82,397,47279,0.1573
2025-08-27 12:30:00,23500,PE,73.08,73.13,71.32,71.84,719,48318,0.1562
2025-08-27 12:30:00,23550,CE,233.39,229.57,229.34,229.52,151,47193,0.1571
2025-08-27 12:30:00,23550,PE,75.9,76.69,76.02,76.22,455,57486,0.1577
2025-08-27 12:30:00,23600,CE,187.1,192.62,188.03,189.71,261,59969,0.1592
2025-08-27 12:30:00,23600,PE,71.04,71.71,71.35,71.42,1198,58014,0.1607
2025-08-27 12:30:00,23650,CE,142.74,148.06,143.0,144.55,741,64042,0.1607
2025-08-27 12:30:00,23650,PE,71.39,71.15,70.57,70.89,1322,63628,0.1565
2025-08-27 12:30:00,23700,CE,91.73,93.51,90.38,91.27,1385,73170,0.1566
2025-08-27 12:30:00,23700,PE,75.0,76.15,75.43,75.93,711,71756,0.16
2025-08-27 12:30:00,23750,CE,72.88,72.23,71.31,72.02,222,75753,0.1566
2025-08-27 12:30:00,23750,PE,118.2,119.38,118.16,118.72,590,81592,0.1606
2025-08-27 12:30:00,23800,CE,79.58,81.88,80.23,80.6,1267,76253,0.1603
2025-08-27 12:30:00,23800,PE,156.7,160.24,155.71,157.76,521,81575,0.1594
2025-08-27 12:30:00,23850,CE,77.64,78.85,77.88,78.08,33,73005,0.1587
2025-08-27 12:30:00,23850,PE,211.11,217.88,208.48,212.74,184,72485,0.1557
2025-08-27 12:30:00,23900,CE,71.59,72.93,71.27,71.82,334,62100,0.1585
2025-08-27 12:30:00,23900,PE,264.71,263.05,258.04,261.45,726,55357,0.1579
2025-08-27 12:30:00,23950,CE,78.73,79.71,77.93,78.53,820,60683,0.1593
2025-08-27 12:30:00,23950,PE,314.1,313.93,313.22,313.65,879,56154,0.1578
2025-08-27 12:30:00,24000,CE,72.84,73.56,72.81,73.03,422,48246,0.1575
2025-08-27 12:30:00,24000,PE,363.38,358.15,354.96,357.67,22,52911,0.1596
2025-08-27 12:30:00,24050,CE,79.92,80.28,79.11,79.94,601,46622,0.1615
2025-08-27 12:30:00,24050,PE,399.59,406.38,405.49,406.16,787,48525,0.1558
2025-08-27 12:30:00,24100,CE,68.3,68.87,66.67,67.79,433,42349,0.1595
2025-08-27 12:30:00,24100,PE,456.2,459.69,444.28,452.37,433,45776,0.1562
2025-08-27 12:30:00,24150,CE,71.16,73.13,70.54,71.39,503,40265,0.1596
2025-08-27 12:30:00,24150,PE,497.56,511.18,501.88,504.1,246,40189,0.1602
2025-08-27 12:30:00,24200,CE,72.94,73.34,71.61,72.62,601,39396,0.1588
2025-08-27 12:30:00,24200,PE,563.5,562.78,560.16,561.87,135,35947,0.1578
2025-08-27 12:30:00,24250,CE,76.93,80.6,77.04,77.96,525,37167,0.1584
2025-08-27 12:30:00,24250,PE,599.08,611.45,601.61,607.63,213,39112,0.1576
2025-08-27 12:30:00,24300,CE,78.21,79.78,77.33,78.99,32,34605,0.1585
2025-08-27 12:30:00,24300,PE,666.44,661.85,654.75,661.32,114,32392,0.1589
2025-08-27 12:30:00,24350,CE,74.92,75.52,72.82,74.21,178,30871,0.157
2025-08-27 12:30:00,24350,PE,718.55,719.51,707.45,711.73,34,36895,0.1608
2025-08-27 12:30:00,24400,CE,71.5,71.72,70.63,71.21,75,31624,0.1599
2025-08-27 12:30:00,24400,PE,749.71,766.48,753.8,763.02,10,31951,0.1581
2025-08-27 12:30:00,24450,CE,70.51,70.64,70.04,70.38,31,29977,0.1567
2025-08-27 12:30:00,24450,PE,801.02,816.98,810.22,811.1,315,25310,0.1609
2025-08-27 12:30:00,24500,CE,75.96,76.17,75.71,75.99,215,32266,0.155
2025-08-27 12:30:00,24500,PE,860.6,861.32,849.37,858.8,225,25738,0.1564
2025-08-27 12:30:00,24550,CE,71.86,72.5,71.64,71.7,406,33617,0.1548
2025-08-27 12:30:00,24550,PE,904.85,915.41,899.99,912.0,9,23971,0.157
2025-08-27 12:30:00,24600,CE,76.23,79.36,75.92,77.09,142,27680,0.1622
2025-08-27 12:30:00,24600,PE,954.86,959.15,957.17,957.59,71,23436,0.158
2025-08-27 12:30:00,24650,CE,76.02,76.06,74.7,75.65,343,22353,0.1571
2025-08-27 12:30:00,24650,PE,1007.58,1027.94,1006.33,1010.12,243,26086,0.1599
2025-08-27 12:30:00,24700,CE,77.97,78.99,78.02,78.1,365,21248,0.1601
2025-08-27 12:30:00,24700,PE,1042.57,1060.61,1035.12,1057.03,196,25097,0.1579
2025-08-27 12:30:00,24750,CE,74.54,76.91,74.88,75.16,146,23414,0.1583
2025-08-27 12:30:00,24750,PE,1103.96,1124.66,1107.59,1111.46,251,19280,0.1583
2025-08-27 12:30:00,24800,CE,74.28,75.67,74.09,74.13,317,22550,0.1609
2025-08-27 12:30:00,24800,PE,1148.87,1169.42,1145.68,1156.58,322,24708,0.1589
2025-08-27 12:30:00,24850,CE,70.2,72.74,69.73,70.07,241,23456,0.1561
2025-08-27 12:30:00,24850,PE,1205.53,1223.81,1206.35,1208.4,309,16811,0.1606
2025-08-27 12:30:00,24900,CE,80.09,79.6,78.64,78.88,141,14401,0.159
2025-08-27 12:30:00,24900,PE,1257.35,1264.03,1256.36,1261.14,221,18284,0.159
2025-08-27 12:35:00,23500,CE,322.13,326.15,319.36,323.51,951,47437,0.1566
2025-08-27 12:35:00,23500,PE,77.7,77.91,77.31,77.35,426,47903,0.1611
2025-08-27 12:35:00,23550,CE,269.33,276.01,270.68,271.24,314,47558,0.1592
2025-08-27 12:35:00,23550,PE,80.57,82.16,79.92,80.56,165,57901,0.1641
2025-08-27 12:35:00,23600,CE,225.22,225.3,222.09,222.86,716,59996,0.1575
2025-08-27 12:35:00,23600,PE,79.86,81.0,78.86,79.67,571,57450,0.1615
2025-08-27 12:35:00,23650,CE,177.6,177.58,175.67,177.32,318,64061,0.1597
2025-08-27 12:35:00,23650,PE,72.9,74.89,73.69,73.91,658,63285,0.1599
2025-08-27 12:35:00,23700,CE,123.77,124.54,124.0,124.31,1241,73105,0.1576
2025-08-27 12:35:00,23700,PE,68.33,69.03,67.86,68.27,612,72067,0.1568
2025-08-27 12:35:00,23750,CE,78.55,79.35,78.82,78.93,289,75218,0.1566
2025-08-27 12:35:00,23750,PE,80.4,79.57,78.66,79.51,594,80992,0.1597
2025-08-27 12:35:00,23800,CE,80.97,82.31,80.65,81.42,576,75813,0.1584
2025-08-27 12:35:00,23800,PE,125.09,126.08,124.27,125.2,1004,81029,0.1566
2025-08-27 12:35:00,23850,CE,77.71,79.09,77.26,77.77,288,72717,0.1594
2025-08-27 12:35:00,23850,PE,178.69,179.14,173.51,176.73,791,72370,0.1605
2025-08-27 12:35:00,23900,CE,73.67,77.24,74.0,74.33,895,62435,0.159
2025-08-27 12:35:00,23900,PE,228.45,229.34,225.52,228.43,458,54793,0.1591
2025-08-27 12:35:00,23950,CE,79.18,81.21,78.62,79.7,998,60504,0.1576
2025-08-27 12:35:00,23950,PE,280.01,287.5,282.05,282.54,566,56669,0.158
2025-08-27 12:35:00,24000,CE,79.47,80.78,78.09,79.0,619,48337,0.1569
2025-08-27 12:35:00,24000,PE,325.46,327.79,317.47,325.93,330,53303,0.1581
2025-08-27 12:35:00,24050,CE,77.07,77.76,76.58,77.11,178,46602,0.162
2025-08-27 12:35:00,24050,PE,377.69,380.64,379.84,379.9,310,48041,0.1614
2025-08-27 12:35:00,24100,CE,75.28,75.58,73.47,74.71,228,41973,0.1573
2025-08-27 12:35:00,24100,PE,428.32,430.77,428.21,428.95,83,46085,0.1592
2025-08-27 12:35:00,24150,CE,75.01,75.24,74.32,74.85,525,40701,0.1584
2025-08-27 12:35:00,24150,PE,477.77,481.74,469.37,475.14,33,40150,0.162
2025-08-27 12:35:00,24200,CE,73.52,73.23,72.77,72.88,455,39386,0.1635
2025-08-27 12:35:00,24200,PE,530.69,531.79,527.57,530.66,28,35887,0.1575
2025-08-27 12:35:00,24250,CE,71.81,72.48,71.6,71.95,88,36589,0.1584
2025-08-27 12:35:00,24250,PE,578.36,579.18,570.12,576.46,470,38626,0.1576
2025-08-27 12:35:00,24300,CE,77.66,79.13,78.24,78.35,186,35195,0.157
2025-08-27 12:35:00,24300,PE,636.08,628.13,622.59,628.01,570,31842,0.1628
2025-08-27 12:35:00,24350,CE,76.53,77.24,75.81,76.35,233,30689,0.1553
2025-08-27 12:35:00,24350,PE,679.32,679.21,669.86,676.3,356,37123,0.1587
2025-08-27 12:35:00,24400,CE,79.81,79.59,78.3,79.12,48,31533,0.161
2025-08-27 12:35:00,24400,PE,732.18,744.57,723.55,724.1,156,32530,0.1581
2025-08-27 12:35:00,24450,CE,76.42,76.99,75.39,76.22,154,29416,0.1595
2025-08-27 12:35:00,24450,PE,773.73,797.08,773.43,781.85,321,25759,0.1604
2025-08-27 12:35:00,24500,CE,75.26,76.3,75.83,76.22,399,31827,0.1613
2025-08-27 12:35:00,24500,PE,835.49,837.79,824.69,830.99,362,25383,0.1577
2025-08-27 12:35:00,24550,CE,73.62,73.97,72.36,73.4,73,33650,0.1568
2025-08-27 12:35:00,24550,PE,873.32,907.89,869.57,879.66,373,24416,0.1595
2025-08-27 12:35:00,24600,CE,70.94,71.46,70.14,70.25,276,27576,0.1554
2025-08-27 12:35:00,24600,PE,935.42,945.03,929.14,931.16,262,23188,0.1591
2025-08-27 12:35:00,24650,CE,76.35,79.24,75.74,76.81,63,22235,0.1606
2025-08-27 12:35:00,24650,PE,973.39,980.7,968.21,973.19,77,25599,0.1583
2025-08-27 12:35:00,24700,CE,73.35,74.15,73.29,74.04,305,21653,0.16
2025-08-27 12:35:00,24700,PE,1023.81,1035.27,1017.09,1021.77,305,25595,0.1563
2025-08-27 12:35:00,24750,CE,77.63,78.33,77.5,77.86,192,23624,0.1596
2025-08-27 12:35:00,24750,PE,1089.79,1077.44,1071.17,1075.26,84,19213,0.1583
2025-08-27 12:35:00,24800,CE,73.04,75.56,73.19,73.28,43,22686,0.1532
2025-08-27 12:35:00,24800,PE,1126.82,1128.76,1126.31,1128.45,167,24770,0.1568
2025-08-27 12:35:00,24850,CE,75.98,76.09,74.42,74.83,310,22917,0.1569
2025-08-27 12:35:00,24850,PE,1187.86,1192.61,1176.74,1178.05,164,16684,0.1572
2025-08-27 12:35:00,24900,CE,76.04,76.56,76.09,76.56,259,14589,0.1573
2025-08-27 12:35:00,24900,PE,1215.71,1224.88,1224.48,1224.67,253,18701,0.1559
2025-08-27 12:40:00,23500,CE,293.44,293.11,287.31,291.78,315,47267,0.1603
2025-08-27 12:40:00,23500,PE,76.22,77.4,75.35,75.94,363,48286,0.1614
2025-08-27 12:40:00,23550,CE,237.77,239.7,233.78,237.15,536,47866,0.156
2025-08-27 12:40:00,23550,PE,74.51,75.41,73.89,74.36,291,58416,0.1572
2025-08-27 12:40:00,23600,CE,192.42,194.33,191.64,193.01,629,60583,0.1613
2025-08-27 12:40:00,23600,PE,71.26,72.53,70.99,72.14,582,56900,0.1583
2025-08-27 12:40:00,23650,CE,138.17,138.37,137.42,137.49,403,63985,0.1583
2025-08-27 12:40:00,23650,PE,78.55,79.34,75.92,77.11,215,63613,0.1579
2025-08-27 12:40:00,23700,CE,89.76,90.22,89.42,89.9,616,73492,0.1585
2025-08-27 12:40:00,23700,PE,76.0,76.35,74.75,75.34,1657,71566,0.1611
2025-08-27 12:40:00,23750,CE,76.49,78.64,76.63,77.24,461,75345,0.1598
2025-08-27 12:40:00,23750,PE,115.48,117.93,115.83,117.01,1378,81470,0.1617
2025-08-27 12:40:00,23800,CE,73.4,74.84,72.87,73.74,284,75485,0.1575
2025-08-27 12:40:00,23800,PE,155.28,154.11,153.66,153.8,290,80845,0.1552
2025-08-27 12:40:00,23850,CE,74.87,75.2,74.34,74.74,744,72590,0.1594
2025-08-27 12:40:00,23850,PE,211.29,210.98,208.23,210.2,880,72243,0.158
2025-08-27 12:40:00,23900,CE,79.85,79.9,78.88,79.25,641,62509,0.1578
2025-08-27 12:40:00,23900,PE,258.24,259.6,258.7,259.13,285,54265,0.1607
2025-08-27 12:40:00,23950,CE,75.77,78.05,75.88,75.97,226,60839,0.1584
2025-08-27 12:40:00,23950,PE,306.79,310.35,307.23,307.34,729,56216,0.1557
2025-08-27 12:40:00,24000,CE,70.8,71.98,70.83,71.24,348,48712,0.1572
2025-08-27 12:40:00,24000,PE,361.84,367.18,361.42,361.72,717,52723,0.1571
2025-08-27 12:40:00,24050,CE,70.77,72.56,71.16,71.18,642,46946,0.1582
2025-08-27 12:40:00,24050,PE,413.91,418.03,410.42,412.51,106,47867,0.154
2025-08-27 12:40:00,24100,CE,70.51,71.14,69.78,70.01,51,42160,0.1569
2025-08-27 12:40:00,24100,PE,451.91,477.76,454.12,459.77,649,45700,0.1601
2025-08-27 12:40:00,24150,CE,70.6,70.85,69.18,70.07,253,40745,0.1574
2025-08-27 12:40:00,24150,PE,518.4,516.49,514.24,516.01,61,39908,0.1566
2025-08-27 12:40:00,24200,CE,74.87,76.93,74.23,74.72,150,38790,0.1559
2025-08-27 12:40:00,24200,PE,566.5,567.58,561.03,566.35,440,36157,0.1618
2025-08-27 12:40:00,24250,CE,72.69,73.48,72.24,72.48,58,36146,0.1576
2025-08-27 12:40:00,24250,PE,611.56,609.65,605.34,607.77,52,39153,0.1544
2025-08-27 12:40:00,24300,CE,75.1,75.3,74.66,75.24,333,35247,0.1592
2025-08-27 12:40:00,24300,PE,663.95,669.66,658.21,661.25,58,31244,0.1581
2025-08-27 12:40:00,24350,CE,80.4,81.28,80.81,80.97,507,31222,0.1541
2025-08-27 12:40:00,24350,PE,708.33,733.38,710.37,712.51,301,36682,0.1584
2025-08-27 12:40:00,24400,CE,68.45,68.2,67.16,67.32,23,31933,0.1536
2025-08-27 12:40:00,24400,PE,772.18,776.6,767.19,768.28,277,32325,0.1587
2025-08-27 12:40:00,24450,CE,72.17,72.74,71.19,71.39,13,29497,0.1543
2025-08-27 12:40:00,24450,PE,817.62,819.3,796.08,813.33,433,26161,0.158
2025-08-27 12:40:00,24500,CE,77.83,77.45,75.93,77.37,345,31287,0.1589
2025-08-27 12:40:00,24500,PE,861.84,873.13,852.48,859.51,357,25599,0.1588
2025-08-27 12:40:00,24550,CE,81.11,80.95,79.58,80.19,377,33228,0.1581
2025-08-27 12:40:00,24550,PE,905.62,920.5,909.49,913.93,387,24675,0.1593
2025-08-27 12:40:00,24600,CE,79.56,80.54,78.76,79.3,329,27168,0.1588
2025-08-27 12:40:00,24600,PE,964.52,976.98,958.65,963.57,368,22614,0.1583
2025-08-27 12:40:00,24650,CE,73.96,76.18,74.31,74.43,96,21821,0.1586
2025-08-27 12:40:00,24650,PE,1014.76,1019.81,1001.89,1010.44,100,25749,0.1576
2025-08-27 12:40:00,24700,CE,74.14,75.37,74.76,74.93,366,22235,0.1568
2025-08-27 12:40:00,24700,PE,1066.86,1085.61,1058.63,1061.97,48,26159,0.1586
2025-08-27 12:40:00,24750,CE,76.07,76.83,75.74,76.52,47,23918,0.1594
2025-08-27 12:40:00,24750,PE,1105.07,1111.61,1097.96,1110.97,75,19602,0.1564
2025-08-27 12:40:00,24800,CE,75.62,76.31,74.62,76.07,131,23134,0.1601
2025-08-27 12:40:00,24800,PE,1147.1,1179.53,1156.53,1160.72,201,24804,0.1624
2025-08-27 12:40:00,24850,CE,77.78,78.48,77.61,77.76,158,22591,0.16
2025-08-27 12:40:00,24850,PE,1211.66,1217.15,1199.7,1208.5,184,16877,0.1568
2025-08-27 12:40:00,24900,CE,77.06,77.36,76.35,76.36,52,14158,0.1595
2025-08-27 12:40:00,24900,PE,1265.97,1269.37,1238.55,1254.81,149,19099,0.1591
2025-08-27 12:45:00,23500,CE,318.61,321.87,318.59,320.45,347,47161,0.1586
2025-08-27 12:45:00,23500,PE,77.52,78.19,76.2,77.67,917,48005,0.1586
2025-08-27 12:45:00,23550,CE,270.75,270.81,268.66,270.41,398,48278,0.1613
2025-08-27 12:45:00,23550,PE,77.82,78.01,76.54,77.41,556,57949,0.158
2025-08-27 12:45:00,23600,CE,222.88,223.99,219.14,221.55,269,61152,0.159
2025-08-27 12:45:00,23600,PE,71.61,71.87,71.35,71.79,961,57440,0.1574
2025-08-27 12:45:00,23650,CE,164.81,169.34,166.33,166.64,654,64115,0.1587
2025-08-27 12:45:00,23650,PE,77.73,78.42,76.62,77.21,203,63867,0.1605
2025-08-27 12:45:00,23700,CE,119.95,122.03,118.19,121.06,893,72936,0.1597
2025-08-27 12:45:00,23700,PE,78.52,79.1,77.25,78.16,1315,71490,0.1563
2025-08-27 12:45:00,23750,CE,75.76,76.89,75.1,76.06,1756,75806,0.1607
2025-08-27 12:45:00,23750,PE,77.26,78.94,77.6,77.78,760,80883,0.16
2025-08-27 12:45:00,23800,CE,79.45,80.27,78.59,78.95,241,75233,0.1615
2025-08-27 12:45:00,23800,PE,129.04,129.25,127.46,128.57,464,80669,0.1588
2025-08-27 12:45:00,23850,CE,78.88,79.77,78.16,78.43,1248,72800,0.163
2025-08-27 12:45:00,23850,PE,179.38,181.25,178.42,179.5,267,72488,0.1607
2025-08-27 12:45:00,23900,CE,77.43,77.72,76.84,77.4,83,61987,0.1592
2025-08-27 12:45:00,23900,PE,231.68,238.86,231.47,231.53,751,53926,0.1582
2025-08-27 12:45:00,23950,CE,73.62,76.01,74.42,74.46,462,61229,0.1571
2025-08-27 12:45:00,23950,PE,277.13,275.38,273.23,274.6,412,55846,0.158
2025-08-27 12:45:00,24000,CE,76.96,76.4,75.76,76.34,937,48455,0.1591
2025-08-27 12:45:00,24000,PE,316.52,325.31,323.43,323.98,623,52317,0.1595
2025-08-27 12:45:00,24050,CE,76.02,76.56,74.79,75.69,150,47251,0.1582
2025-08-27 12:45:00,24050,PE,370.68,373.13,367.76,371.91,771,47299,0.1601
2025-08-27 12:45:00,24100,CE,75.09,75.5,73.88,74.8,770,41922,0.1588
2025-08-27 12:45:00,24100,PE,429.3,439.48,426.73,430.84,779,45738,0.1568
2025-08-27 12:45:00,24150,CE,74.97,75.8,74.16,74.39,563,40152,0.1576
2025-08-27 12:45:00,24150,PE,474.75,484.77,475.58,482.25,125,40452,0.1591
2025-08-27 12:45:00,24200,CE,73.9,75.71,73.46,74.72,121,39233,0.1554
2025-08-27 12:45:00,24200,PE,538.76,541.06,527.93,533.4,90,36333,0.1596
2025-08-27 12:45:00,24250,CE,74.12,74.55,74.09,74.27,244,36072,0.1586
2025-08-27 12:45:00,24250,PE,574.03,584.85,578.01,579.56,457,38739,0.1574
2025-08-27 12:45:00,24300,CE,76.28,77.79,75.9,76.45,213,35311,0.1564
2025-08-27 12:45:00,24300,PE,630.08,635.2,616.3,626.66,222,30931,0.1588
2025-08-27 12:45:00,24350,CE,74.93,75.86,74.19,74.65,33,31387,0.1603
2025-08-27 12:45:00,24350,PE,682.71,680.6,679.73,680.01,43,36256,0.1579
2025-08-27 12:45:00,24400,CE,72.9,72.17,71.76,72.17,134,32193,0.1549
2025-08-27 12:45:00,24400,PE,727.89,727.05,721.58,725.95,73,32112,0.1571
2025-08-27 12:45:00,24450,CE,73.54,73.76,72.48,72.7,45,29499,0.1559
2025-08-27 12:45:00,24450,PE,786.02,783.93,778.26,779.66,98,25755,0.1609
2025-08-27 12:45:00,24500,CE,76.15,75.97,75.29,75.92,160,30994,0.1563
2025-08-27 12:45:00,24500,PE,820.59,835.6,821.07,831.15,31,25539,0.1579
2025-08-27 12:45:00,24550,CE,76.43,77.88,77.01,77.29,236,33177,0.1519
2025-08-27 12:45:00,24550,PE,871.63,875.84,874.16,875.35,208,25274,0.1574
2025-08-27 12:45:00,24600,CE,75.29,75.51,75.35,75.37,126,26970,0.159
2025-08-27 12:45:00,24600,PE,926.43,929.66,912.01,929.65,228,22115,0.1575
2025-08-27 12:45:00,24650,CE,71.01,72.17,71.78,72.0,418,21850,0.1561
2025-08-27 12:45:00,24650,PE,980.64,985.82,979.38,982.71,296,25535,0.1561
2025-08-27 12:45:00,24700,CE,77.6,78.7,76.72,76.86,282,22688,0.16
2025-08-27 12:45:00,24700,PE,1015.14,1031.16,1029.4,1029.52,237,25811,0.1562
2025-08-27 12:45:00,24750,CE,76.27,77.54,77.04,77.13,268,24344,0.1564
2025-08-27 12:45:00,24750,PE,1093.65,1096.21,1083.9,1084.47,272,19798,0.1574
2025-08-27 12:45:00,24800,CE,70.16,70.77,69.35,70.37,177,22759,0.1568
2025-08-27 12:45:00,24800,PE,1116.78,1133.35,1129.21,1132.93,271,24690,0.1575
2025-08-27 12:45:00,24850,CE,78.42,78.52,77.87,78.4,87,22581,0.1584
2025-08-27 12:45:00,24850,PE,1175.92,1185.07,1171.26,1176.95,13,16903,0.1602
2025-08-27 12:45:00,24900,CE,78.81,78.08,77.23,77.63,193,14034,0.1568
2025-08-27 12:45:00,24900,PE,1227.53,1231.82,1214.89,1228.32,247,19200,0.1558
2025-08-27 12:50:00,23500,CE,339.21,345.99,337.57,342.1,345,47421,0.1567
2025-08-27 12:50:00,23500,PE,78.28,80.42,77.46,78.67,120,48012,0.161
2025-08-27 12:50:00,23550,CE,294.15,295.95,290.17,292.81,156,48400,0.16
2025-08-27 12:50:00,23550,PE,77.21,77.99,77.08,77.24,34,58380,0.1578
2025-08-27 12:50:00,23600,CE,240.05,242.82,237.94,240.08,53,61149,0.1578
2025-08-27 12:50:00,23600,PE,71.73,72.41,71.86,72.34,755,57339,0.1591
2025-08-27 12:50:00,23650,CE,192.41,194.06,192.62,193.57,289,63812,0.1588
2025-08-27 12:50:00,23650,PE,81.88,82.75,82.51,82.6,1070,63424,0.1571
2025-08-27 12:50:00,23700,CE,139.63,142.73,140.74,141.29,1038,72686,0.162
2025-08-27 12:50:00,23700,PE,75.87,76.61,76.0,76.21,41,71377,0.1571
2025-08-27 12:50:00,23750,CE,89.39,92.65,89.05,89.54,185,76123,0.1579
2025-08-27 12:50:00,23750,PE,78.3,78.29,77.23,77.54,1311,80543,0.161
2025-08-27 12:50:00,23800,CE,76.69,77.86,75.58,76.66,1248,75475,0.1555
2025-08-27 12:50:00,23800,PE,104.2,105.69,104.48,104.53,1095,80163,0.1573
2025-08-27 12:50:00,23850,CE,72.9,72.16,71.89,72.07,196,72390,0.1589
2025-08-27 12:50:00,23850,PE,156.3,159.86,156.68,156.83,1136,72279,0.1597
2025-08-27 12:50:00,23900,CE,74.2,75.2,74.12,74.43,653,61950,0.1593
2025-08-27 12:50:00,23900,PE,209.52,210.85,208.31,209.03,1215,53543,0.1605
2025-08-27 12:50:00,23950,CE,69.98,70.26,70.0,70.24,847,60763,0.1555
2025-08-27 12:50:00,23950,PE,254.93,261.99,256.79,256.83,1060,55924,0.157
2025-08-27 12:50:00,24000,CE,79.41,80.07,78.95,79.54,269,48349,0.1578
2025-08-27 12:50:00,24000,PE,308.73,314.92,304.86,308.65,716,52216,0.16
2025-08-27 12:50:00,24050,CE,77.41,78.23,75.99,77.19,73,47020,0.159
2025-08-27 12:50:00,24050,PE,360.23,370.04,359.22,361.94,816,47144,0.1587
2025-08-27 12:50:00,24100,CE,74.64,75.04,74.35,74.64,408,41542,0.1566
2025-08-27 12:50:00,24100,PE,396.6,405.92,399.23,405.54,35,45462,0.1579
2025-08-27 12:50:00,24150,CE,74.78,75.64,73.75,74.72,658,40202,0.1611
2025-08-27 12:50:00,24150,PE,468.42,475.12,458.37,463.19,292,40478,0.1603
2025-08-27 12:50:00,24200,CE,81.73,81.65,81.3,81.56,573,39720,0.1609
2025-08-27 12:50:00,24200,PE,506.56,509.69,504.2,506.09,231,36732,0.1563
2025-08-27 12:50:00,24250,CE,74.99,75.42,74.85,74.89,528,35480,0.1569
2025-08-27 12:50:00,24250,PE,555.59,566.57,551.94,555.02,588,38414,0.1559
2025-08-27 12:50:00,24300,CE,76.4,77.11,75.91,76.05,474,35776,0.161
2025-08-27 12:50:00,24300,PE,608.4,620.0,602.2,609.28,357,30708,0.1561
2025-08-27 12:50:00,24350,CE,73.2,74.45,73.51,73.56,497,31360,0.1564
2025-08-27 12:50:00,24350,PE,651.57,652.75,648.3,650.82,448,36465,0.1578
2025-08-27 12:50:00,24400,CE,69.57,69.41,68.06,69.35,182,32245,0.1585
2025-08-27 12:50:00,24400,PE,700.64,714.11,708.25,711.58,117,31517,0.1606
2025-08-27 12:50:00,24450,CE,71.12,71.01,70.32,70.89,361,29146,0.1582
2025-08-27 12:50:00,24450,PE,755.33,776.54,755.39,765.97,274,25275,0.158
2025-08-27 12:50:00,24500,CE,74.03,76.05,74.35,74.79,326,30595,0.1588
2025-08-27 12:50:00,24500,PE,804.16,823.33,802.66,807.56,129,25115,0.1534
2025-08-27 12:50:00,24550,CE,68.48,69.45,69.15,69.3,432,33324,0.1584
2025-08-27 12:50:00,24550,PE,851.41,856.64,855.51,856.37,316,25161,0.1601
2025-08-27 12:50:00,24600,CE,74.44,74.94,73.88,74.76,387,26449,0.1581
2025-08-27 12:50:00,24600,PE,904.91,907.99,898.88,905.77,190,21613,0.1565
2025-08-27 12:50:00,24650,CE,71.63,71.43,70.47,71.14,302,22390,0.158
2025-08-27 12:50:00,24650,PE,959.07,967.15,952.68,954.57,331,25120,0.1589
2025-08-27 12:50:00,24700,CE,74.32,75.87,74.34,74.48,326,22392,0.1566
2025-08-27 12:50:00,24700,PE,1004.88,1024.74,996.31,1007.33,148,25900,0.1536
2025-08-27 12:50:00,24750,CE,76.64,76.93,76.23,76.88,183,23968,0.1608
2025-08-27 12:50:00,24750,PE,1044.91,1072.12,1047.84,1062.96,213,19435,0.1592
2025-08-27 12:50:00,24800,CE,68.16,70.24,68.45,68.47,275,22246,0.1609
2025-08-27 12:50:00,24800,PE,1127.59,1112.75,1100.1,1110.81,309,25266,0.1555
2025-08-27 12:50:00,24850,CE,74.27,74.94,72.94,73.85,275,22708,0.1577
2025-08-27 12:50:00,24850,PE,1152.44,1161.2,1156.35,1159.29,165,16938,0.1572
2025-08-27 12:50:00,24900,CE,73.77,74.45,72.52,73.26,184,14500,0.1597
2025-08-27 12:50:00,24900,PE,1209.08,1221.77,1198.73,1207.24,50,19313,0.1583
2025-08-27 12:55:00,23500,CE,408.22,416.83,401.79,408.27,457,47136,0.1587
2025-08-27 12:55:00,23500,PE,76.98,76.54,75.36,75.8,346,47978,0.1574
2025-08-27 12:55:00,23550,CE,358.94,362.01,355.94,359.87,45,48373,0.1608
2025-08-27 12:55:00,23550,PE,74.17,74.82,72.79,73.3,164,58257,0.1577
2025-08-27 12:55:00,23600,CE,299.48,303.25,299.9,300.62,284,61453,0.1599
2025-08-27 12:55:00,23600,PE,72.93,74.11,73.78,74.02,942,56870,0.1572
2025-08-27 12:55:00,23650,CE,255.74,255.15,251.42,253.31,292,63403,0.1556
2025-08-27 12:55:00,23650,PE,79.32,80.48,78.87,79.2,535,63270,0.161
2025-08-27 12:55:00,23700,CE,209.15,211.11,207.27,208.46,566,72171,0.1578
2025-08-27 12:55:00,23700,PE,76.16,77.33,75.77,76.8,1065,71961,0.1599
2025-08-27 12:55:00,23750,CE,152.05,153.48,152.59,152.78,1269,76117,0.1569
2025-08-27 12:55:00,23750,PE,73.9,73.83,73.25,73.69,935,80003,0.1604
2025-08-27 12:55:00,23800,CE,104.28,104.57,104.24,104.31,997,75604,0.1571
2025-08-27 12:55:00,23800,PE,75.14,76.7,75.8,76.63,1194,80500,0.1616
2025-08-27 12:55:00,23850,CE,74.27,74.46,73.51,74.0,28,72279,0.1595
2025-08-27 12:55:00,23850,PE,95.82,99.13,95.91,96.06,833,72255,0.1595
2025-08-27 12:55:00,23900,CE,76.39,76.31,75.67,75.76,804,62190,0.1559
2025-08-27 12:55:00,23900,PE,140.66,144.21,140.55,141.43,857,53223,0.1587
2025-08-27 12:55:00,23950,CE,76.81,77.09,74.71,76.16,844,60880,0.1571
2025-08-27 12:55:00,23950,PE,188.96,191.62,190.25,190.98,268,56081,0.1549
2025-08-27 12:55:00,24000,CE,64.9,66.9,64.47,65.03,592,48714,0.1529
2025-08-27 12:55:00,24000,PE,240.7,241.77,239.99,240.03,450,52685,0.1567
2025-08-27 12:55:00,24050,CE,76.33,76.14,75.57,75.63,548,47549,0.1591
2025-08-27 12:55:00,24050,PE,298.61,302.38,293.43,297.24,117,46695,0.1555
2025-08-27 12:55:00,24100,CE,76.7,77.16,76.31,76.47,211,41921,0.1586
2025-08-27 12:55:00,24100,PE,347.8,352.97,348.93,350.96,470,45672,0.1578
2025-08-27 12:55:00,24150,CE,77.51,77.58,76.22,76.91,29,40046,0.1624
2025-08-27 12:55:00,24150,PE,386.13,389.96,386.93,387.3,305,40985,0.1567
2025-08-27 12:55:00,24200,CE,74.04,74.73,73.61,74.02,92,40152,0.1605
2025-08-27 12:55:00,24200,PE,448.43,448.68,445.01,445.67,292,37061,0.1604
2025-08-27 12:55:00,24250,CE,76.78,77.26,76.38,76.61,217,34948,0.1589
2025-08-27 12:55:00,24250,PE,501.31,500.72,494.19,497.54,491,38026,0.1594
2025-08-27 12:55:00,24300,CE,77.42,78.1,77.03,77.52,108,36277,0.1622
2025-08-27 12:55:00,24300,PE,546.38,558.33,543.45,548.39,160,31286,0.1581
2025-08-27 12:55:00,24350,CE,71.79,72.32,71.62,71.77,225,31092,0.1594
2025-08-27 12:55:00,24350,PE,593.03,594.87,592.26,593.65,290,36197,0.1568
2025-08-27 12:55:00,24400,CE,66.61,67.13,65.76,66.3,548,32377,0.1582
2025-08-27 12:55:00,24400,PE,648.4,650.49,644.49,649.92,441,31008,0.1596
2025-08-27 12:55:00,24450,CE,70.0,69.88,68.62,69.05,140,29260,0.1606
2025-08-27 12:55:00,24450,PE,700.51,707.51,693.48,697.89,276,25837,0.161
2025-08-27 12:55:00,24500,CE,74.76,76.71,75.6,76.12,384,30351,0.1605
2025-08-27 12:55:00,24500,PE,745.32,745.22,738.08,744.24,244,25406,0.1583
2025-08-27 12:55:00,24550,CE,75.63,76.63,75.14,75.73,210,33353,0.1589
2025-08-27 12:55:00,24550,PE,801.54,796.62,780.37,794.91,402,24905,0.1567
2025-08-27 12:55:00,24600,CE,74.53,75.63,74.5,74.86,54,26343,0.16
2025-08-27 12:55:00,24600,PE,844.96,852.08,835.05,839.68,110,21674,0.1586
2025-08-27 12:55:00,24650,CE,76.12,77.97,75.46,75.8,389,22703,0.157
2025-08-27 12:55:00,24650,PE,888.26,898.6,892.21,894.41,334,25168,0.1566
2025-08-27 12:55:00,24700,CE,75.62,75.48,74.52,75.41,388,22902,0.161
2025-08-27 12:55:00,24700,PE,952.46,950.66,937.18,944.48,332,25440,0.157
2025-08-27 12:55:00,24750,CE,75.67,76.22,75.33,75.68,129,24517,0.1587
2025-08-27 12:55:00,24750,PE,982.67,1006.98,992.52,996.65,36,19495,0.1603
2025-08-27 12:55:00,24800,CE,73.55,74.95,73.32,73.65,258,22116,0.1583
2025-08-27 12:55:00,24800,PE,1043.28,1056.78,1041.62,1046.42,284,24757,0.1598
2025-08-27 12:55:00,24850,CE,76.45,77.27,76.71,76.73,89,22463,0.1578
2025-08-27 12:55:00,24850,PE,1106.94,1094.89,1093.99,1094.11,71,16863,0.1595
2025-08-27 12:55:00,24900,CE,74.46,75.09,74.64,74.88,177,15024,0.1593
2025-08-27 12:55:00,24900,PE,1150.55,1148.16,1144.73,1145.99,183,19620,0.1585
2025-08-27 13:00:00,23500,CE,449.3,445.39,439.68,444.87,79,46606,0.1555
2025-08-27 13:00:00,23500,PE,76.02,75.5,74.99,75.39,311,47771,0.1615
2025-08-27 13:00:00,23550,CE,398.69,407.35,400.14,400.68,772,48362,0.1603
2025-08-27 13:00:00,23550,PE,74.03,75.61,74.45,74.49,413,58677,0.1622
2025-08-27 13:00:00,23600,CE,352.82,353.31,348.02,350.53,790,61784,0.1597
2025-08-27 13:00:00,23600,PE,77.44,78.82,77.89,78.12,407,56529,0.1598
2025-08-27 13:00:00,23650,CE,298.64,306.85,294.3,296.93,51,62863,0.1614
2025-08-27 13:00:00,23650,PE,77.54,78.98,77.2,77.42,820,62828,0.1589
2025-08-27 13:00:00,23700,CE,246.03,248.32,245.55,247.98,473,72174,0.1568
2025-08-27 13:00:00,23700,PE,77.9,79.53,78.23,78.58,627,71468,0.1573
2025-08-27 13:00:00,23750,CE,198.05,201.59,196.68,198.72,666,75816,0.1599
2025-08-27 13:00:00,23750,PE,70.55,70.68,69.97,70.32,441,80388,0.1568
2025-08-27 13:00:00,23800,CE,151.39,150.74,148.18,150.44,672,75486,0.1581
2025-08-27 13:00:00,23800,PE,72.78,72.98,72.14,72.47,46,81095,0.1558
2025-08-27 13:00:00,23850,CE,93.56,96.84,94.18,94.7,1004,72586,0.1592
2025-08-27 13:00:00,23850,PE,76.99,78.01,75.54,77.2,741,71972,0.1565
2025-08-27 13:00:00,23900,CE,74.76,74.93,73.81,74.9,464,61599,0.1599
2025-08-27 13:00:00,23900,PE,101.78,102.09,101.0,101.92,1450,53255,0.1615
2025-08-27 13:00:00,23950,CE,77.27,77.12,76.27,76.35,508,61127,0.1591
2025-08-27 13:00:00,23950,PE,159.49,157.75,156.62,156.98,201,56044,0.1594
2025-08-27 13:00:00,24000,CE,73.42,74.11,72.46,73.0,547,49201,0.1542
2025-08-27 13:00:00,24000,PE,202.16,205.03,201.0,203.96,984,53006,0.1576
2025-08-27 13:00:00,24050,CE,75.47,75.87,74.71,75.23,297,47573,0.1565
2025-08-27 13:00:00,24050,PE,252.1,255.77,251.49,251.78,1072,46117,0.1602
2025-08-27 13:00:00,24100,CE,75.51,76.41,76.16,76.38,648,41726,0.1599
2025-08-27 13:00:00,24100,PE,303.44,304.49,301.53,302.99,735,45665,0.1564
2025-08-27 13:00:00,24150,CE,80.61,81.43,78.82,79.83,633,39746,0.1571
2025-08-27 13:00:00,24150,PE,357.34,361.14,356.18,358.12,793,41390,0.1589
2025-08-27 13:00:00,24200,CE,76.25,76.3,75.83,75.92,529,40061,0.1593
2025-08-27 13:00:00,24200,PE,406.01,413.9,402.41,405.83,136,36705,0.1613
2025-08-27 13:00:00,24250,CE,73.93,74.65,72.39,73.05,310,35282,0.16
2025-08-27 13:00:00,24250,PE,444.59,453.19,445.68,451.04,720,38155,0.1555
2025-08-27 13:00:00,24300,CE,74.51,75.14,74.42,74.43,664,35913,0.155
2025-08-27 13:00:00,24300,PE,501.49,508.03,503.13,503.83,528,31325,0.1606
2025-08-27 13:00:00,24350,CE,72.57,74.05,71.97,72.39,102,31325,0.1563
2025-08-27 13:00:00,24350,PE,558.22,569.31,543.06,555.36,597,36135,0.1604
2025-08-27 13:00:00,24400,CE,80.15,82.53,79.8,80.22,165,32139,0.1591
2025-08-27 13:00:00,24400,PE,597.16,601.19,589.11,598.24,376,31235,0.1566
2025-08-27 13:00:00,24450,CE,73.78,74.9,73.37,73.71,133,29484,0.1604
2025-08-27 13:00:00,24450,PE,649.15,662.78,650.22,653.04,438,25257,0.1584
2025-08-27 13:00:00,24500,CE,76.35,77.45,75.59,76.13,217,30031,0.1583
2025-08-27 13:00:00,24500,PE,702.82,724.16,695.76,710.31,438,25581,0.1618
2025-08-27 13:00:00,24550,CE,77.66,79.29,77.2,78.92,282,33021,0.1621
2025-08-27 13:00:00,24550,PE,757.72,754.9,750.47,753.14,256,25460,0.1573
2025-08-27 13:00:00,24600,CE,79.1,81.86,78.53,78.66,493,25938,0.159
2025-08-27 13:00:00,24600,PE,799.69,815.84,797.82,802.55,244,21971,0.1586
2025-08-27 13:00:00,24650,CE,75.93,77.41,75.77,76.25,146,23300,0.1575
2025-08-27 13:00:00,24650,PE,845.3,848.9,840.47,847.76,224,24983,0.1566
2025-08-27 13:00:00,24700,CE,70.11,72.94,70.24,71.05,425,23025,0.1581
2025-08-27 13:00:00,24700,PE,904.46,911.72,892.87,904.92,35,24966,0.1584
2025-08-27 13:00:00,24750,CE,76.6,77.07,75.52,76.65,423,24663,0.1589
2025-08-27 13:00:00,24750,PE,957.5,957.89,946.4,955.17,376,20080,0.1553
2025-08-27 13:00:00,24800,CE,71.12,71.52,70.3,71.27,310,22683,0.1556
2025-08-27 13:00:00,24800,PE,1008.32,1009.97,996.64,1006.55,395,24651,0.1581
2025-08-27 13:00:00,24850,CE,73.24,74.0,73.8,73.93,256,22847,0.1587
2025-08-27 13:00:00,24850,PE,1065.58,1056.49,1054.2,1055.78,377,17254,0.158
2025-08-27 13:00:00,24900,CE,72.18,72.75,72.21,72.4,309,14816,0.1563
2025-08-27 13:00:00,24900,PE,1108.65,1123.77,1102.0,1103.85,167,20007,0.1582
2025-08-27 13:05:00,23500,CE,379.73,385.62,379.36,380.33,120,46200,0.1567
2025-08-27 13:05:00,23500,PE,77.18,77.53,77.09,77.22,674,48345,0.1599
2025-08-27 13:05:00,23550,CE,329.15,334.0,327.48,333.53,398,48799,0.1612
2025-08-27 13:05:00,23550,PE,73.87,76.3,73.47,75.32,340,58689,0.1564
2025-08-27 13:05:00,23600,CE,287.08,288.74,281.14,285.43,1000,61646,0.1594
2025-08-27 13:05:00,23600,PE,72.63,73.1,72.87,72.89,909,57064,0.1581
2025-08-27 13:05:00,23650,CE,231.77,232.97,228.68,231.66,849,62348,0.1598
2025-08-27 13:05:00,23650,PE,71.14,71.24,70.3,71.12,1100,62826,0.1597
2025-08-27 13:05:00,23700,CE,181.53,183.45,182.97,183.23,389,72158,0.1582
2025-08-27 13:05:00,23700,PE,76.45,77.64,76.39,76.48,580,71325,0.1582
2025-08-27 13:05:00,23750,CE,133.59,134.38,131.32,133.44,1013,75351,0.1587
2025-08-27 13:05:00,23750,PE,79.1,78.72,78.35,78.51,948,80089,0.164
2025-08-27 13:05:00,23800,CE,87.1,89.84,87.05,87.46,1385,76065,0.158
2025-08-27 13:05:00,23800,PE,69.43,71.51,69.67,70.53,838,81464,0.1557
2025-08-27 13:05:00,23850,CE,82.62,83.81,81.83,82.25,520,72991,0.1584
2025-08-27 13:05:00,23850,PE,117.88,119.35,116.78,117.17,848,71983,0.1571
2025-08-27 13:05:00,23900,CE,76.14,77.21,76.25,76.72,157,61793,0.1581
2025-08-27 13:05:00,23900,PE,166.17,167.55,166.46,167.04,1077,53261,0.159
2025-08-27 13:05:00,23950,CE,75.98,75.64,73.83,75.31,206,61339,0.1614
2025-08-27 13:05:00,23950,PE,218.2,220.35,217.51,218.04,754,56480,0.1579
2025-08-27 13:05:00,24000,CE,73.37,74.5,72.63,72.63,1019,48892,0.1612
2025-08-27 13:05:00,24000,PE,267.79,270.47,265.94,267.61,324,53547,0.1589
2025-08-27 13:05:00,24050,CE,75.15,75.06,74.08,75.0,127,48069,0.1641
2025-08-27 13:05:00,24050,PE,314.73,317.71,314.89,315.68,161,46020,0.1568
2025-08-27 13:05:00,24100,CE,77.86,79.57,78.32,78.71,133,42298,0.1614
2025-08-27 13:05:00,24100,PE,359.51,363.21,360.51,360.96,446,46124,0.154
2025-08-27 13:05:00,24150,CE,73.16,75.01,73.26,73.47,38,39194,0.1583
2025-08-27 13:05:00,24150,PE,423.27,426.8,415.22,419.69,436,40840,0.1565
2025-08-27 13:05:00,24200,CE,76.92,77.79,76.45,77.33,412,40309,0.1624
2025-08-27 13:05:00,24200,PE,459.51,463.17,457.71,461.13,371,37045,0.1539
2025-08-27 13:05:00,24250,CE,77.24,77.76,77.47,77.68,81,34980,0.1558
2025-08-27 13:05:00,24250,PE,511.5,517.31,507.53,513.33,120,38153,0.1596
2025-08-27 13:05:00,24300,CE,76.49,78.75,76.44,76.97,264,35960,0.1578
2025-08-27 13:05:00,24300,PE,565.88,574.17,564.08,566.27,108,31259,0.161
2025-08-27 13:05:00,24350,CE,70.17,71.17,70.11,70.28,469,30807,0.1547
2025-08-27 13:05:00,24350,PE,605.84,618.92,604.33,608.64,482,35797,0.1558
2025-08-27 13:05:00,24400,CE,70.95,70.8,69.55,70.73,501,32516,0.1561
2025-08-27 13:05:00,24400,PE,662.5,669.89,657.62,662.96,262,30722,0.1585
2025-08-27 13:05:00,24450,CE,71.6,73.04,71.69,71.82,214,29630,0.158
2025-08-27 13:05:00,24450,PE,717.11,720.33,708.54,718.74,190,25417,0.1579
2025-08-27 13:05:00,24500,CE,72.62,73.87,72.36,73.26,426,30578,0.1568
2025-08-27 13:05:00,24500,PE,768.05,774.19,754.25,763.64,210,26165,0.1582
2025-08-27 13:05:00,24550,CE,69.55,70.4,69.8,70.01,128,33555,0.1569
2025-08-27 13:05:00,24550,PE,821.73,829.18,813.95,816.88,76,25509,0.1547
2025-08-27 13:05:00,24600,CE,72.66,74.3,73.17,73.39,317,25388,0.1589
2025-08-27 13:05:00,24600,PE,858.96,868.74,857.41,862.15,211,21703,0.1564
2025-08-27 13:05:00,24650,CE,70.55,72.38,70.8,71.01,365,23270,0.1618
2025-08-27 13:05:00,24650,PE,913.78,942.09,913.3,917.18,53,24429,0.1576
2025-08-27 13:05:00,24700,CE,79.63,79.84,79.43,79.67,16,22469,0.158
2025-08-27 13:05:00,24700,PE,967.33,987.0,956.0,967.42,211,24754,0.1594
2025-08-27 13:05:00,24750,CE,80.07,80.74,79.45,79.64,90,24527,0.1571
2025-08-27 13:05:00,24750,PE,1029.54,1015.13,1014.04,1014.86,183,20177,0.1582
2025-08-27 13:05:00,24800,CE,81.95,82.7,81.24,82.45,199,23202,0.1589
2025-08-27 13:05:00,24800,PE,1067.81,1087.16,1064.68,1066.25,151,24520,0.1584
2025-08-27 13:05:00,24850,CE,73.82,74.89,73.43,73.94,159,22304,0.1565
2025-08-27 13:05:00,24850,PE,1124.74,1140.78,1107.38,1119.75,285,17302,0.1586
2025-08-27 13:05:00,24900,CE,67.54,67.82,66.11,67.7,149,14645,0.1559
2025-08-27 13:05:00,24900,PE,1154.16,1181.37,1144.68,1160.78,192,20488,0.1544
2025-08-27 13:10:00,23500,CE,381.44,382.62,374.06,379.87,353,46117,0.1622
2025-08-27 13:10:00,23500,PE,74.54,74.41,73.74,73.95,128,48131,0.1612
2025-08-27 13:10:00,23550,CE,321.87,327.11,315.26,319.42,715,49067,0.1612
2025-08-27 13:10:00,23550,PE,76.24,76.21,75.74,76.13,767,58680,0.1625
2025-08-27 13:10:00,23600,CE,269.53,273.36,266.96,269.35,946,61712,0.1593
2025-08-27 13:10:00,23600,PE,73.96,74.37,73.62,73.9,152,56646,0.1601
2025-08-27 13:10:00,23650,CE,225.66,228.22,222.92,226.12,591,62198,0.1606
2025-08-27 13:10:00,23650,PE,81.6,83.63,81.43,81.6,142,62281,0.1584
2025-08-27 13:10:00,23700,CE,178.92,179.02,177.03,177.55,829,72463,0.1626
2025-08-27 13:10:00,23700,PE,79.05,80.03,77.21,77.96,309,71019,0.1602
2025-08-27 13:10:00,23750,CE,121.57,126.24,121.14,123.62,830,74895,0.1579
2025-08-27 13:10:00,23750,PE,72.49,73.08,72.03,72.07,1286,80196,0.1592
2025-08-27 13:10:00,23800,CE,77.09,77.03,76.57,76.61,666,76160,0.1595
2025-08-27 13:10:00,23800,PE,78.94,79.78,77.39,78.33,316,81242,0.1601
2025-08-27 13:10:00,23850,CE,71.76,72.44,70.95,72.01,819,73545,0.1608
2025-08-27 13:10:00,23850,PE,132.32,134.52,133.48,133.64,1285,72145,0.157
2025-08-27 13:10:00,23900,CE,75.52,75.79,75.02,75.04,456,62304,0.1551
2025-08-27 13:10:00,23900,PE,178.64,178.01,176.57,176.64,188,53021,0.1571
2025-08-27 13:10:00,23950,CE,81.68,82.49,81.51,81.67,511,61401,0.1624
2025-08-27 13:10:00,23950,PE,223.81,225.51,224.63,225.35,791,56376,0.157
2025-08-27 13:10:00,24000,CE,76.55,77.49,76.58,76.79,984,48787,0.1565
2025-08-27 13:10:00,24000,PE,281.18,280.15,274.42,278.5,663,53004,0.1601
2025-08-27 13:10:00,24050,CE,76.76,80.19,76.53,77.12,161,47732,0.158
2025-08-27 13:10:00,24050,PE,329.77,332.8,327.8,330.69,16,46463,0.1608
2025-08-27 13:10:00,24100,CE,74.4,73.93,73.31,73.9,544,42717,0.1589
2025-08-27 13:10:00,24100,PE,374.5,384.08,374.33,379.06,296,45650,0.1584
2025-08-27 13:10:00,24150,CE,74.05,74.6,74.42,74.46,269,38615,0.1584
2025-08-27 13:10:00,24150,PE,417.06,429.63,422.03,422.32,250,40362,0.158
2025-08-27 13:10:00,24200,CE,76.55,77.08,76.57,77.06,166,40475,0.1601
2025-08-27 13:10:00,24200,PE,482.81,478.65,466.45,476.23,708,36732,0.1545
2025-08-27 13:10:00,24250,CE,74.95,75.11,74.98,75.11,673,35295,0.1568
2025-08-27 13:10:00,24250,PE,528.3,533.25,521.71,528.33,92,37559,0.1603
2025-08-27 13:10:00,24300,CE,72.86,73.93,73.24,73.32,81,36218,0.1595
2025-08-27 13:10:00,24300,PE,583.62,581.96,574.07,578.73,433,31722,0.1607
2025-08-27 13:10:00,24350,CE,74.4,74.86,74.08,74.36,321,30260,0.1571
2025-08-27 13:10:00,24350,PE,625.0,636.41,621.56,626.48,602,36237,0.157
2025-08-27 13:10:00,24400,CE,72.53,74.03,73.08,73.08,410,33017,0.1584
2025-08-27 13:10:00,24400,PE,684.75,685.82,676.79,680.01,165,30765,0.1588
2025-08-27 13:10:00,24450,CE,74.99,75.46,73.88,74.94,290,29371,0.1597
2025-08-27 13:10:00,24450,PE,730.26,726.93,712.62,722.45,536,25492,0.1599
2025-08-27 13:10:00,24500,CE,73.49,74.96,73.22,74.2,469,30350,0.1575
2025-08-27 13:10:00,24500,PE,777.58,777.68,775.22,776.68,257,26684,0.1556
2025-08-27 13:10:00,24550,CE,73.81,74.48,73.08,73.81,93,33607,0.1607
2025-08-27 13:10:00,24550,PE,812.7,849.16,818.1,822.97,388,25867,0.1575
2025-08-27 13:10:00,24600,CE,76.73,78.06,76.36,76.62,350,25519,0.1557
2025-08-27 13:10:00,24600,PE,879.19,880.3,871.75,872.48,10,21449,0.1615
2025-08-27 13:10:00,24650,CE,74.94,75.53,75.23,75.34,353,23270,0.158
2025-08-27 13:10:00,24650,PE,920.62,923.64,921.59,923.17,163,24884,0.1556
2025-08-27 13:10:00,24700,CE,67.3,68.42,66.13,66.34,150,22328,0.1541
2025-08-27 13:10:00,24700,PE,981.86,977.15,963.71,970.42,175,24563,0.1597
2025-08-27 13:10:00,24750,CE,76.08,76.96,75.32,76.74,209,25074,0.1577
2025-08-27 13:10:00,24750,PE,1028.65,1025.31,1019.17,1022.23,405,19977,0.1596
2025-08-27 13:10:00,24800,CE,82.2,82.3,81.7,82.15,148,23633,0.1581
2025-08-27 13:10:00,24800,PE,1072.86,1071.98,1052.44,1069.83,227,24133,0.1587
2025-08-27 13:10:00,24850,CE,77.25,77.1,75.98,76.41,209,22654,0.1583
2025-08-27 13:10:00,24850,PE,1121.28,1137.41,1116.57,1126.15,155,17440,0.1601
2025-08-27 13:10:00,24900,CE,78.02,77.17,76.09,77.04,282,14189,0.1598
2025-08-27 13:10:00,24900,PE,1188.54,1188.78,1179.91,1182.47,353,19964,0.1614
2025-08-27 13:15:00,23500,CE,380.03,389.94,382.74,387.04,108,45874,0.1569
2025-08-27 13:15:00,23500,PE,76.3,77.03,76.03,76.37,30,48319,0.1583
2025-08-27 13:15:00,23550,CE,336.31,336.96,329.2,333.53,491,48899,0.1546
2025-08-27 13:15:00,23550,PE,73.81,74.69,73.85,74.26,909,58405,0.1582
2025-08-27 13:15:00,23600,CE,293.77,293.23,290.98,291.78,894,61810,0.1569
2025-08-27 13:15:00,23600,PE,75.53,77.8,75.68,76.18,708,57189,0.1573
2025-08-27 13:15:00,23650,CE,233.07,238.3,234.78,234.82,300,61744,0.1584
2025-08-27 13:15:00,23650,PE,73.07,74.8,72.95,72.97,899,62454,0.1599
2025-08-27 13:15:00,23700,CE,188.04,188.39,183.28,185.67,268,72957,0.1566
2025-08-27 13:15:00,23700,PE,73.75,74.63,73.15,73.58,919,71068,0.1577
2025-08-27 13:15:00,23750,CE,142.58,144.52,141.51,141.99,214,75452,0.1568
2025-08-27 13:15:00,23750,PE,73.91,74.47,72.73,74.1,777,80313,0.1585
2025-08-27 13:15:00,23800,CE,92.3,92.7,91.23,91.8,74,76367,0.1595
2025-08-27 13:15:00,23800,PE,82.82,83.59,81.93,82.39,1431,81591,0.1611
2025-08-27 13:15:00,23850,CE,72.75,72.21,71.79,71.87,618,73184,0.1585
2025-08-27 13:15:00,23850,PE,108.64,109.51,106.64,108.38,722,72217,0.1598
2025-08-27 13:15:00,23900,CE,73.91,74.33,73.72,74.13,387,62441,0.1592
2025-08-27 13:15:00,23900,PE,160.35,162.53,161.43,161.63,1274,52565,0.1593
2025-08-27 13:15:00,23950,CE,74.92,75.72,74.1,74.9,313,61347,0.1612
2025-08-27 13:15:00,23950,PE,199.8,205.88,198.93,201.14,226,56700,0.1544
2025-08-27 13:15:00,24000,CE,73.7,75.21,75.14,75.17,82,48235,0.1578
2025-08-27 13:15:00,24000,PE,261.26,262.88,256.41,259.63,392,52900,0.1617
2025-08-27 13:15:00,24050,CE,73.51,73.94,72.9,73.41,691,47306,0.1578
2025-08-27 13:15:00,24050,PE,318.24,317.93,310.33,313.81,767,46073,0.1591
2025-08-27 13:15:00,24100,CE,68.21,69.86,67.68,68.84,843,42732,0.1569
2025-08-27 13:15:00,24100,PE,361.04,364.78,357.66,358.54,683,45085,0.1544
2025-08-27 13:15:00,24150,CE,77.37,77.39,76.64,77.32,588,38524,0.1594
2025-08-27 13:15:00,24150,PE,410.36,414.4,402.69,409.54,415,39792,0.1594
2025-08-27 13:15:00,24200,CE,75.7,76.76,76.26,76.69,472,40985,0.1592
2025-08-27 13:15:00,24200,PE,452.4,459.3,454.58,456.72,750,37191,0.1579
2025-08-27 13:15:00,24250,CE,70.41,69.69,68.55,69.56,506,34948,0.1537
2025-08-27 13:15:00,24250,PE,509.38,521.43,509.12,509.37,266,37037,0.1633
2025-08-27 13:15:00,24300,CE,73.87,73.35,72.22,73.32,155,35918,0.1627
2025-08-27 13:15:00,24300,PE,558.69,560.35,553.92,559.4,440,31156,0.1566
2025-08-27 13:15:00,24350,CE,75.45,76.96,74.91,75.39,572,30541,0.1597
2025-08-27 13:15:00,24350,PE,609.12,622.37,615.79,616.34,416,36325,0.1578
2025-08-27 13:15:00,24400,CE,73.15,75.5,73.88,74.56,153,33069,0.1605
2025-08-27 13:15:00,24400,PE,661.89,673.15,657.94,661.85,372,31187,0.1609
2025-08-27 13:15:00,24450,CE,74.8,74.44,73.82,74.42,376,29742,0.1574
2025-08-27 13:15:00,24450,PE,713.33,716.75,704.54,713.91,254,25382,0.1557
2025-08-27 13:15:00,24500,CE,73.16,74.5,73.8,74.48,407,30482,0.1595
2025-08-27 13:15:00,24500,PE,757.85,760.54,744.96,760.19,209,26614,0.1598
2025-08-27 13:15:00,24550,CE,74.65,74.44,74.22,74.23,278,33755,0.1577
2025-08-27 13:15:00,24550,PE,817.63,815.15,801.01,811.12,183,25448,0.1601
2025-08-27 13:15:00,24600,CE,69.68,70.66,69.64,70.49,423,25279,0.1591
2025-08-27 13:15:00,24600,PE,870.52,880.04,854.96,858.22,82,21151,0.1613
2025-08-27 13:15:00,24650,CE,74.14,74.49,73.59,74.47,391,22870,0.1577
2025-08-27 13:15:00,24650,PE,907.24,908.32,899.8,907.0,315,24780,0.1582
2025-08-27 13:15:00,24700,CE,76.96,78.78,76.78,77.6,263,22599,0.1609
2025-08-27 13:15:00,24700,PE,970.16,964.26,953.47,958.2,101,24438,0.1589
2025-08-27 13:15:00,24750,CE,71.42,71.02,69.81,70.3,327,25653,0.155
2025-08-27 13:15:00,24750,PE,1026.0,1033.37,1001.17,1010.75,352,19739,0.1611
2025-08-27 13:15:00,24800,CE,73.19,73.1,72.74,72.76,98,24170,0.1565
2025-08-27 13:15:00,24800,PE,1051.67,1060.77,1056.41,1058.92,273,23765,0.161
2025-08-27 13:15:00,24850,CE,68.52,68.92,65.86,67.48,248,22438,0.1606
2025-08-27 13:15:00,24850,PE,1113.36,1120.85,1109.5,1114.94,64,17036,0.1594
2025-08-27 13:15:00,24900,CE,79.07,79.75,78.66,79.08,142,13874,0.1576
2025-08-27 13:15:00,24900,PE,1166.46,1174.29,1152.37,1163.33,289,19552,0.156
2025-08-27 13:20:00,23500,CE,388.86,400.16,391.5,394.03,167,46023,0.1606
2025-08-27 13:20:00,23500,PE,72.72,74.14,72.46,73.06,370,47959,0.1574
2025-08-27 13:20:00,23550,CE,343.47,347.2,345.63,346.0,76,48401,0.1571
2025-08-27 13:20:00,23550,PE,78.5,80.02,78.19,78.51,275,58124,0.1627
2025-08-27 13:20:00,23600,CE,293.96,299.68,296.05,298.36,588,62024,0.1589
2025-08-27 13:20:00,23600,PE,71.72,71.42,70.4,71.25,179,57103,0.1574
2025-08-27 13:20:00,23650,CE,248.49,251.68,248.82,249.32,529,61331,0.156
2025-08-27 13:20:00,23650,PE,73.2,74.42,73.09,74.18,554,61930,0.1585
2025-08-27 13:20:00,23700,CE,202.63,202.99,200.77,201.02,404,73232,0.1604
2025-08-27 13:20:00,23700,PE,78.67,79.68,78.39,78.69,322,71312,0.1573
2025-08-27 13:20:00,23750,CE,141.02,144.86,141.14,142.6,173,75405,0.1613
2025-08-27 13:20:00,23750,PE,76.71,76.74,75.08,76.02,1295,80346,0.1585
2025-08-27 13:20:00,23800,CE,94.17,94.77,92.74,94.51,1371,76055,0.1557
2025-08-27 13:20:00,23800,PE,77.81,77.84,77.65,77.83,332,81573,0.1598
2025-08-27 13:20:00,23850,CE,79.75,82.07,78.93,79.73,423,73458,0.1588
2025-08-27 13:20:00,23850,PE,102.72,104.27,102.71,103.08,590,72542,0.1572
2025-08-27 13:20:00,23900,CE,72.85,73.35,72.68,72.71,71,62249,0.1589
2025-08-27 13:20:00,23900,PE,153.51,155.06,154.58,154.73,357,52779,0.1595
2025-08-27 13:20:00,23950,CE,73.12,74.74,73.85,73.92,269,61330,0.1595
2025-08-27 13:20:00,23950,PE,203.48,203.4,199.1,202.05,455,56987,0.155
2025-08-27 13:20:00,24000,CE,75.05,75.32,73.97,74.41,415,48463,0.1555
2025-08-27 13:20:00,24000,PE,254.74,258.32,249.28,253.19,114,53200,0.1548
2025-08-27 13:20:00,24050,CE,74.1,76.08,74.39,74.57,635,46903,0.1583
2025-08-27 13:20:00,24050,PE,307.25,309.1,304.21,304.9,121,45859,0.1575
2025-08-27 13:20:00,24100,CE,69.56,69.05,68.33,68.75,886,42449,0.1553
2025-08-27 13:20:00,24100,PE,350.05,353.08,350.84,351.99,433,45021,0.1569
2025-08-27 13:20:00,24150,CE,74.28,74.11,73.62,73.98,252,38481,0.1597
2025-08-27 13:20:00,24150,PE,399.92,408.7,400.5,405.0,155,39992,0.1608
2025-08-27 13:20:00,24200,CE,78.16,79.13,77.81,78.79,132,41068,0.1608
2025-08-27 13:20:00,24200,PE,449.09,455.35,449.58,453.18,250,37286,0.1595
2025-08-27 13:20:00,24250,CE,71.95,73.08,71.69,72.63,392,35107,0.1568
2025-08-27 13:20:00,24250,PE,504.4,510.28,509.75,509.87,432,36764,0.1577
2025-08-27 13:20:00,24300,CE,78.28,78.57,76.39,77.73,393,35589,0.1571
2025-08-27 13:20:00,24300,PE,555.86,562.14,545.42,555.59,262,30814,0.1582
2025-08-27 13:20:00,24350,CE,71.8,72.56,71.06,72.44,335,30876,0.1571
2025-08-27 13:20:00,24350,PE,611.11,610.22,604.34,604.39,378,35841,0.1591
2025-08-27 13:20:00,24400,CE,86.62,87.05,86.61,86.74,53,32848,0.1608
2025-08-27 13:20:00,24400,PE,649.3,652.89,642.67,649.45,347,30923,0.1563
2025-08-27 13:20:00,24450,CE,73.22,72.98,72.62,72.79,548,29852,0.1577
2025-08-27 13:20:00,24450,PE,709.87,709.19,699.94,706.38,493,25891,0.1581
2025-08-27 13:20:00,24500,CE,73.86,74.61,74.06,74.06,58,30936,0.1579
2025-08-27 13:20:00,24500,PE,749.0,762.99,750.6,752.55,34,26140,0.1575
2025-08-27 13:20:00,24550,CE,73.62,75.67,73.55,74.77,272,33803,0.1566
2025-08-27 13:20:00,24550,PE,793.97,813.97,799.52,805.57,324,24892,0.1588
2025-08-27 13:20:00,24600,CE,75.04,75.18,74.08,74.59,57,25629,0.1642
2025-08-27 13:20:00,24600,PE,847.59,853.86,843.81,848.16,282,21000,0.1551
2025-08-27 13:20:00,24650,CE,74.75,75.94,73.67,73.82,88,22527,0.1582
2025-08-27 13:20:00,24650,PE,911.01,901.49,898.35,901.32,143,24760,0.1563
2025-08-27 13:20:00,24700,CE,76.79,79.36,77.12,77.13,352,22521,0.1591
2025-08-27 13:20:00,24700,PE,945.14,966.23,939.62,950.17,193,24969,0.1565
2025-08-27 13:20:00,24750,CE,69.92,73.78,70.97,71.09,44,25092,0.1593
2025-08-27 13:20:00,24750,PE,1004.8,1009.61,985.01,999.84,411,20278,0.1579
2025-08-27 13:20:00,24800,CE,75.28,75.94,75.72,75.85,164,23851,0.1564
2025-08-27 13:20:00,24800,PE,1046.31,1066.5,1046.6,1053.24,54,23339,0.1555
2025-08-27 13:20:00,24850,CE,74.14,74.74,72.79,73.87,341,22728,0.1594
2025-08-27 13:20:00,24850,PE,1115.15,1122.82,1106.13,1110.49,323,17063,0.1578
2025-08-27 13:20:00,24900,CE,75.61,75.95,75.61,75.64,244,14348,0.1571
2025-08-27 13:20:00,24900,PE,1174.03,1155.32,1142.33,1151.55,135,19603,0.1567
2025-08-27 13:25:00,23500,CE,406.61,409.49,405.03,408.65,245,46029,0.1585
2025-08-27 13:25:00,23500,PE,73.16,73.44,72.44,73.15,184,47606,0.1564
2025-08-27 13:25:00,23550,CE,362.32,367.42,360.36,360.85,327,48940,0.1578
2025-08-27 13:25:00,23550,PE,71.97,71.96,69.03,71.86,252,58321,0.1592
2025-08-27 13:25:00,23600,CE,300.78,304.41,301.76,304.09,564,62145,0.156
2025-08-27 13:25:00,23600,PE,75.49,75.14,74.81,74.98,141,57451,0.1565
2025-08-27 13:25:00,23650,CE,254.68,259.57,255.1,256.87,853,60852,0.1569
2025-08-27 13:25:00,23650,PE,76.08,75.76,74.87,75.38,437,62369,0.16
2025-08-27 13:25:00,23700,CE,210.27,212.22,206.9,209.22,303,73232,0.16
2025-08-27 13:25:00,23700,PE,69.02,69.38,68.46,68.94,1007,71674,0.1579
2025-08-27 13:25:00,23750,CE,156.64,156.51,155.92,156.42,548,75660,0.1599
2025-08-27 13:25:00,23750,PE,70.07,71.03,69.97,70.1,1287,80287,0.156
2025-08-27 13:25:00,23800,CE,108.11,109.1,107.06,107.23,1561,76378,0.1596
2025-08-27 13:25:00,23800,PE,71.71,72.54,71.18,71.68,1047,81837,0.1594
2025-08-27 13:25:00,23850,CE,82.29,82.24,80.96,81.93,341,72862,0.1576
2025-08-27 13:25:00,23850,PE,97.94,97.26,96.34,96.96,1413,72793,0.1585
2025-08-27 13:25:00,23900,CE,77.88,80.41,77.02,78.24,1366,62259,0.1609
2025-08-27 13:25:00,23900,PE,140.9,141.9,140.21,140.26,575,53186,0.1594
2025-08-27 13:25:00,23950,CE,74.31,75.57,74.87,74.98,1196,61701,0.1606
2025-08-27 13:25:00,23950,PE,190.31,193.61,190.18,191.28,1054,56591,0.1592
2025-08-27 13:25:00,24000,CE,74.23,75.41,73.97,74.46,981,47889,0.159
2025-08-27 13:25:00,24000,PE,240.26,242.53,237.01,239.44,855,52835,0.1562
2025-08-27 13:25:00,24050,CE,75.94,76.44,75.36,76.06,57,47192,0.1597
2025-08-27 13:25:00,24050,PE,294.05,299.8,290.93,292.3,354,46304,0.1577
2025-08-27 13:25:00,24100,CE,71.19,72.92,71.55,72.09,270,42689,0.1574
2025-08-27 13:25:00,24100,PE,339.28,344.11,342.16,342.24,597,45405,0.1593
2025-08-27 13:25:00,24150,CE,68.89,69.52,69.42,69.49,727,38585,0.1583
2025-08-27 13:25:00,24150,PE,387.52,392.51,381.0,385.99,300,39999,0.1574
2025-08-27 13:25:00,24200,CE,76.84,77.23,75.77,76.39,472,41632,0.1611
2025-08-27 13:25:00,24200,PE,437.96,441.99,439.86,440.11,144,36782,0.1578
2025-08-27 13:25:00,24250,CE,80.6,81.52,80.48,80.78,341,35012,0.1583
2025-08-27 13:25:00,24250,PE,481.69,491.18,485.38,485.52,650,36497,0.161
2025-08-27 13:25:00,24300,CE,81.82,81.85,80.01,80.03,109,35135,0.1614
2025-08-27 13:25:00,24300,PE,548.14,542.27,538.68,541.63,602,30940,0.1585
2025-08-27 13:25:00,24350,CE,69.46,70.51,69.33,69.86,614,30591,0.1545
2025-08-27 13:25:00,24350,PE,595.55,599.76,590.19,591.38,60,35796,0.1604
2025-08-27 13:25:00,24400,CE,79.84,80.56,78.6,79.5,110,32411,0.1595
2025-08-27 13:25:00,24400,PE,631.88,640.33,632.95,637.96,524,30790,0.1603
2025-08-27 13:25:00,24450,CE,72.48,73.3,72.84,72.98,47,29492,0.1571
2025-08-27 13:25:00,24450,PE,700.85,709.8,693.14,695.05,211,26367,0.1575
2025-08-27 13:25:00,24500,CE,74.22,73.62,72.32,72.82,341,30962,0.1596
2025-08-27 13:25:00,24500,PE,740.86,765.73,736.28,739.23,312,26499,0.1543
2025-08-27 13:25:00,24550,CE,78.51,78.78,78.3,78.65,103,33785,0.1598
2025-08-27 13:25:00,24550,PE,795.75,806.72,773.04,790.36,199,24342,0.1566
2025-08-27 13:25:00,24600,CE,73.99,74.54,73.47,74.17,267,25862,0.159
2025-08-27 13:25:00,24600,PE,838.55,847.41,839.39,840.18,321,20457,0.1601
2025-08-27 13:25:00,24650,CE,74.51,74.79,72.7,73.99,184,22401,0.16
2025-08-27 13:25:00,24650,PE,915.86,904.6,886.25,897.77,77,24816,0.161
2025-08-27 13:25:00,24700,CE,76.22,75.47,74.76,75.38,235,22856,0.157
2025-08-27 13:25:00,24700,PE,938.83,949.41,940.21,943.67,335,25447,0.1604
2025-08-27 13:25:00,24750,CE,73.11,73.85,72.68,72.81,181,24737,0.1595
2025-08-27 13:25:00,24750,PE,982.09,991.9,971.33,990.81,229,20474,0.1591
2025-08-27 13:25:00,24800,CE,76.89,76.35,75.77,75.87,138,23815,0.1588
2025-08-27 13:25:00,24800,PE,1031.6,1053.08,1030.01,1043.9,369,23660,0.1572
2025-08-27 13:25:00,24850,CE,76.39,78.37,76.27,77.63,238,23255,0.1576
2025-08-27 13:25:00,24850,PE,1095.09,1097.96,1093.06,1093.56,11,17102,0.1567
2025-08-27 13:25:00,24900,CE,78.54,77.72,76.8,77.61,103,14092,0.1558
2025-08-27 13:25:00,24900,PE,1134.21,1148.83,1127.51,1135.9,292,19961,0.1563
2025-08-27 13:30:00,23500,CE,409.2,412.25,406.41,408.31,405,46061,0.1611
2025-08-27 13:30:00,23500,PE,73.3,73.95,72.94,73.83,496,48064,0.1587
2025-08-27 13:30:00,23550,CE,367.05,373.4,352.36,362.35,33,49019,0.1583
2025-08-27 13:30:00,23550,PE,67.9,70.4,67.36,67.88,74,58845,0.1591
2025-08-27 13:30:00,23600,CE,306.33,309.64,306.65,307.84,246,61566,0.1593
2025-08-27 13:30:00,23600,PE,70.63,71.94,70.33,71.16,796,57737,0.1568
2025-08-27 13:30:00,23650,CE,253.56,258.04,248.44,253.38,981,60667,0.1624
2025-08-27 13:30:00,23650,PE,67.62,69.88,67.92,68.72,313,62571,0.1589
2025-08-27 13:30:00,23700,CE,207.75,209.02,206.36,208.51,1154,73762,0.1597
2025-08-27 13:30:00,23700,PE,81.84,81.25,81.11,81.2,499,71858,0.1625
2025-08-27 13:30:00,23750,CE,155.94,158.86,155.87,156.53,1152,75953,0.1594
2025-08-27 13:30:00,23750,PE,79.09,78.78,78.36,78.65,843,79876,0.1566
2025-08-27 13:30:00,23800,CE,103.64,106.58,103.96,104.67,1028,75982,0.1565
2025-08-27 13:30:00,23800,PE,71.18,72.62,70.61,71.31,742,81925,0.1569
2025-08-27 13:30:00,23850,CE,72.02,75.11,73.31,73.81,71,72778,0.1571
2025-08-27 13:30:00,23850,PE,88.71,88.1,86.37,88.0,548,72326,0.1591
2025-08-27 13:30:00,23900,CE,77.1,76.88,76.13,76.82,944,62533,0.159
2025-08-27 13:30:00,23900,PE,147.98,155.59,148.46,149.09,1294,53424,0.1608
2025-08-27 13:30:00,23950,CE,72.99,73.72,72.81,73.35,247,61210,0.1575
2025-08-27 13:30:00,23950,PE,196.7,195.72,193.55,195.34,1042,56049,0.162
2025-08-27 13:30:00,24000,CE,72.67,75.2,72.54,72.9,438,47743,0.1609
2025-08-27 13:30:00,24000,PE,239.63,241.55,238.34,240.15,218,52994,0.1578
2025-08-27 13:30:00,24050,CE,79.19,80.36,78.68,79.12,780,47664,0.1632
2025-08-27 13:30:00,24050,PE,291.99,296.77,292.2,292.64,481,46225,0.1574
2025-08-27 13:30:00,24100,CE,79.71,79.34,78.96,79.2,198,42189,0.1616
2025-08-27 13:30:00,24100,PE,341.26,343.37,336.28,342.72,772,45813,0.1575
2025-08-27 13:30:00,24150,CE,75.8,75.88,75.24,75.62,823,38134,0.1577
2025-08-27 13:30:00,24150,PE,393.43,398.14,386.79,390.25,361,40163,0.1582
2025-08-27 13:30:00,24200,CE,77.7,79.23,78.11,78.26,683,41528,0.1595
2025-08-27 13:30:00,24200,PE,445.82,446.95,445.35,445.83,118,37273,0.1596
2025-08-27 13:30:00,24250,CE,74.49,75.97,74.87,75.06,70,35257,0.1576
2025-08-27 13:30:00,24250,PE,493.58,503.36,491.47,494.82,270,35897,0.1558
2025-08-27 13:30:00,24300,CE,70.27,71.76,70.85,71.34,357,34982,0.1546
2025-08-27 13:30:00,24300,PE,548.22,547.92,541.92,542.4,298,30556,0.1567
2025-08-27 13:30:00,24350,CE,76.44,78.02,76.96,77.0,425,30331,0.1591
2025-08-27 13:30:00,24350,PE,587.86,594.59,587.65,587.93,104,35674,0.1587
2025-08-27 13:30:00,24400,CE,67.5,68.16,67.41,67.61,118,32460,0.1587
2025-08-27 13:30:00,24400,PE,626.04,645.54,639.5,640.75,319,31148,0.1601
2025-08-27 13:30:00,24450,CE,79.59,81.33,78.84,80.05,546,28995,0.1621
2025-08-27 13:30:00,24450,PE,702.83,697.81,696.94,697.44,29,26296,0.1598
2025-08-27 13:30:00,24500,CE,85.73,85.43,84.05,85.1,43,31382,0.1606
2025-08-27 13:30:00,24500,PE,733.75,752.05,731.82,739.82,428,26417,0.1525
2025-08-27 13:30:00,24550,CE,73.16,73.5,72.57,72.82,482,33808,0.1588
2025-08-27 13:30:00,24550,PE,794.56,795.32,777.24,789.93,277,24676,0.1583
2025-08-27 13:30:00,24600,CE,77.55,78.67,78.05,78.56,266,26117,0.1597
2025-08-27 13:30:00,24600,PE,839.94,848.15,843.42,845.94,120,20468,0.1576
2025-08-27 13:30:00,24650,CE,72.33,72.91,72.59,72.66,370,22961,0.1564
2025-08-27 13:30:00,24650,PE,909.25,896.76,886.69,892.56,93,24259,0.1572
2025-08-27 13:30:00,24700,CE,73.35,74.38,73.77,74.04,261,22321,0.1583
2025-08-27 13:30:00,24700,PE,954.04,952.22,933.54,944.97,300,25359,0.1617
2025-08-27 13:30:00,24750,CE,75.86,77.35,75.6,76.2,335,24326,0.1596
2025-08-27 13:30:00,24750,PE,986.33,998.3,991.27,991.49,25,20133,0.1544
2025-08-27 13:30:00,24800,CE,75.01,74.65,73.13,74.59,31,23395,0.158
2025-08-27 13:30:00,24800,PE,1053.42,1070.94,1045.27,1046.34,305,23890,0.1606
2025-08-27 13:30:00,24850,CE,75.59,75.5,74.79,74.89,242,23160,0.1556
2025-08-27 13:30:00,24850,PE,1084.83,1125.02,1084.09,1096.39,91,17503,0.1596
2025-08-27 13:30:00,24900,CE,70.36,72.41,70.95,71.08,326,13792,0.1592
2025-08-27 13:30:00,24900,PE,1137.97,1155.83,1130.42,1143.77,333,20109,0.1584
2025-08-27 13:35:00,23500,CE,394.12,397.95,392.86,395.84,298,45717,0.1606
2025-08-27 13:35:00,23500,PE,68.96,70.16,69.02,69.04,500,47481,0.1554
2025-08-27 13:35:00,23550,CE,341.82,343.49,340.44,342.69,299,49245,0.1611
2025-08-27 13:35:00,23550,PE,77.37,79.19,77.75,78.22,462,58419,0.1587
2025-08-27 13:35:00,23600,CE,288.16,292.43,284.6,288.33,174,61798,0.1568
2025-08-27 13:35:00,23600,PE,73.29,73.11,72.58,72.8,846,57965,0.159
2025-08-27 13:35:00,23650,CE,240.11,243.81,240.13,243.26,191,60868,0.158
2025-08-27 13:35:00,23650,PE,72.79,73.53,73.05,73.25,323,62681,0.1554
2025-08-27 13:35:00,23700,CE,199.07,201.98,196.2,198.16,753,74223,0.1588
2025-08-27 13:35:00,23700,PE,75.38,76.11,75.01,75.69,1044,71348,0.1578
2025-08-27 13:35:00,23750,CE,143.74,145.46,143.05,145.17,24,76471,0.1617
2025-08-27 13:35:00,23750,PE,74.33,75.57,74.06,74.39,458,79355,0.1616
2025-08-27 13:35:00,23800,CE,95.92,96.05,95.3,95.59,344,75976,0.1575
2025-08-27 13:35:00,23800,PE,77.1,77.5,75.1,75.66,1501,82432,0.1579
2025-08-27 13:35:00,23850,CE,77.14,77.44,77.09,77.33,1069,72500,0.1622
2025-08-27 13:35:00,23850,PE,104.7,104.82,103.81,104.15,1159,72731,0.1571
2025-08-27 13:35:00,23900,CE,76.11,77.02,76.66,76.82,584,62644,0.1604
2025-08-27 13:35:00,23900,PE,163.31,164.23,163.6,163.65,692,53857,0.1626
2025-08-27 13:35:00,23950,CE,76.63,77.08,76.33,76.47,756,60668,0.1588
2025-08-27 13:35:00,23950,PE,208.59,207.94,205.9,207.39,1066,56116,0.1575
2025-08-27 13:35:00,24000,CE,72.54,73.55,71.77,71.8,479,47369,0.1523
2025-08-27 13:35:00,24000,PE,256.34,261.3,260.15,260.54,765,52415,0.155
2025-08-27 13:35:00,24050,CE,73.28,74.32,72.9,73.0,183,47890,0.1567
2025-08-27 13:35:00,24050,PE,299.93,303.65,300.63,302.31,279,46524,0.1575
2025-08-27 13:35:00,24100,CE,78.61,78.98,77.98,78.85,245,42472,0.1591
2025-08-27 13:35:00,24100,PE,351.5,359.72,350.19,357.01,611,46085,0.1575
2025-08-27 13:35:00,24150,CE,81.6,82.85,81.16,81.32,605,38493,0.1595
2025-08-27 13:35:00,24150,PE,406.29,406.06,403.26,405.4,310,40126,0.1573
2025-08-27 13:35:00,24200,CE,73.69,75.89,74.62,75.23,64,41345,0.1623
2025-08-27 13:35:00,24200,PE,450.17,461.1,455.94,456.74,355,37598,0.1566
2025-08-27 13:35:00,24250,CE,75.4,77.74,76.09,76.13,637,35456,0.1567
2025-08-27 13:35:00,24250,PE,514.0,507.45,505.14,505.34,100,35537,0.1572
2025-08-27 13:35:00,24300,CE,76.78,76.19,74.58,75.73,356,34904,0.1612
2025-08-27 13:35:00,24300,PE,563.82,560.2,550.58,556.79,613,30174,0.1608
2025-08-27 13:35:00,24350,CE,71.07,71.8,70.48,70.99,356,30665,0.157
2025-08-27 13:35:00,24350,PE,596.43,617.16,601.62,605.85,275,35370,0.1577
2025-08-27 13:35:00,24400,CE,72.44,73.64,73.16,73.33,84,32607,0.1589
2025-08-27 13:35:00,24400,PE,657.73,668.97,646.74,654.51,370,31430,0.1558
2025-08-27 13:35:00,24450,CE,69.74,69.46,67.84,69.17,461,29584,0.1604
2025-08-27 13:35:00,24450,PE,712.03,729.46,711.25,711.94,110,26215,0.1614
2025-08-27 13:35:00,24500,CE,72.77,73.14,72.15,72.73,174,31828,0.159
2025-08-27 13:35:00,24500,PE,748.78,758.88,750.85,758.08,68,26614,0.1608
2025-08-27 13:35:00,24550,CE,75.88,76.93,75.27,76.34,161,33218,0.1605
2025-08-27 13:35:00,24550,PE,810.01,809.71,801.56,803.98,299,24545,0.1611
2025-08-27 13:35:00,24600,CE,73.03,72.91,71.65,72.42,328,25989,0.16
2025-08-27 13:35:00,24600,PE,858.61,860.33,851.69,855.12,95,20011,0.1624
2025-08-27 13:35:00,24650,CE,76.99,76.51,75.14,76.01,87,22885,0.1574
2025-08-27 13:35:00,24650,PE,901.06,904.04,894.64,903.71,126,23798,0.1555
2025-08-27 13:35:00,24700,CE,69.72,72.19,69.72,70.43,141,22723,0.1585
2025-08-27 13:35:00,24700,PE,950.45,970.98,955.43,959.56,363,25193,0.1606
2025-08-27 13:35:00,24750,CE,76.46,76.75,76.28,76.32,218,23945,0.1569
2025-08-27 13:35:00,24750,PE,1005.44,1029.23,1002.44,1007.41,174,20255,0.1599
2025-08-27 13:35:00,24800,CE,71.37,71.63,71.62,71.62,13,23824,0.1568
2025-08-27 13:35:00,24800,PE,1072.15,1062.6,1050.9,1052.89,359,24411,0.1555
2025-08-27 13:35:00,24850,CE,74.47,75.24,74.06,74.64,85,23633,0.1587
2025-08-27 13:35:00,24850,PE,1108.21,1117.84,1093.22,1111.52,49,17961,0.1601
2025-08-27 13:35:00,24900,CE,73.75,74.14,73.39,73.66,55,13609,0.1551
2025-08-27 13:35:00,24900,PE,1151.04,1175.35,1150.41,1160.0,349,20115,0.1607
2025-08-27 13:40:00,23500,CE,393.53,391.97,387.7,390.74,191,45562,0.1575
2025-08-27 13:40:00,23500,PE,72.43,73.83,72.77,73.59,284,47987,0.1572
2025-08-27 13:40:00,23550,CE,350.24,351.12,348.25,349.12,384,48756,0.1597
2025-08-27 13:40:00,23550,PE,72.39,73.48,73.04,73.14,163,58484,0.1578
2025-08-27 13:40:00,23600,CE,292.03,297.55,293.58,294.94,30,61494,0.1578
2025-08-27 13:40:00,23600,PE,73.75,75.17,74.71,74.81,611,58385,0.158
2025-08-27 13:40:00,23650,CE,249.06,248.68,243.79,246.22,123,60675,0.158
2025-08-27 13:40:00,23650,PE,75.28,75.14,74.03,74.55,446,63117,0.1573
2025-08-27 13:40:00,23700,CE,198.05,200.13,195.98,199.28,989,74736,0.1553
2025-08-27 13:40:00,23700,PE,76.2,76.81,75.23,75.59,785,70954,0.1564
2025-08-27 13:40:00,23750,CE,147.39,150.22,146.98,147.54,1346,76776,0.1582
2025-08-27 13:40:00,23750,PE,72.98,73.3,72.07,72.08,954,79174,0.1581
2025-08-27 13:40:00,23800,CE,97.34,99.09,96.94,97.21,1335,75859,0.1608
2025-08-27 13:40:00,23800,PE,75.2,76.9,75.38,75.58,560,82161,0.1598
2025-08-27 13:40:00,23850,CE,71.49,72.63,71.33,72.08,1084,72639,0.1585
2025-08-27 13:40:00,23850,PE,104.1,104.3,103.0,104.25,391,72542,0.1611
2025-08-27 13:40:00,23900,CE,75.25,76.23,74.93,75.79,336,62932,0.1552
2025-08-27 13:40:00,23900,PE,151.19,153.7,151.09,151.2,496,54191,0.1557
2025-08-27 13:40:00,23950,CE,72.21,72.21,71.41,71.78,300,60542,0.1561
2025-08-27 13:40:00,23950,PE,202.21,205.27,195.81,201.77,51,55521,0.1594
2025-08-27 13:40:00,24000,CE,74.13,74.47,74.0,74.39,48,46848,0.1612
2025-08-27 13:40:00,24000,PE,253.5,252.89,251.95,252.64,1016,52143,0.1584
2025-08-27 13:40:00,24050,CE,72.0,73.16,72.84,72.97,532,48434,0.1612
2025-08-27 13:40:00,24050,PE,306.8,312.63,303.49,306.76,488,46396,0.1601
2025-08-27 13:40:00,24100,CE,74.76,74.32,73.91,74.17,658,42765,0.1573
2025-08-27 13:40:00,24100,PE,357.48,362.37,355.59,356.82,103,46608,0.1613
2025-08-27 13:40:00,24150,CE,74.93,74.68,73.97,74.44,113,38303,0.1619
2025-08-27 13:40:00,24150,PE,399.83,400.23,391.54,399.97,786,40199,0.1579
2025-08-27 13:40:00,24200,CE,73.06,73.58,72.94,73.05,437,41767,0.1542
2025-08-27 13:40:00,24200,PE,450.43,458.5,448.07,452.13,348,37735,0.1639
2025-08-27 13:40:00,24250,CE,72.3,72.98,72.48,72.96,391,34990,0.1577
2025-08-27 13:40:00,24250,PE,509.65,502.46,500.34,501.82,223,35860,0.1567
2025-08-27 13:40:00,24300,CE,79.19,80.24,78.33,78.36,224,35388,0.1605
2025-08-27 13:40:00,24300,PE,560.01,561.61,550.35,553.51,633,30496,0.1614
2025-08-27 13:40:00,24350,CE,75.53,75.91,74.57,74.63,10,30968,0.1581
2025-08-27 13:40:00,24350,PE,603.94,624.18,603.52,603.53,608,35676,0.1597
2025-08-27 13:40:00,24400,CE,75.51,76.86,75.91,76.47,375,32742,0.156
2025-08-27 13:40:00,24400,PE,656.45,665.35,650.0,657.06,293,31127,0.1611
2025-08-27 13:40:00,24450,CE,73.66,73.38,72.75,73.34,268,30077,0.1593
2025-08-27 13:40:00,24450,PE,707.03,712.36,700.31,703.58,55,25769,0.1583
2025-08-27 13:40:00,24500,CE,75.11,75.93,74.99,75.79,458,32220,0.1544
2025-08-27 13:40:00,24500,PE,761.22,754.77,753.66,754.08,270,26445,0.1585
2025-08-27 13:40:00,24550,CE,76.69,77.83,76.86,76.86,62,33426,0.1582
2025-08-27 13:40:00,24550,PE,810.5,814.66,807.05,810.12,271,24911,0.1637
2025-08-27 13:40:00,24600,CE,76.66,78.83,75.46,76.55,176,26347,0.1591
2025-08-27 13:40:00,24600,PE,837.74,861.14,843.1,852.76,451,19604,0.1592
2025-08-27 13:40:00,24650,CE,74.73,75.85,74.2,75.28,347,23018,0.1593
2025-08-27 13:40:00,24650,PE,909.46,920.89,898.82,901.05,188,23455,0.1576
2025-08-27 13:40:00,24700,CE,74.79,75.81,74.11,74.62,73,22257,0.156
2025-08-27 13:40:00,24700,PE,960.28,959.9,952.29,959.58,120,25209,0.1616
2025-08-27 13:40:00,24750,CE,75.54,75.44,74.21,75.2,226,24530,0.1548
2025-08-27 13:40:00,24750,PE,1014.32,1025.11,990.94,1006.54,308,20832,0.158
2025-08-27 13:40:00,24800,CE,71.8,73.15,71.33,72.29,301,23912,0.1574
2025-08-27 13:40:00,24800,PE,1043.59,1062.3,1049.4,1056.39,326,24737,0.1575
2025-08-27 13:40:00,24850,CE,75.13,76.47,74.12,74.68,310,23332,0.1569
2025-08-27 13:40:00,24850,PE,1100.77,1107.47,1082.17,1106.97,278,17630,0.1569
2025-08-27 13:40:00,24900,CE,76.28,77.12,76.47,76.77,121,13856,0.1612
2025-08-27 13:40:00,24900,PE,1170.21,1176.19,1143.29,1155.24,189,20458,0.1586
2025-08-27 13:45:00,23500,CE,373.41,373.63,369.95,370.06,635,45852,0.1585
2025-08-27 13:45:00,23500,PE,77.59,77.54,77.44,77.52,141,47512,0.1581
2025-08-27 13:45:00,23550,CE,319.64,321.98,315.53,316.75,250,48583,0.158
2025-08-27 13:45:00,23550,PE,78.04,79.18,78.24,78.51,790,57937,0.1558
2025-08-27 13:45:00,23600,CE,267.61,273.08,266.0,267.16,582,61837,0.1615
2025-08-27 13:45:00,23600,PE,72.52,73.23,72.26,73.19,397,58159,0.1592
2025-08-27 13:45:00,23650,CE,220.71,222.46,219.12,220.26,258,60590,0.1608
2025-08-27 13:45:00,23650,PE,80.66,80.38,80.17,80.25,739,63211,0.1588
2025-08-27 13:45:00,23700,CE,170.91,171.42,168.5,170.03,1151,74136,0.1623
2025-08-27 13:45:00,23700,PE,71.44,73.45,71.81,72.06,410,70778,0.1586
2025-08-27 13:45:00,23750,CE,119.95,120.0,117.5,118.3,626,77048,0.1612
2025-08-27 13:45:00,23750,PE,70.7,71.68,70.46,70.57,180,78917,0.1583
2025-08-27 13:45:00,23800,CE,73.75,74.55,73.25,73.34,122,75943,0.1579
2025-08-27 13:45:00,23800,PE,78.43,78.59,78.18,78.39,1689,82733,0.1566
2025-08-27 13:45:00,23850,CE,72.43,73.84,72.04,73.1,94,72180,0.1561
2025-08-27 13:45:00,23850,PE,130.69,132.8,130.25,131.96,861,72263,0.157
2025-08-27 13:45:00,23900,CE,72.35,72.93,72.26,72.84,316,63152,0.1575
2025-08-27 13:45:00,23900,PE,183.22,184.89,180.87,183.03,413,54309,0.159
2025-08-27 13:45:00,23950,CE,74.53,75.61,73.4,73.94,62,61115,0.1555
2025-08-27 13:45:00,23950,PE,227.47,229.38,228.42,229.04,114,54962,0.1575
2025-08-27 13:45:00,24000,CE,71.59,72.54,71.69,71.88,440,47301,0.1577
2025-08-27 13:45:00,24000,PE,291.73,292.75,288.93,290.34,663,52129,0.1601
2025-08-27 13:45:00,24050,CE,79.32,80.44,79.35,79.57,269,48106,0.1607
2025-08-27 13:45:00,24050,PE,335.92,337.66,330.59,331.23,615,46400,0.1614
2025-08-27 13:45:00,24100,CE,80.3,80.99,80.37,80.74,528,42659,0.1609
2025-08-27 13:45:00,24100,PE,379.51,386.91,378.91,381.73,266,46223,0.1585
2025-08-27 13:45:00,24150,CE,69.36,70.36,68.86,69.33,239,37966,0.1577
2025-08-27 13:45:00,24150,PE,432.48,438.41,428.19,429.84,390,39944,0.1599
2025-08-27 13:45:00,24200,CE,72.05,72.39,72.07,72.08,582,41829,0.1559
2025-08-27 13:45:00,24200,PE,485.97,485.21,476.7,481.58,231,37234,0.1556
2025-08-27 13:45:00,24250,CE,76.66,78.13,76.64,77.59,92,34496,0.1554
2025-08-27 13:45:00,24250,PE,536.86,538.01,534.34,534.59,226,35658,0.158
2025-08-27 13:45:00,24300,CE,76.83,76.87,75.9,76.2,41,35636,0.1599
2025-08-27 13:45:00,24300,PE,583.5,591.3,579.69,580.24,341,31069,0.1591
2025-08-27 13:45:00,24350,CE,75.97,75.66,75.37,75.47,532,30382,0.1592
2025-08-27 13:45:00,24350,PE,632.83,638.24,634.0,635.47,421,36242,0.1537
2025-08-27 13:45:00,24400,CE,80.96,81.45,78.76,79.64,454,32965,0.1595
2025-08-27 13:45:00,24400,PE,684.38,684.45,676.68,680.18,86,31608,0.16
2025-08-27 13:45:00,24450,CE,76.4,79.66,76.79,77.01,440,30120,0.1563
2025-08-27 13:45:00,24450,PE,727.8,742.12,719.52,731.88,493,25724,0.1587
2025-08-27 13:45:00,24500,CE,74.54,74.78,73.11,73.57,274,32562,0.1547
2025-08-27 13:45:00,24500,PE,777.39,795.91,784.04,786.29,367,26506,0.1568
2025-08-27 13:45:00,24550,CE,74.76,76.12,75.31,75.81,379,33902,0.157
2025-08-27 13:45:00,24550,PE,828.98,844.38,822.86,828.62,316,25382,0.1596
2025-08-27 13:45:00,24600,CE,76.0,76.73,75.17,76.15,193,26383,0.1573
2025-08-27 13:45:00,24600,PE,875.51,886.78,863.02,880.54,301,19692,0.1578
2025-08-27 13:45:00,24650,CE,69.39,68.68,68.03,68.45,84,22965,0.1558
2025-08-27 13:45:00,24650,PE,924.28,942.92,935.05,935.3,65,23682,0.1616
2025-08-27 13:45:00,24700,CE,67.18,68.54,66.68,66.93,338,22475,0.1572
2025-08-27 13:45:00,24700,PE,985.45,989.68,964.78,983.4,365,25389,0.1559
2025-08-27 13:45:00,24750,CE,77.7,78.19,75.67,77.42,157,24004,0.158
2025-08-27 13:45:00,24750,PE,1024.26,1033.37,1031.72,1032.23,19,21388,0.1558
2025-08-27 13:45:00,24800,CE,81.47,81.17,80.82,80.89,304,23714,0.1592
2025-08-27 13:45:00,24800,PE,1091.38,1084.85,1071.82,1083.39,371,24432,0.1565
2025-08-27 13:45:00,24850,CE,76.32,75.85,75.4,75.49,290,22985,0.158
2025-08-27 13:45:00,24850,PE,1128.75,1148.68,1122.75,1131.16,267,17113,0.1606
2025-08-27 13:45:00,24900,CE,78.78,80.16,78.4,78.79,248,13804,0.1607
2025-08-27 13:45:00,24900,PE,1191.38,1200.88,1182.51,1185.99,212,19907,0.1604
2025-08-27 13:50:00,23500,CE,393.29,395.37,388.74,390.45,319,45445,0.1575
2025-08-27 13:50:00,23500,PE,79.52,79.42,78.05,79.35,523,46918,0.1601
2025-08-27 13:50:00,23550,CE,343.33,349.69,342.16,345.3,831,48192,0.1622
2025-08-27 13:50:00,23550,PE,75.62,76.54,75.02,75.8,485,58531,0.1576
2025-08-27 13:50:00,23600,CE,291.45,290.22,284.94,289.53,423,61886,0.1604
2025-08-27 13:50:00,23600,PE,72.61,73.97,72.7,73.13,969,57639,0.1557
2025-08-27 13:50:00,23650,CE,243.73,248.34,239.27,243.46,639,60666,0.1632
2025-08-27 13:50:00,23650,PE,72.11,72.04,70.34,71.93,817,63331,0.1565
2025-08-27 13:50:00,23700,CE,194.02,196.36,191.45,193.78,618,74193,0.1586
2025-08-27 13:50:00,23700,PE,70.41,71.03,69.95,70.54,375,70581,0.1582
2025-08-27 13:50:00,23750,CE,143.46,142.95,141.39,142.81,1377,77236,0.1585
2025-08-27 13:50:00,23750,PE,75.2,76.77,74.96,76.51,995,78488,0.1582
2025-08-27 13:50:00,23800,CE,84.65,84.97,84.6,84.63,671,75606,0.1549
2025-08-27 13:50:00,23800,PE,70.67,72.03,71.63,71.96,1607,83326,0.1538
2025-08-27 13:50:00,23850,CE,76.23,78.07,76.99,77.21,557,72078,0.1628
2025-08-27 13:50:00,23850,PE,107.68,107.89,106.07,107.24,1111,71840,0.1592
2025-08-27 13:50:00,23900,CE,72.51,73.78,72.63,72.81,788,62812,0.1562
2025-08-27 13:50:00,23900,PE,155.86,156.13,153.51,154.2,742,54577,0.1588
2025-08-27 13:50:00,23950,CE,76.7,77.21,75.34,76.89,905,60654,0.1615
2025-08-27 13:50:00,23950,PE,213.5,213.92,210.3,212.28,366,54786,0.1592
2025-08-27 13:50:00,24000,CE,74.02,73.86,72.36,73.29,792,47095,0.1609
2025-08-27 13:50:00,24000,PE,254.73,257.23,253.22,255.4,512,51802,0.1598
2025-08-27 13:50:00,24050,CE,80.45,81.94,80.66,80.78,348,48078,0.1615
2025-08-27 13:50:00,24050,PE,303.56,305.38,302.14,303.39,218,45932,0.1583
2025-08-27 13:50:00,24100,CE,80.74,82.29,80.99,81.65,139,42606,0.1607
2025-08-27 13:50:00,24100,PE,361.25,370.81,359.77,361.77,158,45662,0.1584
2025-08-27 13:50:00,24150,CE,72.83,74.72,72.19,72.51,684,38530,0.1596
2025-08-27 13:50:00,24150,PE,408.9,413.32,405.66,410.26,425,40069,0.1602
2025-08-27 13:50:00,24200,CE,77.11,78.04,76.81,77.3,136,41319,0.1619
2025-08-27 13:50:00,24200,PE,466.06,463.66,459.28,462.2,71,36862,0.1613
2025-08-27 13:50:00,24250,CE,73.42,74.05,72.71,73.04,88,34779,0.1577
2025-08-27 13:50:00,24250,PE,512.01,511.6,507.47,507.7,544,35936,0.1542
2025-08-27 13:50:00,24300,CE,70.81,70.37,69.88,70.3,196,35473,0.1566
2025-08-27 13:50:00,24300,PE,559.03,562.76,554.42,559.15,242,30647,0.159
2025-08-27 13:50:00,24350,CE,68.31,68.51,68.06,68.27,296,30425,0.1583
2025-08-27 13:50:00,24350,PE,605.14,604.94,597.56,602.62,134,35973,0.1556
2025-08-27 13:50:00,24400,CE,71.04,71.17,70.41,70.98,278,32481,0.1565
2025-08-27 13:50:00,24400,PE,664.42,664.97,651.01,658.38,346,31423,0.1629
2025-08-27 13:50:00,24450,CE,70.07,71.05,69.61,70.24,392,30421,0.1541
2025-08-27 13:50:00,24450,PE,713.4,722.91,703.87,707.2,209,25548,0.161
2025-08-27 13:50:00,24500,CE,80.3,80.08,79.27,79.53,278,32010,0.158
2025-08-27 13:50:00,24500,PE,758.71,769.99,751.73,760.98,107,26050,0.1584
2025-08-27 13:50:00,24550,CE,72.06,71.24,70.88,71.16,146,34017,0.1604
2025-08-27 13:50:00,24550,PE,808.29,812.56,804.36,807.37,127,25408,0.1595
2025-08-27 13:50:00,24600,CE,72.9,72.47,71.56,71.69,328,26592,0.1582
2025-08-27 13:50:00,24600,PE,864.26,867.07,850.39,857.28,253,19778,0.1578
2025-08-27 13:50:00,24650,CE,66.81,68.11,66.1,67.21,203,22961,0.1538
2025-08-27 13:50:00,24650,PE,896.73,929.21,902.58,906.08,359,23652,0.1596
2025-08-27 13:50:00,24700,CE,74.29,74.55,74.2,74.43,156,23028,0.1621
2025-08-27 13:50:00,24700,PE,952.27,974.27,940.63,955.8,395,25823,0.1579
2025-08-27 13:50:00,24750,CE,72.87,73.63,72.34,73.33,340,23863,0.1556
2025-08-27 13:50:00,24750,PE,1004.71,1022.79,1010.51,1011.64,396,21572,0.159
2025-08-27 13:50:00,24800,CE,70.04,70.86,70.53,70.55,353,23138,0.1569
2025-08-27 13:50:00,24800,PE,1055.13,1071.23,1055.07,1059.64,48,23857,0.1578
2025-08-27 13:50:00,24850,CE,77.6,78.82,78.16,78.38,380,22767,0.1545
2025-08-27 13:50:00,24850,PE,1121.71,1124.86,1102.15,1113.53,20,17418,0.1586
2025-08-27 13:50:00,24900,CE,70.79,70.33,69.93,70.31,292,14314,0.1568
2025-08-27 13:50:00,24900,PE,1167.6,1171.47,1160.05,1160.23,215,20126,0.1547
2025-08-27 13:55:00,23500,CE,390.49,394.12,387.04,390.25,528,45692,0.1598
2025-08-27 13:55:00,23500,PE,70.65,71.7,71.07,71.28,444,46356,0.1584
2025-08-27 13:55:00,23550,CE,344.76,346.54,339.95,345.57,167,48708,0.161
2025-08-27 13:55:00,23550,PE,71.29,73.25,71.42,72.48,59,58035,0.1583
2025-08-27 13:55:00,23600,CE,287.45,289.92,287.55,288.16,819,62422,0.1588
2025-08-27 13:55:00,23600,PE,75.06,75.27,74.41,74.94,464,57209,0.1593
2025-08-27 13:55:00,23650,CE,232.69,235.3,234.02,234.72,675,60106,0.1625
2025-08-27 13:55:00,23650,PE,76.28,76.64,75.45,76.27,420,63407,0.1544
2025-08-27 13:55:00,23700,CE,183.76,184.31,181.3,184.0,1130,73729,0.1603
2025-08-27 13:55:00,23700,PE,77.74,78.57,78.14,78.2,785,70015,0.1591
2025-08-27 13:55:00,23750,CE,133.91,133.44,132.01,132.98,696,77437,0.1598
2025-08-27 13:55:00,23750,PE,72.75,74.4,72.98,73.22,75,78773,0.1606
2025-08-27 13:55:00,23800,CE,88.24,89.36,87.53,88.24,1698,75357,0.1587
2025-08-27 13:55:00,23800,PE,73.54,74.79,74.32,74.68,1311,83366,0.1564
2025-08-27 13:55:00,23850,CE,74.86,75.96,75.1,75.32,1457,72181,0.1587
2025-08-27 13:55:00,23850,PE,116.0,116.82,116.29,116.38,1277,71433,0.1576
2025-08-27 13:55:00,23900,CE,71.85,72.02,70.01,71.73,366,62740,0.16
2025-08-27 13:55:00,23900,PE,160.97,160.93,159.58,160.85,1238,54741,0.1593
2025-08-27 13:55:00,23950,CE,76.0,77.57,76.09,76.6,270,61116,0.1627
2025-08-27 13:55:00,23950,PE,210.22,214.14,207.87,210.81,752,54688,0.1556
2025-08-27 13:55:00,24000,CE,77.78,77.31,76.7,76.88,423,47334,0.1587
2025-08-27 13:55:00,24000,PE,266.43,271.17,264.05,266.89,948,51804,0.1595
2025-08-27 13:55:00,24050,CE,76.15,76.69,73.55,75.05,820,48326,0.1504
2025-08-27 13:55:00,24050,PE,309.19,314.35,310.39,310.64,86,46278,0.1554
2025-08-27 13:55:00,24100,CE,69.64,70.59,68.99,70.13,502,42642,0.1525
2025-08-27 13:55:00,24100,PE,362.49,363.72,356.07,358.73,547,45135,0.159
2025-08-27 13:55:00,24150,CE,76.64,76.79,75.96,76.45,738,38980,0.1611
2025-08-27 13:55:00,24150,PE,416.09,425.47,414.84,416.94,811,40190,0.1625
2025-08-27 13:55:00,24200,CE,73.88,74.53,73.13,73.28,189,41439,0.155
2025-08-27 13:55:00,24200,PE,464.77,465.07,454.33,461.7,220,36873,0.1614
2025-08-27 13:55:00,24250,CE,78.99,78.29,77.41,77.74,562,34387,0.1588
2025-08-27 13:55:00,24250,PE,508.71,520.18,506.81,511.27,324,35919,0.1547
2025-08-27 13:55:00,24300,CE,75.58,75.51,75.33,75.49,607,35517,0.1578
2025-08-27 13:55:00,24300,PE,562.87,564.42,561.38,561.8,229,30507,0.1582
2025-08-27 13:55:00,24350,CE,73.85,74.26,73.91,74.0,192,30003,0.1576
2025-08-27 13:55:00,24350,PE,608.67,631.41,597.77,613.4,438,36287,0.1631
2025-08-27 13:55:00,24400,CE,75.65,76.57,74.6,75.44,122,32428,0.153
2025-08-27 13:55:00,24400,PE,659.93,671.19,662.08,664.52,437,31663,0.1591
2025-08-27 13:55:00,24450,CE,75.55,76.93,75.38,75.65,51,29877,0.1571
2025-08-27 13:55:00,24450,PE,713.34,720.04,713.09,714.6,47,25553,0.1594
2025-08-27 13:55:00,24500,CE,76.23,78.3,76.28,76.41,473,31498,0.1595
2025-08-27 13:55:00,24500,PE,766.77,779.57,763.22,765.46,365,26330,0.1563
2025-08-27 13:55:00,24550,CE,82.55,83.01,82.7,82.76,474,34114,0.1604
2025-08-27 13:55:00,24550,PE,810.43,813.88,804.18,810.04,470,25349,0.1557
2025-08-27 13:55:00,24600,CE,77.09,77.6,76.43,77.17,130,27159,0.1611
2025-08-27 13:55:00,24600,PE,858.58,865.37,850.28,864.59,248,19569,0.1554
2025-08-27 13:55:00,24650,CE,75.56,77.19,74.74,75.08,290,22868,0.1594
2025-08-27 13:55:00,24650,PE,920.45,931.69,913.88,918.86,336,23937,0.1606
2025-08-27 13:55:00,24700,CE,73.88,73.95,72.98,73.74,15,23058,0.1598
2025-08-27 13:55:00,24700,PE,957.85,964.47,958.95,960.61,367,26013,0.1559
2025-08-27 13:55:00,24750,CE,74.91,74.08,72.93,73.69,298,24434,0.1602
2025-08-27 13:55:00,24750,PE,999.79,1029.81,1008.77,1012.95,145,21806,0.1605
2025-08-27 13:55:00,24800,CE,74.36,74.3,73.99,74.18,17,22718,0.1596
2025-08-27 13:55:00,24800,PE,1066.21,1071.61,1048.47,1064.37,277,23508,0.1583
2025-08-27 13:55:00,24850,CE,73.66,74.84,74.05,74.61,300,23210,0.1575
2025-08-27 13:55:00,24850,PE,1103.21,1116.0,1105.82,1110.8,340,16875,0.16
2025-08-27 13:55:00,24900,CE,78.51,79.39,77.9,78.17,123,14325,0.1571
2025-08-27 13:55:00,24900,PE,1141.01,1178.46,1154.68,1159.97,11,20613,0.1573
2025-08-27 14:00:00,23500,CE,296.82,300.67,298.95,300.51,959,46023,0.1574
2025-08-27 14:00:00,23500,PE,75.12,75.29,73.24,74.61,287,45894,0.1592
2025-08-27 14:00:00,23550,CE,243.73,247.35,243.59,247.11,914,48996,0.157
2025-08-27 14:00:00,23550,PE,74.65,75.4,73.15,74.03,1043,57893,0.1541
2025-08-27 14:00:00,23600,CE,195.05,194.77,193.66,194.1,225,62903,0.1566
2025-08-27 14:00:00,23600,PE,72.28,73.13,72.58,72.6,151,57296,0.1593
2025-08-27 14:00:00,23650,CE,149.27,149.84,148.91,149.31,679,60164,0.1572
2025-08-27 14:00:00,23650,PE,75.82,77.29,75.65,76.35,583,62817,0.1577
2025-08-27 14:00:00,23700,CE,94.07,95.99,94.1,94.6,1034,73428,0.1574
2025-08-27 14:00:00,23700,PE,74.13,74.36,73.95,74.22,217,69910,0.1602
2025-08-27 14:00:00,23750,CE,73.55,74.85,72.47,73.55,499,77705,0.1556
2025-08-27 14:00:00,23750,PE,98.05,99.79,98.36,98.92,615,78797,0.1621
2025-08-27 14:00:00,23800,CE,84.42,85.88,84.09,84.71,700,75780,0.1627
2025-08-27 14:00:00,23800,PE,149.91,150.79,148.45,148.55,167,82807,0.1596
2025-08-27 14:00:00,23850,CE,73.28,74.76,73.16,74.1,1080,71968,0.1603
2025-08-27 14:00:00,23850,PE,200.76,201.2,199.3,199.85,897,71550,0.1584
2025-08-27 14:00:00,23900,CE,71.53,71.76,70.6,70.73,848,62930,0.159
2025-08-27 14:00:00,23900,PE,244.43,253.56,243.3,248.07,283,54743,0.1599
2025-08-27 14:00:00,23950,CE,75.85,77.35,76.3,76.64,315,60994,0.1564
2025-08-27 14:00:00,23950,PE,311.04,307.01,304.74,304.75,549,54173,0.1611
2025-08-27 14:00:00,24000,CE,72.06,71.63,70.72,71.05,42,47569,0.1557
2025-08-27 14:00:00,24000,PE,352.38,358.76,349.59,353.27,93,52288,0.1567
2025-08-27 14:00:00,24050,CE,81.57,81.07,80.43,80.63,538,48696,0.156
2025-08-27 14:00:00,24050,PE,398.38,407.71,398.13,399.46,398,46519,0.1583
2025-08-27 14:00:00,24100,CE,72.05,72.28,72.11,72.16,152,42802,0.1538
2025-08-27 14:00:00,24100,PE,455.68,462.92,453.5,454.85,247,45461,0.16
2025-08-27 14:00:00,24150,CE,75.05,75.14,74.68,75.09,268,39312,0.1594
2025-08-27 14:00:00,24150,PE,498.8,504.75,500.35,502.46,637,39598,0.1572
2025-08-27 14:00:00,24200,CE,74.71,74.99,73.94,74.99,51,41268,0.1603
2025-08-27 14:00:00,24200,PE,553.9,565.5,553.92,555.01,368,37314,0.1585
2025-08-27 14:00:00,24250,CE,77.1,77.51,77.21,77.32,279,34807,0.1553
2025-08-27 14:00:00,24250,PE,599.25,599.44,595.42,597.86,457,36170,0.159
2025-08-27 14:00:00,24300,CE,64.32,66.06,64.72,65.06,534,35287,0.1533
2025-08-27 14:00:00,24300,PE,640.19,651.61,642.71,643.25,396,30864,0.1531
2025-08-27 14:00:00,24350,CE,75.14,74.67,73.58,74.21,536,29680,0.1558
2025-08-27 14:00:00,24350,PE,693.9,710.73,695.92,696.32,437,35955,0.1565
2025-08-27 14:00:00,24400,CE,75.01,75.78,74.46,75.13,505,32470,0.1587
2025-08-27 14:00:00,24400,PE,748.41,749.16,747.63,748.33,460,31748,0.1553
2025-08-27 14:00:00,24450,CE,77.88,77.56,76.93,77.08,45,29698,0.1588
2025-08-27 14:00:00,24450,PE,807.94,807.6,792.76,796.49,306,25677,0.1601
2025-08-27 14:00:00,24500,CE,74.83,74.99,73.33,74.7,264,31748,0.1558
2025-08-27 14:00:00,24500,PE,849.5,872.3,847.39,853.19,277,25946,0.159
2025-08-27 14:00:00,24550,CE,79.63,79.83,77.97,78.28,42,33860,0.1587
2025-08-27 14:00:00,24550,PE,902.72,897.7,891.1,895.37,68,25588,0.1557
2025-08-27 14:00:00,24600,CE,77.86,79.2,76.56,77.43,424,27671,0.1627
2025-08-27 14:00:00,24600,PE,958.05,958.46,939.49,946.53,248,20030,0.1554
2025-08-27 14:00:00,24650,CE,70.95,72.55,70.8,71.1,275,22423,0.1592
2025-08-27 14:00:00,24650,PE,980.5,993.37,989.96,992.75,246,24020,0.1577
2025-08-27 14:00:00,24700,CE,77.78,77.04,76.3,76.71,222,23418,0.1577
2025-08-27 14:00:00,24700,PE,1053.68,1059.48,1051.29,1052.66,393,25697,0.1626
2025-08-27 14:00:00,24750,CE,73.29,74.41,73.71,73.8,12,24605,0.1583
2025-08-27 14:00:00,24750,PE,1102.49,1104.9,1082.48,1095.73,47,21719,0.1569
2025-08-27 14:00:00,24800,CE,71.93,72.89,71.73,72.04,345,22913,0.1566
2025-08-27 14:00:00,24800,PE,1163.54,1151.8,1140.26,1150.23,346,22946,0.1616
2025-08-27 14:00:00,24850,CE,72.93,72.5,71.77,71.94,253,22985,0.158
2025-08-27 14:00:00,24850,PE,1189.73,1210.98,1193.62,1202.36,31,16643,0.1577
2025-08-27 14:00:00,24900,CE,76.41,78.05,76.63,77.15,321,14227,0.1564
2025-08-27 14:00:00,24900,PE,1245.84,1256.12,1249.06,1251.74,316,20150,0.1585
2025-08-27 14:05:00,23500,CE,325.67,331.19,322.16,325.39,625,45946,0.1562
2025-08-27 14:05:00,23500,PE,77.42,77.72,77.0,77.06,294,45943,0.1609
2025-08-27 14:05:00,23550,CE,275.4,277.2,274.78,275.52,647,48427,0.1608
2025-08-27 14:05:00,23550,PE,73.32,74.34,73.58,74.12,688,57654,0.1625
2025-08-27 14:05:00,23600,CE,221.79,229.68,220.45,222.34,940,62515,0.1612
2025-08-27 14:05:00,23600,PE,74.71,74.66,73.34,74.65,347,57862,0.1579
2025-08-27 14:05:00,23650,CE,178.96,179.48,178.83,179.2,342,59720,0.16
2025-08-27 14:05:00,23650,PE,71.33,73.59,71.96,72.99,736,62969,0.1575
2025-08-27 14:05:00,23700,CE,124.37,125.49,124.13,124.63,872,73310,0.1589
2025-08-27 14:05:00,23700,PE,79.86,80.45,80.18,80.4,185,69654,0.1579
2025-08-27 14:05:00,23750,CE,70.1,71.78,70.96,71.59,128,78129,0.1587
2025-08-27 14:05:00,23750,PE,67.29,67.78,66.44,66.89,487,78993,0.1593
2025-08-27 14:05:00,23800,CE,71.08,72.52,71.0,71.39,416,75924,0.1591
2025-08-27 14:05:00,23800,PE,127.04,127.36,122.67,124.34,162,82319,0.1598
2025-08-27 14:05:00,23850,CE,76.89,78.35,77.34,78.05,434,71678,0.16
2025-08-27 14:05:00,23850,PE,172.93,175.05,173.66,173.78,442,71281,0.161
2025-08-27 14:05:00,23900,CE,72.77,74.51,72.88,73.15,818,62851,0.1562
2025-08-27 14:05:00,23900,PE,226.26,227.48,225.46,226.19,196,55248,0.1572
2025-08-27 14:05:00,23950,CE,76.42,77.29,76.15,76.21,672,60878,0.159
2025-08-27 14:05:00,23950,PE,276.37,277.88,273.48,274.38,542,53966,0.1615
2025-08-27 14:05:00,24000,CE,74.09,74.55,73.67,73.73,382,47054,0.1551
2025-08-27 14:05:00,24000,PE,322.44,320.29,318.13,319.77,791,52149,0.1566
2025-08-27 14:05:00,24050,CE,79.74,81.27,79.37,80.41,607,48158,0.1579
2025-08-27 14:05:00,24050,PE,366.06,375.76,374.14,374.33,92,46357,0.1589
2025-08-27 14:05:00,24100,CE,74.27,74.55,73.97,73.98,42,43363,0.1577
2025-08-27 14:05:00,24100,PE,422.54,423.77,420.5,420.7,43,45528,0.1547
2025-08-27 14:05:00,24150,CE,71.96,73.19,72.22,72.99,267,38962,0.1559
2025-08-27 14:05:00,24150,PE,486.24,477.37,473.13,477.3,114,39357,0.1595
2025-08-27 14:05:00,24200,CE,72.86,72.9,72.59,72.82,45,41353,0.1581
2025-08-27 14:05:00,24200,PE,530.06,525.56,523.4,523.62,170,36737,0.1578
2025-08-27 14:05:00,24250,CE,74.32,74.14,73.04,73.56,83,35286,0.1608
2025-08-27 14:05:00,24250,PE,574.56,580.1,571.99,574.86,162,36263,0.1583
2025-08-27 14:05:00,24300,CE,77.87,78.15,77.32,77.73,253,35277,0.1604
2025-08-27 14:05:00,24300,PE,628.15,638.26,623.87,627.54,517,31123,0.1575
2025-08-27 14:05:00,24350,CE,80.26,82.01,79.76,79.83,318,29320,0.1573
2025-08-27 14:05:00,24350,PE,685.67,681.43,661.23,678.79,486,35380,0.1609
2025-08-27 14:05:00,24400,CE,79.67,80.01,78.35,79.36,304,32608,0.1568
2025-08-27 14:05:00,24400,PE,725.39,738.69,719.71,723.54,510,31340,0.1577
2025-08-27 14:05:00,24450,CE,70.94,71.05,69.32,70.61,153,29112,0.1587
2025-08-27 14:05:00,24450,PE,773.61,794.97,770.41,777.08,132,26191,0.157
2025-08-27 14:05:00,24500,CE,76.83,77.69,75.99,76.48,12,32094,0.1609
2025-08-27 14:05:00,24500,PE,838.07,844.35,827.91,830.62,455,25483,0.1606
2025-08-27 14:05:00,24550,CE,73.99,74.88,74.47,74.53,172,34335,0.159
2025-08-27 14:05:00,24550,PE,882.53,882.6,868.16,875.83,336,25069,0.1604
2025-08-27 14:05:00,24600,CE,73.13,73.74,73.48,73.49,385,28034,0.1585
2025-08-27 14:05:00,24600,PE,917.38,932.94,910.62,923.04,143,19927,0.162
2025-08-27 14:05:00,24650,CE,71.93,72.17,71.69,71.81,134,22444,0.1572
2025-08-27 14:05:00,24650,PE,963.72,979.83,957.58,972.84,332,24221,0.1567
2025-08-27 14:05:00,24700,CE,76.9,78.21,75.33,76.6,394,22936,0.1591
2025-08-27 14:05:00,24700,PE,1034.28,1023.18,1007.66,1022.3,377,26186,0.1563
2025-08-27 14:05:00,24750,CE,75.88,76.87,74.45,75.51,153,24177,0.1598
2025-08-27 14:05:00,24750,PE,1071.47,1084.01,1071.11,1071.98,93,22248,0.1558
2025-08-27 14:05:00,24800,CE,72.42,72.94,72.65,72.75,9,22422,0.1572
2025-08-27 14:05:00,24800,PE,1113.14,1144.43,1108.73,1122.74,33,22552,0.1604
2025-08-27 14:05:00,24850,CE,77.02,78.51,77.27,77.45,287,22454,0.1555
2025-08-27 14:05:00,24850,PE,1179.11,1187.38,1170.42,1176.14,350,16520,0.1542
2025-08-27 14:05:00,24900,CE,69.01,70.48,69.02,69.37,189,14336,0.1552
2025-08-27 14:05:00,24900,PE,1238.41,1232.03,1221.38,1225.29,285,20300,0.1568
2025-08-27 14:10:00,23500,CE,276.99,280.17,275.05,275.6,79,46340,0.1577
2025-08-27 14:10:00,23500,PE,71.7,71.92,71.0,71.9,107,45977,0.1557
2025-08-27 14:10:00,23550,CE,227.44,232.44,227.57,228.73,1009,48439,0.161
2025-08-27 14:10:00,23550,PE,73.08,73.09,72.51,72.79,498,57445,0.1579
2025-08-27 14:10:00,23600,CE,177.34,176.5,174.17,175.89,1036,62696,0.1552
2025-08-27 14:10:00,23600,PE,71.67,72.41,71.64,71.88,1070,58352,0.1595
2025-08-27 14:10:00,23650,CE,124.18,126.93,124.71,125.06,906,59546,0.1566
2025-08-27 14:10:00,23650,PE,72.06,73.27,72.11,72.85,908,62796,0.1599
2025-08-27 14:10:00,23700,CE,77.29,78.26,77.21,77.7,389,73121,0.1602
2025-08-27 14:10:00,23700,PE,73.12,74.75,73.43,73.77,869,69326,0.1617
2025-08-27 14:10:00,23750,CE,73.17,74.96,73.96,74.4,502,78209,0.1596
2025-08-27 14:10:00,23750,PE,125.69,125.2,123.23,124.14,228,78519,0.1555
2025-08-27 14:10:00,23800,CE,77.46,79.07,76.81,78.11,1036,76325,0.1611
2025-08-27 14:10:00,23800,PE,168.4,169.83,168.14,169.17,432,81884,0.1589
2025-08-27 14:10:00,23850,CE,72.48,74.01,71.06,72.31,552,71286,0.1546
2025-08-27 14:10:00,23850,PE,230.05,231.68,226.29,228.39,1033,70763,0.1584
2025-08-27 14:10:00,23900,CE,71.12,71.5,70.76,71.1,538,62708,0.1598
2025-08-27 14:10:00,23900,PE,265.86,269.14,267.61,268.04,499,55557,0.1581
2025-08-27 14:10:00,23950,CE,78.43,78.07,77.08,77.56,260,61370,0.1602
2025-08-27 14:10:00,23950,PE,324.51,325.66,323.62,324.71,931,53887,0.1589
2025-08-27 14:10:00,24000,CE,70.39,70.77,69.42,70.0,343,46736,0.1563
2025-08-27 14:10:00,24000,PE,370.75,377.21,373.83,376.49,709,52419,0.1604
2025-08-27 14:10:00,24050,CE,74.24,75.44,73.78,74.53,366,48383,0.1557
2025-08-27 14:10:00,24050,PE,415.23,417.21,411.28,416.94,302,46574,0.1603
2025-08-27 14:10:00,24100,CE,75.93,76.83,74.26,75.98,609,43295,0.1568
2025-08-27 14:10:00,24100,PE,467.27,466.68,460.57,465.88,497,45606,0.1583
2025-08-27 14:10:00,24150,CE,71.15,71.97,71.57,71.94,60,38436,0.1608
2025-08-27 14:10:00,24150,PE,521.84,525.32,520.74,520.97,189,39057,0.1588
2025-08-27 14:10:00,24200,CE,74.99,77.47,74.91,75.62,131,41865,0.1583
2025-08-27 14:10:00,24200,PE,568.68,576.57,571.91,573.43,394,36187,0.1624
2025-08-27 14:10:00,24250,CE,76.96,77.32,76.91,77.05,548,35047,0.1591
2025-08-27 14:10:00,24250,PE,611.8,623.83,617.23,618.26,598,35934,0.1522
2025-08-27 14:10:00,24300,CE,70.16,71.18,70.69,70.74,56,34833,0.1554
2025-08-27 14:10:00,24300,PE,676.99,676.7,668.29,673.87,226,31632,0.1555
2025-08-27 14:10:00,24350,CE,69.86,70.68,69.6,70.22,302,28871,0.1591
2025-08-27 14:10:00,24350,PE,720.8,720.32,709.74,715.64,177,35367,0.153
2025-08-27 14:10:00,24400,CE,71.86,71.95,71.13,71.77,282,33015,0.1579
2025-08-27 14:10:00,24400,PE,777.69,787.79,775.51,777.7,31,30744,0.1586
2025-08-27 14:10:00,24450,CE,78.49,79.45,78.14,78.33,353,28642,0.1621
2025-08-27 14:10:00,24450,PE,832.08,829.68,820.74,823.41,335,26001,0.1602
2025-08-27 14:10:00,24500,CE,74.16,75.71,74.75,75.21,184,31671,0.1545
2025-08-27 14:10:00,24500,PE,877.61,884.12,865.02,875.43,361,25102,0.156
2025-08-27 14:10:00,24550,CE,71.93,71.48,71.3,71.47,10,34444,0.154
2025-08-27 14:10:00,24550,PE,920.82,931.85,904.4,916.29,73,24673,0.1597
2025-08-27 14:10:00,24600,CE,79.57,79.78,78.99,79.38,98,28200,0.1599
2025-08-27 14:10:00,24600,PE,970.22,973.83,964.17,972.77,321,20425,0.1589
2025-08-27 14:10:00,24650,CE,73.77,75.61,74.4,75.07,400,22119,0.157
2025-08-27 14:10:00,24650,PE,1024.73,1037.21,1010.09,1018.46,93,23875,0.1616
2025-08-27 14:10:00,24700,CE,75.89,77.59,76.26,76.39,78,22349,0.1572
2025-08-27 14:10:00,24700,PE,1058.55,1075.7,1064.53,1070.82,233,25603,0.1531
2025-08-27 14:10:00,24750,CE,79.25,80.29,79.14,79.55,20,24052,0.1577
2025-08-27 14:10:00,24750,PE,1113.76,1141.6,1106.63,1120.01,306,22234,0.1612
2025-08-27 14:10:00,24800,CE,71.18,73.17,71.72,71.74,148,22041,0.1586
2025-08-27 14:10:00,24800,PE,1182.4,1177.54,1164.63,1171.32,249,22339,0.1562
2025-08-27 14:10:00,24850,CE,78.24,78.76,77.39,77.86,349,22022,0.1589
2025-08-27 14:10:00,24850,PE,1215.7,1240.78,1202.78,1216.57,276,16737,0.1574
2025-08-27 14:10:00,24900,CE,72.85,72.66,71.94,72.19,127,14207,0.1548
2025-08-27 14:10:00,24900,PE,1283.04,1294.0,1259.98,1276.31,326,20581,0.158
2025-08-27 14:15:00,23500,CE,236.52,235.33,232.86,233.77,67,46400,0.1572
2025-08-27 14:15:00,23500,PE,74.88,76.31,75.64,76.01,848,45829,0.1621
2025-08-27 14:15:00,23550,CE,184.76,185.54,179.75,181.67,895,48590,0.1568
2025-08-27 14:15:00,23550,PE,79.04,80.73,78.02,79.56,436,56853,0.1563
2025-08-27 14:15:00,23600,CE,133.87,134.48,132.07,132.44,75,62924,0.1605
2025-08-27 14:15:00,23600,PE,72.0,74.38,71.98,72.73,1150,58197,0.1612
2025-08-27 14:15:00,23650,CE,80.2,82.94,78.89,80.18,839,59562,0.1612
2025-08-27 14:15:00,23650,PE,82.55,81.88,80.73,81.85,1532,62824,0.1602
2025-08-27 14:15:00,23700,CE,72.98,72.66,72.39,72.52,911,73191,0.1547
2025-08-27 14:15:00,23700,PE,112.85,112.1,108.95,112.01,227,69568,0.1546
2025-08-27 14:15:00,23750,CE,74.83,75.05,73.62,73.82,1238,77741,0.1595
2025-08-27 14:15:00,23750,PE,164.45,167.84,161.39,164.13,118,78505,0.1616
2025-08-27 14:15:00,23800,CE,76.96,77.46,75.88,76.63,921,75824,0.1604
2025-08-27 14:15:00,23800,PE,217.68,220.06,214.38,217.23,895,81564,0.1617
2025-08-27 14:15:00,23850,CE,68.71,69.24,68.72,69.13,210,70913,0.1574
2025-08-27 14:15:00,23850,PE,257.51,261.15,257.51,257.64,571,70881,0.1566
2025-08-27 14:15:00,23900,CE,71.97,74.37,72.69,72.88,455,62835,0.1607
2025-08-27 14:15:00,23900,PE,314.63,314.68,310.76,314.23,781,55954,0.1571
2025-08-27 14:15:00,23950,CE,74.85,76.08,74.48,74.84,646,61396,0.1583
2025-08-27 14:15:00,23950,PE,363.34,366.36,358.76,361.25,204,54180,0.1573
2025-08-27 14:15:00,24000,CE,79.74,81.1,80.77,81.01,549,47202,0.1614
2025-08-27 14:15:00,24000,PE,419.96,420.13,414.8,416.02,580,51979,0.1618
2025-08-27 14:15:00,24050,CE,70.6,71.59,70.06,70.59,432,48648,0.1576
2025-08-27 14:15:00,24050,PE,461.33,466.98,457.2,460.94,747,46367,0.1566
2025-08-27 14:15:00,24100,CE,71.87,72.19,70.99,71.84,601,43028,0.1581
2025-08-27 14:15:00,24100,PE,515.93,519.19,514.07,517.38,270,46161,0.1568
2025-08-27 14:15:00,24150,CE,76.0,76.33,75.53,76.26,115,38083,0.1594
2025-08-27 14:15:00,24150,PE,555.95,562.64,557.18,559.86,546,39554,0.1591
2025-08-27 14:15:00,24200,CE,74.47,74.96,74.06,74.51,73,42253,0.1591
2025-08-27 14:15:00,24200,PE,618.7,615.88,607.69,611.71,364,36641,0.1559
2025-08-27 14:15:00,24250,CE,73.59,74.89,73.71,73.88,291,35150,0.164
2025-08-27 14:15:00,24250,PE,670.69,666.13,665.1,665.56,140,36035,0.1556
2025-08-27 14:15:00,24300,CE,72.54,72.79,72.32,72.41,233,34716,0.1606
2025-08-27 14:15:00,24300,PE,716.16,715.05,710.49,713.35,159,31513,0.1599
2025-08-27 14:15:00,24350,CE,70.18,72.92,70.02,70.78,93,29291,0.1561
2025-08-27 14:15:00,24350,PE,765.21,772.46,762.8,765.06,214,35232,0.1563
2025-08-27 14:15:00,24400,CE,78.42,79.93,78.43,78.48,481,32999,0.16
2025-08-27 14:15:00,24400,PE,809.69,814.7,812.28,814.43,347,31339,0.16
2025-08-27 14:15:00,24450,CE,72.7,73.82,71.6,72.98,405,28467,0.1588
2025-08-27 14:15:00,24450,PE,869.34,872.08,856.21,860.09,253,26388,0.1559
2025-08-27 14:15:00,24500,CE,72.97,73.83,73.18,73.78,227,31403,0.158
2025-08-27 14:15:00,24500,PE,910.99,915.7,910.24,912.22,239,24532,0.1584
2025-08-27 14:15:00,24550,CE,74.12,74.21,72.51,73.02,378,34556,0.1562
2025-08-27 14:15:00,24550,PE,960.26,971.09,960.95,963.7,114,24648,0.1582
2025-08-27 14:15:00,24600,CE,70.32,71.42,70.44,70.59,19,28544,0.1597
2025-08-27 14:15:00,24600,PE,1012.58,1032.07,1011.44,1012.26,221,19829,0.1591
2025-08-27 14:15:00,24650,CE,69.5,70.27,69.42,69.9,184,21603,0.1559
2025-08-27 14:15:00,24650,PE,1051.29,1090.62,1050.05,1061.7,156,24306,0.1606
2025-08-27 14:15:00,24700,CE,74.88,75.7,74.29,74.3,250,22325,0.1545
2025-08-27 14:15:00,24700,PE,1111.2,1138.78,1114.02,1114.91,197,25610,0.1563
2025-08-27 14:15:00,24750,CE,70.14,71.03,70.0,70.33,41,23722,0.1575
2025-08-27 14:15:00,24750,PE,1146.94,1177.2,1135.1,1166.36,299,22745,0.1581
2025-08-27 14:15:00,24800,CE,74.0,74.68,72.68,72.83,56,22538,0.157
2025-08-27 14:15:00,24800,PE,1221.32,1223.81,1205.71,1210.61,16,22359,0.1597
2025-08-27 14:15:00,24850,CE,74.59,76.54,75.3,75.4,282,21683,0.1615
2025-08-27 14:15:00,24850,PE,1251.54,1269.14,1264.01,1264.2,323,17316,0.1565
2025-08-27 14:15:00,24900,CE,78.05,77.35,76.68,77.27,143,14677,0.1614
2025-08-27 14:15:00,24900,PE,1338.81,1338.78,1310.55,1315.02,31,20606,0.1579
2025-08-27 14:20:00,23500,CE,200.03,200.31,197.97,199.74,377,46551,0.1598
2025-08-27 14:20:00,23500,PE,73.13,75.22,73.36,73.38,326,45756,0.158
2025-08-27 14:20:00,23550,CE,150.73,150.93,148.59,149.87,1043,48237,0.1598
2025-08-27 14:20:00,23550,PE,73.82,74.31,72.52,73.03,1197,57070,0.1542
2025-08-27 14:20:00,23600,CE,98.76,98.24,97.23,98.09,434,63126,0.1609
2025-08-27 14:20:00,23600,PE,76.82,77.64,75.95,76.88,543,58253,0.162
2025-08-27 14:20:00,23650,CE,73.92,74.37,72.5,73.18,1017,59939,0.1556
2025-08-27 14:20:00,23650,PE,101.11,100.55,98.58,99.71,592,62766,0.158
2025-08-27 14:20:00,23700,CE,70.8,71.01,70.42,70.77,639,73624,0.1565
2025-08-27 14:20:00,23700,PE,151.63,152.23,151.41,151.96,1195,69228,0.1587
2025-08-27 14:20:00,23750,CE,72.22,72.73,71.96,72.19,148,78295,0.1604
2025-08-27 14:20:00,23750,PE,200.75,202.6,199.18,202.38,224,78151,0.1589
2025-08-27 14:20:00,23800,CE,76.45,77.12,75.76,76.92,147,75416,0.1584
2025-08-27 14:20:00,23800,PE,253.41,253.91,251.21,251.7,86,81688,0.1579
2025-08-27 14:20:00,23850,CE,76.98,77.39,76.74,77.28,514,70424,0.1569
2025-08-27 14:20:00,23850,PE,293.64,302.75,295.91,295.92,653,70482,0.157
2025-08-27 14:20:00,23900,CE,69.83,70.52,68.88,70.01,493,63109,0.1598
2025-08-27 14:20:00,23900,PE,352.92,351.73,347.63,351.07,393,55723,0.1611
2025-08-27 14:20:00,23950,CE,75.58,75.66,74.8,75.37,744,61756,0.1589
2025-08-27 14:20:00,23950,PE,407.04,415.42,400.86,406.93,702,53766,0.1619
2025-08-27 14:20:00,24000,CE,70.11,70.82,69.99,70.53,218,47064,0.1587
2025-08-27 14:20:00,24000,PE,447.78,447.48,441.92,445.34,139,51842,0.1548
2025-08-27 14:20:00,24050,CE,71.85,72.43,71.5,71.65,184,48624,0.1575
2025-08-27 14:20:00,24050,PE,500.8,508.11,495.02,500.33,506,46259,0.1568
2025-08-27 14:20:00,24100,CE,73.39,76.24,74.57,74.61,482,42892,0.1585
2025-08-27 14:20:00,24100,PE,546.12,548.86,541.82,543.89,333,45955,0.16
2025-08-27 14:20:00,24150,CE,77.95,79.13,76.15,77.67,61,37501,0.1586
2025-08-27 14:20:00,24150,PE,602.05,601.93,593.9,600.55,122,39693,0.1575
2025-08-27 14:20:00,24200,CE,70.75,70.53,69.45,70.01,67,42221,0.1582
2025-08-27 14:20:00,24200,PE,649.93,649.36,646.97,648.42,85,36488,0.1572
2025-08-27 14:20:00,24250,CE,72.54,71.93,71.6,71.61,156,34803,0.1597
2025-08-27 14:20:00,24250,PE,701.41,707.32,690.68,695.5,289,36504,0.1556
2025-08-27 14:20:00,24300,CE,69.12,70.0,68.3,68.88,345,34401,0.1579
2025-08-27 14:20:00,24300,PE,746.3,746.47,737.7,745.63,446,32018,0.1578
2025-08-27 14:20:00,24350,CE,73.47,74.01,73.22,73.79,379,28951,0.1578
2025-08-27 14:20:00,24350,PE,805.82,818.35,792.57,799.47,90,35797,0.1608
2025-08-27 14:20:00,24400,CE,71.97,73.62,72.57,72.63,422,32902,0.1587
2025-08-27 14:20:00,24400,PE,848.69,865.94,846.2,849.16,221,31378,0.1576
2025-08-27 14:20:00,24450,CE,73.65,74.26,74.08,74.11,403,28225,0.1566
2025-08-27 14:20:00,24450,PE,894.61,898.68,892.35,898.44,309,26915,0.1588
2025-08-27 14:20:00,24500,CE,69.54,70.41,68.75,69.49,134,31142,0.1564
2025-08-27 14:20:00,24500,PE,951.35,971.09,944.84,947.34,64,24808,0.1598
2025-08-27 14:20:00,24550,CE,72.98,72.61,71.74,72.57,118,33980,0.1572
2025-08-27 14:20:00,24550,PE,1007.63,1020.02,989.65,998.45,212,24718,0.1581
2025-08-27 14:20:00,24600,CE,72.36,71.71,71.25,71.55,13,28833,0.1587
2025-08-27 14:20:00,24600,PE,1035.0,1066.47,1036.26,1047.79,225,19794,0.1548
2025-08-27 14:20:00,24650,CE,74.42,75.63,74.35,74.58,136,21774,0.1554
2025-08-27 14:20:00,24650,PE,1102.46,1105.57,1097.09,1098.68,289,24627,0.1579
2025-08-27 14:20:00,24700,CE,72.85,72.29,71.59,72.12,147,22325,0.1551
2025-08-27 14:20:00,24700,PE,1159.8,1168.76,1143.63,1153.03,98,25271,0.1591
2025-08-27 14:20:00,24750,CE,69.58,70.49,69.87,70.03,308,23598,0.1555
2025-08-27 14:20:00,24750,PE,1192.13,1207.08,1188.49,1198.98,101,23021,0.1598
2025-08-27 14:20:00,24800,CE,78.6,79.71,78.04,78.13,241,22263,0.158
2025-08-27 14:20:00,24800,PE,1253.65,1253.98,1238.08,1252.52,64,22517,0.1568
2025-08-27 14:20:00,24850,CE,74.48,73.83,72.85,73.61,305,21260,0.1559
2025-08-27 14:20:00,24850,PE,1312.48,1303.53,1292.04,1298.09,83,17832,0.1595
2025-08-27 14:20:00,24900,CE,75.9,76.03,74.82,76.01,237,14800,0.1577
2025-08-27 14:20:00,24900,PE,1353.03,1363.32,1350.28,1351.07,111,20567,0.1559
2025-08-27 14:25:00,23500,CE,154.84,157.12,155.18,155.77,280,46924,0.1587
2025-08-27 14:25:00,23500,PE,72.18,73.31,72.05,72.42,706,46112,0.161
2025-08-27 14:25:00,23550,CE,111.73,110.13,109.59,109.74,1416,47753,0.1594
2025-08-27 14:25:00,23550,PE,78.91,80.16,77.5,78.73,1392,56838,0.1592
2025-08-27 14:25:00,23600,CE,68.91,70.47,68.71,69.31,574,63076,0.16
2025-08-27 14:25:00,23600,PE,88.94,89.47,88.0,88.74,523,58061,0.1574
2025-08-27 14:25:00,23650,CE,73.04,73.52,72.05,72.4,1011,59719,0.156
2025-08-27 14:25:00,23650,PE,141.59,143.2,142.01,143.13,889,62588,0.1606
2025-08-27 14:25:00,23700,CE,73.83,73.58,73.27,73.46,425,73194,0.1606
2025-08-27 14:25:00,23700,PE,187.19,188.87,186.62,187.47,1095,68771,0.1561
2025-08-27 14:25:00,23750,CE,80.85,81.54,79.47,80.69,630,78007,0.1583
2025-08-27 14:25:00,23750,PE,245.99,248.68,242.93,246.5,1109,77635,0.1549
2025-08-27 14:25:00,23800,CE,76.35,76.63,75.36,76.03,439,75428,0.1598
2025-08-27 14:25:00,23800,PE,294.51,293.81,292.57,293.5,996,81271,0.1566
2025-08-27 14:25:00,23850,CE,76.85,77.62,77.09,77.17,766,69905,0.1607
2025-08-27 14:25:00,23850,PE,343.17,343.26,341.81,342.14,276,70886,0.1604
2025-08-27 14:25:00,23900,CE,80.94,81.41,80.47,80.8,324,63214,0.1596
2025-08-27 14:25:00,23900,PE,389.58,389.8,388.4,389.28,337,56201,0.1588
2025-08-27 14:25:00,23950,CE,72.79,73.71,72.75,73.18,83,62336,0.1605
2025-08-27 14:25:00,23950,PE,441.55,448.29,447.03,447.33,191,53878,0.1601
2025-08-27 14:25:00,24000,CE,73.56,73.94,72.93,73.21,196,47419,0.1601
2025-08-27 14:25:00,24000,PE,488.24,492.25,480.92,488.73,509,51433,0.1566
2025-08-27 14:25:00,24050,CE,75.96,76.89,75.8,76.25,173,48862,0.1569
2025-08-27 14:25:00,24050,PE,542.43,542.18,540.58,542.04,342,46318,0.1557
2025-08-27 14:25:00,24100,CE,78.34,78.59,77.44,77.9,236,43103,0.1606
2025-08-27 14:25:00,24100,PE,588.59,590.64,589.65,590.52,584,45480,0.1594
2025-08-27 14:25:00,24150,CE,75.12,75.69,74.94,74.95,413,38023,0.1591
2025-08-27 14:25:00,24150,PE,649.78,655.21,649.97,651.32,138,39593,0.1618
2025-08-27 14:25:00,24200,CE,73.57,74.92,73.9,73.96,320,42551,0.16
2025-08-27 14:25:00,24200,PE,689.85,709.13,690.51,693.13,386,37076,0.1598
2025-08-27 14:25:00,24250,CE,66.67,68.44,66.84,67.58,298,35250,0.1535
2025-08-27 14:25:00,24250,PE,740.96,746.48,727.85,741.71,279,36278,0.1548
2025-08-27 14:25:00,24300,CE,73.76,73.98,73.11,73.17,341,34283,0.1563
2025-08-27 14:25:00,24300,PE,783.23,799.29,789.33,789.55,333,32196,0.1583
2025-08-27 14:25:00,24350,CE,71.68,73.67,71.78,72.35,42,28996,0.1588
2025-08-27 14:25:00,24350,PE,835.12,858.75,837.61,838.88,14,35689,0.1557
2025-08-27 14:25:00,24400,CE,72.6,73.57,72.72,73.42,302,33086,0.1582
2025-08-27 14:25:00,24400,PE,896.3,902.09,892.54,895.55,53,31869,0.156
2025-08-27 14:25:00,24450,CE,74.2,74.13,73.55,73.73,324,27996,0.1582
2025-08-27 14:25:00,24450,PE,940.15,944.47,936.23,942.39,200,26469,0.158
2025-08-27 14:25:00,24500,CE,75.2,75.29,73.46,74.79,155,31352,0.1593
2025-08-27 14:25:00,24500,PE,1003.67,989.47,985.13,988.8,369,24915,0.1556
2025-08-27 14:25:00,24550,CE,74.82,74.7,73.76,74.26,118,34466,0.1618
2025-08-27 14:25:00,24550,PE,1056.15,1060.94,1025.65,1041.46,221,25009,0.1579
2025-08-27 14:25:00,24600,CE,75.98,77.67,74.73,75.78,275,28709,0.1598
2025-08-27 14:25:00,24600,PE,1087.06,1110.53,1077.7,1087.66,14,19953,0.156
2025-08-27 14:25:00,24650,CE,72.66,72.8,72.08,72.5,332,22208,0.1582
2025-08-27 14:25:00,24650,PE,1134.39,1144.15,1134.62,1138.88,320,24443,0.157
2025-08-27 14:25:00,24700,CE,79.19,79.72,78.31,78.45,324,21741,0.1597
2025-08-27 14:25:00,24700,PE,1191.58,1197.77,1193.6,1195.6,117,25422,0.1602
2025-08-27 14:25:00,24750,CE,73.64,75.12,73.78,74.06,111,23029,0.1605
2025-08-27 14:25:00,24750,PE,1239.57,1264.38,1237.77,1242.61,64,23545,0.1608
2025-08-27 14:25:00,24800,CE,75.22,77.41,74.25,75.35,146,21864,0.1528
2025-08-27 14:25:00,24800,PE,1286.15,1295.05,1290.51,1294.44,209,22366,0.1559
2025-08-27 14:25:00,24850,CE,71.73,73.01,71.91,72.25,130,21795,0.1571
2025-08-27 14:25:00,24850,PE,1345.5,1347.53,1337.2,1342.06,177,17327,0.1587
2025-08-27 14:25:00,24900,CE,72.44,72.95,70.14,71.95,295,14205,0.1593
2025-08-27 14:25:00,24900,PE,1378.25,1401.93,1385.24,1389.46,216,20091,0.1583
2025-08-27 14:30:00,23500,CE,165.03,163.75,161.82,163.5,384,47507,0.1554
2025-08-27 14:30:00,23500,PE,73.44,75.28,73.43,73.7,246,46678,0.1555
2025-08-27 14:30:00,23550,CE,115.0,117.11,115.17,115.39,476,47614,0.1594
2025-08-27 14:30:00,23550,PE,74.77,76.53,74.96,75.57,1470,57129,0.1596
2025-08-27 14:30:00,23600,CE,70.06,70.76,69.03,70.44,533,63359,0.1581
2025-08-27 14:30:00,23600,PE,80.26,82.25,80.9,81.55,847,57580,0.1609
2025-08-27 14:30:00,23650,CE,69.08,69.59,68.69,69.03,393,59401,0.1578
2025-08-27 14:30:00,23650,PE,135.58,141.81,136.6,138.13,716,63054,0.1575
2025-08-27 14:30:00,23700,CE,70.46,71.44,70.24,71.13,745,72792,0.1584
2025-08-27 14:30:00,23700,PE,188.72,192.59,188.06,189.97,794,68796,0.1636
2025-08-27 14:30:00,23750,CE,77.74,79.96,78.04,78.15,455,77699,0.1571
2025-08-27 14:30:00,23750,PE,236.22,236.86,233.69,235.08,821,77704,0.1597
2025-08-27 14:30:00,23800,CE,72.11,72.27,72.04,72.17,451,75063,0.1599
2025-08-27 14:30:00,23800,PE,289.19,288.38,281.2,285.57,138,80929,0.1602
2025-08-27 14:30:00,23850,CE,73.3,74.2,71.9,73.01,583,69361,0.1578
2025-08-27 14:30:00,23850,PE,329.49,333.57,319.0,328.83,80,71474,0.1589
2025-08-27 14:30:00,23900,CE,76.77,77.66,76.3,76.42,238,62749,0.1566
2025-08-27 14:30:00,23900,PE,382.41,383.82,379.5,380.13,822,56099,0.1555
2025-08-27 14:30:00,23950,CE,75.78,78.52,76.8,76.85,13,62237,0.1602
2025-08-27 14:30:00,23950,PE,416.69,428.51,418.55,424.58,28,53642,0.1549
2025-08-27 14:30:00,24000,CE,71.77,72.74,72.18,72.23,689,47771,0.1561
2025-08-27 14:30:00,24000,PE,493.11,488.54,485.24,487.11,311,51238,0.1569
2025-08-27 14:30:00,24050,CE,79.74,79.7,78.98,79.49,400,49012,0.1569
2025-08-27 14:30:00,24050,PE,543.77,537.85,531.33,534.55,517,46369,0.1598
2025-08-27 14:30:00,24100,CE,72.3,73.48,71.84,71.88,58,43539,0.1563
2025-08-27 14:30:00,24100,PE,581.69,589.8,580.05,580.86,220,45863,0.1613
2025-08-27 14:30:00,24150,CE,75.16,75.58,75.33,75.44,486,37684,0.1576
2025-08-27 14:30:00,24150,PE,623.06,654.65,623.8,631.28,312,39893,0.1567
2025-08-27 14:30:00,24200,CE,79.95,80.39,79.07,79.3,207,42902,0.1597
2025-08-27 14:30:00,24200,PE,691.99,691.87,683.77,686.71,299,37579,0.1564
2025-08-27 14:30:00,24250,CE,69.6,70.35,69.67,69.79,479,35805,0.1569
2025-08-27 14:30:00,24250,PE,717.4,729.08,722.7,727.0,124,36562,0.1582
2025-08-27 14:30:00,24300,CE,74.11,74.7,73.8,74.31,382,34222,0.1589
2025-08-27 14:30:00,24300,PE,785.2,804.05,784.42,786.81,92,31947,0.1602
2025-08-27 14:30:00,24350,CE,71.9,72.38,71.62,71.63,252,29433,0.1565
2025-08-27 14:30:00,24350,PE,830.89,841.99,828.12,829.86,442,36187,0.157
2025-08-27 14:30:00,24400,CE,75.01,75.24,74.36,74.84,435,32603,0.1564
2025-08-27 14:30:00,24400,PE,894.36,888.0,871.86,886.0,458,31934,0.1616
2025-08-27 14:30:00,24450,CE,71.71,72.83,71.13,71.53,50,27551,0.1565
2025-08-27 14:30:00,24450,PE,911.95,931.0,916.42,928.04,117,26170,0.1591
2025-08-27 14:30:00,24500,CE,73.85,75.37,73.41,74.03,52,31211,0.1581
2025-08-27 14:30:00,24500,PE,973.06,991.74,983.87,987.13,233,24688,0.1585
2025-08-27 14:30:00,24550,CE,74.19,77.52,76.0,76.21,272,34725,0.1581
2025-08-27 14:30:00,24550,PE,1025.14,1046.12,1034.53,1035.07,165,24503,0.1595
2025-08-27 14:30:00,24600,CE,76.68,78.56,76.19,77.39,125,28845,0.1605
2025-08-27 14:30:00,24600,PE,1084.49,1093.75,1083.1,1086.64,156,20050,0.1576
2025-08-27 14:30:00,24650,CE,76.52,76.72,75.61,75.81,316,22552,0.1556
2025-08-27 14:30:00,24650,PE,1133.86,1140.44,1127.14,1135.02,235,23959,0.157
2025-08-27 14:30:00,24700,CE,72.15,72.37,71.82,72.15,270,21540,0.1598
2025-08-27 14:30:00,24700,PE,1196.63,1185.24,1170.06,1182.88,153,25658,0.1544
2025-08-27 14:30:00,24750,CE,75.59,76.03,74.88,75.98,290,23283,0.1573
2025-08-27 14:30:00,24750,PE,1243.21,1245.92,1221.17,1231.42,108,23484,0.1588
2025-08-27 14:30:00,24800,CE,78.22,78.87,77.55,77.82,125,21818,0.159
2025-08-27 14:30:00,24800,PE,1298.1,1296.16,1279.64,1280.79,255,22923,0.1589
2025-08-27 14:30:00,24850,CE,69.37,70.42,69.18,69.31,130,21586,0.1597
2025-08-27 14:30:00,24850,PE,1320.16,1327.92,1315.84,1327.71,288,16907,0.1542
2025-08-27 14:30:00,24900,CE,74.63,75.43,73.97,74.63,126,14748,0.1609
2025-08-27 14:30:00,24900,PE,1389.77,1387.81,1366.26,1385.49,278,20462,0.1568
2025-08-27 14:35:00,23500,CE,158.67,160.01,158.82,158.98,1219,47191,0.1577
2025-08-27 14:35:00,23500,PE,71.6,73.79,72.33,72.85,101,47106,0.1613
2025-08-27 14:35:00,23550,CE,116.88,116.5,115.69,116.48,794,47316,0.1582
2025-08-27 14:35:00,23550,PE,71.51,72.9,71.8,72.76,772,57521,0.1593
2025-08-27 14:35:00,23600,CE,75.44,76.26,74.33,75.61,859,63513,0.1568
2025-08-27 14:35:00,23600,PE,86.17,87.67,85.76,87.04,896,57559,0.1634
2025-08-27 14:35:00,23650,CE,73.79,74.15,73.23,73.87,1398,59914,0.1573
2025-08-27 14:35:00,23650,PE,143.7,144.7,143.21,143.79,635,63425,0.1582
2025-08-27 14:35:00,23700,CE,76.3,78.83,76.45,77.39,930,72347,0.163
2025-08-27 14:35:00,23700,PE,187.43,190.87,184.03,186.64,1086,69042,0.1585
2025-08-27 14:35:00,23750,CE,75.3,76.49,74.92,75.34,973,78046,0.1614
2025-08-27 14:35:00,23750,PE,239.09,242.98,234.94,236.1,1061,77753,0.1581
2025-08-27 14:35:00,23800,CE,82.66,81.89,79.82,81.77,78,74794,0.1574
2025-08-27 14:35:00,23800,PE,290.65,290.64,287.14,289.44,163,80610,0.1594
2025-08-27 14:35:00,23850,CE,72.18,74.48,72.28,72.95,535,69929,0.1569
2025-08-27 14:35:00,23850,PE,340.04,338.36,337.08,337.98,708,71398,0.1609
2025-08-27 14:35:00,23900,CE,74.44,75.62,74.28,75.03,421,62771,0.1601
2025-08-27 14:35:00,23900,PE,385.57,393.77,382.92,385.48,355,56216,0.1585
2025-08-27 14:35:00,23950,CE,70.43,71.34,69.86,70.49,735,61757,0.1547
2025-08-27 14:35:00,23950,PE,444.18,440.1,434.77,437.27,286,53139,0.157
2025-08-27 14:35:00,24000,CE,78.11,79.08,77.74,77.9,617,47408,0.1571
2025-08-27 14:35:00,24000,PE,477.7,485.06,477.43,482.78,476,50716,0.1584
2025-08-27 14:35:00,24050,CE,77.34,77.86,75.5,76.91,327,49490,0.1638
2025-08-27 14:35:00,24050,PE,532.13,539.98,536.81,538.21,643,45946,0.1619
2025-08-27 14:35:00,24100,CE,70.66,70.93,69.43,69.75,421,43210,0.1588
2025-08-27 14:35:00,24100,PE,589.37,602.08,590.87,590.96,464,45907,0.1571
2025-08-27 14:35:00,24150,CE,75.95,76.78,75.59,75.78,476,38159,0.1589
2025-08-27 14:35:00,24150,PE,636.5,644.74,635.98,637.87,216,39351,0.1592
2025-08-27 14:35:00,24200,CE,77.56,78.18,75.41,76.66,184,42561,0.1572
2025-08-27 14:35:00,24200,PE,689.25,689.44,682.14,686.43,77,37839,0.1612
2025-08-27 14:35:00,24250,CE,76.22,76.16,75.12,75.61,480,35828,0.1573
2025-08-27 14:35:00,24250,PE,737.97,738.5,729.86,733.82,287,36675,0.1565
2025-08-27 14:35:00,24300,CE,79.44,80.46,79.53,79.61,454,33642,0.1569
2025-08-27 14:35:00,24300,PE,787.42,797.0,770.39,785.58,269,32387,0.155
2025-08-27 14:35:00,24350,CE,69.89,72.21,71.23,71.33,84,29527,0.1537
2025-08-27 14:35:00,24350,PE,827.04,834.99,829.7,833.24,11,36588,0.1585
2025-08-27 14:35:00,24400,CE,76.01,76.02,74.83,75.94,302,33159,0.1586
2025-08-27 14:35:00,24400,PE,886.7,887.92,882.28,882.81,142,32212,0.1566
2025-08-27 14:35:00,24450,CE,76.62,77.87,76.96,77.03,338,26988,0.1601
2025-08-27 14:35:00,24450,PE,921.81,942.29,938.98,941.31,334,26423,0.162
2025-08-27 14:35:00,24500,CE,74.6,75.21,75.03,75.1,260,31287,0.1604
2025-08-27 14:35:00,24500,PE,993.05,1020.15,974.06,993.27,337,24212,0.1592
2025-08-27 14:35:00,24550,CE,70.55,71.77,71.24,71.37,162,34449,0.156
2025-08-27 14:35:00,24550,PE,1051.9,1055.54,1029.8,1037.65,341,24105,0.1593
2025-08-27 14:35:00,24600,CE,75.84,76.58,74.69,75.33,29,29354,0.1575
2025-08-27 14:35:00,24600,PE,1078.86,1098.01,1071.77,1085.38,157,20404,0.1622
2025-08-27 14:35:00,24650,CE,76.49,77.34,76.47,77.05,91,22793,0.1598
2025-08-27 14:35:00,24650,PE,1144.23,1159.26,1123.45,1142.42,345,24274,0.1571
2025-08-27 14:35:00,24700,CE,76.65,76.62,76.04,76.51,110,21661,0.1601
2025-08-27 14:35:00,24700,PE,1196.97,1186.25,1161.19,1184.55,299,26084,0.1591
2025-08-27 14:35:00,24750,CE,71.32,70.75,69.86,70.53,107,22957,0.1618
2025-08-27 14:35:00,24750,PE,1249.94,1240.75,1230.1,1235.46,153,23184,0.1591
2025-08-27 14:35:00,24800,CE,70.0,69.91,69.21,69.84,242,21928,0.1591
2025-08-27 14:35:00,24800,PE,1278.79,1320.53,1284.56,1286.25,163,23295,0.1618
2025-08-27 14:35:00,24850,CE,67.56,67.54,67.45,67.46,73,21988,0.158
2025-08-27 14:35:00,24850,PE,1356.12,1340.08,1312.43,1338.3,185,17478,0.1544
2025-08-27 14:35:00,24900,CE,77.03,78.31,77.29,77.39,190,15062,0.1591
2025-08-27 14:35:00,24900,PE,1373.06,1399.52,1379.65,1386.35,63,20141,0.159
2025-08-27 14:40:00,23500,CE,140.84,142.35,141.43,141.48,800,46867,0.1559
2025-08-27 14:40:00,23500,PE,82.83,83.06,82.53,82.9,85,47040,0.1612
2025-08-27 14:40:00,23550,CE,100.43,99.87,97.53,98.67,456,47496,0.1616
2025-08-27 14:40:00,23550,PE,74.37,73.35,72.29,73.32,966,57536,0.1583
2025-08-27 14:40:00,23600,CE,75.35,76.92,75.17,75.7,1372,62993,0.1589
2025-08-27 14:40:00,23600,PE,101.66,105.37,101.37,102.93,1295,57537,0.1604
2025-08-27 14:40:00,23650,CE,74.8,75.1,73.68,74.48,990,60294,0.1595
2025-08-27 14:40:00,23650,PE,146.82,151.06,149.01,149.71,442,63113,0.1571
2025-08-27 14:40:00,23700,CE,73.92,74.77,74.1,74.35,937,72509,0.163
2025-08-27 14:40:00,23700,PE,191.09,197.74,192.38,194.47,246,68765,0.1581
2025-08-27 14:40:00,23750,CE,69.86,70.84,68.52,69.79,943,78112,0.1579
2025-08-27 14:40:00,23750,PE,247.2,254.41,245.66,247.35,1005,77994,0.1563
2025-08-27 14:40:00,23800,CE,78.35,80.22,79.04,79.23,217,74442,0.1618
2025-08-27 14:40:00,23800,PE,303.96,307.07,302.26,305.64,958,80897,0.1627
2025-08-27 14:40:00,23850,CE,75.11,75.18,73.18,75.0,542,70140,0.1588
2025-08-27 14:40:00,23850,PE,345.77,349.21,346.15,348.29,382,71173,0.1623
2025-08-27 14:40:00,23900,CE,72.47,71.91,71.59,71.9,684,63244,0.1582
2025-08-27 14:40:00,23900,PE,394.3,397.75,390.99,396.81,751,56552,0.1581
2025-08-27 14:40:00,23950,CE,78.91,79.29,78.89,79.15,667,61782,0.1594
2025-08-27 14:40:00,23950,PE,448.64,453.68,442.06,448.32,246,52638,0.1586
2025-08-27 14:40:00,24000,CE,78.83,79.12,78.13,78.39,227,47336,0.1576
2025-08-27 14:40:00,24000,PE,499.33,510.39,496.96,500.13,70,50511,0.156
2025-08-27 14:40:00,24050,CE,75.02,76.19,74.53,75.39,616,49204,0.1566
2025-08-27 14:40:00,24050,PE,549.65,551.08,536.82,547.56,267,46118,0.1551
2025-08-27 14:40:00,24100,CE,72.96,74.22,73.11,73.31,551,43716,0.1548
2025-08-27 14:40:00,24100,PE,599.66,610.44,594.03,599.27,506,45482,0.1607
2025-08-27 14:40:00,24150,CE,80.68,79.86,79.04,79.74,73,38448,0.161
2025-08-27 14:40:00,24150,PE,649.01,662.08,645.97,650.44,519,39497,0.1561
2025-08-27 14:40:00,24200,CE,70.77,71.58,70.31,70.54,506,42761,0.1603
2025-08-27 14:40:00,24200,PE,709.63,717.28,702.43,704.04,200,38253,0.1612
2025-08-27 14:40:00,24250,CE,73.65,74.0,72.51,73.95,399,35678,0.1575
2025-08-27 14:40:00,24250,PE,746.08,757.25,739.4,748.71,312,36770,0.1604
2025-08-27 14:40:00,24300,CE,76.36,78.47,76.31,76.52,56,33374,0.1598
2025-08-27 14:40:00,24300,PE,797.57,806.43,790.95,797.53,119,32128,0.1605
2025-08-27 14:40:00,24350,CE,72.26,73.15,70.97,72.09,253,29542,0.1579
2025-08-27 14:40:00,24350,PE,854.87,854.66,830.46,846.64,408,35996,0.1594
2025-08-27 14:40:00,24400,CE,67.77,68.49,67.61,67.76,374,32856,0.1583
2025-08-27 14:40:00,24400,PE,891.03,913.34,895.19,898.89,163,31793,0.158
2025-08-27 14:40:00,24450,CE,73.53,74.48,73.11,74.04,12,26531,0.1558
2025-08-27 14:40:00,24450,PE,951.9,963.12,947.78,953.94,102,26284,0.162
2025-08-27 14:40:00,24500,CE,69.07,68.78,67.62,68.61,134,30812,0.1578
2025-08-27 14:40:00,24500,PE,996.23,1019.11,992.26,999.54,144,23797,0.1569
2025-08-27 14:40:00,24550,CE,73.18,74.91,72.32,72.99,274,34651,0.1569
2025-08-27 14:40:00,24550,PE,1054.95,1057.17,1043.12,1051.21,31,24286,0.1562
2025-08-27 14:40:00,24600,CE,76.36,76.04,75.68,76.02,348,29888,0.1571
2025-08-27 14:40:00,24600,PE,1108.41,1105.88,1100.87,1104.88,27,20908,0.1604
2025-08-27 14:40:00,24650,CE,73.7,74.01,73.49,73.5,153,23241,0.1574
2025-08-27 14:40:00,24650,PE,1153.01,1167.06,1146.62,1155.03,80,24503,0.1571
2025-08-27 14:40:00,24700,CE,68.89,69.25,68.16,68.54,286,21380,0.1554
2025-08-27 14:40:00,24700,PE,1220.71,1206.47,1202.36,1202.41,264,25697,0.1589
2025-08-27 14:40:00,24750,CE,74.48,76.43,75.44,75.86,245,23496,0.157
2025-08-27 14:40:00,24750,PE,1247.61,1280.72,1236.11,1244.51,106,23735,0.1539
2025-08-27 14:40:00,24800,CE,69.63,71.03,70.09,70.74,223,21933,0.158
2025-08-27 14:40:00,24800,PE,1274.98,1304.96,1299.56,1303.64,112,23353,0.158
2025-08-27 14:40:00,24850,CE,71.63,71.95,71.57,71.87,316,21394,0.1554
2025-08-27 14:40:00,24850,PE,1346.5,1372.34,1334.55,1352.47,279,17056,0.1602
2025-08-27 14:40:00,24900,CE,75.45,76.5,75.06,75.36,273,15117,0.1573
2025-08-27 14:40:00,24900,PE,1399.99,1430.02,1384.9,1401.18,280,19759,0.1582
2025-08-27 14:45:00,23500,CE,171.1,174.57,169.33,172.34,85,46841,0.162
2025-08-27 14:45:00,23500,PE,75.53,76.22,74.55,75.36,1058,47393,0.1583
2025-08-27 14:45:00,23550,CE,110.56,111.26,110.3,110.65,1204,47856,0.1583
2025-08-27 14:45:00,23550,PE,73.15,73.39,73.06,73.23,1220,57969,0.1589
2025-08-27 14:45:00,23600,CE,68.65,69.11,68.5,68.77,320,62675,0.1563
2025-08-27 14:45:00,23600,PE,80.49,82.45,81.74,81.97,34,57455,0.1609
2025-08-27 14:45:00,23650,CE,77.96,78.48,77.03,77.49,408,60446,0.1608
2025-08-27 14:45:00,23650,PE,132.92,136.03,132.77,134.47,832,63210,0.1584
2025-08-27 14:45:00,23700,CE,72.62,74.59,72.94,73.75,858,73107,0.1592
2025-08-27 14:45:00,23700,PE,182.27,183.16,179.45,181.88,156,68496,0.1575
2025-08-27 14:45:00,23750,CE,76.02,76.3,75.68,75.81,489,77597,0.1568
2025-08-27 14:45:00,23750,PE,242.61,243.22,239.46,240.77,940,77859,0.1605
2025-08-27 14:45:00,23800,CE,76.49,76.95,75.35,75.36,185,74463,0.1544
2025-08-27 14:45:00,23800,PE,280.69,286.08,277.29,283.21,210,80761,0.159
2025-08-27 14:45:00,23850,CE,77.65,78.72,77.48,78.23,605,69923,0.1581
2025-08-27 14:45:00,23850,PE,334.73,334.3,329.02,332.14,778,70881,0.1581
2025-08-27 14:45:00,23900,CE,73.86,73.56,73.05,73.05,110,63156,0.154
2025-08-27 14:45:00,23900,PE,379.6,385.93,381.69,383.61,174,56779,0.1585
2025-08-27 14:45:00,23950,CE,74.61,75.24,75.17,75.19,417,61360,0.1574
2025-08-27 14:45:00,23950,PE,436.89,434.45,430.34,432.72,272,53076,0.1583
2025-08-27 14:45:00,24000,CE,76.37,77.42,76.68,76.84,598,47505,0.1587
2025-08-27 14:45:00,24000,PE,478.8,482.48,476.07,480.1,658,50039,0.1574
2025-08-27 14:45:00,24050,CE,73.61,74.41,73.55,74.19,499,48632,0.1612
2025-08-27 14:45:00,24050,PE,531.86,539.16,535.48,537.11,411,45579,0.1584
2025-08-27 14:45:00,24100,CE,74.41,75.12,74.05,74.87,224,43224,0.1584
2025-08-27 14:45:00,24100,PE,580.41,590.54,579.04,586.6,169,45654,0.1585
2025-08-27 14:45:00,24150,CE,73.36,73.56,73.0,73.34,469,38977,0.1585
2025-08-27 14:45:00,24150,PE,635.02,632.13,623.47,630.99,590,39056,0.1578
2025-08-27 14:45:00,24200,CE,73.81,74.7,72.86,74.2,519,42502,0.1565
2025-08-27 14:45:00,24200,PE,670.13,685.92,683.17,683.21,499,38692,0.1562
2025-08-27 14:45:00,24250,CE,72.15,72.37,71.55,72.26,491,35684,0.1571
2025-08-27 14:45:00,24250,PE,744.81,731.77,727.24,731.54,402,36682,0.1601
2025-08-27 14:45:00,24300,CE,76.49,78.68,77.38,78.18,47,33341,0.1585
2025-08-27 14:45:00,24300,PE,770.4,781.64,774.5,779.23,108,31649,0.1587
2025-08-27 14:45:00,24350,CE,74.81,75.51,74.78,74.87,71,29205,0.1581
2025-08-27 14:45:00,24350,PE,839.96,852.01,825.91,835.84,385,36550,0.1567
2025-08-27 14:45:00,24400,CE,74.88,76.65,74.13,74.83,392,33028,0.1589
2025-08-27 14:45:00,24400,PE,865.22,897.98,877.6,880.14,406,31536,0.1595
2025-08-27 14:45:00,24450,CE,71.64,71.91,70.67,71.75,400,27067,0.1596
2025-08-27 14:45:00,24450,PE,927.11,946.12,922.3,927.59,71,26160,0.1579
2025-08-27 14:45:00,24500,CE,73.58,73.54,72.78,72.88,123,30381,0.1556
2025-08-27 14:45:00,24500,PE,972.22,1007.03,967.89,980.5,78,24355,0.1604
2025-08-27 14:45:00,24550,CE,75.38,75.64,74.2,74.75,78,34850,0.158
2025-08-27 14:45:00,24550,PE,1034.24,1045.21,1023.81,1036.53,353,24589,0.1586
2025-08-27 14:45:00,24600,CE,69.04,71.19,69.01,69.46,179,29315,0.1582
2025-08-27 14:45:00,24600,PE,1077.26,1096.6,1071.99,1077.58,166,20647,0.1558
2025-08-27 14:45:00,24650,CE,77.11,77.66,76.21,77.04,324,23775,0.1574
2025-08-27 14:45:00,24650,PE,1128.76,1152.2,1131.75,1135.53,91,24089,0.158
2025-08-27 14:45:00,24700,CE,72.98,74.17,72.23,72.95,296,21828,0.1581
2025-08-27 14:45:00,24700,PE,1183.57,1185.41,1176.64,1179.14,354,26021,0.1583
2025-08-27 14:45:00,24750,CE,75.12,75.72,75.3,75.39,164,23350,0.1585
2025-08-27 14:45:00,24750,PE,1226.86,1264.04,1233.52,1235.5,26,24199,0.1573
2025-08-27 14:45:00,24800,CE,76.22,76.45,75.93,76.11,333,22440,0.159
2025-08-27 14:45:00,24800,PE,1290.76,1319.26,1277.3,1285.75,195,23793,0.1588
2025-08-27 14:45:00,24850,CE,74.39,75.26,73.81,75.24,6,21282,0.1568
2025-08-27 14:45:00,24850,PE,1338.72,1363.81,1323.71,1334.93,39,17160,0.1557
2025-08-27 14:45:00,24900,CE,70.01,71.25,70.83,71.01,5,14884,0.1573
2025-08-27 14:45:00,24900,PE,1400.23,1415.68,1361.24,1380.23,135,19314,0.16
2025-08-27 14:50:00,23500,CE,165.08,171.17,163.3,166.18,135,47323,0.1563
2025-08-27 14:50:00,23500,PE,71.89,72.24,70.89,71.45,381,47970,0.1608
2025-08-27 14:50:00,23550,CE,118.99,120.05,117.6,119.19,592,47326,0.1634
2025-08-27 14:50:00,23550,PE,69.99,70.51,69.46,69.48,183,58194,0.1561
2025-08-27 14:50:00,23600,CE,74.81,77.86,74.55,75.42,50,63214,0.1582
2025-08-27 14:50:00,23600,PE,78.81,79.34,77.9,79.29,471,57584,0.1603
2025-08-27 14:50:00,23650,CE,77.93,77.98,77.68,77.75,678,59902,0.1587
2025-08-27 14:50:00,23650,PE,130.88,131.98,129.62,131.64,1060,62627,0.1578
2025-08-27 14:50:00,23700,CE,72.98,73.2,71.62,72.78,1042,73111,0.1581
2025-08-27 14:50:00,23700,PE,179.11,180.27,178.21,179.29,408,69023,0.1606
2025-08-27 14:50:00,23750,CE,72.35,74.42,73.71,74.1,249,77331,0.159
2025-08-27 14:50:00,23750,PE,226.92,230.12,224.99,226.33,750,77679,0.1587
2025-08-27 14:50:00,23800,CE,75.47,76.03,75.36,75.82,511,74818,0.1585
2025-08-27 14:50:00,23800,PE,281.32,282.08,278.68,279.03,945,81122,0.1598
2025-08-27 14:50:00,23850,CE,80.64,82.68,81.36,81.71,89,70455,0.1625
2025-08-27 14:50:00,23850,PE,327.44,334.33,329.44,329.54,402,71287,0.1599
2025-08-27 14:50:00,23900,CE,69.18,70.73,69.5,69.56,254,63268,0.1543
2025-08-27 14:50:00,23900,PE,380.69,386.69,372.07,378.94,826,57305,0.1581
2025-08-27 14:50:00,23950,CE,68.58,67.77,67.23,67.37,520,61497,0.1564
2025-08-27 14:50:00,23950,PE,419.57,426.2,421.08,425.12,35,53197,0.1543
2025-08-27 14:50:00,24000,CE,72.1,72.55,71.91,72.47,314,46923,0.1575
2025-08-27 14:50:00,24000,PE,477.99,486.4,476.02,484.66,691,49985,0.1612
2025-08-27 14:50:00,24050,CE,72.1,71.77,70.37,71.08,526,48083,0.16
2025-08-27 14:50:00,24050,PE,516.73,530.55,523.82,526.31,175,46057,0.1606
2025-08-27 14:50:00,24100,CE,74.17,74.84,72.84,73.4,598,42636,0.1565
2025-08-27 14:50:00,24100,PE,579.34,590.36,577.39,580.63,570,45422,0.159
2025-08-27 14:50:00,24150,CE,72.21,74.14,72.7,72.77,137,39571,0.1615
2025-08-27 14:50:00,24150,PE,635.03,642.24,631.95,635.01,325,39410,0.1631
2025-08-27 14:50:00,24200,CE,79.93,82.31,79.75,79.87,86,42811,0.1589
2025-08-27 14:50:00,24200,PE,673.63,690.17,674.3,680.66,213,38947,0.1601
2025-08-27 14:50:00,24250,CE,70.16,70.47,69.83,69.88,354,35145,0.1558
2025-08-27 14:50:00,24250,PE,731.05,739.36,719.7,732.67,469,36427,0.1586
2025-08-27 14:50:00,24300,CE,80.21,81.63,80.35,80.78,190,33699,0.1595
2025-08-27 14:50:00,24300,PE,776.51,784.78,763.08,782.84,446,32123,0.1602
2025-08-27 14:50:00,24350,CE,70.55,72.43,70.15,71.12,224,29025,0.1551
2025-08-27 14:50:00,24350,PE,850.99,832.44,831.51,831.95,397,36261,0.1575
2025-08-27 14:50:00,24400,CE,72.4,73.07,71.71,72.07,299,32711,0.1584
2025-08-27 14:50:00,24400,PE,883.65,882.08,871.26,878.31,103,31593,0.1578
2025-08-27 14:50:00,24450,CE,77.09,77.15,76.17,76.27,382,26816,0.1587
2025-08-27 14:50:00,24450,PE,939.77,931.9,929.37,929.43,322,25585,0.1557
2025-08-27 14:50:00,24500,CE,78.84,81.85,78.19,78.81,296,30249,0.1585
2025-08-27 14:50:00,24500,PE,971.2,984.52,966.52,981.32,38,24419,0.1596
2025-08-27 14:50:00,24550,CE,76.24,75.64,75.42,75.43,101,35011,0.1589
2025-08-27 14:50:00,24550,PE,1031.16,1031.3,1020.96,1025.22,23,24400,0.1552
2025-08-27 14:50:00,24600,CE,71.58,71.35,70.57,71.03,96,29091,0.1567
2025-08-27 14:50:00,24600,PE,1085.75,1085.64,1080.18,1081.18,9,20387,0.1593
2025-08-27 14:50:00,24650,CE,74.54,77.39,74.69,75.08,38,23922,0.1608
2025-08-27 14:50:00,24650,PE,1139.86,1138.45,1120.51,1128.5,175,23829,0.1592
2025-08-27 14:50:00,24700,CE,77.41,77.92,76.31,77.31,225,22328,0.1595
2025-08-27 14:50:00,24700,PE,1180.46,1189.86,1177.49,1185.34,198,25759,0.1576
2025-08-27 14:50:00,24750,CE,76.78,77.29,75.93,76.21,143,23699,0.158
2025-08-27 14:50:00,24750,PE,1235.85,1239.78,1229.34,1229.88,39,23982,0.1564
2025-08-27 14:50:00,24800,CE,74.09,75.18,74.04,74.32,161,22601,0.1578
2025-08-27 14:50:00,24800,PE,1282.51,1288.65,1275.67,1278.18,196,24031,0.1606
2025-08-27 14:50:00,24850,CE,69.25,70.08,69.47,69.55,306,20891,0.1559
2025-08-27 14:50:00,24850,PE,1335.5,1339.63,1311.01,1331.74,159,17015,0.1579
2025-08-27 14:50:00,24900,CE,74.1,74.36,73.37,73.79,32,14437,0.1554
2025-08-27 14:50:00,24900,PE,1375.61,1399.99,1376.12,1381.93,200,19326,0.1586
2025-08-27 14:55:00,23500,CE,130.19,129.06,128.6,128.88,456,47814,0.1577
2025-08-27 14:55:00,23500,PE,77.73,77.25,76.6,76.87,483,48085,0.1598
2025-08-27 14:55:00,23550,CE,79.52,80.62,78.38,79.11,1744,47567,0.1634
2025-08-27 14:55:00,23550,PE,73.83,73.74,73.21,73.27,1292,57933,0.1588
2025-08-27 14:55:00,23600,CE,73.5,73.95,72.63,73.03,1421,63175,0.1573
2025-08-27 14:55:00,23600,PE,108.68,110.22,107.42,107.9,485,57872,0.1571
2025-08-27 14:55:00,23650,CE,73.39,72.97,72.27,72.58,722,59459,0.1563
2025-08-27 14:55:00,23650,PE,175.7,174.03,171.03,173.7,48,62173,0.1556
2025-08-27 14:55:00,23700,CE,68.92,71.14,70.1,70.17,205,72780,0.1532
2025-08-27 14:55:00,23700,PE,217.38,216.4,216.06,216.32,421,68707,0.155
2025-08-27 14:55:00,23750,CE,71.82,72.34,71.91,72.09,957,77885,0.1567
2025-08-27 14:55:00,23750,PE,266.69,269.35,265.7,269.01,1030,77269,0.1592
2025-08-27 14:55:00,23800,CE,78.23,78.63,78.31,78.39,518,74344,0.1595
2025-08-27 14:55:00,23800,PE,321.06,325.69,316.27,321.47,683,80687,0.1605
2025-08-27 14:55:00,23850,CE,72.51,73.75,71.79,72.76,263,70098,0.1571
2025-08-27 14:55:00,23850,PE,363.86,365.32,357.05,363.59,427,71129,0.1594
2025-08-27 14:55:00,23900,CE,72.39,73.97,71.86,72.25,440,62904,0.1592
2025-08-27 14:55:00,23900,PE,416.05,420.41,413.02,415.4,414,56810,0.1583
2025-08-27 14:55:00,23950,CE,76.23,76.56,75.99,76.24,42,61060,0.1587
2025-08-27 14:55:00,23950,PE,469.51,474.03,465.16,472.05,207,53544,0.158
2025-08-27 14:55:00,24000,CE,74.79,75.82,74.94,74.95,236,46947,0.1577
2025-08-27 14:55:00,24000,PE,515.8,518.25,512.4,514.62,473,50280,0.1561
2025-08-27 14:55:00,24050,CE,69.85,71.68,70.17,70.54,382,47695,0.1551
2025-08-27 14:55:00,24050,PE,565.52,583.91,565.31,571.49,432,45823,0.1575
2025-08-27 14:55:00,24100,CE,70.77,71.18,69.68,70.42,363,43214,0.1576
2025-08-27 14:55:00,24100,PE,613.77,619.5,616.8,616.87,53,44924,0.1552
2025-08-27 14:55:00,24150,CE,76.56,76.77,75.83,75.89,150,39497,0.1574
2025-08-27 14:55:00,24150,PE,670.0,676.39,665.24,666.37,279,39164,0.1581
2025-08-27 14:55:00,24200,CE,76.99,78.71,76.7,76.91,489,42219,0.1588
2025-08-27 14:55:00,24200,PE,718.65,723.41,709.81,712.4,299,39009,0.1552
2025-08-27 14:55:00,24250,CE,75.34,74.76,74.25,74.54,397,35205,0.1573
2025-08-27 14:55:00,24250,PE,760.53,765.1,753.41,761.98,76,36211,0.1571
2025-08-27 14:55:00,24300,CE,71.58,73.05,71.48,71.98,91,33665,0.1593
2025-08-27 14:55:00,24300,PE,817.67,820.61,809.16,813.66,447,31993,0.1593
2025-08-27 14:55:00,24350,CE,74.27,75.82,74.32,74.6,174,28982,0.1616
2025-08-27 14:55:00,24350,PE,872.92,884.3,861.0,865.22,83,36678,0.1579
2025-08-27 14:55:00,24400,CE,70.15,73.03,70.39,70.67,298,32967,0.1584
2025-08-27 14:55:00,24400,PE,931.98,922.35,920.06,921.77,160,31329,0.1564
2025-08-27 14:55:00,24450,CE,77.34,77.1,75.96,76.82,205,26503,0.1561
2025-08-27 14:55:00,24450,PE,966.14,967.64,949.5,963.34,15,25855,0.1564
2025-08-27 14:55:00,24500,CE,70.86,71.38,70.45,70.6,352,29918,0.1571
2025-08-27 14:55:00,24500,PE,1014.78,1018.69,1009.87,1013.4,258,24908,0.1551
2025-08-27 14:55:00,24550,CE,72.93,73.89,72.4,73.2,292,35410,0.1585
2025-08-27 14:55:00,24550,PE,1077.49,1080.62,1069.21,1069.84,351,24103,0.1601
2025-08-27 14:55:00,24600,CE,71.61,72.8,71.98,72.19,33,29452,0.1567
2025-08-27 14:55:00,24600,PE,1129.0,1129.46,1101.02,1119.23,300,20016,0.1573
2025-08-27 14:55:00,24650,CE,80.54,81.7,80.85,81.28,329,23351,0.16
2025-08-27 14:55:00,24650,PE,1156.89,1175.39,1151.06,1168.98,141,24382,0.1603
2025-08-27 14:55:00,24700,CE,67.96,69.52,68.39,69.1,127,22641,0.1575
2025-08-27 14:55:00,24700,PE,1219.75,1232.11,1218.89,1223.96,18,25745,0.1577
2025-08-27 14:55:00,24750,CE,74.3,76.08,73.74,74.11,266,24110,0.1575
2025-08-27 14:55:00,24750,PE,1257.43,1284.58,1236.69,1266.71,151,23472,0.1565
2025-08-27 14:55:00,24800,CE,75.12,75.21,74.29,74.83,177,22888,0.1571
2025-08-27 14:55:00,24800,PE,1330.9,1338.34,1300.83,1317.34,151,24578,0.1543
2025-08-27 14:55:00,24850,CE,72.1,73.09,71.78,72.08,103,21273,0.1567
2025-08-27 14:55:00,24850,PE,1385.42,1398.71,1349.18,1368.81,241,16933,0.1588
2025-08-27 14:55:00,24900,CE,74.42,75.66,75.05,75.09,34,14252,0.155
2025-08-27 14:55:00,24900,PE,1422.14,1426.92,1413.99,1421.67,237,19796,0.1584
2025-08-27 15:00:00,23500,CE,143.74,143.12,141.45,142.05,676,47563,0.1588
2025-08-27 15:00:00,23500,PE,82.43,82.61,81.85,82.21,1116,48609,0.1593
2025-08-27 15:00:00,23550,CE,89.53,91.25,88.2,90.39,265,47350,0.1575
2025-08-27 15:00:00,23550,PE,69.92,70.42,69.36,69.83,1355,57483,0.1598
2025-08-27 15:00:00,23600,CE,71.46,71.71,70.68,71.39,1564,62858,0.1612
2025-08-27 15:00:00,23600,PE,106.7,108.08,106.9,107.91,795,57895,0.1577
2025-08-27 15:00:00,23650,CE,75.79,76.87,76.13,76.53,532,59016,0.1609
2025-08-27 15:00:00,23650,PE,156.1,161.33,156.09,156.38,63,62028,0.1623
2025-08-27 15:00:00,23700,CE,78.57,77.9,77.61,77.84,341,73267,0.1587
2025-08-27 15:00:00,23700,PE,213.87,217.73,214.76,216.0,814,68219,0.1602
2025-08-27 15:00:00,23750,CE,69.56,71.45,69.7,70.85,822,78022,0.1572
2025-08-27 15:00:00,23750,PE,256.8,256.95,255.12,256.63,151,77153,0.1555
2025-08-27 15:00:00,23800,CE,72.08,71.96,71.29,71.81,725,74520,0.1595
2025-08-27 15:00:00,23800,PE,308.02,311.65,308.32,308.5,567,80674,0.1548
2025-08-27 15:00:00,23850,CE,79.74,81.27,78.37,78.41,619,70550,0.1598
2025-08-27 15:00:00,23850,PE,354.58,359.54,356.2,358.28,164,71011,0.1606
2025-08-27 15:00:00,23900,CE,71.87,72.54,70.07,70.81,696,62914,0.1552
2025-08-27 15:00:00,23900,PE,405.78,409.52,404.18,407.96,154,56366,0.1599
2025-08-27 15:00:00,23950,CE,69.04,69.06,68.34,68.9,553,61048,0.1601
2025-08-27 15:00:00,23950,PE,461.98,457.8,454.21,457.68,600,53081,0.158
2025-08-27 15:00:00,24000,CE,67.63,69.64,68.74,68.97,431,47046,0.1545
2025-08-27 15:00:00,24000,PE,515.55,512.5,508.68,509.15,329,50192,0.1584
2025-08-27 15:00:00,24050,CE,76.12,76.51,75.03,75.83,186,48035,0.1604
2025-08-27 15:00:00,24050,PE,559.96,557.53,552.05,555.74,224,45725,0.1585
2025-08-27 15:00:00,24100,CE,74.67,76.57,74.55,74.81,530,43370,0.1593
2025-08-27 15:00:00,24100,PE,598.39,613.93,604.96,606.61,33,44394,0.162
2025-08-27 15:00:00,24150,CE,81.17,81.65,81.04,81.06,316,39749,0.1592
2025-08-27 15:00:00,24150,PE,664.69,671.24,649.54,655.95,278,39712,0.1597
2025-08-27 15:00:00,24200,CE,73.57,74.47,73.75,73.78,467,42156,0.1591
2025-08-27 15:00:00,24200,PE,706.3,712.42,708.32,709.9,135,38420,0.1615
2025-08-27 15:00:00,24250,CE,67.38,68.88,67.62,68.33,25,35329,0.1546
2025-08-27 15:00:00,24250,PE,748.94,757.64,748.7,749.17,179,35785,0.1553
2025-08-27 15:00:00,24300,CE,72.34,73.78,72.88,73.05,43,33626,0.1565
2025-08-27 15:00:00,24300,PE,806.04,809.25,805.65,806.88,292,31431,0.1561
2025-08-27 15:00:00,24350,CE,71.35,72.4,70.0,71.25,201,28913,0.1594
2025-08-27 15:00:00,24350,PE,845.78,866.87,845.41,854.48,33,37127,0.1583
2025-08-27 15:00:00,24400,CE,71.21,70.92,70.01,70.69,109,32529,0.16
2025-08-27 15:00:00,24400,PE,903.99,913.06,902.71,904.11,66,31326,0.1597
2025-08-27 15:00:00,24450,CE,73.72,74.4,73.5,74.1,306,26207,0.1573
2025-08-27 15:00:00,24450,PE,957.96,963.48,950.85,953.21,331,25568,0.1566
2025-08-27 15:00:00,24500,CE,67.85,68.29,67.79,68.15,82,30089,0.1569
2025-08-27 15:00:00,24500,PE,992.5,1017.38,1001.58,1005.64,320,25205,0.1541
2025-08-27 15:00:00,24550,CE,70.2,70.47,69.39,69.42,223,35857,0.1556
2025-08-27 15:00:00,24550,PE,1059.5,1078.66,1055.58,1062.46,337,23836,0.1592
2025-08-27 15:00:00,24600,CE,74.05,74.9,73.71,74.46,241,28936,0.1585
2025-08-27 15:00:00,24600,PE,1100.97,1105.96,1097.42,1100.96,36,19946,0.1596
2025-08-27 15:00:00,24650,CE,73.01,74.66,71.54,73.33,260,23452,0.1548
2025-08-27 15:00:00,24650,PE,1157.31,1173.75,1139.26,1158.05,65,24669,0.1601
2025-08-27 15:00:00,24700,CE,74.2,76.42,73.77,74.18,217,22948,0.1578
2025-08-27 15:00:00,24700,PE,1206.23,1239.48,1198.92,1207.5,219,26181,0.1591
2025-08-27 15:00:00,24750,CE,72.2,72.61,71.94,72.0,127,23547,0.1566
2025-08-27 15:00:00,24750,PE,1258.34,1265.65,1255.32,1259.74,207,24049,0.1612
2025-08-27 15:00:00,24800,CE,72.62,72.56,71.78,71.89,37,23448,0.1585
2025-08-27 15:00:00,24800,PE,1315.37,1353.65,1311.93,1313.72,255,24020,0.1607
2025-08-27 15:00:00,24850,CE,73.49,74.06,73.27,74.02,176,21048,0.1565
2025-08-27 15:00:00,24850,PE,1372.13,1363.82,1334.28,1357.86,211,17251,0.1601
2025-08-27 15:00:00,24900,CE,76.55,77.03,74.85,75.81,119,14226,0.1608
2025-08-27 15:00:00,24900,PE,1404.44,1422.9,1409.33,1410.24,17,19201,0.1566
2025-08-27 15:05:00,23500,CE,124.55,125.08,122.38,123.85,1169,47388,0.1612
2025-08-27 15:05:00,23500,PE,75.74,77.46,76.82,77.28,1348,48703,0.1597
2025-08-27 15:05:00,23550,CE,72.11,71.78,70.99,71.12,727,47805,0.1562
2025-08-27 15:05:00,23550,PE,75.53,75.37,73.66,75.01,130,57878,0.1537
2025-08-27 15:05:00,23600,CE,69.49,70.63,69.27,69.62,135,63393,0.1589
2025-08-27 15:05:00,23600,PE,128.75,128.86,127.44,128.26,869,57856,0.1613
2025-08-27 15:05:00,23650,CE,72.87,75.21,72.82,73.4,870,59373,0.1585
2025-08-27 15:05:00,23650,PE,177.54,181.04,177.75,179.07,391,61548,0.156
2025-08-27 15:05:00,23700,CE,74.74,77.09,75.53,76.2,1127,73289,0.1551
2025-08-27 15:05:00,23700,PE,224.04,227.68,222.37,224.21,347,68718,0.162
2025-08-27 15:05:00,23750,CE,75.52,76.81,73.62,75.07,57,78428,0.1564
2025-08-27 15:05:00,23750,PE,272.76,279.54,272.89,275.74,35,77339,0.1595
2025-08-27 15:05:00,23800,CE,70.91,72.32,71.04,71.26,50,74099,0.1565
2025-08-27 15:05:00,23800,PE,322.65,325.39,318.68,324.65,318,80292,0.1592
2025-08-27 15:05:00,23850,CE,71.44,73.18,70.9,72.25,52,70764,0.1587
2025-08-27 15:05:00,23850,PE,373.91,381.18,376.19,377.3,660,70801,0.1602
2025-08-27 15:05:00,23900,CE,81.68,81.83,80.5,81.64,558,62709,0.1614
2025-08-27 15:05:00,23900,PE,432.16,437.1,423.36,428.29,181,56783,0.1606
2025-08-27 15:05:00,23950,CE,72.59,72.39,72.07,72.36,392,60472,0.1574
2025-08-27 15:05:00,23950,PE,477.01,488.8,472.19,478.28,518,52952,0.1607
2025-08-27 15:05:00,24000,CE,72.56,72.58,71.39,72.21,60,46731,0.158
2025-08-27 15:05:00,24000,PE,519.75,531.05,515.63,522.52,226,49624,0.1586
2025-08-27 15:05:00,24050,CE,72.94,73.11,72.24,72.7,469,47694,0.1587
2025-08-27 15:05:00,24050,PE,576.46,590.87,576.12,576.85,109,45346,0.1572
2025-08-27 15:05:00,24100,CE,72.2,72.63,71.63,72.49,433,43375,0.1592
2025-08-27 15:05:00,24100,PE,632.19,644.61,630.85,631.86,492,44316,0.1611
2025-08-27 15:05:00,24150,CE,71.1,71.47,70.63,70.81,390,39715,0.1569
2025-08-27 15:05:00,24150,PE,663.56,672.13,670.91,671.05,340,40165,0.1553
2025-08-27 15:05:00,24200,CE,79.21,78.7,78.29,78.54,333,42149,0.1569
2025-08-27 15:05:00,24200,PE,723.41,752.61,721.72,724.86,466,38586,0.1577
2025-08-27 15:05:00,24250,CE,77.54,77.97,76.08,76.76,476,35505,0.1604
2025-08-27 15:05:00,24250,PE,779.6,775.97,768.78,771.38,353,35805,0.1587
2025-08-27 15:05:00,24300,CE,74.7,75.2,74.84,74.96,413,33391,0.1592
2025-08-27 15:05:00,24300,PE,811.78,829.91,821.03,822.3,267,31914,0.1567
2025-08-27 15:05:00,24350,CE,74.92,74.87,73.46,74.29,104,28838,0.16
2025-08-27 15:05:00,24350,PE,875.02,888.95,863.99,877.65,19,37212,0.1543
2025-08-27 15:05:00,24400,CE,75.02,76.0,74.59,74.77,158,32599,0.1592
2025-08-27 15:05:00,24400,PE,907.13,931.21,914.74,921.49,110,31719,0.1579
2025-08-27 15:05:00,24450,CE,83.1,82.44,81.89,82.16,417,26248,0.1586
2025-08-27 15:05:00,24450,PE,962.24,982.77,967.09,975.42,261,25516,0.1566
2025-08-27 15:05:00,24500,CE,69.16,70.43,70.04,70.11,126,30041,0.1594
2025-08-27 15:05:00,24500,PE,1020.65,1032.47,998.59,1021.62,204,25540,0.1605
2025-08-27 15:05:00,24550,CE,74.0,75.13,72.28,73.54,271,35652,0.1585
2025-08-27 15:05:00,24550,PE,1064.08,1085.02,1068.36,1071.61,243,24357,0.1607
2025-08-27 15:05:00,24600,CE,77.2,76.75,75.13,76.64,160,29351,0.1546
2025-08-27 15:05:00,24600,PE,1124.36,1122.71,1112.86,1121.01,181,19512,0.1579
2025-08-27 15:05:00,24650,CE,73.64,73.91,72.51,73.38,70,23232,0.1575
2025-08-27 15:05:00,24650,PE,1185.76,1174.88,1165.76,1172.6,213,25155,0.1593
2025-08-27 15:05:00,24700,CE,72.26,73.46,71.99,72.55,141,22682,0.157
2025-08-27 15:05:00,24700,PE,1233.63,1230.4,1213.9,1226.41,230,25962,0.1565
2025-08-27 15:05:00,24750,CE,72.0,72.78,70.48,71.48,150,23207,0.1544
2025-08-27 15:05:00,24750,PE,1284.53,1295.0,1270.52,1274.14,103,23514,0.1549
2025-08-27 15:05:00,24800,CE,74.31,74.38,73.91,74.09,188,23422,0.1591
2025-08-27 15:05:00,24800,PE,1335.94,1350.18,1318.59,1323.41,60,24325,0.1532
2025-08-27 15:05:00,24850,CE,75.98,78.37,75.92,76.6,68,21239,0.157
2025-08-27 15:05:00,24850,PE,1361.02,1381.6,1367.16,1373.21,40,16684,0.1538
2025-08-27 15:05:00,24900,CE,64.48,65.64,64.65,65.02,42,14254,0.1576
2025-08-27 15:05:00,24900,PE,1424.89,1435.27,1410.92,1424.27,59,18997,0.1562
2025-08-27 15:10:00,23500,CE,129.64,132.02,131.53,131.79,819,47558,0.1583
2025-08-27 15:10:00,23500,PE,72.36,74.52,73.27,73.53,1183,48589,0.1593
2025-08-27 15:10:00,23550,CE,82.83,82.36,82.1,82.34,213,48381,0.1592
2025-08-27 15:10:00,23550,PE,71.17,71.97,71.39,71.92,1381,58272,0.162
2025-08-27 15:10:00,23600,CE,72.71,74.12,72.68,73.43,1430,63633,0.1619
2025-08-27 15:10:00,23600,PE,118.14,119.25,118.03,118.37,1538,57874,0.1595
2025-08-27 15:10:00,23650,CE,78.76,78.41,76.4,77.71,760,59482,0.162
2025-08-27 15:10:00,23650,PE,169.88,169.11,168.35,168.55,692,61478,0.1581
2025-08-27 15:10:00,23700,CE,77.34,77.66,76.97,77.0,403,73642,0.1621
2025-08-27 15:10:00,23700,PE,225.29,226.34,222.74,224.3,401,69207,0.1573
2025-08-27 15:10:00,23750,CE,70.36,71.94,70.01,70.62,797,79026,0.1584
2025-08-27 15:10:00,23750,PE,269.5,271.3,266.17,268.81,688,77457,0.1576
2025-08-27 15:10:00,23800,CE,73.76,75.06,74.2,74.29,330,74317,0.1602
2025-08-27 15:10:00,23800,PE,319.41,321.32,314.2,316.56,561,80171,0.156
2025-08-27 15:10:00,23850,CE,75.83,76.31,75.87,76.08,72,70174,0.1603
2025-08-27 15:10:00,23850,PE,375.22,376.4,370.61,375.53,212,71044,0.1587
2025-08-27 15:10:00,23900,CE,80.9,81.61,79.64,80.64,738,63229,0.1603
2025-08-27 15:10:00,23900,PE,420.69,422.67,419.62,420.18,427,57214,0.1606
2025-08-27 15:10:00,23950,CE,71.2,72.65,69.43,70.05,15,60926,0.159
2025-08-27 15:10:00,23950,PE,464.73,466.19,460.67,463.31,716,52834,0.1547
2025-08-27 15:10:00,24000,CE,70.79,71.45,68.49,69.99,42,46987,0.1569
2025-08-27 15:10:00,24000,PE,521.64,540.39,519.44,524.3,20,49790,0.159
2025-08-27 15:10:00,24050,CE,74.69,75.46,74.35,74.55,214,47743,0.1582
2025-08-27 15:10:00,24050,PE,575.68,581.6,567.87,570.89,595,44927,0.1592
2025-08-27 15:10:00,24100,CE,76.5,78.85,75.48,76.59,30,43465,0.1575
2025-08-27 15:10:00,24100,PE,607.84,622.36,614.56,616.76,426,44074,0.1572
2025-08-27 15:10:00,24150,CE,70.64,71.81,70.72,71.1,101,39959,0.1592
2025-08-27 15:10:00,24150,PE,671.54,680.57,662.46,666.17,397,40698,0.1573
2025-08-27 15:10:00,24200,CE,77.31,79.07,76.83,77.0,469,42422,0.1591
2025-08-27 15:10:00,24200,PE,715.35,725.97,711.73,720.82,19,38297,0.1572
2025-08-27 15:10:00,24250,CE,72.8,74.11,72.75,72.85,339,35463,0.1612
2025-08-27 15:10:00,24250,PE,774.49,774.84,765.16,767.96,34,35882,0.1606
2025-08-27 15:10:00,24300,CE,76.03,78.57,76.4,76.46,373,33662,0.1579
2025-08-27 15:10:00,24300,PE,819.44,823.95,811.08,820.44,451,31491,0.1604
2025-08-27 15:10:00,24350,CE,77.37,76.47,76.06,76.09,445,28868,0.1593
2025-08-27 15:10:00,24350,PE,874.31,877.33,865.74,867.36,147,37644,0.1572
2025-08-27 15:10:00,24400,CE,75.75,75.38,74.08,75.11,52,32032,0.1614
2025-08-27 15:10:00,24400,PE,925.08,926.29,904.49,917.81,327,31992,0.1557
2025-08-27 15:10:00,24450,CE,72.19,70.9,69.54,70.88,44,26704,0.1558
2025-08-27 15:10:00,24450,PE,973.38,980.47,964.79,967.94,359,25870,0.1566
2025-08-27 15:10:00,24500,CE,77.25,77.74,75.42,76.53,164,30559,0.1564
2025-08-27 15:10:00,24500,PE,1014.68,1027.36,1010.04,1018.63,59,25879,0.1578
2025-08-27 15:10:00,24550,CE,67.68,69.47,66.67,67.33,331,35673,0.1607
2025-08-27 15:10:00,24550,PE,1062.92,1072.28,1062.41,1069.43,139,24329,0.1565
2025-08-27 15:10:00,24600,CE,74.05,75.23,74.75,75.11,23,28789,0.1619
2025-08-27 15:10:00,24600,PE,1115.65,1149.58,1110.78,1113.52,131,18934,0.1574
2025-08-27 15:10:00,24650,CE,74.05,74.58,72.99,73.54,233,23399,0.1569
2025-08-27 15:10:00,24650,PE,1182.94,1192.45,1157.02,1166.28,312,24885,0.1588
2025-08-27 15:10:00,24700,CE,74.75,75.77,74.04,74.32,287,22450,0.1595
2025-08-27 15:10:00,24700,PE,1223.86,1247.43,1206.68,1221.83,193,26330,0.1563
2025-08-27 15:10:00,24750,CE,75.32,75.3,74.77,74.97,124,22740,0.1565
2025-08-27 15:10:00,24750,PE,1274.53,1277.8,1255.72,1270.26,277,23254,0.1569
2025-08-27 15:10:00,24800,CE,76.66,77.6,76.69,76.92,75,23644,0.1523
2025-08-27 15:10:00,24800,PE,1296.56,1332.91,1314.51,1318.46,177,23761,0.1596
2025-08-27 15:10:00,24850,CE,73.36,73.52,72.15,72.53,291,21262,0.1552
2025-08-27 15:10:00,24850,PE,1371.37,1382.4,1370.17,1371.54,89,16186,0.1545
2025-08-27 15:10:00,24900,CE,76.29,78.91,75.55,76.21,212,14567,0.1592
2025-08-27 15:10:00,24900,PE,1410.9,1427.55,1408.76,1419.68,231,19158,0.1587
2025-08-27 15:15:00,23500,CE,222.16,219.97,216.49,218.45,1041,47688,0.1589
2025-08-27 15:15:00,23500,PE,76.54,76.83,75.11,76.11,301,48254,0.1638
2025-08-27 15:15:00,23550,CE,165.82,167.43,166.28,166.71,530,48650,0.1555
2025-08-27 15:15:00,23550,PE,77.44,80.6,76.86,77.38,51,58034,0.1581
2025-08-27 15:15:00,23600,CE,110.51,114.09,111.81,112.44,687,63717,0.1579
2025-08-27 15:15:00,23600,PE,72.04,70.76,70.06,70.53,250,57384,0.1623
2025-08-27 15:15:00,23650,CE,72.22,73.16,71.88,72.43,1603,58997,0.1605
2025-08-27 15:15:00,23650,PE,82.56,84.25,81.67,82.99,166,61110,0.1588
2025-08-27 15:15:00,23700,CE,77.78,78.12,76.41,77.4,529,73301,0.1585
2025-08-27 15:15:00,23700,PE,130.5,130.37,128.22,129.16,1222,68758,0.155
2025-08-27 15:15:00,23750,CE,73.61,73.71,73.45,73.45,199,78567,0.1617
2025-08-27 15:15:00,23750,PE,184.27,186.73,183.94,184.94,856,77911,0.1582
2025-08-27 15:15:00,23800,CE,75.12,75.95,74.64,74.97,203,74382,0.1563
2025-08-27 15:15:00,23800,PE,225.93,229.1,226.15,226.85,440,80317,0.1558
2025-08-27 15:15:00,23850,CE,73.66,73.51,72.85,72.99,677,69919,0.1578
2025-08-27 15:15:00,23850,PE,285.32,287.68,285.39,286.08,631,70510,0.1585
2025-08-27 15:15:00,23900,CE,76.11,76.68,75.49,76.02,462,63790,0.1612
2025-08-27 15:15:00,23900,PE,321.66,327.62,319.9,324.04,843,56678,0.1551
2025-08-27 15:15:00,23950,CE,69.35,69.43,68.72,68.94,62,61313,0.1552
2025-08-27 15:15:00,23950,PE,384.49,385.25,381.34,383.97,190,53032,0.1588
2025-08-27 15:15:00,24000,CE,77.4,77.31,76.85,76.97,434,46876,0.1581
2025-08-27 15:15:00,24000,PE,429.46,433.39,430.93,432.5,251,50085,0.157
2025-08-27 15:15:00,24050,CE,74.57,76.55,74.67,75.21,197,48060,0.1559
2025-08-27 15:15:00,24050,PE,482.42,493.16,476.19,481.1,179,45380,0.1604
2025-08-27 15:15:00,24100,CE,72.98,73.35,72.05,72.74,480,43518,0.1594
2025-08-27 15:15:00,24100,PE,526.02,536.08,526.31,533.29,77,43730,0.1622
2025-08-27 15:15:00,24150,CE,76.08,76.47,73.95,75.38,406,40046,0.161
2025-08-27 15:15:00,24150,PE,571.39,595.21,581.7,583.18,74,40217,0.1577
2025-08-27 15:15:00,24200,CE,77.71,77.87,75.77,77.25,367,42273,0.1601
2025-08-27 15:15:00,24200,PE,621.66,628.83,624.2,628.06,289,38429,0.1566
2025-08-27 15:15:00,24250,CE,75.21,75.68,75.3,75.34,481,35165,0.1528
2025-08-27 15:15:00,24250,PE,684.91,687.0,678.43,681.52,395,36320,0.1583
2025-08-27 15:15:00,24300,CE,77.07,77.22,75.61,76.74,489,34233,0.1609
2025-08-27 15:15:00,24300,PE,733.31,733.58,723.87,728.97,11,30982,0.1589
2025-08-27 15:15:00,24350,CE,76.31,77.72,76.12,76.3,442,28515,0.155
2025-08-27 15:15:00,24350,PE,774.37,789.08,781.33,782.0,153,37611,0.1611
2025-08-27 15:15:00,24400,CE,72.72,72.59,71.71,72.39,319,31477,0.1614
2025-08-27 15:15:00,24400,PE,827.56,835.4,823.36,834.66,316,31503,0.1598
2025-08-27 15:15:00,24450,CE,73.8,75.57,73.95,74.12,175,27184,0.1564
2025-08-27 15:15:00,24450,PE,879.77,901.27,879.24,879.45,64,25324,0.1564
2025-08-27 15:15:00,24500,CE,76.49,76.88,75.35,76.21,213,30255,0.1604
2025-08-27 15:15:00,24500,PE,946.83,940.6,934.33,936.27,113,25787,0.1595
2025-08-27 15:15:00,24550,CE,76.74,77.7,77.32,77.57,77,35097,0.1597
2025-08-27 15:15:00,24550,PE,979.4,986.73,977.3,979.08,391,24701,0.1569
2025-08-27 15:15:00,24600,CE,79.77,82.41,80.1,80.19,170,29185,0.1602
2025-08-27 15:15:00,24600,PE,1038.0,1034.76,1026.31,1032.74,403,18807,0.1556
2025-08-27 15:15:00,24650,CE,72.7,74.33,72.58,73.44,66,23041,0.1555
2025-08-27 15:15:00,24650,PE,1078.29,1092.36,1065.09,1080.48,374,25355,0.1569
2025-08-27 15:15:00,24700,CE,78.39,79.03,77.36,78.24,264,22664,0.1617
2025-08-27 15:15:00,24700,PE,1124.45,1137.67,1124.42,1129.95,118,26358,0.1562
2025-08-27 15:15:00,24750,CE,78.98,78.71,78.28,78.56,136,22610,0.1604
2025-08-27 15:15:00,24750,PE,1174.86,1185.71,1171.96,1181.41,264,23301,0.1595
2025-08-27 15:15:00,24800,CE,73.81,74.97,72.95,73.16,152,23343,0.1574
2025-08-27 15:15:00,24800,PE,1229.67,1250.48,1219.64,1235.46,230,23700,0.1612
2025-08-27 15:15:00,24850,CE,73.6,74.42,73.07,73.44,22,21485,0.1589
2025-08-27 15:15:00,24850,PE,1307.43,1292.68,1272.18,1279.61,116,16079,0.1604
2025-08-27 15:15:00,24900,CE,73.77,73.96,72.54,73.66,322,14788,0.156
2025-08-27 15:15:00,24900,PE,1323.19,1350.18,1313.07,1326.15,26,19444,0.1525
2025-08-27 15:20:00,23500,CE,198.53,198.55,193.26,195.83,389,47992,0.1578
2025-08-27 15:20:00,23500,PE,72.67,72.61,70.94,71.84,461,48337,0.1585
2025-08-27 15:20:00,23550,CE,134.54,136.52,132.51,133.85,1029,48271,0.1578
2025-08-27 15:20:00,23550,PE,71.97,73.47,72.87,72.88,220,58274,0.1591
2025-08-27 15:20:00,23600,CE,84.86,86.19,84.37,84.82,150,64100,0.1579
2025-08-27 15:20:00,23600,PE,68.1,69.1,68.61,68.85,763,56897,0.157
2025-08-27 15:20:00,23650,CE,71.31,72.61,71.38,71.92,1214,59472,0.1594
2025-08-27 15:20:00,23650,PE,111.42,112.53,111.16,112.46,131,61639,0.1566
2025-08-27 15:20:00,23700,CE,78.81,78.97,77.55,77.96,579,73502,0.1614
2025-08-27 15:20:00,23700,PE,163.55,164.82,162.07,164.26,380,68291,0.1616
2025-08-27 15:20:00,23750,CE,77.19,78.36,77.29,77.64,1186,78751,0.1579
2025-08-27 15:20:00,23750,PE,208.15,212.95,208.43,209.08,321,77738,0.157
2025-08-27 15:20:00,23800,CE,73.59,73.65,72.87,73.35,817,74146,0.1576
2025-08-27 15:20:00,23800,PE,266.83,268.97,263.28,267.52,743,79761,0.1606
2025-08-27 15:20:00,23850,CE,71.68,73.71,71.2,72.95,956,70188,0.1571
2025-08-27 15:20:00,23850,PE,313.33,317.13,310.84,312.92,336,70590,0.1592
2025-08-27 15:20:00,23900,CE,72.73,72.65,72.18,72.57,165,63730,0.1604
2025-08-27 15:20:00,23900,PE,364.26,373.68,354.94,360.97,321,56544,0.1598
2025-08-27 15:20:00,23950,CE,75.54,75.28,74.73,74.96,662,61207,0.1595
2025-08-27 15:20:00,23950,PE,420.3,422.43,418.7,421.92,18,52975,0.1639
2025-08-27 15:20:00,24000,CE,73.72,75.11,74.41,74.43,50,46848,0.1591
2025-08-27 15:20:00,24000,PE,465.34,471.6,462.83,464.1,513,49602,0.1569
2025-08-27 15:20:00,24050,CE,77.81,80.15,78.39,79.05,55,47916,0.1619
2025-08-27 15:20:00,24050,PE,515.03,528.06,508.06,512.04,342,44856,0.1605
2025-08-27 15:20:00,24100,CE,76.39,76.67,75.98,76.03,219,43849,0.1579
2025-08-27 15:20:00,24100,PE,556.01,564.62,557.08,562.46,377,43756,0.1585
2025-08-27 15:20:00,24150,CE,75.61,76.31,76.14,76.3,73,40405,0.1598
2025-08-27 15:20:00,24150,PE,607.18,610.85,603.02,609.51,366,40132,0.1573
2025-08-27 15:20:00,24200,CE,68.73,70.13,68.27,69.28,358,41856,0.157
2025-08-27 15:20:00,24200,PE,660.61,674.56,656.08,664.41,394,38188,0.159
2025-08-27 15:20:00,24250,CE,72.7,72.98,72.76,72.94,30,34845,0.1597
2025-08-27 15:20:00,24250,PE,720.88,711.77,708.28,710.44,205,36247,0.157
2025-08-27 15:20:00,24300,CE,74.26,75.19,73.97,73.99,125,34579,0.1567
2025-08-27 15:20:00,24300,PE,767.06,765.76,762.85,763.39,142,30521,0.1592
2025-08-27 15:20:00,24350,CE,73.22,73.91,72.74,73.24,115,28395,0.1568
2025-08-27 15:20:00,24350,PE,824.6,825.13,814.09,814.34,29,37121,0.157
2025-08-27 15:20:00,24400,CE,69.18,70.24,69.12,69.8,80,31346,0.1562
2025-08-27 15:20:00,24400,PE,874.76,870.58,855.0,862.6,446,31602,0.1551
2025-08-27 15:20:00,24450,CE,74.83,74.37,72.96,73.99,43,26666,0.1577
2025-08-27 15:20:00,24450,PE,917.71,921.89,901.87,913.45,52,24803,0.1577
2025-08-27 15:20:00,24500,CE,73.98,74.98,74.33,74.44,220,30531,0.1588
2025-08-27 15:20:00,24500,PE,965.82,983.7,961.08,963.34,190,25675,0.1582
2025-08-27 15:20:00,24550,CE,74.04,74.94,73.9,74.45,247,34918,0.1603
2025-08-27 15:20:00,24550,PE,1019.86,1022.37,1002.47,1013.16,333,24924,0.1585
2025-08-27 15:20:00,24600,CE,76.9,77.63,77.29,77.39,388,28686,0.1588
2025-08-27 15:20:00,24600,PE,1062.1,1076.98,1044.46,1061.38,174,19238,0.1594
2025-08-27 15:20:00,24650,CE,76.69,76.95,76.24,76.25,257,23371,0.1573
2025-08-27 15:20:00,24650,PE,1123.7,1128.9,1099.52,1113.69,181,25222,0.1592
2025-08-27 15:20:00,24700,CE,71.87,72.63,71.81,72.16,276,22626,0.1548
2025-08-27 15:20:00,24700,PE,1168.13,1177.28,1170.07,1172.11,152,26235,0.1633
2025-08-27 15:20:00,24750,CE,70.75,71.87,70.93,71.26,48,22952,0.1557
2025-08-27 15:20:00,24750,PE,1219.57,1209.13,1204.69,1206.9,301,22735,0.1585
2025-08-27 15:20:00,24800,CE,76.52,76.63,76.42,76.63,140,23548,0.1581
2025-08-27 15:20:00,24800,PE,1263.61,1268.13,1254.45,1265.02,55,23463,0.1576
2025-08-27 15:20:00,24850,CE,73.8,74.19,73.75,74.0,317,21820,0.1606
2025-08-27 15:20:00,24850,PE,1317.5,1331.71,1289.62,1313.41,289,16659,0.1595
2025-08-27 15:20:00,24900,CE,70.41,72.58,71.65,71.68,219,14522,0.1565
2025-08-27 15:20:00,24900,PE,1365.98,1379.38,1351.35,1360.96,304,19379,0.1579
2025-08-27 15:25:00,23500,CE,137.87,141.16,140.17,140.53,797,48049,0.1568
2025-08-27 15:25:00,23500,PE,74.85,76.84,75.42,75.77,810,48398,0.1586
2025-08-27 15:25:00,23550,CE,85.38,87.73,85.53,85.82,1333,47858,0.1614
2025-08-27 15:25:00,23550,PE,67.71,68.94,68.37,68.46,768,58373,0.1593
2025-08-27 15:25:00,23600,CE,71.76,72.68,71.62,72.42,902,64368,0.1587
2025-08-27 15:25:00,23600,PE,105.8,109.11,106.47,107.29,551,57429,0.1594
2025-08-27 15:25:00,23650,CE,71.93,71.68,70.6,71.39,42,59742,0.1597
2025-08-27 15:25:00,23650,PE,154.47,156.11,152.32,153.29,252,61762,0.1602
2025-08-27 15:25:00,23700,CE,68.26,68.52,67.12,67.99,47,73181,0.158
2025-08-27 15:25:00,23700,PE,205.35,207.19,205.45,206.35,486,67808,0.1566
2025-08-27 15:25:00,23750,CE,72.42,72.82,72.56,72.76,366,78912,0.1599
2025-08-27 15:25:00,23750,PE,255.17,257.33,253.66,255.88,189,77888,0.1601
2025-08-27 15:25:00,23800,CE,73.93,75.42,74.16,74.22,464,74553,0.1574
2025-08-27 15:25:00,23800,PE,309.14,313.84,312.7,313.66,627,79696,0.1598
2025-08-27 15:25:00,23850,CE,74.39,75.03,73.56,74.99,735,69794,0.1585
2025-08-27 15:25:00,23850,PE,358.4,361.54,358.74,361.09,509,70259,0.1561
2025-08-27 15:25:00,23900,CE,75.88,76.08,74.56,75.44,374,63701,0.1579
2025-08-27 15:25:00,23900,PE,414.57,411.18,405.2,410.33,493,56318,0.1584
2025-08-27 15:25:00,23950,CE,75.92,77.75,76.52,76.68,503,60823,0.1599
2025-08-27 15:25:00,23950,PE,463.87,461.17,458.42,458.55,136,52504,0.1568
2025-08-27 15:25:00,24000,CE,73.05,73.05,72.03,72.78,343,46742,0.1564
2025-08-27 15:25:00,24000,PE,515.03,519.47,513.15,517.54,581,49407,0.1596
2025-08-27 15:25:00,24050,CE,72.16,73.25,71.71,72.89,385,48474,0.1571
2025-08-27 15:25:00,24050,PE,555.11,560.38,554.03,559.35,407,45283,0.1601
2025-08-27 15:25:00,24100,CE,75.1,75.47,75.01,75.31,318,43469,0.1585
2025-08-27 15:25:00,24100,PE,603.97,617.22,607.84,610.75,281,44060,0.1586
2025-08-27 15:25:00,24150,CE,72.16,72.38,71.51,71.8,75,40381,0.158
2025-08-27 15:25:00,24150,PE,658.61,671.99,653.58,656.84,304,40643,0.156
2025-08-27 15:25:00,24200,CE,76.68,76.85,74.9,75.89,535,41985,0.1572
2025-08-27 15:25:00,24200,PE,703.95,718.74,707.51,710.78,122,37832,0.1598
2025-08-27 15:25:00,24250,CE,76.96,78.04,76.77,76.77,314,34480,0.1577
2025-08-27 15:25:00,24250,PE,758.31,770.81,760.03,761.7,352,36807,0.1579
2025-08-27 15:25:00,24300,CE,75.75,76.5,73.7,74.37,99,35080,0.1545
2025-08-27 15:25:00,24300,PE,806.29,811.69,806.09,807.17,26,30500,0.1558
2025-08-27 15:25:00,24350,CE,69.89,71.6,70.97,70.99,186,28471,0.1582
2025-08-27 15:25:00,24350,PE,850.84,862.76,857.07,859.27,231,37177,0.1602
2025-08-27 15:25:00,24400,CE,79.28,79.31,77.59,78.67,60,31662,0.1576
2025-08-27 15:25:00,24400,PE,904.14,914.67,904.17,907.51,424,31571,0.1589
2025-08-27 15:25:00,24450,CE,74.99,75.72,74.89,75.41,369,26213,0.16
2025-08-27 15:25:00,24450,PE,959.82,964.95,954.34,960.23,316,24592,0.1585
2025-08-27 15:25:00,24500,CE,77.09,77.44,76.83,77.01,278,30612,0.1564
2025-08-27 15:25:00,24500,PE,1024.48,1026.39,1008.83,1014.48,24,25496,0.1561
2025-08-27 15:25:00,24550,CE,76.26,76.14,75.7,75.86,175,35294,0.1583
2025-08-27 15:25:00,24550,PE,1060.05,1063.52,1044.7,1060.19,49,25461,0.1593
2025-08-27 15:25:00,24600,CE,73.47,74.02,72.5,73.26,24,28376,0.1617
2025-08-27 15:25:00,24600,PE,1105.77,1106.65,1099.75,1099.78,59,19704,0.1591
2025-08-27 15:25:00,24650,CE,75.03,74.9,73.86,74.17,210,23629,0.1566
2025-08-27 15:25:00,24650,PE,1170.86,1174.74,1146.4,1162.9,254,25326,0.1619
2025-08-27 15:25:00,24700,CE,71.65,72.33,71.66,71.95,110,22182,0.1548
2025-08-27 15:25:00,24700,PE,1212.54,1225.9,1206.96,1212.66,157,26128,0.1566
2025-08-27 15:25:00,24750,CE,69.69,69.66,69.19,69.5,152,23546,0.156
2025-08-27 15:25:00,24750,PE,1247.33,1274.84,1250.58,1258.07,48,22913,0.1555
2025-08-27 15:25:00,24800,CE,73.93,73.91,73.03,73.12,56,23658,0.1587
2025-08-27 15:25:00,24800,PE,1322.0,1334.32,1299.6,1307.16,225,22905,0.1523
2025-08-27 15:25:00,24850,CE,72.81,73.83,73.19,73.73,150,21605,0.1564
2025-08-27 15:25:00,24850,PE,1370.81,1371.07,1351.48,1357.34,158,16644,0.1589
2025-08-27 15:25:00,24900,CE,72.55,72.78,72.0,72.52,148,14691,0.1597
2025-08-27 15:25:00,24900,PE,1416.61,1425.0,1403.0,1408.05,66,19807,0.1573
2025-08-27 11:30:00,24100,CE,77.56,77.58,76.94,76.95,658,43899,0.1673
2025-08-27 11:30:00,24100,PE,369.94,369.64,367.95,369.4,191,46283,0.167
2025-08-27 11:30:00,24150,CE,79.1,79.1,77.84,79.19,109,39426,0.1662
2025-08-27 11:30:00,24150,PE,420.86,420.84,418.71,419.0,245,40396,0.1638
2025-08-27 11:30:00,24200,CE,72.47,73.71,72.43,73.22,686,39994,0.164
2025-08-27 11:30:00,24200,PE,477.39,471.38,462.95,468.87,172,37719,0.1652
