timestamp,strike,side,open,high,low,close,volume,oi,iv
2025-08-27 09:00:00,23500,CE,752.28,759.92,746.02,748.81,0,35231,0.1805
2025-08-27 09:00:00,23500,PE,470.44,472.69,468.56,470.01,0,33698,0.1812
2025-08-27 09:00:00,23550,CE,680.74,677.83,674.18,675.89,0,38201,0.1814
2025-08-27 09:00:00,23550,PE,444.27,452.62,447.51,449.6,0,35666,0.18
2025-08-27 09:00:00,23600,CE,600.48,606.65,593.37,599.52,0,38561,0.1773
2025-08-27 09:00:00,23600,PE,440.95,444.39,437.57,440.32,0,38864,0.1775
2025-08-27 09:00:00,23650,CE,562.59,577.06,563.86,564.65,0,44635,0.1766
2025-08-27 09:00:00,23650,PE,457.74,462.9,452.6,456.52,0,42063,0.1787
2025-08-27 09:00:00,23700,CE,493.61,496.18,485.27,494.36,0,47294,0.1813
2025-08-27 09:00:00,23700,PE,456.11,465.96,457.53,459.99,0,46658,0.1817
2025-08-27 09:00:00,23750,CE,479.39,476.22,468.26,475.41,0,53487,0.1833
2025-08-27 09:00:00,23750,PE,467.47,480.7,462.74,472.87,0,52931,0.1824
2025-08-27 09:00:00,23800,CE,454.6,466.99,457.31,461.85,0,51450,0.1806
2025-08-27 09:00:00,23800,PE,510.06,518.29,503.87,517.04,0,51248,0.1801
2025-08-27 09:00:00,23850,CE,469.92,474.06,470.75,471.7,0,46769,0.1795
2025-08-27 09:00:00,23850,PE,541.06,542.95,537.06,539.48,0,44882,0.1771
2025-08-27 09:00:00,23900,CE,475.88,485.18,473.5,476.23,0,41291,0.1802
2025-08-27 09:00:00,23900,PE,573.38,580.9,578.56,579.56,0,42605,0.1795
2025-08-27 09:00:00,23950,CE,460.95,472.19,464.58,466.04,0,38625,0.1811
2025-08-27 09:00:00,23950,PE,642.28,656.51,632.65,644.59,0,39570,0.1782
2025-08-27 09:00:00,24000,CE,427.29,429.22,425.99,428.58,0,36821,0.1833
2025-08-27 09:00:00,24000,PE,698.9,706.68,697.23,698.87,0,33199,0.1793
2025-08-27 09:00:00,24050,CE,429.88,441.9,435.52,436.16,0,31369,0.1794
2025-08-27 09:00:00,24050,PE,772.88,779.48,773.35,774.65,0,33272,0.1817
2025-08-27 09:00:00,24100,CE,458.84,466.48,458.27,463.75,0,28679,0.1817
2025-08-27 09:00:00,24100,PE,803.54,801.45,790.45,798.45,0,28627,0.1792
2025-08-27 09:00:00,24150,CE,490.28,488.88,486.19,488.21,0,26959,0.175
2025-08-27 09:00:00,24150,PE,864.5,872.52,860.84,867.43,0,26695,0.1804
2025-08-27 09:00:00,24200,CE,491.92,492.05,489.42,491.69,0,27412,0.1775
2025-08-27 09:00:00,24200,PE,911.93,902.34,878.52,895.18,0,25853,0.1822
2025-08-27 09:00:00,24250,CE,467.75,467.81,457.27,464.76,0,27045,0.1787
2025-08-27 09:00:00,24250,PE,966.1,972.43,958.23,958.73,0,23681,0.1835
2025-08-27 09:00:00,24300,CE,466.77,466.32,461.88,464.9,0,23779,0.1827
2025-08-27 09:00:00,24300,PE,949.27,974.52,955.45,965.38,0,24605,0.1811
2025-08-27 09:00:00,24350,CE,448.97,460.26,451.58,457.27,0,22205,0.1854
2025-08-27 09:00:00,24350,PE,1072.76,1078.64,1067.46,1072.14,0,23628,0.1819
2025-08-27 09:00:00,24400,CE,451.94,461.21,454.4,459.85,0,23048,0.1793
2025-08-27 09:00:00,24400,PE,1039.63,1049.12,1041.66,1047.31,0,22244,0.1794
2025-08-27 09:00:00,24450,CE,479.15,488.75,475.37,480.76,0,21133,0.1786
2025-08-27 09:00:00,24450,PE,1117.39,1142.59,1115.74,1124.13,0,21008,0.1791
2025-08-27 09:00:00,24500,CE,408.92,418.67,414.46,415.21,0,21786,0.1781
2025-08-27 09:00:00,24500,PE,1224.15,1230.1,1206.42,1220.77,0,20936,0.1798
2025-08-27 09:00:00,24550,CE,488.31,494.08,482.33,488.06,0,17231,0.1823
2025-08-27 09:00:00,24550,PE,1223.05,1264.28,1222.1,1233.31,0,20081,0.1795
2025-08-27 09:00:00,24600,CE,471.65,480.69,474.11,476.73,0,16895,0.177
2025-08-27 09:00:00,24600,PE,1294.48,1324.48,1297.49,1301.21,0,19717,0.1809
2025-08-27 09:00:00,24650,CE,457.4,460.73,451.63,454.55,0,16835,0.1768
2025-08-27 09:00:00,24650,PE,1325.34,1381.71,1341.04,1344.15,0,18310,0.1812
2025-08-27 09:00:00,24700,CE,413.04,423.47,420.59,421.82,0,17846,0.1788
2025-08-27 09:00:00,24700,PE,1424.15,1459.67,1421.02,1427.28,0,16314,0.1817
2025-08-27 09:00:00,24750,CE,485.87,483.47,475.47,480.91,0,18144,0.1815
2025-08-27 09:00:00,24750,PE,1452.78,1459.9,1445.57,1455.39,0,16389,0.1814
2025-08-27 09:00:00,24800,CE,472.42,473.13,463.35,470.09,0,15422,0.1793
2025-08-27 09:00:00,24800,PE,1513.4,1545.15,1502.76,1506.0,0,15694,0.1789
2025-08-27 09:00:00,24850,CE,460.97,465.31,457.96,463.14,0,14441,0.1814
2025-08-27 09:00:00,24850,PE,1527.57,1585.35,1508.06,1525.5,0,13641,0.1789
2025-08-27 09:00:00,24900,CE,437.05,434.33,428.13,432.17,0,16647,0.1822
2025-08-27 09:00:00,24900,PE,1543.39,1558.39,1530.23,1544.61,0,15967,0.1762
2025-08-27 09:05:00,23500,CE,761.64,755.51,747.35,754.51,0,35123,0.1825
2025-08-27 09:05:00,23500,PE,477.54,475.02,471.78,474.8,0,35517,0.1824
2025-08-27 09:05:00,23550,CE,698.98,694.57,686.83,691.77,0,37017,0.1811
2025-08-27 09:05:00,23550,PE,473.8,487.75,476.26,478.3,0,38506,0.1794
2025-08-27 09:05:00,23600,CE,645.25,649.47,643.54,645.78,0,41680,0.1827
2025-08-27 09:05:00,23600,PE,464.64,465.79,458.87,459.01,0,38730,0.1811
2025-08-27 09:05:00,23650,CE,585.57,600.88,574.19,587.21,0,43274,0.1812
2025-08-27 09:05:00,23650,PE,449.45,445.03,441.41,444.95,0,41894,0.181
2025-08-27 09:05:00,23700,CE,538.72,549.6,539.03,541.45,0,48884,0.1774
2025-08-27 09:05:00,23700,PE,466.52,476.56,468.3,469.59,0,46520,0.1803
2025-08-27 09:05:00,23750,CE,480.33,477.76,472.64,475.8,0,54762,0.1809
2025-08-27 09:05:00,23750,PE,440.02,443.03,439.67,441.42,0,54927,0.176
2025-08-27 09:05:00,23800,CE,445.48,452.03,444.22,445.48,0,49827,0.1795
2025-08-27 09:05:00,23800,PE,489.09,498.11,485.38,488.19,0,50708,0.1784
2025-08-27 09:05:00,23850,CE,454.09,457.59,455.15,456.33,0,47026,0.183
2025-08-27 09:05:00,23850,PE,552.2,559.54,554.13,557.13,0,46254,0.1765
2025-08-27 09:05:00,23900,CE,487.29,482.96,476.03,481.88,0,40929,0.1788
2025-08-27 09:05:00,23900,PE,584.6,582.82,571.35,580.77,0,42787,0.1776
2025-08-27 09:05:00,23950,CE,453.14,463.77,447.37,449.05,0,35934,0.1772
2025-08-27 09:05:00,23950,PE,637.82,646.84,638.2,640.9,0,36679,0.1805
2025-08-27 09:05:00,24000,CE,463.14,467.78,460.29,462.45,0,34208,0.1829
2025-08-27 09:05:00,24000,PE,707.19,710.15,693.55,700.37,0,34354,0.1798
2025-08-27 09:05:00,24050,CE,470.06,477.95,470.66,473.89,0,33117,0.1824
2025-08-27 09:05:00,24050,PE,726.37,742.32,721.03,727.29,0,33598,0.1754
2025-08-27 09:05:00,24100,CE,459.33,459.53,457.09,457.82,0,28498,0.1821
2025-08-27 09:05:00,24100,PE,761.27,764.12,755.53,761.53,0,29323,0.1814
2025-08-27 09:05:00,24150,CE,483.83,494.84,481.18,483.36,0,29680,0.1776
2025-08-27 09:05:00,24150,PE,865.73,877.38,868.88,873.44,0,28433,0.1833
2025-08-27 09:05:00,24200,CE,458.21,463.0,458.45,461.95,0,25990,0.179
2025-08-27 09:05:00,24200,PE,870.6,887.38,872.71,880.73,0,26523,0.1793
2025-08-27 09:05:00,24250,CE,505.23,510.3,505.89,507.46,0,25698,0.183
2025-08-27 09:05:00,24250,PE,908.4,931.86,921.03,921.75,0,25656,0.1771
2025-08-27 09:05:00,24300,CE,446.52,447.71,436.93,444.56,0,25270,0.1818
2025-08-27 09:05:00,24300,PE,1003.32,1005.37,999.67,1003.95,0,25906,0.1796
2025-08-27 09:05:00,24350,CE,459.21,460.81,456.67,459.57,0,23995,0.18
2025-08-27 09:05:00,24350,PE,1030.29,1026.38,1021.03,1023.34,0,21178,0.1756
2025-08-27 09:05:00,24400,CE,482.84,492.15,482.81,483.26,0,21373,0.182
2025-08-27 09:05:00,24400,PE,1081.9,1079.55,1069.19,1073.06,0,21625,0.1794
2025-08-27 09:05:00,24450,CE,458.76,456.72,453.7,454.07,0,21224,0.18
2025-08-27 09:05:00,24450,PE,1140.08,1136.9,1109.81,1130.68,0,22542,0.1784
2025-08-27 09:05:00,24500,CE,437.1,440.92,421.8,435.78,0,19599,0.1769
2025-08-27 09:05:00,24500,PE,1188.38,1191.61,1182.06,1184.73,0,19203,0.1822
2025-08-27 09:05:00,24550,CE,493.36,494.57,486.57,489.53,0,20590,0.1814
2025-08-27 09:05:00,24550,PE,1264.1,1263.04,1235.22,1255.28,0,19953,0.1806
2025-08-27 09:05:00,24600,CE,469.51,467.35,465.2,467.01,0,18070,0.1784
2025-08-27 09:05:00,24600,PE,1306.48,1345.09,1316.32,1323.22,0,19953,0.18
2025-08-27 09:05:00,24650,CE,424.98,434.31,431.88,433.15,0,16748,0.1785
2025-08-27 09:05:00,24650,PE,1331.73,1371.45,1332.99,1341.6,0,16500,0.1767
2025-08-27 09:05:00,24700,CE,454.99,461.43,457.66,459.96,0,14976,0.1798
2025-08-27 09:05:00,24700,PE,1404.94,1432.83,1410.4,1413.44,0,15216,0.1824
2025-08-27 09:05:00,24750,CE,461.32,474.28,464.47,470.02,0,17749,0.177
2025-08-27 09:05:00,24750,PE,1434.35,1438.28,1412.27,1428.12,0,14593,0.178
2025-08-27 09:05:00,24800,CE,493.65,489.8,488.06,489.79,0,16791,0.182
2025-08-27 09:05:00,24800,PE,1488.8,1495.59,1478.93,1485.8,0,14023,0.1817
2025-08-27 09:05:00,24850,CE,472.49,473.03,464.05,471.84,0,14131,0.1797
2025-08-27 09:05:00,24850,PE,1510.3,1523.51,1518.47,1521.46,0,14612,0.1785
2025-08-27 09:05:00,24900,CE,466.48,467.0,463.55,466.16,0,13580,0.1796
2025-08-27 09:05:00,24900,PE,1587.3,1603.25,1581.62,1588.16,0,13225,0.1824
2025-08-27 09:10:00,23500,CE,705.07,714.23,685.34,700.74,0,35820,0.1807
2025-08-27 09:10:00,23500,PE,435.59,447.29,427.41,429.24,0,33486,0.1803
2025-08-27 09:10:00,23550,CE,672.72,685.17,675.54,675.68,0,36261,0.1802
2025-08-27 09:10:00,23550,PE,503.7,510.31,498.03,503.11,0,37585,0.1816
2025-08-27 09:10:00,23600,CE,606.66,612.35,600.67,608.08,0,41394,0.1789
2025-08-27 09:10:00,23600,PE,468.81,473.32,460.55,467.25,0,38931,0.1778
2025-08-27 09:10:00,23650,CE,553.8,550.94,541.71,547.67,0,43324,0.1767
2025-08-27 09:10:00,23650,PE,446.78,448.85,439.85,441.96,0,43429,0.1802
2025-08-27 09:10:00,23700,CE,540.39,538.13,527.65,532.1,0,47118,0.1828
2025-08-27 09:10:00,23700,PE,482.67,479.41,476.91,477.47,0,46585,0.1819
2025-08-27 09:10:00,23750,CE,470.7,479.08,467.14,469.18,0,55394,0.178
2025-08-27 09:10:00,23750,PE,471.19,475.55,469.8,471.82,0,54503,0.1809
2025-08-27 09:10:00,23800,CE,476.38,481.98,476.54,477.89,0,50898,0.1821
2025-08-27 09:10:00,23800,PE,516.86,521.58,517.47,519.14,0,49452,0.1782
2025-08-27 09:10:00,23850,CE,445.36,447.7,438.14,447.44,0,45871,0.179
2025-08-27 09:10:00,23850,PE,503.86,506.25,501.72,504.39,0,43770,0.1809
2025-08-27 09:10:00,23900,CE,473.68,485.99,468.45,478.31,0,39639,0.1813
2025-08-27 09:10:00,23900,PE,598.28,597.29,592.14,597.25,0,42985,0.1791
2025-08-27 09:10:00,23950,CE,436.48,438.27,429.01,435.53,0,36688,0.1777
2025-08-27 09:10:00,23950,PE,634.64,645.12,628.66,628.76,0,38852,0.1797
2025-08-27 09:10:00,24000,CE,488.12,495.85,481.98,487.37,0,34010,0.1778
2025-08-27 09:10:00,24000,PE,698.97,720.36,700.36,704.61,0,35507,0.1806
2025-08-27 09:10:00,24050,CE,440.38,443.08,431.92,439.06,0,32877,0.178
2025-08-27 09:10:00,24050,PE,764.77,762.72,746.88,755.4,0,33320,0.18
2025-08-27 09:10:00,24100,CE,485.35,496.26,490.52,490.95,0,32100,0.1784
2025-08-27 09:10:00,24100,PE,793.81,800.16,787.09,796.63,0,29987,0.1812
2025-08-27 09:10:00,24150,CE,427.31,432.26,420.31,426.38,0,29872,0.1817
2025-08-27 09:10:00,24150,PE,844.06,843.5,826.22,842.02,0,27602,0.1817
2025-08-27 09:10:00,24200,CE,463.32,462.23,459.93,462.03,0,28604,0.1795
2025-08-27 09:10:00,24200,PE,926.36,931.77,899.13,908.53,0,26749,0.1801
2025-08-27 09:10:00,24250,CE,474.25,484.62,474.84,477.89,0,26651,0.1761
2025-08-27 09:10:00,24250,PE,942.15,952.24,933.75,937.73,0,26576,0.1786
2025-08-27 09:10:00,24300,CE,444.41,446.95,444.48,444.87,0,24492,0.1754
2025-08-27 09:10:00,24300,PE,996.43,1006.21,989.23,1005.52,0,25809,0.1795
2025-08-27 09:10:00,24350,CE,442.93,451.81,444.51,446.84,0,23465,0.1799
2025-08-27 09:10:00,24350,PE,1063.11,1062.78,1058.23,1059.55,0,23185,0.1835
2025-08-27 09:10:00,24400,CE,463.05,459.42,449.34,456.67,0,20699,0.1814
2025-08-27 09:10:00,24400,PE,1091.17,1104.76,1082.06,1096.77,0,21192,0.1773
2025-08-27 09:10:00,24450,CE,451.63,461.0,454.03,457.57,0,18731,0.1807
2025-08-27 09:10:00,24450,PE,1147.87,1155.26,1141.02,1143.49,0,21579,0.183
2025-08-27 09:10:00,24500,CE,478.27,477.53,471.67,475.7,0,20239,0.1823
2025-08-27 09:10:00,24500,PE,1217.89,1243.62,1208.59,1216.18,0,20600,0.1789
2025-08-27 09:10:00,24550,CE,452.77,456.31,449.4,451.88,0,19505,0.1791
2025-08-27 09:10:00,24550,PE,1234.7,1253.47,1228.13,1234.58,0,17980,0.1764
2025-08-27 09:10:00,24600,CE,485.98,499.42,480.96,490.09,0,20235,0.1814
2025-08-27 09:10:00,24600,PE,1303.19,1318.42,1284.57,1292.14,0,17978,0.1809
2025-08-27 09:10:00,24650,CE,455.49,465.57,458.54,459.21,0,18336,0.179
2025-08-27 09:10:00,24650,PE,1319.16,1352.49,1322.51,1324.3,0,16074,0.1836
2025-08-27 09:10:00,24700,CE,445.8,441.03,425.62,438.05,0,17278,0.1803
2025-08-27 09:10:00,24700,PE,1388.43,1410.54,1388.62,1397.23,0,16500,0.1768
2025-08-27 09:10:00,24750,CE,471.27,478.0,471.9,473.46,0,18001,0.1829
2025-08-27 09:10:00,24750,PE,1429.31,1435.56,1407.36,1424.48,0,17341,0.1791
2025-08-27 09:10:00,24800,CE,455.53,461.18,458.98,460.52,0,17470,0.1756
2025-08-27 09:10:00,24800,PE,1487.07,1488.51,1465.86,1485.57,0,14987,0.1786
2025-08-27 09:10:00,24850,CE,467.22,467.7,454.5,460.92,0,15850,0.1807
2025-08-27 09:10:00,24850,PE,1572.18,1557.82,1552.47,1555.2,0,15742,0.1812
2025-08-27 09:10:00,24900,CE,456.0,473.16,458.04,458.89,0,13725,0.1808
2025-08-27 09:10:00,24900,PE,1589.78,1625.3,1581.99,1600.46,0,14031,0.1792
2025-08-27 09:15:00,23500,CE,714.33,721.98,715.0,715.8,612,45713,0.1629
2025-08-27 09:15:00,23500,PE,430.58,431.65,427.27,430.22,369,49279,0.1613
2025-08-27 09:15:00,23550,CE,655.3,652.68,650.35,650.6,834,52457,0.1618
2025-08-27 09:15:00,23550,PE,414.88,412.42,406.52,410.1,667,53874,0.1602
2025-08-27 09:15:00,23600,CE,592.68,596.02,579.01,584.24,267,57851,0.1601
2025-08-27 09:15:00,23600,PE,386.96,388.47,386.75,388.1,812,58681,0.1584
2025-08-27 09:15:00,23650,CE,527.91,533.7,518.72,520.62,758,60564,0.1573
2025-08-27 09:15:00,23650,PE,417.76,423.61,416.35,416.81,81,63322,0.1593
2025-08-27 09:15:00,23700,CE,477.3,491.52,474.05,483.03,406,69044,0.1594
2025-08-27 09:15:00,23700,PE,388.67,390.58,388.21,388.68,662,71319,0.1607
2025-08-27 09:15:00,23750,CE,414.33,417.63,414.85,417.32,597,79398,0.1612
2025-08-27 09:15:00,23750,PE,419.69,428.32,418.89,421.9,828,76243,0.1607
2025-08-27 09:15:00,23800,CE,412.28,416.01,412.29,412.75,1159,80167,0.1606
2025-08-27 09:15:00,23800,PE,422.01,431.73,424.37,424.5,388,81431,0.1582
2025-08-27 09:15:00,23850,CE,386.37,388.18,381.88,385.41,163,69235,0.1596
2025-08-27 09:15:00,23850,PE,475.5,480.62,476.0,476.92,359,71586,0.1571
2025-08-27 09:15:00,23900,CE,433.02,440.03,435.69,437.32,1236,65338,0.1616
2025-08-27 09:15:00,23900,PE,525.24,524.35,518.84,519.78,190,60684,0.1583
2025-08-27 09:15:00,23950,CE,394.57,395.36,390.8,393.36,879,57786,0.1612
2025-08-27 09:15:00,23950,PE,611.98,617.78,603.72,605.37,409,59643,0.1622
2025-08-27 09:15:00,24000,CE,426.08,424.45,421.41,422.77,191,50131,0.1581
2025-08-27 09:15:00,24000,PE,637.07,644.16,642.33,644.04,507,50988,0.1593
2025-08-27 09:15:00,24050,CE,424.77,420.11,417.91,419.7,222,48969,0.1605
2025-08-27 09:15:00,24050,PE,694.16,696.41,680.12,689.37,287,48725,0.1626
2025-08-27 09:15:00,24100,CE,401.6,400.44,397.46,399.23,478,46427,0.1602
2025-08-27 09:15:00,24100,PE,729.62,738.97,720.49,728.5,813,45441,0.1586
2025-08-27 09:15:00,24150,CE,429.97,436.07,427.08,429.71,229,42061,0.1624
2025-08-27 09:15:00,24150,PE,778.61,790.73,776.14,781.46,377,41317,0.1617
2025-08-27 09:15:00,24200,CE,425.72,423.72,418.7,423.37,253,36407,0.1614
2025-08-27 09:15:00,24200,PE,823.33,825.29,820.44,825.03,184,39484,0.1623
2025-08-27 09:15:00,24250,CE,409.56,412.5,404.18,408.91,57,34530,0.1592
2025-08-27 09:15:00,24250,PE,867.32,865.98,848.47,864.55,384,39566,0.1619
2025-08-27 09:15:00,24300,CE,376.79,376.77,374.11,374.97,112,31982,0.1595
2025-08-27 09:15:00,24300,PE,930.25,935.07,915.7,921.57,224,31965,0.1582
2025-08-27 09:15:00,24350,CE,400.69,403.65,394.76,400.5,527,34378,0.1587
2025-08-27 09:15:00,24350,PE,966.18,974.96,951.08,962.65,77,30261,0.1581
2025-08-27 09:15:00,24400,CE,413.9,417.04,406.72,406.94,304,30418,0.1597
2025-08-27 09:15:00,24400,PE,1026.13,1037.82,1024.16,1025.6,387,33552,0.1583
2025-08-27 09:15:00,24450,CE,395.77,397.77,388.27,395.36,181,31210,0.1597
2025-08-27 09:15:00,24450,PE,1083.63,1092.14,1071.94,1083.64,180,27880,0.1597
2025-08-27 09:15:00,24500,CE,453.37,458.54,455.82,455.96,485,26624,0.1609
2025-08-27 09:15:00,24500,PE,1128.63,1133.24,1120.27,1130.97,78,28671,0.162
2025-08-27 09:15:00,24550,CE,422.8,422.5,415.23,419.53,286,26791,0.1633
2025-08-27 09:15:00,24550,PE,1211.98,1223.24,1208.18,1214.91,48,24573,0.1579
2025-08-27 09:15:00,24600,CE,397.91,410.6,395.96,397.92,346,23685,0.1604
2025-08-27 09:15:00,24600,PE,1266.73,1273.06,1242.22,1250.91,130,27551,0.1627
2025-08-27 09:15:00,24650,CE,406.68,411.16,399.82,409.35,151,23756,0.1612
2025-08-27 09:15:00,24650,PE,1267.76,1273.94,1261.63,1267.29,398,26482,0.1584
2025-08-27 09:15:00,24700,CE,404.44,418.38,404.13,407.74,296,21861,0.1622
2025-08-27 09:15:00,24700,PE,1320.88,1334.99,1301.53,1311.02,123,24319,0.1616
2025-08-27 09:15:00,24750,CE,390.15,389.52,386.19,388.01,336,22861,0.159
2025-08-27 09:15:00,24750,PE,1378.94,1386.69,1357.14,1371.52,299,21789,0.157
2025-08-27 09:15:00,24800,CE,428.93,423.84,419.43,422.32,144,22654,0.1579
2025-08-27 09:15:00,24800,PE,1463.17,1461.57,1445.15,1445.88,220,19750,0.1619
2025-08-27 09:15:00,24850,CE,414.59,416.18,411.04,411.51,147,23372,0.16
2025-08-27 09:15:00,24850,PE,1509.59,1519.68,1483.86,1490.87,200,22694,0.1605
2025-08-27 09:15:00,24900,CE,414.46,431.89,417.12,423.89,295,19237,0.1605
2025-08-27 09:15:00,24900,PE,1532.73,1535.18,1511.45,1525.44,88,20996,0.1599
2025-08-27 09:20:00,23500,CE,582.0,581.5,572.73,578.26,556,46195,0.1632
2025-08-27 09:20:00,23500,PE,413.83,420.02,412.55,416.89,223,49185,0.1604
2025-08-27 09:20:00,23550,CE,521.71,531.2,517.68,520.18,82,52293,0.1617
2025-08-27 09:20:00,23550,PE,420.26,425.85,415.42,420.42,764,54232,0.1623
2025-08-27 09:20:00,23600,CE,502.9,502.73,487.16,493.58,1250,57252,0.1599
2025-08-27 09:20:00,23600,PE,389.27,388.82,383.56,388.45,1290,58904,0.1637
2025-08-27 09:20:00,23650,CE,416.78,420.02,416.5,416.6,371,60222,0.1591
2025-08-27 09:20:00,23650,PE,396.28,396.87,392.43,395.85,1352,63555,0.1605
2025-08-27 09:20:00,23700,CE,409.71,417.51,414.33,415.49,345,68969,0.1608
2025-08-27 09:20:00,23700,PE,454.2,462.55,451.92,455.07,1357,70743,0.1604
2025-08-27 09:20:00,23750,CE,418.59,417.58,413.23,416.77,707,79847,0.1591
2025-08-27 09:20:00,23750,PE,472.57,481.62,469.82,473.44,28,76298,0.1612
2025-08-27 09:20:00,23800,CE,402.15,402.62,398.53,401.59,678,79943,0.1632
2025-08-27 09:20:00,23800,PE,519.7,540.91,526.17,527.91,655,81675,0.1623
2025-08-27 09:20:00,23850,CE,436.52,441.33,429.68,430.27,316,69230,0.1641
2025-08-27 09:20:00,23850,PE,603.31,613.24,602.93,607.98,582,71027,0.1627
2025-08-27 09:20:00,23900,CE,386.24,385.61,382.43,383.74,218,65518,0.1603
2025-08-27 09:20:00,23900,PE,657.89,662.17,656.01,657.36,480,61247,0.1632
2025-08-27 09:20:00,23950,CE,396.75,402.42,396.14,399.49,751,57452,0.157
2025-08-27 09:20:00,23950,PE,694.4,703.04,694.58,695.66,879,60078,0.1602
2025-08-27 09:20:00,24000,CE,410.62,409.12,402.35,406.3,348,50276,0.165
2025-08-27 09:20:00,24000,PE,736.34,744.26,734.02,740.95,236,50481,0.1635
2025-08-27 09:20:00,24050,CE,361.48,367.91,366.88,367.7,187,49244,0.161
2025-08-27 09:20:00,24050,PE,794.23,828.68,788.35,795.65,433,48654,0.1601
2025-08-27 09:20:00,24100,CE,386.21,388.92,379.59,384.65,341,46779,0.1618
2025-08-27 09:20:00,24100,PE,811.5,825.16,807.14,817.53,488,45603,0.1583
2025-08-27 09:20:00,24150,CE,406.26,412.75,404.11,409.49,332,41464,0.1611
2025-08-27 09:20:00,24150,PE,882.48,901.03,877.42,881.88,224,40868,0.1629
2025-08-27 09:20:00,24200,CE,409.81,401.64,400.87,401.28,475,36229,0.1591
2025-08-27 09:20:00,24200,PE,952.17,973.49,954.05,962.28,157,39462,0.163
2025-08-27 09:20:00,24250,CE,399.79,404.74,394.78,402.96,281,35048,0.1602
2025-08-27 09:20:00,24250,PE,1015.21,1013.89,1005.87,1011.47,110,39952,0.1623
2025-08-27 09:20:00,24300,CE,386.48,386.58,383.37,384.65,124,32343,0.1585
2025-08-27 09:20:00,24300,PE,1058.36,1068.01,1059.67,1063.93,297,32012,0.1621
2025-08-27 09:20:00,24350,CE,397.99,399.91,396.19,398.99,366,33889,0.1624
2025-08-27 09:20:00,24350,PE,1082.14,1086.04,1080.72,1085.73,413,30555,0.1625
2025-08-27 09:20:00,24400,CE,414.73,414.28,409.65,413.14,104,29921,0.1596
2025-08-27 09:20:00,24400,PE,1108.04,1120.23,1105.52,1115.1,357,33061,0.1617
2025-08-27 09:20:00,24450,CE,395.53,404.29,395.55,396.69,274,30916,0.159
2025-08-27 09:20:00,24450,PE,1193.01,1202.56,1181.57,1191.78,338,28387,0.1603
2025-08-27 09:20:00,24500,CE,410.42,416.6,410.56,411.95,377,26923,0.1632
2025-08-27 09:20:00,24500,PE,1264.07,1287.4,1254.9,1273.58,290,28162,0.1622
2025-08-27 09:20:00,24550,CE,411.53,412.47,409.82,410.6,407,27293,0.1589
2025-08-27 09:20:00,24550,PE,1296.98,1305.62,1294.9,1297.06,33,24913,0.1614
2025-08-27 09:20:00,24600,CE,411.81,418.44,409.95,412.79,49,23809,0.1592
2025-08-27 09:20:00,24600,PE,1355.24,1380.55,1362.54,1362.7,107,27103,0.1584
2025-08-27 09:20:00,24650,CE,398.35,398.29,392.72,398.13,95,23540,0.1593
2025-08-27 09:20:00,24650,PE,1388.97,1413.83,1390.8,1397.18,142,26242,0.1597
2025-08-27 09:20:00,24700,CE,402.39,410.28,401.66,403.92,179,22029,0.1597
2025-08-27 09:20:00,24700,PE,1437.91,1457.66,1427.29,1442.74,179,24424,0.1622
2025-08-27 09:20:00,24750,CE,381.84,383.7,376.76,377.47,144,22593,0.1582
2025-08-27 09:20:00,24750,PE,1458.0,1462.3,1456.13,1460.0,59,21562,0.1595
2025-08-27 09:20:00,24800,CE,415.49,419.63,414.23,414.28,72,22676,0.1591
2025-08-27 09:20:00,24800,PE,1554.69,1571.13,1544.16,1566.08,232,20164,0.1611
2025-08-27 09:20:00,24850,CE,450.35,451.61,441.22,448.91,104,22923,0.165
2025-08-27 09:20:00,24850,PE,1607.12,1655.61,1601.77,1607.68,278,22964,0.164
2025-08-27 09:20:00,24900,CE,409.86,419.59,406.16,412.11,108,19831,0.1584
2025-08-27 09:20:00,24900,PE,1636.57,1673.35,1629.26,1634.74,213,21295,0.158
2025-08-27 09:25:00,23500,CE,593.43,596.38,595.03,595.38,389,46124,0.1595
2025-08-27 09:25:00,23500,PE,435.72,434.18,428.38,433.58,387,49463,0.1634
2025-08-27 09:25:00,23550,CE,546.39,560.34,547.03,549.17,988,52725,0.1604
2025-08-27 09:25:00,23550,PE,370.1,376.21,372.52,372.66,414,54554,0.1622
2025-08-27 09:25:00,23600,CE,491.84,490.57,483.58,490.32,946,56667,0.1603
2025-08-27 09:25:00,23600,PE,389.29,398.96,389.5,390.77,1097,58461,0.157
2025-08-27 09:25:00,23650,CE,396.29,397.69,394.98,395.21,227,59750,0.1591
2025-08-27 09:25:00,23650,PE,424.39,425.79,412.26,418.46,886,62993,0.1581
2025-08-27 09:25:00,23700,CE,392.46,387.52,384.31,387.2,878,69226,0.1609
2025-08-27 09:25:00,23700,PE,416.12,419.99,416.51,418.5,929,70463,0.1601
2025-08-27 09:25:00,23750,CE,401.65,410.26,405.56,407.56,504,80113,0.1598
2025-08-27 09:25:00,23750,PE,476.93,483.99,478.04,478.92,511,76497,0.1595
2025-08-27 09:25:00,23800,CE,417.42,417.81,415.79,416.88,884,79971,0.1584
2025-08-27 09:25:00,23800,PE,522.31,528.64,524.11,525.01,487,81146,0.16
2025-08-27 09:25:00,23850,CE,422.24,430.58,422.27,426.92,846,68996,0.1621
2025-08-27 09:25:00,23850,PE,582.84,596.56,586.4,588.99,524,70459,0.1583
2025-08-27 09:25:00,23900,CE,379.24,390.21,379.87,380.44,758,66010,0.1617
2025-08-27 09:25:00,23900,PE,641.93,641.79,633.39,638.61,894,61017,0.1619
2025-08-27 09:25:00,23950,CE,402.6,416.37,401.82,402.8,95,56965,0.156
2025-08-27 09:25:00,23950,PE,667.27,681.13,663.31,669.41,359,59481,0.1594
2025-08-27 09:25:00,24000,CE,404.67,407.55,402.68,405.83,162,50409,0.1584
2025-08-27 09:25:00,24000,PE,730.21,742.21,731.24,734.64,48,50626,0.1592
2025-08-27 09:25:00,24050,CE,421.63,425.37,424.11,424.82,677,49837,0.164
2025-08-27 09:25:00,24050,PE,780.12,781.94,768.01,774.45,756,48400,0.1634
2025-08-27 09:25:00,24100,CE,376.86,384.4,374.68,378.41,470,46234,0.1578
2025-08-27 09:25:00,24100,PE,811.49,819.46,796.7,805.46,181,45938,0.1603
2025-08-27 09:25:00,24150,CE,419.15,423.37,413.5,419.81,146,41229,0.1583
2025-08-27 09:25:00,24150,PE,898.35,876.69,869.74,875.34,283,40664,0.159
2025-08-27 09:25:00,24200,CE,434.42,441.31,437.67,438.27,469,36718,0.1604
2025-08-27 09:25:00,24200,PE,917.48,923.06,917.01,918.86,344,39552,0.1593
2025-08-27 09:25:00,24250,CE,387.26,392.68,389.1,389.93,437,34928,0.1594
2025-08-27 09:25:00,24250,PE,950.36,950.05,919.15,945.63,275,40492,0.1555
2025-08-27 09:25:00,24300,CE,392.43,401.66,393.73,395.13,221,32061,0.1581
2025-08-27 09:25:00,24300,PE,985.51,1018.19,986.74,995.73,20,31437,0.1606
2025-08-27 09:25:00,24350,CE,421.87,426.45,422.03,424.49,409,33566,0.1596
2025-08-27 09:25:00,24350,PE,1061.24,1061.55,1055.82,1056.7,395,30007,0.1583
2025-08-27 09:25:00,24400,CE,406.97,407.1,405.36,406.19,402,29810,0.1609
2025-08-27 09:25:00,24400,PE,1115.96,1135.57,1113.63,1115.69,412,33458,0.161
2025-08-27 09:25:00,24450,CE,406.63,412.28,400.45,403.99,277,31486,0.1621
2025-08-27 09:25:00,24450,PE,1180.86,1191.42,1176.38,1176.57,454,28627,0.1581
2025-08-27 09:25:00,24500,CE,395.33,401.75,389.15,396.59,228,27434,0.1583
2025-08-27 09:25:00,24500,PE,1231.74,1273.36,1232.44,1237.78,444,28052,0.1619
2025-08-27 09:25:00,24550,CE,421.21,420.83,410.98,418.67,146,27056,0.1577
2025-08-27 09:25:00,24550,PE,1269.11,1286.38,1248.57,1261.28,409,24498,0.1601
2025-08-27 09:25:00,24600,CE,428.76,429.08,426.85,428.6,8,23810,0.1608
2025-08-27 09:25:00,24600,PE,1335.11,1363.5,1341.66,1347.01,399,26895,0.161
2025-08-27 09:25:00,24650,CE,400.3,409.49,402.45,403.1,206,23069,0.1589
2025-08-27 09:25:00,24650,PE,1363.68,1368.31,1348.18,1367.87,331,26760,0.1604
2025-08-27 09:25:00,24700,CE,406.24,406.94,397.56,401.48,247,21577,0.1598
2025-08-27 09:25:00,24700,PE,1394.25,1401.22,1382.42,1394.5,43,24711,0.1636
2025-08-27 09:25:00,24750,CE,416.34,430.57,412.36,416.67,53,22074,0.1607
2025-08-27 09:25:00,24750,PE,1446.92,1474.96,1439.96,1444.7,332,21594,0.1595
2025-08-27 09:25:00,24800,CE,415.56,423.84,412.9,416.32,216,22885,0.1605
2025-08-27 09:25:00,24800,PE,1503.99,1527.2,1511.26,1517.79,127,19845,0.1603
2025-08-27 09:25:00,24850,CE,400.15,409.0,402.15,405.02,182,22413,0.1617
2025-08-27 09:25:00,24850,PE,1571.99,1573.84,1554.01,1558.77,106,23076,0.1611
2025-08-27 09:25:00,24900,CE,396.71,396.72,393.81,395.76,316,19954,0.1581
2025-08-27 09:25:00,24900,PE,1608.04,1624.66,1612.58,1619.51,253,21069,0.1578
2025-08-27 09:30:00,23500,CE,622.26,622.89,610.84,621.76,78,45975,0.162
2025-08-27 09:30:00,23500,PE,413.11,418.27,409.01,412.7,753,48917,0.1621
2025-08-27 09:30:00,23550,CE,526.11,537.24,526.16,532.12,1052,52479,0.1597
2025-08-27 09:30:00,23550,PE,405.05,410.57,405.38,407.31,840,55013,0.1596
2025-08-27 09:30:00,23600,CE,466.04,482.77,470.65,470.94,853,56272,0.1605
2025-08-27 09:30:00,23600,PE,373.42,373.84,366.63,372.08,369,58422,0.1572
2025-08-27 09:30:00,23650,CE,443.76,435.49,429.32,433.96,1568,59962,0.1609
2025-08-27 09:30:00,23650,PE,405.14,407.82,404.46,405.69,997,63356,0.1605
2025-08-27 09:30:00,23700,CE,395.93,397.6,391.63,392.53,265,68723,0.1619
2025-08-27 09:30:00,23700,PE,461.45,474.36,462.87,463.44,1005,70573,0.1596
2025-08-27 09:30:00,23750,CE,399.38,401.79,397.19,400.23,392,80265,0.1589
2025-08-27 09:30:00,23750,PE,466.19,472.53,460.88,468.67,242,76133,0.1607
2025-08-27 09:30:00,23800,CE,412.88,414.96,407.45,410.23,1138,79408,0.1641
2025-08-27 09:30:00,23800,PE,508.34,515.32,505.48,513.35,718,81559,0.1551
2025-08-27 09:30:00,23850,CE,438.11,444.63,436.64,438.38,808,68924,0.1651
2025-08-27 09:30:00,23850,PE,605.23,619.67,609.6,611.11,367,69931,0.1609
2025-08-27 09:30:00,23900,CE,390.22,396.43,389.03,396.37,140,66103,0.1557
2025-08-27 09:30:00,23900,PE,621.51,634.66,628.07,631.12,543,60869,0.1599
2025-08-27 09:30:00,23950,CE,404.95,406.59,395.93,401.69,279,56461,0.1594
2025-08-27 09:30:00,23950,PE,658.44,651.66,646.32,649.4,126,59225,0.1596
2025-08-27 09:30:00,24000,CE,393.43,398.37,392.48,394.78,779,50201,0.158
2025-08-27 09:30:00,24000,PE,713.8,726.81,707.44,716.15,109,50715,0.1634
2025-08-27 09:30:00,24050,CE,422.03,434.26,421.25,423.96,109,49721,0.1604
2025-08-27 09:30:00,24050,PE,734.86,733.78,721.86,732.19,568,47928,0.1599
2025-08-27 09:30:00,24100,CE,444.08,452.97,436.06,439.48,666,46396,0.1617
2025-08-27 09:30:00,24100,PE,831.29,826.09,817.71,824.1,660,46212,0.1567
2025-08-27 09:30:00,24150,CE,402.12,402.44,394.92,399.11,649,41237,0.1619
2025-08-27 09:30:00,24150,PE,867.08,887.74,872.72,877.09,21,40140,0.1571
2025-08-27 09:30:00,24200,CE,412.48,417.49,411.38,416.51,123,36241,0.1606
2025-08-27 09:30:00,24200,PE,942.84,950.25,943.11,947.1,510,40085,0.1604
2025-08-27 09:30:00,24250,CE,371.7,372.47,365.85,370.2,372,34555,0.1608
2025-08-27 09:30:00,24250,PE,960.73,961.18,956.16,958.84,580,40260,0.1591
2025-08-27 09:30:00,24300,CE,399.25,404.79,404.54,404.59,494,32286,0.1647
2025-08-27 09:30:00,24300,PE,1076.41,1075.58,1062.41,1073.14,249,31787,0.166
2025-08-27 09:30:00,24350,CE,368.14,369.53,368.0,368.44,354,34059,0.1581
2025-08-27 09:30:00,24350,PE,1079.29,1080.94,1066.6,1075.0,325,29881,0.1587
2025-08-27 09:30:00,24400,CE,416.38,414.64,412.4,414.43,55,30400,0.1648
2025-08-27 09:30:00,24400,PE,1133.95,1132.81,1115.64,1127.15,394,32982,0.1614
2025-08-27 09:30:00,24450,CE,429.57,436.32,424.81,428.89,293,31877,0.1633
2025-08-27 09:30:00,24450,PE,1169.5,1159.65,1154.24,1157.87,337,28353,0.1603
2025-08-27 09:30:00,24500,CE,399.47,401.91,388.68,398.14,69,27958,0.1622
2025-08-27 09:30:00,24500,PE,1218.45,1227.75,1210.22,1220.61,174,28495,0.1621
2025-08-27 09:30:00,24550,CE,407.16,412.38,396.62,400.9,207,27370,0.16
2025-08-27 09:30:00,24550,PE,1272.49,1275.43,1263.02,1269.69,111,24622,0.1616
2025-08-27 09:30:00,24600,CE,400.53,406.34,395.54,403.3,237,23467,0.16
2025-08-27 09:30:00,24600,PE,1338.03,1380.18,1344.79,1349.07,287,26849,0.1602
2025-08-27 09:30:00,24650,CE,425.4,418.11,405.35,414.36,264,22510,0.1627
2025-08-27 09:30:00,24650,PE,1365.02,1371.2,1353.03,1365.3,55,27011,0.1595
2025-08-27 09:30:00,24700,CE,399.16,400.72,394.55,398.4,384,21116,0.1615
2025-08-27 09:30:00,24700,PE,1403.29,1404.51,1380.74,1399.62,15,24420,0.1614
2025-08-27 09:30:00,24750,CE,408.72,413.54,407.35,410.36,21,21768,0.1622
2025-08-27 09:30:00,24750,PE,1465.75,1503.53,1456.6,1462.52,259,21939,0.1586
2025-08-27 09:30:00,24800,CE,393.23,401.12,396.31,398.59,228,22765,0.1625
2025-08-27 09:30:00,24800,PE,1516.96,1544.27,1497.1,1518.33,60,19886,0.161
2025-08-27 09:30:00,24850,CE,383.4,386.04,381.78,384.45,334,22063,0.1604
2025-08-27 09:30:00,24850,PE,1594.77,1608.09,1561.48,1581.48,190,22876,0.1603
2025-08-27 09:30:00,24900,CE,413.51,414.59,406.95,412.93,123,19968,0.1619
2025-08-27 09:30:00,24900,PE,1631.71,1646.36,1610.49,1617.65,61,20702,0.1573
2025-08-27 09:35:00,23500,CE,567.67,562.15,557.57,560.73,66,46202,0.1597
2025-08-27 09:35:00,23500,PE,418.13,423.54,412.45,417.9,1061,48856,0.1588
2025-08-27 09:35:00,23550,CE,501.77,496.68,488.18,494.92,826,53059,0.1585
2025-08-27 09:35:00,23550,PE,424.61,428.51,427.86,428.25,1007,54708,0.163
2025-08-27 09:35:00,23600,CE,466.12,474.65,470.44,470.77,1185,56147,0.1651
2025-08-27 09:35:00,23600,PE,398.24,406.07,401.52,403.06,1459,58931,0.1616
2025-08-27 09:35:00,23650,CE,415.7,412.22,408.1,410.99,102,60425,0.1615
2025-08-27 09:35:00,23650,PE,404.62,404.86,398.52,400.05,453,63337,0.1574
2025-08-27 09:35:00,23700,CE,433.47,436.53,424.73,427.07,1151,68271,0.1629
2025-08-27 09:35:00,23700,PE,458.88,466.91,459.49,459.87,49,70463,0.1583
2025-08-27 09:35:00,23750,CE,401.08,420.83,400.49,406.3,780,80369,0.1587
2025-08-27 09:35:00,23750,PE,511.85,527.96,519.17,521.39,1264,75838,0.1654
2025-08-27 09:35:00,23800,CE,388.7,389.65,386.15,386.26,839,79037,0.1609
2025-08-27 09:35:00,23800,PE,582.51,583.51,580.35,581.42,537,81596,0.1621
2025-08-27 09:35:00,23850,CE,394.33,399.95,396.02,396.81,460,68535,0.1599
2025-08-27 09:35:00,23850,PE,607.21,608.58,597.49,604.19,213,70380,0.1621
2025-08-27 09:35:00,23900,CE,390.18,395.54,384.11,389.31,902,65592,0.1555
2025-08-27 09:35:00,23900,PE,635.53,656.1,641.08,644.18,232,61453,0.1586
2025-08-27 09:35:00,23950,CE,421.96,418.64,414.73,416.02,113,56506,0.1607
2025-08-27 09:35:00,23950,PE,700.29,698.91,691.03,694.86,261,59805,0.1575
2025-08-27 09:35:00,24000,CE,410.25,409.67,407.04,408.01,597,50502,0.1615
2025-08-27 09:35:00,24000,PE,773.29,777.38,752.51,765.08,64,50298,0.1588
2025-08-27 09:35:00,24050,CE,376.73,383.13,375.38,375.9,589,49393,0.1595
2025-08-27 09:35:00,24050,PE,792.57,801.66,791.06,795.44,327,47456,0.1619
2025-08-27 09:35:00,24100,CE,402.99,404.54,398.25,399.83,26,46670,0.1592
2025-08-27 09:35:00,24100,PE,864.04,874.76,870.9,871.59,131,45814,0.1614
2025-08-27 09:35:00,24150,CE,418.63,422.9,418.3,419.32,544,41494,0.1617
2025-08-27 09:35:00,24150,PE,920.65,925.42,903.23,910.89,145,40571,0.1585
2025-08-27 09:35:00,24200,CE,436.57,442.58,428.59,434.55,586,36135,0.162
2025-08-27 09:35:00,24200,PE,953.29,957.11,944.36,954.45,280,40278,0.1613
2025-08-27 09:35:00,24250,CE,401.19,406.9,397.16,400.2,91,35029,0.1599
2025-08-27 09:35:00,24250,PE,1011.71,1015.8,1007.75,1010.92,79,40563,0.1609
2025-08-27 09:35:00,24300,CE,428.8,435.17,425.7,427.84,314,31842,0.1629
2025-08-27 09:35:00,24300,PE,1063.35,1095.37,1071.44,1080.24,243,31538,0.1642
2025-08-27 09:35:00,24350,CE,384.8,383.28,381.5,382.32,480,34101,0.1587
2025-08-27 09:35:00,24350,PE,1124.52,1128.6,1112.8,1114.53,193,29598,0.1603
2025-08-27 09:35:00,24400,CE,420.42,426.86,419.97,422.77,76,30407,0.1625
2025-08-27 09:35:00,24400,PE,1153.46,1186.84,1162.74,1163.59,251,33525,0.1601
2025-08-27 09:35:00,24450,CE,399.53,397.64,393.69,394.86,303,31820,0.161
2025-08-27 09:35:00,24450,PE,1164.5,1181.44,1156.66,1171.39,177,28067,0.1609
2025-08-27 09:35:00,24500,CE,408.34,409.19,407.89,408.43,289,27533,0.1611
2025-08-27 09:35:00,24500,PE,1245.02,1300.8,1256.5,1262.89,9,28976,0.1621
2025-08-27 09:35:00,24550,CE,421.92,420.56,413.55,418.06,21,27045,0.1607
2025-08-27 09:35:00,24550,PE,1319.61,1350.2,1312.86,1313.15,240,24254,0.1568
2025-08-27 09:35:00,24600,CE,395.53,399.82,390.39,394.68,275,23528,0.1573
2025-08-27 09:35:00,24600,PE,1351.06,1388.13,1341.61,1352.7,36,26803,0.1608
2025-08-27 09:35:00,24650,CE,383.71,391.65,384.87,386.28,326,22372,0.1592
2025-08-27 09:35:00,24650,PE,1425.44,1458.8,1437.04,1445.03,267,27105,0.1639
2025-08-27 09:35:00,24700,CE,421.44,423.36,418.14,421.26,176,21199,0.1595
2025-08-27 09:35:00,24700,PE,1442.86,1446.28,1433.08,1438.49,186,23902,0.1591
2025-08-27 09:35:00,24750,CE,412.45,416.82,412.79,414.88,161,21665,0.1577
2025-08-27 09:35:00,24750,PE,1509.43,1510.69,1504.47,1506.11,284,22204,0.16
2025-08-27 09:35:00,24800,CE,407.13,410.92,405.05,406.87,203,22623,0.1589
2025-08-27 09:35:00,24800,PE,1533.32,1564.18,1546.29,1559.44,222,20483,0.1619
2025-08-27 09:35:00,24850,CE,392.86,400.83,390.86,396.98,284,21745,0.159
2025-08-27 09:35:00,24850,PE,1589.47,1616.34,1598.12,1604.7,98,22871,0.1603
2025-08-27 09:35:00,24900,CE,428.25,439.65,425.37,429.93,217,20176,0.1629
2025-08-27 09:35:00,24900,PE,1672.87,1677.45,1639.64,1664.23,257,20759,0.1587
2025-08-27 09:40:00,23500,CE,572.63,575.68,567.62,573.48,944,45648,0.1581
2025-08-27 09:40:00,23500,PE,389.31,397.5,391.66,393.51,262,48872,0.1593
2025-08-27 09:40:00,23550,CE,500.49,515.1,497.67,503.75,683,53618,0.1591
2025-08-27 09:40:00,23550,PE,410.5,410.66,403.87,409.37,857,54595,0.1596
2025-08-27 09:40:00,23600,CE,443.54,449.82,447.43,449.32,878,55686,0.1597
2025-08-27 09:40:00,23600,PE,411.18,416.88,400.35,408.06,593,58356,0.1597
2025-08-27 09:40:00,23650,CE,410.91,413.69,405.43,406.86,284,60319,0.1569
2025-08-27 09:40:00,23650,PE,389.51,397.62,384.58,389.24,36,62959,0.16
2025-08-27 09:40:00,23700,CE,428.9,429.68,422.14,423.9,1409,68672,0.1622
2025-08-27 09:40:00,23700,PE,463.94,465.79,453.04,457.49,905,71005,0.1636
2025-08-27 09:40:00,23750,CE,387.28,389.91,382.24,387.79,63,80897,0.1619
2025-08-27 09:40:00,23750,PE,477.36,488.69,481.64,482.62,685,75687,0.159
2025-08-27 09:40:00,23800,CE,403.37,411.54,402.57,405.63,950,78982,0.1621
2025-08-27 09:40:00,23800,PE,567.79,570.27,558.8,562.12,727,81374,0.1623
2025-08-27 09:40:00,23850,CE,416.23,420.37,412.2,415.95,568,68089,0.1618
2025-08-27 09:40:00,23850,PE,606.67,626.02,608.16,613.11,243,70450,0.1597
2025-08-27 09:40:00,23900,CE,401.45,412.39,399.91,405.2,912,65215,0.1571
2025-08-27 09:40:00,23900,PE,659.26,678.15,653.94,655.71,564,60924,0.1569
2025-08-27 09:40:00,23950,CE,408.18,409.28,401.69,408.66,453,56925,0.1641
2025-08-27 09:40:00,23950,PE,713.12,723.34,713.31,713.5,308,60163,0.1608
2025-08-27 09:40:00,24000,CE,434.5,432.65,427.15,432.16,325,51013,0.1638
2025-08-27 09:40:00,24000,PE,771.81,780.46,769.49,770.1,513,50090,0.1598
2025-08-27 09:40:00,24050,CE,430.59,430.65,428.6,430.58,207,49837,0.158
2025-08-27 09:40:00,24050,PE,786.57,774.91,771.47,772.54,366,47334,0.1604
2025-08-27 09:40:00,24100,CE,380.25,391.25,378.94,380.2,413,46157,0.161
2025-08-27 09:40:00,24100,PE,842.51,856.29,837.71,842.75,137,45763,0.1596
2025-08-27 09:40:00,24150,CE,424.18,425.01,418.03,419.36,197,41558,0.1627
2025-08-27 09:40:00,24150,PE,876.0,883.88,849.28,868.57,233,40489,0.1591
2025-08-27 09:40:00,24200,CE,392.35,391.25,385.55,391.08,478,36477,0.1595
2025-08-27 09:40:00,24200,PE,909.19,939.53,900.21,921.94,185,40100,0.1579
2025-08-27 09:40:00,24250,CE,423.68,430.7,426.46,426.53,371,35534,0.1575
2025-08-27 09:40:00,24250,PE,974.98,1003.91,973.3,983.79,317,40051,0.1577
2025-08-27 09:40:00,24300,CE,406.06,414.14,404.97,406.06,328,32106,0.1615
2025-08-27 09:40:00,24300,PE,1075.13,1103.14,1058.98,1076.88,510,32052,0.1614
2025-08-27 09:40:00,24350,CE,434.94,429.75,425.78,429.74,359,34164,0.1625
2025-08-27 09:40:00,24350,PE,1079.81,1100.2,1070.92,1075.94,93,30052,0.1618
2025-08-27 09:40:00,24400,CE,388.07,394.3,383.1,386.94,238,30637,0.1584
2025-08-27 09:40:00,24400,PE,1102.48,1139.59,1108.8,1114.14,363,32942,0.1576
2025-08-27 09:40:00,24450,CE,406.2,407.95,405.43,405.84,179,32025,0.1629
2025-08-27 09:40:00,24450,PE,1165.97,1193.7,1157.12,1171.08,225,28254,0.1619
2025-08-27 09:40:00,24500,CE,419.9,433.85,416.66,421.99,254,26933,0.1625
2025-08-27 09:40:00,24500,PE,1276.49,1285.7,1251.89,1266.46,141,28866,0.1623
2025-08-27 09:40:00,24550,CE,405.86,414.29,403.23,409.06,169,26491,0.1593
2025-08-27 09:40:00,24550,PE,1299.35,1317.08,1294.15,1300.91,14,24005,0.1613
2025-08-27 09:40:00,24600,CE,397.77,394.84,391.07,394.56,350,24111,0.1605
2025-08-27 09:40:00,24600,PE,1347.47,1355.65,1341.51,1346.38,344,27331,0.1601
2025-08-27 09:40:00,24650,CE,406.56,406.97,400.03,401.73,365,22593,0.1568
2025-08-27 09:40:00,24650,PE,1376.78,1381.94,1365.82,1378.21,54,26945,0.1587
2025-08-27 09:40:00,24700,CE,410.76,415.75,410.34,413.06,280,21074,0.1584
2025-08-27 09:40:00,24700,PE,1424.0,1443.15,1429.97,1439.41,106,23347,0.1581
2025-08-27 09:40:00,24750,CE,426.54,432.38,428.44,430.49,127,21470,0.1621
2025-08-27 09:40:00,24750,PE,1477.29,1499.18,1467.44,1480.12,298,22545,0.1607
2025-08-27 09:40:00,24800,CE,403.45,399.76,392.75,398.4,45,22646,0.1595
2025-08-27 09:40:00,24800,PE,1580.06,1598.0,1572.11,1575.33,318,20455,0.1618
2025-08-27 09:40:00,24850,CE,424.56,427.47,421.11,421.57,325,21254,0.1606
2025-08-27 09:40:00,24850,PE,1596.4,1608.3,1600.14,1607.52,113,23373,0.1586
2025-08-27 09:40:00,24900,CE,412.29,423.57,410.34,412.62,237,19915,0.1637
2025-08-27 09:40:00,24900,PE,1601.62,1625.76,1615.46,1620.45,294,20618,0.1589
2025-08-27 09:45:00,23500,CE,655.78,660.78,641.18,649.9,796,45444,0.165
2025-08-27 09:45:00,23500,PE,415.7,419.15,417.17,418.36,350,48666,0.1598
2025-08-27 09:45:00,23550,CE,590.0,593.31,583.56,588.58,418,53737,0.1612
2025-08-27 09:45:00,23550,PE,400.09,407.92,404.32,405.29,904,54747,0.1627
2025-08-27 09:45:00,23600,CE,519.79,523.67,518.86,522.41,52,55804,0.1593
2025-08-27 09:45:00,23600,PE,402.78,397.07,395.0,395.41,551,57838,0.1637
2025-08-27 09:45:00,23650,CE,475.18,477.09,472.05,476.91,488,60882,0.1591
2025-08-27 09:45:00,23650,PE,425.09,429.4,424.49,424.81,514,63215,0.1623
2025-08-27 09:45:00,23700,CE,428.23,431.15,425.62,429.22,355,69131,0.1586
2025-08-27 09:45:00,23700,PE,390.83,395.47,386.77,391.91,1364,70596,0.1581
2025-08-27 09:45:00,23750,CE,434.86,442.92,435.56,437.75,1135,81415,0.1625
2025-08-27 09:45:00,23750,PE,430.05,432.42,428.45,432.13,1478,75953,0.1601
2025-08-27 09:45:00,23800,CE,409.1,419.45,406.04,409.47,1029,78982,0.1615
2025-08-27 09:45:00,23800,PE,474.73,474.85,466.95,473.3,229,80801,0.1602
2025-08-27 09:45:00,23850,CE,416.34,422.0,412.65,413.08,375,67792,0.1602
2025-08-27 09:45:00,23850,PE,548.37,555.39,547.45,553.07,1125,70856,0.1618
2025-08-27 09:45:00,23900,CE,408.28,408.56,401.63,408.02,367,65070,0.1585
2025-08-27 09:45:00,23900,PE,604.88,611.22,605.2,609.03,818,61137,0.1648
2025-08-27 09:45:00,23950,CE,382.25,387.89,384.68,385.56,877,57201,0.1602
2025-08-27 09:45:00,23950,PE,604.86,606.21,600.74,602.45,687,60493,0.156
2025-08-27 09:45:00,24000,CE,385.25,392.63,378.73,383.82,804,50871,0.1576
2025-08-27 09:45:00,24000,PE,664.53,662.19,650.31,661.68,236,50581,0.1596
2025-08-27 09:45:00,24050,CE,420.97,432.21,428.01,429.67,144,49587,0.1601
2025-08-27 09:45:00,24050,PE,742.93,746.97,741.08,741.28,123,47737,0.1643
2025-08-27 09:45:00,24100,CE,391.6,396.08,385.65,387.97,699,46066,0.1589
2025-08-27 09:45:00,24100,PE,785.04,788.75,779.32,783.79,87,45444,0.1647
2025-08-27 09:45:00,24150,CE,409.58,410.73,407.43,407.8,414,41370,0.1606
2025-08-27 09:45:00,24150,PE,808.51,831.47,808.52,813.62,533,40848,0.1547
2025-08-27 09:45:00,24200,CE,414.32,419.61,411.97,419.54,294,36614,0.161
2025-08-27 09:45:00,24200,PE,878.21,888.46,879.59,884.15,52,39664,0.1599
2025-08-27 09:45:00,24250,CE,424.17,425.96,420.52,420.71,214,35082,0.1652
2025-08-27 09:45:00,24250,PE,959.56,980.21,960.43,963.36,19,40275,0.1597
2025-08-27 09:45:00,24300,CE,396.76,399.51,397.31,397.51,23,31793,0.1629
2025-08-27 09:45:00,24300,PE,975.54,982.48,968.01,972.35,423,31702,0.1572
2025-08-27 09:45:00,24350,CE,430.42,432.86,425.07,428.71,132,34463,0.1621
2025-08-27 09:45:00,24350,PE,1054.14,1043.25,1037.18,1037.64,21,29839,0.1591
2025-08-27 09:45:00,24400,CE,396.24,397.67,395.45,395.62,284,30118,0.1642
2025-08-27 09:45:00,24400,PE,1112.91,1122.31,1106.39,1109.72,343,32851,0.1603
2025-08-27 09:45:00,24450,CE,427.22,425.91,417.93,423.98,159,32108,0.1627
2025-08-27 09:45:00,24450,PE,1181.26,1182.43,1164.58,1172.43,27,28375,0.1623
2025-08-27 09:45:00,24500,CE,414.06,414.09,409.17,413.25,223,26403,0.1596
2025-08-27 09:45:00,24500,PE,1167.11,1197.95,1172.02,1178.48,373,28810,0.1607
2025-08-27 09:45:00,24550,CE,410.65,408.87,406.15,407.98,37,26322,0.1611
2025-08-27 09:45:00,24550,PE,1240.14,1252.92,1240.49,1240.72,338,23943,0.161
2025-08-27 09:45:00,24600,CE,415.63,417.37,407.28,411.75,171,23561,0.1593
2025-08-27 09:45:00,24600,PE,1302.47,1301.06,1269.58,1289.83,34,27085,0.1614
2025-08-27 09:45:00,24650,CE,409.13,409.73,405.08,407.99,117,22765,0.1578
2025-08-27 09:45:00,24650,PE,1385.55,1389.67,1379.47,1379.95,198,26496,0.1633
2025-08-27 09:45:00,24700,CE,410.4,412.07,409.05,411.19,261,21625,0.1606
2025-08-27 09:45:00,24700,PE,1385.56,1388.64,1352.65,1371.36,342,23939,0.1602
2025-08-27 09:45:00,24750,CE,386.69,391.95,384.29,386.89,186,21302,0.1599
2025-08-27 09:45:00,24750,PE,1484.41,1465.97,1462.22,1462.89,27,22762,0.164
2025-08-27 09:45:00,24800,CE,387.45,395.68,381.03,386.18,165,22808,0.1619
2025-08-27 09:45:00,24800,PE,1470.32,1509.53,1475.88,1482.84,115,20055,0.1591
2025-08-27 09:45:00,24850,CE,416.71,429.41,414.72,415.71,247,21119,0.1636
2025-08-27 09:45:00,24850,PE,1561.92,1574.29,1554.15,1562.05,190,23949,0.1608
2025-08-27 09:45:00,24900,CE,404.1,405.6,402.64,402.9,100,19468,0.1607
2025-08-27 09:45:00,24900,PE,1588.8,1590.04,1583.42,1584.58,246,20708,0.1606
2025-08-27 09:50:00,23500,CE,633.76,654.95,637.45,642.32,395,45563,0.1602
2025-08-27 09:50:00,23500,PE,424.51,431.21,419.88,427.28,895,48267,0.1596
2025-08-27 09:50:00,23550,CE,590.14,592.12,584.5,590.24,851,53779,0.1586
2025-08-27 09:50:00,23550,PE,399.54,408.82,400.04,401.67,867,55247,0.1574
2025-08-27 09:50:00,23600,CE,552.75,557.4,541.06,552.01,209,55342,0.1615
2025-08-27 09:50:00,23600,PE,400.52,409.33,402.04,404.65,24,57465,0.1599
2025-08-27 09:50:00,23650,CE,495.54,492.81,492.02,492.07,488,60588,0.1618
2025-08-27 09:50:00,23650,PE,414.89,413.15,407.75,408.03,1128,63516,0.1646
2025-08-27 09:50:00,23700,CE,455.21,464.0,458.49,461.82,573,69223,0.1621
2025-08-27 09:50:00,23700,PE,419.9,431.2,417.61,419.16,512,70600,0.1612
2025-08-27 09:50:00,23750,CE,424.15,435.63,424.69,430.02,521,81765,0.1621
2025-08-27 09:50:00,23750,PE,421.96,422.62,420.31,421.64,415,76526,0.1625
2025-08-27 09:50:00,23800,CE,408.7,414.92,404.74,410.03,1374,78617,0.158
2025-08-27 09:50:00,23800,PE,474.21,477.5,469.8,471.7,850,81175,0.1599
2025-08-27 09:50:00,23850,CE,403.11,402.14,394.33,398.19,1085,67636,0.1614
2025-08-27 09:50:00,23850,PE,563.5,563.57,554.21,556.76,712,70431,0.1609
2025-08-27 09:50:00,23900,CE,417.32,416.45,409.98,416.27,300,64777,0.1614
2025-08-27 09:50:00,23900,PE,582.57,578.34,566.13,573.97,338,61016,0.1636
2025-08-27 09:50:00,23950,CE,429.5,431.61,425.86,431.0,707,57679,0.1613
2025-08-27 09:50:00,23950,PE,633.2,633.87,618.79,630.36,600,60467,0.1641
2025-08-27 09:50:00,24000,CE,397.14,405.0,400.55,401.16,655,51008,0.1611
2025-08-27 09:50:00,24000,PE,646.08,660.46,653.91,654.26,422,50020,0.1608
2025-08-27 09:50:00,24050,CE,410.96,416.84,408.12,409.11,465,49063,0.1579
2025-08-27 09:50:00,24050,PE,742.44,739.37,723.14,738.39,523,48262,0.1612
2025-08-27 09:50:00,24100,CE,397.77,401.89,398.89,399.3,625,46471,0.1608
2025-08-27 09:50:00,24100,PE,762.78,769.36,762.21,763.95,367,45431,0.1582
2025-08-27 09:50:00,24150,CE,412.63,412.3,404.89,411.03,386,41010,0.1592
2025-08-27 09:50:00,24150,PE,797.11,808.82,790.09,801.07,710,40296,0.1598
2025-08-27 09:50:00,24200,CE,412.36,411.6,408.95,411.3,669,37184,0.1639
2025-08-27 09:50:00,24200,PE,859.01,872.46,850.37,859.16,635,39070,0.1565
2025-08-27 09:50:00,24250,CE,411.11,410.57,406.68,408.75,604,34767,0.1612
2025-08-27 09:50:00,24250,PE,941.25,940.95,934.97,938.96,172,40495,0.163
2025-08-27 09:50:00,24300,CE,423.76,425.83,424.17,425.2,242,32318,0.1595
2025-08-27 09:50:00,24300,PE,973.33,975.23,966.27,973.97,300,31242,0.1611
2025-08-27 09:50:00,24350,CE,405.22,402.83,398.86,402.72,141,34791,0.1583
2025-08-27 09:50:00,24350,PE,1005.95,1017.32,1009.81,1015.29,327,29637,0.1601
2025-08-27 09:50:00,24400,CE,385.33,389.01,381.87,383.26,123,30333,0.1615
2025-08-27 09:50:00,24400,PE,1092.51,1081.5,1061.95,1078.28,148,32366,0.1611
2025-08-27 09:50:00,24450,CE,418.72,427.34,419.61,421.11,284,32545,0.1582
2025-08-27 09:50:00,24450,PE,1123.41,1138.87,1114.3,1119.75,161,28623,0.1601
2025-08-27 09:50:00,24500,CE,391.42,407.14,394.26,395.58,219,26949,0.1582
2025-08-27 09:50:00,24500,PE,1186.95,1205.34,1169.08,1176.07,294,28812,0.1614
2025-08-27 09:50:00,24550,CE,399.07,403.23,392.41,396.3,110,26787,0.1599
2025-08-27 09:50:00,24550,PE,1207.96,1231.44,1213.0,1220.79,28,23991,0.1613
2025-08-27 09:50:00,24600,CE,438.27,444.22,438.71,443.39,122,23576,0.1606
2025-08-27 09:50:00,24600,PE,1269.15,1289.41,1250.89,1265.84,431,26598,0.1618
2025-08-27 09:50:00,24650,CE,418.0,421.68,418.1,418.69,28,23142,0.1591
2025-08-27 09:50:00,24650,PE,1338.36,1343.09,1334.72,1339.33,295,26390,0.1616
2025-08-27 09:50:00,24700,CE,405.08,410.59,403.88,406.04,94,21745,0.1611
2025-08-27 09:50:00,24700,PE,1386.43,1385.37,1348.87,1369.1,108,24119,0.1584
2025-08-27 09:50:00,24750,CE,396.19,394.77,386.88,394.43,160,21631,0.1602
2025-08-27 09:50:00,24750,PE,1451.19,1458.57,1436.62,1437.95,257,22852,0.1597
2025-08-27 09:50:00,24800,CE,424.12,427.29,417.29,419.93,41,22951,0.1599
2025-08-27 09:50:00,24800,PE,1454.52,1476.45,1449.78,1451.19,262,20079,0.1608
2025-08-27 09:50:00,24850,CE,433.12,438.62,429.32,431.37,215,21255,0.1578
2025-08-27 09:50:00,24850,PE,1524.26,1534.2,1494.24,1523.05,88,23882,0.1614
2025-08-27 09:50:00,24900,CE,398.85,405.67,402.03,402.61,48,19799,0.1564
2025-08-27 09:50:00,24900,PE,1579.66,1575.21,1559.71,1567.57,55,21080,0.1626
2025-08-27 09:55:00,23500,CE,632.82,630.52,620.74,623.11,639,45583,0.1626
2025-08-27 09:55:00,23500,PE,396.12,401.86,397.28,397.34,510,47842,0.16
2025-08-27 09:55:00,23550,CE,569.51,589.04,574.53,577.17,726,53627,0.1614
2025-08-27 09:55:00,23550,PE,427.58,436.76,427.03,428.76,869,55654,0.1617
2025-08-27 09:55:00,23600,CE,503.37,513.33,506.92,509.05,1140,55842,0.1605
2025-08-27 09:55:00,23600,PE,380.9,386.73,382.36,383.08,950,57185,0.158
2025-08-27 09:55:00,23650,CE,497.05,508.89,493.99,496.6,405,61117,0.1605
2025-08-27 09:55:00,23650,PE,424.4,424.61,418.55,422.77,1367,63248,0.1612
2025-08-27 09:55:00,23700,CE,452.09,454.39,448.62,450.87,1080,69725,0.162
2025-08-27 09:55:00,23700,PE,429.56,433.96,424.45,429.4,1404,71122,0.1614
2025-08-27 09:55:00,23750,CE,432.59,442.05,427.79,431.39,597,81770,0.1603
2025-08-27 09:55:00,23750,PE,431.73,435.01,429.68,432.19,998,77066,0.1606
2025-08-27 09:55:00,23800,CE,421.52,416.24,413.57,415.19,1391,78676,0.1599
2025-08-27 09:55:00,23800,PE,501.75,514.4,503.88,507.18,1210,81029,0.1633
2025-08-27 09:55:00,23850,CE,411.31,417.34,408.79,411.63,756,68008,0.1562
2025-08-27 09:55:00,23850,PE,537.0,539.27,532.51,536.17,1102,69961,0.1627
2025-08-27 09:55:00,23900,CE,419.91,424.17,414.56,418.3,97,64436,0.1597
2025-08-27 09:55:00,23900,PE,562.24,562.09,551.36,560.44,128,60671,0.1597
2025-08-27 09:55:00,23950,CE,388.17,395.31,383.43,388.94,943,57825,0.1601
2025-08-27 09:55:00,23950,PE,638.21,647.44,644.28,644.86,110,60717,0.1581
2025-08-27 09:55:00,24000,CE,402.9,412.79,402.75,406.23,849,51412,0.162
2025-08-27 09:55:00,24000,PE,706.34,723.0,703.17,713.15,775,50499,0.1612
2025-08-27 09:55:00,24050,CE,402.69,407.31,403.86,405.24,625,49513,0.1599
2025-08-27 09:55:00,24050,PE,726.81,742.06,730.89,734.71,663,48480,0.1578
2025-08-27 09:55:00,24100,CE,389.74,389.48,386.64,389.33,162,46968,0.1614
2025-08-27 09:55:00,24100,PE,787.62,797.62,782.67,789.58,79,45161,0.1605
2025-08-27 09:55:00,24150,CE,406.42,408.75,406.97,407.47,516,41280,0.1621
2025-08-27 09:55:00,24150,PE,845.24,857.09,846.68,850.68,629,39788,0.1555
2025-08-27 09:55:00,24200,CE,427.06,421.47,415.53,418.72,524,36734,0.1594
2025-08-27 09:55:00,24200,PE,861.21,902.35,868.39,870.1,408,38741,0.1638
2025-08-27 09:55:00,24250,CE,427.86,438.71,430.46,432.52,358,34290,0.1635
2025-08-27 09:55:00,24250,PE,956.43,948.99,932.89,945.41,31,41053,0.164
2025-08-27 09:55:00,24300,CE,441.03,449.9,435.93,439.21,304,32277,0.1611
2025-08-27 09:55:00,24300,PE,1041.44,1044.46,1030.02,1033.83,236,31730,0.1635
2025-08-27 09:55:00,24350,CE,412.33,423.85,415.06,418.01,435,34762,0.1599
2025-08-27 09:55:00,24350,PE,1015.7,1029.81,1008.32,1017.57,75,29876,0.1637
2025-08-27 09:55:00,24400,CE,386.86,386.62,381.69,383.57,113,30119,0.1598
2025-08-27 09:55:00,24400,PE,1028.78,1067.55,1049.82,1056.11,349,32906,0.1578
2025-08-27 09:55:00,24450,CE,378.83,385.91,380.32,381.98,116,31986,0.162
2025-08-27 09:55:00,24450,PE,1130.49,1147.73,1126.56,1130.93,216,28859,0.1612
2025-08-27 09:55:00,24500,CE,407.28,412.33,409.92,410.4,314,27489,0.1609
2025-08-27 09:55:00,24500,PE,1181.12,1178.62,1163.2,1169.18,104,29157,0.159
2025-08-27 09:55:00,24550,CE,404.26,402.93,393.28,398.6,352,27180,0.1549
2025-08-27 09:55:00,24550,PE,1248.34,1258.93,1237.07,1244.96,409,23749,0.1599
2025-08-27 09:55:00,24600,CE,379.07,381.86,376.83,379.59,139,23518,0.1573
2025-08-27 09:55:00,24600,PE,1267.47,1292.49,1257.31,1267.29,156,26161,0.1597
2025-08-27 09:55:00,24650,CE,421.97,428.24,422.5,425.01,141,22993,0.1613
2025-08-27 09:55:00,24650,PE,1331.12,1337.42,1308.09,1324.71,316,25800,0.1598
2025-08-27 09:55:00,24700,CE,406.35,407.22,404.65,406.49,301,22079,0.1604
2025-08-27 09:55:00,24700,PE,1384.08,1379.86,1368.16,1369.36,58,24662,0.1563
2025-08-27 09:55:00,24750,CE,406.67,403.35,392.07,402.86,279,21872,0.1628
2025-08-27 09:55:00,24750,PE,1436.86,1459.43,1437.19,1453.11,295,23224,0.1642
2025-08-27 09:55:00,24800,CE,419.01,425.52,413.16,417.16,152,22967,0.1625
2025-08-27 09:55:00,24800,PE,1494.77,1488.63,1475.15,1477.35,227,19709,0.1603
2025-08-27 09:55:00,24850,CE,418.54,418.83,404.95,412.23,27,21519,0.1604
2025-08-27 09:55:00,24850,PE,1525.29,1548.54,1511.2,1535.66,93,23641,0.1601
2025-08-27 09:55:00,24900,CE,404.27,420.12,409.13,412.93,40,19750,0.1573
2025-08-27 09:55:00,24900,PE,1539.12,1552.77,1525.87,1547.36,198,21560,0.1597
2025-08-27 10:00:00,23500,CE,660.86,675.3,651.16,654.86,502,45430,0.161
2025-08-27 10:00:00,23500,PE,398.27,395.51,385.2,393.91,802,47589,0.1579
2025-08-27 10:00:00,23550,CE,566.17,572.47,561.98,567.42,30,53065,0.1595
2025-08-27 10:00:00,23550,PE,424.27,425.45,416.97,424.18,947,55895,0.1614
2025-08-27 10:00:00,23600,CE,547.89,548.78,543.91,546.86,243,55500,0.1633
2025-08-27 10:00:00,23600,PE,392.58,395.93,390.28,393.39,1057,57352,0.1569
2025-08-27 10:00:00,23650,CE,460.14,462.33,452.14,457.68,706,60956,0.1615
2025-08-27 10:00:00,23650,PE,422.3,432.87,418.18,424.46,564,63593,0.1621
2025-08-27 10:00:00,23700,CE,426.16,430.61,424.06,424.39,354,70192,0.1619
2025-08-27 10:00:00,23700,PE,422.18,423.05,419.56,421.38,421,70804,0.16
2025-08-27 10:00:00,23750,CE,420.56,425.66,418.16,420.99,627,82120,0.1622
2025-08-27 10:00:00,23750,PE,449.16,447.44,436.48,442.05,34,76649,0.1601
2025-08-27 10:00:00,23800,CE,420.74,427.92,419.59,424.9,537,78245,0.1605
2025-08-27 10:00:00,23800,PE,469.9,476.42,465.99,468.22,548,80943,0.1597
2025-08-27 10:00:00,23850,CE,412.65,422.78,415.95,420.6,764,67797,0.163
2025-08-27 10:00:00,23850,PE,541.05,544.07,533.07,540.04,667,70545,0.1575
2025-08-27 10:00:00,23900,CE,411.06,424.03,412.66,414.54,513,64800,0.1609
2025-08-27 10:00:00,23900,PE,631.99,636.39,626.54,632.8,311,61139,0.1601
2025-08-27 10:00:00,23950,CE,400.05,402.83,394.28,396.97,565,57388,0.1611
2025-08-27 10:00:00,23950,PE,634.19,634.61,630.78,630.93,892,60973,0.1605
2025-08-27 10:00:00,24000,CE,379.89,385.11,379.08,383.2,316,51537,0.1637
2025-08-27 10:00:00,24000,PE,640.29,639.84,628.87,639.73,848,50018,0.1566
2025-08-27 10:00:00,24050,CE,396.11,409.52,396.37,399.64,45,49865,0.1622
2025-08-27 10:00:00,24050,PE,730.44,741.6,733.7,741.16,246,48904,0.1624
2025-08-27 10:00:00,24100,CE,404.1,404.47,393.98,403.61,587,47464,0.1608
2025-08-27 10:00:00,24100,PE,786.75,781.82,778.85,781.72,579,45688,0.1622
2025-08-27 10:00:00,24150,CE,437.71,441.25,436.45,436.6,441,40809,0.1624
2025-08-27 10:00:00,24150,PE,850.19,860.51,852.27,855.33,156,40246,0.1655
2025-08-27 10:00:00,24200,CE,434.16,433.5,424.5,427.39,199,37268,0.1622
2025-08-27 10:00:00,24200,PE,883.99,884.32,870.02,875.09,577,38969,0.1567
2025-08-27 10:00:00,24250,CE,400.55,411.63,403.75,407.3,93,33910,0.154
2025-08-27 10:00:00,24250,PE,947.09,964.01,952.18,953.58,462,40934,0.1598
2025-08-27 10:00:00,24300,CE,413.01,418.19,413.56,415.55,239,31785,0.1602
2025-08-27 10:00:00,24300,PE,984.83,978.39,958.86,972.28,272,31135,0.1597
2025-08-27 10:00:00,24350,CE,395.35,393.89,388.68,391.75,85,35266,0.1589
2025-08-27 10:00:00,24350,PE,1024.5,1050.01,1029.88,1037.71,417,30442,0.1619
2025-08-27 10:00:00,24400,CE,408.25,410.99,406.65,407.1,476,30622,0.1613
2025-08-27 10:00:00,24400,PE,1081.23,1084.06,1069.15,1081.39,217,32610,0.161
2025-08-27 10:00:00,24450,CE,398.21,398.95,394.97,397.93,342,32131,0.1609
2025-08-27 10:00:00,24450,PE,1112.0,1128.07,1094.81,1108.74,218,28858,0.1623
2025-08-27 10:00:00,24500,CE,402.94,415.8,408.74,411.19,101,27484,0.1595
2025-08-27 10:00:00,24500,PE,1178.12,1182.96,1167.42,1175.22,455,29071,0.158
2025-08-27 10:00:00,24550,CE,394.07,397.71,390.79,393.88,236,27709,0.1605
2025-08-27 10:00:00,24550,PE,1238.92,1272.22,1242.94,1248.88,385,24098,0.1596
2025-08-27 10:00:00,24600,CE,391.4,394.63,389.39,390.33,9,23934,0.1622
2025-08-27 10:00:00,24600,PE,1295.59,1294.42,1287.01,1288.23,39,25602,0.1631
2025-08-27 10:00:00,24650,CE,398.47,397.67,389.39,395.67,150,22887,0.159
2025-08-27 10:00:00,24650,PE,1336.51,1355.73,1319.94,1336.02,55,25917,0.1617
2025-08-27 10:00:00,24700,CE,392.17,396.9,390.48,390.63,366,22269,0.1585
2025-08-27 10:00:00,24700,PE,1388.77,1399.82,1363.48,1381.23,381,25135,0.1592
2025-08-27 10:00:00,24750,CE,405.73,414.09,399.01,404.68,312,21472,0.1616
2025-08-27 10:00:00,24750,PE,1427.39,1439.65,1416.24,1436.7,246,22732,0.1598
2025-08-27 10:00:00,24800,CE,400.03,402.11,398.35,400.77,285,23438,0.1635
2025-08-27 10:00:00,24800,PE,1473.05,1483.85,1438.01,1463.17,49,19716,0.1599
2025-08-27 10:00:00,24850,CE,431.7,440.91,428.31,429.59,50,21566,0.1581
2025-08-27 10:00:00,24850,PE,1557.26,1568.34,1555.27,1564.68,163,24109,0.1631
2025-08-27 10:00:00,24900,CE,411.45,414.28,404.92,412.39,97,20049,0.1592
2025-08-27 10:00:00,24900,PE,1563.79,1596.19,1567.6,1579.15,227,21836,0.1596
2025-08-27 10:05:00,23500,CE,601.78,610.2,608.98,609.38,960,45053,0.1581
2025-08-27 10:05:00,23500,PE,403.75,402.05,400.33,400.98,29,47734,0.1597
2025-08-27 10:05:00,23550,CE,591.78,598.35,585.76,586.56,151,53005,0.1602
2025-08-27 10:05:00,23550,PE,397.46,405.57,401.06,401.32,586,56028,0.1575
2025-08-27 10:05:00,23600,CE,519.93,519.94,507.75,514.95,35,55590,0.1581
2025-08-27 10:05:00,23600,PE,420.74,429.39,419.28,423.01,976,56783,0.1597
2025-08-27 10:05:00,23650,CE,490.04,502.41,492.67,494.86,577,60768,0.1649
2025-08-27 10:05:00,23650,PE,398.77,401.43,397.91,398.71,500,63542,0.1597
2025-08-27 10:05:00,23700,CE,434.2,444.62,434.17,437.32,258,70192,0.1615
2025-08-27 10:05:00,23700,PE,397.22,401.54,392.27,395.91,153,70323,0.1626
2025-08-27 10:05:00,23750,CE,407.08,423.95,411.96,412.86,892,82598,0.1609
2025-08-27 10:05:00,23750,PE,434.97,443.92,430.85,435.54,1168,76450,0.1606
2025-08-27 10:05:00,23800,CE,435.83,432.71,428.49,431.11,502,78232,0.1593
2025-08-27 10:05:00,23800,PE,476.36,479.31,470.62,478.27,71,81139,0.1596
2025-08-27 10:05:00,23850,CE,421.32,426.66,419.85,419.91,182,68059,0.1614
2025-08-27 10:05:00,23850,PE,562.52,562.61,555.05,558.1,474,70398,0.1647
2025-08-27 10:05:00,23900,CE,387.35,389.96,387.24,389.16,493,64354,0.1567
2025-08-27 10:05:00,23900,PE,594.21,604.08,598.52,602.72,277,60787,0.1612
2025-08-27 10:05:00,23950,CE,452.51,451.7,446.63,449.89,841,56986,0.1645
2025-08-27 10:05:00,23950,PE,613.15,612.11,605.87,607.33,141,60665,0.1609
2025-08-27 10:05:00,24000,CE,433.52,432.14,429.52,430.1,390,51661,0.1642
2025-08-27 10:05:00,24000,PE,704.65,703.51,697.93,698.18,389,50060,0.1639
2025-08-27 10:05:00,24050,CE,409.28,411.83,403.12,407.39,434,49467,0.161
2025-08-27 10:05:00,24050,PE,724.33,731.48,730.18,730.83,19,49121,0.1611
2025-08-27 10:05:00,24100,CE,397.74,404.84,400.39,403.68,721,46940,0.1575
2025-08-27 10:05:00,24100,PE,764.39,783.37,779.78,779.82,702,46179,0.1619
2025-08-27 10:05:00,24150,CE,408.21,409.08,403.64,405.95,561,40888,0.1614
2025-08-27 10:05:00,24150,PE,834.09,855.9,828.6,833.06,248,40354,0.1608
2025-08-27 10:05:00,24200,CE,407.04,408.47,403.99,408.04,18,37011,0.1613
2025-08-27 10:05:00,24200,PE,896.88,904.42,888.26,892.59,267,38982,0.161
2025-08-27 10:05:00,24250,CE,411.23,416.66,412.69,413.24,176,33821,0.1582
2025-08-27 10:05:00,24250,PE,892.81,891.93,884.28,891.8,453,41474,0.1621
2025-08-27 10:05:00,24300,CE,404.06,410.01,403.45,404.4,482,31276,0.1614
2025-08-27 10:05:00,24300,PE,963.91,969.75,959.02,968.56,348,31085,0.1588
2025-08-27 10:05:00,24350,CE,418.26,416.99,407.05,412.34,292,35615,0.1585
2025-08-27 10:05:00,24350,PE,1031.24,1044.49,1016.4,1019.62,186,30495,0.1584
2025-08-27 10:05:00,24400,CE,416.12,419.33,412.38,417.51,465,30700,0.1589
2025-08-27 10:05:00,24400,PE,1072.8,1091.44,1071.67,1077.55,294,33103,0.1608
2025-08-27 10:05:00,24450,CE,405.71,418.44,403.01,404.72,22,31981,0.1596
2025-08-27 10:05:00,24450,PE,1120.82,1104.87,1093.14,1102.51,249,28260,0.1576
2025-08-27 10:05:00,24500,CE,388.69,386.61,381.77,385.17,229,27994,0.1584
2025-08-27 10:05:00,24500,PE,1187.16,1183.6,1169.27,1180.51,375,28510,0.1611
2025-08-27 10:05:00,24550,CE,429.05,432.19,428.77,430.53,397,28065,0.1617
2025-08-27 10:05:00,24550,PE,1225.24,1230.11,1205.88,1220.97,397,23665,0.1566
2025-08-27 10:05:00,24600,CE,427.4,431.78,423.43,424.9,388,23358,0.1626
2025-08-27 10:05:00,24600,PE,1277.78,1271.87,1255.99,1266.69,21,25427,0.1599
2025-08-27 10:05:00,24650,CE,414.69,414.6,409.84,410.74,339,23323,0.1625
2025-08-27 10:05:00,24650,PE,1321.18,1329.62,1302.75,1317.31,265,25361,0.159
2025-08-27 10:05:00,24700,CE,421.25,423.63,418.32,422.32,349,21984,0.1551
2025-08-27 10:05:00,24700,PE,1377.45,1398.78,1383.23,1383.39,298,24869,0.1611
2025-08-27 10:05:00,24750,CE,383.95,386.38,375.43,384.87,219,20985,0.1583
2025-08-27 10:05:00,24750,PE,1418.01,1453.81,1422.1,1439.21,382,22243,0.1625
2025-08-27 10:05:00,24800,CE,376.91,377.53,376.81,377.44,353,23927,0.157
2025-08-27 10:05:00,24800,PE,1477.68,1478.9,1441.93,1469.31,60,19950,0.1578
2025-08-27 10:05:00,24850,CE,437.24,436.01,430.02,433.56,126,21339,0.1576
2025-08-27 10:05:00,24850,PE,1508.77,1547.64,1517.22,1521.77,120,23794,0.1603
2025-08-27 10:05:00,24900,CE,405.58,406.35,403.99,406.23,330,19500,0.1633
2025-08-27 10:05:00,24900,PE,1590.33,1610.78,1581.82,1583.34,125,21666,0.1614
2025-08-27 10:10:00,23500,CE,717.06,721.13,704.22,710.16,386,44814,0.1621
2025-08-27 10:10:00,23500,PE,379.93,383.04,374.04,380.76,603,48234,0.1634
2025-08-27 10:10:00,23550,CE,619.65,638.53,617.73,621.46,666,52669,0.1591
2025-08-27 10:10:00,23550,PE,411.3,419.39,410.84,415.24,988,55914,0.1593
2025-08-27 10:10:00,23600,CE,589.59,592.16,583.87,592.11,353,55808,0.1636
2025-08-27 10:10:00,23600,PE,439.46,441.04,434.11,437.73,1073,56568,0.163
2025-08-27 10:10:00,23650,CE,506.42,515.71,504.89,505.8,264,61106,0.1579
2025-08-27 10:10:00,23650,PE,402.98,411.58,403.27,405.57,600,63813,0.1601
2025-08-27 10:10:00,23700,CE,480.45,481.91,473.87,478.13,653,69634,0.1635
2025-08-27 10:10:00,23700,PE,403.03,407.21,403.08,403.27,525,70749,0.1622
2025-08-27 10:10:00,23750,CE,428.68,448.05,434.6,435.09,1539,82434,0.1587
2025-08-27 10:10:00,23750,PE,423.03,433.98,417.86,419.4,1146,75965,0.1639
2025-08-27 10:10:00,23800,CE,423.14,428.66,421.57,424.14,381,78470,0.1564
2025-08-27 10:10:00,23800,PE,412.56,423.44,413.11,416.42,94,81435,0.1601
2025-08-27 10:10:00,23850,CE,429.89,437.03,435.5,435.98,1371,67544,0.1607
2025-08-27 10:10:00,23850,PE,466.66,471.31,463.1,466.65,838,70222,0.1633
2025-08-27 10:10:00,23900,CE,392.45,392.82,387.18,392.09,808,64828,0.1591
2025-08-27 10:10:00,23900,PE,560.17,568.91,555.31,557.84,119,60990,0.1606
2025-08-27 10:10:00,23950,CE,401.37,409.49,401.66,402.5,217,57026,0.1608
2025-08-27 10:10:00,23950,PE,551.31,559.69,548.45,551.96,499,60669,0.159
2025-08-27 10:10:00,24000,CE,431.76,434.14,422.06,422.62,767,51791,0.1591
2025-08-27 10:10:00,24000,PE,621.33,623.27,615.69,617.15,356,50243,0.1603
2025-08-27 10:10:00,24050,CE,419.25,427.24,414.31,417.18,547,48949,0.163
2025-08-27 10:10:00,24050,PE,691.99,696.69,685.52,694.02,561,48921,0.1596
2025-08-27 10:10:00,24100,CE,412.0,416.12,413.56,414.37,133,46971,0.1615
2025-08-27 10:10:00,24100,PE,752.24,775.58,748.09,752.74,436,46455,0.1617
2025-08-27 10:10:00,24150,CE,381.55,392.41,384.91,387.65,339,41179,0.1545
2025-08-27 10:10:00,24150,PE,780.22,785.82,779.54,781.77,225,40480,0.1612
2025-08-27 10:10:00,24200,CE,435.91,439.18,434.32,434.39,686,37114,0.1601
2025-08-27 10:10:00,24200,PE,853.49,863.49,835.12,846.03,489,38823,0.1633
2025-08-27 10:10:00,24250,CE,408.88,412.16,404.43,409.78,452,34222,0.1621
2025-08-27 10:10:00,24250,PE,892.07,892.76,877.88,891.59,582,41973,0.1602
2025-08-27 10:10:00,24300,CE,407.61,415.72,409.99,411.24,198,31691,0.1647
2025-08-27 10:10:00,24300,PE,947.31,941.87,920.52,933.73,223,31531,0.161
2025-08-27 10:10:00,24350,CE,402.45,405.16,400.86,401.69,13,36105,0.162
2025-08-27 10:10:00,24350,PE,1016.93,1011.55,991.3,1000.01,134,30137,0.1629
2025-08-27 10:10:00,24400,CE,404.69,409.16,399.63,405.14,314,30716,0.1594
2025-08-27 10:10:00,24400,PE,1012.33,1033.52,1012.96,1015.03,94,33144,0.1602
2025-08-27 10:10:00,24450,CE,440.22,456.45,443.24,443.84,422,31963,0.1631
2025-08-27 10:10:00,24450,PE,1076.69,1100.82,1077.76,1078.69,308,28678,0.1624
2025-08-27 10:10:00,24500,CE,404.2,412.21,407.22,408.67,96,27784,0.1604
2025-08-27 10:10:00,24500,PE,1146.57,1158.32,1150.79,1156.09,447,28103,0.1605
2025-08-27 10:10:00,24550,CE,447.14,450.78,441.48,441.66,126,27794,0.1617
2025-08-27 10:10:00,24550,PE,1209.34,1244.99,1201.25,1201.89,393,23236,0.1586
2025-08-27 10:10:00,24600,CE,399.31,396.31,392.07,394.63,174,23243,0.1585
2025-08-27 10:10:00,24600,PE,1248.97,1267.34,1248.86,1252.74,43,24967,0.1628
2025-08-27 10:10:00,24650,CE,401.11,407.15,401.23,405.1,167,22828,0.1632
2025-08-27 10:10:00,24650,PE,1264.42,1258.05,1243.36,1255.67,425,25302,0.1629
2025-08-27 10:10:00,24700,CE,372.62,382.13,374.78,376.87,9,22105,0.1568
2025-08-27 10:10:00,24700,PE,1347.27,1361.1,1346.23,1350.92,315,24998,0.162
2025-08-27 10:10:00,24750,CE,395.41,398.35,391.96,393.56,231,20495,0.1605
2025-08-27 10:10:00,24750,PE,1361.81,1370.93,1357.0,1370.09,293,22808,0.162
2025-08-27 10:10:00,24800,CE,416.35,418.68,406.78,415.85,143,23473,0.1612
2025-08-27 10:10:00,24800,PE,1461.86,1473.39,1459.23,1463.24,87,20142,0.1591
2025-08-27 10:10:00,24850,CE,378.36,380.57,372.71,377.51,239,21805,0.1591
2025-08-27 10:10:00,24850,PE,1456.06,1476.48,1447.58,1465.01,153,24255,0.159
2025-08-27 10:10:00,24900,CE,402.98,402.54,397.4,401.69,102,19514,0.1604
2025-08-27 10:10:00,24900,PE,1538.75,1565.68,1520.42,1534.0,236,21398,0.1609
2025-08-27 10:15:00,23500,CE,656.75,660.7,653.88,656.44,362,45207,0.1599
2025-08-27 10:15:00,23500,PE,404.58,411.03,404.39,405.66,559,48369,0.1638
2025-08-27 10:15:00,23550,CE,597.46,595.3,583.7,587.71,666,53018,0.1629
2025-08-27 10:15:00,23550,PE,418.44,419.82,408.86,414.51,1028,55793,0.1632
2025-08-27 10:15:00,23600,CE,564.37,585.03,567.3,571.86,431,56304,0.1623
2025-08-27 10:15:00,23600,PE,396.76,399.15,390.98,396.79,577,57083,0.1608
2025-08-27 10:15:00,23650,CE,500.22,503.05,489.69,499.05,1185,61390,0.1616
2025-08-27 10:15:00,23650,PE,411.57,418.43,410.9,416.21,972,64344,0.1629
2025-08-27 10:15:00,23700,CE,470.4,477.45,470.08,472.19,442,69578,0.1581
2025-08-27 10:15:00,23700,PE,407.42,407.28,406.36,406.67,857,70382,0.162
2025-08-27 10:15:00,23750,CE,399.76,415.01,407.71,408.83,927,82621,0.1622
2025-08-27 10:15:00,23750,PE,388.26,401.85,385.1,392.21,902,76149,0.1627
2025-08-27 10:15:00,23800,CE,442.31,435.93,432.45,433.1,174,78459,0.1587
2025-08-27 10:15:00,23800,PE,483.53,488.96,482.32,482.56,1396,81147,0.1604
2025-08-27 10:15:00,23850,CE,399.37,403.25,402.21,402.5,606,67693,0.1574
2025-08-27 10:15:00,23850,PE,514.27,512.84,504.31,512.35,824,69838,0.1603
2025-08-27 10:15:00,23900,CE,378.72,374.4,370.48,372.48,146,65131,0.1583
2025-08-27 10:15:00,23900,PE,579.77,574.85,572.43,574.64,624,61478,0.1629
2025-08-27 10:15:00,23950,CE,408.9,418.27,399.58,407.13,1024,56625,0.16
2025-08-27 10:15:00,23950,PE,612.46,628.88,610.99,615.89,384,61053,0.1596
2025-08-27 10:15:00,24000,CE,399.63,406.1,403.48,404.06,287,51429,0.1559
2025-08-27 10:15:00,24000,PE,665.97,682.47,658.75,666.12,159,50243,0.1648
2025-08-27 10:15:00,24050,CE,391.27,391.7,387.77,390.15,336,49464,0.1603
2025-08-27 10:15:00,24050,PE,730.47,745.56,721.85,736.52,827,48420,0.161
2025-08-27 10:15:00,24100,CE,446.21,454.37,443.28,444.77,714,46478,0.1658
2025-08-27 10:15:00,24100,PE,746.19,742.86,730.77,738.42,571,47005,0.158
2025-08-27 10:15:00,24150,CE,413.9,415.82,414.41,415.17,260,40769,0.1608
2025-08-27 10:15:00,24150,PE,794.42,831.14,803.21,804.64,59,40290,0.1623
2025-08-27 10:15:00,24200,CE,434.23,435.89,427.48,429.57,649,37064,0.1602
2025-08-27 10:15:00,24200,PE,872.5,888.0,879.03,880.96,291,38231,0.1618
2025-08-27 10:15:00,24250,CE,413.88,418.38,411.93,417.14,428,33847,0.162
2025-08-27 10:15:00,24250,PE,920.68,931.94,905.39,915.97,443,42367,0.1597
2025-08-27 10:15:00,24300,CE,413.23,422.17,418.85,419.79,466,31713,0.1619
2025-08-27 10:15:00,24300,PE,980.61,996.32,980.77,994.41,393,31403,0.1572
2025-08-27 10:15:00,24350,CE,418.88,431.31,417.39,422.97,403,36323,0.1605
2025-08-27 10:15:00,24350,PE,999.16,1012.45,1005.28,1008.7,114,29926,0.1635
2025-08-27 10:15:00,24400,CE,391.53,393.24,390.45,390.81,417,30642,0.1589
2025-08-27 10:15:00,24400,PE,1067.03,1082.67,1054.77,1066.29,133,33736,0.1568
2025-08-27 10:15:00,24450,CE,415.24,416.02,407.95,415.7,442,32292,0.1611
2025-08-27 10:15:00,24450,PE,1067.77,1086.72,1063.96,1071.72,219,28742,0.1592
2025-08-27 10:15:00,24500,CE,407.14,406.97,401.42,405.97,457,27816,0.1623
2025-08-27 10:15:00,24500,PE,1170.42,1175.11,1154.3,1164.33,400,28516,0.1605
2025-08-27 10:15:00,24550,CE,413.24,419.18,417.04,418.04,372,27915,0.1633
2025-08-27 10:15:00,24550,PE,1174.62,1185.59,1171.72,1178.4,164,23043,0.1609
2025-08-27 10:15:00,24600,CE,400.5,404.07,396.41,400.03,359,23144,0.157
2025-08-27 10:15:00,24600,PE,1257.82,1319.66,1267.79,1276.06,114,24587,0.1591
2025-08-27 10:15:00,24650,CE,399.78,405.07,395.59,399.42,262,23379,0.1605
2025-08-27 10:15:00,24650,PE,1332.29,1323.28,1304.4,1318.69,164,25484,0.161
2025-08-27 10:15:00,24700,CE,430.72,432.45,417.23,422.03,129,21983,0.1605
2025-08-27 10:15:00,24700,PE,1381.77,1380.34,1344.87,1367.97,169,24829,0.1604
2025-08-27 10:15:00,24750,CE,441.35,448.54,440.11,443.36,331,20983,0.1637
2025-08-27 10:15:00,24750,PE,1372.94,1387.14,1379.97,1385.11,109,22640,0.1599
2025-08-27 10:15:00,24800,CE,413.18,420.24,418.45,418.46,13,23780,0.1612
2025-08-27 10:15:00,24800,PE,1464.84,1463.02,1460.91,1461.55,267,20544,0.1594
2025-08-27 10:15:00,24850,CE,410.61,407.2,405.81,406.62,204,22296,0.1586
2025-08-27 10:15:00,24850,PE,1533.03,1567.45,1528.28,1531.4,56,24102,0.1591
2025-08-27 10:15:00,24900,CE,414.99,417.21,408.5,415.0,159,19832,0.1614
2025-08-27 10:15:00,24900,PE,1559.66,1574.51,1544.51,1551.01,81,21190,0.1583
2025-08-27 10:20:00,23500,CE,653.64,658.9,647.96,648.83,104,45739,0.161
2025-08-27 10:20:00,23500,PE,426.98,435.1,428.36,431.05,443,47782,0.1635
2025-08-27 10:20:00,23550,CE,624.29,623.58,620.35,623.36,263,53102,0.162
2025-08-27 10:20:00,23550,PE,451.75,456.96,449.48,451.39,530,55804,0.1625
2025-08-27 10:20:00,23600,CE,551.1,557.51,553.28,554.38,92,56757,0.1638
2025-08-27 10:20:00,23600,PE,384.46,387.85,383.47,383.97,988,56742,0.1608
2025-08-27 10:20:00,23650,CE,514.17,514.79,512.74,512.91,507,60894,0.1607
2025-08-27 10:20:00,23650,PE,366.38,370.76,367.15,367.78,191,64759,0.1582
2025-08-27 10:20:00,23700,CE,436.96,444.66,442.42,442.51,199,69398,0.1579
2025-08-27 10:20:00,23700,PE,406.18,416.03,403.86,404.99,1547,70171,0.1627
2025-08-27 10:20:00,23750,CE,390.14,392.42,387.44,388.05,1214,82147,0.1588
2025-08-27 10:20:00,23750,PE,421.1,427.31,421.12,421.8,1537,76653,0.1605
2025-08-27 10:20:00,23800,CE,426.33,425.72,425.47,425.57,1365,78618,0.1604
2025-08-27 10:20:00,23800,PE,451.54,449.31,446.29,448.49,1452,81377,0.1615
2025-08-27 10:20:00,23850,CE,433.37,435.32,428.7,431.98,501,68170,0.1604
2025-08-27 10:20:00,23850,PE,530.0,537.36,529.51,530.04,370,70250,0.1629
2025-08-27 10:20:00,23900,CE,413.32,413.9,408.49,411.84,1071,65073,0.163
2025-08-27 10:20:00,23900,PE,561.29,573.65,558.09,566.71,281,61069,0.1622
2025-08-27 10:20:00,23950,CE,394.49,406.8,400.04,400.31,562,56831,0.1586
2025-08-27 10:20:00,23950,PE,627.63,640.38,625.39,627.06,615,61233,0.1615
2025-08-27 10:20:00,24000,CE,415.03,421.36,409.78,411.96,38,50885,0.1595
2025-08-27 10:20:00,24000,PE,676.33,683.61,676.33,677.41,257,50722,0.1595
2025-08-27 10:20:00,24050,CE,393.5,396.68,395.83,395.88,438,49266,0.1633
2025-08-27 10:20:00,24050,PE,706.69,728.19,714.0,714.56,573,48334,0.1619
2025-08-27 10:20:00,24100,CE,388.29,397.08,379.93,384.3,124,46494,0.1623
2025-08-27 10:20:00,24100,PE,773.81,781.13,772.62,775.45,553,47499,0.16
2025-08-27 10:20:00,24150,CE,433.13,435.47,430.86,434.84,276,40373,0.1619
2025-08-27 10:20:00,24150,PE,816.97,818.29,798.76,809.27,633,40132,0.1634
2025-08-27 10:20:00,24200,CE,429.17,437.52,426.01,429.2,116,37065,0.1606
2025-08-27 10:20:00,24200,PE,856.05,873.87,844.53,853.73,51,38821,0.1586
2025-08-27 10:20:00,24250,CE,426.75,425.76,424.68,424.96,498,33774,0.1645
2025-08-27 10:20:00,24250,PE,922.78,921.1,903.09,916.31,352,42245,0.1646
2025-08-27 10:20:00,24300,CE,393.43,394.89,389.06,392.69,285,32235,0.1643
2025-08-27 10:20:00,24300,PE,950.24,972.36,945.09,958.06,437,31596,0.1617
2025-08-27 10:20:00,24350,CE,391.09,407.54,394.94,398.51,552,35919,0.1634
2025-08-27 10:20:00,24350,PE,985.26,988.48,973.51,977.33,514,29536,0.1588
2025-08-27 10:20:00,24400,CE,433.9,429.75,424.55,428.35,145,30815,0.1619
2025-08-27 10:20:00,24400,PE,1078.16,1091.08,1075.01,1078.97,80,33696,0.1588
2025-08-27 10:20:00,24450,CE,378.12,382.43,378.01,378.17,176,31702,0.1584
2025-08-27 10:20:00,24450,PE,1069.38,1093.91,1086.81,1091.8,99,28680,0.1588
2025-08-27 10:20:00,24500,CE,418.07,419.69,417.58,417.6,48,28343,0.1599
2025-08-27 10:20:00,24500,PE,1166.15,1168.93,1159.5,1163.43,211,28812,0.1609
2025-08-27 10:20:00,24550,CE,416.6,418.79,410.84,413.71,100,27985,0.158
2025-08-27 10:20:00,24550,PE,1266.07,1254.63,1237.77,1249.17,58,22677,0.1627
2025-08-27 10:20:00,24600,CE,420.67,429.48,414.57,417.11,303,22946,0.1622
2025-08-27 10:20:00,24600,PE,1286.2,1306.96,1289.98,1292.11,433,25182,0.1595
2025-08-27 10:20:00,24650,CE,413.38,412.3,407.48,410.35,61,23569,0.1607
2025-08-27 10:20:00,24650,PE,1298.16,1311.56,1284.88,1292.71,331,25215,0.1604
2025-08-27 10:20:00,24700,CE,391.17,391.22,389.06,391.01,341,22268,0.1585
2025-08-27 10:20:00,24700,PE,1333.46,1369.7,1339.77,1349.27,135,24338,0.1597
2025-08-27 10:20:00,24750,CE,398.63,405.36,399.28,402.23,176,20827,0.1569
2025-08-27 10:20:00,24750,PE,1398.39,1415.42,1389.85,1395.98,208,22314,0.1625
2025-08-27 10:20:00,24800,CE,407.56,421.88,405.27,406.55,120,24255,0.1578
2025-08-27 10:20:00,24800,PE,1518.55,1522.27,1516.8,1518.72,316,20826,0.1632
2025-08-27 10:20:00,24850,CE,415.12,425.27,415.63,419.33,131,22292,0.1621
2025-08-27 10:20:00,24850,PE,1507.42,1531.9,1508.16,1514.36,109,23991,0.1605
2025-08-27 10:20:00,24900,CE,390.75,393.78,390.31,393.59,182,20262,0.1559
2025-08-27 10:20:00,24900,PE,1566.97,1565.84,1546.99,1557.11,278,20824,0.1623
2025-08-27 10:25:00,23500,CE,633.89,629.12,621.06,628.51,905,45228,0.1611
2025-08-27 10:25:00,23500,PE,406.49,407.82,400.26,407.43,60,48204,0.1601
2025-08-27 10:25:00,23550,CE,630.19,644.25,628.91,632.13,312,53529,0.1609
2025-08-27 10:25:00,23550,PE,391.85,397.62,390.85,394.07,88,55495,0.1582
2025-08-27 10:25:00,23600,CE,535.18,534.89,530.75,531.88,979,56391,0.1605
2025-08-27 10:25:00,23600,PE,396.03,397.55,388.56,393.67,624,57007,0.1621
2025-08-27 10:25:00,23650,CE,485.53,493.79,490.42,491.88,482,60466,0.1604
2025-08-27 10:25:00,23650,PE,420.87,418.19,416.41,418.04,1121,64905,0.1613
2025-08-27 10:25:00,23700,CE,431.0,432.91,429.04,432.89,1416,69639,0.159
2025-08-27 10:25:00,23700,PE,410.69,410.56,404.21,410.15,1160,70317,0.1627
2025-08-27 10:25:00,23750,CE,432.83,434.65,429.26,432.0,1191,82059,0.1632
2025-08-27 10:25:00,23750,PE,397.23,398.07,397.42,398.04,1638,77032,0.1626
2025-08-27 10:25:00,23800,CE,407.92,414.48,404.26,404.38,382,79133,0.1589
2025-08-27 10:25:00,23800,PE,458.19,459.97,457.82,457.86,370,81623,0.1573
2025-08-27 10:25:00,23850,CE,429.24,431.92,429.46,431.22,1202,68072,0.1599
2025-08-27 10:25:00,23850,PE,497.85,503.4,498.64,500.21,258,70844,0.1596
2025-08-27 10:25:00,23900,CE,397.78,406.59,399.77,401.24,919,65012,0.1616
2025-08-27 10:25:00,23900,PE,554.96,558.29,548.99,551.38,1144,60608,0.1589
2025-08-27 10:25:00,23950,CE,408.04,413.7,409.64,410.37,553,56450,0.1626
2025-08-27 10:25:00,23950,PE,617.08,622.28,607.38,612.21,205,61050,0.158
2025-08-27 10:25:00,24000,CE,396.88,400.46,395.04,396.78,544,50490,0.1593
2025-08-27 10:25:00,24000,PE,678.69,689.17,661.11,673.82,494,51055,0.1618
2025-08-27 10:25:00,24050,CE,412.94,413.82,409.07,410.28,137,48682,0.158
2025-08-27 10:25:00,24050,PE,703.97,713.83,686.91,705.74,643,48221,0.1585
2025-08-27 10:25:00,24100,CE,387.09,393.73,386.09,386.99,160,46947,0.1578
2025-08-27 10:25:00,24100,PE,762.21,771.11,760.38,764.5,344,47040,0.1642
2025-08-27 10:25:00,24150,CE,387.13,394.78,387.76,388.58,234,40464,0.1605
2025-08-27 10:25:00,24150,PE,796.49,807.95,798.64,799.37,221,40652,0.1625
2025-08-27 10:25:00,24200,CE,412.69,417.28,413.21,413.54,431,36550,0.1611
2025-08-27 10:25:00,24200,PE,886.67,897.24,882.21,886.62,243,38640,0.1613
2025-08-27 10:25:00,24250,CE,399.74,400.17,390.75,397.02,102,33219,0.1628
2025-08-27 10:25:00,24250,PE,922.62,921.79,915.41,917.2,80,42463,0.1631
2025-08-27 10:25:00,24300,CE,418.57,423.41,412.25,419.8,156,32135,0.1574
2025-08-27 10:25:00,24300,PE,948.68,965.98,959.67,961.85,94,32132,0.1588
2025-08-27 10:25:00,24350,CE,430.82,443.71,419.96,430.85,558,36148,0.1597
2025-08-27 10:25:00,24350,PE,1022.37,1019.94,1011.2,1017.24,193,29658,0.1626
2025-08-27 10:25:00,24400,CE,412.77,417.1,411.28,415.49,212,31307,0.1611
2025-08-27 10:25:00,24400,PE,1047.31,1058.76,1046.28,1053.56,327,33251,0.1595
2025-08-27 10:25:00,24450,CE,422.87,425.54,421.78,425.09,56,32042,0.1563
2025-08-27 10:25:00,24450,PE,1116.66,1119.1,1112.57,1117.45,372,28955,0.1601
2025-08-27 10:25:00,24500,CE,399.89,407.13,399.16,400.49,166,28550,0.1587
2025-08-27 10:25:00,24500,PE,1151.54,1164.21,1150.3,1152.27,136,28977,0.1602
2025-08-27 10:25:00,24550,CE,410.69,409.18,404.97,407.17,156,27534,0.1605
2025-08-27 10:25:00,24550,PE,1213.96,1225.94,1207.95,1221.05,385,23053,0.163
2025-08-27 10:25:00,24600,CE,388.42,400.8,389.06,389.26,347,23108,0.1583
2025-08-27 10:25:00,24600,PE,1301.01,1315.43,1287.01,1302.83,284,25507,0.1631
2025-08-27 10:25:00,24650,CE,401.67,415.44,403.97,404.44,241,24020,0.1589
2025-08-27 10:25:00,24650,PE,1285.66,1298.65,1279.0,1296.34,325,25265,0.1573
2025-08-27 10:25:00,24700,CE,403.59,410.0,405.61,409.48,240,22816,0.1564
2025-08-27 10:25:00,24700,PE,1364.47,1413.5,1358.51,1363.9,207,23869,0.1607
2025-08-27 10:25:00,24750,CE,372.98,371.67,363.1,367.24,329,20231,0.1583
2025-08-27 10:25:00,24750,PE,1456.35,1436.79,1419.45,1433.22,101,22109,0.1586
2025-08-27 10:25:00,24800,CE,423.44,426.94,418.2,422.97,15,23914,0.1592
2025-08-27 10:25:00,24800,PE,1468.47,1484.65,1467.4,1478.93,71,20890,0.1618
2025-08-27 10:25:00,24850,CE,412.12,412.41,407.23,409.74,318,22028,0.1578
2025-08-27 10:25:00,24850,PE,1527.0,1529.07,1495.84,1522.61,144,24216,0.1621
2025-08-27 10:25:00,24900,CE,386.28,389.33,386.39,386.73,237,20796,0.1583
2025-08-27 10:25:00,24900,PE,1555.55,1569.66,1546.22,1559.39,184,21147,0.1596
2025-08-27 10:30:00,23500,CE,659.56,659.72,657.57,658.53,777,45132,0.1588
2025-08-27 10:30:00,23500,PE,400.14,408.82,399.68,406.38,769,48786,0.1635
2025-08-27 10:30:00,23550,CE,638.26,643.0,630.41,637.58,135,53854,0.1604
2025-08-27 10:30:00,23550,PE,432.03,434.41,428.94,432.05,635,55868,0.1644
2025-08-27 10:30:00,23600,CE,561.9,565.59,559.16,562.43,625,56036,0.1625
2025-08-27 10:30:00,23600,PE,405.11,405.94,405.23,405.86,492,57231,0.1597
2025-08-27 10:30:00,23650,CE,513.76,519.37,514.07,517.39,1135,59950,0.1645
2025-08-27 10:30:00,23650,PE,405.82,412.29,402.48,405.96,254,64587,0.1607
2025-08-27 10:30:00,23700,CE,471.49,473.22,464.66,469.13,865,69058,0.1598
2025-08-27 10:30:00,23700,PE,417.76,410.73,406.0,409.14,1380,70563,0.16
2025-08-27 10:30:00,23750,CE,408.72,424.84,416.89,417.1,1535,81484,0.1634
2025-08-27 10:30:00,23750,PE,396.32,389.61,387.65,388.99,484,76971,0.1633
2025-08-27 10:30:00,23800,CE,403.79,412.23,408.41,408.48,1247,79311,0.1624
2025-08-27 10:30:00,23800,PE,418.99,417.72,414.81,416.41,688,81388,0.1605
2025-08-27 10:30:00,23850,CE,409.92,414.54,408.09,408.58,474,67912,0.1615
2025-08-27 10:30:00,23850,PE,473.22,481.22,472.66,478.95,963,71285,0.161
2025-08-27 10:30:00,23900,CE,403.19,406.56,394.46,403.28,590,65493,0.1616
2025-08-27 10:30:00,23900,PE,552.82,569.84,561.15,562.08,379,61038,0.1628
2025-08-27 10:30:00,23950,CE,392.2,397.65,390.5,395.24,18,56749,0.161
2025-08-27 10:30:00,23950,PE,564.07,574.9,564.37,569.77,1031,60783,0.1593
2025-08-27 10:30:00,24000,CE,391.2,394.02,382.28,386.92,672,49979,0.1572
2025-08-27 10:30:00,24000,PE,625.24,632.66,622.06,623.5,835,51041,0.1619
2025-08-27 10:30:00,24050,CE,394.08,394.61,386.14,393.9,387,49191,0.1584
2025-08-27 10:30:00,24050,PE,698.19,692.03,683.05,690.0,826,47889,0.1585
2025-08-27 10:30:00,24100,CE,384.3,396.48,381.12,386.58,786,46598,0.1628
2025-08-27 10:30:00,24100,PE,739.01,738.21,728.71,730.72,667,47375,0.1599
2025-08-27 10:30:00,24150,CE,376.01,388.45,377.08,383.99,387,40574,0.1603
2025-08-27 10:30:00,24150,PE,783.04,788.9,781.45,783.44,305,40537,0.1588
2025-08-27 10:30:00,24200,CE,398.06,402.57,398.12,401.06,367,36985,0.1602
2025-08-27 10:30:00,24200,PE,818.05,843.17,822.15,827.36,345,38739,0.1629
2025-08-27 10:30:00,24250,CE,431.08,431.61,423.05,429.83,468,33723,0.1596
2025-08-27 10:30:00,24250,PE,901.69,908.82,896.87,900.31,567,42304,0.1584
2025-08-27 10:30:00,24300,CE,409.54,408.61,403.56,406.12,534,32067,0.1584
2025-08-27 10:30:00,24300,PE,936.2,945.48,930.22,936.34,67,31621,0.1597
2025-08-27 10:30:00,24350,CE,413.34,428.89,417.51,418.37,126,35989,0.1643
2025-08-27 10:30:00,24350,PE,958.48,963.09,950.91,953.08,238,29273,0.1585
2025-08-27 10:30:00,24400,CE,410.85,419.7,409.46,411.07,105,30746,0.1622
2025-08-27 10:30:00,24400,PE,1022.15,1023.34,1019.89,1020.38,501,32957,0.1609
2025-08-27 10:30:00,24450,CE,428.91,437.69,427.56,430.01,340,32030,0.1604
2025-08-27 10:30:00,24450,PE,1048.63,1066.67,1065.87,1066.58,192,28651,0.1605
2025-08-27 10:30:00,24500,CE,411.93,429.14,409.67,412.91,39,28080,0.1606
2025-08-27 10:30:00,24500,PE,1151.5,1177.09,1145.64,1145.99,337,28918,0.1619
2025-08-27 10:30:00,24550,CE,382.75,387.33,380.45,385.56,456,27111,0.1617
2025-08-27 10:30:00,24550,PE,1219.11,1235.2,1215.57,1221.57,439,22556,0.1617
2025-08-27 10:30:00,24600,CE,402.68,404.34,392.45,397.49,331,23660,0.1602
2025-08-27 10:30:00,24600,PE,1237.08,1244.5,1238.59,1239.87,75,25478,0.161
2025-08-27 10:30:00,24650,CE,403.45,401.26,398.6,401.23,396,24382,0.1614
2025-08-27 10:30:00,24650,PE,1294.37,1299.36,1285.19,1287.5,99,24869,0.1624
2025-08-27 10:30:00,24700,CE,421.98,430.72,424.56,424.68,143,22769,0.1616
2025-08-27 10:30:00,24700,PE,1356.98,1369.61,1336.62,1350.57,126,23376,0.1602
2025-08-27 10:30:00,24750,CE,408.65,413.58,406.4,407.68,200,20125,0.1578
2025-08-27 10:30:00,24750,PE,1386.48,1422.01,1374.13,1386.81,125,22500,0.1574
2025-08-27 10:30:00,24800,CE,409.03,414.52,407.27,410.57,115,24385,0.163
2025-08-27 10:30:00,24800,PE,1428.08,1443.99,1440.59,1441.34,10,20912,0.1638
2025-08-27 10:30:00,24850,CE,408.35,415.06,409.61,412.79,349,21771,0.1613
2025-08-27 10:30:00,24850,PE,1489.38,1517.78,1473.67,1486.79,242,24496,0.1587
2025-08-27 10:30:00,24900,CE,369.16,375.71,368.17,368.64,125,20962,0.1618
2025-08-27 10:30:00,24900,PE,1568.51,1596.76,1567.96,1569.79,233,21111,0.158
2025-08-27 10:35:00,23500,CE,677.43,685.07,673.66,679.64,364,45102,0.1617
2025-08-27 10:35:00,23500,PE,411.5,415.97,411.54,413.23,153,48777,0.1565
2025-08-27 10:35:00,23550,CE,589.49,598.96,589.26,591.72,349,53661,0.161
2025-08-27 10:35:00,23550,PE,404.85,411.77,400.33,406.33,268,55890,0.1597
2025-08-27 10:35:00,23600,CE,566.01,572.28,563.79,567.39,27,55504,0.1686
2025-08-27 10:35:00,23600,PE,390.14,399.05,391.78,392.04,257,57315,0.1621
2025-08-27 10:35:00,23650,CE,490.13,498.04,481.44,494.91,352,59945,0.1633
2025-08-27 10:35:00,23650,PE,412.65,422.24,412.06,413.89,212,64491,0.1596
2025-08-27 10:35:00,23700,CE,469.29,481.74,467.94,471.24,698,68846,0.1628
2025-08-27 10:35:00,23700,PE,407.03,417.29,413.39,413.65,98,70709,0.1624
2025-08-27 10:35:00,23750,CE,422.65,423.12,418.05,420.91,385,81465,0.1612
2025-08-27 10:35:00,23750,PE,403.93,408.83,401.4,402.47,1270,76492,0.1593
2025-08-27 10:35:00,23800,CE,380.15,382.58,378.9,381.65,1053,79160,0.1628
2025-08-27 10:35:00,23800,PE,467.06,472.5,463.21,467.21,787,80879,0.1585
2025-08-27 10:35:00,23850,CE,426.8,430.97,417.62,424.25,676,67767,0.1641
2025-08-27 10:35:00,23850,PE,508.38,521.53,512.52,513.42,255,71324,0.159
2025-08-27 10:35:00,23900,CE,402.0,409.55,399.54,405.97,772,65362,0.1604
2025-08-27 10:35:00,23900,PE,547.5,558.15,537.55,549.01,753,60847,0.1619
2025-08-27 10:35:00,23950,CE,415.43,421.9,416.99,419.73,877,56486,0.1612
2025-08-27 10:35:00,23950,PE,621.53,635.43,632.54,632.85,844,60641,0.1633
2025-08-27 10:35:00,24000,CE,385.11,388.23,385.49,387.56,538,49462,0.1616
2025-08-27 10:35:00,24000,PE,638.76,645.76,633.76,637.48,85,51633,0.1607
2025-08-27 10:35:00,24050,CE,419.59,427.85,422.62,423.47,20,49257,0.1604
2025-08-27 10:35:00,24050,PE,686.89,697.58,674.98,687.78,405,48052,0.1592
2025-08-27 10:35:00,24100,CE,419.26,423.49,421.68,422.4,16,46217,0.1609
2025-08-27 10:35:00,24100,PE,741.67,757.38,735.59,743.72,279,47883,0.1588
2025-08-27 10:35:00,24150,CE,436.75,445.89,434.14,437.53,266,40659,0.1639
2025-08-27 10:35:00,24150,PE,826.13,839.09,826.24,833.31,429,40434,0.1617
2025-08-27 10:35:00,24200,CE,393.6,402.74,397.43,401.08,573,37240,0.1583
2025-08-27 10:35:00,24200,PE,894.8,895.36,881.09,895.1,312,38504,0.1632
2025-08-27 10:35:00,24250,CE,396.74,401.39,399.47,400.74,186,34244,0.1636
2025-08-27 10:35:00,24250,PE,916.32,920.33,909.84,916.37,90,41907,0.1648
2025-08-27 10:35:00,24300,CE,428.91,434.29,422.78,426.23,166,32466,0.1602
2025-08-27 10:35:00,24300,PE,922.42,925.8,919.77,920.16,420,32180,0.161
2025-08-27 10:35:00,24350,CE,409.14,416.79,409.55,410.27,415,35979,0.1614
2025-08-27 10:35:00,24350,PE,1005.96,1016.08,1000.91,1005.83,32,29724,0.1601
2025-08-27 10:35:00,24400,CE,412.28,418.31,407.94,411.94,364,30231,0.1594
2025-08-27 10:35:00,24400,PE,1063.18,1068.02,1056.78,1064.5,525,33101,0.1648
2025-08-27 10:35:00,24450,CE,376.73,385.99,378.83,381.0,321,31857,0.16
2025-08-27 10:35:00,24450,PE,1076.41,1084.8,1064.06,1073.15,175,28488,0.1595
2025-08-27 10:35:00,24500,CE,418.67,420.15,412.86,419.23,31,28020,0.1631
2025-08-27 10:35:00,24500,PE,1153.82,1149.43,1142.7,1147.41,37,29034,0.157
2025-08-27 10:35:00,24550,CE,419.1,427.9,422.74,425.23,102,27250,0.1601
2025-08-27 10:35:00,24550,PE,1219.46,1223.31,1184.67,1209.23,178,22289,0.1614
2025-08-27 10:35:00,24600,CE,397.28,396.85,390.79,391.9,70,23520,0.1568
2025-08-27 10:35:00,24600,PE,1257.31,1258.27,1245.05,1255.13,37,25177,0.1563
2025-08-27 10:35:00,24650,CE,416.05,421.7,413.11,417.3,201,24541,0.1602
2025-08-27 10:35:00,24650,PE,1339.27,1336.16,1324.74,1335.6,199,24391,0.162
2025-08-27 10:35:00,24700,CE,397.23,409.67,402.71,404.07,296,22677,0.1614
2025-08-27 10:35:00,24700,PE,1327.31,1364.4,1313.97,1326.32,258,23950,0.1595
2025-08-27 10:35:00,24750,CE,425.45,431.6,418.88,427.47,25,20711,0.1593
2025-08-27 10:35:00,24750,PE,1420.82,1429.94,1417.63,1418.77,373,22521,0.1604
2025-08-27 10:35:00,24800,CE,407.5,420.14,404.13,413.52,16,24081,0.1592
2025-08-27 10:35:00,24800,PE,1474.79,1472.8,1453.66,1457.66,90,21012,0.1598
2025-08-27 10:35:00,24850,CE,420.1,423.71,417.76,420.48,253,21757,0.1609
2025-08-27 10:35:00,24850,PE,1451.35,1475.18,1456.21,1473.64,133,23946,0.1603
2025-08-27 10:35:00,24900,CE,441.26,449.36,429.48,438.36,329,21548,0.1602
2025-08-27 10:35:00,24900,PE,1546.72,1575.74,1564.34,1572.97,17,20903,0.1617
2025-08-27 10:40:00,23500,CE,639.25,652.07,645.93,651.71,939,44981,0.1603
2025-08-27 10:40:00,23500,PE,399.14,400.68,394.56,395.81,601,48793,0.1587
2025-08-27 10:40:00,23550,CE,607.53,610.65,605.12,609.16,675,54117,0.1619
2025-08-27 10:40:00,23550,PE,403.48,405.54,393.97,400.41,412,56248,0.1599
2025-08-27 10:40:00,23600,CE,547.21,545.63,536.05,540.55,549,55150,0.1623
2025-08-27 10:40:00,23600,PE,410.9,406.73,402.91,403.78,106,57574,0.1627
2025-08-27 10:40:00,23650,CE,505.47,514.24,510.44,513.0,816,60394,0.1605
2025-08-27 10:40:00,23650,PE,416.36,421.35,412.91,419.75,332,64748,0.1623
2025-08-27 10:40:00,23700,CE,459.59,464.13,453.36,453.74,61,68413,0.1621
2025-08-27 10:40:00,23700,PE,377.32,386.86,379.37,381.45,930,70755,0.1576
2025-08-27 10:40:00,23750,CE,395.11,409.72,399.02,400.59,1059,81871,0.1665
2025-08-27 10:40:00,23750,PE,414.93,415.87,409.5,414.43,1479,76126,0.1587
2025-08-27 10:40:00,23800,CE,418.7,422.72,413.0,418.85,324,79206,0.1637
2025-08-27 10:40:00,23800,PE,436.14,456.32,440.02,441.57,1440,81082,0.1587
2025-08-27 10:40:00,23850,CE,423.45,418.91,415.19,417.04,209,67929,0.1624
2025-08-27 10:40:00,23850,PE,504.59,515.39,496.14,500.64,456,70851,0.1584
2025-08-27 10:40:00,23900,CE,403.42,415.27,408.45,408.7,828,65094,0.1601
2025-08-27 10:40:00,23900,PE,563.06,580.97,566.44,574.16,901,60909,0.1594
2025-08-27 10:40:00,23950,CE,432.62,437.96,435.45,437.58,472,56136,0.159
2025-08-27 10:40:00,23950,PE,591.64,601.02,594.61,595.01,314,60441,0.1635
2025-08-27 10:40:00,24000,CE,389.32,399.5,388.9,391.08,655,49360,0.1604
2025-08-27 10:40:00,24000,PE,683.15,681.58,675.4,681.18,46,51049,0.1623
2025-08-27 10:40:00,24050,CE,451.09,449.69,443.65,448.99,245,49269,0.1621
2025-08-27 10:40:00,24050,PE,726.41,727.08,716.09,719.39,295,48645,0.1603
2025-08-27 10:40:00,24100,CE,387.38,390.22,383.34,385.3,192,46106,0.1602
2025-08-27 10:40:00,24100,PE,770.22,766.34,761.97,764.72,321,47612,0.162
2025-08-27 10:40:00,24150,CE,351.76,355.79,349.02,351.32,647,40362,0.1605
2025-08-27 10:40:00,24150,PE,783.94,780.58,756.76,771.75,19,40452,0.1598
2025-08-27 10:40:00,24200,CE,401.93,406.08,401.19,401.52,437,37187,0.1597
2025-08-27 10:40:00,24200,PE,850.9,841.28,825.64,839.06,293,38938,0.1562
2025-08-27 10:40:00,24250,CE,381.59,391.41,379.19,383.04,245,34411,0.1584
2025-08-27 10:40:00,24250,PE,891.87,906.93,879.94,892.84,536,41785,0.1599
2025-08-27 10:40:00,24300,CE,375.79,374.81,372.06,373.04,328,32328,0.1597
2025-08-27 10:40:00,24300,PE,942.06,954.58,931.81,943.41,372,32236,0.1611
2025-08-27 10:40:00,24350,CE,428.12,428.98,414.78,423.47,484,35683,0.1587
2025-08-27 10:40:00,24350,PE,1013.62,1010.26,998.52,1009.14,99,29631,0.159
2025-08-27 10:40:00,24400,CE,403.11,404.41,396.08,402.71,331,29973,0.1603
2025-08-27 10:40:00,24400,PE,1054.38,1063.15,1026.39,1050.42,534,33119,0.1618
2025-08-27 10:40:00,24450,CE,434.03,438.25,431.5,432.08,414,31912,0.1603
2025-08-27 10:40:00,24450,PE,1095.77,1121.39,1074.73,1096.05,204,28904,0.163
2025-08-27 10:40:00,24500,CE,385.62,389.28,386.2,386.34,82,27721,0.1608
2025-08-27 10:40:00,24500,PE,1155.8,1165.83,1158.3,1165.41,372,29519,0.1596
2025-08-27 10:40:00,24550,CE,426.19,443.51,430.0,431.18,139,27292,0.1593
2025-08-27 10:40:00,24550,PE,1208.28,1227.72,1195.48,1210.06,228,22561,0.1598
2025-08-27 10:40:00,24600,CE,404.56,411.02,406.22,409.28,223,23654,0.1609
2025-08-27 10:40:00,24600,PE,1288.45,1321.94,1285.54,1294.89,297,25571,0.1614
2025-08-27 10:40:00,24650,CE,403.42,408.74,404.19,406.45,64,24736,0.1617
2025-08-27 10:40:00,24650,PE,1285.16,1295.52,1277.72,1292.72,81,23804,0.1606
2025-08-27 10:40:00,24700,CE,415.84,416.89,408.41,410.88,292,22545,0.1588
2025-08-27 10:40:00,24700,PE,1390.93,1372.73,1370.88,1372.61,292,24476,0.1633
2025-08-27 10:40:00,24750,CE,408.28,415.04,411.99,412.19,55,20652,0.1609
2025-08-27 10:40:00,24750,PE,1394.33,1422.75,1394.71,1408.12,44,22915,0.1606
2025-08-27 10:40:00,24800,CE,390.19,398.53,389.25,392.88,375,24523,0.1615
2025-08-27 10:40:00,24800,PE,1472.35,1502.08,1468.69,1470.99,372,20811,0.1628
2025-08-27 10:40:00,24850,CE,398.11,406.21,399.68,404.26,104,22186,0.1611
2025-08-27 10:40:00,24850,PE,1489.3,1513.94,1478.74,1493.88,237,23798,0.157
2025-08-27 10:40:00,24900,CE,389.38,395.29,393.02,393.98,77,20978,0.1595
2025-08-27 10:40:00,24900,PE,1543.46,1592.97,1543.97,1546.23,18,21136,0.1618
2025-08-27 10:45:00,23500,CE,732.15,742.32,729.84,738.94,236,45365,0.1624
2025-08-27 10:45:00,23500,PE,384.45,393.0,382.62,386.72,726,48734,0.1586
2025-08-27 10:45:00,23550,CE,683.49,692.52,679.91,681.66,291,53725,0.1617
2025-08-27 10:45:00,23550,PE,394.27,401.24,391.94,396.09,251,56386,0.1625
2025-08-27 10:45:00,23600,CE,600.33,614.15,595.4,598.53,785,55435,0.1624
2025-08-27 10:45:00,23600,PE,400.61,399.85,388.54,397.35,990,57759,0.1604
2025-08-27 10:45:00,23650,CE,577.53,587.72,572.75,576.7,594,60220,0.1629
2025-08-27 10:45:00,23650,PE,421.33,428.79,419.33,424.9,400,64589,0.1606
2025-08-27 10:45:00,23700,CE,524.91,533.07,519.07,522.58,1147,68471,0.1657
2025-08-27 10:45:00,23700,PE,405.04,410.69,403.2,405.68,304,70387,0.1656
2025-08-27 10:45:00,23750,CE,470.33,474.19,467.79,468.84,66,82286,0.1626
2025-08-27 10:45:00,23750,PE,387.84,396.94,387.86,391.59,347,75648,0.1616
2025-08-27 10:45:00,23800,CE,385.82,385.99,381.98,384.89,530,79189,0.1601
2025-08-27 10:45:00,23800,PE,403.52,397.51,393.77,396.46,1691,81513,0.1613
2025-08-27 10:45:00,23850,CE,423.81,420.13,412.83,415.76,286,67964,0.1586
2025-08-27 10:45:00,23850,PE,460.93,460.09,444.36,455.9,1284,71164,0.1612
2025-08-27 10:45:00,23900,CE,459.57,453.07,451.36,452.37,643,64781,0.1601
2025-08-27 10:45:00,23900,PE,491.48,498.1,486.75,493.77,1060,60843,0.1609
2025-08-27 10:45:00,23950,CE,411.16,411.16,405.51,407.94,295,56391,0.1623
2025-08-27 10:45:00,23950,PE,565.04,575.21,563.18,568.21,1048,60906,0.162
2025-08-27 10:45:00,24000,CE,425.74,429.89,421.26,425.31,994,49531,0.1584
2025-08-27 10:45:00,24000,PE,620.73,630.83,616.61,619.7,817,50740,0.1609
2025-08-27 10:45:00,24050,CE,426.96,425.82,424.42,424.48,321,48844,0.159
2025-08-27 10:45:00,24050,PE,647.65,649.13,634.92,643.77,92,49054,0.1623
2025-08-27 10:45:00,24100,CE,410.77,405.51,400.74,403.52,407,46170,0.1623
2025-08-27 10:45:00,24100,PE,720.69,729.64,720.46,723.35,89,47232,0.1621
2025-08-27 10:45:00,24150,CE,407.89,413.29,407.94,409.5,73,40344,0.163
2025-08-27 10:45:00,24150,PE,759.74,753.7,746.0,747.9,472,40003,0.1563
2025-08-27 10:45:00,24200,CE,370.36,376.26,371.82,374.17,530,36713,0.1539
2025-08-27 10:45:00,24200,PE,781.76,798.81,784.73,790.23,626,39441,0.1577
2025-08-27 10:45:00,24250,CE,429.16,431.27,426.17,426.84,447,34464,0.1627
2025-08-27 10:45:00,24250,PE,861.32,857.42,848.23,852.96,509,41483,0.1599
2025-08-27 10:45:00,24300,CE,434.49,441.12,433.99,437.73,597,32785,0.1628
2025-08-27 10:45:00,24300,PE,892.8,891.6,889.58,890.72,453,32834,0.1593
2025-08-27 10:45:00,24350,CE,408.17,405.16,403.44,403.46,191,36144,0.1606
2025-08-27 10:45:00,24350,PE,928.3,943.53,938.23,940.06,30,29928,0.1587
2025-08-27 10:45:00,24400,CE,410.41,420.41,404.81,411.39,172,30527,0.1608
2025-08-27 10:45:00,24400,PE,1014.2,1029.93,1005.74,1020.98,329,32755,0.1604
2025-08-27 10:45:00,24450,CE,423.78,429.64,421.51,423.51,176,32365,0.1588
2025-08-27 10:45:00,24450,PE,1092.02,1082.84,1070.47,1075.02,438,28734,0.1603
2025-08-27 10:45:00,24500,CE,402.85,403.56,401.18,402.13,141,27159,0.1622
2025-08-27 10:45:00,24500,PE,1110.05,1122.75,1099.92,1113.23,70,28957,0.1605
2025-08-27 10:45:00,24550,CE,424.73,422.29,415.91,418.93,166,26917,0.1587
2025-08-27 10:45:00,24550,PE,1170.59,1176.16,1155.84,1165.49,17,22896,0.1596
2025-08-27 10:45:00,24600,CE,439.86,451.32,441.81,443.06,411,24130,0.1613
2025-08-27 10:45:00,24600,PE,1220.27,1229.48,1214.75,1222.02,391,25124,0.1632
2025-08-27 10:45:00,24650,CE,415.25,425.88,412.85,420.85,79,25150,0.164
2025-08-27 10:45:00,24650,PE,1260.67,1269.59,1238.3,1251.37,13,24110,0.159
2025-08-27 10:45:00,24700,CE,402.7,408.68,403.25,403.56,59,22007,0.1588
2025-08-27 10:45:00,24700,PE,1281.07,1302.51,1286.74,1290.02,334,24753,0.1602
2025-08-27 10:45:00,24750,CE,444.56,459.56,444.94,447.95,40,20098,0.1619
2025-08-27 10:45:00,24750,PE,1366.9,1366.45,1350.11,1359.54,362,22630,0.1586
2025-08-27 10:45:00,24800,CE,425.14,427.9,422.11,423.55,381,24560,0.1646
2025-08-27 10:45:00,24800,PE,1435.68,1421.7,1402.42,1419.6,384,21302,0.1606
2025-08-27 10:45:00,24850,CE,413.33,417.17,411.0,414.66,235,21712,0.1574
2025-08-27 10:45:00,24850,PE,1488.4,1481.15,1469.8,1474.06,340,23615,0.1627
2025-08-27 10:45:00,24900,CE,425.35,423.73,421.57,422.45,96,21070,0.1572
2025-08-27 10:45:00,24900,PE,1507.62,1520.26,1494.86,1502.38,134,21424,0.1608
2025-08-27 10:50:00,23500,CE,692.96,690.15,684.2,689.94,246,45863,0.163
2025-08-27 10:50:00,23500,PE,432.39,431.64,426.32,431.47,101,48696,0.1611
2025-08-27 10:50:00,23550,CE,668.52,671.6,666.93,667.24,939,54134,0.1619
2025-08-27 10:50:00,23550,PE,420.12,425.05,417.63,420.7,804,56526,0.1604
2025-08-27 10:50:00,23600,CE,593.65,608.41,579.1,592.13,624,55079,0.1593
2025-08-27 10:50:00,23600,PE,442.21,449.04,439.15,442.76,335,57854,0.16
2025-08-27 10:50:00,23650,CE,521.49,521.25,513.12,518.79,386,59996,0.1586
2025-08-27 10:50:00,23650,PE,432.79,430.5,421.09,426.38,831,64833,0.1605
2025-08-27 10:50:00,23700,CE,507.23,510.03,503.02,504.31,697,68212,0.1633
2025-08-27 10:50:00,23700,PE,389.11,396.53,384.26,391.92,262,70102,0.1626
2025-08-27 10:50:00,23750,CE,451.52,457.51,447.51,450.73,546,82820,0.1604
2025-08-27 10:50:00,23750,PE,369.79,370.9,368.41,369.49,535,76138,0.1608
2025-08-27 10:50:00,23800,CE,413.14,414.3,410.85,413.04,928,79131,0.1585
2025-08-27 10:50:00,23800,PE,418.74,431.26,421.0,422.98,475,81831,0.165
2025-08-27 10:50:00,23850,CE,424.89,429.79,420.64,425.44,1227,68542,0.1633
2025-08-27 10:50:00,23850,PE,490.72,502.48,486.6,487.31,1196,70670,0.1623
2025-08-27 10:50:00,23900,CE,412.21,412.61,410.42,410.86,1117,64908,0.1615
2025-08-27 10:50:00,23900,PE,541.64,549.5,537.71,541.37,661,60547,0.161
2025-08-27 10:50:00,23950,CE,415.28,420.41,417.67,419.89,579,56751,0.1628
2025-08-27 10:50:00,23950,PE,562.05,566.47,558.19,561.91,670,60427,0.1607
2025-08-27 10:50:00,24000,CE,428.12,426.53,424.98,425.53,768,49877,0.1609
2025-08-27 10:50:00,24000,PE,617.35,616.14,613.94,614.09,685,50380,0.1605
2025-08-27 10:50:00,24050,CE,416.14,412.19,407.93,411.91,281,48791,0.1635
2025-08-27 10:50:00,24050,PE,663.1,677.3,666.89,671.78,800,49430,0.1619
2025-08-27 10:50:00,24100,CE,448.18,447.0,437.85,441.07,92,45650,0.1594
2025-08-27 10:50:00,24100,PE,776.03,771.65,765.13,769.96,54,47745,0.1613
2025-08-27 10:50:00,24150,CE,428.83,426.82,418.82,425.01,671,40004,0.1604
2025-08-27 10:50:00,24150,PE,787.56,804.12,786.33,788.46,712,40003,0.1607
2025-08-27 10:50:00,24200,CE,385.98,386.68,385.34,385.94,233,36994,0.1609
2025-08-27 10:50:00,24200,PE,800.52,803.57,790.35,798.18,60,38989,0.1569
2025-08-27 10:50:00,24250,CE,406.02,412.76,402.59,403.74,180,34594,0.155
2025-08-27 10:50:00,24250,PE,868.29,879.2,859.58,879.1,565,41501,0.1624
2025-08-27 10:50:00,24300,CE,397.49,400.05,394.4,395.74,282,32888,0.1586
2025-08-27 10:50:00,24300,PE,944.26,967.57,950.8,955.79,17,33028,0.1608
2025-08-27 10:50:00,24350,CE,440.67,435.59,430.91,434.23,478,36048,0.1603
2025-08-27 10:50:00,24350,PE,996.03,1022.83,977.45,992.13,387,29686,0.1616
2025-08-27 10:50:00,24400,CE,407.2,406.72,402.3,406.16,524,30147,0.1606
2025-08-27 10:50:00,24400,PE,1057.7,1071.03,1045.65,1053.11,84,33281,0.1569
2025-08-27 10:50:00,24450,CE,406.01,406.07,405.3,405.84,272,32246,0.1595
2025-08-27 10:50:00,24450,PE,1055.54,1063.68,1031.81,1045.49,433,28472,0.1629
2025-08-27 10:50:00,24500,CE,451.2,453.49,445.97,446.95,154,26622,0.1602
2025-08-27 10:50:00,24500,PE,1127.21,1128.73,1112.85,1114.83,264,29258,0.1608
2025-08-27 10:50:00,24550,CE,407.13,405.57,405.05,405.17,472,26950,0.1583
2025-08-27 10:50:00,24550,PE,1192.13,1223.66,1183.61,1196.48,43,22525,0.1642
2025-08-27 10:50:00,24600,CE,405.78,404.44,400.89,404.07,134,24602,0.1592
2025-08-27 10:50:00,24600,PE,1229.49,1231.97,1217.02,1227.94,268,25644,0.1585
2025-08-27 10:50:00,24650,CE,453.37,455.58,450.14,450.45,370,25606,0.1632
2025-08-27 10:50:00,24650,PE,1260.06,1267.64,1257.02,1266.61,127,24183,0.1599
2025-08-27 10:50:00,24700,CE,407.72,408.87,403.81,408.72,31,21854,0.1583
2025-08-27 10:50:00,24700,PE,1367.36,1372.42,1348.92,1357.85,135,24347,0.1595
2025-08-27 10:50:00,24750,CE,422.33,425.14,423.37,424.82,31,19950,0.1582
2025-08-27 10:50:00,24750,PE,1380.15,1401.26,1374.32,1376.86,34,22764,0.1651
2025-08-27 10:50:00,24800,CE,402.79,406.47,401.48,405.79,111,24231,0.1603
2025-08-27 10:50:00,24800,PE,1429.31,1470.09,1431.64,1443.03,48,21258,0.1627
2025-08-27 10:50:00,24850,CE,427.05,433.65,427.6,429.34,67,21799,0.161
2025-08-27 10:50:00,24850,PE,1464.7,1477.16,1462.04,1463.9,366,23892,0.1587
2025-08-27 10:50:00,24900,CE,403.13,409.72,399.1,402.47,46,20579,0.1603
2025-08-27 10:50:00,24900,PE,1530.21,1536.78,1514.8,1530.23,314,21864,0.1608
2025-08-27 10:55:00,23500,CE,701.77,710.94,700.46,706.69,341,45810,0.1634
2025-08-27 10:55:00,23500,PE,396.67,396.04,391.55,392.95,354,48794,0.1617
2025-08-27 10:55:00,23550,CE,604.03,611.03,600.78,604.75,223,54662,0.1591
2025-08-27 10:55:00,23550,PE,410.26,410.3,406.06,406.51,416,56127,0.1624
2025-08-27 10:55:00,23600,CE,589.37,588.44,580.78,586.81,350,55540,0.1638
2025-08-27 10:55:00,23600,PE,406.35,411.09,403.88,409.63,337,58219,0.1598
2025-08-27 10:55:00,23650,CE,477.3,486.39,481.55,482.62,972,60588,0.159
2025-08-27 10:55:00,23650,PE,420.06,426.07,419.39,419.62,211,64704,0.1588
2025-08-27 10:55:00,23700,CE,482.07,491.13,479.86,484.21,1220,67764,0.1633
2025-08-27 10:55:00,23700,PE,427.18,435.57,427.45,427.89,72,69519,0.1606
2025-08-27 10:55:00,23750,CE,418.04,418.17,414.68,416.5,164,83171,0.1604
2025-08-27 10:55:00,23750,PE,389.57,390.25,383.22,389.43,607,75701,0.1587
2025-08-27 10:55:00,23800,CE,387.94,396.16,386.06,388.01,1142,78898,0.1571
2025-08-27 10:55:00,23800,PE,405.08,411.02,403.65,404.64,246,82415,0.1596
2025-08-27 10:55:00,23850,CE,397.61,405.48,396.5,397.72,820,68472,0.1575
2025-08-27 10:55:00,23850,PE,497.12,504.79,493.51,499.61,1281,70347,0.1614
2025-08-27 10:55:00,23900,CE,376.77,379.17,369.0,374.62,727,65211,0.1597
2025-08-27 10:55:00,23900,PE,540.62,552.99,538.49,541.19,27,60272,0.1611
2025-08-27 10:55:00,23950,CE,411.62,415.0,410.59,412.49,120,56788,0.1632
2025-08-27 10:55:00,23950,PE,608.31,608.52,605.95,608.49,745,60015,0.1589
2025-08-27 10:55:00,24000,CE,441.84,446.63,432.83,440.04,153,49829,0.1636
2025-08-27 10:55:00,24000,PE,609.54,620.16,615.46,615.62,398,49910,0.159
2025-08-27 10:55:00,24050,CE,422.15,430.3,422.64,425.47,613,49118,0.1585
2025-08-27 10:55:00,24050,PE,725.18,736.02,723.67,724.85,390,49268,0.1625
2025-08-27 10:55:00,24100,CE,409.72,418.49,410.95,413.72,142,45432,0.1611
2025-08-27 10:55:00,24100,PE,737.01,742.56,727.99,737.12,422,48337,0.1615
2025-08-27 10:55:00,24150,CE,445.42,456.36,443.82,446.24,150,40399,0.1624
2025-08-27 10:55:00,24150,PE,785.04,787.94,782.4,782.77,386,40067,0.1593
2025-08-27 10:55:00,24200,CE,409.41,413.35,402.12,408.82,219,37527,0.1595
2025-08-27 10:55:00,24200,PE,850.9,860.36,849.99,856.74,55,38642,0.1618
2025-08-27 10:55:00,24250,CE,415.82,419.65,414.73,416.41,216,34682,0.1605
2025-08-27 10:55:00,24250,PE,902.49,898.16,881.26,897.37,284,42015,0.1618
2025-08-27 10:55:00,24300,CE,399.01,406.87,400.26,401.85,122,32971,0.1622
2025-08-27 10:55:00,24300,PE,964.52,975.88,949.21,965.72,304,32797,0.1607
2025-08-27 10:55:00,24350,CE,428.85,432.27,421.16,427.05,22,36421,0.1575
2025-08-27 10:55:00,24350,PE,964.24,979.35,970.78,977.12,124,29252,0.1628
2025-08-27 10:55:00,24400,CE,420.33,428.61,422.96,423.02,317,29729,0.1589
2025-08-27 10:55:00,24400,PE,1061.2,1060.24,1031.13,1043.95,354,33558,0.1613
2025-08-27 10:55:00,24450,CE,398.19,406.96,393.2,398.26,126,31729,0.1597
2025-08-27 10:55:00,24450,PE,1138.95,1149.13,1117.54,1125.88,58,27932,0.1627
2025-08-27 10:55:00,24500,CE,388.12,397.5,386.73,388.08,243,26476,0.1585
2025-08-27 10:55:00,24500,PE,1137.63,1131.75,1122.77,1131.13,386,29135,0.1587
2025-08-27 10:55:00,24550,CE,385.24,388.53,382.94,383.58,309,26913,0.1619
2025-08-27 10:55:00,24550,PE,1162.43,1186.93,1158.12,1165.42,206,22813,0.1609
2025-08-27 10:55:00,24600,CE,377.91,381.51,376.18,377.34,232,24684,0.159
2025-08-27 10:55:00,24600,PE,1216.67,1237.32,1213.37,1224.47,206,25900,0.1582
2025-08-27 10:55:00,24650,CE,415.05,416.62,406.1,412.4,136,25065,0.1591
2025-08-27 10:55:00,24650,PE,1302.39,1336.78,1298.37,1313.84,186,23961,0.1624
2025-08-27 10:55:00,24700,CE,439.89,443.75,434.76,438.09,371,22413,0.1594
2025-08-27 10:55:00,24700,PE,1334.05,1331.32,1310.13,1330.01,95,24260,0.16
2025-08-27 10:55:00,24750,CE,394.19,395.59,392.3,393.98,175,19616,0.1598
2025-08-27 10:55:00,24750,PE,1399.46,1415.03,1402.48,1409.12,10,23354,0.1594
2025-08-27 10:55:00,24800,CE,432.24,436.75,421.38,426.27,251,24124,0.1626
2025-08-27 10:55:00,24800,PE,1431.81,1430.71,1425.76,1427.04,75,21232,0.159
2025-08-27 10:55:00,24850,CE,367.14,369.25,361.9,367.5,104,21467,0.1613
2025-08-27 10:55:00,24850,PE,1483.12,1492.95,1488.13,1488.64,352,24079,0.1591
2025-08-27 10:55:00,24900,CE,431.58,427.27,421.05,426.68,113,20227,0.162
2025-08-27 10:55:00,24900,PE,1502.77,1555.54,1511.5,1517.06,273,21995,0.1579
2025-08-27 11:00:00,23500,CE,762.94,753.28,736.91,752.35,699,46118,0.1579
2025-08-27 11:00:00,23500,PE,417.25,426.22,412.49,415.8,336,48976,0.1597
2025-08-27 11:00:00,23550,CE,712.01,718.68,709.51,709.72,347,54170,0.1625
2025-08-27 11:00:00,23550,PE,410.47,408.83,408.24,408.63,42,55622,0.1611
2025-08-27 11:00:00,23600,CE,652.46,648.65,641.79,646.92,898,55950,0.1634
2025-08-27 11:00:00,23600,PE,393.09,395.16,390.22,393.5,391,58704,0.1593
2025-08-27 11:00:00,23650,CE,612.54,615.91,604.55,611.48,802,60150,0.1609
2025-08-27 11:00:00,23650,PE,401.89,401.88,392.86,401.6,257,64554,0.1638
2025-08-27 11:00:00,23700,CE,512.38,516.61,506.45,512.29,979,67948,0.1632
2025-08-27 11:00:00,23700,PE,394.23,398.37,391.38,396.51,488,69921,0.1605
2025-08-27 11:00:00,23750,CE,521.4,519.42,512.66,516.46,463,83661,0.1632
2025-08-27 11:00:00,23750,PE,427.42,426.05,416.66,423.58,1001,75939,0.1604
2025-08-27 11:00:00,23800,CE,464.2,469.88,460.71,465.6,164,78474,0.164
2025-08-27 11:00:00,23800,PE,412.85,416.79,404.99,412.04,1574,82737,0.1617
2025-08-27 11:00:00,23850,CE,409.17,416.83,401.07,405.35,459,68902,0.1592
2025-08-27 11:00:00,23850,PE,424.36,427.31,420.48,421.58,544,70168,0.1589
2025-08-27 11:00:00,23900,CE,419.77,424.65,417.79,419.91,459,65203,0.164
2025-08-27 11:00:00,23900,PE,478.39,485.58,477.63,478.19,1115,59871,0.1604
2025-08-27 11:00:00,23950,CE,421.0,423.06,412.74,416.82,1230,56553,0.1608
2025-08-27 11:00:00,23950,PE,528.05,544.59,527.75,527.84,1231,60458,0.1588
2025-08-27 11:00:00,24000,CE,444.77,446.8,442.97,444.53,626,49335,0.1612
2025-08-27 11:00:00,24000,PE,571.61,565.66,555.64,564.56,654,50224,0.1573
2025-08-27 11:00:00,24050,CE,416.03,416.98,411.38,416.29,995,48635,0.1587
2025-08-27 11:00:00,24050,PE,605.18,615.14,610.9,611.26,759,49019,0.1601
2025-08-27 11:00:00,24100,CE,390.89,392.39,384.75,389.45,693,45530,0.1605
2025-08-27 11:00:00,24100,PE,684.06,682.82,673.02,678.4,799,47740,0.1603
2025-08-27 11:00:00,24150,CE,441.56,446.65,435.5,441.79,432,40609,0.162
2025-08-27 11:00:00,24150,PE,714.95,753.05,723.49,726.35,328,39846,0.1593
2025-08-27 11:00:00,24200,CE,419.39,426.01,418.92,419.76,262,37825,0.1645
2025-08-27 11:00:00,24200,PE,768.9,774.48,771.47,771.51,171,39212,0.162
2025-08-27 11:00:00,24250,CE,393.55,394.43,390.87,394.41,160,34581,0.1632
2025-08-27 11:00:00,24250,PE,832.93,840.74,820.68,825.05,716,41450,0.1619
2025-08-27 11:00:00,24300,CE,402.78,402.22,389.84,396.75,233,33389,0.1646
2025-08-27 11:00:00,24300,PE,885.65,903.38,880.45,892.43,220,32526,0.1628
2025-08-27 11:00:00,24350,CE,389.43,388.37,383.83,386.48,10,35999,0.157
2025-08-27 11:00:00,24350,PE,940.99,940.57,933.8,935.47,131,29707,0.1634
2025-08-27 11:00:00,24400,CE,384.05,385.19,382.55,383.69,328,29408,0.1604
2025-08-27 11:00:00,24400,PE,962.79,967.95,949.57,962.29,481,33684,0.1582
2025-08-27 11:00:00,24450,CE,424.35,432.37,409.73,423.23,182,31433,0.16
2025-08-27 11:00:00,24450,PE,994.58,1011.24,996.1,1003.89,130,28186,0.1581
2025-08-27 11:00:00,24500,CE,387.02,388.57,375.86,381.18,381,26654,0.1649
2025-08-27 11:00:00,24500,PE,1070.7,1077.39,1070.93,1072.39,241,29146,0.1624
2025-08-27 11:00:00,24550,CE,417.31,418.53,416.09,418.28,452,26979,0.1575
2025-08-27 11:00:00,24550,PE,1135.83,1139.82,1110.63,1129.53,312,22485,0.1594
2025-08-27 11:00:00,24600,CE,394.93,402.69,399.37,399.46,222,24110,0.1602
2025-08-27 11:00:00,24600,PE,1173.23,1174.16,1168.5,1172.36,225,26260,0.1599
2025-08-27 11:00:00,24650,CE,379.05,376.97,370.8,375.59,309,25532,0.1583
2025-08-27 11:00:00,24650,PE,1243.83,1252.49,1220.81,1240.58,160,24294,0.1645
2025-08-27 11:00:00,24700,CE,402.54,401.08,393.8,400.63,322,22662,0.1595
2025-08-27 11:00:00,24700,PE,1260.59,1261.4,1241.96,1260.86,350,24226,0.1645
2025-08-27 11:00:00,24750,CE,438.4,445.48,430.25,435.18,147,19716,0.1604
2025-08-27 11:00:00,24750,PE,1336.75,1351.19,1328.22,1341.5,165,23583,0.1617
2025-08-27 11:00:00,24800,CE,417.32,424.22,410.62,416.46,349,23555,0.1592
2025-08-27 11:00:00,24800,PE,1408.19,1416.22,1386.18,1393.19,252,21140,0.1594
2025-08-27 11:00:00,24850,CE,408.99,415.96,406.34,406.86,46,21136,0.1622
2025-08-27 11:00:00,24850,PE,1407.01,1430.02,1390.38,1406.14,320,23916,0.1594
2025-08-27 11:00:00,24900,CE,405.72,406.46,401.74,404.92,38,20526,0.1584
2025-08-27 11:00:00,24900,PE,1449.6,1451.26,1445.18,1446.8,92,21831,0.1586
2025-08-27 11:05:00,23500,CE,736.71,742.65,728.63,735.99,170,46404,0.1605
2025-08-27 11:05:00,23500,PE,386.74,393.91,385.99,391.12,748,49542,0.1596
2025-08-27 11:05:00,23550,CE,675.66,692.82,671.47,675.43,79,54678,0.1601
2025-08-27 11:05:00,23550,PE,419.86,425.98,416.13,419.06,567,56015,0.159
2025-08-27 11:05:00,23600,CE,633.75,639.11,629.97,633.29,87,56373,0.1594
2025-08-27 11:05:00,23600,PE,396.59,397.56,396.08,396.24,328,58576,0.1643
2025-08-27 11:05:00,23650,CE,605.66,603.7,591.16,597.53,965,60427,0.1621
2025-08-27 11:05:00,23650,PE,397.98,399.01,396.41,398.42,559,64754,0.1584
2025-08-27 11:05:00,23700,CE,551.38,554.6,544.79,552.05,441,68527,0.1607
2025-08-27 11:05:00,23700,PE,416.9,415.18,411.6,412.85,102,70010,0.162
2025-08-27 11:05:00,23750,CE,520.15,521.01,512.56,516.27,82,83576,0.1607
2025-08-27 11:05:00,23750,PE,393.33,398.89,391.74,393.73,707,76343,0.1618
2025-08-27 11:05:00,23800,CE,442.98,450.57,441.57,441.61,1493,78773,0.1609
2025-08-27 11:05:00,23800,PE,411.55,419.3,414.32,416.14,1532,82286,0.1604
2025-08-27 11:05:00,23850,CE,410.41,411.12,407.57,410.92,916,69017,0.1603
2025-08-27 11:05:00,23850,PE,405.9,399.43,396.47,398.96,158,70278,0.1629
2025-08-27 11:05:00,23900,CE,434.91,431.18,425.25,431.1,85,65360,0.1616
2025-08-27 11:05:00,23900,PE,461.62,463.2,456.21,460.13,342,60400,0.1583
2025-08-27 11:05:00,23950,CE,420.97,420.16,413.89,418.04,431,56675,0.1615
2025-08-27 11:05:00,23950,PE,505.43,512.08,499.97,503.0,787,60902,0.1593
2025-08-27 11:05:00,24000,CE,422.84,421.28,413.31,418.51,394,49165,0.158
2025-08-27 11:05:00,24000,PE,565.37,581.08,569.14,571.72,779,49692,0.1607
2025-08-27 11:05:00,24050,CE,429.08,433.38,424.11,430.76,571,48485,0.1601
2025-08-27 11:05:00,24050,PE,645.96,654.35,639.78,644.77,996,49058,0.1625
2025-08-27 11:05:00,24100,CE,408.61,419.75,409.33,411.88,716,45929,0.1612
2025-08-27 11:05:00,24100,PE,659.63,658.63,648.81,654.0,148,47898,0.1591
2025-08-27 11:05:00,24150,CE,413.1,411.05,404.77,409.33,579,40539,0.1597
2025-08-27 11:05:00,24150,PE,724.26,743.37,729.04,730.62,179,39800,0.1598
2025-08-27 11:05:00,24200,CE,437.72,441.72,436.33,441.62,52,38420,0.1632
2025-08-27 11:05:00,24200,PE,760.66,755.76,751.62,753.84,81,38781,0.1605
2025-08-27 11:05:00,24250,CE,422.94,434.51,411.73,417.91,109,34227,0.1607
2025-08-27 11:05:00,24250,PE,790.69,819.3,794.57,796.06,142,41600,0.1624
2025-08-27 11:05:00,24300,CE,406.22,416.89,407.65,408.36,85,33630,0.1578
2025-08-27 11:05:00,24300,PE,903.39,902.46,891.92,898.73,281,32399,0.1616
2025-08-27 11:05:00,24350,CE,396.93,407.7,399.13,401.21,326,35437,0.1633
2025-08-27 11:05:00,24350,PE,907.46,918.78,896.6,903.67,321,29733,0.1607
2025-08-27 11:05:00,24400,CE,405.49,410.01,403.71,405.47,447,28981,0.1584
2025-08-27 11:05:00,24400,PE,966.6,997.24,983.05,986.16,39,33151,0.161
2025-08-27 11:05:00,24450,CE,385.01,383.84,382.46,383.41,538,31246,0.1563
2025-08-27 11:05:00,24450,PE,998.74,1005.73,982.65,1000.15,139,27748,0.1627
2025-08-27 11:05:00,24500,CE,398.05,408.21,405.06,406.88,142,26580,0.1592
2025-08-27 11:05:00,24500,PE,1079.63,1112.41,1075.16,1081.02,515,29460,0.1603
2025-08-27 11:05:00,24550,CE,417.26,422.49,416.38,417.25,430,26435,0.1627
2025-08-27 11:05:00,24550,PE,1148.46,1168.08,1130.96,1149.47,293,22484,0.162
2025-08-27 11:05:00,24600,CE,419.51,423.71,416.05,416.08,100,24106,0.1607
2025-08-27 11:05:00,24600,PE,1169.21,1193.61,1153.78,1165.04,283,25662,0.1587
2025-08-27 11:05:00,24650,CE,430.71,432.53,424.2,429.54,449,25817,0.1611
2025-08-27 11:05:00,24650,PE,1216.13,1222.67,1210.76,1211.13,424,23801,0.1569
2025-08-27 11:05:00,24700,CE,393.98,398.2,392.12,395.68,33,23180,0.1584
2025-08-27 11:05:00,24700,PE,1296.02,1303.38,1294.79,1297.62,409,24393,0.1614
2025-08-27 11:05:00,24750,CE,405.77,419.05,413.25,413.3,89,19461,0.159
2025-08-27 11:05:00,24750,PE,1303.51,1324.65,1296.57,1311.96,334,24093,0.159
2025-08-27 11:05:00,24800,CE,401.18,414.77,402.73,405.43,272,23435,0.1592
2025-08-27 11:05:00,24800,PE,1368.28,1366.83,1350.75,1357.37,332,20852,0.1596
2025-08-27 11:05:00,24850,CE,412.49,417.85,413.91,416.84,55,20997,0.1632
2025-08-27 11:05:00,24850,PE,1381.51,1427.46,1387.48,1398.21,184,24049,0.1585
2025-08-27 11:05:00,24900,CE,392.19,406.84,398.11,399.51,258,20794,0.1568
2025-08-27 11:05:00,24900,PE,1472.31,1486.79,1463.53,1475.1,81,22025,0.1618
2025-08-27 11:10:00,23500,CE,739.65,752.6,735.52,746.79,50,46909,0.1592
2025-08-27 11:10:00,23500,PE,410.45,418.56,397.56,406.52,373,50089,0.1598
2025-08-27 11:10:00,23550,CE,681.06,693.87,677.53,683.44,784,54314,0.1651
2025-08-27 11:10:00,23550,PE,430.8,434.94,431.04,432.7,113,56510,0.1633
2025-08-27 11:10:00,23600,CE,592.94,601.0,593.74,596.49,495,55901,0.1639
2025-08-27 11:10:00,23600,PE,432.58,436.93,430.21,434.09,609,59124,0.1608
2025-08-27 11:10:00,23650,CE,580.74,593.36,582.16,586.42,668,60138,0.1615
2025-08-27 11:10:00,23650,PE,404.65,410.73,404.84,407.15,382,64472,0.1636
2025-08-27 11:10:00,23700,CE,520.15,534.08,515.32,522.09,674,68432,0.1593
2025-08-27 11:10:00,23700,PE,395.21,404.61,397.51,399.63,436,69628,0.1599
2025-08-27 11:10:00,23750,CE,464.38,476.06,462.43,469.26,63,83969,0.1574
2025-08-27 11:10:00,23750,PE,420.03,424.4,415.41,419.12,1137,75892,0.1599
2025-08-27 11:10:00,23800,CE,445.2,446.2,436.46,439.34,395,78700,0.165
2025-08-27 11:10:00,23800,PE,395.11,402.5,394.5,396.3,989,82774,0.1632
2025-08-27 11:10:00,23850,CE,403.25,405.62,396.92,400.93,1165,69179,0.1597
2025-08-27 11:10:00,23850,PE,463.65,473.65,468.24,468.66,1241,70406,0.1619
2025-08-27 11:10:00,23900,CE,392.63,392.44,386.23,389.08,1324,65953,0.1606
2025-08-27 11:10:00,23900,PE,440.5,444.39,434.81,438.63,655,59827,0.1585
2025-08-27 11:10:00,23950,CE,387.82,387.88,385.3,386.61,1238,56458,0.1615
2025-08-27 11:10:00,23950,PE,527.1,538.46,532.43,533.7,348,60452,0.1619
2025-08-27 11:10:00,24000,CE,409.66,413.24,410.14,411.15,848,48786,0.1597
2025-08-27 11:10:00,24000,PE,586.21,604.7,590.04,595.82,1069,49351,0.1604
2025-08-27 11:10:00,24050,CE,402.21,400.72,396.89,399.67,87,48637,0.1614
2025-08-27 11:10:00,24050,PE,641.74,643.55,637.79,638.33,218,48784,0.1602
2025-08-27 11:10:00,24100,CE,419.81,437.56,421.09,426.55,108,46126,0.1628
2025-08-27 11:10:00,24100,PE,689.27,691.07,679.62,682.98,211,48183,0.1615
2025-08-27 11:10:00,24150,CE,408.33,417.66,414.01,414.18,225,40421,0.1618
2025-08-27 11:10:00,24150,PE,699.34,708.27,692.05,702.16,415,39843,0.1569
2025-08-27 11:10:00,24200,CE,397.17,396.41,393.67,393.77,637,37978,0.1586
2025-08-27 11:10:00,24200,PE,753.99,769.56,762.8,763.3,184,39084,0.1602
2025-08-27 11:10:00,24250,CE,414.76,424.2,413.65,414.26,611,34129,0.159
2025-08-27 11:10:00,24250,PE,804.11,827.56,813.6,815.24,15,42001,0.1579
2025-08-27 11:10:00,24300,CE,395.64,399.96,396.37,397.42,411,33661,0.1584
2025-08-27 11:10:00,24300,PE,882.56,900.53,881.45,889.11,265,32635,0.1587
2025-08-27 11:10:00,24350,CE,413.1,423.51,406.66,411.03,187,35267,0.163
2025-08-27 11:10:00,24350,PE,949.64,951.1,943.88,948.51,481,29579,0.1644
2025-08-27 11:10:00,24400,CE,447.53,458.12,446.08,450.63,556,28904,0.1586
2025-08-27 11:10:00,24400,PE,983.61,983.43,974.03,976.87,334,33314,0.1578
2025-08-27 11:10:00,24450,CE,396.37,399.69,391.65,394.16,390,31253,0.1606
2025-08-27 11:10:00,24450,PE,1007.37,1014.89,1006.05,1008.81,207,28113,0.159
2025-08-27 11:10:00,24500,CE,423.76,429.42,419.36,424.83,378,26045,0.161
2025-08-27 11:10:00,24500,PE,1064.03,1081.15,1071.92,1072.58,331,29940,0.1618
2025-08-27 11:10:00,24550,CE,406.57,411.82,401.18,407.12,283,26946,0.1625
2025-08-27 11:10:00,24550,PE,1159.95,1173.97,1164.57,1164.98,199,22176,0.1651
2025-08-27 11:10:00,24600,CE,392.4,398.15,396.35,397.02,240,23626,0.1581
2025-08-27 11:10:00,24600,PE,1145.52,1146.22,1139.41,1144.3,38,25748,0.1596
2025-08-27 11:10:00,24650,CE,378.01,372.11,369.66,371.47,20,25294,0.1633
2025-08-27 11:10:00,24650,PE,1231.8,1244.36,1210.48,1226.04,210,23476,0.1608
2025-08-27 11:10:00,24700,CE,431.35,427.47,424.6,427.41,83,23189,0.1658
2025-08-27 11:10:00,24700,PE,1240.12,1274.49,1252.01,1257.78,147,24529,0.1575
2025-08-27 11:10:00,24750,CE,411.97,412.03,407.76,407.82,181,19094,0.1574
2025-08-27 11:10:00,24750,PE,1319.99,1327.57,1305.96,1315.46,295,24612,0.1616
2025-08-27 11:10:00,24800,CE,391.98,396.54,390.96,392.77,292,23052,0.1574
2025-08-27 11:10:00,24800,PE,1375.91,1396.52,1350.56,1373.05,225,20436,0.1582
2025-08-27 11:10:00,24850,CE,409.83,415.64,406.6,410.28,16,20591,0.1614
2025-08-27 11:10:00,24850,PE,1445.89,1451.31,1427.46,1442.36,312,24564,0.1587
2025-08-27 11:10:00,24900,CE,471.77,478.99,464.65,471.38,223,21248,0.1616
2025-08-27 11:10:00,24900,PE,1474.78,1471.99,1462.9,1467.73,155,21464,0.1585
2025-08-27 11:15:00,23500,CE,699.2,703.76,694.27,701.76,801,47180,0.1606
2025-08-27 11:15:00,23500,PE,412.23,422.1,413.49,414.82,588,49577,0.1609
2025-08-27 11:15:00,23550,CE,656.81,662.47,656.71,659.44,934,53804,0.1625
2025-08-27 11:15:00,23550,PE,438.28,445.7,431.81,437.99,30,56001,0.1611
2025-08-27 11:15:00,23600,CE,645.59,665.98,654.25,657.16,1012,56296,0.1643
2025-08-27 11:15:00,23600,PE,397.94,406.94,394.64,399.81,137,59036,0.1603
2025-08-27 11:15:00,23650,CE,573.82,579.5,557.85,567.03,646,60206,0.1637
2025-08-27 11:15:00,23650,PE,400.65,411.7,400.55,400.88,259,63908,0.1592
2025-08-27 11:15:00,23700,CE,484.72,499.53,488.15,492.05,63,68913,0.162
2025-08-27 11:15:00,23700,PE,420.88,421.43,416.36,416.78,860,70206,0.1584
2025-08-27 11:15:00,23750,CE,424.53,424.55,423.15,424.31,1368,83651,0.1593
2025-08-27 11:15:00,23750,PE,416.85,422.8,418.9,419.16,165,76079,0.1608
2025-08-27 11:15:00,23800,CE,379.21,381.84,377.71,380.18,409,78914,0.1573
2025-08-27 11:15:00,23800,PE,400.71,409.5,390.54,396.42,1664,83333,0.1639
2025-08-27 11:15:00,23850,CE,409.39,410.37,406.25,406.74,386,69159,0.1613
2025-08-27 11:15:00,23850,PE,452.68,466.29,450.2,454.22,1044,70091,0.1588
2025-08-27 11:15:00,23900,CE,391.85,393.57,389.23,392.55,729,65785,0.1598
2025-08-27 11:15:00,23900,PE,530.45,537.07,531.6,531.85,743,59994,0.1603
2025-08-27 11:15:00,23950,CE,420.2,426.93,420.21,422.18,996,56424,0.1579
2025-08-27 11:15:00,23950,PE,574.85,577.23,567.51,576.0,339,59947,0.1634
2025-08-27 11:15:00,24000,CE,394.44,393.66,390.7,392.81,717,49154,0.1641
2025-08-27 11:15:00,24000,PE,609.17,614.45,602.96,606.75,428,49788,0.1637
2025-08-27 11:15:00,24050,CE,423.59,428.55,417.14,424.73,446,48610,0.1575
2025-08-27 11:15:00,24050,PE,670.33,667.49,660.75,667.13,57,48812,0.1591
2025-08-27 11:15:00,24100,CE,400.69,404.4,400.52,403.41,508,46115,0.1609
2025-08-27 11:15:00,24100,PE,727.84,723.43,722.44,723.18,461,48218,0.1614
2025-08-27 11:15:00,24150,CE,415.31,422.07,417.34,420.87,549,39944,0.1618
2025-08-27 11:15:00,24150,PE,796.55,789.94,781.42,786.76,419,39763,0.1629
2025-08-27 11:15:00,24200,CE,407.63,416.52,413.13,413.37,258,37915,0.1618
2025-08-27 11:15:00,24200,PE,821.24,838.83,821.45,823.45,495,39681,0.1605
2025-08-27 11:15:00,24250,CE,417.43,424.83,415.48,418.44,157,33587,0.1589
2025-08-27 11:15:00,24250,PE,852.77,862.08,841.91,843.17,243,41775,0.1609
2025-08-27 11:15:00,24300,CE,377.94,382.83,378.25,379.78,53,33656,0.1614
2025-08-27 11:15:00,24300,PE,921.08,921.6,911.42,920.02,332,33051,0.1606
2025-08-27 11:15:00,24350,CE,395.23,397.56,393.28,395.44,418,35220,0.1627
2025-08-27 11:15:00,24350,PE,977.93,983.54,964.03,976.69,394,29328,0.1623
2025-08-27 11:15:00,24400,CE,416.28,418.36,414.47,417.75,95,28946,0.1597
2025-08-27 11:15:00,24400,PE,1011.4,1014.48,1003.3,1013.12,283,33070,0.163
2025-08-27 11:15:00,24450,CE,427.51,433.06,427.74,430.31,478,31310,0.1619
2025-08-27 11:15:00,24450,PE,1072.85,1079.06,1069.48,1070.64,305,28340,0.1606
2025-08-27 11:15:00,24500,CE,418.01,437.25,427.72,428.63,152,26081,0.1626
2025-08-27 11:15:00,24500,PE,1081.59,1088.89,1084.45,1085.82,453,30071,0.1599
2025-08-27 11:15:00,24550,CE,427.77,430.54,426.61,427.37,410,26392,0.1623
2025-08-27 11:15:00,24550,PE,1171.83,1174.79,1161.62,1164.68,348,22366,0.1618
2025-08-27 11:15:00,24600,CE,412.12,413.46,408.77,412.82,412,24189,0.1586
2025-08-27 11:15:00,24600,PE,1218.05,1220.03,1209.49,1217.96,70,25737,0.1567
2025-08-27 11:15:00,24650,CE,402.03,409.5,403.65,405.62,409,25657,0.159
2025-08-27 11:15:00,24650,PE,1269.01,1266.18,1237.72,1254.18,50,23534,0.1619
2025-08-27 11:15:00,24700,CE,435.44,441.77,435.82,439.32,150,23433,0.1587
2025-08-27 11:15:00,24700,PE,1338.28,1341.45,1334.34,1335.99,218,24300,0.1586
2025-08-27 11:15:00,24750,CE,417.39,416.7,407.74,412.0,171,19654,0.1629
2025-08-27 11:15:00,24750,PE,1398.61,1407.7,1379.14,1390.12,151,24270,0.1609
2025-08-27 11:15:00,24800,CE,386.06,382.63,376.23,380.53,49,22642,0.1563
2025-08-27 11:15:00,24800,PE,1415.61,1429.77,1396.08,1402.3,26,19890,0.1597
2025-08-27 11:15:00,24850,CE,438.63,441.22,434.04,437.32,201,20640,0.1625
2025-08-27 11:15:00,24850,PE,1443.19,1461.47,1449.41,1456.8,297,24706,0.1625
2025-08-27 11:15:00,24900,CE,412.74,410.04,407.27,409.14,73,21427,0.1623
2025-08-27 11:15:00,24900,PE,1492.98,1506.03,1494.21,1494.62,162,21070,0.1579
2025-08-27 11:20:00,23500,CE,709.11,726.85,718.42,721.4,575,47361,0.1605
2025-08-27 11:20:00,23500,PE,405.33,416.53,406.85,406.87,379,49175,0.1618
2025-08-27 11:20:00,23550,CE,632.78,638.27,628.94,634.59,43,54109,0.1614
2025-08-27 11:20:00,23550,PE,413.02,419.33,405.55,410.33,163,55731,0.1631
2025-08-27 11:20:00,23600,CE,611.79,613.07,604.56,608.41,724,56202,0.1607
2025-08-27 11:20:00,23600,PE,402.26,399.79,398.54,399.25,877,58876,0.1597
2025-08-27 11:20:00,23650,CE,551.17,564.62,540.95,551.29,1064,60047,0.1605
2025-08-27 11:20:00,23650,PE,405.02,407.53,402.19,407.3,116,64173,0.16
2025-08-27 11:20:00,23700,CE,500.97,509.88,500.78,504.84,900,69510,0.1614
2025-08-27 11:20:00,23700,PE,429.52,433.14,425.36,429.29,154,70238,0.1646
2025-08-27 11:20:00,23750,CE,489.76,496.26,483.19,488.11,1117,83532,0.1624
2025-08-27 11:20:00,23750,PE,420.07,424.54,415.14,416.87,429,75831,0.1596
2025-08-27 11:20:00,23800,CE,428.01,429.43,425.29,425.81,46,79063,0.1656
2025-08-27 11:20:00,23800,PE,404.94,405.35,401.25,404.56,1367,83274,0.1622
2025-08-27 11:20:00,23850,CE,401.05,400.78,396.98,397.46,81,69486,0.1594
2025-08-27 11:20:00,23850,PE,452.49,468.12,446.24,454.41,1353,70219,0.1622
2025-08-27 11:20:00,23900,CE,413.54,409.7,400.06,403.49,132,65679,0.1606
2025-08-27 11:20:00,23900,PE,545.41,558.48,553.14,554.48,746,60537,0.1621
2025-08-27 11:20:00,23950,CE,414.21,414.71,410.54,414.66,581,55837,0.1615
2025-08-27 11:20:00,23950,PE,554.57,564.22,551.96,558.32,813,60174,0.1615
2025-08-27 11:20:00,24000,CE,432.92,434.68,428.28,433.69,254,49046,0.1612
2025-08-27 11:20:00,24000,PE,592.13,595.14,591.31,592.28,60,49333,0.1587
2025-08-27 11:20:00,24050,CE,416.97,414.91,403.63,411.14,300,48121,0.1572
2025-08-27 11:20:00,24050,PE,668.33,684.19,661.13,672.61,268,48991,0.1613
2025-08-27 11:20:00,24100,CE,421.04,423.65,418.15,421.75,335,45692,0.1616
2025-08-27 11:20:00,24100,PE,701.9,699.0,682.46,695.91,538,48645,0.1615
2025-08-27 11:20:00,24150,CE,398.92,400.81,395.45,396.3,469,39717,0.1609
2025-08-27 11:20:00,24150,PE,717.14,732.43,724.56,725.91,636,39575,0.1597
2025-08-27 11:20:00,24200,CE,428.47,433.98,428.57,430.83,22,38107,0.1609
2025-08-27 11:20:00,24200,PE,863.2,877.95,845.74,851.49,527,39345,0.1589
2025-08-27 11:20:00,24250,CE,379.04,379.08,374.76,375.55,263,32995,0.1602
2025-08-27 11:20:00,24250,PE,875.62,890.4,869.89,876.7,324,41709,0.1592
2025-08-27 11:20:00,24300,CE,407.87,410.4,407.0,408.51,171,33689,0.1613
2025-08-27 11:20:00,24300,PE,901.85,908.68,890.23,898.89,435,32986,0.1558
2025-08-27 11:20:00,24350,CE,397.69,412.92,391.95,397.63,477,35169,0.1608
2025-08-27 11:20:00,24350,PE,970.6,984.76,970.2,974.24,250,29526,0.1592
2025-08-27 11:20:00,24400,CE,415.36,420.97,417.29,419.18,104,29360,0.1597
2025-08-27 11:20:00,24400,PE,978.82,1003.83,974.16,995.14,344,32908,0.1588
2025-08-27 11:20:00,24450,CE,433.69,450.53,432.05,437.4,132,31658,0.1613
2025-08-27 11:20:00,24450,PE,1062.88,1092.34,1055.34,1074.73,16,27815,0.1593
2025-08-27 11:20:00,24500,CE,404.06,403.54,397.03,399.83,311,26057,0.1611
2025-08-27 11:20:00,24500,PE,1130.97,1135.7,1117.32,1126.44,94,29922,0.1599
2025-08-27 11:20:00,24550,CE,416.12,418.32,416.18,418.31,379,26351,0.158
2025-08-27 11:20:00,24550,PE,1180.31,1185.59,1171.19,1173.73,258,21875,0.16
2025-08-27 11:20:00,24600,CE,413.83,413.96,408.94,409.04,334,23755,0.1603
2025-08-27 11:20:00,24600,PE,1209.02,1229.06,1200.45,1204.53,113,25489,0.1602
2025-08-27 11:20:00,24650,CE,415.97,420.81,410.36,411.52,193,25385,0.1603
2025-08-27 11:20:00,24650,PE,1264.41,1276.64,1249.78,1271.01,360,23396,0.1569
2025-08-27 11:20:00,24700,CE,421.05,429.53,424.54,426.04,21,23381,0.1617
2025-08-27 11:20:00,24700,PE,1324.82,1331.73,1320.82,1320.92,58,23965,0.1583
2025-08-27 11:20:00,24750,CE,419.11,424.01,419.66,420.2,241,19797,0.1662
2025-08-27 11:20:00,24750,PE,1384.93,1416.9,1384.73,1386.63,271,24120,0.1634
2025-08-27 11:20:00,24800,CE,399.11,400.74,391.04,397.49,326,22114,0.1612
2025-08-27 11:20:00,24800,PE,1388.77,1426.35,1401.43,1405.78,151,19582,0.1579
2025-08-27 11:20:00,24850,CE,392.68,391.52,387.25,388.44,21,20712,0.1623
2025-08-27 11:20:00,24850,PE,1456.96,1471.97,1464.12,1466.96,27,24834,0.157
2025-08-27 11:20:00,24900,CE,410.86,417.9,408.94,413.7,309,21786,0.1587
2025-08-27 11:20:00,24900,PE,1572.26,1550.38,1542.45,1542.48,247,20764,0.1618
2025-08-27 11:25:00,23500,CE,692.75,702.0,690.03,695.83,562,47435,0.159
2025-08-27 11:25:00,23500,PE,427.12,428.25,422.76,426.6,428,49146,0.1635
2025-08-27 11:25:00,23550,CE,642.79,654.76,640.16,649.89,145,54527,0.1619
2025-08-27 11:25:00,23550,PE,405.32,410.98,398.8,400.42,782,56006,0.1609
2025-08-27 11:25:00,23600,CE,583.09,589.84,584.19,586.84,570,55760,0.1589
2025-08-27 11:25:00,23600,PE,418.62,436.0,415.2,416.47,658,59426,0.1613
2025-08-27 11:25:00,23650,CE,545.61,557.65,545.28,550.69,168,59873,0.1582
2025-08-27 11:25:00,23650,PE,421.79,423.2,413.8,419.65,1040,64718,0.161
2025-08-27 11:25:00,23700,CE,530.59,535.08,528.08,530.85,588,69252,0.1611
2025-08-27 11:25:00,23700,PE,409.89,415.25,401.18,407.92,386,70200,0.1613
2025-08-27 11:25:00,23750,CE,497.45,502.72,496.93,499.76,491,83592,0.1601
2025-08-27 11:25:00,23750,PE,436.95,442.16,438.23,440.73,141,75307,0.1599
2025-08-27 11:25:00,23800,CE,419.95,423.09,410.85,417.4,36,79321,0.1643
2025-08-27 11:25:00,23800,PE,420.39,424.16,418.71,423.38,1615,82799,0.165
2025-08-27 11:25:00,23850,CE,394.47,395.52,387.06,391.34,1434,69082,0.1634
2025-08-27 11:25:00,23850,PE,455.89,464.36,450.46,455.74,100,69967,0.1609
2025-08-27 11:25:00,23900,CE,403.09,411.69,397.67,405.66,411,66231,0.1614
2025-08-27 11:25:00,23900,PE,471.35,480.15,468.38,474.15,172,61104,0.159
2025-08-27 11:25:00,23950,CE,419.59,422.64,414.31,420.73,1029,55824,0.1604
2025-08-27 11:25:00,23950,PE,543.35,551.55,543.41,545.78,808,60213,0.1608
2025-08-27 11:25:00,24000,CE,393.25,399.28,394.24,396.5,970,48700,0.1544
2025-08-27 11:25:00,24000,PE,596.87,595.46,590.66,594.27,1018,49234,0.1614
2025-08-27 11:25:00,24050,CE,397.3,398.11,391.71,396.82,897,48702,0.1633
2025-08-27 11:25:00,24050,PE,642.34,647.72,631.39,645.72,818,49339,0.1624
2025-08-27 11:25:00,24100,CE,376.8,377.92,372.96,375.61,389,45928,0.1607
2025-08-27 11:25:00,24100,PE,686.13,694.69,673.7,684.39,225,48379,0.1611
2025-08-27 11:25:00,24150,CE,407.5,415.27,405.91,412.52,601,40032,0.163
2025-08-27 11:25:00,24150,PE,773.0,765.01,755.39,757.47,220,40134,0.161
2025-08-27 11:25:00,24200,CE,401.27,405.7,395.34,398.15,513,38692,0.1601
2025-08-27 11:25:00,24200,PE,799.84,807.37,802.29,802.63,363,39464,0.1612
2025-08-27 11:25:00,24250,CE,392.21,402.11,393.18,396.01,457,32587,0.1595
2025-08-27 11:25:00,24250,PE,857.14,855.15,846.36,847.01,202,42265,0.1585
2025-08-27 11:25:00,24300,CE,415.17,414.0,408.83,413.39,441,33738,0.161
2025-08-27 11:25:00,24300,PE,919.19,938.37,901.39,919.86,12,32432,0.1576
2025-08-27 11:25:00,24350,CE,416.57,423.06,415.07,416.55,344,34666,0.1595
2025-08-27 11:25:00,24350,PE,946.08,965.3,942.13,947.88,95,29618,0.161
2025-08-27 11:25:00,24400,CE,412.85,419.04,408.22,415.23,552,29762,0.1611
2025-08-27 11:25:00,24400,PE,976.89,988.51,984.84,985.18,272,33437,0.1582
2025-08-27 11:25:00,24450,CE,381.32,383.99,382.68,383.17,332,32191,0.1611
2025-08-27 11:25:00,24450,PE,1098.36,1089.39,1068.5,1081.31,135,27909,0.1584
2025-08-27 11:25:00,24500,CE,410.3,422.91,412.45,413.24,476,26634,0.1611
2025-08-27 11:25:00,24500,PE,1114.79,1108.64,1099.29,1107.62,444,29501,0.1587
2025-08-27 11:25:00,24550,CE,381.26,382.51,371.71,380.76,306,25864,0.1594
2025-08-27 11:25:00,24550,PE,1165.85,1158.03,1150.75,1153.73,192,21311,0.163
2025-08-27 11:25:00,24600,CE,422.13,426.92,422.77,423.08,356,24083,0.1626
2025-08-27 11:25:00,24600,PE,1193.45,1207.08,1164.43,1186.52,50,25988,0.1589
2025-08-27 11:25:00,24650,CE,401.46,406.89,400.4,401.04,375,25792,0.1614
2025-08-27 11:25:00,24650,PE,1252.8,1265.08,1253.07,1255.85,203,23923,0.1615
2025-08-27 11:25:00,24700,CE,423.33,431.94,424.71,425.98,420,23438,0.1592
2025-08-27 11:25:00,24700,PE,1303.51,1323.94,1295.98,1304.22,166,24280,0.1608
2025-08-27 11:25:00,24750,CE,433.53,437.66,429.99,433.99,24,19601,0.1618
2025-08-27 11:25:00,24750,PE,1377.56,1401.24,1361.43,1380.27,8,24439,0.1632
2025-08-27 11:25:00,24800,CE,412.62,420.91,408.06,420.3,23,22417,0.1577
2025-08-27 11:25:00,24800,PE,1382.13,1398.83,1383.77,1390.03,225,19504,0.1612
2025-08-27 11:25:00,24850,CE,383.41,386.18,383.28,383.29,241,20164,0.1615
2025-08-27 11:25:00,24850,PE,1421.59,1445.32,1415.28,1437.4,308,24553,0.1607
2025-08-27 11:25:00,24900,CE,400.05,408.86,396.11,400.38,308,22248,0.161
2025-08-27 11:25:00,24900,PE,1507.82,1518.07,1497.38,1502.92,203,20868,0.1603
2025-08-27 11:30:00,23500,CE,708.61,719.69,697.88,706.51,791,47321,0.165
2025-08-27 11:30:00,23500,PE,400.08,406.72,394.77,402.33,348,49682,0.1654
2025-08-27 11:30:00,23550,CE,670.75,676.02,663.55,665.94,387,54366,0.1577
2025-08-27 11:30:00,23550,PE,408.11,415.3,406.32,407.96,20,55799,0.1619
2025-08-27 11:30:00,23600,CE,646.75,643.95,633.36,640.94,270,56084,0.16
2025-08-27 11:30:00,23600,PE,410.28,408.57,405.46,407.75,525,59252,0.1631
2025-08-27 11:30:00,23650,CE,546.2,552.08,540.56,546.26,1077,59808,0.1615
2025-08-27 11:30:00,23650,PE,441.94,441.66,436.72,440.38,490,64984,0.1609
2025-08-27 11:30:00,23700,CE,547.41,554.39,540.97,546.46,356,69168,0.165
2025-08-27 11:30:00,23700,PE,420.24,418.67,412.43,415.58,925,69986,0.1592
2025-08-27 11:30:00,23750,CE,453.78,453.74,451.13,452.26,656,83010,0.1621
2025-08-27 11:30:00,23750,PE,411.29,413.38,408.19,409.07,1194,75739,0.1602
2025-08-27 11:30:00,23800,CE,423.52,427.71,420.4,423.42,1187,79353,0.1627
2025-08-27 11:30:00,23800,PE,417.95,426.46,417.18,419.82,1577,83220,0.16
2025-08-27 11:30:00,23850,CE,418.05,416.64,412.47,416.06,741,69223,0.163
2025-08-27 11:30:00,23850,PE,456.81,467.24,458.16,459.94,1459,69607,0.1622
2025-08-27 11:30:00,23900,CE,415.14,418.58,415.12,415.94,1051,66066,0.1636
2025-08-27 11:30:00,23900,PE,506.05,509.7,498.76,505.47,144,61004,0.1585
2025-08-27 11:30:00,23950,CE,397.94,406.49,398.53,399.61,623,56111,0.1618
2025-08-27 11:30:00,23950,PE,577.28,576.34,570.04,570.33,196,60270,0.1598
2025-08-27 11:30:00,24000,CE,429.33,429.31,424.02,426.02,706,48863,0.1569
2025-08-27 11:30:00,24000,PE,622.92,622.69,618.37,620.39,884,49537,0.1623
2025-08-27 11:30:00,24050,CE,410.03,428.86,415.6,420.3,454,48430,0.1603
2025-08-27 11:30:00,24050,PE,646.39,653.13,649.38,650.84,845,49797,0.1623
2025-08-27 11:30:00,24100,CE,410.92,415.15,406.37,409.9,125,45871,0.1623
2025-08-27 11:30:00,24100,PE,719.85,722.19,713.45,717.76,660,48572,0.159
2025-08-27 11:30:00,24150,CE,388.35,406.26,395.35,395.96,704,39693,0.1585
2025-08-27 11:30:00,24150,PE,757.68,766.91,764.57,765.45,757,39814,0.1634
2025-08-27 11:30:00,24200,CE,439.52,441.3,434.1,435.23,82,38973,0.1634
2025-08-27 11:30:00,24200,PE,803.87,803.54,793.04,796.64,691,39284,0.1601
2025-08-27 11:30:00,24250,CE,413.65,416.67,408.18,410.71,120,33038,0.1589
2025-08-27 11:30:00,24250,PE,862.38,868.26,857.35,868.17,76,42462,0.1632
2025-08-27 11:30:00,24300,CE,404.94,412.39,404.11,408.32,91,33936,0.1584
2025-08-27 11:30:00,24300,PE,899.9,914.51,898.33,911.44,83,32288,0.1602
2025-08-27 11:30:00,24350,CE,422.5,419.45,412.03,417.33,287,35149,0.1589
2025-08-27 11:30:00,24350,PE,972.99,961.44,950.91,958.31,435,30151,0.1588
2025-08-27 11:30:00,24400,CE,427.4,436.2,429.93,429.97,313,29471,0.1597
2025-08-27 11:30:00,24400,PE,980.37,987.32,976.28,981.74,248,33454,0.1593
2025-08-27 11:30:00,24450,CE,431.97,434.36,428.09,431.87,309,32679,0.1588
2025-08-27 11:30:00,24450,PE,1071.45,1082.45,1055.03,1058.65,487,27430,0.1608
2025-08-27 11:30:00,24500,CE,398.12,406.7,396.73,397.59,410,26391,0.1602
2025-08-27 11:30:00,24500,PE,1110.1,1142.4,1117.59,1119.12,305,30046,0.1599
2025-08-27 11:30:00,24550,CE,379.04,386.62,373.6,378.64,432,25845,0.1589
2025-08-27 11:30:00,24550,PE,1162.06,1159.35,1150.59,1153.27,30,21852,0.1603
2025-08-27 11:30:00,24600,CE,424.61,427.51,421.69,424.68,424,23939,0.1613
2025-08-27 11:30:00,24600,PE,1165.63,1171.87,1164.47,1166.78,70,26020,0.1611
2025-08-27 11:30:00,24650,CE,436.5,436.79,432.97,434.7,358,25736,0.163
2025-08-27 11:30:00,24650,PE,1262.06,1275.54,1262.19,1264.38,16,23871,0.1609
2025-08-27 11:30:00,24700,CE,378.63,380.19,373.64,378.24,223,23939,0.1576
2025-08-27 11:30:00,24700,PE,1264.53,1286.37,1285.4,1286.27,345,24513,0.1621
2025-08-27 11:30:00,24750,CE,433.83,436.28,433.86,433.92,169,20135,0.1586
2025-08-27 11:30:00,24750,PE,1348.19,1371.69,1339.08,1355.33,99,24234,0.1605
2025-08-27 11:30:00,24800,CE,386.68,389.05,387.39,388.45,333,23009,0.1616
2025-08-27 11:30:00,24800,PE,1414.81,1418.07,1411.66,1412.35,321,19753,0.1599
2025-08-27 11:30:00,24850,CE,434.72,445.09,436.32,438.3,354,19721,0.1634
2025-08-27 11:30:00,24850,PE,1457.44,1467.62,1434.79,1455.59,255,24448,0.1631
2025-08-27 11:30:00,24900,CE,435.37,445.74,435.5,437.28,220,21946,0.1634
2025-08-27 11:30:00,24900,PE,1509.31,1547.9,1516.82,1527.72,181,20550,0.1592
2025-08-27 11:35:00,23500,CE,650.91,661.61,646.67,652.45,614,47836,0.1643
2025-08-27 11:35:00,23500,PE,413.41,417.76,402.27,412.68,70,50233,0.1637
2025-08-27 11:35:00,23550,CE,581.59,582.15,577.72,580.12,694,53783,0.1622
2025-08-27 11:35:00,23550,PE,449.36,451.21,435.3,444.02,612,55364,0.1616
2025-08-27 11:35:00,23600,CE,542.93,556.65,538.63,544.99,940,55817,0.1626
2025-08-27 11:35:00,23600,PE,401.76,414.73,403.76,404.43,84,59669,0.1602
2025-08-27 11:35:00,23650,CE,523.42,527.84,511.81,519.27,718,59941,0.1619
2025-08-27 11:35:00,23650,PE,409.82,413.89,400.56,406.43,1102,65062,0.1581
2025-08-27 11:35:00,23700,CE,462.3,460.74,452.36,457.98,1217,69285,0.161
2025-08-27 11:35:00,23700,PE,408.87,408.71,404.68,406.48,66,70526,0.1617
2025-08-27 11:35:00,23750,CE,425.36,424.09,422.58,423.45,1724,82740,0.1608
2025-08-27 11:35:00,23750,PE,422.42,427.95,416.94,420.15,1178,75286,0.1654
2025-08-27 11:35:00,23800,CE,403.12,407.13,401.29,405.26,453,79482,0.1626
2025-08-27 11:35:00,23800,PE,478.14,471.78,469.3,470.11,547,83782,0.162
2025-08-27 11:35:00,23850,CE,400.92,408.3,396.78,402.14,123,69475,0.1622
2025-08-27 11:35:00,23850,PE,509.66,515.21,500.8,506.71,820,70077,0.1623
2025-08-27 11:35:00,23900,CE,386.43,390.36,385.76,387.56,950,66541,0.1609
2025-08-27 11:35:00,23900,PE,569.86,581.7,573.41,574.61,933,60667,0.1637
2025-08-27 11:35:00,23950,CE,390.34,400.3,389.56,391.66,454,56333,0.1605
2025-08-27 11:35:00,23950,PE,586.88,594.69,576.79,586.58,1046,60704,0.1607
2025-08-27 11:35:00,24000,CE,409.92,409.38,401.04,406.94,621,48384,0.1627
2025-08-27 11:35:00,24000,PE,670.66,669.35,660.71,668.1,407,49718,0.1634
2025-08-27 11:35:00,24050,CE,391.98,392.32,386.03,389.89,671,48156,0.1632
2025-08-27 11:35:00,24050,PE,714.77,723.35,716.5,716.56,412,50183,0.1604
2025-08-27 11:35:00,24100,CE,397.1,406.68,392.92,393.27,666,45538,0.1602
2025-08-27 11:35:00,24100,PE,797.1,798.78,789.42,793.3,212,48420,0.1628
2025-08-27 11:35:00,24150,CE,397.44,398.6,394.57,397.23,479,39905,0.1618
2025-08-27 11:35:00,24150,PE,849.06,854.75,848.14,848.18,563,39880,0.1613
2025-08-27 11:35:00,24200,CE,388.26,390.01,387.04,388.33,631,38516,0.1596
2025-08-27 11:35:00,24200,PE,858.84,889.25,850.32,862.96,365,38954,0.1555
2025-08-27 11:35:00,24250,CE,412.88,415.53,411.76,411.98,351,33501,0.1615
2025-08-27 11:35:00,24250,PE,901.6,923.72,900.51,901.07,570,43048,0.1603
2025-08-27 11:35:00,24300,CE,406.47,410.87,403.03,405.36,300,34168,0.1596
2025-08-27 11:35:00,24300,PE,949.03,951.9,935.2,948.72,293,31699,0.1573
2025-08-27 11:35:00,24350,CE,403.38,408.82,398.01,402.63,168,35441,0.1611
2025-08-27 11:35:00,24350,PE,1012.75,1016.94,1001.86,1016.85,39,30322,0.1611
2025-08-27 11:35:00,24400,CE,398.37,401.03,398.52,398.91,251,29365,0.1586
2025-08-27 11:35:00,24400,PE,1054.14,1057.82,1052.04,1055.28,398,33127,0.1584
2025-08-27 11:35:00,24450,CE,409.46,407.56,405.34,406.64,138,32277,0.1588
2025-08-27 11:35:00,24450,PE,1118.37,1139.23,1128.96,1133.99,62,26930,0.1625
2025-08-27 11:35:00,24500,CE,379.62,385.25,374.41,378.61,57,26558,0.1592
2025-08-27 11:35:00,24500,PE,1120.71,1132.0,1116.72,1123.86,151,29850,0.1581
2025-08-27 11:35:00,24550,CE,393.0,394.02,391.05,393.51,351,25866,0.1584
2025-08-27 11:35:00,24550,PE,1186.2,1204.56,1178.9,1195.61,42,21882,0.1629
2025-08-27 11:35:00,24600,CE,378.82,392.52,378.7,380.05,295,24067,0.1571
2025-08-27 11:35:00,24600,PE,1279.03,1286.43,1247.75,1267.33,385,26133,0.1596
2025-08-27 11:35:00,24650,CE,429.36,425.03,417.82,424.64,346,25758,0.1594
2025-08-27 11:35:00,24650,PE,1338.98,1344.19,1325.45,1338.72,272,23457,0.1636
2025-08-27 11:35:00,24700,CE,383.36,384.87,380.41,384.18,404,23371,0.1591
2025-08-27 11:35:00,24700,PE,1347.25,1368.76,1329.25,1342.46,394,24604,0.1583
2025-08-27 11:35:00,24750,CE,405.32,406.99,403.8,406.2,136,20042,0.1599
2025-08-27 11:35:00,24750,PE,1394.42,1418.34,1395.9,1396.32,35,24126,0.1592
2025-08-27 11:35:00,24800,CE,398.01,398.97,397.55,398.86,32,22925,0.1606
2025-08-27 11:35:00,24800,PE,1446.12,1475.72,1456.77,1457.13,56,19289,0.1597
2025-08-27 11:35:00,24850,CE,436.88,447.23,433.84,435.9,260,19336,0.1611
2025-08-27 11:35:00,24850,PE,1529.87,1547.2,1515.07,1528.57,125,24642,0.1601
2025-08-27 11:35:00,24900,CE,407.8,411.07,405.91,409.81,179,21962,0.1586
2025-08-27 11:35:00,24900,PE,1544.88,1537.92,1530.67,1535.44,158,20681,0.1567
2025-08-27 11:40:00,23500,CE,588.36,593.76,587.75,592.88,712,47391,0.1581
2025-08-27 11:40:00,23500,PE,409.24,418.66,404.99,409.47,1042,50609,0.1611
2025-08-27 11:40:00,23550,CE,491.84,498.65,489.71,494.0,525,53630,0.1609
2025-08-27 11:40:00,23550,PE,411.84,416.62,412.08,416.18,885,55499,0.159
2025-08-27 11:40:00,23600,CE,482.96,502.12,490.97,492.25,1113,55775,0.161
2025-08-27 11:40:00,23600,PE,390.72,399.23,388.86,389.03,621,59630,0.1599
2025-08-27 11:40:00,23650,CE,475.34,476.41,472.47,473.89,492,60275,0.1652
2025-08-27 11:40:00,23650,PE,374.39,378.78,375.83,378.34,1280,64594,0.1622
2025-08-27 11:40:00,23700,CE,395.29,402.14,392.64,395.78,184,68774,0.158
2025-08-27 11:40:00,23700,PE,437.17,438.87,432.9,438.71,579,70047,0.1594
2025-08-27 11:40:00,23750,CE,401.01,404.29,399.61,401.38,839,83334,0.1595
2025-08-27 11:40:00,23750,PE,507.61,508.99,505.37,507.03,1032,75798,0.1618
2025-08-27 11:40:00,23800,CE,405.43,411.77,405.2,406.67,206,79722,0.1616
2025-08-27 11:40:00,23800,PE,500.54,502.1,496.04,498.01,931,83719,0.1573
2025-08-27 11:40:00,23850,CE,385.17,388.9,384.57,387.71,844,68977,0.1571
2025-08-27 11:40:00,23850,PE,580.2,593.69,571.57,585.05,700,70462,0.156
2025-08-27 11:40:00,23900,CE,394.05,400.28,394.53,398.42,408,66168,0.1623
2025-08-27 11:40:00,23900,PE,623.62,628.83,615.92,626.72,27,60394,0.1606
2025-08-27 11:40:00,23950,CE,380.43,381.97,378.18,381.42,757,56741,0.1599
2025-08-27 11:40:00,23950,PE,670.78,678.17,665.22,673.98,572,60412,0.1624
2025-08-27 11:40:00,24000,CE,385.18,391.22,384.32,385.44,229,48797,0.1602
2025-08-27 11:40:00,24000,PE,731.41,746.94,719.46,727.92,497,50061,0.1609
2025-08-27 11:40:00,24050,CE,416.57,425.5,416.84,421.36,295,48560,0.1634
2025-08-27 11:40:00,24050,PE,782.25,790.18,786.94,788.33,372,50392,0.1598
2025-08-27 11:40:00,24100,CE,422.69,425.25,417.8,420.52,615,45360,0.1602
2025-08-27 11:40:00,24100,PE,840.16,846.81,837.17,846.74,570,48603,0.1609
2025-08-27 11:40:00,24150,CE,387.78,389.59,382.91,388.03,339,40299,0.1585
2025-08-27 11:40:00,24150,PE,898.92,903.48,890.53,892.36,301,40179,0.1618
2025-08-27 11:40:00,24200,CE,417.22,416.07,411.48,412.03,57,38950,0.1628
2025-08-27 11:40:00,24200,PE,936.72,923.45,919.23,922.57,608,39534,0.1575
2025-08-27 11:40:00,24250,CE,410.08,410.93,406.03,406.33,501,33729,0.1583
2025-08-27 11:40:00,24250,PE,972.6,975.83,964.75,967.04,441,43561,0.1611
2025-08-27 11:40:00,24300,CE,398.77,402.29,394.72,397.75,410,33894,0.1602
2025-08-27 11:40:00,24300,PE,1037.53,1040.16,1027.19,1037.42,96,32267,0.1611
2025-08-27 11:40:00,24350,CE,399.68,409.15,404.58,405.1,81,35933,0.1578
2025-08-27 11:40:00,24350,PE,1040.25,1072.39,1039.41,1051.13,496,29771,0.1584
2025-08-27 11:40:00,24400,CE,403.97,401.48,397.13,398.13,407,29473,0.1615
2025-08-27 11:40:00,24400,PE,1123.29,1128.03,1121.81,1125.51,201,33130,0.1581
2025-08-27 11:40:00,24450,CE,407.47,411.96,407.28,407.54,209,32655,0.1591
2025-08-27 11:40:00,24450,PE,1174.73,1194.93,1168.96,1178.72,201,26481,0.1592
2025-08-27 11:40:00,24500,CE,406.91,406.32,394.7,405.15,185,26591,0.162
2025-08-27 11:40:00,24500,PE,1246.46,1255.09,1227.14,1242.56,210,29851,0.161
2025-08-27 11:40:00,24550,CE,427.78,435.59,430.4,434.89,431,25740,0.1613
2025-08-27 11:40:00,24550,PE,1257.02,1255.71,1246.84,1251.07,358,22472,0.1566
2025-08-27 11:40:00,24600,CE,417.73,434.38,422.69,423.36,349,24114,0.1594
2025-08-27 11:40:00,24600,PE,1318.35,1343.42,1313.3,1324.96,414,26028,0.1604
2025-08-27 11:40:00,24650,CE,403.85,407.92,406.0,406.01,117,26185,0.1592
2025-08-27 11:40:00,24650,PE,1378.99,1388.84,1355.22,1360.33,369,23023,0.1615
2025-08-27 11:40:00,24700,CE,407.81,412.73,408.38,409.17,127,23116,0.1592
2025-08-27 11:40:00,24700,PE,1453.94,1467.75,1438.44,1444.51,318,24338,0.1594
2025-08-27 11:40:00,24750,CE,399.36,407.54,401.11,402.79,248,20562,0.1644
2025-08-27 11:40:00,24750,PE,1526.61,1521.69,1508.01,1516.82,339,24582,0.162
2025-08-27 11:40:00,24800,CE,427.72,431.65,422.17,428.18,192,23053,0.1615
2025-08-27 11:40:00,24800,PE,1491.71,1538.58,1495.58,1509.34,261,19072,0.1622
2025-08-27 11:40:00,24850,CE,423.85,430.1,422.54,423.88,176,19297,0.1623
2025-08-27 11:40:00,24850,PE,1569.77,1580.68,1570.49,1577.0,278,24727,0.1605
2025-08-27 11:40:00,24900,CE,401.56,404.77,400.49,402.24,152,22010,0.1618
2025-08-27 11:40:00,24900,PE,1637.5,1646.67,1602.7,1633.1,62,20388,0.1603
2025-08-27 11:45:00,23500,CE,644.45,636.02,626.43,630.67,806,46947,0.1595
2025-08-27 11:45:00,23500,PE,390.06,388.83,386.07,388.65,690,51098,0.16
2025-08-27 11:45:00,23550,CE,582.51,589.3,577.31,586.18,768,53799,0.1641
2025-08-27 11:45:00,23550,PE,401.58,418.29,403.52,405.61,804,55073,0.1649
2025-08-27 11:45:00,23600,CE,535.18,547.07,535.28,539.98,189,56362,0.1623
2025-08-27 11:45:00,23600,PE,417.38,418.82,412.04,416.02,547,59523,0.1599
2025-08-27 11:45:00,23650,CE,481.67,491.49,474.61,485.0,247,60554,0.1627
2025-08-27 11:45:00,23650,PE,433.67,441.98,434.78,434.92,71,64206,0.1632
2025-08-27 11:45:00,23700,CE,425.67,434.88,430.14,431.04,397,69293,0.1605
2025-08-27 11:45:00,23700,PE,431.97,446.66,430.92,434.28,1593,69542,0.1623
2025-08-27 11:45:00,23750,CE,386.78,389.65,382.97,384.46,249,83880,0.1637
2025-08-27 11:45:00,23750,PE,459.34,461.02,451.37,452.9,1041,76070,0.1644
2025-08-27 11:45:00,23800,CE,401.05,408.69,403.0,403.94,803,79394,0.1633
2025-08-27 11:45:00,23800,PE,471.61,483.76,469.79,470.28,1027,83336,0.1591
2025-08-27 11:45:00,23850,CE,405.09,409.57,400.24,400.33,55,69381,0.1597
2025-08-27 11:45:00,23850,PE,535.89,547.46,533.59,540.57,478,69909,0.1628
2025-08-27 11:45:00,23900,CE,389.36,391.87,382.74,386.62,484,65705,0.1623
2025-08-27 11:45:00,23900,PE,596.67,598.73,589.06,591.96,524,60601,0.1605
2025-08-27 11:45:00,23950,CE,369.19,375.56,370.03,374.64,343,56233,0.1575
2025-08-27 11:45:00,23950,PE,625.62,640.47,614.71,621.85,878,60461,0.1609
2025-08-27 11:45:00,24000,CE,394.13,398.83,392.86,393.16,34,48885,0.1636
2025-08-27 11:45:00,24000,PE,669.12,674.11,660.05,667.65,829,49482,0.1613
2025-08-27 11:45:00,24050,CE,428.92,435.73,423.81,425.06,650,48412,0.1598
2025-08-27 11:45:00,24050,PE,724.01,738.84,721.38,727.67,586,49826,0.1571
2025-08-27 11:45:00,24100,CE,388.03,394.19,389.32,390.5,690,45920,0.1626
2025-08-27 11:45:00,24100,PE,760.4,774.23,756.42,763.0,423,48261,0.1599
2025-08-27 11:45:00,24150,CE,425.25,428.43,418.54,422.05,116,40526,0.1626
2025-08-27 11:45:00,24150,PE,841.48,859.51,837.02,839.14,563,40387,0.1614
2025-08-27 11:45:00,24200,CE,413.54,410.5,407.01,409.56,331,39276,0.1595
2025-08-27 11:45:00,24200,PE,871.47,883.07,864.66,877.45,489,39336,0.1567
2025-08-27 11:45:00,24250,CE,407.51,405.77,402.7,403.96,483,33350,0.1584
2025-08-27 11:45:00,24250,PE,946.97,947.23,928.39,943.49,509,43597,0.1617
2025-08-27 11:45:00,24300,CE,417.38,423.27,409.41,413.73,438,34127,0.1624
2025-08-27 11:45:00,24300,PE,974.86,984.92,956.43,966.91,64,32573,0.1586
2025-08-27 11:45:00,24350,CE,379.99,381.04,373.82,379.52,433,35391,0.156
2025-08-27 11:45:00,24350,PE,1010.41,1007.71,999.42,1000.63,131,30074,0.1573
2025-08-27 11:45:00,24400,CE,382.55,384.72,378.6,382.58,193,29007,0.1596
2025-08-27 11:45:00,24400,PE,1089.63,1094.12,1081.36,1084.7,447,33159,0.1594
2025-08-27 11:45:00,24450,CE,435.67,439.51,433.95,434.31,200,32721,0.1636
2025-08-27 11:45:00,24450,PE,1127.25,1127.9,1114.97,1118.37,203,26033,0.1602
2025-08-27 11:45:00,24500,CE,397.43,412.05,399.37,399.89,269,27147,0.1598
2025-08-27 11:45:00,24500,PE,1170.72,1216.6,1176.49,1176.78,450,30016,0.1606
2025-08-27 11:45:00,24550,CE,414.36,413.51,409.49,410.6,79,25408,0.163
2025-08-27 11:45:00,24550,PE,1214.78,1244.05,1224.96,1236.19,147,21933,0.1608
2025-08-27 11:45:00,24600,CE,392.06,385.56,378.95,384.53,66,24444,0.1599
2025-08-27 11:45:00,24600,PE,1280.74,1313.37,1285.26,1301.73,189,26437,0.1652
2025-08-27 11:45:00,24650,CE,422.22,426.25,411.05,423.12,31,25693,0.162
2025-08-27 11:45:00,24650,PE,1381.54,1428.42,1364.56,1369.66,287,22731,0.1644
2025-08-27 11:45:00,24700,CE,409.76,411.08,403.05,408.8,94,23286,0.1604
2025-08-27 11:45:00,24700,PE,1425.89,1423.68,1400.22,1409.18,363,24240,0.1599
2025-08-27 11:45:00,24750,CE,410.21,417.85,406.94,411.25,293,20373,0.1588
2025-08-27 11:45:00,24750,PE,1432.9,1471.05,1424.69,1439.66,321,24491,0.1614
2025-08-27 11:45:00,24800,CE,419.16,427.13,423.78,425.03,60,23059,0.1566
2025-08-27 11:45:00,24800,PE,1481.14,1497.99,1459.89,1480.8,111,18693,0.1629
2025-08-27 11:45:00,24850,CE,418.63,425.25,416.0,419.72,70,19162,0.158
2025-08-27 11:45:00,24850,PE,1543.44,1555.67,1539.14,1542.47,9,24210,0.1577
2025-08-27 11:45:00,24900,CE,404.61,419.36,406.65,408.75,204,21417,0.1645
2025-08-27 11:45:00,24900,PE,1602.86,1624.15,1604.06,1606.11,266,20958,0.1636
2025-08-27 11:50:00,23500,CE,559.74,568.86,561.06,563.13,207,46412,0.1629
2025-08-27 11:50:00,23500,PE,411.4,421.65,411.43,411.71,234,50550,0.1582
2025-08-27 11:50:00,23550,CE,551.43,551.03,547.43,550.33,330,54266,0.1624
2025-08-27 11:50:00,23550,PE,389.78,391.32,391.03,391.3,966,55644,0.1585
2025-08-27 11:50:00,23600,CE,512.44,510.54,496.72,506.93,1083,56775,0.1616
2025-08-27 11:50:00,23600,PE,423.21,421.16,417.19,421.13,796,59090,0.1635
2025-08-27 11:50:00,23650,CE,451.92,453.69,450.29,452.29,1185,60721,0.1608
2025-08-27 11:50:00,23650,PE,432.28,435.92,423.09,431.77,1476,64442,0.1643
2025-08-27 11:50:00,23700,CE,379.37,387.63,379.54,382.95,987,69618,0.1612
2025-08-27 11:50:00,23700,PE,391.59,398.34,391.17,394.39,1182,69077,0.1611
2025-08-27 11:50:00,23750,CE,387.65,394.92,389.05,392.0,936,83748,0.1608
2025-08-27 11:50:00,23750,PE,471.49,471.96,468.98,470.84,267,75801,0.1613
2025-08-27 11:50:00,23800,CE,404.18,412.23,403.98,407.8,1102,79579,0.1615
2025-08-27 11:50:00,23800,PE,553.46,557.3,546.35,546.62,96,83148,0.1633
2025-08-27 11:50:00,23850,CE,434.94,432.01,424.43,428.32,803,69391,0.1649
2025-08-27 11:50:00,23850,PE,562.02,589.07,555.43,563.27,906,70060,0.1643
2025-08-27 11:50:00,23900,CE,382.55,384.47,380.92,382.1,55,66143,0.1574
2025-08-27 11:50:00,23900,PE,622.05,628.09,616.3,622.87,601,61106,0.1589
2025-08-27 11:50:00,23950,CE,393.14,396.31,388.58,395.21,219,56465,0.1661
2025-08-27 11:50:00,23950,PE,664.4,659.97,650.67,659.01,42,60048,0.1585
2025-08-27 11:50:00,24000,CE,398.47,408.81,394.49,399.55,762,49351,0.162
2025-08-27 11:50:00,24000,PE,695.87,701.14,691.63,696.68,823,49127,0.1628
2025-08-27 11:50:00,24050,CE,370.38,373.01,365.57,371.04,709,47875,0.1629
2025-08-27 11:50:00,24050,PE,752.3,764.04,752.35,755.36,325,49750,0.1606
2025-08-27 11:50:00,24100,CE,417.48,427.1,409.79,415.98,585,46141,0.1592
2025-08-27 11:50:00,24100,PE,813.98,833.06,810.51,816.08,271,47840,0.1607
2025-08-27 11:50:00,24150,CE,411.96,415.8,405.53,409.57,257,40285,0.1637
2025-08-27 11:50:00,24150,PE,893.73,902.08,890.74,897.98,462,39883,0.1606
2025-08-27 11:50:00,24200,CE,398.39,403.82,396.72,399.64,269,39417,0.1613
2025-08-27 11:50:00,24200,PE,913.32,911.66,902.72,906.33,418,39585,0.161
2025-08-27 11:50:00,24250,CE,424.37,428.92,423.01,425.04,179,33373,0.1584
2025-08-27 11:50:00,24250,PE,948.01,956.42,954.82,955.87,68,43530,0.159
2025-08-27 11:50:00,24300,CE,443.06,450.48,444.02,444.7,558,34544,0.162
2025-08-27 11:50:00,24300,PE,981.48,987.67,977.25,985.58,357,32476,0.1585
2025-08-27 11:50:00,24350,CE,451.36,457.01,444.05,445.89,485,35321,0.162
2025-08-27 11:50:00,24350,PE,1057.54,1054.81,1042.78,1049.45,412,30166,0.1578
2025-08-27 11:50:00,24400,CE,430.03,428.76,414.47,423.73,18,29251,0.1629
2025-08-27 11:50:00,24400,PE,1127.58,1133.91,1109.6,1116.4,456,33491,0.1608
2025-08-27 11:50:00,24450,CE,386.49,398.22,388.95,390.52,301,32169,0.1606
2025-08-27 11:50:00,24450,PE,1189.76,1189.25,1162.08,1181.54,19,26454,0.1613
2025-08-27 11:50:00,24500,CE,379.12,381.87,372.98,375.98,223,27088,0.1579
2025-08-27 11:50:00,24500,PE,1238.63,1249.06,1221.99,1228.4,299,30503,0.1625
2025-08-27 11:50:00,24550,CE,408.59,409.54,396.43,405.73,197,25451,0.159
2025-08-27 11:50:00,24550,PE,1237.36,1245.65,1231.32,1234.62,250,21903,0.1578
2025-08-27 11:50:00,24600,CE,424.15,435.2,421.82,425.23,280,24078,0.1563
2025-08-27 11:50:00,24600,PE,1288.26,1286.69,1275.41,1278.74,162,26400,0.1567
2025-08-27 11:50:00,24650,CE,414.76,427.7,411.43,412.56,214,25684,0.1595
2025-08-27 11:50:00,24650,PE,1323.13,1352.2,1323.9,1336.98,173,23204,0.1588
2025-08-27 11:50:00,24700,CE,421.9,412.64,408.51,412.44,314,23750,0.1654
2025-08-27 11:50:00,24700,PE,1416.82,1434.2,1423.26,1428.9,234,24223,0.1621
2025-08-27 11:50:00,24750,CE,428.76,430.69,425.93,429.13,165,20814,0.1586
2025-08-27 11:50:00,24750,PE,1450.93,1451.75,1422.42,1442.5,252,24916,0.1588
2025-08-27 11:50:00,24800,CE,389.61,390.1,380.77,385.41,308,23597,0.1599
2025-08-27 11:50:00,24800,PE,1540.19,1548.41,1524.44,1529.57,200,18526,0.162
2025-08-27 11:50:00,24850,CE,398.69,403.33,396.57,399.36,318,18816,0.1574
2025-08-27 11:50:00,24850,PE,1554.15,1566.45,1558.8,1563.13,116,24742,0.1585
2025-08-27 11:50:00,24900,CE,427.56,430.63,421.73,427.05,242,21518,0.1604
2025-08-27 11:50:00,24900,PE,1576.07,1598.63,1587.84,1593.03,181,20917,0.1603
2025-08-27 11:55:00,23500,CE,626.11,639.64,629.15,632.51,876,46305,0.1618
2025-08-27 11:55:00,23500,PE,420.18,419.61,411.01,414.99,476,50051,0.1622
2025-08-27 11:55:00,23550,CE,564.46,582.01,569.93,571.69,139,53910,0.1609
2025-08-27 11:55:00,23550,PE,412.48,415.89,413.3,415.62,336,55393,0.1622
2025-08-27 11:55:00,23600,CE,535.83,543.16,540.02,541.73,815,56836,0.1591
2025-08-27 11:55:00,23600,PE,405.28,405.54,403.49,404.88,24,59110,0.1625
2025-08-27 11:55:00,23650,CE,502.69,507.55,502.29,503.39,134,60772,0.1602
2025-08-27 11:55:00,23650,PE,404.5,403.37,400.04,401.55,90,63933,0.1625
2025-08-27 11:55:00,23700,CE,436.69,447.73,437.65,441.01,1327,69029,0.162
2025-08-27 11:55:00,23700,PE,417.53,423.21,413.18,417.19,1558,69032,0.162
2025-08-27 11:55:00,23750,CE,402.17,402.72,399.83,400.43,1412,83380,0.1595
2025-08-27 11:55:00,23750,PE,424.6,434.19,431.28,433.82,810,76271,0.1629
2025-08-27 11:55:00,23800,CE,405.28,412.48,405.18,407.64,134,79496,0.1603
2025-08-27 11:55:00,23800,PE,470.98,478.64,462.08,468.55,199,82970,0.1608
2025-08-27 11:55:00,23850,CE,418.72,416.52,412.85,416.28,1234,69443,0.1608
2025-08-27 11:55:00,23850,PE,543.06,536.41,528.73,533.04,437,70214,0.1622
2025-08-27 11:55:00,23900,CE,392.51,393.0,390.52,392.55,330,65641,0.1629
2025-08-27 11:55:00,23900,PE,575.18,575.09,571.12,571.44,645,61395,0.1606
2025-08-27 11:55:00,23950,CE,396.64,393.78,391.61,393.46,194,56030,0.1601
2025-08-27 11:55:00,23950,PE,656.55,655.74,638.34,647.58,612,59912,0.1623
2025-08-27 11:55:00,24000,CE,415.12,419.58,415.8,415.9,861,49179,0.1585
2025-08-27 11:55:00,24000,PE,687.94,695.12,671.8,688.53,370,49209,0.1588
2025-08-27 11:55:00,24050,CE,384.12,392.98,381.95,389.62,824,48102,0.1606
2025-08-27 11:55:00,24050,PE,733.49,739.19,725.76,733.29,565,50110,0.1611
2025-08-27 11:55:00,24100,CE,390.81,395.32,382.42,392.77,636,46173,0.1592
2025-08-27 11:55:00,24100,PE,774.58,784.84,774.11,775.7,231,47426,0.1607
2025-08-27 11:55:00,24150,CE,390.46,399.02,397.22,397.65,414,40520,0.1601
2025-08-27 11:55:00,24150,PE,830.28,831.12,802.25,818.63,271,39857,0.1649
2025-08-27 11:55:00,24200,CE,370.85,375.19,370.27,372.33,305,39523,0.1586
2025-08-27 11:55:00,24200,PE,857.72,870.33,854.98,859.96,552,39517,0.1568
2025-08-27 11:55:00,24250,CE,426.08,425.14,423.98,424.58,332,33272,0.1613
2025-08-27 11:55:00,24250,PE,922.77,923.3,886.05,906.47,197,43771,0.1611
2025-08-27 11:55:00,24300,CE,389.84,390.51,388.1,389.01,369,34572,0.1571
2025-08-27 11:55:00,24300,PE,959.29,977.13,962.18,963.03,181,32917,0.1586
2025-08-27 11:55:00,24350,CE,419.32,418.28,416.09,417.47,452,35613,0.1585
2025-08-27 11:55:00,24350,PE,983.61,1001.66,964.85,993.42,457,30137,0.1603
2025-08-27 11:55:00,24400,CE,402.82,406.98,399.79,400.33,335,28908,0.1613
2025-08-27 11:55:00,24400,PE,1059.85,1080.42,1053.19,1057.79,416,32912,0.1569
2025-08-27 11:55:00,24450,CE,407.07,414.16,409.72,411.55,260,31815,0.1614
2025-08-27 11:55:00,24450,PE,1132.98,1147.69,1110.61,1122.35,303,26191,0.1607
2025-08-27 11:55:00,24500,CE,401.39,407.04,401.41,405.07,462,26629,0.1592
2025-08-27 11:55:00,24500,PE,1156.3,1164.59,1153.24,1156.72,395,30705,0.1589
2025-08-27 11:55:00,24550,CE,400.72,408.62,405.15,406.66,455,25242,0.1606
2025-08-27 11:55:00,24550,PE,1216.19,1226.51,1208.95,1215.79,324,21339,0.1598
2025-08-27 11:55:00,24600,CE,422.42,425.9,414.45,418.0,298,24002,0.1596
2025-08-27 11:55:00,24600,PE,1232.2,1244.81,1228.19,1241.34,319,26741,0.1619
2025-08-27 11:55:00,24650,CE,406.31,412.93,407.59,408.36,207,25491,0.1596
2025-08-27 11:55:00,24650,PE,1333.43,1377.5,1326.48,1349.46,300,23686,0.1634
2025-08-27 11:55:00,24700,CE,393.32,406.34,392.25,397.38,148,24173,0.1595
2025-08-27 11:55:00,24700,PE,1344.48,1383.11,1354.66,1364.11,182,24690,0.1593
2025-08-27 11:55:00,24750,CE,404.3,405.22,400.48,402.32,252,21015,0.1567
2025-08-27 11:55:00,24750,PE,1477.96,1471.4,1439.31,1446.84,268,25283,0.163
2025-08-27 11:55:00,24800,CE,411.85,415.9,407.74,410.38,321,23463,0.1622
2025-08-27 11:55:00,24800,PE,1485.8,1509.56,1472.0,1487.57,279,18757,0.1611
2025-08-27 11:55:00,24850,CE,414.05,416.3,414.08,415.15,214,18484,0.1625
2025-08-27 11:55:00,24850,PE,1488.17,1552.62,1517.93,1519.62,170,24387,0.161
2025-08-27 11:55:00,24900,CE,383.97,388.26,376.51,385.36,52,22050,0.1579
2025-08-27 11:55:00,24900,PE,1586.28,1599.6,1570.71,1594.63,252,20975,0.1608
2025-08-27 12:00:00,23500,CE,666.18,675.42,655.12,657.71,438,45791,0.1621
2025-08-27 12:00:00,23500,PE,365.93,368.77,360.02,368.17,351,49687,0.1595
2025-08-27 12:00:00,23550,CE,624.12,623.21,620.09,621.42,588,53863,0.1652
2025-08-27 12:00:00,23550,PE,399.5,401.21,397.21,398.25,1038,55808,0.1573
2025-08-27 12:00:00,23600,CE,554.61,552.03,543.91,551.14,733,57311,0.1615
2025-08-27 12:00:00,23600,PE,408.08,410.43,403.71,407.93,411,58646,0.1606
2025-08-27 12:00:00,23650,CE,504.61,507.68,497.05,503.41,780,60246,0.1625
2025-08-27 12:00:00,23650,PE,396.64,398.01,396.19,396.45,1296,63479,0.1609
2025-08-27 12:00:00,23700,CE,449.06,456.76,451.05,451.51,1367,69234,0.1639
2025-08-27 12:00:00,23700,PE,394.46,402.49,397.06,399.28,412,69071,0.1604
2025-08-27 12:00:00,23750,CE,422.6,423.1,419.57,419.83,944,83665,0.1605
2025-08-27 12:00:00,23750,PE,439.1,437.96,433.01,436.31,747,76383,0.16
2025-08-27 12:00:00,23800,CE,429.98,434.71,425.88,426.14,621,79011,0.1584
2025-08-27 12:00:00,23800,PE,479.5,493.19,479.11,481.97,1047,82679,0.1611
2025-08-27 12:00:00,23850,CE,400.58,403.96,400.53,401.33,370,69240,0.1605
2025-08-27 12:00:00,23850,PE,535.36,536.94,532.51,533.35,731,70463,0.162
2025-08-27 12:00:00,23900,CE,410.63,413.84,410.13,412.41,925,65757,0.1608
2025-08-27 12:00:00,23900,PE,595.49,606.89,605.08,605.69,461,61931,0.1631
2025-08-27 12:00:00,23950,CE,388.03,391.32,380.83,385.54,491,55604,0.1604
2025-08-27 12:00:00,23950,PE,639.0,649.22,638.07,639.66,818,60438,0.1642
2025-08-27 12:00:00,24000,CE,385.94,386.66,374.42,381.74,278,48843,0.1621
2025-08-27 12:00:00,24000,PE,656.17,658.96,651.43,656.41,334,49021,0.1609
2025-08-27 12:00:00,24050,CE,437.75,436.34,431.98,434.17,173,47543,0.1605
2025-08-27 12:00:00,24050,PE,716.95,714.36,701.76,712.21,169,49865,0.1607
2025-08-27 12:00:00,24100,CE,397.94,406.34,395.8,398.61,157,45812,0.1613
2025-08-27 12:00:00,24100,PE,802.08,816.46,791.61,802.88,735,47086,0.1632
2025-08-27 12:00:00,24150,CE,411.64,421.72,409.49,414.8,595,40606,0.1621
2025-08-27 12:00:00,24150,PE,805.8,814.67,807.69,808.65,321,40193,0.1597
2025-08-27 12:00:00,24200,CE,386.31,396.16,384.42,385.9,22,39816,0.1604
2025-08-27 12:00:00,24200,PE,872.32,890.26,864.0,867.43,286,39911,0.1634
2025-08-27 12:00:00,24250,CE,417.54,419.95,414.9,418.08,608,33549,0.1624
2025-08-27 12:00:00,24250,PE,907.45,901.81,886.67,896.73,81,44342,0.1615
2025-08-27 12:00:00,24300,CE,398.48,408.99,401.17,402.79,453,33994,0.1602
2025-08-27 12:00:00,24300,PE,1009.48,1020.36,1001.55,1002.89,120,33502,0.1629
2025-08-27 12:00:00,24350,CE,394.87,397.09,393.58,393.59,470,35504,0.159
2025-08-27 12:00:00,24350,PE,1022.05,1034.25,1023.87,1029.43,536,30110,0.1589
2025-08-27 12:00:00,24400,CE,402.01,409.06,393.62,401.44,461,29000,0.1593
2025-08-27 12:00:00,24400,PE,1103.57,1094.82,1086.75,1088.39,353,32322,0.1624
2025-08-27 12:00:00,24450,CE,435.27,433.59,428.11,433.37,489,31433,0.1616
2025-08-27 12:00:00,24450,PE,1124.16,1130.33,1125.55,1127.04,114,26126,0.1629
2025-08-27 12:00:00,24500,CE,394.79,392.8,384.61,391.34,364,26952,0.1599
2025-08-27 12:00:00,24500,PE,1185.96,1186.41,1175.69,1179.25,303,31149,0.1624
2025-08-27 12:00:00,24550,CE,356.53,363.47,358.12,359.17,319,24819,0.159
2025-08-27 12:00:00,24550,PE,1249.12,1265.47,1227.26,1246.33,360,21054,0.16
2025-08-27 12:00:00,24600,CE,414.67,416.3,413.48,413.72,230,24130,0.1562
2025-08-27 12:00:00,24600,PE,1281.65,1309.07,1273.55,1286.96,176,26574,0.163
2025-08-27 12:00:00,24650,CE,413.29,418.48,411.31,411.87,117,25248,0.1586
2025-08-27 12:00:00,24650,PE,1314.69,1315.98,1297.91,1308.14,413,23545,0.1608
2025-08-27 12:00:00,24700,CE,406.58,408.2,401.62,403.91,193,24414,0.1569
2025-08-27 12:00:00,24700,PE,1384.8,1408.65,1369.16,1380.36,105,24328,0.1639
2025-08-27 12:00:00,24750,CE,399.99,404.98,396.0,399.64,86,20489,0.1599
2025-08-27 12:00:00,24750,PE,1415.02,1450.06,1421.31,1425.18,178,24687,0.1593
2025-08-27 12:00:00,24800,CE,388.86,392.63,387.22,390.17,144,23495,0.163
2025-08-27 12:00:00,24800,PE,1483.21,1495.62,1457.0,1487.37,100,18457,0.1621
2025-08-27 12:00:00,24850,CE,399.98,398.89,391.83,398.81,218,18557,0.1608
2025-08-27 12:00:00,24850,PE,1496.41,1507.2,1498.74,1499.94,284,24844,0.1612
2025-08-27 12:00:00,24900,CE,435.46,445.54,431.21,435.34,90,21802,0.1609
2025-08-27 12:00:00,24900,PE,1566.46,1588.25,1563.71,1575.7,184,20595,0.158
2025-08-27 12:05:00,23500,CE,637.66,650.89,628.37,639.17,687,45192,0.1605
2025-08-27 12:05:00,23500,PE,380.41,387.64,384.53,387.07,354,50264,0.1598
2025-08-27 12:05:00,23550,CE,625.43,624.25,615.94,621.98,765,53883,0.1632
2025-08-27 12:05:00,23550,PE,390.92,396.98,393.85,393.94,20,56170,0.1595
2025-08-27 12:05:00,23600,CE,564.89,574.25,566.69,568.1,526,57740,0.1612
2025-08-27 12:05:00,23600,PE,406.92,403.94,398.57,400.53,910,59240,0.1606
2025-08-27 12:05:00,23650,CE,503.97,503.65,491.09,501.89,172,60677,0.1603
2025-08-27 12:05:00,23650,PE,406.18,413.89,403.5,407.72,936,63231,0.1624
2025-08-27 12:05:00,23700,CE,456.13,452.73,446.54,448.45,1273,69311,0.1622
2025-08-27 12:05:00,23700,PE,402.44,402.7,398.8,400.86,1000,69626,0.163
2025-08-27 12:05:00,23750,CE,410.19,411.84,404.09,406.25,1027,83825,0.1632
2025-08-27 12:05:00,23750,PE,398.6,405.15,397.91,398.94,1535,76705,0.1617
2025-08-27 12:05:00,23800,CE,456.81,458.15,455.05,456.74,1000,79498,0.1681
2025-08-27 12:05:00,23800,PE,421.95,426.37,422.52,424.17,1410,82815,0.1613
2025-08-27 12:05:00,23850,CE,415.3,430.62,419.27,419.31,151,69470,0.159
2025-08-27 12:05:00,23850,PE,510.62,511.27,503.47,505.46,459,70568,0.1634
2025-08-27 12:05:00,23900,CE,379.78,383.27,379.77,381.38,457,65563,0.159
2025-08-27 12:05:00,23900,PE,567.12,566.5,561.69,563.85,1151,61629,0.1633
2025-08-27 12:05:00,23950,CE,380.51,385.73,382.66,383.47,184,55764,0.1593
2025-08-27 12:05:00,23950,PE,604.66,604.56,600.06,601.15,686,61015,0.1574
2025-08-27 12:05:00,24000,CE,393.24,400.54,389.44,391.11,69,49342,0.161
2025-08-27 12:05:00,24000,PE,665.29,666.66,657.66,664.86,804,48672,0.1615
2025-08-27 12:05:00,24050,CE,425.16,428.14,426.78,427.27,716,47954,0.1596
2025-08-27 12:05:00,24050,PE,727.1,724.36,714.69,719.09,112,49290,0.1622
2025-08-27 12:05:00,24100,CE,410.89,418.33,411.77,414.86,534,45919,0.1611
2025-08-27 12:05:00,24100,PE,740.0,749.4,728.52,744.68,693,47602,0.1599
2025-08-27 12:05:00,24150,CE,406.96,412.5,405.26,406.9,88,41157,0.157
2025-08-27 12:05:00,24150,PE,813.51,817.5,791.3,802.58,635,40316,0.1584
2025-08-27 12:05:00,24200,CE,411.3,424.2,418.0,419.54,256,39972,0.1593
2025-08-27 12:05:00,24200,PE,865.02,866.27,855.36,863.42,395,39778,0.1589
2025-08-27 12:05:00,24250,CE,390.92,398.63,389.98,394.77,60,33817,0.1578
2025-08-27 12:05:00,24250,PE,896.49,920.0,899.48,901.88,204,44036,0.1611
2025-08-27 12:05:00,24300,CE,400.69,401.66,392.61,397.27,233,33434,0.1615
2025-08-27 12:05:00,24300,PE,946.54,953.08,940.59,947.02,243,33904,0.1612
2025-08-27 12:05:00,24350,CE,407.56,402.15,398.31,401.3,421,34976,0.1571
2025-08-27 12:05:00,24350,PE,1006.38,1005.04,995.27,998.75,195,30307,0.1609
2025-08-27 12:05:00,24400,CE,413.02,418.24,411.92,417.35,504,28924,0.1628
2025-08-27 12:05:00,24400,PE,1015.82,1036.68,1034.06,1035.92,535,31773,0.1588
2025-08-27 12:05:00,24450,CE,411.44,425.25,410.36,413.23,468,31024,0.1598
2025-08-27 12:05:00,24450,PE,1097.9,1101.71,1079.24,1083.39,376,25646,0.157
2025-08-27 12:05:00,24500,CE,399.31,399.74,397.37,398.34,483,26609,0.1591
2025-08-27 12:05:00,24500,PE,1169.57,1192.16,1153.96,1167.04,184,31311,0.162
2025-08-27 12:05:00,24550,CE,381.76,392.42,381.39,386.64,30,24903,0.1567
2025-08-27 12:05:00,24550,PE,1204.47,1219.52,1204.96,1209.6,141,20973,0.1592
2025-08-27 12:05:00,24600,CE,391.71,400.9,396.24,400.29,153,24541,0.1583
2025-08-27 12:05:00,24600,PE,1248.82,1266.86,1232.63,1254.0,207,26877,0.1608
2025-08-27 12:05:00,24650,CE,423.12,427.73,419.66,425.1,24,25467,0.159
2025-08-27 12:05:00,24650,PE,1333.52,1327.77,1307.57,1315.13,167,23663,0.1596
2025-08-27 12:05:00,24700,CE,413.02,413.35,403.99,411.83,346,24649,0.1616
2025-08-27 12:05:00,24700,PE,1358.74,1372.09,1352.71,1356.14,148,23999,0.1604
2025-08-27 12:05:00,24750,CE,397.97,402.11,394.29,395.18,349,20200,0.1614
2025-08-27 12:05:00,24750,PE,1399.62,1413.79,1381.33,1393.74,20,24444,0.1577
2025-08-27 12:05:00,24800,CE,399.46,394.97,386.96,391.17,10,23784,0.159
2025-08-27 12:05:00,24800,PE,1418.11,1438.03,1429.98,1432.88,336,18375,0.1598
2025-08-27 12:05:00,24850,CE,407.96,412.55,406.87,410.61,225,19108,0.1614
2025-08-27 12:05:00,24850,PE,1489.26,1507.25,1494.2,1500.57,337,24292,0.1601
2025-08-27 12:05:00,24900,CE,417.62,415.65,414.02,415.05,29,21661,0.1614
2025-08-27 12:05:00,24900,PE,1578.97,1597.56,1548.21,1571.19,102,20180,0.1625
2025-08-27 12:10:00,23500,CE,657.88,651.84,647.4,650.27,161,45571,0.1603
2025-08-27 12:10:00,23500,PE,427.69,427.66,422.23,426.18,202,50239,0.1609
2025-08-27 12:10:00,23550,CE,596.95,603.86,598.43,600.03,65,54027,0.1617
2025-08-27 12:10:00,23550,PE,407.36,410.9,405.33,408.92,807,56287,0.1621
2025-08-27 12:10:00,23600,CE,571.74,578.17,561.89,566.22,360,57234,0.1599
2025-08-27 12:10:00,23600,PE,398.53,398.65,395.19,397.51,498,59580,0.1618
2025-08-27 12:10:00,23650,CE,481.29,489.23,482.73,484.48,185,61063,0.1589
2025-08-27 12:10:00,23650,PE,406.02,410.63,407.52,408.51,1264,63359,0.1582
2025-08-27 12:10:00,23700,CE,437.66,442.62,433.29,435.42,1359,69048,0.159
2025-08-27 12:10:00,23700,PE,399.26,402.01,388.77,398.46,1006,69894,0.1602
2025-08-27 12:10:00,23750,CE,440.96,437.4,435.75,437.32,1223,84065,0.1631
2025-08-27 12:10:00,23750,PE,446.22,450.28,440.01,444.1,352,77200,0.1588
2025-08-27 12:10:00,23800,CE,421.8,418.3,416.65,417.76,998,79038,0.1585
2025-08-27 12:10:00,23800,PE,461.4,474.57,456.74,458.68,937,83306,0.1609
2025-08-27 12:10:00,23850,CE,431.27,434.98,429.69,431.5,50,69934,0.1621
2025-08-27 12:10:00,23850,PE,545.08,551.72,539.47,543.48,432,70325,0.1641
2025-08-27 12:10:00,23900,CE,420.67,426.12,414.68,417.03,558,65822,0.1607
2025-08-27 12:10:00,23900,PE,577.99,580.64,577.37,578.46,132,61345,0.1614
2025-08-27 12:10:00,23950,CE,393.21,402.86,391.48,396.76,820,55446,0.1616
2025-08-27 12:10:00,23950,PE,611.06,619.35,611.26,611.68,364,61184,0.1632
2025-08-27 12:10:00,24000,CE,380.53,381.29,377.83,379.04,241,48802,0.1604
2025-08-27 12:10:00,24000,PE,654.59,665.55,653.95,656.48,491,48187,0.1584
2025-08-27 12:10:00,24050,CE,404.29,408.91,400.75,403.83,333,48146,0.1634
2025-08-27 12:10:00,24050,PE,712.71,717.32,688.3,712.14,625,49832,0.1613
2025-08-27 12:10:00,24100,CE,392.44,398.0,391.7,393.21,677,45359,0.161
2025-08-27 12:10:00,24100,PE,767.24,761.38,756.89,759.31,384,47029,0.1577
2025-08-27 12:10:00,24150,CE,406.64,412.54,404.13,404.84,579,40646,0.1578
2025-08-27 12:10:00,24150,PE,822.74,828.75,822.37,822.63,562,39717,0.1627
2025-08-27 12:10:00,24200,CE,433.1,437.34,432.0,434.81,84,40485,0.1633
2025-08-27 12:10:00,24200,PE,876.49,885.79,855.51,864.16,134,39746,0.161
2025-08-27 12:10:00,24250,CE,397.92,404.06,401.49,401.9,332,34047,0.1589
2025-08-27 12:10:00,24250,PE,900.67,921.29,898.58,900.75,589,43935,0.1652
2025-08-27 12:10:00,24300,CE,433.26,431.07,426.96,430.42,361,34030,0.1591
2025-08-27 12:10:00,24300,PE,963.91,977.34,952.07,966.42,72,33879,0.1578
2025-08-27 12:10:00,24350,CE,432.75,439.24,427.08,431.8,176,35503,0.1586
2025-08-27 12:10:00,24350,PE,1030.42,1051.58,1028.67,1036.03,347,30486,0.1625
2025-08-27 12:10:00,24400,CE,411.87,410.76,408.09,409.96,106,29461,0.1596
2025-08-27 12:10:00,24400,PE,1082.98,1103.57,1075.63,1089.45,43,31767,0.1626
2025-08-27 12:10:00,24450,CE,404.16,404.47,399.45,402.14,354,31478,0.161
2025-08-27 12:10:00,24450,PE,1097.12,1107.75,1090.13,1103.84,143,25446,0.1593
2025-08-27 12:10:00,24500,CE,409.53,412.5,402.54,404.35,25,26802,0.16
2025-08-27 12:10:00,24500,PE,1157.48,1168.73,1162.91,1164.9,100,31451,0.1595
2025-08-27 12:10:00,24550,CE,402.56,411.19,399.63,407.06,45,24887,0.1635
2025-08-27 12:10:00,24550,PE,1225.86,1242.9,1230.81,1239.89,222,20974,0.1622
2025-08-27 12:10:00,24600,CE,422.35,421.81,419.49,421.59,139,24145,0.1588
2025-08-27 12:10:00,24600,PE,1275.05,1273.64,1271.01,1273.04,340,27364,0.1592
2025-08-27 12:10:00,24650,CE,427.1,435.3,429.14,429.77,120,25412,0.1622
2025-08-27 12:10:00,24650,PE,1337.1,1355.53,1330.04,1330.66,51,23244,0.1581
2025-08-27 12:10:00,24700,CE,421.3,430.59,422.04,423.54,146,24894,0.1611
2025-08-27 12:10:00,24700,PE,1374.03,1385.77,1368.92,1369.61,272,24271,0.1622
2025-08-27 12:10:00,24750,CE,394.08,405.94,400.6,402.68,40,19654,0.1586
2025-08-27 12:10:00,24750,PE,1415.13,1421.02,1404.86,1413.85,110,24243,0.1608
2025-08-27 12:10:00,24800,CE,407.38,416.05,404.56,409.37,194,23885,0.1615
2025-08-27 12:10:00,24800,PE,1476.13,1475.44,1450.89,1469.02,74,18760,0.1578
2025-08-27 12:10:00,24850,CE,422.39,431.0,425.16,426.25,269,18880,0.1578
2025-08-27 12:10:00,24850,PE,1527.59,1568.4,1511.15,1527.8,233,24051,0.1561
2025-08-27 12:10:00,24900,CE,395.83,398.72,391.58,394.58,26,21944,0.1602
2025-08-27 12:10:00,24900,PE,1580.68,1571.85,1565.87,1568.47,35,19843,0.1573
2025-08-27 12:15:00,23500,CE,615.87,621.36,607.0,617.64,301,46046,0.1612
2025-08-27 12:15:00,23500,PE,406.94,412.87,407.09,409.1,568,50587,0.1597
2025-08-27 12:15:00,23550,CE,588.79,588.26,583.08,587.7,963,54498,0.1649
2025-08-27 12:15:00,23550,PE,393.58,396.15,389.76,393.94,652,56111,0.1605
2025-08-27 12:15:00,23600,CE,568.3,584.13,566.86,573.97,490,56832,0.1616
2025-08-27 12:15:00,23600,PE,413.74,419.78,407.19,415.09,705,59682,0.1633
2025-08-27 12:15:00,23650,CE,483.87,491.51,486.81,489.59,1307,60690,0.1614
2025-08-27 12:15:00,23650,PE,405.85,406.64,400.24,405.57,1023,63078,0.1591
2025-08-27 12:15:00,23700,CE,463.48,461.34,459.99,461.23,145,68928,0.1622
2025-08-27 12:15:00,23700,PE,423.33,430.35,428.57,428.64,1498,69849,0.1641
2025-08-27 12:15:00,23750,CE,405.15,410.13,403.83,408.29,351,83851,0.1636
2025-08-27 12:15:00,23750,PE,381.86,383.74,380.77,381.35,1232,76941,0.1599
2025-08-27 12:15:00,23800,CE,419.29,418.46,412.95,415.92,365,78734,0.165
2025-08-27 12:15:00,23800,PE,496.72,502.85,494.12,495.12,145,83534,0.1596
2025-08-27 12:15:00,23850,CE,372.28,380.17,373.33,375.26,432,69701,0.1593
2025-08-27 12:15:00,23850,PE,517.64,522.23,520.07,520.64,442,70558,0.1635
2025-08-27 12:15:00,23900,CE,415.73,420.57,412.67,419.03,1009,66113,0.1604
2025-08-27 12:15:00,23900,PE,563.89,567.8,559.47,562.54,662,61602,0.1587
2025-08-27 12:15:00,23950,CE,403.09,414.89,400.3,401.72,247,55943,0.1601
2025-08-27 12:15:00,23950,PE,616.84,619.34,600.63,603.26,639,61729,0.163
2025-08-27 12:15:00,24000,CE,399.45,405.18,400.74,402.39,262,48378,0.1572
2025-08-27 12:15:00,24000,PE,640.67,648.98,636.71,639.53,673,47971,0.1604
2025-08-27 12:15:00,24050,CE,428.93,435.35,420.39,426.72,188,48491,0.1613
2025-08-27 12:15:00,24050,PE,709.62,724.0,712.44,717.12,462,50170,0.1607
2025-08-27 12:15:00,24100,CE,421.07,429.73,428.88,429.02,202,44844,0.1617
2025-08-27 12:15:00,24100,PE,739.28,744.09,734.29,736.2,330,47583,0.1617
2025-08-27 12:15:00,24150,CE,422.82,423.46,417.6,421.34,433,41073,0.1616
2025-08-27 12:15:00,24150,PE,830.49,837.11,830.75,832.45,618,40196,0.1618
2025-08-27 12:15:00,24200,CE,400.31,398.86,396.82,397.45,318,40130,0.1624
2025-08-27 12:15:00,24200,PE,904.06,909.22,898.58,899.29,613,39747,0.165
2025-08-27 12:15:00,24250,CE,427.56,422.96,420.71,422.72,211,33975,0.1607
2025-08-27 12:15:00,24250,PE,932.07,931.74,918.62,927.7,501,43767,0.1628
2025-08-27 12:15:00,24300,CE,403.05,410.58,402.04,406.76,500,33702,0.1619
2025-08-27 12:15:00,24300,PE,926.69,942.72,925.47,932.87,197,33446,0.1585
2025-08-27 12:15:00,24350,CE,422.5,432.7,424.72,425.02,494,35947,0.16
2025-08-27 12:15:00,24350,PE,1005.22,1020.61,995.86,1005.69,124,30522,0.1589
2025-08-27 12:15:00,24400,CE,426.49,425.65,425.15,425.51,425,29581,0.1625
2025-08-27 12:15:00,24400,PE,1063.97,1073.16,1053.94,1072.96,348,31480,0.1621
2025-08-27 12:15:00,24450,CE,403.8,398.91,395.62,397.82,22,32000,0.1595
2025-08-27 12:15:00,24450,PE,1132.64,1133.58,1123.94,1125.31,464,25969,0.158
2025-08-27 12:15:00,24500,CE,377.77,382.58,368.41,373.04,28,27007,0.1557
2025-08-27 12:15:00,24500,PE,1130.24,1136.57,1121.85,1123.69,127,31235,0.1601
2025-08-27 12:15:00,24550,CE,404.09,410.25,407.52,408.44,194,24566,0.1619
2025-08-27 12:15:00,24550,PE,1214.23,1236.95,1202.56,1213.84,277,21088,0.1605
2025-08-27 12:15:00,24600,CE,419.69,422.99,417.89,419.06,409,24544,0.1587
2025-08-27 12:15:00,24600,PE,1259.18,1277.28,1256.74,1258.93,311,27924,0.157
2025-08-27 12:15:00,24650,CE,394.54,395.74,389.03,394.23,184,24893,0.1619
2025-08-27 12:15:00,24650,PE,1302.91,1303.45,1285.6,1301.78,372,23045,0.159
2025-08-27 12:15:00,24700,CE,397.04,402.61,392.63,395.0,184,24763,0.1575
2025-08-27 12:15:00,24700,PE,1354.37,1383.82,1357.69,1367.56,369,24113,0.1596
2025-08-27 12:15:00,24750,CE,391.94,393.31,386.92,391.95,268,19855,0.1617
2025-08-27 12:15:00,24750,PE,1425.17,1440.43,1422.11,1424.45,219,24299,0.1611
2025-08-27 12:15:00,24800,CE,431.15,428.91,424.55,428.51,32,24354,0.1625
2025-08-27 12:15:00,24800,PE,1469.16,1491.04,1461.3,1468.1,129,18427,0.1581
2025-08-27 12:15:00,24850,CE,421.74,425.87,411.99,422.64,83,18759,0.1594
2025-08-27 12:15:00,24850,PE,1492.74,1501.06,1487.04,1498.78,227,24100,0.1594
2025-08-27 12:15:00,24900,CE,386.16,386.83,379.98,385.43,292,22324,0.1564
2025-08-27 12:15:00,24900,PE,1535.01,1548.41,1536.21,1545.51,120,20230,0.1583
2025-08-27 12:20:00,23500,CE,675.02,665.25,656.36,664.15,623,46477,0.1602
2025-08-27 12:20:00,23500,PE,406.23,408.78,392.17,399.71,15,50609,0.1588
2025-08-27 12:20:00,23550,CE,653.82,658.4,652.31,653.89,630,54187,0.1601
2025-08-27 12:20:00,23550,PE,404.69,412.28,404.6,406.36,659,56382,0.1644
2025-08-27 12:20:00,23600,CE,601.18,605.17,590.63,602.29,169,57377,0.1647
2025-08-27 12:20:00,23600,PE,449.39,453.71,445.98,446.12,1049,59424,0.166
2025-08-27 12:20:00,23650,CE,537.45,551.72,538.58,544.7,265,60328,0.1591
2025-08-27 12:20:00,23650,PE,402.71,409.07,400.35,404.44,65,62504,0.1612
2025-08-27 12:20:00,23700,CE,483.36,485.82,469.37,476.3,460,69127,0.1614
2025-08-27 12:20:00,23700,PE,386.94,387.48,386.37,386.51,977,69903,0.164
2025-08-27 12:20:00,23750,CE,438.7,444.17,437.21,442.68,1089,83412,0.1595
2025-08-27 12:20:00,23750,PE,414.49,417.88,407.48,412.06,1653,76580,0.1623
2025-08-27 12:20:00,23800,CE,406.0,416.92,413.25,414.3,619,78928,0.1628
2025-08-27 12:20:00,23800,PE,440.14,443.36,434.37,435.0,232,83457,0.1625
2025-08-27 12:20:00,23850,CE,384.87,384.08,378.72,381.81,1318,69380,0.1584
2025-08-27 12:20:00,23850,PE,487.62,496.8,485.98,489.3,881,70684,0.1597
2025-08-27 12:20:00,23900,CE,436.34,438.75,426.84,434.01,113,65576,0.1624
2025-08-27 12:20:00,23900,PE,535.14,539.82,535.16,535.73,198,61021,0.161
2025-08-27 12:20:00,23950,CE,386.97,393.21,381.56,391.84,592,55656,0.1585
2025-08-27 12:20:00,23950,PE,577.16,583.07,569.18,573.96,665,61476,0.1591
2025-08-27 12:20:00,24000,CE,379.82,387.32,377.03,380.8,357,47903,0.1579
2025-08-27 12:20:00,24000,PE,599.29,601.29,592.48,599.49,790,47508,0.1581
2025-08-27 12:20:00,24050,CE,384.98,386.67,379.77,381.13,823,48092,0.158
2025-08-27 12:20:00,24050,PE,693.0,718.09,691.87,691.89,892,50439,0.1635
2025-08-27 12:20:00,24100,CE,446.7,448.42,434.25,443.06,683,45211,0.1667
2025-08-27 12:20:00,24100,PE,722.75,714.05,711.86,713.16,375,47200,0.1595
2025-08-27 12:20:00,24150,CE,405.75,411.91,404.15,406.66,520,41261,0.1638
2025-08-27 12:20:00,24150,PE,792.15,797.23,791.66,792.26,618,39876,0.1577
2025-08-27 12:20:00,24200,CE,409.12,413.65,401.35,405.85,583,40586,0.1625
2025-08-27 12:20:00,24200,PE,837.24,844.37,830.96,840.92,521,39469,0.1606
2025-08-27 12:20:00,24250,CE,412.94,417.7,408.23,415.67,171,33530,0.1634
2025-08-27 12:20:00,24250,PE,872.57,864.49,849.64,860.37,551,43693,0.1596
2025-08-27 12:20:00,24300,CE,408.27,401.79,400.75,401.38,197,33287,0.1582
2025-08-27 12:20:00,24300,PE,913.47,922.78,911.82,914.7,312,33084,0.1597
2025-08-27 12:20:00,24350,CE,451.33,449.89,444.46,449.52,490,35753,0.1619
2025-08-27 12:20:00,24350,PE,1022.05,1012.18,997.2,1000.59,266,30714,0.1607
2025-08-27 12:20:00,24400,CE,419.7,426.62,419.35,419.93,389,29121,0.1558
2025-08-27 12:20:00,24400,PE,1020.12,1029.56,1009.85,1015.88,50,31220,0.1572
2025-08-27 12:20:00,24450,CE,415.42,416.6,409.79,416.27,393,32430,0.1611
2025-08-27 12:20:00,24450,PE,1050.18,1076.11,1060.64,1073.29,509,25697,0.1602
2025-08-27 12:20:00,24500,CE,410.26,411.26,406.89,407.43,381,26609,0.1624
2025-08-27 12:20:00,24500,PE,1144.88,1155.71,1130.66,1132.0,100,31275,0.1611
2025-08-27 12:20:00,24550,CE,382.21,388.58,379.08,383.85,53,24005,0.1607
2025-08-27 12:20:00,24550,PE,1223.19,1251.63,1219.32,1223.75,471,21452,0.1647
2025-08-27 12:20:00,24600,CE,378.63,383.71,377.29,378.96,308,24210,0.1588
2025-08-27 12:20:00,24600,PE,1251.93,1233.33,1210.4,1221.14,41,27483,0.1594
2025-08-27 12:20:00,24650,CE,370.76,372.88,370.15,371.28,186,25262,0.1582
2025-08-27 12:20:00,24650,PE,1318.63,1338.0,1285.67,1319.68,259,23456,0.1614
2025-08-27 12:20:00,24700,CE,392.84,405.79,389.22,395.55,377,25044,0.1629
2025-08-27 12:20:00,24700,PE,1311.34,1331.48,1301.3,1310.83,47,23794,0.1609
2025-08-27 12:20:00,24750,CE,401.57,404.41,397.54,399.62,138,19887,0.1582
2025-08-27 12:20:00,24750,PE,1379.89,1367.26,1345.27,1367.1,317,24861,0.161
2025-08-27 12:20:00,24800,CE,416.79,412.51,411.33,412.32,376,24327,0.1612
2025-08-27 12:20:00,24800,PE,1429.11,1441.95,1405.36,1430.19,380,18966,0.1605
2025-08-27 12:20:00,24850,CE,401.38,404.7,395.3,399.94,66,18970,0.1584
2025-08-27 12:20:00,24850,PE,1464.89,1485.07,1456.57,1464.73,165,24513,0.1604
2025-08-27 12:20:00,24900,CE,395.83,403.01,393.24,398.11,309,21954,0.1625
2025-08-27 12:20:00,24900,PE,1564.95,1584.24,1523.57,1556.68,217,20742,0.1607
2025-08-27 12:25:00,23500,CE,633.06,641.17,629.03,636.78,665,46901,0.158
2025-08-27 12:25:00,23500,PE,404.42,409.54,405.07,406.0,719,50951,0.1614
2025-08-27 12:25:00,23550,CE,563.97,582.09,570.23,570.68,931,54716,0.1623
2025-08-27 12:25:00,23550,PE,390.36,394.88,391.23,393.6,231,56728,0.1598
2025-08-27 12:25:00,23600,CE,512.9,514.14,505.97,510.75,485,57469,0.1606
2025-08-27 12:25:00,23600,PE,422.05,423.64,418.23,418.27,816,59602,0.16
2025-08-27 12:25:00,23650,CE,479.85,491.83,480.45,485.92,295,60713,0.1601
2025-08-27 12:25:00,23650,PE,391.91,406.98,394.55,396.23,1011,62802,0.1589
2025-08-27 12:25:00,23700,CE,443.81,441.85,438.04,438.94,1018,69237,0.1625
2025-08-27 12:25:00,23700,PE,412.63,411.91,410.16,411.58,473,70020,0.1619
2025-08-27 12:25:00,23750,CE,426.8,426.21,422.48,425.08,487,83868,0.1622
2025-08-27 12:25:00,23750,PE,450.13,447.17,443.32,446.98,109,75991,0.1625
2025-08-27 12:25:00,23800,CE,427.18,437.07,428.84,429.01,1047,79189,0.1605
2025-08-27 12:25:00,23800,PE,452.09,449.2,445.54,447.5,810,83535,0.1609
2025-08-27 12:25:00,23850,CE,407.16,405.48,403.49,404.59,63,69785,0.1593
2025-08-27 12:25:00,23850,PE,528.53,545.86,530.4,531.14,1062,70330,0.1605
2025-08-27 12:25:00,23900,CE,427.19,432.64,425.12,425.58,35,65606,0.1578
2025-08-27 12:25:00,23900,PE,563.98,571.8,565.49,569.81,294,60574,0.1579
2025-08-27 12:25:00,23950,CE,395.98,408.57,392.6,397.09,127,55847,0.1599
2025-08-27 12:25:00,23950,PE,590.58,609.24,594.95,596.66,369,61792,0.161
2025-08-27 12:25:00,24000,CE,414.33,418.43,415.78,416.28,296,48051,0.1609
2025-08-27 12:25:00,24000,PE,693.33,693.15,679.25,685.02,258,47573,0.1615
2025-08-27 12:25:00,24050,CE,411.41,406.88,403.57,404.76,586,47904,0.1632
2025-08-27 12:25:00,24050,PE,736.25,744.27,739.47,740.65,741,50606,0.1606
2025-08-27 12:25:00,24100,CE,406.87,408.4,401.72,405.28,165,45690,0.1613
2025-08-27 12:25:00,24100,PE,790.73,782.31,774.62,780.99,389,47465,0.161
2025-08-27 12:25:00,24150,CE,415.43,417.98,414.31,415.34,254,40688,0.1603
2025-08-27 12:25:00,24150,PE,826.97,821.78,813.75,820.08,407,39886,0.1586
2025-08-27 12:25:00,24200,CE,415.16,415.28,414.54,415.05,485,40869,0.161
2025-08-27 12:25:00,24200,PE,856.18,878.21,860.18,866.37,462,39473,0.1572
2025-08-27 12:25:00,24250,CE,450.76,450.23,446.17,449.29,13,33639,0.1631
2025-08-27 12:25:00,24250,PE,914.64,925.19,918.88,923.23,594,44186,0.1593
2025-08-27 12:25:00,24300,CE,397.65,402.34,400.01,401.37,56,33735,0.1563
2025-08-27 12:25:00,24300,PE,977.96,972.97,958.05,969.29,93,32581,0.1596
2025-08-27 12:25:00,24350,CE,410.96,419.59,412.25,417.32,23,35765,0.1645
2025-08-27 12:25:00,24350,PE,1031.61,1044.52,1022.95,1036.8,105,30860,0.1588
2025-08-27 12:25:00,24400,CE,432.49,437.1,430.73,434.3,250,29543,0.162
2025-08-27 12:25:00,24400,PE,1103.63,1139.94,1092.51,1115.87,117,30938,0.1629
2025-08-27 12:25:00,24450,CE,439.61,447.0,442.03,443.5,262,31997,0.1614
2025-08-27 12:25:00,24450,PE,1102.11,1135.15,1103.25,1103.81,233,25813,0.1638
2025-08-27 12:25:00,24500,CE,407.49,418.13,416.62,416.72,296,26570,0.1618
2025-08-27 12:25:00,24500,PE,1176.68,1167.35,1159.32,1164.52,55,30984,0.1594
2025-08-27 12:25:00,24550,CE,414.18,418.82,410.13,412.7,39,24536,0.1608
2025-08-27 12:25:00,24550,PE,1239.26,1265.62,1229.19,1237.18,267,21233,0.1605
2025-08-27 12:25:00,24600,CE,389.62,394.77,389.57,391.33,136,23676,0.1618
2025-08-27 12:25:00,24600,PE,1272.82,1287.86,1244.44,1271.68,209,26953,0.1598
2025-08-27 12:25:00,24650,CE,390.02,399.81,392.45,393.9,294,24903,0.1608
2025-08-27 12:25:00,24650,PE,1328.64,1328.72,1305.8,1319.8,47,22996,0.1601
2025-08-27 12:25:00,24700,CE,433.25,435.75,434.34,435.36,17,24917,0.1614
2025-08-27 12:25:00,24700,PE,1336.73,1350.83,1330.38,1335.98,29,23290,0.1564
2025-08-27 12:25:00,24750,CE,402.37,408.63,395.5,396.48,89,19960,0.1588
2025-08-27 12:25:00,24750,PE,1416.13,1441.93,1416.05,1423.43,89,24751,0.1593
2025-08-27 12:25:00,24800,CE,451.96,449.96,436.53,447.26,162,24444,0.1622
2025-08-27 12:25:00,24800,PE,1467.99,1482.64,1467.07,1481.15,23,19553,0.1597
2025-08-27 12:25:00,24850,CE,387.87,391.06,383.47,390.45,38,19560,0.1592
2025-08-27 12:25:00,24850,PE,1540.42,1547.24,1539.11,1541.07,105,24413,0.161
2025-08-27 12:25:00,24900,CE,420.54,429.24,417.08,423.86,28,21794,0.1611
2025-08-27 12:25:00,24900,PE,1629.92,1635.41,1596.9,1608.47,310,20959,0.1634
2025-08-27 12:30:00,23500,CE,596.7,624.5,595.44,601.06,638,46742,0.159
2025-08-27 12:30:00,23500,PE,417.24,425.65,419.85,420.66,939,51284,0.1627
2025-08-27 12:30:00,23550,CE,573.8,575.93,575.81,575.87,298,54837,0.1604
2025-08-27 12:30:00,23550,PE,405.9,404.05,395.65,400.11,458,56367,0.1612
2025-08-27 12:30:00,23600,CE,525.39,523.44,516.09,523.42,840,57366,0.1602
2025-08-27 12:30:00,23600,PE,357.52,361.42,351.34,359.27,143,60038,0.1617
2025-08-27 12:30:00,23650,CE,451.85,465.6,450.26,452.09,892,60777,0.1603
2025-08-27 12:30:00,23650,PE,394.05,395.93,392.88,395.59,1456,63053,0.161
2025-08-27 12:30:00,23700,CE,456.85,459.14,456.18,456.48,1670,69488,0.1628
2025-08-27 12:30:00,23700,PE,398.76,405.42,396.57,400.74,311,69998,0.1594
2025-08-27 12:30:00,23750,CE,406.44,408.48,401.33,404.7,827,83622,0.1585
2025-08-27 12:30:00,23750,PE,462.67,471.16,464.86,469.51,512,76106,0.1603
2025-08-27 12:30:00,23800,CE,412.89,417.22,404.95,411.44,580,78724,0.1602
2025-08-27 12:30:00,23800,PE,502.42,504.02,488.47,494.73,810,83651,0.1592
2025-08-27 12:30:00,23850,CE,373.23,374.65,366.12,370.16,993,69308,0.1567
2025-08-27 12:30:00,23850,PE,534.32,542.48,537.24,537.97,565,70812,0.1589
2025-08-27 12:30:00,23900,CE,394.06,398.08,391.96,398.0,299,65898,0.1594
2025-08-27 12:30:00,23900,PE,583.11,593.11,580.81,586.74,383,60191,0.1563
2025-08-27 12:30:00,23950,CE,402.09,406.19,403.56,405.77,698,56188,0.1632
2025-08-27 12:30:00,23950,PE,622.98,625.62,617.88,618.07,893,62063,0.1574
2025-08-27 12:30:00,24000,CE,381.4,379.41,376.17,376.33,282,48325,0.1571
2025-08-27 12:30:00,24000,PE,696.36,697.68,689.75,694.18,42,47375,0.1602
2025-08-27 12:30:00,24050,CE,418.5,428.56,416.17,416.94,184,47931,0.161
2025-08-27 12:30:00,24050,PE,744.33,766.13,742.35,749.87,567,50708,0.1594
2025-08-27 12:30:00,24100,CE,405.09,402.09,400.94,401.19,146,45542,0.1591
2025-08-27 12:30:00,24100,PE,789.27,788.31,776.03,788.04,79,47537,0.1613
2025-08-27 12:30:00,24150,CE,383.12,386.29,381.33,381.41,524,40380,0.1624
2025-08-27 12:30:00,24150,PE,848.57,862.1,843.18,847.23,375,40335,0.1586
2025-08-27 12:30:00,24200,CE,405.51,411.67,398.01,408.89,84,41421,0.1639
2025-08-27 12:30:00,24200,PE,923.28,947.8,932.96,937.67,224,39265,0.1636
2025-08-27 12:30:00,24250,CE,429.16,436.95,424.88,431.02,442,33449,0.1616
2025-08-27 12:30:00,24250,PE,944.72,964.36,948.12,949.83,255,43845,0.1624
2025-08-27 12:30:00,24300,CE,419.12,421.71,418.84,420.94,86,34172,0.1606
2025-08-27 12:30:00,24300,PE,1013.0,1013.93,1003.1,1009.91,65,32177,0.1608
2025-08-27 12:30:00,24350,CE,389.67,387.92,381.92,385.5,453,36123,0.1589
2025-08-27 12:30:00,24350,PE,1041.57,1050.22,1030.62,1041.3,125,31258,0.1579
2025-08-27 12:30:00,24400,CE,405.92,412.54,402.83,406.25,378,29322,0.1584
2025-08-27 12:30:00,24400,PE,1105.29,1103.16,1091.75,1099.6,49,31270,0.1593
2025-08-27 12:30:00,24450,CE,399.86,409.53,399.87,400.98,338,31940,0.1587
2025-08-27 12:30:00,24450,PE,1162.14,1166.89,1151.6,1162.87,141,25631,0.1614
2025-08-27 12:30:00,24500,CE,404.83,403.85,400.38,402.52,134,27042,0.1598
2025-08-27 12:30:00,24500,PE,1207.15,1204.38,1191.81,1203.2,101,30928,0.1608
2025-08-27 12:30:00,24550,CE,389.12,397.65,393.07,395.07,290,24002,0.159
2025-08-27 12:30:00,24550,PE,1231.09,1230.11,1216.59,1225.18,229,21394,0.1585
2025-08-27 12:30:00,24600,CE,406.7,415.23,409.94,411.33,230,23865,0.1606
2025-08-27 12:30:00,24600,PE,1275.11,1300.64,1280.25,1286.11,213,27114,0.1576
2025-08-27 12:30:00,24650,CE,407.83,412.32,405.44,408.42,403,24735,0.1583
2025-08-27 12:30:00,24650,PE,1356.81,1348.16,1343.13,1343.86,151,23210,0.164
2025-08-27 12:30:00,24700,CE,408.07,411.9,404.25,410.91,41,24666,0.1609
2025-08-27 12:30:00,24700,PE,1373.59,1406.72,1391.72,1395.21,71,23247,0.1598
2025-08-27 12:30:00,24750,CE,415.93,422.69,419.39,419.44,51,19620,0.16
2025-08-27 12:30:00,24750,PE,1435.41,1427.17,1425.4,1426.43,165,24886,0.1613
2025-08-27 12:30:00,24800,CE,420.64,421.41,414.68,416.33,161,24816,0.1623
2025-08-27 12:30:00,24800,PE,1446.45,1482.07,1433.2,1459.98,294,19070,0.1596
2025-08-27 12:30:00,24850,CE,406.36,407.72,393.76,401.92,247,18992,0.1629
2025-08-27 12:30:00,24850,PE,1578.9,1614.5,1579.79,1593.95,66,24726,0.1587
2025-08-27 12:30:00,24900,CE,380.09,389.29,384.83,386.19,201,21581,0.1596
2025-08-27 12:30:00,24900,PE,1580.76,1602.07,1576.46,1581.9,57,20747,0.1603
2025-08-27 12:35:00,23500,CE,671.37,670.36,665.62,667.55,746,46819,0.1593
2025-08-27 12:35:00,23500,PE,409.38,412.39,408.18,411.53,137,51268,0.1604
2025-08-27 12:35:00,23550,CE,618.09,618.66,612.81,615.25,225,54382,0.1582
2025-08-27 12:35:00,23550,PE,407.87,411.95,405.61,409.63,107,56679,0.1583
2025-08-27 12:35:00,23600,CE,546.37,561.79,553.08,553.44,204,56977,0.1614
2025-08-27 12:35:00,23600,PE,379.0,389.28,387.82,387.83,1022,60429,0.1611
2025-08-27 12:35:00,23650,CE,505.89,516.66,508.54,510.76,681,61094,0.1619
2025-08-27 12:35:00,23650,PE,421.7,428.32,419.57,422.55,51,62653,0.1594
2025-08-27 12:35:00,23700,CE,463.64,458.38,452.3,457.36,560,69797,0.1607
2025-08-27 12:35:00,23700,PE,399.12,406.28,392.29,394.48,162,70191,0.1594
2025-08-27 12:35:00,23750,CE,423.78,429.23,418.4,420.5,152,84200,0.1592
2025-08-27 12:35:00,23750,PE,395.42,398.96,395.88,398.38,394,76360,0.1619
2025-08-27 12:35:00,23800,CE,418.33,416.67,411.0,414.2,950,78592,0.1651
2025-08-27 12:35:00,23800,PE,471.35,472.32,462.12,468.05,1158,83795,0.1614
2025-08-27 12:35:00,23850,CE,365.49,372.59,367.52,367.69,603,69502,0.1627
2025-08-27 12:35:00,23850,PE,508.54,528.59,498.6,511.41,391,71106,0.156
2025-08-27 12:35:00,23900,CE,412.59,416.14,407.05,408.08,818,65860,0.1623
2025-08-27 12:35:00,23900,PE,578.88,579.68,572.86,575.57,769,60584,0.1622
2025-08-27 12:35:00,23950,CE,430.09,435.59,424.14,431.84,673,55932,0.1613
2025-08-27 12:35:00,23950,PE,572.63,578.68,576.21,577.13,299,62619,0.1594
2025-08-27 12:35:00,24000,CE,402.86,406.06,399.88,401.54,763,48097,0.1624
2025-08-27 12:35:00,24000,PE,656.48,667.0,659.25,663.1,679,46820,0.1615
2025-08-27 12:35:00,24050,CE,418.79,426.9,420.3,424.57,600,47571,0.1598
2025-08-27 12:35:00,24050,PE,725.59,721.33,714.04,716.55,277,51220,0.163
2025-08-27 12:35:00,24100,CE,404.7,413.48,404.04,406.94,121,45890,0.1577
2025-08-27 12:35:00,24100,PE,762.89,765.37,760.48,762.06,327,47464,0.16
2025-08-27 12:35:00,24150,CE,388.04,389.9,383.87,388.54,345,40866,0.159
2025-08-27 12:35:00,24150,PE,830.0,840.46,834.2,836.03,373,40030,0.1652
2025-08-27 12:35:00,24200,CE,417.48,424.12,416.43,416.94,15,41101,0.1604
2025-08-27 12:35:00,24200,PE,857.6,865.32,851.47,853.6,117,38819,0.1601
2025-08-27 12:35:00,24250,CE,409.92,424.39,412.74,415.73,635,33379,0.1607
2025-08-27 12:35:00,24250,PE,913.56,928.41,895.14,913.5,639,43861,0.1607
2025-08-27 12:35:00,24300,CE,390.06,401.9,386.36,391.18,139,33746,0.1591
2025-08-27 12:35:00,24300,PE,971.61,968.7,955.96,968.63,459,31714,0.1637
2025-08-27 12:35:00,24350,CE,446.74,435.74,424.2,434.08,38,35991,0.1629
2025-08-27 12:35:00,24350,PE,1021.83,1033.04,1020.81,1031.82,185,30937,0.1602
2025-08-27 12:35:00,24400,CE,436.67,452.73,438.99,443.56,280,29411,0.1619
2025-08-27 12:35:00,24400,PE,1088.58,1081.79,1067.07,1077.84,238,31299,0.1612
2025-08-27 12:35:00,24450,CE,410.99,417.04,412.75,413.47,343,31534,0.1613
2025-08-27 12:35:00,24450,PE,1089.45,1101.8,1083.64,1083.79,193,25046,0.16
2025-08-27 12:35:00,24500,CE,414.67,413.65,404.35,410.75,469,27215,0.164
2025-08-27 12:35:00,24500,PE,1155.4,1180.44,1141.55,1171.81,390,31255,0.1622
2025-08-27 12:35:00,24550,CE,404.67,414.26,406.41,406.88,10,23987,0.1597
2025-08-27 12:35:00,24550,PE,1226.07,1268.17,1224.98,1232.89,403,21484,0.1582
2025-08-27 12:35:00,24600,CE,425.78,428.02,419.85,423.38,267,24419,0.1624
2025-08-27 12:35:00,24600,PE,1248.27,1254.2,1241.53,1247.43,333,27435,0.1637
2025-08-27 12:35:00,24650,CE,382.81,390.41,380.21,382.03,339,24535,0.1602
2025-08-27 12:35:00,24650,PE,1314.74,1336.84,1320.01,1322.92,412,23630,0.1575
2025-08-27 12:35:00,24700,CE,415.64,416.68,408.07,413.98,19,24724,0.161
2025-08-27 12:35:00,24700,PE,1397.87,1406.92,1363.32,1381.18,105,23273,0.1589
2025-08-27 12:35:00,24750,CE,423.6,433.98,423.75,425.02,316,19850,0.1628
2025-08-27 12:35:00,24750,PE,1393.75,1400.08,1385.06,1395.43,313,24801,0.1588
2025-08-27 12:35:00,24800,CE,396.94,401.84,398.23,398.72,34,25272,0.1591
2025-08-27 12:35:00,24800,PE,1424.72,1432.65,1421.58,1427.95,35,18670,0.1575
2025-08-27 12:35:00,24850,CE,398.79,405.53,395.44,400.81,263,18898,0.1619
2025-08-27 12:35:00,24850,PE,1519.71,1550.82,1524.16,1526.67,175,24203,0.1623
2025-08-27 12:35:00,24900,CE,401.98,404.51,399.04,400.82,64,21827,0.1596
2025-08-27 12:35:00,24900,PE,1573.82,1579.19,1553.51,1558.36,200,20471,0.1562
2025-08-27 12:40:00,23500,CE,603.42,610.79,601.72,604.86,417,46729,0.1602
2025-08-27 12:40:00,23500,PE,432.04,432.2,425.79,427.81,940,51731,0.1587
2025-08-27 12:40:00,23550,CE,557.84,564.26,554.71,554.98,553,54005,0.1573
2025-08-27 12:40:00,23550,PE,395.35,398.85,393.53,395.05,651,56081,0.1615
2025-08-27 12:40:00,23600,CE,515.85,529.03,520.09,522.58,834,57070,0.1646
2025-08-27 12:40:00,23600,PE,424.55,426.13,419.46,420.84,1151,60354,0.1639
2025-08-27 12:40:00,23650,CE,489.4,490.87,486.1,487.25,834,60559,0.1623
2025-08-27 12:40:00,23650,PE,404.33,402.38,398.88,401.47,1213,62408,0.1616
2025-08-27 12:40:00,23700,CE,419.74,424.62,417.97,420.6,1308,69483,0.1607
2025-08-27 12:40:00,23700,PE,398.63,404.39,395.9,401.48,615,69903,0.1582
2025-08-27 12:40:00,23750,CE,420.29,416.07,412.84,414.71,1430,84547,0.1596
2025-08-27 12:40:00,23750,PE,418.57,423.94,416.1,419.8,1126,76125,0.1623
2025-08-27 12:40:00,23800,CE,405.62,408.95,404.25,407.76,1011,78579,0.1602
2025-08-27 12:40:00,23800,PE,471.84,481.43,473.28,478.41,986,83513,0.1621
2025-08-27 12:40:00,23850,CE,401.37,407.64,397.04,400.99,659,70042,0.1595
2025-08-27 12:40:00,23850,PE,535.79,541.83,529.74,532.22,112,71435,0.1589
2025-08-27 12:40:00,23900,CE,405.34,404.19,400.05,402.81,756,65767,0.1641
2025-08-27 12:40:00,23900,PE,604.5,613.11,605.27,605.38,980,60856,0.1619
2025-08-27 12:40:00,23950,CE,447.46,445.9,439.76,443.52,519,55709,0.1623
2025-08-27 12:40:00,23950,PE,635.03,635.1,631.44,632.23,671,62117,0.162
2025-08-27 12:40:00,24000,CE,407.11,415.55,403.75,408.04,238,48013,0.1621
2025-08-27 12:40:00,24000,PE,655.18,672.9,661.8,665.84,210,46897,0.1596
2025-08-27 12:40:00,24050,CE,396.6,401.75,393.43,400.95,710,47390,0.1567
2025-08-27 12:40:00,24050,PE,739.08,753.46,747.13,747.59,338,51101,0.1635
2025-08-27 12:40:00,24100,CE,424.04,433.83,422.21,428.71,548,46147,0.1573
2025-08-27 12:40:00,24100,PE,788.81,795.54,780.56,791.64,185,47938,0.1616
2025-08-27 12:40:00,24150,CE,400.96,407.96,399.59,405.38,457,41338,0.1646
2025-08-27 12:40:00,24150,PE,878.82,878.76,868.74,874.08,613,40120,0.1626
2025-08-27 12:40:00,24200,CE,399.83,412.01,402.66,402.8,463,41256,0.1587
2025-08-27 12:40:00,24200,PE,921.99,923.42,912.39,919.16,402,38858,0.1608
2025-08-27 12:40:00,24250,CE,379.71,383.67,382.71,383.24,149,33224,0.1593
2025-08-27 12:40:00,24250,PE,951.83,960.78,944.15,950.19,435,44146,0.1582
2025-08-27 12:40:00,24300,CE,403.68,409.47,398.13,404.41,275,33279,0.1543
2025-08-27 12:40:00,24300,PE,989.05,982.53,953.82,966.96,85,32186,0.1593
2025-08-27 12:40:00,24350,CE,437.95,439.53,435.84,437.2,76,35731,0.1615
2025-08-27 12:40:00,24350,PE,1066.13,1084.57,1064.37,1066.53,42,30599,0.1659
2025-08-27 12:40:00,24400,CE,389.65,392.47,387.84,391.39,436,29139,0.1591
2025-08-27 12:40:00,24400,PE,1132.2,1119.01,1105.21,1115.33,434,31673,0.1628
2025-08-27 12:40:00,24450,CE,415.77,418.36,409.7,412.93,347,31256,0.1612
2025-08-27 12:40:00,24450,PE,1162.87,1173.55,1152.77,1169.82,491,25177,0.1615
2025-08-27 12:40:00,24500,CE,410.54,417.94,405.57,408.52,363,27026,0.1604
2025-08-27 12:40:00,24500,PE,1207.86,1214.44,1203.08,1206.48,313,31442,0.1618
2025-08-27 12:40:00,24550,CE,394.47,396.84,394.86,395.46,270,24096,0.1586
2025-08-27 12:40:00,24550,PE,1243.59,1252.07,1226.28,1229.93,317,22081,0.155
2025-08-27 12:40:00,24600,CE,405.65,411.07,404.28,404.93,373,24192,0.1662
2025-08-27 12:40:00,24600,PE,1308.75,1339.5,1303.44,1308.03,382,27254,0.1597
2025-08-27 12:40:00,24650,CE,388.72,396.36,387.45,388.23,107,24173,0.1616
2025-08-27 12:40:00,24650,PE,1372.94,1375.24,1350.91,1370.61,291,23586,0.1592
2025-08-27 12:40:00,24700,CE,421.45,425.66,418.27,422.16,328,25128,0.1619
2025-08-27 12:40:00,24700,PE,1364.17,1363.63,1349.5,1357.61,215,22926,0.1615
2025-08-27 12:40:00,24750,CE,380.8,377.25,370.27,376.32,48,20403,0.157
2025-08-27 12:40:00,24750,PE,1452.6,1461.91,1450.31,1453.65,121,24216,0.1605
2025-08-27 12:40:00,24800,CE,407.25,410.19,402.14,408.25,149,25638,0.1612
2025-08-27 12:40:00,24800,PE,1486.04,1535.29,1453.53,1484.6,38,18899,0.1559
2025-08-27 12:40:00,24850,CE,399.67,397.03,391.89,396.36,150,19384,0.1571
2025-08-27 12:40:00,24850,PE,1505.0,1525.91,1493.71,1514.09,161,24229,0.1592
2025-08-27 12:40:00,24900,CE,414.97,431.92,412.91,418.69,158,22044,0.1623
2025-08-27 12:40:00,24900,PE,1607.07,1630.82,1608.06,1608.66,29,19930,0.1636
2025-08-27 12:45:00,23500,CE,659.68,674.73,663.37,665.58,563,46602,0.163
2025-08-27 12:45:00,23500,PE,406.05,406.36,398.04,402.89,173,52055,0.1591
2025-08-27 12:45:00,23550,CE,616.79,617.19,607.83,614.95,796,53535,0.1582
2025-08-27 12:45:00,23550,PE,412.83,414.98,407.45,412.8,208,56419,0.1622
2025-08-27 12:45:00,23600,CE,532.93,539.4,530.65,531.08,575,56839,0.1577
2025-08-27 12:45:00,23600,PE,425.71,424.24,422.82,424.14,634,60177,0.1618
2025-08-27 12:45:00,23650,CE,497.31,495.93,482.71,492.17,145,60735,0.1588
2025-08-27 12:45:00,23650,PE,441.9,440.06,434.59,439.48,940,61901,0.1607
2025-08-27 12:45:00,23700,CE,447.09,450.37,443.67,448.01,405,69632,0.1598
2025-08-27 12:45:00,23700,PE,394.41,397.47,393.7,397.3,1178,70399,0.1605
2025-08-27 12:45:00,23750,CE,430.0,425.21,412.2,419.71,1078,84059,0.16
2025-08-27 12:45:00,23750,PE,390.22,393.25,388.85,389.52,642,75828,0.1601
2025-08-27 12:45:00,23800,CE,421.39,428.61,419.91,423.95,1484,77995,0.1616
2025-08-27 12:45:00,23800,PE,488.16,498.6,483.23,485.5,579,83534,0.1604
2025-08-27 12:45:00,23850,CE,431.37,434.15,422.78,428.91,405,70319,0.1602
2025-08-27 12:45:00,23850,PE,558.84,553.77,547.11,552.09,190,71946,0.1638
2025-08-27 12:45:00,23900,CE,409.04,416.57,404.23,406.59,473,65608,0.1634
2025-08-27 12:45:00,23900,PE,579.48,582.42,571.11,576.82,1068,60434,0.1624
2025-08-27 12:45:00,23950,CE,441.96,444.37,440.84,442.71,494,55143,0.1602
2025-08-27 12:45:00,23950,PE,614.17,630.71,612.91,617.93,538,61907,0.1613
2025-08-27 12:45:00,24000,CE,393.39,404.94,394.95,395.79,698,48027,0.1622
2025-08-27 12:45:00,24000,PE,677.89,684.74,671.64,681.2,592,47377,0.1608
2025-08-27 12:45:00,24050,CE,392.01,393.76,391.24,391.83,816,47049,0.1618
2025-08-27 12:45:00,24050,PE,726.17,727.92,720.44,721.79,437,51438,0.1617
2025-08-27 12:45:00,24100,CE,469.66,471.99,466.59,467.31,111,46124,0.1653
2025-08-27 12:45:00,24100,PE,787.17,776.66,772.47,775.04,446,48379,0.1626
2025-08-27 12:45:00,24150,CE,412.19,416.58,409.6,411.37,75,41773,0.1595
2025-08-27 12:45:00,24150,PE,802.36,792.64,782.34,790.86,183,40549,0.1618
2025-08-27 12:45:00,24200,CE,431.95,433.08,429.38,430.57,450,41137,0.1604
2025-08-27 12:45:00,24200,PE,840.88,856.74,832.46,840.3,100,38673,0.1612
2025-08-27 12:45:00,24250,CE,386.81,394.83,383.26,388.07,475,32872,0.1608
2025-08-27 12:45:00,24250,PE,928.59,937.46,926.63,929.72,431,43820,0.1586
2025-08-27 12:45:00,24300,CE,437.23,445.14,434.76,439.37,57,33418,0.162
2025-08-27 12:45:00,24300,PE,977.38,989.21,984.41,988.6,489,32740,0.1602
2025-08-27 12:45:00,24350,CE,399.24,409.54,401.97,404.77,288,35858,0.1578
2025-08-27 12:45:00,24350,PE,1022.64,1030.64,1020.59,1023.46,388,30493,0.1577
2025-08-27 12:45:00,24400,CE,438.84,437.88,433.19,436.75,27,28829,0.1608
2025-08-27 12:45:00,24400,PE,1056.5,1067.26,1058.66,1060.44,208,31855,0.1575
2025-08-27 12:45:00,24450,CE,426.36,424.42,417.86,423.1,160,30909,0.1632
2025-08-27 12:45:00,24450,PE,1095.29,1113.91,1084.39,1094.16,461,24689,0.1616
2025-08-27 12:45:00,24500,CE,398.54,399.17,392.77,395.8,383,26538,0.1619
2025-08-27 12:45:00,24500,PE,1184.3,1169.65,1161.3,1167.85,160,31862,0.1645
2025-08-27 12:45:00,24550,CE,401.78,401.75,396.96,400.16,389,23954,0.1578
2025-08-27 12:45:00,24550,PE,1194.73,1234.56,1188.85,1202.22,15,22609,0.1584
2025-08-27 12:45:00,24600,CE,397.04,391.95,384.96,390.12,392,24188,0.1608
2025-08-27 12:45:00,24600,PE,1280.36,1281.01,1274.4,1278.62,19,27483,0.1626
2025-08-27 12:45:00,24650,CE,391.18,394.3,384.28,390.19,332,24565,0.1607
2025-08-27 12:45:00,24650,PE,1317.06,1340.46,1316.76,1329.48,310,24035,0.1593
2025-08-27 12:45:00,24700,CE,410.62,415.78,412.35,413.88,210,24723,0.1604
2025-08-27 12:45:00,24700,PE,1328.09,1341.32,1323.26,1324.94,281,22586,0.1586
2025-08-27 12:45:00,24750,CE,395.75,405.47,399.95,402.99,247,19983,0.1577
2025-08-27 12:45:00,24750,PE,1443.88,1458.08,1430.19,1434.03,21,24150,0.159
2025-08-27 12:45:00,24800,CE,427.0,425.73,418.3,422.94,224,25224,0.1614
2025-08-27 12:45:00,24800,PE,1469.1,1497.52,1462.22,1472.39,295,19080,0.1587
2025-08-27 12:45:00,24850,CE,430.07,434.96,430.26,432.01,290,19219,0.1634
2025-08-27 12:45:00,24850,PE,1489.11,1527.37,1503.78,1507.16,240,24785,0.1631
2025-08-27 12:45:00,24900,CE,435.4,436.43,433.16,434.39,68,22423,0.1628
2025-08-27 12:45:00,24900,PE,1563.81,1567.96,1560.39,1561.38,221,20199,0.1585
2025-08-27 12:50:00,23500,CE,660.46,665.72,652.16,664.48,580,46828,0.1605
2025-08-27 12:50:00,23500,PE,380.2,387.58,383.06,385.38,719,51502,0.1608
2025-08-27 12:50:00,23550,CE,609.12,611.83,601.93,607.2,48,53035,0.1613
2025-08-27 12:50:00,23550,PE,408.03,413.32,402.74,408.7,940,56337,0.1634
2025-08-27 12:50:00,23600,CE,588.92,587.2,581.8,584.79,1114,57336,0.1637
2025-08-27 12:50:00,23600,PE,383.67,382.79,371.19,381.11,399,59689,0.1639
2025-08-27 12:50:00,23650,CE,533.25,530.8,524.18,527.56,1070,60639,0.1637
2025-08-27 12:50:00,23650,PE,418.86,419.14,413.27,413.8,392,62253,0.1629
2025-08-27 12:50:00,23700,CE,486.95,488.97,481.63,488.42,711,69415,0.1622
2025-08-27 12:50:00,23700,PE,403.41,413.8,403.56,406.2,589,70914,0.1604
2025-08-27 12:50:00,23750,CE,438.26,441.61,440.07,441.53,532,84580,0.1617
2025-08-27 12:50:00,23750,PE,421.35,436.6,424.11,426.82,1011,75296,0.1636
2025-08-27 12:50:00,23800,CE,412.05,407.43,400.74,404.74,204,78134,0.1572
2025-08-27 12:50:00,23800,PE,442.35,437.22,433.0,436.8,242,83108,0.1621
2025-08-27 12:50:00,23850,CE,444.73,450.22,444.37,446.88,653,70248,0.163
2025-08-27 12:50:00,23850,PE,521.53,531.42,516.4,519.03,1304,72423,0.1603
2025-08-27 12:50:00,23900,CE,418.62,427.39,417.08,424.37,1132,65096,0.161
2025-08-27 12:50:00,23900,PE,535.51,562.24,539.02,543.01,981,60958,0.1618
2025-08-27 12:50:00,23950,CE,430.85,435.56,422.55,432.41,670,55736,0.1646
2025-08-27 12:50:00,23950,PE,597.33,602.53,593.73,595.13,874,62111,0.1654
2025-08-27 12:50:00,24000,CE,378.72,383.4,373.47,378.9,406,47854,0.1598
2025-08-27 12:50:00,24000,PE,691.39,703.12,676.59,690.45,396,47078,0.1634
2025-08-27 12:50:00,24050,CE,390.26,400.57,393.78,395.68,521,46968,0.1586
2025-08-27 12:50:00,24050,PE,695.98,705.65,691.58,697.84,275,51053,0.1594
2025-08-27 12:50:00,24100,CE,397.13,401.52,399.43,400.77,428,45548,0.1606
2025-08-27 12:50:00,24100,PE,747.81,746.7,736.89,745.04,314,47854,0.1607
2025-08-27 12:50:00,24150,CE,373.39,378.78,372.37,373.83,261,41969,0.1583
2025-08-27 12:50:00,24150,PE,803.12,818.18,794.66,796.87,486,39973,0.1594
2025-08-27 12:50:00,24200,CE,426.45,432.26,425.25,425.35,501,40898,0.1659
2025-08-27 12:50:00,24200,PE,845.93,856.31,830.63,850.75,340,38884,0.1606
2025-08-27 12:50:00,24250,CE,430.5,438.79,426.36,428.62,34,32481,0.1627
2025-08-27 12:50:00,24250,PE,869.52,873.94,860.52,873.29,117,43618,0.1622
2025-08-27 12:50:00,24300,CE,433.08,439.17,429.98,434.46,19,32855,0.162
2025-08-27 12:50:00,24300,PE,970.87,986.94,962.09,971.01,320,32274,0.1622
2025-08-27 12:50:00,24350,CE,398.73,407.2,395.63,399.63,258,35529,0.1591
2025-08-27 12:50:00,24350,PE,1016.48,1007.43,1001.84,1005.92,577,30044,0.1595
2025-08-27 12:50:00,24400,CE,407.49,413.15,408.2,412.78,268,28795,0.162
2025-08-27 12:50:00,24400,PE,1001.25,1026.48,1007.21,1010.99,407,31407,0.1638
2025-08-27 12:50:00,24450,CE,429.12,440.57,430.26,433.78,502,30675,0.1605
2025-08-27 12:50:00,24450,PE,1100.77,1115.11,1092.15,1101.25,26,24957,0.1612
2025-08-27 12:50:00,24500,CE,373.94,380.55,378.74,379.47,271,26722,0.1616
2025-08-27 12:50:00,24500,PE,1146.09,1153.62,1133.7,1139.4,451,31721,0.1581
2025-08-27 12:50:00,24550,CE,420.03,419.91,419.43,419.57,428,24471,0.1618
2025-08-27 12:50:00,24550,PE,1224.68,1218.46,1206.2,1210.62,261,22953,0.1618
2025-08-27 12:50:00,24600,CE,392.4,398.66,392.84,397.34,22,24316,0.1614
2025-08-27 12:50:00,24600,PE,1217.63,1251.36,1228.58,1235.34,43,27407,0.1609
2025-08-27 12:50:00,24650,CE,416.08,436.3,420.32,421.03,324,24037,0.1585
2025-08-27 12:50:00,24650,PE,1296.94,1303.55,1297.59,1297.83,179,23930,0.16
2025-08-27 12:50:00,24700,CE,436.53,438.29,433.08,433.44,103,24777,0.1597
2025-08-27 12:50:00,24700,PE,1367.2,1369.08,1349.32,1364.59,334,23175,0.1591
2025-08-27 12:50:00,24750,CE,384.05,391.92,382.76,386.08,359,20524,0.1575
2025-08-27 12:50:00,24750,PE,1375.7,1366.1,1351.63,1365.22,85,23684,0.1591
2025-08-27 12:50:00,24800,CE,426.28,425.88,423.6,425.86,74,25799,0.1621
2025-08-27 12:50:00,24800,PE,1433.62,1510.96,1433.49,1442.32,88,19385,0.16
2025-08-27 12:50:00,24850,CE,419.13,426.69,416.32,421.38,152,19437,0.1627
2025-08-27 12:50:00,24850,PE,1472.41,1484.12,1480.68,1481.38,277,25269,0.1571
2025-08-27 12:50:00,24900,CE,407.98,413.87,402.84,405.97,36,22213,0.1607
2025-08-27 12:50:00,24900,PE,1499.86,1535.53,1506.65,1513.2,47,20078,0.1574
2025-08-27 12:55:00,23500,CE,726.48,759.48,739.98,740.2,307,47273,0.1601
2025-08-27 12:55:00,23500,PE,390.2,395.82,389.55,391.5,581,51026,0.16
2025-08-27 12:55:00,23550,CE,708.42,718.93,698.66,701.57,406,53285,0.1609
2025-08-27 12:55:00,23550,PE,434.47,430.62,424.94,428.17,665,56708,0.1625
2025-08-27 12:55:00,23600,CE,641.35,636.84,634.21,635.9,232,57798,0.162
2025-08-27 12:55:00,23600,PE,402.71,407.75,398.59,400.82,888,59352,0.1598
2025-08-27 12:55:00,23650,CE,588.26,601.05,581.29,592.65,724,60854,0.1602
2025-08-27 12:55:00,23650,PE,423.81,432.84,419.76,426.31,959,61755,0.1631
2025-08-27 12:55:00,23700,CE,540.36,548.76,536.3,543.73,299,69848,0.1592
2025-08-27 12:55:00,23700,PE,415.9,416.17,413.56,416.08,63,70892,0.1631
2025-08-27 12:55:00,23750,CE,487.36,492.16,484.72,487.82,424,84728,0.1627
2025-08-27 12:55:00,23750,PE,398.57,402.69,391.94,394.24,670,75717,0.1591
2025-08-27 12:55:00,23800,CE,444.79,449.63,433.16,445.02,149,78141,0.1622
2025-08-27 12:55:00,23800,PE,441.09,438.6,431.31,436.58,850,83118,0.1602
2025-08-27 12:55:00,23850,CE,422.34,430.42,425.78,428.1,155,70205,0.1625
2025-08-27 12:55:00,23850,PE,411.6,409.29,405.72,409.27,1489,72543,0.1609
2025-08-27 12:55:00,23900,CE,404.08,407.32,401.67,402.86,178,65356,0.1626
2025-08-27 12:55:00,23900,PE,496.53,500.08,493.15,494.28,1342,61324,0.1616
2025-08-27 12:55:00,23950,CE,384.21,393.23,388.61,389.61,136,55171,0.1642
2025-08-27 12:55:00,23950,PE,539.58,548.78,534.34,540.43,239,61928,0.1653
2025-08-27 12:55:00,24000,CE,418.63,418.2,410.18,411.45,1037,47773,0.1627
2025-08-27 12:55:00,24000,PE,557.84,561.1,553.84,557.3,1087,46596,0.1599
2025-08-27 12:55:00,24050,CE,432.45,430.97,427.96,430.83,770,47269,0.161
2025-08-27 12:55:00,24050,PE,607.46,614.54,608.1,610.41,967,51080,0.161
2025-08-27 12:55:00,24100,CE,417.31,417.66,412.42,413.82,559,44950,0.1631
2025-08-27 12:55:00,24100,PE,689.92,702.76,688.8,701.5,808,48011,0.1639
2025-08-27 12:55:00,24150,CE,378.59,377.0,374.61,376.66,591,41775,0.1577
2025-08-27 12:55:00,24150,PE,735.18,744.65,724.12,736.24,77,40245,0.1562
2025-08-27 12:55:00,24200,CE,412.39,421.92,412.66,412.85,570,40513,0.1639
2025-08-27 12:55:00,24200,PE,800.37,802.73,795.95,801.66,640,38285,0.1613
2025-08-27 12:55:00,24250,CE,441.19,447.37,435.74,440.06,472,31985,0.1608
2025-08-27 12:55:00,24250,PE,842.21,843.45,829.88,837.68,542,43546,0.164
2025-08-27 12:55:00,24300,CE,415.58,412.53,406.79,410.41,226,33152,0.1606
2025-08-27 12:55:00,24300,PE,856.03,869.37,859.15,862.33,540,32398,0.1592
2025-08-27 12:55:00,24350,CE,408.21,418.1,406.57,409.92,463,34946,0.1614
2025-08-27 12:55:00,24350,PE,903.69,922.9,919.37,920.13,517,30153,0.1611
2025-08-27 12:55:00,24400,CE,429.97,429.34,423.05,427.02,101,28773,0.1638
2025-08-27 12:55:00,24400,PE,969.2,990.28,980.59,985.66,373,31762,0.1632
2025-08-27 12:55:00,24450,CE,408.48,413.52,407.74,411.69,293,30382,0.1607
2025-08-27 12:55:00,24450,PE,1027.62,1040.88,1023.01,1025.79,148,25219,0.1589
2025-08-27 12:55:00,24500,CE,411.4,416.2,414.14,414.2,456,26880,0.1606
2025-08-27 12:55:00,24500,PE,1087.81,1086.0,1079.84,1083.32,423,31868,0.1599
2025-08-27 12:55:00,24550,CE,409.22,408.42,404.92,405.13,250,24357,0.1607
2025-08-27 12:55:00,24550,PE,1130.54,1129.48,1120.92,1123.54,249,22368,0.1563
2025-08-27 12:55:00,24600,CE,434.58,449.99,429.11,436.75,279,23941,0.1621
2025-08-27 12:55:00,24600,PE,1182.56,1186.82,1140.81,1166.62,430,27820,0.1588
2025-08-27 12:55:00,24650,CE,430.03,436.88,433.49,434.18,229,24177,0.1598
2025-08-27 12:55:00,24650,PE,1229.8,1248.83,1219.72,1230.28,24,24023,0.1583
2025-08-27 12:55:00,24700,CE,378.59,394.28,375.33,380.32,371,24807,0.1595
2025-08-27 12:55:00,24700,PE,1267.35,1261.22,1250.87,1258.06,376,22667,0.1633
2025-08-27 12:55:00,24750,CE,395.86,412.01,389.11,397.76,407,20341,0.1574
2025-08-27 12:55:00,24750,PE,1335.82,1372.05,1332.9,1340.56,18,23826,0.1577
2025-08-27 12:55:00,24800,CE,420.29,419.7,412.72,419.57,248,25349,0.1589
2025-08-27 12:55:00,24800,PE,1398.42,1402.28,1370.47,1380.07,143,19890,0.1603
2025-08-27 12:55:00,24850,CE,435.05,436.5,433.66,434.01,78,18924,0.159
2025-08-27 12:55:00,24850,PE,1438.98,1456.78,1424.72,1437.34,318,25484,0.1635
2025-08-27 12:55:00,24900,CE,401.64,415.26,397.79,407.36,188,21974,0.1585
2025-08-27 12:55:00,24900,PE,1451.92,1484.69,1450.68,1463.48,324,20514,0.1595
2025-08-27 13:00:00,23500,CE,756.8,764.43,756.77,761.0,13,47665,0.1607
2025-08-27 13:00:00,23500,PE,410.09,408.09,406.25,406.84,371,50825,0.1627
2025-08-27 13:00:00,23550,CE,757.48,756.91,747.31,750.95,299,53239,0.1611
2025-08-27 13:00:00,23550,PE,435.45,440.73,435.34,439.92,484,57258,0.1659
2025-08-27 13:00:00,23600,CE,689.67,707.73,681.37,692.53,37,57927,0.164
2025-08-27 13:00:00,23600,PE,397.19,405.84,395.33,398.23,73,58759,0.1591
2025-08-27 13:00:00,23650,CE,622.44,642.32,625.07,625.89,315,61186,0.1595
2025-08-27 13:00:00,23650,PE,384.53,386.46,379.09,386.04,357,61588,0.1612
2025-08-27 13:00:00,23700,CE,597.21,597.96,591.21,596.31,1007,69579,0.1616
2025-08-27 13:00:00,23700,PE,402.36,403.7,403.13,403.65,860,71290,0.161
2025-08-27 13:00:00,23750,CE,541.16,542.46,535.37,537.55,819,85289,0.1623
2025-08-27 13:00:00,23750,PE,425.7,428.65,424.33,424.9,1234,75191,0.1599
2025-08-27 13:00:00,23800,CE,469.51,474.92,464.92,467.51,263,78009,0.1605
2025-08-27 13:00:00,23800,PE,399.92,407.97,398.08,401.64,962,82853,0.1598
2025-08-27 13:00:00,23850,CE,444.84,445.02,443.21,443.88,1077,70682,0.1617
2025-08-27 13:00:00,23850,PE,414.34,421.58,418.6,421.45,38,72984,0.1622
2025-08-27 13:00:00,23900,CE,409.35,416.71,413.22,413.83,805,65837,0.161
2025-08-27 13:00:00,23900,PE,448.75,445.57,440.54,444.75,1116,60775,0.1624
2025-08-27 13:00:00,23950,CE,410.2,421.52,410.66,412.42,1266,54631,0.1622
2025-08-27 13:00:00,23950,PE,510.4,510.44,507.93,508.65,368,61989,0.1639
2025-08-27 13:00:00,24000,CE,411.49,421.33,409.69,411.92,1112,47373,0.1619
2025-08-27 13:00:00,24000,PE,550.42,565.38,556.53,558.07,670,46131,0.1614
2025-08-27 13:00:00,24050,CE,417.69,420.99,414.7,415.39,383,46981,0.1666
2025-08-27 13:00:00,24050,PE,588.85,600.87,578.27,584.14,478,51331,0.1589
2025-08-27 13:00:00,24100,CE,388.69,392.06,386.32,389.11,715,45155,0.16
2025-08-27 13:00:00,24100,PE,640.64,656.95,640.57,642.12,42,48353,0.1571
2025-08-27 13:00:00,24150,CE,391.39,393.6,387.72,391.29,585,41250,0.1595
2025-08-27 13:00:00,24150,PE,695.24,709.02,692.36,696.18,850,40564,0.1613
2025-08-27 13:00:00,24200,CE,382.43,379.09,376.8,378.39,573,40501,0.1576
2025-08-27 13:00:00,24200,PE,739.2,743.26,728.07,732.62,657,38060,0.1612
2025-08-27 13:00:00,24250,CE,404.36,412.56,399.16,401.34,554,32117,0.1586
2025-08-27 13:00:00,24250,PE,777.23,786.83,783.67,784.76,469,43905,0.1609
2025-08-27 13:00:00,24300,CE,405.66,408.17,400.91,404.82,132,32676,0.1603
2025-08-27 13:00:00,24300,PE,856.91,856.77,843.73,855.8,397,32766,0.1617
2025-08-27 13:00:00,24350,CE,409.75,414.69,411.41,411.98,175,35029,0.163
2025-08-27 13:00:00,24350,PE,865.24,876.49,868.71,875.81,632,30297,0.1587
2025-08-27 13:00:00,24400,CE,412.37,437.18,416.13,416.24,58,29227,0.1605
2025-08-27 13:00:00,24400,PE,924.06,932.32,918.44,931.15,604,32013,0.1607
2025-08-27 13:00:00,24450,CE,407.01,411.75,405.97,407.5,359,30482,0.1589
2025-08-27 13:00:00,24450,PE,973.41,974.98,957.72,958.38,367,25022,0.1614
2025-08-27 13:00:00,24500,CE,375.1,378.61,377.52,378.2,358,26892,0.1579
2025-08-27 13:00:00,24500,PE,1065.47,1084.49,1064.7,1066.89,438,32271,0.1593
2025-08-27 13:00:00,24550,CE,421.73,421.75,417.3,419.95,373,24951,0.1589
2025-08-27 13:00:00,24550,PE,1108.5,1106.13,1091.57,1104.68,239,22675,0.1569
2025-08-27 13:00:00,24600,CE,373.79,374.82,369.69,372.1,175,24289,0.1602
2025-08-27 13:00:00,24600,PE,1101.94,1111.86,1095.93,1107.84,138,28059,0.163
2025-08-27 13:00:00,24650,CE,355.21,368.55,364.34,364.37,14,24497,0.1574
2025-08-27 13:00:00,24650,PE,1180.16,1168.94,1163.15,1167.33,142,23714,0.1595
2025-08-27 13:00:00,24700,CE,378.17,391.09,381.2,381.73,155,24715,0.1593
2025-08-27 13:00:00,24700,PE,1267.42,1277.97,1268.99,1275.76,64,22734,0.1633
2025-08-27 13:00:00,24750,CE,439.69,439.53,437.59,439.43,59,20400,0.1588
2025-08-27 13:00:00,24750,PE,1287.83,1316.56,1298.65,1300.87,163,23942,0.1586
2025-08-27 13:00:00,24800,CE,404.13,406.89,402.77,405.8,68,25917,0.1616
2025-08-27 13:00:00,24800,PE,1288.65,1311.12,1302.45,1310.8,12,20316,0.165
2025-08-27 13:00:00,24850,CE,390.47,387.84,384.9,387.65,144,19317,0.161
2025-08-27 13:00:00,24850,PE,1378.24,1389.15,1364.46,1373.94,239,25880,0.1566
2025-08-27 13:00:00,24900,CE,404.06,408.05,399.86,405.79,215,22325,0.1583
2025-08-27 13:00:00,24900,PE,1441.18,1457.18,1441.17,1444.41,252,20729,0.1585
2025-08-27 13:05:00,23500,CE,699.6,708.64,698.23,702.15,492,47372,0.1589
2025-08-27 13:05:00,23500,PE,414.26,417.95,415.21,415.59,725,51251,0.1627
2025-08-27 13:05:00,23550,CE,655.57,671.83,639.46,654.09,677,52974,0.1636
2025-08-27 13:05:00,23550,PE,408.39,412.54,403.36,410.81,388,57527,0.1612
2025-08-27 13:05:00,23600,CE,620.17,639.64,625.14,627.14,205,57460,0.1604
2025-08-27 13:05:00,23600,PE,451.87,450.14,444.19,448.93,423,58815,0.1623
2025-08-27 13:05:00,23650,CE,575.14,572.54,569.13,570.64,1024,60968,0.1604
2025-08-27 13:05:00,23650,PE,412.68,411.5,405.68,411.08,261,61833,0.1612
2025-08-27 13:05:00,23700,CE,500.43,501.26,497.07,500.6,1133,70005,0.1605
2025-08-27 13:05:00,23700,PE,408.23,413.78,406.62,408.86,825,70708,0.161
2025-08-27 13:05:00,23750,CE,440.36,443.31,436.28,439.08,977,84826,0.1615
2025-08-27 13:05:00,23750,PE,401.91,405.51,398.24,403.71,1173,75701,0.1609
2025-08-27 13:05:00,23800,CE,396.05,404.79,397.23,399.41,1075,77696,0.1582
2025-08-27 13:05:00,23800,PE,397.29,404.28,401.38,402.35,540,83129,0.1599
2025-08-27 13:05:00,23850,CE,422.78,426.9,425.47,425.96,1198,71057,0.163
2025-08-27 13:05:00,23850,PE,489.32,487.42,479.26,484.91,182,73272,0.1655
2025-08-27 13:05:00,23900,CE,375.81,377.76,372.37,374.95,1302,65275,0.1573
2025-08-27 13:05:00,23900,PE,510.88,513.86,504.78,508.1,597,61057,0.1637
2025-08-27 13:05:00,23950,CE,420.83,430.27,428.78,428.85,640,55184,0.163
2025-08-27 13:05:00,23950,PE,574.18,576.81,573.25,576.24,813,61831,0.1601
2025-08-27 13:05:00,24000,CE,410.47,411.96,401.72,408.36,670,47625,0.1629
2025-08-27 13:05:00,24000,PE,570.6,568.76,559.87,566.7,837,45862,0.159
2025-08-27 13:05:00,24050,CE,413.14,420.45,413.24,416.04,884,47577,0.1593
2025-08-27 13:05:00,24050,PE,651.32,666.98,661.83,665.57,220,50981,0.1611
2025-08-27 13:05:00,24100,CE,420.63,427.68,416.13,421.19,346,44921,0.1608
2025-08-27 13:05:00,24100,PE,657.12,658.01,654.19,655.92,175,47954,0.1605
2025-08-27 13:05:00,24150,CE,421.69,419.66,411.88,417.5,577,41796,0.1596
2025-08-27 13:05:00,24150,PE,722.04,711.53,708.28,709.55,89,40649,0.1605
2025-08-27 13:05:00,24200,CE,403.55,407.96,404.96,405.4,218,40197,0.1606
2025-08-27 13:05:00,24200,PE,827.89,824.23,818.47,821.79,432,37621,0.1623
2025-08-27 13:05:00,24250,CE,394.03,398.7,388.67,395.15,68,32566,0.1604
2025-08-27 13:05:00,24250,PE,839.71,855.9,830.15,840.86,316,43380,0.1593
2025-08-27 13:05:00,24300,CE,397.31,397.92,388.91,396.44,571,32847,0.1597
2025-08-27 13:05:00,24300,PE,898.27,926.91,909.15,915.03,482,32898,0.1616
2025-08-27 13:05:00,24350,CE,389.16,399.27,384.67,389.57,294,35355,0.1591
2025-08-27 13:05:00,24350,PE,908.76,938.42,916.8,921.89,217,30515,0.1599
2025-08-27 13:05:00,24400,CE,399.45,398.86,396.95,397.51,508,29630,0.1629
2025-08-27 13:05:00,24400,PE,1019.45,1051.48,1017.4,1023.26,323,31458,0.1575
2025-08-27 13:05:00,24450,CE,390.48,398.63,392.69,395.93,17,30398,0.1599
2025-08-27 13:05:00,24450,PE,1065.1,1066.92,1047.48,1051.8,363,24519,0.1602
2025-08-27 13:05:00,24500,CE,402.27,408.31,405.16,408.22,217,26778,0.1617
2025-08-27 13:05:00,24500,PE,1089.53,1084.97,1076.87,1083.94,241,32343,0.1589
2025-08-27 13:05:00,24550,CE,391.97,396.02,391.38,395.18,142,25063,0.1617
2025-08-27 13:05:00,24550,PE,1139.92,1170.47,1143.33,1147.95,226,23184,0.16
2025-08-27 13:05:00,24600,CE,395.5,405.63,394.13,397.65,156,24795,0.1616
2025-08-27 13:05:00,24600,PE,1199.88,1222.44,1192.5,1205.33,450,27830,0.1594
2025-08-27 13:05:00,24650,CE,408.07,410.29,403.77,404.91,186,24735,0.161
2025-08-27 13:05:00,24650,PE,1248.8,1252.87,1244.91,1249.83,208,23969,0.1603
2025-08-27 13:05:00,24700,CE,413.16,415.39,410.3,414.26,115,25263,0.1576
2025-08-27 13:05:00,24700,PE,1320.72,1323.29,1308.91,1317.91,300,22234,0.1596
2025-08-27 13:05:00,24750,CE,384.3,392.65,387.09,388.43,104,20540,0.1594
2025-08-27 13:05:00,24750,PE,1344.02,1357.83,1330.49,1349.81,124,23830,0.1586
2025-08-27 13:05:00,24800,CE,412.06,409.92,402.34,409.81,257,25733,0.1592
2025-08-27 13:05:00,24800,PE,1402.1,1426.23,1389.11,1395.31,356,20456,0.1629
2025-08-27 13:05:00,24850,CE,425.73,422.61,418.22,420.46,162,19052,0.1635
2025-08-27 13:05:00,24850,PE,1457.85,1459.43,1451.21,1453.87,116,25323,0.1588
2025-08-27 13:05:00,24900,CE,407.57,409.06,408.35,408.36,36,22658,0.1616
2025-08-27 13:05:00,24900,PE,1526.57,1538.21,1502.3,1527.56,282,20233,0.1607
2025-08-27 13:10:00,23500,CE,696.51,701.46,694.46,695.9,485,47165,0.1603
2025-08-27 13:10:00,23500,PE,424.26,436.33,422.57,425.59,609,51364,0.1597
2025-08-27 13:10:00,23550,CE,620.05,622.42,616.68,619.1,762,53122,0.1567
2025-08-27 13:10:00,23550,PE,388.3,391.6,381.34,388.66,202,57726,0.1621
2025-08-27 13:10:00,23600,CE,587.5,585.85,579.98,584.3,878,58053,0.1581
2025-08-27 13:10:00,23600,PE,395.62,400.92,392.73,394.51,743,58696,0.1636
2025-08-27 13:10:00,23650,CE,599.4,592.22,590.02,590.92,606,60532,0.163
2025-08-27 13:10:00,23650,PE,401.26,404.56,393.72,401.77,753,61398,0.1592
2025-08-27 13:10:00,23700,CE,471.15,485.75,475.19,477.12,361,70017,0.1626
2025-08-27 13:10:00,23700,PE,406.91,412.89,411.01,411.14,646,70568,0.1596
2025-08-27 13:10:00,23750,CE,445.59,445.72,441.95,443.91,999,85321,0.1594
2025-08-27 13:10:00,23750,PE,396.65,402.11,398.3,401.63,1415,75714,0.159
2025-08-27 13:10:00,23800,CE,403.63,409.72,398.68,400.37,1001,77638,0.1613
2025-08-27 13:10:00,23800,PE,431.53,435.34,427.25,428.18,1609,83563,0.1618
2025-08-27 13:10:00,23850,CE,399.46,402.48,393.19,401.36,106,71412,0.1609
2025-08-27 13:10:00,23850,PE,449.92,447.9,440.11,444.2,70,73528,0.1628
2025-08-27 13:10:00,23900,CE,405.37,405.23,403.66,404.99,460,65307,0.1611
2025-08-27 13:10:00,23900,PE,529.16,533.5,519.6,527.78,1036,60738,0.1596
2025-08-27 13:10:00,23950,CE,392.65,391.37,385.83,390.07,171,55264,0.158
2025-08-27 13:10:00,23950,PE,567.37,577.2,567.79,574.48,979,61369,0.1614
2025-08-27 13:10:00,24000,CE,415.64,423.41,419.04,421.6,415,47669,0.1632
2025-08-27 13:10:00,24000,PE,618.08,622.1,615.29,618.92,250,46283,0.1611
2025-08-27 13:10:00,24050,CE,407.17,409.2,403.09,406.14,571,47595,0.1586
2025-08-27 13:10:00,24050,PE,661.01,665.67,649.33,658.66,144,50463,0.1594
2025-08-27 13:10:00,24100,CE,414.55,416.68,412.16,412.29,154,44358,0.1599
2025-08-27 13:10:00,24100,PE,710.75,700.55,695.79,700.28,468,48386,0.1604
2025-08-27 13:10:00,24150,CE,435.56,437.49,430.72,432.24,605,41465,0.1614
2025-08-27 13:10:00,24150,PE,756.69,774.83,746.61,752.57,166,40679,0.1625
2025-08-27 13:10:00,24200,CE,419.36,420.78,419.11,419.93,575,40529,0.159
2025-08-27 13:10:00,24200,PE,775.69,774.43,764.03,773.44,389,37324,0.1562
2025-08-27 13:10:00,24250,CE,389.06,395.66,387.04,387.62,337,32850,0.1573
2025-08-27 13:10:00,24250,PE,881.88,891.16,878.03,885.49,604,42870,0.1589
2025-08-27 13:10:00,24300,CE,407.21,415.37,409.25,410.29,499,33145,0.1608
2025-08-27 13:10:00,24300,PE,910.16,911.32,894.95,908.4,145,32374,0.1605
2025-08-27 13:10:00,24350,CE,395.75,399.09,390.99,393.02,192,35087,0.163
2025-08-27 13:10:00,24350,PE,941.27,959.87,934.54,945.27,77,30223,0.1597
2025-08-27 13:10:00,24400,CE,401.81,404.94,396.46,398.57,118,30099,0.1625
2025-08-27 13:10:00,24400,PE,1000.4,1003.76,988.14,1000.66,57,31499,0.1598
2025-08-27 13:10:00,24450,CE,399.07,402.25,392.9,395.99,181,30809,0.1566
2025-08-27 13:10:00,24450,PE,1030.77,1042.61,1025.67,1036.83,259,24617,0.1597
2025-08-27 13:10:00,24500,CE,396.97,396.56,389.87,395.52,207,27146,0.1581
2025-08-27 13:10:00,24500,PE,1104.59,1096.0,1078.88,1095.59,343,32404,0.162
2025-08-27 13:10:00,24550,CE,440.61,446.4,441.42,441.48,197,25002,0.1644
2025-08-27 13:10:00,24550,PE,1160.1,1150.15,1148.4,1149.29,128,23373,0.1624
2025-08-27 13:10:00,24600,CE,415.11,429.71,416.08,418.5,142,24538,0.1588
2025-08-27 13:10:00,24600,PE,1225.07,1216.03,1214.63,1216.0,220,28332,0.1593
2025-08-27 13:10:00,24650,CE,420.79,421.33,414.76,419.22,198,25224,0.1596
2025-08-27 13:10:00,24650,PE,1238.09,1242.25,1209.46,1234.75,236,23456,0.1572
2025-08-27 13:10:00,24700,CE,382.51,382.32,380.33,381.83,250,25763,0.1602
2025-08-27 13:10:00,24700,PE,1297.29,1331.34,1298.17,1307.93,374,21852,0.1645
2025-08-27 13:10:00,24750,CE,407.3,408.11,400.46,402.72,113,20757,0.1582
2025-08-27 13:10:00,24750,PE,1362.48,1372.91,1359.72,1371.14,181,24217,0.1595
2025-08-27 13:10:00,24800,CE,426.36,426.65,423.91,424.87,206,25422,0.164
2025-08-27 13:10:00,24800,PE,1405.47,1432.22,1416.64,1426.17,133,19991,0.1596
2025-08-27 13:10:00,24850,CE,420.66,428.09,412.54,423.87,112,19359,0.1635
2025-08-27 13:10:00,24850,PE,1452.29,1473.74,1462.72,1469.73,88,25253,0.1631
2025-08-27 13:10:00,24900,CE,427.73,427.29,421.26,424.97,70,22642,0.1612
2025-08-27 13:10:00,24900,PE,1487.68,1505.11,1470.94,1485.95,350,20547,0.1601
2025-08-27 13:15:00,23500,CE,714.94,725.58,710.93,717.41,647,46869,0.1622
2025-08-27 13:15:00,23500,PE,426.27,426.21,421.28,424.42,269,50880,0.1614
2025-08-27 13:15:00,23550,CE,676.2,686.48,685.35,685.37,849,53671,0.1608
2025-08-27 13:15:00,23550,PE,430.01,426.43,420.34,424.36,322,57965,0.1614
2025-08-27 13:15:00,23600,CE,628.22,622.36,619.47,619.99,227,58235,0.1593
2025-08-27 13:15:00,23600,PE,435.37,435.69,432.63,433.6,111,58495,0.161
2025-08-27 13:15:00,23650,CE,576.94,583.28,574.69,579.59,455,61126,0.1623
2025-08-27 13:15:00,23650,PE,452.28,461.27,457.08,459.07,537,61065,0.1616
2025-08-27 13:15:00,23700,CE,545.38,555.65,547.69,549.01,79,69630,0.1615
2025-08-27 13:15:00,23700,PE,409.26,418.79,409.95,409.98,324,70349,0.1593
2025-08-27 13:15:00,23750,CE,461.74,467.66,457.54,462.24,219,85607,0.1618
2025-08-27 13:15:00,23750,PE,375.63,379.94,369.0,372.87,579,75398,0.1603
2025-08-27 13:15:00,23800,CE,449.2,450.33,446.19,448.54,911,77413,0.1571
2025-08-27 13:15:00,23800,PE,404.49,405.5,396.69,402.43,1177,83598,0.1582
2025-08-27 13:15:00,23850,CE,395.32,399.61,392.25,396.82,1490,71591,0.1628
2025-08-27 13:15:00,23850,PE,458.19,456.62,453.16,455.23,602,73107,0.1588
2025-08-27 13:15:00,23900,CE,391.09,399.7,394.31,396.01,159,65492,0.1604
2025-08-27 13:15:00,23900,PE,467.79,469.73,464.34,465.9,67,60595,0.1612
2025-08-27 13:15:00,23950,CE,433.05,439.53,430.53,431.4,44,55079,0.1646
2025-08-27 13:15:00,23950,PE,551.05,564.06,547.52,548.87,1071,60863,0.1582
2025-08-27 13:15:00,24000,CE,423.45,429.1,426.91,427.01,1052,48237,0.1628
2025-08-27 13:15:00,24000,PE,590.53,584.54,574.17,578.37,934,46514,0.1652
2025-08-27 13:15:00,24050,CE,357.98,370.2,357.64,362.46,186,47114,0.1602
2025-08-27 13:15:00,24050,PE,624.21,618.51,614.41,615.84,896,50302,0.155
2025-08-27 13:15:00,24100,CE,407.41,409.46,404.17,406.67,407,43854,0.1597
2025-08-27 13:15:00,24100,PE,693.14,698.76,675.88,684.66,66,48435,0.1602
2025-08-27 13:15:00,24150,CE,411.4,415.24,410.36,412.05,338,41705,0.1627
2025-08-27 13:15:00,24150,PE,731.55,746.04,729.2,731.17,682,40146,0.1652
2025-08-27 13:15:00,24200,CE,420.28,426.22,412.63,418.8,731,41035,0.1623
2025-08-27 13:15:00,24200,PE,781.11,792.83,789.22,791.82,437,37172,0.1568
2025-08-27 13:15:00,24250,CE,402.71,406.86,402.19,405.22,126,32531,0.1644
2025-08-27 13:15:00,24250,PE,838.44,856.97,840.57,842.99,495,42425,0.161
2025-08-27 13:15:00,24300,CE,454.56,457.69,451.58,452.86,632,32719,0.1608
2025-08-27 13:15:00,24300,PE,892.49,888.39,870.27,876.36,496,32793,0.1651
2025-08-27 13:15:00,24350,CE,406.81,407.2,401.47,404.35,188,35063,0.1617
2025-08-27 13:15:00,24350,PE,967.45,972.75,943.59,953.14,358,30581,0.1601
2025-08-27 13:15:00,24400,CE,420.33,422.14,416.2,416.69,38,29771,0.1615
2025-08-27 13:15:00,24400,PE,998.6,1005.82,991.53,1000.0,94,31280,0.1605
2025-08-27 13:15:00,24450,CE,404.15,408.73,398.5,404.94,371,30704,0.159
2025-08-27 13:15:00,24450,PE,1044.01,1063.1,1052.04,1054.02,274,24562,0.1596
2025-08-27 13:15:00,24500,CE,403.81,403.09,398.56,400.25,11,26663,0.1566
2025-08-27 13:15:00,24500,PE,1058.17,1069.13,1051.9,1064.2,124,31858,0.1612
2025-08-27 13:15:00,24550,CE,414.97,420.25,411.09,416.35,407,25597,0.1602
2025-08-27 13:15:00,24550,PE,1117.75,1125.52,1114.01,1121.22,243,23572,0.1583
2025-08-27 13:15:00,24600,CE,438.93,441.72,438.29,439.55,33,24003,0.1646
2025-08-27 13:15:00,24600,PE,1189.94,1198.13,1166.28,1186.05,287,28659,0.1576
2025-08-27 13:15:00,24650,CE,403.84,405.24,399.73,403.94,417,25057,0.1624
2025-08-27 13:15:00,24650,PE,1234.72,1245.49,1215.96,1228.53,192,23811,0.1576
2025-08-27 13:15:00,24700,CE,406.57,405.8,397.23,401.23,66,26302,0.1592
2025-08-27 13:15:00,24700,PE,1302.46,1314.75,1306.69,1310.14,132,21283,0.1605
2025-08-27 13:15:00,24750,CE,433.36,434.46,431.48,432.25,327,21314,0.1593
2025-08-27 13:15:00,24750,PE,1347.99,1351.77,1346.19,1346.57,201,23815,0.1643
2025-08-27 13:15:00,24800,CE,403.57,398.35,390.89,395.71,65,25178,0.1588
2025-08-27 13:15:00,24800,PE,1388.0,1417.71,1375.41,1388.28,214,20143,0.158
2025-08-27 13:15:00,24850,CE,393.84,398.8,386.68,390.97,267,19618,0.1597
2025-08-27 13:15:00,24850,PE,1459.05,1467.64,1437.92,1461.69,96,24857,0.1578
2025-08-27 13:15:00,24900,CE,372.8,373.83,368.98,373.56,349,22206,0.1623
2025-08-27 13:15:00,24900,PE,1495.03,1496.66,1462.98,1479.87,189,20290,0.1626
2025-08-27 13:20:00,23500,CE,714.63,713.97,710.7,713.06,614,46659,0.162
2025-08-27 13:20:00,23500,PE,399.69,403.66,397.84,401.69,96,50661,0.161
2025-08-27 13:20:00,23550,CE,700.9,697.4,694.15,695.84,105,53276,0.1644
2025-08-27 13:20:00,23550,PE,401.82,404.8,402.84,404.79,438,58529,0.157
2025-08-27 13:20:00,23600,CE,645.53,644.07,642.11,643.49,216,58592,0.1614
2025-08-27 13:20:00,23600,PE,416.95,431.39,421.87,422.24,529,59071,0.165
2025-08-27 13:20:00,23650,CE,581.91,581.57,575.75,579.53,588,60650,0.1616
2025-08-27 13:20:00,23650,PE,408.56,407.47,406.72,406.78,468,60555,0.1639
2025-08-27 13:20:00,23700,CE,518.96,521.9,520.31,520.99,294,69673,0.1615
2025-08-27 13:20:00,23700,PE,422.22,425.75,420.81,423.03,1130,70486,0.1611
2025-08-27 13:20:00,23750,CE,479.15,486.67,473.15,476.99,537,85769,0.16
2025-08-27 13:20:00,23750,PE,419.6,421.3,419.0,419.37,368,74909,0.1612
2025-08-27 13:20:00,23800,CE,417.61,424.7,418.87,420.41,1234,77825,0.159
2025-08-27 13:20:00,23800,PE,414.59,414.07,407.07,410.8,1035,83585,0.1605
2025-08-27 13:20:00,23850,CE,385.0,389.19,386.28,387.43,760,71432,0.1596
2025-08-27 13:20:00,23850,PE,450.32,449.82,447.09,447.11,1580,73112,0.1589
2025-08-27 13:20:00,23900,CE,396.9,400.77,394.06,394.88,1224,64940,0.1606
2025-08-27 13:20:00,23900,PE,486.33,492.58,477.6,486.01,509,60253,0.1574
2025-08-27 13:20:00,23950,CE,402.02,410.02,398.7,403.47,161,55677,0.1574
2025-08-27 13:20:00,23950,PE,538.85,547.69,543.88,544.92,83,60926,0.1645
2025-08-27 13:20:00,24000,CE,422.21,433.17,423.36,424.96,251,47731,0.1589
2025-08-27 13:20:00,24000,PE,593.9,613.77,601.3,605.14,1075,46265,0.1646
2025-08-27 13:20:00,24050,CE,386.41,390.95,381.38,385.04,357,46735,0.1562
2025-08-27 13:20:00,24050,PE,639.68,638.27,636.17,637.9,681,50811,0.1629
2025-08-27 13:20:00,24100,CE,433.13,429.48,422.63,427.9,314,44221,0.1627
2025-08-27 13:20:00,24100,PE,698.15,703.4,694.82,700.13,375,48491,0.1604
2025-08-27 13:20:00,24150,CE,425.69,428.82,427.44,428.67,661,42247,0.1635
2025-08-27 13:20:00,24150,PE,752.94,758.23,746.46,754.0,506,39993,0.1563
2025-08-27 13:20:00,24200,CE,405.16,415.22,405.7,406.94,363,41472,0.162
2025-08-27 13:20:00,24200,PE,800.6,799.47,793.46,796.97,276,37133,0.1605
2025-08-27 13:20:00,24250,CE,443.3,445.96,437.64,440.29,550,32949,0.1594
2025-08-27 13:20:00,24250,PE,861.17,863.24,856.9,859.57,322,42905,0.1628
2025-08-27 13:20:00,24300,CE,400.07,408.32,397.38,398.31,571,32674,0.1589
2025-08-27 13:20:00,24300,PE,868.23,873.79,864.9,870.53,190,32406,0.1569
2025-08-27 13:20:00,24350,CE,417.56,419.57,412.58,414.9,83,34693,0.1625
2025-08-27 13:20:00,24350,PE,961.33,975.65,941.85,949.5,51,30327,0.1601
2025-08-27 13:20:00,24400,CE,386.02,389.12,385.98,386.18,578,29438,0.1558
2025-08-27 13:20:00,24400,PE,978.08,980.81,971.76,971.85,230,31145,0.1598
2025-08-27 13:20:00,24450,CE,410.25,419.52,405.08,413.64,290,30712,0.1574
2025-08-27 13:20:00,24450,PE,1036.28,1055.46,1031.71,1034.79,324,24066,0.1621
2025-08-27 13:20:00,24500,CE,409.65,412.16,409.34,411.0,173,27154,0.162
2025-08-27 13:20:00,24500,PE,1092.26,1103.58,1094.14,1101.08,510,31260,0.1622
2025-08-27 13:20:00,24550,CE,396.05,398.67,391.24,391.54,315,25162,0.1603
2025-08-27 13:20:00,24550,PE,1161.55,1165.03,1126.14,1151.83,269,22982,0.1631
2025-08-27 13:20:00,24600,CE,430.67,434.82,429.23,434.1,359,24586,0.1624
2025-08-27 13:20:00,24600,PE,1213.87,1216.18,1192.08,1205.03,65,28551,0.1615
2025-08-27 13:20:00,24650,CE,419.61,421.44,417.13,420.73,93,24692,0.1608
2025-08-27 13:20:00,24650,PE,1224.58,1268.84,1225.11,1228.36,359,23353,0.1594
2025-08-27 13:20:00,24700,CE,413.25,415.66,412.41,414.52,59,26146,0.1588
2025-08-27 13:20:00,24700,PE,1277.71,1285.65,1273.99,1275.74,138,21854,0.1623
2025-08-27 13:20:00,24750,CE,395.81,408.27,397.21,397.7,167,21372,0.1614
2025-08-27 13:20:00,24750,PE,1339.96,1385.08,1332.19,1337.42,48,23640,0.159
2025-08-27 13:20:00,24800,CE,395.43,402.22,392.42,394.21,87,25015,0.1604
2025-08-27 13:20:00,24800,PE,1392.1,1404.83,1389.79,1392.62,125,19683,0.1622
2025-08-27 13:20:00,24850,CE,417.77,425.84,413.6,420.7,214,19638,0.1606
2025-08-27 13:20:00,24850,PE,1454.26,1477.62,1432.63,1449.7,201,24766,0.1601
2025-08-27 13:20:00,24900,CE,409.38,415.41,411.02,411.8,196,22480,0.1603
2025-08-27 13:20:00,24900,PE,1503.24,1525.25,1485.22,1504.07,100,19920,0.1622
2025-08-27 13:25:00,23500,CE,708.64,713.61,702.85,711.23,557,46223,0.1584
2025-08-27 13:25:00,23500,PE,388.59,397.96,381.38,390.96,295,50758,0.1639
2025-08-27 13:25:00,23550,CE,690.18,687.41,682.24,684.48,525,53566,0.1609
2025-08-27 13:25:00,23550,PE,439.51,440.66,433.18,435.23,427,58526,0.1603
2025-08-27 13:25:00,23600,CE,633.29,651.06,634.43,639.74,58,58940,0.1569
2025-08-27 13:25:00,23600,PE,395.61,396.86,394.24,395.0,243,59480,0.159
2025-08-27 13:25:00,23650,CE,598.67,601.87,596.58,598.36,703,61149,0.1599
2025-08-27 13:25:00,23650,PE,404.01,405.77,400.54,404.26,948,60408,0.1614
2025-08-27 13:25:00,23700,CE,529.11,532.55,523.35,526.82,490,70158,0.1602
2025-08-27 13:25:00,23700,PE,414.72,412.76,409.69,411.46,1074,70736,0.1589
2025-08-27 13:25:00,23750,CE,481.61,489.73,470.74,483.79,1277,85918,0.1577
2025-08-27 13:25:00,23750,PE,369.86,383.35,373.19,373.78,56,74973,0.1588
2025-08-27 13:25:00,23800,CE,429.94,432.26,427.13,429.22,609,77248,0.1625
2025-08-27 13:25:00,23800,PE,419.9,432.33,419.21,422.96,902,83657,0.1623
2025-08-27 13:25:00,23850,CE,386.17,395.85,379.51,387.67,1253,71766,0.1586
2025-08-27 13:25:00,23850,PE,439.02,442.71,435.37,436.47,567,73698,0.158
2025-08-27 13:25:00,23900,CE,416.08,417.67,413.69,415.94,655,64859,0.1601
2025-08-27 13:25:00,23900,PE,486.61,485.15,476.74,481.97,282,60841,0.1598
2025-08-27 13:25:00,23950,CE,396.4,402.68,394.78,396.05,513,55282,0.1618
2025-08-27 13:25:00,23950,PE,478.23,485.83,476.95,484.41,1078,61475,0.1622
2025-08-27 13:25:00,24000,CE,419.61,424.82,417.61,417.7,255,47838,0.1581
2025-08-27 13:25:00,24000,PE,570.47,583.42,571.75,577.6,1021,46460,0.1594
2025-08-27 13:25:00,24050,CE,424.15,422.52,412.68,418.38,451,46823,0.1596
2025-08-27 13:25:00,24050,PE,626.17,641.06,627.74,631.3,117,51390,0.1625
2025-08-27 13:25:00,24100,CE,400.29,402.02,399.0,401.19,479,43674,0.1595
2025-08-27 13:25:00,24100,PE,650.05,658.57,640.11,647.72,320,48383,0.1615
2025-08-27 13:25:00,24150,CE,409.78,412.03,407.87,410.35,837,42697,0.1616
2025-08-27 13:25:00,24150,PE,703.83,713.25,698.67,700.09,265,39593,0.161
2025-08-27 13:25:00,24200,CE,413.94,427.36,415.02,419.51,45,41555,0.1606
2025-08-27 13:25:00,24200,PE,793.64,804.22,775.32,787.48,353,37161,0.1593
2025-08-27 13:25:00,24250,CE,449.79,453.72,449.28,451.87,205,33317,0.1614
2025-08-27 13:25:00,24250,PE,815.93,829.75,816.1,823.44,378,43406,0.1592
2025-08-27 13:25:00,24300,CE,411.57,413.78,410.12,412.66,169,32384,0.1602
2025-08-27 13:25:00,24300,PE,855.53,867.5,853.0,860.26,398,32637,0.1609
2025-08-27 13:25:00,24350,CE,409.86,411.12,402.02,406.9,193,34750,0.1563
2025-08-27 13:25:00,24350,PE,920.46,916.71,908.93,914.44,326,30522,0.1569
2025-08-27 13:25:00,24400,CE,390.34,391.28,383.57,390.48,380,29078,0.1565
2025-08-27 13:25:00,24400,PE,991.48,1005.9,979.44,987.62,76,30872,0.1588
2025-08-27 13:25:00,24450,CE,401.12,400.48,394.38,394.48,78,30771,0.1614
2025-08-27 13:25:00,24450,PE,1027.2,1049.86,1028.74,1029.32,290,23469,0.1614
2025-08-27 13:25:00,24500,CE,407.91,414.8,402.57,408.72,438,27413,0.1581
2025-08-27 13:25:00,24500,PE,1066.83,1097.36,1079.73,1084.11,251,30853,0.1585
2025-08-27 13:25:00,24550,CE,388.03,391.88,384.48,386.66,87,25679,0.1576
2025-08-27 13:25:00,24550,PE,1107.77,1118.34,1103.48,1109.83,124,23414,0.161
2025-08-27 13:25:00,24600,CE,422.78,428.09,417.05,421.69,320,24734,0.16
2025-08-27 13:25:00,24600,PE,1149.87,1166.26,1152.36,1156.21,401,29020,0.1611
2025-08-27 13:25:00,24650,CE,388.36,399.85,388.48,393.17,129,25276,0.1595
2025-08-27 13:25:00,24650,PE,1206.81,1226.42,1215.18,1223.81,65,23682,0.1594
2025-08-27 13:25:00,24700,CE,429.86,435.75,430.38,433.87,173,26297,0.1619
2025-08-27 13:25:00,24700,PE,1295.82,1325.07,1290.95,1296.61,366,21793,0.1609
2025-08-27 13:25:00,24750,CE,404.9,405.08,403.99,404.82,40,21748,0.1601
2025-08-27 13:25:00,24750,PE,1317.09,1336.67,1316.34,1324.33,60,23885,0.1596
2025-08-27 13:25:00,24800,CE,385.64,388.26,381.01,385.31,180,24982,0.1578
2025-08-27 13:25:00,24800,PE,1358.46,1403.41,1378.91,1380.49,110,19683,0.1625
2025-08-27 13:25:00,24850,CE,418.1,423.34,416.59,416.92,77,19312,0.1596
2025-08-27 13:25:00,24850,PE,1440.52,1476.14,1423.91,1441.34,186,25112,0.1632
2025-08-27 13:25:00,24900,CE,444.4,451.53,441.18,443.87,194,22933,0.1605
2025-08-27 13:25:00,24900,PE,1502.44,1541.05,1509.23,1511.64,106,19339,0.1598
2025-08-27 13:30:00,23500,CE,761.66,772.71,755.32,759.4,261,45757,0.1596
2025-08-27 13:30:00,23500,PE,435.19,446.97,435.66,438.33,435,51347,0.1635
2025-08-27 13:30:00,23550,CE,700.57,718.36,692.9,698.21,444,53179,0.1635
2025-08-27 13:30:00,23550,PE,394.04,395.6,389.32,394.1,527,58809,0.1611
2025-08-27 13:30:00,23600,CE,628.83,636.55,624.94,629.76,855,58917,0.1606
2025-08-27 13:30:00,23600,PE,424.8,434.67,416.08,421.84,425,59505,0.1635
2025-08-27 13:30:00,23650,CE,575.46,586.53,565.05,574.44,246,60679,0.1588
2025-08-27 13:30:00,23650,PE,433.18,442.9,431.06,431.22,842,59973,0.1598
2025-08-27 13:30:00,23700,CE,535.68,544.43,529.75,531.01,846,70251,0.1597
2025-08-27 13:30:00,23700,PE,414.24,420.2,416.91,419.89,585,70589,0.1597
2025-08-27 13:30:00,23750,CE,482.52,490.2,484.8,484.8,1367,86274,0.1581
2025-08-27 13:30:00,23750,PE,413.77,423.04,414.96,420.44,246,75539,0.1606
2025-08-27 13:30:00,23800,CE,448.06,450.49,443.11,445.25,232,77622,0.1606
2025-08-27 13:30:00,23800,PE,397.49,397.46,395.61,397.31,703,83544,0.1579
2025-08-27 13:30:00,23850,CE,386.36,389.8,381.99,384.99,866,71744,0.1606
2025-08-27 13:30:00,23850,PE,445.57,451.92,442.92,446.45,237,73286,0.1594
2025-08-27 13:30:00,23900,CE,392.7,401.46,392.89,394.97,1070,65093,0.1579
2025-08-27 13:30:00,23900,PE,477.28,487.36,481.09,483.87,582,60777,0.163
2025-08-27 13:30:00,23950,CE,376.52,380.11,370.22,375.39,496,55710,0.1588
2025-08-27 13:30:00,23950,PE,545.57,545.75,541.5,544.6,106,61657,0.1601
2025-08-27 13:30:00,24000,CE,419.88,429.25,417.81,417.92,358,47442,0.1595
2025-08-27 13:30:00,24000,PE,585.64,598.11,574.71,581.03,191,46353,0.1612
2025-08-27 13:30:00,24050,CE,430.14,434.07,428.14,433.3,160,47035,0.1584
2025-08-27 13:30:00,24050,PE,622.76,624.4,612.52,617.06,341,51819,0.1575
2025-08-27 13:30:00,24100,CE,450.71,450.39,444.12,448.48,146,43494,0.1652
2025-08-27 13:30:00,24100,PE,644.56,653.02,645.86,651.76,359,48586,0.1612
2025-08-27 13:30:00,24150,CE,395.21,398.42,391.7,394.76,258,42305,0.1614
2025-08-27 13:30:00,24150,PE,750.08,756.5,738.22,742.96,348,40078,0.1635
2025-08-27 13:30:00,24200,CE,424.15,429.86,420.98,423.18,632,41645,0.1582
2025-08-27 13:30:00,24200,PE,774.26,778.08,766.64,767.67,770,37483,0.1571
2025-08-27 13:30:00,24250,CE,409.27,417.11,410.61,411.93,552,33193,0.1615
2025-08-27 13:30:00,24250,PE,805.29,824.24,802.33,807.29,362,43934,0.157
2025-08-27 13:30:00,24300,CE,427.31,433.85,422.85,424.11,621,32648,0.1639
2025-08-27 13:30:00,24300,PE,877.01,902.04,883.13,885.99,75,32221,0.1601
2025-08-27 13:30:00,24350,CE,406.19,408.06,407.32,407.38,292,34810,0.1627
2025-08-27 13:30:00,24350,PE,945.93,944.72,938.16,939.96,395,30248,0.1566
2025-08-27 13:30:00,24400,CE,378.0,384.06,381.51,383.51,463,29478,0.1596
2025-08-27 13:30:00,24400,PE,943.39,965.63,955.32,959.13,131,31211,0.1627
2025-08-27 13:30:00,24450,CE,386.08,387.04,380.58,383.13,91,30764,0.1584
2025-08-27 13:30:00,24450,PE,1035.45,1036.94,1018.71,1023.98,490,23231,0.1594
2025-08-27 13:30:00,24500,CE,426.41,430.95,419.83,423.65,364,27836,0.1593
2025-08-27 13:30:00,24500,PE,1084.17,1108.21,1082.65,1090.47,263,31273,0.1628
2025-08-27 13:30:00,24550,CE,393.21,402.02,389.39,395.74,323,25685,0.1599
2025-08-27 13:30:00,24550,PE,1097.97,1100.38,1085.12,1096.82,66,23674,0.1577
2025-08-27 13:30:00,24600,CE,412.85,415.42,410.0,411.69,154,24476,0.1626
2025-08-27 13:30:00,24600,PE,1170.94,1191.78,1155.93,1174.95,440,28838,0.164
2025-08-27 13:30:00,24650,CE,402.47,417.2,407.84,408.52,168,25808,0.1599
2025-08-27 13:30:00,24650,PE,1261.79,1253.15,1238.29,1248.12,137,23965,0.1599
2025-08-27 13:30:00,24700,CE,395.18,394.26,392.18,393.1,230,25783,0.158
2025-08-27 13:30:00,24700,PE,1253.2,1267.69,1247.91,1263.1,256,21742,0.1595
2025-08-27 13:30:00,24750,CE,410.97,413.05,406.97,408.3,305,21622,0.162
2025-08-27 13:30:00,24750,PE,1329.92,1359.03,1319.79,1327.82,105,23562,0.1624
2025-08-27 13:30:00,24800,CE,399.61,410.27,407.35,409.41,214,25575,0.1603
2025-08-27 13:30:00,24800,PE,1368.7,1396.56,1386.94,1387.38,184,19245,0.162
2025-08-27 13:30:00,24850,CE,421.33,433.99,419.06,427.37,318,19089,0.1592
2025-08-27 13:30:00,24850,PE,1430.3,1435.12,1432.62,1433.05,167,25530,0.1617
2025-08-27 13:30:00,24900,CE,398.36,399.61,395.19,397.21,46,22491,0.162
2025-08-27 13:30:00,24900,PE,1482.4,1505.81,1479.95,1483.71,79,19190,0.1593
2025-08-27 13:35:00,23500,CE,746.73,751.47,747.26,750.4,721,45918,0.1663
2025-08-27 13:35:00,23500,PE,427.0,429.32,424.14,425.01,653,51151,0.1636
2025-08-27 13:35:00,23550,CE,679.51,692.36,674.83,676.32,386,53069,0.1618
2025-08-27 13:35:00,23550,PE,397.81,407.96,400.06,402.02,116,58869,0.1603
2025-08-27 13:35:00,23600,CE,617.57,623.67,608.3,610.6,345,59460,0.1602
2025-08-27 13:35:00,23600,PE,413.05,418.97,409.22,411.51,701,59950,0.1618
2025-08-27 13:35:00,23650,CE,592.68,589.34,578.78,586.53,233,60213,0.1592
2025-08-27 13:35:00,23650,PE,396.34,397.82,390.26,396.92,499,60056,0.1588
2025-08-27 13:35:00,23700,CE,536.08,541.55,526.85,538.71,714,70434,0.1633
2025-08-27 13:35:00,23700,PE,362.32,364.32,362.84,363.03,1053,70379,0.1576
2025-08-27 13:35:00,23750,CE,467.02,471.13,466.42,466.5,437,85991,0.1578
2025-08-27 13:35:00,23750,PE,414.15,421.01,416.5,420.5,539,75656,0.1601
2025-08-27 13:35:00,23800,CE,452.11,451.93,447.1,448.26,1360,77519,0.1598
2025-08-27 13:35:00,23800,PE,413.87,425.1,417.23,420.05,721,84030,0.1622
2025-08-27 13:35:00,23850,CE,409.89,403.57,400.53,403.42,572,71340,0.161
2025-08-27 13:35:00,23850,PE,423.77,433.98,417.4,425.63,574,72735,0.1574
2025-08-27 13:35:00,23900,CE,446.59,445.07,439.87,443.92,523,65572,0.1642
2025-08-27 13:35:00,23900,PE,491.02,493.4,485.13,492.1,1131,61252,0.1624
2025-08-27 13:35:00,23950,CE,396.94,410.09,402.36,403.95,380,55610,0.161
2025-08-27 13:35:00,23950,PE,524.79,530.75,525.91,526.41,1039,61961,0.1632
2025-08-27 13:35:00,24000,CE,418.86,428.97,421.5,421.64,215,47856,0.1617
2025-08-27 13:35:00,24000,PE,627.82,629.66,615.52,627.2,128,46058,0.1627
2025-08-27 13:35:00,24050,CE,403.21,406.58,396.65,401.58,530,47220,0.158
2025-08-27 13:35:00,24050,PE,628.58,656.83,626.12,630.99,786,52103,0.1622
2025-08-27 13:35:00,24100,CE,421.22,425.28,416.25,421.1,264,43322,0.1607
2025-08-27 13:35:00,24100,PE,697.57,703.27,692.63,695.0,649,49121,0.1591
2025-08-27 13:35:00,24150,CE,401.1,407.58,398.79,399.45,713,42865,0.1592
2025-08-27 13:35:00,24150,PE,749.63,753.63,745.97,748.19,558,40062,0.1616
2025-08-27 13:35:00,24200,CE,407.65,407.79,401.68,404.15,584,41136,0.1574
2025-08-27 13:35:00,24200,PE,848.81,856.49,841.64,846.56,710,37985,0.1646
2025-08-27 13:35:00,24250,CE,415.62,419.21,408.22,412.21,361,33220,0.1564
2025-08-27 13:35:00,24250,PE,838.51,857.91,826.12,836.87,378,43500,0.1581
2025-08-27 13:35:00,24300,CE,396.27,405.27,394.09,396.35,144,32926,0.1639
2025-08-27 13:35:00,24300,PE,854.67,863.3,853.74,861.19,31,32445,0.1573
2025-08-27 13:35:00,24350,CE,381.74,381.25,375.71,379.27,195,34377,0.1595
2025-08-27 13:35:00,24350,PE,926.37,942.53,922.55,928.86,372,29977,0.1611
2025-08-27 13:35:00,24400,CE,394.68,399.5,393.35,396.35,265,29915,0.1568
2025-08-27 13:35:00,24400,PE,1012.09,1011.27,999.7,1006.93,408,31774,0.1607
2025-08-27 13:35:00,24450,CE,406.65,410.55,403.31,406.89,223,30650,0.1613
2025-08-27 13:35:00,24450,PE,1059.32,1047.87,1030.89,1047.25,380,22792,0.1589
2025-08-27 13:35:00,24500,CE,423.64,424.33,417.24,422.43,447,27658,0.1619
2025-08-27 13:35:00,24500,PE,1096.93,1089.52,1080.45,1085.72,249,31282,0.1578
2025-08-27 13:35:00,24550,CE,423.52,433.75,424.11,430.18,40,25445,0.1644
2025-08-27 13:35:00,24550,PE,1139.63,1165.79,1136.26,1144.83,76,23807,0.16
2025-08-27 13:35:00,24600,CE,416.34,414.98,413.14,414.85,335,23885,0.162
2025-08-27 13:35:00,24600,PE,1189.4,1205.88,1183.09,1193.03,11,29217,0.1626
2025-08-27 13:35:00,24650,CE,424.54,426.19,421.18,422.77,155,26221,0.1609
2025-08-27 13:35:00,24650,PE,1237.38,1235.38,1214.53,1224.61,299,24305,0.1582
2025-08-27 13:35:00,24700,CE,421.36,438.16,414.45,419.31,170,25547,0.1608
2025-08-27 13:35:00,24700,PE,1279.8,1279.91,1259.92,1268.35,313,21900,0.1569
2025-08-27 13:35:00,24750,CE,421.72,428.33,419.71,419.74,238,21460,0.1586
2025-08-27 13:35:00,24750,PE,1408.93,1380.11,1367.68,1372.54,256,23429,0.1621
2025-08-27 13:35:00,24800,CE,417.98,428.52,423.39,423.83,354,25825,0.1609
2025-08-27 13:35:00,24800,PE,1373.13,1388.68,1370.3,1373.36,161,19657,0.1618
2025-08-27 13:35:00,24850,CE,402.8,402.56,396.74,401.06,32,19486,0.1601
2025-08-27 13:35:00,24850,PE,1422.68,1461.54,1419.48,1436.94,162,25207,0.157
2025-08-27 13:35:00,24900,CE,404.02,409.92,402.31,406.75,306,22680,0.1586
2025-08-27 13:35:00,24900,PE,1498.0,1509.58,1496.55,1499.53,32,18910,0.1569
2025-08-27 13:40:00,23500,CE,721.12,730.59,705.33,715.27,384,46072,0.1616
2025-08-27 13:40:00,23500,PE,405.81,410.14,407.7,408.96,675,50991,0.1605
2025-08-27 13:40:00,23550,CE,660.95,674.79,655.58,665.17,739,53416,0.1598
2025-08-27 13:40:00,23550,PE,410.85,420.47,408.92,409.48,353,59393,0.1618
2025-08-27 13:40:00,23600,CE,615.5,606.46,602.32,604.48,947,59207,0.1571
2025-08-27 13:40:00,23600,PE,411.88,418.25,413.34,416.86,565,60392,0.1597
2025-08-27 13:40:00,23650,CE,580.88,588.71,579.07,584.6,608,60501,0.162
2025-08-27 13:40:00,23650,PE,406.55,408.51,405.87,408.06,893,60135,0.1589
2025-08-27 13:40:00,23700,CE,554.42,563.21,560.4,563.12,463,70463,0.1601
2025-08-27 13:40:00,23700,PE,366.31,366.8,364.09,364.32,1046,70162,0.1575
2025-08-27 13:40:00,23750,CE,458.36,465.31,462.49,463.44,1213,85634,0.1607
2025-08-27 13:40:00,23750,PE,430.89,432.5,427.99,430.26,674,75156,0.1607
2025-08-27 13:40:00,23800,CE,437.89,442.18,432.53,441.13,1432,77773,0.158
2025-08-27 13:40:00,23800,PE,381.4,388.33,380.73,384.17,222,83696,0.1613
2025-08-27 13:40:00,23850,CE,414.37,411.75,409.88,411.3,873,71334,0.1607
2025-08-27 13:40:00,23850,PE,428.26,427.06,417.19,424.33,207,73202,0.1625
2025-08-27 13:40:00,23900,CE,406.64,416.65,408.68,411.26,657,65777,0.1622
2025-08-27 13:40:00,23900,PE,504.71,499.26,495.57,496.51,1060,60855,0.1624
2025-08-27 13:40:00,23950,CE,405.29,406.6,404.12,404.58,423,55891,0.1584
2025-08-27 13:40:00,23950,PE,518.08,535.17,525.63,525.74,955,61618,0.163
2025-08-27 13:40:00,24000,CE,410.41,414.61,411.3,411.9,361,48191,0.1596
2025-08-27 13:40:00,24000,PE,599.6,608.78,601.36,605.88,388,45551,0.1625
2025-08-27 13:40:00,24050,CE,440.77,450.27,433.48,438.27,499,46790,0.1604
2025-08-27 13:40:00,24050,PE,655.95,671.47,641.11,647.74,592,52624,0.1606
2025-08-27 13:40:00,24100,CE,375.74,373.04,364.73,371.62,103,43058,0.159
2025-08-27 13:40:00,24100,PE,699.08,699.87,689.19,697.15,514,48701,0.16
2025-08-27 13:40:00,24150,CE,435.92,437.82,423.17,430.27,446,42522,0.1635
2025-08-27 13:40:00,24150,PE,768.04,784.2,756.99,764.87,528,39895,0.1621
2025-08-27 13:40:00,24200,CE,405.99,408.99,405.78,407.33,705,41541,0.1602
2025-08-27 13:40:00,24200,PE,792.24,799.68,781.79,788.95,756,37568,0.1613
2025-08-27 13:40:00,24250,CE,390.56,390.18,388.8,389.48,671,32638,0.1582
2025-08-27 13:40:00,24250,PE,860.6,865.16,850.33,864.64,163,43937,0.1631
2025-08-27 13:40:00,24300,CE,407.07,410.38,406.27,407.0,571,32685,0.1606
2025-08-27 13:40:00,24300,PE,911.84,916.68,909.17,913.64,557,31937,0.1613
2025-08-27 13:40:00,24350,CE,384.07,393.51,385.45,387.84,214,33810,0.1614
2025-08-27 13:40:00,24350,PE,971.35,968.6,953.93,965.09,325,30456,0.1648
2025-08-27 13:40:00,24400,CE,420.98,431.27,418.41,419.68,361,29942,0.1602
2025-08-27 13:40:00,24400,PE,973.34,980.23,965.27,971.12,123,31906,0.1592
2025-08-27 13:40:00,24450,CE,416.64,427.35,410.88,417.96,184,30789,0.1617
2025-08-27 13:40:00,24450,PE,1060.99,1071.69,1063.83,1067.72,79,22818,0.1585
2025-08-27 13:40:00,24500,CE,398.41,399.19,392.95,394.69,264,27981,0.163
2025-08-27 13:40:00,24500,PE,1083.07,1122.92,1080.43,1090.1,475,31769,0.1628
2025-08-27 13:40:00,24550,CE,376.44,379.1,371.92,376.16,174,25614,0.158
2025-08-27 13:40:00,24550,PE,1083.13,1099.64,1086.96,1089.14,327,24219,0.1588
2025-08-27 13:40:00,24600,CE,420.6,418.87,414.57,417.48,383,23296,0.1622
2025-08-27 13:40:00,24600,PE,1191.62,1206.49,1197.39,1201.2,380,29193,0.1626
2025-08-27 13:40:00,24650,CE,403.25,409.41,397.61,403.26,429,26345,0.16
2025-08-27 13:40:00,24650,PE,1208.4,1225.87,1193.72,1200.27,179,23946,0.1581
2025-08-27 13:40:00,24700,CE,416.27,421.41,411.9,412.83,410,25139,0.1589
2025-08-27 13:40:00,24700,PE,1294.41,1293.57,1283.35,1286.57,45,21463,0.1577
2025-08-27 13:40:00,24750,CE,382.55,389.3,379.28,383.57,231,21201,0.1593
2025-08-27 13:40:00,24750,PE,1311.67,1313.23,1302.89,1312.38,243,23817,0.1603
2025-08-27 13:40:00,24800,CE,409.73,410.38,408.92,409.28,120,25258,0.1621
2025-08-27 13:40:00,24800,PE,1378.72,1416.21,1380.64,1389.37,146,19779,0.1583
2025-08-27 13:40:00,24850,CE,394.54,393.77,389.97,391.48,280,18967,0.1642
2025-08-27 13:40:00,24850,PE,1431.71,1478.08,1429.25,1434.11,336,25318,0.1598
2025-08-27 13:40:00,24900,CE,408.56,413.62,408.38,410.22,180,22382,0.1629
2025-08-27 13:40:00,24900,PE,1509.52,1537.85,1502.47,1507.0,353,18498,0.1617
2025-08-27 13:45:00,23500,CE,704.84,711.37,694.35,699.31,401,46030,0.1641
2025-08-27 13:45:00,23500,PE,435.01,434.86,429.84,430.95,486,50668,0.1604
2025-08-27 13:45:00,23550,CE,674.47,689.92,672.97,677.77,907,53269,0.1623
2025-08-27 13:45:00,23550,PE,424.96,437.0,431.86,432.51,688,59552,0.1609
2025-08-27 13:45:00,23600,CE,593.72,598.68,593.62,595.93,229,59730,0.1654
2025-08-27 13:45:00,23600,PE,423.25,434.4,424.71,426.43,498,60533,0.1603
2025-08-27 13:45:00,23650,CE,555.77,564.33,551.28,554.38,775,60509,0.1621
2025-08-27 13:45:00,23650,PE,435.22,432.11,426.48,428.3,766,60203,0.1586
2025-08-27 13:45:00,23700,CE,495.41,502.0,489.7,499.31,1005,70429,0.1574
2025-08-27 13:45:00,23700,PE,388.71,395.24,388.55,389.44,1100,70237,0.159
2025-08-27 13:45:00,23750,CE,456.12,452.26,443.66,450.16,1559,85718,0.1589
2025-08-27 13:45:00,23750,PE,412.75,418.66,414.54,414.65,931,75146,0.1617
2025-08-27 13:45:00,23800,CE,398.53,410.13,396.36,397.27,713,78119,0.1636
2025-08-27 13:45:00,23800,PE,419.29,418.9,415.38,415.87,1122,83564,0.1641
2025-08-27 13:45:00,23850,CE,427.98,431.66,422.54,426.58,1207,70864,0.1624
2025-08-27 13:45:00,23850,PE,475.29,481.4,471.02,475.11,115,73373,0.1614
2025-08-27 13:45:00,23900,CE,411.29,420.63,411.33,411.92,605,66132,0.1617
2025-08-27 13:45:00,23900,PE,508.95,518.38,503.58,506.35,868,61191,0.1579
2025-08-27 13:45:00,23950,CE,402.95,406.39,399.41,402.0,318,55593,0.1597
2025-08-27 13:45:00,23950,PE,576.11,571.61,567.38,570.61,302,61794,0.1581
2025-08-27 13:45:00,24000,CE,401.59,403.73,402.62,403.57,699,48789,0.1611
2025-08-27 13:45:00,24000,PE,613.79,616.42,604.42,608.95,236,45076,0.161
2025-08-27 13:45:00,24050,CE,374.62,385.14,375.44,376.74,895,46817,0.1609
2025-08-27 13:45:00,24050,PE,662.03,676.53,663.35,664.27,352,52390,0.1615
2025-08-27 13:45:00,24100,CE,399.38,397.6,389.75,396.97,755,43407,0.1604
2025-08-27 13:45:00,24100,PE,731.06,731.18,724.49,725.56,160,48490,0.1578
2025-08-27 13:45:00,24150,CE,417.74,417.1,414.51,416.37,686,42802,0.1627
2025-08-27 13:45:00,24150,PE,789.79,795.68,778.19,781.28,643,39487,0.158
2025-08-27 13:45:00,24200,CE,417.24,413.32,410.95,412.17,427,41021,0.1611
2025-08-27 13:45:00,24200,PE,829.76,848.71,835.68,838.61,335,37092,0.1627
2025-08-27 13:45:00,24250,CE,401.49,403.55,396.68,397.86,190,32350,0.1577
2025-08-27 13:45:00,24250,PE,852.95,870.08,830.24,853.24,137,44356,0.1603
2025-08-27 13:45:00,24300,CE,419.98,418.92,418.25,418.48,242,32265,0.1634
2025-08-27 13:45:00,24300,PE,899.07,911.39,894.65,901.8,629,31377,0.1576
2025-08-27 13:45:00,24350,CE,404.17,401.91,393.33,399.97,97,34234,0.163
2025-08-27 13:45:00,24350,PE,949.15,946.85,931.98,943.36,275,30305,0.1626
2025-08-27 13:45:00,24400,CE,399.28,401.77,398.56,398.73,178,30048,0.161
2025-08-27 13:45:00,24400,PE,1035.86,1062.14,1032.24,1041.05,208,31406,0.1618
2025-08-27 13:45:00,24450,CE,436.05,436.9,431.95,433.1,515,31277,0.1595
2025-08-27 13:45:00,24450,PE,1092.14,1106.61,1085.84,1093.21,101,22823,0.1608
2025-08-27 13:45:00,24500,CE,425.28,430.55,418.34,423.86,234,27488,0.1626
2025-08-27 13:45:00,24500,PE,1090.4,1120.11,1098.1,1105.37,207,31929,0.157
2025-08-27 13:45:00,24550,CE,415.99,419.66,406.26,413.8,57,25452,0.1587
2025-08-27 13:45:00,24550,PE,1196.29,1218.78,1181.88,1192.95,127,24043,0.1619
2025-08-27 13:45:00,24600,CE,432.78,430.55,428.36,429.12,292,23185,0.1616
2025-08-27 13:45:00,24600,PE,1220.12,1216.61,1192.76,1205.06,355,29202,0.1622
2025-08-27 13:45:00,24650,CE,428.38,428.25,425.87,427.4,306,26488,0.1619
2025-08-27 13:45:00,24650,PE,1226.65,1290.38,1235.27,1246.42,361,23521,0.1607
2025-08-27 13:45:00,24700,CE,417.18,427.14,424.52,426.03,417,25444,0.162
2025-08-27 13:45:00,24700,PE,1302.1,1317.08,1310.22,1314.05,89,20895,0.1578
2025-08-27 13:45:00,24750,CE,405.34,408.56,402.51,403.24,16,21440,0.1592
2025-08-27 13:45:00,24750,PE,1380.53,1381.59,1355.22,1369.93,174,23436,0.1609
2025-08-27 13:45:00,24800,CE,383.73,391.03,383.94,385.03,127,25194,0.161
2025-08-27 13:45:00,24800,PE,1433.01,1432.84,1427.08,1428.17,22,19852,0.1626
2025-08-27 13:45:00,24850,CE,383.84,387.82,383.12,385.2,19,19143,0.1602
2025-08-27 13:45:00,24850,PE,1445.64,1460.03,1429.28,1438.81,28,25667,0.1612
2025-08-27 13:45:00,24900,CE,387.44,392.97,386.57,389.0,95,22401,0.1585
2025-08-27 13:45:00,24900,PE,1482.56,1504.56,1492.9,1495.94,142,18954,0.1587
2025-08-27 13:50:00,23500,CE,736.98,759.05,735.89,741.15,670,46576,0.1614
2025-08-27 13:50:00,23500,PE,426.03,430.72,418.33,427.06,604,51239,0.1646
2025-08-27 13:50:00,23550,CE,661.91,674.28,653.63,657.72,218,53052,0.1601
2025-08-27 13:50:00,23550,PE,448.57,448.19,444.68,448.15,744,58990,0.1617
2025-08-27 13:50:00,23600,CE,621.87,630.82,627.57,629.3,194,59988,0.1586
2025-08-27 13:50:00,23600,PE,367.68,378.98,369.1,370.31,413,60235,0.1625
2025-08-27 13:50:00,23650,CE,600.07,603.73,595.0,601.79,353,60830,0.1634
2025-08-27 13:50:00,23650,PE,411.93,417.06,406.21,411.28,548,59609,0.1594
2025-08-27 13:50:00,23700,CE,512.7,521.48,510.45,511.59,663,70761,0.1618
2025-08-27 13:50:00,23700,PE,431.74,433.17,427.63,431.17,227,69721,0.1634
2025-08-27 13:50:00,23750,CE,452.28,451.84,450.28,450.99,918,86173,0.1607
2025-08-27 13:50:00,23750,PE,401.34,402.44,400.15,401.22,124,75327,0.1605
2025-08-27 13:50:00,23800,CE,425.76,423.68,420.12,422.07,1325,77713,0.1614
2025-08-27 13:50:00,23800,PE,410.25,418.36,415.54,416.93,461,83573,0.1617
2025-08-27 13:50:00,23850,CE,405.94,405.7,395.59,398.07,994,70870,0.1643
2025-08-27 13:50:00,23850,PE,437.06,436.8,428.32,432.83,317,73827,0.1587
2025-08-27 13:50:00,23900,CE,394.07,402.41,391.97,396.16,597,66170,0.1555
2025-08-27 13:50:00,23900,PE,493.9,508.15,498.08,498.66,753,61251,0.1629
2025-08-27 13:50:00,23950,CE,373.68,373.56,370.59,373.29,367,55375,0.1589
2025-08-27 13:50:00,23950,PE,528.06,529.77,522.59,528.14,186,62068,0.1621
2025-08-27 13:50:00,24000,CE,405.02,404.33,397.94,402.42,352,48249,0.1615
2025-08-27 13:50:00,24000,PE,573.31,581.58,576.02,577.79,67,45637,0.1607
2025-08-27 13:50:00,24050,CE,439.85,441.04,434.77,436.75,428,46944,0.1649
2025-08-27 13:50:00,24050,PE,658.87,678.49,649.56,654.44,530,52804,0.1612
2025-08-27 13:50:00,24100,CE,388.21,392.94,388.68,390.82,793,43744,0.1591
2025-08-27 13:50:00,24100,PE,685.33,692.89,683.74,686.7,876,48151,0.16
2025-08-27 13:50:00,24150,CE,411.92,415.16,407.1,409.64,375,42548,0.1617
2025-08-27 13:50:00,24150,PE,719.87,732.92,707.12,726.63,684,39220,0.1577
2025-08-27 13:50:00,24200,CE,418.89,422.25,417.37,418.76,603,40691,0.1606
2025-08-27 13:50:00,24200,PE,786.27,790.58,779.31,782.69,528,36511,0.1622
2025-08-27 13:50:00,24250,CE,410.36,411.67,406.85,409.8,557,32742,0.1628
2025-08-27 13:50:00,24250,PE,827.98,852.06,835.79,839.89,401,44401,0.1597
2025-08-27 13:50:00,24300,CE,418.99,421.72,415.09,420.15,307,32374,0.1588
2025-08-27 13:50:00,24300,PE,878.05,887.97,877.35,883.21,376,31367,0.1575
2025-08-27 13:50:00,24350,CE,407.39,410.03,403.98,406.21,325,33783,0.1584
2025-08-27 13:50:00,24350,PE,946.32,946.35,940.73,942.01,292,30228,0.1602
2025-08-27 13:50:00,24400,CE,430.34,439.75,429.02,433.01,521,29800,0.1574
2025-08-27 13:50:00,24400,PE,1015.57,1018.47,1007.07,1017.22,562,31876,0.1607
2025-08-27 13:50:00,24450,CE,391.27,404.79,393.25,399.18,431,31518,0.1579
2025-08-27 13:50:00,24450,PE,1033.47,1040.13,1029.24,1036.06,180,22418,0.1616
2025-08-27 13:50:00,24500,CE,399.39,399.84,396.28,396.71,412,27730,0.1606
2025-08-27 13:50:00,24500,PE,1088.83,1097.52,1086.64,1090.54,434,31987,0.1588
2025-08-27 13:50:00,24550,CE,416.26,428.73,423.67,425.06,445,24950,0.1602
2025-08-27 13:50:00,24550,PE,1127.96,1119.76,1117.15,1118.89,61,23526,0.1619
2025-08-27 13:50:00,24600,CE,420.5,426.03,417.94,423.99,156,22761,0.1622
2025-08-27 13:50:00,24600,PE,1207.02,1216.17,1210.75,1213.44,26,29574,0.1632
2025-08-27 13:50:00,24650,CE,398.03,407.84,400.02,403.98,76,26883,0.1604
2025-08-27 13:50:00,24650,PE,1249.95,1265.5,1236.47,1249.72,291,23650,0.1619
2025-08-27 13:50:00,24700,CE,385.77,392.84,386.6,388.6,56,24862,0.1582
2025-08-27 13:50:00,24700,PE,1302.03,1303.2,1283.68,1302.67,66,20675,0.1552
2025-08-27 13:50:00,24750,CE,434.08,431.91,425.75,431.16,395,21321,0.1642
2025-08-27 13:50:00,24750,PE,1348.88,1351.45,1340.55,1344.97,101,23177,0.1582
2025-08-27 13:50:00,24800,CE,426.26,418.73,411.86,417.2,137,25291,0.1629
2025-08-27 13:50:00,24800,PE,1404.46,1409.06,1390.55,1400.36,320,19326,0.1593
2025-08-27 13:50:00,24850,CE,419.18,429.25,418.14,419.18,296,18566,0.1626
2025-08-27 13:50:00,24850,PE,1401.19,1415.87,1401.97,1411.1,126,25772,0.1571
2025-08-27 13:50:00,24900,CE,392.3,393.95,391.66,393.49,43,22118,0.1583
2025-08-27 13:50:00,24900,PE,1517.1,1514.55,1496.26,1497.68,236,19177,0.158
2025-08-27 13:55:00,23500,CE,735.56,735.66,726.45,734.64,82,46909,0.1592
2025-08-27 13:55:00,23500,PE,400.65,404.26,394.15,400.61,353,51372,0.1608
2025-08-27 13:55:00,23550,CE,661.08,673.08,652.03,664.06,208,53639,0.1566
2025-08-27 13:55:00,23550,PE,421.26,427.86,411.83,420.59,708,59161,0.1587
2025-08-27 13:55:00,23600,CE,620.64,628.71,624.98,625.52,203,60315,0.1618
2025-08-27 13:55:00,23600,PE,381.24,379.88,373.98,378.97,395,60404,0.159
2025-08-27 13:55:00,23650,CE,569.98,567.68,560.5,564.46,744,61196,0.1533
2025-08-27 13:55:00,23650,PE,425.88,431.85,427.14,427.78,952,59477,0.1607
2025-08-27 13:55:00,23700,CE,527.85,534.61,529.42,530.26,123,70682,0.1605
2025-08-27 13:55:00,23700,PE,437.35,429.56,427.21,429.09,525,69523,0.1601
2025-08-27 13:55:00,23750,CE,459.0,470.78,454.99,456.66,730,86264,0.1622
2025-08-27 13:55:00,23750,PE,412.5,414.45,411.2,411.74,925,75176,0.1611
2025-08-27 13:55:00,23800,CE,406.03,408.91,402.85,404.5,1073,78298,0.1594
2025-08-27 13:55:00,23800,PE,381.44,394.12,382.96,387.99,1130,83696,0.157
2025-08-27 13:55:00,23850,CE,416.74,413.55,407.09,409.43,471,70672,0.1606
2025-08-27 13:55:00,23850,PE,461.41,471.93,461.35,463.54,106,73836,0.163
2025-08-27 13:55:00,23900,CE,411.88,414.65,408.92,411.81,122,66506,0.1594
2025-08-27 13:55:00,23900,PE,515.4,526.18,513.1,519.27,1309,61618,0.16
2025-08-27 13:55:00,23950,CE,410.23,410.22,407.17,408.96,205,55539,0.168
2025-08-27 13:55:00,23950,PE,544.78,558.36,545.12,546.75,529,61470,0.1636
2025-08-27 13:55:00,24000,CE,382.11,386.92,380.37,381.54,774,48691,0.1615
2025-08-27 13:55:00,24000,PE,591.61,598.94,589.29,590.27,505,46128,0.1632
2025-08-27 13:55:00,24050,CE,422.63,423.32,418.63,422.91,68,47389,0.1626
2025-08-27 13:55:00,24050,PE,633.7,636.83,625.42,632.34,665,53009,0.1575
2025-08-27 13:55:00,24100,CE,422.12,424.38,420.13,421.56,451,43176,0.1597
2025-08-27 13:55:00,24100,PE,734.89,731.85,720.93,723.55,407,48691,0.1575
2025-08-27 13:55:00,24150,CE,420.92,421.92,408.85,419.6,382,42029,0.1601
2025-08-27 13:55:00,24150,PE,732.07,739.81,728.22,735.52,408,38799,0.159
2025-08-27 13:55:00,24200,CE,378.24,380.64,373.32,377.41,323,40844,0.1587
2025-08-27 13:55:00,24200,PE,819.62,838.76,824.48,828.11,61,36465,0.1606
2025-08-27 13:55:00,24250,CE,395.9,396.09,390.8,395.67,358,33047,0.1618
2025-08-27 13:55:00,24250,PE,831.59,836.74,821.79,824.52,58,44560,0.1612
2025-08-27 13:55:00,24300,CE,400.62,407.22,396.48,401.09,410,31779,0.1607
2025-08-27 13:55:00,24300,PE,887.44,891.2,871.63,890.74,87,31538,0.1613
2025-08-27 13:55:00,24350,CE,424.37,430.79,423.99,424.49,528,34212,0.1607
2025-08-27 13:55:00,24350,PE,943.22,939.43,925.52,933.28,473,30650,0.1605
2025-08-27 13:55:00,24400,CE,422.05,428.58,412.66,417.7,354,29388,0.1583
2025-08-27 13:55:00,24400,PE,977.58,995.31,979.11,987.92,311,31692,0.1596
2025-08-27 13:55:00,24450,CE,397.08,396.73,388.52,394.93,145,31061,0.1598
2025-08-27 13:55:00,24450,PE,1030.68,1034.36,1015.71,1026.01,19,22719,0.1611
2025-08-27 13:55:00,24500,CE,417.52,418.72,410.56,416.93,95,27883,0.1625
2025-08-27 13:55:00,24500,PE,1090.1,1106.18,1095.47,1098.0,162,31968,0.1599
2025-08-27 13:55:00,24550,CE,424.41,423.44,415.16,419.65,200,24709,0.1574
2025-08-27 13:55:00,24550,PE,1142.6,1145.66,1132.43,1142.69,240,23870,0.1609
2025-08-27 13:55:00,24600,CE,424.3,429.45,425.64,426.81,240,23110,0.1644
2025-08-27 13:55:00,24600,PE,1209.32,1215.5,1211.0,1212.2,428,29563,0.1586
2025-08-27 13:55:00,24650,CE,408.57,411.29,407.19,407.3,361,26432,0.1599
2025-08-27 13:55:00,24650,PE,1238.63,1254.69,1241.78,1251.93,256,23608,0.1583
2025-08-27 13:55:00,24700,CE,414.63,414.95,407.26,410.77,9,25337,0.1603
2025-08-27 13:55:00,24700,PE,1310.88,1308.17,1285.57,1289.46,319,20775,0.1599
2025-08-27 13:55:00,24750,CE,424.68,427.78,422.41,423.89,288,21625,0.1588
2025-08-27 13:55:00,24750,PE,1306.41,1318.41,1301.59,1312.22,321,22930,0.1552
2025-08-27 13:55:00,24800,CE,444.4,460.32,446.66,450.45,168,25102,0.1564
2025-08-27 13:55:00,24800,PE,1413.67,1413.56,1394.32,1394.9,360,18866,0.1611
2025-08-27 13:55:00,24850,CE,400.42,402.49,400.67,401.74,345,18377,0.1601
2025-08-27 13:55:00,24850,PE,1477.07,1490.36,1459.17,1477.07,297,25375,0.1644
2025-08-27 13:55:00,24900,CE,386.01,391.76,386.46,390.53,309,22164,0.1599
2025-08-27 13:55:00,24900,PE,1485.63,1503.18,1494.09,1500.83,360,19049,0.1623
2025-08-27 14:00:00,23500,CE,596.81,603.17,590.49,591.5,987,47311,0.1596
2025-08-27 14:00:00,23500,PE,450.89,450.24,441.63,447.26,24,51231,0.1625
2025-08-27 14:00:00,23550,CE,589.36,587.77,582.92,587.25,458,53293,0.1621
2025-08-27 14:00:00,23550,PE,415.85,416.03,412.35,413.95,970,58662,0.1611
2025-08-27 14:00:00,23600,CE,537.51,547.62,542.6,546.03,335,60018,0.1613
2025-08-27 14:00:00,23600,PE,442.02,448.52,443.03,445.63,530,60640,0.1622
2025-08-27 14:00:00,23650,CE,481.01,481.04,476.93,478.36,33,61347,0.162
2025-08-27 14:00:00,23650,PE,423.77,429.76,419.63,423.12,586,59620,0.1567
2025-08-27 14:00:00,23700,CE,426.45,436.89,423.68,424.66,127,71111,0.1596
2025-08-27 14:00:00,23700,PE,386.85,382.35,377.36,379.68,962,69226,0.1619
2025-08-27 14:00:00,23750,CE,371.32,373.36,366.45,371.86,1311,86228,0.1593
2025-08-27 14:00:00,23750,PE,396.59,401.08,391.25,392.4,661,74777,0.161
2025-08-27 14:00:00,23800,CE,393.37,397.0,383.46,390.24,708,77960,0.1613
2025-08-27 14:00:00,23800,PE,488.23,496.44,489.09,490.1,1047,83541,0.1587
2025-08-27 14:00:00,23850,CE,400.77,405.24,399.54,399.78,165,70920,0.1607
2025-08-27 14:00:00,23850,PE,560.07,559.39,555.36,556.14,1053,74236,0.1599
2025-08-27 14:00:00,23900,CE,413.57,415.65,411.08,412.36,545,66274,0.1601
2025-08-27 14:00:00,23900,PE,607.26,601.46,599.35,600.78,258,61495,0.1631
2025-08-27 14:00:00,23950,CE,433.0,438.2,432.06,436.94,115,56004,0.1623
2025-08-27 14:00:00,23950,PE,655.28,649.69,637.08,649.24,259,61806,0.1617
2025-08-27 14:00:00,24000,CE,411.41,411.47,403.01,407.76,357,48919,0.1614
2025-08-27 14:00:00,24000,PE,690.18,708.76,699.81,701.42,825,46016,0.1633
2025-08-27 14:00:00,24050,CE,378.69,381.05,376.35,380.88,801,47198,0.1587
2025-08-27 14:00:00,24050,PE,711.36,728.2,711.15,714.63,221,53277,0.1583
2025-08-27 14:00:00,24100,CE,441.63,442.82,440.82,441.67,118,42687,0.1592
2025-08-27 14:00:00,24100,PE,792.39,811.19,786.47,788.69,290,48743,0.1628
2025-08-27 14:00:00,24150,CE,404.65,404.22,397.51,400.3,339,41501,0.1611
2025-08-27 14:00:00,24150,PE,825.99,829.21,809.63,821.78,395,38947,0.1594
2025-08-27 14:00:00,24200,CE,397.08,401.62,390.15,392.7,196,40926,0.1588
2025-08-27 14:00:00,24200,PE,915.45,925.98,896.42,907.74,242,35936,0.1609
2025-08-27 14:00:00,24250,CE,412.51,418.67,415.64,416.18,466,32950,0.1641
2025-08-27 14:00:00,24250,PE,952.28,955.92,943.98,954.52,613,44190,0.1581
2025-08-27 14:00:00,24300,CE,406.93,408.39,401.99,403.99,14,32136,0.1611
2025-08-27 14:00:00,24300,PE,964.83,962.81,951.93,956.91,507,32033,0.1597
2025-08-27 14:00:00,24350,CE,427.82,431.61,428.59,429.38,548,33989,0.1618
2025-08-27 14:00:00,24350,PE,1051.77,1058.34,1046.16,1054.6,378,30085,0.1585
2025-08-27 14:00:00,24400,CE,398.99,401.6,395.54,398.04,224,29865,0.1591
2025-08-27 14:00:00,24400,PE,1115.77,1106.87,1088.95,1102.8,336,32105,0.1596
2025-08-27 14:00:00,24450,CE,397.87,409.94,393.45,397.05,472,31417,0.1577
2025-08-27 14:00:00,24450,PE,1126.42,1146.66,1133.24,1135.79,345,22546,0.1593
2025-08-27 14:00:00,24500,CE,417.66,423.93,421.81,422.29,256,27378,0.1625
2025-08-27 14:00:00,24500,PE,1173.86,1194.84,1175.38,1188.37,277,32537,0.1608
2025-08-27 14:00:00,24550,CE,411.34,418.16,414.17,414.56,73,24701,0.163
2025-08-27 14:00:00,24550,PE,1250.3,1263.14,1213.62,1241.64,408,23697,0.1614
2025-08-27 14:00:00,24600,CE,407.83,413.57,404.22,405.27,258,23442,0.1608
2025-08-27 14:00:00,24600,PE,1232.35,1260.69,1242.68,1254.6,343,29767,0.1591
2025-08-27 14:00:00,24650,CE,408.17,412.92,405.55,410.58,32,25882,0.158
2025-08-27 14:00:00,24650,PE,1371.88,1361.67,1345.08,1349.81,315,24158,0.159
2025-08-27 14:00:00,24700,CE,397.22,395.56,391.07,394.08,111,25404,0.1576
2025-08-27 14:00:00,24700,PE,1379.15,1393.89,1374.91,1384.45,34,20400,0.1622
2025-08-27 14:00:00,24750,CE,433.06,430.65,421.48,425.89,189,21044,0.1646
2025-08-27 14:00:00,24750,PE,1460.89,1476.93,1447.85,1461.01,228,22992,0.157
2025-08-27 14:00:00,24800,CE,414.54,423.88,415.61,417.85,39,25214,0.1609
2025-08-27 14:00:00,24800,PE,1510.18,1510.45,1483.27,1505.79,171,18385,0.1615
2025-08-27 14:00:00,24850,CE,411.1,424.56,413.97,415.28,82,18430,0.1581
2025-08-27 14:00:00,24850,PE,1557.24,1566.83,1524.93,1533.06,290,25293,0.1594
2025-08-27 14:00:00,24900,CE,402.17,408.94,402.84,403.75,219,22089,0.1587
2025-08-27 14:00:00,24900,PE,1549.02,1557.66,1550.38,1552.92,297,19619,0.1575
2025-08-27 14:05:00,23500,CE,636.65,643.72,633.08,642.27,408,47066,0.1589
2025-08-27 14:05:00,23500,PE,383.86,392.53,381.69,382.84,550,51691,0.1573
2025-08-27 14:05:00,23550,CE,610.79,619.8,608.28,611.03,632,53106,0.1611
2025-08-27 14:05:00,23550,PE,407.36,403.08,399.62,401.28,813,58277,0.1589
2025-08-27 14:05:00,23600,CE,567.71,569.81,562.2,564.94,332,59600,0.1631
2025-08-27 14:05:00,23600,PE,388.2,397.47,387.76,390.56,1065,61168,0.1588
2025-08-27 14:05:00,23650,CE,480.9,480.6,474.43,478.23,1265,60774,0.1616
2025-08-27 14:05:00,23650,PE,416.03,420.3,417.66,417.94,1188,59282,0.1611
2025-08-27 14:05:00,23700,CE,436.87,440.09,435.03,435.69,1448,70919,0.1605
2025-08-27 14:05:00,23700,PE,421.56,423.76,421.37,422.96,482,69414,0.1625
2025-08-27 14:05:00,23750,CE,403.14,408.54,405.39,405.88,1422,86078,0.1601
2025-08-27 14:05:00,23750,PE,367.68,370.18,366.96,369.11,1483,74201,0.1589
2025-08-27 14:05:00,23800,CE,400.84,415.17,403.91,406.29,1377,77980,0.1626
2025-08-27 14:05:00,23800,PE,417.14,430.78,414.27,416.65,833,84002,0.1587
2025-08-27 14:05:00,23850,CE,438.78,447.6,436.43,437.52,93,71383,0.1647
2025-08-27 14:05:00,23850,PE,497.16,502.6,491.87,500.06,286,74825,0.1615
2025-08-27 14:05:00,23900,CE,465.63,462.99,457.85,461.69,847,66084,0.1657
2025-08-27 14:05:00,23900,PE,548.15,552.95,546.87,548.5,95,61041,0.1634
2025-08-27 14:05:00,23950,CE,409.24,413.55,407.32,409.92,142,55487,0.1612
2025-08-27 14:05:00,23950,PE,614.97,619.99,613.43,614.14,652,62246,0.1576
2025-08-27 14:05:00,24000,CE,416.61,424.76,414.15,417.01,762,49216,0.1572
2025-08-27 14:05:00,24000,PE,662.7,675.31,669.46,672.52,930,46169,0.1643
2025-08-27 14:05:00,24050,CE,441.92,450.07,443.22,445.36,95,47194,0.1619
2025-08-27 14:05:00,24050,PE,722.29,728.21,725.01,725.73,660,53225,0.1589
2025-08-27 14:05:00,24100,CE,394.53,393.76,390.64,392.73,253,42679,0.1588
2025-08-27 14:05:00,24100,PE,741.68,753.11,731.47,736.87,625,48579,0.1611
2025-08-27 14:05:00,24150,CE,407.15,406.51,406.3,406.36,268,41470,0.1587
2025-08-27 14:05:00,24150,PE,800.5,825.6,806.71,814.22,316,38599,0.158
2025-08-27 14:05:00,24200,CE,416.17,423.64,416.42,421.03,200,40467,0.1642
2025-08-27 14:05:00,24200,PE,862.64,866.74,843.68,859.83,519,35589,0.1627
2025-08-27 14:05:00,24250,CE,415.68,420.24,409.32,412.76,629,33515,0.1586
2025-08-27 14:05:00,24250,PE,901.85,915.71,890.92,901.68,435,44778,0.1607
2025-08-27 14:05:00,24300,CE,422.48,428.77,417.06,418.58,523,32437,0.1583
2025-08-27 14:05:00,24300,PE,939.06,934.79,925.59,930.97,221,32437,0.1605
2025-08-27 14:05:00,24350,CE,410.74,409.55,406.73,407.95,200,33513,0.1602
2025-08-27 14:05:00,24350,PE,1015.78,1017.69,1015.23,1015.85,326,29632,0.1629
2025-08-27 14:05:00,24400,CE,387.06,383.21,379.71,383.1,57,29376,0.1601
2025-08-27 14:05:00,24400,PE,1085.23,1090.51,1075.48,1079.67,492,31580,0.1616
2025-08-27 14:05:00,24450,CE,391.79,398.96,393.7,394.16,207,31713,0.157
2025-08-27 14:05:00,24450,PE,1104.76,1114.23,1103.18,1106.02,412,22013,0.1612
2025-08-27 14:05:00,24500,CE,410.74,416.13,407.43,410.8,436,27916,0.1598
2025-08-27 14:05:00,24500,PE,1190.64,1206.39,1182.25,1186.36,472,32721,0.1627
2025-08-27 14:05:00,24550,CE,400.71,397.06,393.13,395.51,241,24306,0.1599
2025-08-27 14:05:00,24550,PE,1209.9,1216.16,1197.43,1198.31,63,24078,0.162
2025-08-27 14:05:00,24600,CE,419.2,427.2,420.6,421.51,378,23830,0.1603
2025-08-27 14:05:00,24600,PE,1239.74,1264.0,1248.46,1251.34,277,29843,0.158
2025-08-27 14:05:00,24650,CE,433.48,426.21,424.96,426.13,87,25391,0.1602
2025-08-27 14:05:00,24650,PE,1308.05,1335.0,1309.8,1311.66,90,24038,0.1625
2025-08-27 14:05:00,24700,CE,403.02,397.95,390.99,397.81,127,25462,0.1606
2025-08-27 14:05:00,24700,PE,1361.21,1368.28,1345.81,1367.09,319,20692,0.1595
2025-08-27 14:05:00,24750,CE,379.21,389.06,376.55,381.59,325,20802,0.1616
2025-08-27 14:05:00,24750,PE,1392.86,1436.84,1394.59,1400.3,366,23439,0.1579
2025-08-27 14:05:00,24800,CE,390.44,400.02,391.59,396.94,135,24914,0.1591
2025-08-27 14:05:00,24800,PE,1450.49,1467.42,1450.47,1457.41,335,18982,0.162
2025-08-27 14:05:00,24850,CE,416.64,418.21,412.74,413.16,172,17968,0.1575
2025-08-27 14:05:00,24850,PE,1512.68,1544.7,1521.88,1528.95,222,25692,0.1583
2025-08-27 14:05:00,24900,CE,386.17,391.75,390.01,390.48,167,21647,0.1595
2025-08-27 14:05:00,24900,PE,1540.52,1592.72,1536.31,1547.1,259,19930,0.1654
2025-08-27 14:10:00,23500,CE,579.04,574.26,571.57,573.47,912,47500,0.1591
2025-08-27 14:10:00,23500,PE,412.54,415.46,408.64,409.67,506,51466,0.1646
2025-08-27 14:10:00,23550,CE,572.77,584.26,571.13,573.87,207,52627,0.1585
2025-08-27 14:10:00,23550,PE,403.82,408.95,395.89,401.34,964,58876,0.1605
2025-08-27 14:10:00,23600,CE,516.28,516.14,513.7,513.81,853,60165,0.163
2025-08-27 14:10:00,23600,PE,401.61,413.29,397.66,403.5,419,61476,0.1612
2025-08-27 14:10:00,23650,CE,443.76,451.36,444.53,446.07,615,60637,0.1627
2025-08-27 14:10:00,23650,PE,425.86,430.75,427.23,428.72,977,58843,0.161
2025-08-27 14:10:00,23700,CE,404.94,405.51,403.91,405.06,752,70820,0.1581
2025-08-27 14:10:00,23700,PE,415.91,423.37,411.88,413.9,785,69678,0.1607
2025-08-27 14:10:00,23750,CE,420.8,427.74,418.07,422.35,445,85660,0.1632
2025-08-27 14:10:00,23750,PE,441.06,444.71,441.3,442.96,948,73621,0.16
2025-08-27 14:10:00,23800,CE,412.04,422.35,414.44,415.99,1315,78464,0.1578
2025-08-27 14:10:00,23800,PE,500.62,510.05,505.29,506.15,523,84241,0.1606
2025-08-27 14:10:00,23850,CE,417.78,422.85,419.27,419.89,619,71615,0.1617
2025-08-27 14:10:00,23850,PE,583.38,588.05,582.55,585.46,272,75361,0.1636
2025-08-27 14:10:00,23900,CE,411.31,411.51,404.28,410.72,929,66108,0.1599
2025-08-27 14:10:00,23900,PE,639.4,645.68,639.1,639.1,925,60822,0.1604
2025-08-27 14:10:00,23950,CE,417.28,419.44,411.15,414.84,750,55978,0.1638
2025-08-27 14:10:00,23950,PE,644.15,660.58,641.81,650.41,667,62828,0.1608
2025-08-27 14:10:00,24000,CE,414.06,428.34,413.66,414.85,197,48640,0.1592
2025-08-27 14:10:00,24000,PE,734.45,726.28,723.38,725.16,464,45965,0.1634
2025-08-27 14:10:00,24050,CE,397.57,400.74,399.14,399.37,515,47028,0.1609
2025-08-27 14:10:00,24050,PE,728.06,738.58,724.65,728.49,696,52758,0.1627
2025-08-27 14:10:00,24100,CE,374.14,378.23,371.45,373.61,713,42344,0.1586
2025-08-27 14:10:00,24100,PE,821.79,835.35,801.26,820.82,250,48008,0.163
2025-08-27 14:10:00,24150,CE,387.57,394.2,385.92,387.32,471,41705,0.161
2025-08-27 14:10:00,24150,PE,874.62,890.27,863.32,872.06,641,38127,0.1593
2025-08-27 14:10:00,24200,CE,413.17,418.66,411.18,415.13,316,40932,0.1643
2025-08-27 14:10:00,24200,PE,900.86,898.81,880.6,897.59,29,35689,0.1603
2025-08-27 14:10:00,24250,CE,407.43,414.4,406.64,407.51,146,33342,0.16
2025-08-27 14:10:00,24250,PE,964.45,957.05,950.28,956.32,460,45148,0.161
2025-08-27 14:10:00,24300,CE,422.98,424.43,418.6,420.82,12,32617,0.1645
2025-08-27 14:10:00,24300,PE,1004.92,1001.42,995.63,1001.27,230,32740,0.1599
2025-08-27 14:10:00,24350,CE,415.85,418.37,405.14,416.63,455,33966,0.1581
2025-08-27 14:10:00,24350,PE,1046.73,1054.69,1052.4,1052.79,63,30001,0.1611
2025-08-27 14:10:00,24400,CE,404.12,406.75,403.17,404.18,494,29710,0.165
2025-08-27 14:10:00,24400,PE,1101.42,1124.37,1093.49,1102.31,198,31855,0.162
2025-08-27 14:10:00,24450,CE,418.94,417.6,410.76,415.79,40,31565,0.1615
2025-08-27 14:10:00,24450,PE,1165.29,1146.43,1138.64,1141.37,403,22195,0.1609
2025-08-27 14:10:00,24500,CE,442.95,445.03,438.36,439.43,128,27994,0.166
2025-08-27 14:10:00,24500,PE,1198.05,1207.62,1197.37,1198.35,8,33277,0.1617
2025-08-27 14:10:00,24550,CE,422.54,436.54,427.01,428.27,247,24307,0.1617
2025-08-27 14:10:00,24550,PE,1271.5,1255.68,1246.83,1247.08,153,23744,0.1583
2025-08-27 14:10:00,24600,CE,403.74,408.0,402.87,403.98,144,23779,0.1613
2025-08-27 14:10:00,24600,PE,1307.93,1315.95,1282.59,1295.79,185,29740,0.1608
2025-08-27 14:10:00,24650,CE,428.58,430.5,425.67,426.24,210,25353,0.1607
2025-08-27 14:10:00,24650,PE,1345.24,1398.28,1350.16,1356.8,131,24135,0.1629
2025-08-27 14:10:00,24700,CE,395.16,399.5,394.48,394.75,101,25999,0.1622
2025-08-27 14:10:00,24700,PE,1396.01,1404.3,1382.0,1397.25,263,20429,0.16
2025-08-27 14:10:00,24750,CE,433.2,444.3,432.17,434.89,263,21364,0.16
2025-08-27 14:10:00,24750,PE,1483.98,1476.72,1446.66,1462.14,289,23774,0.1588
2025-08-27 14:10:00,24800,CE,406.28,404.98,400.65,403.53,84,24533,0.1589
2025-08-27 14:10:00,24800,PE,1505.92,1531.49,1479.19,1507.32,206,18718,0.1603
2025-08-27 14:10:00,24850,CE,394.54,398.34,390.23,395.97,47,18459,0.1601
2025-08-27 14:10:00,24850,PE,1556.1,1556.54,1549.75,1553.66,124,26053,0.162
2025-08-27 14:10:00,24900,CE,401.09,400.86,398.94,399.39,249,21219,0.1568
2025-08-27 14:10:00,24900,PE,1615.01,1615.73,1599.56,1605.74,68,20031,0.1578
2025-08-27 14:15:00,23500,CE,571.26,574.91,572.34,574.75,718,47232,0.1606
2025-08-27 14:15:00,23500,PE,380.09,392.07,384.29,387.9,190,51621,0.1602
2025-08-27 14:15:00,23550,CE,543.33,557.53,547.89,549.72,319,52235,0.1646
2025-08-27 14:15:00,23550,PE,414.37,414.35,412.36,413.52,499,58698,0.1636
2025-08-27 14:15:00,23600,CE,434.41,431.19,426.51,428.67,608,60031,0.1576
2025-08-27 14:15:00,23600,PE,406.58,408.58,407.27,408.4,845,61521,0.1606
2025-08-27 14:15:00,23650,CE,415.44,416.04,405.05,412.15,92,60324,0.1565
2025-08-27 14:15:00,23650,PE,417.7,422.59,416.56,419.09,888,59116,0.1598
2025-08-27 14:15:00,23700,CE,444.9,444.36,443.37,443.85,72,71191,0.1615
2025-08-27 14:15:00,23700,PE,474.09,480.32,473.38,478.47,171,69845,0.1634
2025-08-27 14:15:00,23750,CE,399.88,400.75,388.91,396.74,315,86143,0.1587
2025-08-27 14:15:00,23750,PE,508.75,509.8,507.16,508.78,950,73969,0.1643
2025-08-27 14:15:00,23800,CE,416.37,413.94,407.9,411.99,976,77916,0.1608
2025-08-27 14:15:00,23800,PE,502.91,520.93,505.18,508.89,1018,83742,0.1603
2025-08-27 14:15:00,23850,CE,417.87,429.15,421.27,423.28,588,71806,0.1637
2025-08-27 14:15:00,23850,PE,568.97,589.92,574.04,576.96,964,75627,0.16
2025-08-27 14:15:00,23900,CE,421.63,426.81,412.01,418.49,693,66669,0.1589
2025-08-27 14:15:00,23900,PE,653.24,651.39,645.21,650.37,31,60225,0.1643
2025-08-27 14:15:00,23950,CE,434.8,440.86,439.01,440.64,179,55662,0.162
2025-08-27 14:15:00,23950,PE,692.34,687.84,678.98,685.48,447,63226,0.1573
2025-08-27 14:15:00,24000,CE,398.05,400.88,397.54,398.47,326,49109,0.1606
2025-08-27 14:15:00,24000,PE,781.7,781.3,765.28,774.21,524,45922,0.1611
2025-08-27 14:15:00,24050,CE,409.77,406.52,400.3,403.73,596,47008,0.159
2025-08-27 14:15:00,24050,PE,786.55,796.13,782.97,790.72,43,53182,0.1582
2025-08-27 14:15:00,24100,CE,436.24,433.54,428.98,430.67,102,42295,0.1623
2025-08-27 14:15:00,24100,PE,829.69,838.5,834.51,834.71,118,48352,0.1595
2025-08-27 14:15:00,24150,CE,411.83,425.82,418.11,418.6,419,42243,0.1618
2025-08-27 14:15:00,24150,PE,925.17,945.35,921.78,927.86,566,37841,0.1611
2025-08-27 14:15:00,24200,CE,400.16,403.23,400.55,402.36,161,40661,0.161
2025-08-27 14:15:00,24200,PE,970.52,965.56,952.81,954.96,102,36215,0.1598
2025-08-27 14:15:00,24250,CE,425.98,432.27,426.27,426.95,56,33251,0.1643
2025-08-27 14:15:00,24250,PE,1011.44,1008.74,998.43,1004.62,169,44566,0.1598
2025-08-27 14:15:00,24300,CE,422.88,421.99,416.54,419.41,454,32619,0.1581
2025-08-27 14:15:00,24300,PE,1021.2,1021.26,1009.17,1020.07,479,32880,0.1596
2025-08-27 14:15:00,24350,CE,401.59,406.12,401.89,405.0,260,33659,0.1626
2025-08-27 14:15:00,24350,PE,1109.41,1095.44,1083.91,1092.98,309,30273,0.1614
2025-08-27 14:15:00,24400,CE,379.52,382.82,376.4,378.08,21,29389,0.1587
2025-08-27 14:15:00,24400,PE,1158.5,1157.36,1146.55,1148.57,182,31398,0.1589
2025-08-27 14:15:00,24450,CE,383.08,393.15,384.74,385.19,46,31264,0.1583
2025-08-27 14:15:00,24450,PE,1208.77,1234.15,1175.89,1198.82,164,22235,0.1598
2025-08-27 14:15:00,24500,CE,380.38,380.44,375.44,378.53,365,28420,0.1575
2025-08-27 14:15:00,24500,PE,1209.46,1258.95,1202.34,1228.97,175,33312,0.1576
2025-08-27 14:15:00,24550,CE,404.79,401.07,398.65,399.96,13,24725,0.1602
2025-08-27 14:15:00,24550,PE,1275.33,1315.09,1284.59,1290.12,105,23221,0.1555
2025-08-27 14:15:00,24600,CE,383.82,384.52,380.57,383.11,250,23626,0.1608
2025-08-27 14:15:00,24600,PE,1331.71,1353.91,1329.93,1344.33,172,29662,0.1601
2025-08-27 14:15:00,24650,CE,421.9,427.05,420.54,421.57,250,25715,0.1648
2025-08-27 14:15:00,24650,PE,1395.03,1393.8,1374.71,1376.12,228,24267,0.1552
2025-08-27 14:15:00,24700,CE,393.46,392.87,388.77,391.06,308,26341,0.1574
2025-08-27 14:15:00,24700,PE,1493.11,1491.94,1449.49,1483.84,70,20235,0.1596
2025-08-27 14:15:00,24750,CE,424.81,434.22,419.33,423.4,183,21884,0.1591
2025-08-27 14:15:00,24750,PE,1491.74,1523.9,1486.99,1497.2,224,24150,0.16
2025-08-27 14:15:00,24800,CE,448.74,459.06,441.53,448.27,281,25031,0.1614
2025-08-27 14:15:00,24800,PE,1563.38,1609.66,1558.31,1564.69,185,18433,0.1614
2025-08-27 14:15:00,24850,CE,427.09,429.49,423.51,428.04,143,17866,0.1612
2025-08-27 14:15:00,24850,PE,1593.35,1597.16,1577.24,1590.74,234,26191,0.1618
2025-08-27 14:15:00,24900,CE,378.4,383.19,378.09,379.64,58,21210,0.1604
2025-08-27 14:15:00,24900,PE,1653.18,1674.21,1632.1,1651.8,237,20365,0.1593
2025-08-27 14:20:00,23500,CE,548.93,550.67,541.6,549.61,967,46748,0.1607
2025-08-27 14:20:00,23500,PE,399.77,401.23,396.05,399.08,476,51735,0.1618
2025-08-27 14:20:00,23550,CE,494.61,494.97,486.67,493.97,170,51873,0.164
2025-08-27 14:20:00,23550,PE,443.25,450.32,444.23,445.43,1337,58715,0.1615
2025-08-27 14:20:00,23600,CE,451.34,467.09,450.6,451.41,966,59620,0.1637
2025-08-27 14:20:00,23600,PE,398.18,398.63,396.92,397.3,1057,62015,0.1584
2025-08-27 14:20:00,23650,CE,440.39,442.12,438.79,440.16,1584,59943,0.1604
2025-08-27 14:20:00,23650,PE,437.14,437.73,435.13,436.78,387,59206,0.1594
2025-08-27 14:20:00,23700,CE,428.44,437.18,428.06,429.26,1258,70597,0.1644
2025-08-27 14:20:00,23700,PE,499.06,500.65,498.26,498.89,336,69432,0.1609
2025-08-27 14:20:00,23750,CE,394.59,404.32,388.02,391.41,983,86142,0.1613
2025-08-27 14:20:00,23750,PE,525.68,544.69,527.5,528.19,892,73418,0.1578
2025-08-27 14:20:00,23800,CE,431.72,435.32,429.19,431.87,161,77967,0.1605
2025-08-27 14:20:00,23800,PE,611.33,612.04,607.59,611.29,474,83363,0.1599
2025-08-27 14:20:00,23850,CE,424.88,434.97,424.48,431.25,271,72077,0.1583
2025-08-27 14:20:00,23850,PE,625.78,637.22,625.85,629.67,29,76068,0.1597
2025-08-27 14:20:00,23900,CE,408.92,417.08,407.56,408.4,156,66979,0.161
2025-08-27 14:20:00,23900,PE,646.1,652.84,637.09,641.34,574,59701,0.1604
2025-08-27 14:20:00,23950,CE,396.42,396.72,389.32,393.96,637,55657,0.1602
2025-08-27 14:20:00,23950,PE,741.25,761.58,746.07,747.12,258,62759,0.1609
2025-08-27 14:20:00,24000,CE,398.26,408.47,399.7,402.46,99,48999,0.1615
2025-08-27 14:20:00,24000,PE,796.35,804.95,795.65,801.02,234,46329,0.1613
2025-08-27 14:20:00,24050,CE,391.84,393.32,388.94,391.67,391,46457,0.1592
2025-08-27 14:20:00,24050,PE,835.23,862.71,847.53,850.52,625,52883,0.162
2025-08-27 14:20:00,24100,CE,402.9,406.37,396.45,403.85,406,42686,0.1601
2025-08-27 14:20:00,24100,PE,866.6,891.88,870.5,874.7,447,48239,0.1579
2025-08-27 14:20:00,24150,CE,407.81,410.49,402.96,403.78,14,41925,0.1598
2025-08-27 14:20:00,24150,PE,934.08,964.85,938.75,943.28,358,38380,0.1609
2025-08-27 14:20:00,24200,CE,376.11,380.51,375.69,376.38,30,40247,0.1591
2025-08-27 14:20:00,24200,PE,964.99,994.85,973.89,978.53,216,36561,0.16
2025-08-27 14:20:00,24250,CE,380.13,392.55,382.72,384.17,526,32864,0.16
2025-08-27 14:20:00,24250,PE,1027.79,1029.55,1023.85,1024.81,325,45121,0.1592
2025-08-27 14:20:00,24300,CE,427.29,432.71,427.57,427.99,523,32962,0.161
2025-08-27 14:20:00,24300,PE,1072.99,1064.79,1051.52,1061.33,410,32611,0.1604
2025-08-27 14:20:00,24350,CE,403.18,403.26,397.08,402.35,159,34239,0.1549
2025-08-27 14:20:00,24350,PE,1148.56,1164.22,1141.79,1148.41,313,29810,0.16
2025-08-27 14:20:00,24400,CE,375.36,378.23,372.86,377.94,40,29820,0.1591
2025-08-27 14:20:00,24400,PE,1170.03,1182.14,1178.34,1180.86,68,31637,0.1629
2025-08-27 14:20:00,24450,CE,412.4,416.01,407.98,413.26,150,30872,0.1618
2025-08-27 14:20:00,24450,PE,1254.98,1250.85,1222.16,1245.08,58,22290,0.1564
2025-08-27 14:20:00,24500,CE,370.21,376.7,369.72,374.61,349,27834,0.1589
2025-08-27 14:20:00,24500,PE,1276.8,1305.87,1275.51,1279.15,307,33399,0.1594
2025-08-27 14:20:00,24550,CE,427.68,437.88,429.03,430.97,331,24823,0.1623
2025-08-27 14:20:00,24550,PE,1322.65,1332.91,1306.47,1315.1,58,23111,0.1569
2025-08-27 14:20:00,24600,CE,403.99,410.91,403.18,404.64,393,24015,0.1616
2025-08-27 14:20:00,24600,PE,1361.66,1390.65,1362.37,1369.54,144,30178,0.1597
2025-08-27 14:20:00,24650,CE,418.04,416.58,414.43,415.1,9,25755,0.1604
2025-08-27 14:20:00,24650,PE,1419.93,1417.68,1404.1,1413.64,298,24475,0.1638
2025-08-27 14:20:00,24700,CE,400.41,398.16,395.25,395.85,71,25916,0.1602
2025-08-27 14:20:00,24700,PE,1530.5,1532.47,1500.26,1525.31,276,20832,0.1611
2025-08-27 14:20:00,24750,CE,403.31,413.65,394.46,402.17,273,22313,0.1578
2025-08-27 14:20:00,24750,PE,1503.28,1533.89,1500.18,1516.06,324,24688,0.1637
2025-08-27 14:20:00,24800,CE,416.06,416.91,407.18,409.83,273,25364,0.1578
2025-08-27 14:20:00,24800,PE,1583.27,1600.34,1582.37,1596.45,272,18220,0.1594
2025-08-27 14:20:00,24850,CE,395.03,405.49,390.9,394.66,182,17532,0.1588
2025-08-27 14:20:00,24850,PE,1615.92,1624.06,1611.8,1623.55,179,26204,0.1582
2025-08-27 14:20:00,24900,CE,430.4,434.49,431.92,433.41,27,20709,0.1616
2025-08-27 14:20:00,24900,PE,1721.45,1717.41,1698.74,1717.34,306,20427,0.1622
2025-08-27 14:25:00,23500,CE,483.31,492.47,484.7,490.2,67,46591,0.1644
2025-08-27 14:25:00,23500,PE,438.67,445.28,441.15,441.89,1238,52008,0.1606
2025-08-27 14:25:00,23550,CE,436.97,440.91,429.61,432.41,1330,52023,0.1603
2025-08-27 14:25:00,23550,PE,401.03,398.43,396.87,398.36,1135,58410,0.1591
2025-08-27 14:25:00,23600,CE,387.53,391.67,387.26,388.4,1430,59900,0.1643
2025-08-27 14:25:00,23600,PE,407.4,409.87,399.46,402.06,426,61788,0.1577
2025-08-27 14:25:00,23650,CE,415.1,418.27,413.19,413.38,1116,59641,0.1565
2025-08-27 14:25:00,23650,PE,461.22,460.33,456.2,459.66,977,59108,0.1622
2025-08-27 14:25:00,23700,CE,425.67,436.14,429.28,429.47,378,70186,0.1591
2025-08-27 14:25:00,23700,PE,533.07,544.53,528.33,530.46,918,69222,0.1602
2025-08-27 14:25:00,23750,CE,409.35,411.05,402.18,406.87,632,85853,0.1621
2025-08-27 14:25:00,23750,PE,582.52,585.1,578.89,583.79,180,72844,0.1599
2025-08-27 14:25:00,23800,CE,374.29,374.01,369.23,371.19,949,77728,0.1583
2025-08-27 14:25:00,23800,PE,626.12,620.81,605.61,618.63,588,83323,0.162
2025-08-27 14:25:00,23850,CE,407.27,412.3,404.14,407.69,348,72472,0.1608
2025-08-27 14:25:00,23850,PE,693.68,691.22,686.27,688.99,836,75684,0.1609
2025-08-27 14:25:00,23900,CE,403.2,403.19,398.01,399.47,39,66771,0.1615
2025-08-27 14:25:00,23900,PE,748.55,749.24,740.6,745.61,98,59136,0.1591
2025-08-27 14:25:00,23950,CE,398.84,400.9,396.14,398.19,626,55147,0.163
2025-08-27 14:25:00,23950,PE,766.45,770.04,761.15,764.11,66,62586,0.1638
2025-08-27 14:25:00,24000,CE,407.02,411.39,399.19,406.48,413,48998,0.1648
2025-08-27 14:25:00,24000,PE,831.11,822.41,812.67,816.26,539,46626,0.1604
2025-08-27 14:25:00,24050,CE,400.85,402.3,401.29,401.29,21,46772,0.1627
2025-08-27 14:25:00,24050,PE,875.69,885.52,865.25,878.0,39,53379,0.1626
2025-08-27 14:25:00,24100,CE,406.3,407.89,404.41,406.83,199,43175,0.1603
2025-08-27 14:25:00,24100,PE,935.47,966.56,929.17,942.7,628,47760,0.1628
2025-08-27 14:25:00,24150,CE,377.01,377.37,371.87,375.79,231,41459,0.1569
2025-08-27 14:25:00,24150,PE,958.8,959.66,943.0,952.12,573,38376,0.161
2025-08-27 14:25:00,24200,CE,411.42,414.43,411.85,413.84,469,40354,0.1609
2025-08-27 14:25:00,24200,PE,1042.77,1050.21,1047.65,1047.69,474,36678,0.1613
2025-08-27 14:25:00,24250,CE,389.58,388.66,380.01,385.91,33,32847,0.1633
2025-08-27 14:25:00,24250,PE,1057.4,1068.11,1050.84,1052.51,349,45698,0.1605
2025-08-27 14:25:00,24300,CE,441.11,440.02,437.08,437.88,419,32972,0.1634
2025-08-27 14:25:00,24300,PE,1081.1,1109.71,1087.91,1092.48,406,33133,0.1586
2025-08-27 14:25:00,24350,CE,392.47,391.81,385.9,386.93,419,34824,0.159
2025-08-27 14:25:00,24350,PE,1222.77,1234.7,1205.4,1214.82,176,29742,0.1642
2025-08-27 14:25:00,24400,CE,425.66,429.96,424.59,426.03,13,29380,0.1611
2025-08-27 14:25:00,24400,PE,1214.75,1241.21,1220.56,1228.28,374,31428,0.1582
2025-08-27 14:25:00,24450,CE,404.35,401.04,394.77,400.38,195,30702,0.16
2025-08-27 14:25:00,24450,PE,1238.39,1240.27,1231.0,1235.05,405,22755,0.1586
2025-08-27 14:25:00,24500,CE,411.16,407.02,400.78,403.49,311,28388,0.1606
2025-08-27 14:25:00,24500,PE,1288.36,1330.93,1298.12,1310.0,231,33002,0.1605
2025-08-27 14:25:00,24550,CE,419.35,428.02,418.6,419.4,257,24247,0.1641
2025-08-27 14:25:00,24550,PE,1387.04,1401.6,1372.17,1383.28,172,23507,0.1618
2025-08-27 14:25:00,24600,CE,386.77,392.18,388.09,390.71,74,24085,0.1618
2025-08-27 14:25:00,24600,PE,1420.27,1423.44,1395.99,1409.89,301,30479,0.1603
2025-08-27 14:25:00,24650,CE,385.48,385.74,377.49,381.54,222,25553,0.1616
2025-08-27 14:25:00,24650,PE,1485.54,1470.62,1447.51,1468.03,94,24065,0.1581
2025-08-27 14:25:00,24700,CE,394.77,404.07,396.5,398.33,265,25633,0.158
2025-08-27 14:25:00,24700,PE,1514.34,1529.95,1484.88,1508.72,234,20290,0.1606
2025-08-27 14:25:00,24750,CE,391.56,388.47,378.3,386.99,104,22176,0.1614
2025-08-27 14:25:00,24750,PE,1586.82,1590.56,1563.11,1583.1,268,24207,0.1586
2025-08-27 14:25:00,24800,CE,363.73,366.69,363.74,365.53,160,25320,0.1594
2025-08-27 14:25:00,24800,PE,1638.71,1658.62,1637.98,1638.47,111,18579,0.1625
2025-08-27 14:25:00,24850,CE,430.28,431.5,427.55,429.74,317,16989,0.162
2025-08-27 14:25:00,24850,PE,1661.69,1688.73,1675.1,1676.83,302,26680,0.1581
2025-08-27 14:25:00,24900,CE,408.93,409.28,398.98,402.73,264,20256,0.1576
2025-08-27 14:25:00,24900,PE,1741.47,1730.49,1719.51,1729.48,124,20614,0.1614
2025-08-27 14:30:00,23500,CE,495.49,496.43,476.63,488.52,294,46279,0.1612
2025-08-27 14:30:00,23500,PE,402.99,403.64,395.69,402.79,772,52421,0.1611
2025-08-27 14:30:00,23550,CE,415.71,420.58,416.1,416.69,276,51435,0.1584
2025-08-27 14:30:00,23550,PE,382.37,385.61,376.45,378.46,1559,58315,0.1618
2025-08-27 14:30:00,23600,CE,385.67,389.76,385.87,386.67,159,60454,0.1571
2025-08-27 14:30:00,23600,PE,418.42,420.38,415.03,416.39,497,61323,0.1605
2025-08-27 14:30:00,23650,CE,415.79,419.13,416.0,416.22,1001,59953,0.1614
2025-08-27 14:30:00,23650,PE,471.18,474.04,467.26,471.65,209,59379,0.1585
2025-08-27 14:30:00,23700,CE,382.11,385.18,384.03,385.14,501,69969,0.1616
2025-08-27 14:30:00,23700,PE,504.36,510.0,502.64,506.31,869,68694,0.1599
2025-08-27 14:30:00,23750,CE,406.42,410.93,404.29,405.6,208,86252,0.1606
2025-08-27 14:30:00,23750,PE,558.74,590.71,563.85,565.5,1129,73329,0.1576
2025-08-27 14:30:00,23800,CE,399.83,398.55,395.55,397.09,808,77281,0.1615
2025-08-27 14:30:00,23800,PE,604.59,608.14,601.53,604.14,328,83740,0.1562
2025-08-27 14:30:00,23850,CE,397.42,403.27,398.04,398.1,669,72871,0.1559
2025-08-27 14:30:00,23850,PE,665.41,669.0,658.96,666.86,392,75776,0.1604
2025-08-27 14:30:00,23900,CE,390.56,397.6,392.13,397.28,631,67111,0.161
2025-08-27 14:30:00,23900,PE,702.08,716.92,711.35,712.48,622,58583,0.16
2025-08-27 14:30:00,23950,CE,420.02,426.77,421.16,423.3,169,55142,0.1592
2025-08-27 14:30:00,23950,PE,771.22,787.24,766.12,769.62,553,63146,0.1596
2025-08-27 14:30:00,24000,CE,411.69,411.77,406.89,410.27,227,49328,0.1607
2025-08-27 14:30:00,24000,PE,846.22,859.35,844.25,847.19,487,46347,0.1641
2025-08-27 14:30:00,24050,CE,347.07,354.4,349.51,349.7,126,46920,0.1567
2025-08-27 14:30:00,24050,PE,851.19,857.51,839.01,851.93,230,53034,0.161
2025-08-27 14:30:00,24100,CE,410.85,413.7,409.81,410.03,146,42841,0.1604
2025-08-27 14:30:00,24100,PE,894.24,903.41,890.31,893.58,67,47387,0.16
2025-08-27 14:30:00,24150,CE,378.73,382.85,377.3,378.75,583,41086,0.1584
2025-08-27 14:30:00,24150,PE,990.74,990.61,971.33,978.68,250,38375,0.1605
2025-08-27 14:30:00,24200,CE,405.14,406.4,399.06,404.06,398,40125,0.1634
2025-08-27 14:30:00,24200,PE,1006.7,1016.78,1014.28,1015.47,467,37011,0.1606
2025-08-27 14:30:00,24250,CE,408.57,412.88,400.16,406.37,275,33319,0.1601
2025-08-27 14:30:00,24250,PE,1096.24,1101.45,1096.37,1098.76,191,45683,0.1586
2025-08-27 14:30:00,24300,CE,422.96,424.25,410.64,420.76,306,32601,0.1642
2025-08-27 14:30:00,24300,PE,1102.09,1133.4,1104.66,1109.61,48,33730,0.1627
2025-08-27 14:30:00,24350,CE,385.67,397.0,386.75,389.88,30,34280,0.159
2025-08-27 14:30:00,24350,PE,1176.45,1166.65,1151.46,1163.65,56,29801,0.1602
2025-08-27 14:30:00,24400,CE,400.22,409.04,401.15,401.84,128,29043,0.1594
2025-08-27 14:30:00,24400,PE,1232.72,1261.93,1222.88,1234.35,396,31953,0.1639
2025-08-27 14:30:00,24450,CE,402.06,406.69,400.67,404.42,386,30491,0.1626
2025-08-27 14:30:00,24450,PE,1219.94,1239.1,1230.45,1237.43,43,23304,0.1601
2025-08-27 14:30:00,24500,CE,398.35,402.32,397.45,397.71,232,28955,0.1589
2025-08-27 14:30:00,24500,PE,1334.42,1376.46,1329.37,1330.93,76,33533,0.1587
2025-08-27 14:30:00,24550,CE,406.04,410.86,405.47,406.67,129,24598,0.1577
2025-08-27 14:30:00,24550,PE,1407.8,1408.72,1372.51,1385.69,50,23796,0.1621
2025-08-27 14:30:00,24600,CE,421.1,440.23,431.36,432.48,187,24628,0.1632
2025-08-27 14:30:00,24600,PE,1418.55,1423.57,1401.61,1419.9,62,30147,0.1609
2025-08-27 14:30:00,24650,CE,443.17,438.02,435.13,435.35,240,25924,0.1614
2025-08-27 14:30:00,24650,PE,1489.33,1486.32,1460.65,1481.15,332,23601,0.1614
2025-08-27 14:30:00,24700,CE,424.74,433.34,422.54,425.67,8,25467,0.1588
2025-08-27 14:30:00,24700,PE,1486.49,1506.65,1497.29,1499.81,40,20172,0.1584
2025-08-27 14:30:00,24750,CE,419.73,417.54,412.59,415.93,168,22770,0.1614
2025-08-27 14:30:00,24750,PE,1536.53,1544.64,1533.47,1536.97,17,23992,0.158
2025-08-27 14:30:00,24800,CE,374.9,382.81,377.69,378.29,117,25385,0.162
2025-08-27 14:30:00,24800,PE,1604.01,1622.71,1606.84,1612.08,111,18739,0.158
2025-08-27 14:30:00,24850,CE,381.11,384.63,380.18,382.78,276,17202,0.1608
2025-08-27 14:30:00,24850,PE,1658.55,1713.22,1663.13,1673.22,216,26224,0.1619
2025-08-27 14:30:00,24900,CE,413.8,432.04,421.33,423.31,280,20326,0.1619
2025-08-27 14:30:00,24900,PE,1732.4,1734.33,1703.52,1724.21,56,20775,0.1604
2025-08-27 14:35:00,23500,CE,511.62,530.81,516.69,518.05,678,46763,0.1622
2025-08-27 14:35:00,23500,PE,382.8,391.0,380.17,385.32,895,52969,0.1605
2025-08-27 14:35:00,23550,CE,430.29,440.49,430.37,431.56,1548,51117,0.1604
2025-08-27 14:35:00,23550,PE,410.06,408.52,402.35,404.48,481,57967,0.1613
2025-08-27 14:35:00,23600,CE,411.05,427.3,411.57,412.5,418,60674,0.1582
2025-08-27 14:35:00,23600,PE,422.75,419.79,413.39,418.25,1632,61310,0.1611
2025-08-27 14:35:00,23650,CE,426.93,433.5,427.04,429.58,1190,60245,0.1615
2025-08-27 14:35:00,23650,PE,472.22,476.77,468.35,471.78,400,59797,0.1584
2025-08-27 14:35:00,23700,CE,439.49,440.07,429.63,434.59,623,69381,0.1618
2025-08-27 14:35:00,23700,PE,522.52,525.22,516.81,519.63,921,69148,0.1613
2025-08-27 14:35:00,23750,CE,397.23,401.37,395.6,397.42,292,85970,0.159
2025-08-27 14:35:00,23750,PE,584.56,591.81,583.03,585.88,835,73892,0.1606
2025-08-27 14:35:00,23800,CE,420.63,427.35,420.96,421.95,277,77197,0.1611
2025-08-27 14:35:00,23800,PE,621.7,627.41,618.74,623.24,697,84162,0.1632
2025-08-27 14:35:00,23850,CE,412.81,419.46,416.88,418.76,45,72510,0.1601
2025-08-27 14:35:00,23850,PE,658.33,666.76,648.91,658.37,828,75806,0.1591
2025-08-27 14:35:00,23900,CE,398.76,401.39,397.66,399.96,645,66586,0.1604
2025-08-27 14:35:00,23900,PE,717.63,721.09,714.04,718.1,89,58864,0.1593
2025-08-27 14:35:00,23950,CE,395.57,404.24,392.28,395.13,301,55672,0.1569
2025-08-27 14:35:00,23950,PE,759.84,787.08,759.06,761.02,343,63557,0.1619
2025-08-27 14:35:00,24000,CE,365.39,366.71,355.35,364.73,398,49544,0.1615
2025-08-27 14:35:00,24000,PE,838.43,840.46,832.32,834.11,477,45889,0.1647
2025-08-27 14:35:00,24050,CE,426.71,433.92,425.98,430.1,538,47500,0.1633
2025-08-27 14:35:00,24050,PE,873.83,893.36,882.12,884.67,267,52846,0.1625
2025-08-27 14:35:00,24100,CE,389.28,398.32,385.1,386.94,381,43000,0.1589
2025-08-27 14:35:00,24100,PE,902.99,908.95,903.89,904.23,248,47114,0.1596
2025-08-27 14:35:00,24150,CE,412.39,410.13,405.92,408.84,577,41478,0.1568
2025-08-27 14:35:00,24150,PE,970.89,976.45,959.75,966.07,344,38229,0.1633
2025-08-27 14:35:00,24200,CE,381.42,398.8,388.19,390.13,203,39993,0.163
2025-08-27 14:35:00,24200,PE,1002.39,1017.22,989.4,992.51,336,36416,0.1605
2025-08-27 14:35:00,24250,CE,394.38,408.32,396.02,397.28,351,33409,0.1576
2025-08-27 14:35:00,24250,PE,1071.18,1097.01,1081.06,1082.22,84,45383,0.1622
2025-08-27 14:35:00,24300,CE,413.16,416.24,410.4,411.67,145,33107,0.1625
2025-08-27 14:35:00,24300,PE,1116.14,1128.35,1117.83,1128.09,472,34069,0.1619
2025-08-27 14:35:00,24350,CE,364.84,375.12,367.13,367.75,329,34822,0.1587
2025-08-27 14:35:00,24350,PE,1148.4,1148.28,1128.71,1134.25,354,29668,0.1603
2025-08-27 14:35:00,24400,CE,420.16,426.28,423.57,424.93,169,29237,0.1594
2025-08-27 14:35:00,24400,PE,1237.12,1244.18,1233.01,1238.51,191,31895,0.1605
2025-08-27 14:35:00,24450,CE,414.49,423.32,410.09,412.55,426,30982,0.1588
2025-08-27 14:35:00,24450,PE,1256.36,1248.1,1246.76,1247.91,268,23093,0.1607
2025-08-27 14:35:00,24500,CE,364.45,370.45,365.33,365.99,189,28749,0.1584
2025-08-27 14:35:00,24500,PE,1320.45,1334.16,1314.32,1331.64,179,33372,0.1609
2025-08-27 14:35:00,24550,CE,405.87,413.13,407.5,409.74,182,24595,0.1626
2025-08-27 14:35:00,24550,PE,1358.68,1400.86,1351.37,1364.58,261,24261,0.1601
2025-08-27 14:35:00,24600,CE,404.76,408.77,395.43,402.78,207,24276,0.1562
2025-08-27 14:35:00,24600,PE,1408.19,1441.47,1399.66,1418.6,76,30328,0.1608
2025-08-27 14:35:00,24650,CE,392.73,400.67,393.58,395.03,372,25691,0.1594
2025-08-27 14:35:00,24650,PE,1456.42,1455.25,1431.75,1443.68,38,23100,0.1601
2025-08-27 14:35:00,24700,CE,405.28,407.64,402.87,406.12,102,26011,0.1618
2025-08-27 14:35:00,24700,PE,1535.62,1556.85,1529.35,1529.94,281,20514,0.1569
2025-08-27 14:35:00,24750,CE,413.48,413.41,403.95,410.05,119,23312,0.1592
2025-08-27 14:35:00,24750,PE,1556.77,1564.02,1561.48,1561.58,144,23872,0.1606
2025-08-27 14:35:00,24800,CE,404.25,407.21,399.92,403.2,314,25693,0.1602
2025-08-27 14:35:00,24800,PE,1642.92,1649.2,1597.88,1620.17,100,18920,0.1592
2025-08-27 14:35:00,24850,CE,404.67,409.15,402.5,404.84,117,17344,0.1624
2025-08-27 14:35:00,24850,PE,1653.89,1666.08,1619.09,1641.64,49,25672,0.1608
2025-08-27 14:35:00,24900,CE,391.44,396.88,389.98,393.03,302,19812,0.1578
2025-08-27 14:35:00,24900,PE,1717.1,1729.14,1715.44,1718.29,129,20409,0.1629
2025-08-27 14:40:00,23500,CE,496.74,504.34,494.71,499.26,44,47062,0.163
2025-08-27 14:40:00,23500,PE,388.02,389.35,382.16,384.52,419,53327,0.1634
2025-08-27 14:40:00,23550,CE,409.17,414.88,401.33,411.29,922,51293,0.1579
2025-08-27 14:40:00,23550,PE,402.0,404.31,396.39,401.13,1116,57597,0.1613
2025-08-27 14:40:00,23600,CE,428.59,429.59,423.17,428.87,764,61007,0.161
2025-08-27 14:40:00,23600,PE,465.35,470.44,463.9,464.54,406,60846,0.1626
2025-08-27 14:40:00,23650,CE,383.41,386.51,377.72,384.31,599,60717,0.1585
2025-08-27 14:40:00,23650,PE,479.64,480.75,474.29,479.32,470,59658,0.1609
2025-08-27 14:40:00,23700,CE,405.56,406.44,404.21,405.55,174,69653,0.1576
2025-08-27 14:40:00,23700,PE,541.36,541.28,527.74,534.85,431,68751,0.1601
2025-08-27 14:40:00,23750,CE,410.71,415.47,411.68,412.25,128,85747,0.1624
2025-08-27 14:40:00,23750,PE,564.21,578.9,567.37,574.6,238,73886,0.1629
2025-08-27 14:40:00,23800,CE,440.57,439.0,436.3,436.92,432,77192,0.1636
2025-08-27 14:40:00,23800,PE,634.13,643.14,631.77,634.89,374,83678,0.1593
2025-08-27 14:40:00,23850,CE,406.96,414.47,405.68,406.43,704,72567,0.1607
2025-08-27 14:40:00,23850,PE,694.51,695.32,693.03,693.25,178,75296,0.1607
2025-08-27 14:40:00,23900,CE,413.25,414.93,411.53,412.75,778,67094,0.1623
2025-08-27 14:40:00,23900,PE,730.44,758.03,732.85,734.07,167,58770,0.1585
2025-08-27 14:40:00,23950,CE,409.58,409.63,404.26,407.55,450,55598,0.1615
2025-08-27 14:40:00,23950,PE,759.76,770.58,755.67,756.04,641,63649,0.1586
2025-08-27 14:40:00,24000,CE,410.55,412.35,410.06,410.2,196,49882,0.1571
2025-08-27 14:40:00,24000,PE,854.71,856.39,838.25,840.39,622,45372,0.1598
2025-08-27 14:40:00,24050,CE,380.68,394.97,377.19,382.32,566,47743,0.156
2025-08-27 14:40:00,24050,PE,891.82,908.64,886.7,892.04,609,53338,0.1605
2025-08-27 14:40:00,24100,CE,395.59,401.72,390.22,396.49,40,42927,0.1603
2025-08-27 14:40:00,24100,PE,910.55,931.2,919.45,929.55,53,46529,0.1617
2025-08-27 14:40:00,24150,CE,421.92,427.81,419.08,427.65,537,41174,0.1629
2025-08-27 14:40:00,24150,PE,1019.42,1019.08,1009.43,1012.35,44,38758,0.1624
2025-08-27 14:40:00,24200,CE,416.5,412.94,407.56,410.95,230,39534,0.1619
2025-08-27 14:40:00,24200,PE,1078.55,1060.39,1035.18,1055.14,147,35832,0.1616
2025-08-27 14:40:00,24250,CE,384.03,385.54,377.13,382.1,357,33932,0.1596
2025-08-27 14:40:00,24250,PE,1063.37,1076.7,1064.78,1066.4,210,45818,0.1618
2025-08-27 14:40:00,24300,CE,406.48,407.31,406.31,407.3,176,33059,0.1625
2025-08-27 14:40:00,24300,PE,1117.03,1134.82,1097.59,1107.99,112,33475,0.1594
2025-08-27 14:40:00,24350,CE,421.53,412.34,409.24,411.63,83,34922,0.1606
2025-08-27 14:40:00,24350,PE,1177.11,1185.07,1156.98,1166.01,54,30048,0.1534
2025-08-27 14:40:00,24400,CE,406.28,404.59,402.62,403.51,415,28980,0.1613
2025-08-27 14:40:00,24400,PE,1217.19,1236.63,1198.08,1210.41,127,31502,0.1584
2025-08-27 14:40:00,24450,CE,391.4,395.1,383.97,391.24,181,31467,0.161
2025-08-27 14:40:00,24450,PE,1272.63,1288.73,1265.52,1271.35,173,23414,0.1601
2025-08-27 14:40:00,24500,CE,387.74,388.27,386.98,388.1,138,28686,0.161
2025-08-27 14:40:00,24500,PE,1304.58,1339.01,1312.38,1314.68,208,33858,0.1592
2025-08-27 14:40:00,24550,CE,394.22,397.66,391.91,392.04,202,24724,0.1595
2025-08-27 14:40:00,24550,PE,1380.71,1403.66,1376.04,1387.98,341,24793,0.1608
2025-08-27 14:40:00,24600,CE,428.44,425.27,424.09,424.2,343,23799,0.1595
2025-08-27 14:40:00,24600,PE,1452.27,1470.52,1439.04,1458.68,48,30251,0.1604
2025-08-27 14:40:00,24650,CE,411.03,419.96,408.16,408.7,133,25906,0.1606
2025-08-27 14:40:00,24650,PE,1462.95,1468.93,1446.88,1464.69,162,22989,0.1649
2025-08-27 14:40:00,24700,CE,396.4,403.21,392.93,398.12,37,25830,0.1589
2025-08-27 14:40:00,24700,PE,1522.82,1517.98,1484.59,1503.16,205,20748,0.1619
2025-08-27 14:40:00,24750,CE,402.84,401.57,398.41,401.27,62,23438,0.1634
2025-08-27 14:40:00,24750,PE,1545.28,1575.92,1557.35,1559.57,199,23611,0.159
2025-08-27 14:40:00,24800,CE,368.28,370.53,368.58,369.25,296,25625,0.1616
2025-08-27 14:40:00,24800,PE,1654.07,1656.91,1645.57,1652.05,91,19168,0.1609
2025-08-27 14:40:00,24850,CE,425.99,430.94,426.88,429.16,64,17496,0.1609
2025-08-27 14:40:00,24850,PE,1706.43,1694.84,1683.55,1687.5,221,25615,0.1565
2025-08-27 14:40:00,24900,CE,417.34,421.79,415.22,419.44,67,19524,0.1604
2025-08-27 14:40:00,24900,PE,1724.26,1813.22,1721.6,1731.88,73,19946,0.1629
2025-08-27 14:45:00,23500,CE,491.63,493.66,483.14,484.46,1351,47470,0.1577
2025-08-27 14:45:00,23500,PE,440.52,445.75,432.07,438.03,717,53711,0.1639
2025-08-27 14:45:00,23550,CE,463.44,476.82,460.38,462.49,1038,51428,0.1616
2025-08-27 14:45:00,23550,PE,405.46,414.69,403.8,404.76,1130,57682,0.1613
2025-08-27 14:45:00,23600,CE,418.69,414.31,411.03,414.06,989,60570,0.1585
2025-08-27 14:45:00,23600,PE,421.27,427.1,418.78,423.8,1076,60782,0.1642
2025-08-27 14:45:00,23650,CE,386.91,390.44,387.42,390.14,383,60697,0.1626
2025-08-27 14:45:00,23650,PE,447.14,444.65,438.89,443.39,1242,59611,0.1587
2025-08-27 14:45:00,23700,CE,369.8,372.8,359.66,369.84,627,69343,0.1573
2025-08-27 14:45:00,23700,PE,550.21,552.24,541.26,543.92,1046,68299,0.1599
2025-08-27 14:45:00,23750,CE,413.34,414.84,412.6,412.99,962,86264,0.1621
2025-08-27 14:45:00,23750,PE,547.44,551.39,542.21,548.08,218,73953,0.1618
2025-08-27 14:45:00,23800,CE,433.93,431.71,427.3,430.73,609,77627,0.1583
2025-08-27 14:45:00,23800,PE,653.13,653.68,647.2,650.86,346,83884,0.1623
2025-08-27 14:45:00,23850,CE,407.05,410.17,401.52,405.85,106,72951,0.1613
2025-08-27 14:45:00,23850,PE,662.59,684.25,665.72,669.06,709,74955,0.1591
2025-08-27 14:45:00,23900,CE,408.51,413.61,407.42,410.31,118,66621,0.16
2025-08-27 14:45:00,23900,PE,732.23,748.83,731.6,734.78,709,58906,0.159
2025-08-27 14:45:00,23950,CE,397.98,406.42,397.71,399.61,299,55657,0.1615
2025-08-27 14:45:00,23950,PE,775.7,796.09,756.61,774.61,444,63164,0.162
2025-08-27 14:45:00,24000,CE,437.09,448.59,439.64,444.06,326,50015,0.1629
2025-08-27 14:45:00,24000,PE,831.28,835.77,810.66,817.6,447,44990,0.1583
2025-08-27 14:45:00,24050,CE,382.02,381.04,378.8,379.33,630,47272,0.1634
2025-08-27 14:45:00,24050,PE,848.11,852.31,845.63,847.02,586,53920,0.1592
2025-08-27 14:45:00,24100,CE,394.8,403.89,398.42,400.58,479,42993,0.1589
2025-08-27 14:45:00,24100,PE,933.16,933.77,920.01,924.39,131,46324,0.1595
2025-08-27 14:45:00,24150,CE,425.06,425.87,422.01,423.33,332,40691,0.1623
2025-08-27 14:45:00,24150,PE,956.72,948.77,946.69,947.82,425,39258,0.1582
2025-08-27 14:45:00,24200,CE,406.55,411.88,406.54,408.69,421,40065,0.1618
2025-08-27 14:45:00,24200,PE,1008.62,1025.29,1004.14,1012.98,272,35540,0.1594
2025-08-27 14:45:00,24250,CE,393.05,399.1,390.94,392.09,17,33854,0.1651
2025-08-27 14:45:00,24250,PE,1057.99,1071.7,1062.28,1068.1,69,45992,0.1611
2025-08-27 14:45:00,24300,CE,404.42,406.99,398.91,404.53,408,32592,0.1593
2025-08-27 14:45:00,24300,PE,1121.69,1124.01,1117.3,1119.19,265,33519,0.1628
2025-08-27 14:45:00,24350,CE,389.7,392.94,390.0,392.18,155,34584,0.1616
2025-08-27 14:45:00,24350,PE,1160.24,1160.63,1147.48,1156.42,346,29718,0.1619
2025-08-27 14:45:00,24400,CE,409.53,417.52,405.98,411.74,21,29103,0.1626
2025-08-27 14:45:00,24400,PE,1217.34,1223.29,1202.54,1216.32,38,31274,0.1615
2025-08-27 14:45:00,24450,CE,409.69,408.58,404.69,406.96,44,31527,0.1602
2025-08-27 14:45:00,24450,PE,1233.29,1246.53,1221.23,1230.21,101,23128,0.159
2025-08-27 14:45:00,24500,CE,388.81,394.45,388.88,393.38,172,28671,0.1597
2025-08-27 14:45:00,24500,PE,1329.81,1328.91,1292.52,1312.22,304,34376,0.1609
2025-08-27 14:45:00,24550,CE,440.37,445.97,442.63,443.17,246,24705,0.1618
2025-08-27 14:45:00,24550,PE,1357.6,1372.4,1359.07,1370.09,238,24794,0.1608
2025-08-27 14:45:00,24600,CE,424.1,423.81,414.99,416.89,8,23790,0.1592
2025-08-27 14:45:00,24600,PE,1390.49,1458.95,1392.23,1398.24,290,30678,0.1599
2025-08-27 14:45:00,24650,CE,426.52,433.76,425.92,426.36,39,26124,0.1675
2025-08-27 14:45:00,24650,PE,1457.52,1456.76,1428.95,1451.96,46,22425,0.1618
2025-08-27 14:45:00,24700,CE,417.39,429.9,417.71,418.27,22,25371,0.163
2025-08-27 14:45:00,24700,PE,1489.02,1516.89,1507.8,1509.89,35,20841,0.1608
2025-08-27 14:45:00,24750,CE,401.43,402.68,397.63,402.41,320,23750,0.1568
2025-08-27 14:45:00,24750,PE,1564.72,1573.24,1543.65,1562.31,255,23151,0.1596
2025-08-27 14:45:00,24800,CE,388.65,391.18,383.41,387.87,315,25628,0.1582
2025-08-27 14:45:00,24800,PE,1566.67,1598.93,1588.23,1591.76,15,19338,0.1582
2025-08-27 14:45:00,24850,CE,388.47,391.38,383.34,388.19,230,17376,0.1597
2025-08-27 14:45:00,24850,PE,1660.63,1667.37,1649.41,1649.96,234,25847,0.1612
2025-08-27 14:45:00,24900,CE,410.47,410.88,408.22,408.71,185,19335,0.1604
2025-08-27 14:45:00,24900,PE,1729.18,1729.13,1695.25,1715.55,314,20093,0.1586
2025-08-27 14:50:00,23500,CE,465.17,471.24,464.7,465.09,632,47788,0.1616
2025-08-27 14:50:00,23500,PE,419.18,411.49,408.53,410.45,342,54257,0.1646
2025-08-27 14:50:00,23550,CE,475.64,480.41,468.37,472.17,1149,51594,0.1611
2025-08-27 14:50:00,23550,PE,400.8,406.08,401.32,401.49,432,57503,0.16
2025-08-27 14:50:00,23600,CE,405.83,407.72,400.25,402.41,1674,60835,0.1625
2025-08-27 14:50:00,23600,PE,426.66,432.34,424.35,432.28,221,61147,0.1623
2025-08-27 14:50:00,23650,CE,411.3,411.06,404.46,406.42,199,60594,0.1624
2025-08-27 14:50:00,23650,PE,489.99,502.59,488.3,495.6,639,59446,0.1619
2025-08-27 14:50:00,23700,CE,386.62,384.88,381.31,384.45,655,68925,0.1564
2025-08-27 14:50:00,23700,PE,517.81,520.23,513.78,514.78,868,68511,0.1604
2025-08-27 14:50:00,23750,CE,415.87,413.26,411.74,412.87,984,86197,0.1584
2025-08-27 14:50:00,23750,PE,577.91,587.98,582.78,585.13,620,73512,0.1606
2025-08-27 14:50:00,23800,CE,395.34,407.17,397.8,403.16,369,77700,0.1563
2025-08-27 14:50:00,23800,PE,613.36,613.46,610.48,610.84,440,84471,0.1616
2025-08-27 14:50:00,23850,CE,406.43,410.1,400.74,406.85,270,72412,0.1626
2025-08-27 14:50:00,23850,PE,662.02,656.46,654.15,654.15,814,74973,0.1586
2025-08-27 14:50:00,23900,CE,379.1,383.31,377.71,377.9,73,67143,0.1628
2025-08-27 14:50:00,23900,PE,741.99,745.03,731.69,739.87,188,59456,0.1619
2025-08-27 14:50:00,23950,CE,421.05,422.35,417.96,420.68,280,55467,0.1617
2025-08-27 14:50:00,23950,PE,781.67,779.04,771.53,778.95,177,62769,0.1624
2025-08-27 14:50:00,24000,CE,412.34,411.21,407.37,410.93,587,49919,0.1588
2025-08-27 14:50:00,24000,PE,788.04,803.07,786.36,802.15,411,44772,0.1616
2025-08-27 14:50:00,24050,CE,379.01,383.1,381.08,381.5,294,47251,0.1583
2025-08-27 14:50:00,24050,PE,860.04,872.04,850.3,862.23,219,54035,0.1608
2025-08-27 14:50:00,24100,CE,413.78,425.67,413.58,418.46,302,43314,0.1617
2025-08-27 14:50:00,24100,PE,940.68,948.5,941.55,944.55,498,46484,0.1626
2025-08-27 14:50:00,24150,CE,394.99,397.83,395.57,396.86,70,41161,0.1583
2025-08-27 14:50:00,24150,PE,966.74,965.59,947.9,964.1,420,39540,0.1596
2025-08-27 14:50:00,24200,CE,428.25,436.41,431.98,432.91,370,40087,0.162
2025-08-27 14:50:00,24200,PE,997.76,1009.19,982.41,1000.95,322,35083,0.1597
2025-08-27 14:50:00,24250,CE,418.21,423.09,416.26,421.27,492,34218,0.1582
2025-08-27 14:50:00,24250,PE,1044.68,1079.38,1066.0,1068.22,487,46248,0.1606
2025-08-27 14:50:00,24300,CE,412.93,411.98,407.2,410.27,140,32395,0.1655
2025-08-27 14:50:00,24300,PE,1110.53,1114.36,1108.03,1109.26,441,33197,0.1626
2025-08-27 14:50:00,24350,CE,431.18,440.12,420.85,427.75,300,34773,0.16
2025-08-27 14:50:00,24350,PE,1158.64,1194.42,1163.42,1167.82,95,29219,0.1616
2025-08-27 14:50:00,24400,CE,366.94,367.9,365.27,367.67,22,29447,0.1596
2025-08-27 14:50:00,24400,PE,1227.65,1236.15,1203.78,1228.87,139,30946,0.1609
2025-08-27 14:50:00,24450,CE,410.8,411.55,409.75,411.52,401,31639,0.1566
2025-08-27 14:50:00,24450,PE,1288.46,1286.89,1279.48,1285.07,17,22892,0.1606
2025-08-27 14:50:00,24500,CE,419.67,422.81,417.1,420.95,204,28643,0.1611
2025-08-27 14:50:00,24500,PE,1337.38,1325.03,1316.5,1318.35,332,34736,0.1623
2025-08-27 14:50:00,24550,CE,388.45,401.08,390.38,394.22,19,24449,0.1587
2025-08-27 14:50:00,24550,PE,1358.75,1362.49,1350.87,1352.19,245,24233,0.1584
2025-08-27 14:50:00,24600,CE,414.87,413.95,411.34,411.73,225,23282,0.1623
2025-08-27 14:50:00,24600,PE,1389.72,1415.24,1404.55,1408.64,225,30167,0.1618
2025-08-27 14:50:00,24650,CE,418.3,417.39,412.57,417.28,278,26074,0.1616
2025-08-27 14:50:00,24650,PE,1479.9,1470.7,1435.11,1450.5,356,21924,0.163
2025-08-27 14:50:00,24700,CE,379.8,386.12,375.8,376.92,314,25266,0.1579
2025-08-27 14:50:00,24700,PE,1534.29,1558.35,1503.07,1523.36,179,21078,0.1601
2025-08-27 14:50:00,24750,CE,434.97,436.33,427.88,434.99,219,24205,0.1635
2025-08-27 14:50:00,24750,PE,1543.39,1564.87,1518.97,1543.53,290,22816,0.1573
2025-08-27 14:50:00,24800,CE,407.94,407.48,400.85,406.93,96,26080,0.1555
2025-08-27 14:50:00,24800,PE,1643.25,1662.34,1634.35,1647.81,273,19911,0.1616
2025-08-27 14:50:00,24850,CE,415.04,419.44,409.12,417.04,299,17526,0.1619
2025-08-27 14:50:00,24850,PE,1617.26,1637.22,1609.36,1628.48,313,26131,0.1576
2025-08-27 14:50:00,24900,CE,407.77,413.95,402.91,408.48,280,19314,0.1612
2025-08-27 14:50:00,24900,PE,1735.29,1739.05,1701.34,1718.33,304,19582,0.157
2025-08-27 14:55:00,23500,CE,469.09,479.47,469.32,471.95,1363,48339,0.1603
2025-08-27 14:55:00,23500,PE,401.05,411.31,407.81,407.83,1188,54791,0.1625
2025-08-27 14:55:00,23550,CE,439.99,444.55,440.1,440.19,758,51381,0.1586
2025-08-27 14:55:00,23550,PE,431.16,430.93,423.8,425.9,261,57137,0.1629
2025-08-27 14:55:00,23600,CE,396.84,398.14,392.04,397.45,1347,60313,0.163
2025-08-27 14:55:00,23600,PE,438.94,444.33,438.8,440.76,331,61144,0.1597
2025-08-27 14:55:00,23650,CE,360.3,368.08,360.65,363.51,497,61103,0.1604
2025-08-27 14:55:00,23650,PE,504.99,504.1,498.23,503.03,61,58895,0.1589
2025-08-27 14:55:00,23700,CE,373.93,379.6,368.57,370.11,336,69058,0.1582
2025-08-27 14:55:00,23700,PE,560.52,564.0,557.3,558.19,433,68913,0.1595
2025-08-27 14:55:00,23750,CE,389.94,389.64,385.39,386.3,117,86052,0.1619
2025-08-27 14:55:00,23750,PE,635.22,647.59,625.06,628.88,692,73646,0.1621
2025-08-27 14:55:00,23800,CE,411.61,414.89,406.41,410.03,503,77632,0.1603
2025-08-27 14:55:00,23800,PE,682.59,686.82,683.55,683.65,104,83949,0.1619
2025-08-27 14:55:00,23850,CE,402.75,413.92,406.14,410.24,61,72417,0.1595
2025-08-27 14:55:00,23850,PE,716.11,718.36,712.01,716.48,774,74479,0.1612
2025-08-27 14:55:00,23900,CE,383.34,383.13,381.68,382.0,64,67364,0.1623
2025-08-27 14:55:00,23900,PE,761.25,785.98,764.11,769.06,408,59228,0.1617
2025-08-27 14:55:00,23950,CE,389.82,393.24,392.08,392.74,25,55830,0.1609
2025-08-27 14:55:00,23950,PE,806.7,812.31,791.59,804.21,494,62873,0.1608
2025-08-27 14:55:00,24000,CE,392.16,391.17,387.73,390.99,170,50441,0.161
2025-08-27 14:55:00,24000,PE,853.07,870.79,848.89,858.29,54,45057,0.1626
2025-08-27 14:55:00,24050,CE,427.4,426.64,419.26,421.23,473,47520,0.1625
2025-08-27 14:55:00,24050,PE,908.79,925.05,896.25,902.49,393,53800,0.1635
2025-08-27 14:55:00,24100,CE,397.72,404.95,396.19,397.19,282,43244,0.1612
2025-08-27 14:55:00,24100,PE,949.72,968.71,942.38,952.52,528,46778,0.1615
2025-08-27 14:55:00,24150,CE,392.65,399.78,391.21,394.56,278,41427,0.1598
2025-08-27 14:55:00,24150,PE,998.27,1032.36,1000.35,1004.32,555,39770,0.1622
2025-08-27 14:55:00,24200,CE,394.5,390.0,387.24,387.5,198,39496,0.1603
2025-08-27 14:55:00,24200,PE,1060.22,1093.85,1067.82,1067.95,477,34503,0.1576
2025-08-27 14:55:00,24250,CE,385.53,391.13,386.57,388.81,266,33698,0.1592
2025-08-27 14:55:00,24250,PE,1096.29,1110.84,1087.21,1093.88,453,45685,0.1584
2025-08-27 14:55:00,24300,CE,410.26,413.36,409.92,412.22,336,32722,0.1628
2025-08-27 14:55:00,24300,PE,1106.0,1133.88,1109.52,1113.1,360,33253,0.1595
2025-08-27 14:55:00,24350,CE,387.57,390.73,383.07,387.33,278,34778,0.1602
2025-08-27 14:55:00,24350,PE,1208.45,1240.31,1186.04,1199.27,354,28721,0.1608
2025-08-27 14:55:00,24400,CE,394.32,397.14,389.61,393.91,397,29776,0.1587
2025-08-27 14:55:00,24400,PE,1285.08,1293.35,1245.15,1277.62,431,30457,0.1634
2025-08-27 14:55:00,24450,CE,389.07,396.55,388.09,389.64,94,31305,0.1613
2025-08-27 14:55:00,24450,PE,1321.4,1330.28,1307.16,1308.39,180,23274,0.1602
2025-08-27 14:55:00,24500,CE,377.48,381.26,372.62,376.82,323,28874,0.1598
2025-08-27 14:55:00,24500,PE,1339.64,1352.5,1340.72,1343.11,166,34247,0.1583
2025-08-27 14:55:00,24550,CE,376.44,384.46,380.25,383.16,274,23937,0.1583
2025-08-27 14:55:00,24550,PE,1339.03,1383.75,1333.86,1356.04,85,24120,0.1601
2025-08-27 14:55:00,24600,CE,399.17,399.94,398.51,399.54,294,23406,0.1573
2025-08-27 14:55:00,24600,PE,1439.18,1447.78,1432.3,1433.0,44,29863,0.1592
2025-08-27 14:55:00,24650,CE,393.18,389.24,379.31,388.54,310,26176,0.158
2025-08-27 14:55:00,24650,PE,1479.97,1492.66,1483.07,1483.96,241,21755,0.157
2025-08-27 14:55:00,24700,CE,419.0,420.22,417.2,417.95,287,25372,0.163
2025-08-27 14:55:00,24700,PE,1533.57,1578.25,1535.66,1546.49,33,21348,0.1578
2025-08-27 14:55:00,24750,CE,392.51,395.74,392.17,395.14,101,24616,0.1611
2025-08-27 14:55:00,24750,PE,1628.3,1622.76,1593.71,1616.86,218,22451,0.1596
2025-08-27 14:55:00,24800,CE,407.26,412.82,406.39,407.75,14,25582,0.1598
2025-08-27 14:55:00,24800,PE,1627.95,1644.9,1613.39,1621.99,85,19453,0.1598
2025-08-27 14:55:00,24850,CE,423.56,430.28,426.93,427.77,211,17124,0.1619
2025-08-27 14:55:00,24850,PE,1674.55,1713.58,1696.57,1702.99,144,25920,0.1607
2025-08-27 14:55:00,24900,CE,425.91,434.7,423.75,424.58,204,18748,0.1605
2025-08-27 14:55:00,24900,PE,1727.28,1725.9,1714.06,1723.8,126,19981,0.1591
2025-08-27 15:00:00,23500,CE,484.88,489.49,479.79,487.5,375,48757,0.161
2025-08-27 15:00:00,23500,PE,386.97,394.98,392.32,392.5,269,55046,0.1559
2025-08-27 15:00:00,23550,CE,403.01,401.32,395.1,400.56,499,51208,0.1611
2025-08-27 15:00:00,23550,PE,399.53,405.99,394.68,399.05,900,57385,0.16
2025-08-27 15:00:00,23600,CE,422.53,429.64,415.11,421.81,858,60402,0.1617
2025-08-27 15:00:00,23600,PE,403.06,406.55,400.69,405.92,482,61338,0.1581
2025-08-27 15:00:00,23650,CE,432.81,433.99,427.04,429.04,119,60608,0.1652
2025-08-27 15:00:00,23650,PE,492.17,492.8,485.58,487.11,239,59344,0.1592
2025-08-27 15:00:00,23700,CE,386.52,387.45,382.9,385.15,753,68876,0.1572
2025-08-27 15:00:00,23700,PE,539.19,538.78,531.81,535.38,767,68636,0.1587
2025-08-27 15:00:00,23750,CE,407.67,413.63,411.66,411.72,798,85920,0.158
2025-08-27 15:00:00,23750,PE,609.21,597.24,589.48,595.54,677,73342,0.1608
2025-08-27 15:00:00,23800,CE,418.59,427.72,411.13,416.95,49,78225,0.1612
2025-08-27 15:00:00,23800,PE,640.39,646.66,638.28,642.05,644,84124,0.1608
2025-08-27 15:00:00,23850,CE,400.34,405.74,390.17,401.8,542,72892,0.1624
2025-08-27 15:00:00,23850,PE,697.17,695.78,690.16,692.4,30,75020,0.1635
2025-08-27 15:00:00,23900,CE,401.67,404.95,400.96,403.2,382,67461,0.1591
2025-08-27 15:00:00,23900,PE,732.31,733.74,725.05,732.55,767,59588,0.1573
2025-08-27 15:00:00,23950,CE,408.37,414.18,406.89,410.57,272,56316,0.1635
2025-08-27 15:00:00,23950,PE,805.57,830.0,804.65,811.83,74,62453,0.1651
2025-08-27 15:00:00,24000,CE,412.99,415.87,404.46,409.24,168,50163,0.1587
2025-08-27 15:00:00,24000,PE,824.78,850.18,837.26,839.48,476,44938,0.1623
2025-08-27 15:00:00,24050,CE,396.04,408.89,392.33,400.8,560,47667,0.1581
2025-08-27 15:00:00,24050,PE,862.28,857.29,850.9,854.26,401,54121,0.1586
2025-08-27 15:00:00,24100,CE,378.53,380.18,375.76,380.15,258,43058,0.1579
2025-08-27 15:00:00,24100,PE,957.28,958.55,938.39,957.91,75,47189,0.1636
2025-08-27 15:00:00,24150,CE,401.92,409.19,402.94,403.4,142,41612,0.1588
2025-08-27 15:00:00,24150,PE,981.75,999.87,977.49,985.56,460,39616,0.1609
2025-08-27 15:00:00,24200,CE,430.58,442.13,429.41,434.88,97,39712,0.1623
2025-08-27 15:00:00,24200,PE,1037.74,1048.04,1038.03,1044.7,184,34925,0.1636
2025-08-27 15:00:00,24250,CE,389.19,391.66,389.51,390.22,236,33501,0.1595
2025-08-27 15:00:00,24250,PE,1085.09,1094.34,1086.82,1088.6,380,45549,0.157
2025-08-27 15:00:00,24300,CE,381.56,385.88,384.73,385.37,395,32952,0.1638
2025-08-27 15:00:00,24300,PE,1142.36,1136.63,1125.74,1133.44,438,33168,0.1607
2025-08-27 15:00:00,24350,CE,398.01,406.58,395.43,399.08,47,34391,0.1612
2025-08-27 15:00:00,24350,PE,1208.74,1218.17,1199.16,1202.97,9,29145,0.1604
2025-08-27 15:00:00,24400,CE,406.72,407.47,398.15,399.98,114,29417,0.1603
2025-08-27 15:00:00,24400,PE,1239.26,1244.54,1228.71,1243.43,275,30152,0.1629
2025-08-27 15:00:00,24450,CE,401.38,402.28,393.09,395.77,421,31746,0.1611
2025-08-27 15:00:00,24450,PE,1259.72,1273.23,1245.05,1259.72,198,23444,0.1588
2025-08-27 15:00:00,24500,CE,450.85,453.41,445.69,452.42,163,28791,0.1604
2025-08-27 15:00:00,24500,PE,1322.34,1352.22,1322.62,1330.99,201,34105,0.1582
2025-08-27 15:00:00,24550,CE,423.12,422.17,418.71,419.83,176,23556,0.1599
2025-08-27 15:00:00,24550,PE,1395.72,1395.15,1378.2,1389.27,260,23601,0.1592
2025-08-27 15:00:00,24600,CE,404.51,408.56,401.77,406.91,347,23897,0.1615
2025-08-27 15:00:00,24600,PE,1388.96,1436.95,1403.09,1427.56,84,29316,0.16
2025-08-27 15:00:00,24650,CE,402.78,406.1,398.88,402.14,179,25650,0.1579
2025-08-27 15:00:00,24650,PE,1464.4,1474.76,1458.97,1464.57,151,22057,0.1593
2025-08-27 15:00:00,24700,CE,407.34,415.85,404.01,407.32,113,25844,0.1595
2025-08-27 15:00:00,24700,PE,1508.02,1531.97,1507.54,1515.16,10,21599,0.1596
2025-08-27 15:00:00,24750,CE,404.59,413.3,406.85,407.77,175,24306,0.1583
2025-08-27 15:00:00,24750,PE,1561.65,1578.53,1549.63,1562.27,150,22175,0.1612
2025-08-27 15:00:00,24800,CE,394.44,393.37,387.36,388.54,207,26135,0.1589
2025-08-27 15:00:00,24800,PE,1605.71,1655.8,1639.1,1640.32,168,19693,0.1589
2025-08-27 15:00:00,24850,CE,396.0,395.15,390.46,391.34,197,17517,0.1592
2025-08-27 15:00:00,24850,PE,1645.11,1683.7,1664.53,1669.24,182,25855,0.1589
2025-08-27 15:00:00,24900,CE,405.94,401.77,392.73,398.97,41,19079,0.1582
2025-08-27 15:00:00,24900,PE,1726.16,1740.94,1713.77,1727.41,279,20557,0.1616
2025-08-27 15:05:00,23500,CE,431.05,438.0,433.09,435.48,1124,48585,0.1612
2025-08-27 15:05:00,23500,PE,389.11,396.82,394.1,394.93,1085,54830,0.1598
2025-08-27 15:05:00,23550,CE,400.56,403.95,395.12,401.38,1611,50659,0.1615
2025-08-27 15:05:00,23550,PE,387.19,388.82,381.17,385.39,1610,57669,0.1581
2025-08-27 15:05:00,23600,CE,426.53,421.42,420.56,421.29,1352,60090,0.1635
2025-08-27 15:05:00,23600,PE,468.64,473.42,468.53,468.69,783,61042,0.161
2025-08-27 15:05:00,23650,CE,411.49,407.2,406.62,407.03,943,60766,0.1622
2025-08-27 15:05:00,23650,PE,487.79,499.25,487.67,489.89,918,59630,0.162
2025-08-27 15:05:00,23700,CE,425.73,430.16,424.63,425.24,70,68764,0.1597
2025-08-27 15:05:00,23700,PE,563.65,563.37,559.43,561.49,308,69169,0.1627
2025-08-27 15:05:00,23750,CE,409.24,412.21,406.45,409.03,560,85514,0.1615
2025-08-27 15:05:00,23750,PE,607.08,605.28,598.72,603.25,419,73374,0.1588
2025-08-27 15:05:00,23800,CE,418.53,417.91,407.12,412.75,316,78365,0.1615
2025-08-27 15:05:00,23800,PE,695.95,691.47,683.65,685.96,730,84264,0.1616
2025-08-27 15:05:00,23850,CE,429.54,433.17,426.47,426.88,505,73080,0.1638
2025-08-27 15:05:00,23850,PE,709.28,708.21,700.36,704.25,258,75180,0.1617
2025-08-27 15:05:00,23900,CE,415.63,420.37,412.85,418.57,52,67811,0.1597
2025-08-27 15:05:00,23900,PE,753.68,757.97,750.24,755.09,309,59964,0.16
2025-08-27 15:05:00,23950,CE,414.09,408.49,404.08,407.89,195,56888,0.1623
2025-08-27 15:05:00,23950,PE,811.65,818.92,805.47,809.04,388,62980,0.1603
2025-08-27 15:05:00,24000,CE,430.88,437.87,426.61,427.48,208,50186,0.1638
2025-08-27 15:05:00,24000,PE,863.38,872.53,850.7,862.51,492,45185,0.161
2025-08-27 15:05:00,24050,CE,403.46,401.01,393.71,398.54,170,47549,0.158
2025-08-27 15:05:00,24050,PE,918.24,918.79,903.03,909.93,155,54301,0.1622
2025-08-27 15:05:00,24100,CE,413.51,420.07,410.04,411.4,255,42466,0.1609
2025-08-27 15:05:00,24100,PE,932.6,944.54,925.69,930.95,183,47030,0.1584
2025-08-27 15:05:00,24150,CE,418.75,419.45,409.33,414.38,322,42109,0.1614
2025-08-27 15:05:00,24150,PE,1011.49,1030.28,1017.39,1018.16,559,39826,0.157
2025-08-27 15:05:00,24200,CE,428.05,428.19,426.23,427.16,487,39132,0.1571
2025-08-27 15:05:00,24200,PE,1022.57,1031.52,1026.16,1031.5,463,34952,0.16
2025-08-27 15:05:00,24250,CE,380.78,381.36,378.42,380.04,195,33340,0.1618
2025-08-27 15:05:00,24250,PE,1109.65,1102.8,1095.58,1096.73,183,45919,0.161
2025-08-27 15:05:00,24300,CE,387.9,398.31,388.09,389.14,227,32489,0.1609
2025-08-27 15:05:00,24300,PE,1156.44,1164.83,1156.49,1159.34,438,33292,0.1602
2025-08-27 15:05:00,24350,CE,379.73,394.54,376.87,384.35,185,34645,0.1604
2025-08-27 15:05:00,24350,PE,1191.54,1217.4,1183.03,1187.83,167,29259,0.1604
2025-08-27 15:05:00,24400,CE,409.67,404.63,401.36,403.35,10,29146,0.1596
2025-08-27 15:05:00,24400,PE,1258.09,1254.77,1238.29,1245.03,156,30503,0.1615
2025-08-27 15:05:00,24450,CE,387.53,395.59,388.88,390.62,321,32098,0.159
2025-08-27 15:05:00,24450,PE,1306.3,1327.68,1311.48,1321.06,206,23277,0.1616
2025-08-27 15:05:00,24500,CE,415.71,420.49,416.92,418.5,218,28511,0.1633
2025-08-27 15:05:00,24500,PE,1334.12,1338.85,1313.79,1337.51,218,34301,0.1616
2025-08-27 15:05:00,24550,CE,388.79,386.82,383.95,384.89,378,23397,0.1599
2025-08-27 15:05:00,24550,PE,1413.56,1407.24,1381.83,1402.77,49,23415,0.1582
2025-08-27 15:05:00,24600,CE,402.66,418.44,398.44,410.01,311,23837,0.159
2025-08-27 15:05:00,24600,PE,1471.79,1470.05,1452.56,1464.7,160,29265,0.1578
2025-08-27 15:05:00,24650,CE,399.51,418.03,401.76,404.72,96,26045,0.1636
2025-08-27 15:05:00,24650,PE,1478.0,1481.34,1460.72,1472.95,245,22600,0.1599
2025-08-27 15:05:00,24700,CE,398.31,404.67,397.41,400.01,39,26100,0.1624
2025-08-27 15:05:00,24700,PE,1554.61,1577.95,1554.88,1558.54,33,21104,0.1597
2025-08-27 15:05:00,24750,CE,428.67,430.43,425.68,426.93,286,24111,0.1601
2025-08-27 15:05:00,24750,PE,1581.05,1614.75,1567.8,1603.07,110,21802,0.16
2025-08-27 15:05:00,24800,CE,380.35,378.39,373.09,377.67,40,26330,0.1547
2025-08-27 15:05:00,24800,PE,1615.69,1642.86,1635.34,1635.7,173,19810,0.1589
2025-08-27 15:05:00,24850,CE,401.88,414.51,402.29,403.06,53,18095,0.1601
2025-08-27 15:05:00,24850,PE,1702.55,1725.17,1694.0,1696.38,7,25792,0.1604
2025-08-27 15:05:00,24900,CE,387.6,398.78,385.22,385.55,162,18605,0.1568
2025-08-27 15:05:00,24900,PE,1770.73,1775.04,1761.36,1761.56,179,20675,0.1604
2025-08-27 15:10:00,23500,CE,491.02,497.32,489.79,491.86,809,48425,0.1614
2025-08-27 15:10:00,23500,PE,373.97,379.0,375.55,375.89,1399,54443,0.1602
2025-08-27 15:10:00,23550,CE,437.05,438.87,433.62,435.63,1323,50504,0.1624
2025-08-27 15:10:00,23550,PE,440.98,441.33,434.81,437.91,702,57354,0.1598
2025-08-27 15:10:00,23600,CE,398.8,398.15,394.49,396.39,1053,59726,0.1592
2025-08-27 15:10:00,23600,PE,445.8,454.36,451.93,452.49,592,61022,0.1587
2025-08-27 15:10:00,23650,CE,402.4,417.46,406.71,409.1,35,61138,0.1607
2025-08-27 15:10:00,23650,PE,511.26,515.51,503.52,508.74,458,60092,0.1617
2025-08-27 15:10:00,23700,CE,427.73,427.26,423.44,426.65,773,68476,0.1619
2025-08-27 15:10:00,23700,PE,533.37,532.5,527.21,528.87,789,69107,0.161
2025-08-27 15:10:00,23750,CE,425.76,426.18,417.61,421.75,523,85925,0.1631
2025-08-27 15:10:00,23750,PE,568.63,573.66,561.68,566.57,683,73960,0.1587
2025-08-27 15:10:00,23800,CE,407.08,416.84,407.54,408.59,888,78784,0.1651
2025-08-27 15:10:00,23800,PE,640.35,647.87,634.76,636.09,453,84256,0.1584
2025-08-27 15:10:00,23850,CE,398.39,402.97,395.22,396.28,771,73524,0.1607
2025-08-27 15:10:00,23850,PE,707.14,714.48,702.53,703.2,332,75427,0.161
2025-08-27 15:10:00,23900,CE,422.27,426.93,417.05,421.97,486,67347,0.1609
2025-08-27 15:10:00,23900,PE,768.48,765.34,760.61,761.41,110,59464,0.1571
2025-08-27 15:10:00,23950,CE,392.83,396.84,393.9,396.21,199,57411,0.1588
2025-08-27 15:10:00,23950,PE,789.27,796.4,773.04,792.29,243,63489,0.1608
2025-08-27 15:10:00,24000,CE,442.21,450.95,442.65,446.67,310,50136,0.1644
2025-08-27 15:10:00,24000,PE,861.92,870.44,855.32,860.19,185,45379,0.159
2025-08-27 15:10:00,24050,CE,405.64,404.29,402.61,403.07,385,47314,0.1597
2025-08-27 15:10:00,24050,PE,911.49,913.69,892.0,901.32,510,54542,0.1593
2025-08-27 15:10:00,24100,CE,392.89,406.88,394.31,395.22,434,42401,0.1613
2025-08-27 15:10:00,24100,PE,955.6,957.72,946.98,955.59,396,46848,0.16
2025-08-27 15:10:00,24150,CE,439.75,452.92,440.16,444.12,572,42037,0.1594
2025-08-27 15:10:00,24150,PE,990.05,1000.49,981.56,999.61,163,39772,0.1615
2025-08-27 15:10:00,24200,CE,407.56,408.98,399.11,405.61,510,39663,0.1607
2025-08-27 15:10:00,24200,PE,1028.13,1061.49,1026.13,1040.68,198,35413,0.1608
2025-08-27 15:10:00,24250,CE,384.46,396.22,384.59,385.37,163,32973,0.1615
2025-08-27 15:10:00,24250,PE,1070.77,1082.05,1069.51,1072.08,120,45653,0.1616
2025-08-27 15:10:00,24300,CE,377.14,372.96,370.33,372.52,148,32248,0.1576
2025-08-27 15:10:00,24300,PE,1151.81,1181.42,1136.45,1146.41,192,32705,0.16
2025-08-27 15:10:00,24350,CE,413.22,422.1,419.48,420.6,180,34681,0.1624
2025-08-27 15:10:00,24350,PE,1179.57,1218.29,1186.11,1193.46,191,29238,0.1621
2025-08-27 15:10:00,24400,CE,404.84,406.36,398.49,403.42,105,28695,0.1596
2025-08-27 15:10:00,24400,PE,1263.57,1263.83,1253.03,1263.32,401,31091,0.158
2025-08-27 15:10:00,24450,CE,383.37,378.75,376.87,378.08,177,32411,0.1612
2025-08-27 15:10:00,24450,PE,1329.71,1349.21,1305.47,1324.83,65,22896,0.1612
2025-08-27 15:10:00,24500,CE,401.5,409.24,400.78,401.52,215,28757,0.162
2025-08-27 15:10:00,24500,PE,1333.48,1343.67,1320.95,1333.11,288,34109,0.1588
2025-08-27 15:10:00,24550,CE,398.28,398.0,390.25,395.2,345,23556,0.1627
2025-08-27 15:10:00,24550,PE,1384.75,1397.76,1382.88,1386.21,128,23379,0.1592
2025-08-27 15:10:00,24600,CE,406.4,407.55,404.79,405.83,116,23403,0.1613
2025-08-27 15:10:00,24600,PE,1454.41,1466.45,1440.5,1450.35,8,29217,0.1588
2025-08-27 15:10:00,24650,CE,411.62,414.37,407.2,409.82,8,26599,0.1614
2025-08-27 15:10:00,24650,PE,1473.16,1490.8,1455.39,1470.34,320,22897,0.1607
2025-08-27 15:10:00,24700,CE,354.07,359.57,353.36,354.44,264,26251,0.1606
2025-08-27 15:10:00,24700,PE,1557.03,1549.14,1539.94,1546.47,258,21516,0.1592
2025-08-27 15:10:00,24750,CE,413.73,419.69,417.62,418.63,176,24505,0.1589
2025-08-27 15:10:00,24750,PE,1621.29,1599.02,1575.72,1589.32,84,22267,0.1602
2025-08-27 15:10:00,24800,CE,396.57,395.62,387.14,391.88,233,25860,0.1604
2025-08-27 15:10:00,24800,PE,1644.88,1671.34,1645.08,1662.02,64,19365,0.1612
2025-08-27 15:10:00,24850,CE,421.1,416.12,414.42,414.61,81,18453,0.16
2025-08-27 15:10:00,24850,PE,1680.41,1711.21,1687.02,1702.16,263,26386,0.1585
2025-08-27 15:10:00,24900,CE,404.53,407.38,400.29,404.74,44,18680,0.1619
2025-08-27 15:10:00,24900,PE,1727.9,1742.22,1724.25,1740.32,254,21232,0.1604
2025-08-27 15:15:00,23500,CE,548.05,552.19,545.74,549.07,133,48620,0.1603
2025-08-27 15:15:00,23500,PE,378.92,388.79,372.52,379.2,112,53945,0.16
2025-08-27 15:15:00,23550,CE,500.13,518.86,503.78,505.42,1127,51015,0.1595
2025-08-27 15:15:00,23550,PE,375.58,374.48,372.94,374.24,267,57761,0.1598
2025-08-27 15:15:00,23600,CE,470.36,469.15,463.52,467.94,1419,59769,0.1602
2025-08-27 15:15:00,23600,PE,394.61,408.06,398.92,399.95,287,61314,0.1596
2025-08-27 15:15:00,23650,CE,410.34,413.09,409.38,412.12,977,60959,0.1618
2025-08-27 15:15:00,23650,PE,431.03,433.57,429.54,431.22,1526,60230,0.1596
2025-08-27 15:15:00,23700,CE,413.11,421.14,412.27,414.27,413,68371,0.1565
2025-08-27 15:15:00,23700,PE,474.6,477.75,474.49,475.01,479,69139,0.163
2025-08-27 15:15:00,23750,CE,428.81,437.57,423.29,431.21,368,86088,0.1604
2025-08-27 15:15:00,23750,PE,511.21,509.38,504.37,507.93,595,73424,0.1616
2025-08-27 15:15:00,23800,CE,400.34,398.39,395.2,397.26,25,78299,0.162
2025-08-27 15:15:00,23800,PE,553.78,554.06,545.15,551.53,200,83754,0.1622
2025-08-27 15:15:00,23850,CE,429.7,434.6,427.43,429.93,688,73637,0.1619
2025-08-27 15:15:00,23850,PE,621.4,637.32,627.82,630.27,38,75322,0.1602
2025-08-27 15:15:00,23900,CE,422.36,421.81,411.66,418.11,285,67347,0.1619
2025-08-27 15:15:00,23900,PE,654.56,653.06,645.48,650.92,553,59464,0.1582
2025-08-27 15:15:00,23950,CE,420.0,425.55,419.08,420.99,349,56859,0.1632
2025-08-27 15:15:00,23950,PE,689.69,701.43,680.86,684.79,680,63844,0.1555
2025-08-27 15:15:00,24000,CE,382.14,381.55,374.11,376.49,679,50376,0.158
2025-08-27 15:15:00,24000,PE,735.07,742.04,733.06,738.09,266,45604,0.1554
2025-08-27 15:15:00,24050,CE,399.07,404.58,399.71,403.19,659,46755,0.1634
2025-08-27 15:15:00,24050,PE,801.63,799.46,791.57,796.14,376,54724,0.1596
2025-08-27 15:15:00,24100,CE,436.53,435.05,427.03,428.09,670,42401,0.1612
2025-08-27 15:15:00,24100,PE,835.14,843.71,830.11,841.14,600,47160,0.1588
2025-08-27 15:15:00,24150,CE,400.58,399.35,393.88,397.13,505,41553,0.1613
2025-08-27 15:15:00,24150,PE,920.99,925.04,917.33,920.58,326,40068,0.1591
2025-08-27 15:15:00,24200,CE,428.54,426.81,420.13,423.02,83,40217,0.1615
2025-08-27 15:15:00,24200,PE,973.63,969.53,964.51,967.57,413,35834,0.1612
2025-08-27 15:15:00,24250,CE,411.22,416.12,409.8,412.83,361,33446,0.1599
2025-08-27 15:15:00,24250,PE,1044.19,1060.06,1029.87,1037.24,509,45143,0.1606
2025-08-27 15:15:00,24300,CE,429.62,442.36,429.0,436.44,501,32283,0.1619
2025-08-27 15:15:00,24300,PE,1053.61,1071.65,1056.25,1061.22,266,32400,0.1609
2025-08-27 15:15:00,24350,CE,441.71,444.94,442.71,444.84,210,34734,0.1624
2025-08-27 15:15:00,24350,PE,1128.3,1122.07,1108.57,1121.33,274,29485,0.1628
2025-08-27 15:15:00,24400,CE,390.63,398.91,392.33,393.42,330,28991,0.1589
2025-08-27 15:15:00,24400,PE,1168.81,1170.46,1153.32,1156.2,282,31680,0.1591
2025-08-27 15:15:00,24450,CE,418.12,415.65,410.68,414.88,405,32960,0.1608
2025-08-27 15:15:00,24450,PE,1213.7,1210.68,1181.8,1195.28,335,22592,0.1621
2025-08-27 15:15:00,24500,CE,408.8,410.99,407.42,410.16,425,29255,0.1617
2025-08-27 15:15:00,24500,PE,1261.82,1277.23,1255.48,1257.65,135,34569,0.1589
2025-08-27 15:15:00,24550,CE,395.41,399.98,384.25,387.01,223,23824,0.1612
2025-08-27 15:15:00,24550,PE,1287.42,1320.85,1296.73,1298.28,148,23088,0.1576
2025-08-27 15:15:00,24600,CE,399.45,404.92,393.98,399.0,166,23028,0.1589
2025-08-27 15:15:00,24600,PE,1401.89,1393.06,1379.44,1385.72,63,29139,0.1591
2025-08-27 15:15:00,24650,CE,420.13,424.91,418.21,422.39,369,26045,0.162
2025-08-27 15:15:00,24650,PE,1420.14,1450.61,1395.52,1401.61,131,22637,0.1587
2025-08-27 15:15:00,24700,CE,402.47,408.19,401.9,404.88,82,25739,0.1616
2025-08-27 15:15:00,24700,PE,1448.95,1437.95,1421.07,1437.1,70,21545,0.1615
2025-08-27 15:15:00,24750,CE,396.22,406.61,401.33,401.38,157,24644,0.162
2025-08-27 15:15:00,24750,PE,1515.25,1517.32,1495.19,1507.45,310,21800,0.1632
2025-08-27 15:15:00,24800,CE,415.16,422.55,411.43,412.92,118,26308,0.164
2025-08-27 15:15:00,24800,PE,1527.81,1545.66,1527.42,1538.57,86,18881,0.1582
2025-08-27 15:15:00,24850,CE,414.57,420.02,417.65,419.14,84,18328,0.1583
2025-08-27 15:15:00,24850,PE,1614.04,1616.98,1611.16,1613.92,90,26387,0.1611
2025-08-27 15:15:00,24900,CE,396.96,406.21,392.07,398.08,70,18778,0.1595
2025-08-27 15:15:00,24900,PE,1629.06,1660.6,1634.47,1644.6,282,21014,0.1591
2025-08-27 15:20:00,23500,CE,509.1,519.94,516.77,518.97,704,48875,0.1621
2025-08-27 15:20:00,23500,PE,406.32,407.99,400.99,407.9,104,53754,0.1637
2025-08-27 15:20:00,23550,CE,471.85,472.54,466.75,471.38,941,50718,0.1625
2025-08-27 15:20:00,23550,PE,416.39,420.06,412.87,416.67,620,57704,0.1608
2025-08-27 15:20:00,23600,CE,422.51,419.21,415.91,418.03,1617,59305,0.1628
2025-08-27 15:20:00,23600,PE,415.49,413.42,410.16,411.06,1104,61873,0.1606
2025-08-27 15:20:00,23650,CE,414.42,429.64,418.39,419.21,1435,61019,0.1605
2025-08-27 15:20:00,23650,PE,431.68,426.77,424.91,426.29,630,59802,0.1617
2025-08-27 15:20:00,23700,CE,411.86,409.25,405.31,405.96,374,68726,0.1618
2025-08-27 15:20:00,23700,PE,487.09,491.14,479.19,486.32,58,69403,0.1577
2025-08-27 15:20:00,23750,CE,381.34,383.51,378.35,379.42,1118,86004,0.1611
2025-08-27 15:20:00,23750,PE,555.19,557.78,544.53,550.84,976,74004,0.1655
2025-08-27 15:20:00,23800,CE,391.3,401.5,395.93,397.37,821,78299,0.1619
2025-08-27 15:20:00,23800,PE,564.35,569.32,566.17,567.84,613,83409,0.1624
2025-08-27 15:20:00,23850,CE,419.03,420.67,416.14,416.15,141,73986,0.1591
2025-08-27 15:20:00,23850,PE,611.26,623.5,602.61,612.5,511,75836,0.1631
2025-08-27 15:20:00,23900,CE,391.88,396.27,381.77,388.62,659,67061,0.1589
2025-08-27 15:20:00,23900,PE,657.4,663.19,658.53,661.85,850,58872,0.1592
2025-08-27 15:20:00,23950,CE,442.09,444.42,441.55,444.29,89,56990,0.1606
2025-08-27 15:20:00,23950,PE,750.36,759.09,744.62,749.98,495,64123,0.1637
2025-08-27 15:20:00,24000,CE,422.54,435.86,421.27,424.64,490,50089,0.1622
2025-08-27 15:20:00,24000,PE,774.29,779.15,765.06,774.23,121,46160,0.1594
2025-08-27 15:20:00,24050,CE,409.91,412.34,401.75,406.38,243,46356,0.1622
2025-08-27 15:20:00,24050,PE,897.8,891.3,890.74,891.19,58,55085,0.1633
2025-08-27 15:20:00,24100,CE,417.8,418.0,405.9,412.62,553,42852,0.1592
2025-08-27 15:20:00,24100,PE,920.55,927.91,921.3,922.13,558,46765,0.1612
2025-08-27 15:20:00,24150,CE,393.17,394.13,391.19,392.79,18,41554,0.1608
2025-08-27 15:20:00,24150,PE,933.79,936.8,927.81,936.12,315,39501,0.157
2025-08-27 15:20:00,24200,CE,404.15,406.98,400.2,403.66,507,40387,0.1607
2025-08-27 15:20:00,24200,PE,1010.38,1007.6,1000.02,1004.01,396,35889,0.1613
2025-08-27 15:20:00,24250,CE,373.28,375.02,371.4,374.65,542,33779,0.1618
2025-08-27 15:20:00,24250,PE,1034.92,1053.17,1039.79,1047.44,319,45144,0.1604
2025-08-27 15:20:00,24300,CE,402.21,402.77,392.43,399.53,433,32107,0.1584
2025-08-27 15:20:00,24300,PE,1083.56,1118.27,1067.64,1082.04,446,31964,0.158
2025-08-27 15:20:00,24350,CE,396.77,405.27,400.78,401.86,25,34195,0.1594
2025-08-27 15:20:00,24350,PE,1101.49,1144.66,1105.09,1111.96,185,29519,0.1595
2025-08-27 15:20:00,24400,CE,395.02,398.28,395.3,395.5,421,29493,0.1569
2025-08-27 15:20:00,24400,PE,1201.97,1196.66,1170.12,1195.97,22,31999,0.1582
2025-08-27 15:20:00,24450,CE,410.41,412.74,407.18,411.82,96,32831,0.162
2025-08-27 15:20:00,24450,PE,1251.92,1259.97,1228.62,1237.81,385,23172,0.1566
2025-08-27 15:20:00,24500,CE,415.31,413.75,408.99,410.0,341,28875,0.1608
2025-08-27 15:20:00,24500,PE,1310.73,1308.36,1279.7,1291.53,23,35166,0.1606
2025-08-27 15:20:00,24550,CE,428.19,430.77,418.5,420.25,101,23500,0.1607
2025-08-27 15:20:00,24550,PE,1346.81,1346.37,1331.3,1332.12,217,22689,0.1594
2025-08-27 15:20:00,24600,CE,420.15,426.76,423.8,425.73,265,23457,0.1588
2025-08-27 15:20:00,24600,PE,1389.48,1395.03,1363.17,1389.09,140,29101,0.1585
2025-08-27 15:20:00,24650,CE,404.02,404.96,398.02,404.46,342,26515,0.1618
2025-08-27 15:20:00,24650,PE,1406.35,1430.26,1382.8,1409.57,41,22934,0.1585
2025-08-27 15:20:00,24700,CE,433.81,435.39,430.3,434.38,13,25327,0.163
2025-08-27 15:20:00,24700,PE,1502.73,1505.58,1484.52,1487.76,231,21091,0.1621
2025-08-27 15:20:00,24750,CE,391.02,394.87,386.03,390.4,69,24580,0.158
2025-08-27 15:20:00,24750,PE,1549.52,1586.05,1541.88,1557.32,150,21873,0.1616
2025-08-27 15:20:00,24800,CE,436.06,431.27,429.31,429.89,314,26215,0.1596
2025-08-27 15:20:00,24800,PE,1611.09,1617.66,1586.29,1612.72,108,18535,0.1641
2025-08-27 15:20:00,24850,CE,403.33,403.32,401.5,402.58,289,17989,0.1629
2025-08-27 15:20:00,24850,PE,1623.12,1647.55,1631.57,1642.06,6,26398,0.1604
2025-08-27 15:20:00,24900,CE,378.85,381.17,374.58,380.61,235,18195,0.1561
2025-08-27 15:20:00,24900,PE,1697.39,1725.07,1682.53,1692.18,205,20940,0.1601
2025-08-27 15:25:00,23500,CE,440.56,450.77,443.2,444.67,1138,48314,0.1576
2025-08-27 15:25:00,23500,PE,407.89,412.18,407.21,410.78,1310,54201,0.1585
2025-08-27 15:25:00,23550,CE,437.22,444.35,432.57,437.49,1181,50862,0.1631
2025-08-27 15:25:00,23550,PE,427.27,433.35,426.08,428.19,1210,57296,0.1622
2025-08-27 15:25:00,23600,CE,443.22,442.9,437.21,442.0,1435,59627,0.1618
2025-08-27 15:25:00,23600,PE,435.91,441.35,434.24,437.22,1212,61864,0.1615
2025-08-27 15:25:00,23650,CE,407.33,409.86,407.68,408.31,213,61031,0.1596
2025-08-27 15:25:00,23650,PE,535.19,541.81,532.29,533.53,760,59509,0.1628
2025-08-27 15:25:00,23700,CE,391.37,391.7,389.48,391.27,1120,68598,0.1634
2025-08-27 15:25:00,23700,PE,535.85,544.04,539.84,541.2,1155,69856,0.1597
2025-08-27 15:25:00,23750,CE,401.23,412.89,402.98,405.58,97,85580,0.161
2025-08-27 15:25:00,23750,PE,571.14,582.29,567.0,573.74,434,74152,0.1569
2025-08-27 15:25:00,23800,CE,412.92,423.45,414.87,416.62,124,77959,0.1608
2025-08-27 15:25:00,23800,PE,638.22,636.67,633.26,635.57,836,83342,0.1609
2025-08-27 15:25:00,23850,CE,436.11,434.94,419.73,427.78,500,74025,0.162
2025-08-27 15:25:00,23850,PE,686.66,707.3,679.33,693.69,861,75382,0.161
2025-08-27 15:25:00,23900,CE,411.39,412.28,408.72,409.9,431,66555,0.1601
2025-08-27 15:25:00,23900,PE,763.57,763.35,755.03,756.67,50,58852,0.1588
2025-08-27 15:25:00,23950,CE,418.35,428.33,419.76,420.84,682,56881,0.1594
2025-08-27 15:25:00,23950,PE,810.45,806.32,798.47,803.06,544,64628,0.1606
2025-08-27 15:25:00,24000,CE,403.14,406.73,398.5,399.86,15,50326,0.1583
2025-08-27 15:25:00,24000,PE,825.39,831.52,815.61,825.04,631,46636,0.1615
2025-08-27 15:25:00,24050,CE,424.46,423.67,418.6,422.9,485,46869,0.1619
2025-08-27 15:25:00,24050,PE,897.53,925.91,899.37,902.66,398,54507,0.1634
2025-08-27 15:25:00,24100,CE,399.37,405.45,399.0,400.58,604,43307,0.1621
2025-08-27 15:25:00,24100,PE,947.11,967.19,950.15,957.32,125,47315,0.1591
2025-08-27 15:25:00,24150,CE,366.67,368.84,362.4,365.6,380,41497,0.1589
2025-08-27 15:25:00,24150,PE,980.79,1001.37,993.09,993.8,475,39664,0.164
2025-08-27 15:25:00,24200,CE,373.39,387.39,374.52,379.19,433,40202,0.1597
2025-08-27 15:25:00,24200,PE,1039.52,1049.9,1026.01,1034.44,218,35407,0.1596
2025-08-27 15:25:00,24250,CE,416.28,417.63,411.42,417.19,462,33494,0.1605
2025-08-27 15:25:00,24250,PE,1094.45,1124.73,1095.13,1098.15,78,44640,0.1638
2025-08-27 15:25:00,24300,CE,409.35,410.68,406.0,410.5,195,32091,0.1625
2025-08-27 15:25:00,24300,PE,1153.27,1169.46,1144.12,1149.57,413,32148,0.1603
2025-08-27 15:25:00,24350,CE,386.6,392.99,378.11,383.72,380,33601,0.1599
2025-08-27 15:25:00,24350,PE,1196.6,1197.36,1178.72,1191.95,21,29193,0.1571
2025-08-27 15:25:00,24400,CE,395.02,396.76,385.07,390.71,177,28981,0.1581
2025-08-27 15:25:00,24400,PE,1225.13,1244.36,1223.67,1232.64,390,32557,0.162
2025-08-27 15:25:00,24450,CE,422.12,421.71,416.09,417.6,212,33194,0.1613
2025-08-27 15:25:00,24450,PE,1259.31,1285.97,1265.54,1269.9,87,22609,0.1571
2025-08-27 15:25:00,24500,CE,420.73,423.74,416.64,421.74,371,29251,0.1608
2025-08-27 15:25:00,24500,PE,1316.58,1327.52,1311.09,1322.36,313,35558,0.1559
2025-08-27 15:25:00,24550,CE,396.99,400.83,395.79,397.15,283,23866,0.16
2025-08-27 15:25:00,24550,PE,1401.83,1406.32,1374.64,1396.56,382,23143,0.1607
2025-08-27 15:25:00,24600,CE,399.56,405.34,399.54,401.24,339,23419,0.1619
2025-08-27 15:25:00,24600,PE,1450.16,1483.76,1438.3,1450.92,312,28788,0.1589
2025-08-27 15:25:00,24650,CE,386.13,389.34,387.21,387.79,119,26959,0.163
2025-08-27 15:25:00,24650,PE,1466.04,1480.52,1464.7,1475.76,137,23335,0.1596
2025-08-27 15:25:00,24700,CE,388.54,392.83,385.71,390.38,178,25056,0.1631
2025-08-27 15:25:00,24700,PE,1553.71,1581.71,1547.65,1551.84,149,21187,0.1595
2025-08-27 15:25:00,24750,CE,433.78,435.82,434.02,434.13,26,24648,0.1627
2025-08-27 15:25:00,24750,PE,1619.1,1625.49,1607.47,1611.68,41,21858,0.1596
2025-08-27 15:25:00,24800,CE,385.31,384.39,373.32,381.99,110,26345,0.1621
2025-08-27 15:25:00,24800,PE,1655.66,1666.91,1624.15,1647.4,278,18035,0.1581
2025-08-27 15:25:00,24850,CE,402.69,406.73,399.01,401.58,31,17934,0.1616
2025-08-27 15:25:00,24850,PE,1652.89,1693.89,1672.98,1673.05,242,26133,0.1581
2025-08-27 15:25:00,24900,CE,405.0,404.62,399.81,401.37,243,17597,0.1629
2025-08-27 15:25:00,24900,PE,1757.83,1761.55,1752.92,1760.6,95,20963,0.1607
