timestamp,strike,side,open,high,low,close,volume,oi,iv
2025-08-28 09:00:00,23500,CE,716.97,733.36,721.87,722.76,0,34025,0.1736
2025-08-28 09:00:00,23500,PE,434.01,440.71,432.75,434.74,0,32633,0.1733
2025-08-28 09:00:00,23550,CE,681.51,687.53,685.59,685.68,0,34428,0.173
2025-08-28 09:00:00,23550,PE,457.58,466.7,462.62,463.12,0,33849,0.172
2025-08-28 09:00:00,23600,CE,639.99,645.62,642.83,643.39,0,38535,0.1745
2025-08-28 09:00:00,23600,PE,437.14,436.43,431.91,435.91,0,38975,0.1721
2025-08-28 09:00:00,23650,CE,600.94,609.72,582.46,593.78,0,39979,0.1718
2025-08-28 09:00:00,23650,PE,417.87,430.1,419.67,423.47,0,41134,0.1715
2025-08-28 09:00:00,23700,CE,504.52,507.5,505.89,506.8,0,46794,0.168
2025-08-28 09:00:00,23700,PE,433.71,435.02,425.16,429.91,0,47165,0.1748
2025-08-28 09:00:00,23750,CE,469.86,467.93,459.59,463.19,0,49941,0.1737
2025-08-28 09:00:00,23750,PE,421.9,427.05,419.9,424.13,0,51729,0.1729
2025-08-28 09:00:00,23800,CE,453.7,460.49,449.34,452.26,0,55128,0.1748
2025-08-28 09:00:00,23800,PE,419.65,418.84,416.14,416.55,0,52800,0.1723
2025-08-28 09:00:00,23850,CE,408.17,413.86,410.14,413.59,0,47895,0.1739
2025-08-28 09:00:00,23850,PE,497.76,506.63,493.87,495.26,0,46553,0.1723
2025-08-28 09:00:00,23900,CE,440.35,445.17,435.55,438.65,0,41534,0.1697
2025-08-28 09:00:00,23900,PE,563.07,573.3,554.21,564.71,0,43991,0.1716
2025-08-28 09:00:00,23950,CE,452.63,450.92,448.02,449.15,0,37749,0.1723
2025-08-28 09:00:00,23950,PE,622.44,623.73,608.75,619.35,0,39011,0.173
2025-08-28 09:00:00,24000,CE,435.74,437.08,433.82,434.35,0,35270,0.1701
2025-08-28 09:00:00,24000,PE,646.87,657.18,648.53,650.7,0,35583,0.171
2025-08-28 09:00:00,24050,CE,429.41,436.64,430.86,430.86,0,32832,0.1712
2025-08-28 09:00:00,24050,PE,661.51,667.32,659.09,659.77,0,34046,0.1686
2025-08-28 09:00:00,24100,CE,397.7,403.54,395.41,400.99,0,32629,0.1702
2025-08-28 09:00:00,24100,PE,763.09,765.51,745.97,756.76,0,31688,0.1681
2025-08-28 09:00:00,24150,CE,425.83,424.47,420.62,423.59,0,30534,0.1743
2025-08-28 09:00:00,24150,PE,798.77,807.66,798.63,799.98,0,29656,0.1714
2025-08-28 09:00:00,24200,CE,409.11,413.51,403.71,408.39,0,28474,0.1757
2025-08-28 09:00:00,24200,PE,845.08,852.32,839.94,844.51,0,26897,0.1714
2025-08-28 09:00:00,24250,CE,424.55,427.79,424.27,425.28,0,25453,0.1733
2025-08-28 09:00:00,24250,PE,900.75,907.1,902.05,902.27,0,24761,0.1741
2025-08-28 09:00:00,24300,CE,477.98,471.88,463.79,471.84,0,24810,0.1727
2025-08-28 09:00:00,24300,PE,926.14,952.33,939.96,940.77,0,23464,0.1718
2025-08-28 09:00:00,24350,CE,429.63,434.34,430.41,432.6,0,23964,0.1721
2025-08-28 09:00:00,24350,PE,983.95,981.21,969.24,977.35,0,24344,0.1716
2025-08-28 09:00:00,24400,CE,431.58,431.96,426.23,430.23,0,23859,0.1685
2025-08-28 09:00:00,24400,PE,1058.9,1065.67,1037.33,1053.66,0,22193,0.1732
2025-08-28 09:00:00,24450,CE,410.56,418.07,410.06,411.25,0,23251,0.1692
2025-08-28 09:00:00,24450,PE,1089.64,1091.36,1088.52,1090.39,0,21161,0.1672
2025-08-28 09:00:00,24500,CE,437.1,439.69,432.57,437.87,0,21195,0.1725
2025-08-28 09:00:00,24500,PE,1139.21,1175.94,1141.29,1145.58,0,22246,0.1702
2025-08-28 09:00:00,24550,CE,418.22,425.52,418.21,419.38,0,19592,0.1689
2025-08-28 09:00:00,24550,PE,1173.3,1188.15,1169.73,1175.93,0,21146,0.1681
2025-08-28 09:00:00,24600,CE,440.17,447.4,440.97,442.33,0,18986,0.1704
2025-08-28 09:00:00,24600,PE,1213.27,1235.87,1219.71,1230.98,0,16941,0.1748
2025-08-28 09:00:00,24650,CE,391.64,391.28,389.59,389.81,0,17927,0.1674
2025-08-28 09:00:00,24650,PE,1280.12,1314.9,1267.37,1282.59,0,19140,0.1712
2025-08-28 09:00:00,24700,CE,458.18,463.89,457.13,460.04,0,17866,0.1723
2025-08-28 09:00:00,24700,PE,1361.06,1367.66,1360.73,1367.08,0,16264,0.1719
2025-08-28 09:00:00,24750,CE,447.78,450.53,445.54,446.66,0,15795,0.1719
2025-08-28 09:00:00,24750,PE,1380.05,1408.89,1363.91,1377.16,0,17535,0.1725
2025-08-28 09:00:00,24800,CE,435.93,439.1,425.43,432.75,0,17256,0.1721
2025-08-28 09:00:00,24800,PE,1417.58,1446.13,1408.64,1436.25,0,14756,0.1725
2025-08-28 09:00:00,24850,CE,424.75,428.95,425.63,427.81,0,15337,0.1721
2025-08-28 09:00:00,24850,PE,1483.38,1497.07,1483.31,1487.21,0,14100,0.1687
2025-08-28 09:00:00,24900,CE,415.92,419.37,412.99,416.22,0,14187,0.1693
2025-08-28 09:00:00,24900,PE,1567.64,1581.54,1554.97,1557.93,0,16766,0.1728
2025-08-28 09:05:00,23500,CE,714.41,733.86,720.13,721.25,0,30546,0.1719
2025-08-28 09:05:00,23500,PE,428.6,430.56,425.83,426.03,0,32662,0.1717
2025-08-28 09:05:00,23550,CE,663.94,678.55,663.38,666.25,0,34703,0.1739
2025-08-28 09:05:00,23550,PE,387.27,395.34,388.25,391.06,0,34296,0.1713
2025-08-28 09:05:00,23600,CE,595.78,597.0,588.39,592.43,0,39364,0.1691
2025-08-28 09:05:00,23600,PE,448.65,450.33,443.6,445.61,0,39338,0.1719
2025-08-28 09:05:00,23650,CE,535.44,546.18,539.57,543.77,0,39250,0.1719
2025-08-28 09:05:00,23650,PE,429.79,434.94,424.86,429.83,0,40326,0.1742
2025-08-28 09:05:00,23700,CE,524.84,531.47,519.83,526.75,0,44175,0.174
2025-08-28 09:05:00,23700,PE,399.03,406.38,401.39,401.55,0,43485,0.1705
2025-08-28 09:05:00,23750,CE,475.19,484.77,468.91,473.0,0,50195,0.1706
2025-08-28 09:05:00,23750,PE,472.95,470.89,462.77,467.86,0,49761,0.171
2025-08-28 09:05:00,23800,CE,444.12,448.5,443.43,446.65,0,53304,0.1743
2025-08-28 09:05:00,23800,PE,420.7,429.56,424.06,425.41,0,54539,0.171
2025-08-28 09:05:00,23850,CE,446.53,443.28,439.0,440.17,0,49964,0.1738
2025-08-28 09:05:00,23850,PE,489.24,500.61,488.69,488.81,0,48724,0.1742
2025-08-28 09:05:00,23900,CE,410.72,411.48,403.36,406.31,0,43983,0.1687
2025-08-28 09:05:00,23900,PE,549.26,543.15,531.49,540.01,0,43406,0.1678
2025-08-28 09:05:00,23950,CE,424.67,433.14,427.7,428.0,0,39351,0.1713
2025-08-28 09:05:00,23950,PE,587.19,592.17,582.87,590.93,0,39779,0.1763
2025-08-28 09:05:00,24000,CE,433.87,445.6,438.12,439.35,0,35632,0.1724
2025-08-28 09:05:00,24000,PE,619.58,622.14,617.29,621.54,0,36686,0.1728
2025-08-28 09:05:00,24050,CE,418.13,425.52,413.32,415.53,0,33380,0.1741
2025-08-28 09:05:00,24050,PE,660.17,669.73,664.2,667.63,0,33364,0.1699
2025-08-28 09:05:00,24100,CE,445.09,451.56,442.79,444.52,0,33008,0.17
2025-08-28 09:05:00,24100,PE,731.39,741.43,722.46,724.83,0,29867,0.1688
2025-08-28 09:05:00,24150,CE,418.19,424.82,417.64,421.6,0,30777,0.1739
2025-08-28 09:05:00,24150,PE,768.12,778.9,761.06,765.75,0,28137,0.1692
2025-08-28 09:05:00,24200,CE,464.17,466.7,462.06,464.59,0,27236,0.1723
2025-08-28 09:05:00,24200,PE,824.61,838.55,817.21,824.63,0,28618,0.1694
2025-08-28 09:05:00,24250,CE,405.69,409.82,400.85,403.84,0,27793,0.1696
2025-08-28 09:05:00,24250,PE,872.65,870.2,863.53,865.19,0,27380,0.1691
2025-08-28 09:05:00,24300,CE,408.87,411.19,401.48,403.88,0,25635,0.1691
2025-08-28 09:05:00,24300,PE,911.8,935.24,912.98,917.82,0,24312,0.1728
2025-08-28 09:05:00,24350,CE,444.0,444.84,439.57,443.42,0,22910,0.1738
2025-08-28 09:05:00,24350,PE,992.67,1039.96,998.13,1004.05,0,22781,0.1725
2025-08-28 09:05:00,24400,CE,436.25,431.53,426.92,431.22,0,23655,0.1737
2025-08-28 09:05:00,24400,PE,1017.82,1044.77,1023.68,1038.2,0,22751,0.1738
2025-08-28 09:05:00,24450,CE,406.29,404.14,397.6,400.48,0,19541,0.1722
2025-08-28 09:05:00,24450,PE,1084.6,1101.16,1075.03,1081.88,0,19371,0.1726
2025-08-28 09:05:00,24500,CE,430.97,440.3,432.25,435.03,0,18825,0.178
2025-08-28 09:05:00,24500,PE,1151.06,1150.46,1131.71,1137.95,0,20618,0.1724
2025-08-28 09:05:00,24550,CE,438.2,443.95,434.49,440.12,0,21399,0.1717
2025-08-28 09:05:00,24550,PE,1167.29,1179.44,1168.74,1171.88,0,19351,0.1736
2025-08-28 09:05:00,24600,CE,455.96,452.98,443.93,449.54,0,17667,0.1706
2025-08-28 09:05:00,24600,PE,1286.56,1271.5,1249.54,1269.37,0,18449,0.1735
2025-08-28 09:05:00,24650,CE,449.98,459.55,454.01,454.35,0,18782,0.173
2025-08-28 09:05:00,24650,PE,1329.25,1348.42,1321.22,1323.55,0,15955,0.1706
2025-08-28 09:05:00,24700,CE,435.54,440.55,435.66,436.49,0,17900,0.1723
2025-08-28 09:05:00,24700,PE,1347.04,1373.17,1335.27,1346.91,0,19044,0.1739
2025-08-28 09:05:00,24750,CE,430.55,441.05,429.07,431.24,0,18379,0.1724
2025-08-28 09:05:00,24750,PE,1367.15,1366.82,1351.17,1361.05,0,15339,0.1694
2025-08-28 09:05:00,24800,CE,435.9,435.84,426.45,431.17,0,17987,0.1715
2025-08-28 09:05:00,24800,PE,1437.66,1454.98,1424.16,1431.72,0,14514,0.1706
2025-08-28 09:05:00,24850,CE,423.37,427.91,423.72,424.78,0,15400,0.1758
2025-08-28 09:05:00,24850,PE,1519.84,1532.92,1497.82,1517.26,0,15062,0.1728
2025-08-28 09:05:00,24900,CE,425.0,427.59,418.45,423.42,0,15687,0.1719
2025-08-28 09:05:00,24900,PE,1536.36,1545.45,1513.21,1519.64,0,16125,0.1705
2025-08-28 09:10:00,23500,CE,705.57,713.19,707.27,709.03,0,32866,0.1729
2025-08-28 09:10:00,23500,PE,440.88,449.6,441.82,446.17,0,33488,0.1717
2025-08-28 09:10:00,23550,CE,648.09,664.29,647.06,654.79,0,36826,0.1722
2025-08-28 09:10:00,23550,PE,446.08,464.2,443.98,445.94,0,34945,0.173
2025-08-28 09:10:00,23600,CE,622.33,623.21,620.32,622.84,0,38083,0.1722
2025-08-28 09:10:00,23600,PE,425.3,432.25,422.61,425.91,0,37970,0.1731
2025-08-28 09:10:00,23650,CE,585.22,579.53,578.42,578.62,0,40239,0.1727
2025-08-28 09:10:00,23650,PE,422.17,425.17,420.25,422.34,0,40987,0.1717
2025-08-28 09:10:00,23700,CE,493.67,492.29,487.68,489.82,0,45467,0.17
2025-08-28 09:10:00,23700,PE,431.57,429.5,423.61,425.37,0,43331,0.172
2025-08-28 09:10:00,23750,CE,499.92,506.9,494.68,498.69,0,49752,0.1762
2025-08-28 09:10:00,23750,PE,402.92,407.42,401.05,403.88,0,49293,0.1729
2025-08-28 09:10:00,23800,CE,411.63,414.33,407.23,414.0,0,54374,0.1699
2025-08-28 09:10:00,23800,PE,431.32,432.05,427.79,431.63,0,53265,0.1706
2025-08-28 09:10:00,23850,CE,455.87,450.71,446.88,449.69,0,46620,0.1684
2025-08-28 09:10:00,23850,PE,484.43,496.21,472.99,483.21,0,48293,0.1732
2025-08-28 09:10:00,23900,CE,435.48,442.14,434.62,435.58,0,43357,0.1717
2025-08-28 09:10:00,23900,PE,527.52,527.38,520.9,522.52,0,44148,0.1684
2025-08-28 09:10:00,23950,CE,434.84,433.95,428.07,432.94,0,40709,0.1738
2025-08-28 09:10:00,23950,PE,612.6,617.07,605.29,607.91,0,41689,0.1711
2025-08-28 09:10:00,24000,CE,427.67,437.64,425.1,427.8,0,37041,0.1743
2025-08-28 09:10:00,24000,PE,660.33,664.08,648.0,653.92,0,36598,0.1731
2025-08-28 09:10:00,24050,CE,434.63,436.34,432.72,434.01,0,32987,0.1742
2025-08-28 09:10:00,24050,PE,719.41,717.07,704.59,712.01,0,34553,0.1734
2025-08-28 09:10:00,24100,CE,455.94,460.31,451.73,453.7,0,31185,0.1729
2025-08-28 09:10:00,24100,PE,766.13,772.76,758.44,759.87,0,33378,0.1746
2025-08-28 09:10:00,24150,CE,430.04,434.87,433.21,434.48,0,30247,0.1711
2025-08-28 09:10:00,24150,PE,776.13,790.4,767.89,778.95,0,28620,0.1715
2025-08-28 09:10:00,24200,CE,409.15,408.91,406.64,407.77,0,29476,0.1689
2025-08-28 09:10:00,24200,PE,854.99,866.44,855.1,864.4,0,27535,0.1714
2025-08-28 09:10:00,24250,CE,417.57,421.68,418.45,420.84,0,26620,0.1709
2025-08-28 09:10:00,24250,PE,864.97,883.18,859.6,873.38,0,27023,0.1708
2025-08-28 09:10:00,24300,CE,424.26,423.2,416.16,420.33,0,25345,0.1695
2025-08-28 09:10:00,24300,PE,931.85,950.23,933.65,940.11,0,24990,0.17
2025-08-28 09:10:00,24350,CE,448.72,462.4,446.69,449.35,0,24396,0.1697
2025-08-28 09:10:00,24350,PE,981.32,989.56,979.59,988.04,0,25036,0.1737
2025-08-28 09:10:00,24400,CE,478.8,491.26,467.96,477.95,0,20975,0.1738
2025-08-28 09:10:00,24400,PE,1068.28,1065.06,1045.53,1050.94,0,22585,0.1754
2025-08-28 09:10:00,24450,CE,414.56,422.0,410.18,416.9,0,21711,0.1706
2025-08-28 09:10:00,24450,PE,1104.75,1116.15,1103.17,1106.71,0,22973,0.1688
2025-08-28 09:10:00,24500,CE,423.26,429.57,426.62,426.94,0,20643,0.1726
2025-08-28 09:10:00,24500,PE,1152.65,1160.62,1146.06,1159.83,0,18934,0.1704
2025-08-28 09:10:00,24550,CE,446.64,447.28,439.29,442.63,0,20525,0.1738
2025-08-28 09:10:00,24550,PE,1148.36,1152.11,1142.2,1151.31,0,20689,0.1699
2025-08-28 09:10:00,24600,CE,437.8,433.15,429.14,431.69,0,20037,0.1726
2025-08-28 09:10:00,24600,PE,1220.03,1221.5,1214.09,1216.13,0,17535,0.1696
2025-08-28 09:10:00,24650,CE,463.65,467.78,459.78,463.4,0,16552,0.1752
2025-08-28 09:10:00,24650,PE,1244.79,1288.9,1258.58,1280.26,0,16146,0.1698
2025-08-28 09:10:00,24700,CE,464.99,473.8,463.51,468.67,0,16985,0.1733
2025-08-28 09:10:00,24700,PE,1328.24,1365.83,1337.62,1340.2,0,15719,0.1698
2025-08-28 09:10:00,24750,CE,384.71,395.32,387.86,391.46,0,17707,0.1719
2025-08-28 09:10:00,24750,PE,1356.93,1369.14,1357.75,1363.38,0,16968,0.1694
2025-08-28 09:10:00,24800,CE,383.41,392.81,376.32,382.94,0,15324,0.1711
2025-08-28 09:10:00,24800,PE,1417.55,1425.78,1408.97,1424.74,0,15226,0.1723
2025-08-28 09:10:00,24850,CE,443.81,446.46,438.37,440.35,0,15316,0.1711
2025-08-28 09:10:00,24850,PE,1492.14,1533.82,1489.85,1494.17,0,14094,0.1742
2025-08-28 09:10:00,24900,CE,432.69,432.11,429.11,429.98,0,14676,0.1713
2025-08-28 09:10:00,24900,PE,1502.94,1548.08,1520.4,1523.47,0,15526,0.1708
2025-08-28 09:15:00,23500,CE,694.66,701.45,692.07,694.8,401,45568,0.155
2025-08-28 09:15:00,23500,PE,392.87,396.21,391.14,395.81,708,44924,0.157
2025-08-28 09:15:00,23550,CE,605.62,609.77,599.27,600.77,129,49566,0.1509
2025-08-28 09:15:00,23550,PE,393.03,399.67,392.11,394.72,174,51520,0.157
2025-08-28 09:15:00,23600,CE,578.54,591.94,573.13,581.68,174,55066,0.1499
2025-08-28 09:15:00,23600,PE,378.76,385.93,380.77,382.42,474,53689,0.1536
2025-08-28 09:15:00,23650,CE,560.5,557.39,542.68,552.15,1018,60867,0.157
2025-08-28 09:15:00,23650,PE,365.73,375.12,365.69,366.65,212,61107,0.1506
2025-08-28 09:15:00,23700,CE,495.77,516.23,496.93,503.63,430,64525,0.1542
2025-08-28 09:15:00,23700,PE,415.99,418.85,410.49,411.57,1078,63166,0.1528
2025-08-28 09:15:00,23750,CE,447.0,450.94,441.94,445.48,627,70819,0.158
2025-08-28 09:15:00,23750,PE,372.94,381.75,375.0,378.91,851,73962,0.1543
2025-08-28 09:15:00,23800,CE,382.57,380.0,370.09,375.34,1030,85761,0.1541
2025-08-28 09:15:00,23800,PE,407.0,411.8,406.08,408.29,1252,80375,0.1571
2025-08-28 09:15:00,23850,CE,399.53,395.82,393.57,395.81,343,76033,0.1533
2025-08-28 09:15:00,23850,PE,424.79,431.38,424.36,425.35,728,74215,0.1543
2025-08-28 09:15:00,23900,CE,408.33,411.66,402.91,408.52,724,67773,0.1534
2025-08-28 09:15:00,23900,PE,451.44,456.9,446.09,449.16,625,69723,0.1578
2025-08-28 09:15:00,23950,CE,409.8,410.01,402.0,408.86,464,62536,0.1546
2025-08-28 09:15:00,23950,PE,525.2,538.19,526.22,528.06,837,63642,0.1551
2025-08-28 09:15:00,24000,CE,380.74,381.15,375.24,377.96,683,55185,0.1548
2025-08-28 09:15:00,24000,PE,569.94,571.96,566.78,568.77,18,56258,0.1514
2025-08-28 09:15:00,24050,CE,393.59,393.95,390.09,392.03,515,53056,0.1534
2025-08-28 09:15:00,24050,PE,629.89,627.28,623.68,624.33,579,51850,0.1508
2025-08-28 09:15:00,24100,CE,380.9,380.87,373.29,375.44,800,49547,0.1516
2025-08-28 09:15:00,24100,PE,679.4,678.0,674.94,677.37,204,45235,0.1545
2025-08-28 09:15:00,24150,CE,381.95,382.57,374.78,381.73,635,41227,0.1537
2025-08-28 09:15:00,24150,PE,744.62,746.66,731.45,737.65,663,41312,0.1575
2025-08-28 09:15:00,24200,CE,391.34,394.46,393.01,393.51,279,42634,0.1522
2025-08-28 09:15:00,24200,PE,784.74,798.81,782.11,787.51,113,37837,0.1541
2025-08-28 09:15:00,24250,CE,372.16,374.89,370.23,370.31,529,39844,0.1501
2025-08-28 09:15:00,24250,PE,802.26,812.82,808.8,810.45,526,37769,0.1537
2025-08-28 09:15:00,24300,CE,375.83,383.71,378.96,382.76,498,36896,0.1549
2025-08-28 09:15:00,24300,PE,878.58,887.96,869.36,876.09,252,37222,0.1571
2025-08-28 09:15:00,24350,CE,398.75,405.12,401.48,402.19,126,33307,0.1528
2025-08-28 09:15:00,24350,PE,945.98,951.17,939.84,946.01,506,31637,0.153
2025-08-28 09:15:00,24400,CE,380.44,380.38,374.6,377.82,247,32683,0.1525
2025-08-28 09:15:00,24400,PE,959.77,970.15,956.16,962.78,347,34721,0.1527
2025-08-28 09:15:00,24450,CE,363.06,368.73,364.99,365.92,362,27535,0.153
2025-08-28 09:15:00,24450,PE,1059.79,1057.91,1050.71,1055.92,540,28743,0.1548
2025-08-28 09:15:00,24500,CE,424.76,430.31,420.97,421.11,309,31180,0.1554
2025-08-28 09:15:00,24500,PE,1074.63,1062.58,1060.27,1061.54,316,26352,0.1516
2025-08-28 09:15:00,24550,CE,394.55,398.09,389.78,391.47,177,24678,0.1528
2025-08-28 09:15:00,24550,PE,1123.72,1159.53,1119.28,1126.36,211,29884,0.1532
2025-08-28 09:15:00,24600,CE,373.21,373.64,369.08,373.5,126,28024,0.1546
2025-08-28 09:15:00,24600,PE,1183.78,1195.86,1179.49,1195.81,27,24939,0.1538
2025-08-28 09:15:00,24650,CE,358.01,372.86,357.36,361.21,258,28113,0.1528
2025-08-28 09:15:00,24650,PE,1236.36,1241.36,1224.4,1226.08,279,26589,0.1519
2025-08-28 09:15:00,24700,CE,393.3,398.27,390.07,391.06,331,22015,0.1527
2025-08-28 09:15:00,24700,PE,1256.92,1263.4,1254.38,1262.47,410,24064,0.1546
2025-08-28 09:15:00,24750,CE,402.59,402.03,394.91,398.82,131,25556,0.15
2025-08-28 09:15:00,24750,PE,1357.4,1364.64,1335.36,1348.86,204,24372,0.1548
2025-08-28 09:15:00,24800,CE,389.26,386.01,381.98,385.67,149,23014,0.1526
2025-08-28 09:15:00,24800,PE,1364.29,1375.55,1371.75,1372.53,65,22001,0.1522
2025-08-28 09:15:00,24850,CE,368.12,374.03,371.25,371.44,174,20184,0.1523
2025-08-28 09:15:00,24850,PE,1419.42,1424.02,1408.92,1420.17,346,22377,0.1534
2025-08-28 09:15:00,24900,CE,413.18,427.58,412.65,412.96,318,18870,0.1529
2025-08-28 09:15:00,24900,PE,1466.06,1472.69,1439.03,1462.28,157,22806,0.1527
2025-08-28 09:20:00,23500,CE,628.49,625.88,620.31,622.68,166,45219,0.1534
2025-08-28 09:20:00,23500,PE,413.8,418.02,411.5,412.69,872,44468,0.1573
2025-08-28 09:20:00,23550,CE,575.39,579.42,573.57,577.98,486,49052,0.1552
2025-08-28 09:20:00,23550,PE,365.15,368.49,363.67,366.64,365,51897,0.1559
2025-08-28 09:20:00,23600,CE,544.72,560.44,550.89,551.61,435,55027,0.1544
2025-08-28 09:20:00,23600,PE,396.69,406.3,394.22,394.91,1067,53567,0.1518
2025-08-28 09:20:00,23650,CE,487.95,491.7,485.38,489.15,799,60892,0.157
2025-08-28 09:20:00,23650,PE,377.31,379.98,373.15,378.09,952,61211,0.1513
2025-08-28 09:20:00,23700,CE,427.12,429.94,419.28,425.04,1265,64981,0.155
2025-08-28 09:20:00,23700,PE,369.5,369.96,362.73,367.38,1497,62978,0.1559
2025-08-28 09:20:00,23750,CE,389.62,394.6,391.27,392.12,341,70443,0.1511
2025-08-28 09:20:00,23750,PE,407.71,410.08,404.39,404.59,1415,74404,0.1517
2025-08-28 09:20:00,23800,CE,361.98,367.42,361.19,361.5,389,85737,0.152
2025-08-28 09:20:00,23800,PE,424.55,430.86,424.21,425.19,54,80470,0.154
2025-08-28 09:20:00,23850,CE,372.86,381.72,377.48,379.53,938,75622,0.1514
2025-08-28 09:20:00,23850,PE,514.02,507.35,505.9,506.47,1233,74649,0.1531
2025-08-28 09:20:00,23900,CE,397.8,397.35,395.76,396.97,1124,68299,0.1527
2025-08-28 09:20:00,23900,PE,533.53,543.92,536.66,540.78,114,69660,0.1521
2025-08-28 09:20:00,23950,CE,386.83,388.18,385.96,386.93,456,61960,0.1535
2025-08-28 09:20:00,23950,PE,573.78,583.9,574.64,578.32,983,63074,0.1553
2025-08-28 09:20:00,24000,CE,375.47,384.53,367.46,377.87,665,54947,0.1499
2025-08-28 09:20:00,24000,PE,653.59,655.92,645.84,649.26,574,56248,0.1547
2025-08-28 09:20:00,24050,CE,351.84,354.29,350.61,353.42,202,52975,0.155
2025-08-28 09:20:00,24050,PE,686.62,700.1,681.55,689.0,618,51932,0.153
2025-08-28 09:20:00,24100,CE,387.79,391.75,381.02,385.86,189,49255,0.153
2025-08-28 09:20:00,24100,PE,730.44,751.15,726.02,732.62,559,44886,0.1556
2025-08-28 09:20:00,24150,CE,379.45,384.22,372.01,377.78,445,41795,0.1542
2025-08-28 09:20:00,24150,PE,764.62,766.0,752.96,764.01,430,41048,0.1529
2025-08-28 09:20:00,24200,CE,354.45,358.65,354.3,356.69,464,43169,0.1552
2025-08-28 09:20:00,24200,PE,838.57,835.43,826.34,834.85,450,37922,0.1511
2025-08-28 09:20:00,24250,CE,392.97,389.33,384.79,386.04,399,39327,0.1569
2025-08-28 09:20:00,24250,PE,857.11,856.24,849.32,855.72,25,37883,0.1482
2025-08-28 09:20:00,24300,CE,393.25,393.95,386.61,391.31,294,37478,0.156
2025-08-28 09:20:00,24300,PE,919.37,938.25,909.88,924.98,293,37629,0.1543
2025-08-28 09:20:00,24350,CE,345.46,355.76,346.99,347.63,379,33071,0.151
2025-08-28 09:20:00,24350,PE,986.83,1009.32,985.22,991.8,493,31151,0.1522
2025-08-28 09:20:00,24400,CE,381.48,383.25,380.5,382.76,378,32635,0.1492
2025-08-28 09:20:00,24400,PE,1052.25,1063.15,1048.2,1060.03,392,34239,0.1555
2025-08-28 09:20:00,24450,CE,380.72,387.49,375.73,378.35,110,27292,0.1546
2025-08-28 09:20:00,24450,PE,1100.18,1102.21,1086.17,1099.15,293,29244,0.152
2025-08-28 09:20:00,24500,CE,379.94,388.69,371.46,379.25,442,31364,0.1535
2025-08-28 09:20:00,24500,PE,1127.84,1149.77,1124.95,1125.15,62,26692,0.1546
2025-08-28 09:20:00,24550,CE,409.0,406.54,403.74,404.36,395,24726,0.154
2025-08-28 09:20:00,24550,PE,1170.07,1176.57,1167.71,1172.93,37,29485,0.1538
2025-08-28 09:20:00,24600,CE,374.59,375.88,372.44,375.62,359,27604,0.1509
2025-08-28 09:20:00,24600,PE,1228.37,1227.19,1219.67,1222.35,155,25257,0.154
2025-08-28 09:20:00,24650,CE,348.99,358.71,348.04,351.06,70,28028,0.1497
2025-08-28 09:20:00,24650,PE,1258.95,1313.97,1259.49,1279.93,293,26588,0.1552
2025-08-28 09:20:00,24700,CE,412.49,413.48,405.97,408.84,358,21629,0.153
2025-08-28 09:20:00,24700,PE,1325.87,1356.15,1314.07,1323.23,236,23898,0.1523
2025-08-28 09:20:00,24750,CE,364.99,365.14,363.52,363.78,222,25114,0.1531
2025-08-28 09:20:00,24750,PE,1400.2,1402.91,1381.14,1381.46,271,24017,0.1567
2025-08-28 09:20:00,24800,CE,381.81,387.3,380.41,383.41,306,23480,0.1572
2025-08-28 09:20:00,24800,PE,1447.26,1461.65,1447.13,1454.85,132,22261,0.1553
2025-08-28 09:20:00,24850,CE,383.95,395.22,389.95,390.91,201,20606,0.1565
2025-08-28 09:20:00,24850,PE,1510.5,1514.32,1489.77,1505.79,336,22826,0.1531
2025-08-28 09:20:00,24900,CE,361.54,364.95,363.41,363.45,95,18977,0.1498
2025-08-28 09:20:00,24900,PE,1516.8,1562.21,1517.67,1535.15,37,22571,0.1543
2025-08-28 09:25:00,23500,CE,597.3,614.65,599.71,605.84,364,45210,0.1572
2025-08-28 09:25:00,23500,PE,389.29,399.54,386.92,388.23,815,43890,0.1526
2025-08-28 09:25:00,23550,CE,579.38,577.95,571.24,575.61,542,49432,0.1561
2025-08-28 09:25:00,23550,PE,369.31,375.83,373.28,373.68,263,52260,0.1535
2025-08-28 09:25:00,23600,CE,547.18,548.91,544.54,547.19,112,55036,0.154
2025-08-28 09:25:00,23600,PE,393.05,397.17,387.88,389.43,1197,53420,0.1557
2025-08-28 09:25:00,23650,CE,474.97,491.3,476.67,477.64,892,60499,0.1537
2025-08-28 09:25:00,23650,PE,379.36,379.16,375.51,378.24,595,60701,0.1524
2025-08-28 09:25:00,23700,CE,409.37,418.45,411.58,412.4,208,64770,0.1548
2025-08-28 09:25:00,23700,PE,396.48,395.68,389.08,392.03,1573,63502,0.1553
2025-08-28 09:25:00,23750,CE,376.82,376.11,370.78,375.02,125,69925,0.1514
2025-08-28 09:25:00,23750,PE,388.78,383.1,382.01,382.44,1178,74942,0.1547
2025-08-28 09:25:00,23800,CE,393.46,399.62,394.04,395.96,747,85771,0.1565
2025-08-28 09:25:00,23800,PE,442.21,447.18,441.09,442.7,883,80399,0.1549
2025-08-28 09:25:00,23850,CE,378.65,379.7,375.26,377.97,950,75169,0.154
2025-08-28 09:25:00,23850,PE,492.09,499.31,491.47,493.5,94,74134,0.1575
2025-08-28 09:25:00,23900,CE,391.08,385.75,383.87,385.47,264,68352,0.1545
2025-08-28 09:25:00,23900,PE,545.42,544.82,539.67,540.57,309,69778,0.1534
2025-08-28 09:25:00,23950,CE,367.47,370.61,367.0,367.13,35,61880,0.1531
2025-08-28 09:25:00,23950,PE,605.82,614.47,609.34,609.9,163,62818,0.1539
2025-08-28 09:25:00,24000,CE,384.11,383.52,378.76,380.11,599,54362,0.1502
2025-08-28 09:25:00,24000,PE,650.45,672.46,648.61,651.98,711,55968,0.1556
2025-08-28 09:25:00,24050,CE,384.16,388.12,379.77,385.24,726,53232,0.1564
2025-08-28 09:25:00,24050,PE,710.75,727.55,703.27,708.31,762,52059,0.15
2025-08-28 09:25:00,24100,CE,379.43,381.94,372.7,379.97,325,48844,0.1529
2025-08-28 09:25:00,24100,PE,761.85,763.01,749.83,757.71,68,45238,0.1539
2025-08-28 09:25:00,24150,CE,378.41,383.13,378.25,380.6,468,41373,0.1563
2025-08-28 09:25:00,24150,PE,817.38,832.95,821.75,824.28,79,41402,0.1509
2025-08-28 09:25:00,24200,CE,389.26,399.44,389.63,391.65,50,43184,0.1555
2025-08-28 09:25:00,24200,PE,864.1,869.67,861.49,862.32,225,38182,0.1516
2025-08-28 09:25:00,24250,CE,397.34,406.6,402.75,402.8,46,38826,0.1552
2025-08-28 09:25:00,24250,PE,928.73,924.69,914.96,922.76,96,38172,0.1539
2025-08-28 09:25:00,24300,CE,387.77,386.73,382.64,385.52,424,37743,0.1555
2025-08-28 09:25:00,24300,PE,952.11,963.67,938.62,954.29,344,37239,0.1545
2025-08-28 09:25:00,24350,CE,362.01,364.33,361.96,362.35,134,32636,0.1548
2025-08-28 09:25:00,24350,PE,998.85,1002.95,994.99,1000.37,78,31449,0.1513
2025-08-28 09:25:00,24400,CE,362.02,360.95,357.14,360.32,246,32534,0.1492
2025-08-28 09:25:00,24400,PE,1068.79,1086.06,1078.36,1081.91,85,34416,0.1569
2025-08-28 09:25:00,24450,CE,387.19,391.74,388.95,389.97,419,26702,0.1534
2025-08-28 09:25:00,24450,PE,1061.79,1080.85,1068.45,1077.61,469,28864,0.1543
2025-08-28 09:25:00,24500,CE,398.23,395.34,389.02,394.15,436,31659,0.152
2025-08-28 09:25:00,24500,PE,1122.24,1134.42,1116.47,1121.26,427,26330,0.1538
2025-08-28 09:25:00,24550,CE,420.26,427.6,417.96,421.06,261,24222,0.1557
2025-08-28 09:25:00,24550,PE,1197.34,1221.78,1193.61,1202.52,208,29095,0.1537
2025-08-28 09:25:00,24600,CE,411.89,410.46,405.1,409.23,37,28002,0.1569
2025-08-28 09:25:00,24600,PE,1214.05,1222.02,1218.31,1220.28,332,25072,0.1482
2025-08-28 09:25:00,24650,CE,363.84,366.69,362.71,363.44,177,28064,0.1528
2025-08-28 09:25:00,24650,PE,1275.84,1299.13,1273.59,1281.95,256,26680,0.1513
2025-08-28 09:25:00,24700,CE,344.03,348.71,345.73,346.19,127,21476,0.1512
2025-08-28 09:25:00,24700,PE,1340.97,1363.5,1331.13,1347.12,397,23410,0.1535
2025-08-28 09:25:00,24750,CE,371.05,378.65,368.96,373.45,160,24822,0.15
2025-08-28 09:25:00,24750,PE,1383.17,1406.95,1383.33,1386.61,98,23606,0.1494
2025-08-28 09:25:00,24800,CE,395.15,400.5,390.97,394.13,42,23971,0.1524
2025-08-28 09:25:00,24800,PE,1455.01,1468.32,1456.87,1461.35,324,22549,0.1504
2025-08-28 09:25:00,24850,CE,392.04,395.64,386.14,387.36,333,20993,0.1549
2025-08-28 09:25:00,24850,PE,1553.56,1574.69,1533.18,1542.25,51,23200,0.1491
2025-08-28 09:25:00,24900,CE,373.23,374.81,370.06,371.19,280,18379,0.1551
2025-08-28 09:25:00,24900,PE,1541.04,1559.53,1546.23,1548.24,304,22869,0.1552
2025-08-28 09:30:00,23500,CE,608.73,605.28,596.31,602.02,997,45188,0.1564
2025-08-28 09:30:00,23500,PE,385.6,391.81,388.54,389.37,748,44219,0.1513
2025-08-28 09:30:00,23550,CE,551.98,561.74,552.3,556.16,748,49983,0.1578
2025-08-28 09:30:00,23550,PE,390.74,389.96,389.13,389.59,174,52089,0.1545
2025-08-28 09:30:00,23600,CE,501.91,504.56,495.03,503.98,138,55161,0.1536
2025-08-28 09:30:00,23600,PE,406.12,410.61,405.52,408.41,50,53185,0.1522
2025-08-28 09:30:00,23650,CE,463.12,469.48,459.06,459.7,1067,60971,0.1523
2025-08-28 09:30:00,23650,PE,362.19,370.25,360.61,363.09,337,60405,0.1525
2025-08-28 09:30:00,23700,CE,400.68,404.41,399.05,399.36,71,64591,0.1534
2025-08-28 09:30:00,23700,PE,389.49,400.65,392.71,393.4,1185,63967,0.1558
2025-08-28 09:30:00,23750,CE,394.84,401.54,384.24,394.44,699,69446,0.1541
2025-08-28 09:30:00,23750,PE,406.27,406.73,402.04,405.94,540,74934,0.1534
2025-08-28 09:30:00,23800,CE,346.69,348.42,347.07,347.8,857,85868,0.1525
2025-08-28 09:30:00,23800,PE,441.51,452.59,439.49,445.6,1124,80493,0.1534
2025-08-28 09:30:00,23850,CE,386.98,393.95,379.86,380.23,507,74713,0.153
2025-08-28 09:30:00,23850,PE,494.55,516.88,496.4,497.94,1150,73581,0.1534
2025-08-28 09:30:00,23900,CE,373.14,373.78,368.12,371.03,371,68251,0.1561
2025-08-28 09:30:00,23900,PE,542.31,545.59,533.63,540.17,975,69722,0.1499
2025-08-28 09:30:00,23950,CE,369.85,370.21,365.03,368.24,416,62411,0.1558
2025-08-28 09:30:00,23950,PE,597.21,615.86,598.33,600.37,369,63124,0.1539
2025-08-28 09:30:00,24000,CE,378.14,383.84,378.54,381.82,43,54480,0.1522
2025-08-28 09:30:00,24000,PE,706.93,716.04,699.71,705.56,657,55620,0.1577
2025-08-28 09:30:00,24050,CE,395.17,407.89,397.04,398.57,628,53713,0.1549
2025-08-28 09:30:00,24050,PE,719.4,728.34,709.85,723.88,56,51691,0.1557
2025-08-28 09:30:00,24100,CE,393.75,392.8,392.24,392.7,120,49380,0.1541
2025-08-28 09:30:00,24100,PE,772.47,793.5,762.19,772.13,230,45773,0.1535
2025-08-28 09:30:00,24150,CE,373.54,373.45,370.02,372.82,275,41946,0.154
2025-08-28 09:30:00,24150,PE,809.93,804.78,795.16,803.88,402,41141,0.1558
2025-08-28 09:30:00,24200,CE,373.72,377.07,373.19,376.52,341,42748,0.1539
2025-08-28 09:30:00,24200,PE,881.17,884.43,872.87,879.32,140,38336,0.1554
2025-08-28 09:30:00,24250,CE,401.5,397.75,395.26,397.26,469,38733,0.1546
2025-08-28 09:30:00,24250,PE,885.1,903.25,889.43,890.89,531,38038,0.1518
2025-08-28 09:30:00,24300,CE,386.64,384.39,377.63,381.09,224,37810,0.1553
2025-08-28 09:30:00,24300,PE,977.41,980.78,967.55,971.86,235,37466,0.154
2025-08-28 09:30:00,24350,CE,395.59,395.69,383.81,392.95,497,32434,0.1565
2025-08-28 09:30:00,24350,PE,995.53,1011.39,989.19,994.6,273,31251,0.1546
2025-08-28 09:30:00,24400,CE,384.39,391.22,380.06,385.25,311,32666,0.152
2025-08-28 09:30:00,24400,PE,1090.69,1094.43,1061.38,1071.37,240,33901,0.1533
2025-08-28 09:30:00,24450,CE,380.36,383.38,371.5,375.6,460,26941,0.1519
2025-08-28 09:30:00,24450,PE,1074.47,1110.59,1078.38,1084.47,360,29222,0.153
2025-08-28 09:30:00,24500,CE,408.24,411.03,402.22,409.62,19,32114,0.1574
2025-08-28 09:30:00,24500,PE,1184.22,1186.05,1177.13,1184.66,47,26634,0.1543
2025-08-28 09:30:00,24550,CE,375.67,377.31,373.54,376.87,431,24230,0.1513
2025-08-28 09:30:00,24550,PE,1243.29,1238.18,1235.59,1237.32,325,29543,0.155
2025-08-28 09:30:00,24600,CE,368.85,370.63,368.48,370.51,247,27991,0.1523
2025-08-28 09:30:00,24600,PE,1249.44,1250.16,1243.1,1244.65,350,25416,0.152
2025-08-28 09:30:00,24650,CE,353.43,352.23,350.36,351.19,40,27540,0.1513
2025-08-28 09:30:00,24650,PE,1326.88,1318.09,1297.79,1302.48,297,26930,0.1527
2025-08-28 09:30:00,24700,CE,377.39,376.66,368.14,373.28,324,20976,0.1544
2025-08-28 09:30:00,24700,PE,1373.1,1381.57,1361.83,1378.36,67,22843,0.154
2025-08-28 09:30:00,24750,CE,374.42,390.83,377.32,381.19,112,24824,0.1552
2025-08-28 09:30:00,24750,PE,1402.33,1417.36,1394.67,1402.85,142,23149,0.1526
2025-08-28 09:30:00,24800,CE,388.02,380.63,375.72,380.36,206,23761,0.1543
2025-08-28 09:30:00,24800,PE,1476.34,1483.17,1454.94,1464.37,110,22878,0.1541
2025-08-28 09:30:00,24850,CE,369.41,371.45,361.16,367.62,117,21053,0.1524
2025-08-28 09:30:00,24850,PE,1518.31,1510.39,1486.71,1508.69,29,23480,0.1538
2025-08-28 09:30:00,24900,CE,375.5,376.19,368.13,372.61,188,18719,0.154
2025-08-28 09:30:00,24900,PE,1540.59,1599.09,1523.2,1551.03,107,22845,0.1535
2025-08-28 09:35:00,23500,CE,647.8,650.18,636.16,642.18,400,45770,0.1552
2025-08-28 09:35:00,23500,PE,381.58,386.44,378.31,383.61,106,43861,0.1559
2025-08-28 09:35:00,23550,CE,599.48,600.49,595.36,598.16,976,49484,0.1532
2025-08-28 09:35:00,23550,PE,423.35,433.72,427.63,429.14,291,51871,0.1551
2025-08-28 09:35:00,23600,CE,543.56,558.73,551.29,554.19,884,55476,0.1555
2025-08-28 09:35:00,23600,PE,381.44,390.44,377.27,380.55,973,52700,0.1527
2025-08-28 09:35:00,23650,CE,489.17,497.13,491.41,494.95,287,60931,0.1512
2025-08-28 09:35:00,23650,PE,393.25,401.9,394.15,396.59,925,60490,0.1561
2025-08-28 09:35:00,23700,CE,499.95,515.35,497.44,502.7,764,64960,0.157
2025-08-28 09:35:00,23700,PE,395.13,402.22,394.61,399.47,304,64382,0.1551
2025-08-28 09:35:00,23750,CE,440.35,438.52,433.48,436.32,1118,69132,0.1553
2025-08-28 09:35:00,23750,PE,374.59,385.98,372.09,377.35,752,74662,0.1532
2025-08-28 09:35:00,23800,CE,425.59,425.92,415.05,420.53,518,86088,0.1583
2025-08-28 09:35:00,23800,PE,406.76,415.69,398.84,410.35,510,80924,0.1549
2025-08-28 09:35:00,23850,CE,402.43,412.57,402.66,406.07,157,74315,0.1536
2025-08-28 09:35:00,23850,PE,497.41,506.44,499.33,499.98,1274,73848,0.1538
2025-08-28 09:35:00,23900,CE,403.4,399.1,393.38,397.04,548,67936,0.1554
2025-08-28 09:35:00,23900,PE,538.28,543.49,529.98,536.63,326,69338,0.1499
2025-08-28 09:35:00,23950,CE,337.32,346.84,338.72,340.79,978,62216,0.1516
2025-08-28 09:35:00,23950,PE,594.21,594.3,589.04,592.05,1021,63477,0.155
2025-08-28 09:35:00,24000,CE,352.49,356.63,347.29,349.73,362,54771,0.1519
2025-08-28 09:35:00,24000,PE,586.16,588.83,580.66,585.49,477,55594,0.151
2025-08-28 09:35:00,24050,CE,391.65,396.92,395.29,395.37,691,53970,0.1542
2025-08-28 09:35:00,24050,PE,706.51,712.75,708.11,710.42,207,51578,0.157
2025-08-28 09:35:00,24100,CE,360.07,360.75,353.73,357.77,768,49032,0.1519
2025-08-28 09:35:00,24100,PE,698.47,711.41,685.65,692.69,589,46184,0.1498
2025-08-28 09:35:00,24150,CE,397.6,402.7,397.98,399.32,460,41410,0.1541
2025-08-28 09:35:00,24150,PE,748.21,755.59,748.77,753.76,647,41622,0.1534
2025-08-28 09:35:00,24200,CE,371.14,374.34,368.69,370.38,458,43094,0.154
2025-08-28 09:35:00,24200,PE,835.46,843.69,825.9,829.92,42,38604,0.1527
2025-08-28 09:35:00,24250,CE,368.28,375.09,365.76,370.61,531,38815,0.1573
2025-08-28 09:35:00,24250,PE,861.37,861.9,856.23,857.6,350,38410,0.1548
2025-08-28 09:35:00,24300,CE,399.0,407.41,396.22,399.43,412,37243,0.1553
2025-08-28 09:35:00,24300,PE,893.79,897.09,892.75,892.84,122,37575,0.1499
2025-08-28 09:35:00,24350,CE,414.81,421.53,416.18,417.66,356,32147,0.1555
2025-08-28 09:35:00,24350,PE,980.65,975.84,969.89,973.93,89,31418,0.1531
2025-08-28 09:35:00,24400,CE,355.37,356.69,349.76,354.72,176,32875,0.1544
2025-08-28 09:35:00,24400,PE,1028.05,1020.07,1014.86,1018.28,366,33558,0.1523
2025-08-28 09:35:00,24450,CE,390.58,392.6,389.76,392.58,401,26526,0.1521
2025-08-28 09:35:00,24450,PE,1086.14,1082.55,1064.13,1080.86,213,29326,0.1559
2025-08-28 09:35:00,24500,CE,384.25,389.08,381.71,382.73,440,32642,0.1552
2025-08-28 09:35:00,24500,PE,1078.37,1106.09,1070.39,1075.82,346,26830,0.1489
2025-08-28 09:35:00,24550,CE,402.89,400.08,392.39,396.98,240,24210,0.1544
2025-08-28 09:35:00,24550,PE,1150.06,1182.11,1139.17,1155.61,266,30065,0.1532
2025-08-28 09:35:00,24600,CE,405.54,409.76,404.02,404.75,296,28373,0.1537
2025-08-28 09:35:00,24600,PE,1223.72,1219.62,1215.02,1219.3,252,25695,0.1512
2025-08-28 09:35:00,24650,CE,406.79,408.71,402.8,407.02,367,27464,0.1542
2025-08-28 09:35:00,24650,PE,1236.92,1240.89,1213.15,1234.43,280,26919,0.1548
2025-08-28 09:35:00,24700,CE,375.92,383.07,371.22,376.35,214,20693,0.1532
2025-08-28 09:35:00,24700,PE,1306.33,1349.42,1314.83,1319.86,346,23223,0.1544
2025-08-28 09:35:00,24750,CE,371.12,376.34,370.56,374.14,366,24565,0.1561
2025-08-28 09:35:00,24750,PE,1377.65,1394.42,1356.17,1376.63,396,23393,0.1525
2025-08-28 09:35:00,24800,CE,381.62,391.76,387.14,387.63,134,24210,0.1532
2025-08-28 09:35:00,24800,PE,1413.32,1428.62,1398.1,1405.09,216,22940,0.1536
2025-08-28 09:35:00,24850,CE,394.24,397.69,393.12,395.7,279,20640,0.1545
2025-08-28 09:35:00,24850,PE,1470.98,1472.33,1443.9,1467.24,174,22909,0.1522
2025-08-28 09:35:00,24900,CE,397.73,394.88,392.87,393.12,154,18926,0.1535
2025-08-28 09:35:00,24900,PE,1537.04,1561.04,1516.31,1531.32,350,22514,0.1544
2025-08-28 09:40:00,23500,CE,682.52,688.94,678.13,679.26,765,45216,0.1547
2025-08-28 09:40:00,23500,PE,383.05,393.78,381.68,386.3,25,43672,0.1531
2025-08-28 09:40:00,23550,CE,659.4,669.32,657.89,659.46,287,49582,0.1562
2025-08-28 09:40:00,23550,PE,409.59,413.32,403.71,404.28,197,51932,0.1571
2025-08-28 09:40:00,23600,CE,575.49,582.3,576.3,577.03,1043,55076,0.1526
2025-08-28 09:40:00,23600,PE,398.85,398.27,390.25,396.08,465,52824,0.1556
2025-08-28 09:40:00,23650,CE,528.68,543.49,530.54,534.28,518,60823,0.151
2025-08-28 09:40:00,23650,PE,381.86,387.12,377.35,378.49,63,60463,0.1535
2025-08-28 09:40:00,23700,CE,478.75,478.08,473.89,477.39,1243,65409,0.1511
2025-08-28 09:40:00,23700,PE,391.67,395.05,390.35,391.92,1074,63876,0.1537
2025-08-28 09:40:00,23750,CE,418.71,426.04,418.94,420.81,215,69165,0.152
2025-08-28 09:40:00,23750,PE,397.67,402.37,393.81,395.27,478,74270,0.1542
2025-08-28 09:40:00,23800,CE,393.07,400.47,396.72,397.41,350,85707,0.1534
2025-08-28 09:40:00,23800,PE,401.16,402.85,393.29,398.87,188,81056,0.156
2025-08-28 09:40:00,23850,CE,386.12,392.48,384.71,388.22,636,74518,0.1531
2025-08-28 09:40:00,23850,PE,456.56,464.27,458.88,461.46,342,73975,0.1545
2025-08-28 09:40:00,23900,CE,402.14,403.42,398.61,403.27,258,68444,0.1535
2025-08-28 09:40:00,23900,PE,507.81,509.94,502.52,504.32,242,69691,0.1505
2025-08-28 09:40:00,23950,CE,382.68,384.07,375.84,381.88,798,61854,0.1552
2025-08-28 09:40:00,23950,PE,550.76,557.9,554.01,554.94,121,63640,0.1535
2025-08-28 09:40:00,24000,CE,370.47,375.25,373.02,373.29,61,54915,0.1556
2025-08-28 09:40:00,24000,PE,578.49,584.31,574.44,579.62,707,55769,0.1522
2025-08-28 09:40:00,24050,CE,395.26,392.73,386.61,389.26,916,53884,0.1498
2025-08-28 09:40:00,24050,PE,634.31,644.57,628.12,632.39,478,52115,0.1564
2025-08-28 09:40:00,24100,CE,374.06,378.53,377.41,377.96,739,48988,0.1528
2025-08-28 09:40:00,24100,PE,697.4,724.39,693.06,704.13,370,46531,0.1546
2025-08-28 09:40:00,24150,CE,408.78,411.97,404.07,407.83,452,41387,0.1586
2025-08-28 09:40:00,24150,PE,722.31,730.08,719.33,722.9,646,41966,0.1537
2025-08-28 09:40:00,24200,CE,382.07,393.24,381.21,381.49,310,42968,0.1555
2025-08-28 09:40:00,24200,PE,786.67,797.0,790.14,792.45,493,38004,0.148
2025-08-28 09:40:00,24250,CE,355.68,361.18,351.09,355.92,536,38814,0.1516
2025-08-28 09:40:00,24250,PE,820.77,820.76,817.75,818.82,597,38467,0.1518
2025-08-28 09:40:00,24300,CE,382.11,387.97,383.36,383.72,253,36781,0.1502
2025-08-28 09:40:00,24300,PE,872.68,887.75,872.91,876.88,11,37773,0.1488
2025-08-28 09:40:00,24350,CE,397.97,394.04,390.53,393.5,127,32571,0.1526
2025-08-28 09:40:00,24350,PE,942.83,946.52,926.58,934.91,301,31860,0.1557
2025-08-28 09:40:00,24400,CE,402.99,400.85,393.53,399.92,268,32727,0.1547
2025-08-28 09:40:00,24400,PE,961.78,978.32,964.53,968.05,87,33450,0.1539
2025-08-28 09:40:00,24450,CE,386.49,394.03,383.85,387.75,441,26956,0.1561
2025-08-28 09:40:00,24450,PE,1029.87,1037.64,1028.93,1032.03,260,29923,0.1515
2025-08-28 09:40:00,24500,CE,358.42,368.36,357.12,359.56,26,32105,0.1529
2025-08-28 09:40:00,24500,PE,1101.71,1115.74,1090.91,1096.72,38,26304,0.1512
2025-08-28 09:40:00,24550,CE,371.1,372.35,368.82,369.71,10,23675,0.1549
2025-08-28 09:40:00,24550,PE,1130.41,1136.99,1122.68,1128.73,387,30019,0.1522
2025-08-28 09:40:00,24600,CE,352.62,360.81,348.78,353.58,362,28714,0.1562
2025-08-28 09:40:00,24600,PE,1160.12,1165.18,1151.66,1164.95,321,25207,0.1501
2025-08-28 09:40:00,24650,CE,376.92,375.18,370.73,374.43,60,27690,0.151
2025-08-28 09:40:00,24650,PE,1235.18,1242.79,1222.62,1232.18,421,26524,0.1528
2025-08-28 09:40:00,24700,CE,380.19,382.3,377.25,378.19,270,20132,0.1502
2025-08-28 09:40:00,24700,PE,1294.6,1287.35,1266.62,1283.16,89,23337,0.1521
2025-08-28 09:40:00,24750,CE,383.62,385.79,383.22,385.69,267,24677,0.1516
2025-08-28 09:40:00,24750,PE,1357.72,1374.7,1352.72,1358.4,187,23132,0.1541
2025-08-28 09:40:00,24800,CE,359.54,366.45,362.95,363.55,312,23996,0.1512
2025-08-28 09:40:00,24800,PE,1400.36,1428.15,1408.55,1408.71,279,22764,0.1536
2025-08-28 09:40:00,24850,CE,387.02,387.38,382.81,387.38,196,21155,0.1568
2025-08-28 09:40:00,24850,PE,1441.01,1456.35,1440.58,1454.7,152,23348,0.1555
2025-08-28 09:40:00,24900,CE,411.03,418.87,409.45,411.61,27,18959,0.1496
2025-08-28 09:40:00,24900,PE,1493.94,1485.59,1478.49,1483.81,188,23070,0.1497
2025-08-28 09:45:00,23500,CE,718.2,725.83,718.04,719.77,222,45314,0.1557
2025-08-28 09:45:00,23500,PE,383.51,388.94,382.81,383.92,477,43193,0.1522
2025-08-28 09:45:00,23550,CE,702.48,705.43,701.9,702.86,870,49566,0.1575
2025-08-28 09:45:00,23550,PE,415.94,419.57,411.48,418.31,389,52405,0.1562
2025-08-28 09:45:00,23600,CE,614.69,627.01,622.45,623.64,79,55271,0.1513
2025-08-28 09:45:00,23600,PE,395.56,408.55,397.28,399.12,34,53367,0.1566
2025-08-28 09:45:00,23650,CE,568.71,570.31,560.69,566.91,862,60860,0.1531
2025-08-28 09:45:00,23650,PE,367.88,378.37,365.5,369.38,426,60957,0.1556
2025-08-28 09:45:00,23700,CE,530.68,549.34,524.46,531.07,305,65728,0.1551
2025-08-28 09:45:00,23700,PE,366.08,365.18,362.19,364.63,502,64263,0.1563
2025-08-28 09:45:00,23750,CE,468.22,468.31,461.85,466.95,1012,69754,0.1547
2025-08-28 09:45:00,23750,PE,407.01,409.37,406.38,407.48,822,74032,0.1565
2025-08-28 09:45:00,23800,CE,419.15,416.73,415.74,416.57,1382,85860,0.1563
2025-08-28 09:45:00,23800,PE,377.94,378.09,373.26,377.03,1102,80763,0.1509
2025-08-28 09:45:00,23850,CE,389.81,395.12,389.88,390.57,947,74942,0.1549
2025-08-28 09:45:00,23850,PE,398.12,396.23,392.62,393.69,663,74078,0.1546
2025-08-28 09:45:00,23900,CE,400.95,399.41,393.46,398.05,328,68055,0.1509
2025-08-28 09:45:00,23900,PE,443.2,443.67,439.23,440.9,1158,69596,0.1571
2025-08-28 09:45:00,23950,CE,375.23,382.89,371.19,376.19,284,61472,0.1538
2025-08-28 09:45:00,23950,PE,464.12,464.22,462.96,463.84,180,63589,0.1551
2025-08-28 09:45:00,24000,CE,366.19,368.13,364.32,366.74,370,54408,0.1534
2025-08-28 09:45:00,24000,PE,587.47,575.8,571.56,574.44,564,56327,0.1564
2025-08-28 09:45:00,24050,CE,374.15,373.41,363.12,368.7,1010,53999,0.1547
2025-08-28 09:45:00,24050,PE,575.77,578.03,568.88,572.96,604,52703,0.1537
2025-08-28 09:45:00,24100,CE,390.26,387.66,384.49,386.72,712,48596,0.155
2025-08-28 09:45:00,24100,PE,641.46,647.89,634.33,639.84,499,46392,0.1533
2025-08-28 09:45:00,24150,CE,403.31,401.97,396.9,401.81,135,41904,0.1525
2025-08-28 09:45:00,24150,PE,705.1,707.42,702.27,704.8,509,42196,0.1531
2025-08-28 09:45:00,24200,CE,359.28,368.0,352.33,359.26,626,42452,0.1516
2025-08-28 09:45:00,24200,PE,762.15,765.22,742.68,755.19,257,38463,0.1536
2025-08-28 09:45:00,24250,CE,344.98,346.48,338.84,343.08,157,38440,0.1489
2025-08-28 09:45:00,24250,PE,799.29,798.86,787.98,792.96,454,38181,0.1537
2025-08-28 09:45:00,24300,CE,369.41,373.27,369.2,371.08,567,37059,0.1542
2025-08-28 09:45:00,24300,PE,819.75,824.58,821.46,824.32,526,38025,0.1559
2025-08-28 09:45:00,24350,CE,389.65,393.65,387.28,389.52,104,32763,0.1543
2025-08-28 09:45:00,24350,PE,882.05,884.69,876.86,884.01,117,31266,0.1551
2025-08-28 09:45:00,24400,CE,378.47,388.45,381.88,383.27,585,32426,0.1512
2025-08-28 09:45:00,24400,PE,955.68,962.57,950.01,956.51,420,33263,0.1516
2025-08-28 09:45:00,24450,CE,373.09,373.59,366.52,370.77,398,26836,0.1533
2025-08-28 09:45:00,24450,PE,973.37,985.35,972.29,980.08,254,29411,0.1571
2025-08-28 09:45:00,24500,CE,392.23,391.88,388.09,390.56,253,32315,0.1529
2025-08-28 09:45:00,24500,PE,1041.56,1059.52,1031.99,1049.98,384,26773,0.1557
2025-08-28 09:45:00,24550,CE,392.07,397.87,388.81,391.53,302,24262,0.1556
2025-08-28 09:45:00,24550,PE,1130.89,1122.06,1107.45,1119.05,321,30376,0.1544
2025-08-28 09:45:00,24600,CE,371.13,374.74,372.9,374.68,78,28357,0.1521
2025-08-28 09:45:00,24600,PE,1147.27,1159.52,1145.88,1146.49,287,25220,0.1565
2025-08-28 09:45:00,24650,CE,384.03,393.14,381.09,384.37,231,28188,0.1516
2025-08-28 09:45:00,24650,PE,1178.2,1211.36,1180.65,1186.74,223,26003,0.1523
2025-08-28 09:45:00,24700,CE,365.77,367.3,362.01,366.54,234,19805,0.1493
2025-08-28 09:45:00,24700,PE,1252.53,1290.56,1245.94,1249.89,22,23054,0.1528
2025-08-28 09:45:00,24750,CE,395.67,407.82,402.4,402.69,7,24808,0.1522
2025-08-28 09:45:00,24750,PE,1298.37,1295.83,1267.43,1287.68,199,23673,0.1578
2025-08-28 09:45:00,24800,CE,412.77,412.01,404.46,408.28,31,23975,0.1547
2025-08-28 09:45:00,24800,PE,1334.77,1350.6,1332.23,1335.47,371,22840,0.1536
2025-08-28 09:45:00,24850,CE,361.05,362.99,356.44,362.12,144,21322,0.1515
2025-08-28 09:45:00,24850,PE,1407.52,1410.73,1389.66,1389.95,110,23769,0.1557
2025-08-28 09:45:00,24900,CE,378.16,383.13,377.06,378.59,251,18702,0.1544
2025-08-28 09:45:00,24900,PE,1436.3,1427.27,1419.06,1427.08,34,23221,0.1526
2025-08-28 09:50:00,23500,CE,620.91,651.01,626.76,627.96,852,45824,0.1571
2025-08-28 09:50:00,23500,PE,391.05,400.12,388.02,393.08,635,43719,0.1557
2025-08-28 09:50:00,23550,CE,583.56,591.7,583.23,587.51,857,49425,0.1531
2025-08-28 09:50:00,23550,PE,405.5,414.09,404.3,406.35,889,51939,0.1536
2025-08-28 09:50:00,23600,CE,537.4,543.54,533.95,537.18,1043,55780,0.1542
2025-08-28 09:50:00,23600,PE,347.55,348.57,346.59,347.24,667,53872,0.151
2025-08-28 09:50:00,23650,CE,485.98,488.77,482.79,484.0,195,60376,0.1514
2025-08-28 09:50:00,23650,PE,378.55,377.55,373.66,374.35,469,60454,0.1527
2025-08-28 09:50:00,23700,CE,441.48,456.31,442.52,443.67,383,65350,0.1511
2025-08-28 09:50:00,23700,PE,365.82,372.58,368.43,368.84,711,64439,0.1553
2025-08-28 09:50:00,23750,CE,379.77,381.98,377.53,379.13,382,69517,0.1532
2025-08-28 09:50:00,23750,PE,387.96,395.18,389.78,392.04,1331,73720,0.1528
2025-08-28 09:50:00,23800,CE,391.53,390.17,385.07,388.73,524,86219,0.1553
2025-08-28 09:50:00,23800,PE,434.59,447.11,445.05,446.72,616,80455,0.156
2025-08-28 09:50:00,23850,CE,396.61,404.29,399.01,399.61,1063,75494,0.1573
2025-08-28 09:50:00,23850,PE,473.33,471.17,465.41,469.51,1193,74004,0.1546
2025-08-28 09:50:00,23900,CE,405.11,407.91,405.46,407.81,45,67962,0.1533
2025-08-28 09:50:00,23900,PE,518.02,525.96,512.33,513.76,897,70128,0.1522
2025-08-28 09:50:00,23950,CE,385.93,387.94,381.56,383.39,87,61016,0.1537
2025-08-28 09:50:00,23950,PE,568.16,575.6,559.29,571.13,312,63126,0.1531
2025-08-28 09:50:00,24000,CE,371.4,370.83,368.09,369.98,180,54328,0.1533
2025-08-28 09:50:00,24000,PE,628.06,627.16,625.69,626.57,250,56431,0.1527
2025-08-28 09:50:00,24050,CE,393.1,405.05,393.45,396.54,819,54008,0.1537
2025-08-28 09:50:00,24050,PE,680.07,692.12,670.68,681.15,445,53248,0.1547
2025-08-28 09:50:00,24100,CE,375.72,381.79,369.78,372.99,487,49187,0.1533
2025-08-28 09:50:00,24100,PE,753.14,749.46,743.05,746.56,735,45841,0.1553
2025-08-28 09:50:00,24150,CE,391.85,391.16,387.49,389.91,691,41502,0.1532
2025-08-28 09:50:00,24150,PE,765.38,782.7,772.47,775.68,206,42260,0.153
2025-08-28 09:50:00,24200,CE,403.01,407.74,401.04,402.99,532,42992,0.1546
2025-08-28 09:50:00,24200,PE,864.18,868.95,854.17,866.7,322,38198,0.1545
2025-08-28 09:50:00,24250,CE,388.39,396.37,391.02,393.92,253,38280,0.1517
2025-08-28 09:50:00,24250,PE,882.31,885.92,869.44,873.11,195,37858,0.1514
2025-08-28 09:50:00,24300,CE,370.32,380.32,366.98,370.69,430,37619,0.1519
2025-08-28 09:50:00,24300,PE,907.16,920.08,911.62,912.23,363,37609,0.153
2025-08-28 09:50:00,24350,CE,364.73,363.39,361.26,363.14,383,32840,0.1506
2025-08-28 09:50:00,24350,PE,972.88,975.31,953.84,971.1,233,30693,0.1549
2025-08-28 09:50:00,24400,CE,390.21,395.46,383.26,392.99,419,32548,0.1505
2025-08-28 09:50:00,24400,PE,1058.85,1065.4,1041.03,1049.81,133,33133,0.1577
2025-08-28 09:50:00,24450,CE,353.04,358.87,354.52,355.0,273,26914,0.1543
2025-08-28 09:50:00,24450,PE,1075.62,1089.64,1066.78,1086.55,338,28907,0.153
2025-08-28 09:50:00,24500,CE,406.23,409.45,403.69,407.53,263,31824,0.1535
2025-08-28 09:50:00,24500,PE,1143.1,1149.42,1115.2,1138.01,86,26283,0.1548
2025-08-28 09:50:00,24550,CE,390.63,395.18,386.61,391.39,290,24664,0.1542
2025-08-28 09:50:00,24550,PE,1199.58,1218.95,1196.49,1201.64,448,30645,0.1553
2025-08-28 09:50:00,24600,CE,380.34,379.15,373.91,376.89,348,27911,0.1531
2025-08-28 09:50:00,24600,PE,1241.03,1253.08,1240.46,1248.03,9,24999,0.1542
2025-08-28 09:50:00,24650,CE,385.89,390.08,382.54,384.26,157,28111,0.1556
2025-08-28 09:50:00,24650,PE,1277.32,1289.18,1262.03,1270.3,284,25521,0.1504
2025-08-28 09:50:00,24700,CE,391.27,395.23,388.92,389.61,48,20212,0.1543
2025-08-28 09:50:00,24700,PE,1309.0,1334.73,1317.34,1320.55,238,22889,0.1514
2025-08-28 09:50:00,24750,CE,427.06,434.92,426.53,428.44,326,25012,0.1564
2025-08-28 09:50:00,24750,PE,1401.52,1416.54,1401.7,1402.32,328,23843,0.1536
2025-08-28 09:50:00,24800,CE,365.48,371.3,365.15,366.9,192,24472,0.1542
2025-08-28 09:50:00,24800,PE,1442.18,1466.08,1418.21,1442.87,372,23130,0.1547
2025-08-28 09:50:00,24850,CE,406.63,405.52,397.73,403.01,230,20763,0.1536
2025-08-28 09:50:00,24850,PE,1514.39,1565.34,1491.25,1500.85,316,23355,0.1545
2025-08-28 09:50:00,24900,CE,390.9,388.97,386.72,387.54,16,18635,0.1538
2025-08-28 09:50:00,24900,PE,1533.42,1532.04,1491.5,1522.91,32,22732,0.1505
2025-08-28 09:55:00,23500,CE,583.25,581.16,570.13,574.28,459,45694,0.1535
2025-08-28 09:55:00,23500,PE,410.02,405.98,399.83,405.43,137,44291,0.1557
2025-08-28 09:55:00,23550,CE,577.8,580.57,572.05,576.08,237,49071,0.157
2025-08-28 09:55:00,23550,PE,409.15,412.95,393.12,402.97,872,52184,0.1549
2025-08-28 09:55:00,23600,CE,538.16,543.7,540.51,541.81,442,55491,0.1541
2025-08-28 09:55:00,23600,PE,378.57,379.18,373.89,376.28,1104,53312,0.1528
2025-08-28 09:55:00,23650,CE,482.45,487.99,479.3,480.84,887,59894,0.1558
2025-08-28 09:55:00,23650,PE,391.72,388.11,386.51,387.29,27,59978,0.1542
2025-08-28 09:55:00,23700,CE,444.63,446.4,442.2,442.27,906,65108,0.1557
2025-08-28 09:55:00,23700,PE,399.31,403.32,402.4,402.45,1108,64991,0.153
2025-08-28 09:55:00,23750,CE,366.02,373.87,360.78,367.03,94,69661,0.1579
2025-08-28 09:55:00,23750,PE,376.46,382.85,375.34,380.0,1563,73267,0.1538
2025-08-28 09:55:00,23800,CE,360.95,362.54,359.88,361.21,626,85703,0.1517
2025-08-28 09:55:00,23800,PE,468.2,470.8,459.96,467.11,178,81019,0.1524
2025-08-28 09:55:00,23850,CE,374.16,378.95,374.14,376.81,334,75099,0.1543
2025-08-28 09:55:00,23850,PE,492.14,503.55,489.57,492.11,1144,73728,0.1531
2025-08-28 09:55:00,23900,CE,377.25,381.7,372.99,376.0,328,68372,0.1535
2025-08-28 09:55:00,23900,PE,550.35,550.09,531.92,547.08,863,70193,0.1535
2025-08-28 09:55:00,23950,CE,401.8,404.12,402.1,403.55,865,60688,0.1529
2025-08-28 09:55:00,23950,PE,589.48,598.06,585.35,588.23,813,63323,0.1551
2025-08-28 09:55:00,24000,CE,379.38,387.61,379.43,380.81,533,54173,0.1547
2025-08-28 09:55:00,24000,PE,649.86,664.08,640.22,647.18,124,56528,0.1521
2025-08-28 09:55:00,24050,CE,380.66,383.89,376.18,377.79,681,53524,0.1526
2025-08-28 09:55:00,24050,PE,693.24,698.51,683.89,688.59,147,53704,0.1533
2025-08-28 09:55:00,24100,CE,399.53,397.63,393.88,395.83,674,49301,0.154
2025-08-28 09:55:00,24100,PE,747.42,745.34,733.02,745.33,364,45246,0.1492
2025-08-28 09:55:00,24150,CE,362.93,363.15,360.07,361.44,659,41572,0.1522
2025-08-28 09:55:00,24150,PE,796.73,799.78,789.77,798.41,68,42094,0.1524
2025-08-28 09:55:00,24200,CE,366.61,363.92,359.63,363.2,564,43478,0.1498
2025-08-28 09:55:00,24200,PE,854.56,859.23,854.33,855.8,433,37764,0.1566
2025-08-28 09:55:00,24250,CE,418.77,419.51,416.63,417.33,109,38080,0.1554
2025-08-28 09:55:00,24250,PE,891.85,914.14,892.43,898.04,483,38175,0.1557
2025-08-28 09:55:00,24300,CE,376.08,374.66,370.75,373.61,447,37289,0.1534
2025-08-28 09:55:00,24300,PE,920.07,943.09,930.91,934.68,192,37384,0.1552
2025-08-28 09:55:00,24350,CE,417.51,428.27,413.75,416.51,410,33165,0.1538
2025-08-28 09:55:00,24350,PE,1006.9,1008.26,990.86,1002.07,25,30947,0.1559
2025-08-28 09:55:00,24400,CE,406.52,412.58,405.21,405.41,211,32379,0.1532
2025-08-28 09:55:00,24400,PE,1039.97,1042.09,1037.57,1040.92,274,33093,0.1525
2025-08-28 09:55:00,24450,CE,387.23,391.19,385.68,386.77,493,26976,0.155
2025-08-28 09:55:00,24450,PE,1074.25,1083.79,1062.45,1077.9,417,29372,0.1541
2025-08-28 09:55:00,24500,CE,359.27,361.77,358.28,359.92,471,32017,0.153
2025-08-28 09:55:00,24500,PE,1140.14,1151.33,1141.56,1148.84,454,26393,0.1533
2025-08-28 09:55:00,24550,CE,371.01,370.94,367.84,370.5,173,25037,0.1535
2025-08-28 09:55:00,24550,PE,1149.84,1166.54,1149.41,1150.43,404,30410,0.1526
2025-08-28 09:55:00,24600,CE,397.32,404.58,396.94,397.14,421,27843,0.1521
2025-08-28 09:55:00,24600,PE,1212.38,1241.25,1213.18,1223.67,106,25222,0.1535
2025-08-28 09:55:00,24650,CE,379.55,387.28,376.51,381.98,107,27995,0.1539
2025-08-28 09:55:00,24650,PE,1302.32,1314.8,1298.79,1301.31,227,25495,0.1538
2025-08-28 09:55:00,24700,CE,360.62,361.34,354.8,357.33,52,19804,0.1519
2025-08-28 09:55:00,24700,PE,1371.83,1394.23,1364.67,1373.58,38,23021,0.1539
2025-08-28 09:55:00,24750,CE,380.35,384.96,376.41,378.6,383,25180,0.1516
2025-08-28 09:55:00,24750,PE,1339.2,1372.18,1332.67,1347.33,218,24270,0.1548
2025-08-28 09:55:00,24800,CE,412.62,410.3,403.26,406.68,15,23974,0.1539
2025-08-28 09:55:00,24800,PE,1428.58,1452.5,1414.0,1432.28,368,23609,0.1542
2025-08-28 09:55:00,24850,CE,386.57,386.78,382.68,385.28,202,20266,0.1527
2025-08-28 09:55:00,24850,PE,1521.74,1521.59,1496.92,1512.79,72,23649,0.1535
2025-08-28 09:55:00,24900,CE,363.73,377.35,371.48,371.64,84,18741,0.1528
2025-08-28 09:55:00,24900,PE,1564.6,1589.26,1549.27,1552.85,263,22619,0.1533
2025-08-28 10:00:00,23500,CE,657.47,678.63,653.6,662.42,438,46202,0.1526
2025-08-28 10:00:00,23500,PE,404.88,405.56,394.38,401.79,895,44238,0.1572
2025-08-28 10:00:00,23550,CE,610.34,610.98,600.77,608.33,218,48500,0.1544
2025-08-28 10:00:00,23550,PE,385.3,383.2,380.95,382.1,194,52208,0.1554
2025-08-28 10:00:00,23600,CE,554.73,562.62,548.8,555.84,1095,55529,0.1547
2025-08-28 10:00:00,23600,PE,384.04,387.71,379.5,383.4,1099,53605,0.1527
2025-08-28 10:00:00,23650,CE,486.93,500.21,482.72,489.41,120,59723,0.1533
2025-08-28 10:00:00,23650,PE,419.04,422.44,417.93,419.71,740,59466,0.1562
2025-08-28 10:00:00,23700,CE,452.63,456.64,448.8,453.81,51,64927,0.1522
2025-08-28 10:00:00,23700,PE,393.67,400.95,386.81,388.9,1289,65114,0.1556
2025-08-28 10:00:00,23750,CE,394.47,400.6,396.27,397.42,893,69714,0.1553
2025-08-28 10:00:00,23750,PE,378.42,385.61,381.28,382.55,929,73683,0.1533
2025-08-28 10:00:00,23800,CE,400.14,403.48,396.67,399.1,536,85427,0.1529
2025-08-28 10:00:00,23800,PE,397.87,401.7,397.81,400.89,478,81102,0.157
2025-08-28 10:00:00,23850,CE,398.34,402.54,394.27,400.43,390,75669,0.1548
2025-08-28 10:00:00,23850,PE,442.51,447.63,443.87,445.53,968,73504,0.1577
2025-08-28 10:00:00,23900,CE,416.65,426.33,416.07,416.92,334,68295,0.1564
2025-08-28 10:00:00,23900,PE,518.12,511.62,508.68,511.37,1055,70786,0.1557
2025-08-28 10:00:00,23950,CE,362.71,371.85,368.22,369.0,589,60261,0.1522
2025-08-28 10:00:00,23950,PE,568.99,561.59,554.59,560.9,63,63411,0.1551
2025-08-28 10:00:00,24000,CE,401.43,401.69,395.08,400.36,618,54017,0.1528
2025-08-28 10:00:00,24000,PE,621.59,626.15,618.2,620.19,876,55983,0.1533
2025-08-28 10:00:00,24050,CE,364.19,376.88,365.98,368.99,285,53836,0.1572
2025-08-28 10:00:00,24050,PE,652.92,652.38,645.99,649.76,229,53342,0.1525
2025-08-28 10:00:00,24100,CE,373.8,380.65,371.76,373.54,603,49771,0.1521
2025-08-28 10:00:00,24100,PE,709.0,713.27,707.21,709.64,162,45147,0.1512
2025-08-28 10:00:00,24150,CE,388.98,390.97,387.33,387.36,740,41145,0.1518
2025-08-28 10:00:00,24150,PE,746.76,757.5,748.18,753.34,116,41789,0.1534
2025-08-28 10:00:00,24200,CE,411.5,420.08,414.35,414.51,344,43877,0.154
2025-08-28 10:00:00,24200,PE,833.94,848.38,829.42,832.45,313,37612,0.154
2025-08-28 10:00:00,24250,CE,398.66,400.02,398.25,398.32,561,37787,0.1531
2025-08-28 10:00:00,24250,PE,864.02,893.0,860.29,865.5,248,37873,0.1508
2025-08-28 10:00:00,24300,CE,421.84,419.87,414.69,416.36,77,37388,0.1577
2025-08-28 10:00:00,24300,PE,925.89,943.11,927.94,929.0,599,37092,0.1547
2025-08-28 10:00:00,24350,CE,393.49,400.01,385.49,390.45,50,33687,0.157
2025-08-28 10:00:00,24350,PE,1002.22,1020.73,1003.81,1009.77,70,30406,0.1555
2025-08-28 10:00:00,24400,CE,399.48,400.93,394.9,395.18,407,31966,0.1518
2025-08-28 10:00:00,24400,PE,1031.91,1056.25,1032.26,1035.32,548,33007,0.1529
2025-08-28 10:00:00,24450,CE,377.79,371.74,367.29,369.35,352,26625,0.1527
2025-08-28 10:00:00,24450,PE,1066.98,1088.93,1059.87,1060.28,117,29706,0.151
2025-08-28 10:00:00,24500,CE,391.1,395.32,391.14,395.19,256,32516,0.1531
2025-08-28 10:00:00,24500,PE,1106.03,1107.81,1101.72,1101.88,457,26513,0.1526
2025-08-28 10:00:00,24550,CE,371.82,380.24,370.68,374.21,370,25461,0.1545
2025-08-28 10:00:00,24550,PE,1138.21,1165.26,1134.65,1138.75,278,30770,0.1527
2025-08-28 10:00:00,24600,CE,374.51,375.68,370.51,374.27,19,27433,0.1529
2025-08-28 10:00:00,24600,PE,1205.19,1209.62,1194.36,1205.8,217,24715,0.1531
2025-08-28 10:00:00,24650,CE,413.17,421.44,408.87,413.69,203,28149,0.1559
2025-08-28 10:00:00,24650,PE,1273.2,1278.25,1269.05,1273.68,163,26074,0.1547
2025-08-28 10:00:00,24700,CE,378.09,377.49,373.43,375.51,361,20202,0.1529
2025-08-28 10:00:00,24700,PE,1325.68,1317.84,1300.47,1305.01,296,23160,0.1525
2025-08-28 10:00:00,24750,CE,374.82,378.46,368.48,373.4,264,24713,0.1551
2025-08-28 10:00:00,24750,PE,1359.46,1366.46,1326.69,1346.76,372,24605,0.1498
2025-08-28 10:00:00,24800,CE,427.02,424.41,419.69,422.88,115,24193,0.1527
2025-08-28 10:00:00,24800,PE,1412.63,1419.25,1401.46,1409.16,161,24129,0.154
2025-08-28 10:00:00,24850,CE,380.14,384.34,381.21,381.55,199,20517,0.15
2025-08-28 10:00:00,24850,PE,1450.97,1460.36,1449.74,1460.27,74,23173,0.1523
2025-08-28 10:00:00,24900,CE,401.82,405.61,394.73,400.2,320,18872,0.1534
2025-08-28 10:00:00,24900,PE,1544.22,1527.87,1495.82,1505.89,237,22503,0.153
2025-08-28 10:05:00,23500,CE,664.87,673.7,666.91,671.11,556,46107,0.1564
2025-08-28 10:05:00,23500,PE,373.4,375.62,372.66,375.45,561,44397,0.1553
2025-08-28 10:05:00,23550,CE,637.39,649.3,641.68,642.5,224,48979,0.1517
2025-08-28 10:05:00,23550,PE,372.95,380.33,377.11,377.29,906,52519,0.1552
2025-08-28 10:05:00,23600,CE,574.85,578.66,566.21,570.02,38,54955,0.1561
2025-08-28 10:05:00,23600,PE,399.53,406.5,401.57,404.46,855,53181,0.1541
2025-08-28 10:05:00,23650,CE,506.15,518.52,502.62,505.35,1159,59558,0.1554
2025-08-28 10:05:00,23650,PE,400.62,414.29,402.76,404.02,224,59687,0.1567
2025-08-28 10:05:00,23700,CE,454.55,457.03,451.56,453.91,929,65088,0.1501
2025-08-28 10:05:00,23700,PE,393.99,401.57,391.06,394.24,1038,65118,0.1558
2025-08-28 10:05:00,23750,CE,433.67,441.47,434.37,436.43,506,69630,0.1572
2025-08-28 10:05:00,23750,PE,380.2,381.1,376.44,380.19,988,74030,0.1562
2025-08-28 10:05:00,23800,CE,374.28,368.93,359.77,368.51,776,84941,0.1526
2025-08-28 10:05:00,23800,PE,391.27,392.96,385.36,390.7,723,81216,0.1554
2025-08-28 10:05:00,23850,CE,381.66,385.13,378.92,382.92,1163,76039,0.1494
2025-08-28 10:05:00,23850,PE,465.91,469.22,464.24,464.27,1187,73230,0.1558
2025-08-28 10:05:00,23900,CE,356.66,364.13,357.2,359.63,51,67937,0.1532
2025-08-28 10:05:00,23900,PE,476.95,483.48,472.67,479.61,175,70994,0.1566
2025-08-28 10:05:00,23950,CE,368.33,382.91,377.77,379.32,325,59871,0.1537
2025-08-28 10:05:00,23950,PE,527.89,529.12,523.77,526.41,629,63396,0.1535
2025-08-28 10:05:00,24000,CE,390.06,391.06,384.95,389.29,731,54524,0.1522
2025-08-28 10:05:00,24000,PE,614.28,618.28,611.93,614.67,102,55455,0.1564
2025-08-28 10:05:00,24050,CE,391.63,400.64,389.81,390.96,767,54326,0.1543
2025-08-28 10:05:00,24050,PE,647.04,669.2,650.1,653.81,324,52970,0.1519
2025-08-28 10:05:00,24100,CE,367.92,370.39,365.63,367.91,265,49749,0.1549
2025-08-28 10:05:00,24100,PE,665.24,672.09,666.22,667.85,24,44705,0.1557
2025-08-28 10:05:00,24150,CE,397.87,400.4,396.11,396.3,39,41396,0.1552
2025-08-28 10:05:00,24150,PE,756.2,775.1,761.16,763.71,357,42386,0.1519
2025-08-28 10:05:00,24200,CE,408.21,416.19,405.4,407.69,331,43639,0.1502
2025-08-28 10:05:00,24200,PE,778.64,778.14,770.97,777.44,232,38121,0.1495
2025-08-28 10:05:00,24250,CE,385.25,382.01,379.58,381.25,137,38062,0.1554
2025-08-28 10:05:00,24250,PE,830.96,847.75,819.42,822.69,600,38431,0.1538
2025-08-28 10:05:00,24300,CE,407.22,411.47,403.98,407.79,63,37594,0.1516
2025-08-28 10:05:00,24300,PE,888.42,885.19,876.5,880.34,519,37310,0.1531
2025-08-28 10:05:00,24350,CE,364.36,369.53,366.56,366.91,505,34219,0.1489
2025-08-28 10:05:00,24350,PE,932.36,937.44,922.97,928.62,528,30678,0.1519
2025-08-28 10:05:00,24400,CE,365.03,372.18,365.62,366.48,117,32382,0.1539
2025-08-28 10:05:00,24400,PE,995.27,998.25,980.72,992.23,389,32748,0.1544
2025-08-28 10:05:00,24450,CE,370.79,374.43,367.05,369.87,349,26227,0.155
2025-08-28 10:05:00,24450,PE,1035.45,1051.93,1013.59,1035.22,447,29874,0.1508
2025-08-28 10:05:00,24500,CE,403.5,400.55,397.76,398.61,330,32219,0.1532
2025-08-28 10:05:00,24500,PE,1092.81,1099.39,1075.83,1094.0,84,26428,0.1532
2025-08-28 10:05:00,24550,CE,381.78,384.52,375.45,381.34,174,25887,0.1529
2025-08-28 10:05:00,24550,PE,1136.08,1144.73,1116.66,1134.98,476,30927,0.1553
2025-08-28 10:05:00,24600,CE,376.76,377.88,376.63,376.76,369,27965,0.1552
2025-08-28 10:05:00,24600,PE,1185.48,1210.89,1184.37,1194.75,340,24540,0.1494
2025-08-28 10:05:00,24650,CE,382.1,385.54,382.54,384.01,108,27885,0.1512
2025-08-28 10:05:00,24650,PE,1288.43,1270.46,1257.58,1267.97,143,25730,0.1554
2025-08-28 10:05:00,24700,CE,385.72,392.22,387.5,391.09,287,20773,0.1556
2025-08-28 10:05:00,24700,PE,1266.55,1263.06,1234.6,1261.89,114,23075,0.1541
2025-08-28 10:05:00,24750,CE,362.72,359.64,356.12,359.24,381,25217,0.1525
2025-08-28 10:05:00,24750,PE,1322.7,1348.96,1309.55,1328.33,16,24418,0.1559
2025-08-28 10:05:00,24800,CE,388.44,393.76,390.39,391.35,139,23938,0.1501
2025-08-28 10:05:00,24800,PE,1420.25,1402.9,1398.86,1399.48,367,24454,0.1553
2025-08-28 10:05:00,24850,CE,380.64,382.64,382.03,382.52,29,20658,0.156
2025-08-28 10:05:00,24850,PE,1476.32,1458.55,1446.5,1450.94,218,23202,0.1527
2025-08-28 10:05:00,24900,CE,387.91,390.75,385.42,389.23,262,18800,0.1526
2025-08-28 10:05:00,24900,PE,1469.57,1476.2,1461.46,1474.46,258,22462,0.1501
2025-08-28 10:10:00,23500,CE,687.77,690.31,685.72,689.83,789,46508,0.154
2025-08-28 10:10:00,23500,PE,378.21,382.49,373.18,379.73,57,43980,0.155
2025-08-28 10:10:00,23550,CE,696.9,699.5,684.3,694.81,372,48440,0.1594
2025-08-28 10:10:00,23550,PE,412.7,416.41,404.87,410.47,76,51926,0.1535
2025-08-28 10:10:00,23600,CE,595.72,594.79,593.25,594.69,903,54949,0.1526
2025-08-28 10:10:00,23600,PE,369.99,373.3,369.24,369.3,786,53562,0.1551
2025-08-28 10:10:00,23650,CE,571.85,570.49,561.6,569.77,199,59763,0.1575
2025-08-28 10:10:00,23650,PE,376.37,378.25,374.59,377.95,696,60275,0.1529
2025-08-28 10:10:00,23700,CE,507.26,508.81,492.54,500.86,1096,65219,0.1562
2025-08-28 10:10:00,23700,PE,355.43,355.8,353.63,353.79,854,65128,0.1541
2025-08-28 10:10:00,23750,CE,435.03,440.2,434.22,437.27,847,69727,0.1563
2025-08-28 10:10:00,23750,PE,383.54,383.64,381.11,381.9,1269,74488,0.1544
2025-08-28 10:10:00,23800,CE,398.43,397.98,394.24,397.84,391,84358,0.1544
2025-08-28 10:10:00,23800,PE,390.58,399.2,389.98,393.46,456,81175,0.1595
2025-08-28 10:10:00,23850,CE,389.84,395.42,384.69,388.52,379,75932,0.1527
2025-08-28 10:10:00,23850,PE,430.79,437.13,427.19,430.99,722,73773,0.1529
2025-08-28 10:10:00,23900,CE,385.55,387.89,380.39,384.48,628,67561,0.1528
2025-08-28 10:10:00,23900,PE,481.47,489.36,477.72,485.55,586,70424,0.1532
2025-08-28 10:10:00,23950,CE,393.42,394.18,388.92,390.93,56,60029,0.1533
2025-08-28 10:10:00,23950,PE,525.91,540.28,519.15,526.8,324,63546,0.152
2025-08-28 10:10:00,24000,CE,375.51,376.87,369.07,375.11,57,54307,0.1511
2025-08-28 10:10:00,24000,PE,548.82,547.23,537.49,544.96,635,55502,0.15
2025-08-28 10:10:00,24050,CE,404.42,405.75,400.07,404.78,591,54442,0.1567
2025-08-28 10:10:00,24050,PE,620.95,633.16,621.22,629.18,328,52793,0.1536
2025-08-28 10:10:00,24100,CE,386.25,388.5,379.65,383.72,374,49653,0.1575
2025-08-28 10:10:00,24100,PE,653.94,648.01,645.58,646.53,709,44275,0.1509
2025-08-28 10:10:00,24150,CE,391.91,396.56,388.95,392.06,468,41721,0.1588
2025-08-28 10:10:00,24150,PE,697.98,714.38,695.93,696.13,289,42253,0.1527
2025-08-28 10:10:00,24200,CE,396.92,409.18,393.76,399.86,519,43813,0.1541
2025-08-28 10:10:00,24200,PE,780.26,784.53,770.11,777.36,427,38032,0.1545
2025-08-28 10:10:00,24250,CE,390.53,397.15,387.62,389.88,43,37656,0.1525
2025-08-28 10:10:00,24250,PE,832.61,840.59,829.47,836.37,350,38671,0.1533
2025-08-28 10:10:00,24300,CE,356.7,362.77,353.29,355.08,142,37494,0.1528
2025-08-28 10:10:00,24300,PE,869.4,849.19,846.54,848.9,171,36932,0.1524
2025-08-28 10:10:00,24350,CE,425.16,422.2,411.39,415.78,558,34739,0.1559
2025-08-28 10:10:00,24350,PE,923.41,941.67,923.4,925.24,610,31149,0.1552
2025-08-28 10:10:00,24400,CE,397.83,405.38,396.9,397.39,241,32654,0.1547
2025-08-28 10:10:00,24400,PE,985.19,983.59,980.12,980.83,172,32839,0.1537
2025-08-28 10:10:00,24450,CE,380.73,384.14,376.09,379.61,145,26377,0.1504
2025-08-28 10:10:00,24450,PE,1030.1,1035.22,1023.26,1026.07,238,29706,0.1497
2025-08-28 10:10:00,24500,CE,363.3,365.76,357.09,361.7,53,31934,0.152
2025-08-28 10:10:00,24500,PE,1053.33,1050.01,1043.89,1047.08,234,26538,0.1507
2025-08-28 10:10:00,24550,CE,418.27,411.19,407.67,411.11,416,26175,0.159
2025-08-28 10:10:00,24550,PE,1099.8,1127.68,1095.92,1103.65,274,30921,0.1504
2025-08-28 10:10:00,24600,CE,335.08,335.83,329.31,332.98,225,28439,0.1501
2025-08-28 10:10:00,24600,PE,1169.75,1162.81,1148.92,1157.01,397,24406,0.1521
2025-08-28 10:10:00,24650,CE,358.37,371.19,353.35,358.84,258,27736,0.1508
2025-08-28 10:10:00,24650,PE,1179.61,1196.91,1176.83,1190.1,259,25640,0.1504
2025-08-28 10:10:00,24700,CE,399.86,404.55,396.19,401.5,368,21018,0.1502
2025-08-28 10:10:00,24700,PE,1276.73,1275.38,1255.95,1260.79,81,22507,0.1569
2025-08-28 10:10:00,24750,CE,385.46,384.15,377.1,379.99,398,25041,0.1541
2025-08-28 10:10:00,24750,PE,1315.09,1336.52,1307.83,1321.72,68,24709,0.1535
2025-08-28 10:10:00,24800,CE,393.2,399.33,392.5,392.98,191,24003,0.155
2025-08-28 10:10:00,24800,PE,1383.26,1396.53,1375.03,1386.27,255,24225,0.152
2025-08-28 10:10:00,24850,CE,362.48,363.56,350.96,356.23,219,20846,0.1573
2025-08-28 10:10:00,24850,PE,1404.19,1410.41,1392.83,1407.04,237,23683,0.1508
2025-08-28 10:10:00,24900,CE,390.57,390.52,388.25,388.39,147,18806,0.1506
2025-08-28 10:10:00,24900,PE,1420.6,1451.3,1409.64,1430.01,278,22749,0.1493
2025-08-28 10:15:00,23500,CE,747.79,751.32,742.2,743.85,782,46146,0.1559
2025-08-28 10:15:00,23500,PE,374.79,373.87,367.54,373.29,723,43947,0.1531
2025-08-28 10:15:00,23550,CE,691.86,701.69,684.88,692.13,194,48189,0.1513
2025-08-28 10:15:00,23550,PE,407.44,413.24,400.25,408.21,308,52517,0.1534
2025-08-28 10:15:00,23600,CE,619.91,627.33,617.06,623.67,115,54611,0.1513
2025-08-28 10:15:00,23600,PE,368.02,367.56,365.12,367.38,670,54098,0.1549
2025-08-28 10:15:00,23650,CE,565.29,570.87,565.0,570.74,97,59653,0.1509
2025-08-28 10:15:00,23650,PE,388.91,396.71,391.21,391.92,429,60273,0.1582
2025-08-28 10:15:00,23700,CE,558.28,560.42,550.55,553.83,878,65247,0.1542
2025-08-28 10:15:00,23700,PE,378.64,381.93,376.27,376.74,174,64818,0.154
2025-08-28 10:15:00,23750,CE,487.55,490.57,484.51,485.58,960,69413,0.1515
2025-08-28 10:15:00,23750,PE,396.87,393.75,392.05,392.42,652,74339,0.1551
2025-08-28 10:15:00,23800,CE,424.66,425.17,418.49,421.2,664,84652,0.1543
2025-08-28 10:15:00,23800,PE,375.41,375.84,374.43,374.8,379,81415,0.1524
2025-08-28 10:15:00,23850,CE,387.95,391.26,388.65,389.13,1334,76529,0.1507
2025-08-28 10:15:00,23850,PE,383.05,393.79,384.3,390.77,802,73279,0.1518
2025-08-28 10:15:00,23900,CE,393.22,397.76,388.25,392.13,1054,67872,0.154
2025-08-28 10:15:00,23900,PE,408.03,412.96,405.31,408.79,74,70057,0.1542
2025-08-28 10:15:00,23950,CE,381.68,390.98,379.16,384.61,479,60042,0.1537
2025-08-28 10:15:00,23950,PE,475.29,474.4,470.25,471.22,708,63181,0.1517
2025-08-28 10:15:00,24000,CE,396.0,402.69,392.32,393.87,254,54830,0.1555
2025-08-28 10:15:00,24000,PE,547.04,546.01,532.83,544.25,863,55510,0.1529
2025-08-28 10:15:00,24050,CE,410.2,409.5,403.61,405.29,365,54405,0.1522
2025-08-28 10:15:00,24050,PE,566.58,572.69,563.64,564.04,1030,52561,0.1542
2025-08-28 10:15:00,24100,CE,371.97,378.05,368.54,371.97,328,49591,0.1542
2025-08-28 10:15:00,24100,PE,648.59,643.52,636.98,640.12,194,43807,0.1512
2025-08-28 10:15:00,24150,CE,394.78,399.97,390.64,391.98,786,41942,0.1501
2025-08-28 10:15:00,24150,PE,692.58,687.0,671.17,684.74,305,42337,0.1543
2025-08-28 10:15:00,24200,CE,361.21,365.83,360.52,360.95,407,43332,0.1521
2025-08-28 10:15:00,24200,PE,729.81,733.16,718.54,728.36,612,37554,0.1557
2025-08-28 10:15:00,24250,CE,404.68,404.63,395.82,402.93,431,37407,0.1572
2025-08-28 10:15:00,24250,PE,779.07,789.5,772.85,787.14,333,38638,0.1532
2025-08-28 10:15:00,24300,CE,380.84,392.82,381.06,383.74,309,37161,0.1552
2025-08-28 10:15:00,24300,PE,832.74,848.88,830.48,835.02,68,36489,0.153
2025-08-28 10:15:00,24350,CE,373.08,374.9,367.36,370.27,475,34254,0.1529
2025-08-28 10:15:00,24350,PE,871.67,885.27,873.94,875.95,334,30915,0.1541
2025-08-28 10:15:00,24400,CE,359.5,364.88,356.52,360.3,427,32809,0.1565
2025-08-28 10:15:00,24400,PE,915.32,916.65,912.06,915.26,120,33053,0.1523
2025-08-28 10:15:00,24450,CE,398.1,398.14,390.41,393.46,382,26116,0.1531
2025-08-28 10:15:00,24450,PE,1004.55,1021.75,997.2,1003.85,485,29634,0.1567
2025-08-28 10:15:00,24500,CE,378.27,382.78,375.34,378.68,27,32088,0.1523
2025-08-28 10:15:00,24500,PE,1010.4,1008.66,1001.15,1003.59,250,26370,0.1503
2025-08-28 10:15:00,24550,CE,393.89,396.68,393.88,393.9,237,26749,0.1534
2025-08-28 10:15:00,24550,PE,1100.81,1103.33,1070.55,1098.94,205,31152,0.1522
2025-08-28 10:15:00,24600,CE,351.22,354.11,351.01,351.5,418,28533,0.1465
2025-08-28 10:15:00,24600,PE,1094.72,1126.76,1099.9,1100.34,437,24403,0.1509
2025-08-28 10:15:00,24650,CE,400.71,410.51,399.47,403.38,111,27726,0.1547
2025-08-28 10:15:00,24650,PE,1164.4,1169.22,1142.27,1153.91,64,25390,0.1509
2025-08-28 10:15:00,24700,CE,422.05,424.68,416.03,418.64,97,20510,0.1573
2025-08-28 10:15:00,24700,PE,1229.18,1240.29,1209.31,1213.92,74,22912,0.1549
2025-08-28 10:15:00,24750,CE,394.29,391.6,387.18,391.52,367,25527,0.1513
2025-08-28 10:15:00,24750,PE,1283.52,1280.68,1278.9,1280.02,17,25278,0.1553
2025-08-28 10:15:00,24800,CE,402.97,406.14,398.64,401.73,144,23887,0.1571
2025-08-28 10:15:00,24800,PE,1293.84,1326.15,1300.65,1305.84,79,24760,0.1521
2025-08-28 10:15:00,24850,CE,353.32,358.81,350.03,353.01,393,21088,0.1537
2025-08-28 10:15:00,24850,PE,1368.87,1396.97,1378.69,1384.07,35,23589,0.1547
2025-08-28 10:15:00,24900,CE,376.07,386.84,374.07,376.84,110,19308,0.1551
2025-08-28 10:15:00,24900,PE,1419.45,1431.97,1405.1,1420.76,249,23311,0.1536
2025-08-28 10:20:00,23500,CE,821.18,834.25,828.75,831.43,584,46186,0.1528
2025-08-28 10:20:00,23500,PE,386.28,389.86,385.91,387.27,205,44282,0.1529
2025-08-28 10:20:00,23550,CE,786.71,779.85,774.94,777.75,526,48520,0.155
2025-08-28 10:20:00,23550,PE,368.38,378.07,366.35,368.05,700,52647,0.1548
2025-08-28 10:20:00,23600,CE,717.31,725.24,713.81,715.34,545,54518,0.1547
2025-08-28 10:20:00,23600,PE,387.46,394.23,389.11,390.8,406,53659,0.1591
2025-08-28 10:20:00,23650,CE,697.37,696.57,689.4,693.83,181,60250,0.1543
2025-08-28 10:20:00,23650,PE,361.23,374.25,359.56,366.15,169,59758,0.156
2025-08-28 10:20:00,23700,CE,629.61,626.07,613.69,625.35,777,64808,0.157
2025-08-28 10:20:00,23700,PE,407.33,412.19,399.97,405.67,455,64667,0.1519
2025-08-28 10:20:00,23750,CE,557.25,564.41,558.02,562.79,457,69291,0.1553
2025-08-28 10:20:00,23750,PE,345.84,352.92,344.56,347.3,55,74059,0.1499
2025-08-28 10:20:00,23800,CE,528.3,535.91,524.19,530.04,778,84145,0.157
2025-08-28 10:20:00,23800,PE,376.23,384.1,374.4,375.52,334,81894,0.1556
2025-08-28 10:20:00,23850,CE,490.36,496.93,483.74,487.37,902,76544,0.155
2025-08-28 10:20:00,23850,PE,402.7,406.67,401.43,404.11,756,73842,0.1561
2025-08-28 10:20:00,23900,CE,396.21,405.36,397.8,401.09,102,68325,0.1542
2025-08-28 10:20:00,23900,PE,390.27,399.13,388.48,390.49,770,70049,0.1552
2025-08-28 10:20:00,23950,CE,395.67,407.31,395.54,396.92,416,59907,0.1552
2025-08-28 10:20:00,23950,PE,374.22,378.57,373.26,376.39,948,62887,0.1514
2025-08-28 10:20:00,24000,CE,414.05,412.57,405.23,408.01,530,55421,0.1506
2025-08-28 10:20:00,24000,PE,402.7,406.01,399.37,401.73,1204,55636,0.1532
2025-08-28 10:20:00,24050,CE,390.08,394.32,384.44,390.36,390,54813,0.1548
2025-08-28 10:20:00,24050,PE,491.05,503.76,494.67,500.16,1103,53142,0.1557
2025-08-28 10:20:00,24100,CE,400.5,407.73,403.61,404.87,765,49259,0.1533
2025-08-28 10:20:00,24100,PE,539.33,543.12,529.58,536.65,439,44316,0.1556
2025-08-28 10:20:00,24150,CE,370.46,369.64,367.61,368.63,120,42295,0.1526
2025-08-28 10:20:00,24150,PE,601.87,600.82,582.45,591.94,520,42282,0.1515
2025-08-28 10:20:00,24200,CE,380.04,395.4,384.82,386.14,161,43870,0.1537
2025-08-28 10:20:00,24200,PE,680.17,684.06,682.5,682.74,205,37661,0.1559
2025-08-28 10:20:00,24250,CE,395.89,393.52,389.54,391.29,472,37279,0.1511
2025-08-28 10:20:00,24250,PE,710.42,739.52,718.15,720.22,135,38229,0.1537
2025-08-28 10:20:00,24300,CE,394.16,391.97,389.5,390.81,502,37434,0.1586
2025-08-28 10:20:00,24300,PE,767.2,780.67,769.56,771.59,199,36817,0.1526
2025-08-28 10:20:00,24350,CE,380.88,379.83,373.32,377.42,499,33902,0.1528
2025-08-28 10:20:00,24350,PE,812.93,817.37,808.66,810.21,285,30761,0.15
2025-08-28 10:20:00,24400,CE,376.91,377.69,374.08,377.26,379,32275,0.1562
2025-08-28 10:20:00,24400,PE,844.28,845.05,840.62,841.14,643,33121,0.1539
2025-08-28 10:20:00,24450,CE,376.13,385.06,383.36,384.09,437,26236,0.1519
2025-08-28 10:20:00,24450,PE,901.42,905.91,891.21,901.95,259,30051,0.1547
2025-08-28 10:20:00,24500,CE,400.17,404.16,392.65,398.82,199,31519,0.1516
2025-08-28 10:20:00,24500,PE,933.54,930.73,926.37,928.88,338,25913,0.1525
2025-08-28 10:20:00,24550,CE,366.91,371.13,365.55,366.31,462,26186,0.1522
2025-08-28 10:20:00,24550,PE,996.04,1013.88,1000.97,1001.21,124,31685,0.152
2025-08-28 10:20:00,24600,CE,366.2,371.81,361.04,369.34,146,28548,0.1538
2025-08-28 10:20:00,24600,PE,1056.03,1052.57,1040.77,1049.52,465,24098,0.1533
2025-08-28 10:20:00,24650,CE,383.38,387.45,379.51,381.41,157,27148,0.1509
2025-08-28 10:20:00,24650,PE,1078.14,1106.06,1087.27,1093.75,406,24905,0.1503
2025-08-28 10:20:00,24700,CE,408.16,408.62,403.0,405.56,470,20774,0.1519
2025-08-28 10:20:00,24700,PE,1142.3,1161.05,1122.59,1147.18,156,22888,0.157
2025-08-28 10:20:00,24750,CE,364.05,377.58,361.96,370.6,240,25808,0.1519
2025-08-28 10:20:00,24750,PE,1158.13,1183.28,1165.25,1169.6,174,24996,0.1548
2025-08-28 10:20:00,24800,CE,386.99,390.14,384.67,387.45,64,23814,0.1561
2025-08-28 10:20:00,24800,PE,1271.89,1305.62,1268.43,1281.04,214,24908,0.1546
2025-08-28 10:20:00,24850,CE,403.1,408.44,403.39,403.52,351,20742,0.1543
2025-08-28 10:20:00,24850,PE,1290.92,1291.53,1269.19,1278.39,98,23334,0.1502
2025-08-28 10:20:00,24900,CE,383.14,382.56,380.1,381.37,71,18877,0.1534
2025-08-28 10:20:00,24900,PE,1322.31,1326.85,1314.66,1317.7,323,23565,0.1501
2025-08-28 10:25:00,23500,CE,848.58,847.32,829.74,837.65,567,46284,0.1535
2025-08-28 10:25:00,23500,PE,400.73,406.85,393.54,398.12,558,44215,0.1563
2025-08-28 10:25:00,23550,CE,783.95,801.89,781.24,785.26,645,48600,0.1537
2025-08-28 10:25:00,23550,PE,395.68,398.9,393.03,396.08,36,52250,0.1546
2025-08-28 10:25:00,23600,CE,757.15,757.86,745.11,754.79,414,54893,0.1537
2025-08-28 10:25:00,23600,PE,403.44,411.75,403.73,404.97,127,53965,0.154
2025-08-28 10:25:00,23650,CE,698.18,704.96,700.17,703.18,763,59868,0.1562
2025-08-28 10:25:00,23650,PE,404.09,402.99,395.86,400.63,480,60220,0.1553
2025-08-28 10:25:00,23700,CE,646.1,653.71,648.85,649.41,300,64680,0.1522
2025-08-28 10:25:00,23700,PE,417.75,417.14,415.56,416.01,429,64623,0.1537
2025-08-28 10:25:00,23750,CE,614.29,615.95,606.9,610.05,355,69328,0.1557
2025-08-28 10:25:00,23750,PE,372.35,374.79,368.1,372.62,291,74410,0.1567
2025-08-28 10:25:00,23800,CE,525.59,540.27,526.14,529.07,793,83741,0.1481
2025-08-28 10:25:00,23800,PE,380.13,375.72,374.63,374.69,983,81612,0.1535
2025-08-28 10:25:00,23850,CE,487.9,486.37,481.47,483.71,700,77067,0.1545
2025-08-28 10:25:00,23850,PE,390.77,389.05,386.58,387.7,895,74367,0.152
2025-08-28 10:25:00,23900,CE,452.9,450.25,446.77,449.94,913,68695,0.1543
2025-08-28 10:25:00,23900,PE,411.37,411.05,403.6,407.93,708,69651,0.1545
2025-08-28 10:25:00,23950,CE,389.51,390.24,388.28,388.87,336,60020,0.1558
2025-08-28 10:25:00,23950,PE,400.72,401.55,395.39,397.51,278,62822,0.1541
2025-08-28 10:25:00,24000,CE,389.77,394.17,390.89,393.96,731,54917,0.1535
2025-08-28 10:25:00,24000,PE,432.6,442.4,427.09,432.12,1317,55126,0.1527
2025-08-28 10:25:00,24050,CE,396.89,403.2,394.75,397.09,438,55241,0.1575
2025-08-28 10:25:00,24050,PE,470.28,480.49,467.67,475.81,71,52650,0.1561
2025-08-28 10:25:00,24100,CE,390.1,398.7,390.43,390.65,1001,48984,0.1548
2025-08-28 10:25:00,24100,PE,520.54,519.74,515.91,517.54,1080,43896,0.1542
2025-08-28 10:25:00,24150,CE,373.53,378.89,375.58,377.38,187,42385,0.1517
2025-08-28 10:25:00,24150,PE,564.29,572.28,563.56,565.7,1009,42594,0.1534
2025-08-28 10:25:00,24200,CE,416.52,415.7,406.66,410.19,589,43588,0.1545
2025-08-28 10:25:00,24200,PE,630.89,643.9,627.59,636.77,80,37999,0.1558
2025-08-28 10:25:00,24250,CE,411.14,411.5,407.94,411.0,115,36888,0.155
2025-08-28 10:25:00,24250,PE,675.64,677.05,670.1,674.66,393,38057,0.1563
2025-08-28 10:25:00,24300,CE,387.92,385.23,378.97,382.16,697,37125,0.1542
2025-08-28 10:25:00,24300,PE,722.14,734.54,724.79,730.05,528,36762,0.1558
2025-08-28 10:25:00,24350,CE,389.72,387.77,386.97,387.65,186,34479,0.1532
2025-08-28 10:25:00,24350,PE,820.19,840.0,825.84,826.43,593,31045,0.1582
2025-08-28 10:25:00,24400,CE,375.0,379.02,371.64,374.23,323,31921,0.1538
2025-08-28 10:25:00,24400,PE,858.5,854.78,847.55,849.81,451,33680,0.1543
2025-08-28 10:25:00,24450,CE,389.24,390.58,379.94,387.42,179,26453,0.1534
2025-08-28 10:25:00,24450,PE,918.45,940.12,914.49,928.26,557,29996,0.156
2025-08-28 10:25:00,24500,CE,387.32,395.75,387.02,387.65,57,32018,0.1528
2025-08-28 10:25:00,24500,PE,957.32,968.23,955.02,957.88,73,26228,0.1559
2025-08-28 10:25:00,24550,CE,397.58,405.27,394.67,396.21,279,26461,0.151
2025-08-28 10:25:00,24550,PE,978.82,970.29,965.77,967.72,407,31326,0.1563
2025-08-28 10:25:00,24600,CE,381.71,386.91,382.28,385.34,60,28101,0.1554
2025-08-28 10:25:00,24600,PE,1018.56,1025.12,1008.23,1019.87,115,24536,0.1517
2025-08-28 10:25:00,24650,CE,385.1,385.84,379.85,380.55,52,27364,0.1566
2025-08-28 10:25:00,24650,PE,1090.52,1095.5,1079.21,1085.94,202,25285,0.1516
2025-08-28 10:25:00,24700,CE,384.02,387.3,374.14,381.21,295,21092,0.1529
2025-08-28 10:25:00,24700,PE,1141.78,1142.41,1120.53,1139.89,405,23371,0.1544
2025-08-28 10:25:00,24750,CE,378.28,380.57,377.04,377.54,375,25658,0.1567
2025-08-28 10:25:00,24750,PE,1183.79,1199.07,1187.52,1192.31,429,24816,0.1505
2025-08-28 10:25:00,24800,CE,379.82,386.66,382.73,384.25,263,23498,0.1518
2025-08-28 10:25:00,24800,PE,1233.58,1231.95,1216.21,1231.34,363,24434,0.1533
2025-08-28 10:25:00,24850,CE,367.15,371.7,367.88,368.6,410,20721,0.1483
2025-08-28 10:25:00,24850,PE,1261.09,1285.6,1268.93,1271.85,362,23331,0.1546
2025-08-28 10:25:00,24900,CE,385.02,391.97,379.59,382.7,62,18414,0.1511
2025-08-28 10:25:00,24900,PE,1325.35,1337.12,1319.61,1329.2,362,23689,0.1531
2025-08-28 10:30:00,23500,CE,847.43,870.22,845.24,850.09,104,46120,0.1568
2025-08-28 10:30:00,23500,PE,406.07,414.77,403.9,408.12,389,44162,0.1554
2025-08-28 10:30:00,23550,CE,807.52,805.02,795.97,798.08,64,48612,0.1554
2025-08-28 10:30:00,23550,PE,418.36,419.03,418.04,418.64,135,52022,0.157
2025-08-28 10:30:00,23600,CE,741.63,748.74,738.71,741.99,523,55115,0.1518
2025-08-28 10:30:00,23600,PE,398.84,399.99,389.4,395.97,73,53976,0.1507
2025-08-28 10:30:00,23650,CE,717.5,722.2,694.89,707.34,226,59797,0.1555
2025-08-28 10:30:00,23650,PE,391.95,396.2,387.03,389.22,682,60111,0.1552
2025-08-28 10:30:00,23700,CE,668.47,681.94,670.09,671.5,546,64108,0.1559
2025-08-28 10:30:00,23700,PE,378.01,379.59,373.15,378.25,461,64948,0.1546
2025-08-28 10:30:00,23750,CE,628.36,630.2,625.02,628.03,664,69887,0.1555
2025-08-28 10:30:00,23750,PE,388.93,395.64,388.71,392.15,800,73967,0.1557
2025-08-28 10:30:00,23800,CE,557.23,566.96,559.5,561.07,86,83488,0.1544
2025-08-28 10:30:00,23800,PE,401.24,398.5,391.65,397.29,922,82028,0.1533
2025-08-28 10:30:00,23850,CE,471.81,478.16,473.87,475.21,929,77317,0.1533
2025-08-28 10:30:00,23850,PE,409.91,411.64,401.87,408.54,859,74141,0.1537
2025-08-28 10:30:00,23900,CE,478.56,480.32,474.96,475.62,1001,68874,0.1543
2025-08-28 10:30:00,23900,PE,401.55,404.51,401.1,404.13,142,70151,0.1542
2025-08-28 10:30:00,23950,CE,390.08,393.84,385.05,391.52,1302,59683,0.1537
2025-08-28 10:30:00,23950,PE,368.34,379.44,370.19,372.71,511,63037,0.155
2025-08-28 10:30:00,24000,CE,387.91,394.05,387.0,387.81,408,55291,0.1565
2025-08-28 10:30:00,24000,PE,408.78,420.0,408.7,409.13,764,54640,0.153
2025-08-28 10:30:00,24050,CE,393.0,392.53,391.19,391.93,957,55762,0.1553
2025-08-28 10:30:00,24050,PE,471.29,475.69,467.04,473.16,471,53201,0.1529
2025-08-28 10:30:00,24100,CE,398.38,405.95,395.45,398.43,876,49263,0.1545
2025-08-28 10:30:00,24100,PE,529.95,545.04,528.73,530.63,448,43914,0.1513
2025-08-28 10:30:00,24150,CE,380.48,377.29,374.67,375.75,253,42509,0.1543
2025-08-28 10:30:00,24150,PE,551.44,554.66,551.66,554.16,929,42772,0.1516
2025-08-28 10:30:00,24200,CE,369.62,372.68,366.55,368.72,852,43172,0.1525
2025-08-28 10:30:00,24200,PE,638.59,649.48,635.89,637.09,597,37752,0.1489
2025-08-28 10:30:00,24250,CE,379.74,388.26,380.71,382.13,506,36409,0.153
2025-08-28 10:30:00,24250,PE,680.53,687.43,679.81,681.53,349,37901,0.1547
2025-08-28 10:30:00,24300,CE,427.58,427.53,424.54,427.07,436,37419,0.1536
2025-08-28 10:30:00,24300,PE,680.88,691.57,672.8,678.59,473,37224,0.1523
2025-08-28 10:30:00,24350,CE,425.18,429.58,422.59,422.62,223,34324,0.1588
2025-08-28 10:30:00,24350,PE,785.76,784.74,773.5,781.22,362,31184,0.1556
2025-08-28 10:30:00,24400,CE,375.55,378.61,369.45,370.84,597,32034,0.1539
2025-08-28 10:30:00,24400,PE,814.6,833.45,809.81,817.27,672,33647,0.152
2025-08-28 10:30:00,24450,CE,377.16,382.94,374.25,381.68,351,26686,0.1567
2025-08-28 10:30:00,24450,PE,887.91,901.88,880.66,891.58,105,29576,0.1582
2025-08-28 10:30:00,24500,CE,405.73,407.99,402.91,405.29,211,31507,0.1543
2025-08-28 10:30:00,24500,PE,931.59,937.58,904.32,930.98,260,26045,0.1506
2025-08-28 10:30:00,24550,CE,382.18,386.85,380.79,384.2,361,27024,0.1505
2025-08-28 10:30:00,24550,PE,992.16,990.59,978.34,990.44,331,31869,0.1527
2025-08-28 10:30:00,24600,CE,392.43,396.41,386.67,393.19,334,28260,0.153
2025-08-28 10:30:00,24600,PE,1019.84,1021.3,1015.55,1017.49,459,24630,0.1538
2025-08-28 10:30:00,24650,CE,384.21,382.97,375.14,380.76,502,27523,0.1529
2025-08-28 10:30:00,24650,PE,1073.73,1115.29,1076.92,1086.08,179,25200,0.153
2025-08-28 10:30:00,24700,CE,403.16,404.87,403.93,404.05,321,20838,0.1518
2025-08-28 10:30:00,24700,PE,1135.04,1136.05,1128.66,1130.7,363,22777,0.1537
2025-08-28 10:30:00,24750,CE,398.69,401.91,396.91,397.52,344,25081,0.1526
2025-08-28 10:30:00,24750,PE,1153.56,1169.4,1150.51,1159.09,83,25382,0.1503
2025-08-28 10:30:00,24800,CE,376.2,381.85,374.87,380.21,373,23791,0.156
2025-08-28 10:30:00,24800,PE,1258.9,1259.32,1247.03,1259.25,417,24662,0.1513
2025-08-28 10:30:00,24850,CE,392.38,383.43,379.78,382.68,51,21134,0.1527
2025-08-28 10:30:00,24850,PE,1263.13,1283.85,1257.71,1262.47,106,23459,0.155
2025-08-28 10:30:00,24900,CE,399.75,401.56,396.4,397.33,368,18615,0.1549
2025-08-28 10:30:00,24900,PE,1323.23,1354.13,1298.91,1320.11,21,24037,0.1519
2025-08-28 10:35:00,23500,CE,855.72,870.44,837.95,857.87,537,45670,0.156
2025-08-28 10:35:00,23500,PE,343.98,344.0,339.86,340.86,630,43787,0.1533
2025-08-28 10:35:00,23550,CE,814.13,808.84,805.99,808.29,49,48679,0.1553
2025-08-28 10:35:00,23550,PE,389.87,396.85,391.43,393.21,488,51538,0.1551
2025-08-28 10:35:00,23600,CE,732.24,743.73,736.26,741.06,130,55306,0.1479
2025-08-28 10:35:00,23600,PE,400.93,401.32,392.46,397.7,74,54374,0.1525
2025-08-28 10:35:00,23650,CE,722.01,736.28,721.9,725.39,238,60202,0.1574
2025-08-28 10:35:00,23650,PE,415.12,409.68,409.24,409.6,623,59898,0.1524
2025-08-28 10:35:00,23700,CE,658.54,664.6,654.25,658.04,731,63751,0.1548
2025-08-28 10:35:00,23700,PE,412.17,412.87,406.82,411.45,448,65498,0.1524
2025-08-28 10:35:00,23750,CE,602.22,597.73,595.2,597.65,895,70381,0.1574
2025-08-28 10:35:00,23750,PE,368.03,375.3,366.12,369.01,164,73743,0.151
2025-08-28 10:35:00,23800,CE,550.56,551.19,545.71,550.95,101,83960,0.1518
2025-08-28 10:35:00,23800,PE,366.82,371.51,358.97,363.95,881,82485,0.1491
2025-08-28 10:35:00,23850,CE,509.96,506.43,495.72,504.78,162,77122,0.1531
2025-08-28 10:35:00,23850,PE,377.24,381.53,378.69,380.9,905,73976,0.1526
2025-08-28 10:35:00,23900,CE,445.75,449.46,445.01,445.2,438,69392,0.1523
2025-08-28 10:35:00,23900,PE,385.33,395.8,386.34,389.01,780,70441,0.1561
2025-08-28 10:35:00,23950,CE,395.39,396.01,380.76,392.35,1304,59824,0.1557
2025-08-28 10:35:00,23950,PE,408.24,405.61,404.26,404.29,1250,63580,0.1574
2025-08-28 10:35:00,24000,CE,381.65,390.85,383.87,384.16,822,55728,0.1512
2025-08-28 10:35:00,24000,PE,443.8,452.06,440.31,444.87,133,54129,0.1537
2025-08-28 10:35:00,24050,CE,390.2,393.9,386.06,391.61,560,55760,0.1559
2025-08-28 10:35:00,24050,PE,453.61,448.95,446.09,447.34,475,53675,0.1514
2025-08-28 10:35:00,24100,CE,396.69,399.46,391.91,393.69,47,48796,0.15
2025-08-28 10:35:00,24100,PE,529.3,533.74,531.93,533.25,777,43400,0.1559
2025-08-28 10:35:00,24150,CE,382.21,384.66,378.6,380.88,227,42939,0.1478
2025-08-28 10:35:00,24150,PE,563.07,565.14,547.36,556.81,893,43104,0.1522
2025-08-28 10:35:00,24200,CE,394.41,400.53,393.91,395.31,349,42772,0.1548
2025-08-28 10:35:00,24200,PE,620.69,627.78,626.08,626.19,324,37369,0.1525
2025-08-28 10:35:00,24250,CE,406.27,408.5,404.56,405.75,224,36808,0.1576
2025-08-28 10:35:00,24250,PE,657.81,671.89,668.91,670.83,229,37551,0.1569
2025-08-28 10:35:00,24300,CE,426.05,427.34,421.99,422.27,220,36991,0.1548
2025-08-28 10:35:00,24300,PE,729.67,739.6,728.68,733.3,712,37713,0.154
2025-08-28 10:35:00,24350,CE,376.53,382.45,376.57,377.71,162,34690,0.1518
2025-08-28 10:35:00,24350,PE,781.43,792.64,780.56,788.4,214,31068,0.1537
2025-08-28 10:35:00,24400,CE,428.01,423.52,420.54,421.47,705,32185,0.1561
2025-08-28 10:35:00,24400,PE,825.62,832.12,829.61,831.71,573,33563,0.1516
2025-08-28 10:35:00,24450,CE,371.52,375.72,373.38,373.97,413,26415,0.1516
2025-08-28 10:35:00,24450,PE,871.35,885.49,849.87,869.81,487,30160,0.1513
2025-08-28 10:35:00,24500,CE,397.72,398.64,391.85,394.88,105,31561,0.1557
2025-08-28 10:35:00,24500,PE,930.18,930.35,917.54,924.68,173,26210,0.1516
2025-08-28 10:35:00,24550,CE,395.5,405.36,400.02,402.28,270,26913,0.1536
2025-08-28 10:35:00,24550,PE,967.31,1005.49,971.45,975.86,232,31869,0.1541
2025-08-28 10:35:00,24600,CE,387.38,390.22,386.88,388.56,120,28005,0.1575
2025-08-28 10:35:00,24600,PE,1012.62,1024.31,998.37,1014.44,47,24545,0.1518
2025-08-28 10:35:00,24650,CE,376.78,374.4,369.51,370.93,322,27676,0.1513
2025-08-28 10:35:00,24650,PE,1103.26,1117.72,1094.5,1104.39,116,25574,0.1517
2025-08-28 10:35:00,24700,CE,392.54,393.11,390.17,391.57,211,21200,0.1526
2025-08-28 10:35:00,24700,PE,1112.04,1127.8,1111.22,1113.37,408,22190,0.1544
2025-08-28 10:35:00,24750,CE,382.72,384.44,381.71,382.73,29,25122,0.1519
2025-08-28 10:35:00,24750,PE,1223.76,1218.87,1189.41,1204.52,397,25229,0.1536
2025-08-28 10:35:00,24800,CE,383.5,389.17,385.16,387.01,278,23919,0.1509
2025-08-28 10:35:00,24800,PE,1212.26,1228.91,1222.33,1227.69,345,25120,0.1546
2025-08-28 10:35:00,24850,CE,392.56,394.57,389.56,393.23,248,21464,0.1516
2025-08-28 10:35:00,24850,PE,1265.82,1278.27,1268.01,1269.78,262,23255,0.1556
2025-08-28 10:35:00,24900,CE,395.8,397.88,391.26,395.67,239,18901,0.154
2025-08-28 10:35:00,24900,PE,1337.83,1331.18,1322.26,1326.16,371,23558,0.1511
2025-08-28 10:40:00,23500,CE,901.96,939.31,903.01,908.91,226,45223,0.1555
2025-08-28 10:40:00,23500,PE,400.65,411.37,400.81,403.99,121,43457,0.1549
2025-08-28 10:40:00,23550,CE,790.54,799.91,795.61,799.19,633,48558,0.1532
2025-08-28 10:40:00,23550,PE,406.19,407.95,398.76,405.34,645,51550,0.1533
2025-08-28 10:40:00,23600,CE,776.29,782.34,778.79,780.02,26,55183,0.1504
2025-08-28 10:40:00,23600,PE,391.76,394.18,389.92,392.13,551,54527,0.1542
2025-08-28 10:40:00,23650,CE,717.31,724.34,713.5,718.44,308,59751,0.1555
2025-08-28 10:40:00,23650,PE,424.3,423.58,410.93,420.13,621,59923,0.1559
2025-08-28 10:40:00,23700,CE,665.85,679.0,670.26,673.77,704,63477,0.156
2025-08-28 10:40:00,23700,PE,371.18,370.95,360.09,364.42,151,65335,0.152
2025-08-28 10:40:00,23750,CE,636.91,631.8,620.84,624.39,245,70391,0.1548
2025-08-28 10:40:00,23750,PE,373.29,377.2,370.6,376.67,496,73302,0.1522
2025-08-28 10:40:00,23800,CE,576.9,590.46,576.24,577.77,514,83825,0.156
2025-08-28 10:40:00,23800,PE,380.46,396.02,384.38,385.71,569,82797,0.1556
2025-08-28 10:40:00,23850,CE,545.29,550.73,547.32,547.86,562,76855,0.1577
2025-08-28 10:40:00,23850,PE,391.2,403.21,387.41,389.82,1095,74293,0.1531
2025-08-28 10:40:00,23900,CE,497.24,500.64,489.77,496.42,1323,69069,0.154
2025-08-28 10:40:00,23900,PE,384.92,389.21,383.31,385.43,855,70746,0.1554
2025-08-28 10:40:00,23950,CE,424.04,426.22,422.06,423.65,1428,59457,0.1551
2025-08-28 10:40:00,23950,PE,367.76,370.57,362.75,367.31,422,64121,0.1535
2025-08-28 10:40:00,24000,CE,417.17,419.81,410.71,413.09,980,55312,0.1532
2025-08-28 10:40:00,24000,PE,414.87,414.87,405.28,409.67,352,54728,0.1524
2025-08-28 10:40:00,24050,CE,376.96,375.39,371.68,372.36,1314,55434,0.1557
2025-08-28 10:40:00,24050,PE,467.74,469.11,467.88,468.19,816,53927,0.1552
2025-08-28 10:40:00,24100,CE,398.38,398.9,397.86,398.02,579,48562,0.1553
2025-08-28 10:40:00,24100,PE,477.35,477.12,468.16,473.22,898,42898,0.1526
2025-08-28 10:40:00,24150,CE,372.34,380.19,369.52,377.5,249,42368,0.1542
2025-08-28 10:40:00,24150,PE,551.03,560.27,548.51,550.13,1008,42680,0.1557
2025-08-28 10:40:00,24200,CE,379.8,392.24,383.77,387.03,884,42661,0.1505
2025-08-28 10:40:00,24200,PE,596.43,617.88,601.01,613.55,121,37465,0.1531
2025-08-28 10:40:00,24250,CE,372.99,382.41,375.45,376.47,303,36782,0.1511
2025-08-28 10:40:00,24250,PE,639.56,648.09,634.18,639.29,901,37707,0.1542
2025-08-28 10:40:00,24300,CE,364.54,374.44,366.2,367.13,28,36505,0.1527
2025-08-28 10:40:00,24300,PE,692.51,704.11,700.36,702.08,653,37924,0.1547
2025-08-28 10:40:00,24350,CE,365.41,371.24,365.68,370.02,386,35032,0.1555
2025-08-28 10:40:00,24350,PE,780.61,772.99,764.41,771.58,184,30744,0.1554
2025-08-28 10:40:00,24400,CE,410.97,414.6,409.72,413.9,300,32535,0.1528
2025-08-28 10:40:00,24400,PE,796.21,806.69,788.55,796.34,709,33263,0.1507
2025-08-28 10:40:00,24450,CE,386.55,397.55,393.43,395.3,420,26347,0.1536
2025-08-28 10:40:00,24450,PE,831.16,845.82,829.48,837.48,594,30526,0.1521
2025-08-28 10:40:00,24500,CE,406.77,417.74,408.15,410.34,117,31785,0.1557
2025-08-28 10:40:00,24500,PE,928.28,931.89,921.34,926.46,21,26214,0.1559
2025-08-28 10:40:00,24550,CE,374.94,377.03,373.8,375.47,165,26756,0.1543
2025-08-28 10:40:00,24550,PE,970.94,980.39,973.2,976.41,202,31945,0.1579
2025-08-28 10:40:00,24600,CE,369.67,381.8,367.07,371.7,476,28028,0.1501
2025-08-28 10:40:00,24600,PE,1017.62,1019.77,1006.22,1012.75,486,25110,0.1553
2025-08-28 10:40:00,24650,CE,347.02,348.88,346.4,348.52,124,28067,0.1511
2025-08-28 10:40:00,24650,PE,1061.52,1051.69,1037.61,1046.0,122,25113,0.1529
2025-08-28 10:40:00,24700,CE,377.15,379.47,374.96,378.35,111,21094,0.153
2025-08-28 10:40:00,24700,PE,1093.83,1098.63,1093.29,1097.09,92,22294,0.1518
2025-08-28 10:40:00,24750,CE,368.36,365.77,362.59,364.06,289,25368,0.1529
2025-08-28 10:40:00,24750,PE,1168.33,1182.41,1166.01,1169.15,437,24841,0.1564
2025-08-28 10:40:00,24800,CE,385.68,388.04,382.59,385.94,448,24315,0.1557
2025-08-28 10:40:00,24800,PE,1220.29,1252.74,1222.85,1225.06,31,25275,0.1523
2025-08-28 10:40:00,24850,CE,396.07,396.42,391.75,393.27,118,20944,0.1529
2025-08-28 10:40:00,24850,PE,1281.55,1266.48,1253.4,1263.55,300,22725,0.1552
2025-08-28 10:40:00,24900,CE,375.92,375.58,371.79,372.79,80,19124,0.1527
2025-08-28 10:40:00,24900,PE,1299.29,1306.13,1287.78,1297.29,41,23864,0.1534
2025-08-28 10:45:00,23500,CE,882.14,889.69,877.39,880.47,27,44995,0.1569
2025-08-28 10:45:00,23500,PE,376.72,385.86,377.97,380.32,173,43051,0.1523
2025-08-28 10:45:00,23550,CE,830.26,861.15,832.07,839.81,373,48221,0.1534
2025-08-28 10:45:00,23550,PE,400.69,406.09,401.22,402.25,113,51420,0.157
2025-08-28 10:45:00,23600,CE,774.12,776.87,775.74,776.13,374,55341,0.1556
2025-08-28 10:45:00,23600,PE,390.26,387.61,376.84,383.98,74,54152,0.1548
2025-08-28 10:45:00,23650,CE,747.18,752.34,724.37,744.24,52,60100,0.1495
2025-08-28 10:45:00,23650,PE,369.57,373.47,366.8,369.16,454,59621,0.1538
2025-08-28 10:45:00,23700,CE,655.9,660.34,643.78,658.62,470,63848,0.1506
2025-08-28 10:45:00,23700,PE,374.97,387.78,368.49,377.61,667,65843,0.1522
2025-08-28 10:45:00,23750,CE,607.53,607.12,604.99,605.62,231,69987,0.1538
2025-08-28 10:45:00,23750,PE,383.78,396.27,387.86,388.23,733,73803,0.1552
2025-08-28 10:45:00,23800,CE,578.44,580.48,574.43,577.45,199,84071,0.1488
2025-08-28 10:45:00,23800,PE,373.9,373.61,371.25,372.74,614,83261,0.1536
2025-08-28 10:45:00,23850,CE,526.95,528.32,515.42,523.96,243,76671,0.1526
2025-08-28 10:45:00,23850,PE,394.11,392.87,392.24,392.58,740,74729,0.1532
2025-08-28 10:45:00,23900,CE,475.15,490.71,472.24,477.4,1108,69041,0.1535
2025-08-28 10:45:00,23900,PE,401.87,403.08,398.47,401.88,509,70373,0.155
2025-08-28 10:45:00,23950,CE,425.25,430.59,426.35,427.77,635,60052,0.1512
2025-08-28 10:45:00,23950,PE,354.86,361.66,352.86,355.2,371,64658,0.1547
2025-08-28 10:45:00,24000,CE,382.98,386.75,382.28,384.2,515,54861,0.1511
2025-08-28 10:45:00,24000,PE,365.62,375.55,367.07,368.08,1278,54675,0.1496
2025-08-28 10:45:00,24050,CE,391.01,390.83,382.33,385.69,1107,56017,0.1535
2025-08-28 10:45:00,24050,PE,419.78,427.32,421.13,422.37,244,53985,0.1556
2025-08-28 10:45:00,24100,CE,395.76,397.9,393.9,397.16,364,48558,0.1513
2025-08-28 10:45:00,24100,PE,478.21,487.63,479.1,479.33,350,42532,0.1521
2025-08-28 10:45:00,24150,CE,353.86,356.51,349.9,355.53,609,42271,0.1535
2025-08-28 10:45:00,24150,PE,530.98,537.38,519.75,523.62,891,42677,0.1518
2025-08-28 10:45:00,24200,CE,353.87,360.32,358.98,359.09,632,42917,0.1547
2025-08-28 10:45:00,24200,PE,592.34,591.48,591.03,591.07,72,37405,0.1545
2025-08-28 10:45:00,24250,CE,392.4,393.45,383.02,387.33,499,36943,0.154
2025-08-28 10:45:00,24250,PE,643.44,641.55,634.32,637.16,52,37228,0.1525
2025-08-28 10:45:00,24300,CE,374.12,372.2,370.42,371.42,730,36821,0.1537
2025-08-28 10:45:00,24300,PE,688.14,698.5,688.59,693.28,369,37327,0.1551
2025-08-28 10:45:00,24350,CE,367.65,377.97,364.02,370.4,214,35202,0.1498
2025-08-28 10:45:00,24350,PE,755.7,765.26,744.93,755.94,542,31135,0.151
2025-08-28 10:45:00,24400,CE,384.06,389.97,380.91,383.63,409,32855,0.1556
2025-08-28 10:45:00,24400,PE,812.95,808.85,797.21,804.72,181,32839,0.1525
2025-08-28 10:45:00,24450,CE,403.08,407.91,396.97,401.81,236,26760,0.1533
2025-08-28 10:45:00,24450,PE,829.75,842.37,818.42,825.81,606,30021,0.1514
2025-08-28 10:45:00,24500,CE,409.16,418.75,407.23,411.17,133,31264,0.1562
2025-08-28 10:45:00,24500,PE,883.67,898.15,882.08,891.18,490,26601,0.1539
2025-08-28 10:45:00,24550,CE,393.41,400.33,391.62,394.97,557,26375,0.154
2025-08-28 10:45:00,24550,PE,950.11,945.44,939.61,943.22,316,31881,0.1537
2025-08-28 10:45:00,24600,CE,368.24,376.24,363.72,369.74,553,28551,0.1526
2025-08-28 10:45:00,24600,PE,1006.58,1016.13,994.45,1004.62,475,24760,0.1535
2025-08-28 10:45:00,24650,CE,362.6,369.05,362.69,365.0,185,28403,0.1548
2025-08-28 10:45:00,24650,PE,1023.04,1037.73,1026.13,1031.4,329,25214,0.1518
2025-08-28 10:45:00,24700,CE,417.46,420.42,413.36,414.44,46,20980,0.1562
2025-08-28 10:45:00,24700,PE,1094.75,1096.97,1068.71,1085.91,496,22245,0.1516
2025-08-28 10:45:00,24750,CE,393.22,398.57,387.24,392.07,428,25260,0.1522
2025-08-28 10:45:00,24750,PE,1132.32,1149.48,1142.2,1142.26,411,25233,0.1516
2025-08-28 10:45:00,24800,CE,397.01,396.98,395.66,396.5,290,24691,0.1586
2025-08-28 10:45:00,24800,PE,1218.39,1214.6,1212.62,1213.6,29,25123,0.1573
2025-08-28 10:45:00,24850,CE,377.22,382.13,376.4,377.88,45,21180,0.1547
2025-08-28 10:45:00,24850,PE,1233.46,1268.04,1248.77,1254.8,134,22763,0.1504
2025-08-28 10:45:00,24900,CE,399.56,405.01,397.39,403.01,357,19421,0.1528
2025-08-28 10:45:00,24900,PE,1270.63,1273.52,1261.71,1270.85,284,23324,0.1523
2025-08-28 10:50:00,23500,CE,901.5,894.38,888.43,888.57,406,44798,0.1535
2025-08-28 10:50:00,23500,PE,388.86,395.65,387.09,387.93,645,42853,0.1558
2025-08-28 10:50:00,23550,CE,811.25,799.82,789.78,794.03,525,48337,0.1524
2025-08-28 10:50:00,23550,PE,380.35,391.34,381.47,383.4,241,51069,0.1513
2025-08-28 10:50:00,23600,CE,801.68,821.98,797.87,805.81,203,55379,0.1529
2025-08-28 10:50:00,23600,PE,383.2,382.77,380.6,381.19,666,54727,0.1523
2025-08-28 10:50:00,23650,CE,721.0,733.28,718.8,726.41,264,59552,0.1549
2025-08-28 10:50:00,23650,PE,394.49,395.2,390.99,394.48,189,59625,0.1568
2025-08-28 10:50:00,23700,CE,692.33,701.57,683.1,686.47,363,63413,0.1529
2025-08-28 10:50:00,23700,PE,378.01,380.3,374.71,376.5,164,65941,0.1534
2025-08-28 10:50:00,23750,CE,615.81,619.47,614.45,615.69,269,69676,0.152
2025-08-28 10:50:00,23750,PE,349.85,345.34,343.54,345.12,374,74286,0.1539
2025-08-28 10:50:00,23800,CE,580.94,590.16,582.22,585.97,906,83852,0.1569
2025-08-28 10:50:00,23800,PE,386.14,393.63,389.36,391.76,826,83810,0.1516
2025-08-28 10:50:00,23850,CE,539.93,546.37,538.53,538.93,351,76075,0.157
2025-08-28 10:50:00,23850,PE,369.66,367.05,365.64,366.63,292,75127,0.1522
2025-08-28 10:50:00,23900,CE,474.49,482.52,467.69,473.39,164,68755,0.1527
2025-08-28 10:50:00,23900,PE,418.54,422.69,414.14,415.84,1303,70014,0.1554
2025-08-28 10:50:00,23950,CE,422.8,434.78,426.01,429.53,771,60512,0.1565
2025-08-28 10:50:00,23950,PE,385.34,393.47,386.06,387.42,1343,64423,0.1537
2025-08-28 10:50:00,24000,CE,364.94,367.97,366.83,367.45,453,54961,0.1566
2025-08-28 10:50:00,24000,PE,419.01,412.78,408.3,412.55,577,54959,0.1559
2025-08-28 10:50:00,24050,CE,352.17,357.39,350.38,351.72,1004,55920,0.1507
2025-08-28 10:50:00,24050,PE,441.68,443.76,433.32,438.52,618,53506,0.1521
2025-08-28 10:50:00,24100,CE,382.79,384.41,383.43,383.68,897,49064,0.1506
2025-08-28 10:50:00,24100,PE,493.43,494.19,490.8,493.3,1127,42709,0.1514
2025-08-28 10:50:00,24150,CE,356.36,369.11,360.15,360.46,833,42741,0.1537
2025-08-28 10:50:00,24150,PE,554.92,553.31,548.96,552.36,263,42998,0.1539
2025-08-28 10:50:00,24200,CE,390.33,384.25,381.94,384.15,120,43245,0.1538
2025-08-28 10:50:00,24200,PE,617.32,621.28,611.33,620.65,236,37512,0.1553
2025-08-28 10:50:00,24250,CE,368.35,367.18,362.07,363.97,16,36350,0.1556
2025-08-28 10:50:00,24250,PE,643.2,652.53,631.4,635.36,606,37687,0.1553
2025-08-28 10:50:00,24300,CE,415.1,423.16,410.93,411.77,106,37218,0.1542
2025-08-28 10:50:00,24300,PE,696.19,716.21,704.49,706.65,643,37599,0.1531
2025-08-28 10:50:00,24350,CE,363.0,374.34,371.61,373.81,222,35655,0.1551
2025-08-28 10:50:00,24350,PE,743.56,752.72,744.72,747.9,481,30756,0.1506
2025-08-28 10:50:00,24400,CE,372.99,387.74,375.68,380.07,641,32593,0.1519
2025-08-28 10:50:00,24400,PE,825.58,834.49,814.25,816.23,367,32427,0.1547
2025-08-28 10:50:00,24450,CE,399.59,403.65,399.32,402.14,270,26935,0.1534
2025-08-28 10:50:00,24450,PE,857.18,877.92,862.19,875.32,608,29947,0.1515
2025-08-28 10:50:00,24500,CE,376.34,387.96,378.68,382.6,395,30787,0.151
2025-08-28 10:50:00,24500,PE,901.32,918.96,893.62,900.44,159,26691,0.1532
2025-08-28 10:50:00,24550,CE,402.13,406.71,405.1,406.09,34,26181,0.1549
2025-08-28 10:50:00,24550,PE,980.07,971.78,962.01,970.0,44,31869,0.1522
2025-08-28 10:50:00,24600,CE,402.29,408.04,395.42,401.65,154,28264,0.1542
2025-08-28 10:50:00,24600,PE,976.18,1010.21,984.07,985.93,264,24353,0.1539
2025-08-28 10:50:00,24650,CE,390.42,392.76,380.56,389.49,406,28343,0.1513
2025-08-28 10:50:00,24650,PE,1049.61,1079.16,1041.52,1053.18,481,24885,0.1541
2025-08-28 10:50:00,24700,CE,374.66,382.3,378.51,378.64,39,20866,0.1537
2025-08-28 10:50:00,24700,PE,1119.99,1133.18,1100.56,1118.91,60,22103,0.1531
2025-08-28 10:50:00,24750,CE,384.71,385.89,380.72,383.75,372,25788,0.1537
2025-08-28 10:50:00,24750,PE,1119.78,1127.35,1114.63,1122.23,224,24857,0.1532
2025-08-28 10:50:00,24800,CE,398.97,405.78,395.59,397.53,182,24434,0.1531
2025-08-28 10:50:00,24800,PE,1167.43,1192.12,1162.99,1174.03,61,25473,0.1542
2025-08-28 10:50:00,24850,CE,399.43,402.28,396.34,400.72,322,20935,0.1576
2025-08-28 10:50:00,24850,PE,1259.8,1261.67,1246.52,1254.36,216,22739,0.1525
2025-08-28 10:50:00,24900,CE,366.91,368.92,363.26,366.28,184,19735,0.1534
2025-08-28 10:50:00,24900,PE,1275.25,1281.88,1254.92,1267.31,295,22729,0.1562
2025-08-28 10:55:00,23500,CE,876.51,896.08,873.09,882.11,158,45345,0.1521
2025-08-28 10:55:00,23500,PE,378.14,379.72,378.63,379.27,283,42808,0.1523
2025-08-28 10:55:00,23550,CE,837.83,829.42,815.87,826.06,550,48648,0.1567
2025-08-28 10:55:00,23550,PE,389.67,392.74,385.48,386.24,411,51573,0.1558
2025-08-28 10:55:00,23600,CE,760.25,769.11,746.62,757.73,462,55831,0.1531
2025-08-28 10:55:00,23600,PE,388.16,389.32,386.73,388.9,358,54391,0.1566
2025-08-28 10:55:00,23650,CE,716.32,733.43,708.51,720.17,105,59618,0.1538
2025-08-28 10:55:00,23650,PE,394.37,403.25,391.92,396.6,749,59517,0.1508
2025-08-28 10:55:00,23700,CE,646.89,665.17,641.33,650.58,670,63451,0.1532
2025-08-28 10:55:00,23700,PE,383.3,385.08,381.17,383.99,742,66276,0.1544
2025-08-28 10:55:00,23750,CE,601.77,607.25,594.5,601.22,708,69501,0.1517
2025-08-28 10:55:00,23750,PE,392.97,401.22,396.23,397.94,425,74258,0.1522
2025-08-28 10:55:00,23800,CE,562.25,564.91,557.67,558.12,926,83981,0.1499
2025-08-28 10:55:00,23800,PE,371.3,373.35,366.02,369.25,207,83534,0.1562
2025-08-28 10:55:00,23850,CE,485.52,492.03,485.76,488.74,408,76202,0.1534
2025-08-28 10:55:00,23850,PE,380.45,379.86,372.08,376.29,972,74705,0.1551
2025-08-28 10:55:00,23900,CE,419.88,429.01,421.69,424.56,1052,68900,0.1536
2025-08-28 10:55:00,23900,PE,350.88,352.8,349.77,350.84,318,69585,0.1548
2025-08-28 10:55:00,23950,CE,402.85,403.05,398.46,400.09,272,60842,0.1535
2025-08-28 10:55:00,23950,PE,400.07,399.21,398.7,399.11,419,64055,0.1567
2025-08-28 10:55:00,24000,CE,398.2,400.85,395.3,398.38,688,55136,0.1539
2025-08-28 10:55:00,24000,PE,424.41,429.4,423.71,426.86,728,55056,0.1518
2025-08-28 10:55:00,24050,CE,403.1,408.78,405.91,406.81,522,55830,0.1531
2025-08-28 10:55:00,24050,PE,465.87,473.77,465.85,466.6,821,53680,0.1541
2025-08-28 10:55:00,24100,CE,369.55,379.15,368.62,371.18,904,49479,0.155
2025-08-28 10:55:00,24100,PE,521.74,533.23,520.21,522.97,413,42253,0.1563
2025-08-28 10:55:00,24150,CE,393.15,398.82,391.4,392.01,117,42952,0.1553
2025-08-28 10:55:00,24150,PE,591.93,601.57,578.72,589.53,478,42890,0.1554
2025-08-28 10:55:00,24200,CE,378.28,378.13,374.25,376.91,723,43453,0.1567
2025-08-28 10:55:00,24200,PE,601.14,605.79,598.5,601.84,897,37962,0.1538
2025-08-28 10:55:00,24250,CE,397.36,398.39,388.54,393.52,672,36533,0.1514
2025-08-28 10:55:00,24250,PE,664.83,678.67,664.1,669.88,801,37278,0.1556
2025-08-28 10:55:00,24300,CE,369.95,369.42,368.24,368.89,783,37117,0.1535
2025-08-28 10:55:00,24300,PE,709.14,713.28,694.95,707.46,213,37658,0.1515
2025-08-28 10:55:00,24350,CE,399.7,410.92,404.56,404.57,678,35207,0.1545
2025-08-28 10:55:00,24350,PE,772.71,794.13,766.26,774.17,141,30928,0.1559
2025-08-28 10:55:00,24400,CE,371.99,373.34,373.08,373.32,474,32848,0.1532
2025-08-28 10:55:00,24400,PE,779.59,806.25,784.44,787.75,633,32742,0.1523
2025-08-28 10:55:00,24450,CE,388.1,394.76,389.6,391.61,535,26478,0.1542
2025-08-28 10:55:00,24450,PE,889.49,892.42,885.09,890.18,241,30193,0.1577
2025-08-28 10:55:00,24500,CE,381.89,391.27,385.32,386.02,507,30626,0.1543
2025-08-28 10:55:00,24500,PE,883.97,887.32,873.59,885.97,363,26344,0.1524
2025-08-28 10:55:00,24550,CE,358.88,362.02,357.62,357.69,504,26210,0.1553
2025-08-28 10:55:00,24550,PE,983.55,990.7,972.65,979.82,63,31956,0.156
2025-08-28 10:55:00,24600,CE,390.47,391.3,388.88,390.49,151,28212,0.153
2025-08-28 10:55:00,24600,PE,1015.02,1027.95,1010.7,1023.06,196,24762,0.1524
2025-08-28 10:55:00,24650,CE,379.82,382.97,380.01,382.37,442,27929,0.1516
2025-08-28 10:55:00,24650,PE,1024.1,1047.03,1031.75,1039.25,174,24773,0.1522
2025-08-28 10:55:00,24700,CE,420.37,435.65,418.76,425.27,424,20586,0.1566
2025-08-28 10:55:00,24700,PE,1115.9,1124.83,1106.65,1113.59,349,21561,0.1515
2025-08-28 10:55:00,24750,CE,364.77,375.28,369.33,371.19,452,25594,0.1537
2025-08-28 10:55:00,24750,PE,1178.88,1184.44,1163.32,1172.61,132,25118,0.152
2025-08-28 10:55:00,24800,CE,364.71,367.27,361.66,362.51,278,24461,0.1517
2025-08-28 10:55:00,24800,PE,1199.76,1249.9,1209.23,1211.06,419,25375,0.1529
2025-08-28 10:55:00,24850,CE,372.77,381.01,371.42,371.47,235,20904,0.1492
2025-08-28 10:55:00,24850,PE,1253.74,1267.51,1244.42,1253.59,80,22514,0.1528
2025-08-28 10:55:00,24900,CE,388.99,391.5,381.92,386.78,251,19281,0.1553
2025-08-28 10:55:00,24900,PE,1329.32,1361.32,1323.88,1323.89,303,22837,0.1522
2025-08-28 11:00:00,23500,CE,848.43,852.87,848.37,851.02,446,45723,0.1548
2025-08-28 11:00:00,23500,PE,338.28,339.9,335.87,337.48,335,43154,0.1505
2025-08-28 11:00:00,23550,CE,793.9,793.61,782.61,790.75,550,48328,0.1554
2025-08-28 11:00:00,23550,PE,394.47,388.64,385.87,388.42,206,51494,0.1554
2025-08-28 11:00:00,23600,CE,757.39,765.86,747.19,750.97,86,55893,0.1537
2025-08-28 11:00:00,23600,PE,404.0,404.64,402.47,403.57,720,54753,0.1559
2025-08-28 11:00:00,23650,CE,706.93,706.84,695.85,699.81,627,59253,0.1562
2025-08-28 11:00:00,23650,PE,360.45,360.23,359.15,360.14,688,59075,0.1524
2025-08-28 11:00:00,23700,CE,614.05,619.08,617.62,618.35,394,63968,0.1536
2025-08-28 11:00:00,23700,PE,397.34,405.34,403.34,403.44,715,65850,0.1539
2025-08-28 11:00:00,23750,CE,581.0,595.89,583.53,583.7,547,70087,0.1504
2025-08-28 11:00:00,23750,PE,402.28,408.93,397.63,401.63,470,74376,0.153
2025-08-28 11:00:00,23800,CE,548.16,553.22,548.91,552.56,452,83979,0.1516
2025-08-28 11:00:00,23800,PE,375.19,379.52,371.14,375.28,605,83160,0.1526
2025-08-28 11:00:00,23850,CE,461.39,465.07,456.46,461.46,1227,76634,0.1524
2025-08-28 11:00:00,23850,PE,351.81,358.91,351.97,356.47,149,74311,0.1541
2025-08-28 11:00:00,23900,CE,438.48,440.56,429.95,437.11,973,68781,0.1528
2025-08-28 11:00:00,23900,PE,403.8,402.54,397.79,398.52,1024,69042,0.1532
2025-08-28 11:00:00,23950,CE,384.28,384.6,381.17,384.31,1329,60269,0.1521
2025-08-28 11:00:00,23950,PE,367.27,375.6,367.54,370.78,369,64330,0.1512
2025-08-28 11:00:00,24000,CE,376.94,379.83,375.7,377.13,557,54785,0.1531
2025-08-28 11:00:00,24000,PE,439.58,442.31,431.14,436.88,1376,55176,0.1553
2025-08-28 11:00:00,24050,CE,373.91,379.55,370.71,375.69,403,56098,0.155
2025-08-28 11:00:00,24050,PE,467.2,481.88,472.98,473.04,198,53670,0.1555
2025-08-28 11:00:00,24100,CE,391.23,391.9,387.94,388.58,239,49666,0.1534
2025-08-28 11:00:00,24100,PE,526.62,537.21,522.81,525.33,336,41942,0.1552
2025-08-28 11:00:00,24150,CE,378.69,377.9,371.15,376.09,284,43333,0.1577
2025-08-28 11:00:00,24150,PE,580.83,595.61,581.48,582.83,921,42537,0.1535
2025-08-28 11:00:00,24200,CE,392.66,395.49,391.11,393.26,163,43561,0.1531
2025-08-28 11:00:00,24200,PE,629.88,629.3,625.11,628.16,621,38365,0.1549
2025-08-28 11:00:00,24250,CE,379.12,385.0,380.04,382.5,721,36884,0.1538
2025-08-28 11:00:00,24250,PE,677.71,694.43,673.56,679.43,51,36739,0.1552
2025-08-28 11:00:00,24300,CE,388.3,389.53,382.3,383.96,160,36957,0.1568
2025-08-28 11:00:00,24300,PE,732.03,747.15,729.8,734.78,597,38081,0.1566
2025-08-28 11:00:00,24350,CE,389.1,401.48,382.9,388.4,538,35628,0.1517
2025-08-28 11:00:00,24350,PE,748.85,764.66,749.33,751.07,285,31091,0.152
2025-08-28 11:00:00,24400,CE,387.68,392.53,386.88,387.81,103,32378,0.1579
2025-08-28 11:00:00,24400,PE,856.14,858.74,835.41,845.95,574,32627,0.1531
2025-08-28 11:00:00,24450,CE,394.03,390.84,389.28,390.64,473,27031,0.158
2025-08-28 11:00:00,24450,PE,865.89,879.73,865.76,870.64,376,29720,0.1505
2025-08-28 11:00:00,24500,CE,378.24,381.81,377.38,381.12,403,30987,0.1553
2025-08-28 11:00:00,24500,PE,957.05,971.74,947.12,956.87,174,26245,0.1533
2025-08-28 11:00:00,24550,CE,402.9,407.1,402.17,402.71,363,26503,0.153
2025-08-28 11:00:00,24550,PE,981.55,986.27,971.87,978.33,111,31421,0.1572
2025-08-28 11:00:00,24600,CE,395.85,392.04,391.54,392.02,349,27624,0.1518
2025-08-28 11:00:00,24600,PE,1012.99,1043.13,1022.63,1027.72,250,24522,0.154
2025-08-28 11:00:00,24650,CE,380.59,381.26,373.76,377.29,230,28373,0.1547
2025-08-28 11:00:00,24650,PE,1103.56,1117.22,1100.84,1103.86,482,24988,0.154
2025-08-28 11:00:00,24700,CE,381.89,382.49,379.26,379.71,187,20720,0.1566
2025-08-28 11:00:00,24700,PE,1119.9,1131.75,1116.88,1121.82,75,22158,0.1527
2025-08-28 11:00:00,24750,CE,373.57,380.68,372.83,375.8,408,25410,0.1515
2025-08-28 11:00:00,24750,PE,1212.27,1207.33,1200.6,1204.25,18,25538,0.1535
2025-08-28 11:00:00,24800,CE,379.89,384.07,370.29,378.38,20,23992,0.1488
2025-08-28 11:00:00,24800,PE,1261.42,1275.95,1249.35,1254.56,9,24979,0.1567
2025-08-28 11:00:00,24850,CE,397.64,408.25,392.04,400.34,392,20877,0.1527
2025-08-28 11:00:00,24850,PE,1295.54,1309.11,1284.53,1289.71,77,23065,0.1506
2025-08-28 11:00:00,24900,CE,390.16,396.52,387.5,393.37,174,19525,0.15
2025-08-28 11:00:00,24900,PE,1345.61,1364.3,1338.93,1340.11,226,22372,0.1569
2025-08-28 11:05:00,23500,CE,859.44,869.17,852.37,856.01,469,46268,0.1524
2025-08-28 11:05:00,23500,PE,402.52,409.87,400.24,403.79,641,43472,0.1545
2025-08-28 11:05:00,23550,CE,845.57,850.3,832.01,840.48,475,48611,0.1563
2025-08-28 11:05:00,23550,PE,418.09,413.5,411.82,413.24,681,51555,0.154
2025-08-28 11:05:00,23600,CE,776.75,781.94,770.28,780.15,686,55765,0.1515
2025-08-28 11:05:00,23600,PE,393.1,392.4,383.23,391.37,247,54284,0.1524
2025-08-28 11:05:00,23650,CE,715.53,719.86,711.26,717.02,385,59396,0.1552
2025-08-28 11:05:00,23650,PE,383.61,387.53,384.31,385.61,341,58628,0.1518
2025-08-28 11:05:00,23700,CE,661.31,666.86,656.37,664.45,400,64075,0.1561
2025-08-28 11:05:00,23700,PE,379.78,380.6,377.69,377.87,117,65897,0.1508
2025-08-28 11:05:00,23750,CE,619.54,615.39,611.57,614.0,382,70202,0.152
2025-08-28 11:05:00,23750,PE,403.49,411.75,402.04,404.2,21,74768,0.1501
2025-08-28 11:05:00,23800,CE,598.89,606.62,590.98,600.25,442,83872,0.1538
2025-08-28 11:05:00,23800,PE,385.02,391.23,386.87,389.06,135,83083,0.1527
2025-08-28 11:05:00,23850,CE,524.23,531.86,522.62,527.52,494,76105,0.1564
2025-08-28 11:05:00,23850,PE,400.7,399.37,390.85,395.06,710,74056,0.1537
2025-08-28 11:05:00,23900,CE,482.57,487.51,479.6,479.9,507,68278,0.1533
2025-08-28 11:05:00,23900,PE,384.4,392.39,387.72,390.36,893,68612,0.1542
2025-08-28 11:05:00,23950,CE,463.75,464.86,456.43,462.22,964,60181,0.156
2025-08-28 11:05:00,23950,PE,370.51,370.59,361.22,368.7,1199,64218,0.1511
2025-08-28 11:05:00,24000,CE,388.88,397.22,383.98,387.24,1124,55308,0.1563
2025-08-28 11:05:00,24000,PE,406.62,413.33,404.19,407.61,461,54719,0.154
2025-08-28 11:05:00,24050,CE,386.97,393.93,388.15,391.36,891,55677,0.1549
2025-08-28 11:05:00,24050,PE,466.61,477.23,469.92,471.8,337,53971,0.1539
2025-08-28 11:05:00,24100,CE,426.94,431.59,422.09,422.34,875,49092,0.1546
2025-08-28 11:05:00,24100,PE,489.07,506.42,484.06,488.01,755,42123,0.1487
2025-08-28 11:05:00,24150,CE,409.69,422.39,411.64,413.43,375,43630,0.1561
2025-08-28 11:05:00,24150,PE,548.52,551.32,543.79,547.57,817,42691,0.1568
2025-08-28 11:05:00,24200,CE,385.92,392.37,387.91,390.02,265,43306,0.1536
2025-08-28 11:05:00,24200,PE,624.54,629.05,622.66,623.59,561,37889,0.151
2025-08-28 11:05:00,24250,CE,366.62,371.22,366.15,368.31,386,37477,0.1527
2025-08-28 11:05:00,24250,PE,680.18,686.45,674.46,675.84,595,37170,0.1515
2025-08-28 11:05:00,24300,CE,373.17,385.3,371.62,371.78,282,37233,0.1541
2025-08-28 11:05:00,24300,PE,677.0,693.82,676.45,678.1,622,37705,0.1537
2025-08-28 11:05:00,24350,CE,412.8,410.82,405.82,410.31,181,35545,0.1517
2025-08-28 11:05:00,24350,PE,759.41,774.75,752.8,753.51,499,31342,0.1516
2025-08-28 11:05:00,24400,CE,396.91,397.87,388.74,393.25,703,31899,0.1585
2025-08-28 11:05:00,24400,PE,835.46,836.54,833.71,836.12,465,33175,0.1572
2025-08-28 11:05:00,24450,CE,403.14,405.72,403.83,405.29,122,27577,0.1538
2025-08-28 11:05:00,24450,PE,823.22,839.89,829.99,834.72,567,29300,0.1539
2025-08-28 11:05:00,24500,CE,384.36,390.86,385.82,389.79,141,30623,0.152
2025-08-28 11:05:00,24500,PE,940.78,936.36,919.03,929.99,67,26081,0.1552
2025-08-28 11:05:00,24550,CE,388.3,390.52,384.4,388.31,266,26443,0.1544
2025-08-28 11:05:00,24550,PE,936.96,951.47,940.41,945.17,494,31349,0.1533
2025-08-28 11:05:00,24600,CE,381.34,388.57,380.1,384.12,114,27849,0.1548
2025-08-28 11:05:00,24600,PE,984.48,974.51,962.97,974.02,361,24486,0.151
2025-08-28 11:05:00,24650,CE,372.83,380.29,378.86,379.16,343,27994,0.1509
2025-08-28 11:05:00,24650,PE,1045.47,1058.36,1040.32,1043.75,414,24701,0.1513
2025-08-28 11:05:00,24700,CE,391.61,395.71,388.91,389.14,32,20613,0.1521
2025-08-28 11:05:00,24700,PE,1107.05,1102.45,1081.83,1093.11,127,22181,0.1543
2025-08-28 11:05:00,24750,CE,388.66,398.63,384.29,387.3,226,25917,0.154
2025-08-28 11:05:00,24750,PE,1139.21,1146.63,1117.91,1138.73,203,25053,0.1575
2025-08-28 11:05:00,24800,CE,374.19,373.01,371.15,371.6,238,24357,0.1501
2025-08-28 11:05:00,24800,PE,1178.24,1199.77,1191.65,1194.31,126,24752,0.1515
2025-08-28 11:05:00,24850,CE,389.91,389.65,380.62,387.45,84,21149,0.155
2025-08-28 11:05:00,24850,PE,1270.96,1275.67,1259.48,1267.07,78,22774,0.1552
2025-08-28 11:05:00,24900,CE,387.89,386.66,381.1,383.73,42,19387,0.1535
2025-08-28 11:05:00,24900,PE,1284.68,1333.01,1300.73,1302.11,364,22303,0.1517
2025-08-28 11:10:00,23500,CE,840.99,839.61,828.25,834.69,89,46568,0.1504
2025-08-28 11:10:00,23500,PE,375.54,379.16,373.86,376.49,246,43071,0.1544
2025-08-28 11:10:00,23550,CE,829.75,829.17,810.8,823.24,25,48426,0.1549
2025-08-28 11:10:00,23550,PE,380.1,387.57,379.93,381.79,123,51589,0.1546
2025-08-28 11:10:00,23600,CE,737.38,742.1,728.84,732.07,343,55954,0.1545
2025-08-28 11:10:00,23600,PE,387.78,389.79,386.28,386.34,223,53775,0.1541
2025-08-28 11:10:00,23650,CE,710.13,706.31,690.2,705.73,108,58909,0.152
2025-08-28 11:10:00,23650,PE,396.18,399.75,396.05,397.69,235,58890,0.1532
2025-08-28 11:10:00,23700,CE,640.46,657.6,645.37,645.42,511,63914,0.1502
2025-08-28 11:10:00,23700,PE,403.46,403.7,391.37,399.24,230,65495,0.1524
2025-08-28 11:10:00,23750,CE,596.85,610.69,595.42,598.42,162,69917,0.1519
2025-08-28 11:10:00,23750,PE,382.7,385.34,380.4,381.92,515,74885,0.1578
2025-08-28 11:10:00,23800,CE,566.6,569.24,561.83,566.18,1069,84415,0.1523
2025-08-28 11:10:00,23800,PE,348.09,358.03,347.62,349.95,310,83361,0.1505
2025-08-28 11:10:00,23850,CE,493.4,507.89,498.26,501.97,184,76461,0.1553
2025-08-28 11:10:00,23850,PE,383.95,395.14,384.42,385.92,1185,74186,0.1542
2025-08-28 11:10:00,23900,CE,479.58,482.64,473.72,478.92,797,68123,0.1556
2025-08-28 11:10:00,23900,PE,417.2,416.6,415.41,415.82,1294,69166,0.1578
2025-08-28 11:10:00,23950,CE,425.87,437.53,427.81,429.91,1217,59678,0.1544
2025-08-28 11:10:00,23950,PE,439.27,443.93,438.66,441.04,1507,64588,0.1534
2025-08-28 11:10:00,24000,CE,409.55,411.9,407.39,408.83,589,55017,0.1497
2025-08-28 11:10:00,24000,PE,410.6,418.09,415.05,416.5,1231,54848,0.1554
2025-08-28 11:10:00,24050,CE,366.51,373.25,364.5,367.04,1040,56255,0.1516
2025-08-28 11:10:00,24050,PE,461.5,465.89,453.24,461.53,522,54381,0.1514
2025-08-28 11:10:00,24100,CE,356.01,367.63,358.38,358.97,577,49512,0.1544
2025-08-28 11:10:00,24100,PE,494.16,505.66,493.63,497.16,309,42510,0.1559
2025-08-28 11:10:00,24150,CE,386.74,389.59,386.31,388.25,766,43574,0.1539
2025-08-28 11:10:00,24150,PE,583.8,595.14,578.19,582.68,992,42562,0.1544
2025-08-28 11:10:00,24200,CE,374.32,377.12,371.03,374.67,727,43328,0.1555
2025-08-28 11:10:00,24200,PE,606.7,601.9,592.7,598.34,151,37631,0.1529
2025-08-28 11:10:00,24250,CE,412.51,415.86,408.94,410.05,712,37450,0.1541
2025-08-28 11:10:00,24250,PE,671.87,681.82,673.13,673.95,756,36722,0.153
2025-08-28 11:10:00,24300,CE,389.94,396.43,393.85,395.55,629,37704,0.1522
2025-08-28 11:10:00,24300,PE,738.24,753.26,735.9,737.87,808,37987,0.1516
2025-08-28 11:10:00,24350,CE,384.81,377.61,376.36,377.2,362,35019,0.1515
2025-08-28 11:10:00,24350,PE,786.22,786.91,783.26,784.86,164,31533,0.1524
2025-08-28 11:10:00,24400,CE,416.11,426.29,412.42,414.06,619,32209,0.1551
2025-08-28 11:10:00,24400,PE,813.99,825.12,820.26,824.03,429,33608,0.1539
2025-08-28 11:10:00,24450,CE,358.22,359.33,353.22,353.29,208,27371,0.1535
2025-08-28 11:10:00,24450,PE,831.48,844.55,827.87,837.4,67,29456,0.1537
2025-08-28 11:10:00,24500,CE,377.55,381.45,379.21,380.08,120,30354,0.1533
2025-08-28 11:10:00,24500,PE,922.25,936.3,917.16,931.55,66,26499,0.1527
2025-08-28 11:10:00,24550,CE,369.83,381.63,368.63,371.33,126,26893,0.1521
2025-08-28 11:10:00,24550,PE,953.58,973.64,945.62,955.39,141,30840,0.1511
2025-08-28 11:10:00,24600,CE,379.13,387.3,380.61,381.17,535,27591,0.1518
2025-08-28 11:10:00,24600,PE,997.78,1034.32,1008.16,1010.26,397,24009,0.1555
2025-08-28 11:10:00,24650,CE,391.36,399.44,392.52,394.43,103,27872,0.155
2025-08-28 11:10:00,24650,PE,1057.37,1071.21,1065.24,1069.38,393,24107,0.1525
2025-08-28 11:10:00,24700,CE,404.73,407.73,402.25,404.62,314,20952,0.1549
2025-08-28 11:10:00,24700,PE,1136.16,1144.89,1125.75,1137.49,57,22098,0.1549
2025-08-28 11:10:00,24750,CE,370.59,376.68,372.43,372.83,445,25958,0.155
2025-08-28 11:10:00,24750,PE,1189.19,1185.83,1183.84,1185.19,354,25344,0.1535
2025-08-28 11:10:00,24800,CE,392.69,399.9,388.54,389.71,189,24611,0.1546
2025-08-28 11:10:00,24800,PE,1205.65,1228.31,1197.99,1206.44,425,24529,0.1527
2025-08-28 11:10:00,24850,CE,388.95,399.85,388.83,391.7,27,21488,0.1525
2025-08-28 11:10:00,24850,PE,1274.93,1283.98,1261.18,1266.31,139,22942,0.1524
2025-08-28 11:10:00,24900,CE,390.44,388.62,386.29,386.73,70,19048,0.1552
2025-08-28 11:10:00,24900,PE,1308.26,1327.39,1325.36,1325.86,313,21738,0.1518
2025-08-28 11:15:00,23500,CE,855.97,869.84,855.01,862.66,346,46875,0.1528
2025-08-28 11:15:00,23500,PE,413.82,411.11,406.08,409.82,327,42669,0.1577
2025-08-28 11:15:00,23550,CE,774.37,773.46,772.04,772.29,470,47961,0.155
2025-08-28 11:15:00,23550,PE,390.39,392.51,389.75,391.53,431,51493,0.1551
2025-08-28 11:15:00,23600,CE,723.49,723.42,716.41,721.42,436,56460,0.1534
2025-08-28 11:15:00,23600,PE,360.17,362.29,359.23,360.82,703,54036,0.1548
2025-08-28 11:15:00,23650,CE,702.17,724.71,705.16,707.13,432,59266,0.1536
2025-08-28 11:15:00,23650,PE,368.75,372.91,368.4,368.93,99,58613,0.1544
2025-08-28 11:15:00,23700,CE,646.87,649.15,641.13,646.72,445,64316,0.1556
2025-08-28 11:15:00,23700,PE,407.24,404.08,401.53,404.05,374,65393,0.1574
2025-08-28 11:15:00,23750,CE,618.67,621.6,619.7,620.39,991,70492,0.1554
2025-08-28 11:15:00,23750,PE,377.58,372.92,368.95,372.23,55,74968,0.1519
2025-08-28 11:15:00,23800,CE,531.93,539.33,531.32,532.85,810,84542,0.1535
2025-08-28 11:15:00,23800,PE,380.89,381.87,380.4,381.16,1125,83859,0.154
2025-08-28 11:15:00,23850,CE,481.66,486.98,485.51,485.92,346,76999,0.1509
2025-08-28 11:15:00,23850,PE,419.15,430.0,403.35,414.83,565,73607,0.1545
2025-08-28 11:15:00,23900,CE,444.29,448.17,442.28,443.75,561,67801,0.1543
2025-08-28 11:15:00,23900,PE,380.39,382.11,374.35,379.0,1403,69303,0.1522
2025-08-28 11:15:00,23950,CE,356.75,359.75,355.81,356.01,571,59082,0.1511
2025-08-28 11:15:00,23950,PE,359.28,362.35,360.61,360.87,676,64369,0.1535
2025-08-28 11:15:00,24000,CE,379.21,386.8,381.21,384.24,702,54652,0.1517
2025-08-28 11:15:00,24000,PE,438.93,448.11,432.93,437.52,834,54876,0.1527
2025-08-28 11:15:00,24050,CE,372.76,373.42,371.7,373.36,967,56371,0.1515
2025-08-28 11:15:00,24050,PE,503.45,501.16,491.56,499.94,971,54007,0.155
2025-08-28 11:15:00,24100,CE,375.51,378.7,376.62,377.6,177,49555,0.1544
2025-08-28 11:15:00,24100,PE,535.02,541.6,534.78,534.83,1164,42386,0.1519
2025-08-28 11:15:00,24150,CE,389.0,393.31,379.92,386.53,771,44163,0.1532
2025-08-28 11:15:00,24150,PE,561.18,560.37,550.67,559.44,115,42040,0.1504
2025-08-28 11:15:00,24200,CE,387.13,393.41,381.69,384.86,633,43736,0.1515
2025-08-28 11:15:00,24200,PE,598.4,603.93,587.74,597.48,642,38230,0.153
2025-08-28 11:15:00,24250,CE,375.48,383.88,371.52,373.19,46,37499,0.1534
2025-08-28 11:15:00,24250,PE,659.49,661.86,657.97,660.16,618,36938,0.1528
2025-08-28 11:15:00,24300,CE,394.3,395.57,392.74,395.21,39,37257,0.1534
2025-08-28 11:15:00,24300,PE,727.75,731.54,719.31,722.49,796,37807,0.1504
2025-08-28 11:15:00,24350,CE,382.89,382.17,378.2,378.88,145,34636,0.152
2025-08-28 11:15:00,24350,PE,784.81,786.99,776.29,780.11,137,31632,0.1512
2025-08-28 11:15:00,24400,CE,393.25,395.33,387.96,391.62,352,32739,0.1548
2025-08-28 11:15:00,24400,PE,812.72,839.05,802.73,817.53,334,33043,0.15
2025-08-28 11:15:00,24450,CE,373.04,380.82,378.73,380.74,346,27364,0.1545
2025-08-28 11:15:00,24450,PE,864.85,875.21,858.87,869.27,218,29724,0.1483
2025-08-28 11:15:00,24500,CE,375.25,380.86,376.12,377.69,570,30270,0.1527
2025-08-28 11:15:00,24500,PE,972.9,967.36,945.54,961.64,441,26545,0.155
2025-08-28 11:15:00,24550,CE,392.07,403.08,389.6,397.47,417,26836,0.1561
2025-08-28 11:15:00,24550,PE,971.63,998.44,980.14,982.87,155,30956,0.1524
2025-08-28 11:15:00,24600,CE,399.5,401.09,400.3,400.85,217,27073,0.1545
2025-08-28 11:15:00,24600,PE,1039.3,1040.05,1036.73,1038.51,402,24065,0.1543
2025-08-28 11:15:00,24650,CE,362.83,369.25,359.6,368.65,315,27886,0.1511
2025-08-28 11:15:00,24650,PE,1087.5,1111.82,1078.56,1090.91,455,23725,0.1517
2025-08-28 11:15:00,24700,CE,415.09,417.46,410.07,415.83,46,20993,0.1533
2025-08-28 11:15:00,24700,PE,1148.14,1169.73,1145.09,1147.5,425,22053,0.1552
2025-08-28 11:15:00,24750,CE,373.35,372.74,368.02,368.66,199,26069,0.152
2025-08-28 11:15:00,24750,PE,1184.33,1197.26,1190.38,1190.66,164,25420,0.1558
2025-08-28 11:15:00,24800,CE,412.72,417.6,411.64,412.59,428,24496,0.1557
2025-08-28 11:15:00,24800,PE,1257.59,1261.01,1250.72,1253.23,218,24866,0.1579
2025-08-28 11:15:00,24850,CE,415.33,421.77,414.61,415.81,288,21316,0.154
2025-08-28 11:15:00,24850,PE,1291.25,1313.02,1290.37,1301.75,226,22911,0.1545
2025-08-28 11:15:00,24900,CE,413.95,409.95,398.41,407.79,166,18959,0.153
2025-08-28 11:15:00,24900,PE,1310.98,1356.1,1318.95,1323.85,13,21721,0.1513
2025-08-28 11:20:00,23500,CE,815.45,825.58,816.72,818.97,225,47235,0.1563
2025-08-28 11:20:00,23500,PE,385.11,386.15,379.22,385.88,440,42920,0.1565
2025-08-28 11:20:00,23550,CE,804.48,812.33,792.23,798.44,206,47411,0.1511
2025-08-28 11:20:00,23550,PE,395.24,403.25,396.25,399.94,293,51486,0.154
2025-08-28 11:20:00,23600,CE,732.44,733.8,729.28,733.29,354,56009,0.1515
2025-08-28 11:20:00,23600,PE,427.87,432.88,418.31,426.4,173,54311,0.1569
2025-08-28 11:20:00,23650,CE,674.99,684.66,671.41,676.06,791,59850,0.1536
2025-08-28 11:20:00,23650,PE,376.12,374.05,361.7,372.92,450,58755,0.1531
2025-08-28 11:20:00,23700,CE,604.36,602.71,594.23,599.82,587,64171,0.1536
2025-08-28 11:20:00,23700,PE,365.04,366.55,361.29,365.76,326,64879,0.1545
2025-08-28 11:20:00,23750,CE,588.18,588.81,584.02,585.51,55,70291,0.1513
2025-08-28 11:20:00,23750,PE,392.01,394.26,386.32,386.78,401,74998,0.1533
2025-08-28 11:20:00,23800,CE,534.71,537.15,528.95,536.54,1152,84999,0.1543
2025-08-28 11:20:00,23800,PE,373.78,379.36,374.49,376.41,246,83874,0.1563
2025-08-28 11:20:00,23850,CE,488.61,486.91,472.9,484.85,759,77580,0.1561
2025-08-28 11:20:00,23850,PE,398.32,399.0,391.91,393.54,557,73449,0.1508
2025-08-28 11:20:00,23900,CE,415.66,428.23,416.83,418.71,1190,67201,0.1549
2025-08-28 11:20:00,23900,PE,384.21,386.99,383.44,386.8,172,69457,0.1519
2025-08-28 11:20:00,23950,CE,400.45,403.23,395.31,399.39,604,58744,0.157
2025-08-28 11:20:00,23950,PE,382.53,386.1,382.48,384.16,1459,64061,0.152
2025-08-28 11:20:00,24000,CE,391.28,395.16,388.85,390.71,63,54072,0.149
2025-08-28 11:20:00,24000,PE,460.4,460.82,457.64,459.12,1361,54913,0.1562
2025-08-28 11:20:00,24050,CE,421.05,427.85,414.96,420.32,39,56068,0.1561
2025-08-28 11:20:00,24050,PE,495.36,504.94,490.87,495.75,441,54600,0.1561
2025-08-28 11:20:00,24100,CE,411.02,426.14,411.43,412.72,629,49957,0.1565
2025-08-28 11:20:00,24100,PE,542.95,547.27,535.1,539.94,527,42651,0.1539
2025-08-28 11:20:00,24150,CE,370.91,370.38,369.21,370.05,54,43987,0.1514
2025-08-28 11:20:00,24150,PE,608.21,597.67,586.43,596.48,484,41525,0.1534
2025-08-28 11:20:00,24200,CE,379.31,379.34,377.59,379.19,259,43938,0.1523
2025-08-28 11:20:00,24200,PE,633.44,635.3,632.45,634.95,645,37656,0.1517
2025-08-28 11:20:00,24250,CE,364.82,367.24,360.82,365.08,236,37428,0.1544
2025-08-28 11:20:00,24250,PE,671.52,687.41,669.87,673.47,243,36401,0.1514
2025-08-28 11:20:00,24300,CE,380.44,385.89,379.78,380.79,42,37328,0.1556
2025-08-28 11:20:00,24300,PE,722.98,732.29,719.84,723.48,297,37878,0.152
2025-08-28 11:20:00,24350,CE,388.56,395.51,392.61,392.71,519,34672,0.1507
2025-08-28 11:20:00,24350,PE,774.2,780.59,774.54,774.95,412,31889,0.1529
2025-08-28 11:20:00,24400,CE,372.39,376.9,367.07,372.32,133,32412,0.1518
2025-08-28 11:20:00,24400,PE,833.56,847.9,834.28,834.54,497,32733,0.1528
2025-08-28 11:20:00,24450,CE,397.84,395.25,385.05,394.81,558,27263,0.1536
2025-08-28 11:20:00,24450,PE,872.87,874.89,871.27,872.4,60,29967,0.156
2025-08-28 11:20:00,24500,CE,370.01,375.14,369.56,373.12,260,29810,0.1539
2025-08-28 11:20:00,24500,PE,950.76,959.39,941.03,951.55,135,27008,0.153
2025-08-28 11:20:00,24550,CE,405.02,412.88,405.38,407.63,264,26538,0.1543
2025-08-28 11:20:00,24550,PE,988.17,1009.09,992.97,996.11,311,30509,0.1508
2025-08-28 11:20:00,24600,CE,352.11,350.69,347.41,350.26,214,27191,0.1537
2025-08-28 11:20:00,24600,PE,995.1,1020.93,1000.18,1008.49,512,23795,0.1546
2025-08-28 11:20:00,24650,CE,371.02,375.04,369.98,371.81,421,27776,0.1526
2025-08-28 11:20:00,24650,PE,1122.57,1123.07,1097.14,1111.44,453,23198,0.1519
2025-08-28 11:20:00,24700,CE,410.18,422.03,415.6,415.62,72,20950,0.1547
2025-08-28 11:20:00,24700,PE,1160.38,1147.65,1140.12,1142.39,382,21817,0.1541
2025-08-28 11:20:00,24750,CE,375.31,378.77,373.73,374.85,62,25672,0.1552
2025-08-28 11:20:00,24750,PE,1175.51,1209.54,1172.11,1172.48,138,25283,0.1514
2025-08-28 11:20:00,24800,CE,395.57,394.8,386.08,390.93,256,24820,0.1522
2025-08-28 11:20:00,24800,PE,1208.78,1228.0,1213.74,1220.93,62,25182,0.1521
2025-08-28 11:20:00,24850,CE,390.77,387.83,374.67,384.63,416,21148,0.1532
2025-08-28 11:20:00,24850,PE,1295.54,1286.05,1269.55,1278.86,92,23480,0.1528
2025-08-28 11:20:00,24900,CE,400.88,409.28,399.25,404.94,369,18510,0.1518
2025-08-28 11:20:00,24900,PE,1358.67,1363.15,1349.46,1350.07,343,22146,0.1494
2025-08-28 11:25:00,23500,CE,832.32,850.1,835.88,844.04,211,47809,0.1486
2025-08-28 11:25:00,23500,PE,414.42,423.92,409.53,416.43,136,43007,0.1549
2025-08-28 11:25:00,23550,CE,797.46,811.44,800.59,806.69,510,46883,0.1531
2025-08-28 11:25:00,23550,PE,412.93,417.79,408.11,410.02,664,51991,0.1552
2025-08-28 11:25:00,23600,CE,767.61,762.83,750.87,757.87,300,55933,0.1546
2025-08-28 11:25:00,23600,PE,411.83,417.23,406.96,413.89,295,53917,0.1558
2025-08-28 11:25:00,23650,CE,752.28,761.42,742.77,750.39,746,60319,0.1572
2025-08-28 11:25:00,23650,PE,355.11,355.61,354.29,354.84,488,58667,0.1515
2025-08-28 11:25:00,23700,CE,612.48,617.61,610.3,616.22,628,64170,0.1543
2025-08-28 11:25:00,23700,PE,407.24,408.08,403.35,405.5,696,64964,0.1578
2025-08-28 11:25:00,23750,CE,610.21,605.69,589.5,600.31,190,70778,0.151
2025-08-28 11:25:00,23750,PE,384.02,388.5,383.66,385.98,442,75002,0.1564
2025-08-28 11:25:00,23800,CE,574.79,575.05,556.59,570.12,753,85464,0.1563
2025-08-28 11:25:00,23800,PE,403.06,413.0,396.53,402.17,483,83478,0.1528
2025-08-28 11:25:00,23850,CE,501.23,518.12,504.61,507.09,153,77720,0.161
2025-08-28 11:25:00,23850,PE,402.63,405.04,395.03,400.3,545,73479,0.1547
2025-08-28 11:25:00,23900,CE,444.9,454.98,449.54,451.21,1237,66991,0.154
2025-08-28 11:25:00,23900,PE,392.68,398.16,387.9,390.66,950,69112,0.152
2025-08-28 11:25:00,23950,CE,405.9,407.52,403.97,407.29,1193,58227,0.1561
2025-08-28 11:25:00,23950,PE,389.2,387.42,385.72,386.16,373,63775,0.1515
2025-08-28 11:25:00,24000,CE,416.79,415.85,415.03,415.56,322,54288,0.1543
2025-08-28 11:25:00,24000,PE,413.39,421.05,415.46,418.19,650,54646,0.1545
2025-08-28 11:25:00,24050,CE,371.62,373.76,365.66,372.69,386,56341,0.1504
2025-08-28 11:25:00,24050,PE,454.81,459.6,455.44,455.61,766,55050,0.1536
2025-08-28 11:25:00,24100,CE,404.21,416.52,407.64,410.16,621,50190,0.1548
2025-08-28 11:25:00,24100,PE,493.0,510.39,500.42,504.46,1115,43017,0.1526
2025-08-28 11:25:00,24150,CE,415.66,420.09,411.95,415.34,822,44074,0.1547
2025-08-28 11:25:00,24150,PE,569.76,568.46,562.95,565.65,944,42060,0.154
2025-08-28 11:25:00,24200,CE,381.59,387.31,379.95,381.45,130,44253,0.1554
2025-08-28 11:25:00,24200,PE,630.97,633.85,627.82,630.09,29,37443,0.1547
2025-08-28 11:25:00,24250,CE,370.29,372.08,363.26,370.05,723,37696,0.1517
2025-08-28 11:25:00,24250,PE,635.75,636.58,634.27,635.03,552,36607,0.1505
2025-08-28 11:25:00,24300,CE,394.45,400.17,387.23,391.83,139,37629,0.1534
2025-08-28 11:25:00,24300,PE,705.8,707.82,693.36,704.14,93,37661,0.1529
2025-08-28 11:25:00,24350,CE,365.89,364.93,358.43,361.09,75,34683,0.1525
2025-08-28 11:25:00,24350,PE,763.88,763.08,751.41,759.45,651,32345,0.1543
2025-08-28 11:25:00,24400,CE,390.94,395.04,385.8,388.71,18,32982,0.152
2025-08-28 11:25:00,24400,PE,801.65,814.18,794.79,798.39,154,32564,0.1506
2025-08-28 11:25:00,24450,CE,389.04,397.79,388.09,391.9,192,27247,0.1532
2025-08-28 11:25:00,24450,PE,870.97,881.97,877.91,880.21,15,29763,0.1559
2025-08-28 11:25:00,24500,CE,412.83,418.13,407.82,411.42,194,30071,0.1568
2025-08-28 11:25:00,24500,PE,920.63,915.59,909.63,915.12,530,26454,0.1539
2025-08-28 11:25:00,24550,CE,385.34,383.09,378.4,379.82,243,27082,0.1544
2025-08-28 11:25:00,24550,PE,957.84,972.55,967.31,968.44,538,30568,0.1519
2025-08-28 11:25:00,24600,CE,375.78,377.29,370.69,373.49,413,26916,0.1553
2025-08-28 11:25:00,24600,PE,1051.13,1053.3,1041.44,1046.23,442,23239,0.1558
2025-08-28 11:25:00,24650,CE,393.65,402.78,395.14,396.89,271,27848,0.1516
2025-08-28 11:25:00,24650,PE,1075.26,1080.22,1062.36,1068.16,96,23301,0.1531
2025-08-28 11:25:00,24700,CE,394.43,399.38,392.35,396.14,464,21184,0.1551
2025-08-28 11:25:00,24700,PE,1105.22,1115.77,1106.99,1110.11,77,21847,0.1515
2025-08-28 11:25:00,24750,CE,419.41,432.82,421.02,424.33,334,25690,0.1529
2025-08-28 11:25:00,24750,PE,1198.88,1208.55,1175.12,1194.32,78,25047,0.1529
2025-08-28 11:25:00,24800,CE,406.19,412.38,408.53,408.95,210,24452,0.1537
2025-08-28 11:25:00,24800,PE,1198.75,1229.32,1201.28,1201.77,194,24883,0.1542
2025-08-28 11:25:00,24850,CE,382.45,386.6,382.48,385.21,66,20997,0.1564
2025-08-28 11:25:00,24850,PE,1287.18,1286.35,1284.33,1284.81,14,23808,0.1537
2025-08-28 11:25:00,24900,CE,387.04,394.4,384.41,389.97,23,18051,0.1547
2025-08-28 11:25:00,24900,PE,1340.61,1345.79,1324.78,1327.27,129,22318,0.1558
2025-08-28 11:30:00,23500,CE,834.06,857.19,838.45,838.86,311,47254,0.1529
2025-08-28 11:30:00,23500,PE,405.29,411.14,403.18,407.59,237,42458,0.1545
2025-08-28 11:30:00,23550,CE,800.19,801.48,788.28,792.39,321,46611,0.1583
2025-08-28 11:30:00,23550,PE,377.4,388.27,381.45,382.71,662,51819,0.1528
2025-08-28 11:30:00,23600,CE,736.94,747.99,729.95,738.03,474,55560,0.1539
2025-08-28 11:30:00,23600,PE,370.29,377.05,370.32,372.18,389,54380,0.153
2025-08-28 11:30:00,23650,CE,673.7,671.32,659.19,668.59,35,60084,0.1517
2025-08-28 11:30:00,23650,PE,368.85,369.49,363.86,368.67,318,58629,0.1533
2025-08-28 11:30:00,23700,CE,635.2,637.87,629.45,635.3,400,64762,0.1544
2025-08-28 11:30:00,23700,PE,397.34,407.53,398.32,399.82,147,64668,0.1538
2025-08-28 11:30:00,23750,CE,593.0,584.99,572.1,581.94,501,70920,0.155
2025-08-28 11:30:00,23750,PE,348.81,354.66,351.04,352.79,101,75297,0.1533
2025-08-28 11:30:00,23800,CE,524.5,526.67,523.36,524.78,625,85189,0.1527
2025-08-28 11:30:00,23800,PE,435.13,432.71,429.91,430.16,456,82946,0.1567
2025-08-28 11:30:00,23850,CE,482.77,490.71,476.14,481.3,886,78069,0.1542
2025-08-28 11:30:00,23850,PE,369.12,368.82,364.87,366.56,1320,73225,0.1539
2025-08-28 11:30:00,23900,CE,461.9,460.53,457.25,459.66,432,66776,0.1515
2025-08-28 11:30:00,23900,PE,407.78,417.45,403.22,409.11,221,69009,0.154
2025-08-28 11:30:00,23950,CE,396.95,396.58,391.97,394.51,250,57673,0.1551
2025-08-28 11:30:00,23950,PE,371.78,379.17,368.16,372.85,630,64196,0.1525
2025-08-28 11:30:00,24000,CE,365.44,370.89,366.7,368.34,1482,54723,0.1557
2025-08-28 11:30:00,24000,PE,431.95,440.29,432.93,433.71,1462,55091,0.1546
2025-08-28 11:30:00,24050,CE,415.9,428.55,414.23,415.37,873,55960,0.1569
2025-08-28 11:30:00,24050,PE,467.31,480.69,472.65,473.89,1078,55621,0.1545
2025-08-28 11:30:00,24100,CE,379.52,380.1,373.31,377.29,590,50383,0.1534
2025-08-28 11:30:00,24100,PE,580.75,587.16,576.66,579.59,460,43128,0.1581
2025-08-28 11:30:00,24150,CE,400.38,406.48,395.25,402.35,38,44340,0.1531
2025-08-28 11:30:00,24150,PE,583.54,598.02,580.94,583.37,553,42367,0.1512
2025-08-28 11:30:00,24200,CE,394.67,397.25,392.74,396.43,364,44152,0.1549
2025-08-28 11:30:00,24200,PE,641.99,647.69,638.53,641.73,151,37543,0.1563
2025-08-28 11:30:00,24250,CE,381.81,377.83,375.11,377.71,797,37798,0.1497
2025-08-28 11:30:00,24250,PE,668.18,677.81,662.87,671.38,777,36016,0.1528
2025-08-28 11:30:00,24300,CE,385.54,382.0,374.18,377.84,590,37040,0.1493
2025-08-28 11:30:00,24300,PE,758.29,763.69,740.57,749.98,350,37625,0.1533
2025-08-28 11:30:00,24350,CE,390.08,395.72,389.43,393.23,351,34753,0.1516
2025-08-28 11:30:00,24350,PE,794.59,810.27,800.02,802.86,569,32593,0.1527
2025-08-28 11:30:00,24400,CE,388.18,394.47,387.36,391.51,46,33285,0.155
2025-08-28 11:30:00,24400,PE,823.09,843.6,819.42,822.43,280,32666,0.1514
2025-08-28 11:30:00,24450,CE,381.84,393.92,379.94,380.7,591,26988,0.1544
2025-08-28 11:30:00,24450,PE,888.77,904.79,890.0,891.99,395,29906,0.1525
2025-08-28 11:30:00,24500,CE,398.72,404.14,396.06,396.6,308,29782,0.1563
2025-08-28 11:30:00,24500,PE,962.32,966.94,960.82,964.96,454,26835,0.1554
2025-08-28 11:30:00,24550,CE,395.66,397.1,392.17,395.51,538,26989,0.1538
2025-08-28 11:30:00,24550,PE,968.98,979.66,964.76,966.22,83,31041,0.1502
2025-08-28 11:30:00,24600,CE,379.31,387.42,374.58,379.41,332,26469,0.154
2025-08-28 11:30:00,24600,PE,1015.84,1037.71,1023.57,1023.8,421,23485,0.1512
2025-08-28 11:30:00,24650,CE,377.01,380.95,375.45,377.0,427,27763,0.1547
2025-08-28 11:30:00,24650,PE,1097.06,1095.97,1071.06,1091.42,246,22853,0.1532
2025-08-28 11:30:00,24700,CE,361.52,366.0,358.35,363.12,213,21254,0.1494
2025-08-28 11:30:00,24700,PE,1142.52,1156.55,1132.84,1143.87,422,21501,0.1533
2025-08-28 11:30:00,24750,CE,390.65,386.91,379.39,382.66,27,25440,0.1566
2025-08-28 11:30:00,24750,PE,1177.82,1193.98,1180.97,1183.66,99,24994,0.1514
2025-08-28 11:30:00,24800,CE,380.42,386.33,383.47,384.41,315,24289,0.1496
2025-08-28 11:30:00,24800,PE,1225.74,1255.04,1214.43,1220.47,156,24749,0.1539
2025-08-28 11:30:00,24850,CE,367.95,374.7,367.89,369.17,415,20873,0.1553
2025-08-28 11:30:00,24850,PE,1252.01,1278.05,1258.32,1264.47,306,23228,0.1515
2025-08-28 11:30:00,24900,CE,387.21,389.12,378.59,387.46,51,17891,0.1511
2025-08-28 11:30:00,24900,PE,1355.07,1384.35,1351.17,1354.48,220,22190,0.1518
2025-08-28 11:35:00,23500,CE,869.28,876.51,872.59,874.64,187,47365,0.1562
2025-08-28 11:35:00,23500,PE,418.09,422.18,405.88,417.49,182,42435,0.1586
2025-08-28 11:35:00,23550,CE,785.98,807.28,791.17,793.31,89,46218,0.1524
2025-08-28 11:35:00,23550,PE,411.14,418.24,413.02,413.47,652,51924,0.155
2025-08-28 11:35:00,23600,CE,761.43,778.29,763.1,765.36,245,55002,0.1544
2025-08-28 11:35:00,23600,PE,366.96,374.56,359.42,364.92,607,54179,0.1514
2025-08-28 11:35:00,23650,CE,700.06,707.0,696.2,701.35,390,60228,0.1558
2025-08-28 11:35:00,23650,PE,400.95,403.02,396.38,398.87,75,58777,0.1547
2025-08-28 11:35:00,23700,CE,653.91,647.34,644.39,646.32,915,64378,0.1506
2025-08-28 11:35:00,23700,PE,399.3,399.24,398.1,398.5,860,64475,0.1569
2025-08-28 11:35:00,23750,CE,609.99,602.99,601.01,602.75,24,70869,0.1567
2025-08-28 11:35:00,23750,PE,335.81,340.1,336.38,337.91,217,75190,0.1505
2025-08-28 11:35:00,23800,CE,551.82,558.1,549.08,550.77,206,85411,0.1534
2025-08-28 11:35:00,23800,PE,406.76,412.64,407.05,409.81,421,83234,0.1562
2025-08-28 11:35:00,23850,CE,527.75,522.81,517.08,517.44,282,77518,0.1551
2025-08-28 11:35:00,23850,PE,392.44,394.03,386.98,390.09,425,73519,0.1534
2025-08-28 11:35:00,23900,CE,448.46,451.24,438.96,442.86,1426,67230,0.1549
2025-08-28 11:35:00,23900,PE,381.79,382.6,378.09,381.94,35,69505,0.1527
2025-08-28 11:35:00,23950,CE,398.61,403.84,401.55,401.83,693,57140,0.1522
2025-08-28 11:35:00,23950,PE,403.43,406.27,401.09,401.36,424,64656,0.1557
2025-08-28 11:35:00,24000,CE,377.22,379.5,374.15,374.79,975,54319,0.1531
2025-08-28 11:35:00,24000,PE,438.85,439.58,434.77,436.1,1288,54897,0.1541
2025-08-28 11:35:00,24050,CE,382.27,383.77,377.48,381.61,185,55817,0.1552
2025-08-28 11:35:00,24050,PE,495.43,504.13,494.45,497.45,1067,55379,0.1527
2025-08-28 11:35:00,24100,CE,402.46,407.57,406.55,407.54,212,50136,0.1561
2025-08-28 11:35:00,24100,PE,509.45,518.4,513.25,516.39,971,42731,0.1536
2025-08-28 11:35:00,24150,CE,383.09,381.21,378.62,379.05,510,44530,0.1557
2025-08-28 11:35:00,24150,PE,579.25,592.18,581.2,583.79,84,42463,0.1551
2025-08-28 11:35:00,24200,CE,396.68,400.88,388.21,395.72,768,44288,0.1539
2025-08-28 11:35:00,24200,PE,631.22,631.69,621.46,628.16,194,37568,0.1509
2025-08-28 11:35:00,24250,CE,381.29,378.45,376.54,377.35,805,37463,0.1526
2025-08-28 11:35:00,24250,PE,652.3,646.25,641.63,645.68,155,36119,0.155
2025-08-28 11:35:00,24300,CE,368.81,377.61,372.85,372.85,349,37224,0.1531
2025-08-28 11:35:00,24300,PE,742.67,746.6,737.98,739.75,499,37087,0.1515
2025-08-28 11:35:00,24350,CE,384.69,380.98,375.07,379.9,551,35338,0.1521
2025-08-28 11:35:00,24350,PE,765.29,783.27,775.51,775.74,115,32688,0.1557
2025-08-28 11:35:00,24400,CE,392.76,406.74,393.2,394.29,270,33450,0.1544
2025-08-28 11:35:00,24400,PE,811.86,811.91,801.17,810.25,419,32749,0.154
2025-08-28 11:35:00,24450,CE,391.37,402.07,387.86,390.26,100,27216,0.1513
2025-08-28 11:35:00,24450,PE,879.76,889.43,865.46,882.57,445,30094,0.1549
2025-08-28 11:35:00,24500,CE,355.36,357.99,348.42,351.39,126,30140,0.1498
2025-08-28 11:35:00,24500,PE,943.94,956.31,933.91,937.93,140,26428,0.1541
2025-08-28 11:35:00,24550,CE,369.86,378.52,373.46,373.58,196,26585,0.1548
2025-08-28 11:35:00,24550,PE,941.95,955.5,933.89,942.98,200,30704,0.1518
2025-08-28 11:35:00,24600,CE,380.1,381.79,378.12,379.23,51,27025,0.1515
2025-08-28 11:35:00,24600,PE,1041.34,1036.37,1013.99,1029.59,374,23313,0.1535
2025-08-28 11:35:00,24650,CE,396.02,392.2,388.29,392.1,203,27542,0.1548
2025-08-28 11:35:00,24650,PE,1069.87,1087.68,1062.25,1074.28,391,22528,0.1533
2025-08-28 11:35:00,24700,CE,387.23,386.22,382.86,383.97,52,21231,0.152
2025-08-28 11:35:00,24700,PE,1125.61,1132.92,1097.08,1122.73,116,21987,0.1498
2025-08-28 11:35:00,24750,CE,355.97,365.74,352.18,356.77,173,25649,0.1545
2025-08-28 11:35:00,24750,PE,1194.81,1201.34,1196.51,1198.43,190,24619,0.1572
2025-08-28 11:35:00,24800,CE,386.35,388.51,382.63,387.28,148,24693,0.1547
2025-08-28 11:35:00,24800,PE,1199.44,1218.65,1212.76,1214.76,42,25283,0.1558
2025-08-28 11:35:00,24850,CE,402.85,413.41,395.17,399.44,16,21128,0.1537
2025-08-28 11:35:00,24850,PE,1261.92,1285.57,1268.73,1272.26,299,23340,0.1529
2025-08-28 11:35:00,24900,CE,385.76,392.68,385.67,386.65,33,18097,0.1524
2025-08-28 11:35:00,24900,PE,1305.34,1292.5,1276.95,1289.88,34,22473,0.1495
2025-08-28 11:40:00,23500,CE,861.44,874.6,866.32,867.66,523,47796,0.157
2025-08-28 11:40:00,23500,PE,367.98,373.13,368.63,370.54,267,42625,0.1561
2025-08-28 11:40:00,23550,CE,819.95,829.49,813.35,818.56,142,46255,0.1556
2025-08-28 11:40:00,23550,PE,387.97,387.49,382.16,384.12,522,51542,0.1519
2025-08-28 11:40:00,23600,CE,767.99,771.11,754.77,758.11,647,54851,0.1552
2025-08-28 11:40:00,23600,PE,392.18,395.69,387.25,393.77,719,53680,0.1503
2025-08-28 11:40:00,23650,CE,708.2,718.08,706.71,708.58,199,60502,0.1549
2025-08-28 11:40:00,23650,PE,404.65,404.49,398.18,399.93,174,59367,0.1525
2025-08-28 11:40:00,23700,CE,629.81,659.45,637.54,639.99,865,63893,0.1511
2025-08-28 11:40:00,23700,PE,425.76,427.46,423.51,423.72,779,64403,0.1571
2025-08-28 11:40:00,23750,CE,626.19,636.5,624.32,627.92,854,71109,0.1557
2025-08-28 11:40:00,23750,PE,358.59,363.79,351.96,359.14,328,74625,0.1502
2025-08-28 11:40:00,23800,CE,563.87,558.4,553.32,553.95,369,85338,0.1532
2025-08-28 11:40:00,23800,PE,370.34,370.5,363.33,368.46,610,83587,0.1552
2025-08-28 11:40:00,23850,CE,532.06,538.23,525.03,525.94,1040,77269,0.1522
2025-08-28 11:40:00,23850,PE,399.02,398.16,396.93,398.1,263,73710,0.1572
2025-08-28 11:40:00,23900,CE,436.05,443.16,432.25,439.91,1086,67358,0.1562
2025-08-28 11:40:00,23900,PE,368.93,373.8,361.76,366.33,905,69745,0.1556
2025-08-28 11:40:00,23950,CE,406.92,406.93,399.69,406.27,712,56828,0.1536
2025-08-28 11:40:00,23950,PE,398.54,401.54,400.12,400.31,1349,64258,0.1561
2025-08-28 11:40:00,24000,CE,373.87,378.08,371.12,374.23,116,53739,0.1529
2025-08-28 11:40:00,24000,PE,411.08,408.26,405.35,407.67,649,54873,0.1525
2025-08-28 11:40:00,24050,CE,358.32,361.47,357.58,358.01,759,55441,0.1486
2025-08-28 11:40:00,24050,PE,460.17,472.36,464.48,466.78,603,55560,0.156
2025-08-28 11:40:00,24100,CE,400.45,403.4,401.57,402.18,366,50195,0.1547
2025-08-28 11:40:00,24100,PE,504.3,517.04,497.3,503.98,347,43131,0.1515
2025-08-28 11:40:00,24150,CE,369.26,373.85,367.34,369.95,490,44892,0.1561
2025-08-28 11:40:00,24150,PE,581.42,587.72,581.94,584.01,377,42296,0.153
2025-08-28 11:40:00,24200,CE,401.08,401.69,390.76,398.05,744,44043,0.1541
2025-08-28 11:40:00,24200,PE,628.51,629.14,625.34,626.55,706,37066,0.155
2025-08-28 11:40:00,24250,CE,395.44,400.73,395.0,398.83,751,37770,0.1541
2025-08-28 11:40:00,24250,PE,652.57,669.14,640.05,651.01,506,36114,0.1548
2025-08-28 11:40:00,24300,CE,386.66,387.52,382.51,383.46,313,37027,0.1523
2025-08-28 11:40:00,24300,PE,703.99,716.18,703.92,705.39,262,37331,0.1536
2025-08-28 11:40:00,24350,CE,406.94,403.56,399.83,403.16,162,35066,0.1546
2025-08-28 11:40:00,24350,PE,770.31,777.46,759.93,761.54,302,32661,0.1548
2025-08-28 11:40:00,24400,CE,393.9,393.71,393.22,393.58,196,33373,0.156
2025-08-28 11:40:00,24400,PE,802.05,808.35,791.94,793.64,568,32473,0.1555
2025-08-28 11:40:00,24450,CE,399.56,393.38,384.31,391.54,122,27564,0.1557
2025-08-28 11:40:00,24450,PE,849.86,856.47,840.0,841.86,184,30342,0.1523
2025-08-28 11:40:00,24500,CE,355.42,359.63,356.0,357.36,586,30163,0.1533
2025-08-28 11:40:00,24500,PE,939.88,945.12,940.61,941.77,341,26657,0.1528
2025-08-28 11:40:00,24550,CE,380.92,385.57,379.31,382.16,80,26092,0.154
2025-08-28 11:40:00,24550,PE,959.04,968.17,947.91,954.96,113,30619,0.1534
2025-08-28 11:40:00,24600,CE,369.77,374.39,362.09,366.72,461,27145,0.1546
2025-08-28 11:40:00,24600,PE,1021.01,1038.61,1013.59,1033.58,472,23185,0.1564
2025-08-28 11:40:00,24650,CE,418.96,418.39,408.31,417.21,420,27798,0.1527
2025-08-28 11:40:00,24650,PE,1063.95,1073.43,1062.21,1068.21,60,22554,0.1543
2025-08-28 11:40:00,24700,CE,389.92,398.86,386.91,392.05,316,21090,0.1539
2025-08-28 11:40:00,24700,PE,1189.96,1164.32,1151.09,1159.08,382,21885,0.1593
2025-08-28 11:40:00,24750,CE,382.06,382.27,375.61,381.44,336,25908,0.1497
2025-08-28 11:40:00,24750,PE,1153.75,1166.22,1145.03,1163.82,109,24097,0.1526
2025-08-28 11:40:00,24800,CE,414.92,416.75,412.91,413.83,395,25098,0.1563
2025-08-28 11:40:00,24800,PE,1240.48,1234.04,1225.53,1228.08,428,24751,0.1587
2025-08-28 11:40:00,24850,CE,382.43,384.73,381.2,383.01,302,20687,0.1533
2025-08-28 11:40:00,24850,PE,1266.43,1281.38,1270.14,1271.58,212,23712,0.1497
2025-08-28 11:40:00,24900,CE,376.5,387.68,379.31,381.94,109,17946,0.1526
2025-08-28 11:40:00,24900,PE,1332.29,1329.83,1313.24,1314.35,206,22424,0.1531
2025-08-28 11:45:00,23500,CE,860.91,856.99,842.51,852.23,23,47643,0.1548
2025-08-28 11:45:00,23500,PE,368.93,377.9,367.91,369.37,556,42136,0.1525
2025-08-28 11:45:00,23550,CE,798.75,800.99,788.23,800.92,252,46385,0.1553
2025-08-28 11:45:00,23550,PE,430.35,431.95,426.86,429.66,276,51768,0.1545
2025-08-28 11:45:00,23600,CE,767.55,768.62,753.3,764.54,211,54478,0.1566
2025-08-28 11:45:00,23600,PE,378.7,381.61,379.7,380.38,698,53982,0.1531
2025-08-28 11:45:00,23650,CE,746.58,742.06,739.17,741.76,253,60021,0.1577
2025-08-28 11:45:00,23650,PE,397.57,405.06,398.32,401.0,366,59696,0.1565
2025-08-28 11:45:00,23700,CE,672.51,683.79,677.07,680.02,551,64134,0.1548
2025-08-28 11:45:00,23700,PE,416.81,415.14,411.84,412.3,474,64897,0.1542
2025-08-28 11:45:00,23750,CE,616.41,619.12,611.44,613.66,131,71485,0.1533
2025-08-28 11:45:00,23750,PE,404.01,406.45,404.15,405.91,945,75038,0.1556
2025-08-28 11:45:00,23800,CE,569.56,580.28,573.04,573.79,316,85887,0.1544
2025-08-28 11:45:00,23800,PE,377.89,381.29,377.05,377.43,1044,84000,0.1508
2025-08-28 11:45:00,23850,CE,530.18,535.34,527.43,534.88,399,77624,0.1533
2025-08-28 11:45:00,23850,PE,404.79,398.33,392.11,397.33,1044,73345,0.1579
2025-08-28 11:45:00,23900,CE,497.71,496.62,491.98,495.58,375,67664,0.1527
2025-08-28 11:45:00,23900,PE,388.98,385.39,383.47,384.13,1123,69904,0.154
2025-08-28 11:45:00,23950,CE,415.08,419.68,411.52,414.1,880,57381,0.1518
2025-08-28 11:45:00,23950,PE,372.21,376.91,374.91,375.02,563,64522,0.1524
2025-08-28 11:45:00,24000,CE,382.28,382.31,381.52,381.64,1623,53450,0.1509
2025-08-28 11:45:00,24000,PE,394.05,395.59,389.76,395.38,147,54469,0.1544
2025-08-28 11:45:00,24050,CE,396.15,396.76,388.44,396.63,976,55178,0.1545
2025-08-28 11:45:00,24050,PE,445.66,452.99,447.71,450.01,1043,55536,0.1552
2025-08-28 11:45:00,24100,CE,412.89,417.79,411.73,412.03,1094,50378,0.1553
2025-08-28 11:45:00,24100,PE,538.0,538.47,523.82,529.41,759,42789,0.1525
2025-08-28 11:45:00,24150,CE,380.25,384.28,378.97,379.08,378,44571,0.1569
2025-08-28 11:45:00,24150,PE,573.84,570.26,557.88,568.08,86,42058,0.1548
2025-08-28 11:45:00,24200,CE,385.42,386.66,384.29,386.55,961,44411,0.1527
2025-08-28 11:45:00,24200,PE,589.47,593.92,582.1,588.56,251,36904,0.1522
2025-08-28 11:45:00,24250,CE,345.33,344.66,340.1,343.13,669,37264,0.1496
2025-08-28 11:45:00,24250,PE,637.41,641.62,631.45,634.75,666,36168,0.1565
2025-08-28 11:45:00,24300,CE,386.83,387.66,385.89,386.51,603,36434,0.153
2025-08-28 11:45:00,24300,PE,714.58,719.07,714.06,717.41,787,37539,0.1518
2025-08-28 11:45:00,24350,CE,390.7,398.05,393.33,396.63,144,35476,0.1517
2025-08-28 11:45:00,24350,PE,733.89,735.59,729.93,733.06,34,32260,0.1533
2025-08-28 11:45:00,24400,CE,365.85,371.69,365.9,367.59,571,33786,0.1488
2025-08-28 11:45:00,24400,PE,795.8,799.46,798.62,799.02,81,32687,0.1526
2025-08-28 11:45:00,24450,CE,418.18,429.81,416.38,417.8,545,27082,0.1542
2025-08-28 11:45:00,24450,PE,845.49,849.44,848.87,849.42,60,30015,0.1511
2025-08-28 11:45:00,24500,CE,399.67,403.27,397.99,401.14,147,29835,0.1535
2025-08-28 11:45:00,24500,PE,898.61,898.6,895.28,898.0,501,26303,0.1527
2025-08-28 11:45:00,24550,CE,383.04,387.39,382.42,384.23,319,25893,0.1534
2025-08-28 11:45:00,24550,PE,934.09,941.62,930.2,937.51,195,31108,0.1492
2025-08-28 11:45:00,24600,CE,385.54,386.73,381.1,386.27,184,26813,0.1555
2025-08-28 11:45:00,24600,PE,999.53,1019.88,1005.39,1005.94,134,23697,0.1505
2025-08-28 11:45:00,24650,CE,367.44,373.0,365.64,371.2,443,27857,0.1547
2025-08-28 11:45:00,24650,PE,1053.03,1057.74,1039.35,1050.18,295,22574,0.1541
2025-08-28 11:45:00,24700,CE,400.66,402.79,400.89,401.97,298,21298,0.1496
2025-08-28 11:45:00,24700,PE,1069.36,1075.14,1048.37,1064.35,37,22251,0.1535
2025-08-28 11:45:00,24750,CE,388.44,392.32,386.77,388.65,363,26457,0.1547
2025-08-28 11:45:00,24750,PE,1174.68,1180.87,1164.76,1170.19,209,23500,0.1547
2025-08-28 11:45:00,24800,CE,385.42,381.91,380.48,381.13,174,24975,0.1487
2025-08-28 11:45:00,24800,PE,1235.67,1248.61,1205.82,1218.56,282,24365,0.1516
2025-08-28 11:45:00,24850,CE,377.75,380.85,377.56,379.34,41,20269,0.1521
2025-08-28 11:45:00,24850,PE,1249.57,1264.97,1231.09,1243.52,301,23288,0.1531
2025-08-28 11:45:00,24900,CE,389.92,408.13,394.05,395.15,267,18197,0.1541
2025-08-28 11:45:00,24900,PE,1316.33,1320.57,1316.65,1319.78,241,21885,0.1504
2025-08-28 11:50:00,23500,CE,855.02,867.67,825.55,848.38,85,48047,0.1541
2025-08-28 11:50:00,23500,PE,380.25,382.36,379.19,380.43,416,42439,0.151
2025-08-28 11:50:00,23550,CE,842.83,833.58,821.4,822.77,669,46276,0.1567
2025-08-28 11:50:00,23550,PE,374.77,375.29,368.37,372.34,639,51678,0.1536
2025-08-28 11:50:00,23600,CE,766.96,768.75,748.56,762.36,693,54692,0.1536
2025-08-28 11:50:00,23600,PE,398.25,397.71,391.72,397.01,180,53394,0.1551
2025-08-28 11:50:00,23650,CE,702.19,710.49,685.84,700.2,760,59885,0.1515
2025-08-28 11:50:00,23650,PE,407.72,413.98,407.88,409.68,716,59312,0.1573
2025-08-28 11:50:00,23700,CE,663.13,669.49,657.21,660.78,423,63750,0.1528
2025-08-28 11:50:00,23700,PE,358.75,364.67,356.81,362.3,120,64957,0.152
2025-08-28 11:50:00,23750,CE,647.63,642.94,640.0,641.82,448,71180,0.1547
2025-08-28 11:50:00,23750,PE,355.77,356.42,353.61,355.55,344,74888,0.1539
2025-08-28 11:50:00,23800,CE,579.8,589.69,577.51,583.16,258,86147,0.1562
2025-08-28 11:50:00,23800,PE,363.49,374.59,363.87,366.85,339,84144,0.154
2025-08-28 11:50:00,23850,CE,507.68,503.22,498.48,501.16,921,77420,0.1514
2025-08-28 11:50:00,23850,PE,393.15,396.68,389.29,394.87,99,72804,0.1539
2025-08-28 11:50:00,23900,CE,447.16,449.31,447.35,447.44,841,67095,0.1522
2025-08-28 11:50:00,23900,PE,405.58,401.93,396.26,398.71,195,69889,0.1522
2025-08-28 11:50:00,23950,CE,410.86,412.53,405.92,408.94,490,57286,0.1562
2025-08-28 11:50:00,23950,PE,403.32,416.07,406.01,406.13,1164,64877,0.1539
2025-08-28 11:50:00,24000,CE,387.56,385.76,382.58,384.1,653,52948,0.1532
2025-08-28 11:50:00,24000,PE,414.21,428.4,414.09,419.28,347,54888,0.1555
2025-08-28 11:50:00,24050,CE,370.95,372.96,371.71,371.93,41,54833,0.1558
2025-08-28 11:50:00,24050,PE,443.16,453.79,448.44,448.6,1372,55356,0.1539
2025-08-28 11:50:00,24100,CE,391.2,393.7,390.32,390.92,61,50809,0.1527
2025-08-28 11:50:00,24100,PE,501.3,510.15,502.32,507.68,922,43194,0.1537
2025-08-28 11:50:00,24150,CE,388.08,386.12,384.11,386.11,752,44588,0.1529
2025-08-28 11:50:00,24150,PE,564.2,571.99,561.99,568.57,787,41555,0.1555
2025-08-28 11:50:00,24200,CE,384.43,388.57,381.44,383.5,116,44519,0.1535
2025-08-28 11:50:00,24200,PE,608.07,610.13,606.9,609.21,474,37218,0.1541
2025-08-28 11:50:00,24250,CE,373.63,370.32,368.26,369.95,845,36978,0.1527
2025-08-28 11:50:00,24250,PE,683.47,684.0,672.72,682.44,310,35787,0.1542
2025-08-28 11:50:00,24300,CE,402.61,409.01,404.7,407.82,670,36430,0.1557
2025-08-28 11:50:00,24300,PE,696.61,712.93,692.45,697.68,294,37838,0.1502
2025-08-28 11:50:00,24350,CE,403.82,397.29,389.77,395.02,363,35481,0.1515
2025-08-28 11:50:00,24350,PE,755.02,756.67,752.62,756.42,640,31947,0.1525
2025-08-28 11:50:00,24400,CE,415.13,422.75,413.68,414.38,470,34228,0.1564
2025-08-28 11:50:00,24400,PE,789.57,815.1,787.32,792.86,626,33133,0.1519
2025-08-28 11:50:00,24450,CE,387.76,391.64,389.38,390.49,149,27271,0.1506
2025-08-28 11:50:00,24450,PE,881.55,887.62,873.46,885.3,385,29504,0.1551
2025-08-28 11:50:00,24500,CE,382.81,380.37,379.98,380.31,339,29513,0.1544
2025-08-28 11:50:00,24500,PE,923.62,926.06,912.46,919.42,327,26445,0.1566
2025-08-28 11:50:00,24550,CE,388.94,401.82,390.84,392.96,411,26230,0.1533
2025-08-28 11:50:00,24550,PE,954.51,964.58,941.78,947.02,346,31077,0.1556
2025-08-28 11:50:00,24600,CE,393.11,397.42,390.8,393.5,539,26577,0.1517
2025-08-28 11:50:00,24600,PE,992.39,1016.39,1003.89,1009.7,170,24158,0.1549
2025-08-28 11:50:00,24650,CE,391.22,394.73,387.37,391.16,506,27714,0.1528
2025-08-28 11:50:00,24650,PE,1090.38,1084.76,1077.33,1081.13,453,23073,0.1545
2025-08-28 11:50:00,24700,CE,392.83,393.18,388.51,390.51,425,21336,0.1543
2025-08-28 11:50:00,24700,PE,1110.92,1114.98,1100.95,1105.42,380,22388,0.1548
2025-08-28 11:50:00,24750,CE,384.74,385.29,382.17,383.37,24,26006,0.152
2025-08-28 11:50:00,24750,PE,1160.64,1178.95,1171.83,1174.51,446,23221,0.1525
2025-08-28 11:50:00,24800,CE,361.32,365.97,361.29,364.02,85,25544,0.1498
2025-08-28 11:50:00,24800,PE,1198.73,1228.23,1201.91,1207.14,158,24627,0.1556
2025-08-28 11:50:00,24850,CE,393.47,397.85,397.29,397.68,343,20241,0.1514
2025-08-28 11:50:00,24850,PE,1269.23,1267.2,1241.19,1259.03,277,23313,0.1537
2025-08-28 11:50:00,24900,CE,377.47,380.11,378.5,379.68,192,17702,0.1556
2025-08-28 11:50:00,24900,PE,1306.92,1329.99,1308.34,1321.58,49,22224,0.156
2025-08-28 11:55:00,23500,CE,856.77,877.09,853.67,857.48,574,47532,0.1534
2025-08-28 11:55:00,23500,PE,381.64,391.05,383.17,383.55,215,42303,0.1528
2025-08-28 11:55:00,23550,CE,801.83,813.93,792.98,797.6,40,46168,0.1526
2025-08-28 11:55:00,23550,PE,375.32,374.25,361.59,372.56,686,51801,0.157
2025-08-28 11:55:00,23600,CE,760.33,767.5,764.24,764.36,708,54590,0.1535
2025-08-28 11:55:00,23600,PE,383.16,389.87,385.73,388.9,589,53946,0.1538
2025-08-28 11:55:00,23650,CE,720.22,722.15,714.02,718.9,459,60242,0.1571
2025-08-28 11:55:00,23650,PE,381.34,388.38,378.69,382.38,175,59863,0.153
2025-08-28 11:55:00,23700,CE,630.59,651.1,634.73,642.67,907,63772,0.1549
2025-08-28 11:55:00,23700,PE,385.25,389.02,386.54,388.81,106,64719,0.1535
2025-08-28 11:55:00,23750,CE,602.37,608.59,597.52,601.98,319,71757,0.1549
2025-08-28 11:55:00,23750,PE,396.01,399.1,391.97,396.61,75,74385,0.1551
2025-08-28 11:55:00,23800,CE,546.96,543.81,534.62,543.18,942,86659,0.1548
2025-08-28 11:55:00,23800,PE,401.97,408.88,401.98,403.65,303,83658,0.1528
2025-08-28 11:55:00,23850,CE,503.86,505.95,502.55,503.45,1204,77788,0.157
2025-08-28 11:55:00,23850,PE,400.09,405.02,396.33,401.03,928,73139,0.1568
2025-08-28 11:55:00,23900,CE,459.8,475.93,456.8,456.83,1379,67286,0.155
2025-08-28 11:55:00,23900,PE,402.11,403.98,396.17,398.93,167,70228,0.1547
2025-08-28 11:55:00,23950,CE,402.65,403.33,401.06,401.65,171,56791,0.155
2025-08-28 11:55:00,23950,PE,382.71,375.38,369.91,374.31,837,64725,0.1538
2025-08-28 11:55:00,24000,CE,392.86,396.83,386.76,390.06,919,52751,0.1561
2025-08-28 11:55:00,24000,PE,410.29,412.8,406.55,406.96,1357,55465,0.1521
2025-08-28 11:55:00,24050,CE,401.04,407.66,398.94,400.53,1333,54800,0.1529
2025-08-28 11:55:00,24050,PE,485.21,495.18,483.3,484.11,739,54815,0.1529
2025-08-28 11:55:00,24100,CE,396.28,397.35,393.19,394.29,1070,50520,0.1532
2025-08-28 11:55:00,24100,PE,535.93,533.57,530.6,532.95,315,43606,0.153
2025-08-28 11:55:00,24150,CE,401.4,401.94,394.19,399.84,1061,45057,0.1518
2025-08-28 11:55:00,24150,PE,570.72,584.38,571.45,572.31,42,42067,0.1533
2025-08-28 11:55:00,24200,CE,382.3,380.81,376.34,379.78,421,44091,0.1545
2025-08-28 11:55:00,24200,PE,644.46,636.76,631.5,635.05,160,37443,0.1561
2025-08-28 11:55:00,24250,CE,342.11,348.2,339.15,344.04,721,36860,0.1503
2025-08-28 11:55:00,24250,PE,664.2,682.5,667.62,673.14,540,36069,0.1554
2025-08-28 11:55:00,24300,CE,389.6,398.04,387.63,392.38,352,36819,0.1539
2025-08-28 11:55:00,24300,PE,732.79,736.24,715.77,727.72,247,37551,0.1551
2025-08-28 11:55:00,24350,CE,394.7,399.41,386.42,389.51,367,35481,0.155
2025-08-28 11:55:00,24350,PE,781.97,789.8,786.64,787.71,245,31739,0.1549
2025-08-28 11:55:00,24400,CE,401.22,406.33,402.22,402.58,220,34175,0.1541
2025-08-28 11:55:00,24400,PE,834.04,834.58,826.19,827.71,490,32881,0.1519
2025-08-28 11:55:00,24450,CE,378.39,380.52,378.61,379.25,452,27078,0.1524
2025-08-28 11:55:00,24450,PE,869.97,863.43,852.22,859.93,134,29230,0.1518
2025-08-28 11:55:00,24500,CE,371.21,381.49,368.03,370.23,505,29271,0.1505
2025-08-28 11:55:00,24500,PE,914.13,908.72,902.85,907.71,403,26538,0.1538
2025-08-28 11:55:00,24550,CE,383.18,389.54,381.92,386.49,404,26350,0.1512
2025-08-28 11:55:00,24550,PE,947.05,967.52,947.07,949.62,577,31581,0.1513
2025-08-28 11:55:00,24600,CE,395.9,396.34,393.85,395.68,183,26445,0.1539
2025-08-28 11:55:00,24600,PE,1010.48,1040.19,1012.75,1017.53,206,24346,0.1532
2025-08-28 11:55:00,24650,CE,383.37,389.85,383.99,387.13,258,28272,0.1498
2025-08-28 11:55:00,24650,PE,1092.47,1101.9,1090.56,1098.04,373,23032,0.1505
2025-08-28 11:55:00,24700,CE,352.62,356.33,351.99,354.01,161,21670,0.1527
2025-08-28 11:55:00,24700,PE,1103.21,1143.73,1114.48,1114.78,411,22951,0.1534
2025-08-28 11:55:00,24750,CE,401.12,403.32,399.93,402.59,260,26353,0.156
2025-08-28 11:55:00,24750,PE,1167.14,1187.61,1174.94,1177.1,416,22717,0.1556
2025-08-28 11:55:00,24800,CE,403.43,402.03,396.26,400.94,72,25175,0.1509
2025-08-28 11:55:00,24800,PE,1186.47,1213.72,1200.73,1203.57,108,24380,0.1515
2025-08-28 11:55:00,24850,CE,382.68,391.4,380.65,382.36,8,20464,0.1562
2025-08-28 11:55:00,24850,PE,1252.56,1264.71,1246.3,1263.24,263,23518,0.1547
2025-08-28 11:55:00,24900,CE,399.19,410.34,399.81,401.89,325,17266,0.1506
2025-08-28 11:55:00,24900,PE,1337.88,1348.12,1331.44,1334.53,139,22163,0.1544
2025-08-28 12:00:00,23500,CE,844.3,859.25,832.85,839.46,192,47438,0.1563
2025-08-28 12:00:00,23500,PE,402.16,409.32,404.02,406.11,327,42530,0.1558
2025-08-28 12:00:00,23550,CE,769.91,778.87,764.5,775.67,173,45881,0.1546
2025-08-28 12:00:00,23550,PE,394.5,395.43,386.58,391.52,220,51486,0.1515
2025-08-28 12:00:00,23600,CE,711.31,712.06,703.56,708.47,665,54706,0.153
2025-08-28 12:00:00,23600,PE,381.61,385.5,380.35,382.85,647,53445,0.1533
2025-08-28 12:00:00,23650,CE,704.67,705.04,700.29,702.3,621,60444,0.1543
2025-08-28 12:00:00,23650,PE,358.52,375.88,358.35,360.85,689,59790,0.1518
2025-08-28 12:00:00,23700,CE,651.75,674.4,650.29,661.29,714,63815,0.1524
2025-08-28 12:00:00,23700,PE,390.91,397.44,394.94,395.05,775,65081,0.1547
2025-08-28 12:00:00,23750,CE,579.21,582.22,566.91,575.94,895,71374,0.1522
2025-08-28 12:00:00,23750,PE,403.24,409.73,401.75,409.25,763,74036,0.1522
2025-08-28 12:00:00,23800,CE,569.26,568.59,565.19,567.47,572,87140,0.1549
2025-08-28 12:00:00,23800,PE,372.85,376.31,369.21,373.55,166,83947,0.157
2025-08-28 12:00:00,23850,CE,490.23,502.69,485.67,490.38,424,77503,0.1544
2025-08-28 12:00:00,23850,PE,381.74,384.72,377.72,380.23,87,73403,0.1516
2025-08-28 12:00:00,23900,CE,421.72,424.67,418.76,424.09,1290,67234,0.1536
2025-08-28 12:00:00,23900,PE,414.55,416.3,411.19,413.21,323,70368,0.1549
2025-08-28 12:00:00,23950,CE,388.04,392.02,388.28,389.69,1726,57134,0.1549
2025-08-28 12:00:00,23950,PE,400.42,397.01,393.67,395.47,1348,64178,0.1532
2025-08-28 12:00:00,24000,CE,355.51,352.42,348.42,352.14,1353,52884,0.1513
2025-08-28 12:00:00,24000,PE,445.17,447.12,438.2,446.2,983,55271,0.1548
2025-08-28 12:00:00,24050,CE,385.46,389.26,376.2,379.42,1153,54819,0.1542
2025-08-28 12:00:00,24050,PE,474.93,479.74,471.81,477.54,338,54651,0.1502
2025-08-28 12:00:00,24100,CE,385.91,391.94,381.42,386.59,269,51049,0.1545
2025-08-28 12:00:00,24100,PE,557.94,554.07,542.56,544.86,929,43722,0.1554
2025-08-28 12:00:00,24150,CE,376.76,379.62,376.83,378.26,800,45472,0.1524
2025-08-28 12:00:00,24150,PE,598.57,604.07,598.4,600.0,372,41775,0.1551
2025-08-28 12:00:00,24200,CE,368.48,372.54,366.08,370.48,857,43928,0.1525
2025-08-28 12:00:00,24200,PE,614.67,636.2,609.88,618.22,52,37787,0.1488
2025-08-28 12:00:00,24250,CE,384.75,390.71,383.78,390.31,202,36541,0.155
2025-08-28 12:00:00,24250,PE,669.16,685.24,668.03,672.83,606,36668,0.1483
2025-08-28 12:00:00,24300,CE,387.48,393.54,384.77,388.45,82,37011,0.1539
2025-08-28 12:00:00,24300,PE,729.62,725.04,715.08,718.67,271,38027,0.1525
2025-08-28 12:00:00,24350,CE,389.3,385.73,378.5,383.36,659,35006,0.1537
2025-08-28 12:00:00,24350,PE,793.25,818.33,784.46,793.84,45,31635,0.1547
2025-08-28 12:00:00,24400,CE,365.41,367.81,354.85,364.65,53,33978,0.1536
2025-08-28 12:00:00,24400,PE,851.72,859.4,851.85,852.49,127,33446,0.1515
2025-08-28 12:00:00,24450,CE,351.37,363.46,349.38,354.65,455,26651,0.1518
2025-08-28 12:00:00,24450,PE,896.28,904.58,897.89,900.69,400,29527,0.1512
2025-08-28 12:00:00,24500,CE,381.44,387.53,377.07,378.72,487,29428,0.1529
2025-08-28 12:00:00,24500,PE,955.1,965.37,959.49,961.13,355,26959,0.156
2025-08-28 12:00:00,24550,CE,415.89,416.85,407.79,413.48,148,26922,0.1566
2025-08-28 12:00:00,24550,PE,1031.09,1019.94,997.9,1009.17,128,31948,0.1549
2025-08-28 12:00:00,24600,CE,361.82,360.82,357.24,358.87,518,26147,0.1566
2025-08-28 12:00:00,24600,PE,1039.73,1049.51,1024.74,1037.74,352,24747,0.1523
2025-08-28 12:00:00,24650,CE,393.73,399.37,392.06,394.23,158,28304,0.1525
2025-08-28 12:00:00,24650,PE,1086.36,1087.45,1081.21,1083.49,408,23215,0.1541
2025-08-28 12:00:00,24700,CE,379.8,394.44,381.14,386.9,392,21406,0.152
2025-08-28 12:00:00,24700,PE,1134.01,1148.04,1127.11,1135.27,249,23330,0.1553
2025-08-28 12:00:00,24750,CE,346.02,348.58,343.03,343.96,110,26286,0.1508
2025-08-28 12:00:00,24750,PE,1189.53,1215.52,1174.45,1189.16,246,23087,0.1539
2025-08-28 12:00:00,24800,CE,368.87,374.1,368.99,371.53,333,25087,0.1514
2025-08-28 12:00:00,24800,PE,1234.41,1238.51,1222.01,1231.56,421,24519,0.1509
2025-08-28 12:00:00,24850,CE,380.38,394.29,378.98,384.63,263,19987,0.1555
2025-08-28 12:00:00,24850,PE,1303.89,1298.22,1294.41,1297.8,101,23028,0.1542
2025-08-28 12:00:00,24900,CE,383.89,392.73,381.4,382.85,13,17809,0.1526
2025-08-28 12:00:00,24900,PE,1326.44,1335.44,1310.68,1328.58,118,22434,0.1515
2025-08-28 12:05:00,23500,CE,819.86,822.32,807.59,814.68,372,47045,0.1533
2025-08-28 12:05:00,23500,PE,395.75,406.02,398.34,399.95,572,42647,0.1568
2025-08-28 12:05:00,23550,CE,762.97,781.3,764.99,766.96,570,46218,0.1546
2025-08-28 12:05:00,23550,PE,379.67,381.93,379.12,381.51,620,51604,0.1537
2025-08-28 12:05:00,23600,CE,694.29,706.71,699.03,700.88,143,54644,0.1566
2025-08-28 12:05:00,23600,PE,383.36,390.45,387.87,388.16,602,53847,0.1533
2025-08-28 12:05:00,23650,CE,665.16,664.57,656.04,657.54,472,59904,0.153
2025-08-28 12:05:00,23650,PE,389.89,396.01,386.53,390.85,880,59950,0.1587
2025-08-28 12:05:00,23700,CE,641.86,638.93,637.04,637.61,551,63782,0.1553
2025-08-28 12:05:00,23700,PE,370.62,372.98,367.28,370.78,430,65258,0.1535
2025-08-28 12:05:00,23750,CE,577.88,572.62,571.37,571.41,682,71122,0.155
2025-08-28 12:05:00,23750,PE,378.68,377.5,372.31,372.58,434,73630,0.1538
2025-08-28 12:05:00,23800,CE,543.13,539.98,534.12,537.84,395,87709,0.1532
2025-08-28 12:05:00,23800,PE,367.22,371.03,358.95,364.37,318,84384,0.1514
2025-08-28 12:05:00,23850,CE,457.66,468.55,453.27,455.27,621,77993,0.1519
2025-08-28 12:05:00,23850,PE,403.45,405.91,397.8,402.69,797,73725,0.1505
2025-08-28 12:05:00,23900,CE,420.82,431.92,425.97,426.48,636,66711,0.1538
2025-08-28 12:05:00,23900,PE,384.05,388.55,384.42,384.82,586,70521,0.1539
2025-08-28 12:05:00,23950,CE,380.03,387.11,381.5,381.68,420,56991,0.1542
2025-08-28 12:05:00,23950,PE,394.48,399.53,395.85,398.74,99,63979,0.153
2025-08-28 12:05:00,24000,CE,390.47,395.45,392.84,394.94,163,52583,0.1536
2025-08-28 12:05:00,24000,PE,461.72,462.7,453.85,459.46,575,54887,0.1555
2025-08-28 12:05:00,24050,CE,367.21,378.11,371.83,374.77,120,54386,0.1525
2025-08-28 12:05:00,24050,PE,500.17,506.45,503.5,505.78,839,54196,0.1509
2025-08-28 12:05:00,24100,CE,338.8,340.53,333.78,337.44,56,51302,0.1522
2025-08-28 12:05:00,24100,PE,542.65,558.9,550.28,551.04,533,44238,0.1555
2025-08-28 12:05:00,24150,CE,378.48,376.69,373.86,374.71,399,45328,0.152
2025-08-28 12:05:00,24150,PE,571.03,579.75,572.55,574.75,66,41302,0.1521
2025-08-28 12:05:00,24200,CE,360.3,377.02,367.33,368.17,775,43593,0.1546
2025-08-28 12:05:00,24200,PE,648.53,652.89,640.73,644.98,80,38083,0.1547
2025-08-28 12:05:00,24250,CE,376.18,392.17,376.13,379.33,841,36359,0.1521
2025-08-28 12:05:00,24250,PE,675.51,689.85,678.08,682.86,333,36863,0.155
2025-08-28 12:05:00,24300,CE,355.88,362.65,355.98,361.01,95,36657,0.1527
2025-08-28 12:05:00,24300,PE,747.42,747.27,735.92,746.5,680,38335,0.1493
2025-08-28 12:05:00,24350,CE,388.49,394.99,389.56,392.02,114,35192,0.1532
2025-08-28 12:05:00,24350,PE,820.85,833.73,809.95,818.36,690,31301,0.1557
2025-08-28 12:05:00,24400,CE,379.01,381.39,372.45,374.31,153,34496,0.1547
2025-08-28 12:05:00,24400,PE,829.76,846.41,820.96,839.38,646,33473,0.1552
2025-08-28 12:05:00,24450,CE,365.01,366.74,360.68,362.3,307,26314,0.1531
2025-08-28 12:05:00,24450,PE,909.64,902.93,902.07,902.48,45,29607,0.1518
2025-08-28 12:05:00,24500,CE,392.81,391.08,387.53,390.93,97,29326,0.1557
2025-08-28 12:05:00,24500,PE,957.93,956.28,943.52,954.42,556,27459,0.15
2025-08-28 12:05:00,24550,CE,390.52,395.46,391.75,392.02,263,26693,0.1551
2025-08-28 12:05:00,24550,PE,1015.84,1020.88,994.41,1008.78,546,32411,0.1532
2025-08-28 12:05:00,24600,CE,371.55,373.96,365.36,368.41,323,26437,0.1521
2025-08-28 12:05:00,24600,PE,1012.71,1034.54,1010.6,1014.11,238,24962,0.1513
2025-08-28 12:05:00,24650,CE,400.63,403.32,398.01,400.19,282,27924,0.1574
2025-08-28 12:05:00,24650,PE,1104.56,1102.32,1084.82,1089.52,42,22718,0.1569
2025-08-28 12:05:00,24700,CE,388.76,388.98,385.83,388.39,384,21843,0.1572
2025-08-28 12:05:00,24700,PE,1164.56,1174.24,1166.67,1168.84,249,23414,0.153
2025-08-28 12:05:00,24750,CE,380.03,380.54,374.07,377.87,420,26844,0.1528
2025-08-28 12:05:00,24750,PE,1189.57,1206.04,1182.23,1189.3,329,23106,0.152
2025-08-28 12:05:00,24800,CE,378.12,385.06,379.31,381.06,200,25196,0.152
2025-08-28 12:05:00,24800,PE,1247.77,1255.26,1219.79,1245.28,329,25115,0.1564
2025-08-28 12:05:00,24850,CE,398.17,406.08,398.47,400.95,280,20246,0.1566
2025-08-28 12:05:00,24850,PE,1295.11,1313.66,1286.21,1295.05,17,22860,0.1533
2025-08-28 12:05:00,24900,CE,398.45,404.79,401.98,402.6,117,18202,0.1568
2025-08-28 12:05:00,24900,PE,1335.41,1374.81,1330.58,1345.02,107,22188,0.1543
2025-08-28 12:10:00,23500,CE,787.3,787.55,785.4,786.03,468,47075,0.1534
2025-08-28 12:10:00,23500,PE,370.65,375.58,372.86,375.01,296,42332,0.1551
2025-08-28 12:10:00,23550,CE,793.9,794.46,767.06,786.43,687,46811,0.1562
2025-08-28 12:10:00,23550,PE,388.84,388.87,384.94,387.54,61,52125,0.1538
2025-08-28 12:10:00,23600,CE,691.42,709.62,692.72,701.25,685,55092,0.1508
2025-08-28 12:10:00,23600,PE,377.39,374.98,367.55,372.29,372,53728,0.1536
2025-08-28 12:10:00,23650,CE,666.2,682.11,665.35,672.49,559,60178,0.1541
2025-08-28 12:10:00,23650,PE,425.59,421.93,417.35,418.57,844,59662,0.1529
2025-08-28 12:10:00,23700,CE,618.52,627.76,613.48,614.65,960,63649,0.1553
2025-08-28 12:10:00,23700,PE,387.01,389.33,387.19,387.89,664,65623,0.1502
2025-08-28 12:10:00,23750,CE,582.34,584.64,576.52,583.6,727,70589,0.1541
2025-08-28 12:10:00,23750,PE,385.83,389.83,387.39,387.55,969,73089,0.1527
2025-08-28 12:10:00,23800,CE,507.94,523.65,509.56,512.9,675,87902,0.1534
2025-08-28 12:10:00,23800,PE,422.93,426.95,412.99,416.13,325,84713,0.151
2025-08-28 12:10:00,23850,CE,462.04,464.08,461.66,464.04,854,77853,0.1567
2025-08-28 12:10:00,23850,PE,391.87,399.65,392.35,392.66,238,73934,0.1566
2025-08-28 12:10:00,23900,CE,380.87,381.24,376.71,380.19,189,67194,0.1526
2025-08-28 12:10:00,23900,PE,390.49,393.06,386.44,388.92,213,70040,0.1563
2025-08-28 12:10:00,23950,CE,393.17,400.47,398.47,398.58,361,57387,0.1551
2025-08-28 12:10:00,23950,PE,430.33,438.4,428.03,432.83,1402,64077,0.1546
2025-08-28 12:10:00,24000,CE,376.89,386.41,377.07,378.79,1133,52489,0.1493
2025-08-28 12:10:00,24000,PE,476.38,489.12,466.66,478.08,1414,54349,0.1536
2025-08-28 12:10:00,24050,CE,380.91,384.26,375.55,381.17,769,54246,0.1573
2025-08-28 12:10:00,24050,PE,526.46,528.22,522.77,527.82,453,54548,0.1554
2025-08-28 12:10:00,24100,CE,381.6,390.83,377.43,383.8,853,51352,0.1538
2025-08-28 12:10:00,24100,PE,554.82,556.17,548.66,552.83,965,43849,0.1544
2025-08-28 12:10:00,24150,CE,376.43,379.64,373.51,375.77,91,45006,0.1515
2025-08-28 12:10:00,24150,PE,633.55,636.16,630.01,630.3,110,41719,0.1544
2025-08-28 12:10:00,24200,CE,373.06,373.42,368.09,372.05,472,43512,0.152
2025-08-28 12:10:00,24200,PE,660.87,668.05,665.05,667.06,457,37597,0.1544
2025-08-28 12:10:00,24250,CE,382.16,386.55,376.72,380.98,542,36926,0.1547
2025-08-28 12:10:00,24250,PE,691.93,688.8,685.46,685.99,130,36567,0.1514
2025-08-28 12:10:00,24300,CE,367.76,360.11,356.9,359.82,598,37012,0.1534
2025-08-28 12:10:00,24300,PE,766.84,775.07,761.69,767.77,224,37750,0.1531
2025-08-28 12:10:00,24350,CE,383.97,392.81,382.04,385.11,515,34899,0.1536
2025-08-28 12:10:00,24350,PE,806.04,813.95,798.24,811.62,577,31105,0.1541
2025-08-28 12:10:00,24400,CE,383.92,384.18,376.01,381.83,649,34927,0.153
2025-08-28 12:10:00,24400,PE,848.07,845.18,837.06,841.17,55,33770,0.1511
2025-08-28 12:10:00,24450,CE,361.91,363.49,357.29,362.54,450,26083,0.1524
2025-08-28 12:10:00,24450,PE,925.36,943.2,925.64,925.65,572,29951,0.1525
2025-08-28 12:10:00,24500,CE,365.29,371.75,360.5,367.55,162,29698,0.1531
2025-08-28 12:10:00,24500,PE,967.71,965.63,949.83,960.27,419,27473,0.1569
2025-08-28 12:10:00,24550,CE,389.09,391.45,389.01,390.19,494,26702,0.1521
2025-08-28 12:10:00,24550,PE,1011.02,1017.29,998.93,1010.24,156,32422,0.1547
2025-08-28 12:10:00,24600,CE,382.09,386.18,376.99,379.91,258,26037,0.1531
2025-08-28 12:10:00,24600,PE,1032.35,1044.54,1026.9,1033.45,304,25337,0.1512
2025-08-28 12:10:00,24650,CE,360.88,372.36,359.79,360.14,439,28181,0.1547
2025-08-28 12:10:00,24650,PE,1128.03,1134.85,1115.1,1124.54,248,23137,0.1536
2025-08-28 12:10:00,24700,CE,383.03,383.43,379.1,380.2,442,22221,0.1537
2025-08-28 12:10:00,24700,PE,1173.68,1192.43,1172.88,1183.52,378,23756,0.1551
2025-08-28 12:10:00,24750,CE,399.25,396.55,394.88,396.46,225,27180,0.1561
2025-08-28 12:10:00,24750,PE,1241.59,1222.42,1200.16,1222.16,178,23639,0.1512
2025-08-28 12:10:00,24800,CE,388.44,393.54,383.6,388.87,384,25322,0.151
2025-08-28 12:10:00,24800,PE,1246.04,1276.29,1256.21,1265.37,313,25508,0.1542
2025-08-28 12:10:00,24850,CE,394.81,401.53,396.39,397.78,243,20607,0.155
2025-08-28 12:10:00,24850,PE,1317.93,1327.38,1321.09,1321.42,308,22584,0.1546
2025-08-28 12:10:00,24900,CE,352.45,365.01,354.47,356.98,66,18280,0.1513
2025-08-28 12:10:00,24900,PE,1338.67,1348.73,1344.31,1345.39,6,22463,0.1533
2025-08-28 12:15:00,23500,CE,791.24,794.86,779.04,788.45,509,46599,0.1559
2025-08-28 12:15:00,23500,PE,397.26,398.57,393.67,394.83,237,42368,0.1531
2025-08-28 12:15:00,23550,CE,725.72,733.92,723.76,726.58,582,46214,0.1529
2025-08-28 12:15:00,23550,PE,375.45,373.51,370.59,371.83,448,51813,0.1518
2025-08-28 12:15:00,23600,CE,653.09,667.27,648.71,657.4,353,55075,0.1539
2025-08-28 12:15:00,23600,PE,400.32,400.33,392.27,397.55,184,53496,0.1544
2025-08-28 12:15:00,23650,CE,637.2,635.65,634.05,635.34,400,60503,0.1532
2025-08-28 12:15:00,23650,PE,366.71,375.11,370.43,371.21,283,59826,0.1533
2025-08-28 12:15:00,23700,CE,583.23,590.22,587.53,588.57,390,63370,0.1536
2025-08-28 12:15:00,23700,PE,386.65,386.35,379.55,385.2,131,65043,0.1548
2025-08-28 12:15:00,23750,CE,556.88,559.2,552.05,552.53,415,70294,0.1526
2025-08-28 12:15:00,23750,PE,410.12,416.91,412.45,413.58,887,73111,0.1578
2025-08-28 12:15:00,23800,CE,495.73,497.71,491.77,495.97,95,88216,0.1556
2025-08-28 12:15:00,23800,PE,362.77,367.89,357.43,359.42,541,84837,0.1515
2025-08-28 12:15:00,23850,CE,445.58,457.39,447.7,448.83,214,77319,0.1529
2025-08-28 12:15:00,23850,PE,414.62,409.63,407.44,408.74,180,73893,0.1573
2025-08-28 12:15:00,23900,CE,354.0,358.34,350.31,352.72,1585,67745,0.1522
2025-08-28 12:15:00,23900,PE,386.87,386.2,384.62,384.72,1441,70524,0.1553
2025-08-28 12:15:00,23950,CE,368.39,372.91,362.04,366.08,1171,57677,0.1514
2025-08-28 12:15:00,23950,PE,430.76,435.64,432.89,434.02,654,63817,0.1488
2025-08-28 12:15:00,24000,CE,393.2,396.24,384.59,392.12,837,51915,0.1553
2025-08-28 12:15:00,24000,PE,468.28,469.0,463.22,468.68,254,54296,0.1553
2025-08-28 12:15:00,24050,CE,365.79,370.23,365.94,367.99,743,54095,0.1558
2025-08-28 12:15:00,24050,PE,510.46,516.19,510.31,511.28,900,54759,0.1506
2025-08-28 12:15:00,24100,CE,385.94,390.7,388.75,388.81,283,50836,0.1525
2025-08-28 12:15:00,24100,PE,582.01,587.16,583.48,586.17,297,44357,0.1525
2025-08-28 12:15:00,24150,CE,353.76,356.96,353.45,353.85,228,45289,0.1524
2025-08-28 12:15:00,24150,PE,646.41,650.42,640.72,646.61,651,42284,0.1544
2025-08-28 12:15:00,24200,CE,384.19,390.51,382.48,386.66,797,43950,0.1528
2025-08-28 12:15:00,24200,PE,657.37,673.92,650.04,664.79,277,37513,0.1521
2025-08-28 12:15:00,24250,CE,382.48,386.84,385.16,386.14,395,37120,0.1563
2025-08-28 12:15:00,24250,PE,735.2,734.07,727.96,731.95,125,36981,0.1537
2025-08-28 12:15:00,24300,CE,392.99,390.63,385.7,386.0,477,36656,0.1531
2025-08-28 12:15:00,24300,PE,805.77,825.91,803.36,804.01,48,37161,0.1536
2025-08-28 12:15:00,24350,CE,375.95,386.08,379.03,379.87,254,34668,0.1505
2025-08-28 12:15:00,24350,PE,857.19,874.52,849.45,856.2,112,31029,0.1555
2025-08-28 12:15:00,24400,CE,384.81,385.44,382.85,385.07,25,35076,0.156
2025-08-28 12:15:00,24400,PE,899.09,915.27,902.87,904.05,289,33486,0.1523
2025-08-28 12:15:00,24450,CE,398.87,401.84,392.25,397.48,280,26013,0.1549
2025-08-28 12:15:00,24450,PE,916.25,932.21,915.71,918.74,509,30129,0.1529
2025-08-28 12:15:00,24500,CE,367.87,369.48,366.63,367.63,140,30087,0.1551
2025-08-28 12:15:00,24500,PE,1013.54,1025.11,996.94,1001.86,194,27145,0.1528
2025-08-28 12:15:00,24550,CE,413.76,410.16,408.24,410.05,392,27061,0.1552
2025-08-28 12:15:00,24550,PE,1032.43,1026.97,1022.13,1024.29,12,32949,0.1523
2025-08-28 12:15:00,24600,CE,369.83,377.69,368.57,370.23,324,25928,0.1526
2025-08-28 12:15:00,24600,PE,1109.36,1113.52,1098.52,1101.66,387,25399,0.1518
2025-08-28 12:15:00,24650,CE,391.53,395.2,393.76,394.02,464,27592,0.1533
2025-08-28 12:15:00,24650,PE,1135.94,1137.67,1131.59,1136.22,263,23389,0.147
2025-08-28 12:15:00,24700,CE,355.34,355.23,350.91,353.93,22,22667,0.1531
2025-08-28 12:15:00,24700,PE,1153.61,1157.33,1131.11,1149.1,166,23179,0.1492
2025-08-28 12:15:00,24750,CE,398.74,408.29,395.59,398.73,175,27592,0.1518
2025-08-28 12:15:00,24750,PE,1228.52,1245.9,1217.42,1233.19,424,23217,0.1513
2025-08-28 12:15:00,24800,CE,377.68,381.4,375.06,377.85,169,25732,0.151
2025-08-28 12:15:00,24800,PE,1288.03,1313.45,1300.1,1304.17,15,25558,0.1544
2025-08-28 12:15:00,24850,CE,416.34,421.41,418.31,420.79,223,20451,0.1563
2025-08-28 12:15:00,24850,PE,1327.83,1338.39,1328.54,1332.58,134,23113,0.1538
2025-08-28 12:15:00,24900,CE,409.25,411.45,408.68,411.33,144,18414,0.1509
2025-08-28 12:15:00,24900,PE,1383.72,1376.94,1366.01,1371.2,296,21909,0.1541
2025-08-28 12:20:00,23500,CE,837.38,838.88,826.35,831.02,588,46918,0.1519
2025-08-28 12:20:00,23500,PE,375.75,380.1,374.74,377.49,145,41986,0.1521
2025-08-28 12:20:00,23550,CE,755.93,770.94,755.29,756.3,437,46721,0.1538
2025-08-28 12:20:00,23550,PE,401.08,399.15,391.77,395.3,679,51412,0.1535
2025-08-28 12:20:00,23600,CE,708.05,720.34,704.3,712.88,501,55060,0.1535
2025-08-28 12:20:00,23600,PE,391.08,401.41,394.62,395.68,572,53523,0.1504
2025-08-28 12:20:00,23650,CE,647.1,663.51,649.95,651.73,520,60579,0.153
2025-08-28 12:20:00,23650,PE,372.13,373.65,371.13,371.5,30,59865,0.1525
2025-08-28 12:20:00,23700,CE,614.38,630.58,622.31,624.15,161,63296,0.153
2025-08-28 12:20:00,23700,PE,399.58,404.01,394.15,398.49,542,65298,0.1523
2025-08-28 12:20:00,23750,CE,563.04,573.19,561.21,566.13,932,69880,0.1526
2025-08-28 12:20:00,23750,PE,426.48,433.66,418.3,426.12,648,73455,0.1553
2025-08-28 12:20:00,23800,CE,541.35,542.23,528.05,532.95,416,87660,0.1557
2025-08-28 12:20:00,23800,PE,415.5,416.77,414.33,414.6,1140,85247,0.1566
2025-08-28 12:20:00,23850,CE,466.57,462.39,452.24,459.23,1000,77618,0.1524
2025-08-28 12:20:00,23850,PE,411.98,417.94,405.98,407.03,437,74247,0.156
2025-08-28 12:20:00,23900,CE,435.12,442.99,433.01,435.61,1621,67501,0.1499
2025-08-28 12:20:00,23900,PE,378.84,388.18,380.91,386.21,785,70943,0.1551
2025-08-28 12:20:00,23950,CE,399.53,407.78,390.16,398.47,390,57906,0.1553
2025-08-28 12:20:00,23950,PE,392.51,406.22,395.44,399.16,74,64379,0.1518
2025-08-28 12:20:00,24000,CE,405.33,413.29,403.08,406.57,122,51339,0.154
2025-08-28 12:20:00,24000,PE,471.91,502.24,478.06,478.22,609,54644,0.1551
2025-08-28 12:20:00,24050,CE,436.32,431.93,421.53,427.62,277,54242,0.1555
2025-08-28 12:20:00,24050,PE,520.44,520.6,517.76,520.07,437,55345,0.1495
2025-08-28 12:20:00,24100,CE,381.81,380.8,380.27,380.49,535,50767,0.1552
2025-08-28 12:20:00,24100,PE,556.85,565.72,558.96,561.4,39,44092,0.1532
2025-08-28 12:20:00,24150,CE,401.07,409.52,397.7,400.36,33,45744,0.154
2025-08-28 12:20:00,24150,PE,624.22,631.44,618.61,619.84,487,42074,0.1524
2025-08-28 12:20:00,24200,CE,411.44,419.45,402.41,408.29,235,44193,0.1546
2025-08-28 12:20:00,24200,PE,630.36,634.25,631.28,631.9,589,37311,0.1537
2025-08-28 12:20:00,24250,CE,389.94,404.15,391.02,392.23,247,37654,0.1533
2025-08-28 12:20:00,24250,PE,699.64,703.26,697.63,699.53,62,37012,0.1534
2025-08-28 12:20:00,24300,CE,390.76,398.82,392.26,392.76,744,36439,0.1554
2025-08-28 12:20:00,24300,PE,789.71,792.78,790.86,791.61,57,37547,0.1558
2025-08-28 12:20:00,24350,CE,391.28,392.99,383.23,389.01,647,34142,0.1553
2025-08-28 12:20:00,24350,PE,834.19,836.5,822.17,823.84,277,30541,0.1559
2025-08-28 12:20:00,24400,CE,380.85,382.3,377.34,378.23,601,35480,0.1537
2025-08-28 12:20:00,24400,PE,822.69,823.37,818.68,822.87,545,33274,0.1528
2025-08-28 12:20:00,24450,CE,392.08,396.36,392.25,395.52,449,25624,0.1529
2025-08-28 12:20:00,24450,PE,877.36,903.43,868.72,875.11,101,30233,0.1502
2025-08-28 12:20:00,24500,CE,356.17,362.39,351.46,356.06,569,29792,0.151
2025-08-28 12:20:00,24500,PE,951.07,985.27,957.64,961.95,281,27729,0.1535
2025-08-28 12:20:00,24550,CE,372.56,380.62,373.57,376.33,241,27445,0.1541
2025-08-28 12:20:00,24550,PE,1005.6,1031.51,1022.91,1025.47,383,33416,0.1555
2025-08-28 12:20:00,24600,CE,398.72,405.19,387.77,397.09,182,26328,0.1504
2025-08-28 12:20:00,24600,PE,1075.89,1098.24,1054.4,1066.15,435,25862,0.1523
2025-08-28 12:20:00,24650,CE,389.62,395.57,384.99,389.38,453,27397,0.1525
2025-08-28 12:20:00,24650,PE,1108.06,1121.0,1103.85,1108.6,415,23597,0.152
2025-08-28 12:20:00,24700,CE,369.26,384.41,371.22,374.48,50,23155,0.1535
2025-08-28 12:20:00,24700,PE,1155.27,1174.39,1126.66,1146.35,345,23402,0.1526
2025-08-28 12:20:00,24750,CE,400.04,405.79,395.77,403.54,37,28188,0.1549
2025-08-28 12:20:00,24750,PE,1222.89,1214.78,1203.84,1209.9,440,23655,0.152
2025-08-28 12:20:00,24800,CE,406.89,410.9,405.96,407.46,151,25217,0.1551
2025-08-28 12:20:00,24800,PE,1258.4,1290.61,1245.55,1258.16,324,25559,0.1558
2025-08-28 12:20:00,24850,CE,371.5,375.42,371.75,374.86,110,20181,0.1542
2025-08-28 12:20:00,24850,PE,1263.88,1272.88,1260.81,1263.55,283,23563,0.1527
2025-08-28 12:20:00,24900,CE,413.84,418.79,412.69,414.55,233,18938,0.1581
2025-08-28 12:20:00,24900,PE,1374.92,1376.37,1351.5,1365.72,228,21988,0.1528
2025-08-28 12:25:00,23500,CE,769.94,786.22,772.13,775.11,263,46387,0.1528
2025-08-28 12:25:00,23500,PE,400.54,408.27,394.9,400.8,191,41802,0.1566
2025-08-28 12:25:00,23550,CE,755.76,761.38,750.64,751.84,478,46347,0.1533
2025-08-28 12:25:00,23550,PE,368.63,375.4,369.56,370.56,395,51447,0.1533
2025-08-28 12:25:00,23600,CE,723.59,716.65,714.93,715.64,429,55641,0.1567
2025-08-28 12:25:00,23600,PE,399.67,404.81,390.53,396.09,165,53334,0.1555
2025-08-28 12:25:00,23650,CE,658.71,668.26,661.45,663.25,340,60859,0.1561
2025-08-28 12:25:00,23650,PE,394.15,402.31,393.81,397.01,601,60262,0.1557
2025-08-28 12:25:00,23700,CE,639.98,645.04,633.57,639.55,533,63692,0.1576
2025-08-28 12:25:00,23700,PE,337.24,341.55,337.61,340.04,43,64877,0.1519
2025-08-28 12:25:00,23750,CE,553.15,554.16,544.47,549.75,677,69564,0.1521
2025-08-28 12:25:00,23750,PE,383.45,393.98,381.0,385.92,336,73122,0.1559
2025-08-28 12:25:00,23800,CE,513.54,519.64,511.12,516.28,188,87416,0.1548
2025-08-28 12:25:00,23800,PE,376.3,374.36,366.4,374.2,1134,84703,0.1537
2025-08-28 12:25:00,23850,CE,470.32,465.13,456.95,464.66,1402,77665,0.1557
2025-08-28 12:25:00,23850,PE,369.76,379.41,366.51,369.94,1091,74536,0.1526
2025-08-28 12:25:00,23900,CE,419.77,423.7,417.73,418.16,125,67213,0.1519
2025-08-28 12:25:00,23900,PE,378.22,390.51,379.03,383.27,1432,71110,0.1546
2025-08-28 12:25:00,23950,CE,358.05,361.59,351.69,356.57,634,57960,0.1542
2025-08-28 12:25:00,23950,PE,382.14,400.24,382.8,385.72,729,63898,0.1524
2025-08-28 12:25:00,24000,CE,415.17,419.44,406.83,413.91,1334,51026,0.1543
2025-08-28 12:25:00,24000,PE,483.8,473.96,469.04,472.3,1231,54333,0.1538
2025-08-28 12:25:00,24050,CE,395.99,400.3,393.02,396.29,761,54228,0.1531
2025-08-28 12:25:00,24050,PE,496.64,498.76,492.83,497.95,1102,55498,0.153
2025-08-28 12:25:00,24100,CE,383.65,386.11,377.95,382.09,666,50528,0.1514
2025-08-28 12:25:00,24100,PE,567.19,567.63,565.97,567.19,961,43644,0.155
2025-08-28 12:25:00,24150,CE,408.99,406.03,405.22,405.66,513,45467,0.1589
2025-08-28 12:25:00,24150,PE,593.31,604.55,599.01,600.0,466,41522,0.1538
2025-08-28 12:25:00,24200,CE,375.42,379.43,371.96,373.88,631,44491,0.1514
2025-08-28 12:25:00,24200,PE,677.11,669.25,655.35,666.93,637,37550,0.1548
2025-08-28 12:25:00,24250,CE,388.93,385.79,379.61,383.71,44,37858,0.1549
2025-08-28 12:25:00,24250,PE,722.76,721.52,719.7,721.46,282,37153,0.1525
2025-08-28 12:25:00,24300,CE,372.29,373.2,369.46,369.81,498,36196,0.1552
2025-08-28 12:25:00,24300,PE,751.3,759.03,750.0,755.42,113,37085,0.1517
2025-08-28 12:25:00,24350,CE,407.14,410.61,409.15,409.34,324,34260,0.1569
2025-08-28 12:25:00,24350,PE,818.22,838.09,818.56,819.88,17,30820,0.1564
2025-08-28 12:25:00,24400,CE,387.68,393.77,388.7,389.79,173,35853,0.1552
2025-08-28 12:25:00,24400,PE,853.64,866.4,853.95,861.67,468,33545,0.1566
2025-08-28 12:25:00,24450,CE,362.58,364.49,360.63,362.66,137,25814,0.1526
2025-08-28 12:25:00,24450,PE,908.08,893.49,882.95,892.06,426,30622,0.1527
2025-08-28 12:25:00,24500,CE,376.74,382.96,368.36,373.81,337,30106,0.1472
2025-08-28 12:25:00,24500,PE,948.43,961.58,951.21,957.59,276,28262,0.1554
2025-08-28 12:25:00,24550,CE,392.75,401.92,390.75,392.81,395,26852,0.1558
2025-08-28 12:25:00,24550,PE,1019.35,1027.57,1000.37,1018.43,440,32992,0.1542
2025-08-28 12:25:00,24600,CE,372.61,368.76,363.82,364.28,42,26423,0.1529
2025-08-28 12:25:00,24600,PE,1067.27,1062.61,1046.35,1057.94,263,25743,0.1531
2025-08-28 12:25:00,24650,CE,394.8,390.36,388.03,388.36,212,27205,0.152
2025-08-28 12:25:00,24650,PE,1116.0,1100.68,1088.86,1092.41,458,23892,0.1561
2025-08-28 12:25:00,24700,CE,379.11,387.32,374.28,377.51,378,23197,0.1547
2025-08-28 12:25:00,24700,PE,1185.05,1201.01,1173.91,1180.59,357,23433,0.1545
2025-08-28 12:25:00,24750,CE,392.62,396.98,391.32,394.1,412,27647,0.1513
2025-08-28 12:25:00,24750,PE,1183.75,1211.04,1181.98,1192.46,361,23608,0.1541
2025-08-28 12:25:00,24800,CE,397.64,396.35,393.4,394.83,145,25346,0.1502
2025-08-28 12:25:00,24800,PE,1231.1,1288.24,1246.98,1248.69,398,25295,0.1506
2025-08-28 12:25:00,24850,CE,391.48,398.9,393.22,394.8,202,19867,0.1528
2025-08-28 12:25:00,24850,PE,1323.0,1324.45,1309.9,1311.29,341,23623,0.1568
2025-08-28 12:25:00,24900,CE,367.96,372.15,368.18,369.0,121,19432,0.1551
2025-08-28 12:25:00,24900,PE,1387.87,1384.1,1365.4,1376.83,95,21527,0.1543
2025-08-28 12:30:00,23500,CE,863.12,874.09,863.27,865.96,181,46157,0.153
2025-08-28 12:30:00,23500,PE,378.7,384.86,381.18,381.41,182,41271,0.1531
2025-08-28 12:30:00,23550,CE,832.97,838.54,830.28,830.35,712,46137,0.1536
2025-08-28 12:30:00,23550,PE,406.76,413.08,402.77,405.41,692,51680,0.1529
2025-08-28 12:30:00,23600,CE,789.69,784.63,778.93,780.58,625,55423,0.1537
2025-08-28 12:30:00,23600,PE,399.6,404.24,394.4,397.71,514,53212,0.1568
2025-08-28 12:30:00,23650,CE,712.26,734.23,714.2,720.74,315,61381,0.1516
2025-08-28 12:30:00,23650,PE,379.71,384.16,382.18,383.23,726,60078,0.1547
2025-08-28 12:30:00,23700,CE,658.36,658.34,656.42,658.28,18,63739,0.1558
2025-08-28 12:30:00,23700,PE,380.9,389.52,381.74,385.35,883,65397,0.1537
2025-08-28 12:30:00,23750,CE,634.81,637.94,624.39,629.15,489,69574,0.1552
2025-08-28 12:30:00,23750,PE,412.5,419.16,417.71,418.07,875,72726,0.1485
2025-08-28 12:30:00,23800,CE,553.7,560.64,553.36,553.51,323,86987,0.1519
2025-08-28 12:30:00,23800,PE,356.6,362.2,353.48,359.39,672,85181,0.1547
2025-08-28 12:30:00,23850,CE,502.32,506.64,500.55,503.43,412,78127,0.1519
2025-08-28 12:30:00,23850,PE,344.27,354.76,344.99,348.57,659,74237,0.1527
2025-08-28 12:30:00,23900,CE,401.56,410.19,407.83,407.95,1400,67360,0.1511
2025-08-28 12:30:00,23900,PE,396.01,397.48,390.21,391.02,807,70709,0.154
2025-08-28 12:30:00,23950,CE,386.21,398.17,388.16,391.65,956,57637,0.1522
2025-08-28 12:30:00,23950,PE,393.79,398.75,395.08,395.77,735,64402,0.1527
2025-08-28 12:30:00,24000,CE,392.84,406.65,386.1,395.75,1590,50908,0.1536
2025-08-28 12:30:00,24000,PE,458.81,467.38,458.41,460.47,529,53983,0.1555
2025-08-28 12:30:00,24050,CE,372.35,377.7,371.45,374.68,306,54256,0.1512
2025-08-28 12:30:00,24050,PE,483.96,489.41,480.97,483.73,1333,55919,0.1542
2025-08-28 12:30:00,24100,CE,388.82,390.24,382.84,386.68,364,50927,0.1501
2025-08-28 12:30:00,24100,PE,536.38,530.53,519.41,528.3,580,43838,0.1554
2025-08-28 12:30:00,24150,CE,399.22,401.39,395.43,398.02,288,45843,0.1525
2025-08-28 12:30:00,24150,PE,591.92,598.84,589.61,594.87,512,41857,0.156
2025-08-28 12:30:00,24200,CE,381.42,380.21,378.31,379.02,254,45047,0.1507
2025-08-28 12:30:00,24200,PE,627.26,647.65,629.89,634.58,420,37737,0.1548
2025-08-28 12:30:00,24250,CE,377.89,382.71,371.49,375.58,482,37975,0.1544
2025-08-28 12:30:00,24250,PE,689.99,686.67,683.54,684.84,238,37639,0.1549
2025-08-28 12:30:00,24300,CE,401.28,407.15,403.89,404.48,180,36029,0.1529
2025-08-28 12:30:00,24300,PE,732.99,728.69,722.43,728.12,359,37076,0.1567
2025-08-28 12:30:00,24350,CE,420.61,432.64,421.32,422.6,179,34690,0.1542
2025-08-28 12:30:00,24350,PE,779.13,780.42,769.26,775.24,468,31394,0.1571
2025-08-28 12:30:00,24400,CE,398.06,398.33,394.53,396.95,253,35758,0.1524
2025-08-28 12:30:00,24400,PE,837.38,844.02,817.84,839.05,404,33652,0.1567
2025-08-28 12:30:00,24450,CE,359.86,375.75,365.03,365.87,121,26219,0.1525
2025-08-28 12:30:00,24450,PE,921.51,930.08,899.95,912.85,651,30644,0.1587
2025-08-28 12:30:00,24500,CE,382.67,384.32,381.79,381.87,238,29991,0.1566
2025-08-28 12:30:00,24500,PE,920.96,944.02,917.91,924.27,47,27739,0.1526
2025-08-28 12:30:00,24550,CE,386.9,393.13,387.75,388.06,222,26506,0.1542
2025-08-28 12:30:00,24550,PE,976.04,979.29,955.75,966.71,178,32789,0.1521
2025-08-28 12:30:00,24600,CE,380.86,382.05,380.78,381.43,105,26304,0.1546
2025-08-28 12:30:00,24600,PE,1033.94,1056.58,1027.07,1035.4,28,26074,0.1562
2025-08-28 12:30:00,24650,CE,385.31,394.09,386.69,388.65,362,26805,0.1522
2025-08-28 12:30:00,24650,PE,1055.31,1074.63,1052.71,1062.24,92,23378,0.1542
2025-08-28 12:30:00,24700,CE,413.88,423.82,418.92,421.67,97,23302,0.1545
2025-08-28 12:30:00,24700,PE,1093.17,1128.89,1109.61,1113.95,44,22842,0.1523
2025-08-28 12:30:00,24750,CE,418.3,416.17,408.57,412.9,271,28164,0.1506
2025-08-28 12:30:00,24750,PE,1165.84,1169.78,1158.48,1162.59,224,23315,0.1514
2025-08-28 12:30:00,24800,CE,387.35,387.0,377.9,385.26,374,25746,0.1534
2025-08-28 12:30:00,24800,PE,1250.88,1267.59,1221.03,1242.25,376,25150,0.1523
2025-08-28 12:30:00,24850,CE,383.1,388.57,382.95,384.53,24,20465,0.1563
2025-08-28 12:30:00,24850,PE,1282.66,1294.82,1261.61,1281.01,385,23624,0.1564
2025-08-28 12:30:00,24900,CE,382.01,378.77,373.4,378.17,325,19987,0.1533
2025-08-28 12:30:00,24900,PE,1338.78,1345.34,1334.67,1339.96,30,21489,0.1545
2025-08-28 12:35:00,23500,CE,772.43,802.48,780.78,781.81,634,46414,0.1525
2025-08-28 12:35:00,23500,PE,409.15,413.38,402.84,409.69,91,40747,0.1569
2025-08-28 12:35:00,23550,CE,710.79,725.22,704.88,711.93,266,46070,0.1548
2025-08-28 12:35:00,23550,PE,388.27,396.15,387.58,393.25,109,51404,0.1556
2025-08-28 12:35:00,23600,CE,686.3,701.87,684.71,688.16,447,55774,0.1539
2025-08-28 12:35:00,23600,PE,409.34,401.75,398.94,400.64,494,53250,0.1527
2025-08-28 12:35:00,23650,CE,653.33,659.85,645.75,654.49,702,61549,0.1551
2025-08-28 12:35:00,23650,PE,394.6,397.08,391.82,393.21,225,59782,0.1552
2025-08-28 12:35:00,23700,CE,596.07,604.51,595.61,597.79,135,63279,0.1526
2025-08-28 12:35:00,23700,PE,383.91,389.1,383.32,384.11,865,65613,0.1563
2025-08-28 12:35:00,23750,CE,530.97,533.11,524.88,525.6,751,69504,0.1534
2025-08-28 12:35:00,23750,PE,364.87,366.48,364.16,365.18,122,72626,0.1504
2025-08-28 12:35:00,23800,CE,473.77,490.23,471.2,478.76,220,87543,0.1533
2025-08-28 12:35:00,23800,PE,412.97,411.02,408.76,410.58,541,84722,0.1558
2025-08-28 12:35:00,23850,CE,457.13,462.37,451.62,458.27,445,78299,0.1557
2025-08-28 12:35:00,23850,PE,398.36,400.57,389.64,392.86,695,73709,0.1486
2025-08-28 12:35:00,23900,CE,428.67,431.09,425.87,426.19,662,67581,0.1564
2025-08-28 12:35:00,23900,PE,386.31,381.78,380.8,381.51,959,70780,0.1486
2025-08-28 12:35:00,23950,CE,421.33,418.91,414.83,418.07,1025,57909,0.1553
2025-08-28 12:35:00,23950,PE,419.86,435.79,417.71,422.57,672,64702,0.152
2025-08-28 12:35:00,24000,CE,399.3,402.18,388.32,398.09,1209,50466,0.1548
2025-08-28 12:35:00,24000,PE,486.06,493.65,484.06,486.84,977,53712,0.1527
2025-08-28 12:35:00,24050,CE,387.76,394.97,384.02,390.21,144,53958,0.1548
2025-08-28 12:35:00,24050,PE,542.55,548.19,542.64,544.26,1095,56048,0.15
2025-08-28 12:35:00,24100,CE,392.41,398.4,392.15,393.0,492,50637,0.1525
2025-08-28 12:35:00,24100,PE,598.86,591.06,583.27,590.64,569,43857,0.1526
2025-08-28 12:35:00,24150,CE,374.9,384.95,377.44,377.45,397,45773,0.1528
2025-08-28 12:35:00,24150,PE,603.88,606.24,596.07,603.82,693,41959,0.1547
2025-08-28 12:35:00,24200,CE,386.38,385.28,382.82,385.09,38,44868,0.1529
2025-08-28 12:35:00,24200,PE,701.75,697.31,685.77,695.82,67,38246,0.1519
2025-08-28 12:35:00,24250,CE,400.53,409.52,401.05,402.71,266,38533,0.1534
2025-08-28 12:35:00,24250,PE,716.79,736.64,709.79,714.4,209,37460,0.1519
2025-08-28 12:35:00,24300,CE,427.6,433.47,419.91,426.65,311,36526,0.1546
2025-08-28 12:35:00,24300,PE,765.18,778.12,764.65,770.7,77,37427,0.153
2025-08-28 12:35:00,24350,CE,405.67,406.92,398.07,400.79,456,34361,0.1542
2025-08-28 12:35:00,24350,PE,813.46,827.6,817.51,819.83,583,31469,0.1506
2025-08-28 12:35:00,24400,CE,394.48,398.81,394.91,396.04,330,35611,0.1542
2025-08-28 12:35:00,24400,PE,887.03,889.21,874.49,884.53,276,34013,0.1539
2025-08-28 12:35:00,24450,CE,390.76,396.55,391.11,394.95,588,26691,0.1547
2025-08-28 12:35:00,24450,PE,915.21,938.11,907.43,920.73,209,30790,0.1541
2025-08-28 12:35:00,24500,CE,398.19,396.3,393.63,394.97,570,30147,0.1526
2025-08-28 12:35:00,24500,PE,962.91,983.09,963.37,967.18,10,28004,0.1509
2025-08-28 12:35:00,24550,CE,371.04,374.68,363.47,367.95,312,26500,0.1548
2025-08-28 12:35:00,24550,PE,1023.34,1034.33,1028.53,1028.82,28,32753,0.1538
2025-08-28 12:35:00,24600,CE,377.63,379.5,375.99,378.39,406,26379,0.1548
2025-08-28 12:35:00,24600,PE,1088.92,1089.3,1072.19,1084.2,144,26456,0.1529
2025-08-28 12:35:00,24650,CE,390.25,393.55,385.91,389.75,223,26981,0.1534
2025-08-28 12:35:00,24650,PE,1177.26,1174.78,1165.79,1167.32,14,22950,0.1553
2025-08-28 12:35:00,24700,CE,353.69,357.56,347.99,351.86,99,22870,0.1548
2025-08-28 12:35:00,24700,PE,1194.47,1200.79,1182.79,1184.34,202,22741,0.1547
2025-08-28 12:35:00,24750,CE,376.91,385.7,375.68,380.67,42,28354,0.1538
2025-08-28 12:35:00,24750,PE,1239.03,1235.87,1226.99,1234.6,218,23184,0.1503
2025-08-28 12:35:00,24800,CE,392.26,404.27,392.99,395.7,108,25604,0.1561
2025-08-28 12:35:00,24800,PE,1282.82,1317.58,1275.0,1282.8,75,25624,0.1544
2025-08-28 12:35:00,24850,CE,400.73,402.9,396.67,398.94,213,20906,0.151
2025-08-28 12:35:00,24850,PE,1294.88,1314.97,1288.26,1292.45,350,23594,0.1521
2025-08-28 12:35:00,24900,CE,379.44,386.89,383.48,385.54,159,20248,0.1533
2025-08-28 12:35:00,24900,PE,1390.98,1413.22,1384.77,1387.31,154,21431,0.1512
2025-08-28 12:40:00,23500,CE,752.03,771.44,746.38,756.38,328,46537,0.1569
2025-08-28 12:40:00,23500,PE,386.58,385.99,380.14,384.37,54,40476,0.1548
2025-08-28 12:40:00,23550,CE,687.99,701.0,675.68,685.91,582,46067,0.154
2025-08-28 12:40:00,23550,PE,402.37,400.18,398.87,400.15,592,51575,0.1513
2025-08-28 12:40:00,23600,CE,645.41,659.95,650.73,651.24,319,55704,0.1559
2025-08-28 12:40:00,23600,PE,391.72,395.22,384.54,391.08,78,53561,0.158
2025-08-28 12:40:00,23650,CE,580.14,578.84,576.29,576.3,463,61269,0.1495
2025-08-28 12:40:00,23650,PE,386.57,389.78,382.3,384.06,554,59197,0.1561
2025-08-28 12:40:00,23700,CE,552.53,560.59,554.09,559.11,485,63776,0.1558
2025-08-28 12:40:00,23700,PE,378.41,378.9,371.49,377.87,448,65446,0.1486
2025-08-28 12:40:00,23750,CE,488.08,488.2,481.66,487.57,591,69206,0.1523
2025-08-28 12:40:00,23750,PE,408.47,419.99,401.49,406.43,299,72597,0.1482
2025-08-28 12:40:00,23800,CE,441.42,444.15,438.74,440.48,986,87242,0.1554
2025-08-28 12:40:00,23800,PE,380.13,389.4,378.64,382.63,332,85001,0.1516
2025-08-28 12:40:00,23850,CE,412.94,417.37,410.67,415.07,882,78067,0.1576
2025-08-28 12:40:00,23850,PE,399.11,396.06,390.35,395.8,1473,74299,0.1525
2025-08-28 12:40:00,23900,CE,384.48,397.57,387.07,387.29,1338,67312,0.1514
2025-08-28 12:40:00,23900,PE,450.37,452.79,447.73,450.28,1537,70614,0.1566
2025-08-28 12:40:00,23950,CE,390.07,392.13,383.19,389.19,127,57955,0.1531
2025-08-28 12:40:00,23950,PE,500.99,504.55,499.89,500.11,1300,64105,0.1561
2025-08-28 12:40:00,24000,CE,407.78,417.28,407.03,407.75,29,49870,0.159
2025-08-28 12:40:00,24000,PE,557.61,559.37,546.77,552.98,1009,53392,0.1517
2025-08-28 12:40:00,24050,CE,385.04,382.68,377.52,381.75,538,53455,0.1514
2025-08-28 12:40:00,24050,PE,553.62,560.3,556.64,559.58,1010,56360,0.1527
2025-08-28 12:40:00,24100,CE,346.54,347.33,345.07,345.99,557,51083,0.1525
2025-08-28 12:40:00,24100,PE,607.9,624.41,613.0,613.35,209,43752,0.154
2025-08-28 12:40:00,24150,CE,378.4,381.0,376.18,380.76,855,45792,0.1562
2025-08-28 12:40:00,24150,PE,662.08,661.61,652.55,657.24,278,42094,0.1532
2025-08-28 12:40:00,24200,CE,393.96,390.76,386.5,389.24,758,44381,0.1525
2025-08-28 12:40:00,24200,PE,731.36,746.27,722.2,738.2,805,38209,0.153
2025-08-28 12:40:00,24250,CE,396.91,409.48,393.96,397.44,77,39084,0.1551
2025-08-28 12:40:00,24250,PE,760.94,763.97,744.73,757.06,432,37109,0.1543
2025-08-28 12:40:00,24300,CE,384.15,389.4,384.81,385.34,136,36026,0.1523
2025-08-28 12:40:00,24300,PE,796.51,796.21,783.47,792.79,374,37163,0.1516
2025-08-28 12:40:00,24350,CE,410.46,408.62,403.95,406.54,213,34418,0.1552
2025-08-28 12:40:00,24350,PE,867.44,875.35,864.09,866.44,624,31911,0.1493
2025-08-28 12:40:00,24400,CE,395.01,395.83,388.17,391.71,73,35436,0.1521
2025-08-28 12:40:00,24400,PE,934.72,939.62,919.02,926.6,143,33826,0.1544
2025-08-28 12:40:00,24450,CE,382.58,385.91,372.85,382.3,520,26502,0.1561
2025-08-28 12:40:00,24450,PE,984.21,988.41,979.02,979.22,376,31199,0.1492
2025-08-28 12:40:00,24500,CE,352.93,352.95,351.83,352.89,155,30110,0.1514
2025-08-28 12:40:00,24500,PE,996.11,994.17,993.49,993.76,444,27801,0.1532
2025-08-28 12:40:00,24550,CE,399.29,398.61,392.18,393.67,348,26112,0.1505
2025-08-28 12:40:00,24550,PE,1083.47,1102.69,1075.42,1085.35,475,32303,0.1527
2025-08-28 12:40:00,24600,CE,397.63,400.2,395.37,396.16,341,26947,0.156
2025-08-28 12:40:00,24600,PE,1119.53,1145.42,1119.29,1123.21,76,26439,0.1562
2025-08-28 12:40:00,24650,CE,376.91,383.24,381.04,381.26,444,26467,0.152
2025-08-28 12:40:00,24650,PE,1177.5,1194.59,1173.4,1178.21,149,23437,0.1539
2025-08-28 12:40:00,24700,CE,385.64,383.73,383.19,383.65,66,23414,0.1507
2025-08-28 12:40:00,24700,PE,1233.97,1261.97,1247.09,1247.94,335,22425,0.1556
2025-08-28 12:40:00,24750,CE,376.12,373.35,370.36,370.76,94,28133,0.1523
2025-08-28 12:40:00,24750,PE,1275.63,1306.3,1280.42,1289.36,230,23736,0.1556
2025-08-28 12:40:00,24800,CE,370.38,369.71,362.87,367.35,326,25022,0.154
2025-08-28 12:40:00,24800,PE,1286.17,1295.98,1279.95,1291.87,244,25413,0.1503
2025-08-28 12:40:00,24850,CE,362.76,370.71,366.66,368.67,212,20822,0.1499
2025-08-28 12:40:00,24850,PE,1374.08,1413.06,1376.13,1380.78,234,23918,0.1513
2025-08-28 12:40:00,24900,CE,379.62,381.31,373.51,376.6,94,20089,0.1519
2025-08-28 12:40:00,24900,PE,1392.28,1429.71,1392.67,1412.31,23,21237,0.155
2025-08-28 12:45:00,23500,CE,788.17,799.82,791.35,795.85,702,46812,0.1539
2025-08-28 12:45:00,23500,PE,398.74,396.87,396.07,396.44,483,40895,0.1539
2025-08-28 12:45:00,23550,CE,769.51,770.71,756.49,758.77,440,45578,0.1545
2025-08-28 12:45:00,23550,PE,405.89,412.35,405.31,406.02,507,51145,0.1539
2025-08-28 12:45:00,23600,CE,699.09,713.58,696.41,698.98,172,55895,0.1559
2025-08-28 12:45:00,23600,PE,355.95,358.83,352.48,356.02,766,53338,0.1553
2025-08-28 12:45:00,23650,CE,680.91,683.98,674.87,675.75,281,61471,0.1557
2025-08-28 12:45:00,23650,PE,390.91,392.85,384.11,389.67,292,58805,0.1535
2025-08-28 12:45:00,23700,CE,617.86,622.57,607.41,618.13,241,64140,0.1539
2025-08-28 12:45:00,23700,PE,381.51,386.24,380.43,384.0,614,65231,0.1549
2025-08-28 12:45:00,23750,CE,561.08,568.97,566.17,567.44,1097,69008,0.1547
2025-08-28 12:45:00,23750,PE,386.44,397.02,382.48,383.83,761,72211,0.1551
2025-08-28 12:45:00,23800,CE,491.76,490.59,485.57,488.23,1164,86895,0.1511
2025-08-28 12:45:00,23800,PE,371.9,374.56,364.52,370.14,545,85119,0.1538
2025-08-28 12:45:00,23850,CE,463.37,473.66,465.91,466.31,746,78164,0.1569
2025-08-28 12:45:00,23850,PE,431.36,434.93,433.08,434.82,1099,74688,0.1554
2025-08-28 12:45:00,23900,CE,403.51,412.07,402.32,403.51,576,67468,0.1517
2025-08-28 12:45:00,23900,PE,364.01,372.06,363.97,366.65,948,70527,0.1541
2025-08-28 12:45:00,23950,CE,382.82,388.92,376.56,384.55,851,58319,0.1541
2025-08-28 12:45:00,23950,PE,425.38,424.88,421.88,423.91,1133,63524,0.155
2025-08-28 12:45:00,24000,CE,387.14,394.98,385.82,388.93,112,50112,0.1531
2025-08-28 12:45:00,24000,PE,473.48,469.92,466.06,467.61,766,53443,0.1548
2025-08-28 12:45:00,24050,CE,389.19,393.24,385.21,391.39,1056,53120,0.1551
2025-08-28 12:45:00,24050,PE,518.96,524.05,519.91,520.69,332,56524,0.1551
2025-08-28 12:45:00,24100,CE,406.0,405.84,394.11,404.84,868,51666,0.1568
2025-08-28 12:45:00,24100,PE,566.0,579.6,561.59,564.11,1029,43567,0.157
2025-08-28 12:45:00,24150,CE,376.82,395.5,379.58,385.17,190,45958,0.1546
2025-08-28 12:45:00,24150,PE,616.74,619.86,602.73,610.47,199,42021,0.1553
2025-08-28 12:45:00,24200,CE,368.47,376.45,363.14,368.93,283,44251,0.1533
2025-08-28 12:45:00,24200,PE,662.62,669.24,656.8,659.06,803,37977,0.1544
2025-08-28 12:45:00,24250,CE,379.69,381.98,378.81,379.52,709,38758,0.1494
2025-08-28 12:45:00,24250,PE,697.97,703.16,690.5,696.63,257,36791,0.1545
2025-08-28 12:45:00,24300,CE,374.2,379.96,376.65,376.96,576,36355,0.151
2025-08-28 12:45:00,24300,PE,757.47,763.63,746.87,754.89,39,36951,0.1511
2025-08-28 12:45:00,24350,CE,374.03,374.02,373.54,373.63,668,34453,0.1538
2025-08-28 12:45:00,24350,PE,781.96,808.24,778.12,785.31,136,31567,0.1507
2025-08-28 12:45:00,24400,CE,378.74,383.69,378.16,378.38,315,35090,0.1522
2025-08-28 12:45:00,24400,PE,846.25,866.61,849.11,853.14,296,33930,0.1539
2025-08-28 12:45:00,24450,CE,386.8,395.15,386.97,388.56,295,26601,0.155
2025-08-28 12:45:00,24450,PE,914.71,922.27,902.25,911.13,45,31205,0.1514
2025-08-28 12:45:00,24500,CE,387.46,387.71,386.0,387.35,41,30341,0.1546
2025-08-28 12:45:00,24500,PE,935.73,950.47,932.6,933.49,312,27965,0.152
2025-08-28 12:45:00,24550,CE,381.46,383.5,378.9,382.31,191,25752,0.1527
2025-08-28 12:45:00,24550,PE,1003.17,1001.66,990.83,996.69,378,31769,0.1545
2025-08-28 12:45:00,24600,CE,411.86,413.98,407.34,410.39,258,26670,0.1543
2025-08-28 12:45:00,24600,PE,1049.44,1048.39,1041.04,1048.0,192,26356,0.1525
2025-08-28 12:45:00,24650,CE,387.26,388.39,384.16,384.43,233,26116,0.1556
2025-08-28 12:45:00,24650,PE,1127.89,1123.79,1119.71,1120.94,69,23415,0.1564
2025-08-28 12:45:00,24700,CE,425.79,425.29,424.68,425.28,140,22858,0.1527
2025-08-28 12:45:00,24700,PE,1143.62,1144.88,1129.25,1136.2,408,22397,0.1507
2025-08-28 12:45:00,24750,CE,405.94,407.35,397.5,400.5,47,27954,0.149
2025-08-28 12:45:00,24750,PE,1188.17,1193.12,1182.42,1193.12,60,24286,0.1544
2025-08-28 12:45:00,24800,CE,408.27,414.87,409.1,409.7,213,25474,0.1505
2025-08-28 12:45:00,24800,PE,1243.13,1256.32,1241.91,1254.49,153,25954,0.1527
2025-08-28 12:45:00,24850,CE,359.46,365.67,362.52,365.1,388,21012,0.1534
2025-08-28 12:45:00,24850,PE,1319.6,1355.71,1312.35,1322.98,177,24484,0.1544
2025-08-28 12:45:00,24900,CE,412.66,417.77,411.38,414.19,231,19716,0.1559
2025-08-28 12:45:00,24900,PE,1385.98,1406.85,1375.23,1383.03,34,21275,0.1506
2025-08-28 12:50:00,23500,CE,801.99,807.23,799.66,799.8,182,47103,0.1508
2025-08-28 12:50:00,23500,PE,413.77,419.34,407.9,415.1,390,40873,0.1534
2025-08-28 12:50:00,23550,CE,790.19,778.82,769.58,776.47,221,45234,0.1553
2025-08-28 12:50:00,23550,PE,390.47,397.75,380.86,389.77,161,51329,0.153
2025-08-28 12:50:00,23600,CE,709.45,712.42,710.46,711.17,642,56460,0.1544
2025-08-28 12:50:00,23600,PE,393.69,393.11,386.78,390.2,556,53365,0.1554
2025-08-28 12:50:00,23650,CE,669.25,682.23,665.23,670.93,618,61168,0.1524
2025-08-28 12:50:00,23650,PE,371.73,377.1,373.32,374.25,781,58253,0.154
2025-08-28 12:50:00,23700,CE,650.42,672.4,649.23,658.78,884,63664,0.1572
2025-08-28 12:50:00,23700,PE,385.02,387.87,383.48,386.28,924,65563,0.1537
2025-08-28 12:50:00,23750,CE,569.22,589.87,576.04,577.45,463,68990,0.1516
2025-08-28 12:50:00,23750,PE,379.51,383.21,381.13,382.78,330,71861,0.1549
2025-08-28 12:50:00,23800,CE,509.04,512.93,508.11,508.33,393,87327,0.1552
2025-08-28 12:50:00,23800,PE,371.43,370.03,362.12,368.85,322,85042,0.1548
2025-08-28 12:50:00,23850,CE,456.35,467.6,455.62,460.51,953,78518,0.1558
2025-08-28 12:50:00,23850,PE,369.04,380.68,372.37,373.91,435,75061,0.1582
2025-08-28 12:50:00,23900,CE,397.58,406.99,402.94,406.41,301,67729,0.1542
2025-08-28 12:50:00,23900,PE,393.47,402.3,396.66,397.48,199,71094,0.1536
2025-08-28 12:50:00,23950,CE,385.04,385.09,381.73,382.97,195,58795,0.1517
2025-08-28 12:50:00,23950,PE,390.35,396.04,393.37,395.16,1303,63074,0.1522
2025-08-28 12:50:00,24000,CE,414.29,420.81,409.59,415.34,1133,49924,0.1534
2025-08-28 12:50:00,24000,PE,474.35,475.5,466.57,472.31,1430,53988,0.1551
2025-08-28 12:50:00,24050,CE,387.56,384.73,382.1,383.31,1180,53306,0.1557
2025-08-28 12:50:00,24050,PE,530.33,529.78,522.16,526.41,1142,56456,0.1514
2025-08-28 12:50:00,24100,CE,391.39,394.03,392.57,393.86,83,52100,0.1533
2025-08-28 12:50:00,24100,PE,530.57,531.96,522.41,530.34,71,43733,0.1554
2025-08-28 12:50:00,24150,CE,402.93,408.03,399.36,407.15,555,45802,0.1527
2025-08-28 12:50:00,24150,PE,595.07,594.48,584.03,591.11,753,41746,0.1515
2025-08-28 12:50:00,24200,CE,381.05,388.54,380.51,382.7,857,44672,0.1531
2025-08-28 12:50:00,24200,PE,654.04,665.58,654.3,656.01,846,38393,0.1544
2025-08-28 12:50:00,24250,CE,380.26,388.61,380.07,383.21,698,39259,0.1541
2025-08-28 12:50:00,24250,PE,669.52,684.68,668.81,678.53,774,37132,0.1531
2025-08-28 12:50:00,24300,CE,363.22,367.84,362.64,366.42,622,35976,0.1521
2025-08-28 12:50:00,24300,PE,754.08,773.73,755.55,756.47,145,36817,0.1535
2025-08-28 12:50:00,24350,CE,399.95,406.89,403.42,405.34,271,34246,0.1564
2025-08-28 12:50:00,24350,PE,799.71,799.5,792.23,798.43,223,31276,0.1534
2025-08-28 12:50:00,24400,CE,394.8,399.91,397.51,398.81,386,35443,0.1541
2025-08-28 12:50:00,24400,PE,881.18,879.24,864.04,871.66,547,33479,0.1572
2025-08-28 12:50:00,24450,CE,393.13,397.27,392.12,396.23,345,26576,0.1534
2025-08-28 12:50:00,24450,PE,909.05,920.67,898.47,898.98,505,31643,0.155
2025-08-28 12:50:00,24500,CE,384.59,384.87,380.92,383.85,202,30687,0.154
2025-08-28 12:50:00,24500,PE,964.74,973.91,955.76,961.72,357,27685,0.1552
2025-08-28 12:50:00,24550,CE,381.51,381.51,377.1,379.19,317,25194,0.1526
2025-08-28 12:50:00,24550,PE,992.71,1002.21,980.88,987.01,38,31665,0.1532
2025-08-28 12:50:00,24600,CE,363.04,363.34,362.64,362.82,508,26782,0.1553
2025-08-28 12:50:00,24600,PE,1045.18,1062.58,1039.93,1044.38,358,26781,0.1538
2025-08-28 12:50:00,24650,CE,381.12,381.43,375.69,378.37,230,26149,0.154
2025-08-28 12:50:00,24650,PE,1130.75,1136.9,1121.19,1122.83,146,23133,0.1543
2025-08-28 12:50:00,24700,CE,361.09,371.79,356.92,360.58,440,23086,0.1532
2025-08-28 12:50:00,24700,PE,1138.39,1185.52,1129.62,1144.18,70,22278,0.1522
2025-08-28 12:50:00,24750,CE,405.25,409.96,407.57,408.57,354,28344,0.1534
2025-08-28 12:50:00,24750,PE,1161.8,1175.1,1172.34,1174.69,303,23714,0.1513
2025-08-28 12:50:00,24800,CE,378.69,384.58,377.77,379.73,168,25376,0.1543
2025-08-28 12:50:00,24800,PE,1253.97,1272.96,1254.02,1257.47,85,25860,0.1538
2025-08-28 12:50:00,24850,CE,395.97,400.78,392.45,394.95,158,21117,0.1535
2025-08-28 12:50:00,24850,PE,1274.95,1294.49,1282.56,1284.68,135,24314,0.1505
2025-08-28 12:50:00,24900,CE,402.39,408.26,398.66,401.79,350,19598,0.156
2025-08-28 12:50:00,24900,PE,1357.49,1373.48,1354.64,1361.11,81,21556,0.1546
2025-08-28 12:55:00,23500,CE,746.7,757.26,740.9,744.25,212,46708,0.1518
2025-08-28 12:55:00,23500,PE,353.14,351.61,349.51,350.0,594,40559,0.1509
2025-08-28 12:55:00,23550,CE,681.74,681.75,670.56,673.09,19,44756,0.1526
2025-08-28 12:55:00,23550,PE,414.94,412.68,405.84,409.29,627,51038,0.1528
2025-08-28 12:55:00,23600,CE,639.25,647.94,637.74,639.88,370,56466,0.1533
2025-08-28 12:55:00,23600,PE,390.98,387.02,381.35,386.64,264,52991,0.1542
2025-08-28 12:55:00,23650,CE,554.63,563.63,555.52,559.13,86,60656,0.1534
2025-08-28 12:55:00,23650,PE,389.74,397.23,388.82,394.24,923,58848,0.1526
2025-08-28 12:55:00,23700,CE,507.42,509.26,500.45,506.67,724,63610,0.1524
2025-08-28 12:55:00,23700,PE,380.16,384.48,379.45,381.56,912,65960,0.1546
2025-08-28 12:55:00,23750,CE,477.2,478.4,471.7,476.53,569,69276,0.1515
2025-08-28 12:55:00,23750,PE,351.23,357.59,356.25,356.51,141,71459,0.1524
2025-08-28 12:55:00,23800,CE,434.08,433.19,430.79,431.55,1226,87341,0.1526
2025-08-28 12:55:00,23800,PE,370.28,372.32,364.57,364.57,1182,85123,0.1526
2025-08-28 12:55:00,23850,CE,437.36,430.44,425.16,428.72,221,78107,0.1579
2025-08-28 12:55:00,23850,PE,400.39,402.13,397.24,398.14,913,74595,0.1541
2025-08-28 12:55:00,23900,CE,374.89,378.43,375.48,376.38,1368,67444,0.1522
2025-08-28 12:55:00,23900,PE,410.27,414.67,402.52,407.17,1129,70807,0.1528
2025-08-28 12:55:00,23950,CE,397.86,390.94,387.0,388.54,1080,58528,0.1553
2025-08-28 12:55:00,23950,PE,446.13,450.79,447.58,448.26,728,62776,0.153
2025-08-28 12:55:00,24000,CE,365.92,367.07,365.24,366.5,1070,49980,0.1547
2025-08-28 12:55:00,24000,PE,534.28,540.17,533.0,538.43,646,53741,0.1544
2025-08-28 12:55:00,24050,CE,380.11,389.26,373.11,381.57,213,53631,0.1541
2025-08-28 12:55:00,24050,PE,539.63,553.15,538.29,542.36,74,55918,0.1522
2025-08-28 12:55:00,24100,CE,372.7,376.98,374.45,376.32,648,52245,0.1556
2025-08-28 12:55:00,24100,PE,611.71,632.26,617.36,623.18,332,44059,0.1556
2025-08-28 12:55:00,24150,CE,355.04,360.27,353.12,358.0,66,45726,0.152
2025-08-28 12:55:00,24150,PE,664.87,684.6,656.18,666.71,811,41529,0.1523
2025-08-28 12:55:00,24200,CE,393.26,406.38,396.81,398.6,645,44435,0.1531
2025-08-28 12:55:00,24200,PE,712.54,731.36,718.47,723.63,199,38186,0.1555
2025-08-28 12:55:00,24250,CE,410.2,419.42,411.99,413.16,228,38799,0.1558
2025-08-28 12:55:00,24250,PE,771.22,775.73,769.92,774.13,690,37229,0.1535
2025-08-28 12:55:00,24300,CE,388.76,393.18,392.22,392.59,677,36124,0.1529
2025-08-28 12:55:00,24300,PE,813.24,825.88,811.16,816.2,629,36684,0.1575
2025-08-28 12:55:00,24350,CE,382.94,385.32,374.16,379.09,132,34793,0.1536
2025-08-28 12:55:00,24350,PE,883.4,899.08,873.15,884.4,544,31769,0.1536
2025-08-28 12:55:00,24400,CE,378.52,383.29,369.99,375.59,570,35200,0.1536
2025-08-28 12:55:00,24400,PE,910.56,912.06,900.65,908.96,341,33757,0.1549
2025-08-28 12:55:00,24450,CE,417.46,417.24,412.31,412.63,512,26115,0.1558
2025-08-28 12:55:00,24450,PE,954.99,960.94,957.75,958.26,542,31952,0.1559
2025-08-28 12:55:00,24500,CE,402.99,409.83,404.75,404.8,265,30969,0.1543
2025-08-28 12:55:00,24500,PE,1044.1,1030.17,1017.58,1028.71,161,27512,0.1554
2025-08-28 12:55:00,24550,CE,372.23,370.62,367.41,369.93,110,25058,0.1548
2025-08-28 12:55:00,24550,PE,1081.1,1089.48,1073.53,1077.21,166,31768,0.1542
2025-08-28 12:55:00,24600,CE,395.13,408.83,394.71,398.74,219,26518,0.1562
2025-08-28 12:55:00,24600,PE,1103.26,1118.37,1108.69,1113.06,196,26868,0.1507
2025-08-28 12:55:00,24650,CE,392.45,397.16,390.53,391.77,375,26614,0.1554
2025-08-28 12:55:00,24650,PE,1163.9,1166.41,1158.84,1164.55,130,23066,0.1521
2025-08-28 12:55:00,24700,CE,370.42,370.87,370.3,370.49,323,22731,0.1529
2025-08-28 12:55:00,24700,PE,1218.62,1225.66,1204.31,1212.79,333,22347,0.1505
2025-08-28 12:55:00,24750,CE,346.95,358.73,351.82,355.61,65,28527,0.153
2025-08-28 12:55:00,24750,PE,1285.29,1291.05,1279.04,1286.97,74,23745,0.1554
2025-08-28 12:55:00,24800,CE,403.39,408.86,403.36,403.48,132,24804,0.1554
2025-08-28 12:55:00,24800,PE,1320.91,1313.98,1302.18,1307.23,281,26063,0.1553
2025-08-28 12:55:00,24850,CE,389.2,387.51,382.97,383.74,112,20561,0.1533
2025-08-28 12:55:00,24850,PE,1350.6,1412.98,1344.21,1359.43,350,24214,0.1512
2025-08-28 12:55:00,24900,CE,369.81,371.6,365.67,366.49,327,19495,0.1523
2025-08-28 12:55:00,24900,PE,1406.79,1421.04,1408.08,1413.7,284,21971,0.1484
2025-08-28 13:00:00,23500,CE,769.18,780.94,769.64,775.89,518,47143,0.1531
2025-08-28 13:00:00,23500,PE,358.35,360.52,358.7,359.23,60,40889,0.1551
2025-08-28 13:00:00,23550,CE,710.85,723.39,701.48,711.12,589,45139,0.1539
2025-08-28 13:00:00,23550,PE,369.39,369.66,365.57,368.59,522,50700,0.1517
2025-08-28 13:00:00,23600,CE,668.54,687.71,674.8,677.39,544,56725,0.1538
2025-08-28 13:00:00,23600,PE,404.67,405.84,395.26,403.37,883,53290,0.1571
2025-08-28 13:00:00,23650,CE,640.99,641.92,638.27,640.95,821,60989,0.1536
2025-08-28 13:00:00,23650,PE,351.67,356.46,350.7,353.88,114,59201,0.1514
2025-08-28 13:00:00,23700,CE,582.96,588.28,581.4,586.93,766,63205,0.1532
2025-08-28 13:00:00,23700,PE,388.45,388.42,383.97,387.9,217,65668,0.1518
2025-08-28 13:00:00,23750,CE,508.06,508.8,503.45,505.06,718,69616,0.1513
2025-08-28 13:00:00,23750,PE,373.71,380.88,376.9,378.79,1067,71035,0.153
2025-08-28 13:00:00,23800,CE,503.49,501.23,499.22,500.54,1351,86889,0.1569
2025-08-28 13:00:00,23800,PE,405.48,406.29,402.27,403.23,817,85695,0.1557
2025-08-28 13:00:00,23850,CE,424.77,430.98,419.45,423.3,679,78668,0.1526
2025-08-28 13:00:00,23850,PE,380.03,384.14,376.87,380.9,1019,74399,0.1548
2025-08-28 13:00:00,23900,CE,409.82,415.48,402.56,411.57,1500,66854,0.1563
2025-08-28 13:00:00,23900,PE,405.28,411.01,401.53,404.22,1312,70684,0.1565
2025-08-28 13:00:00,23950,CE,381.75,383.61,377.46,382.61,1051,57959,0.1542
2025-08-28 13:00:00,23950,PE,439.31,439.67,436.28,437.01,1323,62348,0.1524
2025-08-28 13:00:00,24000,CE,389.2,389.69,382.27,386.51,779,49648,0.1513
2025-08-28 13:00:00,24000,PE,512.66,521.9,513.31,514.3,1178,54148,0.153
2025-08-28 13:00:00,24050,CE,372.57,377.33,369.93,374.28,947,53481,0.1552
2025-08-28 13:00:00,24050,PE,540.28,547.5,529.47,539.53,220,55327,0.1548
2025-08-28 13:00:00,24100,CE,355.0,358.49,353.2,355.09,219,52409,0.1486
2025-08-28 13:00:00,24100,PE,600.63,595.96,588.54,595.43,357,43543,0.1514
2025-08-28 13:00:00,24150,CE,405.93,405.66,404.95,405.51,920,46198,0.1559
2025-08-28 13:00:00,24150,PE,645.63,655.44,653.89,654.15,411,41223,0.1539
2025-08-28 13:00:00,24200,CE,399.19,405.4,398.35,402.74,383,44120,0.1533
2025-08-28 13:00:00,24200,PE,677.62,688.63,663.81,673.0,74,38062,0.1533
2025-08-28 13:00:00,24250,CE,395.58,398.64,396.17,397.14,137,38327,0.1556
2025-08-28 13:00:00,24250,PE,734.1,740.04,736.77,739.26,765,36656,0.1553
2025-08-28 13:00:00,24300,CE,369.34,366.76,361.3,366.21,600,36621,0.1549
2025-08-28 13:00:00,24300,PE,806.77,804.13,797.24,802.54,318,37120,0.1526
2025-08-28 13:00:00,24350,CE,410.26,408.99,402.42,407.78,346,35292,0.155
2025-08-28 13:00:00,24350,PE,836.21,836.28,827.36,833.35,560,31980,0.1517
2025-08-28 13:00:00,24400,CE,398.69,397.57,392.5,397.46,366,34615,0.1556
2025-08-28 13:00:00,24400,PE,934.78,935.06,929.41,930.61,185,34324,0.1544
2025-08-28 13:00:00,24450,CE,418.97,431.22,417.86,420.9,547,26365,0.1546
2025-08-28 13:00:00,24450,PE,974.76,980.85,964.3,974.87,298,31850,0.154
2025-08-28 13:00:00,24500,CE,402.84,406.83,396.4,397.45,239,31247,0.1521
2025-08-28 13:00:00,24500,PE,995.49,997.95,981.02,996.0,155,27592,0.152
2025-08-28 13:00:00,24550,CE,380.37,377.87,376.69,376.74,335,25264,0.1522
2025-08-28 13:00:00,24550,PE,1077.28,1064.75,1054.75,1062.72,95,32156,0.1534
2025-08-28 13:00:00,24600,CE,378.98,385.1,380.25,382.95,223,27041,0.1555
2025-08-28 13:00:00,24600,PE,1105.2,1117.23,1116.16,1116.4,228,27223,0.1551
2025-08-28 13:00:00,24650,CE,379.93,386.06,372.96,379.81,60,27089,0.1566
2025-08-28 13:00:00,24650,PE,1149.1,1152.69,1144.6,1148.7,20,23147,0.1533
2025-08-28 13:00:00,24700,CE,389.94,395.16,387.49,389.98,344,22537,0.1529
2025-08-28 13:00:00,24700,PE,1192.96,1208.79,1191.82,1194.67,438,22550,0.1544
2025-08-28 13:00:00,24750,CE,380.88,391.35,381.18,381.66,395,28594,0.1491
2025-08-28 13:00:00,24750,PE,1265.42,1259.36,1247.91,1252.53,311,23212,0.1513
2025-08-28 13:00:00,24800,CE,390.45,397.66,391.39,391.63,34,24895,0.1533
2025-08-28 13:00:00,24800,PE,1290.31,1314.92,1297.49,1297.97,160,25963,0.1515
2025-08-28 13:00:00,24850,CE,369.51,369.94,366.27,367.44,249,20404,0.1542
2025-08-28 13:00:00,24850,PE,1307.81,1336.05,1306.19,1318.73,400,24483,0.1509
2025-08-28 13:00:00,24900,CE,376.92,376.48,375.85,376.25,236,19957,0.1574
2025-08-28 13:00:00,24900,PE,1391.47,1405.26,1371.68,1381.18,15,21607,0.1533
2025-08-28 13:05:00,23500,CE,797.36,812.36,792.22,797.05,618,47496,0.1559
2025-08-28 13:05:00,23500,PE,381.88,379.92,371.53,379.2,439,40492,0.1551
2025-08-28 13:05:00,23550,CE,735.85,750.26,742.61,744.88,246,45230,0.1549
2025-08-28 13:05:00,23550,PE,362.87,363.34,356.36,359.27,79,51117,0.154
2025-08-28 13:05:00,23600,CE,688.96,690.53,682.91,684.76,298,57212,0.1546
2025-08-28 13:05:00,23600,PE,381.87,383.62,380.46,382.26,473,53060,0.1526
2025-08-28 13:05:00,23650,CE,635.79,639.58,629.47,638.14,54,61371,0.1542
2025-08-28 13:05:00,23650,PE,356.87,360.83,358.32,360.4,639,59655,0.1516
2025-08-28 13:05:00,23700,CE,575.39,590.31,578.45,582.17,244,62812,0.1495
2025-08-28 13:05:00,23700,PE,383.65,391.79,380.05,386.74,262,65529,0.1496
2025-08-28 13:05:00,23750,CE,512.67,515.97,499.13,513.77,457,69947,0.1556
2025-08-28 13:05:00,23750,PE,350.54,352.42,346.85,349.39,1130,70452,0.1556
2025-08-28 13:05:00,23800,CE,496.76,495.51,486.02,490.18,727,87039,0.1546
2025-08-28 13:05:00,23800,PE,376.33,388.14,374.84,374.87,338,85592,0.1533
2025-08-28 13:05:00,23850,CE,443.33,446.52,443.66,445.03,1142,78689,0.156
2025-08-28 13:05:00,23850,PE,368.11,375.96,365.87,366.19,122,74301,0.1509
2025-08-28 13:05:00,23900,CE,400.91,399.2,392.3,396.28,594,66488,0.1523
2025-08-28 13:05:00,23900,PE,387.0,386.83,380.66,386.07,208,70502,0.1533
2025-08-28 13:05:00,23950,CE,396.16,395.63,394.56,395.05,1294,58392,0.1533
2025-08-28 13:05:00,23950,PE,450.87,457.05,448.33,451.07,255,62481,0.1577
2025-08-28 13:05:00,24000,CE,371.54,380.27,373.37,376.14,966,49620,0.1571
2025-08-28 13:05:00,24000,PE,484.75,499.86,480.46,488.28,66,54395,0.1555
2025-08-28 13:05:00,24050,CE,373.78,378.73,368.82,369.27,207,53101,0.1542
2025-08-28 13:05:00,24050,PE,579.81,584.62,568.21,574.63,341,54827,0.157
2025-08-28 13:05:00,24100,CE,374.67,385.43,373.89,375.93,969,52467,0.1555
2025-08-28 13:05:00,24100,PE,601.7,604.5,597.84,601.29,846,42956,0.1522
2025-08-28 13:05:00,24150,CE,363.19,366.08,362.26,365.7,190,45775,0.1562
2025-08-28 13:05:00,24150,PE,649.4,642.83,637.52,638.3,81,41483,0.1513
2025-08-28 13:05:00,24200,CE,430.25,423.63,420.26,420.59,154,44601,0.1562
2025-08-28 13:05:00,24200,PE,653.46,658.01,640.96,649.46,644,37804,0.1538
2025-08-28 13:05:00,24250,CE,386.56,391.32,385.32,386.88,222,38186,0.1532
2025-08-28 13:05:00,24250,PE,738.52,750.33,741.62,743.01,432,36873,0.1532
2025-08-28 13:05:00,24300,CE,393.56,395.91,392.12,395.66,334,36986,0.1549
2025-08-28 13:05:00,24300,PE,795.05,790.96,787.82,790.29,565,36832,0.1527
2025-08-28 13:05:00,24350,CE,382.71,383.3,376.89,379.1,276,35683,0.1528
2025-08-28 13:05:00,24350,PE,847.55,857.11,851.66,856.19,497,32547,0.1521
2025-08-28 13:05:00,24400,CE,376.87,382.26,376.53,379.03,71,34120,0.1534
2025-08-28 13:05:00,24400,PE,905.84,905.14,892.7,903.14,327,33993,0.1567
2025-08-28 13:05:00,24450,CE,387.99,393.85,392.08,392.17,446,26636,0.1556
2025-08-28 13:05:00,24450,PE,946.94,969.98,940.48,945.96,272,31294,0.1528
2025-08-28 13:05:00,24500,CE,407.82,407.14,403.07,405.8,204,30987,0.1521
2025-08-28 13:05:00,24500,PE,1003.59,1011.25,991.25,994.85,229,28005,0.1534
2025-08-28 13:05:00,24550,CE,378.78,382.79,380.83,381.33,398,25481,0.1544
2025-08-28 13:05:00,24550,PE,1044.34,1050.23,1026.2,1041.28,16,32324,0.1538
2025-08-28 13:05:00,24600,CE,370.29,374.37,368.69,371.23,268,27175,0.153
2025-08-28 13:05:00,24600,PE,1085.05,1099.68,1076.86,1079.64,211,27225,0.155
2025-08-28 13:05:00,24650,CE,374.51,381.01,372.62,373.51,167,27409,0.1533
2025-08-28 13:05:00,24650,PE,1126.13,1154.96,1131.56,1133.21,198,23585,0.1551
2025-08-28 13:05:00,24700,CE,384.7,390.58,379.16,382.49,427,22891,0.1522
2025-08-28 13:05:00,24700,PE,1184.32,1201.1,1190.81,1191.62,245,22529,0.1503
2025-08-28 13:05:00,24750,CE,393.29,397.39,387.25,391.23,233,28928,0.1555
2025-08-28 13:05:00,24750,PE,1233.69,1238.98,1231.16,1238.09,381,23518,0.1549
2025-08-28 13:05:00,24800,CE,344.63,344.79,337.73,340.86,304,24841,0.1561
2025-08-28 13:05:00,24800,PE,1273.84,1282.88,1263.23,1266.3,113,25763,0.1533
2025-08-28 13:05:00,24850,CE,391.76,396.11,391.2,393.38,404,20296,0.1521
2025-08-28 13:05:00,24850,PE,1307.93,1300.88,1280.23,1294.46,198,24474,0.1542
2025-08-28 13:05:00,24900,CE,371.48,374.76,366.33,368.74,140,19533,0.1543
2025-08-28 13:05:00,24900,PE,1362.1,1374.76,1329.12,1355.05,90,21269,0.1508
2025-08-28 13:10:00,23500,CE,783.81,789.83,764.6,774.29,155,47018,0.151
2025-08-28 13:10:00,23500,PE,409.66,415.94,410.82,412.57,686,39978,0.156
2025-08-28 13:10:00,23550,CE,734.83,734.39,727.75,730.6,104,45309,0.154
2025-08-28 13:10:00,23550,PE,396.27,406.64,400.07,403.12,729,51354,0.1543
2025-08-28 13:10:00,23600,CE,681.35,683.33,671.35,677.26,124,57348,0.1524
2025-08-28 13:10:00,23600,PE,379.48,385.43,379.52,379.92,516,53332,0.1513
2025-08-28 13:10:00,23650,CE,652.44,655.85,647.74,651.99,285,61258,0.1604
2025-08-28 13:10:00,23650,PE,383.51,385.4,383.21,384.06,910,60013,0.1511
2025-08-28 13:10:00,23700,CE,606.5,611.29,598.89,606.1,280,63109,0.1573
2025-08-28 13:10:00,23700,PE,409.87,405.1,402.26,405.07,895,65782,0.1525
2025-08-28 13:10:00,23750,CE,549.31,555.53,546.04,552.51,734,70266,0.1524
2025-08-28 13:10:00,23750,PE,372.74,376.46,370.55,372.04,633,70129,0.1565
2025-08-28 13:10:00,23800,CE,486.71,489.96,476.43,484.35,649,87122,0.1538
2025-08-28 13:10:00,23800,PE,415.29,415.54,411.67,413.39,1004,85921,0.1549
2025-08-28 13:10:00,23850,CE,462.9,457.83,446.05,455.3,219,78207,0.1531
2025-08-28 13:10:00,23850,PE,403.38,407.33,406.01,406.6,261,73997,0.1562
2025-08-28 13:10:00,23900,CE,386.83,387.98,385.79,386.66,514,66476,0.1514
2025-08-28 13:10:00,23900,PE,360.37,366.37,359.36,361.72,1279,70399,0.1488
2025-08-28 13:10:00,23950,CE,379.11,385.85,381.77,384.43,707,58889,0.1579
2025-08-28 13:10:00,23950,PE,454.33,449.28,443.3,449.17,1164,62781,0.155
2025-08-28 13:10:00,24000,CE,405.28,415.02,411.45,411.55,1006,49068,0.1572
2025-08-28 13:10:00,24000,PE,475.85,488.23,480.31,482.62,984,54353,0.1548
2025-08-28 13:10:00,24050,CE,386.19,385.52,377.45,381.49,748,53416,0.1558
2025-08-28 13:10:00,24050,PE,539.58,544.27,534.56,537.89,78,55029,0.1523
2025-08-28 13:10:00,24100,CE,405.31,408.62,406.69,408.1,932,52512,0.1541
2025-08-28 13:10:00,24100,PE,620.12,625.19,618.78,618.95,698,42458,0.1524
2025-08-28 13:10:00,24150,CE,422.35,429.29,422.02,424.18,722,46273,0.1539
2025-08-28 13:10:00,24150,PE,619.77,620.23,611.36,611.66,347,41381,0.1527
2025-08-28 13:10:00,24200,CE,385.78,381.51,381.41,381.5,457,44175,0.1548
2025-08-28 13:10:00,24200,PE,698.74,719.64,690.98,701.87,91,37305,0.1581
2025-08-28 13:10:00,24250,CE,377.08,384.37,372.65,374.58,138,38527,0.1544
2025-08-28 13:10:00,24250,PE,713.07,718.32,711.16,711.62,508,37008,0.1531
2025-08-28 13:10:00,24300,CE,399.74,398.48,393.53,398.09,67,36688,0.1517
2025-08-28 13:10:00,24300,PE,759.81,766.2,763.47,763.71,694,36871,0.1502
2025-08-28 13:10:00,24350,CE,413.9,420.88,417.62,419.06,65,36218,0.1533
2025-08-28 13:10:00,24350,PE,821.62,820.01,819.03,819.48,395,32538,0.1513
2025-08-28 13:10:00,24400,CE,384.14,398.07,391.2,391.25,389,33988,0.1541
2025-08-28 13:10:00,24400,PE,891.37,887.64,871.47,887.13,445,33762,0.1531
2025-08-28 13:10:00,24450,CE,387.95,384.39,382.67,383.04,221,26254,0.1518
2025-08-28 13:10:00,24450,PE,945.77,959.13,923.51,939.89,126,31786,0.1532
2025-08-28 13:10:00,24500,CE,389.67,391.49,386.4,387.58,122,30593,0.1526
2025-08-28 13:10:00,24500,PE,974.71,992.76,949.76,962.75,276,27470,0.1522
2025-08-28 13:10:00,24550,CE,381.18,387.1,379.38,383.25,227,25052,0.1511
2025-08-28 13:10:00,24550,PE,1039.78,1043.14,1007.56,1029.59,145,31942,0.1521
2025-08-28 13:10:00,24600,CE,402.99,405.4,393.52,399.98,445,27084,0.1518
2025-08-28 13:10:00,24600,PE,1069.37,1061.85,1054.1,1054.65,9,27716,0.1513
2025-08-28 13:10:00,24650,CE,391.81,396.43,394.55,394.95,486,26970,0.1524
2025-08-28 13:10:00,24650,PE,1119.78,1127.98,1111.37,1120.6,55,23160,0.1532
2025-08-28 13:10:00,24700,CE,428.11,425.58,420.11,424.27,131,22815,0.1536
2025-08-28 13:10:00,24700,PE,1196.42,1182.96,1180.92,1181.17,370,23013,0.1561
2025-08-28 13:10:00,24750,CE,368.96,372.18,367.77,369.06,382,29440,0.1552
2025-08-28 13:10:00,24750,PE,1223.49,1242.26,1223.98,1237.74,31,24058,0.1568
2025-08-28 13:10:00,24800,CE,363.02,366.64,364.8,365.61,280,24393,0.1538
2025-08-28 13:10:00,24800,PE,1270.17,1267.69,1259.38,1263.35,422,26009,0.1526
2025-08-28 13:10:00,24850,CE,399.62,408.24,393.64,397.23,308,20472,0.1541
2025-08-28 13:10:00,24850,PE,1376.43,1364.02,1354.32,1361.86,321,23910,0.1532
2025-08-28 13:10:00,24900,CE,367.83,371.67,365.93,370.43,221,19739,0.1547
2025-08-28 13:10:00,24900,PE,1362.55,1391.96,1380.18,1383.63,339,21505,0.152
2025-08-28 13:15:00,23500,CE,743.89,750.04,739.32,746.15,203,47205,0.1516
2025-08-28 13:15:00,23500,PE,381.86,387.27,380.86,384.0,201,39636,0.1546
2025-08-28 13:15:00,23550,CE,710.31,722.95,711.52,714.94,527,45107,0.1553
2025-08-28 13:15:00,23550,PE,397.77,396.14,391.91,394.03,289,51418,0.1547
2025-08-28 13:15:00,23600,CE,658.99,669.26,649.18,657.78,191,56914,0.1513
2025-08-28 13:15:00,23600,PE,383.52,389.77,380.12,384.59,411,52922,0.1531
2025-08-28 13:15:00,23650,CE,617.62,624.28,614.84,616.68,752,61496,0.1534
2025-08-28 13:15:00,23650,PE,372.94,378.08,370.03,371.61,960,59611,0.1544
2025-08-28 13:15:00,23700,CE,581.4,582.09,574.28,576.27,850,62529,0.1557
2025-08-28 13:15:00,23700,PE,387.16,394.93,385.17,387.55,706,65404,0.1542
2025-08-28 13:15:00,23750,CE,504.53,504.64,502.99,503.52,927,69756,0.1563
2025-08-28 13:15:00,23750,PE,356.6,358.38,352.03,356.04,73,69867,0.1503
2025-08-28 13:15:00,23800,CE,442.34,442.38,440.47,440.62,527,87434,0.1557
2025-08-28 13:15:00,23800,PE,375.76,380.48,375.65,377.08,299,86264,0.1523
2025-08-28 13:15:00,23850,CE,396.39,397.71,392.95,395.47,861,77692,0.1524
2025-08-28 13:15:00,23850,PE,386.95,391.73,386.48,387.37,1635,74081,0.1546
2025-08-28 13:15:00,23900,CE,368.36,374.86,371.06,371.65,1359,65981,0.1536
2025-08-28 13:15:00,23900,PE,417.15,429.73,418.23,419.3,733,70023,0.1494
2025-08-28 13:15:00,23950,CE,376.29,387.47,373.07,376.66,718,59230,0.1548
2025-08-28 13:15:00,23950,PE,439.41,452.39,441.85,442.94,1170,63347,0.1531
2025-08-28 13:15:00,24000,CE,373.27,376.41,370.93,374.09,331,48793,0.1568
2025-08-28 13:15:00,24000,PE,496.09,512.12,497.07,499.41,930,54685,0.1513
2025-08-28 13:15:00,24050,CE,372.59,383.58,372.93,374.13,367,53226,0.1531
2025-08-28 13:15:00,24050,PE,561.97,562.82,554.17,560.93,224,55370,0.1509
2025-08-28 13:15:00,24100,CE,373.03,373.5,369.86,371.19,122,52596,0.1586
2025-08-28 13:15:00,24100,PE,618.27,627.36,619.89,625.44,385,42513,0.1534
2025-08-28 13:15:00,24150,CE,392.82,394.68,382.61,388.89,819,46643,0.1566
2025-08-28 13:15:00,24150,PE,674.63,678.29,666.5,671.44,802,41616,0.1565
2025-08-28 13:15:00,24200,CE,381.53,390.62,378.34,384.37,356,44739,0.157
2025-08-28 13:15:00,24200,PE,740.69,750.15,735.1,735.32,462,37140,0.1552
2025-08-28 13:15:00,24250,CE,403.87,405.01,401.11,403.81,646,39073,0.1524
2025-08-28 13:15:00,24250,PE,787.96,782.32,777.6,780.64,366,37401,0.1554
2025-08-28 13:15:00,24300,CE,404.52,404.66,395.12,401.68,350,36680,0.1582
2025-08-28 13:15:00,24300,PE,840.41,860.01,840.34,850.25,375,36871,0.1518
2025-08-28 13:15:00,24350,CE,399.77,399.58,392.09,397.09,585,36700,0.1516
2025-08-28 13:15:00,24350,PE,850.5,862.78,823.33,841.11,521,32642,0.1554
2025-08-28 13:15:00,24400,CE,382.49,386.01,374.81,381.46,78,33793,0.1514
2025-08-28 13:15:00,24400,PE,943.42,972.89,926.64,940.94,95,33211,0.1541
2025-08-28 13:15:00,24450,CE,388.35,386.89,382.84,385.78,369,26013,0.1552
2025-08-28 13:15:00,24450,PE,952.54,957.29,934.09,950.92,54,31446,0.153
2025-08-28 13:15:00,24500,CE,368.92,372.65,365.87,366.75,44,30147,0.1551
2025-08-28 13:15:00,24500,PE,1010.08,1027.67,1007.4,1010.96,276,27677,0.1547
2025-08-28 13:15:00,24550,CE,423.34,422.76,417.35,418.14,410,24926,0.1554
2025-08-28 13:15:00,24550,PE,1089.09,1090.18,1070.46,1080.23,386,31455,0.1548
2025-08-28 13:15:00,24600,CE,400.2,398.16,393.61,393.95,70,26876,0.1538
2025-08-28 13:15:00,24600,PE,1111.26,1119.69,1108.91,1118.02,316,27284,0.1553
2025-08-28 13:15:00,24650,CE,411.51,413.09,410.88,412.0,8,27088,0.1528
2025-08-28 13:15:00,24650,PE,1175.51,1172.8,1167.11,1169.65,196,23072,0.1504
2025-08-28 13:15:00,24700,CE,376.64,386.19,377.71,378.51,193,23336,0.1512
2025-08-28 13:15:00,24700,PE,1228.22,1256.4,1207.66,1224.17,58,23143,0.1566
2025-08-28 13:15:00,24750,CE,391.43,405.02,396.03,396.08,330,29758,0.1516
2025-08-28 13:15:00,24750,PE,1278.12,1282.78,1263.4,1272.39,42,23860,0.1557
2025-08-28 13:15:00,24800,CE,365.15,370.78,364.51,365.72,395,24698,0.1515
2025-08-28 13:15:00,24800,PE,1320.03,1318.69,1289.2,1301.22,380,26290,0.151
2025-08-28 13:15:00,24850,CE,357.0,356.11,353.41,355.27,33,21061,0.1497
2025-08-28 13:15:00,24850,PE,1331.3,1343.33,1337.39,1339.15,331,24103,0.1532
2025-08-28 13:15:00,24900,CE,399.05,400.49,389.71,393.03,6,20238,0.1553
2025-08-28 13:15:00,24900,PE,1425.51,1451.25,1425.49,1438.03,339,21945,0.1516
2025-08-28 13:20:00,23500,CE,755.15,761.38,737.72,750.57,250,47707,0.1533
2025-08-28 13:20:00,23500,PE,385.12,382.86,378.52,382.08,19,39723,0.1523
2025-08-28 13:20:00,23550,CE,726.19,720.47,718.23,720.16,678,44775,0.1578
2025-08-28 13:20:00,23550,PE,388.81,396.2,390.63,391.95,850,51520,0.156
2025-08-28 13:20:00,23600,CE,629.94,636.99,625.86,627.76,170,57420,0.1574
2025-08-28 13:20:00,23600,PE,372.85,381.09,372.67,373.13,135,53489,0.1542
2025-08-28 13:20:00,23650,CE,565.28,569.26,562.32,563.25,1044,62031,0.1524
2025-08-28 13:20:00,23650,PE,398.44,403.85,401.98,403.53,355,59540,0.1511
2025-08-28 13:20:00,23700,CE,498.32,504.31,500.21,500.83,909,62894,0.1506
2025-08-28 13:20:00,23700,PE,356.85,363.28,357.93,358.2,264,65390,0.1488
2025-08-28 13:20:00,23750,CE,479.3,490.88,481.82,485.12,534,69986,0.1543
2025-08-28 13:20:00,23750,PE,383.2,383.71,378.05,383.44,1052,69784,0.1514
2025-08-28 13:20:00,23800,CE,435.11,439.65,433.3,435.83,1400,87197,0.1551
2025-08-28 13:20:00,23800,PE,406.24,413.28,403.3,409.87,1191,86194,0.1547
2025-08-28 13:20:00,23850,CE,389.1,393.53,386.4,390.83,210,77460,0.1515
2025-08-28 13:20:00,23850,PE,378.14,381.72,375.5,379.9,1466,73988,0.1515
2025-08-28 13:20:00,23900,CE,403.66,401.79,395.61,395.81,1175,66194,0.1527
2025-08-28 13:20:00,23900,PE,442.02,457.35,437.96,440.07,627,69663,0.1532
2025-08-28 13:20:00,23950,CE,390.63,398.68,388.62,390.55,940,59442,0.1552
2025-08-28 13:20:00,23950,PE,477.79,487.52,480.51,480.59,420,62835,0.1556
2025-08-28 13:20:00,24000,CE,411.5,412.03,409.87,411.83,457,48194,0.1529
2025-08-28 13:20:00,24000,PE,513.3,517.59,513.33,516.81,888,54364,0.1508
2025-08-28 13:20:00,24050,CE,386.89,389.53,380.46,383.9,414,52868,0.1503
2025-08-28 13:20:00,24050,PE,621.62,626.65,620.34,622.76,940,55769,0.1584
2025-08-28 13:20:00,24100,CE,336.26,343.82,340.37,341.81,871,52903,0.1496
2025-08-28 13:20:00,24100,PE,629.29,628.48,625.81,627.54,128,42712,0.1538
2025-08-28 13:20:00,24150,CE,360.48,363.63,361.61,362.49,396,46890,0.1508
2025-08-28 13:20:00,24150,PE,701.81,721.54,699.49,708.8,594,41811,0.1552
2025-08-28 13:20:00,24200,CE,359.81,367.76,357.67,366.87,497,45130,0.1555
2025-08-28 13:20:00,24200,PE,721.11,736.3,730.53,732.62,684,37180,0.1534
2025-08-28 13:20:00,24250,CE,361.91,372.55,360.65,365.59,12,38494,0.1535
2025-08-28 13:20:00,24250,PE,820.62,821.77,802.05,806.23,36,37836,0.1554
2025-08-28 13:20:00,24300,CE,401.08,404.88,401.54,403.01,315,36644,0.156
2025-08-28 13:20:00,24300,PE,833.08,850.22,830.63,842.35,200,37385,0.1488
2025-08-28 13:20:00,24350,CE,389.21,391.18,382.62,388.08,160,37171,0.153
2025-08-28 13:20:00,24350,PE,880.98,891.72,868.43,876.7,429,32521,0.1535
2025-08-28 13:20:00,24400,CE,412.0,419.9,408.03,413.09,398,34312,0.1502
2025-08-28 13:20:00,24400,PE,945.88,966.31,939.19,942.56,48,32681,0.1523
2025-08-28 13:20:00,24450,CE,388.78,393.19,389.37,389.72,104,26207,0.1576
2025-08-28 13:20:00,24450,PE,997.32,1021.51,1002.45,1008.9,300,31663,0.1571
2025-08-28 13:20:00,24500,CE,378.75,380.41,374.95,378.83,220,30555,0.1546
2025-08-28 13:20:00,24500,PE,1045.44,1046.3,1036.97,1040.66,254,27642,0.152
2025-08-28 13:20:00,24550,CE,376.85,387.15,379.55,383.35,248,24614,0.1549
2025-08-28 13:20:00,24550,PE,1063.56,1075.56,1060.09,1071.86,494,30908,0.1505
2025-08-28 13:20:00,24600,CE,420.97,426.21,417.17,418.43,20,26836,0.1566
2025-08-28 13:20:00,24600,PE,1172.44,1175.72,1158.04,1167.31,334,27227,0.1568
2025-08-28 13:20:00,24650,CE,366.29,368.96,363.98,364.9,365,26915,0.1543
2025-08-28 13:20:00,24650,PE,1193.57,1197.08,1186.39,1186.9,112,23235,0.1537
2025-08-28 13:20:00,24700,CE,379.28,382.07,379.08,380.94,112,23373,0.1506
2025-08-28 13:20:00,24700,PE,1230.2,1229.55,1219.46,1225.06,282,22681,0.1502
2025-08-28 13:20:00,24750,CE,376.95,379.35,375.12,376.33,101,29215,0.1516
2025-08-28 13:20:00,24750,PE,1297.99,1305.81,1280.62,1298.03,94,24328,0.1534
2025-08-28 13:20:00,24800,CE,417.71,418.01,412.1,414.61,11,24988,0.1525
2025-08-28 13:20:00,24800,PE,1309.61,1330.76,1307.02,1313.54,77,26245,0.1502
2025-08-28 13:20:00,24850,CE,359.07,363.2,352.18,356.28,9,21056,0.1544
2025-08-28 13:20:00,24850,PE,1381.02,1437.97,1385.55,1392.65,362,23640,0.1564
2025-08-28 13:20:00,24900,CE,408.44,410.42,403.53,405.73,120,19954,0.1518
2025-08-28 13:20:00,24900,PE,1445.21,1471.15,1459.64,1461.37,264,22334,0.1527
2025-08-28 13:25:00,23500,CE,784.27,784.96,761.56,776.93,213,47258,0.1537
2025-08-28 13:25:00,23500,PE,367.36,369.93,368.49,368.52,673,39248,0.1531
2025-08-28 13:25:00,23550,CE,708.24,732.68,710.39,712.53,703,44844,0.1527
2025-08-28 13:25:00,23550,PE,383.04,382.64,381.26,381.8,642,51928,0.1549
2025-08-28 13:25:00,23600,CE,674.16,681.71,673.23,676.05,620,57274,0.1569
2025-08-28 13:25:00,23600,PE,390.78,399.86,391.87,393.12,298,53664,0.1553
2025-08-28 13:25:00,23650,CE,617.31,621.89,609.38,615.17,512,62513,0.156
2025-08-28 13:25:00,23650,PE,390.72,402.5,391.01,391.22,750,60009,0.1528
2025-08-28 13:25:00,23700,CE,541.49,546.96,542.15,543.26,441,62855,0.1504
2025-08-28 13:25:00,23700,PE,373.3,377.73,366.81,373.81,958,65144,0.1516
2025-08-28 13:25:00,23750,CE,499.61,508.68,501.9,502.97,1006,70074,0.1556
2025-08-28 13:25:00,23750,PE,404.45,405.15,399.01,402.29,518,70293,0.1531
2025-08-28 13:25:00,23800,CE,484.67,485.24,479.21,483.1,383,87414,0.1523
2025-08-28 13:25:00,23800,PE,388.12,395.49,375.19,380.46,506,86740,0.1507
2025-08-28 13:25:00,23850,CE,428.97,429.92,424.13,425.43,889,77554,0.1522
2025-08-28 13:25:00,23850,PE,353.85,359.16,354.81,357.75,526,73413,0.1523
2025-08-28 13:25:00,23900,CE,345.04,344.28,340.45,343.42,1685,66131,0.1542
2025-08-28 13:25:00,23900,PE,399.43,408.1,400.59,401.24,1131,70146,0.1509
2025-08-28 13:25:00,23950,CE,400.74,404.73,401.07,403.57,529,58882,0.1563
2025-08-28 13:25:00,23950,PE,435.51,443.48,434.78,435.39,1138,62976,0.1551
2025-08-28 13:25:00,24000,CE,374.03,376.83,374.11,375.66,823,48047,0.153
2025-08-28 13:25:00,24000,PE,456.64,465.95,456.79,460.52,1153,54248,0.1549
2025-08-28 13:25:00,24050,CE,388.52,392.0,389.45,391.76,56,52949,0.1534
2025-08-28 13:25:00,24050,PE,565.42,566.82,559.62,564.83,878,55662,0.1543
2025-08-28 13:25:00,24100,CE,370.55,373.39,370.54,372.8,469,53407,0.1528
2025-08-28 13:25:00,24100,PE,603.07,607.63,603.68,606.33,601,42476,0.1547
2025-08-28 13:25:00,24150,CE,383.65,384.59,379.77,383.82,341,47201,0.1525
2025-08-28 13:25:00,24150,PE,637.58,642.69,634.88,638.36,689,41321,0.1524
2025-08-28 13:25:00,24200,CE,375.41,381.83,376.32,377.97,653,44929,0.1502
2025-08-28 13:25:00,24200,PE,707.3,723.65,707.37,709.74,124,36769,0.1551
2025-08-28 13:25:00,24250,CE,376.57,386.95,380.45,381.14,685,38157,0.1565
2025-08-28 13:25:00,24250,PE,754.14,747.82,735.06,747.64,404,37913,0.1542
2025-08-28 13:25:00,24300,CE,375.35,382.98,373.77,379.15,364,36454,0.1534
2025-08-28 13:25:00,24300,PE,787.08,788.71,769.63,779.3,29,36843,0.1533
2025-08-28 13:25:00,24350,CE,386.72,401.36,388.1,388.17,328,37607,0.1542
2025-08-28 13:25:00,24350,PE,840.85,857.04,846.56,847.87,568,32731,0.152
2025-08-28 13:25:00,24400,CE,398.3,398.93,395.1,396.32,185,34858,0.1554
2025-08-28 13:25:00,24400,PE,888.99,896.62,880.56,888.57,247,33041,0.1547
2025-08-28 13:25:00,24450,CE,377.26,382.18,375.88,376.61,89,26278,0.1497
2025-08-28 13:25:00,24450,PE,976.29,985.16,968.29,972.46,137,31615,0.1544
2025-08-28 13:25:00,24500,CE,392.54,398.45,390.21,392.95,438,31090,0.1524
2025-08-28 13:25:00,24500,PE,1000.96,994.58,980.49,993.35,46,27550,0.1533
2025-08-28 13:25:00,24550,CE,389.89,400.47,389.54,394.81,46,24667,0.1557
2025-08-28 13:25:00,24550,PE,1053.33,1058.34,1042.81,1050.71,527,30708,0.1529
2025-08-28 13:25:00,24600,CE,416.17,420.55,414.33,415.58,196,26572,0.1538
2025-08-28 13:25:00,24600,PE,1112.15,1126.76,1126.38,1126.41,427,27641,0.1573
2025-08-28 13:25:00,24650,CE,390.03,388.5,384.87,388.0,388,26611,0.1529
2025-08-28 13:25:00,24650,PE,1137.43,1138.37,1126.89,1134.35,109,22807,0.1521
2025-08-28 13:25:00,24700,CE,421.7,436.54,423.35,425.88,92,23646,0.1567
2025-08-28 13:25:00,24700,PE,1190.21,1183.95,1170.89,1178.91,253,23090,0.1518
2025-08-28 13:25:00,24750,CE,398.32,396.35,393.76,395.0,289,29728,0.1559
2025-08-28 13:25:00,24750,PE,1252.4,1254.57,1239.31,1240.73,29,24528,0.153
2025-08-28 13:25:00,24800,CE,383.07,392.96,386.24,387.52,55,24806,0.1542
2025-08-28 13:25:00,24800,PE,1278.01,1299.01,1278.01,1285.21,193,26257,0.1511
2025-08-28 13:25:00,24850,CE,365.55,373.21,371.41,371.43,89,20679,0.1494
2025-08-28 13:25:00,24850,PE,1336.35,1374.67,1344.56,1345.61,65,23294,0.1534
2025-08-28 13:25:00,24900,CE,398.37,401.72,394.01,394.17,268,20429,0.1489
2025-08-28 13:25:00,24900,PE,1429.43,1424.85,1422.22,1422.41,135,22752,0.1531
2025-08-28 13:30:00,23500,CE,747.01,748.63,742.47,744.84,632,46992,0.1547
2025-08-28 13:30:00,23500,PE,388.59,389.34,387.7,388.28,158,39104,0.1571
2025-08-28 13:30:00,23550,CE,720.13,728.54,719.06,722.89,109,45394,0.1543
2025-08-28 13:30:00,23550,PE,413.31,415.9,410.54,410.73,682,51798,0.1538
2025-08-28 13:30:00,23600,CE,660.71,672.63,667.57,669.94,473,57066,0.1527
2025-08-28 13:30:00,23600,PE,388.6,393.26,379.35,384.95,17,53304,0.1529
2025-08-28 13:30:00,23650,CE,591.8,603.47,588.26,593.1,64,62402,0.1553
2025-08-28 13:30:00,23650,PE,359.13,368.47,359.82,360.52,429,59845,0.1551
2025-08-28 13:30:00,23700,CE,565.76,565.48,558.4,561.44,774,63136,0.1537
2025-08-28 13:30:00,23700,PE,394.21,407.98,397.16,399.29,625,64960,0.1568
2025-08-28 13:30:00,23750,CE,510.98,516.97,500.92,512.46,453,70023,0.1546
2025-08-28 13:30:00,23750,PE,398.08,398.12,394.06,396.17,929,70078,0.1577
2025-08-28 13:30:00,23800,CE,463.57,469.08,456.91,459.2,1035,87197,0.156
2025-08-28 13:30:00,23800,PE,392.4,391.42,386.4,390.45,795,86441,0.1509
2025-08-28 13:30:00,23850,CE,394.59,394.71,392.14,394.6,176,77551,0.1514
2025-08-28 13:30:00,23850,PE,366.6,370.01,361.63,364.19,1196,73327,0.1515
2025-08-28 13:30:00,23900,CE,400.6,406.52,402.03,402.17,1265,65600,0.1561
2025-08-28 13:30:00,23900,PE,431.08,427.17,425.76,426.23,99,70662,0.1543
2025-08-28 13:30:00,23950,CE,392.92,395.8,387.1,391.85,798,58700,0.1548
2025-08-28 13:30:00,23950,PE,469.91,483.49,463.45,468.27,907,63285,0.1595
2025-08-28 13:30:00,24000,CE,388.17,385.8,375.17,383.57,1081,48535,0.1545
2025-08-28 13:30:00,24000,PE,503.87,503.46,494.87,497.63,444,53661,0.1531
2025-08-28 13:30:00,24050,CE,396.62,395.0,386.64,394.63,454,52496,0.1537
2025-08-28 13:30:00,24050,PE,549.76,555.27,540.84,548.91,570,55290,0.1503
2025-08-28 13:30:00,24100,CE,375.76,379.92,369.17,373.71,664,53869,0.1485
2025-08-28 13:30:00,24100,PE,625.87,630.22,616.82,621.5,209,42530,0.1546
2025-08-28 13:30:00,24150,CE,363.76,374.8,367.94,369.44,856,46974,0.1533
2025-08-28 13:30:00,24150,PE,638.02,655.52,647.35,649.84,711,40773,0.1518
2025-08-28 13:30:00,24200,CE,387.66,385.2,384.0,385.01,526,44371,0.1571
2025-08-28 13:30:00,24200,PE,735.33,742.9,729.26,734.9,71,36862,0.1547
2025-08-28 13:30:00,24250,CE,385.91,384.36,378.74,382.07,663,38400,0.1536
2025-08-28 13:30:00,24250,PE,777.44,781.82,761.18,772.14,320,37775,0.1537
2025-08-28 13:30:00,24300,CE,338.42,340.7,333.4,339.07,338,36199,0.1507
2025-08-28 13:30:00,24300,PE,817.0,817.44,802.34,804.18,22,37210,0.1527
2025-08-28 13:30:00,24350,CE,412.2,412.88,409.1,411.86,353,38045,0.1567
2025-08-28 13:30:00,24350,PE,872.98,874.55,863.66,868.95,387,32591,0.1568
2025-08-28 13:30:00,24400,CE,377.88,376.91,372.16,376.13,47,35155,0.156
2025-08-28 13:30:00,24400,PE,901.14,910.48,889.68,906.82,378,33484,0.1513
2025-08-28 13:30:00,24450,CE,382.28,378.24,374.19,376.68,149,26134,0.1512
2025-08-28 13:30:00,24450,PE,947.19,943.42,922.79,943.1,147,31207,0.1512
2025-08-28 13:30:00,24500,CE,382.24,382.12,375.54,379.46,491,30932,0.1525
2025-08-28 13:30:00,24500,PE,996.83,1004.44,991.48,1003.99,11,27024,0.1523
2025-08-28 13:30:00,24550,CE,378.36,385.65,380.13,383.93,182,24109,0.1559
2025-08-28 13:30:00,24550,PE,1068.56,1087.38,1064.44,1065.56,463,31097,0.1516
2025-08-28 13:30:00,24600,CE,401.02,399.62,398.73,398.97,449,26995,0.1546
2025-08-28 13:30:00,24600,PE,1108.58,1153.61,1115.27,1119.17,31,27817,0.1572
2025-08-28 13:30:00,24650,CE,397.42,401.22,392.8,396.93,404,27039,0.154
2025-08-28 13:30:00,24650,PE,1173.09,1174.71,1163.85,1164.13,221,23329,0.1533
2025-08-28 13:30:00,24700,CE,357.71,363.7,357.75,358.46,81,23869,0.1528
2025-08-28 13:30:00,24700,PE,1262.55,1279.74,1247.76,1260.55,125,23583,0.1526
2025-08-28 13:30:00,24750,CE,409.32,412.91,401.8,404.64,387,30231,0.1565
2025-08-28 13:30:00,24750,PE,1268.82,1294.54,1291.1,1294.05,33,24257,0.1545
2025-08-28 13:30:00,24800,CE,388.09,390.41,378.43,384.34,165,25345,0.1551
2025-08-28 13:30:00,24800,PE,1318.96,1345.36,1294.73,1321.12,277,26837,0.1546
2025-08-28 13:30:00,24850,CE,352.81,360.49,356.96,357.55,345,20414,0.1539
2025-08-28 13:30:00,24850,PE,1391.02,1402.08,1366.86,1373.46,80,23446,0.1559
2025-08-28 13:30:00,24900,CE,381.0,394.98,384.45,385.61,300,20093,0.153
2025-08-28 13:30:00,24900,PE,1402.12,1451.28,1410.47,1421.13,258,22624,0.1541
2025-08-28 13:35:00,23500,CE,782.85,794.18,771.36,787.72,581,47140,0.1541
2025-08-28 13:35:00,23500,PE,364.82,370.95,360.45,363.38,519,38548,0.1537
2025-08-28 13:35:00,23550,CE,731.51,746.41,733.7,738.07,677,45569,0.1529
2025-08-28 13:35:00,23550,PE,366.2,369.32,363.64,368.71,171,51781,0.1558
2025-08-28 13:35:00,23600,CE,699.56,697.73,695.65,696.98,253,56614,0.1542
2025-08-28 13:35:00,23600,PE,379.72,383.69,374.91,375.94,421,53525,0.1527
2025-08-28 13:35:00,23650,CE,631.63,653.6,634.66,639.84,751,62932,0.1531
2025-08-28 13:35:00,23650,PE,377.01,381.28,373.97,379.0,605,59247,0.1515
2025-08-28 13:35:00,23700,CE,555.0,569.53,555.95,556.37,429,63061,0.1525
2025-08-28 13:35:00,23700,PE,416.38,415.54,413.95,415.49,1034,64511,0.1546
2025-08-28 13:35:00,23750,CE,534.14,530.9,526.84,530.71,1043,69671,0.1572
2025-08-28 13:35:00,23750,PE,390.01,393.02,381.14,389.05,794,70067,0.1572
2025-08-28 13:35:00,23800,CE,478.11,486.96,478.82,483.47,1298,86946,0.1535
2025-08-28 13:35:00,23800,PE,390.98,393.13,381.88,386.06,646,86619,0.1538
2025-08-28 13:35:00,23850,CE,399.38,411.61,395.01,399.7,308,77267,0.1533
2025-08-28 13:35:00,23850,PE,376.67,377.49,375.91,377.32,1162,73658,0.1537
2025-08-28 13:35:00,23900,CE,364.28,362.81,361.46,362.11,1207,65220,0.1535
2025-08-28 13:35:00,23900,PE,367.79,377.86,365.94,370.56,404,71150,0.1534
2025-08-28 13:35:00,23950,CE,369.43,373.77,366.02,370.12,1360,58580,0.1549
2025-08-28 13:35:00,23950,PE,464.02,462.24,456.17,459.59,843,62751,0.1587
2025-08-28 13:35:00,24000,CE,380.31,390.59,374.36,379.78,866,48054,0.1535
2025-08-28 13:35:00,24000,PE,467.86,472.9,464.05,468.02,132,53700,0.1566
2025-08-28 13:35:00,24050,CE,410.46,419.52,410.3,413.38,987,52989,0.1532
2025-08-28 13:35:00,24050,PE,517.76,524.99,520.66,524.36,508,55308,0.1521
2025-08-28 13:35:00,24100,CE,387.42,383.13,381.99,382.27,573,53809,0.1523
2025-08-28 13:35:00,24100,PE,598.47,597.45,589.11,592.03,753,42857,0.1528
2025-08-28 13:35:00,24150,CE,387.61,390.25,385.22,387.75,445,46646,0.1549
2025-08-28 13:35:00,24150,PE,613.51,621.48,610.1,612.75,791,40984,0.1528
2025-08-28 13:35:00,24200,CE,396.25,403.08,390.77,393.74,358,44032,0.1571
2025-08-28 13:35:00,24200,PE,663.9,692.08,674.62,677.31,358,37276,0.1554
2025-08-28 13:35:00,24250,CE,372.4,376.54,370.79,371.14,270,38857,0.1529
2025-08-28 13:35:00,24250,PE,733.29,738.29,725.6,736.31,205,37408,0.1554
2025-08-28 13:35:00,24300,CE,384.96,394.96,383.48,387.96,59,35771,0.1583
2025-08-28 13:35:00,24300,PE,774.11,774.57,766.42,773.89,200,37478,0.1527
2025-08-28 13:35:00,24350,CE,397.59,408.96,393.13,399.29,366,38228,0.1542
2025-08-28 13:35:00,24350,PE,850.6,862.38,856.4,860.58,77,32736,0.1542
2025-08-28 13:35:00,24400,CE,381.8,384.27,377.17,381.81,419,35166,0.1514
2025-08-28 13:35:00,24400,PE,897.87,912.11,883.31,895.33,412,33038,0.1548
2025-08-28 13:35:00,24450,CE,368.13,373.14,364.31,367.07,302,26397,0.1523
2025-08-28 13:35:00,24450,PE,946.68,942.08,924.57,939.7,91,30801,0.1514
2025-08-28 13:35:00,24500,CE,383.72,391.66,380.22,387.25,426,30983,0.1517
2025-08-28 13:35:00,24500,PE,967.05,980.04,973.4,974.94,133,26839,0.1538
2025-08-28 13:35:00,24550,CE,370.78,377.09,374.23,376.97,473,23906,0.1526
2025-08-28 13:35:00,24550,PE,1015.43,1031.78,1000.99,1008.34,198,31495,0.1544
2025-08-28 13:35:00,24600,CE,404.59,408.96,405.89,406.07,110,26942,0.1569
2025-08-28 13:35:00,24600,PE,1076.87,1092.75,1080.81,1087.63,164,27809,0.1544
2025-08-28 13:35:00,24650,CE,363.2,363.15,361.1,362.12,133,27514,0.1523
2025-08-28 13:35:00,24650,PE,1154.49,1175.42,1159.05,1163.57,72,23399,0.1565
2025-08-28 13:35:00,24700,CE,393.72,394.62,385.08,392.86,295,24230,0.1524
2025-08-28 13:35:00,24700,PE,1189.13,1208.32,1186.11,1195.39,52,24018,0.1504
2025-08-28 13:35:00,24750,CE,365.72,368.12,366.16,367.37,115,30465,0.1551
2025-08-28 13:35:00,24750,PE,1211.14,1230.19,1214.53,1221.59,30,23829,0.1537
2025-08-28 13:35:00,24800,CE,380.91,381.49,379.32,381.37,227,24888,0.1529
2025-08-28 13:35:00,24800,PE,1316.87,1306.3,1283.89,1293.24,192,26758,0.1553
2025-08-28 13:35:00,24850,CE,378.15,377.37,365.78,374.88,196,19889,0.1543
2025-08-28 13:35:00,24850,PE,1320.53,1357.24,1314.2,1325.96,299,23206,0.1544
2025-08-28 13:35:00,24900,CE,354.24,359.95,345.52,350.15,281,19743,0.1508
2025-08-28 13:35:00,24900,PE,1383.62,1409.04,1380.9,1383.67,86,22070,0.1526
2025-08-28 13:40:00,23500,CE,756.64,759.92,751.16,753.07,642,47018,0.151
2025-08-28 13:40:00,23500,PE,393.1,391.79,388.47,390.0,111,38246,0.1524
2025-08-28 13:40:00,23550,CE,738.41,754.04,734.11,739.23,122,45091,0.1541
2025-08-28 13:40:00,23550,PE,380.9,389.05,381.04,383.14,71,52057,0.1551
2025-08-28 13:40:00,23600,CE,653.62,664.9,654.14,660.93,519,57109,0.1556
2025-08-28 13:40:00,23600,PE,341.21,352.24,347.71,348.27,859,53669,0.1513
2025-08-28 13:40:00,23650,CE,604.6,611.73,605.6,606.77,527,63447,0.1528
2025-08-28 13:40:00,23650,PE,373.22,386.71,375.52,377.18,912,58846,0.1523
2025-08-28 13:40:00,23700,CE,573.5,575.62,567.67,575.35,646,63382,0.1532
2025-08-28 13:40:00,23700,PE,394.58,396.95,388.14,390.37,935,64401,0.1537
2025-08-28 13:40:00,23750,CE,510.6,510.26,494.36,501.54,771,69658,0.1535
2025-08-28 13:40:00,23750,PE,367.68,372.32,360.6,362.75,761,70264,0.1537
2025-08-28 13:40:00,23800,CE,479.4,472.51,466.61,472.31,803,87286,0.1558
2025-08-28 13:40:00,23800,PE,414.56,419.53,415.09,417.22,120,86090,0.1565
2025-08-28 13:40:00,23850,CE,446.39,449.72,445.58,445.73,1318,77132,0.157
2025-08-28 13:40:00,23850,PE,380.6,385.4,383.66,384.55,622,73975,0.1547
2025-08-28 13:40:00,23900,CE,386.88,392.89,385.61,387.29,961,65261,0.1539
2025-08-28 13:40:00,23900,PE,403.51,408.26,402.49,405.94,1621,70960,0.1517
2025-08-28 13:40:00,23950,CE,389.14,387.74,380.68,385.68,407,58028,0.1557
2025-08-28 13:40:00,23950,PE,411.24,414.81,405.81,406.63,1394,62159,0.1548
2025-08-28 13:40:00,24000,CE,365.78,376.29,363.02,368.26,548,47964,0.1487
2025-08-28 13:40:00,24000,PE,498.73,498.61,494.43,497.64,1194,53680,0.1536
2025-08-28 13:40:00,24050,CE,399.73,409.57,400.62,400.76,26,52664,0.153
2025-08-28 13:40:00,24050,PE,552.25,552.27,547.25,550.83,591,55667,0.153
2025-08-28 13:40:00,24100,CE,373.85,387.92,372.8,372.89,72,54077,0.1528
2025-08-28 13:40:00,24100,PE,599.95,607.62,592.95,595.67,191,42482,0.1555
2025-08-28 13:40:00,24150,CE,390.55,397.64,390.05,392.98,144,46271,0.153
2025-08-28 13:40:00,24150,PE,643.2,651.55,642.35,646.4,576,41421,0.1529
2025-08-28 13:40:00,24200,CE,370.94,370.49,363.88,368.58,70,44534,0.1538
2025-08-28 13:40:00,24200,PE,710.14,714.24,705.36,711.36,198,37857,0.153
2025-08-28 13:40:00,24250,CE,395.09,402.78,390.38,397.46,635,39080,0.1563
2025-08-28 13:40:00,24250,PE,769.8,765.76,759.98,762.5,391,37922,0.1548
2025-08-28 13:40:00,24300,CE,394.98,389.78,386.32,389.73,351,35349,0.1549
2025-08-28 13:40:00,24300,PE,789.4,797.04,793.3,795.76,247,37064,0.1512
2025-08-28 13:40:00,24350,CE,397.37,400.21,392.32,394.68,185,37677,0.1571
2025-08-28 13:40:00,24350,PE,834.79,842.81,832.97,839.53,323,32782,0.1548
2025-08-28 13:40:00,24400,CE,371.85,374.04,370.69,373.29,328,34831,0.1558
2025-08-28 13:40:00,24400,PE,918.89,917.48,909.01,916.81,176,33120,0.1546
2025-08-28 13:40:00,24450,CE,372.68,378.66,370.57,373.69,201,25806,0.1545
2025-08-28 13:40:00,24450,PE,957.87,955.98,940.38,955.86,431,30835,0.154
2025-08-28 13:40:00,24500,CE,374.58,378.67,365.04,372.71,115,31449,0.1539
2025-08-28 13:40:00,24500,PE,980.18,1016.9,987.35,993.71,151,27110,0.1552
2025-08-28 13:40:00,24550,CE,362.46,365.85,362.02,363.49,32,23746,0.1533
2025-08-28 13:40:00,24550,PE,1069.1,1084.34,1051.47,1067.72,139,30976,0.154
2025-08-28 13:40:00,24600,CE,403.07,406.7,404.31,404.62,223,26636,0.1545
2025-08-28 13:40:00,24600,PE,1097.92,1098.01,1089.54,1092.87,132,27813,0.1533
2025-08-28 13:40:00,24650,CE,419.99,425.27,414.66,416.42,422,27222,0.1554
2025-08-28 13:40:00,24650,PE,1132.42,1160.14,1134.21,1150.76,81,23730,0.1554
2025-08-28 13:40:00,24700,CE,393.52,396.5,395.78,396.38,195,24752,0.155
2025-08-28 13:40:00,24700,PE,1197.39,1232.44,1206.38,1207.3,327,23629,0.1537
2025-08-28 13:40:00,24750,CE,380.97,390.19,386.03,386.6,338,29871,0.1555
2025-08-28 13:40:00,24750,PE,1241.17,1260.65,1249.75,1254.88,204,23329,0.1531
2025-08-28 13:40:00,24800,CE,385.58,387.94,383.78,386.77,326,25251,0.1546
2025-08-28 13:40:00,24800,PE,1261.94,1279.8,1262.91,1276.04,395,26222,0.1511
2025-08-28 13:40:00,24850,CE,373.44,381.74,372.96,376.78,342,20184,0.1523
2025-08-28 13:40:00,24850,PE,1318.64,1335.02,1318.8,1328.05,345,23092,0.1495
2025-08-28 13:40:00,24900,CE,393.77,401.08,394.13,397.24,255,19654,0.154
2025-08-28 13:40:00,24900,PE,1404.53,1400.64,1377.54,1395.33,264,22346,0.155
2025-08-28 13:45:00,23500,CE,760.38,774.35,766.8,768.95,229,46802,0.1525
2025-08-28 13:45:00,23500,PE,356.38,358.81,351.93,356.0,740,38618,0.1541
2025-08-28 13:45:00,23550,CE,724.66,729.07,719.99,720.36,56,44604,0.153
2025-08-28 13:45:00,23550,PE,391.05,396.65,380.89,387.0,648,52319,0.1535
2025-08-28 13:45:00,23600,CE,657.79,665.16,652.98,655.15,200,57593,0.1565
2025-08-28 13:45:00,23600,PE,349.13,354.06,346.91,351.09,29,53266,0.156
2025-08-28 13:45:00,23650,CE,642.39,648.75,637.54,644.14,543,63512,0.1561
2025-08-28 13:45:00,23650,PE,390.86,398.14,387.57,393.28,221,59015,0.153
2025-08-28 13:45:00,23700,CE,602.5,621.7,595.37,602.05,906,62941,0.1564
2025-08-28 13:45:00,23700,PE,363.72,367.69,363.83,366.59,849,64452,0.1534
2025-08-28 13:45:00,23750,CE,535.21,543.09,536.36,537.75,1089,69360,0.1572
2025-08-28 13:45:00,23750,PE,393.58,398.69,398.22,398.48,833,70568,0.1559
2025-08-28 13:45:00,23800,CE,494.83,498.55,488.11,492.04,508,87367,0.1534
2025-08-28 13:45:00,23800,PE,426.61,424.93,422.21,423.01,1013,85982,0.1527
2025-08-28 13:45:00,23850,CE,454.18,449.01,443.2,447.84,1060,77423,0.1499
2025-08-28 13:45:00,23850,PE,396.23,403.54,391.23,397.26,399,74253,0.155
2025-08-28 13:45:00,23900,CE,382.3,388.63,386.9,388.51,1028,64913,0.1554
2025-08-28 13:45:00,23900,PE,412.12,415.58,405.95,412.01,1448,70390,0.1514
2025-08-28 13:45:00,23950,CE,404.73,406.92,404.67,405.75,898,57725,0.1533
2025-08-28 13:45:00,23950,PE,442.49,449.52,440.69,441.66,1045,62618,0.1534
2025-08-28 13:45:00,24000,CE,372.44,377.46,373.18,375.09,857,47840,0.1524
2025-08-28 13:45:00,24000,PE,498.03,501.29,497.84,498.4,824,53321,0.1569
2025-08-28 13:45:00,24050,CE,422.92,428.28,419.31,422.36,112,52506,0.1559
2025-08-28 13:45:00,24050,PE,555.35,564.11,560.19,563.31,702,55526,0.1552
2025-08-28 13:45:00,24100,CE,390.47,391.72,384.84,387.1,128,54021,0.1535
2025-08-28 13:45:00,24100,PE,590.13,612.92,594.61,601.16,887,42422,0.1527
2025-08-28 13:45:00,24150,CE,359.75,361.84,356.85,360.63,432,46028,0.1512
2025-08-28 13:45:00,24150,PE,629.99,636.19,628.07,629.14,447,41180,0.1507
2025-08-28 13:45:00,24200,CE,381.87,380.74,376.19,378.24,809,44893,0.1548
2025-08-28 13:45:00,24200,PE,709.9,714.93,703.26,708.21,596,38052,0.1542
2025-08-28 13:45:00,24250,CE,411.55,414.96,409.12,412.3,261,39295,0.1549
2025-08-28 13:45:00,24250,PE,735.21,742.74,736.41,736.98,749,37550,0.156
2025-08-28 13:45:00,24300,CE,379.53,380.81,373.88,375.08,623,35939,0.1538
2025-08-28 13:45:00,24300,PE,827.4,821.5,814.29,814.72,55,36568,0.1571
2025-08-28 13:45:00,24350,CE,413.08,414.96,411.6,412.49,333,37896,0.1532
2025-08-28 13:45:00,24350,PE,878.38,883.1,867.1,871.07,356,33074,0.1541
2025-08-28 13:45:00,24400,CE,375.23,382.59,375.34,378.38,521,34551,0.1545
2025-08-28 13:45:00,24400,PE,910.32,936.75,908.33,915.51,334,32612,0.1489
2025-08-28 13:45:00,24450,CE,388.33,399.96,391.16,392.75,78,26090,0.1552
2025-08-28 13:45:00,24450,PE,950.19,982.44,962.32,964.03,533,30913,0.1579
2025-08-28 13:45:00,24500,CE,360.54,364.39,361.07,361.81,411,32007,0.1541
2025-08-28 13:45:00,24500,PE,964.52,983.16,971.5,972.07,52,27383,0.1527
2025-08-28 13:45:00,24550,CE,385.31,394.9,382.73,385.57,334,24261,0.1538
2025-08-28 13:45:00,24550,PE,1041.42,1060.97,1048.51,1054.01,166,31137,0.1563
2025-08-28 13:45:00,24600,CE,387.11,393.71,386.6,391.71,426,26633,0.1563
2025-08-28 13:45:00,24600,PE,1135.37,1144.92,1120.88,1127.07,142,28346,0.1531
2025-08-28 13:45:00,24650,CE,355.35,358.43,356.17,357.19,81,27604,0.1538
2025-08-28 13:45:00,24650,PE,1123.64,1118.55,1108.66,1113.64,403,23172,0.1533
2025-08-28 13:45:00,24700,CE,356.03,368.08,355.17,361.93,165,24851,0.1547
2025-08-28 13:45:00,24700,PE,1210.34,1220.27,1192.08,1203.8,53,23208,0.1535
2025-08-28 13:45:00,24750,CE,368.15,368.21,361.19,366.38,149,30408,0.1541
2025-08-28 13:45:00,24750,PE,1243.5,1277.43,1237.59,1242.25,191,23540,0.1507
2025-08-28 13:45:00,24800,CE,355.05,355.94,349.33,355.46,256,25192,0.1528
2025-08-28 13:45:00,24800,PE,1290.07,1284.28,1267.83,1283.09,42,26773,0.1488
2025-08-28 13:45:00,24850,CE,347.56,350.78,347.52,348.35,219,19987,0.1507
2025-08-28 13:45:00,24850,PE,1357.3,1356.85,1341.75,1353.1,181,23024,0.1536
2025-08-28 13:45:00,24900,CE,392.19,399.33,381.35,386.52,378,19532,0.1558
2025-08-28 13:45:00,24900,PE,1413.47,1413.93,1403.23,1406.33,381,21904,0.1561
2025-08-28 13:50:00,23500,CE,811.58,830.17,815.21,815.46,150,46381,0.1536
2025-08-28 13:50:00,23500,PE,358.93,362.08,361.75,361.79,668,38727,0.1572
2025-08-28 13:50:00,23550,CE,760.76,783.51,762.28,764.75,378,44087,0.1549
2025-08-28 13:50:00,23550,PE,397.79,393.69,390.84,393.55,136,52836,0.1531
2025-08-28 13:50:00,23600,CE,732.51,743.73,719.74,728.7,792,57386,0.1555
2025-08-28 13:50:00,23600,PE,365.3,370.38,364.84,367.04,588,53051,0.1527
2025-08-28 13:50:00,23650,CE,684.55,685.54,676.61,685.29,863,63079,0.1552
2025-08-28 13:50:00,23650,PE,368.1,375.57,367.81,372.52,94,58836,0.1517
2025-08-28 13:50:00,23700,CE,619.83,618.01,610.38,616.56,188,63170,0.1526
2025-08-28 13:50:00,23700,PE,373.05,373.93,366.32,372.42,903,65000,0.1557
2025-08-28 13:50:00,23750,CE,573.51,575.7,563.88,575.44,1071,68991,0.1534
2025-08-28 13:50:00,23750,PE,414.85,428.65,413.45,415.75,73,70181,0.1561
2025-08-28 13:50:00,23800,CE,513.46,524.37,504.12,509.57,933,86933,0.1534
2025-08-28 13:50:00,23800,PE,422.2,429.07,418.54,418.71,843,86070,0.1528
2025-08-28 13:50:00,23850,CE,468.74,471.25,464.7,469.63,1107,76963,0.1563
2025-08-28 13:50:00,23850,PE,396.68,399.46,392.63,394.05,625,73758,0.1532
2025-08-28 13:50:00,23900,CE,442.98,456.23,442.42,444.51,62,65205,0.1577
2025-08-28 13:50:00,23900,PE,416.67,422.95,418.72,418.98,907,70741,0.1544
2025-08-28 13:50:00,23950,CE,396.92,408.38,398.96,399.68,156,57502,0.1543
2025-08-28 13:50:00,23950,PE,383.65,392.49,383.49,388.3,254,62715,0.1546
2025-08-28 13:50:00,24000,CE,419.51,419.61,409.17,415.73,819,48130,0.1528
2025-08-28 13:50:00,24000,PE,485.31,485.65,476.95,483.52,150,52779,0.152
2025-08-28 13:50:00,24050,CE,388.1,383.75,379.01,381.37,1078,52667,0.1554
2025-08-28 13:50:00,24050,PE,517.42,520.07,511.88,518.01,167,55269,0.1558
2025-08-28 13:50:00,24100,CE,435.14,439.31,431.75,436.64,467,53911,0.1543
2025-08-28 13:50:00,24100,PE,568.4,573.27,557.06,562.61,824,42249,0.1542
2025-08-28 13:50:00,24150,CE,371.5,373.21,367.43,372.86,606,46290,0.1522
2025-08-28 13:50:00,24150,PE,588.62,604.63,596.02,597.05,116,41142,0.1548
2025-08-28 13:50:00,24200,CE,399.37,405.84,394.45,397.11,244,45205,0.1543
2025-08-28 13:50:00,24200,PE,654.95,662.0,644.62,656.64,132,37830,0.1532
2025-08-28 13:50:00,24250,CE,385.98,387.32,383.01,384.5,524,39344,0.1555
2025-08-28 13:50:00,24250,PE,687.96,689.37,687.32,688.46,46,38038,0.1541
2025-08-28 13:50:00,24300,CE,396.64,419.22,400.01,404.66,71,35864,0.1539
2025-08-28 13:50:00,24300,PE,735.9,734.51,724.26,730.07,58,36659,0.1523
2025-08-28 13:50:00,24350,CE,360.54,361.76,357.89,358.64,261,38100,0.155
2025-08-28 13:50:00,24350,PE,788.0,799.92,784.47,795.45,454,33568,0.1542
2025-08-28 13:50:00,24400,CE,387.96,394.62,383.95,389.2,40,34714,0.1525
2025-08-28 13:50:00,24400,PE,873.69,874.89,868.72,871.22,234,32746,0.1545
2025-08-28 13:50:00,24450,CE,354.71,364.5,357.55,358.83,603,26490,0.153
2025-08-28 13:50:00,24450,PE,871.18,874.98,865.05,867.31,610,31503,0.1544
2025-08-28 13:50:00,24500,CE,384.16,392.46,385.58,389.19,461,32485,0.1521
2025-08-28 13:50:00,24500,PE,939.26,964.7,949.36,953.31,407,26932,0.1522
2025-08-28 13:50:00,24550,CE,365.13,374.19,366.93,367.79,499,24472,0.1495
2025-08-28 13:50:00,24550,PE,997.52,1005.12,980.49,993.03,482,30931,0.1474
2025-08-28 13:50:00,24600,CE,375.44,386.91,381.89,382.1,312,26530,0.1532
2025-08-28 13:50:00,24600,PE,1039.35,1067.7,1058.12,1059.51,14,28520,0.152
2025-08-28 13:50:00,24650,CE,420.73,414.4,412.35,414.25,157,27178,0.1541
2025-08-28 13:50:00,24650,PE,1095.42,1104.95,1099.49,1100.64,112,23403,0.1566
2025-08-28 13:50:00,24700,CE,378.07,381.4,375.71,377.59,342,24603,0.158
2025-08-28 13:50:00,24700,PE,1119.24,1133.17,1124.19,1127.01,167,23591,0.1515
2025-08-28 13:50:00,24750,CE,405.45,412.08,398.06,400.08,219,30254,0.1549
2025-08-28 13:50:00,24750,PE,1205.53,1190.93,1165.02,1184.21,390,22999,0.1537
2025-08-28 13:50:00,24800,CE,365.83,366.98,361.09,364.86,298,25310,0.1535
2025-08-28 13:50:00,24800,PE,1272.66,1266.94,1258.93,1260.42,177,27072,0.1535
2025-08-28 13:50:00,24850,CE,368.99,371.61,364.08,367.27,121,20127,0.1525
2025-08-28 13:50:00,24850,PE,1332.23,1345.42,1311.31,1319.37,112,23358,0.1531
2025-08-28 13:50:00,24900,CE,391.82,390.66,384.42,388.69,171,19896,0.1502
2025-08-28 13:50:00,24900,PE,1351.29,1377.47,1359.83,1367.8,235,21354,0.1534
2025-08-28 13:55:00,23500,CE,826.93,837.21,811.25,820.48,444,45783,0.154
2025-08-28 13:55:00,23500,PE,410.78,409.22,402.35,409.12,526,38396,0.159
2025-08-28 13:55:00,23550,CE,757.93,753.25,748.79,751.51,755,43756,0.1547
2025-08-28 13:55:00,23550,PE,386.48,386.56,380.3,385.49,356,52911,0.1512
2025-08-28 13:55:00,23600,CE,701.31,707.94,699.47,703.79,130,57060,0.1544
2025-08-28 13:55:00,23600,PE,365.58,371.35,361.84,365.44,810,52888,0.152
2025-08-28 13:55:00,23650,CE,654.77,665.04,640.85,654.0,704,63023,0.1512
2025-08-28 13:55:00,23650,PE,349.54,351.7,344.54,349.27,204,58956,0.1562
2025-08-28 13:55:00,23700,CE,599.59,609.72,596.4,604.57,152,63766,0.1513
2025-08-28 13:55:00,23700,PE,390.5,399.05,389.67,391.82,680,65226,0.1516
2025-08-28 13:55:00,23750,CE,572.87,571.28,561.29,570.57,46,68709,0.1571
2025-08-28 13:55:00,23750,PE,397.73,405.55,396.06,401.17,440,70001,0.1553
2025-08-28 13:55:00,23800,CE,513.48,515.83,511.43,513.19,160,86385,0.1517
2025-08-28 13:55:00,23800,PE,395.71,399.75,397.59,398.78,753,85973,0.155
2025-08-28 13:55:00,23850,CE,467.22,473.86,462.65,466.62,359,77069,0.1542
2025-08-28 13:55:00,23850,PE,388.27,390.99,382.28,385.47,1416,74297,0.1518
2025-08-28 13:55:00,23900,CE,380.31,389.69,382.8,385.58,1466,64926,0.1531
2025-08-28 13:55:00,23900,PE,390.17,391.11,385.94,390.19,306,70433,0.1529
2025-08-28 13:55:00,23950,CE,369.73,377.26,370.4,373.56,525,56922,0.1554
2025-08-28 13:55:00,23950,PE,415.99,423.22,417.61,419.75,531,62804,0.1561
2025-08-28 13:55:00,24000,CE,399.75,405.12,393.22,398.4,368,48725,0.1517
2025-08-28 13:55:00,24000,PE,464.07,471.82,469.5,470.95,1196,52624,0.152
2025-08-28 13:55:00,24050,CE,391.97,404.33,391.7,396.38,519,52664,0.1543
2025-08-28 13:55:00,24050,PE,514.23,517.11,498.74,503.97,422,54738,0.1527
2025-08-28 13:55:00,24100,CE,382.64,387.03,382.31,384.29,432,53996,0.1537
2025-08-28 13:55:00,24100,PE,587.8,596.77,575.83,589.48,292,41901,0.1538
2025-08-28 13:55:00,24150,CE,395.33,392.82,389.92,392.35,522,45708,0.1513
2025-08-28 13:55:00,24150,PE,602.8,610.52,605.91,607.6,735,41362,0.1503
2025-08-28 13:55:00,24200,CE,375.83,381.36,374.07,376.41,869,44782,0.1555
2025-08-28 13:55:00,24200,PE,663.71,676.74,660.23,664.04,720,37351,0.1524
2025-08-28 13:55:00,24250,CE,385.9,395.44,383.13,388.61,637,39017,0.152
2025-08-28 13:55:00,24250,PE,724.21,721.71,716.36,718.31,680,37603,0.1512
2025-08-28 13:55:00,24300,CE,414.64,418.61,412.42,416.05,620,36011,0.1588
2025-08-28 13:55:00,24300,PE,775.72,786.18,775.77,777.13,46,36379,0.154
2025-08-28 13:55:00,24350,CE,392.5,396.91,387.47,394.33,342,38305,0.1574
2025-08-28 13:55:00,24350,PE,804.14,812.52,800.89,806.12,523,33623,0.1528
2025-08-28 13:55:00,24400,CE,417.17,422.45,412.51,417.31,460,34538,0.1585
2025-08-28 13:55:00,24400,PE,853.42,863.56,849.32,861.66,223,32378,0.1554
2025-08-28 13:55:00,24450,CE,400.53,405.67,404.02,405.48,417,26697,0.1526
2025-08-28 13:55:00,24450,PE,920.97,928.49,925.22,925.84,567,31532,0.154
2025-08-28 13:55:00,24500,CE,369.13,374.38,367.43,367.6,362,32750,0.1555
2025-08-28 13:55:00,24500,PE,968.73,973.91,964.92,966.09,510,26939,0.1532
2025-08-28 13:55:00,24550,CE,385.59,382.5,376.27,381.89,414,24834,0.1518
2025-08-28 13:55:00,24550,PE,1004.42,1035.43,988.58,1004.18,325,30990,0.1509
2025-08-28 13:55:00,24600,CE,389.52,391.86,379.96,388.82,351,26906,0.1523
2025-08-28 13:55:00,24600,PE,1075.65,1089.86,1065.99,1066.9,295,28579,0.1515
2025-08-28 13:55:00,24650,CE,362.93,373.46,366.44,368.77,114,27732,0.152
2025-08-28 13:55:00,24650,PE,1108.89,1128.66,1092.51,1109.01,35,23826,0.156
2025-08-28 13:55:00,24700,CE,389.97,394.26,387.22,390.31,186,24307,0.1546
2025-08-28 13:55:00,24700,PE,1187.93,1212.03,1153.79,1178.03,113,23864,0.1546
2025-08-28 13:55:00,24750,CE,368.95,369.11,358.96,362.75,136,29812,0.152
2025-08-28 13:55:00,24750,PE,1220.34,1265.41,1221.63,1228.07,212,23492,0.1528
2025-08-28 13:55:00,24800,CE,389.44,399.43,389.95,394.16,376,25124,0.1545
2025-08-28 13:55:00,24800,PE,1246.76,1259.82,1225.13,1245.42,281,27044,0.1528
2025-08-28 13:55:00,24850,CE,381.99,382.23,381.01,382.14,169,19551,0.152
2025-08-28 13:55:00,24850,PE,1278.94,1324.94,1295.73,1301.74,70,23799,0.1488
2025-08-28 13:55:00,24900,CE,341.97,353.65,345.05,347.07,383,20433,0.1566
2025-08-28 13:55:00,24900,PE,1373.37,1372.5,1365.35,1369.25,380,21318,0.1517
2025-08-28 14:00:00,23500,CE,782.65,792.54,768.6,777.95,59,45408,0.1534
2025-08-28 14:00:00,23500,PE,406.22,399.85,395.59,398.06,583,38628,0.1534
2025-08-28 14:00:00,23550,CE,740.66,754.51,739.51,740.65,779,43512,0.1517
2025-08-28 14:00:00,23550,PE,393.5,407.31,393.13,394.51,321,53463,0.1526
2025-08-28 14:00:00,23600,CE,667.24,684.99,667.56,670.89,783,56833,0.1568
2025-08-28 14:00:00,23600,PE,385.47,391.44,383.8,387.1,819,52978,0.1569
2025-08-28 14:00:00,23650,CE,647.19,659.14,648.45,654.53,929,62482,0.1544
2025-08-28 14:00:00,23650,PE,375.5,386.02,379.29,379.86,545,59543,0.1505
2025-08-28 14:00:00,23700,CE,593.82,591.49,581.51,588.2,994,63857,0.1553
2025-08-28 14:00:00,23700,PE,378.8,378.66,376.82,377.84,59,65796,0.1558
2025-08-28 14:00:00,23750,CE,546.86,553.8,535.03,542.93,197,68469,0.1554
2025-08-28 14:00:00,23750,PE,395.32,399.57,395.51,397.99,1011,70033,0.1507
2025-08-28 14:00:00,23800,CE,499.56,507.78,499.82,502.62,351,85807,0.1521
2025-08-28 14:00:00,23800,PE,387.74,389.76,383.5,386.58,254,86297,0.1545
2025-08-28 14:00:00,23850,CE,436.38,441.07,436.12,437.01,1079,76668,0.1557
2025-08-28 14:00:00,23850,PE,380.02,385.68,375.92,379.01,1350,74207,0.1528
2025-08-28 14:00:00,23900,CE,378.91,385.67,374.62,381.99,1238,65130,0.1515
2025-08-28 14:00:00,23900,PE,387.81,394.44,383.01,388.52,228,69931,0.1557
2025-08-28 14:00:00,23950,CE,383.07,383.67,381.94,383.03,963,57262,0.1532
2025-08-28 14:00:00,23950,PE,415.85,410.5,404.71,408.78,1461,63170,0.154
2025-08-28 14:00:00,24000,CE,366.97,374.27,363.27,369.09,798,48762,0.1539
2025-08-28 14:00:00,24000,PE,470.2,475.2,469.58,470.86,557,52749,0.1533
2025-08-28 14:00:00,24050,CE,364.19,370.15,366.77,368.6,1137,52177,0.1549
2025-08-28 14:00:00,24050,PE,531.84,543.8,527.06,528.22,577,54676,0.1541
2025-08-28 14:00:00,24100,CE,378.29,384.84,373.57,377.22,334,54405,0.1546
2025-08-28 14:00:00,24100,PE,587.72,586.2,583.92,584.17,587,41408,0.156
2025-08-28 14:00:00,24150,CE,417.08,429.38,418.79,421.42,671,46294,0.154
2025-08-28 14:00:00,24150,PE,610.85,614.18,601.89,612.26,192,41345,0.1552
2025-08-28 14:00:00,24200,CE,386.35,387.11,378.72,384.17,221,44197,0.1509
2025-08-28 14:00:00,24200,PE,695.25,701.82,685.96,693.61,385,37158,0.1545
2025-08-28 14:00:00,24250,CE,399.7,411.49,393.21,396.31,726,39017,0.1561
2025-08-28 14:00:00,24250,PE,720.1,716.27,699.61,714.77,512,38153,0.1499
2025-08-28 14:00:00,24300,CE,365.81,369.87,364.68,369.27,400,36257,0.1531
2025-08-28 14:00:00,24300,PE,780.24,793.48,775.05,778.24,396,36476,0.1529
2025-08-28 14:00:00,24350,CE,411.54,415.22,409.74,415.13,153,38864,0.1559
2025-08-28 14:00:00,24350,PE,817.23,821.33,806.02,815.56,220,33376,0.1532
2025-08-28 14:00:00,24400,CE,415.02,422.1,407.05,411.49,226,34393,0.1553
2025-08-28 14:00:00,24400,PE,875.14,894.79,874.23,876.62,235,32699,0.153
2025-08-28 14:00:00,24450,CE,388.67,387.33,378.96,386.54,442,26810,0.154
2025-08-28 14:00:00,24450,PE,947.71,956.51,948.68,949.72,189,31194,0.1521
2025-08-28 14:00:00,24500,CE,391.53,393.68,383.36,388.96,394,33051,0.1515
2025-08-28 14:00:00,24500,PE,953.26,960.96,941.18,957.51,236,26659,0.1537
2025-08-28 14:00:00,24550,CE,393.87,389.88,384.7,389.65,252,24904,0.1523
2025-08-28 14:00:00,24550,PE,1005.86,1017.87,1000.44,1010.11,40,31417,0.1533
2025-08-28 14:00:00,24600,CE,372.92,372.69,372.2,372.49,371,26636,0.1527
2025-08-28 14:00:00,24600,PE,1102.81,1113.24,1099.15,1100.4,429,28892,0.1521
2025-08-28 14:00:00,24650,CE,370.92,371.37,368.94,370.67,251,28165,0.1514
2025-08-28 14:00:00,24650,PE,1144.47,1161.92,1137.34,1140.46,106,23606,0.1536
2025-08-28 14:00:00,24700,CE,394.61,403.46,397.01,397.15,464,23942,0.1534
2025-08-28 14:00:00,24700,PE,1180.31,1199.06,1174.74,1175.28,399,24302,0.154
2025-08-28 14:00:00,24750,CE,381.34,383.08,376.65,379.97,173,29771,0.1533
2025-08-28 14:00:00,24750,PE,1223.25,1267.26,1214.91,1228.67,418,23265,0.155
2025-08-28 14:00:00,24800,CE,384.45,386.35,381.8,385.36,162,24536,0.1548
2025-08-28 14:00:00,24800,PE,1315.96,1324.11,1287.77,1301.32,156,26676,0.1529
2025-08-28 14:00:00,24850,CE,370.37,370.77,366.24,369.5,88,19566,0.1513
2025-08-28 14:00:00,24850,PE,1319.56,1343.31,1331.32,1334.59,317,24193,0.1533
2025-08-28 14:00:00,24900,CE,370.39,379.1,371.57,371.6,151,20435,0.1528
2025-08-28 14:00:00,24900,PE,1397.69,1423.14,1395.39,1405.28,36,21049,0.1543
2025-08-28 14:05:00,23500,CE,764.47,776.88,760.45,764.87,237,45922,0.1531
2025-08-28 14:05:00,23500,PE,400.98,409.15,395.0,400.37,626,38471,0.1544
2025-08-28 14:05:00,23550,CE,721.97,731.42,717.02,718.01,147,43107,0.1511
2025-08-28 14:05:00,23550,PE,366.45,375.69,361.98,364.43,412,53997,0.1548
2025-08-28 14:05:00,23600,CE,677.87,690.66,682.87,689.69,521,56708,0.1522
2025-08-28 14:05:00,23600,PE,373.42,371.37,365.77,370.91,716,52956,0.1507
2025-08-28 14:05:00,23650,CE,673.23,675.98,671.21,674.85,217,62877,0.1554
2025-08-28 14:05:00,23650,PE,361.72,374.29,359.31,363.66,861,59288,0.1557
2025-08-28 14:05:00,23700,CE,621.33,628.2,612.58,615.3,1021,63891,0.1538
2025-08-28 14:05:00,23700,PE,366.64,368.45,361.07,365.27,263,66235,0.1537
2025-08-28 14:05:00,23750,CE,554.73,549.26,542.7,548.44,180,68176,0.1537
2025-08-28 14:05:00,23750,PE,382.07,389.33,383.61,383.9,438,70506,0.1504
2025-08-28 14:05:00,23800,CE,499.07,504.59,500.43,503.27,1250,85436,0.1527
2025-08-28 14:05:00,23800,PE,373.59,375.45,371.49,373.78,42,86722,0.1572
2025-08-28 14:05:00,23850,CE,448.13,449.86,445.12,449.56,821,76540,0.1532
2025-08-28 14:05:00,23850,PE,384.36,395.87,382.35,386.94,37,74264,0.1535
2025-08-28 14:05:00,23900,CE,364.75,376.61,364.22,369.78,265,65191,0.1542
2025-08-28 14:05:00,23900,PE,390.68,393.12,386.77,390.16,296,69576,0.153
2025-08-28 14:05:00,23950,CE,385.23,389.68,386.95,388.64,214,56869,0.1536
2025-08-28 14:05:00,23950,PE,420.22,423.55,418.22,421.23,1082,63423,0.1511
2025-08-28 14:05:00,24000,CE,390.29,391.39,389.33,389.47,621,49152,0.1543
2025-08-28 14:05:00,24000,PE,497.31,502.53,495.72,497.25,1279,52313,0.1544
2025-08-28 14:05:00,24050,CE,390.09,389.52,388.32,389.5,285,52478,0.1518
2025-08-28 14:05:00,24050,PE,528.49,531.39,519.99,530.82,699,54468,0.1553
2025-08-28 14:05:00,24100,CE,388.76,399.58,388.86,391.07,617,54518,0.1539
2025-08-28 14:05:00,24100,PE,586.87,586.36,573.64,579.28,629,41449,0.1537
2025-08-28 14:05:00,24150,CE,377.47,382.67,375.29,380.96,44,46586,0.1567
2025-08-28 14:05:00,24150,PE,629.69,634.8,627.98,634.02,191,41395,0.1506
2025-08-28 14:05:00,24200,CE,397.03,394.35,392.96,393.17,470,43709,0.1568
2025-08-28 14:05:00,24200,PE,705.15,715.1,691.63,699.18,260,36893,0.1554
2025-08-28 14:05:00,24250,CE,383.45,386.13,379.69,385.25,170,38894,0.1563
2025-08-28 14:05:00,24250,PE,710.23,723.6,710.0,713.17,243,38239,0.1546
2025-08-28 14:05:00,24300,CE,388.99,390.19,389.33,390.1,57,35860,0.1528
2025-08-28 14:05:00,24300,PE,779.9,784.66,772.3,779.04,387,36280,0.1524
2025-08-28 14:05:00,24350,CE,394.14,399.08,394.73,395.63,292,38339,0.1539
2025-08-28 14:05:00,24350,PE,788.52,788.58,777.22,784.23,183,33163,0.1511
2025-08-28 14:05:00,24400,CE,405.03,398.73,393.32,398.62,24,34407,0.1532
2025-08-28 14:05:00,24400,PE,851.68,870.86,851.58,856.07,42,33222,0.1527
2025-08-28 14:05:00,24450,CE,389.23,398.41,385.82,391.69,33,26423,0.1531
2025-08-28 14:05:00,24450,PE,917.26,918.01,900.56,907.74,320,30627,0.1536
2025-08-28 14:05:00,24500,CE,384.52,387.44,377.77,382.89,359,32903,0.1554
2025-08-28 14:05:00,24500,PE,986.55,1000.09,992.81,994.82,20,26788,0.1554
2025-08-28 14:05:00,24550,CE,354.95,363.32,354.38,356.02,48,25033,0.1572
2025-08-28 14:05:00,24550,PE,1054.56,1041.76,1012.94,1030.79,362,31231,0.153
2025-08-28 14:05:00,24600,CE,388.11,392.15,387.37,388.81,314,26081,0.1517
2025-08-28 14:05:00,24600,PE,1089.5,1098.3,1065.62,1081.65,446,29394,0.1524
2025-08-28 14:05:00,24650,CE,396.81,396.33,392.87,396.25,89,28167,0.156
2025-08-28 14:05:00,24650,PE,1158.93,1147.2,1130.03,1143.1,206,23937,0.1576
2025-08-28 14:05:00,24700,CE,361.01,357.63,356.87,356.98,105,23818,0.1529
2025-08-28 14:05:00,24700,PE,1204.3,1217.73,1193.36,1197.18,178,24699,0.1541
2025-08-28 14:05:00,24750,CE,381.74,383.94,377.43,377.6,233,30112,0.151
2025-08-28 14:05:00,24750,PE,1201.62,1245.83,1209.62,1221.33,40,22779,0.1521
2025-08-28 14:05:00,24800,CE,383.69,396.47,382.46,386.83,402,23997,0.1539
2025-08-28 14:05:00,24800,PE,1249.2,1271.79,1263.21,1266.31,287,26255,0.1521
2025-08-28 14:05:00,24850,CE,401.65,402.28,399.82,400.75,214,19953,0.1561
2025-08-28 14:05:00,24850,PE,1344.28,1385.93,1329.16,1345.44,197,23916,0.1525
2025-08-28 14:05:00,24900,CE,347.92,349.58,346.82,347.57,69,20309,0.1505
2025-08-28 14:05:00,24900,PE,1362.16,1380.49,1369.61,1369.68,370,21143,0.1495
2025-08-28 14:10:00,23500,CE,835.54,844.33,827.59,836.57,325,46104,0.1521
2025-08-28 14:10:00,23500,PE,353.22,355.62,353.15,353.87,369,38382,0.1531
2025-08-28 14:10:00,23550,CE,809.14,810.81,798.13,808.96,132,43045,0.1583
2025-08-28 14:10:00,23550,PE,389.72,395.73,387.59,392.14,208,53790,0.155
2025-08-28 14:10:00,23600,CE,736.8,751.55,735.82,745.2,249,56220,0.1544
2025-08-28 14:10:00,23600,PE,393.3,397.96,393.92,394.23,421,52533,0.1551
2025-08-28 14:10:00,23650,CE,686.4,698.17,686.92,688.51,361,63344,0.155
2025-08-28 14:10:00,23650,PE,382.84,389.14,377.95,380.88,732,59857,0.1535
2025-08-28 14:10:00,23700,CE,620.53,628.47,605.8,613.84,154,64281,0.1548
2025-08-28 14:10:00,23700,PE,387.59,386.33,384.5,385.5,773,66001,0.1554
2025-08-28 14:10:00,23750,CE,568.84,574.51,567.82,572.76,391,67790,0.1502
2025-08-28 14:10:00,23750,PE,396.21,400.63,397.0,399.77,1011,70517,0.1552
2025-08-28 14:10:00,23800,CE,511.59,528.83,513.4,514.69,350,84949,0.154
2025-08-28 14:10:00,23800,PE,353.81,350.5,347.41,349.4,593,87219,0.1528
2025-08-28 14:10:00,23850,CE,503.04,502.09,495.53,499.19,518,76861,0.1531
2025-08-28 14:10:00,23850,PE,406.47,416.91,411.24,411.26,460,74832,0.1549
2025-08-28 14:10:00,23900,CE,478.15,493.35,478.79,479.82,977,65618,0.1545
2025-08-28 14:10:00,23900,PE,399.26,396.04,391.05,395.58,924,69466,0.1585
2025-08-28 14:10:00,23950,CE,381.44,386.06,383.23,383.88,112,56646,0.153
2025-08-28 14:10:00,23950,PE,385.95,386.56,380.31,383.96,429,63824,0.1546
2025-08-28 14:10:00,24000,CE,373.18,375.79,370.84,372.05,876,49257,0.1529
2025-08-28 14:10:00,24000,PE,428.47,441.97,432.33,436.72,1489,52767,0.1537
2025-08-28 14:10:00,24050,CE,378.46,387.41,377.69,380.65,896,52268,0.1531
2025-08-28 14:10:00,24050,PE,476.31,487.29,472.05,477.29,163,54523,0.1553
2025-08-28 14:10:00,24100,CE,403.74,408.79,404.61,404.62,1155,54472,0.1533
2025-08-28 14:10:00,24100,PE,518.89,525.36,517.05,521.84,1148,41068,0.1529
2025-08-28 14:10:00,24150,CE,370.46,372.98,365.05,370.12,80,46635,0.1536
2025-08-28 14:10:00,24150,PE,625.28,627.53,623.54,625.34,401,40895,0.1554
2025-08-28 14:10:00,24200,CE,392.14,395.05,388.33,389.3,894,43558,0.1502
2025-08-28 14:10:00,24200,PE,650.5,654.41,643.37,649.77,252,36933,0.1567
2025-08-28 14:10:00,24250,CE,395.97,407.79,399.81,406.91,733,38468,0.1573
2025-08-28 14:10:00,24250,PE,708.63,702.61,701.76,702.35,325,38543,0.1511
2025-08-28 14:10:00,24300,CE,369.35,375.68,372.87,374.08,535,35488,0.1552
2025-08-28 14:10:00,24300,PE,714.03,721.51,712.5,717.42,34,36554,0.1514
2025-08-28 14:10:00,24350,CE,406.55,409.45,403.77,406.2,163,37767,0.1523
2025-08-28 14:10:00,24350,PE,770.95,774.89,766.95,768.79,650,33389,0.1519
2025-08-28 14:10:00,24400,CE,399.12,412.58,405.43,405.8,318,34287,0.1554
2025-08-28 14:10:00,24400,PE,820.83,822.19,809.79,817.11,600,33570,0.1544
2025-08-28 14:10:00,24450,CE,410.02,411.85,407.33,408.69,344,26497,0.156
2025-08-28 14:10:00,24450,PE,882.5,894.29,871.96,876.38,349,30483,0.1511
2025-08-28 14:10:00,24500,CE,391.66,401.83,395.69,395.72,307,33099,0.1502
2025-08-28 14:10:00,24500,PE,952.86,968.68,950.99,953.6,394,26653,0.1556
2025-08-28 14:10:00,24550,CE,390.46,398.8,391.25,396.51,472,24860,0.1546
2025-08-28 14:10:00,24550,PE,978.58,1004.15,965.05,983.73,422,31141,0.1568
2025-08-28 14:10:00,24600,CE,390.67,395.4,390.71,391.61,508,26333,0.1534
2025-08-28 14:10:00,24600,PE,1018.5,1042.75,1009.67,1017.07,388,29531,0.1528
2025-08-28 14:10:00,24650,CE,380.59,379.54,372.72,374.89,98,28666,0.1508
2025-08-28 14:10:00,24650,PE,1111.16,1095.18,1077.0,1082.35,362,23337,0.1551
2025-08-28 14:10:00,24700,CE,378.7,388.23,382.65,383.53,151,23411,0.1546
2025-08-28 14:10:00,24700,PE,1142.45,1153.69,1127.18,1132.71,72,24691,0.1518
2025-08-28 14:10:00,24750,CE,406.5,411.36,404.62,404.7,370,30315,0.1509
2025-08-28 14:10:00,24750,PE,1208.14,1228.7,1197.84,1201.39,433,22286,0.1551
2025-08-28 14:10:00,24800,CE,415.53,414.9,405.6,413.81,280,23750,0.1559
2025-08-28 14:10:00,24800,PE,1239.93,1259.84,1224.45,1236.82,13,26841,0.1526
2025-08-28 14:10:00,24850,CE,392.11,391.52,388.23,389.81,60,19746,0.1548
2025-08-28 14:10:00,24850,PE,1294.37,1330.89,1295.56,1300.05,222,23772,0.1551
2025-08-28 14:10:00,24900,CE,388.19,386.36,383.64,385.8,68,19995,0.1522
2025-08-28 14:10:00,24900,PE,1353.13,1352.48,1343.06,1351.69,279,20563,0.1528
2025-08-28 14:15:00,23500,CE,834.32,834.29,813.99,829.56,52,45846,0.1554
2025-08-28 14:15:00,23500,PE,384.8,387.35,379.66,382.11,677,37975,0.1513
2025-08-28 14:15:00,23550,CE,785.52,789.83,788.75,789.26,490,42902,0.1537
2025-08-28 14:15:00,23550,PE,388.61,390.24,388.92,389.03,385,53468,0.1528
2025-08-28 14:15:00,23600,CE,744.0,742.19,722.62,736.38,742,56104,0.1524
2025-08-28 14:15:00,23600,PE,382.8,386.07,381.03,381.58,47,52256,0.1539
2025-08-28 14:15:00,23650,CE,709.56,713.82,702.17,706.06,291,63842,0.1546
2025-08-28 14:15:00,23650,PE,354.8,371.04,366.48,367.76,38,59606,0.1528
2025-08-28 14:15:00,23700,CE,609.17,631.02,605.92,608.47,185,63907,0.1527
2025-08-28 14:15:00,23700,PE,379.89,375.67,372.05,374.4,946,66315,0.1532
2025-08-28 14:15:00,23750,CE,599.84,622.68,600.6,604.41,1006,68164,0.1583
2025-08-28 14:15:00,23750,PE,377.19,384.09,378.79,381.03,915,70592,0.1503
2025-08-28 14:15:00,23800,CE,502.82,501.85,496.35,500.9,631,84762,0.1524
2025-08-28 14:15:00,23800,PE,382.97,389.61,383.64,385.25,102,87620,0.154
2025-08-28 14:15:00,23850,CE,500.56,505.82,499.24,501.59,526,77064,0.1513
2025-08-28 14:15:00,23850,PE,371.7,371.59,361.35,367.99,1293,74689,0.1518
2025-08-28 14:15:00,23900,CE,423.36,430.16,422.73,423.19,238,65487,0.1512
2025-08-28 14:15:00,23900,PE,374.9,379.94,368.67,373.96,1486,68868,0.1564
2025-08-28 14:15:00,23950,CE,375.24,375.63,374.42,374.59,475,56115,0.1567
2025-08-28 14:15:00,23950,PE,422.64,427.81,418.14,423.89,1356,63385,0.1565
2025-08-28 14:15:00,24000,CE,392.47,393.57,388.34,389.97,417,48953,0.1534
2025-08-28 14:15:00,24000,PE,452.01,445.25,439.49,441.94,87,53278,0.1552
2025-08-28 14:15:00,24050,CE,388.8,392.02,382.63,386.62,511,52653,0.1538
2025-08-28 14:15:00,24050,PE,483.73,483.28,481.09,481.8,687,53971,0.1518
2025-08-28 14:15:00,24100,CE,377.69,377.51,373.82,375.84,227,53889,0.1518
2025-08-28 14:15:00,24100,PE,572.81,583.25,565.48,566.26,297,41171,0.1572
2025-08-28 14:15:00,24150,CE,408.35,410.37,403.8,405.79,143,46486,0.151
2025-08-28 14:15:00,24150,PE,612.31,613.8,607.41,609.36,46,41257,0.1534
2025-08-28 14:15:00,24200,CE,410.73,416.86,406.64,411.76,339,44125,0.1542
2025-08-28 14:15:00,24200,PE,654.08,652.01,649.42,651.94,315,36926,0.1539
2025-08-28 14:15:00,24250,CE,390.32,403.04,395.6,396.06,434,38080,0.1524
2025-08-28 14:15:00,24250,PE,701.42,720.09,698.55,700.52,635,39014,0.1519
2025-08-28 14:15:00,24300,CE,391.88,394.77,383.86,384.43,677,35394,0.1532
2025-08-28 14:15:00,24300,PE,732.26,744.11,737.41,737.9,606,36454,0.1529
2025-08-28 14:15:00,24350,CE,396.8,401.33,395.0,395.46,116,38011,0.1528
2025-08-28 14:15:00,24350,PE,795.5,801.26,797.13,799.26,304,33232,0.1581
2025-08-28 14:15:00,24400,CE,389.88,389.8,380.5,383.06,60,33968,0.1535
2025-08-28 14:15:00,24400,PE,848.65,852.58,844.19,847.18,289,33860,0.1479
2025-08-28 14:15:00,24450,CE,375.5,371.95,363.41,368.99,258,26120,0.1537
2025-08-28 14:15:00,24450,PE,847.16,848.23,838.44,841.6,259,29930,0.1567
2025-08-28 14:15:00,24500,CE,400.07,398.84,397.31,397.56,281,33096,0.1537
2025-08-28 14:15:00,24500,PE,954.35,939.26,929.92,935.57,423,26093,0.1545
2025-08-28 14:15:00,24550,CE,386.55,394.87,386.49,389.34,360,25209,0.1553
2025-08-28 14:15:00,24550,PE,982.17,990.34,974.04,976.52,458,31713,0.1527
2025-08-28 14:15:00,24600,CE,372.26,373.57,368.38,371.15,365,26871,0.1549
2025-08-28 14:15:00,24600,PE,1041.85,1038.61,1031.81,1035.38,188,29109,0.1487
2025-08-28 14:15:00,24650,CE,395.82,394.94,390.19,393.2,8,29184,0.1541
2025-08-28 14:15:00,24650,PE,1106.28,1125.2,1096.59,1104.81,67,22871,0.1531
2025-08-28 14:15:00,24700,CE,391.61,394.82,388.95,390.15,356,23236,0.1556
2025-08-28 14:15:00,24700,PE,1151.73,1175.56,1147.14,1154.73,252,24192,0.157
2025-08-28 14:15:00,24750,CE,375.2,384.42,377.18,381.75,199,30702,0.1508
2025-08-28 14:15:00,24750,PE,1232.63,1243.01,1229.29,1235.93,267,21954,0.1541
2025-08-28 14:15:00,24800,CE,374.57,381.38,376.71,377.09,73,23947,0.1537
2025-08-28 14:15:00,24800,PE,1220.09,1228.54,1204.77,1222.24,311,27156,0.1535
2025-08-28 14:15:00,24850,CE,380.17,387.84,383.51,383.92,57,19602,0.1514
2025-08-28 14:15:00,24850,PE,1299.85,1309.71,1289.28,1302.9,32,24119,0.1509
2025-08-28 14:15:00,24900,CE,365.83,364.28,362.09,364.12,107,19785,0.1505
2025-08-28 14:15:00,24900,PE,1348.69,1357.27,1341.61,1352.59,232,20140,0.1556
2025-08-28 14:20:00,23500,CE,763.3,772.11,762.42,769.66,584,45797,0.1528
2025-08-28 14:20:00,23500,PE,387.62,396.44,384.22,388.58,427,38227,0.1534
2025-08-28 14:20:00,23550,CE,713.61,718.24,706.61,710.82,542,42349,0.154
2025-08-28 14:20:00,23550,PE,380.48,382.44,378.14,380.32,92,53835,0.1517
2025-08-28 14:20:00,23600,CE,635.52,631.61,626.61,631.53,782,55810,0.153
2025-08-28 14:20:00,23600,PE,380.41,380.05,372.43,379.71,33,52473,0.1589
2025-08-28 14:20:00,23650,CE,637.36,638.37,632.39,635.38,959,63378,0.1541
2025-08-28 14:20:00,23650,PE,406.22,405.78,401.96,403.69,102,59473,0.1516
2025-08-28 14:20:00,23700,CE,562.66,565.3,562.19,563.04,671,63865,0.1591
2025-08-28 14:20:00,23700,PE,378.62,387.81,373.92,376.43,515,66277,0.1544
2025-08-28 14:20:00,23750,CE,504.66,514.26,499.16,502.29,1196,67891,0.1543
2025-08-28 14:20:00,23750,PE,409.27,413.0,408.9,409.96,134,70627,0.1514
2025-08-28 14:20:00,23800,CE,453.52,461.78,450.96,454.31,668,84494,0.1527
2025-08-28 14:20:00,23800,PE,391.09,389.86,383.65,387.02,1330,87219,0.1548
2025-08-28 14:20:00,23850,CE,441.62,444.57,441.34,443.47,238,76624,0.1545
2025-08-28 14:20:00,23850,PE,396.79,399.93,390.35,399.8,1503,75162,0.1592
2025-08-28 14:20:00,23900,CE,374.08,378.53,371.27,372.69,1636,65043,0.1542
2025-08-28 14:20:00,23900,PE,403.38,418.94,411.68,412.7,69,68742,0.1529
2025-08-28 14:20:00,23950,CE,396.21,394.23,389.67,391.42,707,55817,0.1555
2025-08-28 14:20:00,23950,PE,474.02,475.25,470.65,472.19,907,63524,0.1553
2025-08-28 14:20:00,24000,CE,416.34,419.03,406.88,414.3,865,48767,0.1566
2025-08-28 14:20:00,24000,PE,511.72,515.79,510.35,513.89,60,53021,0.1568
2025-08-28 14:20:00,24050,CE,418.75,418.2,413.71,417.89,208,53215,0.1531
2025-08-28 14:20:00,24050,PE,552.93,551.98,548.68,549.28,952,54567,0.1562
2025-08-28 14:20:00,24100,CE,413.92,420.34,400.27,410.37,769,53448,0.1532
2025-08-28 14:20:00,24100,PE,613.07,635.11,620.6,621.16,469,41402,0.1551
2025-08-28 14:20:00,24150,CE,392.02,397.89,391.98,395.38,74,46953,0.1524
2025-08-28 14:20:00,24150,PE,644.91,650.02,645.9,647.69,783,41822,0.1581
2025-08-28 14:20:00,24200,CE,374.71,381.11,367.33,373.9,262,43882,0.1531
2025-08-28 14:20:00,24200,PE,680.31,697.7,683.97,689.93,536,37267,0.154
2025-08-28 14:20:00,24250,CE,382.23,382.62,378.11,381.19,220,37873,0.1506
2025-08-28 14:20:00,24250,PE,738.0,753.56,728.62,735.83,278,39159,0.1481
2025-08-28 14:20:00,24300,CE,394.3,400.43,389.74,392.44,88,35409,0.1561
2025-08-28 14:20:00,24300,PE,806.19,838.38,814.88,818.96,183,36702,0.1532
2025-08-28 14:20:00,24350,CE,398.64,401.77,398.82,399.77,503,38506,0.1499
2025-08-28 14:20:00,24350,PE,858.2,870.2,856.05,868.14,250,32767,0.1547
2025-08-28 14:20:00,24400,CE,373.44,374.92,368.27,371.41,154,33635,0.153
2025-08-28 14:20:00,24400,PE,877.07,886.44,875.6,875.94,12,33962,0.1522
2025-08-28 14:20:00,24450,CE,383.47,386.01,380.4,384.97,393,25948,0.1552
2025-08-28 14:20:00,24450,PE,939.02,941.49,929.07,934.76,176,29999,0.1531
2025-08-28 14:20:00,24500,CE,375.64,384.63,376.19,382.66,93,33435,0.1532
2025-08-28 14:20:00,24500,PE,982.46,1006.8,975.25,988.64,137,26332,0.1511
2025-08-28 14:20:00,24550,CE,389.1,394.05,387.7,389.42,360,25528,0.1547
2025-08-28 14:20:00,24550,PE,1061.81,1074.75,1047.02,1054.97,288,31306,0.1531
2025-08-28 14:20:00,24600,CE,398.48,399.61,395.29,398.49,29,26307,0.1538
2025-08-28 14:20:00,24600,PE,1077.89,1099.29,1083.32,1088.55,76,29555,0.1517
2025-08-28 14:20:00,24650,CE,366.68,378.37,365.96,370.43,58,29125,0.1507
2025-08-28 14:20:00,24650,PE,1122.38,1144.75,1125.32,1127.51,237,23033,0.1521
2025-08-28 14:20:00,24700,CE,401.17,407.96,399.91,401.17,62,22723,0.157
2025-08-28 14:20:00,24700,PE,1168.79,1188.42,1169.07,1179.1,387,24441,0.1554
2025-08-28 14:20:00,24750,CE,375.58,383.79,373.62,375.55,269,30223,0.151
2025-08-28 14:20:00,24750,PE,1254.17,1269.58,1253.49,1262.27,310,22298,0.152
2025-08-28 14:20:00,24800,CE,406.81,413.51,401.41,404.72,355,23419,0.1527
2025-08-28 14:20:00,24800,PE,1298.96,1295.7,1282.17,1289.08,239,26655,0.1516
2025-08-28 14:20:00,24850,CE,388.75,393.84,381.95,386.07,139,19413,0.1519
2025-08-28 14:20:00,24850,PE,1358.52,1395.41,1364.88,1364.95,60,23773,0.1523
2025-08-28 14:20:00,24900,CE,393.88,395.9,389.49,391.05,361,20366,0.1538
2025-08-28 14:20:00,24900,PE,1370.58,1407.43,1382.49,1388.57,202,20081,0.1566
2025-08-28 14:25:00,23500,CE,776.36,793.31,783.48,785.39,727,45759,0.1548
2025-08-28 14:25:00,23500,PE,397.39,391.67,386.87,389.83,330,37682,0.1525
2025-08-28 14:25:00,23550,CE,699.42,717.53,705.82,706.25,126,42338,0.1499
2025-08-28 14:25:00,23550,PE,375.79,375.16,373.4,375.11,263,53311,0.1565
2025-08-28 14:25:00,23600,CE,656.67,662.43,653.46,662.42,647,55963,0.1499
2025-08-28 14:25:00,23600,PE,381.0,381.19,380.25,380.44,66,53050,0.1541
2025-08-28 14:25:00,23650,CE,621.02,635.92,621.27,627.63,254,63173,0.1484
2025-08-28 14:25:00,23650,PE,398.9,401.66,396.79,399.51,181,59842,0.1546
2025-08-28 14:25:00,23700,CE,563.91,584.3,567.53,570.53,1017,64423,0.1507
2025-08-28 14:25:00,23700,PE,370.28,373.44,369.47,373.05,120,66838,0.1534
2025-08-28 14:25:00,23750,CE,538.18,541.76,533.95,537.99,84,68186,0.1522
2025-08-28 14:25:00,23750,PE,372.32,373.29,371.22,372.0,789,71070,0.152
2025-08-28 14:25:00,23800,CE,475.04,473.85,463.35,472.69,734,84315,0.1541
2025-08-28 14:25:00,23800,PE,398.9,396.5,393.1,393.95,902,87319,0.1525
2025-08-28 14:25:00,23850,CE,440.7,443.11,433.24,437.2,307,76819,0.1546
2025-08-28 14:25:00,23850,PE,375.37,380.29,371.42,375.51,1087,74822,0.1538
2025-08-28 14:25:00,23900,CE,402.11,415.85,405.31,407.64,1116,64819,0.1569
2025-08-28 14:25:00,23900,PE,375.36,374.37,370.28,372.45,931,68575,0.1538
2025-08-28 14:25:00,23950,CE,413.17,411.54,406.41,408.83,995,55295,0.1546
2025-08-28 14:25:00,23950,PE,456.24,455.79,451.7,452.18,306,63471,0.1499
2025-08-28 14:25:00,24000,CE,383.29,376.95,370.17,375.42,877,49107,0.1588
2025-08-28 14:25:00,24000,PE,473.13,471.62,463.54,468.16,260,53200,0.155
2025-08-28 14:25:00,24050,CE,413.23,420.18,412.92,412.98,1129,53365,0.1545
2025-08-28 14:25:00,24050,PE,553.68,558.36,551.47,553.07,76,54694,0.154
2025-08-28 14:25:00,24100,CE,386.83,383.15,380.54,381.15,399,52875,0.1553
2025-08-28 14:25:00,24100,PE,599.49,601.22,595.09,596.63,432,40805,0.1579
2025-08-28 14:25:00,24150,CE,363.4,365.31,362.13,363.73,122,46555,0.1527
2025-08-28 14:25:00,24150,PE,638.15,643.13,632.21,637.81,221,42317,0.1536
2025-08-28 14:25:00,24200,CE,406.76,412.17,404.68,405.83,221,44310,0.1527
2025-08-28 14:25:00,24200,PE,723.36,746.04,719.72,723.89,151,37359,0.1567
2025-08-28 14:25:00,24250,CE,402.08,409.18,399.39,404.65,269,37735,0.1536
2025-08-28 14:25:00,24250,PE,752.55,757.43,748.37,755.47,414,39715,0.1555
2025-08-28 14:25:00,24300,CE,368.13,364.59,363.56,364.17,508,34888,0.1538
2025-08-28 14:25:00,24300,PE,776.91,791.59,781.84,789.79,678,36218,0.1583
2025-08-28 14:25:00,24350,CE,400.68,398.97,398.73,398.78,326,38651,0.1562
2025-08-28 14:25:00,24350,PE,846.03,863.6,855.25,859.91,377,32824,0.1544
2025-08-28 14:25:00,24400,CE,367.47,371.08,366.98,369.84,451,34212,0.1532
2025-08-28 14:25:00,24400,PE,864.69,876.17,854.82,862.23,147,34325,0.1527
2025-08-28 14:25:00,24450,CE,392.32,407.17,393.12,396.16,13,26473,0.1545
2025-08-28 14:25:00,24450,PE,928.15,937.43,902.43,920.22,243,30265,0.1549
2025-08-28 14:25:00,24500,CE,397.49,400.97,394.16,398.08,149,33947,0.1536
2025-08-28 14:25:00,24500,PE,974.34,989.67,956.22,975.0,301,26556,0.1539
2025-08-28 14:25:00,24550,CE,389.83,386.92,383.73,385.23,126,25558,0.1553
2025-08-28 14:25:00,24550,PE,1090.58,1107.65,1071.66,1087.66,408,31402,0.1577
2025-08-28 14:25:00,24600,CE,404.61,410.56,402.75,409.39,94,26788,0.155
2025-08-28 14:25:00,24600,PE,1102.74,1113.2,1109.3,1109.44,129,29080,0.1576
2025-08-28 14:25:00,24650,CE,392.33,403.14,392.68,393.21,308,29203,0.1536
2025-08-28 14:25:00,24650,PE,1122.68,1133.98,1118.93,1124.83,227,22903,0.1491
2025-08-28 14:25:00,24700,CE,372.72,381.08,370.65,373.19,13,22918,0.1538
2025-08-28 14:25:00,24700,PE,1206.55,1215.7,1192.1,1200.38,105,24565,0.154
2025-08-28 14:25:00,24750,CE,377.08,374.11,369.69,371.94,396,30102,0.1541
2025-08-28 14:25:00,24750,PE,1243.72,1267.01,1241.79,1244.89,252,22525,0.1518
2025-08-28 14:25:00,24800,CE,378.54,377.99,370.86,373.97,247,23462,0.1523
2025-08-28 14:25:00,24800,PE,1311.36,1305.65,1292.9,1301.66,194,26279,0.1567
2025-08-28 14:25:00,24850,CE,394.06,398.92,379.62,391.34,273,19578,0.1499
2025-08-28 14:25:00,24850,PE,1354.8,1360.16,1330.02,1352.32,171,23205,0.1506
2025-08-28 14:25:00,24900,CE,418.69,426.3,412.95,417.55,11,20753,0.1543
2025-08-28 14:25:00,24900,PE,1370.66,1394.41,1370.89,1385.13,48,20568,0.1516
2025-08-28 14:30:00,23500,CE,773.6,794.82,781.89,783.6,50,45252,0.1502
2025-08-28 14:30:00,23500,PE,371.92,385.32,374.65,378.88,165,37390,0.1517
2025-08-28 14:30:00,23550,CE,755.46,756.89,736.77,746.7,252,41890,0.1527
2025-08-28 14:30:00,23550,PE,402.42,399.91,394.83,397.08,96,53637,0.1525
2025-08-28 14:30:00,23600,CE,712.26,709.9,707.18,708.45,778,55448,0.1548
2025-08-28 14:30:00,23600,PE,406.96,409.69,400.0,404.13,519,53099,0.153
2025-08-28 14:30:00,23650,CE,668.01,676.43,671.18,673.21,632,63038,0.1562
2025-08-28 14:30:00,23650,PE,408.09,415.98,397.28,404.45,217,60143,0.1556
2025-08-28 14:30:00,23700,CE,616.27,618.4,610.94,614.04,656,64589,0.1538
2025-08-28 14:30:00,23700,PE,391.03,399.57,388.25,395.88,162,66891,0.1543
2025-08-28 14:30:00,23750,CE,566.41,576.56,556.91,561.48,1037,68190,0.1533
2025-08-28 14:30:00,23750,PE,380.59,384.14,378.92,382.1,999,71400,0.1515
2025-08-28 14:30:00,23800,CE,506.05,508.47,504.41,506.3,495,84287,0.155
2025-08-28 14:30:00,23800,PE,402.69,411.55,403.56,403.62,400,87222,0.153
2025-08-28 14:30:00,23850,CE,456.96,464.28,457.56,463.15,286,76249,0.1545
2025-08-28 14:30:00,23850,PE,406.57,415.76,399.19,405.28,1059,74544,0.1509
2025-08-28 14:30:00,23900,CE,423.22,419.58,416.84,418.8,1506,64662,0.1535
2025-08-28 14:30:00,23900,PE,385.34,384.16,381.52,381.63,1095,68669,0.1563
2025-08-28 14:30:00,23950,CE,383.9,396.75,387.63,388.38,435,55502,0.1553
2025-08-28 14:30:00,23950,PE,436.9,436.11,433.47,435.41,736,64026,0.1536
2025-08-28 14:30:00,24000,CE,396.98,400.65,395.7,399.45,545,48839,0.1556
2025-08-28 14:30:00,24000,PE,470.58,480.96,472.71,475.09,52,53253,0.1528
2025-08-28 14:30:00,24050,CE,360.7,368.51,361.46,362.36,634,53672,0.1536
2025-08-28 14:30:00,24050,PE,513.39,527.89,513.02,516.84,230,54466,0.1521
2025-08-28 14:30:00,24100,CE,380.58,387.42,368.63,379.57,273,52933,0.151
2025-08-28 14:30:00,24100,PE,585.24,586.72,580.38,580.71,312,40707,0.1531
2025-08-28 14:30:00,24150,CE,380.62,386.2,376.84,379.18,915,46431,0.1547
2025-08-28 14:30:00,24150,PE,637.9,635.49,629.41,632.07,958,41792,0.1552
2025-08-28 14:30:00,24200,CE,384.32,383.42,382.4,382.67,413,43739,0.1549
2025-08-28 14:30:00,24200,PE,631.81,635.94,627.83,628.23,504,37113,0.1508
2025-08-28 14:30:00,24250,CE,383.0,386.53,378.68,381.16,164,38229,0.1534
2025-08-28 14:30:00,24250,PE,719.68,718.19,710.72,716.72,546,39346,0.157
2025-08-28 14:30:00,24300,CE,406.37,410.87,400.81,404.95,543,34363,0.1546
2025-08-28 14:30:00,24300,PE,748.14,752.99,741.08,747.73,397,36362,0.1514
2025-08-28 14:30:00,24350,CE,383.8,382.24,379.47,382.01,107,39201,0.158
2025-08-28 14:30:00,24350,PE,874.68,884.57,863.67,864.94,72,32292,0.1534
2025-08-28 14:30:00,24400,CE,364.19,367.46,363.71,365.72,333,34506,0.1522
2025-08-28 14:30:00,24400,PE,890.5,925.3,888.6,903.41,364,33855,0.1561
2025-08-28 14:30:00,24450,CE,366.01,372.34,363.81,368.83,64,26035,0.1553
2025-08-28 14:30:00,24450,PE,916.04,923.21,905.22,918.93,608,30788,0.1543
2025-08-28 14:30:00,24500,CE,421.01,423.69,419.66,421.37,56,34188,0.1558
2025-08-28 14:30:00,24500,PE,972.9,984.04,967.92,981.18,477,26627,0.1516
2025-08-28 14:30:00,24550,CE,418.13,422.26,417.17,417.43,93,25155,0.1557
2025-08-28 14:30:00,24550,PE,1011.72,1028.94,1000.29,1010.41,384,31472,0.153
2025-08-28 14:30:00,24600,CE,358.31,361.08,352.79,358.42,98,26262,0.1533
2025-08-28 14:30:00,24600,PE,1075.89,1103.08,1080.61,1085.34,230,28953,0.1554
2025-08-28 14:30:00,24650,CE,379.95,385.34,378.8,379.89,487,29448,0.1523
2025-08-28 14:30:00,24650,PE,1107.87,1113.01,1101.28,1111.38,214,22984,0.1509
2025-08-28 14:30:00,24700,CE,393.85,396.28,387.51,394.01,248,23128,0.1532
2025-08-28 14:30:00,24700,PE,1175.88,1185.05,1164.17,1175.52,278,24104,0.1538
2025-08-28 14:30:00,24750,CE,385.32,386.67,380.44,382.52,240,30412,0.1515
2025-08-28 14:30:00,24750,PE,1220.33,1228.77,1209.87,1216.58,409,23072,0.1514
2025-08-28 14:30:00,24800,CE,414.13,409.61,408.81,409.46,290,23951,0.1535
2025-08-28 14:30:00,24800,PE,1269.74,1296.85,1252.08,1263.0,15,25784,0.1508
2025-08-28 14:30:00,24850,CE,404.08,412.68,397.4,405.37,85,19096,0.151
2025-08-28 14:30:00,24850,PE,1348.65,1354.55,1340.19,1352.59,273,23221,0.1566
2025-08-28 14:30:00,24900,CE,380.42,386.35,374.41,378.81,219,20781,0.1496
2025-08-28 14:30:00,24900,PE,1370.88,1375.15,1341.67,1367.51,196,20996,0.1571
2025-08-28 14:35:00,23500,CE,857.95,866.86,848.98,856.83,146,45094,0.1561
2025-08-28 14:35:00,23500,PE,418.13,421.64,408.31,413.29,72,37407,0.1603
2025-08-28 14:35:00,23550,CE,803.76,814.06,788.68,792.64,255,41534,0.1544
2025-08-28 14:35:00,23550,PE,409.39,417.51,405.9,407.0,395,54172,0.1532
2025-08-28 14:35:00,23600,CE,766.84,767.12,744.52,752.03,591,54993,0.1551
2025-08-28 14:35:00,23600,PE,389.07,392.43,386.92,391.82,276,53583,0.1558
2025-08-28 14:35:00,23650,CE,701.2,728.54,707.05,710.91,183,63506,0.1578
2025-08-28 14:35:00,23650,PE,392.7,397.21,385.8,391.05,743,59603,0.1556
2025-08-28 14:35:00,23700,CE,647.93,652.83,647.94,651.94,893,64919,0.1549
2025-08-28 14:35:00,23700,PE,406.84,408.79,403.53,407.81,457,66696,0.1539
2025-08-28 14:35:00,23750,CE,589.79,599.31,589.33,595.07,467,67859,0.1506
2025-08-28 14:35:00,23750,PE,358.01,367.1,356.99,359.47,774,71282,0.1508
2025-08-28 14:35:00,23800,CE,560.19,572.77,557.54,561.03,496,84795,0.155
2025-08-28 14:35:00,23800,PE,389.01,389.66,380.75,386.41,70,87100,0.152
2025-08-28 14:35:00,23850,CE,511.9,532.27,514.46,517.28,763,75940,0.1524
2025-08-28 14:35:00,23850,PE,392.63,397.22,395.83,395.99,232,74573,0.1523
2025-08-28 14:35:00,23900,CE,460.54,464.69,460.21,463.4,280,64553,0.1565
2025-08-28 14:35:00,23900,PE,394.89,402.8,398.17,399.45,140,68091,0.1564
2025-08-28 14:35:00,23950,CE,441.34,446.28,442.45,442.88,1219,55125,0.157
2025-08-28 14:35:00,23950,PE,362.91,367.11,362.1,363.5,73,63446,0.1534
2025-08-28 14:35:00,24000,CE,383.0,394.84,383.51,385.67,949,48865,0.1513
2025-08-28 14:35:00,24000,PE,448.28,447.33,444.68,445.62,973,53422,0.1513
2025-08-28 14:35:00,24050,CE,377.54,383.63,375.24,377.43,936,53933,0.155
2025-08-28 14:35:00,24050,PE,464.55,462.15,451.71,459.25,1212,54115,0.1525
2025-08-28 14:35:00,24100,CE,389.05,389.44,382.78,389.16,132,53299,0.1528
2025-08-28 14:35:00,24100,PE,523.12,528.16,516.15,523.75,102,40600,0.1521
2025-08-28 14:35:00,24150,CE,403.31,402.51,397.7,400.06,685,45890,0.1523
2025-08-28 14:35:00,24150,PE,564.08,564.42,549.24,561.16,1076,42305,0.152
2025-08-28 14:35:00,24200,CE,432.37,432.58,422.99,429.59,836,43971,0.1523
2025-08-28 14:35:00,24200,PE,652.97,666.75,638.36,644.65,792,37188,0.154
2025-08-28 14:35:00,24250,CE,353.77,361.93,355.78,356.34,683,37677,0.1522
2025-08-28 14:35:00,24250,PE,654.84,659.57,640.03,647.22,199,38762,0.1558
2025-08-28 14:35:00,24300,CE,386.1,391.41,383.65,384.17,113,34440,0.1531
2025-08-28 14:35:00,24300,PE,714.59,723.5,702.41,712.83,635,36816,0.1542
2025-08-28 14:35:00,24350,CE,415.27,420.52,412.88,418.46,132,39377,0.1562
2025-08-28 14:35:00,24350,PE,755.01,776.58,750.7,757.88,573,31698,0.1565
2025-08-28 14:35:00,24400,CE,373.95,375.0,371.93,374.31,240,34671,0.1539
2025-08-28 14:35:00,24400,PE,802.37,811.67,796.91,805.62,106,33673,0.1564
2025-08-28 14:35:00,24450,CE,407.51,412.69,407.56,409.2,310,25581,0.1587
2025-08-28 14:35:00,24450,PE,845.37,849.36,830.39,842.87,55,31161,0.1544
2025-08-28 14:35:00,24500,CE,389.92,396.82,388.36,391.11,64,34279,0.1506
2025-08-28 14:35:00,24500,PE,917.11,932.11,927.23,929.8,265,26896,0.1538
2025-08-28 14:35:00,24550,CE,398.42,404.82,397.86,400.46,525,24753,0.1539
2025-08-28 14:35:00,24550,PE,971.83,985.69,957.15,970.69,554,31011,0.1532
2025-08-28 14:35:00,24600,CE,397.78,406.3,401.67,404.52,488,26279,0.1553
2025-08-28 14:35:00,24600,PE,1004.02,1028.16,1006.1,1012.71,34,28986,0.1536
2025-08-28 14:35:00,24650,CE,372.79,382.75,370.83,375.46,461,29546,0.1484
2025-08-28 14:35:00,24650,PE,1041.94,1060.8,1037.79,1041.84,58,23277,0.1489
2025-08-28 14:35:00,24700,CE,367.09,368.4,363.78,368.08,422,23324,0.1527
2025-08-28 14:35:00,24700,PE,1109.33,1117.41,1097.6,1111.95,209,24315,0.1544
2025-08-28 14:35:00,24750,CE,404.1,409.11,402.08,405.78,164,30021,0.1534
2025-08-28 14:35:00,24750,PE,1106.85,1155.48,1124.64,1128.02,407,22973,0.1509
2025-08-28 14:35:00,24800,CE,396.79,401.04,386.22,393.58,348,24070,0.1535
2025-08-28 14:35:00,24800,PE,1198.3,1204.02,1192.94,1197.45,400,25806,0.1529
2025-08-28 14:35:00,24850,CE,383.3,384.71,381.94,382.57,137,18861,0.1543
2025-08-28 14:35:00,24850,PE,1253.67,1249.96,1244.71,1246.71,229,23754,0.1539
2025-08-28 14:35:00,24900,CE,403.14,417.93,412.61,413.54,84,20349,0.1558
2025-08-28 14:35:00,24900,PE,1305.36,1301.43,1294.11,1297.02,112,21565,0.1517
2025-08-28 14:40:00,23500,CE,874.32,878.65,860.08,869.0,398,45432,0.1507
2025-08-28 14:40:00,23500,PE,402.15,404.72,400.96,401.61,368,37522,0.157
2025-08-28 14:40:00,23550,CE,839.07,853.36,834.11,835.26,435,41086,0.153
2025-08-28 14:40:00,23550,PE,420.44,420.11,413.97,417.18,436,54248,0.1553
2025-08-28 14:40:00,23600,CE,751.82,760.35,757.81,759.12,609,54498,0.1553
2025-08-28 14:40:00,23600,PE,385.37,391.38,387.15,387.17,380,54101,0.1553
2025-08-28 14:40:00,23650,CE,700.92,709.63,698.96,702.98,652,63248,0.1491
2025-08-28 14:40:00,23650,PE,411.62,417.2,414.96,416.27,583,59482,0.1565
2025-08-28 14:40:00,23700,CE,687.71,689.65,681.52,686.68,688,65083,0.1517
2025-08-28 14:40:00,23700,PE,395.3,388.61,386.58,387.92,424,66118,0.1566
2025-08-28 14:40:00,23750,CE,637.38,634.09,628.29,633.9,724,67909,0.1568
2025-08-28 14:40:00,23750,PE,386.51,399.43,387.51,389.37,512,71539,0.1578
2025-08-28 14:40:00,23800,CE,594.43,597.24,594.19,594.42,955,84443,0.1535
2025-08-28 14:40:00,23800,PE,389.26,394.37,389.54,393.4,944,86684,0.1545
2025-08-28 14:40:00,23850,CE,511.88,514.15,507.31,511.56,757,75925,0.1541
2025-08-28 14:40:00,23850,PE,441.04,441.45,437.98,438.57,889,74616,0.1532
2025-08-28 14:40:00,23900,CE,497.47,502.95,488.83,499.6,780,64479,0.1559
2025-08-28 14:40:00,23900,PE,348.69,359.06,347.69,351.27,880,67845,0.1497
2025-08-28 14:40:00,23950,CE,424.51,433.14,421.15,423.49,460,55016,0.157
2025-08-28 14:40:00,23950,PE,400.33,399.65,390.81,396.7,327,63220,0.157
2025-08-28 14:40:00,24000,CE,402.34,400.76,398.48,399.14,173,48564,0.1564
2025-08-28 14:40:00,24000,PE,396.19,401.35,389.46,394.53,755,53388,0.1522
2025-08-28 14:40:00,24050,CE,385.42,396.32,383.96,389.21,972,53807,0.1551
2025-08-28 14:40:00,24050,PE,441.18,441.03,436.57,440.0,952,54037,0.1547
2025-08-28 14:40:00,24100,CE,390.12,390.41,386.27,388.36,592,52699,0.1552
2025-08-28 14:40:00,24100,PE,518.35,524.9,520.76,522.93,1038,40831,0.1575
2025-08-28 14:40:00,24150,CE,369.55,378.4,372.95,375.79,85,45346,0.1554
2025-08-28 14:40:00,24150,PE,537.64,544.27,529.75,538.94,866,41953,0.1509
2025-08-28 14:40:00,24200,CE,363.12,372.04,364.96,369.14,940,44335,0.1502
2025-08-28 14:40:00,24200,PE,576.36,597.35,576.38,578.92,442,37768,0.1485
2025-08-28 14:40:00,24250,CE,392.38,401.47,393.08,395.17,510,38266,0.1549
2025-08-28 14:40:00,24250,PE,640.4,633.68,632.07,632.51,63,38872,0.1563
2025-08-28 14:40:00,24300,CE,385.09,387.38,382.82,385.6,709,34151,0.155
2025-08-28 14:40:00,24300,PE,677.23,683.49,672.8,679.04,721,37217,0.1555
2025-08-28 14:40:00,24350,CE,394.11,392.52,388.57,390.46,626,39557,0.154
2025-08-28 14:40:00,24350,PE,726.64,725.62,720.59,721.74,85,32281,0.153
2025-08-28 14:40:00,24400,CE,394.37,401.05,385.36,389.31,652,34729,0.1506
2025-08-28 14:40:00,24400,PE,797.91,800.76,799.29,800.72,301,33704,0.149
2025-08-28 14:40:00,24450,CE,385.57,388.83,384.27,384.36,675,25033,0.1509
2025-08-28 14:40:00,24450,PE,838.85,849.1,843.56,843.73,335,30794,0.1554
2025-08-28 14:40:00,24500,CE,411.26,409.92,407.53,408.06,526,34479,0.1513
2025-08-28 14:40:00,24500,PE,897.59,911.31,895.9,900.24,587,27488,0.1556
2025-08-28 14:40:00,24550,CE,352.14,355.66,348.77,350.84,79,24723,0.1553
2025-08-28 14:40:00,24550,PE,949.31,971.31,942.37,955.76,563,30445,0.151
2025-08-28 14:40:00,24600,CE,392.95,396.72,389.79,389.84,497,26158,0.1551
2025-08-28 14:40:00,24600,PE,974.33,1004.86,989.1,989.6,309,28537,0.1542
2025-08-28 14:40:00,24650,CE,389.53,403.81,381.1,392.03,189,30097,0.1538
2025-08-28 14:40:00,24650,PE,1041.58,1039.39,1018.88,1020.91,499,22846,0.149
2025-08-28 14:40:00,24700,CE,383.28,386.81,378.8,382.48,291,22865,0.1532
2025-08-28 14:40:00,24700,PE,1093.65,1113.7,1082.06,1083.95,505,24264,0.1549
2025-08-28 14:40:00,24750,CE,425.31,432.9,424.06,427.68,131,30071,0.1557
2025-08-28 14:40:00,24750,PE,1134.84,1143.76,1130.16,1131.72,104,23233,0.1548
2025-08-28 14:40:00,24800,CE,367.53,368.99,366.72,367.31,165,23911,0.1522
2025-08-28 14:40:00,24800,PE,1169.85,1185.27,1169.51,1172.73,352,26282,0.1523
2025-08-28 14:40:00,24850,CE,370.65,372.29,368.61,372.05,96,18979,0.1544
2025-08-28 14:40:00,24850,PE,1224.58,1226.68,1206.15,1225.79,141,23210,0.1516
2025-08-28 14:40:00,24900,CE,388.37,393.63,384.9,386.03,113,19789,0.1547
2025-08-28 14:40:00,24900,PE,1301.97,1344.42,1298.67,1306.27,333,21527,0.1528
2025-08-28 14:45:00,23500,CE,892.23,895.69,878.93,886.45,365,45359,0.1561
2025-08-28 14:45:00,23500,PE,401.13,403.51,393.21,400.48,186,37464,0.1565
2025-08-28 14:45:00,23550,CE,804.09,813.61,797.83,811.38,118,40554,0.1522
2025-08-28 14:45:00,23550,PE,358.53,356.92,354.17,355.87,120,53711,0.1517
2025-08-28 14:45:00,23600,CE,733.71,739.37,728.49,739.25,428,53970,0.1545
2025-08-28 14:45:00,23600,PE,380.38,379.25,372.96,376.06,304,54381,0.1512
2025-08-28 14:45:00,23650,CE,716.4,725.08,710.25,711.3,481,63369,0.1551
2025-08-28 14:45:00,23650,PE,388.09,391.68,384.03,386.7,247,59045,0.1567
2025-08-28 14:45:00,23700,CE,672.96,682.74,673.24,673.39,152,65000,0.1583
2025-08-28 14:45:00,23700,PE,372.66,378.45,370.74,372.66,804,66649,0.1551
2025-08-28 14:45:00,23750,CE,629.0,630.42,622.89,626.04,149,67391,0.1516
2025-08-28 14:45:00,23750,PE,386.37,391.14,384.65,386.58,468,71165,0.1524
2025-08-28 14:45:00,23800,CE,564.08,564.71,559.15,563.54,166,84310,0.1528
2025-08-28 14:45:00,23800,PE,395.05,396.84,388.01,394.06,1058,86367,0.1528
2025-08-28 14:45:00,23850,CE,490.21,504.65,486.83,490.55,123,75515,0.1539
2025-08-28 14:45:00,23850,PE,376.52,386.37,379.28,381.48,774,75184,0.1536
2025-08-28 14:45:00,23900,CE,469.39,460.56,459.03,460.2,1354,64798,0.1526
2025-08-28 14:45:00,23900,PE,382.64,392.04,380.49,386.66,756,68120,0.1535
2025-08-28 14:45:00,23950,CE,442.51,456.33,442.63,443.12,126,55534,0.1574
2025-08-28 14:45:00,23950,PE,396.51,393.99,389.66,393.92,1294,62844,0.1507
2025-08-28 14:45:00,24000,CE,363.4,364.97,361.28,363.91,510,49031,0.1526
2025-08-28 14:45:00,24000,PE,400.35,401.45,398.76,400.35,913,53967,0.1513
2025-08-28 14:45:00,24050,CE,375.43,379.54,374.82,377.64,582,53910,0.1569
2025-08-28 14:45:00,24050,PE,453.78,454.48,443.76,448.66,29,54520,0.1531
2025-08-28 14:45:00,24100,CE,378.89,379.39,377.38,379.08,1043,53078,0.1523
2025-08-28 14:45:00,24100,PE,483.98,490.44,482.68,489.22,946,40612,0.1509
2025-08-28 14:45:00,24150,CE,372.1,378.93,376.11,376.28,56,45144,0.1523
2025-08-28 14:45:00,24150,PE,533.65,541.84,536.05,539.56,753,42163,0.1538
2025-08-28 14:45:00,24200,CE,393.72,401.98,389.08,391.8,861,44397,0.1528
2025-08-28 14:45:00,24200,PE,611.01,615.62,606.1,612.22,351,37629,0.1545
2025-08-28 14:45:00,24250,CE,349.8,357.39,354.39,354.51,890,37722,0.1537
2025-08-28 14:45:00,24250,PE,674.2,680.7,674.76,678.18,601,38299,0.1534
2025-08-28 14:45:00,24300,CE,403.92,404.28,403.08,403.35,393,33668,0.154
2025-08-28 14:45:00,24300,PE,718.35,721.62,703.63,717.84,197,37101,0.1533
2025-08-28 14:45:00,24350,CE,385.49,393.33,383.12,388.14,257,38989,0.1518
2025-08-28 14:45:00,24350,PE,757.69,781.92,751.59,763.36,606,31858,0.1526
2025-08-28 14:45:00,24400,CE,395.0,399.18,393.43,394.12,511,35290,0.1521
2025-08-28 14:45:00,24400,PE,827.81,830.55,814.55,823.02,185,33644,0.1545
2025-08-28 14:45:00,24450,CE,408.81,411.75,406.27,408.07,434,25552,0.1567
2025-08-28 14:45:00,24450,PE,847.44,859.62,839.22,845.95,259,30421,0.1519
2025-08-28 14:45:00,24500,CE,345.08,348.25,344.96,346.59,78,34309,0.151
2025-08-28 14:45:00,24500,PE,956.82,950.42,946.19,949.91,520,27693,0.1538
2025-08-28 14:45:00,24550,CE,404.02,413.13,398.61,403.0,141,25310,0.1558
2025-08-28 14:45:00,24550,PE,947.71,959.61,947.28,947.68,380,30684,0.152
2025-08-28 14:45:00,24600,CE,367.12,367.14,360.79,365.84,10,26640,0.1504
2025-08-28 14:45:00,24600,PE,1033.66,1039.8,1033.01,1036.99,47,27995,0.1557
2025-08-28 14:45:00,24650,CE,389.49,395.8,382.59,384.31,366,29861,0.1545
2025-08-28 14:45:00,24650,PE,1045.31,1061.46,1037.4,1045.65,491,23305,0.1538
2025-08-28 14:45:00,24700,CE,405.01,405.59,399.28,403.42,276,22892,0.1521
2025-08-28 14:45:00,24700,PE,1114.57,1122.6,1111.95,1114.9,90,23867,0.1523
2025-08-28 14:45:00,24750,CE,429.09,427.76,421.57,425.29,13,29674,0.154
2025-08-28 14:45:00,24750,PE,1145.47,1159.82,1140.94,1148.12,214,23543,0.1521
2025-08-28 14:45:00,24800,CE,398.54,402.13,397.98,401.18,40,23500,0.1526
2025-08-28 14:45:00,24800,PE,1244.24,1235.64,1227.16,1235.25,175,26279,0.1544
2025-08-28 14:45:00,24850,CE,411.12,409.33,407.82,407.87,188,18596,0.1541
2025-08-28 14:45:00,24850,PE,1262.51,1273.57,1251.65,1258.69,329,22859,0.1507
2025-08-28 14:45:00,24900,CE,370.15,372.58,368.96,370.89,54,19665,0.1538
2025-08-28 14:45:00,24900,PE,1271.93,1292.44,1249.96,1284.57,412,21068,0.1517
2025-08-28 14:50:00,23500,CE,910.79,919.76,914.39,915.37,89,45550,0.1536
2025-08-28 14:50:00,23500,PE,368.23,367.19,366.36,367.05,398,37063,0.1537
2025-08-28 14:50:00,23550,CE,830.67,841.3,828.28,835.35,444,40856,0.1551
2025-08-28 14:50:00,23550,PE,351.95,354.19,348.95,354.0,435,53736,0.1493
2025-08-28 14:50:00,23600,CE,801.55,832.4,803.33,804.74,340,53785,0.1506
2025-08-28 14:50:00,23600,PE,378.28,386.84,375.54,379.9,60,54518,0.1527
2025-08-28 14:50:00,23650,CE,759.41,767.75,755.04,756.93,622,63258,0.1525
2025-08-28 14:50:00,23650,PE,388.58,392.3,384.33,387.43,579,58543,0.1524
2025-08-28 14:50:00,23700,CE,704.19,712.63,700.97,707.17,97,64770,0.157
2025-08-28 14:50:00,23700,PE,396.2,396.92,388.33,392.35,303,66678,0.156
2025-08-28 14:50:00,23750,CE,657.0,671.54,661.72,664.34,43,66916,0.1535
2025-08-28 14:50:00,23750,PE,402.44,415.44,404.61,405.42,679,71443,0.1574
2025-08-28 14:50:00,23800,CE,609.28,608.78,596.86,601.19,792,84137,0.1556
2025-08-28 14:50:00,23800,PE,391.02,390.4,383.53,390.23,694,86012,0.1531
2025-08-28 14:50:00,23850,CE,527.77,539.26,526.3,529.17,993,74924,0.154
2025-08-28 14:50:00,23850,PE,376.42,386.12,376.58,380.08,706,74685,0.156
2025-08-28 14:50:00,23900,CE,505.49,507.33,503.04,504.17,1067,64482,0.1536
2025-08-28 14:50:00,23900,PE,356.82,362.48,360.58,361.95,47,67960,0.1523
2025-08-28 14:50:00,23950,CE,419.86,437.82,424.22,425.87,1330,55117,0.1545
2025-08-28 14:50:00,23950,PE,384.64,381.16,379.36,379.92,420,62897,0.1503
2025-08-28 14:50:00,24000,CE,369.02,377.32,364.43,366.1,1515,48664,0.1529
2025-08-28 14:50:00,24000,PE,356.79,367.35,357.59,359.61,649,54512,0.1519
2025-08-28 14:50:00,24050,CE,383.94,394.62,384.35,387.38,1105,53987,0.1539
2025-08-28 14:50:00,24050,PE,416.49,420.55,408.66,415.26,585,54875,0.151
2025-08-28 14:50:00,24100,CE,383.45,389.63,378.32,380.03,1281,52984,0.1556
2025-08-28 14:50:00,24100,PE,479.21,489.87,476.9,480.55,1298,40257,0.1553
2025-08-28 14:50:00,24150,CE,398.57,398.65,390.76,393.67,1012,45083,0.1518
2025-08-28 14:50:00,24150,PE,534.43,532.63,526.2,530.72,267,42057,0.1545
2025-08-28 14:50:00,24200,CE,436.58,443.77,432.68,439.86,444,44545,0.1535
2025-08-28 14:50:00,24200,PE,581.44,591.39,572.0,582.21,855,38121,0.154
2025-08-28 14:50:00,24250,CE,400.03,399.33,394.09,398.9,146,37406,0.1518
2025-08-28 14:50:00,24250,PE,624.5,627.45,610.31,622.07,807,37814,0.1537
2025-08-28 14:50:00,24300,CE,359.22,354.55,348.53,353.97,273,33926,0.1553
2025-08-28 14:50:00,24300,PE,707.83,712.2,696.84,702.13,478,36501,0.154
2025-08-28 14:50:00,24350,CE,388.26,393.46,385.2,391.08,130,39342,0.1536
2025-08-28 14:50:00,24350,PE,732.57,734.75,729.4,730.49,284,32131,0.1564
2025-08-28 14:50:00,24400,CE,396.82,398.67,397.06,398.61,507,35680,0.1507
2025-08-28 14:50:00,24400,PE,759.26,763.68,748.2,759.31,438,33152,0.1534
2025-08-28 14:50:00,24450,CE,361.43,367.19,356.6,363.88,97,25196,0.1532
2025-08-28 14:50:00,24450,PE,845.62,847.86,836.19,840.53,135,30482,0.1544
2025-08-28 14:50:00,24500,CE,381.91,380.69,377.57,378.89,306,34101,0.1536
2025-08-28 14:50:00,24500,PE,865.55,861.9,850.2,855.01,374,28107,0.1512
2025-08-28 14:50:00,24550,CE,358.45,361.62,359.32,359.86,234,25260,0.1518
2025-08-28 14:50:00,24550,PE,946.19,940.64,914.02,933.35,541,30599,0.1539
2025-08-28 14:50:00,24600,CE,370.01,375.98,368.27,369.48,56,26261,0.1548
2025-08-28 14:50:00,24600,PE,989.17,1002.61,989.52,991.4,161,28069,0.1519
2025-08-28 14:50:00,24650,CE,371.66,376.72,363.54,366.26,224,29676,0.158
2025-08-28 14:50:00,24650,PE,1026.53,1022.41,1020.87,1021.31,454,23245,0.1534
2025-08-28 14:50:00,24700,CE,379.55,380.58,376.17,378.64,250,22617,0.154
2025-08-28 14:50:00,24700,PE,1048.81,1058.79,1037.79,1049.75,244,23997,0.1514
2025-08-28 14:50:00,24750,CE,387.1,388.92,381.49,386.29,452,30079,0.155
2025-08-28 14:50:00,24750,PE,1124.46,1147.6,1138.43,1138.73,10,22967,0.1514
2025-08-28 14:50:00,24800,CE,382.63,386.11,375.54,383.91,392,23177,0.1547
2025-08-28 14:50:00,24800,PE,1187.57,1207.61,1171.58,1183.15,19,26491,0.1522
2025-08-28 14:50:00,24850,CE,397.39,402.43,389.25,394.49,435,18843,0.1553
2025-08-28 14:50:00,24850,PE,1237.63,1281.96,1234.98,1243.63,66,22612,0.1559
2025-08-28 14:50:00,24900,CE,394.39,395.98,391.08,391.7,128,19408,0.1557
2025-08-28 14:50:00,24900,PE,1286.73,1280.56,1275.87,1280.51,270,21364,0.1527
2025-08-28 14:55:00,23500,CE,898.01,923.91,890.67,902.0,193,45620,0.1534
2025-08-28 14:55:00,23500,PE,415.16,412.84,408.12,412.33,313,36929,0.1548
2025-08-28 14:55:00,23550,CE,839.24,869.27,831.7,837.17,132,40322,0.1533
2025-08-28 14:55:00,23550,PE,394.85,406.5,393.32,395.19,639,53919,0.1529
2025-08-28 14:55:00,23600,CE,832.39,844.3,843.79,843.83,613,53536,0.1551
2025-08-28 14:55:00,23600,PE,376.67,373.27,372.95,373.22,163,54610,0.1536
2025-08-28 14:55:00,23650,CE,753.29,752.65,747.25,748.91,550,63524,0.1576
2025-08-28 14:55:00,23650,PE,360.3,363.52,359.36,359.59,434,58498,0.1496
2025-08-28 14:55:00,23700,CE,708.71,710.68,703.46,704.79,486,64473,0.1539
2025-08-28 14:55:00,23700,PE,367.11,375.33,362.75,367.18,149,66334,0.1525
2025-08-28 14:55:00,23750,CE,659.46,666.69,659.49,661.45,322,67161,0.157
2025-08-28 14:55:00,23750,PE,373.89,382.84,377.53,377.91,810,71912,0.154
2025-08-28 14:55:00,23800,CE,588.1,596.81,586.21,588.85,415,84712,0.1549
2025-08-28 14:55:00,23800,PE,381.13,380.24,375.18,378.53,1010,86375,0.1513
2025-08-28 14:55:00,23850,CE,549.71,557.9,546.52,547.58,97,75047,0.154
2025-08-28 14:55:00,23850,PE,373.77,374.01,367.79,371.78,337,75122,0.1539
2025-08-28 14:55:00,23900,CE,522.74,523.76,512.81,517.5,306,64349,0.1582
2025-08-28 14:55:00,23900,PE,380.2,390.63,382.34,386.71,339,68418,0.1525
2025-08-28 14:55:00,23950,CE,446.01,449.87,441.05,445.82,857,55033,0.1533
2025-08-28 14:55:00,23950,PE,414.41,425.99,415.59,418.25,1212,63011,0.1555
2025-08-28 14:55:00,24000,CE,378.08,387.39,378.08,378.43,1064,48267,0.1563
2025-08-28 14:55:00,24000,PE,364.85,360.74,355.47,358.29,673,54508,0.1511
2025-08-28 14:55:00,24050,CE,368.63,375.5,365.36,366.92,674,53796,0.1497
2025-08-28 14:55:00,24050,PE,448.68,451.48,446.71,449.81,1549,54714,0.1531
2025-08-28 14:55:00,24100,CE,366.04,366.78,365.0,366.56,820,53101,0.1511
2025-08-28 14:55:00,24100,PE,487.59,487.43,485.88,485.88,303,40715,0.1534
2025-08-28 14:55:00,24150,CE,399.65,407.34,395.34,399.94,200,45474,0.1542
2025-08-28 14:55:00,24150,PE,544.58,537.71,529.19,536.99,718,41875,0.1553
2025-08-28 14:55:00,24200,CE,408.37,405.38,403.88,404.06,300,44825,0.1536
2025-08-28 14:55:00,24200,PE,578.7,587.66,577.9,583.32,488,38178,0.1545
2025-08-28 14:55:00,24250,CE,386.15,397.3,386.72,387.3,358,37223,0.1541
2025-08-28 14:55:00,24250,PE,617.49,619.65,616.68,618.31,270,38303,0.1542
2025-08-28 14:55:00,24300,CE,402.41,403.45,400.89,401.04,780,33519,0.1528
2025-08-28 14:55:00,24300,PE,664.18,681.06,667.22,671.58,131,36867,0.1548
2025-08-28 14:55:00,24350,CE,374.15,373.68,366.85,369.89,299,38996,0.1501
2025-08-28 14:55:00,24350,PE,730.61,724.06,720.65,721.41,183,32601,0.1538
2025-08-28 14:55:00,24400,CE,383.41,391.54,386.64,387.67,206,35945,0.1508
2025-08-28 14:55:00,24400,PE,806.5,828.06,795.54,807.79,347,33109,0.1525
2025-08-28 14:55:00,24450,CE,383.68,384.23,380.95,382.34,242,24688,0.1509
2025-08-28 14:55:00,24450,PE,818.77,837.47,825.85,831.27,71,30098,0.1541
2025-08-28 14:55:00,24500,CE,382.1,378.93,377.35,377.4,194,33698,0.1512
2025-08-28 14:55:00,24500,PE,903.03,890.75,889.46,889.7,189,28420,0.1521
2025-08-28 14:55:00,24550,CE,376.88,377.76,369.14,374.62,16,25406,0.1546
2025-08-28 14:55:00,24550,PE,913.33,913.8,906.34,907.87,323,30260,0.1538
2025-08-28 14:55:00,24600,CE,371.02,371.97,368.48,370.43,172,26102,0.1523
2025-08-28 14:55:00,24600,PE,1011.21,1005.55,977.73,996.96,163,27840,0.152
2025-08-28 14:55:00,24650,CE,391.45,394.25,384.37,390.83,234,29858,0.1537
2025-08-28 14:55:00,24650,PE,993.23,1011.41,998.12,1002.46,352,23041,0.1546
2025-08-28 14:55:00,24700,CE,371.42,378.6,372.01,376.73,156,22939,0.1547
2025-08-28 14:55:00,24700,PE,1045.46,1059.96,1047.65,1055.94,396,24230,0.1546
2025-08-28 14:55:00,24750,CE,407.8,410.78,403.88,407.65,340,29770,0.1518
2025-08-28 14:55:00,24750,PE,1130.09,1180.92,1128.05,1142.68,328,22755,0.1549
2025-08-28 14:55:00,24800,CE,371.37,378.02,369.28,372.77,252,23236,0.1512
2025-08-28 14:55:00,24800,PE,1175.69,1184.86,1169.64,1183.28,373,26980,0.1528
2025-08-28 14:55:00,24850,CE,387.87,386.46,382.94,384.08,192,18376,0.1549
2025-08-28 14:55:00,24850,PE,1255.09,1261.91,1238.34,1244.19,15,22442,0.1528
2025-08-28 14:55:00,24900,CE,356.98,365.23,358.56,360.32,188,19527,0.1505
2025-08-28 14:55:00,24900,PE,1247.63,1258.2,1239.72,1250.01,156,21153,0.1527
2025-08-28 15:00:00,23500,CE,874.05,882.56,861.29,877.84,481,45367,0.1568
2025-08-28 15:00:00,23500,PE,374.42,381.6,374.65,375.76,39,36847,0.1502
2025-08-28 15:00:00,23550,CE,842.14,857.6,833.38,842.89,435,39953,0.1537
2025-08-28 15:00:00,23550,PE,382.45,387.69,381.78,385.52,18,54043,0.1532
2025-08-28 15:00:00,23600,CE,785.56,799.79,789.19,790.28,152,53989,0.1573
2025-08-28 15:00:00,23600,PE,406.59,416.88,405.92,411.68,259,55102,0.1538
2025-08-28 15:00:00,23650,CE,753.23,754.84,738.06,751.45,82,63489,0.1541
2025-08-28 15:00:00,23650,PE,389.5,387.86,385.77,387.86,342,58250,0.1561
2025-08-28 15:00:00,23700,CE,669.85,678.76,663.84,665.55,328,64331,0.1514
2025-08-28 15:00:00,23700,PE,354.17,368.31,354.49,358.26,65,66008,0.1546
2025-08-28 15:00:00,23750,CE,607.31,620.24,612.43,616.57,278,67279,0.155
2025-08-28 15:00:00,23750,PE,399.91,402.59,391.55,396.45,293,71473,0.1543
2025-08-28 15:00:00,23800,CE,611.64,627.72,610.93,617.73,743,84493,0.1529
2025-08-28 15:00:00,23800,PE,353.78,362.57,355.0,355.42,38,85979,0.1531
2025-08-28 15:00:00,23850,CE,549.56,548.19,540.04,544.25,672,74693,0.1565
2025-08-28 15:00:00,23850,PE,386.01,387.46,382.28,385.0,1114,75327,0.1592
2025-08-28 15:00:00,23900,CE,451.04,452.01,442.83,447.12,423,64940,0.1535
2025-08-28 15:00:00,23900,PE,385.62,389.96,378.58,383.66,983,68628,0.152
2025-08-28 15:00:00,23950,CE,457.77,464.25,459.61,460.16,141,54725,0.1547
2025-08-28 15:00:00,23950,PE,391.64,400.31,393.46,396.95,967,62900,0.156
2025-08-28 15:00:00,24000,CE,398.62,407.06,399.94,403.29,1475,48420,0.1541
2025-08-28 15:00:00,24000,PE,387.84,394.65,384.11,385.89,163,54948,0.1531
2025-08-28 15:00:00,24050,CE,367.69,372.54,366.13,367.92,1377,54053,0.1549
2025-08-28 15:00:00,24050,PE,446.89,453.23,441.9,443.66,1136,54288,0.1517
2025-08-28 15:00:00,24100,CE,372.66,381.4,373.34,377.26,953,53225,0.1511
2025-08-28 15:00:00,24100,PE,529.04,529.99,526.96,527.36,179,40351,0.1569
2025-08-28 15:00:00,24150,CE,377.16,378.86,376.63,378.47,633,45323,0.1522
2025-08-28 15:00:00,24150,PE,543.22,557.09,549.33,551.32,664,42432,0.1527
2025-08-28 15:00:00,24200,CE,416.56,426.71,416.47,417.16,648,45295,0.1557
2025-08-28 15:00:00,24200,PE,653.99,652.93,632.3,637.56,45,37886,0.1559
2025-08-28 15:00:00,24250,CE,372.61,378.82,369.23,370.69,827,37497,0.1479
2025-08-28 15:00:00,24250,PE,667.18,658.73,654.81,657.56,341,38098,0.1539
2025-08-28 15:00:00,24300,CE,374.11,379.07,371.57,376.16,635,32928,0.1538
2025-08-28 15:00:00,24300,PE,685.06,688.7,674.48,681.08,80,37287,0.1523
2025-08-28 15:00:00,24350,CE,422.66,427.57,421.61,423.2,591,39382,0.1568
2025-08-28 15:00:00,24350,PE,756.69,773.4,752.62,759.66,380,32353,0.1539
2025-08-28 15:00:00,24400,CE,382.17,382.78,379.23,379.64,291,36271,0.1533
2025-08-28 15:00:00,24400,PE,803.77,809.75,802.85,808.55,182,32546,0.1556
2025-08-28 15:00:00,24450,CE,384.51,399.28,384.5,384.67,341,24735,0.1526
2025-08-28 15:00:00,24450,PE,873.62,873.17,859.89,870.3,290,30675,0.1525
2025-08-28 15:00:00,24500,CE,384.29,388.41,385.95,386.03,387,34044,0.1552
2025-08-28 15:00:00,24500,PE,897.95,912.71,898.65,899.67,156,28510,0.1514
2025-08-28 15:00:00,24550,CE,370.72,372.6,365.12,368.41,218,25244,0.1541
2025-08-28 15:00:00,24550,PE,941.59,938.88,922.94,932.17,69,30542,0.1562
2025-08-28 15:00:00,24600,CE,366.08,367.92,364.84,366.79,262,26672,0.151
2025-08-28 15:00:00,24600,PE,1010.38,1021.38,994.23,1007.04,332,27470,0.1528
2025-08-28 15:00:00,24650,CE,383.46,391.24,383.28,388.25,385,29317,0.1522
2025-08-28 15:00:00,24650,PE,1052.41,1080.59,1038.63,1050.53,399,22893,0.153
2025-08-28 15:00:00,24700,CE,367.37,371.74,366.46,368.49,27,22959,0.154
2025-08-28 15:00:00,24700,PE,1097.54,1103.83,1076.25,1092.12,247,23924,0.1545
2025-08-28 15:00:00,24750,CE,389.22,391.77,389.32,391.22,58,29909,0.1528
2025-08-28 15:00:00,24750,PE,1144.57,1145.91,1136.48,1140.51,222,22522,0.1542
2025-08-28 15:00:00,24800,CE,384.02,385.08,382.29,384.84,260,23814,0.1563
2025-08-28 15:00:00,24800,PE,1191.03,1205.29,1190.94,1192.01,400,26698,0.1569
2025-08-28 15:00:00,24850,CE,384.36,395.34,383.3,388.75,166,18739,0.1516
2025-08-28 15:00:00,24850,PE,1234.42,1242.43,1230.66,1236.59,63,22999,0.1515
2025-08-28 15:00:00,24900,CE,410.57,420.11,408.89,410.04,177,19526,0.1551
2025-08-28 15:00:00,24900,PE,1278.31,1295.72,1273.47,1282.24,408,20792,0.1542
2025-08-28 15:05:00,23500,CE,861.8,883.52,861.67,869.05,118,45835,0.158
2025-08-28 15:05:00,23500,PE,369.31,369.47,367.02,367.04,480,36729,0.1527
2025-08-28 15:05:00,23550,CE,828.2,832.85,823.73,829.77,85,40005,0.1543
2025-08-28 15:05:00,23550,PE,366.52,366.6,361.84,363.63,543,53501,0.1534
2025-08-28 15:05:00,23600,CE,793.82,783.95,776.9,778.53,174,53806,0.1551
2025-08-28 15:05:00,23600,PE,384.48,384.87,379.77,382.11,222,55169,0.1559
2025-08-28 15:05:00,23650,CE,734.12,741.04,727.05,730.02,812,63720,0.1559
2025-08-28 15:05:00,23650,PE,387.75,401.14,388.28,390.08,430,58791,0.1536
2025-08-28 15:05:00,23700,CE,650.17,651.26,646.24,650.57,736,64431,0.1533
2025-08-28 15:05:00,23700,PE,389.15,396.49,388.51,391.07,60,65733,0.156
2025-08-28 15:05:00,23750,CE,606.19,608.61,603.62,606.25,913,67347,0.1559
2025-08-28 15:05:00,23750,PE,379.48,384.57,379.44,380.23,914,70958,0.1543
2025-08-28 15:05:00,23800,CE,557.85,566.59,560.1,561.39,212,84070,0.1582
2025-08-28 15:05:00,23800,PE,358.08,373.76,360.72,361.83,122,85801,0.1518
2025-08-28 15:05:00,23850,CE,499.43,511.67,496.43,504.01,1227,74119,0.1557
2025-08-28 15:05:00,23850,PE,395.03,397.99,389.56,393.08,1148,74817,0.1514
2025-08-28 15:05:00,23900,CE,453.21,455.53,453.01,454.19,45,64348,0.1551
2025-08-28 15:05:00,23900,PE,379.88,386.58,382.13,382.28,1087,68246,0.1542
2025-08-28 15:05:00,23950,CE,430.12,433.46,424.57,426.43,202,55115,0.1538
2025-08-28 15:05:00,23950,PE,378.97,382.42,381.84,382.28,1053,62721,0.1543
2025-08-28 15:05:00,24000,CE,386.86,390.1,386.35,387.61,1288,48902,0.1516
2025-08-28 15:05:00,24000,PE,417.68,426.32,411.68,419.27,908,55409,0.1541
2025-08-28 15:05:00,24050,CE,401.73,408.31,401.17,403.05,509,54489,0.156
2025-08-28 15:05:00,24050,PE,488.8,495.04,487.98,489.34,928,53942,0.1566
2025-08-28 15:05:00,24100,CE,361.65,363.66,355.53,357.31,794,53035,0.1507
2025-08-28 15:05:00,24100,PE,530.94,543.58,538.09,539.39,107,40312,0.1541
2025-08-28 15:05:00,24150,CE,389.13,394.66,387.92,389.77,86,45240,0.1515
2025-08-28 15:05:00,24150,PE,572.62,573.82,566.75,570.68,999,41927,0.1499
2025-08-28 15:05:00,24200,CE,391.95,406.08,393.85,395.37,683,44981,0.1519
2025-08-28 15:05:00,24200,PE,620.16,632.3,617.14,617.35,603,38030,0.156
2025-08-28 15:05:00,24250,CE,408.73,403.86,399.5,401.08,694,37708,0.1539
2025-08-28 15:05:00,24250,PE,684.23,678.53,667.02,677.35,238,37935,0.1535
2025-08-28 15:05:00,24300,CE,427.55,428.05,413.76,422.55,484,32684,0.1565
2025-08-28 15:05:00,24300,PE,712.7,727.37,714.62,715.81,707,37390,0.1528
2025-08-28 15:05:00,24350,CE,378.05,389.69,374.72,380.45,531,39578,0.1517
2025-08-28 15:05:00,24350,PE,760.46,754.89,742.96,752.69,280,32606,0.1511
2025-08-28 15:05:00,24400,CE,405.25,414.37,400.72,402.65,467,36644,0.1524
2025-08-28 15:05:00,24400,PE,784.22,801.5,787.27,792.02,250,32646,0.1528
2025-08-28 15:05:00,24450,CE,410.47,417.96,415.51,415.99,599,24589,0.1558
2025-08-28 15:05:00,24450,PE,865.26,873.04,858.13,869.21,562,30492,0.1534
2025-08-28 15:05:00,24500,CE,377.47,385.97,374.72,375.81,90,33485,0.1544
2025-08-28 15:05:00,24500,PE,918.36,937.73,922.97,923.74,312,28409,0.1563
2025-08-28 15:05:00,24550,CE,387.01,389.66,384.17,384.59,155,25686,0.1547
2025-08-28 15:05:00,24550,PE,959.05,961.66,948.06,949.73,493,30695,0.1558
2025-08-28 15:05:00,24600,CE,379.55,384.19,379.9,380.65,430,26783,0.155
2025-08-28 15:05:00,24600,PE,980.14,995.4,978.1,980.44,361,27138,0.1526
2025-08-28 15:05:00,24650,CE,405.58,410.02,403.74,404.77,17,29432,0.1571
2025-08-28 15:05:00,24650,PE,1056.04,1076.31,1050.21,1057.49,68,22509,0.1549
2025-08-28 15:05:00,24700,CE,376.56,378.79,374.71,378.2,263,22768,0.1496
2025-08-28 15:05:00,24700,PE,1117.16,1123.48,1106.65,1112.11,202,24025,0.1551
2025-08-28 15:05:00,24750,CE,395.17,402.47,390.62,394.64,404,29363,0.1542
2025-08-28 15:05:00,24750,PE,1137.03,1166.63,1127.09,1143.8,137,22295,0.155
2025-08-28 15:05:00,24800,CE,374.02,377.34,370.51,373.59,117,23320,0.1511
2025-08-28 15:05:00,24800,PE,1207.86,1228.35,1202.39,1206.34,127,26294,0.153
2025-08-28 15:05:00,24850,CE,377.85,385.02,369.93,376.67,383,18561,0.1518
2025-08-28 15:05:00,24850,PE,1257.16,1309.58,1263.48,1273.18,154,23230,0.1546
2025-08-28 15:05:00,24900,CE,396.6,402.37,397.34,400.08,251,19246,0.1525
2025-08-28 15:05:00,24900,PE,1334.55,1354.0,1325.79,1333.56,129,20216,0.1547
2025-08-28 15:10:00,23500,CE,876.41,879.41,865.11,868.75,149,45713,0.1513
2025-08-28 15:10:00,23500,PE,394.24,406.46,388.94,390.92,281,36394,0.1523
2025-08-28 15:10:00,23550,CE,813.91,818.88,806.4,806.86,599,40338,0.1591
2025-08-28 15:10:00,23550,PE,392.54,392.64,388.87,392.28,308,53887,0.1529
2025-08-28 15:10:00,23600,CE,792.16,791.01,778.88,783.83,240,54011,0.1569
2025-08-28 15:10:00,23600,PE,371.11,374.41,371.98,373.2,586,55304,0.1525
2025-08-28 15:10:00,23650,CE,732.19,744.13,739.18,741.79,259,63996,0.1568
2025-08-28 15:10:00,23650,PE,403.47,404.57,390.58,397.09,97,58642,0.156
2025-08-28 15:10:00,23700,CE,670.07,680.02,663.5,669.55,741,64612,0.1478
2025-08-28 15:10:00,23700,PE,393.92,403.08,393.18,394.91,318,65636,0.1541
2025-08-28 15:10:00,23750,CE,630.94,657.01,617.26,626.06,395,67262,0.1555
2025-08-28 15:10:00,23750,PE,413.37,418.68,414.69,417.8,231,71304,0.1554
2025-08-28 15:10:00,23800,CE,601.58,607.85,597.99,602.02,110,84419,0.1539
2025-08-28 15:10:00,23800,PE,407.43,406.27,399.25,404.81,587,85681,0.1539
2025-08-28 15:10:00,23850,CE,561.7,566.91,557.99,559.03,938,74643,0.1538
2025-08-28 15:10:00,23850,PE,375.51,377.25,372.59,374.99,510,74866,0.1536
2025-08-28 15:10:00,23900,CE,481.03,484.9,474.54,479.24,602,64332,0.1535
2025-08-28 15:10:00,23900,PE,389.61,396.64,387.59,393.13,486,68247,0.1566
2025-08-28 15:10:00,23950,CE,430.04,429.08,419.36,426.06,60,55450,0.148
2025-08-28 15:10:00,23950,PE,389.46,391.05,381.81,388.41,164,63282,0.1551
2025-08-28 15:10:00,24000,CE,381.16,386.81,382.01,386.17,714,49130,0.1541
2025-08-28 15:10:00,24000,PE,385.73,381.31,376.33,380.94,83,55218,0.1535
2025-08-28 15:10:00,24050,CE,391.12,397.79,393.53,394.0,1436,54509,0.1573
2025-08-28 15:10:00,24050,PE,440.01,447.66,433.98,441.51,695,53710,0.1548
2025-08-28 15:10:00,24100,CE,388.75,396.98,389.24,390.61,911,53219,0.1528
2025-08-28 15:10:00,24100,PE,526.75,532.06,521.12,523.53,699,40911,0.1538
2025-08-28 15:10:00,24150,CE,369.24,376.69,369.98,373.16,650,45677,0.1537
2025-08-28 15:10:00,24150,PE,522.45,521.97,521.74,521.82,557,41894,0.1559
2025-08-28 15:10:00,24200,CE,414.73,431.6,421.08,421.33,618,44791,0.1528
2025-08-28 15:10:00,24200,PE,596.9,599.22,594.48,597.4,824,37973,0.1533
2025-08-28 15:10:00,24250,CE,385.63,391.46,389.39,389.94,263,37487,0.1545
2025-08-28 15:10:00,24250,PE,625.57,638.79,619.69,628.09,320,38524,0.1524
2025-08-28 15:10:00,24300,CE,403.29,404.95,401.24,402.85,284,32326,0.1521
2025-08-28 15:10:00,24300,PE,681.2,683.78,676.88,678.85,594,37761,0.1526
2025-08-28 15:10:00,24350,CE,399.71,398.23,394.37,397.1,341,39475,0.1527
2025-08-28 15:10:00,24350,PE,748.62,753.95,743.24,752.12,485,32788,0.1541
2025-08-28 15:10:00,24400,CE,393.73,399.83,389.29,393.11,90,37151,0.1519
2025-08-28 15:10:00,24400,PE,772.77,789.61,782.85,785.47,281,32756,0.1534
2025-08-28 15:10:00,24450,CE,370.29,373.49,364.71,369.67,46,24729,0.1525
2025-08-28 15:10:00,24450,PE,829.85,838.4,822.24,823.8,82,29935,0.1545
2025-08-28 15:10:00,24500,CE,368.98,366.56,364.52,365.19,612,33039,0.1525
2025-08-28 15:10:00,24500,PE,883.38,876.38,866.4,872.43,481,28457,0.1528
2025-08-28 15:10:00,24550,CE,390.27,393.59,390.25,391.03,153,25530,0.1524
2025-08-28 15:10:00,24550,PE,926.1,924.66,920.55,920.7,93,30825,0.153
2025-08-28 15:10:00,24600,CE,378.12,384.62,379.93,381.2,474,26644,0.1561
2025-08-28 15:10:00,24600,PE,993.15,1012.13,985.95,988.63,529,26747,0.1501
2025-08-28 15:10:00,24650,CE,384.23,388.69,380.61,385.34,505,29788,0.1522
2025-08-28 15:10:00,24650,PE,1014.17,1021.73,1002.23,1019.23,43,22923,0.151
2025-08-28 15:10:00,24700,CE,407.86,415.26,410.93,412.9,40,23329,0.1543
2025-08-28 15:10:00,24700,PE,1096.0,1109.52,1094.47,1108.16,348,23665,0.1563
2025-08-28 15:10:00,24750,CE,404.66,416.61,405.34,408.75,443,29136,0.1575
2025-08-28 15:10:00,24750,PE,1147.39,1155.06,1138.75,1143.56,64,22031,0.153
2025-08-28 15:10:00,24800,CE,387.07,397.52,387.1,390.71,400,23836,0.1562
2025-08-28 15:10:00,24800,PE,1217.5,1232.14,1202.31,1214.27,428,26410,0.1546
2025-08-28 15:10:00,24850,CE,401.02,405.1,393.24,394.99,87,19067,0.1525
2025-08-28 15:10:00,24850,PE,1267.93,1250.0,1244.26,1246.08,233,23698,0.1544
2025-08-28 15:10:00,24900,CE,356.02,367.96,356.97,358.36,47,18940,0.1551
2025-08-28 15:10:00,24900,PE,1317.63,1340.65,1318.63,1319.72,102,20129,0.1529
2025-08-28 15:15:00,23500,CE,891.23,901.56,883.76,886.31,558,45609,0.1539
2025-08-28 15:15:00,23500,PE,389.28,388.04,383.85,387.89,402,36378,0.1546
2025-08-28 15:15:00,23550,CE,805.53,819.69,800.85,814.09,670,40935,0.1569
2025-08-28 15:15:00,23550,PE,386.21,396.23,386.73,387.92,610,53495,0.1573
2025-08-28 15:15:00,23600,CE,754.01,775.34,748.27,757.52,645,54337,0.1506
2025-08-28 15:15:00,23600,PE,401.44,404.67,402.69,403.88,274,54977,0.1585
2025-08-28 15:15:00,23650,CE,763.08,757.8,753.19,754.55,806,64283,0.1526
2025-08-28 15:15:00,23650,PE,395.88,402.8,395.44,397.26,220,58285,0.154
2025-08-28 15:15:00,23700,CE,682.57,693.98,680.41,691.88,532,64644,0.1536
2025-08-28 15:15:00,23700,PE,406.49,412.24,407.9,409.25,738,65837,0.1536
2025-08-28 15:15:00,23750,CE,617.42,623.11,618.42,621.86,792,67180,0.1534
2025-08-28 15:15:00,23750,PE,357.52,367.74,362.98,363.35,945,71863,0.1491
2025-08-28 15:15:00,23800,CE,550.02,561.63,551.76,553.88,1020,84665,0.1567
2025-08-28 15:15:00,23800,PE,431.84,438.71,425.5,428.46,416,85269,0.1551
2025-08-28 15:15:00,23850,CE,543.37,542.58,537.79,539.06,686,74489,0.1576
2025-08-28 15:15:00,23850,PE,411.27,409.97,408.47,408.65,221,74642,0.1584
2025-08-28 15:15:00,23900,CE,453.82,460.14,451.01,453.5,1107,64086,0.1514
2025-08-28 15:15:00,23900,PE,411.39,412.35,407.71,408.82,156,67901,0.1521
2025-08-28 15:15:00,23950,CE,428.84,442.71,423.35,433.67,306,55072,0.1558
2025-08-28 15:15:00,23950,PE,398.01,401.29,392.02,396.93,700,63726,0.1535
2025-08-28 15:15:00,24000,CE,385.3,392.7,388.39,392.6,655,49717,0.1549
2025-08-28 15:15:00,24000,PE,384.26,400.47,385.63,390.23,1485,54810,0.1538
2025-08-28 15:15:00,24050,CE,368.2,373.47,369.64,371.42,890,54858,0.1526
2025-08-28 15:15:00,24050,PE,461.85,461.61,445.36,455.8,1044,53383,0.1551
2025-08-28 15:15:00,24100,CE,379.87,383.41,374.93,378.63,911,53245,0.1498
2025-08-28 15:15:00,24100,PE,469.48,481.06,472.43,473.65,313,40547,0.1552
2025-08-28 15:15:00,24150,CE,364.82,379.94,369.0,370.63,433,45402,0.1526
2025-08-28 15:15:00,24150,PE,546.85,543.18,536.97,542.01,620,41786,0.1572
2025-08-28 15:15:00,24200,CE,381.82,394.25,384.44,385.78,134,45037,0.1548
2025-08-28 15:15:00,24200,PE,617.39,618.29,601.64,616.9,78,37941,0.1534
2025-08-28 15:15:00,24250,CE,398.03,401.51,393.97,397.01,64,37859,0.1492
2025-08-28 15:15:00,24250,PE,680.89,694.48,684.34,686.58,307,38039,0.1558
2025-08-28 15:15:00,24300,CE,368.78,366.79,363.64,364.16,218,32412,0.1543
2025-08-28 15:15:00,24300,PE,722.46,715.63,702.35,714.89,663,37289,0.1544
2025-08-28 15:15:00,24350,CE,400.39,400.49,398.08,400.08,256,39016,0.1549
2025-08-28 15:15:00,24350,PE,775.39,771.91,762.27,766.17,198,32558,0.1558
2025-08-28 15:15:00,24400,CE,382.8,386.19,381.56,384.3,430,36676,0.1553
2025-08-28 15:15:00,24400,PE,823.33,841.89,825.21,825.69,444,33086,0.1519
2025-08-28 15:15:00,24450,CE,405.75,407.17,400.01,402.75,637,24737,0.156
2025-08-28 15:15:00,24450,PE,848.87,855.88,843.22,853.63,331,30108,0.1503
2025-08-28 15:15:00,24500,CE,367.75,371.81,362.42,370.16,629,32506,0.1526
2025-08-28 15:15:00,24500,PE,895.42,918.28,888.69,891.68,123,28126,0.1533
2025-08-28 15:15:00,24550,CE,389.27,388.83,384.84,386.94,118,25557,0.1518
2025-08-28 15:15:00,24550,PE,940.78,968.59,952.5,953.04,38,30323,0.1504
2025-08-28 15:15:00,24600,CE,374.8,367.75,362.9,366.67,377,26236,0.1552
2025-08-28 15:15:00,24600,PE,992.95,982.17,974.37,979.02,191,26173,0.1509
2025-08-28 15:15:00,24650,CE,350.72,355.49,351.25,354.29,407,30281,0.1518
2025-08-28 15:15:00,24650,PE,1051.19,1063.71,1037.57,1051.72,367,22840,0.1525
2025-08-28 15:15:00,24700,CE,380.06,382.66,379.56,380.54,205,22783,0.1545
2025-08-28 15:15:00,24700,PE,1124.19,1146.14,1112.36,1128.37,134,23617,0.153
2025-08-28 15:15:00,24750,CE,393.26,399.14,388.57,392.6,31,29601,0.1539
2025-08-28 15:15:00,24750,PE,1128.64,1157.34,1135.04,1141.48,301,21658,0.1493
2025-08-28 15:15:00,24800,CE,364.73,366.56,361.54,363.7,405,23521,0.1545
2025-08-28 15:15:00,24800,PE,1232.09,1248.63,1217.0,1221.07,304,26988,0.155
2025-08-28 15:15:00,24850,CE,406.3,410.22,402.98,405.15,164,19491,0.1528
2025-08-28 15:15:00,24850,PE,1284.67,1295.51,1260.73,1271.82,405,23756,0.1531
2025-08-28 15:15:00,24900,CE,400.16,399.8,394.21,398.23,275,18563,0.153
2025-08-28 15:15:00,24900,PE,1286.44,1314.12,1306.07,1306.6,353,19792,0.1502
2025-08-28 15:20:00,23500,CE,837.93,841.98,817.23,828.34,213,46042,0.1521
2025-08-28 15:20:00,23500,PE,394.37,405.37,396.92,397.75,153,36588,0.153
2025-08-28 15:20:00,23550,CE,796.75,799.05,793.3,796.94,282,40756,0.1546
2025-08-28 15:20:00,23550,PE,369.09,373.07,366.91,370.31,685,52926,0.1531
2025-08-28 15:20:00,23600,CE,714.53,732.27,717.25,720.78,611,53900,0.155
2025-08-28 15:20:00,23600,PE,387.91,383.79,377.6,381.77,652,55252,0.1556
2025-08-28 15:20:00,23650,CE,690.28,678.64,668.3,674.64,551,64461,0.1519
2025-08-28 15:20:00,23650,PE,373.11,378.73,372.05,372.2,30,58115,0.1545
2025-08-28 15:20:00,23700,CE,626.58,628.6,618.87,626.37,709,64754,0.1555
2025-08-28 15:20:00,23700,PE,400.88,396.24,385.42,395.32,203,66143,0.1573
2025-08-28 15:20:00,23750,CE,558.0,575.81,557.35,559.18,327,67352,0.1499
2025-08-28 15:20:00,23750,PE,379.32,383.51,375.99,377.28,686,71550,0.1553
2025-08-28 15:20:00,23800,CE,541.64,538.99,531.27,536.64,77,85206,0.1546
2025-08-28 15:20:00,23800,PE,377.91,384.96,379.04,383.17,910,84697,0.1549
2025-08-28 15:20:00,23850,CE,475.63,478.91,473.36,474.34,282,74556,0.1552
2025-08-28 15:20:00,23850,PE,392.88,393.27,390.36,392.04,1208,74309,0.1589
2025-08-28 15:20:00,23900,CE,423.91,429.72,421.18,426.59,842,64335,0.1519
2025-08-28 15:20:00,23900,PE,370.31,375.46,370.33,371.97,1387,67975,0.1489
2025-08-28 15:20:00,23950,CE,371.23,375.79,367.53,374.14,739,54706,0.1523
2025-08-28 15:20:00,23950,PE,407.1,411.1,406.79,407.26,963,63733,0.1535
2025-08-28 15:20:00,24000,CE,406.16,406.3,396.49,403.83,1312,49740,0.1538
2025-08-28 15:20:00,24000,PE,424.43,421.84,420.29,420.97,1143,54714,0.1531
2025-08-28 15:20:00,24050,CE,358.61,367.72,359.31,362.08,653,54308,0.1572
2025-08-28 15:20:00,24050,PE,486.15,487.21,486.79,487.04,647,53031,0.1516
2025-08-28 15:20:00,24100,CE,353.72,354.91,350.78,354.87,382,53807,0.1589
2025-08-28 15:20:00,24100,PE,561.09,553.33,543.85,550.21,778,40173,0.1497
2025-08-28 15:20:00,24150,CE,408.83,412.41,401.86,406.05,576,45352,0.1542
2025-08-28 15:20:00,24150,PE,587.1,591.01,583.87,587.31,774,41538,0.1565
2025-08-28 15:20:00,24200,CE,373.49,376.97,371.39,374.52,601,45345,0.1517
2025-08-28 15:20:00,24200,PE,696.32,693.74,683.91,687.55,672,38034,0.1524
2025-08-28 15:20:00,24250,CE,389.5,390.51,378.36,387.17,30,38117,0.1524
2025-08-28 15:20:00,24250,PE,683.43,680.61,672.63,679.62,817,38203,0.1521
2025-08-28 15:20:00,24300,CE,405.72,411.27,401.8,405.94,466,32416,0.154
2025-08-28 15:20:00,24300,PE,735.12,737.36,718.69,729.66,80,37841,0.1532
2025-08-28 15:20:00,24350,CE,374.26,374.99,369.91,372.59,278,39259,0.1523
2025-08-28 15:20:00,24350,PE,800.55,804.2,795.7,798.22,402,32784,0.156
2025-08-28 15:20:00,24400,CE,366.38,374.77,367.23,369.46,65,36904,0.1558
2025-08-28 15:20:00,24400,PE,811.81,832.43,814.81,822.86,379,33046,0.1539
2025-08-28 15:20:00,24450,CE,387.51,393.72,380.61,386.32,476,24908,0.1555
2025-08-28 15:20:00,24450,PE,882.05,885.52,874.54,878.97,481,30233,0.1549
2025-08-28 15:20:00,24500,CE,390.47,394.67,381.83,388.74,469,32971,0.1503
2025-08-28 15:20:00,24500,PE,956.97,982.69,955.48,957.37,486,28700,0.1554
2025-08-28 15:20:00,24550,CE,413.89,412.68,404.13,410.23,307,25536,0.1521
2025-08-28 15:20:00,24550,PE,1021.76,1029.6,1021.16,1024.12,47,30443,0.1547
2025-08-28 15:20:00,24600,CE,381.99,387.72,385.48,386.4,366,25984,0.1533
2025-08-28 15:20:00,24600,PE,1038.56,1051.25,1030.74,1041.44,29,26587,0.1503
2025-08-28 15:20:00,24650,CE,384.89,384.67,380.85,384.4,71,30533,0.1547
2025-08-28 15:20:00,24650,PE,1074.6,1094.95,1061.47,1069.61,493,23348,0.1538
2025-08-28 15:20:00,24700,CE,394.45,404.14,390.76,390.86,110,22909,0.1567
2025-08-28 15:20:00,24700,PE,1132.43,1145.19,1122.72,1130.11,453,23867,0.1509
2025-08-28 15:20:00,24750,CE,374.13,377.07,372.74,374.47,137,29115,0.1523
2025-08-28 15:20:00,24750,PE,1212.47,1224.31,1207.57,1219.3,241,21786,0.1541
2025-08-28 15:20:00,24800,CE,395.97,400.11,394.9,397.15,88,23373,0.1546
2025-08-28 15:20:00,24800,PE,1271.75,1287.48,1265.03,1270.67,188,26997,0.1535
2025-08-28 15:20:00,24850,CE,389.88,396.56,394.27,394.65,29,19282,0.1527
2025-08-28 15:20:00,24850,PE,1281.78,1304.04,1269.64,1286.61,354,23500,0.1528
2025-08-28 15:20:00,24900,CE,412.06,413.74,409.24,413.4,324,18947,0.1524
2025-08-28 15:20:00,24900,PE,1324.71,1327.35,1312.63,1322.94,350,19861,0.1541
2025-08-28 15:25:00,23500,CE,878.7,881.91,865.73,870.12,243,45745,0.1507
2025-08-28 15:25:00,23500,PE,407.81,418.06,402.98,407.92,354,36908,0.1561
2025-08-28 15:25:00,23550,CE,808.17,811.2,787.32,807.45,579,40245,0.1515
2025-08-28 15:25:00,23550,PE,401.44,407.42,396.1,401.6,649,52677,0.1536
2025-08-28 15:25:00,23600,CE,768.05,779.12,768.22,774.22,199,53703,0.1553
2025-08-28 15:25:00,23600,PE,380.71,385.89,379.16,382.07,282,54865,0.1524
2025-08-28 15:25:00,23650,CE,728.0,752.3,737.67,740.87,272,64872,0.1552
2025-08-28 15:25:00,23650,PE,361.25,369.73,363.0,365.34,33,58323,0.1544
2025-08-28 15:25:00,23700,CE,668.45,673.8,658.43,667.85,776,64958,0.1519
2025-08-28 15:25:00,23700,PE,411.05,409.89,405.1,406.96,427,66254,0.1524
2025-08-28 15:25:00,23750,CE,615.45,622.45,610.26,613.54,529,67205,0.1542
2025-08-28 15:25:00,23750,PE,373.03,371.88,368.92,370.69,822,71740,0.1517
2025-08-28 15:25:00,23800,CE,564.18,579.74,562.9,569.17,76,85489,0.1494
2025-08-28 15:25:00,23800,PE,391.77,395.78,394.44,395.56,274,84743,0.1539
2025-08-28 15:25:00,23850,CE,546.68,556.4,536.31,542.71,220,74520,0.1522
2025-08-28 15:25:00,23850,PE,400.62,402.84,396.93,398.32,191,73977,0.1529
2025-08-28 15:25:00,23900,CE,465.85,469.23,461.5,464.04,1188,63835,0.153
2025-08-28 15:25:00,23900,PE,349.13,351.87,346.19,346.99,433,67424,0.15
2025-08-28 15:25:00,23950,CE,430.4,434.64,429.7,433.93,319,54963,0.1521
2025-08-28 15:25:00,23950,PE,380.07,384.84,375.6,380.76,884,63551,0.1529
2025-08-28 15:25:00,24000,CE,356.95,353.83,351.41,353.23,180,49990,0.1541
2025-08-28 15:25:00,24000,PE,395.97,396.69,394.69,394.71,462,54723,0.1548
2025-08-28 15:25:00,24050,CE,380.95,380.76,378.45,379.33,208,54244,0.153
2025-08-28 15:25:00,24050,PE,429.4,428.41,426.96,428.18,1288,53185,0.1555
2025-08-28 15:25:00,24100,CE,396.71,405.22,394.88,396.5,620,53426,0.1536
2025-08-28 15:25:00,24100,PE,508.89,512.28,498.23,504.24,354,40748,0.1522
2025-08-28 15:25:00,24150,CE,405.4,409.38,405.9,407.23,1066,45148,0.1518
2025-08-28 15:25:00,24150,PE,569.19,572.97,568.49,569.64,737,41861,0.1532
2025-08-28 15:25:00,24200,CE,416.09,407.87,399.11,406.94,429,45042,0.1541
2025-08-28 15:25:00,24200,PE,596.06,610.23,599.26,601.26,352,37995,0.1523
2025-08-28 15:25:00,24250,CE,388.08,387.03,383.79,386.02,343,38116,0.1531
2025-08-28 15:25:00,24250,PE,641.75,651.4,645.65,646.43,155,37970,0.1564
2025-08-28 15:25:00,24300,CE,389.2,390.53,385.6,386.05,162,32234,0.1496
2025-08-28 15:25:00,24300,PE,718.99,729.48,713.37,716.81,247,37763,0.1574
2025-08-28 15:25:00,24350,CE,383.44,382.88,380.6,382.8,780,39662,0.1558
2025-08-28 15:25:00,24350,PE,762.31,775.8,763.26,764.45,488,32784,0.1594
2025-08-28 15:25:00,24400,CE,407.43,408.39,401.9,403.23,249,36410,0.1525
2025-08-28 15:25:00,24400,PE,802.83,805.76,785.88,801.64,453,32706,0.1562
2025-08-28 15:25:00,24450,CE,398.26,398.64,395.4,395.69,36,25491,0.1537
2025-08-28 15:25:00,24450,PE,831.15,831.55,815.22,827.38,150,29740,0.1537
2025-08-28 15:25:00,24500,CE,373.59,377.9,374.55,375.58,379,33148,0.153
2025-08-28 15:25:00,24500,PE,914.0,914.33,903.92,908.02,180,28353,0.1546
2025-08-28 15:25:00,24550,CE,377.29,379.96,372.53,375.31,91,25454,0.1507
2025-08-28 15:25:00,24550,PE,934.62,960.11,938.39,939.07,247,30271,0.1511
2025-08-28 15:25:00,24600,CE,408.64,414.53,407.33,408.91,519,26556,0.153
2025-08-28 15:25:00,24600,PE,1018.62,1028.54,1015.8,1018.53,492,26648,0.1554
2025-08-28 15:25:00,24650,CE,376.69,377.74,373.67,376.13,512,30232,0.1528
2025-08-28 15:25:00,24650,PE,1077.07,1094.09,1075.38,1076.41,396,23472,0.1514
2025-08-28 15:25:00,24700,CE,392.92,394.79,386.59,391.82,313,22394,0.1515
2025-08-28 15:25:00,24700,PE,1109.88,1112.49,1095.74,1104.54,79,24378,0.1545
2025-08-28 15:25:00,24750,CE,382.1,385.77,381.76,382.63,134,28928,0.1515
2025-08-28 15:25:00,24750,PE,1158.84,1183.19,1155.85,1167.65,332,22246,0.1527
2025-08-28 15:25:00,24800,CE,382.86,385.63,378.16,382.25,186,23744,0.1509
2025-08-28 15:25:00,24800,PE,1211.07,1194.89,1179.03,1193.38,284,26621,0.1542
2025-08-28 15:25:00,24850,CE,405.52,405.63,401.3,403.58,248,19836,0.1521
2025-08-28 15:25:00,24850,PE,1201.13,1241.45,1210.56,1216.17,431,24090,0.1551
2025-08-28 15:25:00,24900,CE,375.0,384.04,376.28,376.77,37,19313,0.1512
2025-08-28 15:25:00,24900,PE,1292.12,1308.61,1295.77,1296.18,203,19802,0.1545
