timestamp,strike,side,open,high,low,close,volume,oi,iv
2025-08-25 09:00:00,23500,CE,1120.94,1123.25,1112.95,1116.14,0,18975,0.1611
2025-08-25 09:00:00,23500,PE,439.83,450.21,441.54,447.87,0,22054,0.1654
2025-08-25 09:00:00,23550,CE,1064.24,1072.51,1067.0,1069.16,0,22650,0.1617
2025-08-25 09:00:00,23550,PE,435.2,437.8,436.58,437.2,0,22327,0.1636
2025-08-25 09:00:00,23600,CE,1053.24,1062.84,1050.02,1052.34,0,21579,0.1621
2025-08-25 09:00:00,23600,PE,438.65,438.38,434.89,437.37,0,24349,0.1622
2025-08-25 09:00:00,23650,CE,955.02,972.75,957.05,962.51,0,22105,0.1632
2025-08-25 09:00:00,23650,PE,427.56,426.86,417.03,423.88,0,26057,0.1645
2025-08-25 09:00:00,23700,CE,895.32,918.3,905.28,907.14,0,26322,0.1618
2025-08-25 09:00:00,23700,PE,436.74,436.28,434.88,435.6,0,24225,0.1641
2025-08-25 09:00:00,23750,CE,898.7,927.41,906.11,910.1,0,25695,0.167
2025-08-25 09:00:00,23750,PE,466.41,467.5,462.62,463.17,0,27687,0.1654
2025-08-25 09:00:00,23800,CE,800.37,810.73,800.05,810.26,0,29818,0.1624
2025-08-25 09:00:00,23800,PE,417.91,431.1,415.78,420.9,0,28452,0.161
2025-08-25 09:00:00,23850,CE,785.69,793.76,784.46,785.44,0,28727,0.1625
2025-08-25 09:00:00,23850,PE,445.08,453.19,443.35,444.01,0,30460,0.1667
2025-08-25 09:00:00,23900,CE,698.48,701.93,692.37,698.47,0,32577,0.1625
2025-08-25 09:00:00,23900,PE,450.65,459.54,445.7,450.41,0,31962,0.1617
2025-08-25 09:00:00,23950,CE,671.21,669.43,665.33,666.44,0,36777,0.1626
2025-08-25 09:00:00,23950,PE,467.14,473.63,460.25,467.04,0,34536,0.163
2025-08-25 09:00:00,24000,CE,573.88,573.93,566.22,569.73,0,37062,0.159
2025-08-25 09:00:00,24000,PE,417.17,426.35,413.81,419.8,0,38793,0.1608
2025-08-25 09:00:00,24050,CE,557.92,562.98,559.11,560.57,0,42013,0.1639
2025-08-25 09:00:00,24050,PE,421.47,433.3,418.38,420.78,0,42023,0.1606
2025-08-25 09:00:00,24100,CE,572.28,581.05,560.93,569.58,0,45697,0.1634
2025-08-25 09:00:00,24100,PE,460.21,470.51,461.31,461.56,0,44955,0.1641
2025-08-25 09:00:00,24150,CE,468.3,467.62,459.61,465.51,0,49768,0.1634
2025-08-25 09:00:00,24150,PE,432.48,431.08,427.79,429.37,0,49212,0.1622
2025-08-25 09:00:00,24200,CE,394.77,410.47,395.89,402.62,0,51830,0.1635
2025-08-25 09:00:00,24200,PE,471.92,477.82,466.97,468.41,0,53400,0.1647
2025-08-25 09:00:00,24250,CE,404.93,409.42,401.81,403.54,0,47201,0.1635
2025-08-25 09:00:00,24250,PE,466.43,473.01,464.21,471.03,0,48534,0.1615
2025-08-25 09:00:00,24300,CE,457.93,473.01,453.81,457.95,0,44320,0.1628
2025-08-25 09:00:00,24300,PE,532.52,545.05,536.03,536.41,0,43337,0.1615
2025-08-25 09:00:00,24350,CE,408.79,413.79,404.28,407.28,0,37816,0.1598
2025-08-25 09:00:00,24350,PE,568.24,573.85,565.06,568.04,0,37412,0.1612
2025-08-25 09:00:00,24400,CE,414.2,421.34,408.72,414.05,0,35192,0.1626
2025-08-25 09:00:00,24400,PE,634.86,649.72,636.57,636.9,0,35408,0.163
2025-08-25 09:00:00,24450,CE,489.41,491.4,485.56,486.11,0,31912,0.1655
2025-08-25 09:00:00,24450,PE,711.05,720.96,700.21,709.08,0,34732,0.1632
2025-08-25 09:00:00,24500,CE,459.16,466.08,457.71,461.8,0,30789,0.1667
2025-08-25 09:00:00,24500,PE,766.36,771.19,759.47,764.95,0,32291,0.1626
2025-08-25 09:00:00,24550,CE,395.76,406.69,396.54,397.7,0,28152,0.1599
2025-08-25 09:00:00,24550,PE,805.71,811.87,803.75,805.14,0,27358,0.1656
2025-08-25 09:00:00,24600,CE,430.34,433.47,430.18,432.05,0,26102,0.1611
2025-08-25 09:00:00,24600,PE,840.84,857.65,840.43,841.45,0,27436,0.1633
2025-08-25 09:00:00,24650,CE,469.97,477.38,471.79,472.74,0,25910,0.1608
2025-08-25 09:00:00,24650,PE,878.19,875.52,865.69,872.2,0,25741,0.1596
2025-08-25 09:00:00,24700,CE,447.85,449.54,445.72,448.06,0,26434,0.1628
2025-08-25 09:00:00,24700,PE,936.42,951.79,941.74,944.39,0,25206,0.1607
2025-08-25 09:00:00,24750,CE,466.62,474.2,458.05,462.04,0,24271,0.1621
2025-08-25 09:00:00,24750,PE,996.57,990.03,967.17,984.71,0,21843,0.1604
2025-08-25 09:00:00,24800,CE,431.51,437.31,426.82,432.33,0,22075,0.1601
2025-08-25 09:00:00,24800,PE,1058.63,1068.72,1052.3,1053.18,0,22698,0.1618
2025-08-25 09:00:00,24850,CE,460.71,465.86,457.01,462.77,0,21525,0.1613
2025-08-25 09:00:00,24850,PE,1083.86,1099.06,1085.28,1085.74,0,22973,0.1582
2025-08-25 09:00:00,24900,CE,460.37,468.48,453.98,460.76,0,20152,0.1628
2025-08-25 09:00:00,24900,PE,1122.25,1143.24,1129.75,1134.07,0,19736,0.1614
2025-08-25 09:05:00,23500,CE,1085.23,1097.79,1087.24,1097.36,0,22578,0.1622
2025-08-25 09:05:00,23500,PE,409.09,410.13,406.88,408.76,0,20150,0.1627
2025-08-25 09:05:00,23550,CE,1080.36,1100.48,1066.66,1084.12,0,22070,0.1592
2025-08-25 09:05:00,23550,PE,459.0,462.88,457.32,460.18,0,19903,0.1655
2025-08-25 09:05:00,23600,CE,1036.66,1053.76,1027.39,1032.88,0,21540,0.1624
2025-08-25 09:05:00,23600,PE,442.98,448.05,442.26,444.16,0,21107,0.1647
2025-08-25 09:05:00,23650,CE,979.27,1007.53,982.04,986.36,0,23751,0.1673
2025-08-25 09:05:00,23650,PE,409.26,409.29,405.31,408.37,0,25806,0.1601
2025-08-25 09:05:00,23700,CE,929.85,919.2,903.79,918.77,0,23700,0.1634
2025-08-25 09:05:00,23700,PE,441.93,443.39,438.9,440.46,0,27317,0.1632
2025-08-25 09:05:00,23750,CE,857.68,871.99,861.99,863.63,0,28383,0.1597
2025-08-25 09:05:00,23750,PE,438.9,444.31,434.24,436.4,0,24930,0.1625
2025-08-25 09:05:00,23800,CE,828.84,844.39,826.76,827.88,0,26647,0.1635
2025-08-25 09:05:00,23800,PE,443.75,444.75,434.75,441.94,0,30188,0.1651
2025-08-25 09:05:00,23850,CE,769.95,782.25,764.86,767.48,0,30828,0.162
2025-08-25 09:05:00,23850,PE,435.54,437.42,428.12,429.82,0,29182,0.1617
2025-08-25 09:05:00,23900,CE,691.25,691.98,683.89,689.91,0,34475,0.1609
2025-08-25 09:05:00,23900,PE,418.36,424.02,417.02,420.73,0,32905,0.1602
2025-08-25 09:05:00,23950,CE,687.1,696.3,678.55,690.08,0,35706,0.1653
2025-08-25 09:05:00,23950,PE,452.49,450.01,442.23,448.44,0,35878,0.1619
2025-08-25 09:05:00,24000,CE,630.4,641.48,635.29,637.34,0,36894,0.1634
2025-08-25 09:05:00,24000,PE,478.42,479.26,467.62,475.67,0,37524,0.1634
2025-08-25 09:05:00,24050,CE,577.31,584.32,572.58,581.69,0,40054,0.1632
2025-08-25 09:05:00,24050,PE,436.8,443.93,439.5,440.68,0,41655,0.1587
2025-08-25 09:05:00,24100,CE,489.57,492.31,479.01,488.81,0,47630,0.1619
2025-08-25 09:05:00,24100,PE,413.47,416.43,411.33,415.41,0,46191,0.1673
2025-08-25 09:05:00,24150,CE,458.75,468.98,460.07,462.33,0,51505,0.1625
2025-08-25 09:05:00,24150,PE,452.5,459.66,451.95,452.65,0,49513,0.1631
2025-08-25 09:05:00,24200,CE,421.53,426.78,424.27,425.52,0,53255,0.1594
2025-08-25 09:05:00,24200,PE,432.33,444.85,436.61,439.8,0,55065,0.164
2025-08-25 09:05:00,24250,CE,439.48,445.44,433.68,436.06,0,45929,0.1641
2025-08-25 09:05:00,24250,PE,483.99,489.35,488.09,488.71,0,46392,0.1624
2025-08-25 09:05:00,24300,CE,432.68,435.38,430.26,431.84,0,43982,0.1599
2025-08-25 09:05:00,24300,PE,573.16,578.05,568.37,577.91,0,41144,0.1608
2025-08-25 09:05:00,24350,CE,445.6,455.12,448.61,451.29,0,38224,0.1618
2025-08-25 09:05:00,24350,PE,588.04,588.35,586.43,586.78,0,41175,0.1619
2025-08-25 09:05:00,24400,CE,394.5,397.67,394.81,396.35,0,34355,0.162
2025-08-25 09:05:00,24400,PE,651.86,653.67,646.47,651.29,0,35995,0.1595
2025-08-25 09:05:00,24450,CE,427.03,432.79,430.08,431.34,0,32937,0.1644
2025-08-25 09:05:00,24450,PE,732.03,744.19,725.85,727.37,0,33212,0.1621
2025-08-25 09:05:00,24500,CE,436.83,436.42,425.62,431.49,0,30353,0.1599
2025-08-25 09:05:00,24500,PE,730.98,756.05,736.99,741.35,0,30423,0.162
2025-08-25 09:05:00,24550,CE,426.64,426.61,419.55,425.99,0,30359,0.158
2025-08-25 09:05:00,24550,PE,794.67,800.11,779.79,794.95,0,27420,0.1596
2025-08-25 09:05:00,24600,CE,416.32,419.52,414.59,417.59,0,26073,0.1635
2025-08-25 09:05:00,24600,PE,872.48,895.68,875.78,880.04,0,26613,0.1643
2025-08-25 09:05:00,24650,CE,434.42,435.64,427.48,435.0,0,27297,0.1634
2025-08-25 09:05:00,24650,PE,845.47,851.46,837.1,839.46,0,25565,0.1607
2025-08-25 09:05:00,24700,CE,444.53,445.64,441.15,443.26,0,22736,0.1649
2025-08-25 09:05:00,24700,PE,948.74,974.47,949.39,959.95,0,24678,0.1606
2025-08-25 09:05:00,24750,CE,430.99,442.24,432.07,432.34,0,23853,0.1628
2025-08-25 09:05:00,24750,PE,1025.98,1044.85,1023.82,1024.48,0,23174,0.1612
2025-08-25 09:05:00,24800,CE,411.52,422.12,417.74,420.9,0,20567,0.1568
2025-08-25 09:05:00,24800,PE,1042.45,1045.03,1037.16,1040.32,0,23729,0.162
2025-08-25 09:05:00,24850,CE,444.04,434.14,426.23,433.45,0,22618,0.1623
2025-08-25 09:05:00,24850,PE,1116.94,1131.6,1125.95,1131.52,0,22831,0.1633
2025-08-25 09:05:00,24900,CE,465.9,472.31,464.02,466.56,0,22105,0.1653
2025-08-25 09:05:00,24900,PE,1149.77,1157.59,1144.73,1147.25,0,19518,0.1628
2025-08-25 09:10:00,23500,CE,1154.11,1158.3,1141.88,1145.68,0,20487,0.163
2025-08-25 09:10:00,23500,PE,423.29,427.26,420.25,422.42,0,22639,0.1612
2025-08-25 09:10:00,23550,CE,1114.92,1103.57,1102.77,1102.79,0,21589,0.1639
2025-08-25 09:10:00,23550,PE,422.86,426.41,420.29,422.69,0,23249,0.1608
2025-08-25 09:10:00,23600,CE,1021.88,1040.46,1007.3,1019.4,0,23468,0.1605
2025-08-25 09:10:00,23600,PE,439.61,449.51,439.95,441.57,0,24588,0.1646
2025-08-25 09:10:00,23650,CE,985.13,994.28,975.62,988.06,0,22121,0.1655
2025-08-25 09:10:00,23650,PE,432.07,431.11,427.04,431.1,0,24905,0.1642
2025-08-25 09:10:00,23700,CE,926.99,927.86,905.18,923.65,0,26618,0.1643
2025-08-25 09:10:00,23700,PE,444.84,452.16,443.2,446.77,0,24208,0.1602
2025-08-25 09:10:00,23750,CE,888.84,907.25,897.86,902.04,0,27849,0.1655
2025-08-25 09:10:00,23750,PE,428.92,433.25,426.46,429.65,0,25688,0.1643
2025-08-25 09:10:00,23800,CE,847.87,847.57,840.77,845.1,0,30205,0.1632
2025-08-25 09:10:00,23800,PE,438.79,442.63,432.24,436.78,0,30220,0.1623
2025-08-25 09:10:00,23850,CE,751.67,762.36,761.07,761.89,0,28501,0.1615
2025-08-25 09:10:00,23850,PE,461.91,464.26,459.48,463.38,0,30515,0.1655
2025-08-25 09:10:00,23900,CE,712.31,727.23,712.41,716.34,0,32189,0.1607
2025-08-25 09:10:00,23900,PE,369.12,365.81,364.16,365.21,0,34221,0.1595
2025-08-25 09:10:00,23950,CE,678.63,682.9,678.22,678.6,0,34447,0.1592
2025-08-25 09:10:00,23950,PE,403.14,403.8,397.08,400.08,0,36048,0.1626
2025-08-25 09:10:00,24000,CE,619.73,631.36,617.04,619.54,0,36554,0.1636
2025-08-25 09:10:00,24000,PE,438.99,443.43,441.4,443.17,0,36938,0.1626
2025-08-25 09:10:00,24050,CE,599.57,604.71,590.78,596.16,0,43480,0.1626
2025-08-25 09:10:00,24050,PE,443.46,436.59,436.16,436.49,0,41079,0.1591
2025-08-25 09:10:00,24100,CE,505.41,513.2,504.77,508.97,0,46744,0.1644
2025-08-25 09:10:00,24100,PE,461.08,465.61,454.71,456.78,0,47552,0.1629
2025-08-25 09:10:00,24150,CE,466.87,467.56,460.33,465.68,0,52598,0.1606
2025-08-25 09:10:00,24150,PE,418.35,430.58,418.82,419.11,0,48816,0.1619
2025-08-25 09:10:00,24200,CE,446.64,458.7,449.73,450.5,0,52018,0.1635
2025-08-25 09:10:00,24200,PE,463.75,476.05,466.53,469.02,0,53946,0.1613
2025-08-25 09:10:00,24250,CE,423.17,431.48,423.83,425.99,0,49284,0.1628
2025-08-25 09:10:00,24250,PE,528.8,530.59,517.2,523.32,0,49492,0.1632
2025-08-25 09:10:00,24300,CE,451.28,449.59,443.69,447.01,0,43984,0.1657
2025-08-25 09:10:00,24300,PE,528.75,536.98,526.41,533.36,0,41519,0.1621
2025-08-25 09:10:00,24350,CE,454.26,453.36,450.48,451.42,0,40368,0.1628
2025-08-25 09:10:00,24350,PE,564.4,578.74,566.12,567.79,0,38485,0.164
2025-08-25 09:10:00,24400,CE,403.79,422.22,403.89,408.69,0,37513,0.1614
2025-08-25 09:10:00,24400,PE,625.27,625.43,615.21,624.44,0,36467,0.1618
2025-08-25 09:10:00,24450,CE,435.13,437.33,430.35,431.49,0,32353,0.163
2025-08-25 09:10:00,24450,PE,704.18,715.73,702.73,707.66,0,34993,0.165
2025-08-25 09:10:00,24500,CE,446.82,448.36,439.71,445.03,0,33276,0.1591
2025-08-25 09:10:00,24500,PE,751.8,767.64,748.17,750.36,0,31347,0.165
2025-08-25 09:10:00,24550,CE,453.72,451.69,450.19,451.24,0,30567,0.1634
2025-08-25 09:10:00,24550,PE,767.32,783.23,772.81,775.9,0,27555,0.1596
2025-08-25 09:10:00,24600,CE,419.92,432.82,414.49,418.2,0,26639,0.1641
2025-08-25 09:10:00,24600,PE,852.02,858.5,848.31,857.29,0,26063,0.1621
2025-08-25 09:10:00,24650,CE,460.88,463.97,457.17,460.34,0,25127,0.1656
2025-08-25 09:10:00,24650,PE,904.66,905.32,888.29,889.75,0,25495,0.1599
2025-08-25 09:10:00,24700,CE,439.67,440.95,437.1,437.92,0,24322,0.1606
2025-08-25 09:10:00,24700,PE,923.05,936.21,926.06,930.57,0,23887,0.1607
2025-08-25 09:10:00,24750,CE,440.13,441.26,433.57,436.55,0,23523,0.165
2025-08-25 09:10:00,24750,PE,997.7,994.76,980.5,985.96,0,22222,0.1594
2025-08-25 09:10:00,24800,CE,442.44,444.05,437.32,441.49,0,21604,0.1596
2025-08-25 09:10:00,24800,PE,1054.83,1082.48,1055.38,1058.69,0,23573,0.1604
2025-08-25 09:10:00,24850,CE,386.93,390.58,388.09,389.4,0,21434,0.1629
2025-08-25 09:10:00,24850,PE,1097.39,1111.39,1076.5,1097.89,0,19293,0.1614
2025-08-25 09:10:00,24900,CE,447.23,448.76,445.18,447.49,0,19563,0.163
2025-08-25 09:10:00,24900,PE,1146.25,1150.18,1135.61,1140.35,0,21567,0.1643
2025-08-25 09:15:00,23500,CE,1070.18,1085.45,1079.58,1079.7,99,31413,0.1465
2025-08-25 09:15:00,23500,PE,406.2,408.97,406.17,408.09,158,29663,0.1439
2025-08-25 09:15:00,23550,CE,1078.99,1084.0,1055.44,1068.03,262,31078,0.146
2025-08-25 09:15:00,23550,PE,379.16,377.58,371.33,375.3,434,28220,0.1438
2025-08-25 09:15:00,23600,CE,934.99,958.48,946.35,948.04,208,32329,0.1443
2025-08-25 09:15:00,23600,PE,377.52,382.75,375.73,377.28,156,31171,0.146
2025-08-25 09:15:00,23650,CE,916.54,912.28,903.61,905.47,539,32066,0.1423
2025-08-25 09:15:00,23650,PE,386.52,392.57,384.87,385.18,123,34191,0.146
2025-08-25 09:15:00,23700,CE,902.68,908.34,898.43,903.15,74,32678,0.1485
2025-08-25 09:15:00,23700,PE,366.48,368.49,364.97,365.13,564,34329,0.1455
2025-08-25 09:15:00,23750,CE,857.99,876.9,866.1,868.03,93,38834,0.1445
2025-08-25 09:15:00,23750,PE,396.49,397.47,396.51,396.99,339,37628,0.1452
2025-08-25 09:15:00,23800,CE,757.3,781.73,753.28,760.14,332,38294,0.1439
2025-08-25 09:15:00,23800,PE,354.21,365.76,354.75,358.52,640,37428,0.1458
2025-08-25 09:15:00,23850,CE,755.24,746.34,739.41,746.12,395,41926,0.1446
2025-08-25 09:15:00,23850,PE,392.16,398.07,390.3,391.94,520,43598,0.1436
2025-08-25 09:15:00,23900,CE,665.73,675.66,661.6,670.46,345,46837,0.1455
2025-08-25 09:15:00,23900,PE,382.25,383.66,376.69,382.31,209,44416,0.1474
2025-08-25 09:15:00,23950,CE,613.56,623.41,617.44,618.67,869,51192,0.1479
2025-08-25 09:15:00,23950,PE,383.16,389.71,387.76,388.86,632,53503,0.1443
2025-08-25 09:15:00,24000,CE,557.23,558.35,557.6,557.8,959,55602,0.1439
2025-08-25 09:15:00,24000,PE,357.35,364.9,358.19,358.25,843,55258,0.1433
2025-08-25 09:15:00,24050,CE,511.07,520.1,508.24,511.53,297,61326,0.145
2025-08-25 09:15:00,24050,PE,404.61,402.8,398.94,402.68,1084,62869,0.1461
2025-08-25 09:15:00,24100,CE,506.24,509.21,496.1,505.64,690,69984,0.1468
2025-08-25 09:15:00,24100,PE,408.75,417.58,403.9,409.01,283,64555,0.1455
2025-08-25 09:15:00,24150,CE,449.71,453.71,449.89,453.35,641,73930,0.1466
2025-08-25 09:15:00,24150,PE,402.95,407.03,401.83,404.62,1489,73395,0.1459
2025-08-25 09:15:00,24200,CE,406.19,403.67,401.7,401.72,954,85199,0.1454
2025-08-25 09:15:00,24200,PE,413.31,418.12,407.03,409.56,221,80838,0.1505
2025-08-25 09:15:00,24250,CE,373.25,378.97,372.22,378.77,839,75870,0.1434
2025-08-25 09:15:00,24250,PE,454.35,461.84,456.62,460.41,48,70578,0.1433
2025-08-25 09:15:00,24300,CE,393.26,402.21,390.59,397.25,1206,66142,0.1457
2025-08-25 09:15:00,24300,PE,531.97,537.88,528.34,531.31,919,64180,0.1445
2025-08-25 09:15:00,24350,CE,393.65,398.16,389.15,389.15,372,58967,0.1423
2025-08-25 09:15:00,24350,PE,546.21,549.76,547.05,547.47,261,58795,0.1463
2025-08-25 09:15:00,24400,CE,402.09,401.19,397.91,400.44,986,55387,0.1457
2025-08-25 09:15:00,24400,PE,553.17,553.51,550.03,552.27,900,53873,0.1425
2025-08-25 09:15:00,24450,CE,394.63,394.67,390.09,393.08,740,49027,0.1483
2025-08-25 09:15:00,24450,PE,647.14,656.78,654.87,655.73,583,50881,0.1434
2025-08-25 09:15:00,24500,CE,388.85,395.45,388.71,389.56,708,48322,0.1421
2025-08-25 09:15:00,24500,PE,684.98,698.74,683.99,692.41,102,47531,0.145
2025-08-25 09:15:00,24550,CE,383.58,392.57,385.65,385.9,563,43980,0.1435
2025-08-25 09:15:00,24550,PE,734.09,727.74,721.39,725.51,24,42486,0.1415
2025-08-25 09:15:00,24600,CE,403.28,424.44,405.86,407.96,702,42173,0.1461
2025-08-25 09:15:00,24600,PE,788.27,795.13,789.78,791.1,177,39689,0.1433
2025-08-25 09:15:00,24650,CE,414.34,411.92,404.52,407.93,590,39908,0.1456
2025-08-25 09:15:00,24650,PE,849.17,853.32,839.76,851.14,233,39144,0.1426
2025-08-25 09:15:00,24700,CE,367.64,372.87,368.79,369.61,534,33066,0.1456
2025-08-25 09:15:00,24700,PE,933.53,919.74,910.02,919.5,30,32446,0.1422
2025-08-25 09:15:00,24750,CE,387.13,384.08,382.07,383.7,95,34684,0.1437
2025-08-25 09:15:00,24750,PE,950.87,964.51,960.43,960.5,239,34354,0.1467
2025-08-25 09:15:00,24800,CE,430.5,429.09,422.25,427.63,59,32126,0.1461
2025-08-25 09:15:00,24800,PE,981.61,991.72,976.2,977.26,423,34371,0.1436
2025-08-25 09:15:00,24850,CE,373.52,379.13,371.29,373.15,176,30231,0.1459
2025-08-25 09:15:00,24850,PE,1022.07,1038.91,1015.62,1022.16,263,29046,0.1434
2025-08-25 09:15:00,24900,CE,374.15,379.21,369.37,372.32,328,28939,0.1425
2025-08-25 09:15:00,24900,PE,1152.41,1129.59,1123.54,1129.06,424,25720,0.1489
2025-08-25 09:20:00,23500,CE,1059.42,1088.91,1048.74,1070.38,122,31508,0.1479
2025-08-25 09:20:00,23500,PE,409.72,412.96,406.72,407.71,302,30145,0.1445
2025-08-25 09:20:00,23550,CE,998.51,1001.15,989.28,998.15,373,30483,0.1439
2025-08-25 09:20:00,23550,PE,392.78,400.64,392.97,393.99,272,28634,0.1469
2025-08-25 09:20:00,23600,CE,951.06,972.21,942.65,953.22,508,32691,0.1476
2025-08-25 09:20:00,23600,PE,400.42,402.87,395.18,397.12,282,30698,0.1425
2025-08-25 09:20:00,23650,CE,920.02,925.43,915.54,918.45,139,32482,0.1444
2025-08-25 09:20:00,23650,PE,380.89,382.26,379.13,380.11,216,34507,0.1442
2025-08-25 09:20:00,23700,CE,860.02,867.44,856.33,861.47,34,32667,0.1415
2025-08-25 09:20:00,23700,PE,385.45,388.57,380.39,381.56,625,34023,0.146
2025-08-25 09:20:00,23750,CE,801.68,805.88,796.23,803.44,32,38579,0.1451
2025-08-25 09:20:00,23750,PE,378.4,385.13,375.37,380.27,55,37762,0.1433
2025-08-25 09:20:00,23800,CE,791.13,812.07,787.64,799.97,155,37989,0.1468
2025-08-25 09:20:00,23800,PE,355.0,360.33,347.89,355.03,449,37218,0.1452
2025-08-25 09:20:00,23850,CE,736.79,745.26,723.63,734.48,537,42443,0.1459
2025-08-25 09:20:00,23850,PE,387.34,390.84,387.99,388.83,763,43873,0.1441
2025-08-25 09:20:00,23900,CE,677.33,673.38,667.25,672.34,863,47120,0.1477
2025-08-25 09:20:00,23900,PE,414.64,425.74,416.83,419.88,74,44963,0.1496
2025-08-25 09:20:00,23950,CE,621.31,636.45,627.77,630.91,561,50598,0.1458
2025-08-25 09:20:00,23950,PE,379.53,380.88,369.73,377.51,613,53196,0.145
2025-08-25 09:20:00,24000,CE,573.74,578.77,569.99,575.0,587,55791,0.1451
2025-08-25 09:20:00,24000,PE,410.91,412.12,400.42,407.95,47,55183,0.143
2025-08-25 09:20:00,24050,CE,506.05,519.94,499.21,510.19,86,60861,0.1465
2025-08-25 09:20:00,24050,PE,378.27,376.07,373.81,374.39,273,63206,0.145
2025-08-25 09:20:00,24100,CE,475.08,479.68,471.07,474.99,586,69440,0.1423
2025-08-25 09:20:00,24100,PE,388.45,396.85,384.49,387.53,1041,64607,0.144
2025-08-25 09:20:00,24150,CE,426.03,429.63,425.55,427.84,250,74004,0.1433
2025-08-25 09:20:00,24150,PE,359.25,358.16,356.39,358.12,420,73558,0.1428
2025-08-25 09:20:00,24200,CE,383.46,384.36,375.78,383.88,1608,84977,0.1465
2025-08-25 09:20:00,24200,PE,421.06,428.59,416.09,417.72,1270,80266,0.1485
2025-08-25 09:20:00,24250,CE,403.77,407.15,402.31,405.42,604,76336,0.1465
2025-08-25 09:20:00,24250,PE,482.59,489.79,485.71,487.29,130,71093,0.1477
2025-08-25 09:20:00,24300,CE,386.89,393.45,386.71,390.17,137,66120,0.1458
2025-08-25 09:20:00,24300,PE,516.17,516.67,498.36,513.18,246,63604,0.1451
2025-08-25 09:20:00,24350,CE,399.96,401.44,392.81,394.31,404,59064,0.1472
2025-08-25 09:20:00,24350,PE,554.53,552.47,544.44,552.12,816,58574,0.1433
2025-08-25 09:20:00,24400,CE,389.19,400.57,387.89,389.26,505,55005,0.1462
2025-08-25 09:20:00,24400,PE,594.09,606.51,591.5,595.61,741,53475,0.1453
2025-08-25 09:20:00,24450,CE,362.06,362.27,358.82,361.15,792,48642,0.1449
2025-08-25 09:20:00,24450,PE,646.5,646.24,642.58,644.68,614,50678,0.1441
2025-08-25 09:20:00,24500,CE,405.99,404.45,397.58,403.85,837,48058,0.146
2025-08-25 09:20:00,24500,PE,703.84,711.16,701.42,706.25,798,47934,0.1434
2025-08-25 09:20:00,24550,CE,398.35,399.74,391.69,399.23,369,43974,0.1409
2025-08-25 09:20:00,24550,PE,742.74,752.56,740.44,742.11,282,42399,0.1463
2025-08-25 09:20:00,24600,CE,374.68,383.18,379.13,379.18,341,41748,0.1437
2025-08-25 09:20:00,24600,PE,799.8,817.92,807.0,808.37,240,40140,0.1472
2025-08-25 09:20:00,24650,CE,394.42,399.25,395.2,396.3,657,39373,0.1448
2025-08-25 09:20:00,24650,PE,852.88,861.26,853.67,854.78,494,38831,0.1462
2025-08-25 09:20:00,24700,CE,373.65,377.55,373.17,374.53,414,33211,0.1445
2025-08-25 09:20:00,24700,PE,926.76,946.31,930.5,936.15,553,32688,0.1451
2025-08-25 09:20:00,24750,CE,379.93,381.41,379.64,380.27,488,35045,0.1454
2025-08-25 09:20:00,24750,PE,950.82,972.49,944.55,946.13,386,34246,0.1443
2025-08-25 09:20:00,24800,CE,394.03,395.02,393.02,393.45,194,31942,0.1428
2025-08-25 09:20:00,24800,PE,1021.63,1038.0,1005.26,1017.12,206,34117,0.1462
2025-08-25 09:20:00,24850,CE,354.51,360.41,350.84,354.83,170,30312,0.1427
2025-08-25 09:20:00,24850,PE,1090.52,1107.04,1078.95,1090.67,149,28864,0.1463
2025-08-25 09:20:00,24900,CE,405.21,405.62,398.39,400.78,358,28732,0.1452
2025-08-25 09:20:00,24900,PE,1121.07,1118.06,1098.46,1111.63,60,25140,0.1455
2025-08-25 09:25:00,23500,CE,1089.49,1102.0,1083.46,1088.7,383,32045,0.1455
2025-08-25 09:25:00,23500,PE,404.7,405.56,400.35,403.99,343,29617,0.1479
2025-08-25 09:25:00,23550,CE,1083.73,1079.56,1057.49,1071.75,299,30208,0.1473
2025-08-25 09:25:00,23550,PE,401.34,404.95,398.9,401.77,174,29139,0.1444
2025-08-25 09:25:00,23600,CE,1003.82,1024.61,1005.31,1010.8,458,32973,0.1424
2025-08-25 09:25:00,23600,PE,385.55,393.7,385.96,389.59,282,30791,0.146
2025-08-25 09:25:00,23650,CE,950.39,953.31,938.99,950.86,538,32674,0.1456
2025-08-25 09:25:00,23650,PE,358.19,357.07,351.04,355.83,343,34023,0.146
2025-08-25 09:25:00,23700,CE,893.31,913.94,890.13,898.59,620,33037,0.1415
2025-08-25 09:25:00,23700,PE,392.52,402.14,389.43,390.35,233,33723,0.1452
2025-08-25 09:25:00,23750,CE,858.09,867.05,860.56,863.72,643,39126,0.1497
2025-08-25 09:25:00,23750,PE,391.83,398.41,395.35,397.27,285,37439,0.1483
2025-08-25 09:25:00,23800,CE,813.16,815.0,802.55,805.88,570,38139,0.1459
2025-08-25 09:25:00,23800,PE,409.89,415.02,407.34,413.75,642,37272,0.1453
2025-08-25 09:25:00,23850,CE,798.6,804.34,796.12,800.56,428,42014,0.1483
2025-08-25 09:25:00,23850,PE,386.03,392.58,388.55,389.75,467,43708,0.1452
2025-08-25 09:25:00,23900,CE,716.42,720.04,715.8,716.32,181,47457,0.143
2025-08-25 09:25:00,23900,PE,393.16,392.38,388.44,388.89,296,44618,0.1442
2025-08-25 09:25:00,23950,CE,654.99,662.51,657.59,659.01,870,51153,0.1484
2025-08-25 09:25:00,23950,PE,356.9,359.85,353.47,356.25,455,52950,0.1452
2025-08-25 09:25:00,24000,CE,602.03,629.95,605.32,607.95,174,55943,0.1471
2025-08-25 09:25:00,24000,PE,415.63,413.55,411.01,411.97,614,55325,0.1452
2025-08-25 09:25:00,24050,CE,580.81,584.96,579.44,580.08,852,60825,0.1486
2025-08-25 09:25:00,24050,PE,404.35,412.97,404.24,408.48,761,63392,0.1448
2025-08-25 09:25:00,24100,CE,494.85,498.57,495.55,495.56,993,69732,0.1441
2025-08-25 09:25:00,24100,PE,381.87,392.11,381.77,385.12,64,64749,0.1455
2025-08-25 09:25:00,24150,CE,465.24,467.98,461.67,465.57,1385,74075,0.1435
2025-08-25 09:25:00,24150,PE,396.06,407.23,392.77,394.88,762,73685,0.1457
2025-08-25 09:25:00,24200,CE,442.87,445.41,436.77,443.96,938,84859,0.1472
2025-08-25 09:25:00,24200,PE,430.14,440.3,432.28,432.49,1644,79751,0.1458
2025-08-25 09:25:00,24250,CE,385.15,392.01,377.23,384.35,1346,75927,0.1469
2025-08-25 09:25:00,24250,PE,424.86,424.03,422.12,423.29,361,71221,0.1452
2025-08-25 09:25:00,24300,CE,379.28,387.24,381.4,384.7,910,66632,0.1434
2025-08-25 09:25:00,24300,PE,462.46,471.71,460.89,463.64,432,63034,0.1457
2025-08-25 09:25:00,24350,CE,405.4,406.39,397.64,402.3,331,59116,0.1423
2025-08-25 09:25:00,24350,PE,513.92,521.63,514.74,515.25,455,58276,0.1426
2025-08-25 09:25:00,24400,CE,369.03,375.02,370.28,374.5,1008,55079,0.144
2025-08-25 09:25:00,24400,PE,551.75,568.73,545.86,552.65,746,53774,0.1439
2025-08-25 09:25:00,24450,CE,404.26,405.15,404.39,405.08,416,48924,0.1449
2025-08-25 09:25:00,24450,PE,602.23,605.12,594.82,596.23,957,50947,0.1446
2025-08-25 09:25:00,24500,CE,400.26,408.5,401.3,402.05,278,48392,0.1471
2025-08-25 09:25:00,24500,PE,672.13,667.98,659.69,661.98,224,47421,0.1436
2025-08-25 09:25:00,24550,CE,381.33,383.58,379.68,382.78,375,43985,0.1459
2025-08-25 09:25:00,24550,PE,725.56,735.91,728.32,728.57,396,42113,0.1436
2025-08-25 09:25:00,24600,CE,392.26,395.44,388.05,391.71,218,42253,0.1443
2025-08-25 09:25:00,24600,PE,788.31,791.76,772.92,779.77,232,40479,0.1424
2025-08-25 09:25:00,24650,CE,393.62,400.47,392.08,394.84,191,38902,0.1465
2025-08-25 09:25:00,24650,PE,842.48,858.52,839.9,843.34,55,38522,0.1464
2025-08-25 09:25:00,24700,CE,411.15,414.33,406.0,406.64,560,33157,0.1421
2025-08-25 09:25:00,24700,PE,878.21,877.91,861.43,875.09,464,33243,0.1456
2025-08-25 09:25:00,24750,CE,387.06,386.57,381.25,382.85,39,34576,0.146
2025-08-25 09:25:00,24750,PE,923.42,926.18,916.62,922.62,573,34327,0.1447
2025-08-25 09:25:00,24800,CE,401.87,409.74,400.96,403.33,365,31751,0.1462
2025-08-25 09:25:00,24800,PE,948.61,964.2,947.12,959.15,485,34292,0.1444
2025-08-25 09:25:00,24850,CE,362.57,366.24,362.68,365.34,149,30490,0.1393
2025-08-25 09:25:00,24850,PE,1022.49,1052.82,1012.12,1019.36,11,28552,0.1461
2025-08-25 09:25:00,24900,CE,388.33,392.01,386.29,386.62,113,29074,0.1458
2025-08-25 09:25:00,24900,PE,1067.26,1058.08,1048.81,1056.34,387,24649,0.1433
2025-08-25 09:30:00,23500,CE,1062.57,1063.59,1050.99,1052.44,481,32426,0.1458
2025-08-25 09:30:00,23500,PE,396.86,393.94,389.06,393.82,235,29271,0.1437
2025-08-25 09:30:00,23550,CE,1006.47,1011.88,1000.48,1010.79,240,30315,0.146
2025-08-25 09:30:00,23550,PE,401.6,402.54,395.06,398.7,356,28955,0.1453
2025-08-25 09:30:00,23600,CE,971.44,965.14,950.47,960.94,68,33104,0.1425
2025-08-25 09:30:00,23600,PE,395.47,411.33,390.37,396.45,421,30511,0.1418
2025-08-25 09:30:00,23650,CE,932.76,940.88,922.73,930.9,406,32756,0.1485
2025-08-25 09:30:00,23650,PE,406.74,413.67,407.56,408.38,321,33432,0.1465
2025-08-25 09:30:00,23700,CE,873.72,878.69,875.6,877.09,214,32886,0.1472
2025-08-25 09:30:00,23700,PE,368.28,377.0,369.9,370.04,562,34114,0.1424
2025-08-25 09:30:00,23750,CE,798.21,803.1,795.99,798.53,631,39081,0.1453
2025-08-25 09:30:00,23750,PE,364.97,364.73,362.78,363.27,243,37438,0.1413
2025-08-25 09:30:00,23800,CE,781.46,806.84,777.06,777.48,618,38284,0.1458
2025-08-25 09:30:00,23800,PE,383.98,387.54,383.11,385.34,472,37193,0.1455
2025-08-25 09:30:00,23850,CE,690.27,702.59,688.2,695.06,590,42454,0.1434
2025-08-25 09:30:00,23850,PE,408.56,418.62,412.18,412.3,567,43591,0.1484
2025-08-25 09:30:00,23900,CE,661.05,658.43,654.95,657.6,775,47988,0.1418
2025-08-25 09:30:00,23900,PE,406.5,409.19,402.81,403.38,735,45070,0.1505
2025-08-25 09:30:00,23950,CE,611.77,623.62,615.05,618.62,281,51058,0.1454
2025-08-25 09:30:00,23950,PE,387.01,389.5,380.75,382.78,265,52788,0.1407
2025-08-25 09:30:00,24000,CE,567.82,587.47,564.92,570.92,832,56154,0.1485
2025-08-25 09:30:00,24000,PE,353.66,356.09,352.19,355.92,21,55631,0.1424
2025-08-25 09:30:00,24050,CE,495.96,492.15,490.51,491.73,260,60448,0.1457
2025-08-25 09:30:00,24050,PE,368.44,365.47,356.93,363.97,700,63081,0.1438
2025-08-25 09:30:00,24100,CE,470.92,470.36,464.95,469.2,1403,69307,0.1484
2025-08-25 09:30:00,24100,PE,379.47,380.16,376.11,378.16,241,65061,0.1424
2025-08-25 09:30:00,24150,CE,358.9,364.23,358.58,360.63,508,74332,0.144
2025-08-25 09:30:00,24150,PE,427.59,430.34,424.02,426.39,1171,73311,0.1449
2025-08-25 09:30:00,24200,CE,385.76,387.09,380.19,386.25,939,84903,0.1462
2025-08-25 09:30:00,24200,PE,391.5,400.01,396.08,397.77,175,80068,0.1425
2025-08-25 09:30:00,24250,CE,363.34,373.66,358.8,363.61,1185,76463,0.1443
2025-08-25 09:30:00,24250,PE,481.11,485.89,465.88,471.9,141,70835,0.1426
2025-08-25 09:30:00,24300,CE,392.05,398.15,392.45,396.09,1003,66397,0.1473
2025-08-25 09:30:00,24300,PE,528.64,531.19,526.59,527.54,765,62852,0.1437
2025-08-25 09:30:00,24350,CE,427.25,431.54,415.11,422.61,249,59265,0.1469
2025-08-25 09:30:00,24350,PE,569.88,574.74,566.09,571.52,236,57839,0.1465
2025-08-25 09:30:00,24400,CE,370.97,378.08,371.52,375.1,524,54711,0.141
2025-08-25 09:30:00,24400,PE,636.64,648.54,634.23,634.43,200,54110,0.1498
2025-08-25 09:30:00,24450,CE,391.73,396.37,395.27,395.55,476,48974,0.1474
2025-08-25 09:30:00,24450,PE,670.14,678.33,660.76,672.21,139,50539,0.145
2025-08-25 09:30:00,24500,CE,413.07,415.13,413.47,414.01,327,48258,0.1461
2025-08-25 09:30:00,24500,PE,719.53,721.62,701.56,716.39,376,46982,0.1455
2025-08-25 09:30:00,24550,CE,385.09,391.48,383.37,383.48,679,43820,0.144
2025-08-25 09:30:00,24550,PE,773.74,781.73,774.11,778.45,618,41993,0.1471
2025-08-25 09:30:00,24600,CE,368.91,376.99,369.25,373.05,337,41787,0.1474
2025-08-25 09:30:00,24600,PE,826.9,837.88,820.28,826.68,478,39950,0.1431
2025-08-25 09:30:00,24650,CE,379.74,381.33,373.13,377.52,492,39359,0.1425
2025-08-25 09:30:00,24650,PE,887.38,882.19,875.75,877.37,244,38987,0.1467
2025-08-25 09:30:00,24700,CE,387.79,385.7,382.95,383.75,432,32560,0.1431
2025-08-25 09:30:00,24700,PE,924.25,929.66,917.64,927.16,133,33412,0.1455
2025-08-25 09:30:00,24750,CE,383.69,394.04,389.02,390.97,409,34088,0.1434
2025-08-25 09:30:00,24750,PE,977.7,981.71,963.42,972.91,399,34699,0.1447
2025-08-25 09:30:00,24800,CE,383.59,389.92,382.26,382.98,58,32206,0.1435
2025-08-25 09:30:00,24800,PE,1046.53,1072.81,1028.0,1036.08,296,34431,0.1459
2025-08-25 09:30:00,24850,CE,359.87,363.02,355.93,359.71,34,30625,0.1449
2025-08-25 09:30:00,24850,PE,1083.93,1109.87,1065.04,1089.96,240,28397,0.1449
2025-08-25 09:30:00,24900,CE,389.04,390.12,385.76,386.73,387,28773,0.1446
2025-08-25 09:30:00,24900,PE,1136.75,1160.24,1130.49,1144.23,37,24648,0.1493
2025-08-25 09:35:00,23500,CE,1112.64,1121.58,1094.48,1103.09,379,31986,0.1469
2025-08-25 09:35:00,23500,PE,361.09,363.36,359.26,362.05,499,29477,0.1481
2025-08-25 09:35:00,23550,CE,1073.98,1096.11,1077.42,1081.59,499,30279,0.1475
2025-08-25 09:35:00,23550,PE,381.14,387.07,382.16,384.29,73,28568,0.1489
2025-08-25 09:35:00,23600,CE,1026.16,1041.78,1022.82,1027.34,287,33209,0.1481
2025-08-25 09:35:00,23600,PE,376.07,371.95,369.24,370.09,416,30865,0.1431
2025-08-25 09:35:00,23650,CE,952.88,958.99,943.64,957.62,458,32862,0.1475
2025-08-25 09:35:00,23650,PE,406.65,417.82,409.95,411.03,20,33467,0.1477
2025-08-25 09:35:00,23700,CE,914.35,924.84,903.04,907.97,523,33303,0.1468
2025-08-25 09:35:00,23700,PE,383.39,393.08,386.68,390.06,532,33526,0.1469
2025-08-25 09:35:00,23750,CE,825.51,827.03,819.98,821.72,301,39221,0.1466
2025-08-25 09:35:00,23750,PE,401.75,402.77,397.74,400.18,176,37329,0.1452
2025-08-25 09:35:00,23800,CE,788.85,795.73,793.21,793.57,81,37916,0.1458
2025-08-25 09:35:00,23800,PE,393.04,394.1,390.16,393.87,16,37768,0.1452
2025-08-25 09:35:00,23850,CE,742.21,743.16,737.79,741.18,677,42338,0.1454
2025-08-25 09:35:00,23850,PE,387.0,389.38,383.35,387.51,16,43393,0.1466
2025-08-25 09:35:00,23900,CE,681.61,694.28,689.92,692.03,378,47590,0.1465
2025-08-25 09:35:00,23900,PE,388.33,394.06,390.79,391.62,569,45667,0.1482
2025-08-25 09:35:00,23950,CE,673.16,672.02,659.64,664.59,789,51485,0.1477
2025-08-25 09:35:00,23950,PE,407.74,412.9,402.94,405.8,777,52271,0.1458
2025-08-25 09:35:00,24000,CE,585.05,592.78,586.47,588.9,575,56232,0.1425
2025-08-25 09:35:00,24000,PE,363.03,375.09,365.87,367.18,118,55207,0.1434
2025-08-25 09:35:00,24050,CE,529.02,538.61,527.21,528.66,656,60706,0.1437
2025-08-25 09:35:00,24050,PE,396.23,394.48,390.49,391.3,254,63061,0.1457
2025-08-25 09:35:00,24100,CE,465.42,480.04,459.28,467.14,117,68839,0.1424
2025-08-25 09:35:00,24100,PE,403.31,404.04,396.91,402.49,760,65129,0.1446
2025-08-25 09:35:00,24150,CE,465.11,465.97,456.63,463.63,1122,74824,0.1461
2025-08-25 09:35:00,24150,PE,414.02,417.32,412.96,414.29,302,73120,0.1484
2025-08-25 09:35:00,24200,CE,380.12,392.27,379.77,381.13,1500,84363,0.1458
2025-08-25 09:35:00,24200,PE,412.84,412.88,408.37,412.81,1453,80602,0.1461
2025-08-25 09:35:00,24250,CE,388.77,390.9,379.44,386.32,178,76033,0.1454
2025-08-25 09:35:00,24250,PE,404.95,412.34,400.29,405.89,1078,70805,0.1463
2025-08-25 09:35:00,24300,CE,392.99,393.7,386.18,392.04,1335,66450,0.1474
2025-08-25 09:35:00,24300,PE,492.59,500.02,494.12,494.94,893,62536,0.144
2025-08-25 09:35:00,24350,CE,397.59,403.87,397.06,397.74,399,58877,0.1443
2025-08-25 09:35:00,24350,PE,529.75,534.95,518.21,527.81,191,57374,0.1462
2025-08-25 09:35:00,24400,CE,407.89,408.91,397.35,403.49,952,54194,0.1449
2025-08-25 09:35:00,24400,PE,580.64,592.9,581.3,584.55,558,54119,0.144
2025-08-25 09:35:00,24450,CE,380.4,380.19,372.53,374.45,68,49384,0.1455
2025-08-25 09:35:00,24450,PE,606.51,609.88,593.74,607.66,489,50091,0.1453
2025-08-25 09:35:00,24500,CE,403.3,407.61,400.1,401.04,125,48498,0.1459
2025-08-25 09:35:00,24500,PE,676.78,686.31,673.59,678.12,549,46877,0.1464
2025-08-25 09:35:00,24550,CE,375.56,373.24,365.3,368.21,334,43262,0.1451
2025-08-25 09:35:00,24550,PE,723.06,743.53,719.15,729.14,38,42036,0.1455
2025-08-25 09:35:00,24600,CE,375.71,377.78,370.4,374.12,279,41489,0.1423
2025-08-25 09:35:00,24600,PE,761.98,758.72,747.16,758.38,290,40076,0.1461
2025-08-25 09:35:00,24650,CE,365.89,365.81,361.67,363.76,211,39178,0.1433
2025-08-25 09:35:00,24650,PE,820.82,837.35,823.55,827.5,204,39186,0.1437
2025-08-25 09:35:00,24700,CE,389.88,395.78,389.43,394.1,45,33062,0.144
2025-08-25 09:35:00,24700,PE,864.19,871.52,869.63,870.53,364,33105,0.1445
2025-08-25 09:35:00,24750,CE,385.47,394.05,382.25,387.28,465,34615,0.1453
2025-08-25 09:35:00,24750,PE,925.89,951.51,939.69,940.24,45,34344,0.1474
2025-08-25 09:35:00,24800,CE,376.96,378.01,377.29,377.84,90,31690,0.146
2025-08-25 09:35:00,24800,PE,959.02,992.67,947.89,961.42,427,34062,0.1396
2025-08-25 09:35:00,24850,CE,350.41,353.65,349.63,350.96,213,31002,0.1429
2025-08-25 09:35:00,24850,PE,1013.48,1027.09,1005.54,1016.63,335,28610,0.1446
2025-08-25 09:35:00,24900,CE,387.55,384.33,376.16,383.39,57,29338,0.1453
2025-08-25 09:35:00,24900,PE,1081.5,1093.3,1064.88,1082.14,50,24899,0.1461
2025-08-25 09:40:00,23500,CE,1108.34,1120.52,1097.45,1108.98,325,31881,0.144
2025-08-25 09:40:00,23500,PE,398.59,405.71,393.99,399.11,424,29947,0.1453
2025-08-25 09:40:00,23550,CE,1043.39,1064.34,1050.78,1054.72,45,30828,0.1409
2025-08-25 09:40:00,23550,PE,378.72,385.29,378.15,381.46,134,28917,0.1453
2025-08-25 09:40:00,23600,CE,1040.87,1040.31,1017.54,1033.3,462,33276,0.1478
2025-08-25 09:40:00,23600,PE,430.37,432.25,427.04,431.17,486,31255,0.15
2025-08-25 09:40:00,23650,CE,938.25,946.31,935.2,941.03,315,32476,0.1481
2025-08-25 09:40:00,23650,PE,389.67,391.57,387.81,388.25,264,33947,0.1448
2025-08-25 09:40:00,23700,CE,895.46,891.73,885.84,886.64,136,33902,0.1434
2025-08-25 09:40:00,23700,PE,377.85,381.59,378.31,378.57,123,33724,0.1455
2025-08-25 09:40:00,23750,CE,869.53,872.34,870.79,871.72,436,38856,0.1481
2025-08-25 09:40:00,23750,PE,374.7,378.06,373.52,378.03,324,36902,0.1426
2025-08-25 09:40:00,23800,CE,844.13,848.5,834.9,840.47,271,38467,0.15
2025-08-25 09:40:00,23800,PE,384.14,389.02,387.06,388.79,50,38213,0.1445
2025-08-25 09:40:00,23850,CE,751.03,747.29,732.8,741.16,533,42636,0.1436
2025-08-25 09:40:00,23850,PE,396.2,392.06,387.91,388.83,229,43931,0.1463
2025-08-25 09:40:00,23900,CE,733.26,754.43,742.2,744.74,225,47594,0.1511
2025-08-25 09:40:00,23900,PE,390.53,388.82,387.21,388.7,44,46132,0.1479
2025-08-25 09:40:00,23950,CE,646.73,642.53,639.39,641.21,657,51080,0.1459
2025-08-25 09:40:00,23950,PE,383.51,384.0,382.51,383.53,617,51890,0.1446
2025-08-25 09:40:00,24000,CE,574.43,582.9,576.82,578.53,462,56246,0.1431
2025-08-25 09:40:00,24000,PE,401.36,413.63,402.32,405.8,951,55006,0.1457
2025-08-25 09:40:00,24050,CE,509.68,510.1,504.77,508.88,32,60625,0.1424
2025-08-25 09:40:00,24050,PE,377.16,383.0,375.32,379.19,1053,63418,0.1471
2025-08-25 09:40:00,24100,CE,476.28,487.48,471.37,472.44,95,68303,0.1412
2025-08-25 09:40:00,24100,PE,367.73,364.41,360.01,362.03,975,65394,0.1452
2025-08-25 09:40:00,24150,CE,475.99,483.72,467.22,473.37,830,74329,0.1436
2025-08-25 09:40:00,24150,PE,403.83,407.34,404.53,405.21,429,73537,0.1444
2025-08-25 09:40:00,24200,CE,383.84,386.97,379.38,382.27,264,84005,0.1463
2025-08-25 09:40:00,24200,PE,369.99,372.26,366.09,369.1,795,80883,0.1432
2025-08-25 09:40:00,24250,CE,378.56,382.51,376.22,380.2,1316,76143,0.144
2025-08-25 09:40:00,24250,PE,444.1,448.82,440.0,446.0,792,70667,0.1473
2025-08-25 09:40:00,24300,CE,398.57,402.56,399.08,402.4,81,66171,0.1443
2025-08-25 09:40:00,24300,PE,491.64,492.8,490.07,491.45,311,62004,0.1432
2025-08-25 09:40:00,24350,CE,346.56,351.84,340.64,344.47,900,58701,0.1436
2025-08-25 09:40:00,24350,PE,532.55,544.33,533.18,539.41,622,57014,0.1482
2025-08-25 09:40:00,24400,CE,404.76,399.0,397.19,398.99,641,53757,0.1471
2025-08-25 09:40:00,24400,PE,598.1,595.33,584.39,595.14,733,54405,0.1433
2025-08-25 09:40:00,24450,CE,382.13,382.09,372.67,381.54,312,49039,0.1448
2025-08-25 09:40:00,24450,PE,660.99,675.72,654.16,655.81,759,49758,0.1451
2025-08-25 09:40:00,24500,CE,393.13,398.57,395.95,397.29,169,48306,0.1476
2025-08-25 09:40:00,24500,PE,659.48,669.07,660.52,666.85,854,46832,0.1471
2025-08-25 09:40:00,24550,CE,404.77,416.5,407.36,408.96,222,43278,0.1443
2025-08-25 09:40:00,24550,PE,760.9,773.97,759.51,762.03,291,42233,0.1468
2025-08-25 09:40:00,24600,CE,397.78,409.39,398.82,402.82,336,41595,0.1464
2025-08-25 09:40:00,24600,PE,775.31,779.28,764.62,773.19,334,40054,0.1453
2025-08-25 09:40:00,24650,CE,406.99,415.78,407.46,407.69,318,39050,0.1446
2025-08-25 09:40:00,24650,PE,821.63,831.07,804.41,817.22,673,38904,0.1445
2025-08-25 09:40:00,24700,CE,355.55,353.71,350.05,351.69,527,33313,0.1428
2025-08-25 09:40:00,24700,PE,882.06,901.43,889.93,891.18,349,32886,0.1449
2025-08-25 09:40:00,24750,CE,400.34,410.8,404.73,406.05,301,35034,0.1462
2025-08-25 09:40:00,24750,PE,920.27,923.21,908.9,915.71,119,34447,0.1466
2025-08-25 09:40:00,24800,CE,402.56,404.44,400.17,403.95,443,31850,0.1449
2025-08-25 09:40:00,24800,PE,995.89,986.67,986.13,986.35,91,34072,0.1472
2025-08-25 09:40:00,24850,CE,391.37,394.72,388.07,389.72,107,31516,0.1438
2025-08-25 09:40:00,24850,PE,1032.98,1057.3,1032.21,1037.54,197,28515,0.1435
2025-08-25 09:40:00,24900,CE,398.17,405.24,394.72,397.68,445,29250,0.1465
2025-08-25 09:40:00,24900,PE,1080.85,1137.97,1101.48,1101.75,107,25370,0.1486
2025-08-25 09:45:00,23500,CE,1157.7,1165.82,1135.65,1144.72,316,32006,0.1505
2025-08-25 09:45:00,23500,PE,409.03,414.4,403.28,404.56,43,29885,0.148
2025-08-25 09:45:00,23550,CE,1095.2,1113.53,1089.01,1098.72,237,30542,0.1464
2025-08-25 09:45:00,23550,PE,391.38,393.6,392.12,392.25,290,28611,0.1465
2025-08-25 09:45:00,23600,CE,1039.98,1057.97,1043.73,1049.18,256,33637,0.144
2025-08-25 09:45:00,23600,PE,382.51,391.4,382.86,386.36,396,30990,0.1453
2025-08-25 09:45:00,23650,CE,988.24,1004.95,987.6,1000.23,124,31882,0.145
2025-08-25 09:45:00,23650,PE,382.3,391.69,386.54,387.96,201,33370,0.1441
2025-08-25 09:45:00,23700,CE,960.37,987.33,953.49,962.1,85,34476,0.1478
2025-08-25 09:45:00,23700,PE,387.43,392.66,390.51,390.61,514,33795,0.1446
2025-08-25 09:45:00,23750,CE,882.45,888.42,882.08,882.99,496,38842,0.1446
2025-08-25 09:45:00,23750,PE,396.78,397.99,391.53,395.7,387,37403,0.1434
2025-08-25 09:45:00,23800,CE,851.73,863.37,852.1,855.42,63,38289,0.1452
2025-08-25 09:45:00,23800,PE,396.43,396.14,393.3,395.53,90,38566,0.1478
2025-08-25 09:45:00,23850,CE,811.13,818.63,812.54,817.43,603,42902,0.1453
2025-08-25 09:45:00,23850,PE,392.97,401.29,395.62,396.46,449,43903,0.1455
2025-08-25 09:45:00,23900,CE,741.44,746.63,723.04,737.04,31,47923,0.1409
2025-08-25 09:45:00,23900,PE,369.89,364.67,360.04,364.12,706,46690,0.1475
2025-08-25 09:45:00,23950,CE,670.02,677.97,667.55,669.89,302,50720,0.1454
2025-08-25 09:45:00,23950,PE,394.38,398.59,393.11,395.89,565,51311,0.1431
2025-08-25 09:45:00,24000,CE,655.81,662.72,643.2,654.01,70,56631,0.1434
2025-08-25 09:45:00,24000,PE,396.9,394.78,382.9,391.56,897,54890,0.1457
2025-08-25 09:45:00,24050,CE,616.11,616.55,608.35,612.49,533,60678,0.1499
2025-08-25 09:45:00,24050,PE,390.36,387.33,383.13,386.33,157,63084,0.1451
2025-08-25 09:45:00,24100,CE,536.93,544.48,537.55,541.47,357,68713,0.1484
2025-08-25 09:45:00,24100,PE,379.92,383.61,374.72,377.81,515,65659,0.1441
2025-08-25 09:45:00,24150,CE,495.81,506.38,492.42,498.93,270,74873,0.1444
2025-08-25 09:45:00,24150,PE,362.95,363.87,360.57,361.43,1153,73507,0.141
2025-08-25 09:45:00,24200,CE,449.51,454.85,448.57,451.02,357,84576,0.145
2025-08-25 09:45:00,24200,PE,399.49,405.92,396.34,399.1,1215,80896,0.1462
2025-08-25 09:45:00,24250,CE,386.94,387.67,383.41,386.54,492,76288,0.143
2025-08-25 09:45:00,24250,PE,408.89,419.13,409.94,410.41,671,70875,0.1456
2025-08-25 09:45:00,24300,CE,420.5,425.23,415.22,419.59,1296,66158,0.1444
2025-08-25 09:45:00,24300,PE,417.99,425.84,412.98,416.57,99,62079,0.1453
2025-08-25 09:45:00,24350,CE,376.4,389.09,381.01,381.99,1156,58368,0.1442
2025-08-25 09:45:00,24350,PE,454.72,464.62,457.19,462.01,1290,56848,0.1401
2025-08-25 09:45:00,24400,CE,433.48,435.46,430.2,431.7,816,53999,0.1486
2025-08-25 09:45:00,24400,PE,544.49,551.3,543.21,546.02,231,53851,0.1463
2025-08-25 09:45:00,24450,CE,399.08,404.05,398.63,401.86,1005,49279,0.1451
2025-08-25 09:45:00,24450,PE,571.35,573.24,569.21,572.7,674,49522,0.1456
2025-08-25 09:45:00,24500,CE,405.95,408.48,401.55,403.27,117,48032,0.1468
2025-08-25 09:45:00,24500,PE,658.99,662.79,656.22,657.2,531,47064,0.1487
2025-08-25 09:45:00,24550,CE,394.95,398.69,392.59,394.16,288,42935,0.1456
2025-08-25 09:45:00,24550,PE,708.27,712.65,688.61,696.58,228,42787,0.1441
2025-08-25 09:45:00,24600,CE,377.03,387.27,378.33,379.4,511,42183,0.1456
2025-08-25 09:45:00,24600,PE,754.15,772.4,749.32,753.37,18,40003,0.1455
2025-08-25 09:45:00,24650,CE,383.46,383.74,380.57,382.49,346,38931,0.1451
2025-08-25 09:45:00,24650,PE,779.33,790.9,768.35,779.47,298,38398,0.143
2025-08-25 09:45:00,24700,CE,397.21,393.39,390.74,391.83,33,33646,0.1457
2025-08-25 09:45:00,24700,PE,870.55,870.69,867.9,868.78,311,32481,0.1453
2025-08-25 09:45:00,24750,CE,376.2,382.88,375.5,377.95,232,35553,0.1399
2025-08-25 09:45:00,24750,PE,881.57,889.74,876.14,881.94,308,35035,0.1435
2025-08-25 09:45:00,24800,CE,392.23,404.69,389.06,393.33,106,31396,0.1476
2025-08-25 09:45:00,24800,PE,932.99,941.81,937.9,940.45,347,34291,0.1455
2025-08-25 09:45:00,24850,CE,402.74,401.56,394.73,396.53,562,31475,0.1472
2025-08-25 09:45:00,24850,PE,975.45,995.74,968.14,969.56,122,28564,0.1443
2025-08-25 09:45:00,24900,CE,393.02,399.09,388.11,393.83,172,28865,0.1464
2025-08-25 09:45:00,24900,PE,1015.93,1046.28,997.07,1019.94,56,25638,0.1407
2025-08-25 09:50:00,23500,CE,1107.51,1104.34,1090.39,1102.63,322,31605,0.1433
2025-08-25 09:50:00,23500,PE,375.37,378.8,371.52,377.06,281,30347,0.1435
2025-08-25 09:50:00,23550,CE,1079.32,1077.72,1077.02,1077.07,429,30486,0.1444
2025-08-25 09:50:00,23550,PE,395.84,400.09,388.9,389.39,38,28772,0.1441
2025-08-25 09:50:00,23600,CE,1003.36,1005.9,993.13,1005.79,289,34143,0.1424
2025-08-25 09:50:00,23600,PE,376.84,375.24,369.54,375.0,309,31275,0.144
2025-08-25 09:50:00,23650,CE,977.09,988.48,975.35,976.89,313,31931,0.1471
2025-08-25 09:50:00,23650,PE,388.47,386.92,380.89,384.24,191,33253,0.1449
2025-08-25 09:50:00,23700,CE,941.26,939.53,937.14,938.18,190,34430,0.1452
2025-08-25 09:50:00,23700,PE,428.35,433.53,425.47,426.49,591,33605,0.1473
2025-08-25 09:50:00,23750,CE,842.3,840.33,831.02,838.34,312,39377,0.1432
2025-08-25 09:50:00,23750,PE,395.4,401.98,387.48,394.42,109,37106,0.144
2025-08-25 09:50:00,23800,CE,838.15,837.43,832.59,834.61,355,38180,0.1438
2025-08-25 09:50:00,23800,PE,367.34,369.41,364.28,365.63,249,38899,0.1432
2025-08-25 09:50:00,23850,CE,790.14,801.54,783.25,784.64,386,42739,0.1453
2025-08-25 09:50:00,23850,PE,409.24,418.45,408.21,410.47,371,44366,0.1453
2025-08-25 09:50:00,23900,CE,702.79,722.99,716.81,719.08,812,47614,0.1465
2025-08-25 09:50:00,23900,PE,367.52,371.05,364.53,366.1,46,46127,0.1477
2025-08-25 09:50:00,23950,CE,670.9,690.38,674.84,679.76,409,50874,0.1472
2025-08-25 09:50:00,23950,PE,384.03,390.4,379.43,381.57,60,51320,0.1456
2025-08-25 09:50:00,24000,CE,605.53,607.98,598.56,607.06,405,57150,0.1423
2025-08-25 09:50:00,24000,PE,409.63,412.94,407.68,408.16,603,54797,0.1462
2025-08-25 09:50:00,24050,CE,525.68,535.27,528.81,535.24,651,60240,0.143
2025-08-25 09:50:00,24050,PE,384.66,387.09,381.78,383.06,530,62879,0.1446
2025-08-25 09:50:00,24100,CE,515.17,518.44,509.86,515.55,239,68584,0.146
2025-08-25 09:50:00,24100,PE,390.65,391.63,390.25,391.07,795,65758,0.1466
2025-08-25 09:50:00,24150,CE,470.95,464.71,460.78,463.08,1356,74602,0.1438
2025-08-25 09:50:00,24150,PE,393.55,400.42,396.44,396.79,991,73567,0.1453
2025-08-25 09:50:00,24200,CE,394.02,393.27,387.2,393.21,1433,85065,0.1423
2025-08-25 09:50:00,24200,PE,371.46,370.85,368.17,369.24,1165,80804,0.1452
2025-08-25 09:50:00,24250,CE,398.17,406.36,403.39,404.71,901,76469,0.1434
2025-08-25 09:50:00,24250,PE,386.79,396.11,383.76,387.71,1347,70549,0.1386
2025-08-25 09:50:00,24300,CE,391.81,392.64,388.96,391.02,1249,66519,0.1473
2025-08-25 09:50:00,24300,PE,479.29,489.88,481.31,482.41,147,61802,0.1498
2025-08-25 09:50:00,24350,CE,398.47,394.26,388.9,392.23,310,58463,0.1468
2025-08-25 09:50:00,24350,PE,477.8,486.32,474.17,475.88,276,56608,0.1437
2025-08-25 09:50:00,24400,CE,388.45,394.08,386.91,387.57,224,53479,0.1446
2025-08-25 09:50:00,24400,PE,590.77,586.75,579.38,580.68,520,53634,0.141
2025-08-25 09:50:00,24450,CE,392.62,398.25,384.45,390.54,512,48933,0.1439
2025-08-25 09:50:00,24450,PE,595.05,605.27,589.41,597.75,297,49993,0.1435
2025-08-25 09:50:00,24500,CE,373.59,381.55,378.48,378.6,734,47751,0.1465
2025-08-25 09:50:00,24500,PE,665.66,675.48,663.98,671.33,159,47633,0.1439
2025-08-25 09:50:00,24550,CE,362.13,368.06,364.72,367.19,571,42925,0.1415
2025-08-25 09:50:00,24550,PE,687.81,694.59,683.16,694.56,586,42452,0.1452
2025-08-25 09:50:00,24600,CE,345.99,345.2,341.35,342.77,336,42052,0.1449
2025-08-25 09:50:00,24600,PE,772.42,787.33,763.88,768.2,557,39623,0.1445
2025-08-25 09:50:00,24650,CE,398.92,404.85,391.74,400.91,355,39331,0.1472
2025-08-25 09:50:00,24650,PE,804.1,809.6,806.01,807.64,149,37941,0.1461
2025-08-25 09:50:00,24700,CE,400.98,401.45,398.27,400.82,549,34094,0.1461
2025-08-25 09:50:00,24700,PE,855.27,860.83,852.54,856.19,293,31936,0.1451
2025-08-25 09:50:00,24750,CE,386.58,383.46,379.32,383.23,342,35312,0.1458
2025-08-25 09:50:00,24750,PE,927.66,949.51,937.58,941.73,371,34602,0.1427
2025-08-25 09:50:00,24800,CE,395.18,404.47,399.27,399.66,475,31618,0.1465
2025-08-25 09:50:00,24800,PE,948.86,951.58,936.08,948.83,382,34305,0.142
2025-08-25 09:50:00,24850,CE,374.83,375.81,366.08,374.5,129,32002,0.1438
2025-08-25 09:50:00,24850,PE,1039.73,1064.24,1029.41,1035.92,154,28403,0.1482
2025-08-25 09:50:00,24900,CE,402.87,406.56,402.13,406.04,487,28313,0.1443
2025-08-25 09:50:00,24900,PE,1051.08,1071.79,1045.61,1055.03,73,25951,0.1444
2025-08-25 09:55:00,23500,CE,1015.51,1006.95,1002.23,1003.0,205,31700,0.1451
2025-08-25 09:55:00,23500,PE,384.08,387.87,383.33,385.02,318,30739,0.1448
2025-08-25 09:55:00,23550,CE,989.04,995.16,983.92,987.41,359,30397,0.1452
2025-08-25 09:55:00,23550,PE,373.35,380.91,375.04,375.04,319,29057,0.1445
2025-08-25 09:55:00,23600,CE,955.43,958.28,948.06,951.22,236,33748,0.1459
2025-08-25 09:55:00,23600,PE,389.27,398.67,388.28,389.47,300,31874,0.1457
2025-08-25 09:55:00,23650,CE,877.14,904.8,877.8,886.47,82,31539,0.1445
2025-08-25 09:55:00,23650,PE,374.54,389.79,380.78,381.79,644,33648,0.1462
2025-08-25 09:55:00,23700,CE,820.64,841.55,830.62,838.32,91,34084,0.1449
2025-08-25 09:55:00,23700,PE,439.71,447.33,440.37,441.36,481,33944,0.1492
2025-08-25 09:55:00,23750,CE,778.68,786.56,774.09,783.44,549,39810,0.1473
2025-08-25 09:55:00,23750,PE,398.64,403.41,397.76,402.72,382,37557,0.1471
2025-08-25 09:55:00,23800,CE,710.08,733.26,713.29,723.92,484,38150,0.143
2025-08-25 09:55:00,23800,PE,403.65,411.67,396.64,404.58,516,38813,0.144
2025-08-25 09:55:00,23850,CE,698.69,703.13,681.51,691.97,535,43139,0.1476
2025-08-25 09:55:00,23850,PE,369.82,373.56,367.78,370.95,838,44461,0.1481
2025-08-25 09:55:00,23900,CE,643.89,652.8,643.55,650.84,21,47759,0.1472
2025-08-25 09:55:00,23900,PE,410.18,421.25,411.28,412.81,252,45810,0.1498
2025-08-25 09:55:00,23950,CE,591.09,596.8,592.09,592.6,935,50809,0.1481
2025-08-25 09:55:00,23950,PE,407.16,410.07,402.12,409.84,841,51163,0.1458
2025-08-25 09:55:00,24000,CE,528.29,542.39,526.44,528.65,726,57348,0.1446
2025-08-25 09:55:00,24000,PE,378.31,390.1,381.78,383.68,1060,54432,0.1437
2025-08-25 09:55:00,24050,CE,478.63,485.55,483.79,483.93,764,60126,0.1494
2025-08-25 09:55:00,24050,PE,385.32,382.86,379.79,381.69,634,63297,0.1456
2025-08-25 09:55:00,24100,CE,440.06,441.31,433.26,438.1,232,68639,0.1486
2025-08-25 09:55:00,24100,PE,387.22,391.53,383.01,385.34,617,66233,0.1451
2025-08-25 09:55:00,24150,CE,399.34,397.02,392.07,396.62,404,74281,0.1469
2025-08-25 09:55:00,24150,PE,387.35,397.13,380.65,386.04,186,73494,0.1468
2025-08-25 09:55:00,24200,CE,369.49,372.28,369.3,370.19,40,85065,0.1437
2025-08-25 09:55:00,24200,PE,443.46,444.37,437.49,443.42,353,80684,0.1429
2025-08-25 09:55:00,24250,CE,396.04,400.02,392.22,398.34,797,76690,0.1469
2025-08-25 09:55:00,24250,PE,492.6,488.14,485.78,487.64,99,70127,0.1458
2025-08-25 09:55:00,24300,CE,395.38,395.06,392.6,393.14,379,66542,0.1456
2025-08-25 09:55:00,24300,PE,553.75,556.45,544.35,551.22,1020,61368,0.1464
2025-08-25 09:55:00,24350,CE,381.34,391.24,377.99,381.33,86,58618,0.1413
2025-08-25 09:55:00,24350,PE,599.75,596.97,588.7,592.68,1012,57004,0.1464
2025-08-25 09:55:00,24400,CE,364.39,363.36,359.14,361.49,536,52902,0.1417
2025-08-25 09:55:00,24400,PE,616.18,624.16,611.79,614.01,546,53582,0.1451
2025-08-25 09:55:00,24450,CE,399.31,397.68,392.43,396.77,390,48924,0.1402
2025-08-25 09:55:00,24450,PE,701.6,706.09,685.3,696.11,486,50257,0.1436
2025-08-25 09:55:00,24500,CE,367.52,372.36,359.41,366.94,162,47240,0.1422
2025-08-25 09:55:00,24500,PE,717.78,728.57,721.38,722.05,53,47520,0.141
2025-08-25 09:55:00,24550,CE,405.73,400.97,399.86,400.5,377,43267,0.1419
2025-08-25 09:55:00,24550,PE,816.81,813.57,801.97,802.01,323,42490,0.1486
2025-08-25 09:55:00,24600,CE,367.99,368.25,366.87,367.14,665,42351,0.1431
2025-08-25 09:55:00,24600,PE,834.69,847.67,839.12,842.02,474,39459,0.1452
2025-08-25 09:55:00,24650,CE,383.21,385.51,382.33,383.87,105,39835,0.1443
2025-08-25 09:55:00,24650,PE,886.53,894.44,884.96,893.42,357,37433,0.1451
2025-08-25 09:55:00,24700,CE,401.16,403.66,391.89,398.31,294,33603,0.147
2025-08-25 09:55:00,24700,PE,932.66,940.48,937.77,939.42,588,31970,0.1461
2025-08-25 09:55:00,24750,CE,386.36,390.23,384.72,385.43,446,35276,0.1447
2025-08-25 09:55:00,24750,PE,1006.04,1007.57,994.04,1000.1,20,34768,0.1425
2025-08-25 09:55:00,24800,CE,376.44,379.78,376.19,377.64,352,31292,0.1461
2025-08-25 09:55:00,24800,PE,1012.25,1024.26,1008.25,1016.13,386,33976,0.1458
2025-08-25 09:55:00,24850,CE,336.05,344.77,338.12,340.24,354,32300,0.1425
2025-08-25 09:55:00,24850,PE,1112.48,1120.54,1099.53,1119.42,77,28153,0.1454
2025-08-25 09:55:00,24900,CE,393.53,402.16,386.3,395.34,85,28585,0.1466
2025-08-25 09:55:00,24900,PE,1119.41,1149.38,1134.02,1136.38,119,26119,0.1442
2025-08-25 10:00:00,23500,CE,1055.16,1052.85,1045.19,1050.07,223,31199,0.1418
2025-08-25 10:00:00,23500,PE,375.12,378.45,375.74,377.45,462,30992,0.1484
2025-08-25 10:00:00,23550,CE,1042.58,1028.02,1022.1,1026.9,150,30852,0.1444
2025-08-25 10:00:00,23550,PE,391.88,393.33,387.41,392.84,393,29436,0.1447
2025-08-25 10:00:00,23600,CE,959.64,983.97,953.6,958.96,111,33158,0.1443
2025-08-25 10:00:00,23600,PE,381.91,386.81,380.86,381.82,45,31921,0.1471
2025-08-25 10:00:00,23650,CE,902.77,914.34,894.93,895.42,489,32035,0.1464
2025-08-25 10:00:00,23650,PE,399.39,404.51,398.61,399.96,595,33766,0.1502
2025-08-25 10:00:00,23700,CE,897.83,889.61,879.32,889.51,420,33832,0.1457
2025-08-25 10:00:00,23700,PE,365.14,370.05,363.51,365.8,11,33577,0.1457
2025-08-25 10:00:00,23750,CE,804.26,817.26,803.17,812.04,50,40031,0.1433
2025-08-25 10:00:00,23750,PE,384.39,390.96,381.77,387.4,361,37882,0.1516
2025-08-25 10:00:00,23800,CE,781.27,795.87,773.53,777.14,123,38645,0.1432
2025-08-25 10:00:00,23800,PE,409.39,407.63,404.6,405.16,550,39299,0.1483
2025-08-25 10:00:00,23850,CE,727.72,733.99,725.91,732.31,538,42946,0.1479
2025-08-25 10:00:00,23850,PE,379.19,381.1,372.89,375.61,520,44585,0.1414
2025-08-25 10:00:00,23900,CE,658.53,666.43,649.73,663.0,174,47280,0.147
2025-08-25 10:00:00,23900,PE,411.17,418.09,415.29,416.83,588,45323,0.1466
2025-08-25 10:00:00,23950,CE,619.53,630.41,615.74,618.8,113,50294,0.1444
2025-08-25 10:00:00,23950,PE,414.33,414.75,410.31,412.56,619,51675,0.1477
2025-08-25 10:00:00,24000,CE,556.77,551.59,547.37,550.11,552,56930,0.1455
2025-08-25 10:00:00,24000,PE,396.73,401.09,397.81,398.01,569,54410,0.1437
2025-08-25 10:00:00,24050,CE,540.94,544.28,535.24,538.65,736,60045,0.149
2025-08-25 10:00:00,24050,PE,342.48,345.62,339.41,343.61,662,63086,0.1428
2025-08-25 10:00:00,24100,CE,504.19,513.41,504.65,512.83,1270,68684,0.1465
2025-08-25 10:00:00,24100,PE,389.85,393.63,390.98,392.95,451,65636,0.1439
2025-08-25 10:00:00,24150,CE,453.53,457.48,449.36,453.46,1113,74137,0.1492
2025-08-25 10:00:00,24150,PE,384.56,392.67,383.6,385.03,425,73469,0.1472
2025-08-25 10:00:00,24200,CE,376.04,382.46,379.06,380.95,826,85428,0.147
2025-08-25 10:00:00,24200,PE,383.37,388.14,382.21,384.49,921,80925,0.1409
2025-08-25 10:00:00,24250,CE,364.85,367.88,361.48,366.29,936,77109,0.1463
2025-08-25 10:00:00,24250,PE,462.07,465.11,453.62,458.78,31,69978,0.1469
2025-08-25 10:00:00,24300,CE,372.42,385.06,371.2,376.32,903,66111,0.1479
2025-08-25 10:00:00,24300,PE,505.64,511.48,501.51,507.12,566,61249,0.145
2025-08-25 10:00:00,24350,CE,377.88,390.22,383.77,384.08,901,59173,0.1468
2025-08-25 10:00:00,24350,PE,569.71,573.48,565.92,570.07,135,56661,0.1456
2025-08-25 10:00:00,24400,CE,369.91,375.29,369.1,370.69,780,52511,0.1444
2025-08-25 10:00:00,24400,PE,591.5,605.1,599.12,599.19,506,54115,0.1463
2025-08-25 10:00:00,24450,CE,387.91,398.08,382.06,389.63,889,49463,0.1457
2025-08-25 10:00:00,24450,PE,671.21,694.3,670.67,675.82,135,49836,0.1441
2025-08-25 10:00:00,24500,CE,404.6,419.96,400.66,401.44,158,47563,0.1477
2025-08-25 10:00:00,24500,PE,701.3,710.34,698.91,701.56,160,47435,0.1496
2025-08-25 10:00:00,24550,CE,378.56,377.09,375.69,376.93,633,43257,0.1452
2025-08-25 10:00:00,24550,PE,745.49,752.07,739.69,739.88,725,42488,0.1467
2025-08-25 10:00:00,24600,CE,403.9,408.36,402.26,403.76,279,42913,0.1445
2025-08-25 10:00:00,24600,PE,837.82,853.63,836.55,841.53,396,39080,0.1459
2025-08-25 10:00:00,24650,CE,373.51,379.09,370.26,373.1,427,40162,0.1436
2025-08-25 10:00:00,24650,PE,827.15,843.25,834.09,835.04,561,36839,0.1455
2025-08-25 10:00:00,24700,CE,366.14,369.06,358.3,366.64,76,33757,0.1424
2025-08-25 10:00:00,24700,PE,947.79,946.89,930.32,933.25,467,32153,0.1478
2025-08-25 10:00:00,24750,CE,385.3,394.14,387.6,391.46,231,35580,0.1436
2025-08-25 10:00:00,24750,PE,948.32,949.63,945.08,948.49,345,35279,0.1465
2025-08-25 10:00:00,24800,CE,393.87,401.31,397.17,398.51,210,31596,0.1461
2025-08-25 10:00:00,24800,PE,1014.42,1046.13,1012.14,1015.85,87,34254,0.1448
2025-08-25 10:00:00,24850,CE,379.66,387.37,380.08,380.37,388,32004,0.146
2025-08-25 10:00:00,24850,PE,1039.94,1044.4,1027.06,1043.28,40,28744,0.1418
2025-08-25 10:00:00,24900,CE,401.82,402.0,395.98,397.7,45,28547,0.1445
2025-08-25 10:00:00,24900,PE,1112.3,1094.56,1085.5,1089.36,8,26019,0.1416
2025-08-25 10:05:00,23500,CE,1081.49,1093.46,1076.4,1087.44,418,31201,0.1458
2025-08-25 10:05:00,23500,PE,398.3,404.83,401.07,403.22,128,30864,0.1451
2025-08-25 10:05:00,23550,CE,1026.8,1051.4,1021.64,1032.12,57,30964,0.1435
2025-08-25 10:05:00,23550,PE,400.22,412.02,405.16,407.64,11,29255,0.1497
2025-08-25 10:05:00,23600,CE,973.78,1008.64,984.26,988.31,43,32845,0.1457
2025-08-25 10:05:00,23600,PE,384.45,389.48,381.7,385.04,46,32434,0.1454
2025-08-25 10:05:00,23650,CE,950.75,967.78,956.65,957.63,465,32548,0.1459
2025-08-25 10:05:00,23650,PE,398.97,404.22,399.36,401.04,412,33761,0.1452
2025-08-25 10:05:00,23700,CE,899.65,911.03,877.57,898.65,119,34386,0.147
2025-08-25 10:05:00,23700,PE,365.96,368.85,359.72,362.43,586,33475,0.1404
2025-08-25 10:05:00,23750,CE,847.34,859.19,853.46,856.16,162,39895,0.1447
2025-08-25 10:05:00,23750,PE,348.98,348.93,345.71,348.43,275,38382,0.1448
2025-08-25 10:05:00,23800,CE,784.25,820.11,786.75,788.09,60,38804,0.1431
2025-08-25 10:05:00,23800,PE,343.32,344.54,342.58,342.78,564,39614,0.1455
2025-08-25 10:05:00,23850,CE,763.36,768.56,744.44,757.27,162,42841,0.1474
2025-08-25 10:05:00,23850,PE,385.91,398.39,389.79,390.76,278,44473,0.1441
2025-08-25 10:05:00,23900,CE,695.1,705.81,687.15,693.18,87,46779,0.1459
2025-08-25 10:05:00,23900,PE,399.29,403.93,398.93,400.21,34,45883,0.1491
2025-08-25 10:05:00,23950,CE,655.37,659.26,652.53,653.72,399,49967,0.1478
2025-08-25 10:05:00,23950,PE,386.9,386.61,384.18,386.14,750,51668,0.1457
2025-08-25 10:05:00,24000,CE,580.13,593.05,575.58,578.29,387,56467,0.1434
2025-08-25 10:05:00,24000,PE,370.2,379.46,373.8,375.12,409,54586,0.1419
2025-08-25 10:05:00,24050,CE,557.25,564.44,553.62,556.13,725,59914,0.1439
2025-08-25 10:05:00,24050,PE,392.06,395.14,390.9,391.22,714,63407,0.1419
2025-08-25 10:05:00,24100,CE,488.91,488.44,482.57,487.12,1213,68718,0.1437
2025-08-25 10:05:00,24100,PE,381.8,382.47,381.06,381.86,313,65191,0.1443
2025-08-25 10:05:00,24150,CE,419.31,426.98,415.92,417.57,257,73549,0.1398
2025-08-25 10:05:00,24150,PE,398.61,397.74,392.75,396.98,846,73123,0.146
2025-08-25 10:05:00,24200,CE,375.26,377.81,366.93,374.91,421,85697,0.1416
2025-08-25 10:05:00,24200,PE,391.11,394.48,392.53,392.74,582,81319,0.1478
2025-08-25 10:05:00,24250,CE,382.52,387.75,383.35,383.85,234,76918,0.1432
2025-08-25 10:05:00,24250,PE,423.35,425.15,423.47,424.58,104,70021,0.1467
2025-08-25 10:05:00,24300,CE,371.28,374.58,364.57,365.63,186,65799,0.1466
2025-08-25 10:05:00,24300,PE,507.35,514.49,501.0,507.42,994,61705,0.1457
2025-08-25 10:05:00,24350,CE,369.36,376.04,364.87,367.95,655,59731,0.1432
2025-08-25 10:05:00,24350,PE,537.33,547.95,539.59,541.76,901,56964,0.1463
2025-08-25 10:05:00,24400,CE,402.52,414.27,404.98,406.01,1049,52017,0.1477
2025-08-25 10:05:00,24400,PE,601.73,619.1,584.43,596.44,259,54039,0.1457
2025-08-25 10:05:00,24450,CE,385.0,387.43,376.77,383.73,598,50051,0.1434
2025-08-25 10:05:00,24450,PE,654.14,657.02,647.39,649.13,109,49511,0.1459
2025-08-25 10:05:00,24500,CE,387.69,398.06,391.25,393.16,270,47767,0.143
2025-08-25 10:05:00,24500,PE,676.23,691.46,679.39,681.93,832,47961,0.14
2025-08-25 10:05:00,24550,CE,394.09,398.8,394.69,396.17,604,43584,0.1464
2025-08-25 10:05:00,24550,PE,723.84,728.61,722.39,727.35,341,42618,0.1451
2025-08-25 10:05:00,24600,CE,395.37,393.76,392.54,393.03,137,42921,0.1463
2025-08-25 10:05:00,24600,PE,787.12,796.03,773.88,779.72,226,39594,0.1445
2025-08-25 10:05:00,24650,CE,396.78,413.33,399.25,401.01,261,40035,0.1481
2025-08-25 10:05:00,24650,PE,801.64,817.02,803.23,804.82,285,37320,0.1438
2025-08-25 10:05:00,24700,CE,386.58,390.48,378.49,386.11,604,33674,0.1451
2025-08-25 10:05:00,24700,PE,890.18,894.65,867.49,881.27,644,32460,0.145
2025-08-25 10:05:00,24750,CE,353.1,357.87,349.27,351.15,516,36078,0.1438
2025-08-25 10:05:00,24750,PE,934.39,964.21,933.33,946.98,208,35339,0.1438
2025-08-25 10:05:00,24800,CE,393.8,398.9,388.41,394.67,170,31367,0.1458
2025-08-25 10:05:00,24800,PE,957.22,988.57,953.08,970.48,271,33715,0.1468
2025-08-25 10:05:00,24850,CE,393.82,400.32,390.73,393.12,123,32375,0.143
2025-08-25 10:05:00,24850,PE,1059.07,1077.38,1042.25,1048.32,97,28890,0.1472
2025-08-25 10:05:00,24900,CE,385.53,389.39,387.74,388.98,395,28262,0.1431
2025-08-25 10:05:00,24900,PE,1056.1,1073.35,1063.66,1064.56,240,26471,0.1436
2025-08-25 10:10:00,23500,CE,1068.88,1072.13,1051.28,1067.65,440,31705,0.144
2025-08-25 10:10:00,23500,PE,373.39,383.87,373.52,374.75,333,31328,0.149
2025-08-25 10:10:00,23550,CE,1007.37,1011.45,997.9,1001.82,226,31085,0.1439
2025-08-25 10:10:00,23550,PE,412.15,409.02,406.32,407.89,373,29826,0.1479
2025-08-25 10:10:00,23600,CE,971.38,986.7,971.01,976.46,222,33294,0.1488
2025-08-25 10:10:00,23600,PE,391.93,402.71,395.12,395.66,303,31959,0.1457
2025-08-25 10:10:00,23650,CE,916.67,917.6,900.44,908.73,412,33125,0.1451
2025-08-25 10:10:00,23650,PE,396.61,396.57,394.64,395.02,288,33819,0.1404
2025-08-25 10:10:00,23700,CE,843.49,853.3,841.68,845.79,618,34890,0.1419
2025-08-25 10:10:00,23700,PE,386.94,393.67,383.97,391.64,272,33787,0.1455
2025-08-25 10:10:00,23750,CE,801.43,812.58,807.35,807.67,454,40072,0.1436
2025-08-25 10:10:00,23750,PE,398.32,398.06,394.78,396.81,517,38174,0.1463
2025-08-25 10:10:00,23800,CE,786.51,793.39,775.09,781.85,242,38236,0.1477
2025-08-25 10:10:00,23800,PE,365.81,369.39,364.35,366.61,659,39346,0.1441
2025-08-25 10:10:00,23850,CE,684.27,685.54,680.55,683.48,565,43063,0.1449
2025-08-25 10:10:00,23850,PE,401.22,406.67,400.13,400.21,589,44908,0.1464
2025-08-25 10:10:00,23900,CE,690.24,689.15,685.09,685.51,789,46181,0.1458
2025-08-25 10:10:00,23900,PE,393.19,401.55,394.15,394.8,764,45532,0.1471
2025-08-25 10:10:00,23950,CE,600.99,617.25,603.22,605.8,649,50174,0.1471
2025-08-25 10:10:00,23950,PE,395.53,400.02,393.94,396.68,69,51408,0.1437
2025-08-25 10:10:00,24000,CE,571.79,577.14,560.65,566.47,1010,56037,0.1399
2025-08-25 10:10:00,24000,PE,399.53,392.78,386.61,392.36,271,54084,0.1464
2025-08-25 10:10:00,24050,CE,513.53,514.35,502.31,512.43,225,60079,0.1413
2025-08-25 10:10:00,24050,PE,368.02,371.72,364.29,371.44,1052,63520,0.1437
2025-08-25 10:10:00,24100,CE,416.68,417.12,410.95,413.67,421,69148,0.1422
2025-08-25 10:10:00,24100,PE,388.81,390.18,386.41,390.06,538,64968,0.143
2025-08-25 10:10:00,24150,CE,380.05,381.69,375.41,377.52,852,73113,0.1424
2025-08-25 10:10:00,24150,PE,398.83,406.23,399.66,400.28,609,73481,0.1437
2025-08-25 10:10:00,24200,CE,368.37,372.64,366.6,369.37,1008,86282,0.143
2025-08-25 10:10:00,24200,PE,390.53,395.4,391.23,392.58,1279,81151,0.1454
2025-08-25 10:10:00,24250,CE,370.34,374.93,364.48,367.97,1086,77356,0.1426
2025-08-25 10:10:00,24250,PE,502.61,500.89,499.01,499.57,897,70336,0.1479
2025-08-25 10:10:00,24300,CE,367.73,372.49,364.65,369.19,631,66292,0.1425
2025-08-25 10:10:00,24300,PE,511.18,517.42,502.59,510.4,308,61614,0.1474
2025-08-25 10:10:00,24350,CE,357.05,360.81,352.19,358.1,292,59252,0.1436
2025-08-25 10:10:00,24350,PE,547.63,550.84,543.82,545.18,684,56506,0.1399
2025-08-25 10:10:00,24400,CE,384.81,390.07,384.41,386.28,236,52332,0.1458
2025-08-25 10:10:00,24400,PE,619.99,619.16,607.5,613.66,251,54474,0.1418
2025-08-25 10:10:00,24450,CE,383.4,387.9,379.87,385.2,58,49999,0.1441
2025-08-25 10:10:00,24450,PE,668.63,689.12,669.52,673.3,74,48982,0.1449
2025-08-25 10:10:00,24500,CE,346.84,354.05,345.97,349.5,656,47247,0.1467
2025-08-25 10:10:00,24500,PE,711.33,717.91,711.36,711.66,739,48079,0.1438
2025-08-25 10:10:00,24550,CE,385.51,385.86,378.11,381.68,375,44086,0.1442
2025-08-25 10:10:00,24550,PE,748.57,767.13,743.55,757.68,303,42497,0.1435
2025-08-25 10:10:00,24600,CE,382.66,395.23,380.87,387.31,297,43101,0.1447
2025-08-25 10:10:00,24600,PE,819.61,830.07,814.57,828.12,602,39644,0.1454
2025-08-25 10:10:00,24650,CE,387.23,389.29,385.03,386.33,193,40502,0.1444
2025-08-25 10:10:00,24650,PE,890.64,895.74,890.08,891.47,401,37718,0.1488
2025-08-25 10:10:00,24700,CE,408.83,410.48,403.16,403.95,274,33313,0.1436
2025-08-25 10:10:00,24700,PE,931.29,934.04,914.12,919.1,587,32673,0.1436
2025-08-25 10:10:00,24750,CE,390.19,393.16,385.98,387.53,186,36495,0.1458
2025-08-25 10:10:00,24750,PE,939.58,944.91,934.23,938.15,14,35855,0.1468
2025-08-25 10:10:00,24800,CE,405.4,411.27,398.52,406.54,323,31474,0.1432
2025-08-25 10:10:00,24800,PE,1012.93,1034.45,1006.35,1008.07,16,33326,0.1416
2025-08-25 10:10:00,24850,CE,368.53,373.92,367.47,369.34,379,32444,0.1456
2025-08-25 10:10:00,24850,PE,1053.38,1090.93,1049.0,1057.25,74,29088,0.1466
2025-08-25 10:10:00,24900,CE,381.48,397.87,378.17,381.44,373,27988,0.1473
2025-08-25 10:10:00,24900,PE,1114.81,1116.93,1110.21,1110.37,345,27038,0.14
2025-08-25 10:15:00,23500,CE,1093.32,1084.77,1072.86,1075.99,251,31380,0.1446
2025-08-25 10:15:00,23500,PE,397.43,402.69,397.58,397.66,492,31821,0.144
2025-08-25 10:15:00,23550,CE,1024.04,1031.63,1006.16,1022.2,251,30995,0.1387
2025-08-25 10:15:00,23550,PE,395.62,401.09,388.16,395.78,451,29226,0.1476
2025-08-25 10:15:00,23600,CE,1003.14,1005.58,988.34,994.77,184,33345,0.1459
2025-08-25 10:15:00,23600,PE,397.43,408.67,397.06,400.9,376,32112,0.1476
2025-08-25 10:15:00,23650,CE,950.84,964.84,929.74,951.66,230,33568,0.1455
2025-08-25 10:15:00,23650,PE,414.11,420.92,409.32,412.75,396,33867,0.1479
2025-08-25 10:15:00,23700,CE,881.67,884.49,882.12,884.03,604,34402,0.1451
2025-08-25 10:15:00,23700,PE,403.48,405.78,400.61,405.36,460,34299,0.1466
2025-08-25 10:15:00,23750,CE,843.19,851.46,831.31,835.52,459,40150,0.1455
2025-08-25 10:15:00,23750,PE,403.87,405.93,395.57,398.03,258,37899,0.147
2025-08-25 10:15:00,23800,CE,788.33,802.48,788.79,789.45,408,38714,0.1451
2025-08-25 10:15:00,23800,PE,403.92,406.58,394.04,401.75,348,38891,0.1453
2025-08-25 10:15:00,23850,CE,719.01,740.13,722.33,726.61,392,42579,0.1456
2025-08-25 10:15:00,23850,PE,411.54,415.95,411.01,411.81,747,44950,0.1468
2025-08-25 10:15:00,23900,CE,683.79,687.1,679.36,683.17,196,46330,0.1453
2025-08-25 10:15:00,23900,PE,414.6,418.89,407.5,410.31,472,45545,0.1468
2025-08-25 10:15:00,23950,CE,634.98,645.94,642.43,643.2,568,50688,0.1461
2025-08-25 10:15:00,23950,PE,403.41,404.47,397.52,402.84,815,51123,0.1469
2025-08-25 10:15:00,24000,CE,621.97,622.5,609.68,619.41,264,56625,0.1461
2025-08-25 10:15:00,24000,PE,390.45,397.89,383.49,390.07,682,53507,0.1475
2025-08-25 10:15:00,24050,CE,545.58,553.88,542.63,547.25,629,59621,0.1441
2025-08-25 10:15:00,24050,PE,380.62,383.47,378.33,380.7,53,63142,0.1456
2025-08-25 10:15:00,24100,CE,504.56,503.54,494.85,499.67,354,68643,0.1447
2025-08-25 10:15:00,24100,PE,385.39,392.9,383.69,384.69,1112,64893,0.1467
2025-08-25 10:15:00,24150,CE,462.56,460.66,458.89,460.49,855,73551,0.1456
2025-08-25 10:15:00,24150,PE,392.63,405.5,396.96,398.45,1285,73865,0.1442
2025-08-25 10:15:00,24200,CE,385.67,393.46,383.76,385.57,375,86575,0.1435
2025-08-25 10:15:00,24200,PE,407.69,410.88,408.38,409.01,1784,80559,0.1464
2025-08-25 10:15:00,24250,CE,404.99,403.53,400.66,400.76,1322,77794,0.1449
2025-08-25 10:15:00,24250,PE,455.35,457.68,450.54,455.08,1282,70211,0.1444
2025-08-25 10:15:00,24300,CE,378.49,378.4,371.81,374.48,279,66569,0.1414
2025-08-25 10:15:00,24300,PE,470.43,473.62,466.47,469.62,829,61886,0.1436
2025-08-25 10:15:00,24350,CE,375.65,378.4,375.94,375.99,312,58865,0.1429
2025-08-25 10:15:00,24350,PE,546.5,547.73,542.72,544.38,1052,56524,0.1454
2025-08-25 10:15:00,24400,CE,377.98,380.47,373.22,375.61,890,52843,0.147
2025-08-25 10:15:00,24400,PE,597.18,600.25,597.17,597.28,488,54189,0.1443
2025-08-25 10:15:00,24450,CE,408.87,423.97,405.68,410.73,848,50257,0.1452
2025-08-25 10:15:00,24450,PE,654.94,667.17,651.74,657.01,634,49531,0.1435
2025-08-25 10:15:00,24500,CE,363.29,368.1,363.36,364.64,223,47079,0.1453
2025-08-25 10:15:00,24500,PE,700.28,707.31,682.76,690.7,47,47944,0.1465
2025-08-25 10:15:00,24550,CE,378.34,392.33,380.29,384.87,362,44029,0.1421
2025-08-25 10:15:00,24550,PE,743.58,751.97,724.39,739.59,131,42867,0.1444
2025-08-25 10:15:00,24600,CE,379.69,386.23,382.2,385.52,366,43028,0.1413
2025-08-25 10:15:00,24600,PE,824.41,821.62,810.66,819.27,637,39627,0.1467
2025-08-25 10:15:00,24650,CE,379.93,380.64,375.35,378.98,613,40168,0.1405
2025-08-25 10:15:00,24650,PE,824.78,835.6,812.53,830.79,584,38304,0.1415
2025-08-25 10:15:00,24700,CE,374.68,378.54,372.8,372.97,484,33783,0.1463
2025-08-25 10:15:00,24700,PE,884.78,899.57,891.69,892.71,477,32793,0.143
2025-08-25 10:15:00,24750,CE,388.34,390.23,385.8,390.14,462,37047,0.144
2025-08-25 10:15:00,24750,PE,957.74,962.17,939.36,942.18,368,36079,0.1479
2025-08-25 10:15:00,24800,CE,369.02,365.4,364.25,364.27,53,32024,0.145
2025-08-25 10:15:00,24800,PE,975.62,968.71,963.23,965.96,444,32919,0.1412
2025-08-25 10:15:00,24850,CE,368.63,370.57,366.34,366.55,162,32114,0.1408
2025-08-25 10:15:00,24850,PE,1053.81,1063.34,1051.89,1054.27,177,29550,0.1444
2025-08-25 10:15:00,24900,CE,386.35,387.72,384.43,385.53,241,27891,0.1432
2025-08-25 10:15:00,24900,PE,1101.1,1096.9,1087.64,1093.44,399,26883,0.1432
2025-08-25 10:20:00,23500,CE,1097.27,1102.64,1072.0,1082.67,465,31685,0.1457
2025-08-25 10:20:00,23500,PE,390.31,400.91,396.16,397.37,140,31977,0.1466
2025-08-25 10:20:00,23550,CE,982.71,982.44,968.68,980.67,271,30807,0.1432
2025-08-25 10:20:00,23550,PE,392.13,388.91,382.58,388.85,502,29103,0.1466
2025-08-25 10:20:00,23600,CE,984.1,984.47,976.04,980.08,76,33235,0.1464
2025-08-25 10:20:00,23600,PE,384.93,392.11,382.9,386.41,307,31663,0.1448
2025-08-25 10:20:00,23650,CE,934.72,951.73,932.89,933.85,464,33243,0.1461
2025-08-25 10:20:00,23650,PE,366.2,371.39,365.15,365.57,66,33912,0.142
2025-08-25 10:20:00,23700,CE,842.61,848.54,832.43,846.43,115,34740,0.1425
2025-08-25 10:20:00,23700,PE,399.28,402.56,393.12,393.67,55,34201,0.1452
2025-08-25 10:20:00,23750,CE,814.93,826.42,816.01,817.84,47,40010,0.1423
2025-08-25 10:20:00,23750,PE,399.52,405.44,397.92,400.27,663,38079,0.1432
2025-08-25 10:20:00,23800,CE,761.21,784.68,759.63,765.87,415,38302,0.144
2025-08-25 10:20:00,23800,PE,406.17,407.9,403.82,405.6,247,38747,0.1436
2025-08-25 10:20:00,23850,CE,711.81,712.32,701.81,709.99,485,42228,0.1473
2025-08-25 10:20:00,23850,PE,375.09,380.71,368.37,372.37,827,45131,0.1452
2025-08-25 10:20:00,23900,CE,688.89,692.6,681.99,687.8,291,45864,0.1463
2025-08-25 10:20:00,23900,PE,393.17,389.98,387.13,388.47,543,45482,0.1483
2025-08-25 10:20:00,23950,CE,608.07,605.76,604.36,604.92,674,50803,0.1466
2025-08-25 10:20:00,23950,PE,358.51,361.47,360.89,360.96,641,51523,0.1425
2025-08-25 10:20:00,24000,CE,559.96,578.71,563.21,565.23,587,56894,0.1453
2025-08-25 10:20:00,24000,PE,393.01,389.88,383.83,387.77,407,54038,0.1481
2025-08-25 10:20:00,24050,CE,493.0,499.87,496.69,497.22,517,59836,0.1455
2025-08-25 10:20:00,24050,PE,401.96,414.6,406.57,407.36,1236,62961,0.1471
2025-08-25 10:20:00,24100,CE,454.24,457.31,449.94,452.07,164,68321,0.1489
2025-08-25 10:20:00,24100,PE,399.44,402.38,395.73,396.57,362,64360,0.1445
2025-08-25 10:20:00,24150,CE,430.03,435.42,430.26,432.82,907,73284,0.1473
2025-08-25 10:20:00,24150,PE,391.99,398.37,390.68,393.83,183,73429,0.1466
2025-08-25 10:20:00,24200,CE,387.33,391.58,386.22,388.28,471,86418,0.1479
2025-08-25 10:20:00,24200,PE,410.31,422.45,413.41,413.73,1613,80802,0.1463
2025-08-25 10:20:00,24250,CE,418.23,421.22,414.57,421.14,1022,78024,0.1455
2025-08-25 10:20:00,24250,PE,424.69,443.93,433.18,434.78,1145,69992,0.1457
2025-08-25 10:20:00,24300,CE,424.63,428.21,421.53,424.95,141,66579,0.1499
2025-08-25 10:20:00,24300,PE,523.51,531.04,515.34,521.42,22,61546,0.1483
2025-08-25 10:20:00,24350,CE,372.9,370.98,369.64,370.16,837,58868,0.1422
2025-08-25 10:20:00,24350,PE,569.55,582.3,571.78,574.2,769,56536,0.1472
2025-08-25 10:20:00,24400,CE,381.22,385.88,377.82,380.17,547,52604,0.145
2025-08-25 10:20:00,24400,PE,588.73,584.6,582.37,583.94,230,53900,0.1437
2025-08-25 10:20:00,24450,CE,370.15,372.7,369.0,372.58,725,50832,0.1463
2025-08-25 10:20:00,24450,PE,673.34,685.49,669.78,671.73,87,49575,0.1455
2025-08-25 10:20:00,24500,CE,382.85,384.98,373.45,379.71,397,47153,0.1426
2025-08-25 10:20:00,24500,PE,719.05,718.26,706.94,714.14,203,47353,0.1467
2025-08-25 10:20:00,24550,CE,367.9,370.89,368.14,369.39,165,43647,0.1452
2025-08-25 10:20:00,24550,PE,748.3,757.39,741.77,746.41,51,42694,0.1418
2025-08-25 10:20:00,24600,CE,375.7,379.48,374.47,375.05,490,43587,0.1434
2025-08-25 10:20:00,24600,PE,794.79,796.79,789.71,794.48,472,39237,0.1471
2025-08-25 10:20:00,24650,CE,379.52,384.02,378.5,380.47,247,39931,0.1461
2025-08-25 10:20:00,24650,PE,880.58,882.35,868.62,874.57,149,38892,0.1467
2025-08-25 10:20:00,24700,CE,389.94,400.63,391.42,394.96,412,33760,0.1437
2025-08-25 10:20:00,24700,PE,901.04,910.84,887.57,896.11,278,32575,0.1416
2025-08-25 10:20:00,24750,CE,382.67,386.45,374.68,379.2,250,37208,0.1458
2025-08-25 10:20:00,24750,PE,948.77,962.03,950.76,959.6,545,36074,0.1428
2025-08-25 10:20:00,24800,CE,386.27,388.76,386.13,386.49,109,32572,0.1453
2025-08-25 10:20:00,24800,PE,1028.31,1044.68,1024.76,1032.14,180,32418,0.1453
2025-08-25 10:20:00,24850,CE,368.14,377.53,370.67,373.24,289,32462,0.1433
2025-08-25 10:20:00,24850,PE,1073.39,1071.31,1060.37,1071.01,141,29284,0.1467
2025-08-25 10:20:00,24900,CE,372.83,372.07,370.39,371.0,149,28259,0.1429
2025-08-25 10:20:00,24900,PE,1141.28,1157.22,1143.3,1143.94,477,27300,0.1493
2025-08-25 10:25:00,23500,CE,1004.35,1043.83,1012.2,1024.64,128,32104,0.146
2025-08-25 10:25:00,23500,PE,414.12,420.28,416.63,417.77,173,32417,0.144
2025-08-25 10:25:00,23550,CE,977.4,976.79,968.71,968.93,564,31068,0.1438
2025-08-25 10:25:00,23550,PE,413.63,410.76,405.47,406.87,544,28673,0.1482
2025-08-25 10:25:00,23600,CE,930.24,938.42,925.11,933.55,399,32697,0.1439
2025-08-25 10:25:00,23600,PE,405.38,409.86,402.07,404.27,397,31471,0.1457
2025-08-25 10:25:00,23650,CE,885.48,876.71,873.71,875.4,623,33237,0.1437
2025-08-25 10:25:00,23650,PE,392.23,399.39,384.97,386.56,492,33675,0.149
2025-08-25 10:25:00,23700,CE,836.12,845.28,829.21,830.11,61,35030,0.1482
2025-08-25 10:25:00,23700,PE,389.91,391.81,384.08,389.56,161,34467,0.1454
2025-08-25 10:25:00,23750,CE,780.43,791.32,769.22,778.4,349,40576,0.1437
2025-08-25 10:25:00,23750,PE,417.2,415.35,410.52,413.3,268,37959,0.145
2025-08-25 10:25:00,23800,CE,746.52,754.81,734.02,742.93,593,38644,0.1456
2025-08-25 10:25:00,23800,PE,397.08,404.84,398.07,399.21,111,39036,0.1481
2025-08-25 10:25:00,23850,CE,684.96,698.82,685.75,690.74,432,42814,0.1478
2025-08-25 10:25:00,23850,PE,368.66,370.7,362.92,366.95,551,45459,0.1448
2025-08-25 10:25:00,23900,CE,657.14,660.01,655.8,656.46,335,45604,0.148
2025-08-25 10:25:00,23900,PE,395.54,401.73,391.38,396.12,747,44900,0.1476
2025-08-25 10:25:00,23950,CE,571.69,575.89,566.62,567.62,614,51364,0.1453
2025-08-25 10:25:00,23950,PE,396.69,403.28,396.04,398.02,1037,51782,0.1435
2025-08-25 10:25:00,24000,CE,548.46,555.91,548.31,553.23,591,57269,0.1446
2025-08-25 10:25:00,24000,PE,392.3,386.45,379.71,385.42,35,54389,0.1455
2025-08-25 10:25:00,24050,CE,477.83,480.0,470.17,475.45,269,60118,0.1417
2025-08-25 10:25:00,24050,PE,372.03,371.33,366.95,369.14,474,63262,0.1447
2025-08-25 10:25:00,24100,CE,453.42,454.55,449.01,451.57,930,68836,0.1483
2025-08-25 10:25:00,24100,PE,364.04,363.91,359.67,363.82,1206,64856,0.1477
2025-08-25 10:25:00,24150,CE,369.92,376.91,363.9,368.95,296,73139,0.1485
2025-08-25 10:25:00,24150,PE,402.11,411.33,401.15,402.14,803,72866,0.145
2025-08-25 10:25:00,24200,CE,368.56,373.22,364.32,364.42,59,85864,0.1413
2025-08-25 10:25:00,24200,PE,442.64,447.99,441.37,442.95,1174,80737,0.1442
2025-08-25 10:25:00,24250,CE,390.38,397.52,391.34,391.44,999,78425,0.1423
2025-08-25 10:25:00,24250,PE,500.77,508.24,495.75,497.79,68,70409,0.1466
2025-08-25 10:25:00,24300,CE,395.68,393.7,388.03,390.69,278,66464,0.1458
2025-08-25 10:25:00,24300,PE,531.69,533.84,525.77,529.8,1125,61307,0.141
2025-08-25 10:25:00,24350,CE,401.05,402.73,396.2,400.96,983,58875,0.1457
2025-08-25 10:25:00,24350,PE,608.45,619.37,608.1,608.99,30,56935,0.1476
2025-08-25 10:25:00,24400,CE,396.68,389.99,387.11,389.15,56,52767,0.1461
2025-08-25 10:25:00,24400,PE,626.85,629.95,625.2,628.88,442,53467,0.1414
2025-08-25 10:25:00,24450,CE,396.8,395.21,390.94,393.32,451,50666,0.144
2025-08-25 10:25:00,24450,PE,670.23,674.61,667.09,671.52,98,49641,0.1429
2025-08-25 10:25:00,24500,CE,396.26,394.63,389.7,393.15,47,47198,0.1458
2025-08-25 10:25:00,24500,PE,780.23,778.69,762.32,773.47,190,47749,0.1429
2025-08-25 10:25:00,24550,CE,396.35,406.97,400.66,401.87,700,44165,0.1443
2025-08-25 10:25:00,24550,PE,794.85,788.71,787.2,788.51,691,42214,0.1418
2025-08-25 10:25:00,24600,CE,397.54,400.18,396.62,396.95,355,43256,0.1441
2025-08-25 10:25:00,24600,PE,841.51,841.05,827.99,831.82,76,39107,0.1427
2025-08-25 10:25:00,24650,CE,408.37,409.0,406.09,407.84,281,39686,0.1438
2025-08-25 10:25:00,24650,PE,883.72,907.25,878.37,888.29,82,38781,0.1433
2025-08-25 10:25:00,24700,CE,409.6,409.15,403.37,405.84,101,33208,0.1448
2025-08-25 10:25:00,24700,PE,953.17,960.18,934.32,944.14,277,32054,0.145
2025-08-25 10:25:00,24750,CE,370.34,379.83,367.07,370.29,550,37614,0.1414
2025-08-25 10:25:00,24750,PE,980.92,987.45,979.83,980.74,527,35597,0.1488
2025-08-25 10:25:00,24800,CE,405.46,401.6,398.31,401.04,255,32960,0.1462
2025-08-25 10:25:00,24800,PE,1052.35,1054.94,1047.43,1051.93,313,32185,0.1454
2025-08-25 10:25:00,24850,CE,363.29,364.45,360.73,363.0,426,32233,0.146
2025-08-25 10:25:00,24850,PE,1102.04,1101.83,1076.0,1092.77,497,28804,0.1427
2025-08-25 10:25:00,24900,CE,382.12,391.2,377.64,383.94,345,27674,0.1451
2025-08-25 10:25:00,24900,PE,1102.21,1111.91,1105.17,1110.89,445,27126,0.1479
2025-08-25 10:30:00,23500,CE,1044.12,1055.94,1048.4,1050.5,20,32506,0.1461
2025-08-25 10:30:00,23500,PE,346.64,353.79,349.93,350.66,530,32920,0.1436
2025-08-25 10:30:00,23550,CE,994.73,1000.54,977.96,991.17,286,30541,0.1492
2025-08-25 10:30:00,23550,PE,397.03,397.41,394.73,395.63,139,28110,0.1485
2025-08-25 10:30:00,23600,CE,921.18,923.53,918.64,918.7,36,32287,0.1454
2025-08-25 10:30:00,23600,PE,406.98,415.22,404.32,405.28,350,31790,0.1453
2025-08-25 10:30:00,23650,CE,874.4,898.77,876.73,880.91,388,32882,0.1446
2025-08-25 10:30:00,23650,PE,415.31,409.8,406.78,409.06,399,33351,0.1481
2025-08-25 10:30:00,23700,CE,825.39,832.8,823.16,827.44,329,35496,0.1451
2025-08-25 10:30:00,23700,PE,396.51,394.12,391.18,393.15,104,34916,0.147
2025-08-25 10:30:00,23750,CE,742.59,765.66,740.03,745.48,213,40780,0.1435
2025-08-25 10:30:00,23750,PE,392.59,391.69,384.31,385.59,206,37555,0.1441
2025-08-25 10:30:00,23800,CE,730.62,741.51,716.6,732.91,375,38501,0.1467
2025-08-25 10:30:00,23800,PE,377.78,384.95,377.17,377.69,421,38719,0.1445
2025-08-25 10:30:00,23850,CE,659.99,674.6,646.71,658.34,870,43020,0.1459
2025-08-25 10:30:00,23850,PE,413.76,423.79,412.44,417.42,749,45794,0.146
2025-08-25 10:30:00,23900,CE,627.69,633.76,618.03,625.78,710,45174,0.1462
2025-08-25 10:30:00,23900,PE,368.9,377.3,370.39,372.56,580,45377,0.1453
2025-08-25 10:30:00,23950,CE,551.4,559.79,551.77,552.67,120,51319,0.1444
2025-08-25 10:30:00,23950,PE,409.75,412.14,406.38,410.85,213,52136,0.1464
2025-08-25 10:30:00,24000,CE,517.84,519.19,505.49,512.09,1130,56730,0.1471
2025-08-25 10:30:00,24000,PE,357.65,364.65,358.25,359.48,975,54221,0.1406
2025-08-25 10:30:00,24050,CE,460.14,470.72,462.74,464.7,1331,59535,0.1454
2025-08-25 10:30:00,24050,PE,414.98,424.59,412.93,414.66,282,63524,0.1472
2025-08-25 10:30:00,24100,CE,418.12,418.74,411.42,414.93,1251,68331,0.1453
2025-08-25 10:30:00,24100,PE,363.43,363.93,362.28,363.62,278,64661,0.1453
2025-08-25 10:30:00,24150,CE,389.61,391.55,384.28,386.59,86,73477,0.1453
2025-08-25 10:30:00,24150,PE,411.95,418.75,412.33,413.89,1150,73164,0.1444
2025-08-25 10:30:00,24200,CE,388.08,387.22,384.76,385.09,696,86032,0.1414
2025-08-25 10:30:00,24200,PE,449.14,460.88,449.85,451.35,843,80969,0.1436
2025-08-25 10:30:00,24250,CE,378.39,394.69,381.54,381.65,584,78606,0.1404
2025-08-25 10:30:00,24250,PE,494.51,503.59,496.18,500.66,827,70578,0.1463
2025-08-25 10:30:00,24300,CE,378.84,383.66,376.96,380.26,986,66283,0.1456
2025-08-25 10:30:00,24300,PE,549.43,555.01,537.86,546.46,993,60740,0.1458
2025-08-25 10:30:00,24350,CE,393.69,394.79,393.21,394.76,501,58805,0.143
2025-08-25 10:30:00,24350,PE,603.38,619.27,602.83,604.43,881,56389,0.1441
2025-08-25 10:30:00,24400,CE,377.21,386.13,376.79,378.48,211,52729,0.1436
2025-08-25 10:30:00,24400,PE,661.89,662.88,649.92,657.92,753,53423,0.1426
2025-08-25 10:30:00,24450,CE,411.0,416.68,409.2,409.69,543,50280,0.1446
2025-08-25 10:30:00,24450,PE,700.99,699.32,697.95,698.38,795,49982,0.1416
2025-08-25 10:30:00,24500,CE,419.98,421.71,414.94,417.61,45,47443,0.143
2025-08-25 10:30:00,24500,PE,766.39,765.57,749.27,759.9,111,47820,0.1468
2025-08-25 10:30:00,24550,CE,370.11,377.26,364.94,371.0,514,44676,0.146
2025-08-25 10:30:00,24550,PE,776.43,786.39,774.84,785.56,61,41958,0.1471
2025-08-25 10:30:00,24600,CE,409.21,415.28,405.81,411.0,467,42970,0.1434
2025-08-25 10:30:00,24600,PE,848.47,853.11,841.45,845.76,482,38727,0.1437
2025-08-25 10:30:00,24650,CE,372.48,374.03,363.86,371.25,111,39739,0.1447
2025-08-25 10:30:00,24650,PE,882.85,901.01,891.06,900.07,437,38427,0.1471
2025-08-25 10:30:00,24700,CE,372.65,382.02,375.63,376.37,519,33650,0.1433
2025-08-25 10:30:00,24700,PE,949.2,952.72,936.81,942.21,56,31819,0.1485
2025-08-25 10:30:00,24750,CE,388.26,394.32,381.44,391.0,315,37603,0.1461
2025-08-25 10:30:00,24750,PE,990.66,1010.39,991.91,996.16,149,35632,0.1448
2025-08-25 10:30:00,24800,CE,368.65,368.28,363.74,366.98,510,32729,0.146
2025-08-25 10:30:00,24800,PE,1053.19,1085.48,1050.24,1061.3,122,32471,0.1435
2025-08-25 10:30:00,24850,CE,396.43,400.17,391.86,392.62,290,32463,0.141
2025-08-25 10:30:00,24850,PE,1094.09,1095.28,1078.8,1089.85,328,29116,0.1426
2025-08-25 10:30:00,24900,CE,377.1,378.71,375.31,378.31,351,27801,0.1444
2025-08-25 10:30:00,24900,PE,1192.72,1179.76,1174.34,1175.13,222,27078,0.1491
2025-08-25 10:35:00,23500,CE,997.53,1004.64,990.09,992.98,157,32444,0.1461
2025-08-25 10:35:00,23500,PE,396.07,395.41,393.2,394.22,346,33179,0.1489
2025-08-25 10:35:00,23550,CE,940.6,938.83,937.31,938.16,466,30393,0.1467
2025-08-25 10:35:00,23550,PE,414.52,425.45,414.12,417.67,442,28034,0.1475
2025-08-25 10:35:00,23600,CE,897.4,908.06,888.29,900.71,235,31883,0.1465
2025-08-25 10:35:00,23600,PE,395.91,402.16,393.35,393.78,177,32005,0.1473
2025-08-25 10:35:00,23650,CE,826.21,833.26,824.79,826.77,156,32374,0.1447
2025-08-25 10:35:00,23650,PE,400.89,411.44,401.61,403.18,193,33939,0.1427
2025-08-25 10:35:00,23700,CE,810.0,818.38,807.91,809.8,120,35068,0.1501
2025-08-25 10:35:00,23700,PE,429.16,430.88,427.97,430.7,302,34775,0.1477
2025-08-25 10:35:00,23750,CE,743.2,754.91,720.18,737.04,728,40465,0.1428
2025-08-25 10:35:00,23750,PE,364.08,362.32,357.22,361.83,337,37303,0.1459
2025-08-25 10:35:00,23800,CE,690.62,714.71,690.13,699.82,225,38287,0.1477
2025-08-25 10:35:00,23800,PE,363.46,368.2,360.44,365.28,231,38981,0.1437
2025-08-25 10:35:00,23850,CE,650.34,646.17,634.39,640.78,744,42632,0.1439
2025-08-25 10:35:00,23850,PE,380.09,390.86,376.84,380.93,473,45510,0.1438
2025-08-25 10:35:00,23900,CE,568.92,582.86,571.16,575.55,900,44695,0.1437
2025-08-25 10:35:00,23900,PE,374.25,385.69,373.42,378.14,433,45174,0.1482
2025-08-25 10:35:00,23950,CE,541.32,548.55,538.24,542.94,432,51848,0.1456
2025-08-25 10:35:00,23950,PE,399.7,398.0,392.85,395.66,633,51992,0.1451
2025-08-25 10:35:00,24000,CE,515.96,515.51,513.87,514.47,1059,57062,0.1449
2025-08-25 10:35:00,24000,PE,393.95,401.12,393.96,399.29,207,54175,0.1453
2025-08-25 10:35:00,24050,CE,430.2,433.13,424.13,430.5,633,59474,0.1458
2025-08-25 10:35:00,24050,PE,394.43,397.03,389.21,391.1,540,63912,0.1437
2025-08-25 10:35:00,24100,CE,393.44,404.36,396.41,399.39,1761,67763,0.146
2025-08-25 10:35:00,24100,PE,412.94,420.22,411.89,417.07,1519,65098,0.1472
2025-08-25 10:35:00,24150,CE,393.48,397.61,389.45,391.01,582,73459,0.1406
2025-08-25 10:35:00,24150,PE,439.6,439.0,437.75,438.79,180,72985,0.1444
2025-08-25 10:35:00,24200,CE,379.83,382.62,371.73,376.6,335,86520,0.1464
2025-08-25 10:35:00,24200,PE,483.28,493.18,484.81,486.83,163,80776,0.1463
2025-08-25 10:35:00,24250,CE,374.17,372.93,370.76,372.93,578,79179,0.1471
2025-08-25 10:35:00,24250,PE,523.28,526.76,521.17,522.67,969,71101,0.1469
2025-08-25 10:35:00,24300,CE,397.07,397.94,391.71,392.83,340,66004,0.1412
2025-08-25 10:35:00,24300,PE,603.93,610.71,601.57,606.3,611,60548,0.1494
2025-08-25 10:35:00,24350,CE,404.12,401.26,393.37,400.15,30,59179,0.1449
2025-08-25 10:35:00,24350,PE,635.45,627.03,615.85,617.66,104,56023,0.1463
2025-08-25 10:35:00,24400,CE,380.33,387.17,377.06,378.28,823,53007,0.145
2025-08-25 10:35:00,24400,PE,672.34,680.22,671.48,677.58,565,52977,0.1442
2025-08-25 10:35:00,24450,CE,357.28,357.9,353.06,356.08,210,49926,0.1394
2025-08-25 10:35:00,24450,PE,735.87,734.06,723.95,728.25,519,49982,0.1414
2025-08-25 10:35:00,24500,CE,378.2,386.46,381.43,382.53,275,47738,0.1402
2025-08-25 10:35:00,24500,PE,775.08,785.5,769.01,775.08,580,48107,0.145
2025-08-25 10:35:00,24550,CE,378.36,379.81,378.63,379.09,83,44806,0.1427
2025-08-25 10:35:00,24550,PE,809.58,811.57,808.1,809.08,154,41684,0.1436
2025-08-25 10:35:00,24600,CE,358.79,360.47,352.96,356.79,632,42868,0.1447
2025-08-25 10:35:00,24600,PE,877.08,894.78,873.47,881.98,511,38422,0.1445
2025-08-25 10:35:00,24650,CE,377.01,377.05,376.2,376.38,591,39471,0.1441
2025-08-25 10:35:00,24650,PE,956.72,963.45,956.71,959.82,118,38214,0.1409
2025-08-25 10:35:00,24700,CE,381.54,382.75,378.68,378.96,106,33768,0.1447
2025-08-25 10:35:00,24700,PE,997.03,996.28,976.5,983.69,90,31468,0.1445
2025-08-25 10:35:00,24750,CE,361.85,368.2,358.38,364.12,382,37054,0.1416
2025-08-25 10:35:00,24750,PE,1049.31,1061.6,1038.35,1056.28,243,35862,0.146
2025-08-25 10:35:00,24800,CE,399.81,401.7,400.32,400.69,233,32155,0.1462
2025-08-25 10:35:00,24800,PE,1092.59,1097.91,1087.88,1093.18,88,33035,0.1463
2025-08-25 10:35:00,24850,CE,378.95,380.11,379.45,379.57,379,32283,0.1462
2025-08-25 10:35:00,24850,PE,1133.2,1160.17,1110.75,1122.67,427,28523,0.1448
2025-08-25 10:35:00,24900,CE,403.54,409.41,403.48,404.44,29,28262,0.1459
2025-08-25 10:35:00,24900,PE,1184.62,1213.92,1183.54,1187.74,316,27197,0.143
2025-08-25 10:40:00,23500,CE,997.33,1004.98,997.79,1001.46,198,32824,0.1422
2025-08-25 10:40:00,23500,PE,381.11,382.82,372.19,378.54,343,33101,0.1426
2025-08-25 10:40:00,23550,CE,955.72,977.68,946.75,950.39,231,30218,0.1442
2025-08-25 10:40:00,23550,PE,373.82,378.73,372.78,375.26,344,28220,0.1413
2025-08-25 10:40:00,23600,CE,916.05,921.93,913.88,917.93,507,31770,0.1463
2025-08-25 10:40:00,23600,PE,376.19,380.01,371.46,375.4,167,32072,0.1461
2025-08-25 10:40:00,23650,CE,883.1,880.1,876.07,877.35,395,32107,0.1478
2025-08-25 10:40:00,23650,PE,361.07,363.57,360.68,361.19,59,33738,0.148
2025-08-25 10:40:00,23700,CE,828.37,843.88,830.16,834.79,61,34566,0.1452
2025-08-25 10:40:00,23700,PE,372.28,374.3,368.73,369.71,694,35112,0.1422
2025-08-25 10:40:00,23750,CE,767.62,773.83,763.93,764.6,39,40283,0.1439
2025-08-25 10:40:00,23750,PE,388.42,388.06,385.72,387.0,206,37872,0.147
2025-08-25 10:40:00,23800,CE,719.1,718.6,713.36,716.9,375,37998,0.1452
2025-08-25 10:40:00,23800,PE,407.85,410.63,401.85,405.68,538,38951,0.144
2025-08-25 10:40:00,23850,CE,671.83,674.94,662.27,665.55,183,42398,0.1446
2025-08-25 10:40:00,23850,PE,382.65,395.01,380.5,384.5,129,45742,0.1464
2025-08-25 10:40:00,23900,CE,586.44,598.59,585.64,587.99,980,45065,0.1462
2025-08-25 10:40:00,23900,PE,410.48,410.51,407.06,407.7,389,45158,0.1454
2025-08-25 10:40:00,23950,CE,564.1,574.97,565.16,567.48,85,51688,0.1433
2025-08-25 10:40:00,23950,PE,400.86,398.31,392.9,397.23,53,52285,0.1482
2025-08-25 10:40:00,24000,CE,499.58,498.38,496.64,498.33,1152,56691,0.1467
2025-08-25 10:40:00,24000,PE,411.13,409.22,407.23,407.98,858,54294,0.1441
2025-08-25 10:40:00,24050,CE,473.59,484.63,470.18,473.06,618,59754,0.1466
2025-08-25 10:40:00,24050,PE,377.47,378.97,374.77,375.06,992,63635,0.1435
2025-08-25 10:40:00,24100,CE,400.86,410.04,402.6,405.33,1357,67949,0.1444
2025-08-25 10:40:00,24100,PE,384.12,383.44,380.54,383.17,548,65380,0.1444
2025-08-25 10:40:00,24150,CE,372.68,373.6,372.89,373.11,1040,72999,0.1446
2025-08-25 10:40:00,24150,PE,431.87,446.39,429.91,431.63,289,72773,0.1472
2025-08-25 10:40:00,24200,CE,376.34,382.73,371.9,373.52,83,86407,0.1427
2025-08-25 10:40:00,24200,PE,441.16,455.2,441.11,442.87,652,81107,0.1445
2025-08-25 10:40:00,24250,CE,379.83,379.48,373.65,375.94,225,79260,0.1465
2025-08-25 10:40:00,24250,PE,498.4,502.49,485.96,496.46,816,71040,0.1445
2025-08-25 10:40:00,24300,CE,373.12,375.98,371.2,374.49,986,65786,0.1423
2025-08-25 10:40:00,24300,PE,565.73,566.84,565.61,565.62,453,59952,0.1441
2025-08-25 10:40:00,24350,CE,410.42,418.04,414.45,415.51,412,58603,0.1471
2025-08-25 10:40:00,24350,PE,605.26,613.84,600.47,601.83,963,55711,0.1402
2025-08-25 10:40:00,24400,CE,388.45,391.6,385.73,388.37,727,52547,0.1445
2025-08-25 10:40:00,24400,PE,642.13,647.45,638.92,641.07,255,52520,0.1433
2025-08-25 10:40:00,24450,CE,390.87,397.49,390.6,393.82,310,50049,0.1431
2025-08-25 10:40:00,24450,PE,713.7,718.75,707.55,712.6,351,50108,0.1424
2025-08-25 10:40:00,24500,CE,393.82,397.61,388.78,397.13,612,47191,0.1471
2025-08-25 10:40:00,24500,PE,754.09,763.19,757.63,760.39,328,48219,0.147
2025-08-25 10:40:00,24550,CE,380.64,388.63,381.57,382.8,373,44380,0.1436
2025-08-25 10:40:00,24550,PE,826.83,848.45,832.93,833.57,154,41536,0.145
2025-08-25 10:40:00,24600,CE,398.24,403.32,399.18,400.38,431,43455,0.1476
2025-08-25 10:40:00,24600,PE,887.92,892.22,879.64,888.38,249,38448,0.1462
2025-08-25 10:40:00,24650,CE,395.98,407.25,393.99,397.26,196,38912,0.1495
2025-08-25 10:40:00,24650,PE,918.64,937.79,928.71,929.52,251,38031,0.1469
2025-08-25 10:40:00,24700,CE,385.53,391.29,384.7,387.46,95,33973,0.1432
2025-08-25 10:40:00,24700,PE,977.24,982.79,965.89,975.32,157,31137,0.1469
2025-08-25 10:40:00,24750,CE,395.86,401.95,398.19,399.69,219,37611,0.1429
2025-08-25 10:40:00,24750,PE,1031.54,1050.33,1030.18,1032.18,352,35772,0.1471
2025-08-25 10:40:00,24800,CE,383.38,383.66,380.3,383.59,428,31580,0.1448
2025-08-25 10:40:00,24800,PE,1048.61,1083.66,1061.27,1068.41,181,33083,0.1436
2025-08-25 10:40:00,24850,CE,351.81,353.93,348.51,351.97,245,32494,0.142
2025-08-25 10:40:00,24850,PE,1114.1,1120.2,1096.76,1104.42,349,28470,0.1449
2025-08-25 10:40:00,24900,CE,411.71,415.35,404.01,407.87,438,28775,0.1434
2025-08-25 10:40:00,24900,PE,1183.76,1191.35,1144.35,1170.68,228,27679,0.1469
2025-08-25 10:45:00,23500,CE,1014.43,1016.54,1003.96,1007.46,362,32390,0.1463
2025-08-25 10:45:00,23500,PE,397.15,398.78,389.8,395.45,75,32596,0.1432
2025-08-25 10:45:00,23550,CE,937.86,937.9,934.22,935.05,133,29992,0.1472
2025-08-25 10:45:00,23550,PE,401.15,405.17,401.27,404.44,50,28349,0.1456
2025-08-25 10:45:00,23600,CE,916.57,916.62,912.97,915.11,265,31891,0.1484
2025-08-25 10:45:00,23600,PE,395.91,401.28,393.02,396.05,322,31797,0.1448
2025-08-25 10:45:00,23650,CE,827.92,837.28,823.32,826.93,418,32648,0.1432
2025-08-25 10:45:00,23650,PE,382.23,392.13,382.01,386.53,220,33506,0.1436
2025-08-25 10:45:00,23700,CE,794.51,810.2,778.24,792.09,378,34931,0.1467
2025-08-25 10:45:00,23700,PE,386.53,393.06,385.07,385.62,389,35510,0.1455
2025-08-25 10:45:00,23750,CE,757.06,756.82,748.72,751.66,69,39801,0.1448
2025-08-25 10:45:00,23750,PE,384.89,388.72,386.3,387.1,324,37551,0.1458
2025-08-25 10:45:00,23800,CE,671.18,687.22,670.83,676.24,33,37656,0.141
2025-08-25 10:45:00,23800,PE,385.55,386.72,377.1,383.7,238,39454,0.1481
2025-08-25 10:45:00,23850,CE,652.52,657.47,643.29,647.41,724,42219,0.1491
2025-08-25 10:45:00,23850,PE,391.63,391.34,390.15,391.23,883,46145,0.1451
2025-08-25 10:45:00,23900,CE,581.75,583.13,577.6,581.02,267,45038,0.1461
2025-08-25 10:45:00,23900,PE,368.82,371.15,367.11,369.66,937,45106,0.1471
2025-08-25 10:45:00,23950,CE,568.12,592.37,568.16,570.7,431,52172,0.1444
2025-08-25 10:45:00,23950,PE,407.68,412.5,404.58,406.84,752,52214,0.1464
2025-08-25 10:45:00,24000,CE,515.91,516.97,514.82,515.12,1111,56984,0.1441
2025-08-25 10:45:00,24000,PE,399.98,399.18,396.95,397.65,456,54203,0.147
2025-08-25 10:45:00,24050,CE,458.55,472.61,460.7,461.0,91,59276,0.1431
2025-08-25 10:45:00,24050,PE,367.71,366.81,363.01,365.27,1395,63098,0.1508
2025-08-25 10:45:00,24100,CE,410.12,420.93,399.87,406.87,1437,67598,0.1476
2025-08-25 10:45:00,24100,PE,387.93,396.43,392.82,394.71,939,65646,0.1487
2025-08-25 10:45:00,24150,CE,373.16,371.71,365.96,371.26,1580,72847,0.1442
2025-08-25 10:45:00,24150,PE,394.26,404.11,388.7,391.7,1477,72717,0.1457
2025-08-25 10:45:00,24200,CE,381.59,385.03,377.87,382.25,1195,85929,0.1493
2025-08-25 10:45:00,24200,PE,489.93,496.3,482.61,486.96,385,81254,0.1446
2025-08-25 10:45:00,24250,CE,371.2,373.45,369.71,372.25,859,79624,0.1438
2025-08-25 10:45:00,24250,PE,513.3,510.85,507.47,508.16,445,71189,0.1413
2025-08-25 10:45:00,24300,CE,371.68,379.35,369.12,371.0,676,66367,0.1446
2025-08-25 10:45:00,24300,PE,576.32,581.15,573.29,574.89,142,59371,0.1448
2025-08-25 10:45:00,24350,CE,393.74,399.04,390.89,395.54,566,58021,0.1478
2025-08-25 10:45:00,24350,PE,626.76,627.8,618.12,622.57,203,55711,0.1425
2025-08-25 10:45:00,24400,CE,379.66,379.86,377.6,379.7,248,52266,0.1449
2025-08-25 10:45:00,24400,PE,673.8,679.47,670.99,676.22,316,52743,0.1482
2025-08-25 10:45:00,24450,CE,369.9,376.44,372.16,373.0,306,50400,0.1423
2025-08-25 10:45:00,24450,PE,725.11,726.6,721.11,722.81,140,49630,0.1498
2025-08-25 10:45:00,24500,CE,383.88,390.89,381.46,386.61,135,47691,0.1463
2025-08-25 10:45:00,24500,PE,768.56,778.39,769.14,772.16,218,47654,0.1444
2025-08-25 10:45:00,24550,CE,366.31,374.09,361.06,363.69,228,44606,0.1452
2025-08-25 10:45:00,24550,PE,839.71,838.04,820.46,827.11,260,41397,0.1429
2025-08-25 10:45:00,24600,CE,398.71,400.72,393.65,395.71,66,43655,0.1449
2025-08-25 10:45:00,24600,PE,895.85,917.47,901.94,903.25,152,37965,0.1439
2025-08-25 10:45:00,24650,CE,434.87,433.59,424.49,432.0,442,39436,0.1471
2025-08-25 10:45:00,24650,PE,940.51,965.77,930.45,944.18,379,38555,0.1481
2025-08-25 10:45:00,24700,CE,385.4,383.97,379.01,380.92,238,33996,0.1438
2025-08-25 10:45:00,24700,PE,961.44,973.28,953.13,970.22,212,31148,0.1458
2025-08-25 10:45:00,24750,CE,392.05,394.03,392.06,392.78,489,37772,0.1441
2025-08-25 10:45:00,24750,PE,1003.54,1008.23,998.35,1002.44,23,35868,0.1439
2025-08-25 10:45:00,24800,CE,389.59,392.54,391.03,391.98,200,31632,0.1434
2025-08-25 10:45:00,24800,PE,1071.44,1092.21,1064.01,1072.39,293,33190,0.143
2025-08-25 10:45:00,24850,CE,359.56,362.91,350.96,358.21,428,32924,0.1427
2025-08-25 10:45:00,24850,PE,1135.46,1148.49,1125.67,1132.52,479,28603,0.1449
2025-08-25 10:45:00,24900,CE,400.43,400.22,394.96,399.99,139,28410,0.1447
2025-08-25 10:45:00,24900,PE,1219.63,1235.36,1199.85,1207.86,400,28175,0.1479
2025-08-25 10:50:00,23500,CE,915.11,937.37,924.52,927.47,32,32049,0.1454
2025-08-25 10:50:00,23500,PE,418.01,418.58,416.4,416.69,418,32194,0.1455
2025-08-25 10:50:00,23550,CE,881.67,873.97,869.28,872.53,42,30588,0.1446
2025-08-25 10:50:00,23550,PE,401.92,408.2,403.76,405.62,72,28005,0.1496
2025-08-25 10:50:00,23600,CE,821.58,832.43,808.62,819.0,688,31411,0.1426
2025-08-25 10:50:00,23600,PE,397.97,394.72,389.94,394.21,558,31871,0.1467
2025-08-25 10:50:00,23650,CE,782.83,788.39,781.26,788.04,409,33040,0.1445
2025-08-25 10:50:00,23650,PE,383.16,391.53,383.15,385.61,27,32978,0.1442
2025-08-25 10:50:00,23700,CE,742.65,749.16,724.45,730.76,168,34919,0.1427
2025-08-25 10:50:00,23700,PE,385.31,390.78,378.48,384.14,778,34992,0.1443
2025-08-25 10:50:00,23750,CE,696.96,709.6,699.36,700.78,377,39715,0.1459
2025-08-25 10:50:00,23750,PE,366.28,369.62,366.53,367.09,184,37363,0.145
2025-08-25 10:50:00,23800,CE,642.4,647.91,635.08,635.63,206,37220,0.1458
2025-08-25 10:50:00,23800,PE,367.76,380.58,368.73,372.82,510,39971,0.1436
2025-08-25 10:50:00,23850,CE,589.32,589.09,584.77,588.1,441,42380,0.1408
2025-08-25 10:50:00,23850,PE,377.55,384.91,382.17,383.46,721,46556,0.144
2025-08-25 10:50:00,23900,CE,541.94,543.87,537.47,538.49,988,45525,0.1431
2025-08-25 10:50:00,23900,PE,355.36,365.6,358.8,360.39,976,45622,0.1453
2025-08-25 10:50:00,23950,CE,462.46,463.3,460.93,461.77,1311,52469,0.1435
2025-08-25 10:50:00,23950,PE,391.4,398.95,393.94,394.53,680,51982,0.1461
2025-08-25 10:50:00,24000,CE,424.12,426.98,426.32,426.38,908,57378,0.1426
2025-08-25 10:50:00,24000,PE,356.28,369.17,352.98,362.54,1189,54227,0.145
2025-08-25 10:50:00,24050,CE,358.98,368.35,361.27,362.8,158,59001,0.143
2025-08-25 10:50:00,24050,PE,398.35,402.94,399.72,400.61,1016,62960,0.1465
2025-08-25 10:50:00,24100,CE,402.46,402.73,401.7,402.14,689,67359,0.1435
2025-08-25 10:50:00,24100,PE,423.74,425.56,413.73,423.5,135,65605,0.1452
2025-08-25 10:50:00,24150,CE,391.47,399.2,396.48,397.64,586,73184,0.1485
2025-08-25 10:50:00,24150,PE,486.75,495.64,482.71,484.73,163,72698,0.142
2025-08-25 10:50:00,24200,CE,395.3,403.0,391.58,395.43,979,85650,0.1431
2025-08-25 10:50:00,24200,PE,558.04,564.73,547.2,554.99,374,80758,0.1446
2025-08-25 10:50:00,24250,CE,367.48,378.91,366.0,366.89,596,80050,0.1416
2025-08-25 10:50:00,24250,PE,611.96,605.86,600.38,605.44,502,71089,0.1469
2025-08-25 10:50:00,24300,CE,419.01,426.93,419.11,423.99,700,66297,0.147
2025-08-25 10:50:00,24300,PE,640.61,642.25,634.23,638.28,380,59687,0.1424
2025-08-25 10:50:00,24350,CE,401.77,405.05,398.47,402.59,251,58440,0.148
2025-08-25 10:50:00,24350,PE,745.94,754.0,737.94,745.84,238,55724,0.1467
2025-08-25 10:50:00,24400,CE,376.28,375.96,373.33,373.64,205,52424,0.1451
2025-08-25 10:50:00,24400,PE,744.06,750.88,740.48,745.53,347,52429,0.1479
2025-08-25 10:50:00,24450,CE,402.93,404.42,397.99,401.33,544,50922,0.147
2025-08-25 10:50:00,24450,PE,806.0,811.27,798.04,800.96,31,49711,0.1444
2025-08-25 10:50:00,24500,CE,391.86,398.5,390.88,391.1,490,47954,0.1443
2025-08-25 10:50:00,24500,PE,824.27,845.85,835.61,843.4,158,47191,0.1436
2025-08-25 10:50:00,24550,CE,345.38,351.94,345.1,348.65,331,44770,0.143
2025-08-25 10:50:00,24550,PE,871.17,891.01,877.36,883.34,191,41239,0.1426
2025-08-25 10:50:00,24600,CE,371.19,378.39,369.17,370.8,322,43595,0.1446
2025-08-25 10:50:00,24600,PE,961.94,975.26,950.84,951.27,293,38183,0.1443
2025-08-25 10:50:00,24650,CE,324.45,331.22,326.39,327.6,554,39791,0.1419
2025-08-25 10:50:00,24650,PE,997.76,990.42,987.82,988.16,13,38374,0.1459
2025-08-25 10:50:00,24700,CE,378.62,380.2,369.28,374.23,13,34443,0.1434
2025-08-25 10:50:00,24700,PE,1020.0,1028.38,996.66,1015.4,346,30810,0.1475
2025-08-25 10:50:00,24750,CE,408.26,411.53,406.71,408.76,426,37847,0.1482
2025-08-25 10:50:00,24750,PE,1080.48,1084.98,1073.03,1077.26,34,35449,0.1447
2025-08-25 10:50:00,24800,CE,406.2,413.65,400.21,403.65,391,31379,0.1461
2025-08-25 10:50:00,24800,PE,1114.36,1118.31,1110.02,1113.06,256,33664,0.142
2025-08-25 10:50:00,24850,CE,381.09,381.7,377.68,379.26,138,32337,0.1424
2025-08-25 10:50:00,24850,PE,1173.76,1180.65,1160.6,1178.54,45,29101,0.1452
2025-08-25 10:50:00,24900,CE,390.88,395.9,389.86,393.04,266,28204,0.1432
2025-08-25 10:50:00,24900,PE,1242.1,1259.55,1233.16,1246.42,41,28409,0.1465
2025-08-25 10:55:00,23500,CE,934.92,947.81,929.62,938.09,33,31559,0.1451
2025-08-25 10:55:00,23500,PE,405.95,409.04,407.6,407.83,360,32363,0.1433
2025-08-25 10:55:00,23550,CE,849.03,873.33,859.22,863.62,368,31079,0.1431
2025-08-25 10:55:00,23550,PE,377.16,382.09,376.75,378.44,179,28071,0.1437
2025-08-25 10:55:00,23600,CE,867.87,871.83,854.95,860.6,216,31245,0.1471
2025-08-25 10:55:00,23600,PE,407.47,403.12,397.04,399.49,112,32223,0.1459
2025-08-25 10:55:00,23650,CE,791.69,801.56,790.11,790.92,518,33295,0.1473
2025-08-25 10:55:00,23650,PE,367.96,373.99,367.94,370.26,114,32519,0.1441
2025-08-25 10:55:00,23700,CE,729.57,724.27,720.42,723.79,620,35117,0.1446
2025-08-25 10:55:00,23700,PE,391.0,396.42,391.44,392.16,35,35189,0.1473
2025-08-25 10:55:00,23750,CE,703.3,697.28,691.18,695.22,840,40017,0.1484
2025-08-25 10:55:00,23750,PE,363.7,363.17,358.89,362.59,248,37142,0.1446
2025-08-25 10:55:00,23800,CE,629.46,640.94,632.57,633.87,709,37101,0.1441
2025-08-25 10:55:00,23800,PE,400.62,397.16,393.59,396.72,694,40523,0.146
2025-08-25 10:55:00,23850,CE,599.54,605.98,589.85,601.73,429,42468,0.1481
2025-08-25 10:55:00,23850,PE,382.81,384.32,377.76,380.3,515,46566,0.1426
2025-08-25 10:55:00,23900,CE,514.53,520.22,502.35,511.67,104,46109,0.1422
2025-08-25 10:55:00,23900,PE,378.15,381.54,374.37,380.57,633,45297,0.1448
2025-08-25 10:55:00,23950,CE,506.68,512.65,502.99,506.86,757,52346,0.1443
2025-08-25 10:55:00,23950,PE,378.63,376.98,375.81,376.54,1076,52293,0.1407
2025-08-25 10:55:00,24000,CE,446.02,451.61,443.5,444.99,589,57633,0.1463
2025-08-25 10:55:00,24000,PE,346.03,354.09,350.22,350.53,73,54787,0.1434
2025-08-25 10:55:00,24050,CE,410.38,414.78,411.56,413.25,916,59186,0.1433
2025-08-25 10:55:00,24050,PE,364.03,368.69,362.72,363.67,1149,62735,0.1423
2025-08-25 10:55:00,24100,CE,395.97,401.12,385.95,393.92,1077,67236,0.1436
2025-08-25 10:55:00,24100,PE,397.2,404.25,390.82,397.43,1062,65112,0.1431
2025-08-25 10:55:00,24150,CE,417.55,422.84,417.36,417.96,214,73692,0.147
2025-08-25 10:55:00,24150,PE,495.61,500.08,491.08,496.4,993,72252,0.1436
2025-08-25 10:55:00,24200,CE,389.94,400.51,389.64,390.82,268,85704,0.1442
2025-08-25 10:55:00,24200,PE,537.49,548.86,531.4,536.77,26,80639,0.1448
2025-08-25 10:55:00,24250,CE,374.23,379.5,375.91,379.17,357,79611,0.1447
2025-08-25 10:55:00,24250,PE,578.07,573.82,571.13,572.15,329,70840,0.146
2025-08-25 10:55:00,24300,CE,400.73,409.82,399.38,405.81,78,66457,0.1459
2025-08-25 10:55:00,24300,PE,624.3,635.25,619.32,626.37,272,59124,0.1479
2025-08-25 10:55:00,24350,CE,406.39,419.78,408.5,409.62,33,58999,0.1457
2025-08-25 10:55:00,24350,PE,659.18,666.58,661.81,665.76,115,56214,0.1424
2025-08-25 10:55:00,24400,CE,391.93,394.54,390.69,392.5,144,51925,0.144
2025-08-25 10:55:00,24400,PE,727.06,738.23,724.81,730.01,443,52871,0.1433
2025-08-25 10:55:00,24450,CE,424.7,432.08,427.57,428.27,64,50716,0.146
2025-08-25 10:55:00,24450,PE,773.07,775.7,770.92,773.62,562,49192,0.147
2025-08-25 10:55:00,24500,CE,394.44,397.45,394.12,395.2,126,47721,0.1429
2025-08-25 10:55:00,24500,PE,829.02,838.96,822.7,830.53,560,47561,0.1441
2025-08-25 10:55:00,24550,CE,415.8,414.09,410.09,413.11,462,44968,0.1461
2025-08-25 10:55:00,24550,PE,882.47,893.82,883.42,889.27,27,40925,0.1454
2025-08-25 10:55:00,24600,CE,384.14,390.52,388.59,388.76,560,43858,0.1444
2025-08-25 10:55:00,24600,PE,980.91,970.19,965.52,968.04,153,38432,0.1493
2025-08-25 10:55:00,24650,CE,381.67,383.37,376.12,380.84,417,40082,0.1463
2025-08-25 10:55:00,24650,PE,950.5,965.7,949.21,952.99,561,38422,0.1453
2025-08-25 10:55:00,24700,CE,394.75,400.15,394.87,397.11,40,34825,0.1442
2025-08-25 10:55:00,24700,PE,1046.91,1059.97,1043.05,1044.48,16,30979,0.1463
2025-08-25 10:55:00,24750,CE,383.58,387.85,383.41,385.22,410,37397,0.147
2025-08-25 10:55:00,24750,PE,1089.22,1111.86,1084.9,1087.38,411,35821,0.146
2025-08-25 10:55:00,24800,CE,381.71,385.2,378.2,381.13,322,31167,0.146
2025-08-25 10:55:00,24800,PE,1114.37,1126.08,1117.51,1119.58,105,33910,0.1447
2025-08-25 10:55:00,24850,CE,407.83,419.93,402.88,408.51,79,32547,0.1434
2025-08-25 10:55:00,24850,PE,1169.38,1180.61,1153.2,1171.79,85,28904,0.1466
2025-08-25 10:55:00,24900,CE,400.15,403.24,393.34,400.12,229,27798,0.1452
2025-08-25 10:55:00,24900,PE,1224.12,1229.42,1216.78,1224.41,355,28642,0.1431
2025-08-25 11:00:00,23500,CE,933.88,961.11,933.85,934.17,19,31977,0.1459
2025-08-25 11:00:00,23500,PE,397.32,406.38,393.18,397.07,438,32768,0.1464
2025-08-25 11:00:00,23550,CE,883.44,885.73,864.4,879.91,393,31230,0.1465
2025-08-25 11:00:00,23550,PE,393.57,393.46,386.72,390.31,254,27743,0.1482
2025-08-25 11:00:00,23600,CE,806.96,821.37,801.64,812.29,171,31024,0.1413
2025-08-25 11:00:00,23600,PE,377.06,384.24,373.9,378.57,209,32528,0.1465
2025-08-25 11:00:00,23650,CE,767.0,771.35,756.75,758.99,395,33188,0.1431
2025-08-25 11:00:00,23650,PE,383.78,391.52,383.77,386.98,542,32797,0.1448
2025-08-25 11:00:00,23700,CE,719.36,736.38,721.5,723.76,751,34888,0.149
2025-08-25 11:00:00,23700,PE,399.42,408.16,400.08,400.38,205,34596,0.1443
2025-08-25 11:00:00,23750,CE,680.5,707.14,685.79,686.38,151,40141,0.1446
2025-08-25 11:00:00,23750,PE,386.21,385.42,384.32,384.94,709,37263,0.1458
2025-08-25 11:00:00,23800,CE,644.88,646.25,644.0,645.13,948,37254,0.1436
2025-08-25 11:00:00,23800,PE,390.28,393.77,385.33,392.61,846,40244,0.1441
2025-08-25 11:00:00,23850,CE,590.33,589.11,583.92,588.55,354,42841,0.148
2025-08-25 11:00:00,23850,PE,393.08,397.72,392.26,393.01,704,46550,0.1448
2025-08-25 11:00:00,23900,CE,534.35,530.67,528.01,530.63,1131,46423,0.1443
2025-08-25 11:00:00,23900,PE,394.54,397.06,389.38,391.76,362,45430,0.1462
2025-08-25 11:00:00,23950,CE,474.19,482.93,474.66,477.45,544,52245,0.146
2025-08-25 11:00:00,23950,PE,415.67,415.47,410.1,412.8,1084,52508,0.1471
2025-08-25 11:00:00,24000,CE,427.99,432.23,428.28,428.87,43,57722,0.1454
2025-08-25 11:00:00,24000,PE,410.41,409.32,407.11,409.06,1012,54799,0.1472
2025-08-25 11:00:00,24050,CE,396.65,396.71,394.19,394.66,549,59364,0.1482
2025-08-25 11:00:00,24050,PE,367.4,380.54,368.67,370.92,1675,62238,0.1441
2025-08-25 11:00:00,24100,CE,387.51,394.79,388.8,389.34,914,67728,0.1459
2025-08-25 11:00:00,24100,PE,439.03,442.49,439.36,441.88,615,64914,0.1425
2025-08-25 11:00:00,24150,CE,372.92,375.74,374.0,375.52,339,73361,0.1467
2025-08-25 11:00:00,24150,PE,502.76,504.09,501.7,502.6,523,72578,0.1462
2025-08-25 11:00:00,24200,CE,374.39,373.94,369.77,372.68,225,85381,0.1451
2025-08-25 11:00:00,24200,PE,524.44,531.93,526.46,527.36,1152,81233,0.1404
2025-08-25 11:00:00,24250,CE,379.9,381.98,376.9,377.35,247,79515,0.1398
2025-08-25 11:00:00,24250,PE,598.11,595.75,592.08,592.16,427,70595,0.1454
2025-08-25 11:00:00,24300,CE,391.69,399.32,388.29,390.15,156,65931,0.1462
2025-08-25 11:00:00,24300,PE,659.87,663.18,658.81,660.09,581,58574,0.146
2025-08-25 11:00:00,24350,CE,426.11,430.72,418.75,422.52,537,58513,0.1459
2025-08-25 11:00:00,24350,PE,701.97,700.48,693.66,696.64,144,55620,0.1466
2025-08-25 11:00:00,24400,CE,364.42,369.83,365.47,365.88,322,51717,0.1466
2025-08-25 11:00:00,24400,PE,731.57,763.59,733.67,736.67,271,52643,0.1462
2025-08-25 11:00:00,24450,CE,390.66,391.87,382.73,387.34,687,50632,0.1469
2025-08-25 11:00:00,24450,PE,777.67,781.6,756.1,765.2,594,48871,0.144
2025-08-25 11:00:00,24500,CE,378.73,383.22,380.42,380.68,335,47196,0.1445
2025-08-25 11:00:00,24500,PE,840.08,853.95,834.87,842.07,184,47046,0.1457
2025-08-25 11:00:00,24550,CE,352.88,355.96,346.42,350.25,23,44586,0.1404
2025-08-25 11:00:00,24550,PE,909.22,907.15,896.38,901.69,110,40704,0.1461
2025-08-25 11:00:00,24600,CE,430.07,421.82,415.51,419.06,448,43435,0.1429
2025-08-25 11:00:00,24600,PE,955.92,951.43,941.55,947.14,370,38270,0.1426
2025-08-25 11:00:00,24650,CE,368.01,367.37,364.71,365.74,233,40588,0.1463
2025-08-25 11:00:00,24650,PE,968.37,989.15,976.8,977.81,268,38135,0.1447
2025-08-25 11:00:00,24700,CE,372.2,376.33,367.05,375.07,134,34427,0.1436
2025-08-25 11:00:00,24700,PE,1029.67,1042.07,1020.4,1031.01,431,31176,0.1392
2025-08-25 11:00:00,24750,CE,367.51,365.22,360.73,364.93,142,37386,0.1448
2025-08-25 11:00:00,24750,PE,1083.47,1079.3,1068.72,1072.43,261,35277,0.145
2025-08-25 11:00:00,24800,CE,397.05,397.46,393.53,395.54,440,31512,0.1452
2025-08-25 11:00:00,24800,PE,1151.36,1147.93,1124.62,1145.88,262,34168,0.1451
2025-08-25 11:00:00,24850,CE,379.87,382.89,378.95,379.51,57,33119,0.146
2025-08-25 11:00:00,24850,PE,1203.63,1210.81,1183.08,1186.21,298,29429,0.1432
2025-08-25 11:00:00,24900,CE,381.26,382.63,378.54,380.87,382,27899,0.1449
2025-08-25 11:00:00,24900,PE,1256.38,1260.53,1238.88,1246.64,132,28865,0.1426
2025-08-25 11:05:00,23500,CE,950.95,972.09,951.26,955.41,311,31868,0.1473
2025-08-25 11:05:00,23500,PE,401.09,403.38,399.03,400.93,428,33234,0.1453
2025-08-25 11:05:00,23550,CE,906.52,919.25,890.74,903.53,117,31293,0.1438
2025-08-25 11:05:00,23550,PE,360.94,366.43,356.66,360.32,497,27533,0.1432
2025-08-25 11:05:00,23600,CE,851.04,844.63,823.0,837.97,239,30435,0.1443
2025-08-25 11:05:00,23600,PE,392.87,399.08,392.07,392.8,226,32631,0.147
2025-08-25 11:05:00,23650,CE,819.26,832.25,811.44,812.54,708,33218,0.144
2025-08-25 11:05:00,23650,PE,378.83,382.86,371.76,377.13,220,33171,0.1459
2025-08-25 11:05:00,23700,CE,764.28,757.62,749.16,755.29,158,34512,0.1444
2025-08-25 11:05:00,23700,PE,393.04,394.27,388.7,392.87,416,34974,0.144
2025-08-25 11:05:00,23750,CE,749.65,749.98,740.15,742.41,192,39559,0.1483
2025-08-25 11:05:00,23750,PE,398.58,398.09,390.7,396.2,621,37367,0.1449
2025-08-25 11:05:00,23800,CE,640.38,639.59,635.85,636.77,644,37130,0.1468
2025-08-25 11:05:00,23800,PE,399.92,406.15,399.46,400.5,123,40041,0.1472
2025-08-25 11:05:00,23850,CE,615.42,618.95,603.16,608.53,492,42760,0.1447
2025-08-25 11:05:00,23850,PE,377.4,385.49,378.84,379.84,916,46218,0.1454
2025-08-25 11:05:00,23900,CE,565.87,575.12,567.52,568.39,370,46043,0.1489
2025-08-25 11:05:00,23900,PE,377.94,379.33,376.35,377.76,663,45796,0.1439
2025-08-25 11:05:00,23950,CE,509.24,511.24,511.0,511.0,1147,51918,0.1446
2025-08-25 11:05:00,23950,PE,364.39,367.65,362.38,366.44,569,52792,0.1449
2025-08-25 11:05:00,24000,CE,467.76,467.05,463.98,465.35,91,57975,0.1458
2025-08-25 11:05:00,24000,PE,398.48,401.87,394.47,400.21,220,54239,0.1451
2025-08-25 11:05:00,24050,CE,411.71,416.52,408.83,412.24,223,59821,0.1456
2025-08-25 11:05:00,24050,PE,379.83,377.75,366.95,374.34,1200,62585,0.1438
2025-08-25 11:05:00,24100,CE,388.38,387.06,385.42,386.45,1086,68083,0.1427
2025-08-25 11:05:00,24100,PE,425.74,421.61,413.77,418.85,788,65285,0.1441
2025-08-25 11:05:00,24150,CE,376.03,379.59,374.7,375.96,97,73460,0.1461
2025-08-25 11:05:00,24150,PE,499.97,515.5,501.71,509.42,1025,73170,0.1482
2025-08-25 11:05:00,24200,CE,389.17,392.92,388.73,392.83,439,84995,0.1436
2025-08-25 11:05:00,24200,PE,553.24,544.55,535.59,543.49,862,80719,0.1474
2025-08-25 11:05:00,24250,CE,358.95,362.26,355.53,359.22,829,79760,0.1426
2025-08-25 11:05:00,24250,PE,572.89,570.46,564.34,567.2,740,70347,0.1433
2025-08-25 11:05:00,24300,CE,359.52,365.49,355.89,358.06,129,66060,0.1434
2025-08-25 11:05:00,24300,PE,617.69,626.21,618.77,621.11,359,58444,0.146
2025-08-25 11:05:00,24350,CE,413.16,414.6,409.43,412.89,176,58313,0.1448
2025-08-25 11:05:00,24350,PE,685.06,682.06,678.2,680.88,732,56091,0.1439
2025-08-25 11:05:00,24400,CE,381.09,382.93,378.51,378.53,289,51287,0.1457
2025-08-25 11:05:00,24400,PE,710.18,715.49,711.07,711.25,39,52269,0.1435
2025-08-25 11:05:00,24450,CE,381.73,389.97,380.17,380.2,19,50833,0.1474
2025-08-25 11:05:00,24450,PE,782.99,787.3,772.94,779.44,483,49210,0.1441
2025-08-25 11:05:00,24500,CE,397.6,400.93,396.56,398.06,238,47594,0.146
2025-08-25 11:05:00,24500,PE,809.07,832.04,812.17,818.79,127,46723,0.1462
2025-08-25 11:05:00,24550,CE,398.54,415.42,399.04,402.81,595,45044,0.1464
2025-08-25 11:05:00,24550,PE,887.7,905.81,873.94,890.24,392,40835,0.1468
2025-08-25 11:05:00,24600,CE,397.25,406.99,393.65,395.36,430,43822,0.1439
2025-08-25 11:05:00,24600,PE,918.66,942.85,909.6,921.94,148,37752,0.1428
2025-08-25 11:05:00,24650,CE,391.72,393.45,386.75,393.05,113,40416,0.1465
2025-08-25 11:05:00,24650,PE,979.47,987.02,957.06,976.76,142,38164,0.1426
2025-08-25 11:05:00,24700,CE,374.65,388.56,376.15,377.21,82,34519,0.1459
2025-08-25 11:05:00,24700,PE,1020.08,1022.61,1010.37,1017.53,388,30694,0.1419
2025-08-25 11:05:00,24750,CE,376.89,380.72,379.43,379.72,154,37432,0.1449
2025-08-25 11:05:00,24750,PE,1086.93,1090.31,1062.93,1087.19,42,35475,0.1448
2025-08-25 11:05:00,24800,CE,389.03,394.08,388.8,390.88,371,31345,0.1455
2025-08-25 11:05:00,24800,PE,1122.34,1132.46,1122.27,1124.14,12,34168,0.1451
2025-08-25 11:05:00,24850,CE,378.53,380.51,378.5,379.3,407,32870,0.1472
2025-08-25 11:05:00,24850,PE,1214.45,1216.67,1175.83,1191.75,398,29873,0.1469
2025-08-25 11:05:00,24900,CE,399.25,409.15,402.81,403.41,130,28018,0.1486
2025-08-25 11:05:00,24900,PE,1233.36,1277.33,1232.13,1241.52,25,28926,0.1466
2025-08-25 11:10:00,23500,CE,929.94,935.12,930.75,933.42,538,32401,0.1481
2025-08-25 11:10:00,23500,PE,421.88,428.41,419.21,421.64,130,33431,0.1443
2025-08-25 11:10:00,23550,CE,891.47,890.88,883.25,885.07,52,31028,0.1425
2025-08-25 11:10:00,23550,PE,375.37,377.71,374.24,376.71,545,27703,0.1422
2025-08-25 11:10:00,23600,CE,829.35,831.4,818.06,822.1,279,30988,0.1423
2025-08-25 11:10:00,23600,PE,366.6,369.9,368.06,368.77,530,32059,0.1457
2025-08-25 11:10:00,23650,CE,798.5,789.57,787.24,787.47,71,33369,0.148
2025-08-25 11:10:00,23650,PE,392.25,394.79,389.9,390.02,657,32759,0.1484
2025-08-25 11:10:00,23700,CE,715.36,735.28,720.3,720.35,441,34891,0.1439
2025-08-25 11:10:00,23700,PE,387.25,386.68,379.12,381.36,699,35142,0.1426
2025-08-25 11:10:00,23750,CE,668.14,675.97,658.53,666.97,879,40083,0.1433
2025-08-25 11:10:00,23750,PE,393.74,400.56,397.38,399.43,736,37570,0.1475
2025-08-25 11:10:00,23800,CE,628.5,630.55,621.79,628.0,951,36550,0.1429
2025-08-25 11:10:00,23800,PE,398.46,402.13,399.46,400.8,100,40053,0.1447
2025-08-25 11:10:00,23850,CE,565.07,562.07,561.91,561.93,722,43244,0.1445
2025-08-25 11:10:00,23850,PE,394.06,403.39,387.22,392.0,730,45896,0.1476
2025-08-25 11:10:00,23900,CE,584.36,587.01,583.07,586.38,1088,45542,0.1435
2025-08-25 11:10:00,23900,PE,382.42,389.81,378.13,382.48,131,46059,0.1472
2025-08-25 11:10:00,23950,CE,486.65,488.44,486.23,487.63,1309,51921,0.1441
2025-08-25 11:10:00,23950,PE,401.59,408.35,399.51,406.01,202,52249,0.1459
2025-08-25 11:10:00,24000,CE,396.26,396.46,388.29,394.25,1540,57710,0.1433
2025-08-25 11:10:00,24000,PE,393.94,399.1,390.37,395.66,1014,54031,0.1467
2025-08-25 11:10:00,24050,CE,413.17,417.67,411.42,414.7,394,60022,0.1447
2025-08-25 11:10:00,24050,PE,368.43,371.43,367.52,368.45,1292,62550,0.1423
2025-08-25 11:10:00,24100,CE,392.23,392.49,388.15,389.12,763,68067,0.1455
2025-08-25 11:10:00,24100,PE,445.93,454.44,448.31,450.52,885,65652,0.1459
2025-08-25 11:10:00,24150,CE,411.75,409.99,407.16,408.62,922,73194,0.1475
2025-08-25 11:10:00,24150,PE,503.4,516.51,506.02,509.49,334,73377,0.1449
2025-08-25 11:10:00,24200,CE,395.63,399.51,395.57,399.25,743,84836,0.1448
2025-08-25 11:10:00,24200,PE,536.44,544.43,534.96,537.19,960,80621,0.1413
2025-08-25 11:10:00,24250,CE,410.18,405.64,399.15,403.32,355,79827,0.147
2025-08-25 11:10:00,24250,PE,614.14,632.39,611.45,615.53,211,70581,0.145
2025-08-25 11:10:00,24300,CE,374.61,377.69,373.17,374.5,835,66594,0.146
2025-08-25 11:10:00,24300,PE,630.13,646.17,631.74,632.32,423,58166,0.1455
2025-08-25 11:10:00,24350,CE,407.92,409.83,406.13,407.64,414,57837,0.1481
2025-08-25 11:10:00,24350,PE,701.96,706.58,694.75,699.07,572,56005,0.1449
2025-08-25 11:10:00,24400,CE,398.9,406.4,403.33,404.83,106,51343,0.1436
2025-08-25 11:10:00,24400,PE,751.19,772.82,745.31,757.99,566,51942,0.1439
2025-08-25 11:10:00,24450,CE,385.54,393.97,379.96,382.03,301,51301,0.1458
2025-08-25 11:10:00,24450,PE,797.83,809.2,784.25,801.46,519,49568,0.1471
2025-08-25 11:10:00,24500,CE,387.49,388.43,383.56,386.81,310,47586,0.1436
2025-08-25 11:10:00,24500,PE,849.41,865.4,839.32,849.76,342,46663,0.1453
2025-08-25 11:10:00,24550,CE,410.56,407.57,403.18,407.41,100,44492,0.1472
2025-08-25 11:10:00,24550,PE,931.07,939.98,912.38,919.12,530,40879,0.1487
2025-08-25 11:10:00,24600,CE,362.04,366.17,363.48,365.33,322,43936,0.1455
2025-08-25 11:10:00,24600,PE,946.22,938.51,935.09,935.39,252,38221,0.1403
2025-08-25 11:10:00,24650,CE,408.88,415.43,408.57,409.76,269,40417,0.1467
2025-08-25 11:10:00,24650,PE,1001.17,1025.45,1000.59,1003.0,303,37752,0.1433
2025-08-25 11:10:00,24700,CE,387.24,388.32,380.24,384.19,99,34135,0.1439
2025-08-25 11:10:00,24700,PE,1062.63,1097.76,1061.08,1062.92,141,30285,0.1464
2025-08-25 11:10:00,24750,CE,390.97,393.5,387.85,390.56,119,37958,0.1487
2025-08-25 11:10:00,24750,PE,1101.31,1116.56,1102.68,1111.83,187,35827,0.1487
2025-08-25 11:10:00,24800,CE,399.19,401.3,394.9,396.09,194,31734,0.1437
2025-08-25 11:10:00,24800,PE,1176.81,1202.79,1160.93,1165.09,364,34576,0.1471
2025-08-25 11:10:00,24850,CE,373.42,383.69,376.48,377.52,137,32384,0.1486
2025-08-25 11:10:00,24850,PE,1210.97,1216.87,1195.78,1201.45,146,30115,0.1442
2025-08-25 11:10:00,24900,CE,396.22,395.64,388.03,393.87,290,28263,0.1464
2025-08-25 11:10:00,24900,PE,1255.98,1273.96,1250.4,1252.66,436,28595,0.1462
2025-08-25 11:15:00,23500,CE,1005.12,1015.75,1002.15,1012.51,260,32389,0.1479
2025-08-25 11:15:00,23500,PE,402.24,416.33,401.99,405.63,93,33625,0.1461
2025-08-25 11:15:00,23550,CE,962.55,968.25,961.14,965.5,39,31504,0.1489
2025-08-25 11:15:00,23550,PE,366.78,360.93,360.34,360.8,63,27235,0.1451
2025-08-25 11:15:00,23600,CE,894.72,907.22,892.4,896.28,121,31458,0.1484
2025-08-25 11:15:00,23600,PE,362.96,368.24,367.12,367.29,561,32565,0.1474
2025-08-25 11:15:00,23650,CE,807.44,800.53,798.02,798.28,580,33877,0.1472
2025-08-25 11:15:00,23650,PE,362.69,367.31,358.01,362.99,333,32164,0.1467
2025-08-25 11:15:00,23700,CE,776.62,783.07,766.99,771.99,334,34556,0.1438
2025-08-25 11:15:00,23700,PE,376.37,388.2,372.73,376.5,192,35371,0.1468
2025-08-25 11:15:00,23750,CE,712.03,710.97,707.13,708.09,145,39869,0.144
2025-08-25 11:15:00,23750,PE,388.3,396.32,387.89,389.74,325,37043,0.1498
2025-08-25 11:15:00,23800,CE,646.82,659.96,636.76,643.97,620,36865,0.1415
2025-08-25 11:15:00,23800,PE,374.33,375.75,373.42,374.59,496,39487,0.1484
2025-08-25 11:15:00,23850,CE,642.71,644.97,633.04,635.74,761,43179,0.1426
2025-08-25 11:15:00,23850,PE,404.77,403.78,399.45,403.27,267,46433,0.1456
2025-08-25 11:15:00,23900,CE,540.18,551.38,544.07,544.41,917,45470,0.141
2025-08-25 11:15:00,23900,PE,407.08,402.98,401.72,402.27,481,46553,0.1475
2025-08-25 11:15:00,23950,CE,539.51,536.95,520.99,534.62,243,51811,0.1421
2025-08-25 11:15:00,23950,PE,382.22,391.1,384.51,387.59,688,52065,0.146
2025-08-25 11:15:00,24000,CE,487.83,493.9,477.64,485.61,442,57238,0.1455
2025-08-25 11:15:00,24000,PE,382.36,386.5,375.14,379.41,377,53860,0.1466
2025-08-25 11:15:00,24050,CE,467.04,472.42,469.7,469.82,1314,59826,0.1454
2025-08-25 11:15:00,24050,PE,364.43,367.23,358.09,363.83,273,62965,0.1445
2025-08-25 11:15:00,24100,CE,361.49,371.11,359.85,362.34,632,68570,0.1463
2025-08-25 11:15:00,24100,PE,372.76,389.41,376.46,377.1,215,65078,0.1485
2025-08-25 11:15:00,24150,CE,356.19,367.48,361.4,362.81,1372,72711,0.1436
2025-08-25 11:15:00,24150,PE,405.46,414.71,407.87,409.22,37,73548,0.1417
2025-08-25 11:15:00,24200,CE,381.64,386.04,381.41,383.66,425,84817,0.1441
2025-08-25 11:15:00,24200,PE,499.81,508.33,495.26,497.07,540,80377,0.1488
2025-08-25 11:15:00,24250,CE,392.42,395.87,391.2,393.71,561,79538,0.1473
2025-08-25 11:15:00,24250,PE,559.14,562.3,550.54,557.48,271,70250,0.1446
2025-08-25 11:15:00,24300,CE,393.63,398.31,388.78,392.36,136,66624,0.1449
2025-08-25 11:15:00,24300,PE,613.37,619.93,609.79,616.77,571,57586,0.1494
2025-08-25 11:15:00,24350,CE,400.31,403.67,389.83,395.76,436,58123,0.1469
2025-08-25 11:15:00,24350,PE,646.44,644.84,641.56,642.95,16,55765,0.1446
2025-08-25 11:15:00,24400,CE,403.23,409.28,397.0,401.96,819,51255,0.1439
2025-08-25 11:15:00,24400,PE,700.51,716.34,706.07,712.49,27,51974,0.1425
2025-08-25 11:15:00,24450,CE,381.3,378.86,375.73,378.59,330,50954,0.1433
2025-08-25 11:15:00,24450,PE,728.66,727.37,720.61,723.17,69,50028,0.1402
2025-08-25 11:15:00,24500,CE,398.95,406.35,402.48,404.7,594,47804,0.1465
2025-08-25 11:15:00,24500,PE,829.79,838.48,821.5,821.78,24,47107,0.1459
2025-08-25 11:15:00,24550,CE,412.24,411.79,404.88,410.31,327,44462,0.1463
2025-08-25 11:15:00,24550,PE,846.36,857.66,847.11,847.96,597,40797,0.1445
2025-08-25 11:15:00,24600,CE,361.12,365.93,355.51,359.62,158,43620,0.1448
2025-08-25 11:15:00,24600,PE,876.76,892.51,890.13,892.34,590,38274,0.1482
2025-08-25 11:15:00,24650,CE,409.2,411.45,406.19,406.7,350,40528,0.1453
2025-08-25 11:15:00,24650,PE,940.97,949.96,922.35,938.98,139,37655,0.1429
2025-08-25 11:15:00,24700,CE,393.61,407.85,393.24,398.34,537,33709,0.1436
2025-08-25 11:15:00,24700,PE,988.75,1000.61,985.7,999.73,536,30012,0.1433
2025-08-25 11:15:00,24750,CE,412.18,410.37,402.04,409.62,164,37375,0.1429
2025-08-25 11:15:00,24750,PE,1057.52,1079.22,1042.81,1054.72,357,35609,0.145
2025-08-25 11:15:00,24800,CE,373.63,376.88,371.85,375.69,237,31830,0.1406
2025-08-25 11:15:00,24800,PE,1084.84,1116.01,1071.83,1085.96,324,35122,0.1455
2025-08-25 11:15:00,24850,CE,388.78,392.05,385.87,389.68,271,31997,0.1439
2025-08-25 11:15:00,24850,PE,1136.98,1167.12,1130.01,1133.44,341,29581,0.1411
2025-08-25 11:15:00,24900,CE,385.08,387.37,378.35,384.18,389,28018,0.147
2025-08-25 11:15:00,24900,PE,1186.03,1206.42,1172.92,1181.54,334,28183,0.1431
2025-08-25 11:20:00,23500,CE,996.2,1020.54,992.63,1006.12,235,32623,0.1455
2025-08-25 11:20:00,23500,PE,375.79,374.9,371.94,374.05,355,33031,0.1424
2025-08-25 11:20:00,23550,CE,922.64,950.59,936.34,941.44,30,32081,0.1423
2025-08-25 11:20:00,23550,PE,393.52,392.5,389.9,390.2,322,27661,0.1449
2025-08-25 11:20:00,23600,CE,885.44,912.28,898.06,904.06,56,31446,0.1448
2025-08-25 11:20:00,23600,PE,405.51,413.36,406.25,407.38,373,33070,0.1454
2025-08-25 11:20:00,23650,CE,824.17,828.97,817.32,824.7,488,34030,0.1468
2025-08-25 11:20:00,23650,PE,379.98,382.94,377.81,381.26,208,32756,0.1432
2025-08-25 11:20:00,23700,CE,797.27,812.59,805.31,811.3,248,34289,0.147
2025-08-25 11:20:00,23700,PE,367.65,366.47,363.68,365.76,534,35967,0.1459
2025-08-25 11:20:00,23750,CE,717.31,716.65,713.03,713.3,679,39485,0.143
2025-08-25 11:20:00,23750,PE,383.34,390.98,381.51,387.23,647,36867,0.1479
2025-08-25 11:20:00,23800,CE,673.69,705.3,674.69,685.55,201,37387,0.1452
2025-08-25 11:20:00,23800,PE,396.92,400.61,397.32,399.43,817,39331,0.1443
2025-08-25 11:20:00,23850,CE,662.11,667.71,660.76,663.54,39,42830,0.1455
2025-08-25 11:20:00,23850,PE,393.54,401.91,391.7,395.55,515,45904,0.1455
2025-08-25 11:20:00,23900,CE,606.9,623.19,607.38,609.61,249,45048,0.1465
2025-08-25 11:20:00,23900,PE,367.57,375.55,367.73,370.94,989,46379,0.1454
2025-08-25 11:20:00,23950,CE,519.28,525.91,520.06,523.7,451,51716,0.1424
2025-08-25 11:20:00,23950,PE,388.5,391.94,388.68,390.29,34,52115,0.1481
2025-08-25 11:20:00,24000,CE,477.5,477.81,471.18,475.52,1197,57614,0.1425
2025-08-25 11:20:00,24000,PE,367.8,375.23,368.67,372.27,344,53276,0.1397
2025-08-25 11:20:00,24050,CE,465.04,482.49,468.6,468.61,1171,60235,0.1457
2025-08-25 11:20:00,24050,PE,400.57,416.38,399.27,405.93,1391,63057,0.1481
2025-08-25 11:20:00,24100,CE,404.5,402.94,398.01,398.11,856,68877,0.146
2025-08-25 11:20:00,24100,PE,383.18,388.52,382.76,383.16,1233,65386,0.1447
2025-08-25 11:20:00,24150,CE,366.55,375.38,367.54,369.2,457,73194,0.1429
2025-08-25 11:20:00,24150,PE,423.25,427.33,417.69,422.03,81,73060,0.1428
2025-08-25 11:20:00,24200,CE,370.55,375.27,363.74,369.79,882,84902,0.1468
2025-08-25 11:20:00,24200,PE,476.51,481.29,469.54,478.36,750,80867,0.1461
2025-08-25 11:20:00,24250,CE,380.13,395.46,384.03,385.39,1029,79801,0.1469
2025-08-25 11:20:00,24250,PE,553.25,561.23,549.98,555.45,210,69765,0.1465
2025-08-25 11:20:00,24300,CE,414.22,411.49,407.31,410.95,162,66760,0.1478
2025-08-25 11:20:00,24300,PE,600.78,610.33,593.48,597.36,756,57945,0.1504
2025-08-25 11:20:00,24350,CE,371.25,374.39,367.59,374.23,112,57852,0.1439
2025-08-25 11:20:00,24350,PE,648.6,656.08,640.42,650.79,332,55923,0.1412
2025-08-25 11:20:00,24400,CE,393.68,389.7,386.45,386.92,54,51663,0.146
2025-08-25 11:20:00,24400,PE,662.87,673.46,668.61,672.46,83,52002,0.1444
2025-08-25 11:20:00,24450,CE,382.98,387.99,381.43,384.35,748,50587,0.1447
2025-08-25 11:20:00,24450,PE,772.17,787.34,776.95,778.68,554,50087,0.1479
2025-08-25 11:20:00,24500,CE,412.02,417.23,410.81,413.71,610,47909,0.1443
2025-08-25 11:20:00,24500,PE,795.51,799.35,786.0,796.77,631,46990,0.1456
2025-08-25 11:20:00,24550,CE,388.3,390.53,385.84,388.24,122,44677,0.1413
2025-08-25 11:20:00,24550,PE,845.47,867.27,846.03,851.44,668,40716,0.148
2025-08-25 11:20:00,24600,CE,395.3,397.32,391.91,395.8,531,44072,0.1424
2025-08-25 11:20:00,24600,PE,899.05,902.79,897.38,900.88,420,38623,0.1443
2025-08-25 11:20:00,24650,CE,405.52,403.57,397.86,400.83,345,40893,0.1434
2025-08-25 11:20:00,24650,PE,934.12,942.49,904.39,926.68,210,37686,0.1458
2025-08-25 11:20:00,24700,CE,423.52,430.83,419.5,423.04,53,33344,0.146
2025-08-25 11:20:00,24700,PE,991.95,1021.51,996.69,1006.5,335,30281,0.1447
2025-08-25 11:20:00,24750,CE,379.66,388.19,379.83,380.17,24,36857,0.1423
2025-08-25 11:20:00,24750,PE,1061.9,1053.59,1047.63,1047.69,12,35630,0.1434
2025-08-25 11:20:00,24800,CE,405.6,410.09,400.58,402.93,177,31293,0.1419
2025-08-25 11:20:00,24800,PE,1101.96,1098.5,1084.19,1095.41,408,35156,0.1461
2025-08-25 11:20:00,24850,CE,398.45,395.76,387.09,392.39,12,32220,0.1474
2025-08-25 11:20:00,24850,PE,1141.12,1126.18,1101.01,1112.78,445,29484,0.1436
2025-08-25 11:20:00,24900,CE,402.33,405.76,401.23,401.45,442,27918,0.1491
2025-08-25 11:20:00,24900,PE,1174.78,1184.95,1168.65,1176.12,43,27730,0.1414
2025-08-25 11:25:00,23500,CE,1055.62,1051.11,1040.95,1042.43,44,32385,0.1471
2025-08-25 11:25:00,23500,PE,383.59,389.64,381.67,382.18,213,32964,0.1487
2025-08-25 11:25:00,23550,CE,968.49,971.33,955.33,966.84,279,32517,0.1472
2025-08-25 11:25:00,23550,PE,407.25,407.19,405.6,405.95,15,28138,0.1462
2025-08-25 11:25:00,23600,CE,925.11,943.45,924.47,929.91,152,31990,0.1464
2025-08-25 11:25:00,23600,PE,400.07,408.55,402.15,403.02,90,32590,0.1455
2025-08-25 11:25:00,23650,CE,875.99,872.32,858.23,871.52,87,33785,0.1446
2025-08-25 11:25:00,23650,PE,370.13,374.59,370.47,374.27,608,32711,0.1472
2025-08-25 11:25:00,23700,CE,851.5,857.69,845.81,850.18,123,34459,0.1491
2025-08-25 11:25:00,23700,PE,398.63,400.49,395.83,397.8,356,36210,0.1451
2025-08-25 11:25:00,23750,CE,778.12,786.04,765.0,776.78,553,39828,0.144
2025-08-25 11:25:00,23750,PE,406.85,411.34,410.43,410.81,122,36862,0.1466
2025-08-25 11:25:00,23800,CE,755.12,757.62,733.85,747.7,510,37454,0.1444
2025-08-25 11:25:00,23800,PE,400.1,407.2,401.7,401.81,779,39883,0.1448
2025-08-25 11:25:00,23850,CE,694.55,695.13,687.36,688.75,710,42518,0.146
2025-08-25 11:25:00,23850,PE,395.69,404.91,397.49,398.46,467,46268,0.1438
2025-08-25 11:25:00,23900,CE,631.54,629.41,617.59,620.57,267,45302,0.1414
2025-08-25 11:25:00,23900,PE,365.8,367.94,361.89,365.08,249,45947,0.1448
2025-08-25 11:25:00,23950,CE,620.82,618.02,609.12,617.47,266,52227,0.1466
2025-08-25 11:25:00,23950,PE,406.51,408.27,402.19,407.1,1049,52541,0.144
2025-08-25 11:25:00,24000,CE,484.2,494.77,489.04,491.37,334,57949,0.1415
2025-08-25 11:25:00,24000,PE,406.08,404.07,403.05,403.58,272,52828,0.1462
2025-08-25 11:25:00,24050,CE,478.06,485.13,472.15,477.95,361,59802,0.1448
2025-08-25 11:25:00,24050,PE,410.56,410.14,405.73,409.72,863,63276,0.1435
2025-08-25 11:25:00,24100,CE,441.19,442.77,437.31,440.26,79,68405,0.1449
2025-08-25 11:25:00,24100,PE,390.8,388.97,382.41,386.88,752,64921,0.1491
2025-08-25 11:25:00,24150,CE,367.38,369.46,360.81,363.72,1474,73074,0.1449
2025-08-25 11:25:00,24150,PE,387.63,393.32,389.53,389.57,749,72466,0.1454
2025-08-25 11:25:00,24200,CE,402.75,402.74,394.88,397.42,1064,85167,0.1477
2025-08-25 11:25:00,24200,PE,462.4,465.73,462.57,464.4,1145,80915,0.1446
2025-08-25 11:25:00,24250,CE,372.37,376.86,372.06,373.24,369,79294,0.1466
2025-08-25 11:25:00,24250,PE,507.48,500.34,499.69,500.09,427,69817,0.1451
2025-08-25 11:25:00,24300,CE,371.97,370.63,366.58,369.72,151,66224,0.141
2025-08-25 11:25:00,24300,PE,542.6,545.71,541.39,544.96,266,57429,0.14
2025-08-25 11:25:00,24350,CE,404.68,397.92,391.51,397.34,31,57834,0.1462
2025-08-25 11:25:00,24350,PE,567.67,570.04,562.35,566.17,777,55922,0.1449
2025-08-25 11:25:00,24400,CE,389.06,397.76,387.43,392.51,99,51469,0.1458
2025-08-25 11:25:00,24400,PE,652.77,665.62,656.45,663.04,48,52148,0.1447
2025-08-25 11:25:00,24450,CE,415.79,420.12,414.68,415.32,211,50451,0.1458
2025-08-25 11:25:00,24450,PE,680.31,688.26,673.26,677.45,776,50191,0.1463
2025-08-25 11:25:00,24500,CE,389.11,392.36,388.54,391.7,608,47728,0.1429
2025-08-25 11:25:00,24500,PE,778.66,785.83,777.86,783.63,737,47247,0.1443
2025-08-25 11:25:00,24550,CE,385.81,389.76,387.99,389.55,383,44772,0.1461
2025-08-25 11:25:00,24550,PE,827.8,825.02,823.1,823.79,461,40308,0.145
2025-08-25 11:25:00,24600,CE,376.09,375.91,371.79,373.61,180,44295,0.1448
2025-08-25 11:25:00,24600,PE,821.97,832.19,813.62,820.0,307,38963,0.1436
2025-08-25 11:25:00,24650,CE,345.65,355.24,338.04,345.25,341,40372,0.1434
2025-08-25 11:25:00,24650,PE,865.08,905.95,877.71,879.67,428,37817,0.1451
2025-08-25 11:25:00,24700,CE,400.28,400.87,393.69,396.58,225,33692,0.1463
2025-08-25 11:25:00,24700,PE,938.03,938.31,922.36,937.45,217,29818,0.1448
2025-08-25 11:25:00,24750,CE,420.78,425.78,409.36,420.46,76,37338,0.1459
2025-08-25 11:25:00,24750,PE,967.4,987.7,969.65,981.19,218,35527,0.1461
2025-08-25 11:25:00,24800,CE,388.39,392.23,385.68,387.33,169,31578,0.1427
2025-08-25 11:25:00,24800,PE,1011.76,1012.2,1003.3,1005.67,328,35634,0.1423
2025-08-25 11:25:00,24850,CE,363.53,369.93,362.4,366.36,456,32807,0.1421
2025-08-25 11:25:00,24850,PE,1096.68,1107.75,1090.01,1091.41,173,29584,0.1475
2025-08-25 11:25:00,24900,CE,390.88,391.71,381.98,387.68,173,28163,0.1456
2025-08-25 11:25:00,24900,PE,1138.1,1149.0,1134.93,1136.81,364,27432,0.1433
2025-08-25 11:30:00,23500,CE,1045.83,1064.95,1047.58,1055.04,468,32133,0.1461
2025-08-25 11:30:00,23500,PE,404.18,412.84,396.53,401.38,534,33384,0.146
2025-08-25 11:30:00,23550,CE,1025.38,1010.0,994.51,1005.17,19,32394,0.1444
2025-08-25 11:30:00,23550,PE,377.66,382.62,376.41,379.66,228,28524,0.1464
2025-08-25 11:30:00,23600,CE,967.5,973.88,962.87,964.15,444,31450,0.144
2025-08-25 11:30:00,23600,PE,416.26,427.26,414.51,419.35,514,32251,0.1462
2025-08-25 11:30:00,23650,CE,901.12,919.68,881.33,896.76,246,33389,0.1482
2025-08-25 11:30:00,23650,PE,363.69,367.72,363.96,365.58,111,32743,0.1463
2025-08-25 11:30:00,23700,CE,810.85,824.09,807.58,816.31,69,33955,0.1464
2025-08-25 11:30:00,23700,PE,369.51,371.13,370.41,370.56,548,36022,0.1472
2025-08-25 11:30:00,23750,CE,795.62,830.97,792.77,804.02,488,40411,0.1446
2025-08-25 11:30:00,23750,PE,412.07,415.78,409.11,413.64,49,37215,0.1487
2025-08-25 11:30:00,23800,CE,734.87,734.41,725.71,731.35,100,37766,0.1464
2025-08-25 11:30:00,23800,PE,391.13,388.52,385.64,387.89,255,39445,0.1445
2025-08-25 11:30:00,23850,CE,727.03,731.66,717.76,724.82,211,42355,0.1479
2025-08-25 11:30:00,23850,PE,400.27,400.76,400.13,400.44,644,46484,0.1447
2025-08-25 11:30:00,23900,CE,654.24,647.28,641.34,645.93,704,44727,0.1438
2025-08-25 11:30:00,23900,PE,424.43,422.3,420.08,421.76,938,45867,0.1434
2025-08-25 11:30:00,23950,CE,559.41,564.9,562.41,563.04,134,52741,0.1434
2025-08-25 11:30:00,23950,PE,394.52,403.98,395.03,398.31,847,52039,0.1424
2025-08-25 11:30:00,24000,CE,524.83,539.26,522.81,523.71,531,58436,0.1438
2025-08-25 11:30:00,24000,PE,377.86,376.97,373.56,373.66,819,52461,0.1449
2025-08-25 11:30:00,24050,CE,495.46,495.74,490.75,494.25,953,59428,0.1428
2025-08-25 11:30:00,24050,PE,400.22,402.6,399.1,402.0,489,62910,0.1435
2025-08-25 11:30:00,24100,CE,450.14,455.81,448.94,449.22,1092,68922,0.1435
2025-08-25 11:30:00,24100,PE,360.9,374.66,363.66,364.73,93,65045,0.1442
2025-08-25 11:30:00,24150,CE,386.44,386.37,380.63,385.5,455,73374,0.1435
2025-08-25 11:30:00,24150,PE,411.83,403.4,400.28,401.37,268,72305,0.1427
2025-08-25 11:30:00,24200,CE,380.13,390.67,380.14,382.88,325,85614,0.1439
2025-08-25 11:30:00,24200,PE,470.27,479.41,461.87,463.51,145,81013,0.1458
2025-08-25 11:30:00,24250,CE,406.99,410.71,405.93,406.72,174,79413,0.1436
2025-08-25 11:30:00,24250,PE,472.34,469.78,462.31,464.78,1000,70119,0.1435
2025-08-25 11:30:00,24300,CE,383.82,386.27,381.3,383.92,56,66552,0.1444
2025-08-25 11:30:00,24300,PE,548.94,561.49,546.06,550.38,353,57647,0.1417
2025-08-25 11:30:00,24350,CE,375.73,379.23,375.57,377.0,992,57376,0.1436
2025-08-25 11:30:00,24350,PE,574.22,590.28,566.44,572.83,384,56362,0.1433
2025-08-25 11:30:00,24400,CE,410.31,415.28,408.03,409.8,145,51182,0.1474
2025-08-25 11:30:00,24400,PE,648.26,650.25,645.94,648.8,518,52743,0.1429
2025-08-25 11:30:00,24450,CE,387.2,390.27,380.26,385.51,261,50313,0.1472
2025-08-25 11:30:00,24450,PE,663.49,672.18,655.34,668.47,681,49734,0.1442
2025-08-25 11:30:00,24500,CE,398.48,394.81,391.63,394.71,266,47507,0.1439
2025-08-25 11:30:00,24500,PE,713.19,717.11,706.13,709.03,322,47335,0.1427
2025-08-25 11:30:00,24550,CE,373.55,377.37,370.88,371.51,170,44641,0.1433
2025-08-25 11:30:00,24550,PE,832.11,829.24,816.16,823.66,669,40702,0.1468
2025-08-25 11:30:00,24600,CE,402.08,403.77,401.13,401.64,650,44513,0.1451
2025-08-25 11:30:00,24600,PE,810.17,816.4,801.3,811.98,400,38619,0.1426
2025-08-25 11:30:00,24650,CE,388.68,391.15,382.05,386.17,109,40418,0.1448
2025-08-25 11:30:00,24650,PE,895.81,898.79,893.22,893.75,263,38162,0.1444
2025-08-25 11:30:00,24700,CE,403.58,402.41,398.22,401.83,15,34161,0.1435
2025-08-25 11:30:00,24700,PE,967.74,967.67,956.4,964.43,110,29691,0.1466
2025-08-25 11:30:00,24750,CE,398.44,402.04,397.24,399.99,206,37847,0.1487
2025-08-25 11:30:00,24750,PE,975.6,999.13,989.38,993.51,409,34970,0.1465
2025-08-25 11:30:00,24800,CE,389.64,390.14,387.88,389.68,456,31790,0.1455
2025-08-25 11:30:00,24800,PE,1040.66,1054.6,1037.06,1039.13,44,35972,0.1461
2025-08-25 11:30:00,24850,CE,394.07,405.21,385.58,393.09,25,32717,0.1453
2025-08-25 11:30:00,24850,PE,1093.49,1109.67,1100.72,1103.05,89,28997,0.1439
2025-08-25 11:30:00,24900,CE,383.48,385.11,376.01,379.37,273,28387,0.1436
2025-08-25 11:30:00,24900,PE,1118.72,1121.55,1098.24,1113.31,235,27243,0.1432
2025-08-25 11:35:00,23500,CE,1009.64,1019.65,991.12,1003.74,282,31715,0.144
2025-08-25 11:35:00,23500,PE,377.47,382.54,378.3,382.19,35,32972,0.1439
2025-08-25 11:35:00,23550,CE,996.43,1006.51,982.15,999.41,40,32716,0.1449
2025-08-25 11:35:00,23550,PE,373.14,384.55,372.57,374.08,353,28148,0.1433
2025-08-25 11:35:00,23600,CE,950.66,958.91,945.02,951.77,351,31430,0.1438
2025-08-25 11:35:00,23600,PE,399.17,401.16,396.75,398.49,76,32815,0.1472
2025-08-25 11:35:00,23650,CE,862.1,872.28,856.56,860.72,608,33699,0.1446
2025-08-25 11:35:00,23650,PE,411.66,415.54,404.72,407.15,526,32799,0.1465
2025-08-25 11:35:00,23700,CE,817.0,839.18,821.08,826.41,559,33988,0.143
2025-08-25 11:35:00,23700,PE,373.6,378.24,373.13,375.26,124,35622,0.1454
2025-08-25 11:35:00,23750,CE,805.55,816.58,803.62,803.66,637,40346,0.1466
2025-08-25 11:35:00,23750,PE,419.46,422.69,416.56,421.46,546,36788,0.1453
2025-08-25 11:35:00,23800,CE,747.59,743.16,737.93,738.99,367,37266,0.1456
2025-08-25 11:35:00,23800,PE,419.01,425.37,416.79,419.54,187,38975,0.1491
2025-08-25 11:35:00,23850,CE,701.27,703.49,692.18,695.4,193,42482,0.1451
2025-08-25 11:35:00,23850,PE,383.63,390.09,382.84,383.72,18,46116,0.1415
2025-08-25 11:35:00,23900,CE,623.21,623.89,613.99,617.14,668,44306,0.1445
2025-08-25 11:35:00,23900,PE,380.0,397.89,383.59,384.78,540,46307,0.1446
2025-08-25 11:35:00,23950,CE,596.9,610.19,595.39,601.21,831,52287,0.1469
2025-08-25 11:35:00,23950,PE,403.17,403.44,399.4,399.82,171,52285,0.1466
2025-08-25 11:35:00,24000,CE,539.31,543.23,535.84,539.86,424,58336,0.1462
2025-08-25 11:35:00,24000,PE,385.44,392.21,387.75,388.32,575,52555,0.1457
2025-08-25 11:35:00,24050,CE,496.5,502.7,498.6,499.7,617,58856,0.1471
2025-08-25 11:35:00,24050,PE,381.18,380.25,375.38,377.79,147,62310,0.1452
2025-08-25 11:35:00,24100,CE,437.69,441.84,435.31,439.87,430,69302,0.1454
2025-08-25 11:35:00,24100,PE,385.9,394.75,386.67,386.91,1514,65015,0.1463
2025-08-25 11:35:00,24150,CE,398.28,404.2,389.6,393.6,76,72859,0.1447
2025-08-25 11:35:00,24150,PE,414.05,414.83,412.46,412.61,1437,72117,0.1453
2025-08-25 11:35:00,24200,CE,372.59,373.54,367.99,372.41,1320,85621,0.1421
2025-08-25 11:35:00,24200,PE,448.13,449.57,441.45,446.8,1316,80575,0.1433
2025-08-25 11:35:00,24250,CE,371.91,379.54,372.03,373.31,1118,79468,0.1428
2025-08-25 11:35:00,24250,PE,495.35,500.23,490.63,491.99,580,70153,0.145
2025-08-25 11:35:00,24300,CE,378.54,382.39,376.37,378.87,389,66675,0.1435
2025-08-25 11:35:00,24300,PE,562.74,562.68,557.67,561.5,889,58019,0.1458
2025-08-25 11:35:00,24350,CE,385.26,388.96,380.48,383.5,1009,57271,0.144
2025-08-25 11:35:00,24350,PE,592.08,596.17,583.18,589.7,796,56828,0.1454
2025-08-25 11:35:00,24400,CE,385.52,392.82,384.65,385.93,31,51151,0.1492
2025-08-25 11:35:00,24400,PE,621.43,626.48,622.89,626.27,659,52691,0.1445
2025-08-25 11:35:00,24450,CE,360.63,365.44,360.7,361.0,98,50499,0.1437
2025-08-25 11:35:00,24450,PE,685.96,701.95,688.68,692.12,355,49875,0.1475
2025-08-25 11:35:00,24500,CE,380.99,385.91,383.51,384.86,14,46920,0.1406
2025-08-25 11:35:00,24500,PE,734.48,746.57,735.67,739.31,480,47913,0.1459
2025-08-25 11:35:00,24550,CE,386.46,388.31,385.4,386.52,471,45172,0.1422
2025-08-25 11:35:00,24550,PE,854.44,867.84,847.21,849.19,620,40439,0.1468
2025-08-25 11:35:00,24600,CE,348.63,359.38,350.15,352.35,79,44583,0.1443
2025-08-25 11:35:00,24600,PE,894.59,892.75,885.25,887.09,426,38943,0.1469
2025-08-25 11:35:00,24650,CE,369.92,373.68,367.18,368.8,337,40922,0.1455
2025-08-25 11:35:00,24650,PE,891.11,904.28,880.69,892.22,539,38265,0.1464
2025-08-25 11:35:00,24700,CE,395.64,399.56,388.81,390.4,334,33583,0.1419
2025-08-25 11:35:00,24700,PE,928.15,953.63,936.25,938.45,469,29907,0.1436
2025-08-25 11:35:00,24750,CE,375.29,375.39,368.29,370.9,507,37358,0.1461
2025-08-25 11:35:00,24750,PE,962.87,975.62,971.82,975.52,90,35175,0.1429
2025-08-25 11:35:00,24800,CE,385.36,388.56,385.29,386.0,266,31894,0.1441
2025-08-25 11:35:00,24800,PE,1051.23,1055.0,1044.55,1046.46,237,36140,0.1478
2025-08-25 11:35:00,24850,CE,390.88,395.15,390.09,392.38,337,32344,0.1437
2025-08-25 11:35:00,24850,PE,1110.8,1142.79,1098.14,1105.47,387,28989,0.1484
2025-08-25 11:35:00,24900,CE,386.82,389.92,383.57,386.35,281,28528,0.1445
2025-08-25 11:35:00,24900,PE,1150.3,1151.51,1142.72,1146.08,361,27003,0.1443
2025-08-25 11:40:00,23500,CE,1036.99,1051.09,1024.95,1029.78,12,31332,0.1436
2025-08-25 11:40:00,23500,PE,392.62,395.95,390.84,391.78,518,32639,0.1456
2025-08-25 11:40:00,23550,CE,994.32,994.2,970.17,994.01,148,33145,0.1471
2025-08-25 11:40:00,23550,PE,394.15,393.62,389.73,392.83,140,28105,0.1438
2025-08-25 11:40:00,23600,CE,932.34,953.88,933.06,938.48,228,31623,0.1474
2025-08-25 11:40:00,23600,PE,397.52,405.56,400.02,401.16,361,32832,0.1457
2025-08-25 11:40:00,23650,CE,890.65,889.94,880.57,883.69,325,34099,0.1436
2025-08-25 11:40:00,23650,PE,386.74,384.43,382.16,384.18,375,32809,0.1492
2025-08-25 11:40:00,23700,CE,847.05,860.1,839.89,842.95,606,33499,0.1458
2025-08-25 11:40:00,23700,PE,378.72,384.33,374.72,378.14,570,35259,0.148
2025-08-25 11:40:00,23750,CE,805.37,811.55,807.15,810.61,251,39761,0.1437
2025-08-25 11:40:00,23750,PE,387.82,393.17,389.55,391.17,423,37185,0.1424
2025-08-25 11:40:00,23800,CE,748.68,783.59,757.28,759.06,309,37461,0.1469
2025-08-25 11:40:00,23800,PE,378.52,380.75,377.9,380.19,318,39286,0.1444
2025-08-25 11:40:00,23850,CE,695.56,718.38,698.77,699.05,856,42740,0.1474
2025-08-25 11:40:00,23850,PE,410.81,411.68,404.89,405.5,301,46505,0.1455
2025-08-25 11:40:00,23900,CE,638.56,646.7,628.53,631.37,50,44890,0.1445
2025-08-25 11:40:00,23900,PE,376.32,383.3,376.65,378.4,790,46491,0.1439
2025-08-25 11:40:00,23950,CE,590.96,593.04,590.04,590.41,649,51989,0.1434
2025-08-25 11:40:00,23950,PE,416.06,413.45,410.84,413.2,456,51806,0.1483
2025-08-25 11:40:00,24000,CE,533.04,545.63,524.13,532.88,403,58443,0.1458
2025-08-25 11:40:00,24000,PE,374.05,378.2,374.37,377.07,430,52879,0.1461
2025-08-25 11:40:00,24050,CE,502.07,500.74,499.49,499.94,1118,58929,0.1458
2025-08-25 11:40:00,24050,PE,379.63,396.86,380.4,385.52,459,62074,0.1397
2025-08-25 11:40:00,24100,CE,450.55,455.65,447.98,448.77,832,69565,0.1417
2025-08-25 11:40:00,24100,PE,382.38,381.52,375.47,379.92,212,64952,0.1448
2025-08-25 11:40:00,24150,CE,401.3,406.44,401.74,401.95,795,72602,0.1473
2025-08-25 11:40:00,24150,PE,382.47,386.71,381.34,385.28,442,72526,0.1439
2025-08-25 11:40:00,24200,CE,372.58,373.63,372.52,373.38,683,85712,0.1446
2025-08-25 11:40:00,24200,PE,463.94,483.88,460.41,464.12,83,80315,0.1468
2025-08-25 11:40:00,24250,CE,386.2,386.76,383.51,383.73,316,79262,0.145
2025-08-25 11:40:00,24250,PE,494.57,496.54,491.0,491.56,1131,70238,0.145
2025-08-25 11:40:00,24300,CE,394.66,397.01,390.47,393.45,1067,66582,0.146
2025-08-25 11:40:00,24300,PE,531.01,536.5,528.17,531.52,913,57611,0.1463
2025-08-25 11:40:00,24350,CE,377.99,378.56,363.06,374.62,864,57403,0.1438
2025-08-25 11:40:00,24350,PE,578.64,587.85,571.45,579.39,57,57054,0.1459
2025-08-25 11:40:00,24400,CE,376.62,378.95,375.53,376.18,466,50551,0.1468
2025-08-25 11:40:00,24400,PE,648.04,653.32,648.07,651.48,811,52735,0.1502
2025-08-25 11:40:00,24450,CE,356.24,362.78,359.95,361.64,534,50591,0.1427
2025-08-25 11:40:00,24450,PE,674.32,676.61,667.47,669.84,92,49673,0.1446
2025-08-25 11:40:00,24500,CE,394.83,391.67,389.99,391.67,566,46726,0.1437
2025-08-25 11:40:00,24500,PE,740.68,745.0,735.17,744.72,714,47694,0.1486
2025-08-25 11:40:00,24550,CE,382.86,381.53,378.35,380.83,347,45106,0.1458
2025-08-25 11:40:00,24550,PE,769.31,775.18,761.84,762.74,26,40813,0.1444
2025-08-25 11:40:00,24600,CE,370.46,376.29,370.35,373.34,103,44545,0.1411
2025-08-25 11:40:00,24600,PE,820.53,825.61,806.17,812.97,628,39535,0.1448
2025-08-25 11:40:00,24650,CE,378.83,376.69,371.19,373.73,157,40773,0.1449
2025-08-25 11:40:00,24650,PE,898.62,905.7,868.63,895.86,370,38504,0.1459
2025-08-25 11:40:00,24700,CE,396.17,398.93,393.8,396.31,159,33641,0.1468
2025-08-25 11:40:00,24700,PE,925.23,935.07,929.71,935.03,508,30221,0.1445
2025-08-25 11:40:00,24750,CE,413.98,420.16,409.58,411.2,472,37824,0.1463
2025-08-25 11:40:00,24750,PE,970.74,974.31,950.54,966.85,494,35189,0.1456
2025-08-25 11:40:00,24800,CE,391.5,397.98,392.68,393.86,527,31887,0.1474
2025-08-25 11:40:00,24800,PE,1036.86,1027.94,1013.9,1024.65,386,36671,0.1436
2025-08-25 11:40:00,24850,CE,414.77,416.26,404.79,414.76,30,32864,0.1464
2025-08-25 11:40:00,24850,PE,1088.8,1090.37,1085.29,1088.36,423,29585,0.1431
2025-08-25 11:40:00,24900,CE,375.05,373.32,369.51,370.97,379,28115,0.1435
2025-08-25 11:40:00,24900,PE,1184.89,1183.9,1171.88,1174.19,153,26407,0.1455
2025-08-25 11:45:00,23500,CE,1115.02,1111.18,1095.2,1102.38,304,31256,0.1427
2025-08-25 11:45:00,23500,PE,402.79,400.98,393.4,400.42,239,32919,0.1445
2025-08-25 11:45:00,23550,CE,1072.14,1075.25,1066.68,1067.36,429,32632,0.1467
2025-08-25 11:45:00,23550,PE,366.68,371.14,368.44,369.52,479,27953,0.1462
2025-08-25 11:45:00,23600,CE,1015.38,1022.79,1012.97,1014.99,416,31720,0.1463
2025-08-25 11:45:00,23600,PE,399.42,403.91,395.22,399.48,249,32487,0.1458
2025-08-25 11:45:00,23650,CE,1009.03,1031.01,1017.95,1019.07,118,34376,0.1457
2025-08-25 11:45:00,23650,PE,429.82,433.6,424.53,425.33,193,32484,0.1451
2025-08-25 11:45:00,23700,CE,933.37,935.71,919.96,928.19,13,33907,0.1498
2025-08-25 11:45:00,23700,PE,419.45,420.17,411.81,413.67,251,35076,0.146
2025-08-25 11:45:00,23750,CE,875.75,876.22,855.37,873.93,252,39879,0.1457
2025-08-25 11:45:00,23750,PE,369.11,376.28,369.6,373.05,323,37237,0.1458
2025-08-25 11:45:00,23800,CE,835.41,844.61,832.07,832.78,204,37216,0.1453
2025-08-25 11:45:00,23800,PE,400.86,401.93,397.77,399.49,611,39212,0.1471
2025-08-25 11:45:00,23850,CE,748.45,756.19,733.01,751.67,740,43155,0.1469
2025-08-25 11:45:00,23850,PE,378.62,384.96,377.12,378.84,544,46563,0.1456
2025-08-25 11:45:00,23900,CE,740.58,749.65,735.41,738.46,691,44356,0.1469
2025-08-25 11:45:00,23900,PE,388.49,394.13,385.05,390.02,417,46746,0.1453
2025-08-25 11:45:00,23950,CE,667.14,662.24,659.57,661.55,110,51607,0.1455
2025-08-25 11:45:00,23950,PE,418.84,416.99,412.82,416.95,72,51789,0.1453
2025-08-25 11:45:00,24000,CE,614.66,623.57,614.48,621.75,541,58405,0.1481
2025-08-25 11:45:00,24000,PE,385.48,387.71,382.58,382.7,69,52862,0.1469
2025-08-25 11:45:00,24050,CE,521.53,536.9,529.88,534.9,972,58366,0.1468
2025-08-25 11:45:00,24050,PE,361.99,360.68,358.07,360.52,852,61800,0.1438
2025-08-25 11:45:00,24100,CE,534.75,539.4,529.4,533.44,110,69025,0.1453
2025-08-25 11:45:00,24100,PE,382.78,383.5,379.43,380.11,35,64849,0.1445
2025-08-25 11:45:00,24150,CE,446.13,451.05,449.65,449.92,708,72747,0.1471
2025-08-25 11:45:00,24150,PE,425.47,426.07,423.54,423.68,134,72710,0.1466
2025-08-25 11:45:00,24200,CE,446.26,450.06,443.18,446.25,1211,85189,0.15
2025-08-25 11:45:00,24200,PE,398.35,400.78,399.99,400.77,1107,79857,0.1449
2025-08-25 11:45:00,24250,CE,397.05,407.39,396.04,396.17,751,79455,0.1448
2025-08-25 11:45:00,24250,PE,391.15,397.92,393.59,395.29,1462,70275,0.1441
2025-08-25 11:45:00,24300,CE,397.34,400.38,395.91,396.42,637,66982,0.1423
2025-08-25 11:45:00,24300,PE,456.94,460.76,452.04,456.94,328,57257,0.1454
2025-08-25 11:45:00,24350,CE,367.06,371.0,361.73,364.29,596,56947,0.1422
2025-08-25 11:45:00,24350,PE,488.43,486.05,480.18,483.32,48,56888,0.1423
2025-08-25 11:45:00,24400,CE,374.25,380.95,368.54,374.83,185,50715,0.1449
2025-08-25 11:45:00,24400,PE,555.94,557.34,554.66,555.8,619,52718,0.1448
2025-08-25 11:45:00,24450,CE,395.99,392.16,387.14,390.86,506,50109,0.1415
2025-08-25 11:45:00,24450,PE,619.28,614.8,604.98,612.23,413,49158,0.1449
2025-08-25 11:45:00,24500,CE,382.95,398.7,386.11,389.97,333,46939,0.1441
2025-08-25 11:45:00,24500,PE,638.22,650.13,645.35,646.16,899,47450,0.1452
2025-08-25 11:45:00,24550,CE,390.76,390.08,381.77,389.43,230,45309,0.1438
2025-08-25 11:45:00,24550,PE,706.16,708.05,697.45,706.17,767,40566,0.1426
2025-08-25 11:45:00,24600,CE,368.07,372.05,365.43,370.33,648,44322,0.1439
2025-08-25 11:45:00,24600,PE,719.04,729.71,715.32,720.98,497,39186,0.1389
2025-08-25 11:45:00,24650,CE,396.67,401.23,399.1,399.21,196,41353,0.1429
2025-08-25 11:45:00,24650,PE,797.1,803.81,788.05,798.16,285,37923,0.1488
2025-08-25 11:45:00,24700,CE,403.24,403.51,396.78,400.74,518,33193,0.1457
2025-08-25 11:45:00,24700,PE,851.65,863.99,855.89,859.74,83,30624,0.1409
2025-08-25 11:45:00,24750,CE,383.99,388.07,382.75,385.71,225,37389,0.1463
2025-08-25 11:45:00,24750,PE,908.89,914.31,908.67,911.32,611,34925,0.1448
2025-08-25 11:45:00,24800,CE,401.48,399.84,395.61,399.07,376,31602,0.1437
2025-08-25 11:45:00,24800,PE,943.34,955.91,938.28,954.9,346,36907,0.1461
2025-08-25 11:45:00,24850,CE,364.71,372.9,364.66,366.77,423,32757,0.1385
2025-08-25 11:45:00,24850,PE,1012.7,1031.84,997.58,1012.42,346,29993,0.1474
2025-08-25 11:45:00,24900,CE,383.52,389.7,378.34,380.71,444,28411,0.1426
2025-08-25 11:45:00,24900,PE,1067.89,1071.71,1064.34,1070.09,215,26444,0.1458
2025-08-25 11:50:00,23500,CE,1151.26,1171.44,1146.7,1147.85,472,30954,0.1464
2025-08-25 11:50:00,23500,PE,387.11,401.35,394.53,395.66,340,33269,0.1442
2025-08-25 11:50:00,23550,CE,1064.0,1091.39,1069.54,1072.8,251,33071,0.1444
2025-08-25 11:50:00,23550,PE,401.35,398.35,394.56,396.88,224,28356,0.1475
2025-08-25 11:50:00,23600,CE,1049.35,1035.17,1025.32,1029.89,351,31182,0.1448
2025-08-25 11:50:00,23600,PE,400.57,405.86,396.58,400.41,447,32724,0.1477
2025-08-25 11:50:00,23650,CE,1009.63,1024.66,1004.51,1018.03,134,34620,0.1491
2025-08-25 11:50:00,23650,PE,391.76,389.55,383.36,387.47,297,33015,0.1447
2025-08-25 11:50:00,23700,CE,930.02,931.71,923.28,927.13,191,33623,0.1446
2025-08-25 11:50:00,23700,PE,405.46,406.62,402.6,405.44,44,35419,0.1448
2025-08-25 11:50:00,23750,CE,881.09,888.51,869.66,885.67,636,40105,0.145
2025-08-25 11:50:00,23750,PE,389.4,395.89,386.28,386.61,245,37691,0.1471
2025-08-25 11:50:00,23800,CE,857.27,867.76,849.99,856.24,183,37447,0.1486
2025-08-25 11:50:00,23800,PE,386.23,386.08,382.46,382.66,416,39634,0.1431
2025-08-25 11:50:00,23850,CE,782.35,786.23,776.53,781.93,721,42986,0.1458
2025-08-25 11:50:00,23850,PE,373.29,376.05,369.34,372.49,81,46152,0.1448
2025-08-25 11:50:00,23900,CE,738.54,739.14,734.82,738.77,595,44192,0.1445
2025-08-25 11:50:00,23900,PE,407.94,419.98,406.49,410.13,123,47124,0.1454
2025-08-25 11:50:00,23950,CE,647.33,663.76,643.24,655.77,570,51164,0.1406
2025-08-25 11:50:00,23950,PE,388.97,382.66,377.47,380.45,625,51954,0.1447
2025-08-25 11:50:00,24000,CE,630.03,647.73,636.08,637.11,940,58990,0.146
2025-08-25 11:50:00,24000,PE,413.07,412.4,404.06,410.55,931,53336,0.1437
2025-08-25 11:50:00,24050,CE,581.57,579.61,571.37,578.25,841,58571,0.1459
2025-08-25 11:50:00,24050,PE,413.94,414.8,403.21,406.8,582,62151,0.1447
2025-08-25 11:50:00,24100,CE,549.14,547.55,543.88,546.78,1140,68564,0.1454
2025-08-25 11:50:00,24100,PE,393.79,396.37,388.78,390.64,177,64847,0.1441
2025-08-25 11:50:00,24150,CE,482.85,505.73,486.16,488.09,408,72785,0.1422
2025-08-25 11:50:00,24150,PE,416.14,422.16,417.75,419.22,431,73049,0.1469
2025-08-25 11:50:00,24200,CE,434.55,455.55,439.61,445.05,1390,84928,0.1453
2025-08-25 11:50:00,24200,PE,410.76,413.09,402.47,407.38,1199,79384,0.1471
2025-08-25 11:50:00,24250,CE,397.78,401.65,395.17,400.26,1418,79692,0.1499
2025-08-25 11:50:00,24250,PE,373.26,376.76,370.18,371.59,1268,70266,0.1445
2025-08-25 11:50:00,24300,CE,385.34,388.88,380.87,381.05,183,67392,0.1422
2025-08-25 11:50:00,24300,PE,461.0,464.29,462.61,464.13,187,57234,0.1456
2025-08-25 11:50:00,24350,CE,378.63,389.33,383.09,383.25,245,57362,0.1464
2025-08-25 11:50:00,24350,PE,529.46,529.28,526.21,527.34,760,56897,0.1463
2025-08-25 11:50:00,24400,CE,398.0,402.92,390.32,394.6,380,51054,0.1462
2025-08-25 11:50:00,24400,PE,488.36,511.42,490.7,493.93,257,52982,0.1425
2025-08-25 11:50:00,24450,CE,364.79,368.52,359.59,365.9,1005,49828,0.1391
2025-08-25 11:50:00,24450,PE,588.61,592.34,586.4,590.11,717,48929,0.1413
2025-08-25 11:50:00,24500,CE,402.6,405.35,401.48,402.44,874,47418,0.1452
2025-08-25 11:50:00,24500,PE,664.23,671.91,657.14,662.36,305,47127,0.1488
2025-08-25 11:50:00,24550,CE,385.27,389.21,380.51,385.07,84,45546,0.1479
2025-08-25 11:50:00,24550,PE,662.79,667.32,652.8,663.67,790,40140,0.141
2025-08-25 11:50:00,24600,CE,416.4,417.73,410.07,416.53,647,44628,0.1463
2025-08-25 11:50:00,24600,PE,748.69,760.62,752.44,754.46,380,38853,0.1428
2025-08-25 11:50:00,24650,CE,379.34,387.3,372.73,376.68,482,41465,0.1468
2025-08-25 11:50:00,24650,PE,793.44,799.35,786.92,792.3,597,38000,0.1462
2025-08-25 11:50:00,24700,CE,396.44,400.4,393.17,397.95,44,32837,0.1484
2025-08-25 11:50:00,24700,PE,847.12,882.02,856.34,858.99,266,30613,0.1444
2025-08-25 11:50:00,24750,CE,401.23,403.71,397.28,400.08,230,37844,0.1424
2025-08-25 11:50:00,24750,PE,895.5,899.67,886.85,897.54,187,35141,0.1449
2025-08-25 11:50:00,24800,CE,388.26,388.08,380.91,382.46,223,32193,0.149
2025-08-25 11:50:00,24800,PE,928.29,942.67,926.0,930.37,551,37248,0.1429
2025-08-25 11:50:00,24850,CE,367.05,366.91,362.5,365.74,435,32929,0.1457
2025-08-25 11:50:00,24850,PE,992.72,992.11,979.47,980.38,336,30068,0.1417
2025-08-25 11:50:00,24900,CE,401.09,401.91,400.83,401.54,22,28935,0.1459
2025-08-25 11:50:00,24900,PE,1029.28,1041.49,1024.67,1031.65,526,26476,0.1442
2025-08-25 11:55:00,23500,CE,1154.8,1177.79,1151.33,1155.02,417,30837,0.1436
2025-08-25 11:55:00,23500,PE,421.75,426.44,420.57,420.64,60,33670,0.1488
2025-08-25 11:55:00,23550,CE,1089.93,1093.02,1083.19,1089.66,260,33599,0.1443
2025-08-25 11:55:00,23550,PE,387.96,393.02,384.87,387.32,113,28330,0.1452
2025-08-25 11:55:00,23600,CE,1068.83,1101.43,1046.94,1064.99,356,30746,0.1457
2025-08-25 11:55:00,23600,PE,403.6,402.04,400.41,400.88,528,32854,0.1442
2025-08-25 11:55:00,23650,CE,1002.0,1020.36,1002.71,1012.68,103,34909,0.1465
2025-08-25 11:55:00,23650,PE,379.63,381.71,375.5,379.53,492,32863,0.1465
2025-08-25 11:55:00,23700,CE,954.22,964.3,953.34,956.06,365,33920,0.1457
2025-08-25 11:55:00,23700,PE,382.18,382.07,377.37,379.84,94,35456,0.1452
2025-08-25 11:55:00,23750,CE,904.55,930.24,910.21,912.84,356,39866,0.1438
2025-08-25 11:55:00,23750,PE,389.71,398.23,386.47,391.11,195,37846,0.1455
2025-08-25 11:55:00,23800,CE,846.71,850.07,831.23,842.9,507,37313,0.1454
2025-08-25 11:55:00,23800,PE,372.46,377.46,373.51,375.15,107,39978,0.1439
2025-08-25 11:55:00,23850,CE,810.18,818.59,810.91,811.42,134,42389,0.1469
2025-08-25 11:55:00,23850,PE,395.66,400.71,391.89,398.77,240,46533,0.145
2025-08-25 11:55:00,23900,CE,767.43,771.92,764.74,771.04,590,43959,0.1487
2025-08-25 11:55:00,23900,PE,374.97,374.63,367.86,374.17,409,47675,0.1455
2025-08-25 11:55:00,23950,CE,680.04,697.08,682.98,692.7,609,51474,0.1462
2025-08-25 11:55:00,23950,PE,397.54,402.05,388.61,394.95,86,51643,0.1462
2025-08-25 11:55:00,24000,CE,657.72,678.32,663.21,666.02,109,59564,0.1448
2025-08-25 11:55:00,24000,PE,385.71,389.59,387.29,388.54,324,53335,0.148
2025-08-25 11:55:00,24050,CE,625.46,641.28,625.82,628.43,565,58598,0.1467
2025-08-25 11:55:00,24050,PE,388.62,385.6,380.74,383.65,68,62642,0.1431
2025-08-25 11:55:00,24100,CE,551.26,559.73,551.21,558.31,440,69066,0.1452
2025-08-25 11:55:00,24100,PE,414.88,422.62,415.7,417.4,866,65083,0.1476
2025-08-25 11:55:00,24150,CE,470.15,472.6,470.3,470.74,898,73359,0.144
2025-08-25 11:55:00,24150,PE,387.85,394.69,385.97,389.51,399,72843,0.1437
2025-08-25 11:55:00,24200,CE,452.02,457.2,453.5,453.91,983,84606,0.1375
2025-08-25 11:55:00,24200,PE,393.17,402.31,397.22,398.84,1173,78819,0.1453
2025-08-25 11:55:00,24250,CE,404.44,398.85,394.21,395.93,1530,79507,0.1465
2025-08-25 11:55:00,24250,PE,407.57,415.37,413.29,413.88,35,70389,0.1469
2025-08-25 11:55:00,24300,CE,426.15,428.26,425.49,428.19,460,67158,0.1478
2025-08-25 11:55:00,24300,PE,410.06,411.85,407.01,410.51,785,57329,0.1447
2025-08-25 11:55:00,24350,CE,413.55,409.25,401.3,407.26,208,56820,0.1459
2025-08-25 11:55:00,24350,PE,486.47,491.37,482.48,484.96,649,56721,0.1477
2025-08-25 11:55:00,24400,CE,393.24,397.74,387.51,393.97,714,51351,0.1487
2025-08-25 11:55:00,24400,PE,513.69,515.02,513.71,513.72,753,52507,0.145
2025-08-25 11:55:00,24450,CE,393.69,397.35,386.96,391.01,1078,50085,0.1453
2025-08-25 11:55:00,24450,PE,563.59,573.64,565.07,565.42,69,49244,0.1461
2025-08-25 11:55:00,24500,CE,386.83,392.21,383.64,386.33,861,47500,0.1446
2025-08-25 11:55:00,24500,PE,617.17,622.53,618.76,619.26,815,47590,0.1467
2025-08-25 11:55:00,24550,CE,401.2,405.16,396.29,402.0,858,46091,0.1456
2025-08-25 11:55:00,24550,PE,673.25,676.24,660.64,673.27,184,39581,0.1493
2025-08-25 11:55:00,24600,CE,380.81,383.04,377.62,379.86,537,44842,0.1473
2025-08-25 11:55:00,24600,PE,753.73,775.25,761.07,763.14,470,38537,0.1466
2025-08-25 11:55:00,24650,CE,417.04,414.65,412.78,414.37,717,41354,0.1458
2025-08-25 11:55:00,24650,PE,761.49,771.25,762.88,768.09,563,38147,0.1445
2025-08-25 11:55:00,24700,CE,360.33,365.47,355.3,361.66,630,33091,0.1413
2025-08-25 11:55:00,24700,PE,805.42,824.42,809.2,817.2,449,31021,0.1459
2025-08-25 11:55:00,24750,CE,400.52,396.59,392.17,396.03,45,38090,0.1474
2025-08-25 11:55:00,24750,PE,838.64,863.08,844.74,844.89,389,35473,0.143
2025-08-25 11:55:00,24800,CE,389.26,393.06,389.17,390.08,145,32311,0.1422
2025-08-25 11:55:00,24800,PE,914.9,911.91,899.11,905.33,182,36788,0.1453
2025-08-25 11:55:00,24850,CE,386.34,389.87,381.36,386.94,337,32354,0.1411
2025-08-25 11:55:00,24850,PE,960.37,973.31,960.46,968.28,62,30103,0.1443
2025-08-25 11:55:00,24900,CE,391.95,396.62,389.82,392.05,493,29193,0.1433
2025-08-25 11:55:00,24900,PE,1046.38,1040.56,1025.87,1036.83,17,26006,0.1458
2025-08-25 12:00:00,23500,CE,1148.74,1141.8,1126.45,1136.93,211,30752,0.1432
2025-08-25 12:00:00,23500,PE,418.06,416.78,409.3,414.91,26,33377,0.1461
2025-08-25 12:00:00,23550,CE,1109.57,1132.51,1110.75,1115.18,71,33679,0.1459
2025-08-25 12:00:00,23550,PE,388.37,390.9,385.43,390.88,335,28198,0.1466
2025-08-25 12:00:00,23600,CE,1042.94,1078.07,1050.54,1062.75,307,30387,0.1472
2025-08-25 12:00:00,23600,PE,366.76,372.05,371.24,371.85,453,32259,0.1446
2025-08-25 12:00:00,23650,CE,998.73,1006.23,993.21,1000.93,287,34694,0.1413
2025-08-25 12:00:00,23650,PE,411.33,408.41,407.42,408.32,258,32882,0.1463
2025-08-25 12:00:00,23700,CE,970.19,992.73,951.73,976.36,387,34435,0.1472
2025-08-25 12:00:00,23700,PE,392.42,401.33,390.41,394.86,338,35128,0.1473
2025-08-25 12:00:00,23750,CE,908.06,911.49,907.59,908.91,336,39880,0.1462
2025-08-25 12:00:00,23750,PE,401.32,403.44,397.7,397.83,548,37925,0.1487
2025-08-25 12:00:00,23800,CE,839.38,850.72,843.27,849.51,587,37492,0.1451
2025-08-25 12:00:00,23800,PE,398.2,399.21,395.75,398.56,390,39772,0.1445
2025-08-25 12:00:00,23850,CE,821.21,837.55,813.28,825.87,194,41908,0.1468
2025-08-25 12:00:00,23850,PE,372.13,374.96,372.14,373.82,402,47038,0.1451
2025-08-25 12:00:00,23900,CE,756.88,759.74,749.95,753.26,22,44502,0.1461
2025-08-25 12:00:00,23900,PE,392.43,393.75,386.28,388.2,672,47600,0.1427
2025-08-25 12:00:00,23950,CE,683.6,702.71,680.35,685.24,275,51570,0.1436
2025-08-25 12:00:00,23950,PE,370.1,381.67,371.41,371.54,726,51077,0.1451
2025-08-25 12:00:00,24000,CE,647.88,659.68,654.4,656.72,423,59020,0.1465
2025-08-25 12:00:00,24000,PE,368.08,370.98,365.48,367.42,600,52827,0.143
2025-08-25 12:00:00,24050,CE,615.1,616.94,613.58,616.4,334,58884,0.1487
2025-08-25 12:00:00,24050,PE,403.36,406.55,403.41,404.03,769,62314,0.1435
2025-08-25 12:00:00,24100,CE,569.82,576.62,563.39,570.85,590,68687,0.1477
2025-08-25 12:00:00,24100,PE,366.86,372.93,363.33,364.65,678,64493,0.1457
2025-08-25 12:00:00,24150,CE,508.51,507.86,501.43,505.66,1045,72786,0.1456
2025-08-25 12:00:00,24150,PE,396.78,404.0,396.5,397.86,787,72729,0.1489
2025-08-25 12:00:00,24200,CE,449.41,454.16,449.2,451.43,346,84656,0.1458
2025-08-25 12:00:00,24200,PE,414.13,410.89,406.59,408.0,228,78913,0.1493
2025-08-25 12:00:00,24250,CE,430.99,435.53,427.16,427.23,1119,79456,0.1479
2025-08-25 12:00:00,24250,PE,407.06,411.11,409.64,410.43,640,70340,0.1457
2025-08-25 12:00:00,24300,CE,398.71,398.82,396.17,397.75,1519,67461,0.1423
2025-08-25 12:00:00,24300,PE,409.22,410.76,403.26,405.05,35,57076,0.1435
2025-08-25 12:00:00,24350,CE,386.53,389.09,378.88,385.12,56,56505,0.1429
2025-08-25 12:00:00,24350,PE,465.78,469.25,462.64,468.17,1071,57146,0.1458
2025-08-25 12:00:00,24400,CE,384.12,383.42,381.5,383.21,561,51578,0.1471
2025-08-25 12:00:00,24400,PE,524.04,531.86,526.02,529.11,458,52479,0.1438
2025-08-25 12:00:00,24450,CE,394.6,402.98,391.62,394.56,894,49815,0.1429
2025-08-25 12:00:00,24450,PE,594.46,598.67,592.0,595.12,354,48807,0.1475
2025-08-25 12:00:00,24500,CE,379.44,383.97,377.87,378.14,224,46944,0.1478
2025-08-25 12:00:00,24500,PE,631.56,640.42,633.54,633.82,794,48012,0.1431
2025-08-25 12:00:00,24550,CE,352.71,365.69,355.64,356.96,381,46203,0.1452
2025-08-25 12:00:00,24550,PE,675.17,683.43,673.31,675.65,231,39035,0.1434
2025-08-25 12:00:00,24600,CE,385.3,382.66,382.22,382.62,425,44432,0.1448
2025-08-25 12:00:00,24600,PE,722.51,728.3,719.25,720.29,691,38272,0.1448
2025-08-25 12:00:00,24650,CE,368.48,366.83,363.49,366.43,557,41069,0.1419
2025-08-25 12:00:00,24650,PE,774.49,789.2,775.0,777.9,105,38205,0.1434
2025-08-25 12:00:00,24700,CE,415.17,414.32,408.66,413.48,137,32970,0.1462
2025-08-25 12:00:00,24700,PE,846.76,842.15,819.44,835.95,213,31479,0.1458
2025-08-25 12:00:00,24750,CE,373.18,374.5,369.47,371.75,334,38353,0.1445
2025-08-25 12:00:00,24750,PE,879.31,895.13,879.37,884.94,389,35965,0.146
2025-08-25 12:00:00,24800,CE,371.66,381.14,373.0,373.63,275,32746,0.1452
2025-08-25 12:00:00,24800,PE,926.37,939.93,930.3,930.55,551,37293,0.145
2025-08-25 12:00:00,24850,CE,392.21,394.07,387.05,387.89,404,32930,0.1417
2025-08-25 12:00:00,24850,PE,964.08,969.82,952.74,969.2,432,29877,0.146
2025-08-25 12:00:00,24900,CE,411.26,409.43,402.65,404.93,93,28844,0.1449
2025-08-25 12:00:00,24900,PE,1014.37,1032.88,1011.76,1024.12,317,25604,0.1448
2025-08-25 12:05:00,23500,CE,1180.41,1179.18,1151.73,1169.49,120,30905,0.1449
2025-08-25 12:05:00,23500,PE,390.59,399.91,391.64,393.88,165,33594,0.1437
2025-08-25 12:05:00,23550,CE,1081.62,1089.41,1078.12,1082.71,504,33184,0.1455
2025-08-25 12:05:00,23550,PE,386.92,390.16,384.06,384.55,326,28583,0.1473
2025-08-25 12:05:00,23600,CE,1066.79,1061.94,1058.73,1060.47,82,30726,0.1451
2025-08-25 12:05:00,23600,PE,406.74,407.37,401.86,406.71,274,32413,0.1478
2025-08-25 12:05:00,23650,CE,1011.71,1007.77,987.85,1001.9,37,34616,0.1435
2025-08-25 12:05:00,23650,PE,371.4,375.84,368.18,371.83,212,32466,0.1467
2025-08-25 12:05:00,23700,CE,939.35,953.78,932.39,934.83,456,34441,0.1465
2025-08-25 12:05:00,23700,PE,391.55,396.21,389.63,393.54,524,34719,0.1425
2025-08-25 12:05:00,23750,CE,901.75,918.25,895.21,895.82,465,40005,0.1481
2025-08-25 12:05:00,23750,PE,393.58,396.45,386.11,391.1,416,37696,0.1441
2025-08-25 12:05:00,23800,CE,852.62,851.49,847.01,847.43,470,37188,0.1449
2025-08-25 12:05:00,23800,PE,377.09,380.07,376.04,376.56,518,39701,0.1435
2025-08-25 12:05:00,23850,CE,805.32,811.55,791.01,802.79,353,42004,0.1466
2025-08-25 12:05:00,23850,PE,393.05,393.59,387.74,392.02,72,46878,0.1472
2025-08-25 12:05:00,23900,CE,735.98,755.13,723.74,735.85,169,45058,0.1454
2025-08-25 12:05:00,23900,PE,418.23,416.29,412.4,413.01,337,47007,0.1502
2025-08-25 12:05:00,23950,CE,731.52,738.29,714.04,724.03,35,52065,0.1481
2025-08-25 12:05:00,23950,PE,419.34,418.65,414.7,418.26,144,50477,0.1465
2025-08-25 12:05:00,24000,CE,637.56,652.36,638.11,641.95,208,58680,0.1462
2025-08-25 12:05:00,24000,PE,429.45,431.78,420.98,427.46,88,53422,0.1493
2025-08-25 12:05:00,24050,CE,620.33,629.78,623.1,625.37,76,59157,0.1448
2025-08-25 12:05:00,24050,PE,406.23,404.49,397.65,404.13,858,62487,0.1438
2025-08-25 12:05:00,24100,CE,542.19,548.71,538.78,545.5,167,68958,0.1468
2025-08-25 12:05:00,24100,PE,387.97,393.79,382.01,383.9,387,64382,0.144
2025-08-25 12:05:00,24150,CE,486.83,488.12,482.39,486.76,338,73127,0.1429
2025-08-25 12:05:00,24150,PE,405.98,401.98,395.73,400.96,754,72314,0.1448
2025-08-25 12:05:00,24200,CE,450.72,457.35,450.35,456.13,615,85008,0.1458
2025-08-25 12:05:00,24200,PE,395.39,394.97,393.56,394.64,1384,79440,0.1488
2025-08-25 12:05:00,24250,CE,393.52,392.45,389.98,391.56,257,79885,0.1438
2025-08-25 12:05:00,24250,PE,357.46,366.01,359.32,361.43,991,70627,0.145
2025-08-25 12:05:00,24300,CE,380.99,390.29,382.36,384.62,624,67642,0.1449
2025-08-25 12:05:00,24300,PE,436.37,443.52,438.73,439.33,427,57101,0.1491
2025-08-25 12:05:00,24350,CE,356.67,367.61,357.73,358.58,325,56379,0.144
2025-08-25 12:05:00,24350,PE,462.69,476.23,461.07,462.5,569,57584,0.1444
2025-08-25 12:05:00,24400,CE,430.04,438.64,430.02,431.42,761,51754,0.1477
2025-08-25 12:05:00,24400,PE,534.18,540.32,529.65,534.46,354,52400,0.1462
2025-08-25 12:05:00,24450,CE,403.87,409.26,402.88,404.82,515,50156,0.1457
2025-08-25 12:05:00,24450,PE,554.66,559.95,556.73,559.08,213,48271,0.1443
2025-08-25 12:05:00,24500,CE,396.35,410.51,398.45,404.74,496,47319,0.1451
2025-08-25 12:05:00,24500,PE,617.76,631.06,619.46,620.99,714,48384,0.1447
2025-08-25 12:05:00,24550,CE,371.96,372.53,364.94,372.45,355,45877,0.1432
2025-08-25 12:05:00,24550,PE,714.83,710.68,699.87,706.73,587,38480,0.1506
2025-08-25 12:05:00,24600,CE,367.67,376.36,369.44,372.44,727,44688,0.1455
2025-08-25 12:05:00,24600,PE,770.85,767.05,761.83,766.63,414,37911,0.1469
2025-08-25 12:05:00,24650,CE,384.87,385.79,378.53,384.48,197,41664,0.1472
2025-08-25 12:05:00,24650,PE,790.47,782.59,776.96,777.06,22,37616,0.1428
2025-08-25 12:05:00,24700,CE,395.02,397.91,390.76,397.04,250,32645,0.145
2025-08-25 12:05:00,24700,PE,839.82,838.0,831.45,833.84,475,30929,0.1437
2025-08-25 12:05:00,24750,CE,415.49,423.29,409.31,414.25,514,38692,0.1425
2025-08-25 12:05:00,24750,PE,872.43,880.92,868.7,872.69,157,36059,0.1426
2025-08-25 12:05:00,24800,CE,381.13,395.57,385.14,385.43,414,33164,0.1436
2025-08-25 12:05:00,24800,PE,914.09,910.51,895.74,907.63,451,37848,0.1411
2025-08-25 12:05:00,24850,CE,363.02,365.17,363.82,364.19,75,33062,0.1432
2025-08-25 12:05:00,24850,PE,954.15,968.59,963.77,966.26,447,29555,0.146
2025-08-25 12:05:00,24900,CE,401.84,409.47,405.32,405.42,126,28355,0.1453
2025-08-25 12:05:00,24900,PE,1022.56,1021.78,1010.65,1019.77,537,26043,0.143
2025-08-25 12:10:00,23500,CE,1139.1,1149.22,1114.2,1139.5,65,30599,0.1443
2025-08-25 12:10:00,23500,PE,375.57,382.31,369.67,373.23,225,34066,0.1451
2025-08-25 12:10:00,23550,CE,1101.28,1123.63,1100.34,1107.64,420,33637,0.1469
2025-08-25 12:10:00,23550,PE,375.12,377.98,374.79,377.34,421,28736,0.141
2025-08-25 12:10:00,23600,CE,1061.21,1070.03,1050.47,1057.12,161,30850,0.1491
2025-08-25 12:10:00,23600,PE,393.16,396.35,393.15,393.43,268,32953,0.1479
2025-08-25 12:10:00,23650,CE,996.47,1010.63,987.05,993.06,258,34923,0.1441
2025-08-25 12:10:00,23650,PE,380.32,381.42,373.3,377.72,105,32685,0.1442
2025-08-25 12:10:00,23700,CE,966.32,969.13,952.09,954.09,277,34363,0.1423
2025-08-25 12:10:00,23700,PE,394.27,395.43,386.1,388.4,454,34699,0.1433
2025-08-25 12:10:00,23750,CE,894.87,886.82,877.25,879.4,47,39871,0.1441
2025-08-25 12:10:00,23750,PE,383.65,389.04,381.04,383.17,613,38231,0.1441
2025-08-25 12:10:00,23800,CE,840.19,842.29,830.92,832.59,422,37353,0.1409
2025-08-25 12:10:00,23800,PE,389.55,392.84,386.96,390.34,187,40037,0.1445
2025-08-25 12:10:00,23850,CE,807.05,823.11,802.83,806.52,442,41448,0.1474
2025-08-25 12:10:00,23850,PE,422.34,431.35,413.72,422.66,693,47300,0.1472
2025-08-25 12:10:00,23900,CE,729.29,752.64,740.04,743.98,76,44959,0.1458
2025-08-25 12:10:00,23900,PE,408.03,418.55,411.24,414.1,588,47291,0.1461
2025-08-25 12:10:00,23950,CE,699.21,705.28,697.44,700.2,154,51513,0.1486
2025-08-25 12:10:00,23950,PE,410.04,415.04,413.15,413.78,841,50949,0.1468
2025-08-25 12:10:00,24000,CE,617.83,630.78,606.33,619.35,693,58871,0.1474
2025-08-25 12:10:00,24000,PE,396.86,400.86,394.16,395.37,646,53371,0.145
2025-08-25 12:10:00,24050,CE,598.15,601.3,596.52,598.35,710,58921,0.1423
2025-08-25 12:10:00,24050,PE,383.7,389.49,379.04,383.08,101,62260,0.1437
2025-08-25 12:10:00,24100,CE,534.71,541.65,529.1,534.74,351,68722,0.1447
2025-08-25 12:10:00,24100,PE,357.75,364.67,350.3,359.88,551,63939,0.1414
2025-08-25 12:10:00,24150,CE,490.22,488.87,484.45,488.8,542,73083,0.1406
2025-08-25 12:10:00,24150,PE,399.15,401.36,394.46,398.34,261,72258,0.1504
2025-08-25 12:10:00,24200,CE,462.16,469.14,455.14,462.7,1014,84902,0.1452
2025-08-25 12:10:00,24200,PE,354.15,355.04,349.77,351.38,28,79683,0.146
2025-08-25 12:10:00,24250,CE,376.17,378.53,377.57,378.03,1027,79788,0.1444
2025-08-25 12:10:00,24250,PE,374.41,382.33,372.12,374.64,68,70133,0.1422
2025-08-25 12:10:00,24300,CE,415.76,416.2,412.01,415.38,147,68064,0.1437
2025-08-25 12:10:00,24300,PE,416.35,417.35,413.99,416.43,498,57011,0.1427
2025-08-25 12:10:00,24350,CE,388.46,392.26,384.56,387.42,944,56565,0.1437
2025-08-25 12:10:00,24350,PE,464.93,472.91,458.66,466.21,107,58099,0.1453
2025-08-25 12:10:00,24400,CE,399.14,402.81,392.74,393.99,329,52074,0.1432
2025-08-25 12:10:00,24400,PE,525.12,524.8,514.51,520.23,991,52446,0.144
2025-08-25 12:10:00,24450,CE,395.62,400.01,393.3,397.17,186,50210,0.1443
2025-08-25 12:10:00,24450,PE,603.33,603.25,587.85,599.64,272,48690,0.1468
2025-08-25 12:10:00,24500,CE,396.89,404.16,399.2,399.4,728,47707,0.1473
2025-08-25 12:10:00,24500,PE,660.6,659.14,651.58,655.84,798,47998,0.1447
2025-08-25 12:10:00,24550,CE,418.89,420.01,411.51,414.09,40,46028,0.1465
2025-08-25 12:10:00,24550,PE,636.98,652.43,634.51,639.52,543,38918,0.1444
2025-08-25 12:10:00,24600,CE,411.65,412.19,407.0,410.94,518,45051,0.1435
2025-08-25 12:10:00,24600,PE,698.17,708.95,702.39,704.67,289,37460,0.1441
2025-08-25 12:10:00,24650,CE,378.52,381.77,379.46,381.2,40,41586,0.1463
2025-08-25 12:10:00,24650,PE,761.9,766.92,763.8,764.61,13,37637,0.1419
2025-08-25 12:10:00,24700,CE,396.37,396.97,388.99,393.06,284,32354,0.1449
2025-08-25 12:10:00,24700,PE,836.77,844.47,824.3,827.98,414,31144,0.1428
2025-08-25 12:10:00,24750,CE,369.3,377.54,365.35,368.11,36,38663,0.1454
2025-08-25 12:10:00,24750,PE,886.06,894.43,882.91,888.64,610,35816,0.1456
2025-08-25 12:10:00,24800,CE,368.0,379.45,370.42,371.22,477,32968,0.1426
2025-08-25 12:10:00,24800,PE,906.63,924.46,889.98,905.94,172,38276,0.1435
2025-08-25 12:10:00,24850,CE,376.5,379.1,377.29,377.4,210,33501,0.1441
2025-08-25 12:10:00,24850,PE,995.85,1021.11,992.52,992.77,379,29929,0.1455
2025-08-25 12:10:00,24900,CE,364.82,365.84,363.8,364.16,444,28851,0.1442
2025-08-25 12:10:00,24900,PE,1050.83,1055.2,1048.43,1051.79,305,26585,0.1465
2025-08-25 12:15:00,23500,CE,1222.64,1221.42,1208.83,1210.81,34,30589,0.1474
2025-08-25 12:15:00,23500,PE,390.13,389.28,386.31,388.69,188,33582,0.1467
2025-08-25 12:15:00,23550,CE,1146.38,1159.3,1137.88,1143.87,424,33997,0.1462
2025-08-25 12:15:00,23550,PE,396.34,396.02,390.96,394.67,365,28896,0.1429
2025-08-25 12:15:00,23600,CE,1065.7,1066.13,1056.19,1063.74,310,30706,0.1438
2025-08-25 12:15:00,23600,PE,411.22,419.23,417.07,417.53,351,33523,0.1484
2025-08-25 12:15:00,23650,CE,1047.51,1069.38,1036.22,1054.34,141,34729,0.1435
2025-08-25 12:15:00,23650,PE,374.11,372.43,368.18,372.32,66,33174,0.1452
2025-08-25 12:15:00,23700,CE,993.69,1008.43,983.03,990.43,305,34474,0.1444
2025-08-25 12:15:00,23700,PE,401.88,408.09,393.88,398.98,158,34142,0.1481
2025-08-25 12:15:00,23750,CE,928.1,956.73,940.42,942.82,486,40303,0.1456
2025-08-25 12:15:00,23750,PE,387.21,391.93,385.85,391.68,211,38545,0.1437
2025-08-25 12:15:00,23800,CE,912.76,915.69,895.18,907.95,371,37523,0.1493
2025-08-25 12:15:00,23800,PE,409.88,409.57,404.96,406.94,119,40174,0.1397
2025-08-25 12:15:00,23850,CE,847.61,867.95,844.36,844.98,119,41110,0.1435
2025-08-25 12:15:00,23850,PE,370.08,376.9,372.15,372.2,251,46957,0.1437
2025-08-25 12:15:00,23900,CE,781.51,800.7,770.3,781.92,669,44394,0.1464
2025-08-25 12:15:00,23900,PE,386.05,386.11,377.3,384.41,666,46875,0.1447
2025-08-25 12:15:00,23950,CE,733.93,746.69,730.17,739.61,692,51316,0.1438
2025-08-25 12:15:00,23950,PE,403.54,406.2,403.22,405.17,732,50997,0.1472
2025-08-25 12:15:00,24000,CE,712.21,705.81,692.5,703.66,429,58427,0.1431
2025-08-25 12:15:00,24000,PE,410.54,410.18,407.66,409.38,381,53440,0.1427
2025-08-25 12:15:00,24050,CE,625.1,641.45,629.88,631.57,928,58636,0.1433
2025-08-25 12:15:00,24050,PE,373.8,381.55,371.69,376.91,92,61964,0.1471
2025-08-25 12:15:00,24100,CE,607.46,628.12,607.29,613.91,266,69259,0.1474
2025-08-25 12:15:00,24100,PE,370.08,382.76,369.64,369.83,170,64529,0.144
2025-08-25 12:15:00,24150,CE,540.78,545.46,534.52,542.14,148,73456,0.1484
2025-08-25 12:15:00,24150,PE,421.08,423.46,420.28,420.85,493,71723,0.1486
2025-08-25 12:15:00,24200,CE,460.75,475.24,458.59,465.11,816,85176,0.146
2025-08-25 12:15:00,24200,PE,388.57,400.35,385.87,390.42,1107,79297,0.1411
2025-08-25 12:15:00,24250,CE,430.44,428.28,426.79,427.43,945,79871,0.144
2025-08-25 12:15:00,24250,PE,366.33,374.19,363.22,367.91,685,70605,0.1451
2025-08-25 12:15:00,24300,CE,420.8,416.02,414.06,415.73,773,67920,0.1469
2025-08-25 12:15:00,24300,PE,403.98,421.74,405.47,408.68,952,57525,0.145
2025-08-25 12:15:00,24350,CE,371.81,374.06,365.05,371.79,1333,56815,0.1433
2025-08-25 12:15:00,24350,PE,397.17,400.24,394.78,399.98,147,57860,0.1436
2025-08-25 12:15:00,24400,CE,394.77,396.96,388.27,391.21,41,51587,0.1466
2025-08-25 12:15:00,24400,PE,490.53,490.75,484.57,489.12,1109,52824,0.1475
2025-08-25 12:15:00,24450,CE,372.62,374.21,370.55,373.67,137,50159,0.1452
2025-08-25 12:15:00,24450,PE,542.68,548.24,541.56,544.33,341,48177,0.1452
2025-08-25 12:15:00,24500,CE,365.19,370.82,364.09,368.58,411,47230,0.1405
2025-08-25 12:15:00,24500,PE,599.87,611.16,601.03,604.9,777,48558,0.1479
2025-08-25 12:15:00,24550,CE,379.45,388.4,379.04,383.69,410,45719,0.1483
2025-08-25 12:15:00,24550,PE,664.4,661.32,656.75,659.89,482,39477,0.1452
2025-08-25 12:15:00,24600,CE,382.3,382.31,375.68,380.2,150,45268,0.1401
2025-08-25 12:15:00,24600,PE,686.11,699.5,676.51,682.79,93,37220,0.1439
2025-08-25 12:15:00,24650,CE,375.31,381.12,378.0,378.39,358,41446,0.1457
2025-08-25 12:15:00,24650,PE,724.21,743.63,716.09,723.77,153,37969,0.1432
2025-08-25 12:15:00,24700,CE,389.73,385.51,378.97,384.96,501,32276,0.1426
2025-08-25 12:15:00,24700,PE,801.59,799.72,786.87,793.76,316,30633,0.143
2025-08-25 12:15:00,24750,CE,431.49,435.53,430.38,434.03,458,38338,0.1454
2025-08-25 12:15:00,24750,PE,815.45,824.55,811.45,820.09,215,36248,0.1449
2025-08-25 12:15:00,24800,CE,391.51,394.93,392.45,393.32,417,33203,0.1434
2025-08-25 12:15:00,24800,PE,865.72,885.23,857.42,868.27,178,38277,0.1417
2025-08-25 12:15:00,24850,CE,394.5,394.41,390.46,391.05,18,33195,0.1429
2025-08-25 12:15:00,24850,PE,930.93,942.77,923.63,926.64,486,29898,0.1446
2025-08-25 12:15:00,24900,CE,395.69,400.53,390.96,396.85,365,29197,0.1437
2025-08-25 12:15:00,24900,PE,991.76,1007.14,995.72,1004.65,535,26082,0.1469
2025-08-25 12:20:00,23500,CE,1169.96,1165.02,1156.42,1163.69,277,31182,0.1451
2025-08-25 12:20:00,23500,PE,395.21,400.16,392.3,392.36,100,34013,0.1451
2025-08-25 12:20:00,23550,CE,1082.72,1100.8,1085.56,1095.16,290,33778,0.145
2025-08-25 12:20:00,23550,PE,375.36,382.53,369.84,375.68,389,29340,0.1401
2025-08-25 12:20:00,23600,CE,1073.26,1094.5,1048.73,1071.65,81,30924,0.1485
2025-08-25 12:20:00,23600,PE,386.31,394.66,386.98,389.87,488,33722,0.1459
2025-08-25 12:20:00,23650,CE,1022.65,1035.36,1018.95,1030.19,304,34296,0.1477
2025-08-25 12:20:00,23650,PE,399.17,408.46,405.94,406.12,252,33661,0.1432
2025-08-25 12:20:00,23700,CE,952.09,979.0,952.01,954.65,466,34414,0.143
2025-08-25 12:20:00,23700,PE,366.81,376.94,370.15,373.82,186,34505,0.1427
2025-08-25 12:20:00,23750,CE,924.41,924.94,907.97,916.06,597,40062,0.1419
2025-08-25 12:20:00,23750,PE,373.65,378.43,371.34,372.13,502,38314,0.1451
2025-08-25 12:20:00,23800,CE,848.39,867.64,849.34,849.63,546,38080,0.1404
2025-08-25 12:20:00,23800,PE,420.45,431.88,422.47,423.81,439,40169,0.1446
2025-08-25 12:20:00,23850,CE,849.45,851.03,834.64,836.42,229,40581,0.1435
2025-08-25 12:20:00,23850,PE,400.31,402.73,398.33,399.51,47,47359,0.1419
2025-08-25 12:20:00,23900,CE,778.2,787.36,778.2,781.28,505,44066,0.1459
2025-08-25 12:20:00,23900,PE,383.26,381.18,373.91,379.86,424,47329,0.1436
2025-08-25 12:20:00,23950,CE,694.3,709.16,691.02,701.48,535,51815,0.1456
2025-08-25 12:20:00,23950,PE,384.8,387.27,383.7,384.25,108,50484,0.1466
2025-08-25 12:20:00,24000,CE,667.94,672.6,671.07,672.25,600,58525,0.1431
2025-08-25 12:20:00,24000,PE,368.08,374.03,370.87,372.4,619,54017,0.1444
2025-08-25 12:20:00,24050,CE,612.51,623.0,610.8,612.92,121,59153,0.1452
2025-08-25 12:20:00,24050,PE,423.24,421.43,410.34,419.37,74,61994,0.146
2025-08-25 12:20:00,24100,CE,523.55,534.02,525.82,528.9,907,69475,0.145
2025-08-25 12:20:00,24100,PE,383.3,391.88,383.62,383.91,256,64654,0.1413
2025-08-25 12:20:00,24150,CE,548.39,547.55,538.0,542.78,1102,73099,0.1421
2025-08-25 12:20:00,24150,PE,419.24,422.91,417.83,418.25,1145,71906,0.1436
2025-08-25 12:20:00,24200,CE,466.55,465.56,460.27,461.68,141,84975,0.1423
2025-08-25 12:20:00,24200,PE,379.07,382.56,376.88,379.99,1201,79102,0.1427
2025-08-25 12:20:00,24250,CE,415.97,415.85,410.73,411.95,1530,79774,0.1455
2025-08-25 12:20:00,24250,PE,401.67,409.68,400.1,403.66,570,71027,0.1473
2025-08-25 12:20:00,24300,CE,388.12,394.6,389.9,391.34,1332,67606,0.1441
2025-08-25 12:20:00,24300,PE,408.22,414.98,412.07,412.29,1324,57225,0.1473
2025-08-25 12:20:00,24350,CE,378.14,382.93,374.26,380.52,1296,56223,0.1464
2025-08-25 12:20:00,24350,PE,452.3,446.03,443.06,444.27,964,57446,0.1435
2025-08-25 12:20:00,24400,CE,429.1,430.55,423.86,424.06,860,52161,0.1468
2025-08-25 12:20:00,24400,PE,517.93,516.47,505.78,512.31,849,52744,0.1455
2025-08-25 12:20:00,24450,CE,375.79,378.86,374.36,374.65,926,49793,0.143
2025-08-25 12:20:00,24450,PE,539.38,544.82,532.91,536.11,617,48735,0.1441
2025-08-25 12:20:00,24500,CE,403.43,406.43,401.05,402.59,369,46662,0.1407
2025-08-25 12:20:00,24500,PE,603.69,630.38,613.14,613.32,454,48538,0.1438
2025-08-25 12:20:00,24550,CE,406.08,407.58,392.72,403.08,746,46084,0.1452
2025-08-25 12:20:00,24550,PE,671.43,663.82,652.72,660.07,321,39804,0.1466
2025-08-25 12:20:00,24600,CE,374.52,379.65,372.68,377.53,131,44895,0.1431
2025-08-25 12:20:00,24600,PE,670.89,686.76,673.89,679.12,512,37469,0.1425
2025-08-25 12:20:00,24650,CE,376.6,378.42,369.44,374.41,626,41592,0.1483
2025-08-25 12:20:00,24650,PE,780.44,781.94,780.49,780.96,110,38179,0.1477
2025-08-25 12:20:00,24700,CE,400.69,399.6,395.99,398.35,314,31995,0.1451
2025-08-25 12:20:00,24700,PE,808.99,828.98,806.55,810.21,251,31005,0.1414
2025-08-25 12:20:00,24750,CE,386.93,389.14,388.36,388.59,128,38409,0.1446
2025-08-25 12:20:00,24750,PE,881.02,877.91,865.05,872.79,65,36518,0.1455
2025-08-25 12:20:00,24800,CE,364.02,369.83,361.55,365.07,102,33730,0.145
2025-08-25 12:20:00,24800,PE,903.95,906.04,885.1,897.23,555,38703,0.1443
2025-08-25 12:20:00,24850,CE,389.65,397.8,384.51,386.1,212,33533,0.1459
2025-08-25 12:20:00,24850,PE,988.01,1007.33,964.69,981.59,87,29645,0.1436
2025-08-25 12:20:00,24900,CE,377.63,372.31,371.83,371.93,81,28661,0.1417
2025-08-25 12:20:00,24900,PE,983.76,988.14,980.44,986.0,210,26171,0.1448
2025-08-25 12:25:00,23500,CE,1212.43,1210.23,1200.49,1201.98,402,30623,0.146
2025-08-25 12:25:00,23500,PE,399.53,412.1,396.16,402.07,193,34270,0.1463
2025-08-25 12:25:00,23550,CE,1156.33,1152.69,1132.04,1140.35,104,34062,0.144
2025-08-25 12:25:00,23550,PE,387.4,399.29,394.98,397.01,281,29415,0.1487
2025-08-25 12:25:00,23600,CE,1080.05,1105.43,1073.87,1097.01,71,30525,0.1475
2025-08-25 12:25:00,23600,PE,378.51,391.42,377.13,382.17,451,34172,0.1486
2025-08-25 12:25:00,23650,CE,1057.97,1056.84,1039.97,1048.87,249,34411,0.1467
2025-08-25 12:25:00,23650,PE,384.26,393.57,382.68,385.05,297,33678,0.1467
2025-08-25 12:25:00,23700,CE,981.94,998.48,991.61,994.01,409,34495,0.1454
2025-08-25 12:25:00,23700,PE,392.89,396.93,383.09,392.29,79,34004,0.1413
2025-08-25 12:25:00,23750,CE,905.01,920.31,908.05,911.36,517,40350,0.1433
2025-08-25 12:25:00,23750,PE,408.95,407.01,399.37,404.96,128,37786,0.1471
2025-08-25 12:25:00,23800,CE,884.8,888.69,874.15,883.09,150,38174,0.1502
2025-08-25 12:25:00,23800,PE,388.5,398.83,387.75,392.8,381,39772,0.1464
2025-08-25 12:25:00,23850,CE,846.86,848.05,842.23,844.78,130,40230,0.1457
2025-08-25 12:25:00,23850,PE,400.24,407.07,403.51,405.6,312,47038,0.1423
2025-08-25 12:25:00,23900,CE,826.61,830.11,818.64,828.58,344,43483,0.1488
2025-08-25 12:25:00,23900,PE,378.27,380.02,375.71,378.27,694,47799,0.145
2025-08-25 12:25:00,23950,CE,729.87,724.96,719.17,721.6,279,52180,0.1421
2025-08-25 12:25:00,23950,PE,397.94,406.34,397.84,397.94,434,49921,0.1449
2025-08-25 12:25:00,24000,CE,719.7,738.08,711.61,712.25,257,57993,0.1455
2025-08-25 12:25:00,24000,PE,423.96,422.9,418.36,418.58,620,54356,0.1478
2025-08-25 12:25:00,24050,CE,628.76,628.43,612.53,618.72,594,58561,0.1418
2025-08-25 12:25:00,24050,PE,397.22,406.86,397.08,400.24,236,61956,0.1429
2025-08-25 12:25:00,24100,CE,596.34,595.7,588.69,592.0,167,69003,0.1468
2025-08-25 12:25:00,24100,PE,396.14,393.02,391.16,392.27,332,64763,0.1453
2025-08-25 12:25:00,24150,CE,539.52,540.71,530.47,534.0,121,73697,0.1456
2025-08-25 12:25:00,24150,PE,366.91,368.14,361.6,367.47,551,71512,0.1436
2025-08-25 12:25:00,24200,CE,474.05,485.19,471.9,473.4,48,85523,0.144
2025-08-25 12:25:00,24200,PE,407.24,405.7,404.28,404.89,803,79540,0.1449
2025-08-25 12:25:00,24250,CE,434.15,436.43,429.96,434.36,1203,80357,0.1455
2025-08-25 12:25:00,24250,PE,404.22,405.3,399.94,402.88,1374,71346,0.1473
2025-08-25 12:25:00,24300,CE,405.62,415.09,408.25,408.33,1515,68034,0.144
2025-08-25 12:25:00,24300,PE,381.32,385.63,373.53,381.08,474,57338,0.1472
2025-08-25 12:25:00,24350,CE,394.38,396.12,391.98,394.44,1487,56663,0.1465
2025-08-25 12:25:00,24350,PE,456.35,460.14,450.58,453.58,180,56979,0.1437
2025-08-25 12:25:00,24400,CE,404.14,408.2,402.31,403.84,279,52450,0.1456
2025-08-25 12:25:00,24400,PE,518.1,520.58,514.56,518.54,528,52898,0.1437
2025-08-25 12:25:00,24450,CE,411.24,413.04,408.45,409.69,178,49264,0.1456
2025-08-25 12:25:00,24450,PE,551.25,552.08,532.52,543.09,897,48484,0.1448
2025-08-25 12:25:00,24500,CE,369.45,375.05,371.88,373.26,61,46321,0.1428
2025-08-25 12:25:00,24500,PE,602.4,604.5,595.31,597.74,346,48424,0.1439
2025-08-25 12:25:00,24550,CE,404.43,407.02,398.31,402.47,845,45722,0.1472
2025-08-25 12:25:00,24550,PE,635.96,636.6,626.5,629.07,574,39533,0.1486
2025-08-25 12:25:00,24600,CE,365.16,377.18,364.46,370.33,435,44650,0.1427
2025-08-25 12:25:00,24600,PE,663.56,665.38,650.71,661.94,305,37588,0.1468
2025-08-25 12:25:00,24650,CE,421.47,427.18,419.12,420.41,471,41153,0.1446
2025-08-25 12:25:00,24650,PE,716.05,734.57,720.7,721.09,135,37868,0.1418
2025-08-25 12:25:00,24700,CE,386.33,386.89,380.13,385.38,660,31775,0.1454
2025-08-25 12:25:00,24700,PE,811.93,810.32,803.31,803.62,428,30943,0.1468
2025-08-25 12:25:00,24750,CE,383.61,381.9,376.82,381.27,249,37854,0.143
2025-08-25 12:25:00,24750,PE,820.5,826.64,810.71,821.23,307,37117,0.1456
2025-08-25 12:25:00,24800,CE,379.78,382.91,377.15,380.19,602,33490,0.1442
2025-08-25 12:25:00,24800,PE,905.27,908.76,889.16,903.83,345,38447,0.1459
2025-08-25 12:25:00,24850,CE,386.24,385.23,377.85,381.62,554,33598,0.1446
2025-08-25 12:25:00,24850,PE,951.14,976.84,946.94,950.63,553,30069,0.1484
2025-08-25 12:25:00,24900,CE,383.22,387.11,380.24,384.35,191,28609,0.1482
2025-08-25 12:25:00,24900,PE,1004.45,1014.57,1010.28,1013.39,326,25869,0.1443
2025-08-25 12:30:00,23500,CE,1169.77,1187.6,1158.87,1175.56,389,30702,0.1444
2025-08-25 12:30:00,23500,PE,429.8,437.88,430.38,431.65,102,34249,0.1491
2025-08-25 12:30:00,23550,CE,1127.37,1141.71,1125.65,1138.73,403,33969,0.1468
2025-08-25 12:30:00,23550,PE,397.87,391.05,387.18,390.38,350,29995,0.1454
2025-08-25 12:30:00,23600,CE,1106.58,1107.65,1093.0,1094.13,178,31120,0.1451
2025-08-25 12:30:00,23600,PE,416.85,424.77,420.6,421.45,218,34246,0.1461
2025-08-25 12:30:00,23650,CE,1027.49,1024.24,1004.47,1022.69,421,33892,0.1476
2025-08-25 12:30:00,23650,PE,355.93,358.54,352.03,353.53,383,33758,0.1439
2025-08-25 12:30:00,23700,CE,974.12,969.03,962.85,965.12,379,35037,0.1453
2025-08-25 12:30:00,23700,PE,404.24,406.29,399.41,400.77,283,34514,0.1472
2025-08-25 12:30:00,23750,CE,946.45,943.46,926.65,943.04,349,40008,0.1464
2025-08-25 12:30:00,23750,PE,369.99,375.49,368.84,369.29,400,37414,0.1447
2025-08-25 12:30:00,23800,CE,902.07,906.94,897.1,900.86,584,37756,0.1484
2025-08-25 12:30:00,23800,PE,390.67,400.9,395.25,396.51,328,40155,0.1446
2025-08-25 12:30:00,23850,CE,818.76,845.52,833.9,839.15,17,40218,0.1436
2025-08-25 12:30:00,23850,PE,410.21,411.91,407.77,408.06,356,46843,0.1455
2025-08-25 12:30:00,23900,CE,793.59,796.39,787.86,793.85,505,43272,0.1433
2025-08-25 12:30:00,23900,PE,371.44,370.14,368.17,369.09,286,47529,0.144
2025-08-25 12:30:00,23950,CE,775.72,776.93,763.24,774.24,507,52639,0.1462
2025-08-25 12:30:00,23950,PE,398.43,397.26,393.18,395.23,153,49812,0.1467
2025-08-25 12:30:00,24000,CE,674.0,679.57,658.52,671.0,208,57685,0.142
2025-08-25 12:30:00,24000,PE,381.79,380.98,377.63,380.07,850,54608,0.1447
2025-08-25 12:30:00,24050,CE,628.07,640.06,621.72,632.82,907,58723,0.1441
2025-08-25 12:30:00,24050,PE,367.29,371.61,362.36,366.65,644,62214,0.145
2025-08-25 12:30:00,24100,CE,566.83,571.23,561.21,568.16,698,69389,0.1451
2025-08-25 12:30:00,24100,PE,400.52,405.56,397.17,400.87,358,64284,0.1416
2025-08-25 12:30:00,24150,CE,537.78,542.16,533.27,537.25,589,73099,0.146
2025-08-25 12:30:00,24150,PE,403.48,399.58,394.27,397.26,74,70972,0.1452
2025-08-25 12:30:00,24200,CE,468.02,468.7,464.08,465.53,124,85771,0.1449
2025-08-25 12:30:00,24200,PE,397.9,398.68,396.8,397.91,814,80061,0.1464
2025-08-25 12:30:00,24250,CE,420.25,426.53,421.59,425.42,469,80154,0.1426
2025-08-25 12:30:00,24250,PE,422.47,421.6,419.56,420.22,776,71683,0.1458
2025-08-25 12:30:00,24300,CE,366.4,373.15,370.46,372.8,1636,68309,0.1451
2025-08-25 12:30:00,24300,PE,374.65,375.53,373.31,375.26,904,57911,0.1443
2025-08-25 12:30:00,24350,CE,377.06,379.14,373.29,375.4,290,56627,0.144
2025-08-25 12:30:00,24350,PE,462.84,469.71,459.27,463.77,386,56578,0.1484
2025-08-25 12:30:00,24400,CE,379.37,382.38,378.57,379.56,528,52768,0.1426
2025-08-25 12:30:00,24400,PE,519.47,520.75,518.4,518.74,430,53280,0.1462
2025-08-25 12:30:00,24450,CE,386.03,387.21,383.62,387.05,710,49512,0.1487
2025-08-25 12:30:00,24450,PE,559.19,556.13,548.12,555.6,293,48919,0.1461
2025-08-25 12:30:00,24500,CE,374.98,374.94,367.97,372.03,223,46166,0.1476
2025-08-25 12:30:00,24500,PE,632.13,626.87,619.31,622.72,811,48652,0.1466
2025-08-25 12:30:00,24550,CE,380.29,385.29,376.42,381.41,290,45438,0.1446
2025-08-25 12:30:00,24550,PE,622.65,629.64,628.63,628.84,413,39468,0.1467
2025-08-25 12:30:00,24600,CE,378.69,385.33,376.68,380.21,64,44340,0.1421
2025-08-25 12:30:00,24600,PE,725.65,727.36,710.86,720.84,143,37173,0.1448
2025-08-25 12:30:00,24650,CE,371.37,382.63,367.3,370.27,286,40596,0.1469
2025-08-25 12:30:00,24650,PE,723.3,727.11,717.86,722.83,537,38073,0.1406
2025-08-25 12:30:00,24700,CE,376.41,383.16,368.4,374.94,170,32225,0.1465
2025-08-25 12:30:00,24700,PE,797.04,799.46,782.86,797.66,438,30720,0.1446
2025-08-25 12:30:00,24750,CE,413.52,415.9,409.75,412.12,141,37769,0.1468
2025-08-25 12:30:00,24750,PE,820.19,831.7,821.73,827.01,653,36521,0.1449
2025-08-25 12:30:00,24800,CE,400.45,401.58,396.0,399.35,23,33385,0.1486
2025-08-25 12:30:00,24800,PE,876.03,876.63,869.15,874.71,586,38184,0.1462
2025-08-25 12:30:00,24850,CE,423.21,421.79,417.45,417.65,449,33687,0.1464
2025-08-25 12:30:00,24850,PE,967.44,975.57,962.12,969.48,127,30559,0.1474
2025-08-25 12:30:00,24900,CE,387.35,384.4,382.44,383.63,99,28616,0.1455
2025-08-25 12:30:00,24900,PE,1000.6,1016.01,998.52,1005.82,377,26079,0.1481
2025-08-25 12:35:00,23500,CE,1201.6,1222.15,1199.88,1213.35,394,30948,0.1434
2025-08-25 12:35:00,23500,PE,425.06,433.84,424.32,426.55,305,33831,0.1472
2025-08-25 12:35:00,23550,CE,1183.7,1208.89,1186.29,1192.09,153,33784,0.1437
2025-08-25 12:35:00,23550,PE,394.01,397.19,393.9,394.07,184,29530,0.1458
2025-08-25 12:35:00,23600,CE,1097.32,1122.49,1104.63,1108.87,55,31048,0.1462
2025-08-25 12:35:00,23600,PE,392.1,401.19,390.9,395.2,368,34710,0.144
2025-08-25 12:35:00,23650,CE,1036.54,1032.66,1030.62,1031.89,502,33869,0.1441
2025-08-25 12:35:00,23650,PE,394.19,403.72,391.52,398.78,480,33705,0.144
2025-08-25 12:35:00,23700,CE,995.85,1015.38,989.55,1005.46,271,34688,0.1455
2025-08-25 12:35:00,23700,PE,383.6,384.37,379.96,381.53,357,34286,0.1452
2025-08-25 12:35:00,23750,CE,962.47,978.18,947.45,958.39,295,40531,0.142
2025-08-25 12:35:00,23750,PE,380.43,383.6,381.89,381.9,331,37177,0.143
2025-08-25 12:35:00,23800,CE,890.23,901.69,883.09,886.38,429,38033,0.1459
2025-08-25 12:35:00,23800,PE,390.5,394.5,388.47,388.5,390,39605,0.1431
2025-08-25 12:35:00,23850,CE,837.25,838.77,831.91,836.34,162,39771,0.1419
2025-08-25 12:35:00,23850,PE,380.28,381.55,375.29,378.1,649,46616,0.1471
2025-08-25 12:35:00,23900,CE,793.59,797.73,780.03,792.46,352,43753,0.1441
2025-08-25 12:35:00,23900,PE,387.77,385.38,380.94,381.98,722,47192,0.1429
2025-08-25 12:35:00,23950,CE,763.05,772.76,767.94,772.38,677,52911,0.1417
2025-08-25 12:35:00,23950,PE,389.78,399.01,394.01,396.24,487,49413,0.1476
2025-08-25 12:35:00,24000,CE,680.73,687.88,672.94,678.89,594,57820,0.1433
2025-08-25 12:35:00,24000,PE,370.52,376.88,371.53,372.53,388,54712,0.148
2025-08-25 12:35:00,24050,CE,646.58,656.56,637.22,650.11,208,58869,0.1439
2025-08-25 12:35:00,24050,PE,395.62,398.36,395.07,397.05,156,61957,0.1477
2025-08-25 12:35:00,24100,CE,567.51,567.54,562.17,562.31,518,68983,0.1402
2025-08-25 12:35:00,24100,PE,405.43,409.68,402.33,404.62,942,64747,0.1439
2025-08-25 12:35:00,24150,CE,564.97,559.88,555.35,558.61,554,73182,0.1461
2025-08-25 12:35:00,24150,PE,405.87,408.81,406.84,408.17,348,70626,0.1497
2025-08-25 12:35:00,24200,CE,461.39,467.76,461.22,463.66,1247,85666,0.1419
2025-08-25 12:35:00,24200,PE,401.98,408.34,397.84,406.16,1237,79541,0.1453
2025-08-25 12:35:00,24250,CE,478.75,495.44,482.25,482.53,180,80124,0.149
2025-08-25 12:35:00,24250,PE,390.89,389.1,380.05,380.95,1169,71591,0.1449
2025-08-25 12:35:00,24300,CE,423.93,432.91,416.19,424.0,1474,67868,0.1464
2025-08-25 12:35:00,24300,PE,370.6,380.13,372.44,373.68,1502,57844,0.1445
2025-08-25 12:35:00,24350,CE,394.47,393.19,388.6,392.33,463,56794,0.1476
2025-08-25 12:35:00,24350,PE,420.14,424.93,416.13,419.85,1222,57092,0.1443
2025-08-25 12:35:00,24400,CE,402.61,405.76,404.23,404.57,138,53011,0.1443
2025-08-25 12:35:00,24400,PE,505.57,499.93,497.66,498.09,439,53282,0.1464
2025-08-25 12:35:00,24450,CE,377.68,384.94,380.09,380.69,560,49836,0.1433
2025-08-25 12:35:00,24450,PE,539.09,551.53,539.92,544.02,486,48654,0.1444
2025-08-25 12:35:00,24500,CE,394.74,402.92,394.25,397.48,527,46368,0.1453
2025-08-25 12:35:00,24500,PE,571.23,575.83,566.09,571.43,903,48058,0.1455
2025-08-25 12:35:00,24550,CE,392.13,391.79,386.77,389.1,553,44925,0.145
2025-08-25 12:35:00,24550,PE,629.58,637.99,631.8,633.05,602,39617,0.1444
2025-08-25 12:35:00,24600,CE,394.59,401.02,394.36,399.21,751,43971,0.1448
2025-08-25 12:35:00,24600,PE,666.42,679.67,663.14,673.72,699,37399,0.1435
2025-08-25 12:35:00,24650,CE,413.12,425.92,411.36,413.68,540,40760,0.1441
2025-08-25 12:35:00,24650,PE,730.95,736.29,732.74,733.64,448,37549,0.1449
2025-08-25 12:35:00,24700,CE,380.82,384.03,373.42,379.5,609,32095,0.1483
2025-08-25 12:35:00,24700,PE,807.97,809.75,800.86,801.92,88,30855,0.1416
2025-08-25 12:35:00,24750,CE,388.59,386.86,381.98,385.42,658,38025,0.1426
2025-08-25 12:35:00,24750,PE,821.1,818.22,812.28,812.92,179,36900,0.1455
2025-08-25 12:35:00,24800,CE,378.16,384.57,377.44,378.18,551,33181,0.142
2025-08-25 12:35:00,24800,PE,852.94,871.3,858.83,865.06,344,38588,0.1411
2025-08-25 12:35:00,24850,CE,405.77,405.77,400.6,403.84,104,33512,0.1428
2025-08-25 12:35:00,24850,PE,965.34,962.07,959.42,961.62,283,29967,0.1497
2025-08-25 12:35:00,24900,CE,384.08,385.36,382.46,383.11,103,28748,0.1472
2025-08-25 12:35:00,24900,PE,974.87,1005.82,985.75,988.99,158,25769,0.1441
2025-08-25 12:40:00,23500,CE,1261.16,1286.78,1252.77,1267.11,136,30497,0.1437
2025-08-25 12:40:00,23500,PE,387.33,391.16,387.38,388.82,284,33541,0.1441
2025-08-25 12:40:00,23550,CE,1191.01,1206.74,1182.74,1187.52,304,34177,0.1445
2025-08-25 12:40:00,23550,PE,384.08,387.43,381.28,383.35,225,30026,0.1453
2025-08-25 12:40:00,23600,CE,1156.73,1160.55,1155.06,1155.65,101,31602,0.1468
2025-08-25 12:40:00,23600,PE,384.93,387.41,384.37,384.42,161,34473,0.1455
2025-08-25 12:40:00,23650,CE,1108.65,1122.23,1102.31,1105.86,499,33816,0.146
2025-08-25 12:40:00,23650,PE,401.74,404.86,400.22,400.99,383,34068,0.1462
2025-08-25 12:40:00,23700,CE,1039.89,1069.94,1055.56,1057.75,245,34469,0.1421
2025-08-25 12:40:00,23700,PE,387.0,390.64,385.09,388.54,268,34148,0.1476
2025-08-25 12:40:00,23750,CE,1010.48,1031.88,1012.47,1020.24,241,40215,0.1457
2025-08-25 12:40:00,23750,PE,386.82,392.32,384.53,386.76,520,37263,0.1459
2025-08-25 12:40:00,23800,CE,949.62,963.33,927.59,947.94,481,38224,0.1447
2025-08-25 12:40:00,23800,PE,383.83,391.61,379.09,384.41,218,39387,0.1444
2025-08-25 12:40:00,23850,CE,868.36,886.02,874.81,875.79,629,39200,0.1458
2025-08-25 12:40:00,23850,PE,399.06,404.09,401.25,401.78,196,46899,0.1472
2025-08-25 12:40:00,23900,CE,863.13,881.76,859.69,863.05,378,43892,0.1437
2025-08-25 12:40:00,23900,PE,403.28,417.62,405.15,407.32,25,46854,0.1445
2025-08-25 12:40:00,23950,CE,797.39,824.28,809.2,810.77,444,52688,0.1471
2025-08-25 12:40:00,23950,PE,407.21,413.81,410.26,413.5,351,49961,0.1429
2025-08-25 12:40:00,24000,CE,743.4,760.15,741.87,748.17,510,57976,0.1462
2025-08-25 12:40:00,24000,PE,420.98,422.94,414.84,421.03,166,54826,0.1462
2025-08-25 12:40:00,24050,CE,713.72,715.98,702.96,711.57,827,59036,0.1436
2025-08-25 12:40:00,24050,PE,412.39,412.0,406.61,409.26,678,62502,0.1501
2025-08-25 12:40:00,24100,CE,658.53,667.19,654.52,654.89,850,68790,0.145
2025-08-25 12:40:00,24100,PE,382.93,384.09,377.76,383.37,289,64484,0.148
2025-08-25 12:40:00,24150,CE,574.29,576.75,563.96,570.43,805,73034,0.1471
2025-08-25 12:40:00,24150,PE,412.18,417.78,410.68,412.67,858,70987,0.1462
2025-08-25 12:40:00,24200,CE,568.11,568.75,559.85,564.8,779,85211,0.1444
2025-08-25 12:40:00,24200,PE,375.73,377.16,369.77,374.74,831,79189,0.1442
2025-08-25 12:40:00,24250,CE,503.08,500.03,488.84,496.67,735,79797,0.1428
2025-08-25 12:40:00,24250,PE,404.22,414.29,405.5,406.99,101,71754,0.1435
2025-08-25 12:40:00,24300,CE,436.46,438.06,436.85,437.8,695,68037,0.1475
2025-08-25 12:40:00,24300,PE,367.86,369.5,363.27,366.25,754,57690,0.1456
2025-08-25 12:40:00,24350,CE,393.87,397.96,394.55,394.79,56,56525,0.1465
2025-08-25 12:40:00,24350,PE,391.75,401.75,392.95,396.29,1571,57397,0.1457
2025-08-25 12:40:00,24400,CE,372.07,368.38,363.09,368.28,727,52449,0.1424
2025-08-25 12:40:00,24400,PE,438.36,438.65,429.0,431.7,1515,53568,0.1432
2025-08-25 12:40:00,24450,CE,405.58,412.69,405.88,408.38,51,49488,0.1446
2025-08-25 12:40:00,24450,PE,489.21,491.4,484.57,485.78,245,49137,0.1449
2025-08-25 12:40:00,24500,CE,384.87,392.71,381.76,387.7,1123,46264,0.1436
2025-08-25 12:40:00,24500,PE,560.92,563.44,560.07,562.4,224,48228,0.146
2025-08-25 12:40:00,24550,CE,408.33,412.45,400.45,405.6,299,44470,0.144
2025-08-25 12:40:00,24550,PE,570.28,589.62,567.1,577.15,285,39321,0.1443
2025-08-25 12:40:00,24600,CE,369.87,371.11,364.75,366.01,65,44211,0.145
2025-08-25 12:40:00,24600,PE,651.8,652.95,642.54,649.97,345,37459,0.1453
2025-08-25 12:40:00,24650,CE,432.44,432.65,425.35,428.18,485,41084,0.1469
2025-08-25 12:40:00,24650,PE,684.75,699.51,692.07,693.56,666,37625,0.1454
2025-08-25 12:40:00,24700,CE,375.95,377.62,373.4,374.98,672,32178,0.1454
2025-08-25 12:40:00,24700,PE,766.92,792.33,757.44,769.84,33,31284,0.1446
2025-08-25 12:40:00,24750,CE,413.57,417.59,411.6,416.15,572,37934,0.1483
2025-08-25 12:40:00,24750,PE,785.82,789.18,780.95,784.11,293,37374,0.1434
2025-08-25 12:40:00,24800,CE,389.67,390.63,388.63,388.64,300,33027,0.1451
2025-08-25 12:40:00,24800,PE,810.01,813.22,810.96,812.27,508,38382,0.1432
2025-08-25 12:40:00,24850,CE,396.33,390.43,389.96,390.19,266,33847,0.1437
2025-08-25 12:40:00,24850,PE,853.41,860.07,852.72,858.2,152,29380,0.1411
2025-08-25 12:40:00,24900,CE,382.63,382.23,375.45,381.34,210,28354,0.1424
2025-08-25 12:40:00,24900,PE,944.25,950.03,925.42,944.52,225,25255,0.1444
2025-08-25 12:45:00,23500,CE,1249.59,1261.24,1252.87,1256.68,259,30511,0.1454
2025-08-25 12:45:00,23500,PE,377.75,379.16,376.79,378.69,123,33694,0.1451
2025-08-25 12:45:00,23550,CE,1188.96,1194.57,1175.46,1188.95,72,33589,0.1426
2025-08-25 12:45:00,23550,PE,408.32,412.29,405.3,410.95,220,29619,0.1489
2025-08-25 12:45:00,23600,CE,1185.86,1206.03,1166.68,1169.6,408,31365,0.1463
2025-08-25 12:45:00,23600,PE,384.6,384.89,374.51,382.21,208,34226,0.1446
2025-08-25 12:45:00,23650,CE,1108.68,1108.5,1091.4,1095.64,221,33332,0.1447
2025-08-25 12:45:00,23650,PE,394.29,398.54,396.84,397.34,467,33675,0.1463
2025-08-25 12:45:00,23700,CE,1058.57,1077.74,1059.31,1065.75,213,34885,0.1468
2025-08-25 12:45:00,23700,PE,397.65,395.14,393.59,394.06,229,34388,0.1457
2025-08-25 12:45:00,23750,CE,993.81,997.1,995.11,995.92,46,39970,0.1419
2025-08-25 12:45:00,23750,PE,346.74,347.78,343.69,344.22,424,36979,0.1435
2025-08-25 12:45:00,23800,CE,935.26,940.42,925.26,938.05,249,37720,0.1414
2025-08-25 12:45:00,23800,PE,386.53,390.32,381.36,384.15,301,39205,0.1472
2025-08-25 12:45:00,23850,CE,923.52,934.95,927.08,930.79,539,39077,0.1438
2025-08-25 12:45:00,23850,PE,399.05,398.02,391.55,395.01,519,47384,0.144
2025-08-25 12:45:00,23900,CE,883.68,876.87,862.42,872.96,561,44183,0.1457
2025-08-25 12:45:00,23900,PE,395.94,405.45,394.73,395.31,394,46828,0.1483
2025-08-25 12:45:00,23950,CE,810.97,830.33,803.86,810.05,68,52249,0.1449
2025-08-25 12:45:00,23950,PE,383.19,383.54,379.02,382.52,278,50148,0.1444
2025-08-25 12:45:00,24000,CE,777.88,811.55,791.0,791.79,16,58499,0.1483
2025-08-25 12:45:00,24000,PE,392.83,406.49,394.27,395.82,764,54319,0.147
2025-08-25 12:45:00,24050,CE,706.04,709.82,704.47,707.16,92,59454,0.1425
2025-08-25 12:45:00,24050,PE,387.44,393.41,389.21,391.11,177,62118,0.1438
2025-08-25 12:45:00,24100,CE,660.54,665.03,657.39,658.83,182,69031,0.1487
2025-08-25 12:45:00,24100,PE,389.09,384.78,380.29,383.78,133,64104,0.1451
2025-08-25 12:45:00,24150,CE,624.08,627.33,618.75,621.56,407,73154,0.1446
2025-08-25 12:45:00,24150,PE,360.57,367.83,355.96,359.22,991,70672,0.1428
2025-08-25 12:45:00,24200,CE,613.25,619.38,602.17,608.19,297,85261,0.1505
2025-08-25 12:45:00,24200,PE,376.22,379.18,369.11,370.94,475,79309,0.1454
2025-08-25 12:45:00,24250,CE,513.37,517.54,507.03,508.39,324,79939,0.1464
2025-08-25 12:45:00,24250,PE,407.61,408.56,406.79,408.53,1160,71973,0.1454
2025-08-25 12:45:00,24300,CE,459.12,461.65,452.37,458.48,1058,67519,0.146
2025-08-25 12:45:00,24300,PE,369.47,370.44,368.21,368.4,1293,57934,0.1442
2025-08-25 12:45:00,24350,CE,416.14,423.3,417.3,418.79,1057,56110,0.1463
2025-08-25 12:45:00,24350,PE,379.07,379.89,374.62,377.56,937,57609,0.1439
2025-08-25 12:45:00,24400,CE,412.81,419.24,413.2,413.28,1027,51997,0.1463
2025-08-25 12:45:00,24400,PE,424.74,435.04,421.81,426.56,92,53543,0.1457
2025-08-25 12:45:00,24450,CE,399.5,399.19,395.0,399.07,1012,49352,0.1454
2025-08-25 12:45:00,24450,PE,475.19,470.52,466.27,469.12,972,49697,0.145
2025-08-25 12:45:00,24500,CE,413.4,416.57,407.22,412.95,1096,46420,0.1485
2025-08-25 12:45:00,24500,PE,486.13,501.67,489.14,489.51,901,47733,0.1459
2025-08-25 12:45:00,24550,CE,386.79,391.63,384.84,389.52,109,44711,0.1429
2025-08-25 12:45:00,24550,PE,575.74,570.09,563.04,566.86,880,38953,0.1449
2025-08-25 12:45:00,24600,CE,395.29,399.69,394.04,397.51,591,43954,0.1467
2025-08-25 12:45:00,24600,PE,609.47,617.94,598.24,610.47,121,37313,0.1431
2025-08-25 12:45:00,24650,CE,389.71,389.95,385.12,389.37,410,41415,0.1427
2025-08-25 12:45:00,24650,PE,664.19,667.68,658.29,665.83,779,38157,0.1459
2025-08-25 12:45:00,24700,CE,392.08,391.92,386.27,390.66,98,32687,0.1434
2025-08-25 12:45:00,24700,PE,731.87,738.7,733.09,736.54,433,30888,0.1456
2025-08-25 12:45:00,24750,CE,400.3,401.93,398.67,399.3,497,37406,0.1456
2025-08-25 12:45:00,24750,PE,768.1,784.29,761.34,770.15,358,37768,0.1448
2025-08-25 12:45:00,24800,CE,404.23,407.62,402.11,403.22,687,32772,0.1478
2025-08-25 12:45:00,24800,PE,841.16,844.65,836.39,837.3,132,38481,0.1467
2025-08-25 12:45:00,24850,CE,387.99,395.74,386.8,387.36,113,34421,0.1432
2025-08-25 12:45:00,24850,PE,887.96,892.01,872.64,880.24,224,29003,0.1439
2025-08-25 12:45:00,24900,CE,375.7,385.05,378.46,378.8,155,28203,0.1449
2025-08-25 12:45:00,24900,PE,920.07,922.36,908.53,917.14,462,25696,0.1434
2025-08-25 12:50:00,23500,CE,1238.87,1272.31,1214.88,1236.36,325,30690,0.1432
2025-08-25 12:50:00,23500,PE,404.52,410.96,401.35,403.85,124,34219,0.1471
2025-08-25 12:50:00,23550,CE,1222.64,1221.57,1206.97,1215.46,459,33747,0.1482
2025-08-25 12:50:00,23550,PE,411.75,413.64,410.26,410.36,361,29383,0.1447
2025-08-25 12:50:00,23600,CE,1139.1,1164.1,1151.02,1159.86,219,31731,0.1479
2025-08-25 12:50:00,23600,PE,380.43,390.35,375.65,381.15,209,34537,0.1443
2025-08-25 12:50:00,23650,CE,1083.49,1122.34,1068.07,1085.88,436,33852,0.1426
2025-08-25 12:50:00,23650,PE,391.43,393.58,382.83,388.62,153,33646,0.1422
2025-08-25 12:50:00,23700,CE,1089.11,1078.88,1061.23,1074.53,211,34888,0.1482
2025-08-25 12:50:00,23700,PE,380.43,387.0,382.18,382.88,398,34176,0.145
2025-08-25 12:50:00,23750,CE,1006.2,1014.85,995.16,997.1,138,39692,0.1447
2025-08-25 12:50:00,23750,PE,375.33,380.75,374.82,375.69,433,37574,0.1445
2025-08-25 12:50:00,23800,CE,945.92,947.52,941.89,943.05,70,38292,0.1475
2025-08-25 12:50:00,23800,PE,428.54,437.9,425.95,428.11,28,39240,0.1468
2025-08-25 12:50:00,23850,CE,893.61,912.87,886.31,891.4,93,39623,0.145
2025-08-25 12:50:00,23850,PE,396.31,396.92,395.06,395.07,486,47211,0.1471
2025-08-25 12:50:00,23900,CE,852.13,858.95,848.76,852.68,469,44602,0.1429
2025-08-25 12:50:00,23900,PE,379.82,387.03,380.63,381.53,156,46989,0.145
2025-08-25 12:50:00,23950,CE,799.27,802.87,792.7,798.86,226,52509,0.1444
2025-08-25 12:50:00,23950,PE,386.52,396.32,389.29,389.38,418,50409,0.1452
2025-08-25 12:50:00,24000,CE,729.58,746.47,732.3,733.79,504,58661,0.1462
2025-08-25 12:50:00,24000,PE,397.7,407.64,395.91,396.35,78,54741,0.1447
2025-08-25 12:50:00,24050,CE,686.96,702.52,683.28,684.78,157,59324,0.1478
2025-08-25 12:50:00,24050,PE,390.57,389.19,385.26,387.96,442,62537,0.144
2025-08-25 12:50:00,24100,CE,630.23,646.3,626.8,634.12,591,68651,0.1431
2025-08-25 12:50:00,24100,PE,385.83,386.24,378.0,381.22,277,63743,0.1446
2025-08-25 12:50:00,24150,CE,557.27,571.1,555.47,565.9,614,73414,0.1423
2025-08-25 12:50:00,24150,PE,391.15,393.1,386.68,392.99,733,70972,0.146
2025-08-25 12:50:00,24200,CE,554.29,556.68,549.73,552.91,809,85743,0.146
2025-08-25 12:50:00,24200,PE,385.58,389.04,381.85,384.06,1039,79038,0.1444
2025-08-25 12:50:00,24250,CE,510.0,510.58,502.64,505.31,408,79406,0.144
2025-08-25 12:50:00,24250,PE,406.62,412.27,403.02,410.87,361,71981,0.1471
2025-08-25 12:50:00,24300,CE,458.84,462.13,453.62,456.31,985,67969,0.1447
2025-08-25 12:50:00,24300,PE,392.45,397.62,391.36,394.57,891,58499,0.1452
2025-08-25 12:50:00,24350,CE,424.89,436.54,421.27,426.73,977,56539,0.1444
2025-08-25 12:50:00,24350,PE,415.19,418.89,408.52,408.95,1414,57596,0.1457
2025-08-25 12:50:00,24400,CE,362.47,364.6,359.46,364.32,1371,52433,0.1426
2025-08-25 12:50:00,24400,PE,439.28,437.88,435.99,436.87,506,53199,0.1438
2025-08-25 12:50:00,24450,CE,417.92,417.37,411.55,417.02,183,49857,0.1445
2025-08-25 12:50:00,24450,PE,433.86,438.99,434.96,435.81,611,49777,0.1461
2025-08-25 12:50:00,24500,CE,367.66,370.87,362.91,367.77,340,46287,0.1458
2025-08-25 12:50:00,24500,PE,561.86,570.7,556.17,560.4,492,47830,0.1466
2025-08-25 12:50:00,24550,CE,413.99,417.33,412.5,413.42,200,45051,0.1421
2025-08-25 12:50:00,24550,PE,564.64,573.08,558.6,570.1,427,38641,0.1476
2025-08-25 12:50:00,24600,CE,406.96,408.07,403.53,403.67,29,43476,0.1487
2025-08-25 12:50:00,24600,PE,655.66,656.49,639.74,646.28,270,37592,0.1453
2025-08-25 12:50:00,24650,CE,393.92,398.05,392.0,393.47,753,41957,0.1421
2025-08-25 12:50:00,24650,PE,664.47,672.04,655.61,670.86,271,38321,0.1424
2025-08-25 12:50:00,24700,CE,405.48,416.17,403.74,406.41,226,32258,0.1473
2025-08-25 12:50:00,24700,PE,739.08,747.59,730.79,737.71,444,31060,0.1474
2025-08-25 12:50:00,24750,CE,385.03,383.06,380.67,381.92,571,36945,0.1454
2025-08-25 12:50:00,24750,PE,782.36,792.57,777.54,781.29,561,37532,0.1444
2025-08-25 12:50:00,24800,CE,377.6,387.33,378.7,384.69,201,32209,0.1429
2025-08-25 12:50:00,24800,PE,827.12,829.3,808.35,821.07,151,38466,0.144
2025-08-25 12:50:00,24850,CE,401.31,405.62,402.51,404.43,131,34206,0.1462
2025-08-25 12:50:00,24850,PE,881.02,878.1,861.99,870.34,349,28520,0.1456
2025-08-25 12:50:00,24900,CE,384.53,385.85,379.13,383.26,535,27973,0.1446
2025-08-25 12:50:00,24900,PE,961.19,970.67,959.24,959.98,465,25873,0.1488
2025-08-25 12:55:00,23500,CE,1291.65,1290.47,1275.25,1285.05,328,30436,0.146
2025-08-25 12:55:00,23500,PE,390.7,395.38,379.34,386.33,80,33790,0.1466
2025-08-25 12:55:00,23550,CE,1203.28,1206.44,1199.37,1206.0,110,33800,0.1439
2025-08-25 12:55:00,23550,PE,390.61,393.38,385.36,388.69,286,29686,0.1447
2025-08-25 12:55:00,23600,CE,1144.04,1172.29,1161.16,1162.62,460,32127,0.1436
2025-08-25 12:55:00,23600,PE,416.22,417.78,410.75,412.07,175,34503,0.1451
2025-08-25 12:55:00,23650,CE,1118.5,1156.93,1122.04,1134.0,478,34105,0.1489
2025-08-25 12:55:00,23650,PE,402.07,404.8,393.31,399.43,213,34045,0.1466
2025-08-25 12:55:00,23700,CE,1058.38,1072.51,1047.42,1063.83,79,35095,0.1452
2025-08-25 12:55:00,23700,PE,388.81,389.11,379.36,385.79,500,34208,0.1448
2025-08-25 12:55:00,23750,CE,1042.87,1026.57,1003.91,1025.19,345,39163,0.1468
2025-08-25 12:55:00,23750,PE,411.61,410.02,404.18,404.61,340,37322,0.1449
2025-08-25 12:55:00,23800,CE,957.6,969.22,947.14,957.56,586,38075,0.1477
2025-08-25 12:55:00,23800,PE,394.35,396.01,393.19,393.8,191,39114,0.1468
2025-08-25 12:55:00,23850,CE,873.32,897.21,868.44,878.95,439,40164,0.145
2025-08-25 12:55:00,23850,PE,376.5,383.63,372.71,376.08,223,46861,0.1449
2025-08-25 12:55:00,23900,CE,845.6,852.6,847.45,849.78,513,44651,0.1462
2025-08-25 12:55:00,23900,PE,379.5,390.56,378.4,380.41,309,47578,0.1464
2025-08-25 12:55:00,23950,CE,776.4,779.09,766.46,774.94,361,52651,0.1432
2025-08-25 12:55:00,23950,PE,408.73,408.44,402.66,408.29,703,50059,0.1442
2025-08-25 12:55:00,24000,CE,768.63,777.35,767.99,772.34,697,59213,0.1503
2025-08-25 12:55:00,24000,PE,399.01,400.66,392.49,395.48,370,54544,0.1454
2025-08-25 12:55:00,24050,CE,728.05,727.47,719.36,719.43,147,58781,0.1437
2025-08-25 12:55:00,24050,PE,394.78,394.37,390.09,391.97,823,62454,0.1486
2025-08-25 12:55:00,24100,CE,679.94,682.76,665.2,679.72,614,68339,0.1463
2025-08-25 12:55:00,24100,PE,400.73,402.07,398.99,400.72,305,64125,0.1434
2025-08-25 12:55:00,24150,CE,608.1,610.2,601.66,604.07,664,73077,0.146
2025-08-25 12:55:00,24150,PE,400.46,404.6,393.15,398.77,21,71355,0.1453
2025-08-25 12:55:00,24200,CE,559.42,574.82,558.79,561.34,106,85186,0.1492
2025-08-25 12:55:00,24200,PE,398.18,406.2,396.17,398.12,348,79552,0.1446
2025-08-25 12:55:00,24250,CE,499.49,502.48,496.91,498.52,817,78856,0.146
2025-08-25 12:55:00,24250,PE,392.31,395.93,391.21,395.09,1154,72507,0.1451
2025-08-25 12:55:00,24300,CE,495.75,494.57,487.71,491.6,1009,67457,0.1464
2025-08-25 12:55:00,24300,PE,406.63,404.62,399.95,403.97,43,58946,0.1453
2025-08-25 12:55:00,24350,CE,420.31,418.84,417.72,418.07,1386,56936,0.1426
2025-08-25 12:55:00,24350,PE,388.21,387.69,380.36,385.41,831,57709,0.1461
2025-08-25 12:55:00,24400,CE,405.37,404.21,390.6,401.86,303,51876,0.1459
2025-08-25 12:55:00,24400,PE,418.97,433.44,428.58,430.26,379,53344,0.1447
2025-08-25 12:55:00,24450,CE,408.04,412.17,404.14,409.69,575,49998,0.1457
2025-08-25 12:55:00,24450,PE,504.62,501.76,497.79,500.25,628,49845,0.1453
2025-08-25 12:55:00,24500,CE,366.38,372.34,366.61,368.77,1166,46444,0.1444
2025-08-25 12:55:00,24500,PE,551.35,567.01,554.33,556.66,1169,48391,0.147
2025-08-25 12:55:00,24550,CE,378.23,383.51,372.22,373.53,681,45645,0.1406
2025-08-25 12:55:00,24550,PE,564.12,575.17,562.81,565.64,285,38665,0.1457
2025-08-25 12:55:00,24600,CE,377.45,377.47,373.58,377.31,88,42986,0.1447
2025-08-25 12:55:00,24600,PE,615.67,620.02,614.39,616.3,144,37152,0.1422
2025-08-25 12:55:00,24650,CE,388.02,394.73,392.07,392.95,376,42221,0.1473
2025-08-25 12:55:00,24650,PE,654.92,668.95,652.99,663.24,883,38899,0.1426
2025-08-25 12:55:00,24700,CE,383.13,384.98,378.84,382.03,158,32181,0.142
2025-08-25 12:55:00,24700,PE,724.74,760.2,734.66,738.7,362,30577,0.1466
2025-08-25 12:55:00,24750,CE,407.72,408.87,397.01,402.92,42,36768,0.1435
2025-08-25 12:55:00,24750,PE,760.38,762.45,754.58,757.23,652,37394,0.1417
2025-08-25 12:55:00,24800,CE,390.91,398.0,385.78,391.36,277,32804,0.144
2025-08-25 12:55:00,24800,PE,818.97,841.19,825.68,827.06,273,38689,0.1442
2025-08-25 12:55:00,24850,CE,384.79,388.16,383.93,385.71,647,33747,0.1433
2025-08-25 12:55:00,24850,PE,870.78,878.94,867.27,870.62,341,28324,0.1463
2025-08-25 12:55:00,24900,CE,401.04,410.64,405.83,408.31,82,27431,0.1446
2025-08-25 12:55:00,24900,PE,908.95,922.03,914.14,920.2,404,26056,0.1442
2025-08-25 13:00:00,23500,CE,1251.05,1265.31,1250.72,1262.09,245,30643,0.1444
2025-08-25 13:00:00,23500,PE,387.46,388.83,381.96,385.41,312,33258,0.1462
2025-08-25 13:00:00,23550,CE,1208.15,1198.69,1181.35,1190.95,22,33602,0.1466
2025-08-25 13:00:00,23550,PE,411.89,407.45,405.31,406.96,259,30169,0.1473
2025-08-25 13:00:00,23600,CE,1176.82,1177.46,1170.08,1172.9,463,32519,0.1466
2025-08-25 13:00:00,23600,PE,375.76,383.86,373.93,378.0,143,34592,0.1471
2025-08-25 13:00:00,23650,CE,1123.14,1128.76,1126.95,1128.43,64,34086,0.1451
2025-08-25 13:00:00,23650,PE,411.29,413.57,404.22,413.34,56,34636,0.1489
2025-08-25 13:00:00,23700,CE,1102.73,1084.18,1075.95,1078.85,240,35361,0.1465
2025-08-25 13:00:00,23700,PE,403.97,406.86,400.84,402.36,62,34751,0.1463
2025-08-25 13:00:00,23750,CE,1018.06,1034.24,1025.84,1031.86,292,38648,0.1449
2025-08-25 13:00:00,23750,PE,393.01,396.03,391.84,394.89,208,36976,0.1481
2025-08-25 13:00:00,23800,CE,995.01,1004.22,980.54,988.76,49,37512,0.1487
2025-08-25 13:00:00,23800,PE,369.76,378.32,368.4,373.6,417,39555,0.1445
2025-08-25 13:00:00,23850,CE,916.5,931.97,915.77,917.3,411,40397,0.1449
2025-08-25 13:00:00,23850,PE,398.77,405.13,390.07,393.19,33,46474,0.1446
2025-08-25 13:00:00,23900,CE,878.86,876.46,869.0,873.01,32,45220,0.145
2025-08-25 13:00:00,23900,PE,378.96,383.34,374.26,378.97,489,48124,0.1431
2025-08-25 13:00:00,23950,CE,820.65,835.21,826.33,831.13,639,52320,0.1447
2025-08-25 13:00:00,23950,PE,407.63,408.17,397.39,405.73,366,50235,0.1479
2025-08-25 13:00:00,24000,CE,797.97,799.89,795.68,798.24,566,59414,0.1438
2025-08-25 13:00:00,24000,PE,387.27,397.59,387.6,388.46,351,53948,0.1462
2025-08-25 13:00:00,24050,CE,720.52,737.11,711.89,718.49,772,59007,0.1431
2025-08-25 13:00:00,24050,PE,387.67,397.97,394.96,397.51,689,62119,0.1456
2025-08-25 13:00:00,24100,CE,645.49,653.48,641.22,643.26,108,68820,0.1453
2025-08-25 13:00:00,24100,PE,385.86,387.08,385.17,385.58,724,64531,0.1464
2025-08-25 13:00:00,24150,CE,609.54,611.03,604.38,606.38,442,73563,0.1452
2025-08-25 13:00:00,24150,PE,395.72,407.67,392.2,397.14,232,71664,0.1457
2025-08-25 13:00:00,24200,CE,593.12,609.48,592.77,596.45,548,84783,0.149
2025-08-25 13:00:00,24200,PE,389.76,392.76,383.41,388.59,787,79384,0.1464
2025-08-25 13:00:00,24250,CE,539.61,548.75,539.99,541.97,211,79106,0.1459
2025-08-25 13:00:00,24250,PE,378.64,385.56,381.18,384.53,950,72294,0.1439
2025-08-25 13:00:00,24300,CE,443.85,443.3,440.26,442.59,1350,67709,0.1422
2025-08-25 13:00:00,24300,PE,399.72,407.11,398.48,401.22,53,58749,0.1432
2025-08-25 13:00:00,24350,CE,439.22,438.09,437.32,437.87,1581,56549,0.1451
2025-08-25 13:00:00,24350,PE,379.23,385.16,380.66,383.06,1548,57730,0.1447
2025-08-25 13:00:00,24400,CE,378.96,377.5,372.86,377.32,1143,52099,0.145
2025-08-25 13:00:00,24400,PE,443.31,452.45,440.58,442.76,873,53364,0.1447
2025-08-25 13:00:00,24450,CE,362.16,368.76,358.71,363.95,826,50168,0.143
2025-08-25 13:00:00,24450,PE,434.8,435.53,430.46,434.88,1067,49770,0.1496
2025-08-25 13:00:00,24500,CE,390.25,396.68,389.78,390.23,559,46777,0.1451
2025-08-25 13:00:00,24500,PE,490.72,498.0,486.22,489.31,957,48570,0.1454
2025-08-25 13:00:00,24550,CE,408.07,408.34,395.44,402.6,525,45734,0.146
2025-08-25 13:00:00,24550,PE,589.67,594.43,589.69,594.23,645,38587,0.1473
2025-08-25 13:00:00,24600,CE,396.51,394.79,393.2,393.32,192,43028,0.1456
2025-08-25 13:00:00,24600,PE,602.32,600.06,595.53,599.74,453,36613,0.1431
2025-08-25 13:00:00,24650,CE,421.8,429.61,424.74,425.7,873,42421,0.1475
2025-08-25 13:00:00,24650,PE,623.25,638.74,626.74,630.3,117,38544,0.1418
2025-08-25 13:00:00,24700,CE,402.96,404.84,393.2,398.82,483,32613,0.1476
2025-08-25 13:00:00,24700,PE,713.9,723.39,706.28,717.69,413,30951,0.1468
2025-08-25 13:00:00,24750,CE,357.89,361.15,359.56,360.47,109,36801,0.1437
2025-08-25 13:00:00,24750,PE,757.21,763.84,747.7,751.5,640,37810,0.1444
2025-08-25 13:00:00,24800,CE,397.73,400.1,393.85,395.15,181,33008,0.1464
2025-08-25 13:00:00,24800,PE,792.38,795.86,794.34,794.57,39,38258,0.1455
2025-08-25 13:00:00,24850,CE,380.94,382.47,376.95,377.79,603,34035,0.1448
2025-08-25 13:00:00,24850,PE,861.36,873.7,849.14,854.16,147,28918,0.142
2025-08-25 13:00:00,24900,CE,410.54,411.34,403.79,408.71,622,26880,0.1451
2025-08-25 13:00:00,24900,PE,909.15,932.23,907.98,918.62,26,25749,0.1429
2025-08-25 13:05:00,23500,CE,1371.4,1370.94,1340.68,1364.8,328,30760,0.1461
2025-08-25 13:05:00,23500,PE,425.26,424.59,416.24,421.28,214,33156,0.1475
2025-08-25 13:05:00,23550,CE,1267.48,1288.56,1270.85,1274.03,209,33767,0.1454
2025-08-25 13:05:00,23550,PE,373.56,377.6,368.61,374.24,33,30272,0.1424
2025-08-25 13:05:00,23600,CE,1202.78,1225.1,1211.3,1217.87,104,32864,0.1434
2025-08-25 13:05:00,23600,PE,427.69,429.03,420.06,426.25,93,34077,0.1475
2025-08-25 13:05:00,23650,CE,1175.66,1180.6,1155.99,1169.82,209,34014,0.1455
2025-08-25 13:05:00,23650,PE,413.57,420.68,409.45,410.65,247,35068,0.1488
2025-08-25 13:05:00,23700,CE,1136.46,1157.32,1115.91,1136.26,348,35196,0.1447
2025-08-25 13:05:00,23700,PE,404.68,404.58,399.37,400.63,361,34755,0.1412
2025-08-25 13:05:00,23750,CE,1057.31,1074.28,1062.1,1064.81,123,38073,0.1456
2025-08-25 13:05:00,23750,PE,394.75,395.91,386.65,393.88,10,36645,0.1452
2025-08-25 13:05:00,23800,CE,1001.7,1020.15,1011.31,1015.91,450,37468,0.1466
2025-08-25 13:05:00,23800,PE,370.74,363.41,360.14,362.54,252,39433,0.1443
2025-08-25 13:05:00,23850,CE,1008.21,1027.42,1001.76,1004.45,155,40654,0.1482
2025-08-25 13:05:00,23850,PE,366.55,369.63,361.46,367.55,16,46608,0.1444
2025-08-25 13:05:00,23900,CE,930.03,938.95,933.8,935.56,577,45676,0.1465
2025-08-25 13:05:00,23900,PE,348.7,353.99,346.43,348.9,233,48549,0.1444
2025-08-25 13:05:00,23950,CE,887.06,901.0,876.56,877.92,164,52009,0.1478
2025-08-25 13:05:00,23950,PE,405.39,413.2,401.33,406.05,232,49656,0.1471
2025-08-25 13:05:00,24000,CE,844.11,851.25,829.32,833.55,195,59839,0.145
2025-08-25 13:05:00,24000,PE,383.11,391.77,382.57,384.77,538,53742,0.1461
2025-08-25 13:05:00,24050,CE,781.41,788.99,777.84,784.44,244,58823,0.1468
2025-08-25 13:05:00,24050,PE,372.92,384.89,364.96,372.51,100,61709,0.1431
2025-08-25 13:05:00,24100,CE,742.83,743.68,733.95,741.79,811,69051,0.1493
2025-08-25 13:05:00,24100,PE,371.97,372.48,370.38,372.37,558,64267,0.1456
2025-08-25 13:05:00,24150,CE,661.08,668.0,665.23,666.19,763,73175,0.1442
2025-08-25 13:05:00,24150,PE,393.15,390.64,385.79,389.88,862,71668,0.1447
2025-08-25 13:05:00,24200,CE,639.61,668.34,643.91,644.82,333,85083,0.1474
2025-08-25 13:05:00,24200,PE,410.38,414.2,404.65,405.24,416,79107,0.1488
2025-08-25 13:05:00,24250,CE,571.17,573.06,562.79,566.74,745,79372,0.15
2025-08-25 13:05:00,24250,PE,400.67,400.67,392.27,396.71,659,72248,0.1455
2025-08-25 13:05:00,24300,CE,508.6,510.44,508.34,508.87,412,67593,0.1465
2025-08-25 13:05:00,24300,PE,375.56,376.58,375.21,375.75,1063,58580,0.142
2025-08-25 13:05:00,24350,CE,477.95,481.67,473.99,475.91,1336,56123,0.144
2025-08-25 13:05:00,24350,PE,404.83,406.01,401.38,402.15,244,57529,0.1435
2025-08-25 13:05:00,24400,CE,419.4,418.18,415.38,418.11,31,52554,0.145
2025-08-25 13:05:00,24400,PE,385.09,384.1,380.94,383.98,563,52886,0.1442
2025-08-25 13:05:00,24450,CE,385.3,392.95,378.41,386.24,1062,50717,0.1447
2025-08-25 13:05:00,24450,PE,425.26,428.17,424.5,425.68,1690,49298,0.1438
2025-08-25 13:05:00,24500,CE,398.28,401.06,395.5,399.03,1157,46611,0.1445
2025-08-25 13:05:00,24500,PE,474.66,470.93,465.86,469.83,1220,48697,0.1464
2025-08-25 13:05:00,24550,CE,438.46,437.8,434.96,437.38,934,46139,0.1464
2025-08-25 13:05:00,24550,PE,506.07,516.96,501.26,504.88,1138,38159,0.1421
2025-08-25 13:05:00,24600,CE,349.19,348.21,343.7,347.29,820,42597,0.1449
2025-08-25 13:05:00,24600,PE,581.78,588.56,567.15,576.65,1064,36767,0.1448
2025-08-25 13:05:00,24650,CE,440.84,441.51,438.63,439.7,208,42172,0.1475
2025-08-25 13:05:00,24650,PE,610.78,628.13,610.84,613.0,908,38717,0.1465
2025-08-25 13:05:00,24700,CE,397.69,410.55,400.97,401.21,222,32997,0.1438
2025-08-25 13:05:00,24700,PE,636.98,639.72,629.75,639.12,664,30443,0.1443
2025-08-25 13:05:00,24750,CE,392.98,398.57,394.31,396.13,248,37214,0.1464
2025-08-25 13:05:00,24750,PE,723.63,727.54,722.82,725.17,304,37255,0.1448
2025-08-25 13:05:00,24800,CE,384.51,386.36,384.97,385.06,473,33486,0.1431
2025-08-25 13:05:00,24800,PE,764.29,769.38,761.13,767.5,437,38828,0.1446
2025-08-25 13:05:00,24850,CE,397.67,405.92,398.87,400.18,92,34235,0.1468
2025-08-25 13:05:00,24850,PE,827.33,832.41,816.46,824.44,472,29499,0.145
2025-08-25 13:05:00,24900,CE,394.43,399.26,391.25,393.51,355,27266,0.1446
2025-08-25 13:05:00,24900,PE,837.02,845.48,834.79,838.24,107,25202,0.1452
2025-08-25 13:10:00,23500,CE,1296.09,1311.08,1295.0,1302.72,297,30164,0.1476
2025-08-25 13:10:00,23500,PE,397.39,399.29,392.34,394.51,362,32580,0.1437
2025-08-25 13:10:00,23550,CE,1269.0,1282.98,1272.6,1273.12,298,33709,0.1452
2025-08-25 13:10:00,23550,PE,423.66,422.73,418.72,422.05,280,30420,0.1481
2025-08-25 13:10:00,23600,CE,1207.03,1210.56,1194.89,1204.27,204,32841,0.1438
2025-08-25 13:10:00,23600,PE,383.78,389.58,379.62,385.29,230,34289,0.1466
2025-08-25 13:10:00,23650,CE,1193.59,1187.06,1169.63,1186.81,337,33953,0.1463
2025-08-25 13:10:00,23650,PE,393.45,396.05,390.34,391.32,170,34519,0.147
2025-08-25 13:10:00,23700,CE,1107.62,1138.06,1125.43,1128.32,387,34867,0.1423
2025-08-25 13:10:00,23700,PE,413.58,423.73,413.67,417.26,219,35346,0.1473
2025-08-25 13:10:00,23750,CE,1069.82,1083.82,1064.55,1070.17,410,37888,0.1443
2025-08-25 13:10:00,23750,PE,396.31,399.71,395.55,399.08,251,36434,0.145
2025-08-25 13:10:00,23800,CE,1041.07,1077.23,1049.63,1051.23,347,37051,0.1492
2025-08-25 13:10:00,23800,PE,354.81,362.6,356.04,356.25,523,40017,0.1453
2025-08-25 13:10:00,23850,CE,964.85,981.31,964.64,975.57,180,40330,0.1475
2025-08-25 13:10:00,23850,PE,373.01,377.71,375.01,377.34,317,46784,0.1432
2025-08-25 13:10:00,23900,CE,914.76,938.07,914.76,920.51,400,45126,0.1429
2025-08-25 13:10:00,23900,PE,413.51,419.27,411.86,415.52,441,48028,0.1446
2025-08-25 13:10:00,23950,CE,881.13,887.2,876.76,882.16,231,52269,0.1439
2025-08-25 13:10:00,23950,PE,393.51,397.69,388.46,392.16,584,49818,0.144
2025-08-25 13:10:00,24000,CE,807.62,827.03,811.27,812.05,121,60055,0.1442
2025-08-25 13:10:00,24000,PE,373.13,379.85,371.35,376.22,37,53419,0.1473
2025-08-25 13:10:00,24050,CE,765.72,769.42,758.23,758.69,104,59404,0.1438
2025-08-25 13:10:00,24050,PE,379.01,387.85,379.64,380.92,286,61779,0.1454
2025-08-25 13:10:00,24100,CE,738.86,758.07,741.45,744.57,649,69614,0.1463
2025-08-25 13:10:00,24100,PE,405.87,411.99,406.83,407.61,814,63864,0.1466
2025-08-25 13:10:00,24150,CE,685.31,687.28,680.0,686.2,360,73061,0.1435
2025-08-25 13:10:00,24150,PE,357.74,368.19,356.66,360.18,712,71470,0.144
2025-08-25 13:10:00,24200,CE,619.63,632.44,624.99,629.69,238,85389,0.1407
2025-08-25 13:10:00,24200,PE,381.65,391.2,386.1,387.85,492,79404,0.1427
2025-08-25 13:10:00,24250,CE,574.66,581.7,574.59,576.67,423,79355,0.1443
2025-08-25 13:10:00,24250,PE,390.41,400.25,389.36,390.59,27,71667,0.1468
2025-08-25 13:10:00,24300,CE,516.61,517.36,508.72,512.27,20,67203,0.1452
2025-08-25 13:10:00,24300,PE,378.9,383.24,378.94,381.2,436,58040,0.1456
2025-08-25 13:10:00,24350,CE,480.03,484.33,479.46,481.51,241,56539,0.1455
2025-08-25 13:10:00,24350,PE,413.13,409.15,403.82,406.2,1187,57276,0.1463
2025-08-25 13:10:00,24400,CE,400.42,402.02,393.91,399.38,1523,52095,0.1406
2025-08-25 13:10:00,24400,PE,412.06,412.06,406.43,409.43,75,52711,0.1445
2025-08-25 13:10:00,24450,CE,377.7,383.3,372.17,375.23,469,50209,0.148
2025-08-25 13:10:00,24450,PE,420.28,427.04,423.61,424.55,1440,49872,0.1468
2025-08-25 13:10:00,24500,CE,389.81,392.18,389.0,391.7,409,46389,0.1432
2025-08-25 13:10:00,24500,PE,445.21,453.23,445.6,448.89,1048,49216,0.1449
2025-08-25 13:10:00,24550,CE,404.98,400.35,398.56,399.91,377,46358,0.1449
2025-08-25 13:10:00,24550,PE,548.07,547.07,542.82,543.66,49,38238,0.1468
2025-08-25 13:10:00,24600,CE,419.38,421.49,419.25,419.41,1109,42567,0.1489
2025-08-25 13:10:00,24600,PE,551.0,556.58,540.36,555.33,727,36991,0.1452
2025-08-25 13:10:00,24650,CE,424.31,429.64,426.82,428.3,645,42395,0.1464
2025-08-25 13:10:00,24650,PE,604.14,606.71,600.3,604.26,897,38129,0.1434
2025-08-25 13:10:00,24700,CE,405.61,411.48,408.75,410.35,813,33486,0.146
2025-08-25 13:10:00,24700,PE,674.71,672.2,667.43,670.37,831,30284,0.1443
2025-08-25 13:10:00,24750,CE,410.17,410.54,398.91,408.3,495,37037,0.1474
2025-08-25 13:10:00,24750,PE,698.69,706.47,689.86,696.97,708,37142,0.1486
2025-08-25 13:10:00,24800,CE,357.03,362.68,356.84,361.86,251,33708,0.1418
2025-08-25 13:10:00,24800,PE,777.92,772.84,767.33,768.96,50,38679,0.1443
2025-08-25 13:10:00,24850,CE,403.35,409.33,400.55,402.88,157,34083,0.1461
2025-08-25 13:10:00,24850,PE,817.18,829.16,813.8,813.86,329,28975,0.1448
2025-08-25 13:10:00,24900,CE,364.03,369.57,364.82,366.83,581,27165,0.1384
2025-08-25 13:10:00,24900,PE,879.06,888.23,873.02,881.97,248,24781,0.1491
2025-08-25 13:15:00,23500,CE,1283.9,1308.32,1287.89,1295.24,416,30590,0.1429
2025-08-25 13:15:00,23500,PE,405.93,405.62,403.73,404.58,205,32381,0.1456
2025-08-25 13:15:00,23550,CE,1267.72,1271.81,1257.89,1268.8,207,34262,0.1451
2025-08-25 13:15:00,23550,PE,405.28,410.85,400.01,402.88,102,30641,0.1439
2025-08-25 13:15:00,23600,CE,1177.68,1188.05,1170.7,1175.71,413,33148,0.1434
2025-08-25 13:15:00,23600,PE,410.45,411.98,402.65,408.18,398,34826,0.1457
2025-08-25 13:15:00,23650,CE,1142.38,1153.44,1133.13,1139.13,36,33639,0.1431
2025-08-25 13:15:00,23650,PE,390.72,395.44,387.58,390.47,75,34599,0.1443
2025-08-25 13:15:00,23700,CE,1141.15,1149.99,1125.91,1140.89,209,34315,0.1469
2025-08-25 13:15:00,23700,PE,413.13,416.71,410.32,414.15,283,34866,0.1465
2025-08-25 13:15:00,23750,CE,1037.38,1049.62,1036.06,1037.5,220,37727,0.144
2025-08-25 13:15:00,23750,PE,390.63,395.18,383.6,391.09,473,36653,0.1445
2025-08-25 13:15:00,23800,CE,1015.17,1029.44,1007.04,1020.58,351,37449,0.1488
2025-08-25 13:15:00,23800,PE,383.58,401.03,384.18,386.36,108,39724,0.1452
2025-08-25 13:15:00,23850,CE,953.98,979.19,953.21,961.73,447,40628,0.1483
2025-08-25 13:15:00,23850,PE,402.38,404.47,400.19,402.9,22,46453,0.1447
2025-08-25 13:15:00,23900,CE,906.45,928.09,907.08,924.15,150,44533,0.1437
2025-08-25 13:15:00,23900,PE,397.45,401.98,392.9,397.62,419,47493,0.1465
2025-08-25 13:15:00,23950,CE,858.63,855.35,841.16,844.32,566,52371,0.1464
2025-08-25 13:15:00,23950,PE,401.73,406.1,399.76,401.1,513,49814,0.1444
2025-08-25 13:15:00,24000,CE,819.94,829.96,827.85,829.11,698,59779,0.1414
2025-08-25 13:15:00,24000,PE,425.72,428.66,425.21,427.61,406,52826,0.144
2025-08-25 13:15:00,24050,CE,745.12,747.21,737.45,743.55,647,59485,0.1395
2025-08-25 13:15:00,24050,PE,337.01,340.63,338.02,339.61,146,62160,0.1458
2025-08-25 13:15:00,24100,CE,701.19,697.03,694.71,695.64,830,69096,0.1468
2025-08-25 13:15:00,24100,PE,388.53,405.16,386.47,391.56,712,64147,0.1464
2025-08-25 13:15:00,24150,CE,659.8,669.16,650.91,656.35,334,73222,0.1447
2025-08-25 13:15:00,24150,PE,372.41,374.92,370.52,374.05,723,71445,0.1454
2025-08-25 13:15:00,24200,CE,630.38,635.76,623.69,629.32,678,84847,0.1509
2025-08-25 13:15:00,24200,PE,403.54,404.31,402.96,403.86,935,79912,0.1456
2025-08-25 13:15:00,24250,CE,530.19,537.54,529.5,531.1,250,79327,0.1442
2025-08-25 13:15:00,24250,PE,402.59,405.03,397.92,403.25,282,71546,0.1476
2025-08-25 13:15:00,24300,CE,543.3,538.22,529.64,531.72,363,67636,0.1432
2025-08-25 13:15:00,24300,PE,339.8,348.71,343.72,344.0,885,58454,0.146
2025-08-25 13:15:00,24350,CE,472.29,478.7,468.95,470.88,1153,56811,0.1454
2025-08-25 13:15:00,24350,PE,401.52,402.53,394.5,400.16,260,57671,0.1478
2025-08-25 13:15:00,24400,CE,404.1,408.99,402.29,406.06,1333,51644,0.1457
2025-08-25 13:15:00,24400,PE,434.03,435.33,421.1,425.6,174,53024,0.1444
2025-08-25 13:15:00,24450,CE,408.83,412.33,404.32,408.01,644,50002,0.142
2025-08-25 13:15:00,24450,PE,413.26,409.67,403.9,408.12,653,50312,0.1438
2025-08-25 13:15:00,24500,CE,402.95,402.13,396.83,396.94,518,46233,0.1484
2025-08-25 13:15:00,24500,PE,465.49,477.21,462.12,467.55,567,48681,0.145
2025-08-25 13:15:00,24550,CE,404.75,410.83,404.33,407.96,64,46255,0.1426
2025-08-25 13:15:00,24550,PE,489.36,493.93,485.11,485.83,39,38546,0.1477
2025-08-25 13:15:00,24600,CE,365.65,361.82,354.04,357.65,471,42568,0.1436
2025-08-25 13:15:00,24600,PE,562.9,573.69,558.02,562.17,376,37307,0.1463
2025-08-25 13:15:00,24650,CE,420.55,427.04,420.58,422.94,427,41837,0.144
2025-08-25 13:15:00,24650,PE,631.19,630.61,619.76,622.17,486,37741,0.1466
2025-08-25 13:15:00,24700,CE,403.96,408.37,396.29,401.75,536,33562,0.1453
2025-08-25 13:15:00,24700,PE,681.57,690.24,684.18,685.73,430,30146,0.1446
2025-08-25 13:15:00,24750,CE,383.47,380.18,377.61,379.6,493,37253,0.1458
2025-08-25 13:15:00,24750,PE,711.44,714.26,705.8,711.67,721,37697,0.1435
2025-08-25 13:15:00,24800,CE,382.8,386.43,383.18,385.26,74,33899,0.1445
2025-08-25 13:15:00,24800,PE,772.37,769.06,749.9,764.34,75,38579,0.1445
2025-08-25 13:15:00,24850,CE,388.06,395.76,389.99,391.61,524,34133,0.1449
2025-08-25 13:15:00,24850,PE,821.07,817.2,812.26,815.86,570,29470,0.1431
2025-08-25 13:15:00,24900,CE,407.61,408.53,406.54,408.13,640,27372,0.1472
2025-08-25 13:15:00,24900,PE,902.2,911.92,896.79,900.87,445,25144,0.1429
2025-08-25 13:20:00,23500,CE,1320.88,1322.5,1307.85,1320.46,102,30351,0.147
2025-08-25 13:20:00,23500,PE,400.88,410.42,401.05,402.79,147,32674,0.1481
2025-08-25 13:20:00,23550,CE,1250.62,1271.27,1237.77,1246.44,157,33829,0.1436
2025-08-25 13:20:00,23550,PE,376.82,378.74,369.37,376.26,349,30940,0.1461
2025-08-25 13:20:00,23600,CE,1186.59,1202.53,1172.17,1190.92,273,33605,0.1444
2025-08-25 13:20:00,23600,PE,391.66,391.99,386.14,389.68,362,35306,0.1423
2025-08-25 13:20:00,23650,CE,1166.98,1164.31,1147.42,1162.91,129,33178,0.1449
2025-08-25 13:20:00,23650,PE,383.08,388.9,371.97,380.85,168,34994,0.1466
2025-08-25 13:20:00,23700,CE,1117.51,1124.27,1120.39,1123.46,464,33846,0.1434
2025-08-25 13:20:00,23700,PE,415.2,421.54,407.84,415.9,430,34840,0.146
2025-08-25 13:20:00,23750,CE,1096.47,1086.35,1055.2,1076.9,433,37946,0.1456
2025-08-25 13:20:00,23750,PE,358.78,372.8,358.46,359.89,39,36634,0.1448
2025-08-25 13:20:00,23800,CE,1002.03,1027.81,994.7,1006.19,57,37256,0.1469
2025-08-25 13:20:00,23800,PE,402.67,401.31,397.37,398.8,424,39944,0.1444
2025-08-25 13:20:00,23850,CE,979.28,986.28,969.25,972.85,419,40821,0.1476
2025-08-25 13:20:00,23850,PE,384.61,383.02,379.51,380.44,18,46552,0.1452
2025-08-25 13:20:00,23900,CE,920.31,925.43,909.35,913.07,309,44567,0.1436
2025-08-25 13:20:00,23900,PE,384.74,394.21,385.01,387.29,141,47739,0.1443
2025-08-25 13:20:00,23950,CE,871.36,884.59,855.88,865.86,411,52254,0.1434
2025-08-25 13:20:00,23950,PE,375.67,377.24,374.12,374.9,48,49296,0.1449
2025-08-25 13:20:00,24000,CE,810.32,817.04,806.08,808.25,265,59823,0.1457
2025-08-25 13:20:00,24000,PE,395.61,402.05,399.09,400.31,716,53094,0.1462
2025-08-25 13:20:00,24050,CE,785.69,807.13,768.66,775.99,382,59243,0.1461
2025-08-25 13:20:00,24050,PE,361.49,361.87,358.76,361.34,141,61728,0.1462
2025-08-25 13:20:00,24100,CE,731.8,725.65,721.84,723.52,73,69590,0.146
2025-08-25 13:20:00,24100,PE,366.02,369.78,367.31,368.48,27,64583,0.1436
2025-08-25 13:20:00,24150,CE,651.59,661.54,645.87,655.56,540,73364,0.1463
2025-08-25 13:20:00,24150,PE,393.66,393.15,384.1,389.31,878,71788,0.1473
2025-08-25 13:20:00,24200,CE,594.33,601.77,598.84,601.02,162,85409,0.1429
2025-08-25 13:20:00,24200,PE,389.76,396.15,389.9,391.32,191,79995,0.1426
2025-08-25 13:20:00,24250,CE,559.67,565.22,551.73,563.72,724,79020,0.1455
2025-08-25 13:20:00,24250,PE,379.67,381.47,378.81,381.16,713,71712,0.1434
2025-08-25 13:20:00,24300,CE,488.2,499.82,488.28,490.43,1237,68133,0.143
2025-08-25 13:20:00,24300,PE,406.62,415.76,405.36,405.79,517,58682,0.1467
2025-08-25 13:20:00,24350,CE,453.93,454.42,446.63,452.0,1190,56242,0.143
2025-08-25 13:20:00,24350,PE,392.84,392.74,391.28,392.03,997,58171,0.1454
2025-08-25 13:20:00,24400,CE,434.6,440.93,436.73,437.92,227,51948,0.147
2025-08-25 13:20:00,24400,PE,413.13,423.49,412.93,418.54,127,52906,0.1499
2025-08-25 13:20:00,24450,CE,375.43,379.24,376.06,378.12,1327,50586,0.1433
2025-08-25 13:20:00,24450,PE,420.0,422.67,417.81,419.11,1182,50578,0.1441
2025-08-25 13:20:00,24500,CE,396.14,415.46,400.82,401.81,376,46623,0.1458
2025-08-25 13:20:00,24500,PE,466.81,474.97,462.87,471.01,923,49212,0.145
2025-08-25 13:20:00,24550,CE,384.3,384.91,379.5,383.6,743,45702,0.1441
2025-08-25 13:20:00,24550,PE,544.27,552.94,541.0,545.29,633,38875,0.1447
2025-08-25 13:20:00,24600,CE,411.52,414.57,410.77,412.24,860,42431,0.1437
2025-08-25 13:20:00,24600,PE,578.8,587.59,578.01,581.97,200,37749,0.1445
2025-08-25 13:20:00,24650,CE,368.38,375.07,363.26,368.39,809,42291,0.1381
2025-08-25 13:20:00,24650,PE,649.16,656.01,643.07,650.55,662,38135,0.148
2025-08-25 13:20:00,24700,CE,363.44,371.53,368.0,369.97,368,33897,0.1429
2025-08-25 13:20:00,24700,PE,656.22,654.82,650.38,654.69,443,30499,0.144
2025-08-25 13:20:00,24750,CE,399.61,403.21,394.44,399.14,131,37008,0.1472
2025-08-25 13:20:00,24750,PE,687.95,699.08,686.69,698.07,186,37584,0.1422
2025-08-25 13:20:00,24800,CE,397.83,400.77,397.39,397.8,619,33437,0.1457
2025-08-25 13:20:00,24800,PE,755.18,777.78,743.09,756.71,556,38975,0.1448
2025-08-25 13:20:00,24850,CE,403.99,405.06,401.49,402.47,476,34308,0.1426
2025-08-25 13:20:00,24850,PE,836.33,831.94,822.38,829.3,107,29605,0.1434
2025-08-25 13:20:00,24900,CE,352.12,354.44,349.47,352.75,157,27067,0.1462
2025-08-25 13:20:00,24900,PE,858.77,874.07,861.41,861.57,568,25282,0.1416
2025-08-25 13:25:00,23500,CE,1302.89,1336.59,1306.86,1315.13,400,30296,0.1462
2025-08-25 13:25:00,23500,PE,402.47,412.04,408.48,408.89,148,33268,0.146
2025-08-25 13:25:00,23550,CE,1274.82,1284.73,1256.66,1275.31,264,34264,0.1414
2025-08-25 13:25:00,23550,PE,385.36,387.23,382.47,385.31,25,30971,0.1414
2025-08-25 13:25:00,23600,CE,1260.96,1264.69,1248.59,1256.77,359,33975,0.1478
2025-08-25 13:25:00,23600,PE,397.88,396.41,389.91,391.88,315,34903,0.1446
2025-08-25 13:25:00,23650,CE,1224.07,1243.2,1208.04,1225.52,254,32699,0.144
2025-08-25 13:25:00,23650,PE,381.58,382.85,380.3,381.55,369,35150,0.1463
2025-08-25 13:25:00,23700,CE,1126.2,1153.85,1134.65,1135.17,99,34118,0.1427
2025-08-25 13:25:00,23700,PE,370.6,373.7,360.99,369.38,348,34303,0.1431
2025-08-25 13:25:00,23750,CE,1117.13,1140.36,1102.28,1110.62,52,37587,0.1456
2025-08-25 13:25:00,23750,PE,406.19,406.43,405.47,406.02,43,36678,0.1463
2025-08-25 13:25:00,23800,CE,1080.16,1096.5,1061.74,1072.76,469,36731,0.1408
2025-08-25 13:25:00,23800,PE,357.44,358.42,351.75,357.19,330,39852,0.1459
2025-08-25 13:25:00,23850,CE,1005.9,1004.74,976.38,1001.36,471,40799,0.1448
2025-08-25 13:25:00,23850,PE,391.28,403.88,392.61,394.63,378,47058,0.1435
2025-08-25 13:25:00,23900,CE,988.35,986.84,973.45,983.33,89,44345,0.1456
2025-08-25 13:25:00,23900,PE,385.87,397.76,387.98,390.16,167,47341,0.1478
2025-08-25 13:25:00,23950,CE,909.47,908.9,907.06,907.62,413,51663,0.145
2025-08-25 13:25:00,23950,PE,392.29,388.87,384.06,386.79,250,48841,0.1459
2025-08-25 13:25:00,24000,CE,853.47,866.6,859.04,861.58,419,60124,0.1496
2025-08-25 13:25:00,24000,PE,442.02,453.12,445.52,448.01,321,53027,0.1457
2025-08-25 13:25:00,24050,CE,810.24,822.71,806.24,813.98,332,58881,0.1472
2025-08-25 13:25:00,24050,PE,406.14,407.61,400.87,403.09,279,62247,0.1467
2025-08-25 13:25:00,24100,CE,732.31,729.71,727.7,728.41,44,69935,0.1415
2025-08-25 13:25:00,24100,PE,409.71,418.43,405.45,408.4,139,64120,0.1469
2025-08-25 13:25:00,24150,CE,710.75,733.08,717.11,721.35,251,73086,0.1453
2025-08-25 13:25:00,24150,PE,371.2,374.16,371.13,373.2,277,72207,0.1444
2025-08-25 13:25:00,24200,CE,593.38,601.11,593.39,597.67,839,85639,0.1436
2025-08-25 13:25:00,24200,PE,383.3,394.47,382.19,385.88,148,80529,0.1432
2025-08-25 13:25:00,24250,CE,597.96,622.22,603.01,608.21,867,78511,0.1468
2025-08-25 13:25:00,24250,PE,384.65,383.63,377.25,381.87,405,72042,0.1454
2025-08-25 13:25:00,24300,CE,560.74,557.46,548.39,551.59,118,67624,0.1444
2025-08-25 13:25:00,24300,PE,396.16,398.57,391.14,394.27,695,58485,0.1435
2025-08-25 13:25:00,24350,CE,478.59,498.1,482.17,483.95,577,56542,0.1462
2025-08-25 13:25:00,24350,PE,383.24,389.68,381.65,384.51,708,58424,0.1447
2025-08-25 13:25:00,24400,CE,459.33,467.76,454.28,462.56,206,51350,0.1458
2025-08-25 13:25:00,24400,PE,374.53,382.51,375.64,376.29,388,52548,0.1469
2025-08-25 13:25:00,24450,CE,426.65,438.25,426.92,427.2,577,50920,0.146
2025-08-25 13:25:00,24450,PE,348.14,351.68,342.32,347.56,285,50129,0.1426
2025-08-25 13:25:00,24500,CE,375.77,379.99,370.15,376.68,338,46414,0.1436
2025-08-25 13:25:00,24500,PE,447.38,456.0,441.89,448.31,333,48832,0.1461
2025-08-25 13:25:00,24550,CE,385.11,391.96,378.17,383.01,801,45235,0.146
2025-08-25 13:25:00,24550,PE,469.51,471.98,459.31,463.22,229,39278,0.1445
2025-08-25 13:25:00,24600,CE,395.04,409.57,388.0,394.55,41,41904,0.1443
2025-08-25 13:25:00,24600,PE,550.9,561.65,547.6,547.73,101,37792,0.1485
2025-08-25 13:25:00,24650,CE,381.14,386.51,379.14,382.75,750,42522,0.1461
2025-08-25 13:25:00,24650,PE,591.03,591.46,589.56,591.24,746,37604,0.1466
2025-08-25 13:25:00,24700,CE,436.9,443.17,433.77,435.14,344,34057,0.147
2025-08-25 13:25:00,24700,PE,646.7,645.08,640.32,644.97,666,30299,0.1433
2025-08-25 13:25:00,24750,CE,375.95,380.05,377.25,378.7,750,37408,0.1399
2025-08-25 13:25:00,24750,PE,673.72,677.64,674.06,676.64,680,37941,0.1423
2025-08-25 13:25:00,24800,CE,389.67,390.03,379.27,387.17,792,33789,0.1474
2025-08-25 13:25:00,24800,PE,750.97,764.56,745.28,755.83,480,38853,0.1452
2025-08-25 13:25:00,24850,CE,419.98,415.28,414.44,414.68,279,34695,0.1466
2025-08-25 13:25:00,24850,PE,775.87,790.65,778.72,783.42,230,29760,0.146
2025-08-25 13:25:00,24900,CE,386.28,390.47,378.58,382.86,356,26921,0.1424
2025-08-25 13:25:00,24900,PE,811.09,818.95,810.48,815.78,320,24778,0.1461
2025-08-25 13:30:00,23500,CE,1314.03,1303.47,1300.37,1300.53,302,29776,0.148
2025-08-25 13:30:00,23500,PE,408.01,408.57,398.38,404.41,37,32969,0.1451
2025-08-25 13:30:00,23550,CE,1262.58,1271.13,1253.94,1263.41,238,34023,0.1481
2025-08-25 13:30:00,23550,PE,389.28,396.89,389.27,390.53,390,31484,0.1421
2025-08-25 13:30:00,23600,CE,1193.14,1191.93,1183.03,1190.67,186,34574,0.1464
2025-08-25 13:30:00,23600,PE,415.9,419.57,407.59,417.58,48,34475,0.1474
2025-08-25 13:30:00,23650,CE,1180.26,1194.6,1158.79,1165.76,173,33230,0.1469
2025-08-25 13:30:00,23650,PE,393.5,400.84,394.12,398.64,248,35397,0.1449
2025-08-25 13:30:00,23700,CE,1098.13,1105.49,1089.39,1090.26,335,34116,0.1428
2025-08-25 13:30:00,23700,PE,388.9,391.79,384.64,386.35,475,34848,0.1484
2025-08-25 13:30:00,23750,CE,1029.34,1039.71,1019.43,1029.2,245,37843,0.1441
2025-08-25 13:30:00,23750,PE,381.55,386.1,382.73,383.39,338,36790,0.1466
2025-08-25 13:30:00,23800,CE,984.83,982.9,974.46,978.17,65,36382,0.1422
2025-08-25 13:30:00,23800,PE,372.45,375.68,372.59,375.13,562,39545,0.1447
2025-08-25 13:30:00,23850,CE,947.84,949.55,925.52,940.27,395,41292,0.1416
2025-08-25 13:30:00,23850,PE,385.06,387.8,384.6,385.87,366,46716,0.1443
2025-08-25 13:30:00,23900,CE,894.56,908.8,890.33,891.19,552,43783,0.1458
2025-08-25 13:30:00,23900,PE,419.6,431.99,416.0,416.91,465,47060,0.1494
2025-08-25 13:30:00,23950,CE,857.23,857.25,850.9,851.57,442,51639,0.1463
2025-08-25 13:30:00,23950,PE,372.18,372.24,367.4,370.48,394,48699,0.1439
2025-08-25 13:30:00,24000,CE,791.72,800.87,791.98,800.71,394,60646,0.142
2025-08-25 13:30:00,24000,PE,400.11,409.15,396.68,397.95,609,52929,0.1476
2025-08-25 13:30:00,24050,CE,736.02,739.05,736.66,737.44,747,59347,0.1442
2025-08-25 13:30:00,24050,PE,412.69,416.96,412.88,413.77,502,62360,0.1466
2025-08-25 13:30:00,24100,CE,687.15,696.64,686.94,690.18,44,69963,0.1394
2025-08-25 13:30:00,24100,PE,412.04,414.65,405.16,410.93,194,63712,0.1458
2025-08-25 13:30:00,24150,CE,633.59,638.57,630.9,631.28,811,72811,0.1428
2025-08-25 13:30:00,24150,PE,388.42,399.38,389.38,392.24,586,72647,0.1464
2025-08-25 13:30:00,24200,CE,628.37,639.64,622.78,629.67,629,85974,0.1431
2025-08-25 13:30:00,24200,PE,362.96,363.28,359.24,361.38,810,80465,0.1468
2025-08-25 13:30:00,24250,CE,527.96,532.61,527.3,528.55,1072,79001,0.1482
2025-08-25 13:30:00,24250,PE,386.62,388.48,381.88,383.81,404,72425,0.1453
2025-08-25 13:30:00,24300,CE,493.28,499.55,490.33,498.47,257,67158,0.1453
2025-08-25 13:30:00,24300,PE,391.07,392.23,385.81,389.7,706,58612,0.1457
2025-08-25 13:30:00,24350,CE,458.3,461.6,451.05,457.2,892,56900,0.1448
2025-08-25 13:30:00,24350,PE,380.73,387.87,384.09,385.15,606,58794,0.1466
2025-08-25 13:30:00,24400,CE,402.08,401.2,394.42,396.97,1611,50859,0.1481
2025-08-25 13:30:00,24400,PE,390.52,395.28,387.32,391.72,817,52217,0.1431
2025-08-25 13:30:00,24450,CE,392.72,397.02,380.06,386.04,1017,50815,0.1454
2025-08-25 13:30:00,24450,PE,457.76,457.0,453.58,456.29,451,49830,0.1475
2025-08-25 13:30:00,24500,CE,401.49,405.24,402.02,402.35,486,45944,0.1431
2025-08-25 13:30:00,24500,PE,491.39,500.68,482.47,493.01,159,48986,0.1445
2025-08-25 13:30:00,24550,CE,398.08,400.27,396.17,397.89,1109,45243,0.1426
2025-08-25 13:30:00,24550,PE,527.23,529.06,521.39,528.04,1091,38863,0.144
2025-08-25 13:30:00,24600,CE,409.87,418.11,405.35,407.66,1024,42007,0.1446
2025-08-25 13:30:00,24600,PE,585.6,584.71,582.82,584.38,786,37266,0.1452
2025-08-25 13:30:00,24650,CE,409.93,409.37,406.73,407.41,581,42381,0.1445
2025-08-25 13:30:00,24650,PE,659.7,647.77,644.03,645.15,856,37955,0.1463
2025-08-25 13:30:00,24700,CE,397.61,404.64,398.81,404.3,752,34525,0.1469
2025-08-25 13:30:00,24700,PE,704.68,698.08,687.84,695.8,630,29993,0.1465
2025-08-25 13:30:00,24750,CE,395.95,395.85,390.75,391.12,235,37839,0.1449
2025-08-25 13:30:00,24750,PE,703.61,717.19,704.98,707.82,486,38411,0.1442
2025-08-25 13:30:00,24800,CE,402.9,407.49,400.95,402.05,591,33917,0.1461
2025-08-25 13:30:00,24800,PE,784.85,779.4,778.4,779.1,123,39431,0.1429
2025-08-25 13:30:00,24850,CE,394.88,402.71,388.59,392.06,176,34390,0.1456
2025-08-25 13:30:00,24850,PE,844.44,858.41,837.87,846.37,110,29242,0.1448
2025-08-25 13:30:00,24900,CE,372.09,376.54,372.91,373.99,248,27333,0.1447
2025-08-25 13:30:00,24900,PE,879.04,888.81,885.97,887.97,559,24767,0.148
2025-08-25 13:35:00,23500,CE,1359.39,1381.65,1359.73,1361.11,129,29591,0.1456
2025-08-25 13:35:00,23500,PE,413.02,410.73,406.37,410.36,365,32435,0.145
2025-08-25 13:35:00,23550,CE,1317.3,1319.74,1289.02,1314.06,30,33500,0.1471
2025-08-25 13:35:00,23550,PE,446.14,451.82,434.7,437.56,368,30992,0.1532
2025-08-25 13:35:00,23600,CE,1271.29,1276.89,1264.39,1265.04,407,34194,0.1432
2025-08-25 13:35:00,23600,PE,400.43,400.43,396.96,398.95,239,35039,0.1454
2025-08-25 13:35:00,23650,CE,1223.87,1238.53,1217.59,1219.18,58,32967,0.145
2025-08-25 13:35:00,23650,PE,382.67,384.97,378.93,380.91,330,35777,0.1475
2025-08-25 13:35:00,23700,CE,1220.02,1236.85,1210.28,1218.0,429,33539,0.1472
2025-08-25 13:35:00,23700,PE,398.5,409.41,392.7,400.92,369,34634,0.1457
2025-08-25 13:35:00,23750,CE,1149.05,1160.94,1149.37,1152.0,280,38330,0.147
2025-08-25 13:35:00,23750,PE,375.75,375.46,369.83,374.68,448,36412,0.1424
2025-08-25 13:35:00,23800,CE,1059.55,1078.17,1071.36,1074.56,250,36122,0.1462
2025-08-25 13:35:00,23800,PE,403.01,403.92,394.41,397.66,324,39936,0.1468
2025-08-25 13:35:00,23850,CE,1048.79,1044.0,1031.82,1037.74,181,40837,0.1438
2025-08-25 13:35:00,23850,PE,389.49,395.73,392.12,393.16,43,46179,0.1465
2025-08-25 13:35:00,23900,CE,1001.26,1009.52,983.64,995.11,219,44342,0.1458
2025-08-25 13:35:00,23900,PE,378.04,381.65,377.51,379.01,153,46945,0.1418
2025-08-25 13:35:00,23950,CE,907.17,934.19,919.53,925.94,421,51828,0.1459
2025-08-25 13:35:00,23950,PE,413.17,409.39,407.72,408.82,174,48251,0.1433
2025-08-25 13:35:00,24000,CE,885.63,887.63,875.33,882.22,112,60310,0.1425
2025-08-25 13:35:00,24000,PE,403.54,409.2,405.48,407.17,66,52880,0.1471
2025-08-25 13:35:00,24050,CE,858.05,868.76,852.55,860.81,460,59557,0.1438
2025-08-25 13:35:00,24050,PE,370.88,377.99,373.8,374.59,643,62111,0.144
2025-08-25 13:35:00,24100,CE,751.43,755.59,746.31,751.59,501,70424,0.1439
2025-08-25 13:35:00,24100,PE,403.05,401.73,400.53,401.42,33,64049,0.1463
2025-08-25 13:35:00,24150,CE,739.46,748.82,731.1,735.75,85,72872,0.1431
2025-08-25 13:35:00,24150,PE,387.24,398.65,387.23,388.78,685,72598,0.1453
2025-08-25 13:35:00,24200,CE,673.51,680.29,665.25,668.73,508,86117,0.1453
2025-08-25 13:35:00,24200,PE,394.58,403.41,396.66,398.01,524,80742,0.1456
2025-08-25 13:35:00,24250,CE,620.3,627.77,623.99,626.69,848,78562,0.1463
2025-08-25 13:35:00,24250,PE,388.46,394.28,384.86,386.56,419,72848,0.1444
2025-08-25 13:35:00,24300,CE,560.04,569.46,561.99,565.96,428,67145,0.1442
2025-08-25 13:35:00,24300,PE,399.83,396.34,390.75,395.92,815,59134,0.1439
2025-08-25 13:35:00,24350,CE,529.09,530.17,525.38,527.64,323,57446,0.1459
2025-08-25 13:35:00,24350,PE,390.76,389.26,384.08,386.2,876,58230,0.1418
2025-08-25 13:35:00,24400,CE,504.18,516.28,493.16,497.19,1207,50720,0.1435
2025-08-25 13:35:00,24400,PE,380.11,385.62,370.77,378.16,411,52248,0.1459
2025-08-25 13:35:00,24450,CE,434.58,442.5,439.58,439.59,947,50862,0.1466
2025-08-25 13:35:00,24450,PE,378.6,386.07,369.87,378.54,114,50216,0.1417
2025-08-25 13:35:00,24500,CE,392.47,391.16,384.88,390.27,590,45513,0.1455
2025-08-25 13:35:00,24500,PE,412.96,423.6,408.91,411.63,960,49132,0.1466
2025-08-25 13:35:00,24550,CE,425.44,427.33,422.0,423.72,169,45774,0.1433
2025-08-25 13:35:00,24550,PE,457.85,470.85,449.98,458.85,872,39459,0.1429
2025-08-25 13:35:00,24600,CE,405.4,413.24,407.14,407.14,848,41419,0.1447
2025-08-25 13:35:00,24600,PE,496.71,504.74,495.24,498.39,277,37833,0.1417
2025-08-25 13:35:00,24650,CE,416.76,421.93,414.85,416.59,632,41927,0.1493
2025-08-25 13:35:00,24650,PE,563.79,575.38,563.57,564.21,99,37999,0.1469
2025-08-25 13:35:00,24700,CE,418.87,422.84,419.73,420.47,602,34220,0.1495
2025-08-25 13:35:00,24700,PE,613.62,636.18,617.58,617.94,208,30120,0.1434
2025-08-25 13:35:00,24750,CE,350.6,356.17,348.98,354.38,405,37283,0.1414
2025-08-25 13:35:00,24750,PE,660.03,665.06,659.78,661.73,66,38096,0.1466
2025-08-25 13:35:00,24800,CE,414.79,412.5,411.39,411.72,477,33677,0.1456
2025-08-25 13:35:00,24800,PE,730.6,743.79,721.44,728.13,26,39929,0.1442
2025-08-25 13:35:00,24850,CE,388.83,394.13,389.0,389.81,538,34490,0.1468
2025-08-25 13:35:00,24850,PE,783.66,793.48,771.99,780.96,198,29491,0.144
2025-08-25 13:35:00,24900,CE,333.76,339.55,337.38,338.14,678,27544,0.1406
2025-08-25 13:35:00,24900,PE,804.4,822.62,807.26,807.53,220,24637,0.1452
2025-08-25 13:40:00,23500,CE,1386.39,1392.76,1375.37,1377.78,367,29007,0.143
2025-08-25 13:40:00,23500,PE,411.26,407.49,402.07,407.24,92,31963,0.1456
2025-08-25 13:40:00,23550,CE,1356.82,1420.58,1356.28,1357.49,265,33450,0.1477
2025-08-25 13:40:00,23550,PE,389.52,387.8,383.97,385.04,60,31521,0.1453
2025-08-25 13:40:00,23600,CE,1284.05,1301.02,1286.72,1293.56,239,33892,0.1457
2025-08-25 13:40:00,23600,PE,401.96,412.44,407.97,409.71,405,35276,0.1482
2025-08-25 13:40:00,23650,CE,1245.01,1240.24,1224.68,1235.98,64,33358,0.1458
2025-08-25 13:40:00,23650,PE,385.07,385.43,379.39,384.81,33,36265,0.1476
2025-08-25 13:40:00,23700,CE,1164.74,1186.05,1151.19,1173.75,189,33291,0.1433
2025-08-25 13:40:00,23700,PE,396.44,397.85,394.45,395.48,32,35151,0.1461
2025-08-25 13:40:00,23750,CE,1098.05,1113.19,1106.33,1112.64,278,38459,0.1457
2025-08-25 13:40:00,23750,PE,375.59,377.07,373.62,376.23,419,36422,0.144
2025-08-25 13:40:00,23800,CE,1081.07,1097.88,1096.43,1096.82,155,36456,0.1484
2025-08-25 13:40:00,23800,PE,404.62,410.21,397.13,400.52,278,39622,0.1453
2025-08-25 13:40:00,23850,CE,1032.04,1035.7,1015.41,1027.66,461,41212,0.1467
2025-08-25 13:40:00,23850,PE,390.07,398.96,383.94,393.93,141,46358,0.1474
2025-08-25 13:40:00,23900,CE,988.18,1006.0,978.02,992.76,531,44701,0.1441
2025-08-25 13:40:00,23900,PE,392.27,404.74,390.6,391.74,122,47371,0.1444
2025-08-25 13:40:00,23950,CE,977.08,992.61,959.66,970.47,43,51968,0.1462
2025-08-25 13:40:00,23950,PE,373.82,379.91,370.56,375.41,317,47695,0.1424
2025-08-25 13:40:00,24000,CE,876.33,901.23,878.42,884.63,476,60067,0.1427
2025-08-25 13:40:00,24000,PE,383.79,389.39,379.23,381.53,557,53333,0.1477
2025-08-25 13:40:00,24050,CE,850.49,863.35,844.8,851.9,416,59709,0.1458
2025-08-25 13:40:00,24050,PE,409.08,405.58,399.89,405.11,47,62579,0.1416
2025-08-25 13:40:00,24100,CE,828.16,841.77,813.99,829.71,514,70285,0.1474
2025-08-25 13:40:00,24100,PE,406.05,405.78,400.58,400.93,75,64054,0.1471
2025-08-25 13:40:00,24150,CE,723.58,723.6,715.06,719.43,731,73307,0.1469
2025-08-25 13:40:00,24150,PE,391.17,386.41,384.19,384.88,91,72912,0.1434
2025-08-25 13:40:00,24200,CE,668.52,669.0,658.85,668.01,85,85970,0.145
2025-08-25 13:40:00,24200,PE,375.02,379.29,369.85,375.99,402,80169,0.1434
2025-08-25 13:40:00,24250,CE,628.59,622.89,611.72,622.52,146,79018,0.1477
2025-08-25 13:40:00,24250,PE,384.0,381.88,377.62,378.81,614,73191,0.1444
2025-08-25 13:40:00,24300,CE,554.87,568.93,553.05,558.55,619,67083,0.1464
2025-08-25 13:40:00,24300,PE,397.64,407.66,396.18,401.17,36,59189,0.145
2025-08-25 13:40:00,24350,CE,537.42,547.46,537.45,539.83,927,57091,0.1442
2025-08-25 13:40:00,24350,PE,384.17,384.27,377.54,382.97,598,58124,0.1434
2025-08-25 13:40:00,24400,CE,497.28,510.63,496.89,501.82,1189,50315,0.1428
2025-08-25 13:40:00,24400,PE,370.8,373.59,367.65,370.04,163,51900,0.1438
2025-08-25 13:40:00,24450,CE,434.79,437.3,433.74,435.37,268,51277,0.1445
2025-08-25 13:40:00,24450,PE,401.45,406.86,400.73,401.35,430,50050,0.1454
2025-08-25 13:40:00,24500,CE,360.84,364.0,361.94,363.32,466,45890,0.1449
2025-08-25 13:40:00,24500,PE,417.42,422.47,416.31,420.74,1159,49100,0.1463
2025-08-25 13:40:00,24550,CE,424.03,425.11,418.19,421.71,1184,45258,0.1478
2025-08-25 13:40:00,24550,PE,489.39,503.77,487.37,496.93,1009,39292,0.1477
2025-08-25 13:40:00,24600,CE,397.08,397.09,389.7,393.66,501,41008,0.1479
2025-08-25 13:40:00,24600,PE,482.07,493.05,479.16,485.08,143,38065,0.1432
2025-08-25 13:40:00,24650,CE,402.58,410.52,405.15,406.97,971,42420,0.1478
2025-08-25 13:40:00,24650,PE,546.24,548.48,543.74,544.73,291,38314,0.1447
2025-08-25 13:40:00,24700,CE,400.52,402.46,394.49,396.25,128,34554,0.1435
2025-08-25 13:40:00,24700,PE,624.43,629.19,618.98,624.42,586,30554,0.1469
2025-08-25 13:40:00,24750,CE,428.87,432.58,426.72,427.63,76,37614,0.1479
2025-08-25 13:40:00,24750,PE,639.05,650.51,638.79,642.54,441,38178,0.1454
2025-08-25 13:40:00,24800,CE,395.47,393.34,386.1,388.51,463,33934,0.1454
2025-08-25 13:40:00,24800,PE,688.29,697.81,688.39,689.72,514,39828,0.1435
2025-08-25 13:40:00,24850,CE,405.75,418.92,403.32,406.8,348,33974,0.1414
2025-08-25 13:40:00,24850,PE,744.72,754.2,746.5,747.55,570,29737,0.1464
2025-08-25 13:40:00,24900,CE,404.29,406.89,400.49,403.69,416,27809,0.1421
2025-08-25 13:40:00,24900,PE,826.06,832.84,821.12,824.86,204,24305,0.1446
2025-08-25 13:45:00,23500,CE,1396.28,1406.79,1366.4,1389.48,357,29551,0.1459
2025-08-25 13:45:00,23500,PE,364.7,368.15,359.88,362.79,330,31426,0.1434
2025-08-25 13:45:00,23550,CE,1378.5,1385.3,1362.69,1377.62,223,33733,0.1419
2025-08-25 13:45:00,23550,PE,386.64,388.21,384.85,385.8,21,32083,0.1453
2025-08-25 13:45:00,23600,CE,1263.54,1271.67,1250.93,1267.17,330,33662,0.1432
2025-08-25 13:45:00,23600,PE,380.11,387.94,383.51,386.61,215,35770,0.1397
2025-08-25 13:45:00,23650,CE,1253.4,1281.31,1264.73,1276.87,373,33749,0.1464
2025-08-25 13:45:00,23650,PE,407.77,411.52,407.49,408.16,429,36557,0.1507
2025-08-25 13:45:00,23700,CE,1228.05,1230.46,1212.33,1218.22,427,33835,0.1452
2025-08-25 13:45:00,23700,PE,398.68,396.13,395.33,396.03,16,35335,0.1462
2025-08-25 13:45:00,23750,CE,1161.49,1161.18,1158.38,1158.52,165,38452,0.1418
2025-08-25 13:45:00,23750,PE,407.21,408.75,407.57,408.39,86,36632,0.1461
2025-08-25 13:45:00,23800,CE,1077.33,1117.97,1091.25,1095.44,420,36350,0.1447
2025-08-25 13:45:00,23800,PE,373.86,375.52,373.28,375.12,353,39411,0.1451
2025-08-25 13:45:00,23850,CE,1072.06,1086.27,1053.43,1070.28,398,40710,0.1467
2025-08-25 13:45:00,23850,PE,398.2,404.67,397.14,400.11,466,46211,0.1452
2025-08-25 13:45:00,23900,CE,996.43,1014.37,995.35,1000.65,286,45064,0.145
2025-08-25 13:45:00,23900,PE,379.37,384.1,378.47,379.84,25,47905,0.1407
2025-08-25 13:45:00,23950,CE,941.63,972.85,954.41,956.57,367,52538,0.1446
2025-08-25 13:45:00,23950,PE,392.7,390.47,385.53,389.99,330,47342,0.1421
2025-08-25 13:45:00,24000,CE,907.2,928.79,910.7,917.68,370,60152,0.145
2025-08-25 13:45:00,24000,PE,377.73,379.65,378.35,379.48,579,53423,0.1443
2025-08-25 13:45:00,24050,CE,891.4,911.42,885.91,893.43,279,59320,0.147
2025-08-25 13:45:00,24050,PE,400.99,401.82,394.1,396.54,226,62676,0.1438
2025-08-25 13:45:00,24100,CE,844.73,846.73,832.57,837.76,273,70120,0.1479
2025-08-25 13:45:00,24100,PE,355.47,360.36,351.31,357.48,21,64584,0.1432
2025-08-25 13:45:00,24150,CE,761.85,771.84,747.81,752.8,650,73013,0.1419
2025-08-25 13:45:00,24150,PE,373.13,372.03,370.59,371.58,117,73313,0.1463
2025-08-25 13:45:00,24200,CE,708.74,705.67,702.43,704.06,705,86446,0.1472
2025-08-25 13:45:00,24200,PE,395.11,395.57,393.79,395.08,466,80452,0.1452
2025-08-25 13:45:00,24250,CE,642.68,648.8,638.91,641.37,673,78675,0.1477
2025-08-25 13:45:00,24250,PE,427.65,421.2,416.39,421.18,487,72903,0.1447
2025-08-25 13:45:00,24300,CE,608.23,617.55,599.44,605.3,765,67648,0.1438
2025-08-25 13:45:00,24300,PE,380.77,396.97,383.86,384.77,92,58679,0.145
2025-08-25 13:45:00,24350,CE,555.3,561.3,555.23,558.84,310,56631,0.1433
2025-08-25 13:45:00,24350,PE,415.4,421.76,414.21,414.3,28,58698,0.1437
2025-08-25 13:45:00,24400,CE,504.95,508.32,495.89,503.43,745,50647,0.1454
2025-08-25 13:45:00,24400,PE,383.95,388.85,378.43,386.69,726,52195,0.1474
2025-08-25 13:45:00,24450,CE,438.58,444.08,433.67,439.39,1002,50869,0.1486
2025-08-25 13:45:00,24450,PE,393.39,395.92,390.38,392.74,238,50036,0.1438
2025-08-25 13:45:00,24500,CE,413.57,422.71,409.63,412.59,646,46298,0.1441
2025-08-25 13:45:00,24500,PE,365.3,373.98,367.01,368.14,537,48894,0.1445
2025-08-25 13:45:00,24550,CE,389.8,387.89,385.01,387.28,863,44889,0.1421
2025-08-25 13:45:00,24550,PE,410.4,420.83,411.47,412.12,1384,38705,0.1456
2025-08-25 13:45:00,24600,CE,407.55,415.32,405.27,409.07,1178,41155,0.1458
2025-08-25 13:45:00,24600,PE,457.68,459.77,454.19,454.57,1232,37817,0.1437
2025-08-25 13:45:00,24650,CE,405.61,406.95,399.68,403.91,1097,42856,0.1447
2025-08-25 13:45:00,24650,PE,511.39,509.59,506.04,508.04,566,38054,0.1426
2025-08-25 13:45:00,24700,CE,365.95,367.99,358.34,366.89,227,34135,0.1436
2025-08-25 13:45:00,24700,PE,584.99,582.45,578.17,581.08,640,31106,0.1425
2025-08-25 13:45:00,24750,CE,403.25,411.44,403.92,407.34,560,38171,0.1463
2025-08-25 13:45:00,24750,PE,635.68,636.72,624.3,633.49,743,38400,0.1464
2025-08-25 13:45:00,24800,CE,362.18,366.19,363.18,364.87,650,34448,0.1445
2025-08-25 13:45:00,24800,PE,707.87,711.23,708.42,709.65,766,39422,0.1472
2025-08-25 13:45:00,24850,CE,428.38,430.58,422.19,422.31,484,33926,0.1484
2025-08-25 13:45:00,24850,PE,709.5,717.97,713.8,715.7,721,29381,0.1466
2025-08-25 13:45:00,24900,CE,429.9,427.69,423.88,425.31,622,27783,0.1493
2025-08-25 13:45:00,24900,PE,792.35,809.53,784.53,787.26,706,24654,0.1441
2025-08-25 13:50:00,23500,CE,1397.13,1432.19,1411.23,1413.53,136,29964,0.1455
2025-08-25 13:50:00,23500,PE,384.03,387.03,381.43,384.06,76,30830,0.1443
2025-08-25 13:50:00,23550,CE,1351.49,1382.96,1361.96,1366.0,205,33600,0.143
2025-08-25 13:50:00,23550,PE,423.37,428.32,425.9,426.66,55,32675,0.1461
2025-08-25 13:50:00,23600,CE,1305.99,1319.46,1301.54,1310.2,22,33769,0.1447
2025-08-25 13:50:00,23600,PE,361.19,368.18,360.44,364.69,113,35525,0.1461
2025-08-25 13:50:00,23650,CE,1304.13,1309.3,1278.17,1287.3,97,33615,0.1433
2025-08-25 13:50:00,23650,PE,405.81,417.29,401.44,406.2,291,36344,0.1488
2025-08-25 13:50:00,23700,CE,1205.39,1219.06,1212.57,1214.02,328,33772,0.1467
2025-08-25 13:50:00,23700,PE,367.52,366.07,364.11,365.34,357,35268,0.146
2025-08-25 13:50:00,23750,CE,1174.95,1178.05,1162.18,1173.46,178,38460,0.1447
2025-08-25 13:50:00,23750,PE,411.76,418.41,402.3,410.6,328,36589,0.1456
2025-08-25 13:50:00,23800,CE,1131.56,1139.62,1123.69,1127.42,451,36369,0.1463
2025-08-25 13:50:00,23800,PE,425.73,422.05,417.86,420.83,153,38844,0.1479
2025-08-25 13:50:00,23850,CE,1047.69,1051.55,1045.72,1048.55,210,40175,0.1443
2025-08-25 13:50:00,23850,PE,393.03,392.96,390.65,392.63,27,46056,0.145
2025-08-25 13:50:00,23900,CE,1022.1,1038.51,1015.87,1027.82,166,45525,0.1454
2025-08-25 13:50:00,23900,PE,385.77,388.47,382.46,385.79,406,48253,0.1423
2025-08-25 13:50:00,23950,CE,974.3,974.35,970.76,973.26,323,52070,0.1434
2025-08-25 13:50:00,23950,PE,398.91,398.13,395.78,396.48,499,47335,0.1465
2025-08-25 13:50:00,24000,CE,913.71,927.3,904.72,911.68,272,60277,0.1423
2025-08-25 13:50:00,24000,PE,438.26,434.84,432.15,433.89,110,53400,0.1465
2025-08-25 13:50:00,24050,CE,836.85,845.5,839.05,843.18,406,59557,0.1457
2025-08-25 13:50:00,24050,PE,397.66,398.29,392.27,395.66,337,63272,0.1494
2025-08-25 13:50:00,24100,CE,821.57,832.82,825.28,828.89,703,69635,0.1457
2025-08-25 13:50:00,24100,PE,382.83,383.57,378.79,383.34,69,64602,0.1492
2025-08-25 13:50:00,24150,CE,773.79,792.57,770.63,773.63,635,73027,0.1462
2025-08-25 13:50:00,24150,PE,393.28,391.17,385.82,390.32,175,73387,0.1466
2025-08-25 13:50:00,24200,CE,733.63,749.21,735.31,735.58,781,86046,0.1461
2025-08-25 13:50:00,24200,PE,396.21,398.39,393.74,394.82,376,80618,0.1459
2025-08-25 13:50:00,24250,CE,638.25,651.1,636.32,638.84,364,78128,0.1436
2025-08-25 13:50:00,24250,PE,395.04,394.84,389.53,392.76,609,73192,0.1455
2025-08-25 13:50:00,24300,CE,604.15,602.36,595.35,599.13,655,67843,0.1424
2025-08-25 13:50:00,24300,PE,421.96,422.95,420.48,422.26,657,58475,0.1478
2025-08-25 13:50:00,24350,CE,575.85,591.41,566.83,578.8,36,57217,0.1482
2025-08-25 13:50:00,24350,PE,429.76,435.92,427.36,428.22,239,59092,0.1445
2025-08-25 13:50:00,24400,CE,521.17,527.36,511.67,516.41,678,50694,0.1474
2025-08-25 13:50:00,24400,PE,396.62,402.8,386.47,393.07,46,52783,0.1448
2025-08-25 13:50:00,24450,CE,479.82,494.62,479.6,480.73,757,51265,0.1432
2025-08-25 13:50:00,24450,PE,391.97,386.58,383.49,386.27,1103,49601,0.1428
2025-08-25 13:50:00,24500,CE,456.78,460.53,456.11,459.39,1560,46407,0.1461
2025-08-25 13:50:00,24500,PE,383.1,386.48,381.6,382.11,326,48991,0.1449
2025-08-25 13:50:00,24550,CE,398.24,403.39,396.01,400.2,1030,45072,0.1431
2025-08-25 13:50:00,24550,PE,404.32,406.92,395.28,400.09,551,39233,0.1437
2025-08-25 13:50:00,24600,CE,390.28,401.3,390.14,393.25,354,41145,0.1467
2025-08-25 13:50:00,24600,PE,467.1,468.75,461.2,464.02,1195,37309,0.1435
2025-08-25 13:50:00,24650,CE,383.41,385.85,378.1,383.62,514,42831,0.1421
2025-08-25 13:50:00,24650,PE,497.47,500.57,495.51,498.75,966,38399,0.145
2025-08-25 13:50:00,24700,CE,409.16,417.97,413.2,415.23,885,33965,0.148
2025-08-25 13:50:00,24700,PE,579.17,587.47,580.8,584.79,553,30538,0.1483
2025-08-25 13:50:00,24750,CE,404.38,407.85,403.58,406.07,822,37934,0.1468
2025-08-25 13:50:00,24750,PE,617.17,625.45,615.66,618.33,474,38618,0.1447
2025-08-25 13:50:00,24800,CE,389.54,395.92,395.27,395.42,706,33951,0.1445
2025-08-25 13:50:00,24800,PE,675.76,675.07,662.04,666.16,698,39273,0.1444
2025-08-25 13:50:00,24850,CE,401.58,399.37,394.68,394.94,354,33485,0.1461
2025-08-25 13:50:00,24850,PE,712.15,729.24,706.9,713.37,599,29352,0.1442
2025-08-25 13:50:00,24900,CE,429.87,431.14,428.12,428.62,90,27352,0.1453
2025-08-25 13:50:00,24900,PE,759.35,785.33,761.63,773.95,557,24184,0.1445
2025-08-25 13:55:00,23500,CE,1359.03,1367.88,1356.08,1362.78,210,30201,0.1432
2025-08-25 13:55:00,23500,PE,365.78,373.2,364.76,367.84,363,30419,0.1465
2025-08-25 13:55:00,23550,CE,1334.55,1366.85,1322.05,1337.96,127,33185,0.149
2025-08-25 13:55:00,23550,PE,392.54,394.99,392.96,393.56,364,32786,0.1426
2025-08-25 13:55:00,23600,CE,1272.72,1287.41,1265.45,1275.27,424,33221,0.143
2025-08-25 13:55:00,23600,PE,402.89,404.11,398.39,398.81,306,34964,0.1478
2025-08-25 13:55:00,23650,CE,1201.74,1203.71,1186.97,1200.44,55,33532,0.1472
2025-08-25 13:55:00,23650,PE,357.86,365.57,356.83,361.35,170,36182,0.1424
2025-08-25 13:55:00,23700,CE,1168.62,1171.37,1161.72,1163.34,39,33825,0.1427
2025-08-25 13:55:00,23700,PE,413.91,417.58,405.84,412.82,166,35860,0.143
2025-08-25 13:55:00,23750,CE,1121.48,1129.6,1118.59,1124.05,393,38381,0.1444
2025-08-25 13:55:00,23750,PE,394.04,395.91,393.82,394.98,381,36680,0.1442
2025-08-25 13:55:00,23800,CE,1047.79,1070.99,1053.71,1063.01,262,36872,0.1421
2025-08-25 13:55:00,23800,PE,404.77,414.94,407.37,411.93,310,38823,0.1455
2025-08-25 13:55:00,23850,CE,1008.86,1000.28,996.18,999.67,315,40512,0.1435
2025-08-25 13:55:00,23850,PE,394.39,395.36,388.67,391.77,410,46114,0.1473
2025-08-25 13:55:00,23900,CE,1010.77,1011.82,989.05,1004.65,110,45689,0.1417
2025-08-25 13:55:00,23900,PE,335.57,343.29,337.95,339.98,256,48772,0.1438
2025-08-25 13:55:00,23950,CE,935.97,959.39,926.52,931.62,562,51470,0.1493
2025-08-25 13:55:00,23950,PE,373.76,373.52,369.71,371.57,618,47816,0.1465
2025-08-25 13:55:00,24000,CE,848.72,861.67,846.31,855.72,599,60274,0.1479
2025-08-25 13:55:00,24000,PE,391.54,395.12,390.6,391.66,186,53528,0.1432
2025-08-25 13:55:00,24050,CE,803.94,825.88,812.63,820.57,625,59497,0.1422
2025-08-25 13:55:00,24050,PE,383.32,387.14,380.82,384.39,696,62985,0.1433
2025-08-25 13:55:00,24100,CE,812.44,806.25,797.04,800.6,649,69114,0.1483
2025-08-25 13:55:00,24100,PE,384.89,389.85,386.14,389.33,639,65136,0.1456
2025-08-25 13:55:00,24150,CE,744.66,743.11,739.41,741.05,581,73175,0.1446
2025-08-25 13:55:00,24150,PE,374.09,372.01,364.3,370.45,346,73835,0.1455
2025-08-25 13:55:00,24200,CE,687.83,702.73,677.2,684.01,126,85794,0.1463
2025-08-25 13:55:00,24200,PE,403.22,405.74,401.64,403.52,130,80351,0.1456
2025-08-25 13:55:00,24250,CE,631.08,641.37,629.64,633.52,522,77930,0.1472
2025-08-25 13:55:00,24250,PE,408.32,417.03,404.66,407.48,423,72869,0.143
2025-08-25 13:55:00,24300,CE,583.69,584.32,578.86,583.2,396,67840,0.1479
2025-08-25 13:55:00,24300,PE,412.23,423.69,406.99,411.5,247,58998,0.1432
2025-08-25 13:55:00,24350,CE,485.64,503.03,483.97,486.58,1101,57668,0.1425
2025-08-25 13:55:00,24350,PE,402.17,406.67,401.94,403.04,21,59086,0.1462
2025-08-25 13:55:00,24400,CE,467.69,469.04,463.39,464.22,1115,50512,0.1443
2025-08-25 13:55:00,24400,PE,399.04,406.5,394.53,396.31,340,52917,0.1436
2025-08-25 13:55:00,24450,CE,423.97,425.16,419.93,421.01,30,51399,0.1428
2025-08-25 13:55:00,24450,PE,397.51,394.35,393.58,394.04,748,49821,0.1437
2025-08-25 13:55:00,24500,CE,392.66,395.38,380.63,386.55,1154,46449,0.1452
2025-08-25 13:55:00,24500,PE,428.5,438.85,428.98,431.26,991,48423,0.1474
2025-08-25 13:55:00,24550,CE,374.54,375.49,369.32,374.46,1410,44563,0.1421
2025-08-25 13:55:00,24550,PE,423.11,439.24,420.54,425.1,1404,39801,0.1431
2025-08-25 13:55:00,24600,CE,381.45,392.75,379.25,381.62,907,41440,0.1474
2025-08-25 13:55:00,24600,PE,500.57,509.05,501.36,502.77,57,37846,0.1434
2025-08-25 13:55:00,24650,CE,374.01,376.53,374.65,375.18,598,42638,0.1463
2025-08-25 13:55:00,24650,PE,544.45,542.79,540.44,542.39,753,38440,0.1403
2025-08-25 13:55:00,24700,CE,397.87,396.44,395.32,396.11,373,33751,0.1467
2025-08-25 13:55:00,24700,PE,622.95,632.74,620.4,625.08,133,31028,0.1449
2025-08-25 13:55:00,24750,CE,389.56,386.16,378.27,385.1,612,37679,0.1412
2025-08-25 13:55:00,24750,PE,690.23,689.45,686.58,688.15,663,38850,0.1458
2025-08-25 13:55:00,24800,CE,371.54,378.33,364.5,372.13,128,33561,0.144
2025-08-25 13:55:00,24800,PE,721.68,746.31,726.48,733.88,203,38799,0.1425
2025-08-25 13:55:00,24850,CE,377.95,377.07,375.73,376.35,637,33071,0.1475
2025-08-25 13:55:00,24850,PE,757.41,772.08,743.64,755.26,628,29387,0.1452
2025-08-25 13:55:00,24900,CE,423.15,421.45,410.98,415.74,93,27765,0.1446
2025-08-25 13:55:00,24900,PE,807.95,815.85,796.65,800.4,134,24783,0.1429
2025-08-25 14:00:00,23500,CE,1325.34,1360.18,1337.48,1346.01,12,30348,0.1457
2025-08-25 14:00:00,23500,PE,385.55,391.96,389.39,390.29,132,30459,0.145
2025-08-25 14:00:00,23550,CE,1286.31,1311.82,1275.67,1279.98,358,33529,0.1474
2025-08-25 14:00:00,23550,PE,383.14,389.77,378.26,383.16,124,32262,0.1443
2025-08-25 14:00:00,23600,CE,1243.89,1253.32,1244.29,1249.5,131,33592,0.1456
2025-08-25 14:00:00,23600,PE,399.58,413.72,404.36,408.2,232,35274,0.1507
2025-08-25 14:00:00,23650,CE,1173.78,1178.74,1168.14,1171.02,233,33567,0.1424
2025-08-25 14:00:00,23650,PE,360.09,365.75,355.35,358.19,37,35609,0.144
2025-08-25 14:00:00,23700,CE,1160.57,1177.35,1138.52,1154.75,344,33467,0.1465
2025-08-25 14:00:00,23700,PE,387.85,392.76,382.69,388.82,180,35703,0.1412
2025-08-25 14:00:00,23750,CE,1074.99,1105.87,1085.53,1102.41,327,38910,0.1433
2025-08-25 14:00:00,23750,PE,409.85,409.84,409.62,409.79,390,36846,0.1467
2025-08-25 14:00:00,23800,CE,1024.01,1020.66,1014.74,1015.88,452,36884,0.1451
2025-08-25 14:00:00,23800,PE,380.75,385.22,380.56,382.87,86,38809,0.1439
2025-08-25 14:00:00,23850,CE,999.93,1010.52,996.71,1004.21,558,40847,0.1424
2025-08-25 14:00:00,23850,PE,409.34,412.21,407.6,408.77,205,45902,0.1491
2025-08-25 14:00:00,23900,CE,927.71,934.63,927.57,930.32,556,45202,0.1457
2025-08-25 14:00:00,23900,PE,396.3,398.14,392.59,393.16,565,48984,0.1447
2025-08-25 14:00:00,23950,CE,908.88,911.23,902.0,902.45,522,51264,0.1428
2025-08-25 14:00:00,23950,PE,403.02,405.41,398.91,400.66,421,47606,0.1448
2025-08-25 14:00:00,24000,CE,836.6,843.42,838.73,840.59,22,60219,0.1442
2025-08-25 14:00:00,24000,PE,390.43,390.16,388.97,390.0,675,53219,0.1447
2025-08-25 14:00:00,24050,CE,784.56,789.5,781.74,783.41,129,60003,0.1446
2025-08-25 14:00:00,24050,PE,373.35,376.37,375.15,375.52,674,63401,0.1448
2025-08-25 14:00:00,24100,CE,773.84,773.59,769.55,773.23,780,69703,0.1511
2025-08-25 14:00:00,24100,PE,420.35,420.79,415.73,419.51,734,65693,0.145
2025-08-25 14:00:00,24150,CE,680.56,694.37,689.43,690.95,649,72952,0.1455
2025-08-25 14:00:00,24150,PE,390.1,389.12,387.65,388.28,405,73691,0.1463
2025-08-25 14:00:00,24200,CE,642.82,640.04,630.69,634.93,491,86031,0.1465
2025-08-25 14:00:00,24200,PE,395.01,397.07,393.46,396.19,241,79770,0.143
2025-08-25 14:00:00,24250,CE,593.4,602.23,582.45,594.17,639,78522,0.1483
2025-08-25 14:00:00,24250,PE,399.24,418.01,396.28,403.7,907,72282,0.1477
2025-08-25 14:00:00,24300,CE,576.91,576.02,564.42,572.21,710,67877,0.1514
2025-08-25 14:00:00,24300,PE,392.56,400.18,387.77,392.42,510,59200,0.1474
2025-08-25 14:00:00,24350,CE,486.79,490.41,485.64,488.16,579,58164,0.148
2025-08-25 14:00:00,24350,PE,386.08,399.62,384.75,386.77,1208,59258,0.1449
2025-08-25 14:00:00,24400,CE,422.29,418.27,409.88,415.68,716,50628,0.1433
2025-08-25 14:00:00,24400,PE,401.4,404.47,396.9,397.21,1383,52677,0.1466
2025-08-25 14:00:00,24450,CE,421.23,416.0,410.26,415.31,1556,51508,0.1438
2025-08-25 14:00:00,24450,PE,400.79,403.66,393.86,396.57,141,50120,0.1455
2025-08-25 14:00:00,24500,CE,399.71,407.53,402.4,403.12,326,46467,0.1467
2025-08-25 14:00:00,24500,PE,435.5,444.14,438.53,439.6,1442,48758,0.1459
2025-08-25 14:00:00,24550,CE,385.98,389.33,385.48,386.47,927,44046,0.1388
2025-08-25 14:00:00,24550,PE,483.08,500.51,488.67,492.44,1134,39603,0.147
2025-08-25 14:00:00,24600,CE,395.76,400.31,388.36,396.97,76,41991,0.1454
2025-08-25 14:00:00,24600,PE,550.21,557.76,552.96,557.09,237,37634,0.1459
2025-08-25 14:00:00,24650,CE,363.44,373.33,367.11,367.29,162,42784,0.1436
2025-08-25 14:00:00,24650,PE,583.12,586.15,574.9,579.92,906,38463,0.1462
2025-08-25 14:00:00,24700,CE,407.99,404.54,400.6,402.37,822,34274,0.1453
2025-08-25 14:00:00,24700,PE,619.0,642.35,622.3,626.4,825,30623,0.1429
2025-08-25 14:00:00,24750,CE,403.08,415.66,409.32,412.31,188,37438,0.1482
2025-08-25 14:00:00,24750,PE,704.76,710.02,695.4,699.49,555,39284,0.1427
2025-08-25 14:00:00,24800,CE,372.64,376.5,372.61,374.72,257,33760,0.1456
2025-08-25 14:00:00,24800,PE,765.28,767.94,751.96,760.04,159,38850,0.1437
2025-08-25 14:00:00,24850,CE,404.13,408.63,405.05,405.82,576,32944,0.1468
2025-08-25 14:00:00,24850,PE,798.97,797.11,791.21,796.0,129,29280,0.148
2025-08-25 14:00:00,24900,CE,384.01,383.54,378.06,382.56,524,28286,0.1423
2025-08-25 14:00:00,24900,PE,855.11,852.59,851.38,852.01,426,24988,0.1483
2025-08-25 14:05:00,23500,CE,1339.03,1361.8,1342.28,1346.25,176,30862,0.1511
2025-08-25 14:05:00,23500,PE,394.99,403.37,393.02,394.04,359,31025,0.1445
2025-08-25 14:05:00,23550,CE,1288.89,1328.53,1286.93,1290.21,371,33585,0.1456
2025-08-25 14:05:00,23550,PE,412.54,414.79,407.16,407.53,412,32393,0.1461
2025-08-25 14:05:00,23600,CE,1266.01,1259.11,1248.35,1252.17,272,33779,0.1472
2025-08-25 14:05:00,23600,PE,403.77,409.63,404.79,404.82,89,35681,0.1465
2025-08-25 14:05:00,23650,CE,1189.54,1203.34,1191.04,1193.46,175,33757,0.1475
2025-08-25 14:05:00,23650,PE,421.4,419.74,413.09,414.85,398,35146,0.1462
2025-08-25 14:05:00,23700,CE,1149.21,1166.58,1135.65,1141.78,154,33997,0.1435
2025-08-25 14:05:00,23700,PE,380.65,393.92,382.23,385.42,183,35896,0.1445
2025-08-25 14:05:00,23750,CE,1082.57,1101.83,1080.76,1083.57,295,39353,0.1429
2025-08-25 14:05:00,23750,PE,372.98,372.26,367.27,369.46,269,36755,0.1433
2025-08-25 14:05:00,23800,CE,1009.5,1045.19,1020.77,1020.89,17,36853,0.1451
2025-08-25 14:05:00,23800,PE,392.88,390.37,380.44,385.23,323,39035,0.1443
2025-08-25 14:05:00,23850,CE,1016.23,1015.99,1001.06,1009.75,453,41178,0.1483
2025-08-25 14:05:00,23850,PE,413.34,413.52,406.13,410.49,270,45396,0.1446
2025-08-25 14:05:00,23900,CE,913.21,919.51,902.4,909.99,163,45090,0.145
2025-08-25 14:05:00,23900,PE,394.78,398.9,396.63,397.55,601,49307,0.1461
2025-08-25 14:05:00,23950,CE,910.46,925.83,908.11,913.81,586,51854,0.1465
2025-08-25 14:05:00,23950,PE,414.34,419.4,414.68,417.67,96,47019,0.151
2025-08-25 14:05:00,24000,CE,848.77,844.59,832.0,843.65,406,59936,0.1458
2025-08-25 14:05:00,24000,PE,411.91,411.45,408.21,411.27,610,53176,0.1448
2025-08-25 14:05:00,24050,CE,798.08,799.27,789.27,794.46,19,59670,0.1455
2025-08-25 14:05:00,24050,PE,390.02,386.53,381.83,385.54,265,62833,0.1471
2025-08-25 14:05:00,24100,CE,727.07,732.09,727.07,727.35,267,69750,0.1473
2025-08-25 14:05:00,24100,PE,388.17,396.85,387.6,391.45,729,65872,0.1449
2025-08-25 14:05:00,24150,CE,692.41,716.66,686.85,696.88,96,72851,0.1457
2025-08-25 14:05:00,24150,PE,405.98,404.83,396.02,401.85,685,73534,0.1476
2025-08-25 14:05:00,24200,CE,622.71,621.29,619.62,620.61,555,86613,0.144
2025-08-25 14:05:00,24200,PE,397.75,401.44,398.88,399.52,147,79743,0.1483
2025-08-25 14:05:00,24250,CE,559.55,584.46,564.64,569.01,664,78879,0.1483
2025-08-25 14:05:00,24250,PE,373.89,384.99,374.09,374.82,905,72026,0.1459
2025-08-25 14:05:00,24300,CE,528.15,536.83,515.76,524.76,575,68273,0.1427
2025-08-25 14:05:00,24300,PE,408.01,410.17,400.51,406.08,1017,59588,0.1435
2025-08-25 14:05:00,24350,CE,452.35,459.55,453.89,458.24,925,57885,0.1431
2025-08-25 14:05:00,24350,PE,369.79,376.2,367.04,368.45,520,59445,0.1476
2025-08-25 14:05:00,24400,CE,445.14,455.61,444.55,451.81,425,50846,0.1497
2025-08-25 14:05:00,24400,PE,409.89,416.53,410.12,414.01,834,52608,0.1455
2025-08-25 14:05:00,24450,CE,359.55,369.83,358.74,360.84,626,51836,0.1449
2025-08-25 14:05:00,24450,PE,404.61,407.08,398.91,403.47,811,49888,0.1457
2025-08-25 14:05:00,24500,CE,398.53,410.97,399.85,402.37,575,46448,0.1488
2025-08-25 14:05:00,24500,PE,461.69,467.44,459.13,460.08,911,49346,0.1453
2025-08-25 14:05:00,24550,CE,434.56,439.79,436.18,436.94,447,43660,0.143
2025-08-25 14:05:00,24550,PE,487.53,490.67,485.48,487.17,1246,39180,0.1422
2025-08-25 14:05:00,24600,CE,399.01,393.04,388.34,392.65,1023,41561,0.1425
2025-08-25 14:05:00,24600,PE,559.86,576.95,570.5,571.22,423,38231,0.1463
2025-08-25 14:05:00,24650,CE,396.62,405.82,396.62,397.53,182,42375,0.144
2025-08-25 14:05:00,24650,PE,596.04,597.5,585.43,590.1,625,38091,0.1441
2025-08-25 14:05:00,24700,CE,372.2,378.26,366.76,373.27,37,34507,0.1445
2025-08-25 14:05:00,24700,PE,654.35,661.89,650.79,655.55,885,30934,0.1436
2025-08-25 14:05:00,24750,CE,390.24,392.97,385.24,386.71,814,37470,0.147
2025-08-25 14:05:00,24750,PE,701.34,711.09,699.6,701.19,523,39863,0.1471
2025-08-25 14:05:00,24800,CE,378.61,388.63,378.2,382.79,398,33206,0.1448
2025-08-25 14:05:00,24800,PE,745.05,748.46,744.09,747.35,195,38994,0.1429
2025-08-25 14:05:00,24850,CE,348.87,359.52,348.23,353.94,620,33071,0.1444
2025-08-25 14:05:00,24850,PE,780.68,794.44,776.96,784.11,299,29065,0.1416
2025-08-25 14:05:00,24900,CE,385.03,390.64,385.99,388.92,463,28765,0.1418
2025-08-25 14:05:00,24900,PE,875.43,876.16,854.69,865.62,195,25051,0.1442
2025-08-25 14:10:00,23500,CE,1334.74,1345.58,1313.6,1328.35,182,30557,0.1453
2025-08-25 14:10:00,23500,PE,404.78,405.28,398.91,402.74,173,30531,0.1452
2025-08-25 14:10:00,23550,CE,1274.94,1279.44,1251.1,1265.79,234,33113,0.145
2025-08-25 14:10:00,23550,PE,393.64,399.91,389.56,392.22,210,32869,0.1431
2025-08-25 14:10:00,23600,CE,1213.36,1231.61,1215.63,1220.02,72,33479,0.1469
2025-08-25 14:10:00,23600,PE,413.25,422.13,411.82,416.1,330,36169,0.1464
2025-08-25 14:10:00,23650,CE,1152.35,1177.67,1155.11,1164.22,456,33301,0.1444
2025-08-25 14:10:00,23650,PE,405.16,413.53,406.4,406.77,120,35726,0.1471
2025-08-25 14:10:00,23700,CE,1134.01,1122.63,1111.01,1118.6,257,34397,0.1434
2025-08-25 14:10:00,23700,PE,375.14,379.3,373.09,378.51,15,35435,0.145
2025-08-25 14:10:00,23750,CE,1065.1,1065.79,1052.72,1061.47,114,38856,0.1457
2025-08-25 14:10:00,23750,PE,409.49,410.47,404.78,408.14,470,37119,0.1461
2025-08-25 14:10:00,23800,CE,1034.01,1037.59,1025.73,1031.16,222,36346,0.1474
2025-08-25 14:10:00,23800,PE,384.17,394.15,389.53,391.37,67,38749,0.1441
2025-08-25 14:10:00,23850,CE,955.96,943.29,935.34,943.03,430,41539,0.1448
2025-08-25 14:10:00,23850,PE,384.0,388.14,376.63,380.57,322,45885,0.1431
2025-08-25 14:10:00,23900,CE,906.68,913.21,898.09,901.61,581,45411,0.1421
2025-08-25 14:10:00,23900,PE,400.88,404.1,398.39,400.86,58,49774,0.1479
2025-08-25 14:10:00,23950,CE,878.24,880.2,867.99,877.22,607,51925,0.1462
2025-08-25 14:10:00,23950,PE,359.52,358.31,357.35,357.38,404,47354,0.1461
2025-08-25 14:10:00,24000,CE,802.31,811.27,806.97,808.05,428,59749,0.1438
2025-08-25 14:10:00,24000,PE,373.83,376.59,365.72,374.44,502,53518,0.147
2025-08-25 14:10:00,24050,CE,763.25,777.88,761.36,762.64,119,59885,0.1476
2025-08-25 14:10:00,24050,PE,373.67,376.87,373.97,374.16,143,62922,0.1455
2025-08-25 14:10:00,24100,CE,728.74,749.58,711.3,728.01,102,70340,0.1413
2025-08-25 14:10:00,24100,PE,419.13,425.84,416.49,421.94,562,65835,0.1456
2025-08-25 14:10:00,24150,CE,681.0,683.86,679.05,679.34,466,72994,0.1451
2025-08-25 14:10:00,24150,PE,397.58,399.13,392.72,397.3,126,73545,0.1475
2025-08-25 14:10:00,24200,CE,625.43,631.77,615.22,621.96,723,86325,0.1443
2025-08-25 14:10:00,24200,PE,400.95,406.57,399.09,404.13,489,79539,0.1484
2025-08-25 14:10:00,24250,CE,574.96,583.82,569.61,573.02,194,79453,0.1461
2025-08-25 14:10:00,24250,PE,405.74,421.0,406.98,408.15,668,71896,0.1441
2025-08-25 14:10:00,24300,CE,537.46,540.3,534.62,535.03,437,68488,0.1438
2025-08-25 14:10:00,24300,PE,408.65,413.88,407.0,410.13,154,59668,0.1419
2025-08-25 14:10:00,24350,CE,462.91,462.68,458.83,459.54,348,58352,0.1427
2025-08-25 14:10:00,24350,PE,372.89,377.99,370.43,374.14,1130,59754,0.1434
2025-08-25 14:10:00,24400,CE,408.91,418.47,412.27,413.65,268,50342,0.1444
2025-08-25 14:10:00,24400,PE,382.17,389.44,376.29,379.1,783,52434,0.1467
2025-08-25 14:10:00,24450,CE,402.89,411.81,398.18,404.06,1185,52090,0.1478
2025-08-25 14:10:00,24450,PE,429.71,429.45,424.82,426.66,662,49481,0.1469
2025-08-25 14:10:00,24500,CE,409.2,413.92,407.29,410.65,468,46452,0.1489
2025-08-25 14:10:00,24500,PE,468.34,477.32,466.02,470.25,371,49127,0.1454
2025-08-25 14:10:00,24550,CE,374.24,375.67,371.72,372.46,311,43137,0.145
2025-08-25 14:10:00,24550,PE,503.76,500.87,495.0,495.27,746,39776,0.1395
2025-08-25 14:10:00,24600,CE,406.76,411.34,405.16,407.67,1041,42076,0.1456
2025-08-25 14:10:00,24600,PE,582.83,595.28,576.85,582.11,726,38528,0.1463
2025-08-25 14:10:00,24650,CE,370.44,375.36,370.01,372.09,78,42016,0.1411
2025-08-25 14:10:00,24650,PE,618.4,619.84,607.76,614.46,700,38677,0.1464
2025-08-25 14:10:00,24700,CE,403.86,400.84,397.02,400.82,816,34663,0.1472
2025-08-25 14:10:00,24700,PE,694.91,695.1,681.26,690.06,110,31493,0.1452
2025-08-25 14:10:00,24750,CE,400.2,403.16,401.37,401.5,270,36921,0.1468
2025-08-25 14:10:00,24750,PE,701.04,703.3,698.91,700.17,635,39471,0.146
2025-08-25 14:10:00,24800,CE,367.29,371.17,367.36,367.55,237,33418,0.1433
2025-08-25 14:10:00,24800,PE,758.32,779.03,768.69,770.04,734,39482,0.1445
2025-08-25 14:10:00,24850,CE,394.09,400.37,392.23,392.8,125,32681,0.1472
2025-08-25 14:10:00,24850,PE,837.4,842.88,828.13,835.33,574,28845,0.1482
2025-08-25 14:10:00,24900,CE,364.31,367.45,358.88,363.88,61,28870,0.1425
2025-08-25 14:10:00,24900,PE,894.92,911.14,889.66,890.07,437,25650,0.1447
2025-08-25 14:15:00,23500,CE,1307.65,1326.4,1310.14,1324.79,208,30916,0.147
2025-08-25 14:15:00,23500,PE,380.26,384.01,376.22,381.36,228,31039,0.1464
2025-08-25 14:15:00,23550,CE,1248.19,1251.36,1237.57,1249.31,217,33323,0.1456
2025-08-25 14:15:00,23550,PE,412.22,414.68,406.59,408.19,423,33321,0.1476
2025-08-25 14:15:00,23600,CE,1221.57,1215.56,1195.36,1207.39,188,33487,0.1457
2025-08-25 14:15:00,23600,PE,398.12,405.31,397.93,401.33,275,35717,0.1475
2025-08-25 14:15:00,23650,CE,1104.63,1116.86,1111.3,1113.78,118,33552,0.1408
2025-08-25 14:15:00,23650,PE,393.07,400.31,394.98,397.51,41,35847,0.1463
2025-08-25 14:15:00,23700,CE,1134.73,1131.02,1120.27,1128.08,249,34379,0.1458
2025-08-25 14:15:00,23700,PE,373.08,372.87,368.92,369.96,429,35164,0.1448
2025-08-25 14:15:00,23750,CE,1043.51,1031.95,1023.86,1031.61,423,39197,0.1422
2025-08-25 14:15:00,23750,PE,393.81,401.04,394.16,396.73,529,37503,0.1452
2025-08-25 14:15:00,23800,CE,1023.74,1041.26,1028.42,1030.2,290,36183,0.1463
2025-08-25 14:15:00,23800,PE,396.01,396.89,392.91,396.15,442,39262,0.144
2025-08-25 14:15:00,23850,CE,945.82,965.07,954.38,957.01,174,41382,0.1465
2025-08-25 14:15:00,23850,PE,396.36,403.25,395.89,396.26,301,45414,0.1474
2025-08-25 14:15:00,23900,CE,892.98,904.16,895.53,899.08,206,45010,0.148
2025-08-25 14:15:00,23900,PE,397.9,398.68,392.83,397.7,492,49767,0.149
2025-08-25 14:15:00,23950,CE,858.2,872.7,854.32,862.99,413,51420,0.1437
2025-08-25 14:15:00,23950,PE,328.06,339.32,326.06,330.25,393,47616,0.1434
2025-08-25 14:15:00,24000,CE,820.17,817.19,808.16,810.26,505,60103,0.1463
2025-08-25 14:15:00,24000,PE,415.92,419.4,412.45,417.2,93,53577,0.1442
2025-08-25 14:15:00,24050,CE,769.54,781.8,766.62,774.91,384,60357,0.1463
2025-08-25 14:15:00,24050,PE,388.75,399.14,393.34,393.89,545,63467,0.1442
2025-08-25 14:15:00,24100,CE,698.24,710.91,697.27,699.37,35,70277,0.148
2025-08-25 14:15:00,24100,PE,408.4,420.53,407.47,408.95,602,65341,0.146
2025-08-25 14:15:00,24150,CE,631.23,635.76,628.4,634.11,611,72671,0.1434
2025-08-25 14:15:00,24150,PE,389.87,397.51,383.16,391.86,83,73734,0.1472
2025-08-25 14:15:00,24200,CE,616.89,615.64,612.92,614.64,447,86211,0.1472
2025-08-25 14:15:00,24200,PE,390.8,392.2,384.5,387.55,345,79761,0.1451
2025-08-25 14:15:00,24250,CE,575.87,584.07,560.11,568.36,714,79653,0.1494
2025-08-25 14:15:00,24250,PE,410.67,419.87,406.82,410.76,904,72022,0.1461
2025-08-25 14:15:00,24300,CE,524.55,527.36,518.0,522.39,116,68077,0.1457
2025-08-25 14:15:00,24300,PE,369.01,370.93,365.95,368.91,1279,59411,0.1457
2025-08-25 14:15:00,24350,CE,428.11,447.43,430.23,435.98,647,58205,0.1421
2025-08-25 14:15:00,24350,PE,392.39,399.49,393.34,396.51,1468,60143,0.1474
2025-08-25 14:15:00,24400,CE,373.73,374.93,370.56,373.28,856,50560,0.1469
2025-08-25 14:15:00,24400,PE,383.33,393.31,383.25,385.16,973,52607,0.1425
2025-08-25 14:15:00,24450,CE,410.81,415.39,400.62,407.08,1498,52296,0.145
2025-08-25 14:15:00,24450,PE,420.41,426.17,422.45,423.41,199,49484,0.1471
2025-08-25 14:15:00,24500,CE,368.66,369.83,367.93,369.45,1116,45899,0.1448
2025-08-25 14:15:00,24500,PE,485.63,482.72,467.24,478.14,499,48768,0.1444
2025-08-25 14:15:00,24550,CE,407.11,414.98,409.96,412.88,867,42705,0.1484
2025-08-25 14:15:00,24550,PE,531.23,538.21,523.55,529.08,752,39252,0.1468
2025-08-25 14:15:00,24600,CE,389.97,393.18,386.67,388.49,987,41859,0.144
2025-08-25 14:15:00,24600,PE,554.56,552.32,545.06,550.62,445,38873,0.1457
2025-08-25 14:15:00,24650,CE,422.8,428.78,420.31,425.69,375,41554,0.1448
2025-08-25 14:15:00,24650,PE,625.73,634.6,611.97,615.51,873,38210,0.145
2025-08-25 14:15:00,24700,CE,397.14,396.48,393.36,393.55,444,34212,0.1477
2025-08-25 14:15:00,24700,PE,683.52,695.54,675.0,675.84,618,31216,0.1437
2025-08-25 14:15:00,24750,CE,393.91,392.68,387.41,392.56,754,36563,0.1455
2025-08-25 14:15:00,24750,PE,716.46,728.77,717.27,717.98,545,38887,0.1459
2025-08-25 14:15:00,24800,CE,377.19,378.56,374.15,376.36,95,33149,0.1479
2025-08-25 14:15:00,24800,PE,808.95,820.73,806.31,813.08,662,40077,0.1437
2025-08-25 14:15:00,24850,CE,380.19,389.44,374.41,379.25,431,32484,0.1412
2025-08-25 14:15:00,24850,PE,825.55,839.14,833.77,835.11,225,28498,0.1441
2025-08-25 14:15:00,24900,CE,387.11,381.09,375.88,380.52,228,28864,0.1431
2025-08-25 14:15:00,24900,PE,887.37,876.1,872.21,874.4,449,25325,0.1445
2025-08-25 14:20:00,23500,CE,1286.53,1292.36,1262.78,1273.27,22,30987,0.1427
2025-08-25 14:20:00,23500,PE,359.09,365.75,362.14,364.65,110,30919,0.1436
2025-08-25 14:20:00,23550,CE,1232.97,1229.67,1223.06,1227.22,324,33799,0.1421
2025-08-25 14:20:00,23550,PE,374.8,376.19,372.97,375.99,245,33834,0.1426
2025-08-25 14:20:00,23600,CE,1139.72,1144.71,1131.54,1142.3,133,33742,0.1474
2025-08-25 14:20:00,23600,PE,395.09,393.53,392.08,393.15,464,35375,0.145
2025-08-25 14:20:00,23650,CE,1097.47,1117.52,1088.93,1106.19,369,33520,0.1424
2025-08-25 14:20:00,23650,PE,391.56,397.04,392.88,394.41,438,35613,0.1476
2025-08-25 14:20:00,23700,CE,1044.17,1065.38,1049.78,1055.43,503,34736,0.1466
2025-08-25 14:20:00,23700,PE,373.35,385.62,380.04,382.49,371,34599,0.1458
2025-08-25 14:20:00,23750,CE,1019.86,1026.65,1013.03,1017.17,54,39391,0.1523
2025-08-25 14:20:00,23750,PE,405.92,419.92,408.39,412.23,269,37290,0.1442
2025-08-25 14:20:00,23800,CE,952.37,957.18,945.47,948.39,493,36160,0.1456
2025-08-25 14:20:00,23800,PE,395.01,387.71,382.94,387.03,273,39049,0.1449
2025-08-25 14:20:00,23850,CE,911.2,912.91,905.45,909.12,609,41219,0.1438
2025-08-25 14:20:00,23850,PE,386.65,386.65,380.6,381.98,168,45623,0.1417
2025-08-25 14:20:00,23900,CE,869.76,900.8,869.79,872.36,33,45124,0.1491
2025-08-25 14:20:00,23900,PE,389.8,392.46,388.87,391.39,378,49459,0.1435
2025-08-25 14:20:00,23950,CE,801.2,813.46,801.44,806.35,548,50872,0.1441
2025-08-25 14:20:00,23950,PE,400.04,394.53,385.5,392.25,696,48043,0.1425
2025-08-25 14:20:00,24000,CE,802.26,788.44,782.83,788.23,144,60093,0.1483
2025-08-25 14:20:00,24000,PE,417.96,417.6,415.4,417.32,160,53719,0.1461
2025-08-25 14:20:00,24050,CE,722.88,745.34,720.67,724.1,299,60343,0.1439
2025-08-25 14:20:00,24050,PE,390.83,394.72,389.69,391.68,791,63609,0.1416
2025-08-25 14:20:00,24100,CE,667.4,674.47,669.85,669.93,782,70429,0.1444
2025-08-25 14:20:00,24100,PE,400.51,399.22,393.43,398.52,435,64759,0.1421
2025-08-25 14:20:00,24150,CE,612.54,623.28,609.16,614.95,102,72710,0.1465
2025-08-25 14:20:00,24150,PE,376.06,378.93,377.85,378.23,506,73736,0.1405
2025-08-25 14:20:00,24200,CE,584.36,596.53,577.58,580.42,931,85725,0.1453
2025-08-25 14:20:00,24200,PE,365.87,373.5,364.9,369.18,729,80056,0.1445
2025-08-25 14:20:00,24250,CE,506.38,506.72,502.44,502.65,804,79336,0.1448
2025-08-25 14:20:00,24250,PE,395.63,408.85,392.79,397.44,513,71487,0.1464
2025-08-25 14:20:00,24300,CE,461.22,465.75,460.88,464.5,268,68440,0.1453
2025-08-25 14:20:00,24300,PE,390.53,390.49,382.81,386.77,878,59849,0.1487
2025-08-25 14:20:00,24350,CE,439.81,441.5,428.86,436.35,1142,57893,0.1444
2025-08-25 14:20:00,24350,PE,379.43,392.89,380.14,383.4,1338,60368,0.1421
2025-08-25 14:20:00,24400,CE,370.45,372.88,362.5,367.59,340,49965,0.1432
2025-08-25 14:20:00,24400,PE,418.32,424.28,414.8,415.37,1275,52872,0.1417
2025-08-25 14:20:00,24450,CE,371.89,372.67,370.65,372.45,148,52253,0.145
2025-08-25 14:20:00,24450,PE,466.93,464.76,459.91,463.09,1304,49834,0.1425
2025-08-25 14:20:00,24500,CE,389.3,392.15,385.22,388.27,1023,45770,0.1457
2025-08-25 14:20:00,24500,PE,515.48,514.98,508.47,514.89,169,48589,0.146
2025-08-25 14:20:00,24550,CE,408.06,408.48,405.67,406.78,767,43113,0.144
2025-08-25 14:20:00,24550,PE,601.96,592.67,585.61,588.31,720,38698,0.1487
2025-08-25 14:20:00,24600,CE,390.72,400.4,387.66,394.03,596,41483,0.1467
2025-08-25 14:20:00,24600,PE,575.25,580.03,572.72,579.92,615,38767,0.1412
2025-08-25 14:20:00,24650,CE,388.67,395.3,386.05,389.1,490,41669,0.1415
2025-08-25 14:20:00,24650,PE,669.14,673.41,664.66,665.9,584,37616,0.1477
2025-08-25 14:20:00,24700,CE,394.06,401.18,397.19,399.21,804,34302,0.1468
2025-08-25 14:20:00,24700,PE,732.0,729.86,720.21,729.09,428,31070,0.1456
2025-08-25 14:20:00,24750,CE,355.26,362.96,355.87,357.55,91,36719,0.142
2025-08-25 14:20:00,24750,PE,757.67,771.07,742.11,763.08,287,39375,0.1457
2025-08-25 14:20:00,24800,CE,370.0,375.7,369.89,370.66,473,33078,0.1441
2025-08-25 14:20:00,24800,PE,807.57,807.99,799.72,802.52,34,40142,0.144
2025-08-25 14:20:00,24850,CE,396.52,405.99,396.27,398.52,564,32439,0.1467
2025-08-25 14:20:00,24850,PE,873.64,885.13,880.92,883.16,436,28040,0.1465
2025-08-25 14:20:00,24900,CE,362.53,361.06,359.26,359.41,259,29215,0.1438
2025-08-25 14:20:00,24900,PE,918.85,928.29,905.34,914.71,270,25787,0.1437
2025-08-25 14:25:00,23500,CE,1217.35,1238.07,1216.75,1224.37,184,31360,0.1423
2025-08-25 14:25:00,23500,PE,393.43,396.57,385.96,391.31,286,31456,0.1463
2025-08-25 14:25:00,23550,CE,1196.33,1246.64,1197.36,1202.88,249,33760,0.1475
2025-08-25 14:25:00,23550,PE,413.71,413.81,407.3,410.23,168,34016,0.1445
2025-08-25 14:25:00,23600,CE,1134.85,1141.47,1134.38,1140.23,474,33344,0.1447
2025-08-25 14:25:00,23600,PE,410.08,417.25,405.57,406.26,453,35947,0.1472
2025-08-25 14:25:00,23650,CE,1101.59,1125.64,1099.65,1103.69,393,33616,0.1471
2025-08-25 14:25:00,23650,PE,381.84,390.47,381.16,381.2,439,35326,0.1414
2025-08-25 14:25:00,23700,CE,1062.84,1062.73,1036.78,1053.67,342,35102,0.1451
2025-08-25 14:25:00,23700,PE,416.02,414.95,412.31,414.79,433,34702,0.1469
2025-08-25 14:25:00,23750,CE,983.54,1003.21,998.29,999.35,223,39930,0.1478
2025-08-25 14:25:00,23750,PE,374.74,383.7,376.52,377.91,384,37613,0.1434
2025-08-25 14:25:00,23800,CE,968.88,957.2,945.6,950.87,377,36612,0.1461
2025-08-25 14:25:00,23800,PE,372.32,377.92,371.04,373.96,291,39104,0.1418
2025-08-25 14:25:00,23850,CE,905.12,899.05,886.08,894.79,515,41239,0.143
2025-08-25 14:25:00,23850,PE,395.46,400.4,391.87,393.83,164,45931,0.1434
2025-08-25 14:25:00,23900,CE,854.8,853.0,847.43,849.18,263,44650,0.1439
2025-08-25 14:25:00,23900,PE,408.34,409.41,401.87,406.53,261,48923,0.1436
2025-08-25 14:25:00,23950,CE,772.23,794.75,779.48,786.89,644,51452,0.1449
2025-08-25 14:25:00,23950,PE,392.8,392.24,388.88,389.56,203,48542,0.1452
2025-08-25 14:25:00,24000,CE,725.26,735.49,724.8,728.57,565,60639,0.1427
2025-08-25 14:25:00,24000,PE,410.05,411.62,409.81,410.49,139,53193,0.1468
2025-08-25 14:25:00,24050,CE,693.69,706.03,676.26,692.49,789,60066,0.1493
2025-08-25 14:25:00,24050,PE,377.62,378.86,371.81,375.15,516,64090,0.1457
2025-08-25 14:25:00,24100,CE,640.31,642.52,636.36,638.41,331,69936,0.1447
2025-08-25 14:25:00,24100,PE,408.23,410.82,406.26,406.68,745,64700,0.1468
2025-08-25 14:25:00,24150,CE,587.75,598.73,589.08,593.66,40,72519,0.1441
2025-08-25 14:25:00,24150,PE,377.1,382.4,376.3,379.33,556,74191,0.1429
2025-08-25 14:25:00,24200,CE,537.3,555.23,547.3,549.19,275,85746,0.1449
2025-08-25 14:25:00,24200,PE,404.14,416.72,401.59,402.06,225,79804,0.1473
2025-08-25 14:25:00,24250,CE,503.99,514.64,495.16,504.85,360,79365,0.1471
2025-08-25 14:25:00,24250,PE,394.61,400.31,388.78,391.79,873,71021,0.1444
2025-08-25 14:25:00,24300,CE,468.91,470.55,463.37,469.16,136,68717,0.1447
2025-08-25 14:25:00,24300,PE,379.76,378.89,373.61,375.98,458,59991,0.1451
2025-08-25 14:25:00,24350,CE,406.19,407.97,400.73,404.05,161,58013,0.1442
2025-08-25 14:25:00,24350,PE,353.66,363.61,352.6,355.34,1608,60293,0.1457
2025-08-25 14:25:00,24400,CE,392.66,390.74,384.8,390.02,905,49718,0.1437
2025-08-25 14:25:00,24400,PE,433.62,433.34,428.67,433.26,461,52350,0.1457
2025-08-25 14:25:00,24450,CE,371.36,373.6,371.51,373.04,653,52789,0.1462
2025-08-25 14:25:00,24450,PE,479.94,490.68,487.91,489.36,175,49733,0.1447
2025-08-25 14:25:00,24500,CE,405.31,408.02,399.72,401.94,993,45765,0.1457
2025-08-25 14:25:00,24500,PE,531.3,533.11,528.35,533.08,903,48439,0.1453
2025-08-25 14:25:00,24550,CE,411.73,419.4,407.99,415.01,644,43698,0.1456
2025-08-25 14:25:00,24550,PE,592.83,590.17,574.6,589.74,639,39053,0.1438
2025-08-25 14:25:00,24600,CE,401.52,403.25,397.99,402.25,668,40997,0.1458
2025-08-25 14:25:00,24600,PE,634.93,645.45,635.68,636.65,166,38896,0.1427
2025-08-25 14:25:00,24650,CE,384.76,385.11,382.66,385.09,313,41650,0.1501
2025-08-25 14:25:00,24650,PE,683.55,687.04,680.37,681.67,429,37968,0.1451
2025-08-25 14:25:00,24700,CE,402.86,403.11,392.41,394.56,795,34898,0.1435
2025-08-25 14:25:00,24700,PE,747.54,743.56,737.16,737.63,76,31363,0.1458
2025-08-25 14:25:00,24750,CE,394.95,399.08,393.48,394.26,542,37156,0.1473
2025-08-25 14:25:00,24750,PE,796.11,824.1,802.33,804.94,324,39378,0.1457
2025-08-25 14:25:00,24800,CE,375.12,379.88,368.56,374.68,318,32926,0.1428
2025-08-25 14:25:00,24800,PE,829.99,831.19,813.05,826.06,179,40313,0.1424
2025-08-25 14:25:00,24850,CE,391.35,399.03,386.2,389.56,21,32738,0.1429
2025-08-25 14:25:00,24850,PE,859.77,875.16,855.8,857.17,546,27713,0.1433
2025-08-25 14:25:00,24900,CE,374.53,374.25,371.76,371.97,137,29219,0.1419
2025-08-25 14:25:00,24900,PE,929.25,940.15,927.33,930.58,515,25323,0.1457
2025-08-25 14:30:00,23500,CE,1262.42,1290.23,1265.09,1271.31,189,31019,0.1447
2025-08-25 14:30:00,23500,PE,383.37,384.22,378.68,383.1,367,31914,0.1463
2025-08-25 14:30:00,23550,CE,1229.58,1220.41,1208.1,1211.51,44,33333,0.145
2025-08-25 14:30:00,23550,PE,420.18,421.12,415.08,419.46,76,34389,0.1446
2025-08-25 14:30:00,23600,CE,1205.51,1201.08,1184.83,1196.4,424,33191,0.1461
2025-08-25 14:30:00,23600,PE,366.03,378.12,366.82,369.88,80,36143,0.1433
2025-08-25 14:30:00,23650,CE,1162.12,1187.55,1148.53,1155.04,440,34108,0.1478
2025-08-25 14:30:00,23650,PE,371.05,374.9,367.54,369.34,224,35663,0.1454
2025-08-25 14:30:00,23700,CE,1055.88,1090.07,1058.97,1065.95,497,35493,0.1446
2025-08-25 14:30:00,23700,PE,412.12,419.52,411.79,414.0,251,34415,0.1474
2025-08-25 14:30:00,23750,CE,1024.09,1032.48,1015.62,1029.76,209,39764,0.1485
2025-08-25 14:30:00,23750,PE,381.32,386.65,381.03,385.0,541,37892,0.1442
2025-08-25 14:30:00,23800,CE,989.28,990.61,981.94,984.99,499,36944,0.1445
2025-08-25 14:30:00,23800,PE,388.62,387.52,382.83,387.44,281,39452,0.1431
2025-08-25 14:30:00,23850,CE,896.22,901.12,880.98,896.63,397,41527,0.1414
2025-08-25 14:30:00,23850,PE,387.74,392.29,385.81,388.95,192,45608,0.1443
2025-08-25 14:30:00,23900,CE,882.01,900.13,883.79,886.05,127,44396,0.1463
2025-08-25 14:30:00,23900,PE,378.56,379.11,376.26,377.58,642,49453,0.1462
2025-08-25 14:30:00,23950,CE,814.85,830.37,815.47,825.97,112,51516,0.1435
2025-08-25 14:30:00,23950,PE,375.33,377.39,376.36,376.91,661,48847,0.1465
2025-08-25 14:30:00,24000,CE,770.19,776.44,763.74,768.25,467,60758,0.1484
2025-08-25 14:30:00,24000,PE,402.54,400.54,393.77,397.57,254,53702,0.1456
2025-08-25 14:30:00,24050,CE,678.37,696.04,684.49,689.5,80,60508,0.143
2025-08-25 14:30:00,24050,PE,401.88,408.46,401.22,401.87,713,63803,0.1436
2025-08-25 14:30:00,24100,CE,679.8,697.65,680.75,686.39,462,70397,0.1454
2025-08-25 14:30:00,24100,PE,389.13,386.27,378.72,384.16,429,64460,0.1443
2025-08-25 14:30:00,24150,CE,625.36,647.08,633.84,636.89,83,72448,0.1446
2025-08-25 14:30:00,24150,PE,370.91,386.18,378.59,380.44,282,74612,0.1469
2025-08-25 14:30:00,24200,CE,607.15,610.55,597.84,602.67,934,85534,0.1447
2025-08-25 14:30:00,24200,PE,404.43,413.37,405.67,407.58,241,79552,0.1428
2025-08-25 14:30:00,24250,CE,519.11,521.93,519.88,521.33,499,79567,0.145
2025-08-25 14:30:00,24250,PE,402.81,412.49,396.0,400.4,201,71620,0.1441
2025-08-25 14:30:00,24300,CE,486.82,487.76,483.86,486.26,974,68274,0.1462
2025-08-25 14:30:00,24300,PE,399.45,401.24,390.21,398.86,450,60232,0.1445
2025-08-25 14:30:00,24350,CE,447.14,443.88,442.17,443.82,820,58045,0.1456
2025-08-25 14:30:00,24350,PE,363.07,367.06,359.83,364.11,91,60185,0.1436
2025-08-25 14:30:00,24400,CE,407.31,409.2,405.49,406.49,1056,50017,0.1436
2025-08-25 14:30:00,24400,PE,406.93,417.92,404.3,407.46,776,52415,0.1431
2025-08-25 14:30:00,24450,CE,384.92,391.27,385.77,386.39,341,53146,0.1454
2025-08-25 14:30:00,24450,PE,471.88,468.79,465.13,466.44,1022,50025,0.1446
2025-08-25 14:30:00,24500,CE,406.06,417.41,405.18,409.76,855,46347,0.1431
2025-08-25 14:30:00,24500,PE,502.6,506.62,498.36,504.68,1119,48812,0.1474
2025-08-25 14:30:00,24550,CE,395.07,401.2,397.0,399.39,390,43178,0.1445
2025-08-25 14:30:00,24550,PE,577.08,586.68,578.48,584.32,19,39388,0.1445
2025-08-25 14:30:00,24600,CE,382.26,387.39,372.29,381.4,912,41176,0.143
2025-08-25 14:30:00,24600,PE,613.45,614.66,601.09,612.81,734,38403,0.143
2025-08-25 14:30:00,24650,CE,386.76,387.76,379.43,386.27,526,41776,0.1481
2025-08-25 14:30:00,24650,PE,660.95,663.69,653.8,662.25,156,38268,0.1444
2025-08-25 14:30:00,24700,CE,420.4,429.54,418.41,419.92,291,34534,0.146
2025-08-25 14:30:00,24700,PE,730.05,735.92,733.98,734.97,589,31284,0.1457
2025-08-25 14:30:00,24750,CE,394.91,400.45,394.66,395.81,422,37206,0.1433
2025-08-25 14:30:00,24750,PE,732.5,763.84,737.01,740.63,488,39273,0.1436
2025-08-25 14:30:00,24800,CE,412.15,410.73,406.18,406.92,589,33377,0.1498
2025-08-25 14:30:00,24800,PE,805.47,802.54,795.07,796.72,354,39915,0.1434
2025-08-25 14:30:00,24850,CE,377.39,378.16,375.44,376.35,195,33063,0.1433
2025-08-25 14:30:00,24850,PE,850.34,850.18,838.7,844.66,180,28046,0.1444
2025-08-25 14:30:00,24900,CE,385.81,384.58,382.93,384.25,420,29156,0.1409
2025-08-25 14:30:00,24900,PE,941.73,947.41,923.98,939.53,88,25370,0.1448
2025-08-25 14:35:00,23500,CE,1155.25,1172.61,1160.24,1166.97,320,30603,0.1444
2025-08-25 14:35:00,23500,PE,364.57,374.01,367.77,370.01,380,31548,0.1456
2025-08-25 14:35:00,23550,CE,1120.53,1118.12,1108.97,1112.78,203,33370,0.1426
2025-08-25 14:35:00,23550,PE,375.95,382.59,375.66,378.8,357,34058,0.1433
2025-08-25 14:35:00,23600,CE,1097.47,1121.92,1092.32,1101.06,175,33558,0.1429
2025-08-25 14:35:00,23600,PE,398.78,398.13,394.12,397.35,172,36282,0.1453
2025-08-25 14:35:00,23650,CE,1043.9,1041.62,1037.88,1039.96,217,33575,0.1465
2025-08-25 14:35:00,23650,PE,415.38,425.75,411.34,418.17,278,35492,0.1442
2025-08-25 14:35:00,23700,CE,983.85,997.64,979.96,987.96,155,35923,0.1466
2025-08-25 14:35:00,23700,PE,423.08,425.37,418.66,419.75,437,34147,0.1435
2025-08-25 14:35:00,23750,CE,992.41,1000.36,969.92,981.01,317,40027,0.1499
2025-08-25 14:35:00,23750,PE,381.42,388.03,380.25,380.44,41,37404,0.1474
2025-08-25 14:35:00,23800,CE,884.51,893.09,870.98,878.86,347,37460,0.1412
2025-08-25 14:35:00,23800,PE,386.9,387.57,384.78,387.32,588,39391,0.1425
2025-08-25 14:35:00,23850,CE,836.79,865.59,835.79,837.88,480,41516,0.1438
2025-08-25 14:35:00,23850,PE,379.24,389.13,373.41,376.19,613,45691,0.1426
2025-08-25 14:35:00,23900,CE,808.96,814.63,788.22,805.23,648,44232,0.1454
2025-08-25 14:35:00,23900,PE,401.2,398.25,390.3,396.32,677,49723,0.1433
2025-08-25 14:35:00,23950,CE,756.46,780.05,752.34,757.73,604,50933,0.1468
2025-08-25 14:35:00,23950,PE,412.25,413.76,407.88,411.07,634,48441,0.1474
2025-08-25 14:35:00,24000,CE,743.3,743.56,714.14,736.61,796,60384,0.1512
2025-08-25 14:35:00,24000,PE,389.79,392.38,385.82,390.01,704,53864,0.1465
2025-08-25 14:35:00,24050,CE,650.84,648.06,642.73,645.95,373,60976,0.1441
2025-08-25 14:35:00,24050,PE,379.32,386.39,382.3,382.67,370,63279,0.1449
2025-08-25 14:35:00,24100,CE,590.02,599.4,584.47,587.15,92,70819,0.1422
2025-08-25 14:35:00,24100,PE,391.06,399.69,394.87,395.46,403,64843,0.1448
2025-08-25 14:35:00,24150,CE,533.61,552.06,533.14,534.65,41,71939,0.1436
2025-08-25 14:35:00,24150,PE,397.52,398.47,395.58,396.07,1127,74183,0.1425
2025-08-25 14:35:00,24200,CE,499.01,495.81,491.66,495.1,892,85354,0.1429
2025-08-25 14:35:00,24200,PE,369.58,377.03,367.03,372.69,654,79089,0.1397
2025-08-25 14:35:00,24250,CE,457.07,464.81,456.02,461.14,412,79876,0.145
2025-08-25 14:35:00,24250,PE,373.48,376.22,365.0,372.18,803,71624,0.1408
2025-08-25 14:35:00,24300,CE,407.44,410.44,405.47,408.48,1640,68166,0.1445
2025-08-25 14:35:00,24300,PE,389.33,392.62,385.31,387.81,1399,60501,0.1451
2025-08-25 14:35:00,24350,CE,419.53,416.53,412.88,413.99,739,57796,0.1424
2025-08-25 14:35:00,24350,PE,418.9,428.67,420.79,424.66,574,60630,0.1452
2025-08-25 14:35:00,24400,CE,414.38,418.52,412.48,413.81,431,50201,0.1436
2025-08-25 14:35:00,24400,PE,488.52,494.74,482.09,488.96,189,52230,0.1462
2025-08-25 14:35:00,24450,CE,375.91,380.51,376.24,378.27,1120,53193,0.1473
2025-08-25 14:35:00,24450,PE,505.44,518.28,508.23,511.47,988,49736,0.1464
2025-08-25 14:35:00,24500,CE,376.25,380.9,371.18,377.18,818,46928,0.1464
2025-08-25 14:35:00,24500,PE,606.58,618.46,602.2,612.21,990,48734,0.146
2025-08-25 14:35:00,24550,CE,424.59,427.98,420.64,424.29,663,43654,0.1462
2025-08-25 14:35:00,24550,PE,626.22,637.3,621.19,628.49,789,39961,0.1458
2025-08-25 14:35:00,24600,CE,389.1,389.44,381.61,388.79,41,41218,0.1433
2025-08-25 14:35:00,24600,PE,697.57,695.96,691.52,695.6,700,38678,0.1449
2025-08-25 14:35:00,24650,CE,408.27,416.75,408.05,412.09,135,41862,0.1468
2025-08-25 14:35:00,24650,PE,759.91,771.83,741.9,754.52,144,37777,0.1456
2025-08-25 14:35:00,24700,CE,380.35,382.62,373.9,378.1,94,35076,0.1425
2025-08-25 14:35:00,24700,PE,772.41,785.56,775.68,777.51,212,31231,0.1442
2025-08-25 14:35:00,24750,CE,393.9,399.43,392.99,394.07,187,37678,0.1446
2025-08-25 14:35:00,24750,PE,841.9,855.65,845.72,849.44,620,39459,0.1449
2025-08-25 14:35:00,24800,CE,393.39,391.69,388.31,391.33,541,32903,0.1438
2025-08-25 14:35:00,24800,PE,874.5,877.54,855.85,872.07,651,39815,0.1407
2025-08-25 14:35:00,24850,CE,399.68,398.83,395.59,396.39,250,32698,0.1503
2025-08-25 14:35:00,24850,PE,917.2,925.42,918.41,921.49,537,27649,0.1466
2025-08-25 14:35:00,24900,CE,428.55,433.53,430.0,432.33,495,29414,0.1464
2025-08-25 14:35:00,24900,PE,1001.82,1039.67,1016.72,1019.78,447,24806,0.147
2025-08-25 14:40:00,23500,CE,1171.36,1199.08,1177.48,1184.09,344,31162,0.1468
2025-08-25 14:40:00,23500,PE,412.2,418.19,409.0,410.95,187,31487,0.148
2025-08-25 14:40:00,23550,CE,1159.36,1158.51,1145.21,1151.35,61,33357,0.1464
2025-08-25 14:40:00,23550,PE,394.16,405.98,393.92,396.71,330,33817,0.146
2025-08-25 14:40:00,23600,CE,1120.05,1153.8,1109.44,1115.17,381,33060,0.1449
2025-08-25 14:40:00,23600,PE,398.59,405.36,399.05,401.15,347,36387,0.1463
2025-08-25 14:40:00,23650,CE,1044.58,1069.4,1040.7,1044.46,130,33388,0.142
2025-08-25 14:40:00,23650,PE,387.5,389.98,386.36,389.35,136,35640,0.1436
2025-08-25 14:40:00,23700,CE,951.85,978.74,948.25,954.22,366,35989,0.1415
2025-08-25 14:40:00,23700,PE,407.48,416.23,404.83,408.53,118,33807,0.1461
2025-08-25 14:40:00,23750,CE,959.76,957.32,950.98,954.44,491,39980,0.1467
2025-08-25 14:40:00,23750,PE,450.55,452.3,444.57,450.34,268,37173,0.1504
2025-08-25 14:40:00,23800,CE,891.67,896.59,878.23,882.98,598,37147,0.1466
2025-08-25 14:40:00,23800,PE,345.26,354.63,343.45,345.53,496,39714,0.144
2025-08-25 14:40:00,23850,CE,836.56,840.73,818.75,834.46,175,40930,0.1491
2025-08-25 14:40:00,23850,PE,401.63,409.67,403.66,404.09,180,45413,0.1496
2025-08-25 14:40:00,23900,CE,758.49,765.6,755.0,756.2,552,44269,0.1457
2025-08-25 14:40:00,23900,PE,394.04,399.86,395.07,396.09,324,49694,0.1488
2025-08-25 14:40:00,23950,CE,717.05,731.55,716.24,721.2,759,51461,0.142
2025-08-25 14:40:00,23950,PE,382.18,385.91,382.3,384.27,33,48853,0.1468
2025-08-25 14:40:00,24000,CE,692.09,704.65,687.81,696.84,321,60685,0.1433
2025-08-25 14:40:00,24000,PE,401.24,413.94,398.49,403.82,853,53880,0.1439
2025-08-25 14:40:00,24050,CE,663.5,656.27,648.53,654.29,597,60890,0.1457
2025-08-25 14:40:00,24050,PE,376.65,393.08,381.5,383.07,85,62722,0.1447
2025-08-25 14:40:00,24100,CE,581.16,596.23,580.4,581.42,388,71205,0.1484
2025-08-25 14:40:00,24100,PE,392.72,397.57,390.41,392.37,369,64759,0.1426
2025-08-25 14:40:00,24150,CE,534.93,542.36,530.5,533.45,630,71724,0.1478
2025-08-25 14:40:00,24150,PE,388.17,391.97,390.39,390.91,583,74310,0.1481
2025-08-25 14:40:00,24200,CE,485.12,487.04,480.4,481.74,1130,85658,0.1425
2025-08-25 14:40:00,24200,PE,377.8,391.48,379.55,380.69,1087,79116,0.142
2025-08-25 14:40:00,24250,CE,393.14,400.33,389.7,394.94,1074,79455,0.1467
2025-08-25 14:40:00,24250,PE,397.75,397.67,393.55,396.51,247,72129,0.1432
2025-08-25 14:40:00,24300,CE,370.46,375.33,370.79,372.55,1096,67701,0.1441
2025-08-25 14:40:00,24300,PE,389.69,397.05,390.38,390.42,749,61064,0.1431
2025-08-25 14:40:00,24350,CE,363.79,371.94,365.59,366.34,56,57726,0.1445
2025-08-25 14:40:00,24350,PE,445.57,448.1,442.72,443.38,1278,61165,0.1417
2025-08-25 14:40:00,24400,CE,368.03,376.79,367.81,370.67,500,50698,0.1447
2025-08-25 14:40:00,24400,PE,515.01,513.89,511.03,513.25,952,52117,0.1468
2025-08-25 14:40:00,24450,CE,382.08,387.28,378.38,381.2,913,53553,0.1452
2025-08-25 14:40:00,24450,PE,556.76,564.0,556.71,559.37,334,49243,0.1444
2025-08-25 14:40:00,24500,CE,387.86,392.14,389.83,390.57,820,46427,0.1479
2025-08-25 14:40:00,24500,PE,613.82,612.0,608.16,611.09,817,48561,0.1487
2025-08-25 14:40:00,24550,CE,366.7,367.89,361.59,364.2,669,43785,0.1428
2025-08-25 14:40:00,24550,PE,627.21,638.09,633.91,637.76,51,39372,0.1451
2025-08-25 14:40:00,24600,CE,405.87,408.06,402.9,404.06,549,41236,0.1457
2025-08-25 14:40:00,24600,PE,695.13,689.03,687.43,688.62,51,39248,0.1481
2025-08-25 14:40:00,24650,CE,373.79,377.81,369.27,374.42,199,42292,0.1442
2025-08-25 14:40:00,24650,PE,724.5,725.23,717.21,719.57,104,37455,0.1447
2025-08-25 14:40:00,24700,CE,366.72,368.8,364.85,367.31,395,35109,0.1431
2025-08-25 14:40:00,24700,PE,775.35,784.5,777.27,781.05,449,30836,0.1457
2025-08-25 14:40:00,24750,CE,353.66,356.67,351.91,354.38,189,37393,0.1433
2025-08-25 14:40:00,24750,PE,854.86,852.93,845.34,846.61,308,39966,0.1444
2025-08-25 14:40:00,24800,CE,406.18,413.37,405.59,406.84,302,33500,0.1479
2025-08-25 14:40:00,24800,PE,877.77,896.35,878.37,885.23,169,39506,0.1462
2025-08-25 14:40:00,24850,CE,394.75,404.03,391.14,392.05,69,32352,0.1452
2025-08-25 14:40:00,24850,PE,962.98,981.69,962.17,964.12,194,27509,0.1478
2025-08-25 14:40:00,24900,CE,370.21,377.82,371.58,375.92,408,29349,0.1474
2025-08-25 14:40:00,24900,PE,977.56,979.23,968.43,970.93,393,24313,0.144
2025-08-25 14:45:00,23500,CE,1196.98,1198.39,1190.79,1194.3,435,30739,0.144
2025-08-25 14:45:00,23500,PE,382.75,397.05,385.78,387.69,22,31396,0.1431
2025-08-25 14:45:00,23550,CE,1134.69,1151.65,1133.96,1143.63,316,33039,0.1468
2025-08-25 14:45:00,23550,PE,376.55,382.39,378.96,381.74,85,34230,0.148
2025-08-25 14:45:00,23600,CE,1108.68,1124.24,1110.58,1118.17,418,33361,0.146
2025-08-25 14:45:00,23600,PE,344.56,353.45,346.07,347.85,118,36430,0.1466
2025-08-25 14:45:00,23650,CE,1100.4,1084.18,1075.77,1077.8,370,33307,0.1443
2025-08-25 14:45:00,23650,PE,398.51,406.28,396.07,400.52,102,36037,0.1468
2025-08-25 14:45:00,23700,CE,975.77,981.45,979.95,980.64,529,35588,0.1433
2025-08-25 14:45:00,23700,PE,404.63,408.88,401.64,405.77,398,34271,0.1436
2025-08-25 14:45:00,23750,CE,956.65,934.46,929.56,934.31,327,39438,0.1436
2025-08-25 14:45:00,23750,PE,381.37,381.11,378.52,380.16,415,37681,0.1489
2025-08-25 14:45:00,23800,CE,908.87,922.47,906.51,911.36,173,36713,0.1442
2025-08-25 14:45:00,23800,PE,408.57,412.89,408.56,410.44,167,40088,0.1441
2025-08-25 14:45:00,23850,CE,847.37,854.11,829.65,844.52,382,40351,0.1506
2025-08-25 14:45:00,23850,PE,392.56,390.65,387.3,387.43,402,45791,0.1458
2025-08-25 14:45:00,23900,CE,790.2,796.75,775.79,786.98,144,44369,0.1442
2025-08-25 14:45:00,23900,PE,396.85,401.27,390.26,394.01,175,49116,0.1482
2025-08-25 14:45:00,23950,CE,732.96,738.78,730.79,732.27,321,51790,0.1439
2025-08-25 14:45:00,23950,PE,388.42,397.9,380.38,387.5,528,48374,0.1463
2025-08-25 14:45:00,24000,CE,685.67,704.11,692.05,693.37,169,60732,0.1459
2025-08-25 14:45:00,24000,PE,390.22,394.69,380.7,389.06,282,53678,0.1441
2025-08-25 14:45:00,24050,CE,642.97,646.57,637.11,642.99,413,61201,0.1452
2025-08-25 14:45:00,24050,PE,371.52,379.49,374.52,376.79,541,63145,0.1403
2025-08-25 14:45:00,24100,CE,605.72,601.75,589.54,600.02,119,71162,0.1476
2025-08-25 14:45:00,24100,PE,407.43,408.06,403.23,404.68,571,65068,0.1427
2025-08-25 14:45:00,24150,CE,551.05,558.0,544.01,553.13,597,72223,0.1427
2025-08-25 14:45:00,24150,PE,348.7,351.72,349.7,350.67,959,74537,0.1423
2025-08-25 14:45:00,24200,CE,472.17,470.83,468.27,470.83,525,85444,0.1434
2025-08-25 14:45:00,24200,PE,390.9,398.49,384.8,393.2,697,79071,0.1418
2025-08-25 14:45:00,24250,CE,478.37,483.11,466.23,479.37,66,79130,0.1464
2025-08-25 14:45:00,24250,PE,360.65,360.03,359.65,359.79,1239,72079,0.1442
2025-08-25 14:45:00,24300,CE,402.74,402.5,399.91,400.87,1651,67396,0.1462
2025-08-25 14:45:00,24300,PE,372.31,374.32,370.28,372.73,1681,61432,0.1424
2025-08-25 14:45:00,24350,CE,388.52,389.63,384.47,385.27,580,57857,0.1444
2025-08-25 14:45:00,24350,PE,428.39,426.45,418.49,425.43,1555,61324,0.1448
2025-08-25 14:45:00,24400,CE,409.11,406.4,400.32,403.47,1268,50230,0.1467
2025-08-25 14:45:00,24400,PE,488.75,493.48,484.07,484.74,240,51518,0.1454
2025-08-25 14:45:00,24450,CE,375.46,373.29,361.43,367.12,402,53900,0.1443
2025-08-25 14:45:00,24450,PE,530.58,524.62,519.1,522.21,1154,49293,0.1451
2025-08-25 14:45:00,24500,CE,365.75,366.52,363.6,365.87,462,46944,0.1434
2025-08-25 14:45:00,24500,PE,591.11,592.04,575.08,589.19,636,48605,0.1478
2025-08-25 14:45:00,24550,CE,374.04,375.76,360.45,370.31,96,43442,0.1436
2025-08-25 14:45:00,24550,PE,640.0,642.98,627.33,641.21,678,39610,0.1447
2025-08-25 14:45:00,24600,CE,411.39,416.6,410.88,411.51,443,41477,0.1446
2025-08-25 14:45:00,24600,PE,662.61,668.49,660.8,662.02,613,38726,0.1434
2025-08-25 14:45:00,24650,CE,399.99,396.03,391.33,393.79,677,42524,0.1443
2025-08-25 14:45:00,24650,PE,711.0,725.81,712.26,720.42,187,37110,0.1474
2025-08-25 14:45:00,24700,CE,390.2,390.58,388.41,389.19,717,34814,0.1443
2025-08-25 14:45:00,24700,PE,769.88,785.06,767.54,767.62,36,30273,0.145
2025-08-25 14:45:00,24750,CE,390.9,392.61,384.42,388.79,167,37545,0.1442
2025-08-25 14:45:00,24750,PE,815.4,839.46,810.95,820.45,323,40244,0.143
2025-08-25 14:45:00,24800,CE,373.06,375.78,369.32,369.61,159,33176,0.1456
2025-08-25 14:45:00,24800,PE,877.71,877.75,871.55,874.6,269,39857,0.1453
2025-08-25 14:45:00,24850,CE,382.26,386.27,380.18,385.68,312,32666,0.1432
2025-08-25 14:45:00,24850,PE,909.76,917.24,910.13,916.16,66,27400,0.1414
2025-08-25 14:45:00,24900,CE,374.64,376.21,368.57,374.34,257,28830,0.1421
2025-08-25 14:45:00,24900,PE,969.84,981.67,980.05,980.34,187,24049,0.1427
2025-08-25 14:50:00,23500,CE,1226.65,1228.56,1211.09,1220.98,208,30337,0.1464
2025-08-25 14:50:00,23500,PE,402.22,414.96,406.28,409.38,126,31946,0.1433
2025-08-25 14:50:00,23550,CE,1181.3,1196.64,1162.93,1182.33,74,33420,0.1463
2025-08-25 14:50:00,23550,PE,397.68,403.75,396.39,397.42,259,33724,0.1455
2025-08-25 14:50:00,23600,CE,1119.01,1137.37,1111.13,1117.84,202,33377,0.1426
2025-08-25 14:50:00,23600,PE,398.72,397.62,396.49,397.07,142,36150,0.1394
2025-08-25 14:50:00,23650,CE,1094.21,1100.57,1071.22,1084.16,372,32745,0.1461
2025-08-25 14:50:00,23650,PE,419.45,418.68,416.77,418.52,482,35823,0.1462
2025-08-25 14:50:00,23700,CE,1025.75,1032.26,1016.08,1025.84,214,35141,0.1479
2025-08-25 14:50:00,23700,PE,377.72,386.69,375.69,376.94,484,33938,0.1459
2025-08-25 14:50:00,23750,CE,1001.2,1028.47,993.12,997.44,468,39229,0.1488
2025-08-25 14:50:00,23750,PE,428.31,433.83,421.34,430.44,27,37571,0.1452
2025-08-25 14:50:00,23800,CE,936.54,947.52,934.08,937.67,327,36675,0.1424
2025-08-25 14:50:00,23800,PE,373.72,377.08,374.52,374.7,608,40112,0.1446
2025-08-25 14:50:00,23850,CE,843.97,867.08,845.18,850.98,513,40195,0.1464
2025-08-25 14:50:00,23850,PE,379.46,388.51,384.63,387.6,104,45789,0.1422
2025-08-25 14:50:00,23900,CE,828.21,829.94,818.43,824.18,398,44270,0.1419
2025-08-25 14:50:00,23900,PE,379.67,391.97,375.98,382.65,541,49673,0.1455
2025-08-25 14:50:00,23950,CE,772.33,774.32,766.22,771.92,72,51271,0.1476
2025-08-25 14:50:00,23950,PE,368.57,369.46,361.61,367.05,215,48477,0.1463
2025-08-25 14:50:00,24000,CE,720.58,731.87,725.32,726.92,47,60364,0.1469
2025-08-25 14:50:00,24000,PE,356.52,369.16,359.89,363.74,341,53528,0.1447
2025-08-25 14:50:00,24050,CE,714.48,713.27,704.83,710.98,755,61256,0.1467
2025-08-25 14:50:00,24050,PE,374.02,377.84,366.98,371.41,777,63456,0.1424
2025-08-25 14:50:00,24100,CE,632.25,635.61,624.96,633.72,413,71735,0.1448
2025-08-25 14:50:00,24100,PE,379.41,379.2,377.74,378.78,826,65060,0.1433
2025-08-25 14:50:00,24150,CE,557.52,560.74,551.21,559.97,923,71931,0.1454
2025-08-25 14:50:00,24150,PE,380.77,383.56,377.42,379.64,239,74886,0.1423
2025-08-25 14:50:00,24200,CE,569.18,564.85,555.31,556.66,962,85109,0.1483
2025-08-25 14:50:00,24200,PE,403.23,404.78,398.59,401.36,920,79080,0.1438
2025-08-25 14:50:00,24250,CE,446.09,453.31,434.45,440.84,781,79546,0.1445
2025-08-25 14:50:00,24250,PE,395.8,399.19,396.93,398.43,240,71963,0.1422
2025-08-25 14:50:00,24300,CE,438.53,437.94,436.38,437.84,484,67464,0.148
2025-08-25 14:50:00,24300,PE,364.15,365.33,358.88,363.43,275,60975,0.1471
2025-08-25 14:50:00,24350,CE,364.6,365.06,362.6,363.56,1192,57324,0.1419
2025-08-25 14:50:00,24350,PE,394.79,397.27,392.12,397.01,725,61907,0.1427
2025-08-25 14:50:00,24400,CE,384.5,390.32,385.26,386.07,1452,49844,0.1454
2025-08-25 14:50:00,24400,PE,466.46,470.78,466.61,467.14,1348,51320,0.1456
2025-08-25 14:50:00,24450,CE,409.43,414.81,406.05,411.09,268,53905,0.1449
2025-08-25 14:50:00,24450,PE,515.01,517.23,499.72,512.7,630,49142,0.146
2025-08-25 14:50:00,24500,CE,396.32,400.98,396.14,399.47,491,46460,0.1446
2025-08-25 14:50:00,24500,PE,524.41,525.69,518.47,522.27,310,48241,0.1413
2025-08-25 14:50:00,24550,CE,410.63,411.86,408.32,408.69,944,43434,0.1474
2025-08-25 14:50:00,24550,PE,636.81,639.91,628.84,631.14,560,39536,0.1477
2025-08-25 14:50:00,24600,CE,367.73,371.78,367.42,370.26,814,41834,0.1465
2025-08-25 14:50:00,24600,PE,656.48,659.3,649.76,657.33,638,38500,0.1452
2025-08-25 14:50:00,24650,CE,385.69,388.94,386.59,388.78,268,43052,0.1425
2025-08-25 14:50:00,24650,PE,725.72,747.84,710.8,716.33,783,36849,0.1473
2025-08-25 14:50:00,24700,CE,401.29,404.83,396.79,402.2,269,34611,0.1433
2025-08-25 14:50:00,24700,PE,765.1,768.24,754.58,758.44,611,30812,0.1468
2025-08-25 14:50:00,24750,CE,378.49,378.82,377.83,378.47,640,37953,0.1459
2025-08-25 14:50:00,24750,PE,783.77,805.0,798.55,798.88,258,40024,0.1434
2025-08-25 14:50:00,24800,CE,388.2,398.4,390.12,390.12,598,33050,0.1474
2025-08-25 14:50:00,24800,PE,844.88,869.66,850.63,854.2,153,40267,0.143
2025-08-25 14:50:00,24850,CE,383.74,384.57,375.34,381.95,307,32169,0.1442
2025-08-25 14:50:00,24850,PE,896.32,903.1,889.74,892.45,565,27153,0.1429
2025-08-25 14:50:00,24900,CE,393.53,395.99,390.02,390.94,189,28867,0.1467
2025-08-25 14:50:00,24900,PE,968.38,981.42,975.47,977.29,167,24443,0.1449
2025-08-25 14:55:00,23500,CE,1210.58,1231.09,1210.32,1210.96,317,30414,0.1437
2025-08-25 14:55:00,23500,PE,410.67,412.95,402.29,410.29,97,31933,0.1467
2025-08-25 14:55:00,23550,CE,1136.37,1138.48,1129.33,1133.25,135,33974,0.149
2025-08-25 14:55:00,23550,PE,403.1,410.79,406.26,406.92,379,33263,0.1462
2025-08-25 14:55:00,23600,CE,1098.18,1108.93,1091.82,1096.54,268,33713,0.1467
2025-08-25 14:55:00,23600,PE,364.99,367.17,365.88,366.59,265,35702,0.1436
2025-08-25 14:55:00,23650,CE,1052.36,1079.64,1059.85,1065.52,81,33024,0.1468
2025-08-25 14:55:00,23650,PE,391.89,400.34,392.44,394.55,280,35874,0.1418
2025-08-25 14:55:00,23700,CE,1025.18,1042.32,1022.12,1028.57,156,34858,0.1483
2025-08-25 14:55:00,23700,PE,390.77,399.08,387.75,389.01,231,33990,0.1456
2025-08-25 14:55:00,23750,CE,929.25,953.93,942.33,942.79,281,39684,0.1455
2025-08-25 14:55:00,23750,PE,394.34,393.14,390.68,392.03,119,37537,0.1442
2025-08-25 14:55:00,23800,CE,902.65,912.04,900.48,907.31,155,36082,0.143
2025-08-25 14:55:00,23800,PE,372.76,375.12,369.8,371.09,265,39579,0.1464
2025-08-25 14:55:00,23850,CE,860.0,851.39,836.16,846.94,255,40354,0.1443
2025-08-25 14:55:00,23850,PE,354.07,356.85,349.47,352.87,257,46002,0.1458
2025-08-25 14:55:00,23900,CE,771.34,787.65,784.18,786.99,219,44152,0.1425
2025-08-25 14:55:00,23900,PE,398.32,403.82,395.67,399.64,628,49364,0.1434
2025-08-25 14:55:00,23950,CE,788.59,787.77,783.1,784.19,392,51530,0.1485
2025-08-25 14:55:00,23950,PE,388.24,389.34,384.5,385.34,287,48241,0.1468
2025-08-25 14:55:00,24000,CE,709.16,717.64,705.53,710.86,587,59852,0.147
2025-08-25 14:55:00,24000,PE,402.0,400.19,395.0,397.28,231,53419,0.1473
2025-08-25 14:55:00,24050,CE,659.47,674.2,658.02,666.16,209,61302,0.143
2025-08-25 14:55:00,24050,PE,432.14,434.66,426.65,429.71,570,64014,0.1489
2025-08-25 14:55:00,24100,CE,604.63,604.85,593.8,601.12,610,71845,0.144
2025-08-25 14:55:00,24100,PE,391.56,395.99,390.88,393.41,732,64709,0.1418
2025-08-25 14:55:00,24150,CE,583.69,578.5,572.24,577.89,534,72329,0.147
2025-08-25 14:55:00,24150,PE,392.49,391.35,386.1,390.36,210,74635,0.1456
2025-08-25 14:55:00,24200,CE,502.28,511.98,502.61,510.46,292,85660,0.1446
2025-08-25 14:55:00,24200,PE,366.09,371.29,364.6,370.13,457,78870,0.1418
2025-08-25 14:55:00,24250,CE,444.7,447.44,438.94,443.55,1174,80037,0.1453
2025-08-25 14:55:00,24250,PE,385.69,385.86,380.64,383.81,30,72417,0.1419
2025-08-25 14:55:00,24300,CE,414.47,417.42,411.5,414.92,1192,67900,0.1461
2025-08-25 14:55:00,24300,PE,378.47,386.63,384.11,384.55,170,60422,0.1436
2025-08-25 14:55:00,24350,CE,401.3,405.54,396.16,399.72,564,57743,0.1471
2025-08-25 14:55:00,24350,PE,419.22,424.28,417.83,420.94,824,62172,0.1447
2025-08-25 14:55:00,24400,CE,393.88,408.78,390.12,392.9,360,49645,0.144
2025-08-25 14:55:00,24400,PE,474.83,484.39,472.89,473.9,1231,51308,0.1454
2025-08-25 14:55:00,24450,CE,420.06,427.71,423.41,425.05,961,54072,0.1454
2025-08-25 14:55:00,24450,PE,537.63,539.09,535.95,536.44,231,49674,0.1429
2025-08-25 14:55:00,24500,CE,397.65,400.35,394.48,397.09,1035,46796,0.1478
2025-08-25 14:55:00,24500,PE,568.74,569.64,560.3,564.07,523,48155,0.1466
2025-08-25 14:55:00,24550,CE,393.88,402.97,399.26,400.72,304,43608,0.148
2025-08-25 14:55:00,24550,PE,639.95,642.2,637.61,639.25,316,39159,0.1473
2025-08-25 14:55:00,24600,CE,376.33,374.99,372.65,372.77,68,41742,0.1492
2025-08-25 14:55:00,24600,PE,659.05,668.19,659.78,660.92,734,38849,0.1456
2025-08-25 14:55:00,24650,CE,402.21,408.99,398.48,405.3,701,43179,0.1491
2025-08-25 14:55:00,24650,PE,715.41,716.57,707.91,710.04,715,37188,0.145
2025-08-25 14:55:00,24700,CE,373.67,387.09,379.37,381.01,615,34622,0.1462
2025-08-25 14:55:00,24700,PE,804.0,793.46,787.89,791.99,76,30668,0.1464
2025-08-25 14:55:00,24750,CE,384.21,389.72,381.18,385.15,600,38244,0.1397
2025-08-25 14:55:00,24750,PE,794.23,804.69,787.62,796.33,20,39536,0.1456
2025-08-25 14:55:00,24800,CE,406.93,409.02,402.14,407.5,438,33624,0.1472
2025-08-25 14:55:00,24800,PE,856.81,866.86,855.48,858.49,485,40805,0.1438
2025-08-25 14:55:00,24850,CE,375.43,388.09,378.16,382.4,50,32625,0.1486
2025-08-25 14:55:00,24850,PE,911.59,914.82,900.69,913.12,88,27614,0.1431
2025-08-25 14:55:00,24900,CE,368.07,368.98,365.65,368.69,568,28880,0.1456
2025-08-25 14:55:00,24900,PE,974.89,963.7,944.34,958.77,314,24440,0.1431
2025-08-25 15:00:00,23500,CE,1142.16,1161.39,1149.05,1151.97,263,30798,0.1497
2025-08-25 15:00:00,23500,PE,399.33,401.96,393.56,397.19,137,31672,0.1485
2025-08-25 15:00:00,23550,CE,1130.62,1122.69,1106.63,1121.31,477,34393,0.1449
2025-08-25 15:00:00,23550,PE,382.82,397.67,384.34,388.65,269,32904,0.145
2025-08-25 15:00:00,23600,CE,1108.86,1123.33,1096.92,1106.14,495,34167,0.1438
2025-08-25 15:00:00,23600,PE,411.88,417.34,409.05,410.61,175,35751,0.1459
2025-08-25 15:00:00,23650,CE,1019.34,1023.81,1015.44,1016.64,234,33435,0.1459
2025-08-25 15:00:00,23650,PE,413.83,412.8,404.21,407.23,378,35865,0.1442
2025-08-25 15:00:00,23700,CE,966.31,979.0,966.57,976.73,560,34988,0.1446
2025-08-25 15:00:00,23700,PE,385.93,387.3,381.61,383.1,284,34502,0.1445
2025-08-25 15:00:00,23750,CE,934.2,935.07,917.82,922.85,281,39585,0.146
2025-08-25 15:00:00,23750,PE,375.5,378.74,374.77,374.83,244,37201,0.1441
2025-08-25 15:00:00,23800,CE,882.9,878.98,872.92,874.33,190,35591,0.15
2025-08-25 15:00:00,23800,PE,373.58,376.01,373.02,373.17,478,39686,0.1412
2025-08-25 15:00:00,23850,CE,833.97,846.1,820.61,833.18,653,40487,0.144
2025-08-25 15:00:00,23850,PE,392.28,399.2,393.99,395.04,66,46146,0.1453
2025-08-25 15:00:00,23900,CE,767.6,769.54,768.1,768.71,142,43596,0.1461
2025-08-25 15:00:00,23900,PE,411.27,416.22,409.68,413.03,502,48796,0.1484
2025-08-25 15:00:00,23950,CE,731.7,740.97,728.27,732.55,340,52004,0.1438
2025-08-25 15:00:00,23950,PE,365.68,367.89,363.53,363.94,218,48475,0.1395
2025-08-25 15:00:00,24000,CE,665.68,684.74,666.57,667.08,342,59387,0.1467
2025-08-25 15:00:00,24000,PE,379.74,383.57,375.36,378.26,186,52908,0.144
2025-08-25 15:00:00,24050,CE,660.83,658.98,646.49,647.91,160,60896,0.1467
2025-08-25 15:00:00,24050,PE,434.35,441.05,435.83,437.02,860,64382,0.1505
2025-08-25 15:00:00,24100,CE,584.52,585.49,574.76,582.29,391,72112,0.1418
2025-08-25 15:00:00,24100,PE,411.78,416.39,411.54,414.02,233,64875,0.1511
2025-08-25 15:00:00,24150,CE,531.21,542.88,530.53,531.88,260,72497,0.1443
2025-08-25 15:00:00,24150,PE,379.93,388.81,377.57,381.18,444,75065,0.145
2025-08-25 15:00:00,24200,CE,501.42,510.59,500.3,502.44,1149,85460,0.1458
2025-08-25 15:00:00,24200,PE,412.94,414.16,408.09,412.94,77,78656,0.1496
2025-08-25 15:00:00,24250,CE,389.84,388.6,382.92,388.1,467,79947,0.1449
2025-08-25 15:00:00,24250,PE,389.95,391.02,386.3,388.68,924,73004,0.145
2025-08-25 15:00:00,24300,CE,386.06,394.25,384.89,390.61,134,67965,0.1441
2025-08-25 15:00:00,24300,PE,390.24,397.27,390.05,392.89,317,60478,0.1436
2025-08-25 15:00:00,24350,CE,399.56,398.8,392.74,395.98,942,58114,0.1436
2025-08-25 15:00:00,24350,PE,439.55,438.33,431.25,433.89,831,61785,0.1461
2025-08-25 15:00:00,24400,CE,395.12,397.59,386.82,392.9,1169,49531,0.1413
2025-08-25 15:00:00,24400,PE,470.14,489.92,467.49,474.69,623,51477,0.1423
2025-08-25 15:00:00,24450,CE,375.16,379.69,376.61,378.21,314,54657,0.1448
2025-08-25 15:00:00,24450,PE,539.62,541.59,538.73,539.48,68,49259,0.1492
2025-08-25 15:00:00,24500,CE,400.77,405.72,401.43,405.36,1007,46738,0.1464
2025-08-25 15:00:00,24500,PE,617.85,618.42,616.76,618.38,911,48641,0.1453
2025-08-25 15:00:00,24550,CE,393.24,397.9,391.39,393.98,914,43878,0.1453
2025-08-25 15:00:00,24550,PE,656.62,662.96,640.68,648.43,636,39295,0.1454
2025-08-25 15:00:00,24600,CE,383.18,388.24,380.47,385.45,582,41450,0.1453
2025-08-25 15:00:00,24600,PE,667.41,670.16,655.59,664.74,691,38473,0.1433
2025-08-25 15:00:00,24650,CE,356.1,360.12,356.88,357.92,380,43028,0.1438
2025-08-25 15:00:00,24650,PE,770.5,769.91,758.18,762.38,596,36894,0.1446
2025-08-25 15:00:00,24700,CE,402.84,403.16,397.66,401.21,158,34992,0.1453
2025-08-25 15:00:00,24700,PE,784.7,807.25,795.4,797.11,358,30932,0.1457
2025-08-25 15:00:00,24750,CE,370.86,384.1,368.17,368.98,594,38646,0.1451
2025-08-25 15:00:00,24750,PE,841.19,856.4,850.14,852.59,276,39141,0.144
2025-08-25 15:00:00,24800,CE,377.85,381.58,373.99,378.69,607,33395,0.14
2025-08-25 15:00:00,24800,PE,900.62,925.03,883.85,893.61,488,41127,0.142
2025-08-25 15:00:00,24850,CE,385.7,393.67,382.53,390.46,268,32221,0.1428
2025-08-25 15:00:00,24850,PE,969.59,987.94,963.55,973.16,285,27188,0.147
2025-08-25 15:00:00,24900,CE,386.7,390.07,388.47,388.88,203,28739,0.1431
2025-08-25 15:00:00,24900,PE,1013.09,1032.23,1015.33,1018.42,295,24063,0.1447
2025-08-25 15:05:00,23500,CE,1218.51,1248.47,1217.25,1224.03,394,30292,0.1442
2025-08-25 15:05:00,23500,PE,407.45,406.89,398.45,399.85,457,31447,0.1439
2025-08-25 15:05:00,23550,CE,1144.51,1170.96,1152.43,1157.32,242,34843,0.1459
2025-08-25 15:05:00,23550,PE,409.92,423.62,413.22,413.26,321,32371,0.1476
2025-08-25 15:05:00,23600,CE,1084.78,1091.04,1071.87,1079.12,312,34246,0.1457
2025-08-25 15:05:00,23600,PE,383.34,393.58,382.03,385.35,478,35826,0.1442
2025-08-25 15:05:00,23650,CE,1017.71,1028.62,1015.71,1026.14,535,33472,0.1432
2025-08-25 15:05:00,23650,PE,392.2,392.34,387.05,390.3,110,35871,0.1459
2025-08-25 15:05:00,23700,CE,991.41,1043.41,995.13,1002.94,524,34408,0.1472
2025-08-25 15:05:00,23700,PE,380.67,389.28,378.98,384.91,233,33958,0.1453
2025-08-25 15:05:00,23750,CE,943.08,949.3,939.16,944.51,510,39598,0.1443
2025-08-25 15:05:00,23750,PE,393.35,405.48,392.54,394.31,436,37762,0.1454
2025-08-25 15:05:00,23800,CE,924.91,935.73,919.4,920.28,537,35480,0.1465
2025-08-25 15:05:00,23800,PE,364.01,370.65,363.34,365.83,602,39652,0.1438
2025-08-25 15:05:00,23850,CE,837.07,865.16,826.85,838.32,673,41065,0.1453
2025-08-25 15:05:00,23850,PE,401.54,400.1,396.38,398.43,161,46480,0.1464
2025-08-25 15:05:00,23900,CE,782.79,794.35,780.87,786.02,519,43920,0.143
2025-08-25 15:05:00,23900,PE,384.65,383.64,380.95,383.18,133,48801,0.145
2025-08-25 15:05:00,23950,CE,741.39,741.26,739.83,739.95,132,52481,0.1454
2025-08-25 15:05:00,23950,PE,356.33,362.06,360.48,361.7,698,48572,0.1422
2025-08-25 15:05:00,24000,CE,689.17,682.45,671.46,678.52,124,59575,0.146
2025-08-25 15:05:00,24000,PE,410.81,410.44,406.22,409.05,388,53253,0.1459
2025-08-25 15:05:00,24050,CE,624.57,643.96,625.2,631.71,108,60783,0.144
2025-08-25 15:05:00,24050,PE,394.27,392.81,390.34,391.56,353,64925,0.1473
2025-08-25 15:05:00,24100,CE,606.25,608.48,607.38,607.79,324,72697,0.1476
2025-08-25 15:05:00,24100,PE,386.17,393.57,383.85,387.29,968,64979,0.1427
2025-08-25 15:05:00,24150,CE,541.05,539.63,536.79,539.25,220,72163,0.1448
2025-08-25 15:05:00,24150,PE,392.24,398.69,389.72,391.82,39,75394,0.1436
2025-08-25 15:05:00,24200,CE,509.52,506.04,494.4,501.61,970,85246,0.1457
2025-08-25 15:05:00,24200,PE,382.24,389.52,379.3,381.13,977,78748,0.1466
2025-08-25 15:05:00,24250,CE,444.74,438.76,437.54,438.38,1255,79451,0.1431
2025-08-25 15:05:00,24250,PE,380.71,388.33,379.5,382.62,325,73372,0.1477
2025-08-25 15:05:00,24300,CE,391.09,392.07,385.51,390.41,680,68515,0.1468
2025-08-25 15:05:00,24300,PE,368.92,372.93,371.04,372.68,1579,59991,0.1461
2025-08-25 15:05:00,24350,CE,376.97,380.27,377.11,377.16,627,58391,0.1444
2025-08-25 15:05:00,24350,PE,445.32,456.35,443.97,446.44,228,62218,0.142
2025-08-25 15:05:00,24400,CE,382.61,392.58,384.83,387.94,148,49062,0.146
2025-08-25 15:05:00,24400,PE,501.38,504.55,502.88,503.08,725,51173,0.1464
2025-08-25 15:05:00,24450,CE,368.98,371.32,362.04,366.23,751,54527,0.143
2025-08-25 15:05:00,24450,PE,543.68,557.97,538.1,541.13,329,49663,0.1463
2025-08-25 15:05:00,24500,CE,380.75,376.93,372.33,374.93,180,46730,0.1449
2025-08-25 15:05:00,24500,PE,598.21,600.32,588.95,592.32,190,48205,0.1471
2025-08-25 15:05:00,24550,CE,343.58,360.73,348.49,351.75,206,43585,0.1446
2025-08-25 15:05:00,24550,PE,687.21,690.21,675.85,682.05,398,39255,0.1467
2025-08-25 15:05:00,24600,CE,378.34,380.56,374.5,380.43,131,40897,0.1424
2025-08-25 15:05:00,24600,PE,674.26,694.0,676.4,683.32,94,38630,0.1463
2025-08-25 15:05:00,24650,CE,398.34,414.35,398.33,401.05,773,42458,0.1446
2025-08-25 15:05:00,24650,PE,749.6,761.72,753.02,760.14,40,37231,0.147
2025-08-25 15:05:00,24700,CE,387.14,393.73,383.93,386.73,536,35272,0.1432
2025-08-25 15:05:00,24700,PE,776.55,795.97,783.11,783.24,137,31370,0.1459
2025-08-25 15:05:00,24750,CE,405.39,407.66,402.77,404.5,431,38235,0.1417
2025-08-25 15:05:00,24750,PE,838.67,841.99,837.45,838.52,89,39264,0.1424
2025-08-25 15:05:00,24800,CE,393.82,402.56,395.03,399.39,501,33732,0.1458
2025-08-25 15:05:00,24800,PE,881.15,895.59,870.86,886.53,381,41145,0.1437
2025-08-25 15:05:00,24850,CE,398.11,400.17,395.56,396.94,422,31777,0.1471
2025-08-25 15:05:00,24850,PE,950.65,971.34,960.94,964.04,226,26706,0.1453
2025-08-25 15:05:00,24900,CE,382.31,383.75,375.59,379.82,478,28866,0.1417
2025-08-25 15:05:00,24900,PE,984.79,1004.53,964.6,991.31,443,24060,0.1456
2025-08-25 15:10:00,23500,CE,1208.93,1224.72,1201.26,1202.49,421,30807,0.1463
2025-08-25 15:10:00,23500,PE,379.34,385.5,381.95,384.09,281,31847,0.1484
2025-08-25 15:10:00,23550,CE,1175.64,1198.35,1186.42,1189.37,315,35111,0.1463
2025-08-25 15:10:00,23550,PE,368.49,371.14,370.67,370.77,123,32949,0.1453
2025-08-25 15:10:00,23600,CE,1110.71,1138.14,1096.25,1103.4,98,34479,0.1481
2025-08-25 15:10:00,23600,PE,366.66,370.54,366.07,367.25,305,35336,0.1457
2025-08-25 15:10:00,23650,CE,1080.64,1103.53,1086.38,1089.52,407,32965,0.144
2025-08-25 15:10:00,23650,PE,360.2,362.45,356.62,359.96,270,36250,0.1451
2025-08-25 15:10:00,23700,CE,1016.63,1020.3,1011.61,1013.99,77,34240,0.1424
2025-08-25 15:10:00,23700,PE,415.97,422.87,416.5,418.72,285,34467,0.1485
2025-08-25 15:10:00,23750,CE,972.99,997.3,976.84,978.98,229,39139,0.1457
2025-08-25 15:10:00,23750,PE,390.39,396.67,387.34,387.37,85,37400,0.1432
2025-08-25 15:10:00,23800,CE,905.65,922.53,911.85,916.76,539,35807,0.1457
2025-08-25 15:10:00,23800,PE,379.79,383.58,381.15,381.85,265,40068,0.1427
2025-08-25 15:10:00,23850,CE,856.69,873.62,844.93,859.25,609,41505,0.1453
2025-08-25 15:10:00,23850,PE,391.52,401.54,390.23,394.01,13,45998,0.1469
2025-08-25 15:10:00,23900,CE,795.84,814.11,802.14,803.07,518,43778,0.1406
2025-08-25 15:10:00,23900,PE,398.4,405.87,397.38,402.29,122,48976,0.1432
2025-08-25 15:10:00,23950,CE,800.57,791.93,785.05,785.52,279,52983,0.1445
2025-08-25 15:10:00,23950,PE,434.17,439.59,436.79,436.93,445,48258,0.1463
2025-08-25 15:10:00,24000,CE,720.72,743.02,712.76,714.51,774,59695,0.1454
2025-08-25 15:10:00,24000,PE,400.68,402.38,399.24,400.75,254,52825,0.1452
2025-08-25 15:10:00,24050,CE,674.77,688.6,663.33,672.0,507,61079,0.1418
2025-08-25 15:10:00,24050,PE,388.29,399.76,388.46,393.14,756,64478,0.1458
2025-08-25 15:10:00,24100,CE,614.35,613.88,610.38,613.8,437,73296,0.1405
2025-08-25 15:10:00,24100,PE,394.74,397.58,392.67,393.27,660,64489,0.1432
2025-08-25 15:10:00,24150,CE,563.01,557.99,555.72,557.0,1010,72385,0.1439
2025-08-25 15:10:00,24150,PE,402.7,402.79,398.99,399.95,516,75726,0.1443
2025-08-25 15:10:00,24200,CE,525.42,531.58,524.22,526.93,808,84955,0.1482
2025-08-25 15:10:00,24200,PE,380.03,382.08,380.7,380.75,988,78453,0.1431
2025-08-25 15:10:00,24250,CE,463.87,464.78,457.53,464.02,341,79566,0.1446
2025-08-25 15:10:00,24250,PE,411.01,414.32,413.4,414.02,49,73528,0.1431
2025-08-25 15:10:00,24300,CE,440.07,443.12,434.97,437.97,916,68779,0.1436
2025-08-25 15:10:00,24300,PE,399.3,401.22,397.56,398.06,283,60087,0.142
2025-08-25 15:10:00,24350,CE,411.44,416.83,410.11,412.09,747,58000,0.1482
2025-08-25 15:10:00,24350,PE,418.56,420.23,415.24,416.83,764,62726,0.1448
2025-08-25 15:10:00,24400,CE,394.14,393.42,391.62,393.0,1176,48661,0.1445
2025-08-25 15:10:00,24400,PE,455.44,459.23,449.35,451.2,1208,51251,0.145
2025-08-25 15:10:00,24450,CE,368.91,372.43,361.42,367.19,78,55031,0.1426
2025-08-25 15:10:00,24450,PE,524.62,530.33,518.77,523.97,664,50158,0.1422
2025-08-25 15:10:00,24500,CE,402.59,403.23,399.32,400.55,125,46331,0.144
2025-08-25 15:10:00,24500,PE,574.09,574.09,568.33,571.48,1000,47891,0.1494
2025-08-25 15:10:00,24550,CE,419.89,425.63,416.68,420.28,555,43707,0.1491
2025-08-25 15:10:00,24550,PE,636.27,641.64,633.13,633.22,946,39059,0.1461
2025-08-25 15:10:00,24600,CE,408.29,409.57,403.9,407.52,687,41174,0.1481
2025-08-25 15:10:00,24600,PE,693.98,707.66,696.19,697.25,639,38656,0.1463
2025-08-25 15:10:00,24650,CE,381.64,388.77,376.91,378.36,71,42177,0.1436
2025-08-25 15:10:00,24650,PE,685.36,685.76,676.03,680.73,472,37124,0.1424
2025-08-25 15:10:00,24700,CE,435.05,439.28,432.76,435.12,151,35501,0.1483
2025-08-25 15:10:00,24700,PE,770.21,775.61,768.39,774.97,360,31712,0.1457
2025-08-25 15:10:00,24750,CE,400.72,400.19,396.22,397.01,396,38078,0.1452
2025-08-25 15:10:00,24750,PE,818.15,837.18,820.07,821.13,87,38789,0.1449
2025-08-25 15:10:00,24800,CE,400.96,405.02,391.88,397.26,342,33555,0.1438
2025-08-25 15:10:00,24800,PE,843.39,854.1,844.38,848.49,481,41301,0.1421
2025-08-25 15:10:00,24850,CE,394.45,407.44,389.65,395.67,184,32088,0.14
2025-08-25 15:10:00,24850,PE,907.21,914.41,908.57,909.15,357,27161,0.1447
2025-08-25 15:10:00,24900,CE,391.88,395.85,387.66,394.67,560,29420,0.143
2025-08-25 15:10:00,24900,PE,962.57,965.42,957.46,957.62,82,24095,0.1457
2025-08-25 15:15:00,23500,CE,1239.3,1261.75,1227.18,1236.45,19,31263,0.1472
2025-08-25 15:15:00,23500,PE,381.68,385.99,375.9,380.35,315,31561,0.147
2025-08-25 15:15:00,23550,CE,1160.75,1180.13,1161.36,1161.68,286,35182,0.1454
2025-08-25 15:15:00,23550,PE,381.43,389.71,377.44,382.4,257,32996,0.1441
2025-08-25 15:15:00,23600,CE,1125.7,1127.98,1119.34,1121.38,482,34801,0.1419
2025-08-25 15:15:00,23600,PE,353.71,359.34,355.95,356.89,202,35663,0.144
2025-08-25 15:15:00,23650,CE,1062.18,1080.38,1060.21,1069.67,79,32707,0.1447
2025-08-25 15:15:00,23650,PE,386.9,393.43,384.84,392.04,67,36713,0.1454
2025-08-25 15:15:00,23700,CE,1012.62,1023.39,995.36,1016.8,21,34709,0.1457
2025-08-25 15:15:00,23700,PE,360.21,369.89,361.35,362.43,453,35004,0.143
2025-08-25 15:15:00,23750,CE,958.75,972.13,961.47,961.95,442,39088,0.1441
2025-08-25 15:15:00,23750,PE,400.19,399.29,394.12,395.09,468,37984,0.1466
2025-08-25 15:15:00,23800,CE,946.3,952.74,938.47,939.14,545,36148,0.1448
2025-08-25 15:15:00,23800,PE,358.13,359.63,351.63,353.3,469,40251,0.1448
2025-08-25 15:15:00,23850,CE,903.17,916.78,900.12,903.67,580,41423,0.1438
2025-08-25 15:15:00,23850,PE,403.19,402.84,393.4,402.27,330,46408,0.1462
2025-08-25 15:15:00,23900,CE,846.73,860.38,848.11,857.96,190,44094,0.144
2025-08-25 15:15:00,23900,PE,391.07,390.26,386.95,387.57,86,49078,0.1456
2025-08-25 15:15:00,23950,CE,808.71,818.25,803.01,805.3,37,53579,0.145
2025-08-25 15:15:00,23950,PE,389.99,387.6,384.89,386.32,630,47957,0.1406
2025-08-25 15:15:00,24000,CE,739.14,745.04,730.17,730.7,132,59865,0.1457
2025-08-25 15:15:00,24000,PE,394.35,395.67,392.26,392.46,728,52610,0.1391
2025-08-25 15:15:00,24050,CE,691.27,683.64,682.79,682.84,843,61028,0.1475
2025-08-25 15:15:00,24050,PE,394.67,398.79,392.18,393.98,395,64284,0.1453
2025-08-25 15:15:00,24100,CE,619.39,622.99,619.37,620.08,271,73097,0.1426
2025-08-25 15:15:00,24100,PE,428.68,429.79,426.83,429.37,179,64341,0.1466
2025-08-25 15:15:00,24150,CE,573.14,574.16,572.4,572.71,320,71853,0.1429
2025-08-25 15:15:00,24150,PE,374.84,382.74,373.86,374.89,396,75173,0.1417
2025-08-25 15:15:00,24200,CE,506.69,509.96,502.24,508.92,231,85224,0.1448
2025-08-25 15:15:00,24200,PE,390.47,402.81,389.63,394.97,48,78226,0.1454
2025-08-25 15:15:00,24250,CE,509.24,516.29,504.19,504.82,931,78991,0.1459
2025-08-25 15:15:00,24250,PE,370.07,374.35,368.74,370.18,1002,73025,0.1443
2025-08-25 15:15:00,24300,CE,440.38,443.79,438.94,442.67,110,68414,0.145
2025-08-25 15:15:00,24300,PE,416.25,425.69,405.5,414.59,1347,59544,0.1443
2025-08-25 15:15:00,24350,CE,435.19,431.05,424.94,429.85,198,58535,0.1512
2025-08-25 15:15:00,24350,PE,392.24,402.22,393.9,397.35,1078,62808,0.1418
2025-08-25 15:15:00,24400,CE,403.68,404.19,401.59,402.99,83,48533,0.1466
2025-08-25 15:15:00,24400,PE,427.66,426.4,417.92,425.71,869,51290,0.1435
2025-08-25 15:15:00,24450,CE,402.27,399.87,395.31,398.38,685,54566,0.1436
2025-08-25 15:15:00,24450,PE,503.03,511.88,499.88,502.13,1282,50400,0.1464
2025-08-25 15:15:00,24500,CE,401.86,408.96,400.24,400.87,291,46894,0.1414
2025-08-25 15:15:00,24500,PE,526.21,529.97,526.13,529.07,359,47447,0.144
2025-08-25 15:15:00,24550,CE,367.8,377.84,369.47,369.97,920,43290,0.1438
2025-08-25 15:15:00,24550,PE,617.47,617.57,608.87,612.81,78,39213,0.1463
2025-08-25 15:15:00,24600,CE,393.73,400.75,395.72,398.18,257,40756,0.143
2025-08-25 15:15:00,24600,PE,654.69,658.06,652.19,657.82,109,38207,0.1474
2025-08-25 15:15:00,24650,CE,385.41,394.71,386.11,386.35,820,42381,0.1445
2025-08-25 15:15:00,24650,PE,713.45,705.16,696.45,703.06,721,37266,0.1444
2025-08-25 15:15:00,24700,CE,373.68,371.86,368.62,368.76,433,35162,0.1444
2025-08-25 15:15:00,24700,PE,732.99,737.12,733.0,733.86,761,32099,0.1444
2025-08-25 15:15:00,24750,CE,366.66,369.52,364.35,365.65,390,37604,0.1413
2025-08-25 15:15:00,24750,PE,782.97,772.64,768.8,771.68,557,38588,0.1436
2025-08-25 15:15:00,24800,CE,396.74,398.65,389.18,395.75,151,33841,0.1431
2025-08-25 15:15:00,24800,PE,855.14,860.53,847.25,852.35,570,41437,0.1431
2025-08-25 15:15:00,24850,CE,403.79,407.31,404.87,405.63,56,32208,0.1485
2025-08-25 15:15:00,24850,PE,905.52,911.07,903.93,909.04,585,27384,0.1431
2025-08-25 15:15:00,24900,CE,404.13,413.3,403.43,404.2,165,29595,0.1466
2025-08-25 15:15:00,24900,PE,943.83,950.73,946.68,950.38,156,24544,0.144
2025-08-25 15:20:00,23500,CE,1248.37,1257.11,1231.13,1252.04,373,31345,0.1462
2025-08-25 15:20:00,23500,PE,386.84,392.03,388.98,390.69,65,31442,0.1483
2025-08-25 15:20:00,23550,CE,1196.11,1197.31,1185.46,1187.92,62,35501,0.144
2025-08-25 15:20:00,23550,PE,383.44,393.76,375.63,381.73,315,32707,0.1459
2025-08-25 15:20:00,23600,CE,1186.67,1168.69,1166.18,1167.51,414,35112,0.1442
2025-08-25 15:20:00,23600,PE,416.18,426.21,416.92,418.41,452,35398,0.1466
2025-08-25 15:20:00,23650,CE,1116.68,1122.84,1114.45,1119.32,95,32683,0.1474
2025-08-25 15:20:00,23650,PE,377.41,385.13,369.97,378.35,140,37000,0.1444
2025-08-25 15:20:00,23700,CE,1054.09,1061.3,1048.54,1054.26,232,34862,0.1464
2025-08-25 15:20:00,23700,PE,385.05,388.36,380.51,386.74,99,34506,0.1437
2025-08-25 15:20:00,23750,CE,1021.11,1034.2,1014.24,1034.11,529,39023,0.1464
2025-08-25 15:20:00,23750,PE,389.85,391.59,381.54,388.97,86,38358,0.146
2025-08-25 15:20:00,23800,CE,955.83,969.21,957.95,962.15,87,36744,0.1464
2025-08-25 15:20:00,23800,PE,385.39,392.36,385.17,386.09,236,40211,0.1454
2025-08-25 15:20:00,23850,CE,877.36,912.55,874.06,896.12,172,40926,0.1441
2025-08-25 15:20:00,23850,PE,400.55,400.33,395.06,399.13,266,46247,0.1451
2025-08-25 15:20:00,23900,CE,840.51,852.87,821.7,838.71,310,44081,0.1446
2025-08-25 15:20:00,23900,PE,371.56,384.17,371.58,376.28,432,48566,0.1467
2025-08-25 15:20:00,23950,CE,831.78,852.12,832.98,834.5,271,54016,0.1469
2025-08-25 15:20:00,23950,PE,382.53,376.27,372.19,375.77,694,48003,0.1457
2025-08-25 15:20:00,24000,CE,775.08,789.25,759.09,774.44,296,59764,0.1476
2025-08-25 15:20:00,24000,PE,366.3,368.02,362.21,367.21,617,52486,0.1423
2025-08-25 15:20:00,24050,CE,701.52,695.21,685.13,694.77,807,60461,0.1441
2025-08-25 15:20:00,24050,PE,380.0,382.26,374.54,377.88,522,64306,0.1449
2025-08-25 15:20:00,24100,CE,625.48,630.92,617.77,626.25,429,73067,0.1453
2025-08-25 15:20:00,24100,PE,398.62,400.34,395.84,395.87,161,64156,0.1423
2025-08-25 15:20:00,24150,CE,583.94,587.81,572.78,578.54,374,72043,0.1427
2025-08-25 15:20:00,24150,PE,384.12,390.91,383.7,385.32,622,75066,0.1453
2025-08-25 15:20:00,24200,CE,545.21,557.2,543.65,550.71,602,85310,0.1435
2025-08-25 15:20:00,24200,PE,406.81,417.65,404.42,409.93,72,78688,0.1442
2025-08-25 15:20:00,24250,CE,480.62,488.67,483.07,484.2,1158,78827,0.1406
2025-08-25 15:20:00,24250,PE,409.52,403.5,399.26,402.4,991,72902,0.1469
2025-08-25 15:20:00,24300,CE,442.05,445.8,436.66,444.51,123,68853,0.1451
2025-08-25 15:20:00,24300,PE,407.77,411.07,400.39,408.38,416,59373,0.1465
2025-08-25 15:20:00,24350,CE,400.37,402.33,398.72,401.58,1019,58462,0.1433
2025-08-25 15:20:00,24350,PE,408.4,422.56,410.56,414.25,486,63168,0.1452
2025-08-25 15:20:00,24400,CE,409.74,409.45,406.65,409.23,573,48643,0.1441
2025-08-25 15:20:00,24400,PE,433.11,433.32,430.16,432.41,1048,51810,0.1438
2025-08-25 15:20:00,24450,CE,381.04,382.41,378.86,380.91,658,54530,0.1441
2025-08-25 15:20:00,24450,PE,460.45,470.74,462.01,462.96,1236,50374,0.1429
2025-08-25 15:20:00,24500,CE,422.03,428.72,422.78,422.81,368,46345,0.1489
2025-08-25 15:20:00,24500,PE,516.19,530.23,523.1,527.18,399,47083,0.1446
2025-08-25 15:20:00,24550,CE,372.86,384.71,375.74,376.43,336,43337,0.1431
2025-08-25 15:20:00,24550,PE,588.51,587.84,582.88,587.06,566,38837,0.1473
2025-08-25 15:20:00,24600,CE,388.44,386.62,383.14,385.59,454,40700,0.1451
2025-08-25 15:20:00,24600,PE,669.37,672.42,666.9,667.9,56,37946,0.1459
2025-08-25 15:20:00,24650,CE,401.23,406.53,398.11,405.69,638,41805,0.1435
2025-08-25 15:20:00,24650,PE,663.05,667.0,653.9,658.57,273,37236,0.1446
2025-08-25 15:20:00,24700,CE,407.64,409.8,403.66,406.4,145,35337,0.1461
2025-08-25 15:20:00,24700,PE,759.51,764.06,746.07,761.71,580,31904,0.146
2025-08-25 15:20:00,24750,CE,390.13,395.05,385.23,392.95,181,37935,0.1439
2025-08-25 15:20:00,24750,PE,769.64,791.34,768.49,773.52,170,38163,0.1437
2025-08-25 15:20:00,24800,CE,381.61,384.96,377.72,380.84,33,33350,0.1433
2025-08-25 15:20:00,24800,PE,834.72,851.52,836.28,839.22,606,41958,0.1469
2025-08-25 15:20:00,24850,CE,402.24,399.67,392.17,395.76,359,32713,0.1435
2025-08-25 15:20:00,24850,PE,890.85,892.77,869.0,881.06,462,27271,0.1466
2025-08-25 15:20:00,24900,CE,388.22,397.32,387.57,395.5,437,29498,0.1464
2025-08-25 15:20:00,24900,PE,944.58,940.91,926.25,939.2,586,24965,0.1457
2025-08-25 15:25:00,23500,CE,1243.71,1234.75,1219.39,1225.43,377,31381,0.1446
2025-08-25 15:25:00,23500,PE,377.27,374.6,373.66,373.83,234,30982,0.1442
2025-08-25 15:25:00,23550,CE,1193.4,1220.28,1179.81,1193.4,307,35038,0.1458
2025-08-25 15:25:00,23550,PE,390.23,392.89,385.91,389.28,255,32264,0.1421
2025-08-25 15:25:00,23600,CE,1142.29,1144.19,1137.53,1138.53,237,35448,0.1435
2025-08-25 15:25:00,23600,PE,388.08,393.25,384.56,386.06,156,35520,0.1428
2025-08-25 15:25:00,23650,CE,1059.76,1069.57,1063.59,1063.92,140,32442,0.1465
2025-08-25 15:25:00,23650,PE,361.12,374.15,355.69,358.62,100,36594,0.1492
2025-08-25 15:25:00,23700,CE,1019.09,1051.63,1015.45,1022.14,207,34410,0.1425
2025-08-25 15:25:00,23700,PE,384.11,388.49,387.21,387.4,484,34795,0.1461
2025-08-25 15:25:00,23750,CE,971.18,976.56,966.23,969.11,134,39486,0.1446
2025-08-25 15:25:00,23750,PE,383.9,390.14,379.24,384.15,215,38395,0.1449
2025-08-25 15:25:00,23800,CE,933.77,959.69,933.63,939.42,428,37071,0.1447
2025-08-25 15:25:00,23800,PE,392.37,396.91,388.1,393.36,14,39950,0.1446
2025-08-25 15:25:00,23850,CE,856.69,862.04,854.62,854.85,225,41028,0.1428
2025-08-25 15:25:00,23850,PE,397.43,403.44,399.18,399.89,567,46172,0.1465
2025-08-25 15:25:00,23900,CE,814.6,825.55,815.92,816.3,327,43586,0.146
2025-08-25 15:25:00,23900,PE,342.81,343.01,341.05,341.24,370,48550,0.1432
2025-08-25 15:25:00,23950,CE,801.31,805.43,795.61,797.16,478,54432,0.1445
2025-08-25 15:25:00,23950,PE,387.11,390.95,387.55,388.29,427,47465,0.147
2025-08-25 15:25:00,24000,CE,766.89,759.48,752.77,756.57,660,59736,0.1491
2025-08-25 15:25:00,24000,PE,393.29,401.03,393.9,395.51,398,52933,0.1444
2025-08-25 15:25:00,24050,CE,684.71,687.96,674.73,682.83,521,60809,0.1457
2025-08-25 15:25:00,24050,PE,389.06,389.71,387.69,387.91,771,64298,0.1468
2025-08-25 15:25:00,24100,CE,639.67,651.65,638.58,642.2,942,72672,0.1482
2025-08-25 15:25:00,24100,PE,413.16,418.66,413.57,415.53,838,64574,0.1448
2025-08-25 15:25:00,24150,CE,566.44,571.89,558.14,570.11,121,71626,0.1433
2025-08-25 15:25:00,24150,PE,407.01,415.49,401.62,405.13,56,74798,0.1446
2025-08-25 15:25:00,24200,CE,539.46,548.86,536.02,536.61,1176,84859,0.1463
2025-08-25 15:25:00,24200,PE,395.79,399.98,388.64,394.38,58,78638,0.1474
2025-08-25 15:25:00,24250,CE,481.56,479.15,474.08,478.63,490,78982,0.1452
2025-08-25 15:25:00,24250,PE,386.7,392.68,385.01,387.23,825,73294,0.1444
2025-08-25 15:25:00,24300,CE,454.37,454.47,445.66,453.86,660,68806,0.1467
2025-08-25 15:25:00,24300,PE,401.84,403.97,398.74,401.21,60,59937,0.1425
2025-08-25 15:25:00,24350,CE,398.46,399.36,398.98,399.21,397,58577,0.1505
2025-08-25 15:25:00,24350,PE,370.2,373.09,371.38,371.47,1550,63293,0.1426
2025-08-25 15:25:00,24400,CE,401.16,401.55,393.98,399.19,943,48253,0.1443
2025-08-25 15:25:00,24400,PE,460.91,464.86,461.69,462.34,1066,51438,0.1472
2025-08-25 15:25:00,24450,CE,412.2,414.13,411.88,412.0,905,54621,0.1459
2025-08-25 15:25:00,24450,PE,524.27,533.72,523.74,528.35,647,50639,0.1458
2025-08-25 15:25:00,24500,CE,411.98,417.61,408.91,412.09,833,45990,0.1486
2025-08-25 15:25:00,24500,PE,535.84,541.6,532.3,539.04,443,47063,0.1472
2025-08-25 15:25:00,24550,CE,427.41,427.72,426.7,427.11,170,43164,0.1443
2025-08-25 15:25:00,24550,PE,606.25,610.97,606.22,609.02,59,38763,0.1447
2025-08-25 15:25:00,24600,CE,374.17,377.67,366.08,373.54,204,40366,0.1455
2025-08-25 15:25:00,24600,PE,637.46,641.42,636.99,637.6,768,37514,0.142
2025-08-25 15:25:00,24650,CE,390.67,389.88,386.4,389.61,115,41589,0.1474
2025-08-25 15:25:00,24650,PE,719.34,727.43,722.1,723.79,33,37678,0.1466
2025-08-25 15:25:00,24700,CE,365.84,371.74,370.2,370.59,777,35703,0.1406
2025-08-25 15:25:00,24700,PE,719.89,724.33,705.4,712.39,632,31425,0.1443
2025-08-25 15:25:00,24750,CE,390.47,395.3,391.91,393.29,410,37440,0.1445
2025-08-25 15:25:00,24750,PE,794.6,804.29,796.43,801.93,228,38154,0.1451
2025-08-25 15:25:00,24800,CE,371.05,371.71,366.34,367.88,467,33082,0.1444
2025-08-25 15:25:00,24800,PE,842.52,845.55,837.61,841.19,182,42346,0.1465
2025-08-25 15:25:00,24850,CE,382.81,386.84,384.22,386.28,150,32696,0.143
2025-08-25 15:25:00,24850,PE,883.21,898.07,887.31,896.6,190,27694,0.1429
2025-08-25 15:25:00,24900,CE,392.38,396.21,393.11,394.94,324,29027,0.1458
2025-08-25 15:25:00,24900,PE,972.91,970.87,954.33,966.02,96,25529,0.1456
