timestamp,strike,side,open,high,low,close,volume,oi,iv
2025-08-28 09:00:00,23500,CE,345.46,351.41,345.51,345.71,0,32933,0.1725
2025-08-28 09:00:00,23500,PE,54.13,53.66,53.3,53.53,0,31887,0.1725
2025-08-28 09:00:00,23550,CE,305.56,301.87,298.32,300.19,0,36426,0.1725
2025-08-28 09:00:00,23550,PE,58.43,58.7,56.69,57.93,0,34622,0.1725
2025-08-28 09:00:00,23600,CE,243.55,248.13,244.43,246.69,0,38316,0.1725
2025-08-28 09:00:00,23600,PE,55.73,55.48,55.12,55.46,0,36219,0.1725
2025-08-28 09:00:00,23650,CE,198.94,201.55,197.42,199.1,0,42884,0.1725
2025-08-28 09:00:00,23650,PE,55.71,56.5,56.18,56.26,0,41189,0.1725
2025-08-28 09:00:00,23700,CE,147.12,148.47,148.23,148.45,0,45110,0.1725
2025-08-28 09:00:00,23700,PE,59.31,60.16,59.58,59.8,0,44310,0.1725
2025-08-28 09:00:00,23750,CE,101.33,101.63,100.21,100.96,0,50612,0.1725
2025-08-28 09:00:00,23750,PE,60.05,59.44,58.59,58.9,0,48184,0.1725
2025-08-28 09:00:00,23800,CE,57.9,58.36,58.08,58.15,0,53517,0.1725
2025-08-28 09:00:00,23800,PE,66.88,66.37,65.26,66.28,0,54830,0.1725
2025-08-28 09:00:00,23850,CE,59.83,59.55,58.84,59.12,0,49186,0.1725
2025-08-28 09:00:00,23850,PE,113.76,114.34,111.97,112.2,0,48587,0.1725
2025-08-28 09:00:00,23900,CE,54.05,54.11,53.75,54.1,0,43009,0.1725
2025-08-28 09:00:00,23900,PE,166.74,167.97,164.43,167.28,0,43623,0.1725
2025-08-28 09:00:00,23950,CE,55.24,55.5,54.99,55.34,0,38414,0.1725
2025-08-28 09:00:00,23950,PE,217.18,217.36,214.1,216.36,0,40227,0.1725
2025-08-28 09:00:00,24000,CE,53.84,53.91,52.97,53.87,0,35434,0.1725
2025-08-28 09:00:00,24000,PE,272.92,277.61,271.68,273.31,0,35863,0.1725
2025-08-28 09:00:00,24050,CE,59.72,60.43,58.73,59.83,0,34802,0.1725
2025-08-28 09:00:00,24050,PE,318.78,326.73,320.32,321.21,0,32358,0.1725
2025-08-28 09:00:00,24100,CE,54.93,55.66,54.24,55.07,0,30856,0.1725
2025-08-28 09:00:00,24100,PE,368.31,371.13,366.5,370.14,0,30963,0.1725
2025-08-28 09:00:00,24150,CE,61.18,61.84,59.88,60.95,0,31291,0.1725
2025-08-28 09:00:00,24150,PE,420.4,423.28,411.39,419.46,0,30661,0.1725
2025-08-28 09:00:00,24200,CE,55.86,56.86,56.24,56.25,0,27210,0.1725
2025-08-28 09:00:00,24200,PE,468.58,468.7,461.77,462.5,0,28154,0.1725
2025-08-28 09:00:00,24250,CE,57.01,56.75,56.33,56.64,0,25099,0.1725
2025-08-28 09:00:00,24250,PE,518.77,517.72,503.68,516.34,0,27304,0.1725
2025-08-28 09:00:00,24300,CE,54.28,54.33,53.57,53.95,0,24109,0.1725
2025-08-28 09:00:00,24300,PE,563.98,582.06,568.41,569.29,0,26339,0.1725
2025-08-28 09:00:00,24350,CE,56.77,58.19,57.46,57.69,0,25027,0.1725
2025-08-28 09:00:00,24350,PE,612.07,612.4,608.28,611.95,0,22462,0.1725
2025-08-28 09:00:00,24400,CE,54.62,54.76,54.02,54.42,0,21958,0.1725
2025-08-28 09:00:00,24400,PE,658.22,682.46,665.39,667.6,0,23978,0.1725
2025-08-28 09:00:00,24450,CE,59.54,60.11,59.39,59.39,0,19668,0.1725
2025-08-28 09:00:00,24450,PE,721.2,724.42,711.74,716.33,0,21934,0.1725
2025-08-28 09:00:00,24500,CE,58.47,58.73,57.46,57.97,0,20404,0.1725
2025-08-28 09:00:00,24500,PE,766.17,787.16,760.5,771.26,0,20583,0.1725
2025-08-28 09:00:00,24550,CE,59.05,59.61,59.11,59.6,0,19764,0.1725
2025-08-28 09:00:00,24550,PE,820.52,823.57,811.77,815.66,0,19487,0.1725
2025-08-28 09:00:00,24600,CE,62.22,62.72,61.6,61.96,0,18053,0.1725
2025-08-28 09:00:00,24600,PE,871.23,870.69,862.72,868.14,0,18556,0.1725
2025-08-28 09:00:00,24650,CE,57.58,58.34,57.2,57.44,0,19863,0.1725
2025-08-28 09:00:00,24650,PE,915.05,924.15,913.33,919.3,0,16245,0.1725
2025-08-28 09:00:00,24700,CE,57.69,57.34,56.95,57.08,0,15915,0.1725
2025-08-28 09:00:00,24700,PE,969.5,992.68,965.69,968.82,0,15491,0.1725
2025-08-28 09:00:00,24750,CE,57.67,58.3,58.02,58.13,0,17148,0.1725
2025-08-28 09:00:00,24750,PE,1023.16,1019.64,1000.1,1017.08,0,15969,0.1725
2025-08-28 09:00:00,24800,CE,59.39,59.78,59.15,59.58,0,14242,0.1725
2025-08-28 09:00:00,24800,PE,1080.23,1073.07,1052.98,1067.14,0,14877,0.1725
2025-08-28 09:00:00,24850,CE,56.02,57.38,55.12,55.58,0,14559,0.1725
2025-08-28 09:00:00,24850,PE,1144.09,1122.3,1120.47,1120.86,0,13865,0.1725
2025-08-28 09:00:00,24900,CE,59.41,59.23,58.92,59.2,0,16077,0.1725
2025-08-28 09:00:00,24900,PE,1172.31,1168.36,1156.63,1167.99,0,13107,0.1725
2025-08-28 09:05:00,23500,CE,349.4,349.37,345.56,348.46,0,33960,0.1725
2025-08-28 09:05:00,23500,PE,58.77,59.26,58.71,59.14,0,34342,0.1725
2025-08-28 09:05:00,23550,CE,294.86,295.03,293.32,293.97,0,36566,0.1725
2025-08-28 09:05:00,23550,PE,63.71,64.55,63.6,63.85,0,33746,0.1725
2025-08-28 09:05:00,23600,CE,249.07,247.51,244.31,246.74,0,36687,0.1725
2025-08-28 09:05:00,23600,PE,57.51,57.9,56.56,57.52,0,39712,0.1725
2025-08-28 09:05:00,23650,CE,195.28,196.3,192.24,194.58,0,41658,0.1725
2025-08-28 09:05:00,23650,PE,59.88,60.95,59.68,59.95,0,41345,0.1725
2025-08-28 09:05:00,23700,CE,147.77,149.54,146.97,147.12,0,46689,0.1725
2025-08-28 09:05:00,23700,PE,58.34,57.75,57.0,57.65,0,43997,0.1725
2025-08-28 09:05:00,23750,CE,99.23,98.85,97.31,98.62,0,49806,0.1725
2025-08-28 09:05:00,23750,PE,60.26,61.23,60.33,60.48,0,48763,0.1725
2025-08-28 09:05:00,23800,CE,58.68,58.65,58.37,58.43,0,54905,0.1725
2025-08-28 09:05:00,23800,PE,68.58,70.51,69.12,69.8,0,52513,0.1725
2025-08-28 09:05:00,23850,CE,59.01,59.12,57.68,58.32,0,46602,0.1725
2025-08-28 09:05:00,23850,PE,117.32,115.84,115.3,115.82,0,47531,0.1725
2025-08-28 09:05:00,23900,CE,54.52,55.0,53.98,54.22,0,43769,0.1725
2025-08-28 09:05:00,23900,PE,165.18,172.23,166.32,166.68,0,42331,0.1725
2025-08-28 09:05:00,23950,CE,57.5,57.12,56.41,56.8,0,41339,0.1725
2025-08-28 09:05:00,23950,PE,215.31,219.58,211.92,215.7,0,41051,0.1725
2025-08-28 09:05:00,24000,CE,57.21,57.96,57.13,57.13,0,38248,0.1725
2025-08-28 09:05:00,24000,PE,267.37,273.54,266.36,267.92,0,36037,0.1725
2025-08-28 09:05:00,24050,CE,56.69,57.78,56.13,56.51,0,33420,0.1725
2025-08-28 09:05:00,24050,PE,320.22,326.0,317.47,320.61,0,33973,0.1725
2025-08-28 09:05:00,24100,CE,56.07,56.94,55.49,56.25,0,33174,0.1725
2025-08-28 09:05:00,24100,PE,364.28,376.7,365.43,368.18,0,31540,0.1725
2025-08-28 09:05:00,24150,CE,60.58,62.17,60.35,60.91,0,29059,0.1725
2025-08-28 09:05:00,24150,PE,413.64,420.42,413.95,419.21,0,30144,0.1725
2025-08-28 09:05:00,24200,CE,59.88,60.84,59.14,59.98,0,26251,0.1725
2025-08-28 09:05:00,24200,PE,468.41,481.3,457.71,468.45,0,29710,0.1725
2025-08-28 09:05:00,24250,CE,59.82,60.58,59.23,60.38,0,26894,0.1725
2025-08-28 09:05:00,24250,PE,513.66,517.39,512.54,513.62,0,25914,0.1725
2025-08-28 09:05:00,24300,CE,58.56,59.77,58.3,58.84,0,23091,0.1725
2025-08-28 09:05:00,24300,PE,568.6,572.24,565.06,567.31,0,24020,0.1725
2025-08-28 09:05:00,24350,CE,56.64,57.6,56.99,57.15,0,23756,0.1725
2025-08-28 09:05:00,24350,PE,622.82,622.58,621.21,621.4,0,25360,0.1725
2025-08-28 09:05:00,24400,CE,57.32,58.67,57.54,57.7,0,22269,0.1725
2025-08-28 09:05:00,24400,PE,659.57,665.68,664.89,665.67,0,24311,0.1725
2025-08-28 09:05:00,24450,CE,60.79,60.98,60.42,60.46,0,21355,0.1725
2025-08-28 09:05:00,24450,PE,716.81,717.38,716.52,716.7,0,22407,0.1725
2025-08-28 09:05:00,24500,CE,58.85,59.74,59.3,59.55,0,18732,0.1725
2025-08-28 09:05:00,24500,PE,771.06,775.12,758.23,769.18,0,21530,0.1725
2025-08-28 09:05:00,24550,CE,57.62,56.93,56.49,56.85,0,18443,0.1725
2025-08-28 09:05:00,24550,PE,833.2,854.69,818.63,824.09,0,19104,0.1725
2025-08-28 09:05:00,24600,CE,58.29,58.98,58.07,58.83,0,17975,0.1725
2025-08-28 09:05:00,24600,PE,873.52,874.39,861.3,869.03,0,18837,0.1725
2025-08-28 09:05:00,24650,CE,57.63,59.11,57.14,57.93,0,18407,0.1725
2025-08-28 09:05:00,24650,PE,931.45,924.19,912.27,923.19,0,17357,0.1725
2025-08-28 09:05:00,24700,CE,57.59,58.66,57.26,58.12,0,15502,0.1725
2025-08-28 09:05:00,24700,PE,970.61,991.39,966.19,971.81,0,17748,0.1725
2025-08-28 09:05:00,24750,CE,57.72,58.63,57.47,57.99,0,16326,0.1725
2025-08-28 09:05:00,24750,PE,1038.46,1025.22,1014.01,1019.24,0,17948,0.1725
2025-08-28 09:05:00,24800,CE,57.45,58.17,57.65,58.05,0,16843,0.1725
2025-08-28 09:05:00,24800,PE,1060.41,1087.38,1054.76,1065.01,0,15559,0.1725
2025-08-28 09:05:00,24850,CE,58.45,59.23,58.6,59.04,0,13726,0.1725
2025-08-28 09:05:00,24850,PE,1118.77,1116.81,1112.36,1114.71,0,15659,0.1725
2025-08-28 09:05:00,24900,CE,55.79,57.1,56.34,56.39,0,16190,0.1725
2025-08-28 09:05:00,24900,PE,1153.11,1196.12,1165.53,1169.06,0,16109,0.1725
2025-08-28 09:10:00,23500,CE,353.62,355.05,345.9,351.44,0,31768,0.1725
2025-08-28 09:10:00,23500,PE,54.84,55.68,54.46,55.43,0,31264,0.1725
2025-08-28 09:10:00,23550,CE,304.01,307.97,301.43,301.74,0,33192,0.1725
2025-08-28 09:10:00,23550,PE,54.45,55.88,54.48,54.54,0,35339,0.1725
2025-08-28 09:10:00,23600,CE,247.6,249.97,247.71,247.81,0,36824,0.1725
2025-08-28 09:10:00,23600,PE,59.21,59.64,58.99,59.24,0,38877,0.1725
2025-08-28 09:10:00,23650,CE,198.42,200.17,196.9,198.11,0,41555,0.1725
2025-08-28 09:10:00,23650,PE,64.46,65.63,63.63,64.31,0,39375,0.1725
2025-08-28 09:10:00,23700,CE,150.5,153.06,149.51,150.82,0,45994,0.1725
2025-08-28 09:10:00,23700,PE,56.36,57.02,55.23,56.24,0,44244,0.1725
2025-08-28 09:10:00,23750,CE,100.74,100.73,100.52,100.64,0,51670,0.1725
2025-08-28 09:10:00,23750,PE,56.68,56.62,55.39,56.14,0,48283,0.1725
2025-08-28 09:10:00,23800,CE,56.87,57.69,56.94,57.1,0,53176,0.1725
2025-08-28 09:10:00,23800,PE,71.01,71.66,69.73,70.11,0,51735,0.1725
2025-08-28 09:10:00,23850,CE,57.94,58.02,57.07,57.73,0,48608,0.1725
2025-08-28 09:10:00,23850,PE,116.18,115.55,115.28,115.32,0,47986,0.1725
2025-08-28 09:10:00,23900,CE,55.19,55.07,54.57,55.02,0,43644,0.1725
2025-08-28 09:10:00,23900,PE,166.47,169.69,165.52,166.81,0,44314,0.1725
2025-08-28 09:10:00,23950,CE,52.84,52.53,51.86,52.44,0,41322,0.1725
2025-08-28 09:10:00,23950,PE,211.8,218.07,212.45,214.43,0,39271,0.1725
2025-08-28 09:10:00,24000,CE,55.6,56.21,55.55,55.79,0,36850,0.1725
2025-08-28 09:10:00,24000,PE,266.89,266.86,264.15,265.92,0,37053,0.1725
2025-08-28 09:10:00,24050,CE,57.09,57.21,56.7,57.12,0,35391,0.1725
2025-08-28 09:10:00,24050,PE,320.45,321.99,319.53,319.92,0,32631,0.1725
2025-08-28 09:10:00,24100,CE,58.39,58.59,57.59,58.29,0,31630,0.1725
2025-08-28 09:10:00,24100,PE,368.91,371.4,370.21,370.42,0,32881,0.1725
2025-08-28 09:10:00,24150,CE,56.06,57.52,55.76,56.44,0,28631,0.1725
2025-08-28 09:10:00,24150,PE,420.52,424.89,418.4,421.43,0,28956,0.1725
2025-08-28 09:10:00,24200,CE,61.04,62.9,60.81,61.28,0,27517,0.1725
2025-08-28 09:10:00,24200,PE,465.47,464.01,460.33,463.32,0,28549,0.1725
2025-08-28 09:10:00,24250,CE,58.44,58.99,57.59,58.57,0,26822,0.1725
2025-08-28 09:10:00,24250,PE,510.75,519.91,507.13,515.46,0,24659,0.1725
2025-08-28 09:10:00,24300,CE,57.26,57.38,56.75,56.97,0,23553,0.1725
2025-08-28 09:10:00,24300,PE,564.6,567.81,561.54,567.1,0,26002,0.1725
2025-08-28 09:10:00,24350,CE,59.5,60.51,59.77,59.98,0,24158,0.1725
2025-08-28 09:10:00,24350,PE,608.44,620.28,612.0,616.06,0,23536,0.1725
2025-08-28 09:10:00,24400,CE,56.79,57.53,57.21,57.42,0,22002,0.1725
2025-08-28 09:10:00,24400,PE,668.04,669.65,663.78,667.34,0,24202,0.1725
2025-08-28 09:10:00,24450,CE,56.04,55.77,54.95,55.46,0,22813,0.1725
2025-08-28 09:10:00,24450,PE,716.71,716.74,710.34,713.95,0,20905,0.1725
2025-08-28 09:10:00,24500,CE,54.74,54.8,54.04,54.47,0,19746,0.1725
2025-08-28 09:10:00,24500,PE,773.03,766.49,763.21,763.33,0,21831,0.1725
2025-08-28 09:10:00,24550,CE,58.56,58.62,57.41,58.54,0,18858,0.1725
2025-08-28 09:10:00,24550,PE,817.66,821.87,816.26,820.51,0,19123,0.1725
2025-08-28 09:10:00,24600,CE,59.13,60.7,57.91,59.21,0,20349,0.1725
2025-08-28 09:10:00,24600,PE,868.43,877.54,862.21,868.88,0,17113,0.1725
2025-08-28 09:10:00,24650,CE,56.97,57.72,56.7,57.16,0,18763,0.1725
2025-08-28 09:10:00,24650,PE,912.65,921.11,912.41,917.52,0,18700,0.1725
2025-08-28 09:10:00,24700,CE,59.04,58.9,57.84,58.26,0,16789,0.1725
2025-08-28 09:10:00,24700,PE,967.51,990.65,965.14,969.81,0,16004,0.1725
2025-08-28 09:10:00,24750,CE,61.23,62.5,60.75,61.09,0,18090,0.1725
2025-08-28 09:10:00,24750,PE,1016.68,1034.83,1007.22,1017.67,0,17845,0.1725
2025-08-28 09:10:00,24800,CE,51.64,51.85,51.58,51.6,0,17496,0.1725
2025-08-28 09:10:00,24800,PE,1078.24,1088.88,1061.68,1069.23,0,15402,0.1725
2025-08-28 09:10:00,24850,CE,54.65,56.38,55.21,55.46,0,17370,0.1725
2025-08-28 09:10:00,24850,PE,1091.82,1125.18,1100.87,1118.0,0,16544,0.1725
2025-08-28 09:10:00,24900,CE,60.41,60.75,60.16,60.69,0,13969,0.1725
2025-08-28 09:10:00,24900,PE,1155.58,1178.39,1156.02,1167.07,0,14935,0.1725
2025-08-28 09:15:00,23500,CE,359.82,369.08,359.89,360.17,279,45863,0.154
2025-08-28 09:15:00,23500,PE,51.81,52.84,51.91,52.16,172,47048,0.154
2025-08-28 09:15:00,23550,CE,304.94,312.19,308.34,308.55,437,50342,0.154
2025-08-28 09:15:00,23550,PE,53.29,53.7,52.47,52.85,604,50337,0.154
2025-08-28 09:15:00,23600,CE,258.29,264.46,254.98,258.95,786,54671,0.154
2025-08-28 09:15:00,23600,PE,52.8,54.78,53.14,53.26,538,54229,0.154
2025-08-28 09:15:00,23650,CE,206.75,210.04,204.73,207.08,731,60775,0.154
2025-08-28 09:15:00,23650,PE,50.78,50.86,50.5,50.63,555,57732,0.154
2025-08-28 09:15:00,23700,CE,158.44,160.28,158.75,159.35,342,63357,0.154
2025-08-28 09:15:00,23700,PE,51.75,53.08,52.22,52.36,789,66678,0.154
2025-08-28 09:15:00,23750,CE,110.23,111.25,110.13,110.86,488,73367,0.154
2025-08-28 09:15:00,23750,PE,48.66,50.3,49.13,49.15,569,75532,0.154
2025-08-28 09:15:00,23800,CE,61.84,64.06,61.63,61.91,1587,85934,0.154
2025-08-28 09:15:00,23800,PE,49.25,50.36,49.15,49.52,1510,85346,0.154
2025-08-28 09:15:00,23850,CE,54.11,53.98,53.16,53.85,882,76335,0.154
2025-08-28 09:15:00,23850,PE,94.05,96.01,93.98,94.41,489,77574,0.154
2025-08-28 09:15:00,23900,CE,54.18,55.22,53.76,54.38,447,66589,0.154
2025-08-28 09:15:00,23900,PE,140.76,142.47,139.49,141.57,1279,64672,0.154
2025-08-28 09:15:00,23950,CE,50.53,50.8,50.54,50.61,158,62497,0.154
2025-08-28 09:15:00,23950,PE,190.74,192.8,191.38,192.48,821,62503,0.154
2025-08-28 09:15:00,24000,CE,54.17,55.43,53.76,54.41,506,52326,0.154
2025-08-28 09:15:00,24000,PE,241.93,246.8,242.18,245.4,328,57459,0.154
2025-08-28 09:15:00,24050,CE,51.08,51.27,49.97,50.61,645,52953,0.154
2025-08-28 09:15:00,24050,PE,293.16,293.7,288.24,292.29,24,49588,0.154
2025-08-28 09:15:00,24100,CE,50.93,50.56,49.85,50.4,607,43865,0.154
2025-08-28 09:15:00,24100,PE,348.5,348.55,346.07,346.62,402,49018,0.154
2025-08-28 09:15:00,24150,CE,55.76,55.46,53.14,54.45,141,40841,0.154
2025-08-28 09:15:00,24150,PE,389.23,391.5,387.79,388.67,518,41811,0.154
2025-08-28 09:15:00,24200,CE,50.9,51.7,51.16,51.19,147,40775,0.154
2025-08-28 09:15:00,24200,PE,444.61,452.41,438.59,444.27,457,42419,0.154
2025-08-28 09:15:00,24250,CE,49.73,49.99,49.83,49.86,82,39675,0.154
2025-08-28 09:15:00,24250,PE,494.53,499.47,489.57,497.69,469,39072,0.154
2025-08-28 09:15:00,24300,CE,51.83,53.32,51.99,52.31,163,37721,0.154
2025-08-28 09:15:00,24300,PE,548.81,546.71,530.88,540.93,89,36861,0.154
2025-08-28 09:15:00,24350,CE,51.22,51.73,51.15,51.52,90,34587,0.154
2025-08-28 09:15:00,24350,PE,594.57,599.35,590.88,593.09,280,31767,0.154
2025-08-28 09:15:00,24400,CE,50.82,50.72,50.33,50.46,119,31621,0.154
2025-08-28 09:15:00,24400,PE,644.08,656.84,646.94,647.88,216,31690,0.154
2025-08-28 09:15:00,24450,CE,52.63,52.8,51.17,52.11,240,27492,0.154
2025-08-28 09:15:00,24450,PE,693.35,700.01,688.75,691.86,238,29815,0.154
2025-08-28 09:15:00,24500,CE,52.21,53.57,52.75,53.11,206,27296,0.154
2025-08-28 09:15:00,24500,PE,743.73,759.99,740.32,745.51,105,26472,0.154
2025-08-28 09:15:00,24550,CE,54.0,55.16,53.5,54.16,309,27895,0.154
2025-08-28 09:15:00,24550,PE,793.42,803.53,781.38,790.06,399,26040,0.154
2025-08-28 09:15:00,24600,CE,51.26,51.43,50.53,51.04,194,24558,0.154
2025-08-28 09:15:00,24600,PE,848.41,856.48,840.41,844.22,439,28136,0.154
2025-08-28 09:15:00,24650,CE,50.41,51.2,50.83,50.87,72,27175,0.154
2025-08-28 09:15:00,24650,PE,898.03,894.9,891.63,892.62,412,26280,0.154
2025-08-28 09:15:00,24700,CE,53.59,52.46,51.75,52.21,423,22439,0.154
2025-08-28 09:15:00,24700,PE,947.41,966.21,929.42,942.96,128,25097,0.154
2025-08-28 09:15:00,24750,CE,51.16,51.82,51.3,51.46,223,24645,0.154
2025-08-28 09:15:00,24750,PE,991.43,1013.98,996.75,997.5,395,21765,0.154
2025-08-28 09:15:00,24800,CE,52.82,54.42,52.48,53.23,344,20297,0.154
2025-08-28 09:15:00,24800,PE,1033.49,1071.78,1029.15,1038.36,184,22101,0.154
2025-08-28 09:15:00,24850,CE,51.34,52.11,51.71,51.83,306,21241,0.154
2025-08-28 09:15:00,24850,PE,1080.35,1103.96,1090.84,1093.14,315,19615,0.154
2025-08-28 09:15:00,24900,CE,52.25,51.83,51.37,51.69,362,19097,0.154
2025-08-28 09:15:00,24900,PE,1148.01,1146.6,1139.64,1141.36,218,20944,0.154
2025-08-28 09:20:00,23500,CE,308.17,313.86,300.69,305.18,99,45895,0.154
2025-08-28 09:20:00,23500,PE,49.75,50.58,49.27,49.53,826,47093,0.154
2025-08-28 09:20:00,23550,CE,249.23,252.79,251.49,252.05,737,50920,0.154
2025-08-28 09:20:00,23550,PE,49.43,49.67,48.79,49.18,327,49784,0.154
2025-08-28 09:20:00,23600,CE,200.35,209.6,200.18,202.34,807,55014,0.154
2025-08-28 09:20:00,23600,PE,50.55,51.02,50.47,50.96,182,54051,0.154
2025-08-28 09:20:00,23650,CE,151.44,151.63,149.39,151.5,485,61078,0.154
2025-08-28 09:20:00,23650,PE,51.97,52.33,51.73,52.08,1156,58014,0.154
2025-08-28 09:20:00,23700,CE,103.73,105.29,105.13,105.28,466,63500,0.154
2025-08-28 09:20:00,23700,PE,51.69,52.56,52.0,52.17,426,66835,0.154
2025-08-28 09:20:00,23750,CE,53.24,55.1,53.31,53.76,1727,73563,0.154
2025-08-28 09:20:00,23750,PE,52.94,53.89,53.0,53.19,1410,75829,0.154
2025-08-28 09:20:00,23800,CE,50.21,50.32,49.66,49.93,743,85491,0.154
2025-08-28 09:20:00,23800,PE,98.19,99.35,98.16,98.69,1496,85179,0.154
2025-08-28 09:20:00,23850,CE,51.87,51.72,51.59,51.61,1181,76745,0.154
2025-08-28 09:20:00,23850,PE,146.12,148.96,144.5,146.78,916,77631,0.154
2025-08-28 09:20:00,23900,CE,51.59,51.67,50.77,51.4,335,66153,0.154
2025-08-28 09:20:00,23900,PE,200.57,198.94,196.62,198.71,1026,65225,0.154
2025-08-28 09:20:00,23950,CE,53.92,54.17,53.81,53.99,712,63082,0.154
2025-08-28 09:20:00,23950,PE,253.11,253.56,248.75,250.95,240,62518,0.154
2025-08-28 09:20:00,24000,CE,51.47,51.92,51.72,51.9,179,52365,0.154
2025-08-28 09:20:00,24000,PE,302.62,300.15,299.74,299.96,848,57209,0.154
2025-08-28 09:20:00,24050,CE,52.39,52.28,52.09,52.19,373,52972,0.154
2025-08-28 09:20:00,24050,PE,347.07,350.54,346.34,348.91,409,50150,0.154
2025-08-28 09:20:00,24100,CE,46.9,48.38,46.7,47.29,347,43570,0.154
2025-08-28 09:20:00,24100,PE,392.12,407.48,392.66,397.23,270,48783,0.154
2025-08-28 09:20:00,24150,CE,54.42,55.12,54.22,54.32,241,41318,0.154
2025-08-28 09:20:00,24150,PE,451.63,451.67,445.03,449.36,385,41672,0.154
2025-08-28 09:20:00,24200,CE,52.03,52.16,51.11,52.03,107,41342,0.154
2025-08-28 09:20:00,24200,PE,502.67,498.87,495.28,497.63,115,42238,0.154
2025-08-28 09:20:00,24250,CE,53.97,55.08,54.53,54.61,453,39080,0.154
2025-08-28 09:20:00,24250,PE,555.16,552.87,543.87,549.44,210,39616,0.154
2025-08-28 09:20:00,24300,CE,52.24,52.89,52.53,52.58,24,37405,0.154
2025-08-28 09:20:00,24300,PE,601.71,599.03,596.56,597.09,61,37093,0.154
2025-08-28 09:20:00,24350,CE,52.74,53.27,51.65,51.85,15,34043,0.154
2025-08-28 09:20:00,24350,PE,647.57,662.99,642.0,649.7,274,32064,0.154
2025-08-28 09:20:00,24400,CE,52.67,53.02,52.25,52.59,489,31285,0.154
2025-08-28 09:20:00,24400,PE,694.56,706.36,696.97,697.7,312,32050,0.154
2025-08-28 09:20:00,24450,CE,53.11,53.17,51.94,52.25,375,28051,0.154
2025-08-28 09:20:00,24450,PE,757.32,754.92,743.42,751.55,46,29269,0.154
2025-08-28 09:20:00,24500,CE,56.15,56.19,55.2,55.97,336,27137,0.154
2025-08-28 09:20:00,24500,PE,805.21,803.49,800.23,800.35,361,26730,0.154
2025-08-28 09:20:00,24550,CE,55.14,54.85,53.97,54.61,209,28490,0.154
2025-08-28 09:20:00,24550,PE,846.49,858.19,846.73,848.33,410,25875,0.154
2025-08-28 09:20:00,24600,CE,52.62,53.03,51.96,52.76,9,25151,0.154
2025-08-28 09:20:00,24600,PE,892.95,915.87,876.48,894.08,429,28615,0.154
2025-08-28 09:20:00,24650,CE,49.85,50.42,49.57,49.99,30,27438,0.154
2025-08-28 09:20:00,24650,PE,940.03,952.5,930.06,945.17,408,26138,0.154
2025-08-28 09:20:00,24700,CE,53.94,53.12,52.92,53.06,309,22483,0.154
2025-08-28 09:20:00,24700,PE,988.8,1008.07,990.16,1000.02,192,25361,0.154
2025-08-28 09:20:00,24750,CE,53.35,53.91,53.25,53.43,230,24867,0.154
2025-08-28 09:20:00,24750,PE,1055.33,1050.25,1044.73,1048.68,92,21511,0.154
2025-08-28 09:20:00,24800,CE,51.56,51.5,50.74,51.08,243,20365,0.154
2025-08-28 09:20:00,24800,PE,1105.05,1103.23,1095.07,1102.17,148,22503,0.154
2025-08-28 09:20:00,24850,CE,52.5,52.02,51.82,52.01,127,21211,0.154
2025-08-28 09:20:00,24850,PE,1153.71,1165.51,1146.59,1149.12,118,19694,0.154
2025-08-28 09:20:00,24900,CE,49.68,50.63,49.41,49.72,199,18890,0.154
2025-08-28 09:20:00,24900,PE,1193.59,1208.96,1197.88,1198.77,272,20536,0.154
2025-08-28 09:25:00,23500,CE,280.62,285.16,283.74,284.4,756,45374,0.154
2025-08-28 09:25:00,23500,PE,50.62,50.67,50.38,50.56,256,46980,0.154
2025-08-28 09:25:00,23550,CE,227.77,232.69,224.38,230.85,468,51078,0.154
2025-08-28 09:25:00,23550,PE,51.8,53.3,52.4,52.53,1017,50096,0.154
2025-08-28 09:25:00,23600,CE,181.65,184.87,183.13,184.19,670,54514,0.154
2025-08-28 09:25:00,23600,PE,51.55,51.31,50.02,51.03,1205,53833,0.154
2025-08-28 09:25:00,23650,CE,132.72,136.52,131.19,132.64,865,61447,0.154
2025-08-28 09:25:00,23650,PE,48.02,48.15,47.77,47.88,973,57548,0.154
2025-08-28 09:25:00,23700,CE,82.72,83.54,82.07,82.43,435,64091,0.154
2025-08-28 09:25:00,23700,PE,48.04,48.59,47.74,48.12,1237,66994,0.154
2025-08-28 09:25:00,23750,CE,49.62,49.67,49.41,49.64,774,74091,0.154
2025-08-28 09:25:00,23750,PE,66.47,66.94,65.96,66.34,1243,76105,0.154
2025-08-28 09:25:00,23800,CE,50.3,51.24,50.52,51.08,1333,86047,0.154
2025-08-28 09:25:00,23800,PE,120.61,119.57,118.83,119.47,1252,85377,0.154
2025-08-28 09:25:00,23850,CE,50.19,51.32,49.69,50.3,306,76466,0.154
2025-08-28 09:25:00,23850,PE,166.7,165.78,162.2,165.59,212,77991,0.154
2025-08-28 09:25:00,23900,CE,49.94,50.94,50.58,50.71,389,65824,0.154
2025-08-28 09:25:00,23900,PE,216.58,216.01,213.1,214.25,822,65303,0.154
2025-08-28 09:25:00,23950,CE,51.36,53.13,51.95,51.98,261,62929,0.154
2025-08-28 09:25:00,23950,PE,268.98,273.46,269.01,270.36,495,62876,0.154
2025-08-28 09:25:00,24000,CE,46.84,46.99,46.75,46.98,20,52676,0.154
2025-08-28 09:25:00,24000,PE,318.15,324.59,317.84,319.09,86,57645,0.154
2025-08-28 09:25:00,24050,CE,56.04,56.67,56.0,56.22,111,52668,0.154
2025-08-28 09:25:00,24050,PE,367.94,370.28,361.28,367.35,319,50747,0.154
2025-08-28 09:25:00,24100,CE,50.24,51.11,49.64,50.31,316,43936,0.154
2025-08-28 09:25:00,24100,PE,416.13,419.56,413.83,415.47,208,48647,0.154
2025-08-28 09:25:00,24150,CE,54.56,55.53,53.94,54.37,378,40871,0.154
2025-08-28 09:25:00,24150,PE,467.52,469.69,463.28,469.24,33,41491,0.154
2025-08-28 09:25:00,24200,CE,51.34,51.96,49.66,50.48,530,40869,0.154
2025-08-28 09:25:00,24200,PE,516.96,516.31,513.32,514.65,551,42376,0.154
2025-08-28 09:25:00,24250,CE,48.34,49.51,48.64,48.64,180,38615,0.154
2025-08-28 09:25:00,24250,PE,567.9,571.33,560.4,568.39,351,39532,0.154
2025-08-28 09:25:00,24300,CE,48.98,49.23,47.76,48.38,73,37606,0.154
2025-08-28 09:25:00,24300,PE,622.58,618.65,612.89,616.82,497,37036,0.154
2025-08-28 09:25:00,24350,CE,49.8,50.2,49.28,49.57,257,34500,0.154
2025-08-28 09:25:00,24350,PE,667.76,670.57,662.75,665.95,222,31753,0.154
2025-08-28 09:25:00,24400,CE,51.96,52.5,51.92,51.99,449,31313,0.154
2025-08-28 09:25:00,24400,PE,722.29,734.33,715.32,718.27,497,32545,0.154
2025-08-28 09:25:00,24450,CE,49.63,50.49,49.85,50.14,409,27874,0.154
2025-08-28 09:25:00,24450,PE,773.14,772.91,760.54,769.41,363,29236,0.154
2025-08-28 09:25:00,24500,CE,50.57,50.5,49.85,50.17,367,27656,0.154
2025-08-28 09:25:00,24500,PE,822.17,827.99,802.95,819.16,352,26729,0.154
2025-08-28 09:25:00,24550,CE,55.68,55.65,54.8,55.51,453,28927,0.154
2025-08-28 09:25:00,24550,PE,868.7,871.24,863.72,866.6,117,26403,0.154
2025-08-28 09:25:00,24600,CE,51.46,51.86,51.12,51.26,213,24858,0.154
2025-08-28 09:25:00,24600,PE,920.35,917.5,909.89,916.34,133,28958,0.154
2025-08-28 09:25:00,24650,CE,50.44,50.42,49.77,50.05,165,27622,0.154
2025-08-28 09:25:00,24650,PE,978.54,972.06,955.48,966.41,190,26722,0.154
2025-08-28 09:25:00,24700,CE,51.43,51.57,51.04,51.33,60,22585,0.154
2025-08-28 09:25:00,24700,PE,1013.52,1024.24,1000.61,1019.96,147,25712,0.154
2025-08-28 09:25:00,24750,CE,48.88,51.23,49.7,49.75,364,24681,0.154
2025-08-28 09:25:00,24750,PE,1077.96,1087.65,1062.92,1070.01,351,21638,0.154
2025-08-28 09:25:00,24800,CE,52.54,52.96,52.47,52.59,26,20699,0.154
2025-08-28 09:25:00,24800,PE,1134.87,1125.55,1110.4,1115.16,207,23063,0.154
2025-08-28 09:25:00,24850,CE,53.36,52.77,52.58,52.68,167,20913,0.154
2025-08-28 09:25:00,24850,PE,1173.18,1189.64,1161.22,1172.8,66,19188,0.154
2025-08-28 09:25:00,24900,CE,50.44,50.74,50.42,50.72,245,19461,0.154
2025-08-28 09:25:00,24900,PE,1238.04,1221.97,1207.26,1217.99,226,20659,0.154
2025-08-28 09:30:00,23500,CE,271.08,273.49,267.99,271.49,44,44794,0.154
2025-08-28 09:30:00,23500,PE,52.11,53.92,51.96,52.41,508,47003,0.154
2025-08-28 09:30:00,23550,CE,223.26,226.31,221.95,223.86,485,51601,0.154
2025-08-28 09:30:00,23550,PE,54.46,54.9,54.02,54.76,380,50677,0.154
2025-08-28 09:30:00,23600,CE,173.79,178.69,171.67,174.94,345,54304,0.154
2025-08-28 09:30:00,23600,PE,51.15,52.0,50.65,50.88,389,54171,0.154
2025-08-28 09:30:00,23650,CE,125.95,126.28,125.23,125.42,490,61397,0.154
2025-08-28 09:30:00,23650,PE,51.92,52.88,51.93,52.2,180,57425,0.154
2025-08-28 09:30:00,23700,CE,74.79,73.73,73.56,73.72,356,64400,0.154
2025-08-28 09:30:00,23700,PE,53.73,54.5,53.91,54.0,1366,66717,0.154
2025-08-28 09:30:00,23750,CE,51.32,51.66,50.0,50.79,1607,74002,0.154
2025-08-28 09:30:00,23750,PE,78.26,78.38,77.24,78.11,1362,75800,0.154
2025-08-28 09:30:00,23800,CE,48.88,49.77,48.3,48.66,1205,85618,0.154
2025-08-28 09:30:00,23800,PE,128.24,130.78,128.7,129.43,521,85232,0.154
2025-08-28 09:30:00,23850,CE,48.64,48.91,48.39,48.75,244,77017,0.154
2025-08-28 09:30:00,23850,PE,177.14,180.77,177.56,178.07,375,77893,0.154
2025-08-28 09:30:00,23900,CE,54.28,55.66,53.91,54.46,35,66043,0.154
2025-08-28 09:30:00,23900,PE,232.45,236.18,233.7,233.72,210,65045,0.154
2025-08-28 09:30:00,23950,CE,52.65,53.5,52.31,52.35,905,63367,0.154
2025-08-28 09:30:00,23950,PE,282.19,280.93,280.44,280.89,127,63025,0.154
2025-08-28 09:30:00,24000,CE,52.14,52.5,51.62,52.1,674,53216,0.154
2025-08-28 09:30:00,24000,PE,332.22,343.71,332.01,332.63,227,57436,0.154
2025-08-28 09:30:00,24050,CE,51.92,51.73,51.1,51.64,205,52713,0.154
2025-08-28 09:30:00,24050,PE,382.31,388.16,381.91,382.21,501,50376,0.154
2025-08-28 09:30:00,24100,CE,53.04,52.87,52.41,52.66,29,43499,0.154
2025-08-28 09:30:00,24100,PE,433.29,440.35,427.06,432.56,168,48749,0.154
2025-08-28 09:30:00,24150,CE,50.99,51.22,50.28,50.37,150,41235,0.154
2025-08-28 09:30:00,24150,PE,484.75,483.81,479.23,479.54,458,41130,0.154
2025-08-28 09:30:00,24200,CE,52.18,53.62,52.24,52.61,654,41112,0.154
2025-08-28 09:30:00,24200,PE,530.71,534.23,524.52,529.95,575,42581,0.154
2025-08-28 09:30:00,24250,CE,50.35,50.78,49.56,49.99,412,38594,0.154
2025-08-28 09:30:00,24250,PE,581.75,584.18,576.06,578.9,409,39852,0.154
2025-08-28 09:30:00,24300,CE,48.84,49.15,48.18,48.78,575,37718,0.154
2025-08-28 09:30:00,24300,PE,627.4,632.53,627.64,629.52,442,37571,0.154
2025-08-28 09:30:00,24350,CE,51.09,50.98,50.06,50.66,339,34816,0.154
2025-08-28 09:30:00,24350,PE,677.47,685.43,675.46,680.95,111,32216,0.154
2025-08-28 09:30:00,24400,CE,53.55,52.84,51.93,52.51,511,31146,0.154
2025-08-28 09:30:00,24400,PE,731.27,727.98,723.24,727.01,464,32918,0.154
2025-08-28 09:30:00,24450,CE,48.95,50.43,48.88,49.32,121,28464,0.154
2025-08-28 09:30:00,24450,PE,778.37,791.72,767.07,779.68,293,28832,0.154
2025-08-28 09:30:00,24500,CE,53.76,53.28,52.68,53.15,58,27669,0.154
2025-08-28 09:30:00,24500,PE,829.35,833.59,822.51,827.66,249,27163,0.154
2025-08-28 09:30:00,24550,CE,51.4,52.11,51.23,51.77,234,28802,0.154
2025-08-28 09:30:00,24550,PE,884.31,888.38,870.36,879.11,148,26412,0.154
2025-08-28 09:30:00,24600,CE,51.26,52.01,50.81,51.47,120,25155,0.154
2025-08-28 09:30:00,24600,PE,930.34,947.49,919.93,932.11,64,29347,0.154
2025-08-28 09:30:00,24650,CE,48.72,48.96,48.82,48.87,94,27261,0.154
2025-08-28 09:30:00,24650,PE,975.35,989.01,975.51,981.56,403,26591,0.154
2025-08-28 09:30:00,24700,CE,46.85,47.57,46.48,46.75,272,22458,0.154
2025-08-28 09:30:00,24700,PE,1044.18,1040.27,1025.84,1031.4,390,25295,0.154
2025-08-28 09:30:00,24750,CE,49.38,50.25,49.36,49.47,181,24190,0.154
2025-08-28 09:30:00,24750,PE,1085.22,1084.81,1071.29,1082.47,221,21931,0.154
2025-08-28 09:30:00,24800,CE,48.57,48.51,48.37,48.49,175,21121,0.154
2025-08-28 09:30:00,24800,PE,1123.07,1133.78,1128.65,1130.87,284,23605,0.154
2025-08-28 09:30:00,24850,CE,51.72,51.54,51.06,51.54,353,21460,0.154
2025-08-28 09:30:00,24850,PE,1164.56,1203.22,1172.88,1180.22,157,19781,0.154
2025-08-28 09:30:00,24900,CE,46.97,47.26,46.88,47.07,228,18960,0.154
2025-08-28 09:30:00,24900,PE,1226.98,1245.47,1230.85,1231.96,33,20535,0.154
2025-08-28 09:35:00,23500,CE,320.62,324.73,314.54,320.04,515,44292,0.154
2025-08-28 09:35:00,23500,PE,51.59,52.77,50.56,51.31,533,47216,0.154
2025-08-28 09:35:00,23550,CE,271.32,272.88,267.37,269.31,702,52167,0.154
2025-08-28 09:35:00,23550,PE,50.75,50.97,50.8,50.96,376,50121,0.154
2025-08-28 09:35:00,23600,CE,216.75,218.2,214.28,217.65,1072,54335,0.154
2025-08-28 09:35:00,23600,PE,51.71,52.47,52.02,52.05,712,54210,0.154
2025-08-28 09:35:00,23650,CE,168.39,168.89,165.0,166.87,623,60992,0.154
2025-08-28 09:35:00,23650,PE,50.97,52.43,50.98,51.39,719,57825,0.154
2025-08-28 09:35:00,23700,CE,118.39,119.19,117.13,117.87,184,64273,0.154
2025-08-28 09:35:00,23700,PE,53.51,53.1,52.82,52.83,1350,66621,0.154
2025-08-28 09:35:00,23750,CE,73.09,73.1,71.79,72.82,295,74556,0.154
2025-08-28 09:35:00,23750,PE,48.74,49.21,48.31,48.49,254,75496,0.154
2025-08-28 09:35:00,23800,CE,48.69,49.2,48.46,48.9,767,85480,0.154
2025-08-28 09:35:00,23800,PE,84.85,85.77,84.31,84.99,689,85556,0.154
2025-08-28 09:35:00,23850,CE,48.07,48.98,48.68,48.69,785,76992,0.154
2025-08-28 09:35:00,23850,PE,135.45,134.54,134.11,134.5,986,78017,0.154
2025-08-28 09:35:00,23900,CE,53.09,52.54,52.2,52.45,775,66016,0.154
2025-08-28 09:35:00,23900,PE,181.24,184.83,180.64,181.76,686,64784,0.154
2025-08-28 09:35:00,23950,CE,49.72,49.42,48.82,49.13,461,62962,0.154
2025-08-28 09:35:00,23950,PE,230.57,231.61,229.34,230.92,105,63445,0.154
2025-08-28 09:35:00,24000,CE,49.74,49.5,49.0,49.36,795,52946,0.154
2025-08-28 09:35:00,24000,PE,284.08,283.64,274.72,280.09,461,58032,0.154
2025-08-28 09:35:00,24050,CE,49.02,49.35,49.27,49.31,481,52125,0.154
2025-08-28 09:35:00,24050,PE,337.56,337.51,332.61,335.15,522,50834,0.154
2025-08-28 09:35:00,24100,CE,50.82,51.52,50.71,51.13,199,44035,0.154
2025-08-28 09:35:00,24100,PE,379.03,391.27,378.68,380.59,629,48219,0.154
2025-08-28 09:35:00,24150,CE,49.93,50.29,49.55,49.79,749,41388,0.154
2025-08-28 09:35:00,24150,PE,435.34,434.4,429.05,432.72,173,41469,0.154
2025-08-28 09:35:00,24200,CE,49.35,50.14,48.89,49.31,581,41250,0.154
2025-08-28 09:35:00,24200,PE,476.93,487.24,476.04,480.1,680,43037,0.154
2025-08-28 09:35:00,24250,CE,50.5,50.14,49.94,50.02,212,38152,0.154
2025-08-28 09:35:00,24250,PE,535.52,542.72,530.29,535.03,534,40390,0.154
2025-08-28 09:35:00,24300,CE,48.3,49.84,48.6,48.63,188,37778,0.154
2025-08-28 09:35:00,24300,PE,586.3,587.37,578.56,581.97,320,37384,0.154
2025-08-28 09:35:00,24350,CE,50.43,50.77,49.69,50.12,317,34846,0.154
2025-08-28 09:35:00,24350,PE,633.81,634.13,622.3,630.44,573,32023,0.154
2025-08-28 09:35:00,24400,CE,54.94,55.29,54.56,55.22,89,31092,0.154
2025-08-28 09:35:00,24400,PE,672.42,682.82,675.12,679.91,85,32505,0.154
2025-08-28 09:35:00,24450,CE,49.95,50.03,49.86,49.97,334,28877,0.154
2025-08-28 09:35:00,24450,PE,730.15,736.72,725.96,733.02,67,28699,0.154
2025-08-28 09:35:00,24500,CE,50.01,50.68,49.91,50.37,97,27629,0.154
2025-08-28 09:35:00,24500,PE,786.54,793.16,781.32,781.36,295,27654,0.154
2025-08-28 09:35:00,24550,CE,51.44,52.82,51.75,51.84,422,29290,0.154
2025-08-28 09:35:00,24550,PE,822.69,840.57,830.63,832.28,203,26757,0.154
2025-08-28 09:35:00,24600,CE,54.96,55.78,54.53,54.85,136,24591,0.154
2025-08-28 09:35:00,24600,PE,885.18,894.08,867.29,882.29,419,29834,0.154
2025-08-28 09:35:00,24650,CE,53.0,53.99,53.33,53.44,83,26887,0.154
2025-08-28 09:35:00,24650,PE,938.37,935.66,925.67,933.76,391,26516,0.154
2025-08-28 09:35:00,24700,CE,49.99,49.77,49.49,49.76,327,22941,0.154
2025-08-28 09:35:00,24700,PE,979.82,1002.53,973.77,981.17,228,24809,0.154
2025-08-28 09:35:00,24750,CE,52.56,54.02,53.09,53.21,240,23749,0.154
2025-08-28 09:35:00,24750,PE,1044.05,1044.36,1029.93,1030.9,275,22022,0.154
2025-08-28 09:35:00,24800,CE,54.9,54.82,53.8,54.8,170,21082,0.154
2025-08-28 09:35:00,24800,PE,1074.22,1098.76,1071.75,1082.92,367,23472,0.154
2025-08-28 09:35:00,24850,CE,48.14,48.18,47.53,47.85,313,21831,0.154
2025-08-28 09:35:00,24850,PE,1118.74,1145.2,1121.36,1132.29,366,20254,0.154
2025-08-28 09:35:00,24900,CE,50.24,51.21,49.81,50.11,222,19549,0.154
2025-08-28 09:35:00,24900,PE,1182.38,1239.23,1179.92,1183.08,250,20082,0.154
2025-08-28 09:40:00,23500,CE,343.25,347.76,343.44,344.34,96,44503,0.154
2025-08-28 09:40:00,23500,PE,50.44,51.03,50.18,50.46,468,47661,0.154
2025-08-28 09:40:00,23550,CE,298.83,308.0,299.9,301.96,521,51855,0.154
2025-08-28 09:40:00,23550,PE,52.48,53.28,52.57,52.69,821,50097,0.154
2025-08-28 09:40:00,23600,CE,250.16,249.33,245.23,248.91,1009,53743,0.154
2025-08-28 09:40:00,23600,PE,53.8,53.32,52.0,52.81,36,53771,0.154
2025-08-28 09:40:00,23650,CE,198.59,198.6,194.17,195.6,1132,60542,0.154
2025-08-28 09:40:00,23650,PE,51.46,52.67,50.9,51.66,847,58074,0.154
2025-08-28 09:40:00,23700,CE,146.24,145.5,144.63,145.18,1182,64419,0.154
2025-08-28 09:40:00,23700,PE,50.44,50.71,49.84,50.07,49,66067,0.154
2025-08-28 09:40:00,23750,CE,94.2,95.7,93.92,94.87,46,74670,0.154
2025-08-28 09:40:00,23750,PE,52.3,53.18,51.8,52.08,680,74977,0.154
2025-08-28 09:40:00,23800,CE,51.65,51.67,50.71,51.4,64,85122,0.154
2025-08-28 09:40:00,23800,PE,53.67,53.09,52.25,52.91,863,86037,0.154
2025-08-28 09:40:00,23850,CE,46.06,46.82,46.31,46.49,1247,76928,0.154
2025-08-28 09:40:00,23850,PE,103.82,105.02,104.53,104.61,448,78354,0.154
2025-08-28 09:40:00,23900,CE,54.2,54.12,52.89,53.69,1225,65793,0.154
2025-08-28 09:40:00,23900,PE,152.7,154.28,151.5,152.01,661,64316,0.154
2025-08-28 09:40:00,23950,CE,51.45,51.57,51.16,51.51,166,63427,0.154
2025-08-28 09:40:00,23950,PE,206.77,209.33,206.14,206.16,276,63041,0.154
2025-08-28 09:40:00,24000,CE,50.47,50.66,49.49,49.91,341,52765,0.154
2025-08-28 09:40:00,24000,PE,255.2,260.66,253.15,254.57,224,58273,0.154
2025-08-28 09:40:00,24050,CE,52.91,52.51,51.99,52.46,545,52235,0.154
2025-08-28 09:40:00,24050,PE,304.08,308.45,304.98,306.08,925,51347,0.154
2025-08-28 09:40:00,24100,CE,51.57,51.39,50.96,51.14,252,44620,0.154
2025-08-28 09:40:00,24100,PE,354.92,354.09,348.6,353.75,586,47794,0.154
2025-08-28 09:40:00,24150,CE,52.29,53.11,52.26,52.55,260,41059,0.154
2025-08-28 09:40:00,24150,PE,406.22,411.69,404.48,405.84,634,41635,0.154
2025-08-28 09:40:00,24200,CE,50.04,51.42,49.71,50.27,572,40826,0.154
2025-08-28 09:40:00,24200,PE,462.09,457.84,453.54,457.48,383,43087,0.154
2025-08-28 09:40:00,24250,CE,49.41,49.44,48.72,49.35,468,37999,0.154
2025-08-28 09:40:00,24250,PE,509.72,514.14,505.71,507.0,53,40855,0.154
2025-08-28 09:40:00,24300,CE,53.72,54.31,53.71,54.02,278,38279,0.154
2025-08-28 09:40:00,24300,PE,557.77,562.45,547.01,555.61,270,37094,0.154
2025-08-28 09:40:00,24350,CE,53.1,53.43,53.03,53.2,283,34360,0.154
2025-08-28 09:40:00,24350,PE,597.24,609.17,603.05,605.17,339,32612,0.154
2025-08-28 09:40:00,24400,CE,48.63,49.35,48.81,48.86,152,30671,0.154
2025-08-28 09:40:00,24400,PE,651.67,673.11,656.27,661.34,85,32113,0.154
2025-08-28 09:40:00,24450,CE,53.74,54.24,53.11,53.59,215,28579,0.154
2025-08-28 09:40:00,24450,PE,708.43,724.75,699.45,708.37,385,28508,0.154
2025-08-28 09:40:00,24500,CE,56.41,56.79,55.67,56.29,189,27206,0.154
2025-08-28 09:40:00,24500,PE,750.46,755.57,752.55,754.94,295,27440,0.154
2025-08-28 09:40:00,24550,CE,49.56,50.22,49.78,49.89,344,28716,0.154
2025-08-28 09:40:00,24550,PE,802.2,827.88,800.5,804.05,313,27118,0.154
2025-08-28 09:40:00,24600,CE,53.39,54.15,52.85,53.42,330,24307,0.154
2025-08-28 09:40:00,24600,PE,844.86,869.56,846.57,854.66,324,30215,0.154
2025-08-28 09:40:00,24650,CE,49.12,49.47,48.93,49.26,235,27063,0.154
2025-08-28 09:40:00,24650,PE,902.38,919.68,899.44,909.38,361,26492,0.154
2025-08-28 09:40:00,24700,CE,50.62,51.18,50.65,50.99,68,23507,0.154
2025-08-28 09:40:00,24700,PE,949.08,1000.38,954.84,955.75,142,24673,0.154
2025-08-28 09:40:00,24750,CE,52.04,53.66,52.18,52.44,251,23363,0.154
2025-08-28 09:40:00,24750,PE,1004.87,1012.95,1002.26,1006.89,144,22114,0.154
2025-08-28 09:40:00,24800,CE,49.09,49.13,48.95,49.1,287,20650,0.154
2025-08-28 09:40:00,24800,PE,1052.09,1072.52,1052.21,1052.85,323,23204,0.154
2025-08-28 09:40:00,24850,CE,54.53,54.89,53.8,54.75,343,22320,0.154
2025-08-28 09:40:00,24850,PE,1112.52,1107.82,1102.67,1106.03,268,20724,0.154
2025-08-28 09:40:00,24900,CE,52.2,52.47,51.82,52.07,62,19507,0.154
2025-08-28 09:40:00,24900,PE,1161.62,1167.5,1148.2,1155.11,56,20055,0.154
2025-08-28 09:45:00,23500,CE,395.42,398.92,396.66,398.89,473,44583,0.154
2025-08-28 09:45:00,23500,PE,51.93,52.43,51.82,52.19,73,47162,0.154
2025-08-28 09:45:00,23550,CE,346.88,348.71,341.85,345.0,873,51558,0.154
2025-08-28 09:45:00,23550,PE,56.03,56.5,55.51,55.7,439,50192,0.154
2025-08-28 09:45:00,23600,CE,297.37,295.4,292.91,295.36,166,53528,0.154
2025-08-28 09:45:00,23600,PE,51.46,51.31,51.2,51.23,582,53427,0.154
2025-08-28 09:45:00,23650,CE,241.71,244.56,240.8,243.01,843,60718,0.154
2025-08-28 09:45:00,23650,PE,51.2,52.06,51.18,51.35,1048,58153,0.154
2025-08-28 09:45:00,23700,CE,194.8,195.36,192.16,193.46,953,64211,0.154
2025-08-28 09:45:00,23700,PE,46.64,47.66,47.08,47.09,829,66591,0.154
2025-08-28 09:45:00,23750,CE,150.95,151.52,148.23,149.81,1110,75003,0.154
2025-08-28 09:45:00,23750,PE,49.76,50.68,50.07,50.49,618,75092,0.154
2025-08-28 09:45:00,23800,CE,98.17,99.16,96.93,97.55,932,84773,0.154
2025-08-28 09:45:00,23800,PE,48.45,48.31,47.49,48.0,427,86214,0.154
2025-08-28 09:45:00,23850,CE,55.24,55.45,54.9,55.02,1130,77153,0.154
2025-08-28 09:45:00,23850,PE,57.51,58.34,57.7,57.95,1073,78451,0.154
2025-08-28 09:45:00,23900,CE,52.07,52.38,51.55,51.61,789,65958,0.154
2025-08-28 09:45:00,23900,PE,111.61,114.43,112.3,112.53,557,63910,0.154
2025-08-28 09:45:00,23950,CE,51.51,51.65,51.09,51.54,887,63228,0.154
2025-08-28 09:45:00,23950,PE,157.69,160.51,156.69,157.99,991,63509,0.154
2025-08-28 09:45:00,24000,CE,48.28,49.99,47.29,48.23,461,52329,0.154
2025-08-28 09:45:00,24000,PE,209.43,212.04,209.43,210.96,19,58380,0.154
2025-08-28 09:45:00,24050,CE,52.89,52.51,51.41,52.28,912,52712,0.154
2025-08-28 09:45:00,24050,PE,257.14,262.99,255.92,259.52,929,50763,0.154
2025-08-28 09:45:00,24100,CE,51.34,52.08,51.56,51.68,65,45180,0.154
2025-08-28 09:45:00,24100,PE,315.65,312.84,308.68,312.58,635,48254,0.154
2025-08-28 09:45:00,24150,CE,53.88,54.36,53.78,54.05,838,41317,0.154
2025-08-28 09:45:00,24150,PE,359.68,366.93,360.62,363.09,351,41885,0.154
2025-08-28 09:45:00,24200,CE,50.81,51.04,50.37,50.85,498,41267,0.154
2025-08-28 09:45:00,24200,PE,403.0,413.36,405.57,405.64,680,42692,0.154
2025-08-28 09:45:00,24250,CE,52.24,52.78,51.13,51.65,644,38238,0.154
2025-08-28 09:45:00,24250,PE,458.16,460.62,455.47,459.04,539,40667,0.154
2025-08-28 09:45:00,24300,CE,52.38,52.91,52.24,52.53,336,38729,0.154
2025-08-28 09:45:00,24300,PE,503.68,511.15,503.1,506.35,104,37133,0.154
2025-08-28 09:45:00,24350,CE,50.6,52.12,50.97,51.62,616,34678,0.154
2025-08-28 09:45:00,24350,PE,561.61,559.09,555.8,557.11,103,32212,0.154
2025-08-28 09:45:00,24400,CE,51.13,52.58,51.9,51.92,306,30361,0.154
2025-08-28 09:45:00,24400,PE,611.3,609.03,606.48,607.19,529,32518,0.154
2025-08-28 09:45:00,24450,CE,52.61,52.77,52.52,52.58,539,28453,0.154
2025-08-28 09:45:00,24450,PE,662.92,659.93,645.99,657.15,168,28541,0.154
2025-08-28 09:45:00,24500,CE,51.03,51.77,50.7,51.35,69,27476,0.154
2025-08-28 09:45:00,24500,PE,709.54,721.94,704.5,706.52,466,27043,0.154
2025-08-28 09:45:00,24550,CE,51.03,51.57,50.76,51.23,107,28479,0.154
2025-08-28 09:45:00,24550,PE,765.91,786.97,748.35,762.01,408,26908,0.154
2025-08-28 09:45:00,24600,CE,52.52,53.13,51.82,52.43,354,24807,0.154
2025-08-28 09:45:00,24600,PE,817.89,807.41,800.28,805.41,216,29780,0.154
2025-08-28 09:45:00,24650,CE,51.85,52.22,51.79,52.09,423,26908,0.154
2025-08-28 09:45:00,24650,PE,862.96,867.08,855.94,858.24,279,27043,0.154
2025-08-28 09:45:00,24700,CE,52.6,52.92,52.11,52.55,396,23908,0.154
2025-08-28 09:45:00,24700,PE,905.9,913.53,902.53,908.73,160,24877,0.154
2025-08-28 09:45:00,24750,CE,49.52,50.35,50.09,50.34,145,23421,0.154
2025-08-28 09:45:00,24750,PE,951.3,963.58,953.22,954.67,147,22520,0.154
2025-08-28 09:45:00,24800,CE,52.6,52.56,51.84,52.0,305,21185,0.154
2025-08-28 09:45:00,24800,PE,1003.44,1011.58,998.99,1004.04,112,23712,0.154
2025-08-28 09:45:00,24850,CE,54.3,54.0,53.65,53.89,101,22486,0.154
2025-08-28 09:45:00,24850,PE,1058.79,1064.3,1050.96,1054.63,72,20997,0.154
2025-08-28 09:45:00,24900,CE,52.62,53.96,52.32,52.44,291,19837,0.154
2025-08-28 09:45:00,24900,PE,1115.81,1126.09,1110.1,1112.99,108,20426,0.154
2025-08-28 09:50:00,23500,CE,298.97,302.06,301.13,301.4,163,44862,0.154
2025-08-28 09:50:00,23500,PE,48.62,49.3,48.64,48.82,454,46777,0.154
2025-08-28 09:50:00,23550,CE,250.68,255.87,247.49,249.83,1021,51869,0.154
2025-08-28 09:50:00,23550,PE,51.86,52.09,50.87,51.03,167,50060,0.154
2025-08-28 09:50:00,23600,CE,198.89,204.07,200.35,200.95,868,53167,0.154
2025-08-28 09:50:00,23600,PE,50.17,50.58,50.41,50.53,563,52950,0.154
2025-08-28 09:50:00,23650,CE,149.35,152.36,150.55,151.58,50,60406,0.154
2025-08-28 09:50:00,23650,PE,51.17,52.24,49.96,50.37,949,58162,0.154
2025-08-28 09:50:00,23700,CE,97.41,100.13,97.87,97.94,489,63907,0.154
2025-08-28 09:50:00,23700,PE,50.7,51.23,50.55,50.64,1233,66790,0.154
2025-08-28 09:50:00,23750,CE,51.87,52.5,51.73,51.83,1554,75560,0.154
2025-08-28 09:50:00,23750,PE,53.88,54.75,54.43,54.44,1146,74544,0.154
2025-08-28 09:50:00,23800,CE,53.38,53.51,52.25,52.5,1429,84329,0.154
2025-08-28 09:50:00,23800,PE,99.25,100.9,99.1,99.29,1086,85910,0.154
2025-08-28 09:50:00,23850,CE,48.26,49.27,48.56,48.78,1017,77518,0.154
2025-08-28 09:50:00,23850,PE,152.27,152.85,151.39,151.78,1051,78176,0.154
2025-08-28 09:50:00,23900,CE,48.42,49.2,48.33,48.77,755,65587,0.154
2025-08-28 09:50:00,23900,PE,202.77,203.26,201.75,202.95,1037,63493,0.154
2025-08-28 09:50:00,23950,CE,54.16,54.29,54.09,54.15,881,62807,0.154
2025-08-28 09:50:00,23950,PE,250.9,252.79,249.49,250.6,313,63772,0.154
2025-08-28 09:50:00,24000,CE,55.1,56.31,54.64,55.19,907,52578,0.154
2025-08-28 09:50:00,24000,PE,305.31,308.12,302.27,304.22,334,58153,0.154
2025-08-28 09:50:00,24050,CE,50.73,51.11,50.41,50.59,550,52651,0.154
2025-08-28 09:50:00,24050,PE,347.06,357.52,351.93,355.15,190,50916,0.154
2025-08-28 09:50:00,24100,CE,52.28,52.94,52.26,52.36,352,45750,0.154
2025-08-28 09:50:00,24100,PE,407.97,407.38,403.99,405.43,35,48545,0.154
2025-08-28 09:50:00,24150,CE,49.55,49.58,49.33,49.56,590,41680,0.154
2025-08-28 09:50:00,24150,PE,457.86,456.81,454.15,455.16,519,42458,0.154
2025-08-28 09:50:00,24200,CE,51.35,51.64,51.4,51.43,220,41124,0.154
2025-08-28 09:50:00,24200,PE,500.95,503.79,496.59,499.65,641,42174,0.154
2025-08-28 09:50:00,24250,CE,56.45,56.42,55.56,55.74,532,38534,0.154
2025-08-28 09:50:00,24250,PE,551.65,554.84,547.65,550.26,382,40212,0.154
2025-08-28 09:50:00,24300,CE,49.0,50.46,49.24,49.59,372,38655,0.154
2025-08-28 09:50:00,24300,PE,610.38,606.64,602.18,603.09,62,37419,0.154
2025-08-28 09:50:00,24350,CE,53.91,54.85,53.06,53.99,463,34748,0.154
2025-08-28 09:50:00,24350,PE,650.58,656.22,645.41,651.5,100,32052,0.154
2025-08-28 09:50:00,24400,CE,51.58,52.89,51.41,51.92,294,30378,0.154
2025-08-28 09:50:00,24400,PE,696.63,714.42,697.49,703.21,322,32212,0.154
2025-08-28 09:50:00,24450,CE,53.06,52.74,52.12,52.7,408,27941,0.154
2025-08-28 09:50:00,24450,PE,751.43,754.67,746.12,750.33,503,28435,0.154
2025-08-28 09:50:00,24500,CE,54.12,55.24,53.41,54.0,404,26945,0.154
2025-08-28 09:50:00,24500,PE,803.19,806.74,795.64,801.42,327,27618,0.154
2025-08-28 09:50:00,24550,CE,56.39,56.98,55.75,56.36,445,28416,0.154
2025-08-28 09:50:00,24550,PE,855.17,851.9,844.76,849.07,177,27366,0.154
2025-08-28 09:50:00,24600,CE,54.73,54.7,54.03,54.58,285,25349,0.154
2025-08-28 09:50:00,24600,PE,920.19,927.05,897.45,904.69,109,29719,0.154
2025-08-28 09:50:00,24650,CE,56.54,56.41,55.72,55.83,137,26812,0.154
2025-08-28 09:50:00,24650,PE,959.67,960.45,949.69,952.84,371,27515,0.154
2025-08-28 09:50:00,24700,CE,53.7,54.03,53.73,53.89,244,23349,0.154
2025-08-28 09:50:00,24700,PE,997.39,1040.47,1004.04,1005.52,183,24861,0.154
2025-08-28 09:50:00,24750,CE,54.54,54.77,53.83,54.45,280,23143,0.154
2025-08-28 09:50:00,24750,PE,1062.05,1084.66,1049.19,1055.69,229,22823,0.154
2025-08-28 09:50:00,24800,CE,55.08,54.71,54.42,54.57,217,21589,0.154
2025-08-28 09:50:00,24800,PE,1087.3,1100.69,1096.9,1099.19,99,23856,0.154
2025-08-28 09:50:00,24850,CE,53.77,53.75,52.57,53.13,168,22374,0.154
2025-08-28 09:50:00,24850,PE,1158.57,1186.54,1132.72,1149.61,157,21062,0.154
2025-08-28 09:50:00,24900,CE,50.51,51.42,50.68,50.8,182,19925,0.154
2025-08-28 09:50:00,24900,PE,1214.84,1205.14,1199.65,1201.97,336,20588,0.154
2025-08-28 09:55:00,23500,CE,281.65,289.48,284.32,284.46,538,45368,0.154
2025-08-28 09:55:00,23500,PE,49.95,50.38,49.23,49.63,243,46475,0.154
2025-08-28 09:55:00,23550,CE,239.57,238.03,236.71,237.75,141,51510,0.154
2025-08-28 09:55:00,23550,PE,52.61,53.49,52.42,52.51,100,49688,0.154
2025-08-28 09:55:00,23600,CE,183.19,186.77,181.24,184.89,798,53403,0.154
2025-08-28 09:55:00,23600,PE,51.89,53.39,51.7,52.12,789,53435,0.154
2025-08-28 09:55:00,23650,CE,139.74,140.33,138.53,139.28,1180,60198,0.154
2025-08-28 09:55:00,23650,PE,49.41,50.58,49.51,49.51,278,58066,0.154
2025-08-28 09:55:00,23700,CE,85.84,87.44,86.14,86.29,1478,64468,0.154
2025-08-28 09:55:00,23700,PE,52.26,53.15,51.8,52.03,346,66364,0.154
2025-08-28 09:55:00,23750,CE,56.09,54.57,54.09,54.49,1271,76015,0.154
2025-08-28 09:55:00,23750,PE,70.36,69.71,68.65,69.63,1629,75095,0.154
2025-08-28 09:55:00,23800,CE,48.7,48.46,47.5,48.34,430,84688,0.154
2025-08-28 09:55:00,23800,PE,113.97,113.25,112.6,113.17,993,85713,0.154
2025-08-28 09:55:00,23850,CE,49.22,49.91,49.06,49.31,41,77702,0.154
2025-08-28 09:55:00,23850,PE,164.14,164.58,161.96,163.47,474,77925,0.154
2025-08-28 09:55:00,23900,CE,52.42,53.04,52.13,52.19,28,65132,0.154
2025-08-28 09:55:00,23900,PE,215.85,217.61,214.86,216.5,230,63021,0.154
2025-08-28 09:55:00,23950,CE,49.84,50.21,49.78,49.93,966,62218,0.154
2025-08-28 09:55:00,23950,PE,271.36,274.11,267.19,269.74,405,64346,0.154
2025-08-28 09:55:00,24000,CE,54.9,53.95,53.51,53.92,122,52764,0.154
2025-08-28 09:55:00,24000,PE,311.7,316.14,310.27,316.13,242,57938,0.154
2025-08-28 09:55:00,24050,CE,50.15,51.04,50.57,50.91,383,52745,0.154
2025-08-28 09:55:00,24050,PE,365.44,370.66,368.9,369.23,646,51058,0.154
2025-08-28 09:55:00,24100,CE,52.85,53.89,53.01,53.08,28,45369,0.154
2025-08-28 09:55:00,24100,PE,418.03,419.39,410.01,416.9,493,48291,0.154
2025-08-28 09:55:00,24150,CE,48.75,49.51,48.44,48.55,54,41736,0.154
2025-08-28 09:55:00,24150,PE,460.46,469.68,464.91,466.45,237,42865,0.154
2025-08-28 09:55:00,24200,CE,51.84,52.15,51.87,52.09,600,40679,0.154
2025-08-28 09:55:00,24200,PE,513.21,518.0,510.23,511.67,526,42604,0.154
2025-08-28 09:55:00,24250,CE,50.19,50.5,49.74,49.85,408,38664,0.154
2025-08-28 09:55:00,24250,PE,568.7,569.07,564.64,565.93,298,40199,0.154
2025-08-28 09:55:00,24300,CE,52.48,52.98,52.12,52.88,55,38227,0.154
2025-08-28 09:55:00,24300,PE,618.32,622.37,611.78,613.75,409,37478,0.154
2025-08-28 09:55:00,24350,CE,52.93,53.12,52.87,52.99,104,34572,0.154
2025-08-28 09:55:00,24350,PE,674.63,669.46,666.57,667.74,365,31678,0.154
2025-08-28 09:55:00,24400,CE,51.22,51.97,51.22,51.7,118,30833,0.154
2025-08-28 09:55:00,24400,PE,710.09,726.76,704.46,716.08,247,32164,0.154
2025-08-28 09:55:00,24450,CE,48.49,49.26,48.62,48.66,44,27436,0.154
2025-08-28 09:55:00,24450,PE,773.14,770.47,764.37,765.38,330,28197,0.154
2025-08-28 09:55:00,24500,CE,50.9,51.94,50.98,51.21,139,26562,0.154
2025-08-28 09:55:00,24500,PE,823.03,820.96,806.2,815.85,363,28145,0.154
2025-08-28 09:55:00,24550,CE,50.27,51.12,49.77,50.28,124,28107,0.154
2025-08-28 09:55:00,24550,PE,857.16,870.17,858.29,865.2,358,27373,0.154
2025-08-28 09:55:00,24600,CE,48.02,47.85,47.35,47.43,349,25643,0.154
2025-08-28 09:55:00,24600,PE,910.33,924.94,912.19,914.69,349,29309,0.154
2025-08-28 09:55:00,24650,CE,54.08,54.52,53.43,53.66,227,26736,0.154
2025-08-28 09:55:00,24650,PE,964.12,969.05,957.02,966.1,364,27698,0.154
2025-08-28 09:55:00,24700,CE,49.19,50.16,49.69,49.84,301,23807,0.154
2025-08-28 09:55:00,24700,PE,1024.92,1022.2,1002.05,1013.82,280,25045,0.154
2025-08-28 09:55:00,24750,CE,51.52,51.81,50.66,51.46,207,22639,0.154
2025-08-28 09:55:00,24750,PE,1075.07,1077.31,1059.21,1067.03,280,22608,0.154
2025-08-28 09:55:00,24800,CE,52.57,52.55,51.68,52.36,51,21410,0.154
2025-08-28 09:55:00,24800,PE,1119.76,1124.49,1116.25,1117.01,133,23721,0.154
2025-08-28 09:55:00,24850,CE,49.63,50.31,49.97,50.08,104,22903,0.154
2025-08-28 09:55:00,24850,PE,1159.98,1178.31,1165.05,1168.13,317,20504,0.154
2025-08-28 09:55:00,24900,CE,54.5,55.46,54.22,54.66,175,19687,0.154
2025-08-28 09:55:00,24900,PE,1216.31,1230.69,1209.28,1217.66,295,20578,0.154
2025-08-28 10:00:00,23500,CE,322.73,324.9,315.05,319.53,584,44871,0.154
2025-08-28 10:00:00,23500,PE,53.66,53.74,53.45,53.63,655,46455,0.154
2025-08-28 10:00:00,23550,CE,271.58,275.86,270.32,271.39,882,51038,0.154
2025-08-28 10:00:00,23550,PE,51.05,51.28,50.78,50.81,316,50093,0.154
2025-08-28 10:00:00,23600,CE,221.79,227.48,222.35,222.86,275,53127,0.154
2025-08-28 10:00:00,23600,PE,50.08,51.14,49.71,50.08,350,53462,0.154
2025-08-28 10:00:00,23650,CE,172.42,172.19,169.49,171.89,88,60339,0.154
2025-08-28 10:00:00,23650,PE,54.21,54.81,53.59,53.95,1023,57832,0.154
2025-08-28 10:00:00,23700,CE,124.03,126.1,123.82,124.46,266,64289,0.154
2025-08-28 10:00:00,23700,PE,50.3,51.6,49.86,50.47,937,66376,0.154
2025-08-28 10:00:00,23750,CE,72.48,73.21,71.5,72.01,1026,76381,0.154
2025-08-28 10:00:00,23750,PE,52.86,52.68,51.5,52.43,1595,75038,0.154
2025-08-28 10:00:00,23800,CE,51.17,51.75,51.07,51.62,1239,84677,0.154
2025-08-28 10:00:00,23800,PE,81.41,81.93,81.38,81.77,246,85828,0.154
2025-08-28 10:00:00,23850,CE,52.01,53.52,52.31,52.83,1330,77612,0.154
2025-08-28 10:00:00,23850,PE,129.56,131.38,129.85,130.56,764,78196,0.154
2025-08-28 10:00:00,23900,CE,54.7,55.03,53.93,54.15,1019,64537,0.154
2025-08-28 10:00:00,23900,PE,181.42,180.93,180.76,180.92,88,63000,0.154
2025-08-28 10:00:00,23950,CE,50.03,51.52,49.81,49.96,138,62725,0.154
2025-08-28 10:00:00,23950,PE,228.01,229.82,227.32,228.54,773,64485,0.154
2025-08-28 10:00:00,24000,CE,52.88,53.3,52.07,52.33,580,52747,0.154
2025-08-28 10:00:00,24000,PE,278.61,284.42,280.49,281.3,64,58264,0.154
2025-08-28 10:00:00,24050,CE,52.03,52.21,51.47,51.88,435,52616,0.154
2025-08-28 10:00:00,24050,PE,336.63,335.42,328.31,330.65,399,51018,0.154
2025-08-28 10:00:00,24100,CE,46.14,46.87,46.82,46.84,774,45003,0.154
2025-08-28 10:00:00,24100,PE,374.95,387.44,373.59,377.47,156,47840,0.154
2025-08-28 10:00:00,24150,CE,50.76,50.77,50.65,50.69,475,41166,0.154
2025-08-28 10:00:00,24150,PE,434.18,434.73,427.42,434.55,603,43142,0.154
2025-08-28 10:00:00,24200,CE,51.09,51.86,50.56,50.9,503,40640,0.154
2025-08-28 10:00:00,24200,PE,484.83,485.33,479.36,481.22,296,43131,0.154
2025-08-28 10:00:00,24250,CE,51.7,53.21,51.7,51.78,549,38276,0.154
2025-08-28 10:00:00,24250,PE,528.96,540.63,526.22,531.78,178,39891,0.154
2025-08-28 10:00:00,24300,CE,50.06,49.87,49.51,49.83,297,38393,0.154
2025-08-28 10:00:00,24300,PE,579.81,585.91,580.27,582.86,144,36943,0.154
2025-08-28 10:00:00,24350,CE,51.74,52.42,52.08,52.17,230,34576,0.154
2025-08-28 10:00:00,24350,PE,631.29,630.17,628.5,628.55,394,31226,0.154
2025-08-28 10:00:00,24400,CE,51.91,52.66,51.95,52.04,382,30426,0.154
2025-08-28 10:00:00,24400,PE,682.87,689.44,679.09,681.45,167,32178,0.154
2025-08-28 10:00:00,24450,CE,51.15,52.14,51.52,51.61,62,27518,0.154
2025-08-28 10:00:00,24450,PE,737.11,740.2,721.91,730.06,28,27851,0.154
2025-08-28 10:00:00,24500,CE,52.47,52.98,52.04,52.33,284,26287,0.154
2025-08-28 10:00:00,24500,PE,786.2,789.59,780.26,783.34,219,27885,0.154
2025-08-28 10:00:00,24550,CE,49.12,50.33,49.92,50.3,240,27677,0.154
2025-08-28 10:00:00,24550,PE,831.5,856.75,825.54,833.6,80,27931,0.154
2025-08-28 10:00:00,24600,CE,52.75,53.96,52.58,53.44,154,25873,0.154
2025-08-28 10:00:00,24600,PE,884.41,896.45,871.47,883.09,11,28842,0.154
2025-08-28 10:00:00,24650,CE,53.58,53.59,53.45,53.56,341,26564,0.154
2025-08-28 10:00:00,24650,PE,927.84,954.92,931.45,931.54,134,27305,0.154
2025-08-28 10:00:00,24700,CE,53.48,53.38,52.61,53.08,115,23488,0.154
2025-08-28 10:00:00,24700,PE,980.75,997.58,983.79,985.68,331,25572,0.154
2025-08-28 10:00:00,24750,CE,48.49,48.42,47.73,47.88,20,22203,0.154
2025-08-28 10:00:00,24750,PE,1021.89,1034.6,1021.35,1030.27,251,23063,0.154
2025-08-28 10:00:00,24800,CE,48.1,49.17,48.66,48.68,125,21820,0.154
2025-08-28 10:00:00,24800,PE,1076.95,1088.08,1080.64,1081.02,8,24013,0.154
2025-08-28 10:00:00,24850,CE,56.63,56.32,56.08,56.26,347,22899,0.154
2025-08-28 10:00:00,24850,PE,1136.71,1143.95,1127.8,1129.35,217,20214,0.154
2025-08-28 10:00:00,24900,CE,49.8,49.71,48.99,49.1,279,20084,0.154
2025-08-28 10:00:00,24900,PE,1174.58,1188.26,1179.79,1184.27,296,20978,0.154
2025-08-28 10:05:00,23500,CE,346.41,353.65,342.78,347.46,80,44901,0.154
2025-08-28 10:05:00,23500,PE,55.21,55.8,54.68,55.19,452,45912,0.154
2025-08-28 10:05:00,23550,CE,292.94,298.76,292.18,294.53,770,50669,0.154
2025-08-28 10:05:00,23550,PE,51.28,52.07,51.14,51.66,416,49560,0.154
2025-08-28 10:05:00,23600,CE,245.18,245.53,244.01,244.05,839,52742,0.154
2025-08-28 10:05:00,23600,PE,46.54,47.64,47.05,47.2,556,53472,0.154
2025-08-28 10:05:00,23650,CE,194.02,195.57,192.44,194.14,131,60764,0.154
2025-08-28 10:05:00,23650,PE,53.39,53.97,53.1,53.52,27,58015,0.154
2025-08-28 10:05:00,23700,CE,148.8,148.45,146.94,147.4,249,64410,0.154
2025-08-28 10:05:00,23700,PE,51.94,52.04,51.45,51.78,320,66673,0.154
2025-08-28 10:05:00,23750,CE,94.33,94.87,93.15,94.4,887,76548,0.154
2025-08-28 10:05:00,23750,PE,52.25,52.49,51.53,52.0,1534,74970,0.154
2025-08-28 10:05:00,23800,CE,53.78,53.83,53.48,53.68,1343,85055,0.154
2025-08-28 10:05:00,23800,PE,56.72,57.0,56.81,56.84,590,85600,0.154
2025-08-28 10:05:00,23850,CE,50.37,51.05,50.84,51.04,1063,78125,0.154
2025-08-28 10:05:00,23850,PE,106.67,109.85,106.93,108.36,46,77735,0.154
2025-08-28 10:05:00,23900,CE,53.08,54.07,52.56,52.9,237,64702,0.154
2025-08-28 10:05:00,23900,PE,155.98,158.96,155.13,156.63,559,63000,0.154
2025-08-28 10:05:00,23950,CE,52.62,53.69,52.09,52.47,378,62635,0.154
2025-08-28 10:05:00,23950,PE,209.85,210.62,208.68,209.72,896,64400,0.154
2025-08-28 10:05:00,24000,CE,51.02,51.49,50.99,51.46,416,52197,0.154
2025-08-28 10:05:00,24000,PE,259.37,259.1,254.8,258.75,401,58565,0.154
2025-08-28 10:05:00,24050,CE,52.77,53.8,52.04,52.23,141,52438,0.154
2025-08-28 10:05:00,24050,PE,306.45,310.58,305.25,305.35,277,50989,0.154
2025-08-28 10:05:00,24100,CE,51.87,51.68,51.25,51.58,705,45420,0.154
2025-08-28 10:05:00,24100,PE,356.69,367.51,355.48,358.35,337,47932,0.154
2025-08-28 10:05:00,24150,CE,51.88,52.84,52.02,52.21,647,41587,0.154
2025-08-28 10:05:00,24150,PE,410.17,412.31,407.14,407.81,480,42706,0.154
2025-08-28 10:05:00,24200,CE,47.98,48.33,47.68,48.3,282,40378,0.154
2025-08-28 10:05:00,24200,PE,451.25,458.02,452.02,453.96,500,42804,0.154
2025-08-28 10:05:00,24250,CE,50.3,50.63,49.27,50.25,34,38739,0.154
2025-08-28 10:05:00,24250,PE,512.38,515.16,506.69,509.92,85,40228,0.154
2025-08-28 10:05:00,24300,CE,51.69,51.55,50.75,51.3,609,38793,0.154
2025-08-28 10:05:00,24300,PE,548.8,556.3,554.68,555.58,317,37025,0.154
2025-08-28 10:05:00,24350,CE,49.77,50.12,48.94,49.94,433,34240,0.154
2025-08-28 10:05:00,24350,PE,605.99,614.72,602.39,607.76,259,31078,0.154
2025-08-28 10:05:00,24400,CE,49.59,50.03,48.67,49.33,161,30486,0.154
2025-08-28 10:05:00,24400,PE,652.05,667.22,647.69,651.92,242,31600,0.154
2025-08-28 10:05:00,24450,CE,52.23,52.72,52.27,52.44,56,27685,0.154
2025-08-28 10:05:00,24450,PE,713.98,722.39,707.44,708.59,299,28276,0.154
2025-08-28 10:05:00,24500,CE,51.45,51.02,50.5,51.0,44,26077,0.154
2025-08-28 10:05:00,24500,PE,746.48,762.36,749.59,756.76,201,28100,0.154
2025-08-28 10:05:00,24550,CE,51.18,51.42,50.59,51.38,215,27657,0.154
2025-08-28 10:05:00,24550,PE,803.97,809.91,807.33,807.87,445,27335,0.154
2025-08-28 10:05:00,24600,CE,49.48,50.18,49.7,49.82,412,25613,0.154
2025-08-28 10:05:00,24600,PE,857.15,873.64,856.08,859.32,25,28875,0.154
2025-08-28 10:05:00,24650,CE,54.57,55.06,53.45,54.18,99,26833,0.154
2025-08-28 10:05:00,24650,PE,901.52,911.32,895.87,906.9,336,27187,0.154
2025-08-28 10:05:00,24700,CE,53.35,54.6,53.04,53.26,331,23111,0.154
2025-08-28 10:05:00,24700,PE,950.01,956.99,943.65,955.32,146,25045,0.154
2025-08-28 10:05:00,24750,CE,50.68,51.75,50.78,51.1,262,22460,0.154
2025-08-28 10:05:00,24750,PE,982.35,1030.93,1006.31,1009.13,310,22901,0.154
2025-08-28 10:05:00,24800,CE,51.2,50.54,49.92,50.46,327,21996,0.154
2025-08-28 10:05:00,24800,PE,1041.06,1080.73,1054.29,1055.91,226,23679,0.154
2025-08-28 10:05:00,24850,CE,47.81,47.63,47.19,47.42,316,23204,0.154
2025-08-28 10:05:00,24850,PE,1113.74,1108.63,1102.85,1106.74,328,20027,0.154
2025-08-28 10:05:00,24900,CE,54.76,55.35,54.55,54.58,201,19546,0.154
2025-08-28 10:05:00,24900,PE,1170.47,1177.96,1152.01,1158.0,218,20990,0.154
2025-08-28 10:10:00,23500,CE,373.32,387.2,372.79,374.99,686,45178,0.154
2025-08-28 10:10:00,23500,PE,52.21,53.75,52.73,52.95,827,46430,0.154
2025-08-28 10:10:00,23550,CE,324.91,326.66,321.23,323.26,165,51234,0.154
2025-08-28 10:10:00,23550,PE,51.45,52.02,50.96,51.74,42,49507,0.154
2025-08-28 10:10:00,23600,CE,277.19,279.14,272.74,274.83,935,52876,0.154
2025-08-28 10:10:00,23600,PE,54.03,54.34,53.6,53.71,993,53540,0.154
2025-08-28 10:10:00,23650,CE,229.44,227.01,223.81,224.47,764,60804,0.154
2025-08-28 10:10:00,23650,PE,54.16,54.3,53.06,53.82,1034,57552,0.154
2025-08-28 10:10:00,23700,CE,171.51,173.12,167.99,170.89,500,64615,0.154
2025-08-28 10:10:00,23700,PE,53.07,54.41,53.27,53.36,628,67231,0.154
2025-08-28 10:10:00,23750,CE,120.09,122.1,119.88,121.26,843,76100,0.154
2025-08-28 10:10:00,23750,PE,51.97,53.3,51.95,52.16,887,74744,0.154
2025-08-28 10:10:00,23800,CE,72.87,74.44,73.78,74.28,800,84547,0.154
2025-08-28 10:10:00,23800,PE,52.72,52.7,51.18,52.51,1457,85483,0.154
2025-08-28 10:10:00,23850,CE,51.56,52.98,52.01,52.38,1319,78103,0.154
2025-08-28 10:10:00,23850,PE,78.99,79.25,78.78,78.79,1547,77564,0.154
2025-08-28 10:10:00,23900,CE,52.02,53.22,51.17,51.89,169,64673,0.154
2025-08-28 10:10:00,23900,PE,125.66,130.48,129.04,129.09,70,63363,0.154
2025-08-28 10:10:00,23950,CE,45.9,46.48,45.96,46.1,1131,62291,0.154
2025-08-28 10:10:00,23950,PE,186.34,185.03,182.86,184.42,84,64709,0.154
2025-08-28 10:10:00,24000,CE,52.12,53.82,51.9,52.05,759,52548,0.154
2025-08-28 10:10:00,24000,PE,232.13,237.11,232.27,232.97,630,58662,0.154
2025-08-28 10:10:00,24050,CE,49.87,51.46,49.88,50.1,279,52216,0.154
2025-08-28 10:10:00,24050,PE,278.03,282.97,276.95,277.69,628,51512,0.154
2025-08-28 10:10:00,24100,CE,53.82,54.57,52.29,53.08,287,45256,0.154
2025-08-28 10:10:00,24100,PE,335.73,337.75,330.9,333.15,534,47391,0.154
2025-08-28 10:10:00,24150,CE,51.2,52.55,50.87,51.51,542,41150,0.154
2025-08-28 10:10:00,24150,PE,379.56,380.87,377.44,377.96,567,43175,0.154
2025-08-28 10:10:00,24200,CE,51.13,51.52,51.19,51.27,698,39957,0.154
2025-08-28 10:10:00,24200,PE,418.41,433.15,420.97,428.48,459,42740,0.154
2025-08-28 10:10:00,24250,CE,54.32,54.46,54.2,54.22,352,38969,0.154
2025-08-28 10:10:00,24250,PE,478.1,489.28,484.75,484.8,700,40316,0.154
2025-08-28 10:10:00,24300,CE,52.02,53.11,52.58,52.63,371,38977,0.154
2025-08-28 10:10:00,24300,PE,531.82,541.48,530.63,530.96,339,36843,0.154
2025-08-28 10:10:00,24350,CE,48.8,49.13,48.78,48.92,512,34434,0.154
2025-08-28 10:10:00,24350,PE,585.4,583.94,570.17,576.59,354,30488,0.154
2025-08-28 10:10:00,24400,CE,53.73,54.55,52.84,53.16,167,30201,0.154
2025-08-28 10:10:00,24400,PE,628.82,646.44,620.86,630.26,382,31148,0.154
2025-08-28 10:10:00,24450,CE,49.75,50.88,49.25,50.11,216,27631,0.154
2025-08-28 10:10:00,24450,PE,690.5,693.74,677.24,681.08,410,27850,0.154
2025-08-28 10:10:00,24500,CE,47.99,48.47,47.29,47.69,319,26133,0.154
2025-08-28 10:10:00,24500,PE,738.0,750.62,728.33,731.11,388,27716,0.154
2025-08-28 10:10:00,24550,CE,50.45,50.83,50.3,50.6,301,27554,0.154
2025-08-28 10:10:00,24550,PE,781.74,787.1,772.88,779.09,134,26824,0.154
2025-08-28 10:10:00,24600,CE,50.77,51.4,51.13,51.14,184,25540,0.154
2025-08-28 10:10:00,24600,PE,838.02,836.49,822.29,829.28,31,29244,0.154
2025-08-28 10:10:00,24650,CE,49.9,50.46,49.5,49.72,314,26613,0.154
2025-08-28 10:10:00,24650,PE,871.45,882.1,870.2,880.66,28,27434,0.154
2025-08-28 10:10:00,24700,CE,53.11,52.93,52.75,52.78,17,23022,0.154
2025-08-28 10:10:00,24700,PE,919.54,931.97,919.2,928.18,95,24726,0.154
2025-08-28 10:10:00,24750,CE,50.07,50.27,49.24,49.74,314,22224,0.154
2025-08-28 10:10:00,24750,PE,977.7,989.59,976.56,980.81,106,22664,0.154
2025-08-28 10:10:00,24800,CE,54.43,54.34,53.87,54.04,64,22286,0.154
2025-08-28 10:10:00,24800,PE,1026.9,1050.8,1023.64,1030.43,200,23320,0.154
2025-08-28 10:10:00,24850,CE,52.94,53.62,52.66,52.69,122,23777,0.154
2025-08-28 10:10:00,24850,PE,1067.92,1086.96,1078.19,1081.69,223,20251,0.154
2025-08-28 10:10:00,24900,CE,51.67,51.93,51.53,51.74,316,19427,0.154
2025-08-28 10:10:00,24900,PE,1126.96,1142.11,1111.29,1129.34,132,21587,0.154
2025-08-28 10:15:00,23500,CE,408.84,408.71,403.64,407.97,450,44837,0.154
2025-08-28 10:15:00,23500,PE,57.75,58.24,57.37,57.44,675,46745,0.154
2025-08-28 10:15:00,23550,CE,362.04,368.65,352.96,359.67,349,50959,0.154
2025-08-28 10:15:00,23550,PE,50.72,51.39,51.35,51.36,564,49559,0.154
2025-08-28 10:15:00,23600,CE,307.98,313.46,308.36,309.48,231,52341,0.154
2025-08-28 10:15:00,23600,PE,50.93,51.42,50.47,50.56,765,53955,0.154
2025-08-28 10:15:00,23650,CE,263.71,264.82,257.07,262.01,932,60643,0.154
2025-08-28 10:15:00,23650,PE,51.34,52.3,51.4,51.6,728,57653,0.154
2025-08-28 10:15:00,23700,CE,209.7,209.36,206.53,206.9,318,65127,0.154
2025-08-28 10:15:00,23700,PE,49.16,49.72,48.61,49.6,396,66667,0.154
2025-08-28 10:15:00,23750,CE,162.24,164.21,161.45,161.74,231,76661,0.154
2025-08-28 10:15:00,23750,PE,56.33,56.21,55.8,56.03,108,74774,0.154
2025-08-28 10:15:00,23800,CE,110.6,111.26,110.11,110.6,733,84883,0.154
2025-08-28 10:15:00,23800,PE,51.05,50.46,49.41,50.08,1223,85450,0.154
2025-08-28 10:15:00,23850,CE,61.84,61.6,61.15,61.34,1111,78482,0.154
2025-08-28 10:15:00,23850,PE,47.6,47.72,47.42,47.46,1416,78020,0.154
2025-08-28 10:15:00,23900,CE,53.06,54.11,52.89,52.99,1116,64531,0.154
2025-08-28 10:15:00,23900,PE,92.52,94.64,92.34,92.8,887,63630,0.154
2025-08-28 10:15:00,23950,CE,53.26,53.76,52.76,53.23,417,62889,0.154
2025-08-28 10:15:00,23950,PE,145.36,147.6,142.6,143.38,613,65017,0.154
2025-08-28 10:15:00,24000,CE,52.15,52.24,51.17,51.6,613,53096,0.154
2025-08-28 10:15:00,24000,PE,193.7,195.27,194.31,194.83,803,58945,0.154
2025-08-28 10:15:00,24050,CE,51.36,52.81,50.85,51.6,829,52011,0.154
2025-08-28 10:15:00,24050,PE,239.9,243.32,242.43,242.99,383,51904,0.154
2025-08-28 10:15:00,24100,CE,49.76,50.25,49.07,49.8,453,45455,0.154
2025-08-28 10:15:00,24100,PE,291.12,297.06,287.75,289.42,506,46830,0.154
2025-08-28 10:15:00,24150,CE,51.97,52.47,51.83,52.11,421,40756,0.154
2025-08-28 10:15:00,24150,PE,343.11,347.16,340.38,342.84,89,42888,0.154
2025-08-28 10:15:00,24200,CE,53.4,53.61,53.31,53.48,246,40249,0.154
2025-08-28 10:15:00,24200,PE,391.86,399.43,389.62,392.24,213,43096,0.154
2025-08-28 10:15:00,24250,CE,53.73,54.83,53.84,54.39,166,39361,0.154
2025-08-28 10:15:00,24250,PE,452.11,445.12,443.56,444.2,399,39796,0.154
2025-08-28 10:15:00,24300,CE,53.27,53.61,52.68,52.92,86,38463,0.154
2025-08-28 10:15:00,24300,PE,490.18,494.77,483.19,491.1,292,36602,0.154
2025-08-28 10:15:00,24350,CE,55.0,54.83,54.18,54.45,40,34651,0.154
2025-08-28 10:15:00,24350,PE,543.31,544.38,539.91,541.56,556,30898,0.154
2025-08-28 10:15:00,24400,CE,50.74,50.78,50.27,50.64,100,30644,0.154
2025-08-28 10:15:00,24400,PE,594.08,612.06,584.16,592.38,265,30797,0.154
2025-08-28 10:15:00,24450,CE,46.02,46.73,46.17,46.25,85,27951,0.154
2025-08-28 10:15:00,24450,PE,645.59,645.47,639.77,643.25,154,28018,0.154
2025-08-28 10:15:00,24500,CE,55.78,55.29,54.42,55.29,305,26645,0.154
2025-08-28 10:15:00,24500,PE,692.47,700.9,687.44,694.65,392,28043,0.154
2025-08-28 10:15:00,24550,CE,52.27,53.06,51.32,52.1,258,27588,0.154
2025-08-28 10:15:00,24550,PE,750.76,757.19,747.46,747.52,84,27163,0.154
2025-08-28 10:15:00,24600,CE,52.29,53.07,51.85,52.33,371,25309,0.154
2025-08-28 10:15:00,24600,PE,802.24,794.22,791.18,792.6,75,29587,0.154
2025-08-28 10:15:00,24650,CE,47.61,48.64,47.48,47.84,362,26950,0.154
2025-08-28 10:15:00,24650,PE,835.69,844.94,828.74,839.22,21,27860,0.154
2025-08-28 10:15:00,24700,CE,50.96,52.16,50.81,51.06,165,22712,0.154
2025-08-28 10:15:00,24700,PE,898.09,901.14,887.77,892.6,238,25144,0.154
2025-08-28 10:15:00,24750,CE,55.53,55.02,54.83,54.94,349,21826,0.154
2025-08-28 10:15:00,24750,PE,948.19,953.94,932.52,943.34,417,22990,0.154
2025-08-28 10:15:00,24800,CE,47.95,49.11,48.15,48.2,383,22801,0.154
2025-08-28 10:15:00,24800,PE,989.13,993.39,986.23,989.54,218,22762,0.154
2025-08-28 10:15:00,24850,CE,50.86,51.24,49.9,50.72,34,23928,0.154
2025-08-28 10:15:00,24850,PE,1036.2,1067.1,1040.42,1043.49,41,20442,0.154
2025-08-28 10:15:00,24900,CE,51.29,52.19,51.0,51.77,44,19805,0.154
2025-08-28 10:15:00,24900,PE,1097.2,1094.22,1082.75,1092.42,105,21110,0.154
2025-08-28 10:20:00,23500,CE,492.75,502.81,488.06,491.21,245,45328,0.154
2025-08-28 10:20:00,23500,PE,53.02,52.95,52.14,52.86,390,47337,0.154
2025-08-28 10:20:00,23550,CE,438.03,438.61,434.16,436.7,203,51165,0.154
2025-08-28 10:20:00,23550,PE,48.32,48.6,47.47,48.07,150,49474,0.154
2025-08-28 10:20:00,23600,CE,390.66,393.54,387.74,392.68,313,52503,0.154
2025-08-28 10:20:00,23600,PE,51.59,52.79,51.85,52.57,550,53420,0.154
2025-08-28 10:20:00,23650,CE,339.08,345.32,337.33,340.47,618,60946,0.154
2025-08-28 10:20:00,23650,PE,48.64,49.09,48.59,48.78,346,57136,0.154
2025-08-28 10:20:00,23700,CE,293.24,293.47,287.64,292.59,418,64914,0.154
2025-08-28 10:20:00,23700,PE,49.89,50.46,49.32,49.86,771,66234,0.154
2025-08-28 10:20:00,23750,CE,240.68,240.04,237.29,238.59,331,76932,0.154
2025-08-28 10:20:00,23750,PE,48.17,50.49,48.73,48.86,1010,74887,0.154
2025-08-28 10:20:00,23800,CE,188.8,188.16,185.57,186.94,22,85122,0.154
2025-08-28 10:20:00,23800,PE,50.59,51.09,50.08,50.59,56,84927,0.154
2025-08-28 10:20:00,23850,CE,136.13,140.85,137.57,139.26,919,78326,0.154
2025-08-28 10:20:00,23850,PE,51.47,51.55,50.34,50.77,58,77907,0.154
2025-08-28 10:20:00,23900,CE,89.14,89.55,88.58,88.87,616,64653,0.154
2025-08-28 10:20:00,23900,PE,52.7,53.23,52.25,52.3,1495,63152,0.154
2025-08-28 10:20:00,23950,CE,54.46,55.08,53.4,54.7,1157,63065,0.154
2025-08-28 10:20:00,23950,PE,63.11,64.43,62.67,62.86,1685,64890,0.154
2025-08-28 10:20:00,24000,CE,54.01,54.14,53.79,53.84,258,53583,0.154
2025-08-28 10:20:00,24000,PE,111.7,115.83,112.21,112.69,96,58884,0.154
2025-08-28 10:20:00,24050,CE,51.6,52.68,51.27,52.01,845,51533,0.154
2025-08-28 10:20:00,24050,PE,166.82,167.56,165.41,166.38,395,51428,0.154
2025-08-28 10:20:00,24100,CE,52.12,52.6,51.78,52.18,963,45160,0.154
2025-08-28 10:20:00,24100,PE,221.62,220.09,216.65,218.85,692,46517,0.154
2025-08-28 10:20:00,24150,CE,52.32,52.57,51.98,52.04,713,41112,0.154
2025-08-28 10:20:00,24150,PE,267.05,273.76,266.1,269.07,57,43154,0.154
2025-08-28 10:20:00,24200,CE,53.85,54.52,53.49,53.64,616,39741,0.154
2025-08-28 10:20:00,24200,PE,310.95,315.28,309.49,312.7,255,43517,0.154
2025-08-28 10:20:00,24250,CE,49.52,49.88,49.06,49.45,383,38876,0.154
2025-08-28 10:20:00,24250,PE,365.48,369.36,368.02,368.08,549,40138,0.154
2025-08-28 10:20:00,24300,CE,48.42,48.63,47.65,48.39,345,37996,0.154
2025-08-28 10:20:00,24300,PE,409.05,412.49,409.05,412.44,112,36453,0.154
2025-08-28 10:20:00,24350,CE,53.9,54.2,53.88,53.95,357,34952,0.154
2025-08-28 10:20:00,24350,PE,469.6,477.61,466.72,466.74,497,30602,0.154
2025-08-28 10:20:00,24400,CE,52.74,52.9,51.47,52.52,469,30179,0.154
2025-08-28 10:20:00,24400,PE,515.0,513.67,504.97,513.56,133,31141,0.154
2025-08-28 10:20:00,24450,CE,50.71,51.9,51.01,51.61,571,28180,0.154
2025-08-28 10:20:00,24450,PE,564.13,571.84,561.48,562.77,294,28487,0.154
2025-08-28 10:20:00,24500,CE,48.98,48.59,48.16,48.48,216,26814,0.154
2025-08-28 10:20:00,24500,PE,601.64,614.06,607.4,612.55,411,27531,0.154
2025-08-28 10:20:00,24550,CE,51.07,51.32,51.08,51.15,539,27754,0.154
2025-08-28 10:20:00,24550,PE,665.05,669.82,653.46,662.22,142,27550,0.154
2025-08-28 10:20:00,24600,CE,50.47,51.19,50.59,50.76,208,24809,0.154
2025-08-28 10:20:00,24600,PE,714.56,727.91,711.05,716.61,362,29149,0.154
2025-08-28 10:20:00,24650,CE,51.14,52.18,51.84,51.98,304,27163,0.154
2025-08-28 10:20:00,24650,PE,758.08,766.35,754.38,760.51,86,28209,0.154
2025-08-28 10:20:00,24700,CE,52.39,52.65,52.01,52.17,224,22535,0.154
2025-08-28 10:20:00,24700,PE,808.57,816.33,806.17,815.52,56,25426,0.154
2025-08-28 10:20:00,24750,CE,54.61,54.72,54.15,54.58,81,21426,0.154
2025-08-28 10:20:00,24750,PE,848.57,874.39,862.86,865.15,127,22922,0.154
2025-08-28 10:20:00,24800,CE,54.15,54.0,53.24,53.75,386,23098,0.154
2025-08-28 10:20:00,24800,PE,923.09,925.34,907.69,910.87,325,22400,0.154
2025-08-28 10:20:00,24850,CE,49.18,49.67,48.65,49.17,274,23746,0.154
2025-08-28 10:20:00,24850,PE,962.39,966.32,953.31,964.63,202,20596,0.154
2025-08-28 10:20:00,24900,CE,51.99,52.39,51.58,51.73,72,19620,0.154
2025-08-28 10:20:00,24900,PE,1024.0,1030.18,1002.23,1011.76,163,21558,0.154
2025-08-28 10:25:00,23500,CE,512.59,514.99,510.84,511.26,659,45876,0.154
2025-08-28 10:25:00,23500,PE,52.51,52.67,52.28,52.52,364,47507,0.154
2025-08-28 10:25:00,23550,CE,458.49,462.98,454.68,458.55,527,51503,0.154
2025-08-28 10:25:00,23550,PE,53.89,54.56,54.29,54.36,498,49962,0.154
2025-08-28 10:25:00,23600,CE,407.88,408.83,407.95,408.76,310,52745,0.154
2025-08-28 10:25:00,23600,PE,52.29,52.22,51.91,52.19,486,53747,0.154
2025-08-28 10:25:00,23650,CE,355.93,358.76,351.9,356.2,797,60442,0.154
2025-08-28 10:25:00,23650,PE,52.36,52.3,51.45,51.62,732,57524,0.154
2025-08-28 10:25:00,23700,CE,306.16,309.15,308.11,308.13,817,64643,0.154
2025-08-28 10:25:00,23700,PE,52.18,53.08,51.53,51.77,548,65718,0.154
2025-08-28 10:25:00,23750,CE,258.38,260.98,258.53,258.65,78,77039,0.154
2025-08-28 10:25:00,23750,PE,50.57,51.25,50.73,51.21,1004,74559,0.154
2025-08-28 10:25:00,23800,CE,205.06,208.01,205.57,205.68,915,84617,0.154
2025-08-28 10:25:00,23800,PE,50.68,50.73,50.55,50.7,92,85058,0.154
2025-08-28 10:25:00,23850,CE,160.99,161.42,158.84,159.62,378,77844,0.154
2025-08-28 10:25:00,23850,PE,51.92,52.39,51.78,52.36,1194,78371,0.154
2025-08-28 10:25:00,23900,CE,108.28,110.36,106.3,108.24,45,65216,0.154
2025-08-28 10:25:00,23900,PE,51.24,51.72,51.15,51.59,51,63437,0.154
2025-08-28 10:25:00,23950,CE,58.48,58.28,58.11,58.21,1389,62810,0.154
2025-08-28 10:25:00,23950,PE,47.75,49.42,48.13,48.71,264,64965,0.154
2025-08-28 10:25:00,24000,CE,51.57,52.44,51.75,52.08,1377,53020,0.154
2025-08-28 10:25:00,24000,PE,93.95,97.67,94.64,95.23,1324,59029,0.154
2025-08-28 10:25:00,24050,CE,49.27,49.87,49.03,49.43,1325,51249,0.154
2025-08-28 10:25:00,24050,PE,151.14,153.71,146.87,148.83,873,51374,0.154
2025-08-28 10:25:00,24100,CE,54.2,55.03,53.29,54.1,758,44774,0.154
2025-08-28 10:25:00,24100,PE,200.47,198.09,194.47,197.38,599,47100,0.154
2025-08-28 10:25:00,24150,CE,50.55,50.68,50.21,50.46,895,40760,0.154
2025-08-28 10:25:00,24150,PE,246.94,250.68,245.53,245.58,78,43054,0.154
2025-08-28 10:25:00,24200,CE,51.43,53.94,52.1,52.17,230,39446,0.154
2025-08-28 10:25:00,24200,PE,293.55,298.54,294.33,294.78,187,43566,0.154
2025-08-28 10:25:00,24250,CE,50.97,51.6,50.53,50.97,94,39362,0.154
2025-08-28 10:25:00,24250,PE,350.57,349.99,346.03,347.21,40,39734,0.154
2025-08-28 10:25:00,24300,CE,51.12,51.26,50.51,50.98,457,37564,0.154
2025-08-28 10:25:00,24300,PE,397.0,399.96,395.57,397.0,411,35941,0.154
2025-08-28 10:25:00,24350,CE,52.13,52.83,52.19,52.25,648,35059,0.154
2025-08-28 10:25:00,24350,PE,445.29,454.48,439.66,444.66,234,30724,0.154
2025-08-28 10:25:00,24400,CE,52.05,52.5,50.84,51.59,379,30564,0.154
2025-08-28 10:25:00,24400,PE,505.64,502.84,492.88,498.85,505,31544,0.154
2025-08-28 10:25:00,24450,CE,54.05,54.85,53.37,54.3,560,27702,0.154
2025-08-28 10:25:00,24450,PE,542.82,553.93,536.99,544.65,500,28979,0.154
2025-08-28 10:25:00,24500,CE,51.28,52.18,51.88,52.01,128,27209,0.154
2025-08-28 10:25:00,24500,PE,589.95,597.52,590.88,594.67,374,27707,0.154
2025-08-28 10:25:00,24550,CE,53.17,55.07,53.68,53.89,411,27570,0.154
2025-08-28 10:25:00,24550,PE,651.08,650.85,643.72,646.91,515,27844,0.154
2025-08-28 10:25:00,24600,CE,53.91,54.33,53.83,53.89,242,24953,0.154
2025-08-28 10:25:00,24600,PE,700.03,700.31,689.51,698.9,517,28972,0.154
2025-08-28 10:25:00,24650,CE,50.78,50.72,50.08,50.42,460,26578,0.154
2025-08-28 10:25:00,24650,PE,739.76,745.26,734.05,743.75,409,28319,0.154
2025-08-28 10:25:00,24700,CE,50.1,50.46,49.35,49.65,349,22626,0.154
2025-08-28 10:25:00,24700,PE,796.04,799.04,789.29,794.24,238,25011,0.154
2025-08-28 10:25:00,24750,CE,50.95,51.13,50.66,50.81,118,21913,0.154
2025-08-28 10:25:00,24750,PE,857.46,868.64,836.01,849.76,194,22513,0.154
2025-08-28 10:25:00,24800,CE,52.94,53.28,52.52,52.9,63,22842,0.154
2025-08-28 10:25:00,24800,PE,906.71,910.91,891.17,897.93,327,22246,0.154
2025-08-28 10:25:00,24850,CE,50.8,50.98,50.59,50.88,187,23965,0.154
2025-08-28 10:25:00,24850,PE,947.8,968.68,932.35,946.48,260,20093,0.154
2025-08-28 10:25:00,24900,CE,48.61,50.32,47.55,48.59,164,19862,0.154
2025-08-28 10:25:00,24900,PE,988.27,1006.33,987.87,997.0,292,21455,0.154
2025-08-28 10:30:00,23500,CE,512.16,516.63,514.99,515.12,153,45495,0.154
2025-08-28 10:30:00,23500,PE,52.76,53.55,52.38,52.55,70,47041,0.154
2025-08-28 10:30:00,23550,CE,476.41,470.58,465.79,468.22,700,51397,0.154
2025-08-28 10:30:00,23550,PE,54.99,56.04,55.82,55.88,239,49897,0.154
2025-08-28 10:30:00,23600,CE,423.57,423.2,416.92,420.12,408,52309,0.154
2025-08-28 10:30:00,23600,PE,52.94,54.19,53.01,53.18,705,53725,0.154
2025-08-28 10:30:00,23650,CE,365.86,370.82,362.21,367.75,480,60444,0.154
2025-08-28 10:30:00,23650,PE,46.61,47.71,46.86,47.5,792,58101,0.154
2025-08-28 10:30:00,23700,CE,322.9,319.55,316.84,319.28,129,64898,0.154
2025-08-28 10:30:00,23700,PE,55.94,56.18,54.56,55.42,162,65132,0.154
2025-08-28 10:30:00,23750,CE,264.82,273.44,267.44,267.74,568,77011,0.154
2025-08-28 10:30:00,23750,PE,52.04,53.06,52.08,52.22,508,73984,0.154
2025-08-28 10:30:00,23800,CE,213.88,217.83,212.73,214.55,734,84630,0.154
2025-08-28 10:30:00,23800,PE,46.8,48.01,46.8,47.14,82,84863,0.154
2025-08-28 10:30:00,23850,CE,163.13,164.63,163.94,163.97,189,78328,0.154
2025-08-28 10:30:00,23850,PE,51.33,52.03,51.18,51.39,951,78362,0.154
2025-08-28 10:30:00,23900,CE,118.18,119.35,117.77,118.25,149,65635,0.154
2025-08-28 10:30:00,23900,PE,52.04,51.73,51.06,51.59,534,63537,0.154
2025-08-28 10:30:00,23950,CE,67.44,67.62,66.43,67.26,1239,62685,0.154
2025-08-28 10:30:00,23950,PE,51.85,51.89,50.87,51.29,1663,64640,0.154
2025-08-28 10:30:00,24000,CE,55.74,56.62,55.76,55.95,564,52639,0.154
2025-08-28 10:30:00,24000,PE,86.68,85.44,84.55,85.07,564,59382,0.154
2025-08-28 10:30:00,24050,CE,53.26,52.99,52.42,52.91,660,51708,0.154
2025-08-28 10:30:00,24050,PE,135.92,137.29,134.63,137.08,1227,51162,0.154
2025-08-28 10:30:00,24100,CE,49.9,51.27,49.77,50.04,965,44767,0.154
2025-08-28 10:30:00,24100,PE,190.66,191.24,189.73,190.89,523,46845,0.154
2025-08-28 10:30:00,24150,CE,53.03,52.89,52.47,52.49,88,40706,0.154
2025-08-28 10:30:00,24150,PE,238.93,242.0,236.47,237.51,726,43497,0.154
2025-08-28 10:30:00,24200,CE,50.86,51.75,50.94,51.44,410,39011,0.154
2025-08-28 10:30:00,24200,PE,286.27,288.31,284.41,287.73,464,43315,0.154
2025-08-28 10:30:00,24250,CE,54.99,55.35,54.55,54.95,816,39596,0.154
2025-08-28 10:30:00,24250,PE,340.75,339.37,334.51,337.53,804,39506,0.154
2025-08-28 10:30:00,24300,CE,51.78,52.21,51.1,51.47,370,37061,0.154
2025-08-28 10:30:00,24300,PE,385.96,389.65,387.17,388.18,121,35790,0.154
2025-08-28 10:30:00,24350,CE,50.69,50.95,50.53,50.77,306,35270,0.154
2025-08-28 10:30:00,24350,PE,444.76,445.41,435.99,438.97,172,31304,0.154
2025-08-28 10:30:00,24400,CE,52.25,54.05,53.03,53.05,549,31034,0.154
2025-08-28 10:30:00,24400,PE,488.65,496.74,484.23,487.21,222,31618,0.154
2025-08-28 10:30:00,24450,CE,53.18,53.17,52.46,52.84,344,28034,0.154
2025-08-28 10:30:00,24450,PE,545.51,540.35,538.86,539.32,557,29064,0.154
2025-08-28 10:30:00,24500,CE,52.47,52.81,52.43,52.49,599,27201,0.154
2025-08-28 10:30:00,24500,PE,587.28,593.52,585.37,589.87,175,27311,0.154
2025-08-28 10:30:00,24550,CE,52.69,53.5,52.52,52.97,224,27320,0.154
2025-08-28 10:30:00,24550,PE,630.93,642.84,633.88,634.89,123,27786,0.154
2025-08-28 10:30:00,24600,CE,55.82,55.65,54.96,55.38,149,25535,0.154
2025-08-28 10:30:00,24600,PE,683.58,684.71,678.78,680.6,173,29102,0.154
2025-08-28 10:30:00,24650,CE,51.48,51.71,51.07,51.3,392,27111,0.154
2025-08-28 10:30:00,24650,PE,730.05,750.07,738.99,742.8,358,28029,0.154
2025-08-28 10:30:00,24700,CE,49.88,50.2,49.63,49.75,277,22108,0.154
2025-08-28 10:30:00,24700,PE,793.48,789.7,775.66,789.0,139,25585,0.154
2025-08-28 10:30:00,24750,CE,53.92,53.78,52.79,53.39,9,21708,0.154
2025-08-28 10:30:00,24750,PE,843.05,855.32,836.85,839.05,32,22555,0.154
2025-08-28 10:30:00,24800,CE,53.87,55.14,53.45,54.05,339,22327,0.154
2025-08-28 10:30:00,24800,PE,903.75,907.98,882.59,891.7,64,22678,0.154
2025-08-28 10:30:00,24850,CE,52.25,52.68,51.5,52.18,124,23365,0.154
2025-08-28 10:30:00,24850,PE,937.53,953.97,933.85,935.64,48,20580,0.154
2025-08-28 10:30:00,24900,CE,55.75,56.16,55.83,55.85,380,19460,0.154
2025-08-28 10:30:00,24900,PE,995.89,1002.56,978.6,987.59,120,21075,0.154
2025-08-28 10:35:00,23500,CE,523.06,527.12,516.0,522.59,334,45885,0.154
2025-08-28 10:35:00,23500,PE,54.25,54.91,54.35,54.88,510,46904,0.154
2025-08-28 10:35:00,23550,CE,462.73,472.77,468.05,471.08,501,51104,0.154
2025-08-28 10:35:00,23550,PE,54.93,55.82,54.97,55.0,652,50012,0.154
2025-08-28 10:35:00,23600,CE,414.93,431.19,417.19,419.89,709,52014,0.154
2025-08-28 10:35:00,23600,PE,55.0,55.27,54.13,54.61,734,53468,0.154
2025-08-28 10:35:00,23650,CE,373.12,372.98,370.48,370.76,577,59898,0.154
2025-08-28 10:35:00,23650,PE,51.03,50.87,50.32,50.75,203,58148,0.154
2025-08-28 10:35:00,23700,CE,326.72,329.7,317.36,324.29,467,64453,0.154
2025-08-28 10:35:00,23700,PE,52.44,53.0,51.73,52.2,23,65536,0.154
2025-08-28 10:35:00,23750,CE,266.5,279.66,272.74,275.32,258,77312,0.154
2025-08-28 10:35:00,23750,PE,53.77,53.86,53.53,53.66,187,73726,0.154
2025-08-28 10:35:00,23800,CE,225.3,226.97,223.83,224.33,36,84670,0.154
2025-08-28 10:35:00,23800,PE,53.83,54.87,53.24,53.4,586,84955,0.154
2025-08-28 10:35:00,23850,CE,170.78,174.0,168.68,170.78,946,78527,0.154
2025-08-28 10:35:00,23850,PE,47.83,48.4,47.96,48.08,271,78264,0.154
2025-08-28 10:35:00,23900,CE,124.79,124.17,123.77,123.93,131,65818,0.154
2025-08-28 10:35:00,23900,PE,52.33,53.44,52.24,52.59,584,63140,0.154
2025-08-28 10:35:00,23950,CE,71.59,71.69,70.11,71.52,1478,62650,0.154
2025-08-28 10:35:00,23950,PE,51.81,52.47,51.27,52.25,113,64152,0.154
2025-08-28 10:35:00,24000,CE,53.24,53.94,53.63,53.76,492,53168,0.154
2025-08-28 10:35:00,24000,PE,80.74,81.6,80.98,81.25,183,59263,0.154
2025-08-28 10:35:00,24050,CE,48.36,48.23,47.9,47.97,568,51848,0.154
2025-08-28 10:35:00,24050,PE,131.64,132.66,131.89,132.04,845,51149,0.154
2025-08-28 10:35:00,24100,CE,50.96,51.45,50.87,51.39,991,44199,0.154
2025-08-28 10:35:00,24100,PE,184.85,184.94,184.41,184.8,494,46320,0.154
2025-08-28 10:35:00,24150,CE,55.51,54.98,54.64,54.86,340,40423,0.154
2025-08-28 10:35:00,24150,PE,233.74,234.54,231.24,233.94,966,43706,0.154
2025-08-28 10:35:00,24200,CE,51.38,51.3,51.09,51.27,248,39180,0.154
2025-08-28 10:35:00,24200,PE,280.12,283.64,278.01,279.93,821,42940,0.154
2025-08-28 10:35:00,24250,CE,52.56,53.29,52.29,52.58,512,39582,0.154
2025-08-28 10:35:00,24250,PE,328.24,334.32,329.8,332.87,820,39346,0.154
2025-08-28 10:35:00,24300,CE,46.9,47.53,46.97,47.32,562,37143,0.154
2025-08-28 10:35:00,24300,PE,377.81,380.37,378.53,380.05,274,35591,0.154
2025-08-28 10:35:00,24350,CE,51.81,52.5,51.57,52.28,656,35745,0.154
2025-08-28 10:35:00,24350,PE,431.59,438.71,432.18,432.73,206,31270,0.154
2025-08-28 10:35:00,24400,CE,50.76,50.88,49.55,50.37,110,30945,0.154
2025-08-28 10:35:00,24400,PE,480.71,480.56,478.78,480.37,613,31861,0.154
2025-08-28 10:35:00,24450,CE,49.98,51.24,50.35,50.55,325,28370,0.154
2025-08-28 10:35:00,24450,PE,532.57,535.81,528.66,532.37,369,28989,0.154
2025-08-28 10:35:00,24500,CE,52.76,52.37,52.07,52.32,20,26731,0.154
2025-08-28 10:35:00,24500,PE,582.99,597.14,581.81,582.6,337,26813,0.154
2025-08-28 10:35:00,24550,CE,52.45,53.11,52.34,52.66,16,27112,0.154
2025-08-28 10:35:00,24550,PE,634.04,643.08,632.96,634.94,328,28065,0.154
2025-08-28 10:35:00,24600,CE,49.39,49.76,49.38,49.69,531,25719,0.154
2025-08-28 10:35:00,24600,PE,686.77,697.6,682.4,683.3,537,28847,0.154
2025-08-28 10:35:00,24650,CE,50.82,50.31,49.99,50.05,346,26516,0.154
2025-08-28 10:35:00,24650,PE,738.34,737.6,720.5,734.28,78,28200,0.154
2025-08-28 10:35:00,24700,CE,53.45,55.04,54.21,54.57,162,22185,0.154
2025-08-28 10:35:00,24700,PE,790.42,794.22,778.22,783.57,467,25911,0.154
2025-08-28 10:35:00,24750,CE,49.97,50.05,48.83,49.48,171,21931,0.154
2025-08-28 10:35:00,24750,PE,838.09,846.73,804.36,830.55,436,22251,0.154
2025-08-28 10:35:00,24800,CE,54.13,55.37,54.65,54.71,253,22606,0.154
2025-08-28 10:35:00,24800,PE,874.87,880.67,872.1,878.26,299,22661,0.154
2025-08-28 10:35:00,24850,CE,49.96,50.61,49.76,50.03,190,23454,0.154
2025-08-28 10:35:00,24850,PE,934.52,940.46,921.68,932.51,217,20408,0.154
2025-08-28 10:35:00,24900,CE,54.64,54.43,54.15,54.42,362,19808,0.154
2025-08-28 10:35:00,24900,PE,988.99,996.71,980.39,982.64,267,20710,0.154
2025-08-28 10:40:00,23500,CE,538.43,542.36,529.92,534.1,342,45530,0.154
2025-08-28 10:40:00,23500,PE,50.42,50.42,49.46,49.97,115,46588,0.154
2025-08-28 10:40:00,23550,CE,480.69,492.97,481.69,487.71,119,51451,0.154
2025-08-28 10:40:00,23550,PE,51.75,51.9,51.29,51.35,365,50285,0.154
2025-08-28 10:40:00,23600,CE,438.8,440.26,436.89,438.67,736,51737,0.154
2025-08-28 10:40:00,23600,PE,55.94,56.26,54.87,55.96,157,53040,0.154
2025-08-28 10:40:00,23650,CE,387.9,391.05,384.9,385.18,28,59331,0.154
2025-08-28 10:40:00,23650,PE,53.77,53.95,52.71,53.34,490,58368,0.154
2025-08-28 10:40:00,23700,CE,339.13,335.58,331.53,335.34,269,64499,0.154
2025-08-28 10:40:00,23700,PE,51.51,51.74,51.13,51.69,195,65778,0.154
2025-08-28 10:40:00,23750,CE,285.96,287.04,285.34,286.09,697,77561,0.154
2025-08-28 10:40:00,23750,PE,49.93,49.36,49.09,49.26,506,74139,0.154
2025-08-28 10:40:00,23800,CE,237.62,241.34,236.35,237.36,106,84569,0.154
2025-08-28 10:40:00,23800,PE,53.2,54.24,52.36,52.48,85,85347,0.154
2025-08-28 10:40:00,23850,CE,190.49,189.59,189.12,189.17,107,78449,0.154
2025-08-28 10:40:00,23850,PE,55.93,55.7,55.46,55.64,241,78513,0.154
2025-08-28 10:40:00,23900,CE,137.35,136.83,135.81,136.76,567,65879,0.154
2025-08-28 10:40:00,23900,PE,51.09,51.41,50.71,50.85,1325,63645,0.154
2025-08-28 10:40:00,23950,CE,86.68,88.41,85.86,87.43,699,62494,0.154
2025-08-28 10:40:00,23950,PE,49.78,50.1,48.93,49.75,495,64379,0.154
2025-08-28 10:40:00,24000,CE,49.54,50.27,49.89,49.98,1700,53285,0.154
2025-08-28 10:40:00,24000,PE,66.52,66.09,64.39,65.75,978,59861,0.154
2025-08-28 10:40:00,24050,CE,52.51,52.38,51.5,52.29,296,51340,0.154
2025-08-28 10:40:00,24050,PE,111.66,113.49,110.98,111.79,159,51266,0.154
2025-08-28 10:40:00,24100,CE,53.11,52.31,52.09,52.22,1143,43877,0.154
2025-08-28 10:40:00,24100,PE,164.88,166.09,164.58,164.73,927,46781,0.154
2025-08-28 10:40:00,24150,CE,52.21,52.11,51.79,51.97,1037,40776,0.154
2025-08-28 10:40:00,24150,PE,217.68,216.59,215.04,215.14,426,43900,0.154
2025-08-28 10:40:00,24200,CE,51.38,51.48,51.32,51.44,570,39156,0.154
2025-08-28 10:40:00,24200,PE,261.14,265.67,263.81,264.06,723,43157,0.154
2025-08-28 10:40:00,24250,CE,50.7,50.55,50.21,50.34,747,39647,0.154
2025-08-28 10:40:00,24250,PE,311.31,314.06,310.11,312.87,611,39090,0.154
2025-08-28 10:40:00,24300,CE,49.8,50.13,49.37,50.13,406,37526,0.154
2025-08-28 10:40:00,24300,PE,369.51,368.53,364.13,366.07,654,35606,0.154
2025-08-28 10:40:00,24350,CE,51.72,51.77,51.04,51.45,446,35453,0.154
2025-08-28 10:40:00,24350,PE,421.12,416.91,415.93,416.87,305,31467,0.154
2025-08-28 10:40:00,24400,CE,53.67,54.5,52.92,53.52,93,30367,0.154
2025-08-28 10:40:00,24400,PE,462.36,469.33,466.49,466.87,437,32125,0.154
2025-08-28 10:40:00,24450,CE,53.61,53.38,53.16,53.37,660,28334,0.154
2025-08-28 10:40:00,24450,PE,515.64,521.71,512.94,516.01,92,29150,0.154
2025-08-28 10:40:00,24500,CE,52.29,53.02,51.51,51.96,201,26319,0.154
2025-08-28 10:40:00,24500,PE,566.39,571.61,566.65,567.37,395,27074,0.154
2025-08-28 10:40:00,24550,CE,51.35,50.98,50.65,50.86,41,27379,0.154
2025-08-28 10:40:00,24550,PE,614.18,618.96,610.25,616.63,344,28354,0.154
2025-08-28 10:40:00,24600,CE,51.26,53.06,51.37,51.66,356,25679,0.154
2025-08-28 10:40:00,24600,PE,654.58,667.94,664.56,665.93,193,29015,0.154
2025-08-28 10:40:00,24650,CE,51.55,52.1,51.45,51.91,112,26575,0.154
2025-08-28 10:40:00,24650,PE,703.94,722.82,710.28,714.64,401,27879,0.154
2025-08-28 10:40:00,24700,CE,50.62,50.95,50.02,50.41,50,21612,0.154
2025-08-28 10:40:00,24700,PE,776.15,766.39,762.76,766.24,283,25807,0.154
2025-08-28 10:40:00,24750,CE,51.13,51.15,50.52,50.78,316,22308,0.154
2025-08-28 10:40:00,24750,PE,820.79,818.07,808.12,817.12,469,22037,0.154
2025-08-28 10:40:00,24800,CE,50.81,50.74,50.24,50.51,57,22904,0.154
2025-08-28 10:40:00,24800,PE,877.19,871.57,863.73,868.38,16,22828,0.154
2025-08-28 10:40:00,24850,CE,52.05,52.61,52.06,52.08,125,23277,0.154
2025-08-28 10:40:00,24850,PE,913.81,917.07,909.89,916.37,60,19808,0.154
2025-08-28 10:40:00,24900,CE,50.17,51.91,50.21,50.42,86,19725,0.154
2025-08-28 10:40:00,24900,PE,962.63,989.82,962.37,964.77,128,20581,0.154
2025-08-28 10:45:00,23500,CE,545.72,554.99,543.89,547.96,81,45096,0.154
2025-08-28 10:45:00,23500,PE,52.45,52.68,52.07,52.37,486,46970,0.154
2025-08-28 10:45:00,23550,CE,495.84,499.31,492.57,496.38,514,51997,0.154
2025-08-28 10:45:00,23550,PE,49.31,50.42,49.28,49.65,508,49830,0.154
2025-08-28 10:45:00,23600,CE,447.52,457.04,447.54,447.75,550,51414,0.154
2025-08-28 10:45:00,23600,PE,52.99,53.73,53.19,53.2,579,53198,0.154
2025-08-28 10:45:00,23650,CE,404.33,409.08,397.42,398.42,680,59872,0.154
2025-08-28 10:45:00,23650,PE,54.64,53.99,53.65,53.78,556,58888,0.154
2025-08-28 10:45:00,23700,CE,344.1,349.9,345.26,345.32,477,65016,0.154
2025-08-28 10:45:00,23700,PE,52.36,53.27,52.48,52.81,90,65706,0.154
2025-08-28 10:45:00,23750,CE,291.18,298.48,293.45,295.39,732,78144,0.154
2025-08-28 10:45:00,23750,PE,52.4,52.29,52.03,52.21,832,73976,0.154
2025-08-28 10:45:00,23800,CE,248.34,252.12,248.47,250.1,669,84073,0.154
2025-08-28 10:45:00,23800,PE,55.56,56.69,55.94,55.98,137,85592,0.154
2025-08-28 10:45:00,23850,CE,199.43,200.34,198.76,199.32,383,78516,0.154
2025-08-28 10:45:00,23850,PE,49.96,49.93,49.28,49.74,259,78872,0.154
2025-08-28 10:45:00,23900,CE,144.8,148.1,146.15,146.63,135,66024,0.154
2025-08-28 10:45:00,23900,PE,49.12,49.81,49.13,49.5,913,64029,0.154
2025-08-28 10:45:00,23950,CE,99.53,101.32,99.64,99.86,414,62306,0.154
2025-08-28 10:45:00,23950,PE,50.79,51.15,50.28,50.63,871,64124,0.154
2025-08-28 10:45:00,24000,CE,50.96,52.25,50.64,51.15,1311,53593,0.154
2025-08-28 10:45:00,24000,PE,59.79,61.67,60.76,60.89,1345,59858,0.154
2025-08-28 10:45:00,24050,CE,51.5,51.89,51.48,51.66,953,50955,0.154
2025-08-28 10:45:00,24050,PE,112.06,112.44,110.09,111.4,316,51116,0.154
2025-08-28 10:45:00,24100,CE,50.31,50.6,49.89,50.48,287,44237,0.154
2025-08-28 10:45:00,24100,PE,151.88,154.04,152.48,152.77,353,47289,0.154
2025-08-28 10:45:00,24150,CE,53.03,53.51,53.18,53.19,486,41088,0.154
2025-08-28 10:45:00,24150,PE,203.39,205.62,203.84,204.61,105,44161,0.154
2025-08-28 10:45:00,24200,CE,55.08,55.29,53.97,54.81,481,39529,0.154
2025-08-28 10:45:00,24200,PE,256.15,257.58,255.03,255.79,201,42797,0.154
2025-08-28 10:45:00,24250,CE,53.56,55.21,53.41,53.87,812,39742,0.154
2025-08-28 10:45:00,24250,PE,303.22,308.07,302.78,303.69,534,39203,0.154
2025-08-28 10:45:00,24300,CE,52.55,53.0,51.75,52.12,316,38061,0.154
2025-08-28 10:45:00,24300,PE,354.93,359.64,352.36,356.41,482,35024,0.154
2025-08-28 10:45:00,24350,CE,51.39,52.51,51.73,51.96,235,36017,0.154
2025-08-28 10:45:00,24350,PE,409.0,407.58,403.25,405.12,391,31738,0.154
2025-08-28 10:45:00,24400,CE,52.25,52.94,52.12,52.63,25,29793,0.154
2025-08-28 10:45:00,24400,PE,449.59,461.51,454.54,457.02,159,32147,0.154
2025-08-28 10:45:00,24450,CE,48.92,49.13,48.4,48.56,420,27817,0.154
2025-08-28 10:45:00,24450,PE,505.86,509.58,507.97,508.62,626,29274,0.154
2025-08-28 10:45:00,24500,CE,53.38,53.21,52.52,53.18,231,26260,0.154
2025-08-28 10:45:00,24500,PE,554.58,568.13,549.88,558.57,328,27400,0.154
2025-08-28 10:45:00,24550,CE,53.0,54.42,53.2,54.01,64,27474,0.154
2025-08-28 10:45:00,24550,PE,609.08,615.71,603.93,607.11,318,28697,0.154
2025-08-28 10:45:00,24600,CE,49.31,50.6,49.48,49.71,209,25521,0.154
2025-08-28 10:45:00,24600,PE,656.72,659.25,657.39,657.65,459,29443,0.154
2025-08-28 10:45:00,24650,CE,53.38,54.0,53.55,53.76,443,27014,0.154
2025-08-28 10:45:00,24650,PE,706.51,722.46,706.25,706.29,62,28065,0.154
2025-08-28 10:45:00,24700,CE,50.54,51.37,50.49,50.93,352,21328,0.154
2025-08-28 10:45:00,24700,PE,753.6,759.06,751.72,755.83,235,26396,0.154
2025-08-28 10:45:00,24750,CE,52.9,53.31,52.38,52.67,74,22689,0.154
2025-08-28 10:45:00,24750,PE,808.5,810.54,802.27,808.06,159,22458,0.154
2025-08-28 10:45:00,24800,CE,50.89,50.81,50.28,50.68,250,22317,0.154
2025-08-28 10:45:00,24800,PE,855.82,862.45,856.39,857.21,57,23219,0.154
2025-08-28 10:45:00,24850,CE,53.62,53.83,53.33,53.69,351,22938,0.154
2025-08-28 10:45:00,24850,PE,917.34,928.32,903.52,911.7,285,19817,0.154
2025-08-28 10:45:00,24900,CE,51.5,51.36,51.2,51.35,29,19970,0.154
2025-08-28 10:45:00,24900,PE,950.54,960.53,948.38,953.52,73,20473,0.154
2025-08-28 10:50:00,23500,CE,533.81,540.84,535.92,536.6,15,44788,0.154
2025-08-28 10:50:00,23500,PE,51.32,51.13,50.48,51.03,611,46970,0.154
2025-08-28 10:50:00,23550,CE,495.15,504.58,491.6,491.61,508,51756,0.154
2025-08-28 10:50:00,23550,PE,52.35,53.18,52.14,52.25,41,49968,0.154
2025-08-28 10:50:00,23600,CE,434.77,445.14,437.37,438.02,189,50945,0.154
2025-08-28 10:50:00,23600,PE,54.67,54.39,54.02,54.3,377,53087,0.154
2025-08-28 10:50:00,23650,CE,388.14,392.04,382.69,387.94,105,59981,0.154
2025-08-28 10:50:00,23650,PE,50.43,51.23,50.04,50.56,369,59476,0.154
2025-08-28 10:50:00,23700,CE,344.51,340.08,336.21,339.57,91,65010,0.154
2025-08-28 10:50:00,23700,PE,51.61,53.81,51.76,52.83,703,65617,0.154
2025-08-28 10:50:00,23750,CE,290.59,295.14,287.43,292.46,214,78731,0.154
2025-08-28 10:50:00,23750,PE,52.65,54.29,53.36,53.44,325,74486,0.154
2025-08-28 10:50:00,23800,CE,240.27,244.7,237.17,242.37,904,84280,0.154
2025-08-28 10:50:00,23800,PE,52.24,52.81,51.91,52.36,832,85645,0.154
2025-08-28 10:50:00,23850,CE,191.39,190.95,186.23,190.16,809,78241,0.154
2025-08-28 10:50:00,23850,PE,53.57,54.01,53.27,53.71,85,79020,0.154
2025-08-28 10:50:00,23900,CE,135.47,141.2,136.24,137.49,1100,66424,0.154
2025-08-28 10:50:00,23900,PE,50.76,51.05,50.66,51.03,1045,64606,0.154
2025-08-28 10:50:00,23950,CE,85.33,86.62,85.62,86.21,950,61911,0.154
2025-08-28 10:50:00,23950,PE,51.94,52.3,51.88,52.02,345,63852,0.154
2025-08-28 10:50:00,24000,CE,49.19,51.81,49.13,49.88,1685,54054,0.154
2025-08-28 10:50:00,24000,PE,62.19,61.81,61.12,61.58,1261,60291,0.154
2025-08-28 10:50:00,24050,CE,53.09,53.65,52.77,53.32,519,51214,0.154
2025-08-28 10:50:00,24050,PE,114.31,115.45,112.01,114.04,266,50640,0.154
2025-08-28 10:50:00,24100,CE,48.65,49.55,48.21,48.73,831,44484,0.154
2025-08-28 10:50:00,24100,PE,162.6,165.51,163.36,163.47,772,47251,0.154
2025-08-28 10:50:00,24150,CE,51.05,51.12,50.52,50.98,696,40933,0.154
2025-08-28 10:50:00,24150,PE,214.82,217.48,210.37,215.6,347,43861,0.154
2025-08-28 10:50:00,24200,CE,54.48,54.81,53.79,53.98,382,39310,0.154
2025-08-28 10:50:00,24200,PE,262.8,266.59,260.46,263.56,175,42839,0.154
2025-08-28 10:50:00,24250,CE,54.5,55.68,54.34,54.46,389,39336,0.154
2025-08-28 10:50:00,24250,PE,312.43,314.47,309.12,310.35,841,39214,0.154
2025-08-28 10:50:00,24300,CE,54.59,55.42,54.34,55.0,132,37518,0.154
2025-08-28 10:50:00,24300,PE,368.43,364.84,357.4,363.94,85,34916,0.154
2025-08-28 10:50:00,24350,CE,53.17,53.21,52.51,52.86,198,36569,0.154
2025-08-28 10:50:00,24350,PE,422.46,415.48,414.89,415.32,374,32024,0.154
2025-08-28 10:50:00,24400,CE,53.29,53.46,53.2,53.21,186,29275,0.154
2025-08-28 10:50:00,24400,PE,468.93,468.29,459.37,459.76,250,32372,0.154
2025-08-28 10:50:00,24450,CE,52.71,52.17,51.51,51.86,519,27452,0.154
2025-08-28 10:50:00,24450,PE,519.8,519.19,509.08,515.41,208,29242,0.154
2025-08-28 10:50:00,24500,CE,54.79,54.51,54.13,54.44,226,26013,0.154
2025-08-28 10:50:00,24500,PE,568.46,576.32,564.04,564.37,623,27920,0.154
2025-08-28 10:50:00,24550,CE,51.42,52.06,50.88,51.71,218,26939,0.154
2025-08-28 10:50:00,24550,PE,610.17,616.14,604.16,612.78,220,29154,0.154
2025-08-28 10:50:00,24600,CE,47.93,48.06,47.45,47.93,506,25762,0.154
2025-08-28 10:50:00,24600,PE,659.35,670.14,646.74,662.38,382,29278,0.154
2025-08-28 10:50:00,24650,CE,55.6,55.13,54.88,54.94,239,27469,0.154
2025-08-28 10:50:00,24650,PE,719.93,721.83,716.0,716.45,121,27952,0.154
2025-08-28 10:50:00,24700,CE,50.22,50.64,50.39,50.45,444,21566,0.154
2025-08-28 10:50:00,24700,PE,771.86,770.57,761.19,765.61,62,26741,0.154
2025-08-28 10:50:00,24750,CE,54.37,54.12,53.52,53.83,40,22432,0.154
2025-08-28 10:50:00,24750,PE,816.08,820.53,809.56,811.37,443,21944,0.154
2025-08-28 10:50:00,24800,CE,53.78,54.65,53.52,53.54,92,22758,0.154
2025-08-28 10:50:00,24800,PE,862.21,876.15,865.61,865.87,309,22896,0.154
2025-08-28 10:50:00,24850,CE,54.44,55.03,54.02,54.14,155,23456,0.154
2025-08-28 10:50:00,24850,PE,921.59,914.62,911.61,913.75,268,19595,0.154
2025-08-28 10:50:00,24900,CE,54.68,54.97,54.38,54.39,66,19867,0.154
2025-08-28 10:50:00,24900,PE,957.64,979.82,963.01,965.95,138,20389,0.154
2025-08-28 10:55:00,23500,CE,524.72,529.62,513.52,518.96,43,44749,0.154
2025-08-28 10:55:00,23500,PE,51.78,51.88,50.54,51.65,173,47525,0.154
2025-08-28 10:55:00,23550,CE,473.95,476.02,465.22,471.07,207,51450,0.154
2025-08-28 10:55:00,23550,PE,53.97,54.29,53.57,53.61,225,50097,0.154
2025-08-28 10:55:00,23600,CE,417.64,420.35,414.07,420.22,569,50697,0.154
2025-08-28 10:55:00,23600,PE,51.64,51.48,51.01,51.35,541,52644,0.154
2025-08-28 10:55:00,23650,CE,374.56,373.4,371.48,371.53,172,59727,0.154
2025-08-28 10:55:00,23650,PE,53.9,53.97,53.12,53.26,591,59538,0.154
2025-08-28 10:55:00,23700,CE,320.5,323.01,320.07,322.66,430,65138,0.154
2025-08-28 10:55:00,23700,PE,51.88,52.76,51.75,52.19,191,65333,0.154
2025-08-28 10:55:00,23750,CE,275.37,274.3,273.69,274.0,717,79315,0.154
2025-08-28 10:55:00,23750,PE,49.42,49.73,49.22,49.24,16,74321,0.154
2025-08-28 10:55:00,23800,CE,218.67,219.27,217.32,217.52,993,84678,0.154
2025-08-28 10:55:00,23800,PE,53.91,54.35,53.07,53.85,307,85087,0.154
2025-08-28 10:55:00,23850,CE,168.73,171.72,168.23,169.84,726,78475,0.154
2025-08-28 10:55:00,23850,PE,51.45,51.72,51.33,51.35,337,78784,0.154
2025-08-28 10:55:00,23900,CE,121.03,120.81,120.52,120.54,982,66468,0.154
2025-08-28 10:55:00,23900,PE,54.83,54.66,54.08,54.54,425,65009,0.154
2025-08-28 10:55:00,23950,CE,70.68,71.51,71.31,71.4,1531,62180,0.154
2025-08-28 10:55:00,23950,PE,54.05,55.12,54.55,54.61,1602,63683,0.154
2025-08-28 10:55:00,24000,CE,53.01,53.4,53.28,53.38,202,54332,0.154
2025-08-28 10:55:00,24000,PE,83.64,84.96,82.36,82.46,914,60187,0.154
2025-08-28 10:55:00,24050,CE,50.91,51.55,51.0,51.02,378,50690,0.154
2025-08-28 10:55:00,24050,PE,133.72,136.05,131.38,133.87,256,50838,0.154
2025-08-28 10:55:00,24100,CE,57.09,57.37,56.57,56.91,293,45008,0.154
2025-08-28 10:55:00,24100,PE,183.89,185.92,182.52,183.78,587,46751,0.154
2025-08-28 10:55:00,24150,CE,47.79,48.41,47.52,47.73,716,41158,0.154
2025-08-28 10:55:00,24150,PE,236.57,237.21,232.53,234.34,209,44268,0.154
2025-08-28 10:55:00,24200,CE,56.16,55.7,54.85,55.67,726,39425,0.154
2025-08-28 10:55:00,24200,PE,282.82,292.88,281.06,283.71,132,42821,0.154
2025-08-28 10:55:00,24250,CE,53.52,53.33,52.56,52.92,866,39020,0.154
2025-08-28 10:55:00,24250,PE,329.55,333.88,322.91,329.35,836,38846,0.154
2025-08-28 10:55:00,24300,CE,49.8,50.5,49.46,49.72,502,37393,0.154
2025-08-28 10:55:00,24300,PE,383.45,389.48,380.36,385.61,68,35085,0.154
2025-08-28 10:55:00,24350,CE,52.87,53.27,52.64,52.84,364,36346,0.154
2025-08-28 10:55:00,24350,PE,436.27,439.11,433.66,433.76,185,32010,0.154
2025-08-28 10:55:00,24400,CE,47.76,48.13,47.16,48.07,84,29394,0.154
2025-08-28 10:55:00,24400,PE,489.09,492.57,483.12,486.65,75,32023,0.154
2025-08-28 10:55:00,24450,CE,46.04,46.42,45.68,46.28,340,27741,0.154
2025-08-28 10:55:00,24450,PE,540.22,534.39,531.71,532.33,267,29396,0.154
2025-08-28 10:55:00,24500,CE,53.72,53.31,52.8,53.08,575,26123,0.154
2025-08-28 10:55:00,24500,PE,589.88,604.47,581.8,585.19,465,27893,0.154
2025-08-28 10:55:00,24550,CE,50.85,50.89,50.44,50.75,158,26776,0.154
2025-08-28 10:55:00,24550,PE,642.87,634.39,629.66,632.87,210,29212,0.154
2025-08-28 10:55:00,24600,CE,52.17,52.89,52.11,52.29,90,26080,0.154
2025-08-28 10:55:00,24600,PE,685.32,687.76,680.67,685.39,91,29525,0.154
2025-08-28 10:55:00,24650,CE,50.96,52.33,51.07,51.8,250,27754,0.154
2025-08-28 10:55:00,24650,PE,724.1,742.18,721.99,735.94,98,27603,0.154
2025-08-28 10:55:00,24700,CE,53.33,53.57,52.93,53.42,130,21901,0.154
2025-08-28 10:55:00,24700,PE,776.02,789.55,779.3,781.99,137,26543,0.154
2025-08-28 10:55:00,24750,CE,49.74,50.27,49.73,49.92,72,22111,0.154
2025-08-28 10:55:00,24750,PE,829.03,840.41,834.78,835.35,404,21489,0.154
2025-08-28 10:55:00,24800,CE,50.73,51.79,50.44,50.55,411,23154,0.154
2025-08-28 10:55:00,24800,PE,886.35,896.89,883.63,885.36,427,23043,0.154
2025-08-28 10:55:00,24850,CE,53.69,54.97,52.76,53.84,296,23865,0.154
2025-08-28 10:55:00,24850,PE,944.0,950.89,931.41,936.57,307,19668,0.154
2025-08-28 10:55:00,24900,CE,53.3,53.6,52.46,52.64,177,20299,0.154
2025-08-28 10:55:00,24900,PE,983.77,989.91,983.08,986.74,135,20456,0.154
2025-08-28 11:00:00,23500,CE,517.43,523.18,503.28,508.82,51,44924,0.154
2025-08-28 11:00:00,23500,PE,52.27,52.26,50.77,51.28,99,46992,0.154
2025-08-28 11:00:00,23550,CE,463.63,463.63,453.01,460.99,224,51653,0.154
2025-08-28 11:00:00,23550,PE,50.53,51.23,50.27,50.99,604,50214,0.154
2025-08-28 11:00:00,23600,CE,407.33,412.75,407.98,409.96,519,50387,0.154
2025-08-28 11:00:00,23600,PE,52.12,51.65,51.18,51.62,95,52179,0.154
2025-08-28 11:00:00,23650,CE,361.24,358.6,355.5,358.09,77,59543,0.154
2025-08-28 11:00:00,23650,PE,49.14,49.95,49.7,49.76,643,59010,0.154
2025-08-28 11:00:00,23700,CE,313.03,309.78,301.98,307.11,334,65258,0.154
2025-08-28 11:00:00,23700,PE,49.78,49.93,49.35,49.77,70,65388,0.154
2025-08-28 11:00:00,23750,CE,256.47,266.4,258.53,259.79,420,79816,0.154
2025-08-28 11:00:00,23750,PE,50.16,51.67,49.48,50.22,520,74342,0.154
2025-08-28 11:00:00,23800,CE,205.67,212.64,207.34,208.43,981,84953,0.154
2025-08-28 11:00:00,23800,PE,49.73,51.21,50.16,50.27,639,85283,0.154
2025-08-28 11:00:00,23850,CE,159.12,159.2,156.05,158.29,537,78714,0.154
2025-08-28 11:00:00,23850,PE,53.27,55.33,52.48,53.53,416,78560,0.154
2025-08-28 11:00:00,23900,CE,110.23,110.48,108.91,109.86,1243,66366,0.154
2025-08-28 11:00:00,23900,PE,53.09,53.83,52.81,53.19,806,64552,0.154
2025-08-28 11:00:00,23950,CE,57.1,57.86,56.6,56.76,623,62360,0.154
2025-08-28 11:00:00,23950,PE,53.06,53.09,52.38,52.63,946,63445,0.154
2025-08-28 11:00:00,24000,CE,51.21,51.0,50.71,50.9,70,54390,0.154
2025-08-28 11:00:00,24000,PE,94.6,95.49,93.74,94.08,559,60692,0.154
2025-08-28 11:00:00,24050,CE,48.04,48.55,48.07,48.1,80,50909,0.154
2025-08-28 11:00:00,24050,PE,144.38,144.94,143.02,143.27,528,50559,0.154
2025-08-28 11:00:00,24100,CE,53.23,54.29,53.87,53.92,852,45025,0.154
2025-08-28 11:00:00,24100,PE,199.28,197.01,196.14,196.29,106,46873,0.154
2025-08-28 11:00:00,24150,CE,52.21,52.31,51.71,52.19,203,41578,0.154
2025-08-28 11:00:00,24150,PE,241.68,241.96,239.94,241.47,269,44620,0.154
2025-08-28 11:00:00,24200,CE,54.11,54.71,53.59,53.7,326,39203,0.154
2025-08-28 11:00:00,24200,PE,291.66,296.95,291.02,294.02,17,43324,0.154
2025-08-28 11:00:00,24250,CE,51.16,52.15,51.11,51.33,489,38596,0.154
2025-08-28 11:00:00,24250,PE,345.69,346.68,344.67,344.88,43,38577,0.154
2025-08-28 11:00:00,24300,CE,52.4,52.83,52.44,52.68,403,36833,0.154
2025-08-28 11:00:00,24300,PE,396.66,400.46,395.4,397.47,298,34858,0.154
2025-08-28 11:00:00,24350,CE,50.48,50.21,49.98,50.15,651,36242,0.154
2025-08-28 11:00:00,24350,PE,440.36,447.96,439.66,442.12,88,31699,0.154
2025-08-28 11:00:00,24400,CE,51.61,53.3,51.78,51.97,574,28809,0.154
2025-08-28 11:00:00,24400,PE,499.94,504.78,491.94,497.97,102,31435,0.154
2025-08-28 11:00:00,24450,CE,51.6,53.87,51.73,52.08,42,28249,0.154
2025-08-28 11:00:00,24450,PE,537.51,541.46,536.58,539.62,642,29677,0.154
2025-08-28 11:00:00,24500,CE,54.6,54.34,53.73,54.09,64,26361,0.154
2025-08-28 11:00:00,24500,PE,595.89,603.88,591.69,596.29,472,28235,0.154
2025-08-28 11:00:00,24550,CE,50.63,51.36,50.23,51.1,430,27009,0.154
2025-08-28 11:00:00,24550,PE,650.55,651.07,645.95,647.64,258,28685,0.154
2025-08-28 11:00:00,24600,CE,49.36,49.69,48.9,49.36,448,26590,0.154
2025-08-28 11:00:00,24600,PE,692.29,691.91,689.92,690.68,275,29439,0.154
2025-08-28 11:00:00,24650,CE,49.82,49.66,49.53,49.65,472,27698,0.154
2025-08-28 11:00:00,24650,PE,743.28,751.64,745.74,746.69,196,28066,0.154
2025-08-28 11:00:00,24700,CE,53.81,55.41,54.25,54.87,454,21546,0.154
2025-08-28 11:00:00,24700,PE,787.7,797.16,785.18,793.16,140,26318,0.154
2025-08-28 11:00:00,24750,CE,53.31,53.52,53.35,53.5,80,22537,0.154
2025-08-28 11:00:00,24750,PE,848.45,850.58,836.14,845.1,454,21512,0.154
2025-08-28 11:00:00,24800,CE,49.92,50.91,49.84,49.92,319,23058,0.154
2025-08-28 11:00:00,24800,PE,886.87,896.81,889.22,893.8,443,23588,0.154
2025-08-28 11:00:00,24850,CE,49.31,49.05,48.61,48.91,321,24331,0.154
2025-08-28 11:00:00,24850,PE,958.33,960.42,941.41,948.07,63,20132,0.154
2025-08-28 11:00:00,24900,CE,54.29,55.39,53.83,54.24,178,19953,0.154
2025-08-28 11:00:00,24900,PE,994.99,1004.99,989.42,991.88,381,20868,0.154
2025-08-28 11:05:00,23500,CE,528.01,536.5,529.0,534.06,97,45112,0.154
2025-08-28 11:05:00,23500,PE,52.57,52.76,51.94,52.35,580,47221,0.154
2025-08-28 11:05:00,23550,CE,491.62,497.87,482.45,487.03,344,51110,0.154
2025-08-28 11:05:00,23550,PE,54.44,55.03,54.44,54.53,354,50280,0.154
2025-08-28 11:05:00,23600,CE,433.98,441.4,430.29,434.75,638,50049,0.154
2025-08-28 11:05:00,23600,PE,50.38,51.15,50.24,50.28,165,52691,0.154
2025-08-28 11:05:00,23650,CE,387.11,390.89,381.91,383.42,686,59616,0.154
2025-08-28 11:05:00,23650,PE,53.71,54.36,53.88,54.03,371,59150,0.154
2025-08-28 11:05:00,23700,CE,336.96,338.78,333.8,337.06,147,64949,0.154
2025-08-28 11:05:00,23700,PE,49.56,50.3,48.65,49.19,488,65293,0.154
2025-08-28 11:05:00,23750,CE,285.14,284.07,279.39,283.0,187,79851,0.154
2025-08-28 11:05:00,23750,PE,51.07,50.93,49.63,50.06,643,74716,0.154
2025-08-28 11:05:00,23800,CE,237.0,238.28,232.65,235.04,689,85086,0.154
2025-08-28 11:05:00,23800,PE,50.32,50.57,50.12,50.34,610,84818,0.154
2025-08-28 11:05:00,23850,CE,189.82,194.52,187.84,190.07,479,78654,0.154
2025-08-28 11:05:00,23850,PE,50.18,50.33,49.7,49.81,645,78314,0.154
2025-08-28 11:05:00,23900,CE,139.89,138.53,136.25,138.04,1033,66412,0.154
2025-08-28 11:05:00,23900,PE,51.37,51.8,50.71,51.16,437,64515,0.154
2025-08-28 11:05:00,23950,CE,90.38,91.3,88.64,89.94,1146,61786,0.154
2025-08-28 11:05:00,23950,PE,52.92,52.83,51.97,52.73,564,63094,0.154
2025-08-28 11:05:00,24000,CE,55.81,56.06,55.75,55.89,566,54582,0.154
2025-08-28 11:05:00,24000,PE,65.99,67.39,66.14,66.21,384,60745,0.154
2025-08-28 11:05:00,24050,CE,50.55,50.32,50.23,50.29,562,50372,0.154
2025-08-28 11:05:00,24050,PE,120.61,123.26,119.41,119.69,1289,50676,0.154
2025-08-28 11:05:00,24100,CE,52.44,52.4,51.56,52.16,392,45028,0.154
2025-08-28 11:05:00,24100,PE,170.17,170.82,168.97,169.41,1252,46453,0.154
2025-08-28 11:05:00,24150,CE,51.18,51.18,49.75,50.83,961,40980,0.154
2025-08-28 11:05:00,24150,PE,217.23,224.25,217.22,219.25,975,44422,0.154
2025-08-28 11:05:00,24200,CE,48.82,49.93,48.58,48.69,311,39538,0.154
2025-08-28 11:05:00,24200,PE,271.03,277.17,269.26,270.05,179,42883,0.154
2025-08-28 11:05:00,24250,CE,52.63,53.04,52.47,52.58,437,39129,0.154
2025-08-28 11:05:00,24250,PE,319.0,323.73,317.77,320.41,314,38627,0.154
2025-08-28 11:05:00,24300,CE,52.89,53.12,52.48,52.94,343,37143,0.154
2025-08-28 11:05:00,24300,PE,369.95,370.43,365.69,369.35,758,35430,0.154
2025-08-28 11:05:00,24350,CE,50.38,51.42,50.13,50.64,218,35957,0.154
2025-08-28 11:05:00,24350,PE,419.51,421.08,415.96,419.41,718,31798,0.154
2025-08-28 11:05:00,24400,CE,53.4,53.33,53.12,53.18,244,28617,0.154
2025-08-28 11:05:00,24400,PE,460.94,472.29,462.42,464.78,136,30936,0.154
2025-08-28 11:05:00,24450,CE,50.78,52.11,50.5,50.73,240,28601,0.154
2025-08-28 11:05:00,24450,PE,522.51,527.71,513.81,520.15,446,29091,0.154
2025-08-28 11:05:00,24500,CE,55.55,55.05,54.94,54.96,38,26803,0.154
2025-08-28 11:05:00,24500,PE,566.86,572.42,567.13,568.99,501,28588,0.154
2025-08-28 11:05:00,24550,CE,51.97,53.35,52.36,52.59,511,27175,0.154
2025-08-28 11:05:00,24550,PE,623.26,621.51,617.5,618.7,206,28794,0.154
2025-08-28 11:05:00,24600,CE,52.5,52.95,52.3,52.49,362,27004,0.154
2025-08-28 11:05:00,24600,PE,670.36,667.59,664.39,664.94,301,28905,0.154
2025-08-28 11:05:00,24650,CE,50.79,51.0,50.18,50.46,332,27981,0.154
2025-08-28 11:05:00,24650,PE,721.44,718.08,709.64,717.06,501,27682,0.154
2025-08-28 11:05:00,24700,CE,51.53,51.81,51.2,51.61,433,20970,0.154
2025-08-28 11:05:00,24700,PE,766.03,768.7,755.07,767.02,369,26092,0.154
2025-08-28 11:05:00,24750,CE,51.86,52.51,52.32,52.41,63,22329,0.154
2025-08-28 11:05:00,24750,PE,817.68,821.89,808.52,821.35,267,21143,0.154
2025-08-28 11:05:00,24800,CE,54.26,55.37,53.7,54.12,254,23311,0.154
2025-08-28 11:05:00,24800,PE,862.8,889.56,858.43,867.5,401,23658,0.154
2025-08-28 11:05:00,24850,CE,52.83,52.94,52.85,52.92,265,24835,0.154
2025-08-28 11:05:00,24850,PE,918.52,920.33,908.39,917.89,22,20446,0.154
2025-08-28 11:05:00,24900,CE,52.22,53.95,52.44,52.6,409,20344,0.154
2025-08-28 11:05:00,24900,PE,980.21,994.57,952.34,969.36,386,21351,0.154
2025-08-28 11:10:00,23500,CE,521.45,519.55,511.24,517.23,401,45479,0.154
2025-08-28 11:10:00,23500,PE,50.38,51.08,50.05,50.62,252,46762,0.154
2025-08-28 11:10:00,23550,CE,457.16,470.66,459.74,460.48,72,50732,0.154
2025-08-28 11:10:00,23550,PE,52.17,52.38,50.89,51.6,526,50162,0.154
2025-08-28 11:10:00,23600,CE,420.69,420.51,413.11,415.76,634,49847,0.154
2025-08-28 11:10:00,23600,PE,52.29,51.71,50.89,51.56,618,53153,0.154
2025-08-28 11:10:00,23650,CE,363.57,364.56,357.56,363.82,285,59645,0.154
2025-08-28 11:10:00,23650,PE,55.43,55.61,55.12,55.21,459,59601,0.154
2025-08-28 11:10:00,23700,CE,324.92,322.7,317.61,320.97,355,64813,0.154
2025-08-28 11:10:00,23700,PE,51.26,51.85,50.11,51.25,718,65780,0.154
2025-08-28 11:10:00,23750,CE,266.02,269.31,265.75,266.39,45,79337,0.154
2025-08-28 11:10:00,23750,PE,55.0,55.06,54.51,54.82,949,74650,0.154
2025-08-28 11:10:00,23800,CE,220.3,224.83,219.47,220.55,640,85567,0.154
2025-08-28 11:10:00,23800,PE,51.3,52.53,51.0,51.47,459,84757,0.154
2025-08-28 11:10:00,23850,CE,167.21,170.29,165.32,168.4,1082,78933,0.154
2025-08-28 11:10:00,23850,PE,49.74,49.78,49.57,49.67,890,78147,0.154
2025-08-28 11:10:00,23900,CE,114.38,113.95,113.1,113.88,1032,66807,0.154
2025-08-28 11:10:00,23900,PE,53.52,53.57,51.99,53.01,1336,64672,0.154
2025-08-28 11:10:00,23950,CE,69.13,69.82,68.47,68.74,1495,62160,0.154
2025-08-28 11:10:00,23950,PE,50.88,51.42,50.33,50.5,1258,63137,0.154
2025-08-28 11:10:00,24000,CE,51.72,51.68,51.35,51.59,708,54747,0.154
2025-08-28 11:10:00,24000,PE,87.41,88.22,86.87,87.16,1415,60779,0.154
2025-08-28 11:10:00,24050,CE,51.22,52.31,51.5,51.6,969,50452,0.154
2025-08-28 11:10:00,24050,PE,136.06,137.66,137.2,137.55,900,50903,0.154
2025-08-28 11:10:00,24100,CE,49.99,50.58,49.92,50.21,81,44573,0.154
2025-08-28 11:10:00,24100,PE,189.74,189.21,186.41,188.47,65,46775,0.154
2025-08-28 11:10:00,24150,CE,57.52,57.6,56.61,57.06,967,40806,0.154
2025-08-28 11:10:00,24150,PE,240.89,240.29,238.54,238.78,98,43837,0.154
2025-08-28 11:10:00,24200,CE,52.83,53.13,52.26,52.74,442,39710,0.154
2025-08-28 11:10:00,24200,PE,282.68,290.79,283.27,285.75,334,43019,0.154
2025-08-28 11:10:00,24250,CE,54.54,54.93,54.8,54.87,148,39399,0.154
2025-08-28 11:10:00,24250,PE,336.36,341.56,336.02,338.03,302,39224,0.154
2025-08-28 11:10:00,24300,CE,49.82,49.87,48.56,49.64,629,37096,0.154
2025-08-28 11:10:00,24300,PE,387.21,393.18,385.74,386.54,772,35997,0.154
2025-08-28 11:10:00,24350,CE,52.11,51.76,50.92,51.6,158,36050,0.154
2025-08-28 11:10:00,24350,PE,437.38,433.91,430.58,432.82,497,31627,0.154
2025-08-28 11:10:00,24400,CE,54.65,55.31,54.36,54.52,700,28830,0.154
2025-08-28 11:10:00,24400,PE,488.27,490.98,486.48,488.96,536,30571,0.154
2025-08-28 11:10:00,24450,CE,53.14,54.02,53.88,53.96,591,29160,0.154
2025-08-28 11:10:00,24450,PE,541.59,546.66,540.02,540.9,593,29020,0.154
2025-08-28 11:10:00,24500,CE,52.4,52.43,51.84,52.3,574,26215,0.154
2025-08-28 11:10:00,24500,PE,584.86,593.0,586.74,588.12,133,28774,0.154
2025-08-28 11:10:00,24550,CE,50.28,50.57,49.43,49.84,449,26719,0.154
2025-08-28 11:10:00,24550,PE,638.5,641.36,632.83,640.04,176,28300,0.154
2025-08-28 11:10:00,24600,CE,51.14,50.68,50.66,50.67,64,26432,0.154
2025-08-28 11:10:00,24600,PE,683.41,692.04,680.5,689.62,542,29364,0.154
2025-08-28 11:10:00,24650,CE,52.28,53.1,51.64,52.44,319,27421,0.154
2025-08-28 11:10:00,24650,PE,746.27,749.78,740.44,740.46,381,27726,0.154
2025-08-28 11:10:00,24700,CE,52.92,54.33,53.0,53.31,384,20957,0.154
2025-08-28 11:10:00,24700,PE,777.23,784.82,775.31,783.97,12,26585,0.154
2025-08-28 11:10:00,24750,CE,52.47,52.64,52.07,52.34,414,22822,0.154
2025-08-28 11:10:00,24750,PE,844.85,857.56,826.65,837.15,313,21648,0.154
2025-08-28 11:10:00,24800,CE,52.23,53.99,52.15,52.45,38,23191,0.154
2025-08-28 11:10:00,24800,PE,886.98,890.85,886.14,887.57,148,23626,0.154
2025-08-28 11:10:00,24850,CE,50.8,50.69,50.47,50.66,24,25225,0.154
2025-08-28 11:10:00,24850,PE,943.83,940.27,930.89,936.29,133,19990,0.154
2025-08-28 11:10:00,24900,CE,52.43,52.98,52.27,52.68,86,19881,0.154
2025-08-28 11:10:00,24900,PE,985.95,997.25,982.71,988.6,284,21857,0.154
2025-08-28 11:15:00,23500,CE,501.71,506.36,504.43,506.03,67,44914,0.154
2025-08-28 11:15:00,23500,PE,50.86,51.56,50.49,50.69,604,46621,0.154
2025-08-28 11:15:00,23550,CE,444.08,458.06,448.6,450.71,99,50365,0.154
2025-08-28 11:15:00,23550,PE,50.14,50.6,50.42,50.52,501,49662,0.154
2025-08-28 11:15:00,23600,CE,408.26,411.21,407.09,408.53,327,50415,0.154
2025-08-28 11:15:00,23600,PE,51.0,51.99,50.13,50.83,349,52752,0.154
2025-08-28 11:15:00,23650,CE,353.44,357.7,353.2,356.14,657,59563,0.154
2025-08-28 11:15:00,23650,PE,54.12,55.43,53.67,54.47,351,59308,0.154
2025-08-28 11:15:00,23700,CE,306.82,309.63,302.56,304.75,714,64802,0.154
2025-08-28 11:15:00,23700,PE,50.31,51.77,50.83,51.29,464,66100,0.154
2025-08-28 11:15:00,23750,CE,248.56,252.04,250.76,251.11,388,79528,0.154
2025-08-28 11:15:00,23750,PE,56.25,56.88,55.32,55.72,193,74736,0.154
2025-08-28 11:15:00,23800,CE,203.18,202.04,200.87,201.71,508,85579,0.154
2025-08-28 11:15:00,23800,PE,52.49,53.7,52.11,52.13,436,84315,0.154
2025-08-28 11:15:00,23850,CE,155.43,154.02,152.48,153.01,1212,78816,0.154
2025-08-28 11:15:00,23850,PE,50.15,50.82,49.83,49.95,987,78633,0.154
2025-08-28 11:15:00,23900,CE,101.92,103.59,100.42,101.47,685,67191,0.154
2025-08-28 11:15:00,23900,PE,53.64,54.16,52.77,53.43,679,64149,0.154
2025-08-28 11:15:00,23950,CE,57.16,57.51,56.58,56.76,1577,62568,0.154
2025-08-28 11:15:00,23950,PE,50.88,51.96,50.84,51.65,1022,63530,0.154
2025-08-28 11:15:00,24000,CE,55.43,55.68,54.96,55.2,1036,55109,0.154
2025-08-28 11:15:00,24000,PE,101.22,103.68,101.03,101.09,110,61156,0.154
2025-08-28 11:15:00,24050,CE,54.15,55.29,54.46,54.91,302,51031,0.154
2025-08-28 11:15:00,24050,PE,145.95,146.76,146.07,146.13,1287,50369,0.154
2025-08-28 11:15:00,24100,CE,52.46,53.42,52.66,52.82,772,44433,0.154
2025-08-28 11:15:00,24100,PE,200.96,203.57,199.03,200.09,314,47337,0.154
2025-08-28 11:15:00,24150,CE,49.76,49.67,48.89,49.64,432,40869,0.154
2025-08-28 11:15:00,24150,PE,248.49,250.28,246.36,249.16,341,44055,0.154
2025-08-28 11:15:00,24200,CE,52.45,53.05,52.53,52.87,251,39544,0.154
2025-08-28 11:15:00,24200,PE,302.68,301.31,298.88,300.04,675,42673,0.154
2025-08-28 11:15:00,24250,CE,51.54,52.06,50.94,51.56,684,39973,0.154
2025-08-28 11:15:00,24250,PE,350.92,351.69,344.58,350.25,615,39057,0.154
2025-08-28 11:15:00,24300,CE,53.04,53.71,53.01,53.29,155,37169,0.154
2025-08-28 11:15:00,24300,PE,394.37,398.69,393.5,398.16,357,35689,0.154
2025-08-28 11:15:00,24350,CE,52.0,53.3,52.17,52.22,279,36610,0.154
2025-08-28 11:15:00,24350,PE,448.4,448.81,445.13,447.86,134,31337,0.154
2025-08-28 11:15:00,24400,CE,51.05,50.79,50.5,50.72,247,29326,0.154
2025-08-28 11:15:00,24400,PE,498.1,505.46,494.12,498.61,254,30321,0.154
2025-08-28 11:15:00,24450,CE,51.47,51.71,50.82,51.24,199,29696,0.154
2025-08-28 11:15:00,24450,PE,542.21,561.62,548.01,548.83,234,28860,0.154
2025-08-28 11:15:00,24500,CE,53.96,54.38,52.52,52.91,227,26661,0.154
2025-08-28 11:15:00,24500,PE,604.91,614.67,595.02,599.48,433,28893,0.154
2025-08-28 11:15:00,24550,CE,51.36,52.33,51.34,51.55,129,26255,0.154
2025-08-28 11:15:00,24550,PE,645.01,653.8,643.38,648.09,58,28054,0.154
2025-08-28 11:15:00,24600,CE,52.84,53.55,52.17,52.93,429,26745,0.154
2025-08-28 11:15:00,24600,PE,695.03,708.06,695.72,699.88,424,29565,0.154
2025-08-28 11:15:00,24650,CE,49.78,50.28,48.78,49.19,268,27248,0.154
2025-08-28 11:15:00,24650,PE,749.27,763.09,748.4,749.15,374,27360,0.154
2025-08-28 11:15:00,24700,CE,51.2,52.2,50.47,50.88,40,21351,0.154
2025-08-28 11:15:00,24700,PE,806.82,814.38,788.66,799.81,235,26731,0.154
2025-08-28 11:15:00,24750,CE,50.81,50.63,49.98,50.52,445,23040,0.154
2025-08-28 11:15:00,24750,PE,857.77,853.09,844.43,850.71,356,21622,0.154
2025-08-28 11:15:00,24800,CE,52.54,53.63,53.09,53.14,146,23011,0.154
2025-08-28 11:15:00,24800,PE,904.71,913.6,901.23,902.39,400,23484,0.154
2025-08-28 11:15:00,24850,CE,47.83,48.03,47.26,47.64,397,24662,0.154
2025-08-28 11:15:00,24850,PE,945.29,960.16,935.07,947.2,129,20522,0.154
2025-08-28 11:15:00,24900,CE,51.21,52.09,51.14,51.32,239,19720,0.154
2025-08-28 11:15:00,24900,PE,1010.66,1005.41,994.88,1002.93,77,21836,0.154
2025-08-28 11:20:00,23500,CE,489.67,497.97,494.61,495.11,663,44742,0.154
2025-08-28 11:20:00,23500,PE,51.17,50.87,50.2,50.81,339,46447,0.154
2025-08-28 11:20:00,23550,CE,446.25,452.42,441.99,443.53,642,50587,0.154
2025-08-28 11:20:00,23550,PE,54.28,54.66,54.03,54.45,463,49866,0.154
2025-08-28 11:20:00,23600,CE,396.3,401.66,394.35,396.8,338,50787,0.154
2025-08-28 11:20:00,23600,PE,52.6,52.16,50.89,51.95,498,52238,0.154
2025-08-28 11:20:00,23650,CE,342.37,347.25,345.01,346.31,335,60011,0.154
2025-08-28 11:20:00,23650,PE,54.42,54.92,54.53,54.6,233,59856,0.154
2025-08-28 11:20:00,23700,CE,296.77,306.27,292.51,295.61,784,65388,0.154
2025-08-28 11:20:00,23700,PE,57.71,56.97,55.76,56.61,767,65654,0.154
2025-08-28 11:20:00,23750,CE,246.84,249.27,245.1,246.08,216,79512,0.154
2025-08-28 11:20:00,23750,PE,54.23,53.87,53.14,53.57,391,75262,0.154
2025-08-28 11:20:00,23800,CE,193.39,196.03,191.12,194.09,1009,85889,0.154
2025-08-28 11:20:00,23800,PE,51.03,51.56,50.78,51.44,1117,83787,0.154
2025-08-28 11:20:00,23850,CE,146.06,147.27,146.32,147.14,951,79260,0.154
2025-08-28 11:20:00,23850,PE,53.86,54.86,53.41,53.73,1313,79039,0.154
2025-08-28 11:20:00,23900,CE,92.43,92.96,91.18,92.15,1263,67527,0.154
2025-08-28 11:20:00,23900,PE,51.29,51.52,50.94,51.5,222,64043,0.154
2025-08-28 11:20:00,23950,CE,51.2,50.87,50.32,50.58,1544,62726,0.154
2025-08-28 11:20:00,23950,PE,58.16,59.06,58.5,58.6,478,63789,0.154
2025-08-28 11:20:00,24000,CE,53.23,53.87,52.09,52.74,63,54984,0.154
2025-08-28 11:20:00,24000,PE,108.28,108.91,105.49,106.72,1134,61496,0.154
2025-08-28 11:20:00,24050,CE,52.47,52.52,52.15,52.43,673,50758,0.154
2025-08-28 11:20:00,24050,PE,159.07,158.11,156.92,157.47,656,49989,0.154
2025-08-28 11:20:00,24100,CE,52.45,53.25,51.87,52.59,1078,44863,0.154
2025-08-28 11:20:00,24100,PE,207.21,208.55,204.98,207.68,836,47144,0.154
2025-08-28 11:20:00,24150,CE,53.74,55.39,53.26,54.01,162,40337,0.154
2025-08-28 11:20:00,24150,PE,259.91,261.76,258.18,258.43,406,44454,0.154
2025-08-28 11:20:00,24200,CE,53.14,53.53,53.18,53.27,355,39902,0.154
2025-08-28 11:20:00,24200,PE,308.53,310.78,301.05,307.57,177,43035,0.154
2025-08-28 11:20:00,24250,CE,50.46,50.92,50.55,50.78,78,39782,0.154
2025-08-28 11:20:00,24250,PE,358.62,361.21,358.85,359.24,140,39180,0.154
2025-08-28 11:20:00,24300,CE,51.25,52.83,51.48,51.61,158,36585,0.154
2025-08-28 11:20:00,24300,PE,414.82,418.87,410.7,412.65,262,35091,0.154
2025-08-28 11:20:00,24350,CE,50.91,51.19,50.36,50.5,284,36321,0.154
2025-08-28 11:20:00,24350,PE,460.17,460.37,448.15,455.52,682,31367,0.154
2025-08-28 11:20:00,24400,CE,50.27,51.03,50.14,50.77,305,29446,0.154
2025-08-28 11:20:00,24400,PE,500.75,511.25,499.1,504.26,102,29881,0.154
2025-08-28 11:20:00,24450,CE,50.99,51.26,50.71,50.93,106,30137,0.154
2025-08-28 11:20:00,24450,PE,566.25,567.62,554.59,561.48,477,29411,0.154
2025-08-28 11:20:00,24500,CE,52.37,52.76,52.6,52.71,488,26204,0.154
2025-08-28 11:20:00,24500,PE,602.34,609.69,602.51,608.83,107,29281,0.154
2025-08-28 11:20:00,24550,CE,48.24,48.49,47.72,48.22,313,26392,0.154
2025-08-28 11:20:00,24550,PE,658.68,666.98,654.61,658.13,139,28056,0.154
2025-08-28 11:20:00,24600,CE,55.03,55.21,54.2,54.33,483,26731,0.154
2025-08-28 11:20:00,24600,PE,705.24,717.13,702.99,709.28,370,29864,0.154
2025-08-28 11:20:00,24650,CE,51.1,51.87,50.88,51.05,470,26898,0.154
2025-08-28 11:20:00,24650,PE,760.23,772.3,752.28,757.13,463,27490,0.154
2025-08-28 11:20:00,24700,CE,54.93,55.83,55.06,55.66,403,21064,0.154
2025-08-28 11:20:00,24700,PE,796.07,811.47,804.12,809.13,63,26233,0.154
2025-08-28 11:20:00,24750,CE,53.97,55.51,53.83,54.06,181,23103,0.154
2025-08-28 11:20:00,24750,PE,864.85,869.55,853.28,857.89,138,21344,0.154
2025-08-28 11:20:00,24800,CE,52.31,52.7,52.13,52.24,361,23302,0.154
2025-08-28 11:20:00,24800,PE,916.01,913.59,904.3,907.73,282,23664,0.154
2025-08-28 11:20:00,24850,CE,53.95,55.7,54.27,54.37,358,24331,0.154
2025-08-28 11:20:00,24850,PE,947.89,965.32,956.13,958.68,397,20955,0.154
2025-08-28 11:20:00,24900,CE,49.04,49.11,48.27,49.07,143,19536,0.154
2025-08-28 11:20:00,24900,PE,1012.18,1026.89,1005.65,1005.75,80,22086,0.154
2025-08-28 11:25:00,23500,CE,515.74,526.18,515.26,519.0,211,44462,0.154
2025-08-28 11:25:00,23500,PE,51.13,52.61,50.44,52.02,455,46082,0.154
2025-08-28 11:25:00,23550,CE,463.41,472.24,465.1,466.0,92,51019,0.154
2025-08-28 11:25:00,23550,PE,52.5,53.15,52.8,52.96,40,50368,0.154
2025-08-28 11:25:00,23600,CE,416.09,425.25,417.49,417.84,534,50609,0.154
2025-08-28 11:25:00,23600,PE,54.8,55.24,54.74,55.07,443,52015,0.154
2025-08-28 11:25:00,23650,CE,363.99,368.83,367.46,367.47,352,60254,0.154
2025-08-28 11:25:00,23650,PE,48.29,48.58,47.88,48.06,767,59528,0.154
2025-08-28 11:25:00,23700,CE,315.28,321.17,314.56,316.64,497,65825,0.154
2025-08-28 11:25:00,23700,PE,51.74,52.48,51.67,52.09,27,65064,0.154
2025-08-28 11:25:00,23750,CE,264.94,272.52,263.96,265.05,629,79082,0.154
2025-08-28 11:25:00,23750,PE,51.21,51.62,50.53,51.37,1006,74806,0.154
2025-08-28 11:25:00,23800,CE,218.89,223.57,220.42,220.75,837,85670,0.154
2025-08-28 11:25:00,23800,PE,50.35,50.87,50.4,50.55,1043,84226,0.154
2025-08-28 11:25:00,23850,CE,169.01,168.99,167.8,168.9,1019,79428,0.154
2025-08-28 11:25:00,23850,PE,51.16,51.57,50.93,51.24,290,78567,0.154
2025-08-28 11:25:00,23900,CE,115.04,115.86,113.7,115.42,398,67021,0.154
2025-08-28 11:25:00,23900,PE,54.27,54.87,53.91,54.0,1148,63789,0.154
2025-08-28 11:25:00,23950,CE,68.99,69.01,68.58,68.71,766,62869,0.154
2025-08-28 11:25:00,23950,PE,52.04,52.67,52.26,52.28,1203,63901,0.154
2025-08-28 11:25:00,24000,CE,50.0,50.67,50.05,50.37,1184,54521,0.154
2025-08-28 11:25:00,24000,PE,84.66,85.79,84.04,84.32,467,61808,0.154
2025-08-28 11:25:00,24050,CE,54.97,54.97,53.95,54.52,996,50916,0.154
2025-08-28 11:25:00,24050,PE,136.63,137.5,136.23,136.75,1298,50568,0.154
2025-08-28 11:25:00,24100,CE,51.89,53.63,52.37,52.4,119,44926,0.154
2025-08-28 11:25:00,24100,PE,180.69,182.66,181.85,182.46,1094,46936,0.154
2025-08-28 11:25:00,24150,CE,50.88,51.93,50.84,51.15,80,39880,0.154
2025-08-28 11:25:00,24150,PE,233.54,236.25,234.01,234.11,786,44956,0.154
2025-08-28 11:25:00,24200,CE,54.35,55.66,54.53,54.98,694,39347,0.154
2025-08-28 11:25:00,24200,PE,290.94,290.88,287.48,289.36,412,42853,0.154
2025-08-28 11:25:00,24250,CE,54.01,54.41,53.39,53.69,811,39818,0.154
2025-08-28 11:25:00,24250,PE,335.85,337.32,333.89,336.55,219,39263,0.154
2025-08-28 11:25:00,24300,CE,50.24,50.8,50.2,50.3,614,36683,0.154
2025-08-28 11:25:00,24300,PE,385.8,392.29,386.76,387.44,348,35351,0.154
2025-08-28 11:25:00,24350,CE,51.88,53.09,51.52,52.19,238,35874,0.154
2025-08-28 11:25:00,24350,PE,429.78,441.56,431.23,431.84,652,31630,0.154
2025-08-28 11:25:00,24400,CE,55.32,56.09,55.14,55.68,516,29913,0.154
2025-08-28 11:25:00,24400,PE,488.84,489.79,477.31,482.7,503,29317,0.154
2025-08-28 11:25:00,24450,CE,51.54,51.78,51.59,51.73,554,29579,0.154
2025-08-28 11:25:00,24450,PE,541.34,559.4,533.33,540.56,457,30000,0.154
2025-08-28 11:25:00,24500,CE,51.74,53.52,51.74,52.19,254,25978,0.154
2025-08-28 11:25:00,24500,PE,580.78,595.83,583.87,586.89,571,29227,0.154
2025-08-28 11:25:00,24550,CE,51.79,52.33,51.46,51.78,535,26164,0.154
2025-08-28 11:25:00,24550,PE,640.69,644.66,632.01,637.3,114,28123,0.154
2025-08-28 11:25:00,24600,CE,52.07,52.34,51.76,52.01,209,26984,0.154
2025-08-28 11:25:00,24600,PE,678.79,686.4,677.52,685.9,169,30175,0.154
2025-08-28 11:25:00,24650,CE,51.73,52.11,51.34,51.77,189,26724,0.154
2025-08-28 11:25:00,24650,PE,740.48,754.22,734.15,738.34,371,27202,0.154
2025-08-28 11:25:00,24700,CE,53.53,53.84,52.55,53.28,146,21119,0.154
2025-08-28 11:25:00,24700,PE,789.67,789.59,767.36,784.99,169,26094,0.154
2025-08-28 11:25:00,24750,CE,50.23,50.25,49.95,50.2,164,23249,0.154
2025-08-28 11:25:00,24750,PE,838.19,844.6,830.33,836.92,162,21477,0.154
2025-08-28 11:25:00,24800,CE,50.44,51.12,50.64,51.0,110,23775,0.154
2025-08-28 11:25:00,24800,PE,889.84,888.01,885.45,886.77,427,23068,0.154
2025-08-28 11:25:00,24850,CE,52.06,54.06,51.5,52.23,51,23853,0.154
2025-08-28 11:25:00,24850,PE,935.08,949.81,921.92,938.59,84,21299,0.154
2025-08-28 11:25:00,24900,CE,50.93,50.31,49.75,50.11,107,19636,0.154
2025-08-28 11:25:00,24900,PE,985.1,1007.59,981.25,981.39,108,21561,0.154
2025-08-28 11:30:00,23500,CE,500.69,507.85,501.83,501.94,67,44993,0.154
2025-08-28 11:30:00,23500,PE,52.27,52.76,51.92,52.14,388,46262,0.154
2025-08-28 11:30:00,23550,CE,453.37,456.25,444.62,451.1,148,51002,0.154
2025-08-28 11:30:00,23550,PE,50.25,49.89,49.59,49.82,488,50703,0.154
2025-08-28 11:30:00,23600,CE,398.87,408.41,399.64,402.19,527,50724,0.154
2025-08-28 11:30:00,23600,PE,51.8,52.19,51.18,51.59,502,51862,0.154
2025-08-28 11:30:00,23650,CE,355.72,359.44,349.67,354.22,608,60009,0.154
2025-08-28 11:30:00,23650,PE,52.8,53.16,52.2,52.76,626,59472,0.154
2025-08-28 11:30:00,23700,CE,303.84,304.34,298.65,301.36,552,65795,0.154
2025-08-28 11:30:00,23700,PE,52.18,53.13,52.5,52.76,545,65318,0.154
2025-08-28 11:30:00,23750,CE,248.42,249.85,241.91,244.68,306,79049,0.154
2025-08-28 11:30:00,23750,PE,50.59,50.29,49.8,50.23,431,74228,0.154
2025-08-28 11:30:00,23800,CE,198.7,200.97,198.52,200.15,998,85891,0.154
2025-08-28 11:30:00,23800,PE,50.45,50.4,50.14,50.22,70,83709,0.154
2025-08-28 11:30:00,23850,CE,144.27,148.39,144.21,146.17,1226,79843,0.154
2025-08-28 11:30:00,23850,PE,51.36,51.84,50.68,51.52,970,78816,0.154
2025-08-28 11:30:00,23900,CE,100.38,102.27,99.92,100.94,1285,67138,0.154
2025-08-28 11:30:00,23900,PE,50.62,50.78,50.54,50.54,33,63733,0.154
2025-08-28 11:30:00,23950,CE,53.41,53.1,52.95,53.07,614,62475,0.154
2025-08-28 11:30:00,23950,PE,48.79,49.5,49.45,49.49,1549,64086,0.154
2025-08-28 11:30:00,24000,CE,51.05,51.15,50.55,50.97,1378,54052,0.154
2025-08-28 11:30:00,24000,PE,100.18,102.01,100.84,101.25,1488,61933,0.154
2025-08-28 11:30:00,24050,CE,52.03,52.26,51.37,51.77,761,50536,0.154
2025-08-28 11:30:00,24050,PE,150.64,149.41,148.46,148.72,834,50684,0.154
2025-08-28 11:30:00,24100,CE,54.57,54.41,54.33,54.37,826,44507,0.154
2025-08-28 11:30:00,24100,PE,198.75,197.93,196.4,197.78,750,46449,0.154
2025-08-28 11:30:00,24150,CE,52.84,53.56,52.02,52.33,90,39845,0.154
2025-08-28 11:30:00,24150,PE,249.8,251.75,248.76,250.71,139,45207,0.154
2025-08-28 11:30:00,24200,CE,50.9,51.12,50.78,51.1,465,39033,0.154
2025-08-28 11:30:00,24200,PE,298.71,306.04,298.55,301.26,269,42850,0.154
2025-08-28 11:30:00,24250,CE,50.02,50.11,49.92,50.01,523,40176,0.154
2025-08-28 11:30:00,24250,PE,355.77,368.42,353.89,355.59,501,39322,0.154
2025-08-28 11:30:00,24300,CE,49.9,50.18,49.61,49.63,488,36799,0.154
2025-08-28 11:30:00,24300,PE,403.32,406.4,392.62,399.39,286,35015,0.154
2025-08-28 11:30:00,24350,CE,52.62,52.59,51.53,52.32,393,35423,0.154
2025-08-28 11:30:00,24350,PE,455.49,456.14,451.08,453.44,187,31208,0.154
2025-08-28 11:30:00,24400,CE,52.39,52.14,51.62,52.11,342,30480,0.154
2025-08-28 11:30:00,24400,PE,506.74,504.78,500.91,503.81,602,28820,0.154
2025-08-28 11:30:00,24450,CE,52.85,54.0,52.02,52.46,529,29160,0.154
2025-08-28 11:30:00,24450,PE,550.29,553.41,549.12,550.95,586,29646,0.154
2025-08-28 11:30:00,24500,CE,51.4,51.34,50.22,51.13,84,26323,0.154
2025-08-28 11:30:00,24500,PE,605.64,624.95,599.55,604.45,504,29104,0.154
2025-08-28 11:30:00,24550,CE,49.78,51.09,48.91,49.85,315,26513,0.154
2025-08-28 11:30:00,24550,PE,657.1,652.14,638.99,651.39,487,28025,0.154
2025-08-28 11:30:00,24600,CE,55.06,55.54,54.33,54.82,424,27337,0.154
2025-08-28 11:30:00,24600,PE,697.64,715.37,699.59,703.34,429,30649,0.154
2025-08-28 11:30:00,24650,CE,50.54,50.94,50.58,50.79,428,26660,0.154
2025-08-28 11:30:00,24650,PE,745.58,753.42,744.47,750.64,166,27785,0.154
2025-08-28 11:30:00,24700,CE,51.52,51.87,51.54,51.7,221,21638,0.154
2025-08-28 11:30:00,24700,PE,813.73,818.1,798.2,806.08,484,25512,0.154
2025-08-28 11:30:00,24750,CE,53.89,55.06,54.35,54.45,71,23325,0.154
2025-08-28 11:30:00,24750,PE,855.44,861.82,843.22,853.3,47,21665,0.154
2025-08-28 11:30:00,24800,CE,51.66,52.51,51.68,51.9,12,24186,0.154
2025-08-28 11:30:00,24800,PE,904.71,901.49,887.58,899.05,193,23276,0.154
2025-08-28 11:30:00,24850,CE,51.34,52.38,51.55,51.72,201,24078,0.154
2025-08-28 11:30:00,24850,PE,958.67,959.12,947.03,953.63,291,21046,0.154
2025-08-28 11:30:00,24900,CE,53.5,53.89,52.01,53.05,327,20020,0.154
2025-08-28 11:30:00,24900,PE,1005.26,1011.52,993.64,1003.02,135,21036,0.154
2025-08-28 11:35:00,23500,CE,515.81,531.25,510.06,517.14,306,45181,0.154
2025-08-28 11:35:00,23500,PE,48.35,49.68,48.48,49.26,524,45904,0.154
2025-08-28 11:35:00,23550,CE,471.19,471.59,471.35,471.4,351,51320,0.154
2025-08-28 11:35:00,23550,PE,50.01,51.08,50.04,50.73,383,51051,0.154
2025-08-28 11:35:00,23600,CE,420.37,423.17,414.38,418.0,526,50333,0.154
2025-08-28 11:35:00,23600,PE,53.51,54.84,52.79,53.31,173,52214,0.154
2025-08-28 11:35:00,23650,CE,364.31,365.57,362.75,365.41,595,60413,0.154
2025-08-28 11:35:00,23650,PE,56.51,56.56,55.56,56.03,256,58935,0.154
2025-08-28 11:35:00,23700,CE,319.42,327.38,320.7,321.36,229,65711,0.154
2025-08-28 11:35:00,23700,PE,49.86,50.74,50.07,50.15,124,64949,0.154
2025-08-28 11:35:00,23750,CE,268.32,269.26,267.41,268.5,160,78600,0.154
2025-08-28 11:35:00,23750,PE,49.66,50.1,49.27,49.7,396,74592,0.154
2025-08-28 11:35:00,23800,CE,224.38,226.44,215.08,218.34,437,85642,0.154
2025-08-28 11:35:00,23800,PE,53.28,53.3,52.96,53.23,624,83881,0.154
2025-08-28 11:35:00,23850,CE,169.2,170.77,166.52,168.76,455,79247,0.154
2025-08-28 11:35:00,23850,PE,52.93,53.01,52.41,52.79,391,78311,0.154
2025-08-28 11:35:00,23900,CE,117.61,117.8,116.09,117.12,230,67270,0.154
2025-08-28 11:35:00,23900,PE,50.95,50.35,49.98,50.31,279,63577,0.154
2025-08-28 11:35:00,23950,CE,71.88,72.45,71.71,72.25,682,62930,0.154
2025-08-28 11:35:00,23950,PE,52.1,53.03,51.86,52.15,283,63584,0.154
2025-08-28 11:35:00,24000,CE,51.59,52.58,51.73,52.06,872,54200,0.154
2025-08-28 11:35:00,24000,PE,86.3,88.62,86.23,86.71,820,62176,0.154
2025-08-28 11:35:00,24050,CE,52.06,52.85,51.52,52.01,1199,50669,0.154
2025-08-28 11:35:00,24050,PE,135.15,134.96,131.82,134.27,755,50900,0.154
2025-08-28 11:35:00,24100,CE,54.27,54.72,52.41,53.81,275,44206,0.154
2025-08-28 11:35:00,24100,PE,182.94,184.75,182.7,184.69,463,46769,0.154
2025-08-28 11:35:00,24150,CE,54.69,55.63,53.7,54.11,927,39910,0.154
2025-08-28 11:35:00,24150,PE,236.6,240.37,235.23,235.46,679,45552,0.154
2025-08-28 11:35:00,24200,CE,50.42,51.05,50.92,51.04,249,38579,0.154
2025-08-28 11:35:00,24200,PE,287.9,290.87,285.11,287.87,734,42402,0.154
2025-08-28 11:35:00,24250,CE,55.54,55.71,55.07,55.39,153,40050,0.154
2025-08-28 11:35:00,24250,PE,335.62,337.88,327.85,336.03,703,39189,0.154
2025-08-28 11:35:00,24300,CE,53.58,53.11,52.39,52.97,109,36353,0.154
2025-08-28 11:35:00,24300,PE,389.93,391.97,382.38,385.02,217,34512,0.154
2025-08-28 11:35:00,24350,CE,52.03,52.18,51.79,51.81,256,34919,0.154
2025-08-28 11:35:00,24350,PE,444.71,452.14,437.89,441.43,641,30670,0.154
2025-08-28 11:35:00,24400,CE,49.04,49.71,48.05,49.03,148,29919,0.154
2025-08-28 11:35:00,24400,PE,489.44,489.92,484.91,489.21,213,29189,0.154
2025-08-28 11:35:00,24450,CE,53.03,54.27,52.88,53.23,383,29681,0.154
2025-08-28 11:35:00,24450,PE,539.19,547.82,534.58,540.54,409,29556,0.154
2025-08-28 11:35:00,24500,CE,46.65,48.15,46.87,47.13,591,25947,0.154
2025-08-28 11:35:00,24500,PE,591.74,588.17,578.8,583.95,78,28898,0.154
2025-08-28 11:35:00,24550,CE,51.03,52.31,50.11,50.99,540,26895,0.154
2025-08-28 11:35:00,24550,PE,635.43,643.47,630.38,632.09,316,28540,0.154
2025-08-28 11:35:00,24600,CE,50.57,50.56,49.56,50.27,358,27023,0.154
2025-08-28 11:35:00,24600,PE,687.97,686.26,682.71,684.5,11,30085,0.154
2025-08-28 11:35:00,24650,CE,47.87,47.93,47.45,47.67,443,26430,0.154
2025-08-28 11:35:00,24650,PE,728.21,740.57,733.71,737.07,224,27647,0.154
2025-08-28 11:35:00,24700,CE,56.95,56.59,54.74,56.43,51,21041,0.154
2025-08-28 11:35:00,24700,PE,783.0,793.68,778.12,781.99,361,25729,0.154
2025-08-28 11:35:00,24750,CE,52.75,53.04,52.11,52.36,112,22874,0.154
2025-08-28 11:35:00,24750,PE,829.09,856.31,831.75,833.98,246,21163,0.154
2025-08-28 11:35:00,24800,CE,50.68,50.77,50.58,50.58,135,24448,0.154
2025-08-28 11:35:00,24800,PE,890.58,895.98,882.38,887.48,84,23600,0.154
2025-08-28 11:35:00,24850,CE,55.9,55.98,55.82,55.89,381,23698,0.154
2025-08-28 11:35:00,24850,PE,922.58,937.11,933.11,935.22,289,21368,0.154
2025-08-28 11:35:00,24900,CE,51.98,51.91,50.78,51.69,217,19776,0.154
2025-08-28 11:35:00,24900,PE,978.6,991.94,980.65,986.88,406,20805,0.154
2025-08-28 11:40:00,23500,CE,512.76,526.11,507.67,517.53,174,44727,0.154
2025-08-28 11:40:00,23500,PE,55.57,55.3,54.82,55.16,609,45575,0.154
2025-08-28 11:40:00,23550,CE,468.82,474.34,467.47,468.46,106,50766,0.154
2025-08-28 11:40:00,23550,PE,51.83,51.53,51.11,51.49,217,51257,0.154
2025-08-28 11:40:00,23600,CE,412.75,416.58,411.72,412.94,535,50754,0.154
2025-08-28 11:40:00,23600,PE,51.62,52.07,50.95,51.47,522,51672,0.154
2025-08-28 11:40:00,23650,CE,368.85,367.63,364.4,365.63,711,60119,0.154
2025-08-28 11:40:00,23650,PE,52.72,52.97,52.05,52.11,806,58750,0.154
2025-08-28 11:40:00,23700,CE,317.09,320.08,316.07,316.95,30,65582,0.154
2025-08-28 11:40:00,23700,PE,51.1,52.38,51.26,51.46,421,65338,0.154
2025-08-28 11:40:00,23750,CE,268.48,271.52,267.41,268.17,566,78051,0.154
2025-08-28 11:40:00,23750,PE,55.6,56.32,55.18,55.4,64,74728,0.154
2025-08-28 11:40:00,23800,CE,215.5,220.41,214.95,216.69,111,85680,0.154
2025-08-28 11:40:00,23800,PE,49.76,50.57,49.38,49.8,1012,84287,0.154
2025-08-28 11:40:00,23850,CE,170.84,170.07,168.25,169.39,809,79014,0.154
2025-08-28 11:40:00,23850,PE,54.1,54.02,53.25,53.71,663,77833,0.154
2025-08-28 11:40:00,23900,CE,121.23,122.37,120.31,121.51,1081,66826,0.154
2025-08-28 11:40:00,23900,PE,51.18,52.76,51.21,52.05,97,63733,0.154
2025-08-28 11:40:00,23950,CE,64.32,65.17,63.66,64.54,986,62984,0.154
2025-08-28 11:40:00,23950,PE,52.36,53.38,51.26,51.88,823,63694,0.154
2025-08-28 11:40:00,24000,CE,51.49,51.82,51.27,51.68,720,53764,0.154
2025-08-28 11:40:00,24000,PE,86.21,87.97,84.98,86.01,924,61626,0.154
2025-08-28 11:40:00,24050,CE,53.92,54.69,53.41,53.77,109,50748,0.154
2025-08-28 11:40:00,24050,PE,138.87,139.68,138.83,139.31,978,50397,0.154
2025-08-28 11:40:00,24100,CE,53.76,53.63,53.05,53.42,469,44721,0.154
2025-08-28 11:40:00,24100,PE,187.22,188.82,187.1,187.54,952,47132,0.154
2025-08-28 11:40:00,24150,CE,56.52,56.9,55.91,56.03,716,39525,0.154
2025-08-28 11:40:00,24150,PE,234.72,246.27,232.33,238.43,430,45669,0.154
2025-08-28 11:40:00,24200,CE,51.77,52.56,52.04,52.29,656,38137,0.154
2025-08-28 11:40:00,24200,PE,285.41,284.68,284.17,284.36,948,42925,0.154
2025-08-28 11:40:00,24250,CE,52.85,53.92,52.04,52.76,46,40157,0.154
2025-08-28 11:40:00,24250,PE,326.39,333.46,329.03,333.43,139,38970,0.154
2025-08-28 11:40:00,24300,CE,55.07,55.19,54.23,54.89,725,36569,0.154
2025-08-28 11:40:00,24300,PE,386.96,388.2,383.98,387.13,296,33915,0.154
2025-08-28 11:40:00,24350,CE,54.07,54.18,53.3,53.65,633,34664,0.154
2025-08-28 11:40:00,24350,PE,435.01,435.17,432.29,435.14,462,30351,0.154
2025-08-28 11:40:00,24400,CE,52.54,53.67,52.3,52.69,557,29734,0.154
2025-08-28 11:40:00,24400,PE,484.19,488.88,481.23,486.18,522,28691,0.154
2025-08-28 11:40:00,24450,CE,55.35,55.48,54.21,54.82,408,30242,0.154
2025-08-28 11:40:00,24450,PE,538.0,538.87,527.2,535.98,316,29517,0.154
2025-08-28 11:40:00,24500,CE,51.16,50.94,50.83,50.92,425,26374,0.154
2025-08-28 11:40:00,24500,PE,593.2,597.1,583.3,589.91,501,28369,0.154
2025-08-28 11:40:00,24550,CE,48.54,49.88,49.09,49.17,178,27308,0.154
2025-08-28 11:40:00,24550,PE,636.02,636.6,632.53,635.61,565,28723,0.154
2025-08-28 11:40:00,24600,CE,51.35,51.72,51.41,51.66,11,27237,0.154
2025-08-28 11:40:00,24600,PE,684.0,700.37,677.46,685.89,519,30452,0.154
2025-08-28 11:40:00,24650,CE,50.41,51.5,50.61,50.95,378,26461,0.154
2025-08-28 11:40:00,24650,PE,736.5,741.3,738.88,739.43,469,27807,0.154
2025-08-28 11:40:00,24700,CE,55.03,55.36,54.45,54.68,256,21520,0.154
2025-08-28 11:40:00,24700,PE,799.7,794.87,783.13,787.03,9,25279,0.154
2025-08-28 11:40:00,24750,CE,50.97,51.25,50.21,50.59,397,22340,0.154
2025-08-28 11:40:00,24750,PE,834.25,836.3,821.74,832.93,423,21742,0.154
2025-08-28 11:40:00,24800,CE,50.63,52.37,51.3,51.35,122,24905,0.154
2025-08-28 11:40:00,24800,PE,881.82,892.51,877.95,884.86,249,23616,0.154
2025-08-28 11:40:00,24850,CE,51.56,52.06,51.34,51.54,397,24034,0.154
2025-08-28 11:40:00,24850,PE,938.3,962.51,925.31,934.69,383,21826,0.154
2025-08-28 11:40:00,24900,CE,48.84,49.24,48.27,48.77,301,19736,0.154
2025-08-28 11:40:00,24900,PE,982.16,1002.85,981.39,986.17,81,20322,0.154
2025-08-28 11:45:00,23500,CE,538.81,540.57,536.35,537.65,174,44703,0.154
2025-08-28 11:45:00,23500,PE,50.72,51.8,49.88,50.17,99,45396,0.154
2025-08-28 11:45:00,23550,CE,481.99,488.98,481.21,485.66,560,50193,0.154
2025-08-28 11:45:00,23550,PE,51.59,52.02,51.87,51.94,224,51807,0.154
2025-08-28 11:45:00,23600,CE,434.73,439.18,435.01,435.96,253,51012,0.154
2025-08-28 11:45:00,23600,PE,51.93,52.84,52.03,52.34,465,52014,0.154
2025-08-28 11:45:00,23650,CE,393.51,399.15,389.01,391.59,599,60235,0.154
2025-08-28 11:45:00,23650,PE,50.53,51.46,50.72,50.76,794,58473,0.154
2025-08-28 11:45:00,23700,CE,335.02,341.04,335.46,335.5,259,65683,0.154
2025-08-28 11:45:00,23700,PE,50.33,51.02,49.69,50.43,640,65554,0.154
2025-08-28 11:45:00,23750,CE,287.48,294.45,285.15,289.22,935,78167,0.154
2025-08-28 11:45:00,23750,PE,49.35,49.53,49.02,49.19,748,74280,0.154
2025-08-28 11:45:00,23800,CE,236.57,241.21,238.75,239.42,58,86056,0.154
2025-08-28 11:45:00,23800,PE,54.15,53.85,52.58,53.27,494,84044,0.154
2025-08-28 11:45:00,23850,CE,182.64,185.48,180.47,182.8,916,78890,0.154
2025-08-28 11:45:00,23850,PE,53.6,54.22,52.82,53.41,55,77893,0.154
2025-08-28 11:45:00,23900,CE,139.07,138.76,137.3,138.02,193,67399,0.154
2025-08-28 11:45:00,23900,PE,48.65,49.92,48.53,48.57,469,63508,0.154
2025-08-28 11:45:00,23950,CE,83.11,87.57,83.75,83.92,1358,62434,0.154
2025-08-28 11:45:00,23950,PE,52.15,51.76,51.29,51.43,1095,64260,0.154
2025-08-28 11:45:00,24000,CE,53.39,53.41,52.74,52.94,78,54312,0.154
2025-08-28 11:45:00,24000,PE,67.62,67.79,67.72,67.76,1059,61263,0.154
2025-08-28 11:45:00,24050,CE,52.03,52.08,51.32,51.82,1242,51142,0.154
2025-08-28 11:45:00,24050,PE,118.39,119.74,116.87,117.73,1427,50900,0.154
2025-08-28 11:45:00,24100,CE,48.21,50.51,49.02,49.15,783,44136,0.154
2025-08-28 11:45:00,24100,PE,171.09,168.97,165.78,168.86,952,47437,0.154
2025-08-28 11:45:00,24150,CE,51.11,51.15,50.64,50.7,874,39140,0.154
2025-08-28 11:45:00,24150,PE,221.27,226.08,216.21,217.19,831,46061,0.154
2025-08-28 11:45:00,24200,CE,54.01,54.61,54.05,54.25,91,37562,0.154
2025-08-28 11:45:00,24200,PE,269.76,269.71,269.01,269.68,99,43154,0.154
2025-08-28 11:45:00,24250,CE,54.18,54.89,53.25,54.43,286,40537,0.154
2025-08-28 11:45:00,24250,PE,319.62,316.8,315.9,316.4,880,38412,0.154
2025-08-28 11:45:00,24300,CE,51.7,51.87,50.74,51.37,625,36877,0.154
2025-08-28 11:45:00,24300,PE,367.72,373.07,366.97,369.19,75,33457,0.154
2025-08-28 11:45:00,24350,CE,47.26,48.16,47.08,47.57,627,34158,0.154
2025-08-28 11:45:00,24350,PE,419.77,421.3,415.46,420.75,164,30855,0.154
2025-08-28 11:45:00,24400,CE,49.11,50.07,48.62,49.22,527,30241,0.154
2025-08-28 11:45:00,24400,PE,464.47,473.96,468.04,469.11,206,28980,0.154
2025-08-28 11:45:00,24450,CE,47.46,48.0,47.62,47.93,413,30710,0.154
2025-08-28 11:45:00,24450,PE,511.72,515.53,513.13,515.5,160,28937,0.154
2025-08-28 11:45:00,24500,CE,54.33,55.08,53.89,54.01,257,26388,0.154
2025-08-28 11:45:00,24500,PE,575.54,572.9,564.56,572.0,365,28814,0.154
2025-08-28 11:45:00,24550,CE,50.87,51.43,50.93,50.95,409,27779,0.154
2025-08-28 11:45:00,24550,PE,614.47,617.79,605.23,615.88,434,28563,0.154
2025-08-28 11:45:00,24600,CE,51.34,51.64,50.72,51.16,458,27026,0.154
2025-08-28 11:45:00,24600,PE,667.35,671.63,668.62,670.03,456,30691,0.154
2025-08-28 11:45:00,24650,CE,52.53,53.03,52.12,52.68,123,25933,0.154
2025-08-28 11:45:00,24650,PE,718.84,727.37,715.61,720.77,470,28143,0.154
2025-08-28 11:45:00,24700,CE,55.23,55.55,54.57,55.38,33,21219,0.154
2025-08-28 11:45:00,24700,PE,764.51,780.65,762.58,767.53,246,25304,0.154
2025-08-28 11:45:00,24750,CE,54.45,54.54,54.09,54.35,185,21971,0.154
2025-08-28 11:45:00,24750,PE,813.34,818.93,814.57,816.67,322,22023,0.154
2025-08-28 11:45:00,24800,CE,54.69,53.97,53.54,53.81,295,25452,0.154
2025-08-28 11:45:00,24800,PE,871.75,870.26,865.71,870.22,184,23665,0.154
2025-08-28 11:45:00,24850,CE,50.22,51.01,50.18,50.45,143,24574,0.154
2025-08-28 11:45:00,24850,PE,916.85,928.75,916.61,920.31,187,21708,0.154
2025-08-28 11:45:00,24900,CE,54.63,55.04,54.32,54.88,312,19479,0.154
2025-08-28 11:45:00,24900,PE,951.74,972.53,952.85,968.06,156,20728,0.154
2025-08-28 11:50:00,23500,CE,521.33,526.32,517.69,524.66,25,44148,0.154
2025-08-28 11:50:00,23500,PE,54.01,54.48,53.53,53.98,576,45133,0.154
2025-08-28 11:50:00,23550,CE,477.3,477.82,473.28,477.6,557,50421,0.154
2025-08-28 11:50:00,23550,PE,51.84,52.51,51.97,52.11,151,51433,0.154
2025-08-28 11:50:00,23600,CE,425.45,432.25,425.36,427.31,753,51480,0.154
2025-08-28 11:50:00,23600,PE,51.75,52.45,51.27,51.72,206,51992,0.154
2025-08-28 11:50:00,23650,CE,375.61,378.24,369.77,377.32,716,59930,0.154
2025-08-28 11:50:00,23650,PE,54.44,54.24,53.82,53.86,552,58318,0.154
2025-08-28 11:50:00,23700,CE,324.94,331.66,325.94,329.89,799,65423,0.154
2025-08-28 11:50:00,23700,PE,52.34,53.73,52.23,52.71,399,65795,0.154
2025-08-28 11:50:00,23750,CE,279.96,282.8,270.96,276.41,672,77698,0.154
2025-08-28 11:50:00,23750,PE,49.81,50.95,50.18,50.59,101,74704,0.154
2025-08-28 11:50:00,23800,CE,225.46,228.99,223.76,225.14,845,85634,0.154
2025-08-28 11:50:00,23800,PE,51.15,53.15,51.05,51.87,721,83782,0.154
2025-08-28 11:50:00,23850,CE,178.73,178.66,176.52,178.31,516,79042,0.154
2025-08-28 11:50:00,23850,PE,51.17,52.23,51.42,51.54,799,77718,0.154
2025-08-28 11:50:00,23900,CE,126.56,129.42,123.98,125.82,1180,67411,0.154
2025-08-28 11:50:00,23900,PE,49.75,49.17,49.0,49.06,1156,63590,0.154
2025-08-28 11:50:00,23950,CE,77.1,77.73,77.37,77.39,606,62144,0.154
2025-08-28 11:50:00,23950,PE,53.14,53.21,52.45,52.75,48,64301,0.154
2025-08-28 11:50:00,24000,CE,51.9,52.21,51.66,51.71,930,54839,0.154
2025-08-28 11:50:00,24000,PE,75.86,76.61,74.84,75.45,449,60665,0.154
2025-08-28 11:50:00,24050,CE,54.7,55.9,55.07,55.41,1270,51257,0.154
2025-08-28 11:50:00,24050,PE,122.86,124.16,121.59,123.09,92,50684,0.154
2025-08-28 11:50:00,24100,CE,52.05,51.71,51.27,51.67,1205,44570,0.154
2025-08-28 11:50:00,24100,PE,174.93,180.56,173.62,174.39,696,46952,0.154
2025-08-28 11:50:00,24150,CE,49.65,49.93,49.37,49.62,724,38612,0.154
2025-08-28 11:50:00,24150,PE,226.99,229.23,224.17,228.44,443,45946,0.154
2025-08-28 11:50:00,24200,CE,54.1,53.86,53.05,53.77,775,37770,0.154
2025-08-28 11:50:00,24200,PE,276.54,278.13,271.29,275.47,484,42561,0.154
2025-08-28 11:50:00,24250,CE,53.73,54.5,53.28,53.69,31,40910,0.154
2025-08-28 11:50:00,24250,PE,327.13,329.65,327.06,327.32,594,38215,0.154
2025-08-28 11:50:00,24300,CE,52.35,52.6,52.07,52.43,625,37381,0.154
2025-08-28 11:50:00,24300,PE,377.43,378.53,373.52,375.9,24,33943,0.154
2025-08-28 11:50:00,24350,CE,50.08,49.68,48.98,49.18,199,34474,0.154
2025-08-28 11:50:00,24350,PE,425.8,432.24,425.28,426.18,457,31139,0.154
2025-08-28 11:50:00,24400,CE,50.83,51.93,50.84,50.85,94,30361,0.154
2025-08-28 11:50:00,24400,PE,472.18,481.09,467.0,475.0,687,29333,0.154
2025-08-28 11:50:00,24450,CE,55.17,55.52,55.02,55.21,532,30323,0.154
2025-08-28 11:50:00,24450,PE,522.11,523.87,519.67,522.54,190,29317,0.154
2025-08-28 11:50:00,24500,CE,49.52,49.41,48.0,48.97,257,26466,0.154
2025-08-28 11:50:00,24500,PE,572.28,592.75,564.76,573.81,112,29152,0.154
2025-08-28 11:50:00,24550,CE,51.54,52.08,51.37,51.43,266,27771,0.154
2025-08-28 11:50:00,24550,PE,620.12,631.24,619.55,625.51,558,28720,0.154
2025-08-28 11:50:00,24600,CE,49.77,50.54,49.68,49.86,248,26835,0.154
2025-08-28 11:50:00,24600,PE,689.88,687.93,678.23,679.15,336,30600,0.154
2025-08-28 11:50:00,24650,CE,53.78,54.62,53.34,53.64,125,25770,0.154
2025-08-28 11:50:00,24650,PE,725.83,727.08,715.73,725.05,156,28431,0.154
2025-08-28 11:50:00,24700,CE,49.53,50.49,50.09,50.14,254,20859,0.154
2025-08-28 11:50:00,24700,PE,786.79,780.14,776.05,779.26,81,25820,0.154
2025-08-28 11:50:00,24750,CE,52.6,53.2,51.93,52.65,423,22366,0.154
2025-08-28 11:50:00,24750,PE,833.66,828.1,817.07,823.71,350,22457,0.154
2025-08-28 11:50:00,24800,CE,50.37,50.92,50.55,50.61,296,25948,0.154
2025-08-28 11:50:00,24800,PE,868.46,891.58,869.01,876.65,416,23588,0.154
2025-08-28 11:50:00,24850,CE,52.99,53.1,52.86,52.99,113,25044,0.154
2025-08-28 11:50:00,24850,PE,925.08,956.99,923.0,926.06,359,21640,0.154
2025-08-28 11:50:00,24900,CE,50.24,51.4,50.04,50.29,378,19000,0.154
2025-08-28 11:50:00,24900,PE,976.2,985.88,975.09,975.99,342,20187,0.154
2025-08-28 11:55:00,23500,CE,524.36,519.63,516.89,518.36,78,43624,0.154
2025-08-28 11:55:00,23500,PE,52.29,53.35,51.35,51.91,63,44758,0.154
2025-08-28 11:55:00,23550,CE,463.7,471.3,465.33,467.52,268,50252,0.154
2025-08-28 11:55:00,23550,PE,51.71,52.31,51.24,52.04,309,52008,0.154
2025-08-28 11:55:00,23600,CE,417.73,422.84,417.64,418.02,403,51169,0.154
2025-08-28 11:55:00,23600,PE,51.15,51.35,51.02,51.21,117,52487,0.154
2025-08-28 11:55:00,23650,CE,369.35,371.53,368.67,370.52,242,60302,0.154
2025-08-28 11:55:00,23650,PE,52.15,52.72,51.94,52.16,667,58751,0.154
2025-08-28 11:55:00,23700,CE,322.74,324.15,319.03,320.43,147,65764,0.154
2025-08-28 11:55:00,23700,PE,52.16,52.42,51.19,51.48,722,66362,0.154
2025-08-28 11:55:00,23750,CE,269.08,273.72,268.25,268.81,722,77241,0.154
2025-08-28 11:55:00,23750,PE,52.34,53.99,51.69,52.56,472,74678,0.154
2025-08-28 11:55:00,23800,CE,223.24,223.21,220.57,221.89,543,85445,0.154
2025-08-28 11:55:00,23800,PE,53.86,53.42,52.98,53.37,906,83523,0.154
2025-08-28 11:55:00,23850,CE,167.3,167.86,166.75,167.7,576,78978,0.154
2025-08-28 11:55:00,23850,PE,50.51,51.36,50.56,50.58,824,77695,0.154
2025-08-28 11:55:00,23900,CE,115.64,117.63,113.86,115.61,1413,67994,0.154
2025-08-28 11:55:00,23900,PE,50.28,50.89,50.22,50.52,688,63307,0.154
2025-08-28 11:55:00,23950,CE,67.39,68.16,67.71,67.95,1302,62638,0.154
2025-08-28 11:55:00,23950,PE,51.78,51.92,51.6,51.64,1512,63901,0.154
2025-08-28 11:55:00,24000,CE,50.24,50.89,50.13,50.59,110,55037,0.154
2025-08-28 11:55:00,24000,PE,82.87,85.84,84.34,85.03,499,60431,0.154
2025-08-28 11:55:00,24050,CE,52.31,52.42,51.84,52.15,62,51809,0.154
2025-08-28 11:55:00,24050,PE,138.88,140.89,137.94,138.51,24,50845,0.154
2025-08-28 11:55:00,24100,CE,52.07,52.9,52.09,52.42,1124,44047,0.154
2025-08-28 11:55:00,24100,PE,192.08,191.46,186.96,190.31,755,47460,0.154
2025-08-28 11:55:00,24150,CE,49.4,50.12,49.39,50.02,455,38364,0.154
2025-08-28 11:55:00,24150,PE,232.33,234.19,225.44,231.53,767,46458,0.154
2025-08-28 11:55:00,24200,CE,52.0,53.78,51.72,52.5,552,37186,0.154
2025-08-28 11:55:00,24200,PE,289.15,287.72,285.44,286.46,673,42223,0.154
2025-08-28 11:55:00,24250,CE,50.78,50.4,49.63,50.17,879,40644,0.154
2025-08-28 11:55:00,24250,PE,338.86,341.46,336.85,337.08,571,38440,0.154
2025-08-28 11:55:00,24300,CE,55.74,56.32,54.96,55.32,371,37738,0.154
2025-08-28 11:55:00,24300,PE,380.44,385.82,383.75,385.78,733,34099,0.154
2025-08-28 11:55:00,24350,CE,53.74,53.62,53.01,53.37,572,33948,0.154
2025-08-28 11:55:00,24350,PE,437.25,440.85,433.34,434.51,191,31059,0.154
2025-08-28 11:55:00,24400,CE,52.07,52.6,51.29,52.04,101,30353,0.154
2025-08-28 11:55:00,24400,PE,480.21,487.23,476.2,485.22,62,29163,0.154
2025-08-28 11:55:00,24450,CE,55.94,55.32,54.44,54.58,50,30226,0.154
2025-08-28 11:55:00,24450,PE,541.21,550.91,534.12,537.93,272,29296,0.154
2025-08-28 11:55:00,24500,CE,51.73,54.05,51.63,51.92,609,26530,0.154
2025-08-28 11:55:00,24500,PE,584.81,589.02,578.51,585.61,99,29309,0.154
2025-08-28 11:55:00,24550,CE,49.17,49.79,48.99,49.31,568,27423,0.154
2025-08-28 11:55:00,24550,PE,642.84,642.51,633.6,634.67,55,29202,0.154
2025-08-28 11:55:00,24600,CE,48.31,49.63,47.71,48.48,102,27228,0.154
2025-08-28 11:55:00,24600,PE,678.13,698.33,680.66,684.1,239,30943,0.154
2025-08-28 11:55:00,24650,CE,55.02,55.73,55.06,55.08,372,26137,0.154
2025-08-28 11:55:00,24650,PE,738.87,741.94,730.17,739.28,397,28461,0.154
2025-08-28 11:55:00,24700,CE,51.83,51.81,50.93,51.48,126,21402,0.154
2025-08-28 11:55:00,24700,PE,790.94,789.2,779.24,787.21,99,25659,0.154
2025-08-28 11:55:00,24750,CE,52.21,52.42,51.73,51.85,137,22269,0.154
2025-08-28 11:55:00,24750,PE,835.71,836.71,821.97,834.48,123,22836,0.154
2025-08-28 11:55:00,24800,CE,48.53,49.68,48.94,49.54,200,26390,0.154
2025-08-28 11:55:00,24800,PE,886.58,891.31,885.09,889.46,20,23526,0.154
2025-08-28 11:55:00,24850,CE,56.21,57.28,55.41,56.21,254,25461,0.154
2025-08-28 11:55:00,24850,PE,946.28,936.39,933.73,935.81,316,21799,0.154
2025-08-28 11:55:00,24900,CE,48.32,49.2,48.23,48.35,349,18865,0.154
2025-08-28 11:55:00,24900,PE,975.01,994.93,984.31,989.28,394,20673,0.154
2025-08-28 12:00:00,23500,CE,504.6,502.23,496.38,496.9,629,43627,0.154
2025-08-28 12:00:00,23500,PE,51.81,52.43,51.35,51.74,74,45176,0.154
2025-08-28 12:00:00,23550,CE,443.49,452.55,443.65,449.73,316,50626,0.154
2025-08-28 12:00:00,23550,PE,50.17,51.3,50.37,50.54,52,51523,0.154
2025-08-28 12:00:00,23600,CE,397.69,393.99,392.76,393.85,288,51614,0.154
2025-08-28 12:00:00,23600,PE,51.03,51.22,49.56,50.58,37,52081,0.154
2025-08-28 12:00:00,23650,CE,343.93,347.05,342.55,343.66,439,60678,0.154
2025-08-28 12:00:00,23650,PE,52.94,53.33,52.21,52.36,147,59057,0.154
2025-08-28 12:00:00,23700,CE,299.63,302.76,291.16,297.72,475,66048,0.154
2025-08-28 12:00:00,23700,PE,50.41,50.17,49.99,50.06,690,66867,0.154
2025-08-28 12:00:00,23750,CE,249.67,250.71,243.45,248.21,77,77361,0.154
2025-08-28 12:00:00,23750,PE,51.76,52.57,51.85,52.32,491,74484,0.154
2025-08-28 12:00:00,23800,CE,197.49,198.86,198.46,198.84,880,85556,0.154
2025-08-28 12:00:00,23800,PE,53.77,54.78,53.33,53.62,536,83758,0.154
2025-08-28 12:00:00,23850,CE,151.1,151.29,147.11,147.8,779,78815,0.154
2025-08-28 12:00:00,23850,PE,52.38,52.87,51.83,52.37,465,77400,0.154
2025-08-28 12:00:00,23900,CE,94.21,95.32,94.12,94.71,477,67981,0.154
2025-08-28 12:00:00,23900,PE,50.76,51.58,50.39,50.91,300,63784,0.154
2025-08-28 12:00:00,23950,CE,50.93,51.02,50.23,50.92,1039,62794,0.154
2025-08-28 12:00:00,23950,PE,59.81,60.9,59.77,60.13,1027,64377,0.154
2025-08-28 12:00:00,24000,CE,53.0,53.96,52.03,52.89,1234,55007,0.154
2025-08-28 12:00:00,24000,PE,104.75,106.38,103.15,104.38,533,60967,0.154
2025-08-28 12:00:00,24050,CE,52.89,53.67,52.86,52.92,791,52158,0.154
2025-08-28 12:00:00,24050,PE,155.98,155.41,151.07,155.27,200,50670,0.154
2025-08-28 12:00:00,24100,CE,53.21,53.65,52.62,53.53,319,43984,0.154
2025-08-28 12:00:00,24100,PE,203.31,206.24,204.13,204.28,590,48057,0.154
2025-08-28 12:00:00,24150,CE,50.34,51.04,50.16,50.37,123,38908,0.154
2025-08-28 12:00:00,24150,PE,257.94,261.15,255.84,259.33,843,46350,0.154
2025-08-28 12:00:00,24200,CE,51.48,51.55,50.98,51.46,274,37586,0.154
2025-08-28 12:00:00,24200,PE,306.69,311.45,306.29,307.44,141,42714,0.154
2025-08-28 12:00:00,24250,CE,50.57,50.61,50.02,50.52,809,40346,0.154
2025-08-28 12:00:00,24250,PE,359.88,359.71,357.15,358.55,487,38461,0.154
2025-08-28 12:00:00,24300,CE,52.57,52.79,52.18,52.52,608,38046,0.154
2025-08-28 12:00:00,24300,PE,411.96,414.49,408.3,409.96,785,33591,0.154
2025-08-28 12:00:00,24350,CE,54.38,54.38,52.8,53.39,600,34314,0.154
2025-08-28 12:00:00,24350,PE,456.96,470.46,448.19,454.07,545,30712,0.154
2025-08-28 12:00:00,24400,CE,49.48,49.93,49.31,49.54,509,30327,0.154
2025-08-28 12:00:00,24400,PE,509.5,512.46,508.06,508.18,198,29013,0.154
2025-08-28 12:00:00,24450,CE,53.16,53.87,53.28,53.44,270,30514,0.154
2025-08-28 12:00:00,24450,PE,560.11,566.95,553.81,556.09,136,28975,0.154
2025-08-28 12:00:00,24500,CE,50.15,50.58,50.06,50.07,228,26489,0.154
2025-08-28 12:00:00,24500,PE,615.12,610.03,594.79,606.17,568,29027,0.154
2025-08-28 12:00:00,24550,CE,52.47,53.36,52.42,52.79,514,26888,0.154
2025-08-28 12:00:00,24550,PE,655.02,671.39,657.54,658.08,293,29614,0.154
2025-08-28 12:00:00,24600,CE,51.38,51.45,50.95,51.09,172,26897,0.154
2025-08-28 12:00:00,24600,PE,707.47,723.29,704.87,709.37,327,30621,0.154
2025-08-28 12:00:00,24650,CE,54.56,54.96,54.59,54.75,16,25593,0.154
2025-08-28 12:00:00,24650,PE,750.48,773.81,752.81,755.94,247,28464,0.154
2025-08-28 12:00:00,24700,CE,50.87,50.98,50.36,50.89,20,21124,0.154
2025-08-28 12:00:00,24700,PE,811.88,820.74,802.11,807.36,368,25737,0.154
2025-08-28 12:00:00,24750,CE,49.76,51.41,49.94,50.59,285,22537,0.154
2025-08-28 12:00:00,24750,PE,844.71,884.5,855.59,859.01,417,22291,0.154
2025-08-28 12:00:00,24800,CE,47.31,46.89,46.03,46.37,216,26030,0.154
2025-08-28 12:00:00,24800,PE,909.37,929.41,900.43,906.17,296,23395,0.154
2025-08-28 12:00:00,24850,CE,53.04,54.05,53.13,53.69,70,25916,0.154
2025-08-28 12:00:00,24850,PE,959.85,967.56,946.77,957.05,221,21330,0.154
2025-08-28 12:00:00,24900,CE,49.98,50.74,50.25,50.39,96,19157,0.154
2025-08-28 12:00:00,24900,PE,1016.08,1014.64,1004.75,1008.24,194,21217,0.154
2025-08-28 12:05:00,23500,CE,493.11,492.47,478.6,487.02,45,43120,0.154
2025-08-28 12:05:00,23500,PE,49.23,49.57,49.24,49.33,487,44975,0.154
2025-08-28 12:05:00,23550,CE,435.44,440.57,432.82,436.57,661,50949,0.154
2025-08-28 12:05:00,23550,PE,51.27,52.09,51.07,51.25,29,52045,0.154
2025-08-28 12:05:00,23600,CE,391.51,393.65,385.63,388.01,778,51310,0.154
2025-08-28 12:05:00,23600,PE,54.25,54.65,53.75,53.8,505,52251,0.154
2025-08-28 12:05:00,23650,CE,337.88,342.44,337.35,338.21,47,60955,0.154
2025-08-28 12:05:00,23650,PE,51.54,52.01,51.41,51.94,861,58941,0.154
2025-08-28 12:05:00,23700,CE,286.01,288.6,286.94,287.08,961,66251,0.154
2025-08-28 12:05:00,23700,PE,52.6,53.2,52.38,52.49,721,66925,0.154
2025-08-28 12:05:00,23750,CE,235.57,238.17,235.35,236.2,752,77885,0.154
2025-08-28 12:05:00,23750,PE,51.81,51.68,51.15,51.6,644,74530,0.154
2025-08-28 12:05:00,23800,CE,187.02,191.92,186.23,188.42,222,85575,0.154
2025-08-28 12:05:00,23800,PE,51.32,52.08,50.43,50.53,1048,83961,0.154
2025-08-28 12:05:00,23850,CE,139.36,141.79,137.06,137.89,993,78397,0.154
2025-08-28 12:05:00,23850,PE,50.25,52.01,50.69,50.97,1171,77437,0.154
2025-08-28 12:05:00,23900,CE,86.85,87.8,86.79,87.73,743,67441,0.154
2025-08-28 12:05:00,23900,PE,51.49,51.5,49.85,50.54,1430,63936,0.154
2025-08-28 12:05:00,23950,CE,56.06,57.51,56.59,56.67,551,62835,0.154
2025-08-28 12:05:00,23950,PE,69.26,69.99,68.28,69.22,1554,64784,0.154
2025-08-28 12:05:00,24000,CE,48.64,49.79,47.97,48.58,451,55364,0.154
2025-08-28 12:05:00,24000,PE,119.1,121.33,117.89,119.34,35,60886,0.154
2025-08-28 12:05:00,24050,CE,49.84,50.56,49.32,49.73,706,52348,0.154
2025-08-28 12:05:00,24050,PE,167.15,167.31,165.15,166.91,21,50433,0.154
2025-08-28 12:05:00,24100,CE,48.34,48.5,47.13,48.1,304,43849,0.154
2025-08-28 12:05:00,24100,PE,220.69,221.73,216.05,219.51,786,47550,0.154
2025-08-28 12:05:00,24150,CE,51.16,51.42,50.24,50.99,764,38428,0.154
2025-08-28 12:05:00,24150,PE,270.59,271.07,266.34,269.91,522,46732,0.154
2025-08-28 12:05:00,24200,CE,53.96,55.21,54.1,54.11,810,38152,0.154
2025-08-28 12:05:00,24200,PE,316.23,320.25,316.77,317.24,405,42701,0.154
2025-08-28 12:05:00,24250,CE,52.35,52.1,51.49,52.04,760,39899,0.154
2025-08-28 12:05:00,24250,PE,372.35,370.63,365.68,367.89,767,37967,0.154
2025-08-28 12:05:00,24300,CE,51.0,52.4,51.72,52.1,82,37500,0.154
2025-08-28 12:05:00,24300,PE,423.07,419.67,416.01,418.96,188,34045,0.154
2025-08-28 12:05:00,24350,CE,52.1,53.32,52.67,53.05,159,34244,0.154
2025-08-28 12:05:00,24350,PE,469.87,473.08,464.45,468.32,583,31168,0.154
2025-08-28 12:05:00,24400,CE,49.31,49.77,48.78,48.89,301,30162,0.154
2025-08-28 12:05:00,24400,PE,519.82,525.51,517.35,518.83,318,29118,0.154
2025-08-28 12:05:00,24450,CE,47.91,48.47,47.63,47.98,210,30722,0.154
2025-08-28 12:05:00,24450,PE,570.46,567.65,563.0,564.66,511,28435,0.154
2025-08-28 12:05:00,24500,CE,50.4,50.45,50.03,50.12,488,26706,0.154
2025-08-28 12:05:00,24500,PE,621.25,619.83,607.49,615.14,43,29386,0.154
2025-08-28 12:05:00,24550,CE,54.44,55.16,54.2,54.85,282,26314,0.154
2025-08-28 12:05:00,24550,PE,668.22,680.55,664.23,665.14,54,29084,0.154
2025-08-28 12:05:00,24600,CE,49.71,49.85,49.66,49.84,220,26923,0.154
2025-08-28 12:05:00,24600,PE,712.19,719.1,704.74,718.0,134,31186,0.154
2025-08-28 12:05:00,24650,CE,49.04,49.94,48.36,49.06,23,26160,0.154
2025-08-28 12:05:00,24650,PE,775.76,784.0,754.54,768.28,83,27995,0.154
2025-08-28 12:05:00,24700,CE,49.08,48.48,47.8,48.45,239,21437,0.154
2025-08-28 12:05:00,24700,PE,817.53,822.02,801.1,817.7,319,26088,0.154
2025-08-28 12:05:00,24750,CE,51.8,52.58,51.7,52.03,211,22989,0.154
2025-08-28 12:05:00,24750,PE,869.1,871.16,851.53,867.52,351,21743,0.154
2025-08-28 12:05:00,24800,CE,51.63,51.49,50.14,51.42,223,26596,0.154
2025-08-28 12:05:00,24800,PE,920.98,919.39,910.47,916.74,319,23781,0.154
2025-08-28 12:05:00,24850,CE,50.46,51.84,50.9,51.28,303,26045,0.154
2025-08-28 12:05:00,24850,PE,957.89,976.87,966.66,969.35,144,20810,0.154
2025-08-28 12:05:00,24900,CE,54.44,55.45,54.39,54.49,125,18845,0.154
2025-08-28 12:05:00,24900,PE,1026.83,1025.04,1008.82,1016.25,293,21032,0.154
2025-08-28 12:10:00,23500,CE,476.49,481.12,475.64,477.03,259,43548,0.154
2025-08-28 12:10:00,23500,PE,46.62,46.74,46.39,46.65,148,45288,0.154
2025-08-28 12:10:00,23550,CE,427.32,430.4,427.75,428.6,277,51477,0.154
2025-08-28 12:10:00,23550,PE,51.89,52.21,51.24,52.1,731,51952,0.154
2025-08-28 12:10:00,23600,CE,376.67,376.41,375.24,376.27,650,51810,0.154
2025-08-28 12:10:00,23600,PE,48.72,50.08,48.91,49.05,505,52725,0.154
2025-08-28 12:10:00,23650,CE,322.04,327.18,322.21,326.84,621,60377,0.154
2025-08-28 12:10:00,23650,PE,49.46,50.14,49.39,50.05,555,58628,0.154
2025-08-28 12:10:00,23700,CE,280.66,284.47,280.08,280.13,593,66610,0.154
2025-08-28 12:10:00,23700,PE,51.7,51.98,51.14,51.42,209,67123,0.154
2025-08-28 12:10:00,23750,CE,228.1,228.79,227.48,227.91,605,77552,0.154
2025-08-28 12:10:00,23750,PE,50.77,51.54,50.41,50.66,841,74867,0.154
2025-08-28 12:10:00,23800,CE,177.08,179.1,174.64,178.04,28,85354,0.154
2025-08-28 12:10:00,23800,PE,50.54,50.5,49.86,49.88,109,84083,0.154
2025-08-28 12:10:00,23850,CE,125.12,125.55,123.07,123.78,1249,78918,0.154
2025-08-28 12:10:00,23850,PE,54.33,54.49,54.1,54.19,574,77124,0.154
2025-08-28 12:10:00,23900,CE,76.14,76.13,74.86,75.66,535,66907,0.154
2025-08-28 12:10:00,23900,PE,51.12,51.75,50.85,50.98,594,64128,0.154
2025-08-28 12:10:00,23950,CE,50.16,50.75,49.82,49.94,56,63109,0.154
2025-08-28 12:10:00,23950,PE,75.54,75.17,74.14,74.97,1399,64559,0.154
2025-08-28 12:10:00,24000,CE,55.04,55.06,53.94,54.19,1095,55326,0.154
2025-08-28 12:10:00,24000,PE,126.52,130.66,126.58,127.08,1403,60887,0.154
2025-08-28 12:10:00,24050,CE,50.4,51.87,49.96,50.33,753,52727,0.154
2025-08-28 12:10:00,24050,PE,178.9,177.85,175.87,176.81,354,50664,0.154
2025-08-28 12:10:00,24100,CE,53.01,53.0,52.65,52.81,943,43576,0.154
2025-08-28 12:10:00,24100,PE,228.25,227.19,223.69,227.16,894,47277,0.154
2025-08-28 12:10:00,24150,CE,49.06,49.53,48.55,49.1,613,38217,0.154
2025-08-28 12:10:00,24150,PE,275.1,277.93,275.4,276.05,631,46307,0.154
2025-08-28 12:10:00,24200,CE,52.62,53.73,53.18,53.41,735,37713,0.154
2025-08-28 12:10:00,24200,PE,323.7,323.54,320.89,322.47,313,43081,0.154
2025-08-28 12:10:00,24250,CE,53.76,54.47,53.38,53.84,92,40297,0.154
2025-08-28 12:10:00,24250,PE,373.08,378.46,371.12,374.49,340,37679,0.154
2025-08-28 12:10:00,24300,CE,52.52,52.41,51.98,52.27,639,37920,0.154
2025-08-28 12:10:00,24300,PE,425.86,439.1,421.88,427.08,662,34129,0.154
2025-08-28 12:10:00,24350,CE,54.05,54.18,53.15,53.49,150,34498,0.154
2025-08-28 12:10:00,24350,PE,476.17,485.16,471.73,475.01,504,31624,0.154
2025-08-28 12:10:00,24400,CE,51.93,52.53,51.79,51.94,492,29932,0.154
2025-08-28 12:10:00,24400,PE,526.19,531.08,523.51,526.83,303,29312,0.154
2025-08-28 12:10:00,24450,CE,47.69,49.18,47.53,47.76,486,30492,0.154
2025-08-28 12:10:00,24450,PE,577.75,587.96,569.23,575.53,169,28918,0.154
2025-08-28 12:10:00,24500,CE,51.15,51.13,50.34,50.96,582,26465,0.154
2025-08-28 12:10:00,24500,PE,621.74,628.45,616.16,624.94,47,29536,0.154
2025-08-28 12:10:00,24550,CE,48.85,49.54,48.68,48.88,17,25943,0.154
2025-08-28 12:10:00,24550,PE,668.35,677.16,674.81,676.33,296,28927,0.154
2025-08-28 12:10:00,24600,CE,54.61,53.98,53.26,53.85,33,26744,0.154
2025-08-28 12:10:00,24600,PE,724.04,728.3,721.87,726.8,356,31486,0.154
2025-08-28 12:10:00,24650,CE,52.75,52.85,52.44,52.68,377,25903,0.154
2025-08-28 12:10:00,24650,PE,777.51,791.95,766.32,775.16,333,27787,0.154
2025-08-28 12:10:00,24700,CE,53.02,52.92,52.44,52.64,312,20848,0.154
2025-08-28 12:10:00,24700,PE,829.34,835.58,817.49,826.02,199,25867,0.154
2025-08-28 12:10:00,24750,CE,52.8,54.2,52.84,53.1,305,22715,0.154
2025-08-28 12:10:00,24750,PE,867.91,899.06,872.86,877.06,141,21796,0.154
2025-08-28 12:10:00,24800,CE,52.15,52.74,52.13,52.4,285,26478,0.154
2025-08-28 12:10:00,24800,PE,922.38,927.26,915.58,926.08,387,24357,0.154
2025-08-28 12:10:00,24850,CE,50.19,50.11,49.61,50.08,254,26100,0.154
2025-08-28 12:10:00,24850,PE,986.57,1000.26,971.36,980.16,219,20297,0.154
2025-08-28 12:10:00,24900,CE,53.22,53.32,52.71,53.05,168,19216,0.154
2025-08-28 12:10:00,24900,PE,1046.67,1044.41,1023.87,1027.33,278,20495,0.154
2025-08-28 12:15:00,23500,CE,454.16,453.49,447.29,451.25,112,43952,0.154
2025-08-28 12:15:00,23500,PE,54.07,54.65,53.58,53.96,546,45174,0.154
2025-08-28 12:15:00,23550,CE,392.37,404.6,397.28,398.57,752,50951,0.154
2025-08-28 12:15:00,23550,PE,52.7,52.67,52.5,52.65,611,52524,0.154
2025-08-28 12:15:00,23600,CE,353.58,352.47,346.06,351.8,387,51804,0.154
2025-08-28 12:15:00,23600,PE,54.8,55.6,54.37,54.43,195,53150,0.154
2025-08-28 12:15:00,23650,CE,298.82,305.89,292.77,298.93,693,60281,0.154
2025-08-28 12:15:00,23650,PE,51.62,52.15,50.64,51.66,234,58581,0.154
2025-08-28 12:15:00,23700,CE,250.54,252.36,250.78,251.05,483,66444,0.154
2025-08-28 12:15:00,23700,PE,49.78,49.01,48.73,48.97,883,66965,0.154
2025-08-28 12:15:00,23750,CE,198.36,201.74,194.33,199.48,151,77904,0.154
2025-08-28 12:15:00,23750,PE,56.71,57.06,56.29,56.75,861,74303,0.154
2025-08-28 12:15:00,23800,CE,148.05,149.83,146.21,147.17,931,85341,0.154
2025-08-28 12:15:00,23800,PE,49.49,49.85,48.37,49.54,902,83801,0.154
2025-08-28 12:15:00,23850,CE,101.17,103.84,100.39,101.35,293,78986,0.154
2025-08-28 12:15:00,23850,PE,49.66,49.57,48.7,48.92,106,76782,0.154
2025-08-28 12:15:00,23900,CE,52.75,52.94,52.12,52.37,107,66725,0.154
2025-08-28 12:15:00,23900,PE,53.27,54.93,53.77,54.27,1624,64167,0.154
2025-08-28 12:15:00,23950,CE,53.25,53.22,52.5,52.97,1127,63399,0.154
2025-08-28 12:15:00,23950,PE,101.41,104.79,101.91,102.34,213,65094,0.154
2025-08-28 12:15:00,24000,CE,49.59,50.55,50.26,50.33,221,55017,0.154
2025-08-28 12:15:00,24000,PE,151.23,153.06,151.43,151.55,871,60866,0.154
2025-08-28 12:15:00,24050,CE,49.41,51.7,49.93,50.04,265,52545,0.154
2025-08-28 12:15:00,24050,PE,206.49,210.21,204.47,206.37,487,50791,0.154
2025-08-28 12:15:00,24100,CE,52.63,53.02,52.65,52.69,827,43415,0.154
2025-08-28 12:15:00,24100,PE,255.4,255.31,250.36,254.63,419,46793,0.154
2025-08-28 12:15:00,24150,CE,49.55,49.32,48.59,49.16,902,38354,0.154
2025-08-28 12:15:00,24150,PE,311.49,307.31,303.87,306.13,257,45749,0.154
2025-08-28 12:15:00,24200,CE,53.77,53.6,53.19,53.44,819,37164,0.154
2025-08-28 12:15:00,24200,PE,354.53,354.69,350.29,354.24,168,43542,0.154
2025-08-28 12:15:00,24250,CE,52.34,51.67,51.51,51.56,277,40741,0.154
2025-08-28 12:15:00,24250,PE,416.14,406.62,402.38,404.91,443,37754,0.154
2025-08-28 12:15:00,24300,CE,51.05,52.09,50.9,51.59,686,37341,0.154
2025-08-28 12:15:00,24300,PE,455.68,456.14,450.39,451.66,263,33940,0.154
2025-08-28 12:15:00,24350,CE,52.78,53.44,52.6,52.79,504,34313,0.154
2025-08-28 12:15:00,24350,PE,513.16,511.9,504.19,505.41,604,31889,0.154
2025-08-28 12:15:00,24400,CE,49.08,50.47,49.23,49.45,583,30306,0.154
2025-08-28 12:15:00,24400,PE,556.92,554.23,546.63,551.41,481,29137,0.154
2025-08-28 12:15:00,24450,CE,52.81,53.4,52.81,53.02,441,30398,0.154
2025-08-28 12:15:00,24450,PE,609.61,610.94,606.63,608.59,213,28587,0.154
2025-08-28 12:15:00,24500,CE,51.44,51.12,50.78,51.0,510,26738,0.154
2025-08-28 12:15:00,24500,PE,655.59,665.66,645.01,653.6,36,29354,0.154
2025-08-28 12:15:00,24550,CE,52.54,53.28,52.18,52.42,315,26189,0.154
2025-08-28 12:15:00,24550,PE,697.05,719.85,697.43,703.74,171,29175,0.154
2025-08-28 12:15:00,24600,CE,53.94,55.57,53.8,54.45,145,26331,0.154
2025-08-28 12:15:00,24600,PE,751.35,757.8,748.96,751.29,52,31948,0.154
2025-08-28 12:15:00,24650,CE,56.77,57.34,55.09,55.82,321,26292,0.154
2025-08-28 12:15:00,24650,PE,799.56,805.99,793.8,803.49,264,27886,0.154
2025-08-28 12:15:00,24700,CE,54.0,53.78,53.47,53.56,140,20351,0.154
2025-08-28 12:15:00,24700,PE,850.09,858.41,846.1,851.76,333,25467,0.154
2025-08-28 12:15:00,24750,CE,50.57,51.61,50.52,50.58,388,22225,0.154
2025-08-28 12:15:00,24750,PE,893.92,910.99,876.61,902.58,432,21752,0.154
2025-08-28 12:15:00,24800,CE,54.29,54.44,53.43,54.11,124,26196,0.154
2025-08-28 12:15:00,24800,PE,946.53,957.21,942.4,953.22,289,24753,0.154
2025-08-28 12:15:00,24850,CE,49.55,49.51,49.31,49.41,196,26023,0.154
2025-08-28 12:15:00,24850,PE,994.05,1007.4,991.06,1004.57,358,20239,0.154
2025-08-28 12:15:00,24900,CE,50.98,52.66,51.11,51.92,133,19722,0.154
2025-08-28 12:15:00,24900,PE,1043.11,1071.2,1048.29,1052.49,314,20588,0.154
2025-08-28 12:20:00,23500,CE,481.14,487.58,476.43,478.84,19,43816,0.154
2025-08-28 12:20:00,23500,PE,53.6,53.82,53.76,53.78,692,45754,0.154
2025-08-28 12:20:00,23550,CE,436.73,440.34,425.36,431.85,516,50905,0.154
2025-08-28 12:20:00,23550,PE,54.03,55.38,54.32,54.42,656,52619,0.154
2025-08-28 12:20:00,23600,CE,380.77,377.76,375.64,377.44,62,51662,0.154
2025-08-28 12:20:00,23600,PE,51.1,51.31,50.68,51.12,276,53353,0.154
2025-08-28 12:20:00,23650,CE,327.59,334.0,330.13,330.15,208,60611,0.154
2025-08-28 12:20:00,23650,PE,52.55,53.14,51.98,52.72,229,58735,0.154
2025-08-28 12:20:00,23700,CE,282.37,283.5,280.83,283.14,308,66142,0.154
2025-08-28 12:20:00,23700,PE,50.1,50.0,48.49,49.88,700,67495,0.154
2025-08-28 12:20:00,23750,CE,225.77,227.23,226.06,226.11,879,77918,0.154
2025-08-28 12:20:00,23750,PE,50.98,51.55,50.24,51.0,1002,74694,0.154
2025-08-28 12:20:00,23800,CE,181.76,182.02,178.81,179.65,1130,84751,0.154
2025-08-28 12:20:00,23800,PE,54.27,54.35,53.82,54.12,1003,83822,0.154
2025-08-28 12:20:00,23850,CE,128.58,130.92,127.91,128.23,986,79508,0.154
2025-08-28 12:20:00,23850,PE,52.43,53.01,52.39,52.51,739,77007,0.154
2025-08-28 12:20:00,23900,CE,83.04,82.63,80.94,82.45,1603,66262,0.154
2025-08-28 12:20:00,23900,PE,53.27,53.67,52.78,52.98,1217,64418,0.154
2025-08-28 12:20:00,23950,CE,53.58,53.2,52.28,53.02,339,62817,0.154
2025-08-28 12:20:00,23950,PE,76.51,76.26,75.28,75.65,1067,64936,0.154
2025-08-28 12:20:00,24000,CE,54.43,54.3,53.04,53.48,464,54701,0.154
2025-08-28 12:20:00,24000,PE,125.12,126.51,123.58,124.22,790,60568,0.154
2025-08-28 12:20:00,24050,CE,50.93,50.68,50.08,50.51,112,51994,0.154
2025-08-28 12:20:00,24050,PE,169.71,170.85,167.36,169.19,340,50931,0.154
2025-08-28 12:20:00,24100,CE,48.08,47.91,47.67,47.73,596,43705,0.154
2025-08-28 12:20:00,24100,PE,224.32,226.02,220.87,223.41,674,46543,0.154
2025-08-28 12:20:00,24150,CE,53.53,53.42,53.22,53.24,920,38458,0.154
2025-08-28 12:20:00,24150,PE,273.49,279.2,274.67,275.87,626,45745,0.154
2025-08-28 12:20:00,24200,CE,55.47,55.29,55.03,55.09,394,37755,0.154
2025-08-28 12:20:00,24200,PE,323.93,334.76,323.85,324.38,363,43916,0.154
2025-08-28 12:20:00,24250,CE,51.17,50.82,50.4,50.7,82,41276,0.154
2025-08-28 12:20:00,24250,PE,370.15,381.38,372.99,373.5,634,38143,0.154
2025-08-28 12:20:00,24300,CE,51.49,52.72,51.56,51.79,254,37530,0.154
2025-08-28 12:20:00,24300,PE,416.08,425.59,415.44,420.97,585,33425,0.154
2025-08-28 12:20:00,24350,CE,52.74,54.26,52.89,53.1,468,34742,0.154
2025-08-28 12:20:00,24350,PE,472.28,474.11,467.74,473.1,607,32202,0.154
2025-08-28 12:20:00,24400,CE,52.4,52.24,51.66,52.22,597,30044,0.154
2025-08-28 12:20:00,24400,PE,518.28,526.5,520.39,522.32,463,28860,0.154
2025-08-28 12:20:00,24450,CE,49.45,50.06,48.87,49.1,541,30427,0.154
2025-08-28 12:20:00,24450,PE,581.54,576.96,565.35,571.25,519,28326,0.154
2025-08-28 12:20:00,24500,CE,52.68,52.26,51.44,52.06,187,27302,0.154
2025-08-28 12:20:00,24500,PE,621.91,634.02,617.0,625.94,533,28986,0.154
2025-08-28 12:20:00,24550,CE,51.28,50.47,49.96,50.4,220,25773,0.154
2025-08-28 12:20:00,24550,PE,679.67,680.22,668.05,677.16,357,28627,0.154
2025-08-28 12:20:00,24600,CE,51.25,53.07,51.69,52.22,21,26394,0.154
2025-08-28 12:20:00,24600,PE,714.4,724.5,717.54,723.09,472,32236,0.154
2025-08-28 12:20:00,24650,CE,54.08,54.67,54.03,54.39,350,26395,0.154
2025-08-28 12:20:00,24650,PE,771.81,770.26,765.04,768.97,97,27535,0.154
2025-08-28 12:20:00,24700,CE,48.89,49.98,49.06,49.31,297,20859,0.154
2025-08-28 12:20:00,24700,PE,825.2,829.25,817.29,826.32,30,25322,0.154
2025-08-28 12:20:00,24750,CE,51.59,52.2,51.45,51.68,91,21793,0.154
2025-08-28 12:20:00,24750,PE,876.0,882.46,868.31,872.8,165,21381,0.154
2025-08-28 12:20:00,24800,CE,49.72,49.32,49.14,49.26,112,26121,0.154
2025-08-28 12:20:00,24800,PE,920.14,922.18,917.18,920.75,325,24806,0.154
2025-08-28 12:20:00,24850,CE,55.0,55.47,54.05,55.09,229,26144,0.154
2025-08-28 12:20:00,24850,PE,973.28,981.46,966.33,973.96,99,19726,0.154
2025-08-28 12:20:00,24900,CE,50.5,51.63,50.33,50.75,17,20162,0.154
2025-08-28 12:20:00,24900,PE,1030.21,1043.18,1023.25,1028.26,351,20391,0.154
2025-08-28 12:25:00,23500,CE,484.34,482.57,477.08,479.23,558,43527,0.154
2025-08-28 12:25:00,23500,PE,52.61,53.9,52.1,52.33,224,45979,0.154
2025-08-28 12:25:00,23550,CE,428.9,438.8,426.52,432.19,709,51041,0.154
2025-08-28 12:25:00,23550,PE,52.79,53.03,52.3,52.93,733,53210,0.154
2025-08-28 12:25:00,23600,CE,382.83,386.79,374.86,376.78,37,51554,0.154
2025-08-28 12:25:00,23600,PE,54.31,54.45,53.38,53.93,397,52972,0.154
2025-08-28 12:25:00,23650,CE,324.35,330.03,325.5,328.22,203,61178,0.154
2025-08-28 12:25:00,23650,PE,50.1,50.39,49.64,49.66,173,58713,0.154
2025-08-28 12:25:00,23700,CE,275.68,279.53,275.35,279.05,485,66335,0.154
2025-08-28 12:25:00,23700,PE,53.41,53.86,53.19,53.48,550,66945,0.154
2025-08-28 12:25:00,23750,CE,230.91,236.09,231.42,231.61,505,77721,0.154
2025-08-28 12:25:00,23750,PE,54.37,54.79,54.22,54.69,157,75278,0.154
2025-08-28 12:25:00,23800,CE,174.08,177.3,176.29,176.41,677,85308,0.154
2025-08-28 12:25:00,23800,PE,49.32,49.78,49.12,49.57,1133,84402,0.154
2025-08-28 12:25:00,23850,CE,124.5,128.61,127.15,127.2,351,79896,0.154
2025-08-28 12:25:00,23850,PE,52.01,52.52,51.9,52.13,79,77007,0.154
2025-08-28 12:25:00,23900,CE,78.06,77.74,77.27,77.46,1430,66348,0.154
2025-08-28 12:25:00,23900,PE,49.52,50.11,49.31,49.38,353,63907,0.154
2025-08-28 12:25:00,23950,CE,48.5,48.25,47.18,48.18,775,63168,0.154
2025-08-28 12:25:00,23950,PE,73.96,73.95,73.41,73.73,1529,65234,0.154
2025-08-28 12:25:00,24000,CE,53.05,54.05,53.2,53.24,643,54950,0.154
2025-08-28 12:25:00,24000,PE,121.09,123.61,120.97,121.37,1120,60427,0.154
2025-08-28 12:25:00,24050,CE,51.13,51.76,51.18,51.57,343,51713,0.154
2025-08-28 12:25:00,24050,PE,180.93,182.76,180.0,180.86,934,51302,0.154
2025-08-28 12:25:00,24100,CE,52.81,54.52,53.67,53.85,230,44274,0.154
2025-08-28 12:25:00,24100,PE,230.68,232.18,226.07,227.83,38,46451,0.154
2025-08-28 12:25:00,24150,CE,49.73,49.89,49.16,49.65,489,37924,0.154
2025-08-28 12:25:00,24150,PE,275.44,279.98,276.06,276.94,727,46225,0.154
2025-08-28 12:25:00,24200,CE,51.59,51.87,51.54,51.81,226,37982,0.154
2025-08-28 12:25:00,24200,PE,327.88,328.97,321.99,326.47,863,44121,0.154
2025-08-28 12:25:00,24250,CE,47.11,47.48,47.18,47.23,383,41809,0.154
2025-08-28 12:25:00,24250,PE,379.68,383.63,376.78,378.9,341,38347,0.154
2025-08-28 12:25:00,24300,CE,53.03,52.38,52.23,52.29,594,37671,0.154
2025-08-28 12:25:00,24300,PE,425.15,433.02,423.09,426.11,249,33677,0.154
2025-08-28 12:25:00,24350,CE,54.52,54.88,54.49,54.51,228,34722,0.154
2025-08-28 12:25:00,24350,PE,476.23,477.87,471.68,475.4,393,31946,0.154
2025-08-28 12:25:00,24400,CE,53.59,53.68,52.62,53.25,512,29746,0.154
2025-08-28 12:25:00,24400,PE,529.88,535.96,521.99,526.56,116,29131,0.154
2025-08-28 12:25:00,24450,CE,52.09,53.3,51.92,52.08,550,30118,0.154
2025-08-28 12:25:00,24450,PE,569.91,576.83,569.64,575.26,327,28843,0.154
2025-08-28 12:25:00,24500,CE,49.11,49.22,48.86,49.0,223,27185,0.154
2025-08-28 12:25:00,24500,PE,627.94,627.93,620.93,626.38,412,29146,0.154
2025-08-28 12:25:00,24550,CE,53.14,54.58,53.05,53.55,78,25224,0.154
2025-08-28 12:25:00,24550,PE,677.8,675.8,667.3,672.53,207,28565,0.154
2025-08-28 12:25:00,24600,CE,48.68,49.06,48.64,48.94,325,26273,0.154
2025-08-28 12:25:00,24600,PE,728.15,735.16,714.92,726.43,76,32541,0.154
2025-08-28 12:25:00,24650,CE,54.81,55.03,54.12,54.54,220,25861,0.154
2025-08-28 12:25:00,24650,PE,773.03,776.32,767.28,774.24,301,27417,0.154
2025-08-28 12:25:00,24700,CE,50.79,52.04,50.22,50.58,258,21288,0.154
2025-08-28 12:25:00,24700,PE,832.36,823.87,815.2,823.45,97,25524,0.154
2025-08-28 12:25:00,24750,CE,51.35,51.74,50.83,51.05,60,22125,0.154
2025-08-28 12:25:00,24750,PE,868.17,887.61,876.9,877.8,170,21696,0.154
2025-08-28 12:25:00,24800,CE,52.38,53.05,52.15,52.23,24,26315,0.154
2025-08-28 12:25:00,24800,PE,925.17,947.0,925.48,926.84,114,24675,0.154
2025-08-28 12:25:00,24850,CE,51.89,53.25,51.98,52.37,102,26023,0.154
2025-08-28 12:25:00,24850,PE,972.35,984.06,965.92,974.3,330,19187,0.154
2025-08-28 12:25:00,24900,CE,54.11,53.95,53.55,53.79,243,19795,0.154
2025-08-28 12:25:00,24900,PE,1025.18,1024.9,1020.24,1023.4,162,20460,0.154
2025-08-28 12:30:00,23500,CE,515.32,521.82,517.15,517.28,74,44001,0.154
2025-08-28 12:30:00,23500,PE,54.33,55.15,54.38,54.52,461,46113,0.154
2025-08-28 12:30:00,23550,CE,467.02,469.57,458.93,468.49,671,50905,0.154
2025-08-28 12:30:00,23550,PE,54.33,55.13,54.79,54.94,111,53608,0.154
2025-08-28 12:30:00,23600,CE,418.75,423.55,419.56,419.72,498,51492,0.154
2025-08-28 12:30:00,23600,PE,51.99,52.75,52.69,52.74,77,52683,0.154
2025-08-28 12:30:00,23650,CE,364.96,366.17,361.31,365.36,497,60674,0.154
2025-08-28 12:30:00,23650,PE,53.64,54.18,53.16,53.45,468,59107,0.154
2025-08-28 12:30:00,23700,CE,320.16,321.28,317.43,318.49,422,66474,0.154
2025-08-28 12:30:00,23700,PE,50.22,52.08,50.14,50.9,211,67041,0.154
2025-08-28 12:30:00,23750,CE,269.6,269.16,267.63,268.79,198,77985,0.154
2025-08-28 12:30:00,23750,PE,53.26,52.63,51.21,52.4,547,75404,0.154
2025-08-28 12:30:00,23800,CE,220.43,225.07,214.79,218.23,374,85128,0.154
2025-08-28 12:30:00,23800,PE,54.24,54.51,53.81,54.33,750,84543,0.154
2025-08-28 12:30:00,23850,CE,162.31,164.14,161.91,162.35,886,79464,0.154
2025-08-28 12:30:00,23850,PE,50.77,51.64,50.37,50.83,256,76762,0.154
2025-08-28 12:30:00,23900,CE,119.9,120.22,119.81,119.86,579,66392,0.154
2025-08-28 12:30:00,23900,PE,46.91,47.94,47.07,47.2,769,63389,0.154
2025-08-28 12:30:00,23950,CE,67.8,67.91,67.06,67.48,87,63554,0.154
2025-08-28 12:30:00,23950,PE,54.75,54.96,53.8,54.14,1001,64687,0.154
2025-08-28 12:30:00,24000,CE,49.0,50.59,49.64,49.67,1367,54796,0.154
2025-08-28 12:30:00,24000,PE,87.03,88.13,87.04,87.25,1067,60372,0.154
2025-08-28 12:30:00,24050,CE,50.89,51.82,50.75,51.02,283,51929,0.154
2025-08-28 12:30:00,24050,PE,139.68,140.15,138.8,139.23,515,50887,0.154
2025-08-28 12:30:00,24100,CE,50.4,50.65,49.66,50.18,284,44659,0.154
2025-08-28 12:30:00,24100,PE,186.9,189.46,185.48,186.77,639,46362,0.154
2025-08-28 12:30:00,24150,CE,52.33,52.99,52.56,52.77,847,37625,0.154
2025-08-28 12:30:00,24150,PE,238.13,241.07,235.08,240.06,177,45743,0.154
2025-08-28 12:30:00,24200,CE,50.15,49.92,48.94,49.86,113,38492,0.154
2025-08-28 12:30:00,24200,PE,287.04,289.99,285.93,287.65,879,44005,0.154
2025-08-28 12:30:00,24250,CE,52.0,52.68,51.34,51.78,426,41666,0.154
2025-08-28 12:30:00,24250,PE,333.62,341.4,333.57,336.92,493,37963,0.154
2025-08-28 12:30:00,24300,CE,51.82,52.98,51.88,51.92,542,37678,0.154
2025-08-28 12:30:00,24300,PE,379.93,389.56,382.3,385.68,746,33460,0.154
2025-08-28 12:30:00,24350,CE,50.49,51.34,49.46,50.56,577,34321,0.154
2025-08-28 12:30:00,24350,PE,437.57,438.82,431.29,436.45,80,32249,0.154
2025-08-28 12:30:00,24400,CE,53.66,54.46,53.24,53.42,624,30223,0.154
2025-08-28 12:30:00,24400,PE,484.56,489.42,484.51,486.02,51,28953,0.154
2025-08-28 12:30:00,24450,CE,50.19,50.23,49.74,50.19,315,29861,0.154
2025-08-28 12:30:00,24450,PE,539.42,542.23,534.8,537.87,203,28691,0.154
2025-08-28 12:30:00,24500,CE,50.06,51.46,50.76,50.8,24,27694,0.154
2025-08-28 12:30:00,24500,PE,586.85,595.25,587.36,589.51,192,29246,0.154
2025-08-28 12:30:00,24550,CE,51.83,51.83,50.88,51.13,459,24823,0.154
2025-08-28 12:30:00,24550,PE,634.06,639.23,629.33,636.11,126,28723,0.154
2025-08-28 12:30:00,24600,CE,51.33,52.02,50.52,51.77,544,26154,0.154
2025-08-28 12:30:00,24600,PE,679.06,687.39,682.25,684.92,500,31961,0.154
2025-08-28 12:30:00,24650,CE,48.14,48.61,48.15,48.32,384,26424,0.154
2025-08-28 12:30:00,24650,PE,732.84,743.7,736.1,737.91,389,26954,0.154
2025-08-28 12:30:00,24700,CE,52.4,53.13,51.81,52.25,13,21184,0.154
2025-08-28 12:30:00,24700,PE,796.33,795.53,783.46,790.92,279,25713,0.154
2025-08-28 12:30:00,24750,CE,55.03,55.25,55.05,55.25,437,22228,0.154
2025-08-28 12:30:00,24750,PE,842.35,839.83,822.18,839.12,131,21101,0.154
2025-08-28 12:30:00,24800,CE,55.24,55.84,55.15,55.44,419,26444,0.154
2025-08-28 12:30:00,24800,PE,892.66,888.29,877.78,886.81,307,24947,0.154
2025-08-28 12:30:00,24850,CE,49.86,51.21,49.53,50.06,345,26442,0.154
2025-08-28 12:30:00,24850,PE,947.17,940.24,929.32,939.44,374,18807,0.154
2025-08-28 12:30:00,24900,CE,48.89,49.26,48.24,48.67,126,19239,0.154
2025-08-28 12:30:00,24900,PE,974.26,990.79,980.28,986.81,56,20993,0.154
2025-08-28 12:35:00,23500,CE,453.9,453.16,451.7,452.61,317,44217,0.154
2025-08-28 12:35:00,23500,PE,50.85,51.67,50.25,51.12,420,46058,0.154
2025-08-28 12:35:00,23550,CE,402.5,409.88,403.13,404.7,139,51175,0.154
2025-08-28 12:35:00,23550,PE,50.75,50.83,49.64,50.48,598,53196,0.154
2025-08-28 12:35:00,23600,CE,351.38,351.58,349.37,351.06,285,52042,0.154
2025-08-28 12:35:00,23600,PE,50.67,50.86,50.64,50.7,737,52868,0.154
2025-08-28 12:35:00,23650,CE,306.3,307.45,302.08,304.49,904,61126,0.154
2025-08-28 12:35:00,23650,PE,49.48,49.52,48.5,49.16,585,59175,0.154
2025-08-28 12:35:00,23700,CE,256.45,255.11,252.67,254.6,680,66834,0.154
2025-08-28 12:35:00,23700,PE,53.68,54.59,53.9,53.93,999,66834,0.154
2025-08-28 12:35:00,23750,CE,202.83,202.71,199.45,201.84,361,77544,0.154
2025-08-28 12:35:00,23750,PE,49.09,50.28,49.0,49.59,30,75228,0.154
2025-08-28 12:35:00,23800,CE,155.85,158.15,155.26,155.51,343,85604,0.154
2025-08-28 12:35:00,23800,PE,50.46,51.58,49.87,50.33,651,84780,0.154
2025-08-28 12:35:00,23850,CE,104.36,105.08,103.72,104.21,333,79411,0.154
2025-08-28 12:35:00,23850,PE,49.93,51.54,50.0,50.85,1227,76444,0.154
2025-08-28 12:35:00,23900,CE,53.73,54.04,53.6,53.63,718,66509,0.154
2025-08-28 12:35:00,23900,PE,50.47,51.17,50.51,50.59,380,63500,0.154
2025-08-28 12:35:00,23950,CE,51.77,52.1,51.63,51.98,955,63591,0.154
2025-08-28 12:35:00,23950,PE,98.5,99.53,97.78,98.87,276,64972,0.154
2025-08-28 12:35:00,24000,CE,54.08,53.63,53.4,53.53,1120,54487,0.154
2025-08-28 12:35:00,24000,PE,150.0,153.95,148.69,149.86,166,60385,0.154
2025-08-28 12:35:00,24050,CE,50.61,51.58,50.22,50.53,221,51699,0.154
2025-08-28 12:35:00,24050,PE,198.66,201.18,198.91,199.45,779,50533,0.154
2025-08-28 12:35:00,24100,CE,49.98,50.48,49.95,50.16,396,44458,0.154
2025-08-28 12:35:00,24100,PE,247.19,250.43,247.03,248.07,758,46725,0.154
2025-08-28 12:35:00,24150,CE,51.32,52.47,51.07,51.09,832,37161,0.154
2025-08-28 12:35:00,24150,PE,300.7,300.49,294.13,298.39,736,45473,0.154
2025-08-28 12:35:00,24200,CE,48.72,49.11,48.59,48.91,779,38531,0.154
2025-08-28 12:35:00,24200,PE,346.0,354.57,347.94,349.71,802,43886,0.154
2025-08-28 12:35:00,24250,CE,51.25,52.14,51.27,51.52,265,42059,0.154
2025-08-28 12:35:00,24250,PE,404.01,407.66,400.7,402.69,293,38298,0.154
2025-08-28 12:35:00,24300,CE,55.61,56.67,54.99,55.12,49,37891,0.154
2025-08-28 12:35:00,24300,PE,449.77,452.6,452.37,452.48,673,33198,0.154
2025-08-28 12:35:00,24350,CE,48.23,48.64,47.9,48.14,680,33746,0.154
2025-08-28 12:35:00,24350,PE,502.49,505.43,497.56,499.5,96,32025,0.154
2025-08-28 12:35:00,24400,CE,53.25,54.68,53.36,53.57,209,30344,0.154
2025-08-28 12:35:00,24400,PE,550.52,556.31,543.73,547.6,561,28474,0.154
2025-08-28 12:35:00,24450,CE,51.34,50.73,50.09,50.65,456,30249,0.154
2025-08-28 12:35:00,24450,PE,598.2,599.03,593.12,598.38,356,29274,0.154
2025-08-28 12:35:00,24500,CE,50.38,50.76,50.44,50.55,63,27979,0.154
2025-08-28 12:35:00,24500,PE,642.49,655.48,644.54,646.25,243,29143,0.154
2025-08-28 12:35:00,24550,CE,53.39,53.65,52.45,53.06,328,25179,0.154
2025-08-28 12:35:00,24550,PE,695.02,715.91,696.78,700.3,264,28450,0.154
2025-08-28 12:35:00,24600,CE,54.33,55.0,53.28,53.62,142,26698,0.154
2025-08-28 12:35:00,24600,PE,755.98,757.54,743.68,751.05,217,31800,0.154
2025-08-28 12:35:00,24650,CE,53.43,54.53,53.45,53.49,279,26651,0.154
2025-08-28 12:35:00,24650,PE,789.16,806.97,794.26,798.4,25,26376,0.154
2025-08-28 12:35:00,24700,CE,52.97,52.7,51.67,52.49,269,21340,0.154
2025-08-28 12:35:00,24700,PE,836.11,860.51,835.35,846.68,232,25468,0.154
2025-08-28 12:35:00,24750,CE,47.47,48.54,47.78,47.91,349,21750,0.154
2025-08-28 12:35:00,24750,PE,891.88,910.37,889.11,898.08,286,21021,0.154
2025-08-28 12:35:00,24800,CE,51.19,52.56,51.37,51.4,160,25971,0.154
2025-08-28 12:35:00,24800,PE,950.65,950.71,939.96,946.67,287,24569,0.154
2025-08-28 12:35:00,24850,CE,50.33,50.56,50.05,50.06,223,26916,0.154
2025-08-28 12:35:00,24850,PE,1007.3,1007.34,989.71,1000.39,304,18283,0.154
2025-08-28 12:35:00,24900,CE,53.88,54.88,53.11,54.31,385,19388,0.154
2025-08-28 12:35:00,24900,PE,1038.51,1060.69,1041.77,1047.63,327,20465,0.154
2025-08-28 12:40:00,23500,CE,413.62,423.93,413.42,417.02,717,44478,0.154
2025-08-28 12:40:00,23500,PE,53.88,55.46,53.74,54.22,694,46631,0.154
2025-08-28 12:40:00,23550,CE,358.79,364.9,360.21,361.98,717,51090,0.154
2025-08-28 12:40:00,23550,PE,53.93,54.55,53.47,53.94,715,53757,0.154
2025-08-28 12:40:00,23600,CE,308.56,311.16,309.1,309.48,844,52211,0.154
2025-08-28 12:40:00,23600,PE,53.23,54.26,53.74,53.91,890,52982,0.154
2025-08-28 12:40:00,23650,CE,262.23,267.13,260.61,261.25,464,60731,0.154
2025-08-28 12:40:00,23650,PE,48.39,49.29,48.61,48.74,486,59717,0.154
2025-08-28 12:40:00,23700,CE,213.75,212.31,209.2,211.14,152,67267,0.154
2025-08-28 12:40:00,23700,PE,51.11,51.91,50.77,51.2,739,66392,0.154
2025-08-28 12:40:00,23750,CE,160.82,161.34,158.53,160.21,307,76978,0.154
2025-08-28 12:40:00,23750,PE,51.51,51.96,51.57,51.66,959,75058,0.154
2025-08-28 12:40:00,23800,CE,117.69,118.89,116.0,116.59,294,85195,0.154
2025-08-28 12:40:00,23800,PE,51.21,52.8,51.38,52.11,758,84583,0.154
2025-08-28 12:40:00,23850,CE,61.44,62.31,60.36,61.84,1573,79961,0.154
2025-08-28 12:40:00,23850,PE,49.32,49.11,48.16,48.48,370,76878,0.154
2025-08-28 12:40:00,23900,CE,50.52,50.55,50.01,50.16,118,66437,0.154
2025-08-28 12:40:00,23900,PE,89.84,90.51,89.61,90.08,920,63230,0.154
2025-08-28 12:40:00,23950,CE,51.19,50.75,50.23,50.47,891,63684,0.154
2025-08-28 12:40:00,23950,PE,138.76,139.83,137.99,138.8,1272,65496,0.154
2025-08-28 12:40:00,24000,CE,47.2,47.4,46.99,47.29,981,54835,0.154
2025-08-28 12:40:00,24000,PE,190.26,194.55,189.56,191.01,417,60826,0.154
2025-08-28 12:40:00,24050,CE,52.08,52.15,51.29,51.76,398,52012,0.154
2025-08-28 12:40:00,24050,PE,242.61,250.84,242.81,244.61,528,50537,0.154
2025-08-28 12:40:00,24100,CE,53.68,54.65,53.44,53.75,784,44027,0.154
2025-08-28 12:40:00,24100,PE,292.48,296.3,293.27,295.52,824,47107,0.154
2025-08-28 12:40:00,24150,CE,55.17,56.33,55.04,55.43,422,37342,0.154
2025-08-28 12:40:00,24150,PE,341.78,345.02,342.4,342.82,243,45800,0.154
2025-08-28 12:40:00,24200,CE,51.18,51.91,50.94,51.26,107,38811,0.154
2025-08-28 12:40:00,24200,PE,394.27,399.96,393.31,394.12,553,43581,0.154
2025-08-28 12:40:00,24250,CE,51.16,53.0,51.28,51.9,612,41801,0.154
2025-08-28 12:40:00,24250,PE,445.68,455.1,440.8,444.58,411,38725,0.154
2025-08-28 12:40:00,24300,CE,50.62,51.44,50.86,51.26,52,37779,0.154
2025-08-28 12:40:00,24300,PE,496.24,496.15,488.78,493.19,440,32811,0.154
2025-08-28 12:40:00,24350,CE,49.97,49.99,49.53,49.85,339,33917,0.154
2025-08-28 12:40:00,24350,PE,543.48,549.04,537.74,543.2,568,31782,0.154
2025-08-28 12:40:00,24400,CE,52.16,52.3,51.34,51.94,510,30515,0.154
2025-08-28 12:40:00,24400,PE,587.05,593.1,579.86,590.25,316,28582,0.154
2025-08-28 12:40:00,24450,CE,54.28,55.02,54.14,54.16,569,30444,0.154
2025-08-28 12:40:00,24450,PE,649.63,644.49,639.57,642.02,253,29866,0.154
2025-08-28 12:40:00,24500,CE,50.29,52.04,49.7,50.23,379,27711,0.154
2025-08-28 12:40:00,24500,PE,688.86,700.93,677.4,689.96,336,29713,0.154
2025-08-28 12:40:00,24550,CE,55.73,56.62,55.48,55.72,363,25495,0.154
2025-08-28 12:40:00,24550,PE,740.99,742.76,734.85,740.86,344,28876,0.154
2025-08-28 12:40:00,24600,CE,50.51,51.74,50.72,50.99,47,27060,0.154
2025-08-28 12:40:00,24600,PE,795.69,802.19,782.41,794.9,443,31227,0.154
2025-08-28 12:40:00,24650,CE,54.01,55.05,53.76,54.79,370,26655,0.154
2025-08-28 12:40:00,24650,PE,831.75,845.89,838.21,840.42,185,25902,0.154
2025-08-28 12:40:00,24700,CE,48.69,50.07,48.57,48.79,147,21548,0.154
2025-08-28 12:40:00,24700,PE,885.77,907.23,876.85,892.24,233,24939,0.154
2025-08-28 12:40:00,24750,CE,52.32,51.82,51.38,51.8,135,21189,0.154
2025-08-28 12:40:00,24750,PE,942.91,955.83,931.45,943.65,160,21509,0.154
2025-08-28 12:40:00,24800,CE,51.29,51.89,51.23,51.37,312,26471,0.154
2025-08-28 12:40:00,24800,PE,988.37,1011.76,985.97,989.88,73,24717,0.154
2025-08-28 12:40:00,24850,CE,56.35,57.25,56.2,56.36,123,26867,0.154
2025-08-28 12:40:00,24850,PE,1038.5,1044.49,1034.2,1039.28,381,18677,0.154
2025-08-28 12:40:00,24900,CE,50.73,51.11,50.3,50.52,266,19945,0.154
2025-08-28 12:40:00,24900,PE,1082.7,1125.33,1072.68,1094.25,192,19930,0.154
2025-08-28 12:45:00,23500,CE,472.6,485.24,469.56,475.87,648,44002,0.154
2025-08-28 12:45:00,23500,PE,49.0,49.79,48.77,49.11,197,47117,0.154
2025-08-28 12:45:00,23550,CE,427.35,427.85,421.8,426.08,679,50609,0.154
2025-08-28 12:45:00,23550,PE,52.31,53.44,51.25,51.67,656,54014,0.154
2025-08-28 12:45:00,23600,CE,376.3,379.93,372.96,376.33,101,52275,0.154
2025-08-28 12:45:00,23600,PE,54.1,54.89,53.84,54.05,229,53007,0.154
2025-08-28 12:45:00,23650,CE,320.2,327.95,322.08,325.04,179,60248,0.154
2025-08-28 12:45:00,23650,PE,50.04,50.14,49.27,50.04,592,59991,0.154
2025-08-28 12:45:00,23700,CE,278.59,277.6,275.17,276.81,202,67389,0.154
2025-08-28 12:45:00,23700,PE,54.23,54.23,54.01,54.13,496,66906,0.154
2025-08-28 12:45:00,23750,CE,229.71,227.02,224.87,226.92,631,76955,0.154
2025-08-28 12:45:00,23750,PE,51.4,51.96,50.47,51.33,26,75552,0.154
2025-08-28 12:45:00,23800,CE,178.36,178.44,175.97,177.22,825,84815,0.154
2025-08-28 12:45:00,23800,PE,56.3,56.53,55.63,56.05,27,84227,0.154
2025-08-28 12:45:00,23850,CE,130.57,130.8,129.53,129.9,723,80499,0.154
2025-08-28 12:45:00,23850,PE,55.87,56.45,55.73,56.28,885,76397,0.154
2025-08-28 12:45:00,23900,CE,77.14,77.28,76.11,76.8,338,66120,0.154
2025-08-28 12:45:00,23900,PE,52.12,51.88,51.49,51.59,150,62799,0.154
2025-08-28 12:45:00,23950,CE,52.69,52.8,51.82,52.41,175,63935,0.154
2025-08-28 12:45:00,23950,PE,76.44,76.72,76.13,76.42,1140,65832,0.154
2025-08-28 12:45:00,24000,CE,51.87,51.9,51.59,51.67,278,55316,0.154
2025-08-28 12:45:00,24000,PE,124.7,128.44,125.54,126.33,545,60402,0.154
2025-08-28 12:45:00,24050,CE,49.71,49.88,49.35,49.86,213,51798,0.154
2025-08-28 12:45:00,24050,PE,177.6,177.31,175.87,177.18,127,50317,0.154
2025-08-28 12:45:00,24100,CE,51.97,52.62,51.88,52.4,737,44595,0.154
2025-08-28 12:45:00,24100,PE,224.74,228.74,225.59,225.74,23,47206,0.154
2025-08-28 12:45:00,24150,CE,50.52,50.11,49.66,50.0,246,37146,0.154
2025-08-28 12:45:00,24150,PE,272.12,275.55,271.4,274.03,647,45558,0.154
2025-08-28 12:45:00,24200,CE,52.7,53.8,52.83,53.28,405,38593,0.154
2025-08-28 12:45:00,24200,PE,326.46,329.28,325.92,328.27,337,43835,0.154
2025-08-28 12:45:00,24250,CE,51.91,51.73,51.34,51.72,252,41860,0.154
2025-08-28 12:45:00,24250,PE,374.76,375.46,370.57,371.92,660,38873,0.154
2025-08-28 12:45:00,24300,CE,55.13,57.05,55.05,55.68,585,37743,0.154
2025-08-28 12:45:00,24300,PE,426.81,432.27,422.37,426.38,363,32242,0.154
2025-08-28 12:45:00,24350,CE,53.26,53.22,52.46,52.76,505,34141,0.154
2025-08-28 12:45:00,24350,PE,474.71,477.41,474.0,475.54,369,32050,0.154
2025-08-28 12:45:00,24400,CE,49.37,50.15,49.19,49.63,441,30131,0.154
2025-08-28 12:45:00,24400,PE,523.1,533.03,523.73,525.64,157,28761,0.154
2025-08-28 12:45:00,24450,CE,49.95,51.33,50.25,50.49,70,30897,0.154
2025-08-28 12:45:00,24450,PE,575.25,581.53,576.04,576.41,224,29989,0.154
2025-08-28 12:45:00,24500,CE,49.77,50.2,49.03,49.57,310,27913,0.154
2025-08-28 12:45:00,24500,PE,625.33,629.57,625.0,627.28,214,29953,0.154
2025-08-28 12:45:00,24550,CE,49.45,50.83,50.13,50.3,103,25284,0.154
2025-08-28 12:45:00,24550,PE,674.49,681.8,667.96,673.9,30,28461,0.154
2025-08-28 12:45:00,24600,CE,47.91,48.63,47.57,47.83,37,27027,0.154
2025-08-28 12:45:00,24600,PE,715.35,728.37,720.48,722.01,46,30905,0.154
2025-08-28 12:45:00,24650,CE,48.25,49.23,48.36,48.52,245,26879,0.154
2025-08-28 12:45:00,24650,PE,776.78,779.5,773.5,775.54,20,26159,0.154
2025-08-28 12:45:00,24700,CE,53.7,53.91,53.14,53.18,250,20957,0.154
2025-08-28 12:45:00,24700,PE,818.2,834.83,821.95,826.56,53,25484,0.154
2025-08-28 12:45:00,24750,CE,54.03,54.24,53.24,53.55,208,21699,0.154
2025-08-28 12:45:00,24750,PE,877.3,887.98,875.75,876.16,237,21067,0.154
2025-08-28 12:45:00,24800,CE,51.68,53.09,52.03,52.35,318,26444,0.154
2025-08-28 12:45:00,24800,PE,934.45,940.7,905.65,925.58,168,24367,0.154
2025-08-28 12:45:00,24850,CE,51.63,52.0,51.67,51.98,188,27423,0.154
2025-08-28 12:45:00,24850,PE,972.71,985.38,955.48,978.34,96,18756,0.154
2025-08-28 12:45:00,24900,CE,53.0,53.37,52.54,52.66,19,20185,0.154
2025-08-28 12:45:00,24900,PE,1026.65,1029.65,1019.56,1027.4,356,20503,0.154
2025-08-28 12:50:00,23500,CE,484.82,492.67,483.07,484.53,571,44209,0.154
2025-08-28 12:50:00,23500,PE,51.23,51.99,50.99,51.33,413,47561,0.154
2025-08-28 12:50:00,23550,CE,440.2,444.16,435.26,437.9,19,50297,0.154
2025-08-28 12:50:00,23550,PE,54.58,55.5,54.39,54.76,45,53689,0.154
2025-08-28 12:50:00,23600,CE,387.57,389.39,377.94,384.74,192,52204,0.154
2025-08-28 12:50:00,23600,PE,51.98,52.15,51.75,51.99,568,53464,0.154
2025-08-28 12:50:00,23650,CE,342.69,341.7,332.1,337.42,538,59694,0.154
2025-08-28 12:50:00,23650,PE,52.16,53.36,51.92,52.73,100,59920,0.154
2025-08-28 12:50:00,23700,CE,281.49,292.31,282.34,285.33,604,67778,0.154
2025-08-28 12:50:00,23700,PE,48.85,49.52,49.16,49.36,375,66518,0.154
2025-08-28 12:50:00,23750,CE,236.18,241.75,237.61,237.96,168,77093,0.154
2025-08-28 12:50:00,23750,PE,54.53,55.52,54.96,55.18,1079,75035,0.154
2025-08-28 12:50:00,23800,CE,190.13,189.31,187.08,188.6,30,84227,0.154
2025-08-28 12:50:00,23800,PE,54.49,55.38,54.71,54.96,671,84009,0.154
2025-08-28 12:50:00,23850,CE,133.61,138.56,133.4,135.37,1141,80865,0.154
2025-08-28 12:50:00,23850,PE,50.22,51.56,49.34,49.81,704,75846,0.154
2025-08-28 12:50:00,23900,CE,84.59,85.63,83.87,84.81,924,65957,0.154
2025-08-28 12:50:00,23900,PE,51.28,52.13,50.63,51.14,1343,63073,0.154
2025-08-28 12:50:00,23950,CE,47.77,48.77,47.92,48.11,1634,63777,0.154
2025-08-28 12:50:00,23950,PE,69.26,69.93,69.18,69.6,569,65806,0.154
2025-08-28 12:50:00,24000,CE,55.28,55.72,54.39,55.35,1205,55316,0.154
2025-08-28 12:50:00,24000,PE,118.76,119.28,116.43,116.59,504,60891,0.154
2025-08-28 12:50:00,24050,CE,51.6,51.23,50.32,50.86,509,52249,0.154
2025-08-28 12:50:00,24050,PE,163.08,170.39,164.97,165.78,819,49793,0.154
2025-08-28 12:50:00,24100,CE,51.44,51.3,51.08,51.22,565,44825,0.154
2025-08-28 12:50:00,24100,PE,216.66,215.35,213.93,214.42,1033,47257,0.154
2025-08-28 12:50:00,24150,CE,51.41,53.7,52.83,52.95,30,36971,0.154
2025-08-28 12:50:00,24150,PE,267.5,271.26,267.27,267.91,982,45549,0.154
2025-08-28 12:50:00,24200,CE,47.69,48.47,47.99,48.03,362,39048,0.154
2025-08-28 12:50:00,24200,PE,313.3,319.2,312.24,316.85,392,44162,0.154
2025-08-28 12:50:00,24250,CE,52.19,53.55,52.59,52.84,30,41941,0.154
2025-08-28 12:50:00,24250,PE,361.61,372.39,362.58,366.5,33,38483,0.154
2025-08-28 12:50:00,24300,CE,47.65,48.36,47.06,47.3,429,37885,0.154
2025-08-28 12:50:00,24300,PE,411.67,416.9,415.71,415.97,103,32239,0.154
2025-08-28 12:50:00,24350,CE,56.87,57.52,56.91,56.94,300,34077,0.154
2025-08-28 12:50:00,24350,PE,471.63,470.47,464.26,468.59,586,32582,0.154
2025-08-28 12:50:00,24400,CE,51.09,52.72,50.88,51.37,60,30722,0.154
2025-08-28 12:50:00,24400,PE,508.97,516.16,505.77,512.84,44,29302,0.154
2025-08-28 12:50:00,24450,CE,53.02,53.27,52.82,53.03,391,31183,0.154
2025-08-28 12:50:00,24450,PE,567.29,568.46,559.55,567.43,161,30107,0.154
2025-08-28 12:50:00,24500,CE,53.77,54.69,53.68,54.19,355,27696,0.154
2025-08-28 12:50:00,24500,PE,612.89,638.45,615.36,615.81,303,30489,0.154
2025-08-28 12:50:00,24550,CE,50.37,50.54,50.21,50.36,68,25230,0.154
2025-08-28 12:50:00,24550,PE,664.73,679.07,656.19,666.17,194,28102,0.154
2025-08-28 12:50:00,24600,CE,50.8,51.51,50.73,51.26,258,26559,0.154
2025-08-28 12:50:00,24600,PE,721.1,731.0,715.5,718.17,71,31307,0.154
2025-08-28 12:50:00,24650,CE,53.1,53.28,52.34,52.97,166,26672,0.154
2025-08-28 12:50:00,24650,PE,770.92,783.2,759.18,767.12,335,26478,0.154
2025-08-28 12:50:00,24700,CE,51.44,51.92,50.86,51.77,415,21109,0.154
2025-08-28 12:50:00,24700,PE,822.02,824.47,811.09,819.98,132,25224,0.154
2025-08-28 12:50:00,24750,CE,49.42,50.2,49.14,49.57,325,22119,0.154
2025-08-28 12:50:00,24750,PE,867.02,878.19,866.57,868.63,420,21480,0.154
2025-08-28 12:50:00,24800,CE,50.75,51.02,50.6,50.96,276,26050,0.154
2025-08-28 12:50:00,24800,PE,900.4,916.71,905.97,915.79,186,23913,0.154
2025-08-28 12:50:00,24850,CE,47.76,48.09,47.7,47.77,187,27543,0.154
2025-08-28 12:50:00,24850,PE,977.51,982.55,968.83,970.31,284,18436,0.154
2025-08-28 12:50:00,24900,CE,52.66,53.71,52.22,52.35,281,19983,0.154
2025-08-28 12:50:00,24900,PE,1014.4,1029.23,1009.53,1014.1,281,21027,0.154
2025-08-28 12:55:00,23500,CE,417.43,421.46,411.03,418.11,233,43819,0.154
2025-08-28 12:55:00,23500,PE,55.52,56.43,55.6,55.61,749,47525,0.154
2025-08-28 12:55:00,23550,CE,365.62,373.81,365.4,369.66,204,50050,0.154
2025-08-28 12:55:00,23550,PE,49.9,50.25,48.58,49.78,400,53506,0.154
2025-08-28 12:55:00,23600,CE,317.86,321.41,312.9,318.96,830,52048,0.154
2025-08-28 12:55:00,23600,PE,49.77,49.83,49.31,49.57,440,53175,0.154
2025-08-28 12:55:00,23650,CE,273.81,277.57,273.57,274.72,716,60010,0.154
2025-08-28 12:55:00,23650,PE,49.98,49.97,49.71,49.92,575,60294,0.154
2025-08-28 12:55:00,23700,CE,219.99,222.39,219.3,220.26,320,67825,0.154
2025-08-28 12:55:00,23700,PE,52.56,52.59,52.02,52.4,823,66997,0.154
2025-08-28 12:55:00,23750,CE,171.7,172.18,170.24,171.52,427,76656,0.154
2025-08-28 12:55:00,23750,PE,51.12,52.41,51.41,51.74,993,75042,0.154
2025-08-28 12:55:00,23800,CE,120.48,121.76,119.5,120.21,102,84621,0.154
2025-08-28 12:55:00,23800,PE,52.73,53.01,51.46,52.12,733,84154,0.154
2025-08-28 12:55:00,23850,CE,64.89,67.78,65.49,65.63,624,81447,0.154
2025-08-28 12:55:00,23850,PE,53.06,54.03,52.76,53.63,743,75960,0.154
2025-08-28 12:55:00,23900,CE,50.57,51.72,50.67,50.86,876,66509,0.154
2025-08-28 12:55:00,23900,PE,79.87,81.57,80.12,80.62,997,62591,0.154
2025-08-28 12:55:00,23950,CE,55.45,54.6,54.19,54.35,1193,63228,0.154
2025-08-28 12:55:00,23950,PE,132.79,135.63,132.94,132.96,741,65633,0.154
2025-08-28 12:55:00,24000,CE,52.83,54.19,52.29,53.15,597,55725,0.154
2025-08-28 12:55:00,24000,PE,183.19,183.79,180.7,182.35,149,60351,0.154
2025-08-28 12:55:00,24050,CE,54.03,55.14,53.23,53.67,982,51951,0.154
2025-08-28 12:55:00,24050,PE,236.62,241.23,236.0,238.24,490,50375,0.154
2025-08-28 12:55:00,24100,CE,50.87,50.76,50.28,50.49,715,44994,0.154
2025-08-28 12:55:00,24100,PE,283.01,289.27,283.29,283.99,22,47128,0.154
2025-08-28 12:55:00,24150,CE,47.73,48.38,47.55,47.86,471,36464,0.154
2025-08-28 12:55:00,24150,PE,332.1,336.71,330.95,332.68,582,45855,0.154
2025-08-28 12:55:00,24200,CE,49.88,49.79,48.52,49.54,309,39558,0.154
2025-08-28 12:55:00,24200,PE,387.15,387.01,381.45,384.83,766,44451,0.154
2025-08-28 12:55:00,24250,CE,49.47,50.39,49.52,49.74,246,41480,0.154
2025-08-28 12:55:00,24250,PE,432.31,431.28,425.43,430.51,531,38521,0.154
2025-08-28 12:55:00,24300,CE,52.81,55.33,53.71,53.87,508,37768,0.154
2025-08-28 12:55:00,24300,PE,486.27,487.31,481.18,483.51,117,32723,0.154
2025-08-28 12:55:00,24350,CE,53.99,54.69,53.96,54.65,633,34391,0.154
2025-08-28 12:55:00,24350,PE,539.31,537.92,532.36,535.08,25,32944,0.154
2025-08-28 12:55:00,24400,CE,53.21,54.33,52.9,52.95,614,30618,0.154
2025-08-28 12:55:00,24400,PE,587.17,592.3,572.59,584.76,315,28731,0.154
2025-08-28 12:55:00,24450,CE,49.36,49.04,48.64,48.75,353,31494,0.154
2025-08-28 12:55:00,24450,PE,639.21,635.27,628.05,633.27,124,30266,0.154
2025-08-28 12:55:00,24500,CE,52.05,52.55,52.12,52.16,149,27265,0.154
2025-08-28 12:55:00,24500,PE,686.4,686.43,678.63,683.46,21,30797,0.154
2025-08-28 12:55:00,24550,CE,56.68,56.84,56.22,56.49,117,24809,0.154
2025-08-28 12:55:00,24550,PE,726.28,735.67,730.59,735.16,501,28389,0.154
2025-08-28 12:55:00,24600,CE,53.4,53.81,53.55,53.69,133,26815,0.154
2025-08-28 12:55:00,24600,PE,780.4,790.56,776.56,781.48,251,30716,0.154
2025-08-28 12:55:00,24650,CE,53.22,54.41,53.4,54.11,133,27001,0.154
2025-08-28 12:55:00,24650,PE,819.36,848.63,831.02,832.65,341,26367,0.154
2025-08-28 12:55:00,24700,CE,50.52,51.71,50.6,50.96,444,21116,0.154
2025-08-28 12:55:00,24700,PE,876.34,892.12,880.33,883.98,13,25781,0.154
2025-08-28 12:55:00,24750,CE,50.75,51.56,50.29,50.88,16,22622,0.154
2025-08-28 12:55:00,24750,PE,936.23,945.73,931.12,937.12,38,21339,0.154
2025-08-28 12:55:00,24800,CE,50.75,51.67,50.48,51.56,28,26301,0.154
2025-08-28 12:55:00,24800,PE,982.58,1009.27,973.33,984.8,131,23928,0.154
2025-08-28 12:55:00,24850,CE,46.29,46.99,46.65,46.72,80,27929,0.154
2025-08-28 12:55:00,24850,PE,1045.41,1042.3,1037.49,1038.42,186,18219,0.154
2025-08-28 12:55:00,24900,CE,46.82,47.53,46.88,47.49,14,19948,0.154
2025-08-28 12:55:00,24900,PE,1093.98,1090.93,1082.05,1083.95,278,20561,0.154
2025-08-28 13:00:00,23500,CE,437.74,439.59,439.3,439.31,389,44331,0.154
2025-08-28 13:00:00,23500,PE,51.17,51.67,50.59,50.91,655,48005,0.154
2025-08-28 13:00:00,23550,CE,386.7,389.07,383.62,388.48,732,49781,0.154
2025-08-28 13:00:00,23550,PE,50.95,51.46,50.74,51.19,141,53605,0.154
2025-08-28 13:00:00,23600,CE,336.03,337.15,330.85,334.21,640,51902,0.154
2025-08-28 13:00:00,23600,PE,51.4,53.04,50.78,51.16,217,52761,0.154
2025-08-28 13:00:00,23650,CE,285.63,285.76,279.53,285.16,504,59464,0.154
2025-08-28 13:00:00,23650,PE,51.1,51.58,51.01,51.43,671,60681,0.154
2025-08-28 13:00:00,23700,CE,238.29,240.25,237.51,239.15,898,67571,0.154
2025-08-28 13:00:00,23700,PE,47.93,48.39,48.0,48.25,123,67015,0.154
2025-08-28 13:00:00,23750,CE,185.66,186.97,185.85,186.17,901,77139,0.154
2025-08-28 13:00:00,23750,PE,50.34,51.44,50.59,51.06,163,74465,0.154
2025-08-28 13:00:00,23800,CE,137.85,138.73,137.97,138.21,214,84677,0.154
2025-08-28 13:00:00,23800,PE,51.54,52.24,50.07,51.11,247,84700,0.154
2025-08-28 13:00:00,23850,CE,87.67,88.35,86.9,86.91,569,81818,0.154
2025-08-28 13:00:00,23850,PE,54.77,55.02,53.82,54.68,536,75623,0.154
2025-08-28 13:00:00,23900,CE,54.78,54.97,54.38,54.7,171,66150,0.154
2025-08-28 13:00:00,23900,PE,66.8,67.59,67.1,67.48,1289,62905,0.154
2025-08-28 13:00:00,23950,CE,51.17,51.78,51.33,51.63,982,62723,0.154
2025-08-28 13:00:00,23950,PE,116.24,117.71,117.22,117.5,484,65752,0.154
2025-08-28 13:00:00,24000,CE,54.81,55.93,55.12,55.25,1194,55405,0.154
2025-08-28 13:00:00,24000,PE,168.83,170.04,167.45,168.43,254,60758,0.154
2025-08-28 13:00:00,24050,CE,50.0,50.33,49.4,49.8,538,51806,0.154
2025-08-28 13:00:00,24050,PE,216.44,220.29,216.15,217.22,445,50272,0.154
2025-08-28 13:00:00,24100,CE,50.97,52.05,50.18,50.51,500,45347,0.154
2025-08-28 13:00:00,24100,PE,274.06,272.49,265.95,270.87,704,46633,0.154
2025-08-28 13:00:00,24150,CE,52.59,53.19,52.82,53.08,135,36585,0.154
2025-08-28 13:00:00,24150,PE,314.45,321.51,312.15,315.73,775,46410,0.154
2025-08-28 13:00:00,24200,CE,54.66,54.88,54.02,54.72,756,39738,0.154
2025-08-28 13:00:00,24200,PE,362.62,368.23,360.97,365.41,210,43949,0.154
2025-08-28 13:00:00,24250,CE,54.86,56.09,55.64,55.83,575,41970,0.154
2025-08-28 13:00:00,24250,PE,412.97,417.54,411.63,413.78,322,38075,0.154
2025-08-28 13:00:00,24300,CE,51.07,51.34,50.77,50.87,531,37610,0.154
2025-08-28 13:00:00,24300,PE,469.92,476.67,459.35,469.4,464,32341,0.154
2025-08-28 13:00:00,24350,CE,52.38,53.34,52.1,52.37,246,34657,0.154
2025-08-28 13:00:00,24350,PE,513.12,517.82,509.62,515.66,578,32661,0.154
2025-08-28 13:00:00,24400,CE,55.56,55.27,54.5,54.87,506,30331,0.154
2025-08-28 13:00:00,24400,PE,571.98,576.14,561.6,567.69,466,28627,0.154
2025-08-28 13:00:00,24450,CE,51.17,52.09,50.51,51.01,419,31237,0.154
2025-08-28 13:00:00,24450,PE,621.86,636.66,615.05,616.24,58,30607,0.154
2025-08-28 13:00:00,24500,CE,51.89,52.81,51.84,52.3,13,27297,0.154
2025-08-28 13:00:00,24500,PE,679.35,676.73,657.53,666.88,41,30864,0.154
2025-08-28 13:00:00,24550,CE,50.49,51.43,50.24,50.66,65,24402,0.154
2025-08-28 13:00:00,24550,PE,716.22,729.25,705.8,714.47,522,28885,0.154
2025-08-28 13:00:00,24600,CE,50.44,51.39,50.37,50.56,229,26633,0.154
2025-08-28 13:00:00,24600,PE,766.08,767.3,761.15,766.42,352,30568,0.154
2025-08-28 13:00:00,24650,CE,49.09,49.89,48.74,49.04,79,26691,0.154
2025-08-28 13:00:00,24650,PE,808.4,823.99,808.8,817.27,298,26919,0.154
2025-08-28 13:00:00,24700,CE,53.41,53.21,52.28,53.02,301,21244,0.154
2025-08-28 13:00:00,24700,PE,858.22,867.61,860.72,866.54,360,25254,0.154
2025-08-28 13:00:00,24750,CE,58.83,59.56,57.49,58.59,275,22253,0.154
2025-08-28 13:00:00,24750,PE,903.49,923.0,905.97,918.06,188,21315,0.154
2025-08-28 13:00:00,24800,CE,56.24,56.58,55.47,55.93,307,25926,0.154
2025-08-28 13:00:00,24800,PE,960.61,972.98,962.95,968.38,400,24054,0.154
2025-08-28 13:00:00,24850,CE,49.52,50.74,49.97,50.21,144,27698,0.154
2025-08-28 13:00:00,24850,PE,1009.57,1030.14,1018.17,1019.0,46,18038,0.154
2025-08-28 13:00:00,24900,CE,50.6,51.35,50.38,50.42,50,20291,0.154
2025-08-28 13:00:00,24900,PE,1058.62,1072.68,1065.63,1066.89,308,20590,0.154
2025-08-28 13:05:00,23500,CE,437.95,446.27,445.49,445.57,717,43866,0.154
2025-08-28 13:05:00,23500,PE,51.5,51.89,50.38,51.22,654,47851,0.154
2025-08-28 13:05:00,23550,CE,392.96,401.29,386.4,395.07,611,50256,0.154
2025-08-28 13:05:00,23550,PE,53.36,53.71,52.49,53.23,113,54020,0.154
2025-08-28 13:05:00,23600,CE,349.75,348.15,346.36,346.74,866,52213,0.154
2025-08-28 13:05:00,23600,PE,52.22,51.94,51.19,51.72,139,53173,0.154
2025-08-28 13:05:00,23650,CE,298.81,300.72,296.96,298.11,277,58973,0.154
2025-08-28 13:05:00,23650,PE,51.73,52.15,51.65,51.85,621,60227,0.154
2025-08-28 13:05:00,23700,CE,240.96,249.35,238.64,243.26,609,66993,0.154
2025-08-28 13:05:00,23700,PE,52.85,53.55,52.62,52.91,788,66565,0.154
2025-08-28 13:05:00,23750,CE,194.91,204.08,196.01,196.3,800,77527,0.154
2025-08-28 13:05:00,23750,PE,51.68,51.95,50.5,51.15,132,73910,0.154
2025-08-28 13:05:00,23800,CE,145.5,147.38,145.34,145.75,1181,84635,0.154
2025-08-28 13:05:00,23800,PE,53.43,53.76,52.47,52.69,689,84396,0.154
2025-08-28 13:05:00,23850,CE,93.39,94.91,93.52,94.39,750,82216,0.154
2025-08-28 13:05:00,23850,PE,51.49,51.5,50.42,51.0,1312,75986,0.154
2025-08-28 13:05:00,23900,CE,50.95,52.14,50.33,50.82,531,66469,0.154
2025-08-28 13:05:00,23900,PE,55.88,55.75,55.26,55.69,809,62758,0.154
2025-08-28 13:05:00,23950,CE,51.66,51.52,51.13,51.23,505,63233,0.154
2025-08-28 13:05:00,23950,PE,109.75,110.83,107.59,107.84,280,66227,0.154
2025-08-28 13:05:00,24000,CE,54.21,55.13,53.74,54.07,1191,55585,0.154
2025-08-28 13:05:00,24000,PE,152.48,157.1,153.41,154.12,55,60893,0.154
2025-08-28 13:05:00,24050,CE,54.76,56.03,55.2,55.38,150,51610,0.154
2025-08-28 13:05:00,24050,PE,203.22,207.46,200.06,204.83,104,50555,0.154
2025-08-28 13:05:00,24100,CE,48.6,49.38,48.27,48.92,509,45873,0.154
2025-08-28 13:05:00,24100,PE,260.08,260.08,256.4,259.73,712,46412,0.154
2025-08-28 13:05:00,24150,CE,53.71,53.53,53.29,53.47,729,36328,0.154
2025-08-28 13:05:00,24150,PE,305.73,308.32,304.96,305.98,263,46126,0.154
2025-08-28 13:05:00,24200,CE,50.31,50.51,49.87,50.38,613,40317,0.154
2025-08-28 13:05:00,24200,PE,355.47,365.17,354.98,356.61,733,43997,0.154
2025-08-28 13:05:00,24250,CE,49.96,49.75,49.21,49.5,21,42531,0.154
2025-08-28 13:05:00,24250,PE,416.91,412.14,407.51,411.04,310,38215,0.154
2025-08-28 13:05:00,24300,CE,51.58,51.73,51.17,51.48,316,37362,0.154
2025-08-28 13:05:00,24300,PE,456.44,458.43,454.41,455.32,230,32444,0.154
2025-08-28 13:05:00,24350,CE,52.48,52.85,51.68,51.94,299,34243,0.154
2025-08-28 13:05:00,24350,PE,512.22,512.69,505.67,509.56,264,32598,0.154
2025-08-28 13:05:00,24400,CE,53.08,54.11,52.83,53.45,403,30262,0.154
2025-08-28 13:05:00,24400,PE,563.39,568.58,557.58,559.58,132,28718,0.154
2025-08-28 13:05:00,24450,CE,51.92,52.39,50.98,51.48,503,31101,0.154
2025-08-28 13:05:00,24450,PE,608.3,615.68,608.24,608.29,384,30553,0.154
2025-08-28 13:05:00,24500,CE,53.8,54.18,53.32,54.01,174,27748,0.154
2025-08-28 13:05:00,24500,PE,653.25,661.9,650.01,660.29,545,30480,0.154
2025-08-28 13:05:00,24550,CE,55.1,54.59,54.52,54.53,336,24909,0.154
2025-08-28 13:05:00,24550,PE,716.99,711.23,703.45,706.79,291,28931,0.154
2025-08-28 13:05:00,24600,CE,50.9,52.01,51.16,51.5,488,26787,0.154
2025-08-28 13:05:00,24600,PE,760.81,761.46,750.36,756.69,432,30093,0.154
2025-08-28 13:05:00,24650,CE,56.67,56.74,55.65,56.14,288,26265,0.154
2025-08-28 13:05:00,24650,PE,803.74,810.45,798.14,808.26,104,27198,0.154
2025-08-28 13:05:00,24700,CE,49.73,49.55,48.6,49.33,402,21724,0.154
2025-08-28 13:05:00,24700,PE,858.01,864.9,852.26,857.36,354,25276,0.154
2025-08-28 13:05:00,24750,CE,50.3,50.6,49.77,50.3,195,21854,0.154
2025-08-28 13:05:00,24750,PE,916.93,945.65,891.62,908.75,348,21671,0.154
2025-08-28 13:05:00,24800,CE,51.03,51.58,50.63,50.95,59,26427,0.154
2025-08-28 13:05:00,24800,PE,962.19,969.73,953.2,956.53,143,24258,0.154
2025-08-28 13:05:00,24850,CE,48.64,49.41,47.91,48.41,57,27317,0.154
2025-08-28 13:05:00,24850,PE,1007.65,1011.22,998.59,1005.0,247,17932,0.154
2025-08-28 13:05:00,24900,CE,52.06,52.78,51.32,51.7,16,20818,0.154
2025-08-28 13:05:00,24900,PE,1053.27,1074.61,1049.59,1053.72,346,20219,0.154
2025-08-28 13:10:00,23500,CE,450.7,454.16,448.38,453.47,481,43470,0.154
2025-08-28 13:10:00,23500,PE,50.02,51.34,50.47,50.71,529,48093,0.154
2025-08-28 13:10:00,23550,CE,404.95,409.33,401.29,403.65,594,50307,0.154
2025-08-28 13:10:00,23550,PE,52.97,52.88,51.78,52.11,31,53665,0.154
2025-08-28 13:10:00,23600,CE,354.23,360.58,349.12,356.06,852,52352,0.154
2025-08-28 13:10:00,23600,PE,48.47,48.89,48.53,48.78,304,53697,0.154
2025-08-28 13:10:00,23650,CE,307.95,313.15,307.21,309.79,413,59399,0.154
2025-08-28 13:10:00,23650,PE,54.27,54.43,53.86,53.94,761,59634,0.154
2025-08-28 13:10:00,23700,CE,248.33,256.03,250.93,253.2,969,67445,0.154
2025-08-28 13:10:00,23700,PE,53.94,54.37,53.81,54.16,1031,66717,0.154
2025-08-28 13:10:00,23750,CE,201.95,206.65,201.09,203.25,816,77247,0.154
2025-08-28 13:10:00,23750,PE,50.13,50.66,49.1,49.18,192,73422,0.154
2025-08-28 13:10:00,23800,CE,154.49,154.2,152.07,153.15,249,85200,0.154
2025-08-28 13:10:00,23800,PE,48.77,48.73,48.1,48.43,377,83830,0.154
2025-08-28 13:10:00,23850,CE,104.92,104.64,103.53,104.43,1045,81837,0.154
2025-08-28 13:10:00,23850,PE,50.29,50.8,50.08,50.45,783,76191,0.154
2025-08-28 13:10:00,23900,CE,54.39,55.75,54.4,54.67,1032,66778,0.154
2025-08-28 13:10:00,23900,PE,49.59,50.07,48.95,49.67,61,62477,0.154
2025-08-28 13:10:00,23950,CE,51.23,51.79,51.22,51.23,639,63517,0.154
2025-08-28 13:10:00,23950,PE,100.57,101.04,98.66,99.66,846,66545,0.154
2025-08-28 13:10:00,24000,CE,47.25,48.05,47.19,47.48,994,55948,0.154
2025-08-28 13:10:00,24000,PE,146.56,149.33,147.7,148.11,819,61197,0.154
2025-08-28 13:10:00,24050,CE,51.98,52.68,51.27,51.65,805,51049,0.154
2025-08-28 13:10:00,24050,PE,197.33,200.41,198.64,199.48,344,51025,0.154
2025-08-28 13:10:00,24100,CE,52.78,54.27,53.14,53.8,111,45948,0.154
2025-08-28 13:10:00,24100,PE,244.79,247.36,241.89,246.0,810,46329,0.154
2025-08-28 13:10:00,24150,CE,53.28,54.31,53.77,54.04,183,35757,0.154
2025-08-28 13:10:00,24150,PE,298.47,302.92,293.32,298.39,634,46234,0.154
2025-08-28 13:10:00,24200,CE,49.91,52.05,50.01,51.17,605,39912,0.154
2025-08-28 13:10:00,24200,PE,354.55,350.77,347.74,350.4,414,44054,0.154
2025-08-28 13:10:00,24250,CE,53.18,53.62,53.32,53.32,672,42158,0.154
2025-08-28 13:10:00,24250,PE,407.13,401.21,399.41,399.91,560,38440,0.154
2025-08-28 13:10:00,24300,CE,51.25,52.92,51.1,51.25,445,36868,0.154
2025-08-28 13:10:00,24300,PE,449.04,451.09,447.68,449.95,98,32564,0.154
2025-08-28 13:10:00,24350,CE,54.01,54.17,53.62,53.64,433,34415,0.154
2025-08-28 13:10:00,24350,PE,495.49,501.78,497.52,498.73,536,32472,0.154
2025-08-28 13:10:00,24400,CE,51.76,53.14,51.1,52.36,198,30762,0.154
2025-08-28 13:10:00,24400,PE,552.98,556.47,546.06,549.32,450,28749,0.154
2025-08-28 13:10:00,24450,CE,49.9,50.45,49.82,49.98,342,31401,0.154
2025-08-28 13:10:00,24450,PE,593.0,600.06,596.9,597.97,194,30486,0.154
2025-08-28 13:10:00,24500,CE,51.83,51.61,51.24,51.55,33,28098,0.154
2025-08-28 13:10:00,24500,PE,652.38,659.73,642.97,650.64,290,30956,0.154
2025-08-28 13:10:00,24550,CE,50.02,50.07,49.57,49.9,166,24804,0.154
2025-08-28 13:10:00,24550,PE,696.72,701.47,696.29,698.76,37,29491,0.154
2025-08-28 13:10:00,24600,CE,51.86,52.69,51.58,52.28,181,26370,0.154
2025-08-28 13:10:00,24600,PE,755.4,754.82,751.12,751.68,317,30508,0.154
2025-08-28 13:10:00,24650,CE,50.69,51.11,50.25,51.01,61,26296,0.154
2025-08-28 13:10:00,24650,PE,802.06,815.55,791.66,798.01,235,26764,0.154
2025-08-28 13:10:00,24700,CE,52.16,52.06,51.26,51.93,133,21874,0.154
2025-08-28 13:10:00,24700,PE,849.71,858.0,841.82,849.8,460,24833,0.154
2025-08-28 13:10:00,24750,CE,50.24,50.63,50.62,50.62,282,22318,0.154
2025-08-28 13:10:00,24750,PE,911.34,909.62,895.93,902.76,337,22050,0.154
2025-08-28 13:10:00,24800,CE,51.96,51.61,51.06,51.42,390,26612,0.154
2025-08-28 13:10:00,24800,PE,944.65,952.13,933.34,950.97,22,23937,0.154
2025-08-28 13:10:00,24850,CE,50.38,50.92,50.17,50.44,172,27872,0.154
2025-08-28 13:10:00,24850,PE,1001.9,1010.0,985.21,996.0,90,18355,0.154
2025-08-28 13:10:00,24900,CE,53.66,54.4,53.74,53.94,251,21076,0.154
2025-08-28 13:10:00,24900,PE,1064.59,1054.81,1041.12,1050.21,46,20057,0.154
2025-08-28 13:15:00,23500,CE,413.15,419.49,413.73,417.96,368,43451,0.154
2025-08-28 13:15:00,23500,PE,51.85,53.15,51.52,51.98,685,47898,0.154
2025-08-28 13:15:00,23550,CE,369.48,369.05,364.22,366.42,735,50726,0.154
2025-08-28 13:15:00,23550,PE,52.41,53.75,51.24,52.31,547,53435,0.154
2025-08-28 13:15:00,23600,CE,322.8,320.39,315.72,315.96,105,52037,0.154
2025-08-28 13:15:00,23600,PE,50.56,51.34,49.8,50.36,565,53354,0.154
2025-08-28 13:15:00,23650,CE,269.78,268.95,263.29,266.36,918,59280,0.154
2025-08-28 13:15:00,23650,PE,50.84,50.77,50.51,50.71,298,59781,0.154
2025-08-28 13:15:00,23700,CE,219.56,220.09,213.35,217.13,191,67842,0.154
2025-08-28 13:15:00,23700,PE,52.77,54.02,52.95,53.01,630,67226,0.154
2025-08-28 13:15:00,23750,CE,163.19,165.62,163.91,164.16,1093,76743,0.154
2025-08-28 13:15:00,23750,PE,51.58,52.48,51.47,52.0,1148,72878,0.154
2025-08-28 13:15:00,23800,CE,120.09,117.95,116.45,117.5,1165,85035,0.154
2025-08-28 13:15:00,23800,PE,51.5,52.4,51.62,52.01,519,84202,0.154
2025-08-28 13:15:00,23850,CE,66.22,67.63,65.88,66.57,491,82325,0.154
2025-08-28 13:15:00,23850,PE,49.54,50.12,49.82,50.07,96,75793,0.154
2025-08-28 13:15:00,23900,CE,53.9,53.41,52.73,52.99,586,66520,0.154
2025-08-28 13:15:00,23900,PE,89.5,89.33,88.79,89.22,1390,62959,0.154
2025-08-28 13:15:00,23950,CE,51.35,51.03,50.4,50.96,591,63607,0.154
2025-08-28 13:15:00,23950,PE,139.32,137.93,137.46,137.76,480,66434,0.154
2025-08-28 13:15:00,24000,CE,50.51,51.61,50.54,50.72,419,55640,0.154
2025-08-28 13:15:00,24000,PE,188.08,191.59,187.52,188.75,844,60732,0.154
2025-08-28 13:15:00,24050,CE,52.95,53.15,51.95,51.95,325,50579,0.154
2025-08-28 13:15:00,24050,PE,238.02,237.74,235.74,236.72,496,51233,0.154
2025-08-28 13:15:00,24100,CE,54.92,54.7,54.06,54.69,511,46212,0.154
2025-08-28 13:15:00,24100,PE,295.72,296.02,288.35,291.7,565,46167,0.154
2025-08-28 13:15:00,24150,CE,51.66,52.22,51.48,51.75,809,35884,0.154
2025-08-28 13:15:00,24150,PE,339.27,337.96,329.95,334.58,47,45821,0.154
2025-08-28 13:15:00,24200,CE,50.14,51.03,50.68,50.84,551,39337,0.154
2025-08-28 13:15:00,24200,PE,388.47,392.56,386.49,388.4,151,43573,0.154
2025-08-28 13:15:00,24250,CE,52.37,52.92,51.94,52.39,612,41685,0.154
2025-08-28 13:15:00,24250,PE,438.81,439.01,431.14,436.89,161,39021,0.154
2025-08-28 13:15:00,24300,CE,49.0,50.29,49.89,50.22,94,36551,0.154
2025-08-28 13:15:00,24300,PE,481.91,489.49,478.49,485.19,571,32124,0.154
2025-08-28 13:15:00,24350,CE,54.34,55.39,53.46,54.07,158,34769,0.154
2025-08-28 13:15:00,24350,PE,536.13,556.37,538.19,541.86,10,32311,0.154
2025-08-28 13:15:00,24400,CE,52.27,53.24,52.54,52.77,165,30409,0.154
2025-08-28 13:15:00,24400,PE,593.52,591.1,582.64,588.06,247,28413,0.154
2025-08-28 13:15:00,24450,CE,54.41,55.28,53.64,54.25,450,30967,0.154
2025-08-28 13:15:00,24450,PE,639.82,641.1,631.95,640.7,236,29981,0.154
2025-08-28 13:15:00,24500,CE,53.17,53.22,52.79,53.02,65,28314,0.154
2025-08-28 13:15:00,24500,PE,683.04,703.07,685.08,686.88,251,30883,0.154
2025-08-28 13:15:00,24550,CE,50.25,50.87,49.99,50.35,146,24382,0.154
2025-08-28 13:15:00,24550,PE,739.05,740.28,737.21,740.28,456,29841,0.154
2025-08-28 13:15:00,24600,CE,51.64,52.25,51.77,51.87,232,25792,0.154
2025-08-28 13:15:00,24600,PE,780.19,786.34,780.38,784.2,443,30424,0.154
2025-08-28 13:15:00,24650,CE,47.94,48.2,47.61,48.02,95,25848,0.154
2025-08-28 13:15:00,24650,PE,851.14,856.06,837.04,838.7,468,26197,0.154
2025-08-28 13:15:00,24700,CE,50.67,50.7,49.96,50.44,171,21934,0.154
2025-08-28 13:15:00,24700,PE,888.04,907.32,883.97,887.41,136,24419,0.154
2025-08-28 13:15:00,24750,CE,52.66,54.42,53.41,53.71,279,21800,0.154
2025-08-28 13:15:00,24750,PE,928.93,945.99,933.66,936.11,418,22024,0.154
2025-08-28 13:15:00,24800,CE,47.97,48.55,48.14,48.19,304,27024,0.154
2025-08-28 13:15:00,24800,PE,983.84,992.4,983.57,990.94,326,23919,0.154
2025-08-28 13:15:00,24850,CE,54.82,54.0,53.61,53.97,36,27367,0.154
2025-08-28 13:15:00,24850,PE,1041.55,1041.74,1025.43,1034.63,144,18120,0.154
2025-08-28 13:15:00,24900,CE,49.97,50.41,49.93,49.93,338,21011,0.154
2025-08-28 13:15:00,24900,PE,1082.47,1100.95,1079.34,1091.83,379,19794,0.154
2025-08-28 13:20:00,23500,CE,393.81,391.19,384.94,391.0,781,43256,0.154
2025-08-28 13:20:00,23500,PE,48.89,48.95,48.34,48.83,806,47898,0.154
2025-08-28 13:20:00,23550,CE,347.72,352.46,344.07,344.87,30,51256,0.154
2025-08-28 13:20:00,23550,PE,50.09,50.28,50.03,50.03,191,53800,0.154
2025-08-28 13:20:00,23600,CE,289.2,296.69,291.26,292.9,792,51682,0.154
2025-08-28 13:20:00,23600,PE,50.49,51.05,50.09,50.6,554,53696,0.154
2025-08-28 13:20:00,23650,CE,241.76,241.27,239.16,240.66,1009,59153,0.154
2025-08-28 13:20:00,23650,PE,49.55,50.52,49.46,50.02,447,60159,0.154
2025-08-28 13:20:00,23700,CE,188.56,194.38,188.27,189.5,596,67982,0.154
2025-08-28 13:20:00,23700,PE,52.34,53.05,52.68,52.89,155,67440,0.154
2025-08-28 13:20:00,23750,CE,145.63,145.15,144.43,145.13,466,76577,0.154
2025-08-28 13:20:00,23750,PE,49.93,50.0,49.53,49.6,1222,73133,0.154
2025-08-28 13:20:00,23800,CE,94.94,93.85,93.48,93.82,884,85113,0.154
2025-08-28 13:20:00,23800,PE,49.62,50.26,50.07,50.08,1345,84344,0.154
2025-08-28 13:20:00,23850,CE,51.08,51.35,50.69,51.11,387,82381,0.154
2025-08-28 13:20:00,23850,PE,62.2,63.77,62.66,63.13,1101,75259,0.154
2025-08-28 13:20:00,23900,CE,50.81,50.45,50.22,50.42,218,66489,0.154
2025-08-28 13:20:00,23900,PE,111.78,113.56,110.7,111.9,864,62420,0.154
2025-08-28 13:20:00,23950,CE,51.91,51.85,51.78,51.84,598,63209,0.154
2025-08-28 13:20:00,23950,PE,155.59,156.41,154.73,156.12,869,66404,0.154
2025-08-28 13:20:00,24000,CE,53.13,53.59,52.78,53.13,124,55527,0.154
2025-08-28 13:20:00,24000,PE,211.83,216.75,212.25,213.59,1066,60189,0.154
2025-08-28 13:20:00,24050,CE,51.32,52.46,51.6,51.64,425,50143,0.154
2025-08-28 13:20:00,24050,PE,262.75,268.56,263.38,264.96,928,51191,0.154
2025-08-28 13:20:00,24100,CE,53.34,53.38,52.83,53.27,589,46773,0.154
2025-08-28 13:20:00,24100,PE,310.14,311.58,307.21,308.93,61,46150,0.154
2025-08-28 13:20:00,24150,CE,50.64,50.9,49.97,50.44,70,36211,0.154
2025-08-28 13:20:00,24150,PE,362.05,365.18,360.28,360.38,505,45752,0.154
2025-08-28 13:20:00,24200,CE,52.04,52.55,52.23,52.55,237,38967,0.154
2025-08-28 13:20:00,24200,PE,419.68,415.4,409.11,411.08,718,42998,0.154
2025-08-28 13:20:00,24250,CE,50.33,50.89,50.09,50.41,104,41535,0.154
2025-08-28 13:20:00,24250,PE,455.82,468.09,460.53,461.69,292,39524,0.154
2025-08-28 13:20:00,24300,CE,52.71,53.59,51.91,53.36,219,36340,0.154
2025-08-28 13:20:00,24300,PE,517.78,526.46,512.81,515.41,167,31966,0.154
2025-08-28 13:20:00,24350,CE,49.34,49.91,49.36,49.64,178,35000,0.154
2025-08-28 13:20:00,24350,PE,566.27,563.69,562.36,562.5,509,32595,0.154
2025-08-28 13:20:00,24400,CE,53.23,53.37,52.16,52.8,482,30539,0.154
2025-08-28 13:20:00,24400,PE,614.14,615.55,610.3,610.95,414,28218,0.154
2025-08-28 13:20:00,24450,CE,52.41,53.4,52.55,52.72,561,31501,0.154
2025-08-28 13:20:00,24450,PE,663.79,659.86,648.23,658.84,41,29804,0.154
2025-08-28 13:20:00,24500,CE,48.5,50.32,48.94,49.43,372,28064,0.154
2025-08-28 13:20:00,24500,PE,708.37,728.79,711.96,712.17,277,31294,0.154
2025-08-28 13:20:00,24550,CE,51.13,51.02,50.82,50.92,449,24904,0.154
2025-08-28 13:20:00,24550,PE,760.54,763.52,755.85,761.24,331,30388,0.154
2025-08-28 13:20:00,24600,CE,50.4,50.26,49.92,50.25,315,25831,0.154
2025-08-28 13:20:00,24600,PE,795.21,826.3,809.73,814.29,102,30867,0.154
2025-08-28 13:20:00,24650,CE,51.29,52.52,51.24,51.43,124,25468,0.154
2025-08-28 13:20:00,24650,PE,857.29,862.16,854.57,860.95,353,26663,0.154
2025-08-28 13:20:00,24700,CE,50.5,51.06,49.67,50.62,429,22243,0.154
2025-08-28 13:20:00,24700,PE,908.1,908.73,904.64,906.97,422,24298,0.154
2025-08-28 13:20:00,24750,CE,53.0,53.37,52.74,53.06,51,21494,0.154
2025-08-28 13:20:00,24750,PE,971.97,976.88,940.05,958.13,73,22335,0.154
2025-08-28 13:20:00,24800,CE,51.09,51.29,51.16,51.2,174,26940,0.154
2025-08-28 13:20:00,24800,PE,1018.36,1017.89,1009.67,1014.44,373,24493,0.154
2025-08-28 13:20:00,24850,CE,54.1,54.46,53.99,54.13,61,27792,0.154
2025-08-28 13:20:00,24850,PE,1057.77,1068.1,1052.51,1057.16,250,18468,0.154
2025-08-28 13:20:00,24900,CE,50.75,51.8,50.74,50.76,355,20811,0.154
2025-08-28 13:20:00,24900,PE,1118.78,1123.97,1097.46,1112.18,303,20047,0.154
2025-08-28 13:25:00,23500,CE,431.27,441.84,433.47,436.4,501,43563,0.154
2025-08-28 13:25:00,23500,PE,51.35,51.67,51.35,51.45,583,47789,0.154
2025-08-28 13:25:00,23550,CE,382.59,384.85,382.51,384.01,758,50769,0.154
2025-08-28 13:25:00,23550,PE,51.02,51.34,50.61,51.12,163,54082,0.154
2025-08-28 13:25:00,23600,CE,336.88,345.1,330.15,336.98,418,51435,0.154
2025-08-28 13:25:00,23600,PE,52.03,52.32,51.5,51.99,461,53255,0.154
2025-08-28 13:25:00,23650,CE,287.0,293.39,283.04,287.37,18,58604,0.154
2025-08-28 13:25:00,23650,PE,53.32,52.74,52.28,52.61,874,59951,0.154
2025-08-28 13:25:00,23700,CE,237.83,240.63,237.55,238.61,982,67993,0.154
2025-08-28 13:25:00,23700,PE,53.79,53.24,52.98,53.22,342,66886,0.154
2025-08-28 13:25:00,23750,CE,184.14,184.88,184.04,184.3,148,76653,0.154
2025-08-28 13:25:00,23750,PE,47.63,49.24,47.59,47.63,755,73607,0.154
2025-08-28 13:25:00,23800,CE,137.6,137.74,133.92,137.2,286,85230,0.154
2025-08-28 13:25:00,23800,PE,49.64,50.09,49.23,49.78,139,84373,0.154
2025-08-28 13:25:00,23850,CE,81.93,82.91,80.54,81.27,304,82059,0.154
2025-08-28 13:25:00,23850,PE,52.1,52.56,51.79,51.98,682,75186,0.154
2025-08-28 13:25:00,23900,CE,51.56,54.06,51.3,51.72,221,66609,0.154
2025-08-28 13:25:00,23900,PE,68.0,69.53,68.16,68.57,697,62858,0.154
2025-08-28 13:25:00,23950,CE,53.73,54.35,53.55,53.56,893,63667,0.154
2025-08-28 13:25:00,23950,PE,118.22,118.91,117.55,118.03,48,66346,0.154
2025-08-28 13:25:00,24000,CE,50.88,51.1,50.51,50.98,1068,55147,0.154
2025-08-28 13:25:00,24000,PE,167.76,172.26,165.56,168.65,296,60437,0.154
2025-08-28 13:25:00,24050,CE,53.78,53.73,53.16,53.64,38,50683,0.154
2025-08-28 13:25:00,24050,PE,223.64,223.91,221.74,222.34,1061,51740,0.154
2025-08-28 13:25:00,24100,CE,55.49,56.46,54.94,55.33,792,47367,0.154
2025-08-28 13:25:00,24100,PE,269.76,277.81,269.61,271.07,985,45852,0.154
2025-08-28 13:25:00,24150,CE,51.22,51.89,51.16,51.59,154,36615,0.154
2025-08-28 13:25:00,24150,PE,317.21,320.89,314.47,315.91,426,45214,0.154
2025-08-28 13:25:00,24200,CE,49.31,49.46,48.34,49.02,382,38385,0.154
2025-08-28 13:25:00,24200,PE,367.07,366.33,364.51,366.14,491,43206,0.154
2025-08-28 13:25:00,24250,CE,51.22,52.15,50.87,51.19,50,41078,0.154
2025-08-28 13:25:00,24250,PE,416.56,428.09,418.71,419.68,703,39390,0.154
2025-08-28 13:25:00,24300,CE,54.24,54.34,52.86,53.86,47,35754,0.154
2025-08-28 13:25:00,24300,PE,465.83,467.99,463.98,467.67,294,31470,0.154
2025-08-28 13:25:00,24350,CE,51.26,51.55,51.22,51.28,100,34650,0.154
2025-08-28 13:25:00,24350,PE,521.73,522.96,513.56,519.38,474,32660,0.154
2025-08-28 13:25:00,24400,CE,51.59,53.22,51.68,51.72,490,30337,0.154
2025-08-28 13:25:00,24400,PE,570.35,574.19,569.94,570.59,59,28294,0.154
2025-08-28 13:25:00,24450,CE,53.33,53.64,53.0,53.26,572,31679,0.154
2025-08-28 13:25:00,24450,PE,620.68,622.95,615.39,620.79,152,29208,0.154
2025-08-28 13:25:00,24500,CE,50.83,51.22,50.66,50.84,53,28481,0.154
2025-08-28 13:25:00,24500,PE,676.02,689.28,665.28,669.07,169,30763,0.154
2025-08-28 13:25:00,24550,CE,53.45,54.1,52.77,52.87,185,25351,0.154
2025-08-28 13:25:00,24550,PE,714.42,719.49,712.56,718.23,228,30959,0.154
2025-08-28 13:25:00,24600,CE,52.1,52.68,52.41,52.54,256,26315,0.154
2025-08-28 13:25:00,24600,PE,769.0,779.63,767.28,768.21,107,30917,0.154
2025-08-28 13:25:00,24650,CE,48.98,50.01,49.18,49.31,232,25791,0.154
2025-08-28 13:25:00,24650,PE,812.05,852.12,804.09,818.0,71,26270,0.154
2025-08-28 13:25:00,24700,CE,49.87,49.78,49.65,49.73,107,22767,0.154
2025-08-28 13:25:00,24700,PE,861.38,875.82,870.49,870.71,410,23725,0.154
2025-08-28 13:25:00,24750,CE,54.25,53.92,52.99,53.68,188,21555,0.154
2025-08-28 13:25:00,24750,PE,928.01,929.07,902.72,916.8,390,22288,0.154
2025-08-28 13:25:00,24800,CE,51.67,51.72,51.3,51.5,324,27296,0.154
2025-08-28 13:25:00,24800,PE,965.14,968.05,948.22,963.37,217,24787,0.154
2025-08-28 13:25:00,24850,CE,54.18,55.22,53.9,54.34,34,27588,0.154
2025-08-28 13:25:00,24850,PE,1028.14,1039.03,1015.95,1017.59,343,18064,0.154
2025-08-28 13:25:00,24900,CE,53.23,53.52,53.24,53.36,200,21164,0.154
2025-08-28 13:25:00,24900,PE,1073.56,1086.1,1062.58,1066.42,202,20619,0.154
2025-08-28 13:30:00,23500,CE,430.89,427.52,418.74,421.19,661,43080,0.154
2025-08-28 13:30:00,23500,PE,50.26,50.47,49.75,50.05,414,48068,0.154
2025-08-28 13:30:00,23550,CE,369.26,376.78,367.42,369.16,630,50787,0.154
2025-08-28 13:30:00,23550,PE,50.24,50.87,49.78,50.09,344,53856,0.154
2025-08-28 13:30:00,23600,CE,323.19,330.11,322.88,325.8,334,50852,0.154
2025-08-28 13:30:00,23600,PE,51.39,50.96,50.57,50.73,787,53523,0.154
2025-08-28 13:30:00,23650,CE,269.38,268.69,267.36,268.62,300,58162,0.154
2025-08-28 13:30:00,23650,PE,50.89,52.4,50.18,51.13,535,60371,0.154
2025-08-28 13:30:00,23700,CE,217.85,219.99,217.06,219.71,1113,67710,0.154
2025-08-28 13:30:00,23700,PE,52.78,53.53,52.18,53.17,500,66996,0.154
2025-08-28 13:30:00,23750,CE,168.64,171.68,168.29,169.55,757,76394,0.154
2025-08-28 13:30:00,23750,PE,50.56,51.51,50.66,50.7,1032,73849,0.154
2025-08-28 13:30:00,23800,CE,121.49,120.03,119.24,119.84,1202,84770,0.154
2025-08-28 13:30:00,23800,PE,51.27,51.88,50.56,51.54,981,84184,0.154
2025-08-28 13:30:00,23850,CE,70.9,71.66,71.16,71.17,1292,82069,0.154
2025-08-28 13:30:00,23850,PE,52.52,53.58,52.16,52.88,886,75288,0.154
2025-08-28 13:30:00,23900,CE,51.19,52.31,51.06,51.36,379,66704,0.154
2025-08-28 13:30:00,23900,PE,84.25,84.53,82.73,83.91,1429,62353,0.154
2025-08-28 13:30:00,23950,CE,49.99,51.2,49.87,50.22,251,63107,0.154
2025-08-28 13:30:00,23950,PE,133.43,133.5,131.92,132.78,684,66030,0.154
2025-08-28 13:30:00,24000,CE,53.02,53.84,53.21,53.35,730,54592,0.154
2025-08-28 13:30:00,24000,PE,182.68,187.33,182.75,183.74,148,60101,0.154
2025-08-28 13:30:00,24050,CE,55.55,55.32,55.09,55.29,722,50154,0.154
2025-08-28 13:30:00,24050,PE,227.45,233.62,230.16,230.66,581,51772,0.154
2025-08-28 13:30:00,24100,CE,52.83,54.71,53.11,53.59,322,46892,0.154
2025-08-28 13:30:00,24100,PE,285.96,290.6,282.79,283.85,705,45750,0.154
2025-08-28 13:30:00,24150,CE,56.56,57.12,56.3,56.46,540,36938,0.154
2025-08-28 13:30:00,24150,PE,335.11,343.46,332.2,332.63,25,45540,0.154
2025-08-28 13:30:00,24200,CE,51.39,51.82,50.72,51.5,83,38459,0.154
2025-08-28 13:30:00,24200,PE,385.93,392.98,385.47,386.21,86,42642,0.154
2025-08-28 13:30:00,24250,CE,49.14,49.16,48.27,48.69,320,41122,0.154
2025-08-28 13:30:00,24250,PE,430.08,434.83,428.85,434.05,244,39093,0.154
2025-08-28 13:30:00,24300,CE,51.84,52.23,51.34,51.36,137,35836,0.154
2025-08-28 13:30:00,24300,PE,479.06,491.85,480.31,481.27,289,31960,0.154
2025-08-28 13:30:00,24350,CE,48.92,49.59,49.05,49.38,292,34768,0.154
2025-08-28 13:30:00,24350,PE,540.29,534.54,526.24,534.3,631,33188,0.154
2025-08-28 13:30:00,24400,CE,52.31,52.51,51.7,52.11,313,29987,0.154
2025-08-28 13:30:00,24400,PE,566.82,584.33,582.81,583.05,250,28015,0.154
2025-08-28 13:30:00,24450,CE,53.11,54.35,52.44,53.32,288,31257,0.154
2025-08-28 13:30:00,24450,PE,638.0,647.51,632.5,635.87,239,28701,0.154
2025-08-28 13:30:00,24500,CE,47.11,48.09,46.16,46.93,535,27893,0.154
2025-08-28 13:30:00,24500,PE,681.3,686.39,681.76,684.81,489,31276,0.154
2025-08-28 13:30:00,24550,CE,51.35,51.67,50.8,50.91,500,25293,0.154
2025-08-28 13:30:00,24550,PE,733.28,745.59,721.37,734.11,404,31485,0.154
2025-08-28 13:30:00,24600,CE,54.62,54.84,54.37,54.67,416,26751,0.154
2025-08-28 13:30:00,24600,PE,790.61,795.41,768.07,781.39,246,31209,0.154
2025-08-28 13:30:00,24650,CE,51.41,51.63,51.08,51.3,105,26292,0.154
2025-08-28 13:30:00,24650,PE,832.22,843.1,823.19,831.09,227,25986,0.154
2025-08-28 13:30:00,24700,CE,55.33,55.38,55.04,55.14,139,23194,0.154
2025-08-28 13:30:00,24700,PE,896.86,889.8,877.62,880.05,92,23940,0.154
2025-08-28 13:30:00,24750,CE,49.35,50.15,49.19,49.53,124,21674,0.154
2025-08-28 13:30:00,24750,PE,943.21,941.63,931.07,933.72,234,22430,0.154
2025-08-28 13:30:00,24800,CE,49.88,50.83,49.61,50.16,99,27783,0.154
2025-08-28 13:30:00,24800,PE,980.54,988.78,976.84,983.35,366,25301,0.154
2025-08-28 13:30:00,24850,CE,49.63,49.63,49.17,49.43,200,27200,0.154
2025-08-28 13:30:00,24850,PE,1040.73,1041.79,1032.25,1035.29,223,17560,0.154
2025-08-28 13:30:00,24900,CE,50.15,50.76,49.83,50.03,271,20891,0.154
2025-08-28 13:30:00,24900,PE,1078.94,1100.0,1074.2,1086.93,80,20991,0.154
2025-08-28 13:35:00,23500,CE,447.58,449.42,447.52,449.06,492,42596,0.154
2025-08-28 13:35:00,23500,PE,53.91,54.76,53.98,54.19,648,48262,0.154
2025-08-28 13:35:00,23550,CE,399.38,403.7,393.62,399.22,225,50666,0.154
2025-08-28 13:35:00,23550,PE,52.43,52.88,51.15,52.31,373,54350,0.154
2025-08-28 13:35:00,23600,CE,349.1,354.03,346.45,347.94,488,51236,0.154
2025-08-28 13:35:00,23600,PE,49.33,50.01,49.16,49.44,41,53532,0.154
2025-08-28 13:35:00,23650,CE,293.89,297.75,296.18,296.73,95,58018,0.154
2025-08-28 13:35:00,23650,PE,51.74,52.19,51.94,52.04,531,60772,0.154
2025-08-28 13:35:00,23700,CE,247.19,249.46,244.25,245.54,305,67403,0.154
2025-08-28 13:35:00,23700,PE,48.85,51.0,48.41,49.18,899,67048,0.154
2025-08-28 13:35:00,23750,CE,195.95,201.35,196.05,197.29,861,76911,0.154
2025-08-28 13:35:00,23750,PE,52.73,53.72,52.57,53.17,73,73973,0.154
2025-08-28 13:35:00,23800,CE,147.1,149.17,146.22,148.16,120,85286,0.154
2025-08-28 13:35:00,23800,PE,47.47,49.33,48.38,48.61,600,84114,0.154
2025-08-28 13:35:00,23850,CE,96.92,97.53,96.52,96.83,313,82224,0.154
2025-08-28 13:35:00,23850,PE,51.48,53.92,51.74,51.92,848,75816,0.154
2025-08-28 13:35:00,23900,CE,53.32,55.64,53.17,54.16,35,66988,0.154
2025-08-28 13:35:00,23900,PE,54.79,56.34,54.44,55.05,1701,62839,0.154
2025-08-28 13:35:00,23950,CE,48.83,49.85,49.02,49.46,952,63505,0.154
2025-08-28 13:35:00,23950,PE,104.76,107.99,105.94,106.18,86,65523,0.154
2025-08-28 13:35:00,24000,CE,49.29,49.87,49.11,49.69,921,54302,0.154
2025-08-28 13:35:00,24000,PE,153.98,155.86,153.7,153.93,936,60390,0.154
2025-08-28 13:35:00,24050,CE,50.91,51.37,49.84,50.72,780,50622,0.154
2025-08-28 13:35:00,24050,PE,206.91,211.55,204.68,207.38,265,52134,0.154
2025-08-28 13:35:00,24100,CE,50.5,50.84,50.28,50.77,835,46667,0.154
2025-08-28 13:35:00,24100,PE,256.33,256.13,251.08,254.24,223,45895,0.154
2025-08-28 13:35:00,24150,CE,49.74,49.69,49.26,49.34,837,37131,0.154
2025-08-28 13:35:00,24150,PE,306.99,312.34,307.96,308.07,124,45464,0.154
2025-08-28 13:35:00,24200,CE,51.61,53.21,51.02,51.46,348,38564,0.154
2025-08-28 13:35:00,24200,PE,355.19,354.32,352.38,353.23,508,43225,0.154
2025-08-28 13:35:00,24250,CE,50.27,51.32,50.46,50.48,668,41175,0.154
2025-08-28 13:35:00,24250,PE,404.19,408.4,398.83,406.31,123,38726,0.154
2025-08-28 13:35:00,24300,CE,54.27,55.59,54.29,54.65,135,35840,0.154
2025-08-28 13:35:00,24300,PE,449.88,447.79,444.63,446.13,123,31570,0.154
2025-08-28 13:35:00,24350,CE,52.8,53.22,52.35,52.69,112,34993,0.154
2025-08-28 13:35:00,24350,PE,501.81,511.4,495.86,505.42,200,33670,0.154
2025-08-28 13:35:00,24400,CE,55.62,55.38,54.68,54.92,321,30198,0.154
2025-08-28 13:35:00,24400,PE,551.05,561.3,549.21,554.98,343,28468,0.154
2025-08-28 13:35:00,24450,CE,54.31,54.83,53.97,54.26,85,31530,0.154
2025-08-28 13:35:00,24450,PE,602.73,611.25,598.41,603.97,351,28625,0.154
2025-08-28 13:35:00,24500,CE,52.64,53.71,52.43,52.65,399,27938,0.154
2025-08-28 13:35:00,24500,PE,649.02,666.02,651.57,659.63,359,31315,0.154
2025-08-28 13:35:00,24550,CE,52.26,52.94,51.93,52.41,72,25163,0.154
2025-08-28 13:35:00,24550,PE,709.81,720.27,699.66,704.82,521,30996,0.154
2025-08-28 13:35:00,24600,CE,50.14,51.53,50.47,50.81,123,26993,0.154
2025-08-28 13:35:00,24600,PE,746.95,778.14,745.21,752.02,83,30665,0.154
2025-08-28 13:35:00,24650,CE,54.19,55.39,54.19,54.68,372,25936,0.154
2025-08-28 13:35:00,24650,PE,809.71,819.57,796.84,804.97,113,25930,0.154
2025-08-28 13:35:00,24700,CE,54.75,54.15,53.11,53.95,391,23778,0.154
2025-08-28 13:35:00,24700,PE,856.39,864.72,835.42,856.25,126,23708,0.154
2025-08-28 13:35:00,24750,CE,55.22,55.79,55.45,55.55,231,22027,0.154
2025-08-28 13:35:00,24750,PE,907.08,911.92,898.7,904.31,36,22333,0.154
2025-08-28 13:35:00,24800,CE,50.79,51.65,50.27,50.88,50,27448,0.154
2025-08-28 13:35:00,24800,PE,957.83,959.92,944.81,956.18,268,24732,0.154
2025-08-28 13:35:00,24850,CE,52.11,52.55,51.33,51.86,351,26706,0.154
2025-08-28 13:35:00,24850,PE,1005.33,1006.56,999.76,1002.5,335,17460,0.154
2025-08-28 13:35:00,24900,CE,54.85,56.19,54.41,55.14,222,20771,0.154
2025-08-28 13:35:00,24900,PE,1060.46,1075.59,1045.86,1054.83,147,21142,0.154
2025-08-28 13:40:00,23500,CE,442.91,452.79,439.03,444.09,245,42070,0.154
2025-08-28 13:40:00,23500,PE,51.64,51.92,51.38,51.78,20,48002,0.154
2025-08-28 13:40:00,23550,CE,395.69,399.04,385.83,390.82,188,50094,0.154
2025-08-28 13:40:00,23550,PE,53.76,54.41,53.19,53.81,92,54796,0.154
2025-08-28 13:40:00,23600,CE,342.73,341.25,340.01,341.06,444,51113,0.154
2025-08-28 13:40:00,23600,PE,54.41,55.06,54.48,54.52,810,53633,0.154
2025-08-28 13:40:00,23650,CE,291.58,297.08,291.14,291.97,136,58270,0.154
2025-08-28 13:40:00,23650,PE,56.45,57.35,56.48,56.81,690,60493,0.154
2025-08-28 13:40:00,23700,CE,237.66,241.77,236.22,240.13,723,66964,0.154
2025-08-28 13:40:00,23700,PE,51.47,52.95,51.29,51.72,1060,67144,0.154
2025-08-28 13:40:00,23750,CE,188.81,188.27,186.68,187.88,353,77395,0.154
2025-08-28 13:40:00,23750,PE,52.28,52.3,51.31,52.0,616,74444,0.154
2025-08-28 13:40:00,23800,CE,145.01,143.18,140.13,142.21,149,85055,0.154
2025-08-28 13:40:00,23800,PE,49.21,49.77,48.51,48.72,599,83833,0.154
2025-08-28 13:40:00,23850,CE,93.62,93.28,92.71,92.8,829,82048,0.154
2025-08-28 13:40:00,23850,PE,50.72,49.96,49.81,49.85,1396,75510,0.154
2025-08-28 13:40:00,23900,CE,54.57,54.87,54.34,54.51,350,67545,0.154
2025-08-28 13:40:00,23900,PE,66.37,67.04,66.63,66.74,1244,62280,0.154
2025-08-28 13:40:00,23950,CE,53.11,53.41,52.38,52.61,1256,63134,0.154
2025-08-28 13:40:00,23950,PE,110.74,113.54,109.81,111.27,1017,64956,0.154
2025-08-28 13:40:00,24000,CE,50.93,51.7,50.2,50.89,349,54726,0.154
2025-08-28 13:40:00,24000,PE,160.12,162.19,159.77,160.29,53,60355,0.154
2025-08-28 13:40:00,24050,CE,54.18,54.7,53.7,54.42,465,50295,0.154
2025-08-28 13:40:00,24050,PE,215.63,217.05,212.89,213.55,151,52008,0.154
2025-08-28 13:40:00,24100,CE,52.64,52.49,51.81,52.0,385,46194,0.154
2025-08-28 13:40:00,24100,PE,262.48,262.59,254.75,261.78,735,45424,0.154
2025-08-28 13:40:00,24150,CE,47.78,48.55,48.18,48.18,363,37667,0.154
2025-08-28 13:40:00,24150,PE,309.17,311.6,305.22,308.78,354,45699,0.154
2025-08-28 13:40:00,24200,CE,52.52,52.85,51.47,52.25,400,38730,0.154
2025-08-28 13:40:00,24200,PE,364.49,361.49,360.33,361.22,667,43192,0.154
2025-08-28 13:40:00,24250,CE,51.02,51.85,51.27,51.59,516,41162,0.154
2025-08-28 13:40:00,24250,PE,415.52,414.27,409.27,412.54,254,39052,0.154
2025-08-28 13:40:00,24300,CE,53.61,54.59,53.65,54.16,290,35302,0.154
2025-08-28 13:40:00,24300,PE,460.31,466.18,461.67,465.32,204,31770,0.154
2025-08-28 13:40:00,24350,CE,51.95,52.58,51.69,52.0,452,35053,0.154
2025-08-28 13:40:00,24350,PE,508.41,511.77,506.91,510.14,309,33438,0.154
2025-08-28 13:40:00,24400,CE,53.67,54.01,52.77,53.52,39,29856,0.154
2025-08-28 13:40:00,24400,PE,567.41,573.51,553.48,562.44,631,28902,0.154
2025-08-28 13:40:00,24450,CE,52.58,52.76,52.12,52.72,56,32047,0.154
2025-08-28 13:40:00,24450,PE,614.26,619.22,607.06,610.26,463,28139,0.154
2025-08-28 13:40:00,24500,CE,52.83,52.72,51.43,52.11,240,27541,0.154
2025-08-28 13:40:00,24500,PE,658.97,669.1,658.35,662.24,406,31515,0.154
2025-08-28 13:40:00,24550,CE,53.82,54.4,53.29,53.74,123,25491,0.154
2025-08-28 13:40:00,24550,PE,709.95,717.16,711.67,712.38,161,30985,0.154
2025-08-28 13:40:00,24600,CE,55.74,55.5,54.76,55.31,64,27505,0.154
2025-08-28 13:40:00,24600,PE,753.99,769.85,755.99,763.15,100,31112,0.154
2025-08-28 13:40:00,24650,CE,54.29,54.85,53.68,54.71,408,25487,0.154
2025-08-28 13:40:00,24650,PE,817.53,819.14,809.45,810.09,60,25500,0.154
2025-08-28 13:40:00,24700,CE,51.47,51.96,50.58,51.15,386,23281,0.154
2025-08-28 13:40:00,24700,PE,863.45,860.46,856.23,860.04,283,24158,0.154
2025-08-28 13:40:00,24750,CE,51.59,52.19,51.56,52.0,134,22096,0.154
2025-08-28 13:40:00,24750,PE,912.47,935.08,897.5,912.64,41,22862,0.154
2025-08-28 13:40:00,24800,CE,53.65,54.31,53.08,53.37,256,27723,0.154
2025-08-28 13:40:00,24800,PE,962.35,966.89,954.68,960.02,110,25010,0.154
2025-08-28 13:40:00,24850,CE,48.81,49.37,48.35,48.82,255,26256,0.154
2025-08-28 13:40:00,24850,PE,1006.82,1020.38,986.09,1008.4,232,16991,0.154
2025-08-28 13:40:00,24900,CE,50.15,51.04,49.76,49.8,262,21288,0.154
2025-08-28 13:40:00,24900,PE,1053.37,1071.78,1051.69,1062.01,334,21121,0.154
2025-08-28 13:45:00,23500,CE,434.83,438.61,428.92,438.2,667,42662,0.154
2025-08-28 13:45:00,23500,PE,53.11,54.33,52.14,52.7,349,47789,0.154
2025-08-28 13:45:00,23550,CE,393.27,398.31,380.42,387.17,163,50239,0.154
2025-08-28 13:45:00,23550,PE,52.94,53.6,51.79,52.94,320,54883,0.154
2025-08-28 13:45:00,23600,CE,341.06,343.43,336.8,338.22,842,50594,0.154
2025-08-28 13:45:00,23600,PE,50.55,51.93,50.45,50.76,269,53655,0.154
2025-08-28 13:45:00,23650,CE,288.22,288.01,287.02,287.39,706,58779,0.154
2025-08-28 13:45:00,23650,PE,53.84,54.62,54.22,54.25,849,60437,0.154
2025-08-28 13:45:00,23700,CE,237.43,239.72,235.97,237.71,603,66931,0.154
2025-08-28 13:45:00,23700,PE,55.63,55.72,54.82,54.99,128,67385,0.154
2025-08-28 13:45:00,23750,CE,186.65,189.64,186.94,187.92,993,77731,0.154
2025-08-28 13:45:00,23750,PE,53.06,54.14,53.2,53.52,447,74837,0.154
2025-08-28 13:45:00,23800,CE,131.65,132.44,130.27,130.93,318,84997,0.154
2025-08-28 13:45:00,23800,PE,49.49,50.4,49.71,49.73,360,83765,0.154
2025-08-28 13:45:00,23850,CE,86.56,87.82,86.63,87.29,1474,82016,0.154
2025-08-28 13:45:00,23850,PE,52.96,53.56,52.14,52.59,1208,76072,0.154
2025-08-28 13:45:00,23900,CE,48.76,49.72,49.02,49.41,286,68060,0.154
2025-08-28 13:45:00,23900,PE,66.97,68.22,66.08,66.81,220,62427,0.154
2025-08-28 13:45:00,23950,CE,52.82,53.1,52.65,52.66,673,62875,0.154
2025-08-28 13:45:00,23950,PE,113.26,115.08,112.69,113.59,943,65436,0.154
2025-08-28 13:45:00,24000,CE,53.34,54.33,53.32,53.41,108,54331,0.154
2025-08-28 13:45:00,24000,PE,166.81,169.78,165.46,167.47,659,59883,0.154
2025-08-28 13:45:00,24050,CE,50.94,51.71,50.93,51.25,371,50192,0.154
2025-08-28 13:45:00,24050,PE,215.59,214.75,211.41,214.53,500,52230,0.154
2025-08-28 13:45:00,24100,CE,51.54,51.84,51.06,51.77,478,45657,0.154
2025-08-28 13:45:00,24100,PE,261.1,265.88,258.56,262.82,662,45199,0.154
2025-08-28 13:45:00,24150,CE,50.25,49.59,49.14,49.34,23,38007,0.154
2025-08-28 13:45:00,24150,PE,312.68,324.25,313.65,316.35,404,45890,0.154
2025-08-28 13:45:00,24200,CE,51.62,51.82,50.8,51.39,557,38231,0.154
2025-08-28 13:45:00,24200,PE,365.27,370.94,363.21,368.39,705,42834,0.154
2025-08-28 13:45:00,24250,CE,51.07,50.94,50.68,50.76,586,41432,0.154
2025-08-28 13:45:00,24250,PE,417.07,415.64,414.27,414.33,106,38591,0.154
2025-08-28 13:45:00,24300,CE,52.0,52.51,51.43,51.63,614,34713,0.154
2025-08-28 13:45:00,24300,PE,467.52,478.43,462.68,467.46,167,32361,0.154
2025-08-28 13:45:00,24350,CE,50.57,51.34,49.41,50.3,84,35189,0.154
2025-08-28 13:45:00,24350,PE,514.8,521.69,513.36,516.29,254,33352,0.154
2025-08-28 13:45:00,24400,CE,53.53,53.84,52.94,53.39,90,29972,0.154
2025-08-28 13:45:00,24400,PE,567.03,584.07,565.48,566.55,217,29106,0.154
2025-08-28 13:45:00,24450,CE,51.38,52.46,51.06,51.63,471,32041,0.154
2025-08-28 13:45:00,24450,PE,622.16,619.85,606.83,615.53,21,28328,0.154
2025-08-28 13:45:00,24500,CE,51.12,51.31,51.13,51.18,283,27791,0.154
2025-08-28 13:45:00,24500,PE,672.96,672.65,658.92,667.78,444,31130,0.154
2025-08-28 13:45:00,24550,CE,52.43,53.06,52.36,52.81,66,25399,0.154
2025-08-28 13:45:00,24550,PE,712.53,723.21,717.62,718.13,479,30750,0.154
2025-08-28 13:45:00,24600,CE,52.7,53.7,53.12,53.2,222,27861,0.154
2025-08-28 13:45:00,24600,PE,768.88,769.12,756.55,762.01,409,31435,0.154
2025-08-28 13:45:00,24650,CE,54.49,54.6,53.4,53.85,451,25859,0.154
2025-08-28 13:45:00,24650,PE,804.67,829.59,799.98,812.05,82,25424,0.154
2025-08-28 13:45:00,24700,CE,48.58,48.66,47.73,48.36,358,23371,0.154
2025-08-28 13:45:00,24700,PE,856.83,877.69,852.81,866.49,73,24404,0.154
2025-08-28 13:45:00,24750,CE,53.91,54.62,53.9,54.13,81,21882,0.154
2025-08-28 13:45:00,24750,PE,923.21,915.22,899.91,912.65,427,23435,0.154
2025-08-28 13:45:00,24800,CE,52.97,53.53,52.93,53.28,16,27577,0.154
2025-08-28 13:45:00,24800,PE,959.37,978.12,962.1,964.85,138,25054,0.154
2025-08-28 13:45:00,24850,CE,51.95,52.64,52.04,52.08,335,26648,0.154
2025-08-28 13:45:00,24850,PE,1004.35,1027.67,1010.3,1015.53,60,17287,0.154
2025-08-28 13:45:00,24900,CE,51.76,53.27,52.11,52.6,18,21289,0.154
2025-08-28 13:45:00,24900,PE,1070.75,1072.53,1055.83,1067.34,222,21010,0.154
2025-08-28 13:50:00,23500,CE,480.23,489.62,476.79,483.6,621,42826,0.154
2025-08-28 13:50:00,23500,PE,50.78,51.23,50.7,50.73,688,47711,0.154
2025-08-28 13:50:00,23550,CE,429.59,432.12,424.0,429.65,315,50349,0.154
2025-08-28 13:50:00,23550,PE,54.01,55.35,53.68,53.97,192,55242,0.154
2025-08-28 13:50:00,23600,CE,378.61,385.12,379.99,382.38,258,50140,0.154
2025-08-28 13:50:00,23600,PE,56.42,57.06,55.73,56.24,394,53891,0.154
2025-08-28 13:50:00,23650,CE,339.44,333.03,331.35,331.41,488,58243,0.154
2025-08-28 13:50:00,23650,PE,54.58,55.19,53.91,54.1,29,60717,0.154
2025-08-28 13:50:00,23700,CE,281.87,286.01,281.98,284.03,980,66581,0.154
2025-08-28 13:50:00,23700,PE,52.87,52.48,51.52,52.21,948,67377,0.154
2025-08-28 13:50:00,23750,CE,232.21,231.82,230.19,231.58,168,77451,0.154
2025-08-28 13:50:00,23750,PE,52.56,54.22,52.76,53.38,1052,74623,0.154
2025-08-28 13:50:00,23800,CE,180.59,183.5,182.19,182.31,1030,85151,0.154
2025-08-28 13:50:00,23800,PE,52.13,53.18,51.67,51.77,991,83682,0.154
2025-08-28 13:50:00,23850,CE,134.94,134.07,130.86,133.62,181,82001,0.154
2025-08-28 13:50:00,23850,PE,47.51,47.91,47.51,47.86,1320,76670,0.154
2025-08-28 13:50:00,23900,CE,80.07,82.13,80.19,80.74,680,67605,0.154
2025-08-28 13:50:00,23900,PE,51.2,52.05,51.69,51.74,368,62288,0.154
2025-08-28 13:50:00,23950,CE,51.07,50.99,50.36,50.52,1647,62911,0.154
2025-08-28 13:50:00,23950,PE,73.19,71.98,70.55,71.83,847,65812,0.154
2025-08-28 13:50:00,24000,CE,54.61,53.85,53.62,53.72,275,54069,0.154
2025-08-28 13:50:00,24000,PE,121.0,122.72,120.18,120.78,1083,59755,0.154
2025-08-28 13:50:00,24050,CE,49.52,49.51,49.24,49.27,755,50577,0.154
2025-08-28 13:50:00,24050,PE,172.3,172.4,171.66,171.8,937,52266,0.154
2025-08-28 13:50:00,24100,CE,49.02,49.36,48.58,48.87,91,46084,0.154
2025-08-28 13:50:00,24100,PE,220.87,221.47,217.83,221.45,113,44676,0.154
2025-08-28 13:50:00,24150,CE,55.0,55.24,54.72,54.82,229,37751,0.154
2025-08-28 13:50:00,24150,PE,270.96,273.6,271.34,271.54,801,45959,0.154
2025-08-28 13:50:00,24200,CE,49.32,50.69,49.29,49.37,844,37777,0.154
2025-08-28 13:50:00,24200,PE,320.6,321.47,316.89,317.3,893,42812,0.154
2025-08-28 13:50:00,24250,CE,49.8,49.92,49.59,49.85,506,40853,0.154
2025-08-28 13:50:00,24250,PE,369.49,371.75,364.21,368.42,613,38596,0.154
2025-08-28 13:50:00,24300,CE,50.88,51.7,50.23,50.64,581,35217,0.154
2025-08-28 13:50:00,24300,PE,418.14,421.37,415.2,418.62,178,32898,0.154
2025-08-28 13:50:00,24350,CE,53.83,53.73,53.04,53.47,351,34971,0.154
2025-08-28 13:50:00,24350,PE,467.57,469.4,462.28,468.8,510,32756,0.154
2025-08-28 13:50:00,24400,CE,50.86,50.88,50.13,50.78,459,30466,0.154
2025-08-28 13:50:00,24400,PE,515.88,523.9,518.11,520.67,148,29186,0.154
2025-08-28 13:50:00,24450,CE,52.78,53.6,52.93,53.07,494,32137,0.154
2025-08-28 13:50:00,24450,PE,581.13,580.26,573.74,576.96,582,28706,0.154
2025-08-28 13:50:00,24500,CE,50.29,51.45,49.48,50.69,169,27663,0.154
2025-08-28 13:50:00,24500,PE,622.81,625.72,619.93,620.61,399,31034,0.154
2025-08-28 13:50:00,24550,CE,53.63,54.15,53.61,53.92,224,25820,0.154
2025-08-28 13:50:00,24550,PE,664.24,671.68,670.46,670.78,70,30739,0.154
2025-08-28 13:50:00,24600,CE,52.93,53.17,52.31,52.83,205,28143,0.154
2025-08-28 13:50:00,24600,PE,715.8,727.7,711.96,722.83,519,31921,0.154
2025-08-28 13:50:00,24650,CE,50.03,50.65,50.37,50.39,182,25731,0.154
2025-08-28 13:50:00,24650,PE,771.04,772.71,767.52,770.52,68,25890,0.154
2025-08-28 13:50:00,24700,CE,52.1,52.18,51.17,51.8,149,23163,0.154
2025-08-28 13:50:00,24700,PE,816.9,821.95,820.33,821.88,185,24919,0.154
2025-08-28 13:50:00,24750,CE,50.77,50.93,50.54,50.78,452,21648,0.154
2025-08-28 13:50:00,24750,PE,876.18,893.75,868.83,871.7,297,23116,0.154
2025-08-28 13:50:00,24800,CE,50.02,50.58,49.57,50.27,204,27841,0.154
2025-08-28 13:50:00,24800,PE,919.87,938.81,909.46,923.05,222,25560,0.154
2025-08-28 13:50:00,24850,CE,51.76,50.96,50.49,50.56,216,26969,0.154
2025-08-28 13:50:00,24850,PE,986.22,981.36,969.29,969.47,196,17575,0.154
2025-08-28 13:50:00,24900,CE,53.19,54.03,52.98,53.51,330,21856,0.154
2025-08-28 13:50:00,24900,PE,1014.15,1022.47,1010.19,1019.9,139,21078,0.154
2025-08-28 13:55:00,23500,CE,464.19,478.29,467.58,473.06,509,43291,0.154
2025-08-28 13:55:00,23500,PE,50.48,51.11,50.19,50.42,82,47155,0.154
2025-08-28 13:55:00,23550,CE,422.29,428.69,419.2,422.1,76,49907,0.154
2025-08-28 13:55:00,23550,PE,50.93,50.97,49.92,50.75,221,54967,0.154
2025-08-28 13:55:00,23600,CE,368.91,374.17,368.73,372.67,98,50675,0.154
2025-08-28 13:55:00,23600,PE,52.58,52.73,51.73,52.19,678,53527,0.154
2025-08-28 13:55:00,23650,CE,322.56,325.38,314.1,320.3,370,58102,0.154
2025-08-28 13:55:00,23650,PE,51.85,52.64,51.31,51.96,772,60159,0.154
2025-08-28 13:55:00,23700,CE,270.17,273.85,267.26,270.58,859,66074,0.154
2025-08-28 13:55:00,23700,PE,53.94,54.8,53.96,54.61,534,67476,0.154
2025-08-28 13:55:00,23750,CE,227.77,228.75,228.28,228.41,247,76968,0.154
2025-08-28 13:55:00,23750,PE,53.36,52.99,51.69,52.4,486,75102,0.154
2025-08-28 13:55:00,23800,CE,175.37,174.78,172.25,172.99,715,85613,0.154
2025-08-28 13:55:00,23800,PE,54.64,54.87,53.97,54.29,450,83828,0.154
2025-08-28 13:55:00,23850,CE,126.58,127.52,125.02,126.13,1248,81876,0.154
2025-08-28 13:55:00,23850,PE,53.94,54.62,54.21,54.22,1406,77135,0.154
2025-08-28 13:55:00,23900,CE,69.25,70.32,69.69,70.22,1006,67590,0.154
2025-08-28 13:55:00,23900,PE,51.97,52.6,50.92,51.84,302,61916,0.154
2025-08-28 13:55:00,23950,CE,54.69,57.05,55.13,55.27,1443,62725,0.154
2025-08-28 13:55:00,23950,PE,82.71,83.33,82.13,82.83,1511,65647,0.154
2025-08-28 13:55:00,24000,CE,52.07,52.62,52.06,52.13,375,54164,0.154
2025-08-28 13:55:00,24000,PE,129.47,130.62,130.16,130.32,441,59636,0.154
2025-08-28 13:55:00,24050,CE,51.57,52.5,51.25,51.51,582,50958,0.154
2025-08-28 13:55:00,24050,PE,179.75,180.54,179.32,179.4,1034,52417,0.154
2025-08-28 13:55:00,24100,CE,54.11,53.93,53.53,53.71,1034,45786,0.154
2025-08-28 13:55:00,24100,PE,229.89,237.04,230.67,232.22,724,44558,0.154
2025-08-28 13:55:00,24150,CE,50.1,51.14,50.28,50.66,425,38018,0.154
2025-08-28 13:55:00,24150,PE,278.27,280.31,276.78,277.27,340,45649,0.154
2025-08-28 13:55:00,24200,CE,51.48,52.49,50.79,51.57,437,37286,0.154
2025-08-28 13:55:00,24200,PE,331.27,335.05,331.46,331.84,513,43065,0.154
2025-08-28 13:55:00,24250,CE,51.13,52.67,51.13,51.4,138,40740,0.154
2025-08-28 13:55:00,24250,PE,389.33,380.55,377.43,378.93,238,38145,0.154
2025-08-28 13:55:00,24300,CE,50.01,50.4,48.83,49.81,110,35192,0.154
2025-08-28 13:55:00,24300,PE,424.59,433.48,424.63,426.57,422,32970,0.154
2025-08-28 13:55:00,24350,CE,52.93,53.52,52.64,53.04,57,34401,0.154
2025-08-28 13:55:00,24350,PE,481.27,484.05,475.91,482.31,95,33105,0.154
2025-08-28 13:55:00,24400,CE,48.76,49.87,48.5,49.02,430,30455,0.154
2025-08-28 13:55:00,24400,PE,532.72,533.18,529.43,530.13,30,28616,0.154
2025-08-28 13:55:00,24450,CE,53.02,53.21,52.41,52.73,249,32571,0.154
2025-08-28 13:55:00,24450,PE,571.05,588.87,579.24,580.44,77,28808,0.154
2025-08-28 13:55:00,24500,CE,53.72,54.52,53.53,53.58,338,28218,0.154
2025-08-28 13:55:00,24500,PE,627.12,634.59,631.97,632.34,180,30771,0.154
2025-08-28 13:55:00,24550,CE,51.63,51.9,51.18,51.64,336,25715,0.154
2025-08-28 13:55:00,24550,PE,684.23,680.69,672.0,678.62,102,30934,0.154
2025-08-28 13:55:00,24600,CE,48.47,48.64,47.62,47.9,502,28639,0.154
2025-08-28 13:55:00,24600,PE,726.84,732.89,726.39,727.72,60,32270,0.154
2025-08-28 13:55:00,24650,CE,49.26,49.44,48.2,49.4,350,25902,0.154
2025-08-28 13:55:00,24650,PE,764.77,798.39,770.85,777.22,235,26244,0.154
2025-08-28 13:55:00,24700,CE,48.31,48.64,47.88,48.01,273,22676,0.154
2025-08-28 13:55:00,24700,PE,822.82,841.95,819.44,828.45,68,25188,0.154
2025-08-28 13:55:00,24750,CE,51.19,51.8,50.53,50.71,187,21742,0.154
2025-08-28 13:55:00,24750,PE,873.23,879.19,870.15,879.08,365,22845,0.154
2025-08-28 13:55:00,24800,CE,50.54,51.42,50.76,50.97,386,27527,0.154
2025-08-28 13:55:00,24800,PE,935.84,954.17,925.88,930.62,197,25305,0.154
2025-08-28 13:55:00,24850,CE,50.7,51.28,50.68,50.77,291,26516,0.154
2025-08-28 13:55:00,24850,PE,982.31,990.81,966.45,977.79,142,17302,0.154
2025-08-28 13:55:00,24900,CE,51.75,53.25,52.48,52.5,289,21341,0.154
2025-08-28 13:55:00,24900,PE,1034.95,1033.54,1027.52,1027.88,258,21285,0.154
2025-08-28 14:00:00,23500,CE,462.29,461.94,455.44,459.78,534,43305,0.154
2025-08-28 14:00:00,23500,PE,54.62,54.56,53.67,54.06,476,46708,0.154
2025-08-28 14:00:00,23550,CE,409.68,409.38,404.49,405.25,441,50143,0.154
2025-08-28 14:00:00,23550,PE,51.85,51.66,50.88,51.34,204,54580,0.154
2025-08-28 14:00:00,23600,CE,356.79,362.59,353.03,359.44,265,50668,0.154
2025-08-28 14:00:00,23600,PE,47.25,47.03,46.7,47.0,54,54031,0.154
2025-08-28 14:00:00,23650,CE,300.22,307.39,303.46,304.27,616,58415,0.154
2025-08-28 14:00:00,23650,PE,52.45,53.55,52.96,53.05,796,60259,0.154
2025-08-28 14:00:00,23700,CE,257.69,265.38,257.33,259.22,799,66175,0.154
2025-08-28 14:00:00,23700,PE,53.23,53.78,52.48,53.35,799,66953,0.154
2025-08-28 14:00:00,23750,CE,205.32,207.13,205.17,206.23,952,76880,0.154
2025-08-28 14:00:00,23750,PE,51.1,52.6,51.18,51.4,559,74870,0.154
2025-08-28 14:00:00,23800,CE,160.6,161.39,159.17,161.06,534,85582,0.154
2025-08-28 14:00:00,23800,PE,53.31,53.49,52.69,53.34,496,84369,0.154
2025-08-28 14:00:00,23850,CE,109.76,110.76,108.43,109.8,778,82219,0.154
2025-08-28 14:00:00,23850,PE,50.97,51.82,51.1,51.55,1433,77266,0.154
2025-08-28 14:00:00,23900,CE,61.13,61.25,60.48,60.81,612,67835,0.154
2025-08-28 14:00:00,23900,PE,48.08,48.79,47.84,48.24,47,62192,0.154
2025-08-28 14:00:00,23950,CE,52.15,52.74,51.65,52.53,38,62672,0.154
2025-08-28 14:00:00,23950,PE,97.21,99.06,97.73,97.82,448,66086,0.154
2025-08-28 14:00:00,24000,CE,50.89,51.43,50.12,50.23,875,54304,0.154
2025-08-28 14:00:00,24000,PE,145.49,148.48,145.44,147.02,889,59921,0.154
2025-08-28 14:00:00,24050,CE,51.35,51.83,51.16,51.66,205,50371,0.154
2025-08-28 14:00:00,24050,PE,193.55,199.58,193.5,197.78,1108,52462,0.154
2025-08-28 14:00:00,24100,CE,51.82,52.13,51.02,51.46,715,45623,0.154
2025-08-28 14:00:00,24100,PE,244.3,246.78,243.82,245.2,902,44024,0.154
2025-08-28 14:00:00,24150,CE,53.26,53.32,52.83,52.95,430,38193,0.154
2025-08-28 14:00:00,24150,PE,298.69,306.37,295.71,297.37,452,46163,0.154
2025-08-28 14:00:00,24200,CE,52.04,52.77,51.67,51.83,21,37565,0.154
2025-08-28 14:00:00,24200,PE,340.88,349.15,342.7,346.41,772,42560,0.154
2025-08-28 14:00:00,24250,CE,52.08,51.97,51.28,51.65,520,40208,0.154
2025-08-28 14:00:00,24250,PE,397.37,395.19,394.2,394.62,507,37959,0.154
2025-08-28 14:00:00,24300,CE,50.82,51.8,50.29,50.82,621,34878,0.154
2025-08-28 14:00:00,24300,PE,449.24,449.51,437.78,444.99,285,32403,0.154
2025-08-28 14:00:00,24350,CE,52.21,52.34,51.23,51.76,512,33849,0.154
2025-08-28 14:00:00,24350,PE,497.29,502.1,494.84,496.17,468,32919,0.154
2025-08-28 14:00:00,24400,CE,54.15,54.59,53.84,54.45,609,30015,0.154
2025-08-28 14:00:00,24400,PE,539.29,548.9,542.21,544.05,416,28249,0.154
2025-08-28 14:00:00,24450,CE,51.98,52.74,51.27,51.66,36,33014,0.154
2025-08-28 14:00:00,24450,PE,595.38,604.16,587.29,592.7,538,29400,0.154
2025-08-28 14:00:00,24500,CE,49.99,50.7,50.26,50.31,115,28583,0.154
2025-08-28 14:00:00,24500,PE,641.83,648.79,645.9,645.97,285,30450,0.154
2025-08-28 14:00:00,24550,CE,52.73,53.07,52.22,52.73,218,25326,0.154
2025-08-28 14:00:00,24550,PE,692.49,699.64,687.04,694.25,337,31028,0.154
2025-08-28 14:00:00,24600,CE,53.55,54.02,53.21,53.5,95,28979,0.154
2025-08-28 14:00:00,24600,PE,752.46,772.05,720.57,746.03,294,32458,0.154
2025-08-28 14:00:00,24650,CE,51.94,51.96,51.61,51.95,72,26266,0.154
2025-08-28 14:00:00,24650,PE,797.46,803.88,796.24,797.25,183,26228,0.154
2025-08-28 14:00:00,24700,CE,54.2,54.55,53.09,53.85,79,23261,0.154
2025-08-28 14:00:00,24700,PE,855.81,862.44,843.61,846.48,245,25532,0.154
2025-08-28 14:00:00,24750,CE,56.39,56.41,55.89,56.2,275,21203,0.154
2025-08-28 14:00:00,24750,PE,906.82,921.63,895.54,897.78,312,22681,0.154
2025-08-28 14:00:00,24800,CE,50.23,49.39,49.04,49.18,258,27598,0.154
2025-08-28 14:00:00,24800,PE,947.37,951.51,936.46,946.9,336,24974,0.154
2025-08-28 14:00:00,24850,CE,51.09,52.29,51.22,51.27,397,26400,0.154
2025-08-28 14:00:00,24850,PE,992.69,994.32,984.65,992.55,296,17457,0.154
2025-08-28 14:00:00,24900,CE,52.14,52.49,51.66,52.04,225,21403,0.154
2025-08-28 14:00:00,24900,PE,1069.91,1072.48,1045.94,1048.22,242,21718,0.154
2025-08-28 14:05:00,23500,CE,454.16,460.15,450.43,452.23,212,43020,0.154
2025-08-28 14:05:00,23500,PE,50.5,50.76,50.48,50.65,726,47213,0.154
2025-08-28 14:05:00,23550,CE,401.42,410.39,407.41,407.68,321,49929,0.154
2025-08-28 14:05:00,23550,PE,54.39,54.0,53.61,53.82,596,55084,0.154
2025-08-28 14:05:00,23600,CE,356.43,357.8,355.31,356.74,817,50365,0.154
2025-08-28 14:05:00,23600,PE,50.02,50.62,49.96,50.02,195,54040,0.154
2025-08-28 14:05:00,23650,CE,296.46,303.79,299.98,300.46,180,58933,0.154
2025-08-28 14:05:00,23650,PE,52.27,51.74,51.51,51.64,342,59991,0.154
2025-08-28 14:05:00,23700,CE,252.67,255.84,252.98,253.29,1013,66593,0.154
2025-08-28 14:05:00,23700,PE,50.15,50.6,49.89,50.11,981,66954,0.154
2025-08-28 14:05:00,23750,CE,204.95,210.23,202.92,203.1,926,76783,0.154
2025-08-28 14:05:00,23750,PE,50.43,50.22,49.62,49.77,99,75066,0.154
2025-08-28 14:05:00,23800,CE,153.84,155.69,154.72,154.86,125,85220,0.154
2025-08-28 14:05:00,23800,PE,54.83,54.79,54.19,54.36,405,84559,0.154
2025-08-28 14:05:00,23850,CE,106.54,107.08,105.16,106.15,1184,81830,0.154
2025-08-28 14:05:00,23850,PE,51.05,51.38,50.26,51.22,1120,77519,0.154
2025-08-28 14:05:00,23900,CE,56.77,57.6,56.13,56.55,1078,67967,0.154
2025-08-28 14:05:00,23900,PE,50.45,51.64,50.06,50.41,734,61759,0.154
2025-08-28 14:05:00,23950,CE,51.63,51.97,50.94,51.28,226,62192,0.154
2025-08-28 14:05:00,23950,PE,106.33,105.93,105.32,105.47,748,66214,0.154
2025-08-28 14:05:00,24000,CE,51.37,51.47,51.08,51.23,209,53849,0.154
2025-08-28 14:05:00,24000,PE,148.79,154.59,147.74,149.06,931,60071,0.154
2025-08-28 14:05:00,24050,CE,54.13,54.25,52.97,54.15,1096,50969,0.154
2025-08-28 14:05:00,24050,PE,196.47,196.99,195.89,196.83,1160,52009,0.154
2025-08-28 14:05:00,24100,CE,50.42,50.56,50.13,50.15,394,45591,0.154
2025-08-28 14:05:00,24100,PE,249.42,252.79,248.65,250.29,780,44533,0.154
2025-08-28 14:05:00,24150,CE,51.27,52.04,51.74,51.8,794,38717,0.154
2025-08-28 14:05:00,24150,PE,304.32,305.93,301.9,302.46,32,45598,0.154
2025-08-28 14:05:00,24200,CE,53.1,53.82,52.89,53.2,365,37934,0.154
2025-08-28 14:05:00,24200,PE,350.19,349.96,344.91,348.34,292,42246,0.154
2025-08-28 14:05:00,24250,CE,50.21,50.75,50.09,50.55,200,40503,0.154
2025-08-28 14:05:00,24250,PE,392.23,409.84,399.1,399.64,631,37785,0.154
2025-08-28 14:05:00,24300,CE,49.69,50.6,50.37,50.5,53,34547,0.154
2025-08-28 14:05:00,24300,PE,449.26,451.97,446.44,448.63,222,32367,0.154
2025-08-28 14:05:00,24350,CE,51.61,51.56,50.91,51.38,270,33460,0.154
2025-08-28 14:05:00,24350,PE,496.49,505.28,500.25,501.93,680,32828,0.154
2025-08-28 14:05:00,24400,CE,51.92,52.56,51.78,51.94,151,29888,0.154
2025-08-28 14:05:00,24400,PE,558.05,554.41,545.49,549.16,482,28804,0.154
2025-08-28 14:05:00,24450,CE,53.1,53.29,51.76,53.06,274,33064,0.154
2025-08-28 14:05:00,24450,PE,595.67,603.84,594.51,595.79,189,29636,0.154
2025-08-28 14:05:00,24500,CE,52.83,53.57,52.56,53.39,394,28192,0.154
2025-08-28 14:05:00,24500,PE,644.98,648.23,640.12,646.04,317,31046,0.154
2025-08-28 14:05:00,24550,CE,50.09,51.19,50.16,50.46,133,25323,0.154
2025-08-28 14:05:00,24550,PE,699.68,702.43,697.46,700.59,365,30518,0.154
2025-08-28 14:05:00,24600,CE,52.62,53.12,52.54,52.77,271,29110,0.154
2025-08-28 14:05:00,24600,PE,752.57,752.37,733.96,748.88,282,32239,0.154
2025-08-28 14:05:00,24650,CE,51.64,52.63,51.57,51.78,394,26018,0.154
2025-08-28 14:05:00,24650,PE,790.02,808.01,791.84,798.88,252,26008,0.154
2025-08-28 14:05:00,24700,CE,53.11,52.77,51.94,52.34,397,23201,0.154
2025-08-28 14:05:00,24700,PE,852.83,877.3,851.92,852.42,183,25276,0.154
2025-08-28 14:05:00,24750,CE,55.17,55.38,54.68,54.92,241,21537,0.154
2025-08-28 14:05:00,24750,PE,900.18,920.34,893.21,897.92,279,22295,0.154
2025-08-28 14:05:00,24800,CE,49.62,50.39,49.94,50.38,15,27168,0.154
2025-08-28 14:05:00,24800,PE,943.63,951.32,948.04,948.35,379,24499,0.154
2025-08-28 14:05:00,24850,CE,52.87,52.74,51.74,52.61,77,26292,0.154
2025-08-28 14:05:00,24850,PE,1008.88,1017.6,1001.93,1001.97,81,16992,0.154
2025-08-28 14:05:00,24900,CE,51.52,51.27,50.69,50.88,78,20833,0.154
2025-08-28 14:05:00,24900,PE,1058.05,1070.71,1045.48,1051.67,205,21471,0.154
2025-08-28 14:10:00,23500,CE,508.95,515.65,501.67,502.14,206,43596,0.154
2025-08-28 14:10:00,23500,PE,50.2,51.36,51.21,51.29,630,46626,0.154
2025-08-28 14:10:00,23550,CE,449.03,455.76,449.3,452.61,670,49405,0.154
2025-08-28 14:10:00,23550,PE,48.29,49.61,48.81,49.0,437,55183,0.154
2025-08-28 14:10:00,23600,CE,403.25,406.36,394.41,399.94,497,50362,0.154
2025-08-28 14:10:00,23600,PE,51.42,52.31,51.26,51.35,535,53565,0.154
2025-08-28 14:10:00,23650,CE,342.98,349.26,346.44,348.05,396,59406,0.154
2025-08-28 14:10:00,23650,PE,52.8,53.78,52.01,52.43,491,60200,0.154
2025-08-28 14:10:00,23700,CE,302.47,302.53,298.17,301.69,77,66586,0.154
2025-08-28 14:10:00,23700,PE,50.72,52.06,50.69,50.78,107,67006,0.154
2025-08-28 14:10:00,23750,CE,248.35,252.03,248.43,249.94,369,77138,0.154
2025-08-28 14:10:00,23750,PE,52.31,53.56,52.69,52.74,825,74583,0.154
2025-08-28 14:10:00,23800,CE,200.43,209.34,200.8,201.49,447,85739,0.154
2025-08-28 14:10:00,23800,PE,48.18,48.39,48.02,48.03,36,84094,0.154
2025-08-28 14:10:00,23850,CE,150.18,152.1,147.81,150.24,1236,81780,0.154
2025-08-28 14:10:00,23850,PE,52.15,51.83,51.16,51.67,826,77216,0.154
2025-08-28 14:10:00,23900,CE,104.49,103.95,103.67,103.8,648,68165,0.154
2025-08-28 14:10:00,23900,PE,48.44,48.59,47.6,47.87,490,62166,0.154
2025-08-28 14:10:00,23950,CE,51.22,50.73,50.3,50.65,1666,62332,0.154
2025-08-28 14:10:00,23950,PE,51.9,52.43,51.09,51.99,493,65882,0.154
2025-08-28 14:10:00,24000,CE,48.4,49.28,48.31,48.35,60,54184,0.154
2025-08-28 14:10:00,24000,PE,100.26,100.79,99.54,100.6,1372,60602,0.154
2025-08-28 14:10:00,24050,CE,51.88,52.31,50.86,51.68,1294,50562,0.154
2025-08-28 14:10:00,24050,PE,148.72,151.83,149.07,149.7,931,51713,0.154
2025-08-28 14:10:00,24100,CE,51.86,52.6,52.18,52.27,219,45626,0.154
2025-08-28 14:10:00,24100,PE,196.33,200.05,199.94,200.03,796,44820,0.154
2025-08-28 14:10:00,24150,CE,54.83,55.57,54.42,54.51,523,38269,0.154
2025-08-28 14:10:00,24150,PE,255.53,258.51,252.6,254.43,87,45058,0.154
2025-08-28 14:10:00,24200,CE,53.45,54.49,53.85,53.97,730,38014,0.154
2025-08-28 14:10:00,24200,PE,303.1,306.52,302.49,302.65,334,42602,0.154
2025-08-28 14:10:00,24250,CE,54.45,54.54,53.38,53.82,317,40260,0.154
2025-08-28 14:10:00,24250,PE,350.8,366.08,355.69,356.28,701,37884,0.154
2025-08-28 14:10:00,24300,CE,49.87,50.06,49.55,50.05,543,34911,0.154
2025-08-28 14:10:00,24300,PE,399.48,406.55,396.64,399.16,258,31801,0.154
2025-08-28 14:10:00,24350,CE,57.17,57.06,56.36,56.43,493,33263,0.154
2025-08-28 14:10:00,24350,PE,453.0,460.0,445.69,454.38,716,32591,0.154
2025-08-28 14:10:00,24400,CE,50.03,49.86,49.71,49.79,550,30155,0.154
2025-08-28 14:10:00,24400,PE,502.62,504.02,500.74,500.83,489,29003,0.154
2025-08-28 14:10:00,24450,CE,52.13,53.01,52.32,52.54,57,33456,0.154
2025-08-28 14:10:00,24450,PE,550.67,550.26,545.88,549.79,180,29694,0.154
2025-08-28 14:10:00,24500,CE,52.69,55.36,52.68,53.09,162,27865,0.154
2025-08-28 14:10:00,24500,PE,602.52,606.21,597.18,600.9,235,30965,0.154
2025-08-28 14:10:00,24550,CE,55.37,56.6,55.62,55.84,518,25198,0.154
2025-08-28 14:10:00,24550,PE,650.68,653.09,651.37,652.12,540,30719,0.154
2025-08-28 14:10:00,24600,CE,49.8,50.95,49.28,50.09,346,29654,0.154
2025-08-28 14:10:00,24600,PE,698.15,699.39,688.82,696.48,535,32188,0.154
2025-08-28 14:10:00,24650,CE,53.98,53.56,53.37,53.44,208,26184,0.154
2025-08-28 14:10:00,24650,PE,753.32,768.25,748.63,751.87,111,25621,0.154
2025-08-28 14:10:00,24700,CE,48.9,49.07,48.85,49.04,157,23290,0.154
2025-08-28 14:10:00,24700,PE,800.83,804.1,793.31,800.05,485,25550,0.154
2025-08-28 14:10:00,24750,CE,49.96,51.06,50.48,50.48,147,21853,0.154
2025-08-28 14:10:00,24750,PE,840.09,855.6,839.04,852.39,243,22863,0.154
2025-08-28 14:10:00,24800,CE,52.9,54.28,51.93,52.89,274,27753,0.154
2025-08-28 14:10:00,24800,PE,894.1,903.5,899.78,902.43,346,24517,0.154
2025-08-28 14:10:00,24850,CE,53.0,52.74,52.39,52.73,334,26724,0.154
2025-08-28 14:10:00,24850,PE,958.02,956.66,947.65,953.62,93,17276,0.154
2025-08-28 14:10:00,24900,CE,51.99,53.36,52.43,52.72,403,20862,0.154
2025-08-28 14:10:00,24900,PE,999.92,1045.24,999.65,1000.49,188,20907,0.154
2025-08-28 14:15:00,23500,CE,500.05,498.82,488.82,493.47,515,44168,0.154
2025-08-28 14:15:00,23500,PE,56.43,56.69,56.45,56.6,431,47184,0.154
2025-08-28 14:15:00,23550,CE,445.56,448.29,439.81,444.02,111,49426,0.154
2025-08-28 14:15:00,23550,PE,52.84,53.41,52.07,52.23,580,54996,0.154
2025-08-28 14:15:00,23600,CE,397.64,403.91,393.92,395.21,676,49896,0.154
2025-08-28 14:15:00,23600,PE,50.46,51.22,50.51,51.07,695,53031,0.154
2025-08-28 14:15:00,23650,CE,347.32,349.68,344.06,346.2,93,59770,0.154
2025-08-28 14:15:00,23650,PE,52.39,52.47,51.89,52.2,848,60091,0.154
2025-08-28 14:15:00,23700,CE,294.58,296.09,293.46,293.52,223,66661,0.154
2025-08-28 14:15:00,23700,PE,53.34,53.68,52.12,52.52,284,66767,0.154
2025-08-28 14:15:00,23750,CE,248.12,249.19,246.73,247.08,19,77274,0.154
2025-08-28 14:15:00,23750,PE,52.14,51.54,50.74,51.33,182,74893,0.154
2025-08-28 14:15:00,23800,CE,191.53,194.69,192.8,193.2,262,86210,0.154
2025-08-28 14:15:00,23800,PE,51.16,51.69,51.57,51.6,819,84089,0.154
2025-08-28 14:15:00,23850,CE,146.24,147.6,146.38,147.24,582,81540,0.154
2025-08-28 14:15:00,23850,PE,51.96,51.9,51.32,51.78,114,76708,0.154
2025-08-28 14:15:00,23900,CE,92.86,94.41,92.17,93.36,897,68589,0.154
2025-08-28 14:15:00,23900,PE,49.66,49.66,49.52,49.59,1088,62590,0.154
2025-08-28 14:15:00,23950,CE,48.82,49.47,48.68,48.85,1305,62156,0.154
2025-08-28 14:15:00,23950,PE,60.31,61.07,60.17,60.22,1641,65530,0.154
2025-08-28 14:15:00,24000,CE,50.87,51.63,49.68,50.55,426,54392,0.154
2025-08-28 14:15:00,24000,PE,109.41,109.23,107.88,108.93,79,60909,0.154
2025-08-28 14:15:00,24050,CE,52.48,53.6,52.55,53.02,407,50828,0.154
2025-08-28 14:15:00,24050,PE,161.05,162.2,159.18,160.35,966,51198,0.154
2025-08-28 14:15:00,24100,CE,49.95,50.2,49.84,50.19,390,46207,0.154
2025-08-28 14:15:00,24100,PE,206.87,209.58,206.43,207.95,1071,44873,0.154
2025-08-28 14:15:00,24150,CE,50.9,51.09,50.53,50.87,449,38399,0.154
2025-08-28 14:15:00,24150,PE,263.67,267.75,260.48,263.82,757,44512,0.154
2025-08-28 14:15:00,24200,CE,55.36,55.13,54.65,54.86,306,37428,0.154
2025-08-28 14:15:00,24200,PE,305.85,310.93,302.9,305.72,480,42153,0.154
2025-08-28 14:15:00,24250,CE,51.25,51.82,51.6,51.63,768,40129,0.154
2025-08-28 14:15:00,24250,PE,357.2,371.28,358.47,360.2,757,38417,0.154
2025-08-28 14:15:00,24300,CE,51.54,52.75,50.55,51.38,223,35184,0.154
2025-08-28 14:15:00,24300,PE,409.94,415.45,403.01,406.58,50,32400,0.154
2025-08-28 14:15:00,24350,CE,47.4,47.51,46.15,46.99,554,33478,0.154
2025-08-28 14:15:00,24350,PE,463.12,457.87,451.08,456.68,428,32110,0.154
2025-08-28 14:15:00,24400,CE,52.56,53.01,52.28,52.73,186,30388,0.154
2025-08-28 14:15:00,24400,PE,509.31,512.74,503.65,507.95,153,29172,0.154
2025-08-28 14:15:00,24450,CE,52.18,52.93,51.74,51.9,531,33919,0.154
2025-08-28 14:15:00,24450,PE,558.05,570.64,560.11,560.85,51,29747,0.154
2025-08-28 14:15:00,24500,CE,53.0,54.18,52.86,53.29,86,27559,0.154
2025-08-28 14:15:00,24500,PE,606.51,618.4,605.28,610.08,528,31244,0.154
2025-08-28 14:15:00,24550,CE,52.16,52.8,51.75,52.31,384,25502,0.154
2025-08-28 14:15:00,24550,PE,652.53,661.04,654.49,658.2,75,30736,0.154
2025-08-28 14:15:00,24600,CE,51.64,51.5,51.1,51.4,129,29167,0.154
2025-08-28 14:15:00,24600,PE,717.81,715.69,703.41,709.04,490,32084,0.154
2025-08-28 14:15:00,24650,CE,52.08,52.24,51.47,51.92,109,26591,0.154
2025-08-28 14:15:00,24650,PE,766.18,766.99,755.72,764.78,360,25385,0.154
2025-08-28 14:15:00,24700,CE,52.33,52.04,51.7,51.7,396,23567,0.154
2025-08-28 14:15:00,24700,PE,821.19,821.24,797.71,809.95,134,25254,0.154
2025-08-28 14:15:00,24750,CE,52.37,52.68,52.44,52.52,85,21647,0.154
2025-08-28 14:15:00,24750,PE,861.58,860.12,851.6,856.08,137,22667,0.154
2025-08-28 14:15:00,24800,CE,49.47,50.21,49.64,50.02,93,27315,0.154
2025-08-28 14:15:00,24800,PE,901.81,922.6,905.96,907.78,315,24338,0.154
2025-08-28 14:15:00,24850,CE,54.69,55.21,54.78,54.92,49,26992,0.154
2025-08-28 14:15:00,24850,PE,965.13,966.11,957.7,961.92,102,17157,0.154
2025-08-28 14:15:00,24900,CE,50.21,50.51,50.13,50.39,341,20621,0.154
2025-08-28 14:15:00,24900,PE,1019.76,1018.96,999.28,1013.01,79,21147,0.154
2025-08-28 14:20:00,23500,CE,442.88,445.78,438.63,438.68,71,44186,0.154
2025-08-28 14:20:00,23500,PE,55.01,54.82,54.78,54.8,619,47107,0.154
2025-08-28 14:20:00,23550,CE,389.34,389.0,384.08,387.48,139,49781,0.154
2025-08-28 14:20:00,23550,PE,49.75,51.74,49.53,49.88,597,54854,0.154
2025-08-28 14:20:00,23600,CE,346.28,341.07,336.24,339.94,146,49949,0.154
2025-08-28 14:20:00,23600,PE,48.66,48.96,48.76,48.93,694,52469,0.154
2025-08-28 14:20:00,23650,CE,286.59,287.42,285.76,286.23,483,59577,0.154
2025-08-28 14:20:00,23650,PE,52.8,53.28,52.33,52.68,362,59775,0.154
2025-08-28 14:20:00,23700,CE,240.87,242.18,237.77,239.82,708,67123,0.154
2025-08-28 14:20:00,23700,PE,50.81,51.98,51.17,51.33,117,66192,0.154
2025-08-28 14:20:00,23750,CE,188.06,189.57,186.83,187.98,487,77514,0.154
2025-08-28 14:20:00,23750,PE,50.16,50.58,49.89,49.92,111,75200,0.154
2025-08-28 14:20:00,23800,CE,133.72,136.81,135.01,135.77,1001,86009,0.154
2025-08-28 14:20:00,23800,PE,51.29,51.74,50.9,51.52,470,83797,0.154
2025-08-28 14:20:00,23850,CE,86.51,89.08,85.55,87.01,1141,81137,0.154
2025-08-28 14:20:00,23850,PE,52.43,52.5,51.99,52.28,549,76440,0.154
2025-08-28 14:20:00,23900,CE,52.21,53.36,52.22,52.45,657,69085,0.154
2025-08-28 14:20:00,23900,PE,68.05,68.32,66.9,67.3,69,62042,0.154
2025-08-28 14:20:00,23950,CE,50.48,50.92,50.64,50.7,611,62104,0.154
2025-08-28 14:20:00,23950,PE,121.68,122.21,120.16,120.42,1453,65247,0.154
2025-08-28 14:20:00,24000,CE,52.72,52.68,51.88,52.28,722,54627,0.154
2025-08-28 14:20:00,24000,PE,162.82,164.51,161.49,163.78,895,60709,0.154
2025-08-28 14:20:00,24050,CE,51.16,51.32,50.45,51.23,963,50643,0.154
2025-08-28 14:20:00,24050,PE,218.76,218.53,217.3,217.31,499,50667,0.154
2025-08-28 14:20:00,24100,CE,57.8,58.67,57.4,57.84,1011,46699,0.154
2025-08-28 14:20:00,24100,PE,263.84,269.82,262.38,265.47,262,44898,0.154
2025-08-28 14:20:00,24150,CE,55.4,55.23,54.76,54.93,773,37881,0.154
2025-08-28 14:20:00,24150,PE,314.51,322.54,311.51,315.78,625,44814,0.154
2025-08-28 14:20:00,24200,CE,53.9,52.96,52.69,52.96,546,37764,0.154
2025-08-28 14:20:00,24200,PE,366.83,370.97,367.45,367.49,199,42106,0.154
2025-08-28 14:20:00,24250,CE,50.84,52.83,51.06,51.59,498,40703,0.154
2025-08-28 14:20:00,24250,PE,420.75,417.98,411.19,417.55,57,38088,0.154
2025-08-28 14:20:00,24300,CE,48.14,48.96,47.81,48.79,243,35597,0.154
2025-08-28 14:20:00,24300,PE,470.77,472.02,463.69,467.64,554,32815,0.154
2025-08-28 14:20:00,24350,CE,50.77,51.14,50.37,50.71,438,33503,0.154
2025-08-28 14:20:00,24350,PE,515.48,519.99,515.93,516.47,276,32158,0.154
2025-08-28 14:20:00,24400,CE,48.17,49.37,48.35,48.6,73,29922,0.154
2025-08-28 14:20:00,24400,PE,571.95,574.09,564.93,568.5,53,28731,0.154
2025-08-28 14:20:00,24450,CE,54.16,54.86,53.43,53.8,202,33826,0.154
2025-08-28 14:20:00,24450,PE,618.09,619.28,612.04,614.21,586,30248,0.154
2025-08-28 14:20:00,24500,CE,51.88,52.92,52.18,52.35,433,27216,0.154
2025-08-28 14:20:00,24500,PE,662.34,673.75,665.01,668.06,300,31214,0.154
2025-08-28 14:20:00,24550,CE,53.6,53.57,52.56,53.34,335,24979,0.154
2025-08-28 14:20:00,24550,PE,721.04,725.62,709.18,716.21,40,30495,0.154
2025-08-28 14:20:00,24600,CE,51.34,51.71,50.76,51.44,48,29013,0.154
2025-08-28 14:20:00,24600,PE,771.04,770.58,757.95,766.5,200,32639,0.154
2025-08-28 14:20:00,24650,CE,52.7,52.75,51.96,52.62,326,26222,0.154
2025-08-28 14:20:00,24650,PE,808.22,818.82,812.16,812.92,285,24905,0.154
2025-08-28 14:20:00,24700,CE,52.44,53.12,52.39,52.49,445,23031,0.154
2025-08-28 14:20:00,24700,PE,870.1,872.16,856.76,866.32,108,25280,0.154
2025-08-28 14:20:00,24750,CE,51.9,53.93,51.61,51.94,302,21670,0.154
2025-08-28 14:20:00,24750,PE,909.28,938.23,913.69,916.69,410,22302,0.154
2025-08-28 14:20:00,24800,CE,50.27,51.2,49.88,50.11,419,27012,0.154
2025-08-28 14:20:00,24800,PE,971.22,980.57,963.05,967.93,308,24120,0.154
2025-08-28 14:20:00,24850,CE,52.92,54.16,52.5,53.3,277,26403,0.154
2025-08-28 14:20:00,24850,PE,1034.65,1027.11,1004.67,1021.1,291,17537,0.154
2025-08-28 14:20:00,24900,CE,49.88,50.68,49.64,49.72,135,20948,0.154
2025-08-28 14:20:00,24900,PE,1073.15,1089.65,1057.47,1067.49,208,20931,0.154
2025-08-28 14:25:00,23500,CE,440.17,441.94,439.6,440.82,440,44275,0.154
2025-08-28 14:25:00,23500,PE,50.61,51.08,49.97,50.55,263,46900,0.154
2025-08-28 14:25:00,23550,CE,393.37,392.68,385.1,387.5,367,49213,0.154
2025-08-28 14:25:00,23550,PE,51.02,52.23,50.67,51.11,470,54961,0.154
2025-08-28 14:25:00,23600,CE,348.28,345.19,338.98,344.0,480,50214,0.154
2025-08-28 14:25:00,23600,PE,51.78,52.25,51.99,52.06,441,52269,0.154
2025-08-28 14:25:00,23650,CE,292.94,298.57,292.51,293.24,778,59266,0.154
2025-08-28 14:25:00,23650,PE,54.43,55.51,55.14,55.49,24,59492,0.154
2025-08-28 14:25:00,23700,CE,239.19,242.11,238.71,240.57,768,66941,0.154
2025-08-28 14:25:00,23700,PE,50.75,51.32,50.72,50.93,193,66153,0.154
2025-08-28 14:25:00,23750,CE,195.63,195.25,192.63,192.87,244,77819,0.154
2025-08-28 14:25:00,23750,PE,52.92,52.87,51.09,52.19,140,74838,0.154
2025-08-28 14:25:00,23800,CE,139.72,141.1,138.25,138.55,1065,86256,0.154
2025-08-28 14:25:00,23800,PE,53.66,53.49,52.66,53.04,348,84354,0.154
2025-08-28 14:25:00,23850,CE,89.62,91.39,90.29,90.99,124,80753,0.154
2025-08-28 14:25:00,23850,PE,54.81,55.67,54.45,54.65,376,76449,0.154
2025-08-28 14:25:00,23900,CE,50.59,51.0,50.48,50.97,903,68918,0.154
2025-08-28 14:25:00,23900,PE,59.35,61.79,60.33,60.63,429,62162,0.154
2025-08-28 14:25:00,23950,CE,55.85,56.99,54.94,55.74,611,62561,0.154
2025-08-28 14:25:00,23950,PE,108.46,108.99,107.3,108.63,134,65710,0.154
2025-08-28 14:25:00,24000,CE,53.43,55.02,53.29,53.77,1060,54558,0.154
2025-08-28 14:25:00,24000,PE,157.41,160.96,158.98,159.22,909,61017,0.154
2025-08-28 14:25:00,24050,CE,54.49,54.78,54.28,54.59,1014,50656,0.154
2025-08-28 14:25:00,24050,PE,210.0,211.35,206.56,209.3,109,50993,0.154
2025-08-28 14:25:00,24100,CE,47.11,47.35,47.22,47.31,172,47160,0.154
2025-08-28 14:25:00,24100,PE,260.88,260.99,258.93,259.2,845,45152,0.154
2025-08-28 14:25:00,24150,CE,53.01,53.34,52.85,53.32,334,37353,0.154
2025-08-28 14:25:00,24150,PE,311.3,311.77,306.1,311.16,409,44508,0.154
2025-08-28 14:25:00,24200,CE,52.91,52.65,52.23,52.56,828,38106,0.154
2025-08-28 14:25:00,24200,PE,358.6,363.08,360.88,360.9,170,41529,0.154
2025-08-28 14:25:00,24250,CE,48.34,48.88,48.03,48.44,722,40724,0.154
2025-08-28 14:25:00,24250,PE,407.27,414.5,408.45,411.11,572,38220,0.154
2025-08-28 14:25:00,24300,CE,51.48,51.21,50.24,51.04,235,35980,0.154
2025-08-28 14:25:00,24300,PE,466.57,463.02,461.33,462.75,169,33182,0.154
2025-08-28 14:25:00,24350,CE,49.64,49.84,49.33,49.63,657,32990,0.154
2025-08-28 14:25:00,24350,PE,511.94,518.18,506.36,511.16,533,32373,0.154
2025-08-28 14:25:00,24400,CE,49.25,49.98,49.25,49.44,489,30270,0.154
2025-08-28 14:25:00,24400,PE,560.79,565.42,556.33,562.53,595,28257,0.154
2025-08-28 14:25:00,24450,CE,50.68,51.03,50.81,50.89,186,33808,0.154
2025-08-28 14:25:00,24450,PE,608.14,610.05,603.76,608.19,530,30427,0.154
2025-08-28 14:25:00,24500,CE,52.27,53.27,52.66,52.68,345,27026,0.154
2025-08-28 14:25:00,24500,PE,663.14,673.1,656.28,657.35,77,31058,0.154
2025-08-28 14:25:00,24550,CE,50.46,51.45,50.42,50.44,259,24502,0.154
2025-08-28 14:25:00,24550,PE,712.64,720.63,712.19,714.76,93,30824,0.154
2025-08-28 14:25:00,24600,CE,50.37,50.09,49.08,49.7,130,28697,0.154
2025-08-28 14:25:00,24600,PE,759.6,772.71,754.61,759.4,59,32560,0.154
2025-08-28 14:25:00,24650,CE,49.89,51.77,50.18,50.19,28,26241,0.154
2025-08-28 14:25:00,24650,PE,812.71,821.56,799.66,809.18,42,24409,0.154
2025-08-28 14:25:00,24700,CE,57.03,58.73,56.56,56.95,448,22948,0.154
2025-08-28 14:25:00,24700,PE,857.14,874.83,855.63,862.36,140,24862,0.154
2025-08-28 14:25:00,24750,CE,49.2,49.83,48.71,49.41,201,21349,0.154
2025-08-28 14:25:00,24750,PE,900.12,919.72,898.07,909.36,103,22129,0.154
2025-08-28 14:25:00,24800,CE,52.29,52.53,50.96,51.57,62,26999,0.154
2025-08-28 14:25:00,24800,PE,958.42,960.88,952.78,957.83,176,24041,0.154
2025-08-28 14:25:00,24850,CE,52.65,53.16,52.78,52.93,317,25888,0.154
2025-08-28 14:25:00,24850,PE,1004.52,1031.07,993.23,1007.99,113,17357,0.154
2025-08-28 14:25:00,24900,CE,56.37,56.24,55.1,55.73,152,20395,0.154
2025-08-28 14:25:00,24900,PE,1065.57,1084.94,1053.55,1059.42,103,20631,0.154
2025-08-28 14:30:00,23500,CE,474.43,470.31,469.46,470.26,655,43777,0.154
2025-08-28 14:30:00,23500,PE,51.61,52.34,51.8,51.89,362,46500,0.154
2025-08-28 14:30:00,23550,CE,427.15,429.81,421.5,423.61,752,49215,0.154
2025-08-28 14:30:00,23550,PE,52.2,53.58,52.44,52.79,259,55473,0.154
2025-08-28 14:30:00,23600,CE,375.15,375.58,367.44,370.62,544,49847,0.154
2025-08-28 14:30:00,23600,PE,50.77,51.26,50.65,50.82,599,52545,0.154
2025-08-28 14:30:00,23650,CE,320.59,322.56,317.47,320.71,471,58718,0.154
2025-08-28 14:30:00,23650,PE,51.65,51.71,50.99,51.14,678,59295,0.154
2025-08-28 14:30:00,23700,CE,267.5,272.3,270.34,270.47,120,66822,0.154
2025-08-28 14:30:00,23700,PE,56.21,55.72,55.08,55.38,504,65683,0.154
2025-08-28 14:30:00,23750,CE,220.65,226.16,213.79,220.57,257,77983,0.154
2025-08-28 14:30:00,23750,PE,51.18,51.78,50.84,50.91,754,74412,0.154
2025-08-28 14:30:00,23800,CE,168.76,171.09,169.47,169.9,321,86616,0.154
2025-08-28 14:30:00,23800,PE,51.08,51.26,50.55,51.02,130,84463,0.154
2025-08-28 14:30:00,23850,CE,121.06,124.15,119.06,120.55,613,81042,0.154
2025-08-28 14:30:00,23850,PE,52.32,52.53,51.94,52.42,74,76046,0.154
2025-08-28 14:30:00,23900,CE,72.06,71.52,70.79,71.44,1383,68698,0.154
2025-08-28 14:30:00,23900,PE,52.24,52.03,51.23,51.89,650,62408,0.154
2025-08-28 14:30:00,23950,CE,52.8,54.44,53.41,53.41,777,62505,0.154
2025-08-28 14:30:00,23950,PE,83.56,84.06,82.44,83.64,120,65868,0.154
2025-08-28 14:30:00,24000,CE,51.35,52.16,51.04,51.04,213,54454,0.154
2025-08-28 14:30:00,24000,PE,128.15,131.79,128.76,129.22,503,61223,0.154
2025-08-28 14:30:00,24050,CE,49.75,50.07,49.13,49.57,835,50825,0.154
2025-08-28 14:30:00,24050,PE,183.25,185.06,178.43,181.31,762,50752,0.154
2025-08-28 14:30:00,24100,CE,49.72,49.64,48.4,49.49,391,47618,0.154
2025-08-28 14:30:00,24100,PE,233.65,232.89,232.48,232.68,780,45430,0.154
2025-08-28 14:30:00,24150,CE,54.12,53.96,53.88,53.93,858,36834,0.154
2025-08-28 14:30:00,24150,PE,288.03,284.09,281.61,283.3,18,43953,0.154
2025-08-28 14:30:00,24200,CE,50.23,50.55,49.87,50.07,455,38365,0.154
2025-08-28 14:30:00,24200,PE,326.44,330.09,325.91,328.97,852,41687,0.154
2025-08-28 14:30:00,24250,CE,50.07,50.62,49.75,50.45,606,41233,0.154
2025-08-28 14:30:00,24250,PE,379.03,385.34,373.47,379.82,151,38430,0.154
2025-08-28 14:30:00,24300,CE,49.32,49.7,48.23,49.52,510,35629,0.154
2025-08-28 14:30:00,24300,PE,432.32,431.08,428.99,430.82,361,32632,0.154
2025-08-28 14:30:00,24350,CE,52.22,52.4,52.04,52.06,345,33028,0.154
2025-08-28 14:30:00,24350,PE,485.35,488.64,482.09,482.9,273,32368,0.154
2025-08-28 14:30:00,24400,CE,50.59,53.35,50.61,50.88,422,30794,0.154
2025-08-28 14:30:00,24400,PE,534.46,535.52,525.63,534.93,267,28507,0.154
2025-08-28 14:30:00,24450,CE,51.6,52.24,51.35,51.37,276,34288,0.154
2025-08-28 14:30:00,24450,PE,585.42,590.3,582.0,584.9,352,30734,0.154
2025-08-28 14:30:00,24500,CE,51.2,51.18,50.92,50.96,175,27218,0.154
2025-08-28 14:30:00,24500,PE,635.6,635.17,629.28,630.1,154,31133,0.154
2025-08-28 14:30:00,24550,CE,51.93,52.71,51.37,51.65,113,24598,0.154
2025-08-28 14:30:00,24550,PE,684.31,683.44,679.23,683.27,106,30832,0.154
2025-08-28 14:30:00,24600,CE,54.85,56.85,54.59,54.72,256,29103,0.154
2025-08-28 14:30:00,24600,PE,742.39,735.88,723.92,730.58,62,32241,0.154
2025-08-28 14:30:00,24650,CE,53.35,53.56,52.75,52.97,354,26739,0.154
2025-08-28 14:30:00,24650,PE,778.97,790.9,769.69,779.71,402,24480,0.154
2025-08-28 14:30:00,24700,CE,51.66,52.25,51.76,51.99,132,22872,0.154
2025-08-28 14:30:00,24700,PE,835.61,841.92,824.86,829.37,405,24515,0.154
2025-08-28 14:30:00,24750,CE,51.6,52.21,51.6,51.91,444,21080,0.154
2025-08-28 14:30:00,24750,PE,873.25,885.7,875.87,880.73,221,22229,0.154
2025-08-28 14:30:00,24800,CE,51.82,53.09,51.58,51.68,132,26581,0.154
2025-08-28 14:30:00,24800,PE,934.39,937.81,922.79,934.3,138,23444,0.154
2025-08-28 14:30:00,24850,CE,50.86,51.65,51.06,51.51,266,25599,0.154
2025-08-28 14:30:00,24850,PE,997.65,999.08,979.45,981.9,187,17121,0.154
2025-08-28 14:30:00,24900,CE,51.47,52.76,51.51,51.95,85,20924,0.154
2025-08-28 14:30:00,24900,PE,1035.32,1032.31,1014.58,1029.9,140,20729,0.154
2025-08-28 14:35:00,23500,CE,531.21,533.89,511.08,524.67,232,43663,0.154
2025-08-28 14:35:00,23500,PE,53.56,54.16,52.83,53.41,172,47079,0.154
2025-08-28 14:35:00,23550,CE,478.0,486.2,476.46,478.26,433,49055,0.154
2025-08-28 14:35:00,23550,PE,48.55,48.82,47.92,48.16,399,56022,0.154
2025-08-28 14:35:00,23600,CE,427.25,428.74,425.69,426.84,479,50376,0.154
2025-08-28 14:35:00,23600,PE,53.24,53.37,52.9,53.15,512,52772,0.154
2025-08-28 14:35:00,23650,CE,371.92,383.26,373.1,375.72,318,58748,0.154
2025-08-28 14:35:00,23650,PE,50.16,51.18,50.39,50.71,506,59681,0.154
2025-08-28 14:35:00,23700,CE,327.39,331.03,323.01,327.66,674,66610,0.154
2025-08-28 14:35:00,23700,PE,53.56,54.2,53.24,53.3,396,65524,0.154
2025-08-28 14:35:00,23750,CE,274.93,276.42,270.18,275.32,978,77631,0.154
2025-08-28 14:35:00,23750,PE,53.95,53.76,52.97,53.5,583,74118,0.154
2025-08-28 14:35:00,23800,CE,225.52,229.5,225.29,225.51,160,86179,0.154
2025-08-28 14:35:00,23800,PE,52.46,52.44,52.19,52.39,39,84883,0.154
2025-08-28 14:35:00,23850,CE,179.13,180.47,177.36,179.31,1037,80443,0.154
2025-08-28 14:35:00,23850,PE,49.09,49.61,48.97,49.21,346,75955,0.154
2025-08-28 14:35:00,23900,CE,126.04,128.68,125.49,126.36,237,68535,0.154
2025-08-28 14:35:00,23900,PE,48.09,48.92,48.08,48.27,1310,62273,0.154
2025-08-28 14:35:00,23950,CE,76.65,78.24,77.93,78.03,852,62917,0.154
2025-08-28 14:35:00,23950,PE,54.96,55.89,54.4,54.77,30,66253,0.154
2025-08-28 14:35:00,24000,CE,51.44,51.85,51.46,51.6,766,54650,0.154
2025-08-28 14:35:00,24000,PE,75.31,77.94,75.39,75.63,1585,61449,0.154
2025-08-28 14:35:00,24050,CE,52.27,52.64,51.98,52.13,443,51189,0.154
2025-08-28 14:35:00,24050,PE,125.32,126.27,125.49,126.23,356,50614,0.154
2025-08-28 14:35:00,24100,CE,49.8,49.81,48.99,49.59,810,47558,0.154
2025-08-28 14:35:00,24100,PE,175.51,178.24,177.36,177.71,1062,45123,0.154
2025-08-28 14:35:00,24150,CE,48.39,48.37,46.99,48.16,713,36519,0.154
2025-08-28 14:35:00,24150,PE,227.59,227.5,224.9,226.62,661,44474,0.154
2025-08-28 14:35:00,24200,CE,53.5,54.27,53.41,53.75,967,38677,0.154
2025-08-28 14:35:00,24200,PE,275.05,281.23,277.08,279.1,637,41630,0.154
2025-08-28 14:35:00,24250,CE,50.03,50.83,50.15,50.57,294,40679,0.154
2025-08-28 14:35:00,24250,PE,319.09,324.35,321.11,322.98,466,38721,0.154
2025-08-28 14:35:00,24300,CE,49.43,49.64,49.25,49.37,695,36167,0.154
2025-08-28 14:35:00,24300,PE,374.47,377.08,366.35,376.01,162,33144,0.154
2025-08-28 14:35:00,24350,CE,52.22,53.12,52.13,52.74,221,33284,0.154
2025-08-28 14:35:00,24350,PE,425.91,426.25,422.47,423.84,574,32545,0.154
2025-08-28 14:35:00,24400,CE,51.64,53.06,51.54,51.77,305,30339,0.154
2025-08-28 14:35:00,24400,PE,481.42,479.25,470.43,475.91,362,28009,0.154
2025-08-28 14:35:00,24450,CE,52.08,53.03,51.43,51.96,420,34006,0.154
2025-08-28 14:35:00,24450,PE,522.64,527.77,521.2,527.39,137,30810,0.154
2025-08-28 14:35:00,24500,CE,52.27,52.21,51.52,51.73,162,27713,0.154
2025-08-28 14:35:00,24500,PE,574.41,592.53,561.76,577.68,70,31578,0.154
2025-08-28 14:35:00,24550,CE,50.73,51.64,51.08,51.13,455,24365,0.154
2025-08-28 14:35:00,24550,PE,632.46,645.26,625.05,628.73,337,30671,0.154
2025-08-28 14:35:00,24600,CE,53.41,53.37,51.9,52.68,139,28875,0.154
2025-08-28 14:35:00,24600,PE,673.81,681.66,677.98,681.3,195,32277,0.154
2025-08-28 14:35:00,24650,CE,54.25,55.58,54.72,55.09,307,27109,0.154
2025-08-28 14:35:00,24650,PE,709.94,734.65,714.33,724.94,303,24819,0.154
2025-08-28 14:35:00,24700,CE,49.2,49.43,48.38,49.26,459,23335,0.154
2025-08-28 14:35:00,24700,PE,777.03,779.94,774.3,776.07,208,24541,0.154
2025-08-28 14:35:00,24750,CE,49.43,48.89,48.39,48.85,384,21269,0.154
2025-08-28 14:35:00,24750,PE,828.3,840.81,812.57,825.29,68,22773,0.154
2025-08-28 14:35:00,24800,CE,50.82,51.16,49.86,50.54,349,26791,0.154
2025-08-28 14:35:00,24800,PE,874.64,895.11,862.67,875.2,448,23044,0.154
2025-08-28 14:35:00,24850,CE,49.47,49.41,48.44,49.04,384,25391,0.154
2025-08-28 14:35:00,24850,PE,929.18,941.62,921.05,924.96,353,16611,0.154
2025-08-28 14:35:00,24900,CE,50.41,50.7,50.4,50.68,234,20456,0.154
2025-08-28 14:35:00,24900,PE,982.31,982.25,970.92,979.31,394,20719,0.154
2025-08-28 14:40:00,23500,CE,558.5,561.08,549.18,553.17,551,43949,0.154
2025-08-28 14:40:00,23500,PE,53.41,54.76,53.07,53.74,315,46705,0.154
2025-08-28 14:40:00,23550,CE,504.71,506.81,502.39,504.32,327,48839,0.154
2025-08-28 14:40:00,23550,PE,49.93,50.64,49.9,49.92,182,55825,0.154
2025-08-28 14:40:00,23600,CE,453.04,456.91,447.03,452.14,178,50784,0.154
2025-08-28 14:40:00,23600,PE,52.57,52.79,52.2,52.33,671,52392,0.154
2025-08-28 14:40:00,23650,CE,399.91,406.57,395.04,404.43,179,58188,0.154
2025-08-28 14:40:00,23650,PE,52.22,53.28,52.28,52.76,340,59829,0.154
2025-08-28 14:40:00,23700,CE,355.46,359.46,353.13,354.85,238,66642,0.154
2025-08-28 14:40:00,23700,PE,51.86,53.14,51.57,51.84,299,64927,0.154
2025-08-28 14:40:00,23750,CE,305.26,306.8,302.55,304.09,237,77948,0.154
2025-08-28 14:40:00,23750,PE,53.89,54.39,54.06,54.31,837,74026,0.154
2025-08-28 14:40:00,23800,CE,254.65,255.77,253.39,253.8,614,86236,0.154
2025-08-28 14:40:00,23800,PE,53.91,53.88,52.58,53.59,329,85087,0.154
2025-08-28 14:40:00,23850,CE,201.41,199.68,197.41,199.61,486,79904,0.154
2025-08-28 14:40:00,23850,PE,52.47,52.42,52.25,52.37,462,75562,0.154
2025-08-28 14:40:00,23900,CE,149.69,151.45,149.7,150.25,643,68490,0.154
2025-08-28 14:40:00,23900,PE,53.58,53.45,52.43,53.04,630,61879,0.154
2025-08-28 14:40:00,23950,CE,103.62,105.11,102.72,103.53,1445,62456,0.154
2025-08-28 14:40:00,23950,PE,53.39,53.74,53.4,53.62,464,66042,0.154
2025-08-28 14:40:00,24000,CE,52.7,53.62,53.19,53.22,834,54561,0.154
2025-08-28 14:40:00,24000,PE,48.01,47.8,47.07,47.47,1776,61868,0.154
2025-08-28 14:40:00,24050,CE,53.07,53.45,52.1,53.05,107,51302,0.154
2025-08-28 14:40:00,24050,PE,100.59,101.34,100.57,100.73,798,51129,0.154
2025-08-28 14:40:00,24100,CE,47.45,48.39,47.09,47.57,466,47506,0.154
2025-08-28 14:40:00,24100,PE,147.48,150.06,147.51,149.13,1230,45089,0.154
2025-08-28 14:40:00,24150,CE,52.34,52.1,51.5,52.06,716,36292,0.154
2025-08-28 14:40:00,24150,PE,196.58,201.46,195.72,199.96,918,43971,0.154
2025-08-28 14:40:00,24200,CE,50.97,52.14,50.37,50.97,1022,38283,0.154
2025-08-28 14:40:00,24200,PE,253.23,255.56,253.48,254.85,610,41111,0.154
2025-08-28 14:40:00,24250,CE,49.67,49.69,49.59,49.68,105,40923,0.154
2025-08-28 14:40:00,24250,PE,302.81,308.96,298.39,303.98,747,38539,0.154
2025-08-28 14:40:00,24300,CE,57.55,57.67,56.55,57.23,62,35604,0.154
2025-08-28 14:40:00,24300,PE,350.92,355.6,350.52,352.33,809,33446,0.154
2025-08-28 14:40:00,24350,CE,52.86,53.45,52.65,52.98,315,32989,0.154
2025-08-28 14:40:00,24350,PE,399.83,403.64,396.64,398.69,562,33017,0.154
2025-08-28 14:40:00,24400,CE,55.39,55.06,54.06,54.83,489,30726,0.154
2025-08-28 14:40:00,24400,PE,458.84,456.7,453.46,455.43,629,27773,0.154
2025-08-28 14:40:00,24450,CE,52.32,52.89,51.75,52.35,506,33688,0.154
2025-08-28 14:40:00,24450,PE,504.17,507.23,497.01,502.98,161,31401,0.154
2025-08-28 14:40:00,24500,CE,50.02,50.84,49.52,49.97,217,28096,0.154
2025-08-28 14:40:00,24500,PE,559.55,565.16,545.52,551.2,228,32089,0.154
2025-08-28 14:40:00,24550,CE,54.7,54.67,53.82,54.53,175,23785,0.154
2025-08-28 14:40:00,24550,PE,604.8,604.91,593.2,600.99,284,30788,0.154
2025-08-28 14:40:00,24600,CE,55.91,56.4,55.93,56.16,224,28594,0.154
2025-08-28 14:40:00,24600,PE,648.15,667.62,641.35,649.64,473,32126,0.154
2025-08-28 14:40:00,24650,CE,49.53,51.02,49.54,49.64,379,26618,0.154
2025-08-28 14:40:00,24650,PE,694.33,703.3,694.91,701.25,471,25117,0.154
2025-08-28 14:40:00,24700,CE,47.44,47.67,47.2,47.37,93,23365,0.154
2025-08-28 14:40:00,24700,PE,744.45,754.42,746.88,750.91,385,24891,0.154
2025-08-28 14:40:00,24750,CE,52.6,52.66,51.8,52.12,209,20808,0.154
2025-08-28 14:40:00,24750,PE,804.96,804.17,800.79,803.07,36,23369,0.154
2025-08-28 14:40:00,24800,CE,51.89,51.77,50.68,51.08,57,26609,0.154
2025-08-28 14:40:00,24800,PE,852.16,870.52,848.97,853.84,398,23585,0.154
2025-08-28 14:40:00,24850,CE,54.89,55.05,54.87,54.98,213,25602,0.154
2025-08-28 14:40:00,24850,PE,883.43,902.23,900.01,900.19,230,16141,0.154
2025-08-28 14:40:00,24900,CE,54.25,54.69,53.23,53.97,212,20794,0.154
2025-08-28 14:40:00,24900,PE,965.76,970.62,952.23,952.83,268,20791,0.154
2025-08-28 14:45:00,23500,CE,532.6,531.08,528.03,528.04,553,43575,0.154
2025-08-28 14:45:00,23500,PE,53.79,53.14,52.88,52.95,380,46329,0.154
2025-08-28 14:45:00,23550,CE,483.12,479.72,476.29,477.34,55,49382,0.154
2025-08-28 14:45:00,23550,PE,51.24,51.33,50.72,50.87,554,56423,0.154
2025-08-28 14:45:00,23600,CE,431.76,437.69,427.91,430.5,356,50875,0.154
2025-08-28 14:45:00,23600,PE,53.89,54.7,54.4,54.7,58,52016,0.154
2025-08-28 14:45:00,23650,CE,381.15,391.86,380.0,382.48,82,57996,0.154
2025-08-28 14:45:00,23650,PE,50.49,51.0,50.28,50.52,344,59483,0.154
2025-08-28 14:45:00,23700,CE,332.48,333.39,327.16,329.52,703,66770,0.154
2025-08-28 14:45:00,23700,PE,56.82,57.4,56.33,57.16,400,64807,0.154
2025-08-28 14:45:00,23750,CE,277.41,278.35,276.15,277.47,567,77801,0.154
2025-08-28 14:45:00,23750,PE,52.38,52.56,52.16,52.25,768,74387,0.154
2025-08-28 14:45:00,23800,CE,224.09,226.44,222.08,223.74,216,86792,0.154
2025-08-28 14:45:00,23800,PE,56.83,56.95,56.08,56.58,511,84723,0.154
2025-08-28 14:45:00,23850,CE,178.25,180.86,175.31,179.11,1052,79801,0.154
2025-08-28 14:45:00,23850,PE,54.33,55.34,54.52,54.76,200,75605,0.154
2025-08-28 14:45:00,23900,CE,127.29,127.98,127.21,127.83,591,68185,0.154
2025-08-28 14:45:00,23900,PE,54.19,54.54,54.1,54.45,1030,61761,0.154
2025-08-28 14:45:00,23950,CE,82.58,83.1,80.48,81.39,877,61922,0.154
2025-08-28 14:45:00,23950,PE,49.05,49.28,48.69,49.22,621,65491,0.154
2025-08-28 14:45:00,24000,CE,51.89,51.78,51.24,51.76,488,54904,0.154
2025-08-28 14:45:00,24000,PE,73.2,75.58,73.26,73.45,1539,61674,0.154
2025-08-28 14:45:00,24050,CE,50.15,50.87,49.86,50.5,1003,51550,0.154
2025-08-28 14:45:00,24050,PE,125.12,125.76,123.2,124.07,1119,50628,0.154
2025-08-28 14:45:00,24100,CE,53.42,53.81,52.81,52.85,385,47710,0.154
2025-08-28 14:45:00,24100,PE,175.81,177.65,175.0,175.85,382,45273,0.154
2025-08-28 14:45:00,24150,CE,51.27,50.94,50.82,50.83,997,36677,0.154
2025-08-28 14:45:00,24150,PE,223.39,227.62,220.71,222.54,552,43616,0.154
2025-08-28 14:45:00,24200,CE,48.99,50.55,48.7,49.2,330,38344,0.154
2025-08-28 14:45:00,24200,PE,264.88,278.06,270.24,270.54,747,41592,0.154
2025-08-28 14:45:00,24250,CE,52.98,52.86,51.97,52.39,768,40586,0.154
2025-08-28 14:45:00,24250,PE,322.31,327.95,321.38,322.36,113,38088,0.154
2025-08-28 14:45:00,24300,CE,51.15,52.27,51.06,51.57,193,35417,0.154
2025-08-28 14:45:00,24300,PE,377.08,376.57,372.74,375.22,47,34004,0.154
2025-08-28 14:45:00,24350,CE,48.93,49.68,48.66,49.29,275,32577,0.154
2025-08-28 14:45:00,24350,PE,423.91,440.46,427.43,429.25,414,32560,0.154
2025-08-28 14:45:00,24400,CE,53.73,53.77,53.34,53.42,609,31323,0.154
2025-08-28 14:45:00,24400,PE,465.88,477.07,468.09,474.34,652,27644,0.154
2025-08-28 14:45:00,24450,CE,54.06,54.5,54.36,54.42,427,33267,0.154
2025-08-28 14:45:00,24450,PE,525.94,534.43,520.29,521.22,40,31471,0.154
2025-08-28 14:45:00,24500,CE,57.19,58.78,57.27,57.65,468,27512,0.154
2025-08-28 14:45:00,24500,PE,567.96,590.19,570.87,574.9,620,31999,0.154
2025-08-28 14:45:00,24550,CE,53.49,53.93,53.19,53.64,367,23228,0.154
2025-08-28 14:45:00,24550,PE,622.82,627.78,617.7,624.12,521,30866,0.154
2025-08-28 14:45:00,24600,CE,50.42,50.39,49.98,50.23,270,28743,0.154
2025-08-28 14:45:00,24600,PE,676.17,683.98,674.64,676.81,463,31530,0.154
2025-08-28 14:45:00,24650,CE,54.89,55.78,54.63,55.39,34,26633,0.154
2025-08-28 14:45:00,24650,PE,722.77,726.79,713.69,723.05,411,25650,0.154
2025-08-28 14:45:00,24700,CE,53.51,53.81,52.45,52.68,53,23242,0.154
2025-08-28 14:45:00,24700,PE,775.43,777.61,771.24,776.12,391,25436,0.154
2025-08-28 14:45:00,24750,CE,50.49,50.9,49.86,50.08,127,21364,0.154
2025-08-28 14:45:00,24750,PE,821.48,838.21,816.53,819.03,385,23057,0.154
2025-08-28 14:45:00,24800,CE,52.05,53.17,51.85,52.17,371,26701,0.154
2025-08-28 14:45:00,24800,PE,877.72,879.29,870.13,876.83,384,23981,0.154
2025-08-28 14:45:00,24850,CE,53.76,54.05,53.22,53.33,93,25852,0.154
2025-08-28 14:45:00,24850,PE,921.71,927.57,913.77,923.79,202,16453,0.154
2025-08-28 14:45:00,24900,CE,55.18,56.0,54.86,55.58,62,20507,0.154
2025-08-28 14:45:00,24900,PE,983.3,993.58,975.77,976.09,100,21292,0.154
2025-08-28 14:50:00,23500,CE,561.42,572.39,563.66,565.26,239,43257,0.154
2025-08-28 14:50:00,23500,PE,55.62,56.49,55.03,55.44,468,46502,0.154
2025-08-28 14:50:00,23550,CE,513.96,521.16,513.71,515.5,435,49843,0.154
2025-08-28 14:50:00,23550,PE,51.04,51.84,50.99,51.36,614,56254,0.154
2025-08-28 14:50:00,23600,CE,459.34,461.27,458.79,461.14,698,50937,0.154
2025-08-28 14:50:00,23600,PE,48.88,49.44,48.38,48.85,647,52244,0.154
2025-08-28 14:50:00,23650,CE,412.66,414.88,410.01,414.2,74,58510,0.154
2025-08-28 14:50:00,23650,PE,52.12,51.85,51.1,51.25,458,59420,0.154
2025-08-28 14:50:00,23700,CE,363.55,365.54,359.75,361.69,299,66893,0.154
2025-08-28 14:50:00,23700,PE,55.78,55.91,55.74,55.89,784,64377,0.154
2025-08-28 14:50:00,23750,CE,305.21,316.25,306.96,312.24,219,77279,0.154
2025-08-28 14:50:00,23750,PE,53.47,54.33,53.54,53.87,195,73812,0.154
2025-08-28 14:50:00,23800,CE,260.48,260.84,259.0,259.08,228,86763,0.154
2025-08-28 14:50:00,23800,PE,52.15,53.12,52.09,52.58,851,84777,0.154
2025-08-28 14:50:00,23850,CE,210.05,213.81,210.7,211.83,271,79304,0.154
2025-08-28 14:50:00,23850,PE,50.8,52.27,50.94,50.96,1014,75222,0.154
2025-08-28 14:50:00,23900,CE,163.12,164.41,161.01,163.88,993,67904,0.154
2025-08-28 14:50:00,23900,PE,51.4,50.94,50.45,50.77,820,62230,0.154
2025-08-28 14:50:00,23950,CE,111.43,112.61,111.62,111.74,1350,61441,0.154
2025-08-28 14:50:00,23950,PE,54.13,53.92,53.37,53.6,767,65478,0.154
2025-08-28 14:50:00,24000,CE,61.79,63.63,61.58,62.36,1531,55250,0.154
2025-08-28 14:50:00,24000,PE,57.41,56.91,56.11,56.85,274,62118,0.154
2025-08-28 14:50:00,24050,CE,55.36,54.96,54.49,54.6,587,51781,0.154
2025-08-28 14:50:00,24050,PE,91.42,91.2,89.19,90.34,301,50346,0.154
2025-08-28 14:50:00,24100,CE,51.36,51.37,50.93,51.3,118,47255,0.154
2025-08-28 14:50:00,24100,PE,139.99,142.97,139.4,140.68,1268,44862,0.154
2025-08-28 14:50:00,24150,CE,51.34,51.94,51.3,51.78,754,37001,0.154
2025-08-28 14:50:00,24150,PE,188.48,192.87,188.57,189.01,110,43371,0.154
2025-08-28 14:50:00,24200,CE,52.84,53.93,53.06,53.19,522,38149,0.154
2025-08-28 14:50:00,24200,PE,242.8,249.48,242.32,243.1,943,41202,0.154
2025-08-28 14:50:00,24250,CE,51.33,51.34,50.31,51.24,704,40507,0.154
2025-08-28 14:50:00,24250,PE,290.88,298.37,288.7,291.6,384,37889,0.154
2025-08-28 14:50:00,24300,CE,48.35,48.73,47.67,47.99,600,35245,0.154
2025-08-28 14:50:00,24300,PE,338.88,342.67,339.1,340.34,558,33444,0.154
2025-08-28 14:50:00,24350,CE,54.88,55.15,54.81,54.93,231,32532,0.154
2025-08-28 14:50:00,24350,PE,391.65,397.16,391.54,392.02,187,32094,0.154
2025-08-28 14:50:00,24400,CE,52.82,54.22,52.61,52.76,174,31365,0.154
2025-08-28 14:50:00,24400,PE,450.35,461.81,439.39,447.31,717,27847,0.154
2025-08-28 14:50:00,24450,CE,51.79,51.89,50.98,51.35,631,33322,0.154
2025-08-28 14:50:00,24450,PE,494.72,506.56,488.93,494.29,32,31046,0.154
2025-08-28 14:50:00,24500,CE,52.81,52.79,52.29,52.78,497,27651,0.154
2025-08-28 14:50:00,24500,PE,544.26,553.8,533.29,543.94,549,31894,0.154
2025-08-28 14:50:00,24550,CE,51.29,51.61,50.21,50.81,571,23059,0.154
2025-08-28 14:50:00,24550,PE,587.33,598.11,584.75,590.02,515,30444,0.154
2025-08-28 14:50:00,24600,CE,49.85,49.79,49.56,49.64,265,29336,0.154
2025-08-28 14:50:00,24600,PE,641.95,671.14,640.98,643.27,460,31401,0.154
2025-08-28 14:50:00,24650,CE,54.38,53.74,53.44,53.63,489,26580,0.154
2025-08-28 14:50:00,24650,PE,693.82,698.12,682.02,691.72,514,25163,0.154
2025-08-28 14:50:00,24700,CE,53.78,53.56,53.14,53.41,428,23452,0.154
2025-08-28 14:50:00,24700,PE,748.45,756.01,731.94,742.93,98,25175,0.154
2025-08-28 14:50:00,24750,CE,53.1,53.62,52.53,52.75,402,21652,0.154
2025-08-28 14:50:00,24750,PE,803.3,790.31,786.62,789.1,99,22537,0.154
2025-08-28 14:50:00,24800,CE,51.03,51.87,51.58,51.76,153,26457,0.154
2025-08-28 14:50:00,24800,PE,826.77,856.42,832.99,841.94,295,24275,0.154
2025-08-28 14:50:00,24850,CE,46.64,46.32,45.47,46.21,128,25727,0.154
2025-08-28 14:50:00,24850,PE,900.94,897.69,892.11,892.92,89,15894,0.154
2025-08-28 14:50:00,24900,CE,50.24,50.81,49.19,49.81,391,20854,0.154
2025-08-28 14:50:00,24900,PE,933.01,941.31,937.82,939.94,339,21850,0.154
2025-08-28 14:55:00,23500,CE,561.27,573.09,545.52,560.68,35,43108,0.154
2025-08-28 14:55:00,23500,PE,52.71,53.01,52.86,52.89,474,46647,0.154
2025-08-28 14:55:00,23550,CE,510.6,522.34,507.02,510.7,534,49690,0.154
2025-08-28 14:55:00,23550,PE,54.22,54.38,53.53,53.88,72,56319,0.154
2025-08-28 14:55:00,23600,CE,458.88,475.36,458.83,461.87,541,51223,0.154
2025-08-28 14:55:00,23600,PE,50.28,50.46,49.93,50.09,137,52403,0.154
2025-08-28 14:55:00,23650,CE,409.9,412.5,407.69,408.17,500,58287,0.154
2025-08-28 14:55:00,23650,PE,52.0,52.65,51.39,52.1,213,59054,0.154
2025-08-28 14:55:00,23700,CE,359.89,362.17,360.34,360.41,105,66946,0.154
2025-08-28 14:55:00,23700,PE,49.73,50.32,49.8,50.26,277,64568,0.154
2025-08-28 14:55:00,23750,CE,313.86,314.05,308.61,311.73,554,77368,0.154
2025-08-28 14:55:00,23750,PE,54.93,55.05,54.23,54.59,896,73365,0.154
2025-08-28 14:55:00,23800,CE,255.01,259.6,257.82,258.81,54,86589,0.154
2025-08-28 14:55:00,23800,PE,51.81,52.08,51.57,51.78,41,85070,0.154
2025-08-28 14:55:00,23850,CE,212.67,214.15,212.14,213.5,436,78880,0.154
2025-08-28 14:55:00,23850,PE,52.91,53.98,52.89,53.07,111,75682,0.154
2025-08-28 14:55:00,23900,CE,161.42,165.52,162.13,162.71,499,67863,0.154
2025-08-28 14:55:00,23900,PE,51.14,52.4,51.4,51.48,235,62579,0.154
2025-08-28 14:55:00,23950,CE,110.62,110.34,108.34,110.2,1100,61249,0.154
2025-08-28 14:55:00,23950,PE,54.81,55.2,54.16,54.89,1263,65309,0.154
2025-08-28 14:55:00,24000,CE,60.28,61.5,60.15,60.69,1574,55810,0.154
2025-08-28 14:55:00,24000,PE,51.48,52.1,51.38,52.1,820,62198,0.154
2025-08-28 14:55:00,24050,CE,54.68,54.59,54.05,54.22,1320,51303,0.154
2025-08-28 14:55:00,24050,PE,92.49,94.26,91.73,92.59,762,50895,0.154
2025-08-28 14:55:00,24100,CE,52.85,52.87,52.47,52.52,290,47104,0.154
2025-08-28 14:55:00,24100,PE,143.6,143.99,142.36,142.94,1159,45114,0.154
2025-08-28 14:55:00,24150,CE,54.22,54.29,54.06,54.23,595,36555,0.154
2025-08-28 14:55:00,24150,PE,194.51,193.9,190.95,192.0,233,43797,0.154
2025-08-28 14:55:00,24200,CE,50.78,51.84,50.31,50.82,552,38699,0.154
2025-08-28 14:55:00,24200,PE,239.78,242.8,240.63,240.68,123,41061,0.154
2025-08-28 14:55:00,24250,CE,52.08,52.15,51.92,52.0,104,40080,0.154
2025-08-28 14:55:00,24250,PE,295.83,297.41,291.12,293.97,25,37958,0.154
2025-08-28 14:55:00,24300,CE,49.79,50.24,49.86,49.98,219,34839,0.154
2025-08-28 14:55:00,24300,PE,346.61,348.47,343.38,343.68,776,33374,0.154
2025-08-28 14:55:00,24350,CE,54.18,54.93,54.55,54.64,443,32679,0.154
2025-08-28 14:55:00,24350,PE,387.61,398.6,390.76,392.13,358,31661,0.154
2025-08-28 14:55:00,24400,CE,49.68,50.84,49.43,50.3,372,31902,0.154
2025-08-28 14:55:00,24400,PE,442.1,444.75,440.02,441.7,517,28093,0.154
2025-08-28 14:55:00,24450,CE,50.75,50.72,49.8,50.05,400,33155,0.154
2025-08-28 14:55:00,24450,PE,487.48,494.95,487.53,491.6,331,30944,0.154
2025-08-28 14:55:00,24500,CE,58.21,59.03,57.73,58.43,383,28068,0.154
2025-08-28 14:55:00,24500,PE,545.1,542.14,536.18,539.23,19,31865,0.154
2025-08-28 14:55:00,24550,CE,55.31,55.3,54.65,54.81,170,23643,0.154
2025-08-28 14:55:00,24550,PE,587.94,593.46,588.44,591.88,97,29918,0.154
2025-08-28 14:55:00,24600,CE,54.05,54.78,53.65,54.09,407,29061,0.154
2025-08-28 14:55:00,24600,PE,638.66,663.34,634.24,643.41,133,31423,0.154
2025-08-28 14:55:00,24650,CE,53.85,53.73,53.22,53.22,506,26143,0.154
2025-08-28 14:55:00,24650,PE,687.75,694.02,691.43,693.82,297,24990,0.154
2025-08-28 14:55:00,24700,CE,54.68,54.9,54.33,54.53,102,23475,0.154
2025-08-28 14:55:00,24700,PE,734.38,749.31,730.64,742.21,496,24888,0.154
2025-08-28 14:55:00,24750,CE,50.24,50.2,49.73,49.93,113,21249,0.154
2025-08-28 14:55:00,24750,PE,791.92,799.99,775.97,792.36,306,22259,0.154
2025-08-28 14:55:00,24800,CE,53.46,52.93,52.59,52.7,280,25956,0.154
2025-08-28 14:55:00,24800,PE,849.43,846.04,836.49,844.46,331,23910,0.154
2025-08-28 14:55:00,24850,CE,52.37,52.28,51.67,52.24,45,25200,0.154
2025-08-28 14:55:00,24850,PE,894.19,909.79,894.52,894.62,355,16437,0.154
2025-08-28 14:55:00,24900,CE,51.97,52.93,51.09,51.34,182,20447,0.154
2025-08-28 14:55:00,24900,PE,945.08,941.7,933.98,941.4,354,21251,0.154
2025-08-28 15:00:00,23500,CE,539.89,551.17,537.53,540.27,215,43656,0.154
2025-08-28 15:00:00,23500,PE,51.24,51.83,51.23,51.71,261,46957,0.154
2025-08-28 15:00:00,23550,CE,488.67,492.55,487.94,489.55,259,49410,0.154
2025-08-28 15:00:00,23550,PE,49.78,50.55,49.45,50.07,230,56773,0.154
2025-08-28 15:00:00,23600,CE,438.84,454.65,438.31,440.61,343,51668,0.154
2025-08-28 15:00:00,23600,PE,52.03,52.63,51.23,51.33,743,52692,0.154
2025-08-28 15:00:00,23650,CE,387.92,392.62,381.72,388.41,250,58397,0.154
2025-08-28 15:00:00,23650,PE,50.01,50.66,49.75,50.01,309,59155,0.154
2025-08-28 15:00:00,23700,CE,339.0,346.42,334.99,341.25,627,67508,0.154
2025-08-28 15:00:00,23700,PE,49.1,49.74,48.97,49.0,694,64526,0.154
2025-08-28 15:00:00,23750,CE,289.4,292.62,290.33,291.14,842,77738,0.154
2025-08-28 15:00:00,23750,PE,52.08,51.59,51.01,51.44,292,72899,0.154
2025-08-28 15:00:00,23800,CE,244.02,244.31,241.97,243.25,459,86829,0.154
2025-08-28 15:00:00,23800,PE,50.0,49.99,49.38,49.74,274,85657,0.154
2025-08-28 15:00:00,23850,CE,192.43,196.6,190.74,194.45,1166,78291,0.154
2025-08-28 15:00:00,23850,PE,54.82,55.07,54.08,54.59,491,75391,0.154
2025-08-28 15:00:00,23900,CE,140.34,138.25,137.56,137.8,1190,68204,0.154
2025-08-28 15:00:00,23900,PE,50.42,51.61,50.98,51.45,923,62859,0.154
2025-08-28 15:00:00,23950,CE,89.01,90.9,89.06,90.05,1266,61530,0.154
2025-08-28 15:00:00,23950,PE,56.2,56.37,55.91,56.33,1066,65887,0.154
2025-08-28 15:00:00,24000,CE,54.75,55.35,54.39,55.23,960,55325,0.154
2025-08-28 15:00:00,24000,PE,66.84,67.8,66.23,66.69,750,62408,0.154
2025-08-28 15:00:00,24050,CE,47.81,47.53,47.36,47.48,1291,51472,0.154
2025-08-28 15:00:00,24050,PE,112.44,113.19,110.05,111.15,429,50541,0.154
2025-08-28 15:00:00,24100,CE,48.19,47.83,47.18,47.5,1080,46759,0.154
2025-08-28 15:00:00,24100,PE,162.64,167.12,164.88,164.92,54,45294,0.154
2025-08-28 15:00:00,24150,CE,53.24,53.96,53.55,53.68,601,36740,0.154
2025-08-28 15:00:00,24150,PE,211.42,213.9,211.1,211.27,534,43917,0.154
2025-08-28 15:00:00,24200,CE,49.79,51.11,49.09,49.86,368,38653,0.154
2025-08-28 15:00:00,24200,PE,265.49,266.63,259.59,262.38,186,41285,0.154
2025-08-28 15:00:00,24250,CE,47.71,47.63,46.98,47.47,555,39866,0.154
2025-08-28 15:00:00,24250,PE,312.23,318.16,312.44,314.34,536,37640,0.154
2025-08-28 15:00:00,24300,CE,54.75,54.35,54.16,54.19,626,34953,0.154
2025-08-28 15:00:00,24300,PE,366.01,369.44,362.55,364.03,559,33514,0.154
2025-08-28 15:00:00,24350,CE,48.88,49.83,48.56,48.59,659,33053,0.154
2025-08-28 15:00:00,24350,PE,421.47,417.11,408.29,416.04,223,31560,0.154
2025-08-28 15:00:00,24400,CE,51.03,51.88,50.66,50.87,400,32218,0.154
2025-08-28 15:00:00,24400,PE,457.81,466.97,454.91,462.17,40,28594,0.154
2025-08-28 15:00:00,24450,CE,52.85,52.91,52.08,52.28,220,33065,0.154
2025-08-28 15:00:00,24450,PE,508.93,528.94,511.0,513.78,186,30995,0.154
2025-08-28 15:00:00,24500,CE,53.18,53.85,52.97,53.17,179,28560,0.154
2025-08-28 15:00:00,24500,PE,561.46,568.53,558.08,563.36,208,31625,0.154
2025-08-28 15:00:00,24550,CE,55.4,55.62,55.13,55.13,21,23910,0.154
2025-08-28 15:00:00,24550,PE,612.51,629.34,612.46,613.94,546,30010,0.154
2025-08-28 15:00:00,24600,CE,49.9,50.95,49.83,49.84,511,28957,0.154
2025-08-28 15:00:00,24600,PE,665.59,672.97,664.6,666.09,392,31860,0.154
2025-08-28 15:00:00,24650,CE,53.13,54.58,53.38,53.4,395,25731,0.154
2025-08-28 15:00:00,24650,PE,717.83,722.11,709.7,715.39,516,24432,0.154
2025-08-28 15:00:00,24700,CE,51.79,51.72,51.01,51.65,66,23123,0.154
2025-08-28 15:00:00,24700,PE,760.72,777.22,759.0,761.48,366,25339,0.154
2025-08-28 15:00:00,24750,CE,51.31,52.94,51.42,51.71,262,21061,0.154
2025-08-28 15:00:00,24750,PE,813.55,824.92,812.64,812.66,225,22479,0.154
2025-08-28 15:00:00,24800,CE,50.91,51.99,51.08,51.11,105,25633,0.154
2025-08-28 15:00:00,24800,PE,861.78,865.98,856.37,863.75,139,23899,0.154
2025-08-28 15:00:00,24850,CE,52.6,53.01,52.37,52.7,324,25227,0.154
2025-08-28 15:00:00,24850,PE,902.22,915.94,905.6,912.7,48,16131,0.154
2025-08-28 15:00:00,24900,CE,44.51,44.76,43.55,44.33,25,20311,0.154
2025-08-28 15:00:00,24900,PE,956.52,965.19,956.59,960.12,216,20965,0.154
2025-08-28 15:05:00,23500,CE,539.11,535.46,529.28,533.76,39,43176,0.154
2025-08-28 15:05:00,23500,PE,54.13,54.41,53.77,54.23,459,46874,0.154
2025-08-28 15:05:00,23550,CE,483.46,483.39,476.06,480.6,686,49486,0.154
2025-08-28 15:05:00,23550,PE,49.54,50.41,49.19,49.93,223,56281,0.154
2025-08-28 15:05:00,23600,CE,426.72,430.57,428.5,429.7,563,51497,0.154
2025-08-28 15:05:00,23600,PE,50.53,50.72,49.85,50.38,458,52647,0.154
2025-08-28 15:05:00,23650,CE,385.17,388.0,380.65,382.58,79,58916,0.154
2025-08-28 15:05:00,23650,PE,49.74,50.97,50.03,50.7,109,59287,0.154
2025-08-28 15:05:00,23700,CE,335.92,333.41,330.28,333.08,141,68038,0.154
2025-08-28 15:05:00,23700,PE,53.41,54.13,53.01,53.51,264,64555,0.154
2025-08-28 15:05:00,23750,CE,284.61,283.57,280.23,282.57,92,78101,0.154
2025-08-28 15:05:00,23750,PE,53.35,53.15,52.68,53.07,234,72414,0.154
2025-08-28 15:05:00,23800,CE,226.42,227.35,225.86,227.02,322,86906,0.154
2025-08-28 15:05:00,23800,PE,47.53,49.45,47.95,48.12,370,85480,0.154
2025-08-28 15:05:00,23850,CE,182.54,181.78,180.78,181.56,111,78565,0.154
2025-08-28 15:05:00,23850,PE,52.08,52.57,51.47,51.88,434,75844,0.154
2025-08-28 15:05:00,23900,CE,126.84,128.21,125.72,127.16,576,68458,0.154
2025-08-28 15:05:00,23900,PE,50.11,50.93,49.58,49.69,457,62364,0.154
2025-08-28 15:05:00,23950,CE,83.9,84.4,82.92,83.81,1052,61675,0.154
2025-08-28 15:05:00,23950,PE,49.03,49.71,48.96,49.35,1594,66179,0.154
2025-08-28 15:05:00,24000,CE,56.2,55.84,55.13,55.43,1064,54760,0.154
2025-08-28 15:05:00,24000,PE,71.89,72.1,71.16,71.79,1387,62011,0.154
2025-08-28 15:05:00,24050,CE,55.87,57.31,55.85,56.06,1054,51688,0.154
2025-08-28 15:05:00,24050,PE,125.25,126.41,124.47,124.8,1158,50318,0.154
2025-08-28 15:05:00,24100,CE,52.26,52.95,52.3,52.56,633,46233,0.154
2025-08-28 15:05:00,24100,PE,171.85,176.49,171.05,171.24,459,45761,0.154
2025-08-28 15:05:00,24150,CE,49.57,50.61,49.46,49.66,238,37282,0.154
2025-08-28 15:05:00,24150,PE,225.08,225.32,222.69,223.21,74,43765,0.154
2025-08-28 15:05:00,24200,CE,51.84,52.2,50.71,52.12,389,39244,0.154
2025-08-28 15:05:00,24200,PE,274.61,278.35,274.19,274.44,551,41712,0.154
2025-08-28 15:05:00,24250,CE,50.27,51.46,50.88,50.98,775,39933,0.154
2025-08-28 15:05:00,24250,PE,320.08,331.59,320.34,323.66,662,37936,0.154
2025-08-28 15:05:00,24300,CE,53.77,53.94,52.27,53.03,427,35476,0.154
2025-08-28 15:05:00,24300,PE,379.86,374.91,373.7,374.09,367,33786,0.154
2025-08-28 15:05:00,24350,CE,53.54,53.25,52.64,53.11,279,32857,0.154
2025-08-28 15:05:00,24350,PE,419.15,423.73,422.44,423.28,286,31191,0.154
2025-08-28 15:05:00,24400,CE,52.87,53.19,52.27,53.19,581,32136,0.154
2025-08-28 15:05:00,24400,PE,467.93,478.63,462.55,467.95,484,28218,0.154
2025-08-28 15:05:00,24450,CE,49.56,49.34,48.3,49.0,460,32490,0.154
2025-08-28 15:05:00,24450,PE,528.18,529.96,522.84,524.31,436,30942,0.154
2025-08-28 15:05:00,24500,CE,49.33,50.06,49.45,49.57,84,28355,0.154
2025-08-28 15:05:00,24500,PE,568.51,589.79,570.02,575.71,35,31139,0.154
2025-08-28 15:05:00,24550,CE,51.63,52.12,52.08,52.11,480,24355,0.154
2025-08-28 15:05:00,24550,PE,623.69,630.25,616.22,622.8,488,29557,0.154
2025-08-28 15:05:00,24600,CE,52.32,52.9,52.64,52.71,329,29113,0.154
2025-08-28 15:05:00,24600,PE,661.38,677.34,667.97,671.09,197,31943,0.154
2025-08-28 15:05:00,24650,CE,49.74,50.67,49.96,49.97,149,26305,0.154
2025-08-28 15:05:00,24650,PE,721.23,721.85,710.36,720.05,136,24136,0.154
2025-08-28 15:05:00,24700,CE,55.01,55.64,54.76,54.83,385,22805,0.154
2025-08-28 15:05:00,24700,PE,774.97,777.62,774.04,775.72,451,25491,0.154
2025-08-28 15:05:00,24750,CE,49.84,50.58,50.32,50.38,431,21130,0.154
2025-08-28 15:05:00,24750,PE,831.02,831.36,825.34,825.93,459,22853,0.154
2025-08-28 15:05:00,24800,CE,52.09,54.46,51.68,52.25,368,25240,0.154
2025-08-28 15:05:00,24800,PE,879.26,874.01,866.32,869.37,366,23659,0.154
2025-08-28 15:05:00,24850,CE,53.82,54.97,54.44,54.73,363,24633,0.154
2025-08-28 15:05:00,24850,PE,913.92,938.95,914.45,923.41,32,16396,0.154
2025-08-28 15:05:00,24900,CE,53.65,54.31,54.0,54.21,33,20101,0.154
2025-08-28 15:05:00,24900,PE,969.9,993.71,968.87,972.71,196,20648,0.154
2025-08-28 15:10:00,23500,CE,547.71,550.89,544.46,547.83,479,43301,0.154
2025-08-28 15:10:00,23500,PE,51.66,52.28,51.61,51.85,425,46576,0.154
2025-08-28 15:10:00,23550,CE,493.85,503.23,489.26,497.86,26,48954,0.154
2025-08-28 15:10:00,23550,PE,46.63,46.68,46.51,46.68,181,55964,0.154
2025-08-28 15:10:00,23600,CE,440.63,445.3,437.36,444.07,459,51916,0.154
2025-08-28 15:10:00,23600,PE,49.51,49.35,48.29,49.34,218,52761,0.154
2025-08-28 15:10:00,23650,CE,400.65,401.4,398.56,399.72,735,58881,0.154
2025-08-28 15:10:00,23650,PE,50.35,51.06,49.89,50.82,174,59276,0.154
2025-08-28 15:10:00,23700,CE,347.37,350.17,342.47,347.19,68,68634,0.154
2025-08-28 15:10:00,23700,PE,50.94,52.36,51.52,51.59,795,63992,0.154
2025-08-28 15:10:00,23750,CE,298.33,303.7,300.36,301.39,264,77694,0.154
2025-08-28 15:10:00,23750,PE,50.76,51.75,50.73,51.38,835,72852,0.154
2025-08-28 15:10:00,23800,CE,249.95,249.67,246.9,247.83,372,86947,0.154
2025-08-28 15:10:00,23800,PE,49.62,49.33,48.94,49.32,688,86074,0.154
2025-08-28 15:10:00,23850,CE,203.38,203.36,200.92,202.66,970,78785,0.154
2025-08-28 15:10:00,23850,PE,52.02,52.11,51.27,51.91,545,76112,0.154
2025-08-28 15:10:00,23900,CE,148.89,150.49,147.32,149.69,866,68553,0.154
2025-08-28 15:10:00,23900,PE,55.35,55.19,54.42,54.46,299,61784,0.154
2025-08-28 15:10:00,23950,CE,98.71,100.64,99.29,99.98,808,62164,0.154
2025-08-28 15:10:00,23950,PE,49.62,50.95,50.11,50.32,1529,66206,0.154
2025-08-28 15:10:00,24000,CE,50.58,51.93,50.56,50.95,1723,54170,0.154
2025-08-28 15:10:00,24000,PE,54.12,54.22,53.84,54.15,1468,61662,0.154
2025-08-28 15:10:00,24050,CE,49.14,49.43,49.07,49.08,555,51508,0.154
2025-08-28 15:10:00,24050,PE,107.56,107.59,104.94,105.89,358,50061,0.154
2025-08-28 15:10:00,24100,CE,53.93,54.47,53.72,53.91,726,45666,0.154
2025-08-28 15:10:00,24100,PE,153.19,155.09,151.8,153.23,301,45497,0.154
2025-08-28 15:10:00,24150,CE,45.76,47.06,45.74,46.17,118,37757,0.154
2025-08-28 15:10:00,24150,PE,202.3,203.86,201.83,202.68,519,43871,0.154
2025-08-28 15:10:00,24200,CE,52.54,52.56,51.03,51.94,612,39036,0.154
2025-08-28 15:10:00,24200,PE,253.85,259.08,254.69,256.38,292,41217,0.154
2025-08-28 15:10:00,24250,CE,53.3,53.97,53.03,53.52,776,40234,0.154
2025-08-28 15:10:00,24250,PE,305.64,310.72,306.87,307.01,622,38198,0.154
2025-08-28 15:10:00,24300,CE,48.48,49.13,48.22,48.75,696,34878,0.154
2025-08-28 15:10:00,24300,PE,356.24,356.82,348.92,354.8,582,34378,0.154
2025-08-28 15:10:00,24350,CE,53.17,53.45,52.84,52.94,658,32575,0.154
2025-08-28 15:10:00,24350,PE,411.81,410.77,406.33,407.35,472,30905,0.154
2025-08-28 15:10:00,24400,CE,54.0,53.64,53.23,53.54,105,31897,0.154
2025-08-28 15:10:00,24400,PE,454.4,457.33,453.55,453.56,261,28772,0.154
2025-08-28 15:10:00,24450,CE,54.81,55.67,54.33,55.0,326,32899,0.154
2025-08-28 15:10:00,24450,PE,494.63,510.19,497.15,501.23,653,31106,0.154
2025-08-28 15:10:00,24500,CE,56.47,56.3,55.28,55.79,320,28348,0.154
2025-08-28 15:10:00,24500,PE,558.41,559.19,557.15,558.79,504,30931,0.154
2025-08-28 15:10:00,24550,CE,52.39,52.54,51.97,52.35,278,24157,0.154
2025-08-28 15:10:00,24550,PE,603.51,619.27,601.56,604.53,163,29347,0.154
2025-08-28 15:10:00,24600,CE,55.44,56.22,55.63,55.67,64,29548,0.154
2025-08-28 15:10:00,24600,PE,648.07,662.4,648.2,653.88,494,32160,0.154
2025-08-28 15:10:00,24650,CE,49.22,50.24,49.63,49.64,406,26193,0.154
2025-08-28 15:10:00,24650,PE,714.64,714.57,698.68,705.97,287,24728,0.154
2025-08-28 15:10:00,24700,CE,54.63,55.38,53.82,54.74,36,22417,0.154
2025-08-28 15:10:00,24700,PE,757.38,759.76,749.53,753.77,422,24983,0.154
2025-08-28 15:10:00,24750,CE,55.34,56.3,55.05,55.43,378,20971,0.154
2025-08-28 15:10:00,24750,PE,805.92,815.83,804.08,805.57,345,23431,0.154
2025-08-28 15:10:00,24800,CE,52.31,52.77,52.65,52.71,268,24668,0.154
2025-08-28 15:10:00,24800,PE,852.26,859.1,843.16,855.0,247,23156,0.154
2025-08-28 15:10:00,24850,CE,50.79,51.38,50.69,50.98,416,24442,0.154
2025-08-28 15:10:00,24850,PE,903.33,912.12,892.82,902.93,423,16980,0.154
2025-08-28 15:10:00,24900,CE,47.24,47.76,47.36,47.48,140,19913,0.154
2025-08-28 15:10:00,24900,PE,953.82,956.15,943.6,951.59,369,20861,0.154
2025-08-28 15:15:00,23500,CE,543.51,540.14,523.93,536.85,334,43737,0.154
2025-08-28 15:15:00,23500,PE,52.93,54.79,53.23,53.25,176,46780,0.154
2025-08-28 15:15:00,23550,CE,480.51,489.48,487.2,487.97,250,48461,0.154
2025-08-28 15:15:00,23550,PE,50.87,51.72,50.54,51.39,255,55542,0.154
2025-08-28 15:15:00,23600,CE,440.64,447.92,432.4,436.37,749,51626,0.154
2025-08-28 15:15:00,23600,PE,48.12,48.41,48.13,48.31,703,53116,0.154
2025-08-28 15:15:00,23650,CE,392.27,399.05,386.08,388.85,308,59243,0.154
2025-08-28 15:15:00,23650,PE,48.72,49.26,48.96,49.17,53,58880,0.154
2025-08-28 15:15:00,23700,CE,338.26,340.7,336.97,338.78,713,68488,0.154
2025-08-28 15:15:00,23700,PE,51.49,52.19,50.61,51.09,147,63559,0.154
2025-08-28 15:15:00,23750,CE,290.6,290.2,286.85,289.68,787,77661,0.154
2025-08-28 15:15:00,23750,PE,52.78,53.32,52.61,52.92,439,72689,0.154
2025-08-28 15:15:00,23800,CE,242.74,239.84,239.05,239.24,118,87537,0.154
2025-08-28 15:15:00,23800,PE,50.59,52.94,50.43,51.02,247,85940,0.154
2025-08-28 15:15:00,23850,CE,188.21,188.19,184.86,186.47,1002,78245,0.154
2025-08-28 15:15:00,23850,PE,49.98,51.18,49.91,49.99,718,76136,0.154
2025-08-28 15:15:00,23900,CE,136.31,138.04,136.38,138.02,998,69041,0.154
2025-08-28 15:15:00,23900,PE,53.0,53.97,53.37,53.45,156,61627,0.154
2025-08-28 15:15:00,23950,CE,87.72,88.44,86.77,88.22,596,62546,0.154
2025-08-28 15:15:00,23950,PE,52.86,52.83,52.18,52.72,737,66106,0.154
2025-08-28 15:15:00,24000,CE,53.95,54.25,52.56,53.15,484,54252,0.154
2025-08-28 15:15:00,24000,PE,64.67,66.15,64.99,65.37,1072,61664,0.154
2025-08-28 15:15:00,24050,CE,46.04,46.14,45.84,45.99,906,51956,0.154
2025-08-28 15:15:00,24050,PE,116.24,114.99,114.19,114.75,1261,50142,0.154
2025-08-28 15:15:00,24100,CE,51.3,51.56,50.57,50.79,1208,45520,0.154
2025-08-28 15:15:00,24100,PE,168.71,169.22,167.0,167.73,48,45817,0.154
2025-08-28 15:15:00,24150,CE,52.29,53.78,52.72,53.04,873,37217,0.154
2025-08-28 15:15:00,24150,PE,217.4,217.55,216.82,217.17,384,43598,0.154
2025-08-28 15:15:00,24200,CE,49.47,50.93,50.36,50.44,542,38779,0.154
2025-08-28 15:15:00,24200,PE,271.98,272.47,265.24,268.73,759,41299,0.154
2025-08-28 15:15:00,24250,CE,51.75,53.5,52.02,52.49,801,40635,0.154
2025-08-28 15:15:00,24250,PE,316.57,317.01,309.32,315.01,286,38262,0.154
2025-08-28 15:15:00,24300,CE,53.37,53.61,52.7,53.21,525,34827,0.154
2025-08-28 15:15:00,24300,PE,363.83,372.37,364.06,367.28,813,33856,0.154
2025-08-28 15:15:00,24350,CE,49.56,50.44,49.8,50.14,713,33139,0.154
2025-08-28 15:15:00,24350,PE,419.75,419.44,414.83,416.81,293,30659,0.154
2025-08-28 15:15:00,24400,CE,53.8,54.44,52.47,53.74,40,31452,0.154
2025-08-28 15:15:00,24400,PE,469.02,475.07,470.28,470.54,177,29171,0.154
2025-08-28 15:15:00,24450,CE,50.87,51.49,50.44,50.66,522,33367,0.154
2025-08-28 15:15:00,24450,PE,520.46,522.8,512.92,515.85,221,30864,0.154
2025-08-28 15:15:00,24500,CE,50.14,51.51,50.38,50.49,518,28406,0.154
2025-08-28 15:15:00,24500,PE,566.85,571.8,560.89,565.53,46,31271,0.154
2025-08-28 15:15:00,24550,CE,50.2,50.94,50.23,50.35,65,23583,0.154
2025-08-28 15:15:00,24550,PE,611.74,625.12,609.79,614.8,549,29931,0.154
2025-08-28 15:15:00,24600,CE,50.94,51.75,50.93,51.57,399,29336,0.154
2025-08-28 15:15:00,24600,PE,672.77,679.18,659.33,664.25,99,32135,0.154
2025-08-28 15:15:00,24650,CE,54.41,55.39,54.14,54.24,279,25653,0.154
2025-08-28 15:15:00,24650,PE,716.48,718.9,708.54,715.44,354,24184,0.154
2025-08-28 15:15:00,24700,CE,54.58,54.3,53.01,53.71,251,21950,0.154
2025-08-28 15:15:00,24700,PE,754.26,763.86,761.51,763.28,32,24768,0.154
2025-08-28 15:15:00,24750,CE,56.17,56.2,55.22,55.78,285,21476,0.154
2025-08-28 15:15:00,24750,PE,816.28,822.14,811.07,814.53,34,23449,0.154
2025-08-28 15:15:00,24800,CE,50.83,51.7,50.44,50.96,350,24458,0.154
2025-08-28 15:15:00,24800,PE,868.39,883.83,866.08,866.68,370,23097,0.154
2025-08-28 15:15:00,24850,CE,54.97,54.98,54.19,54.19,10,24160,0.154
2025-08-28 15:15:00,24850,PE,914.3,924.62,911.78,914.54,186,17128,0.154
2025-08-28 15:15:00,24900,CE,50.24,51.05,50.28,50.53,68,19921,0.154
2025-08-28 15:15:00,24900,PE,966.68,971.7,957.65,966.57,331,20715,0.154
2025-08-28 15:20:00,23500,CE,493.11,499.05,488.15,492.17,146,43960,0.154
2025-08-28 15:20:00,23500,PE,54.0,54.1,53.49,53.95,447,46650,0.154
2025-08-28 15:20:00,23550,CE,446.11,446.21,437.63,445.07,621,48828,0.154
2025-08-28 15:20:00,23550,PE,52.14,52.19,51.51,52.07,87,55660,0.154
2025-08-28 15:20:00,23600,CE,390.8,395.84,387.76,392.4,515,51268,0.154
2025-08-28 15:20:00,23600,PE,50.94,51.58,49.94,50.95,158,52711,0.154
2025-08-28 15:20:00,23650,CE,338.81,341.95,338.34,339.83,298,58950,0.154
2025-08-28 15:20:00,23650,PE,50.82,50.96,50.5,50.86,625,59381,0.154
2025-08-28 15:20:00,23700,CE,290.54,288.18,286.43,287.72,453,68876,0.154
2025-08-28 15:20:00,23700,PE,48.89,49.48,48.66,48.81,499,64125,0.154
2025-08-28 15:20:00,23750,CE,245.6,245.52,242.77,242.95,424,77954,0.154
2025-08-28 15:20:00,23750,PE,53.23,52.95,52.44,52.6,906,73186,0.154
2025-08-28 15:20:00,23800,CE,193.39,195.51,191.41,192.29,486,87363,0.154
2025-08-28 15:20:00,23800,PE,51.83,53.34,51.97,52.03,36,86083,0.154
2025-08-28 15:20:00,23850,CE,142.54,141.86,141.54,141.75,771,78114,0.154
2025-08-28 15:20:00,23850,PE,55.51,55.85,54.98,55.21,313,76573,0.154
2025-08-28 15:20:00,23900,CE,83.64,84.49,83.59,83.66,1576,69637,0.154
2025-08-28 15:20:00,23900,PE,55.51,56.32,54.95,55.91,725,61921,0.154
2025-08-28 15:20:00,23950,CE,52.43,52.33,51.94,52.25,1442,62883,0.154
2025-08-28 15:20:00,23950,PE,62.74,62.87,62.23,62.51,633,66563,0.154
2025-08-28 15:20:00,24000,CE,54.3,54.76,54.14,54.75,979,53766,0.154
2025-08-28 15:20:00,24000,PE,115.17,116.91,115.07,115.67,260,61642,0.154
2025-08-28 15:20:00,24050,CE,50.16,49.78,49.12,49.41,1211,52234,0.154
2025-08-28 15:20:00,24050,PE,165.67,167.13,164.69,165.14,837,50268,0.154
2025-08-28 15:20:00,24100,CE,54.39,55.43,54.25,54.56,1049,45568,0.154
2025-08-28 15:20:00,24100,PE,211.04,211.09,204.05,210.49,474,45679,0.154
2025-08-28 15:20:00,24150,CE,47.74,48.35,47.56,47.8,542,36881,0.154
2025-08-28 15:20:00,24150,PE,260.59,263.9,261.01,263.56,981,44104,0.154
2025-08-28 15:20:00,24200,CE,48.23,49.55,48.42,48.65,364,39059,0.154
2025-08-28 15:20:00,24200,PE,311.82,312.99,310.49,310.61,721,41435,0.154
2025-08-28 15:20:00,24250,CE,52.01,52.27,51.84,52.03,107,40137,0.154
2025-08-28 15:20:00,24250,PE,364.32,369.33,358.56,360.24,611,37796,0.154
2025-08-28 15:20:00,24300,CE,48.27,48.85,48.09,48.28,644,34745,0.154
2025-08-28 15:20:00,24300,PE,408.38,413.18,408.77,410.93,631,33406,0.154
2025-08-28 15:20:00,24350,CE,51.73,51.86,50.44,51.45,292,32717,0.154
2025-08-28 15:20:00,24350,PE,471.22,464.27,459.07,462.2,360,30156,0.154
2025-08-28 15:20:00,24400,CE,50.71,51.2,50.5,50.93,194,31204,0.154
2025-08-28 15:20:00,24400,PE,515.21,515.01,507.7,511.19,350,28584,0.154
2025-08-28 15:20:00,24450,CE,49.27,49.89,49.8,49.81,205,33645,0.154
2025-08-28 15:20:00,24450,PE,553.14,563.15,555.49,559.14,265,30983,0.154
2025-08-28 15:20:00,24500,CE,51.81,51.81,51.49,51.77,513,28415,0.154
2025-08-28 15:20:00,24500,PE,614.25,625.54,610.15,611.64,524,31855,0.154
2025-08-28 15:20:00,24550,CE,50.48,50.15,49.59,49.84,301,23561,0.154
2025-08-28 15:20:00,24550,PE,667.69,669.09,651.05,665.69,184,30374,0.154
2025-08-28 15:20:00,24600,CE,52.95,53.17,52.7,53.01,418,28963,0.154
2025-08-28 15:20:00,24600,PE,723.12,724.9,711.86,713.77,349,31852,0.154
2025-08-28 15:20:00,24650,CE,49.61,51.36,49.06,49.81,500,25447,0.154
2025-08-28 15:20:00,24650,PE,770.16,774.86,759.66,763.93,50,24772,0.154
2025-08-28 15:20:00,24700,CE,52.28,52.87,52.52,52.87,295,22439,0.154
2025-08-28 15:20:00,24700,PE,814.45,819.55,813.83,815.43,430,24706,0.154
2025-08-28 15:20:00,24750,CE,54.23,54.65,54.16,54.3,206,21889,0.154
2025-08-28 15:20:00,24750,PE,858.17,870.55,856.86,862.75,178,23128,0.154
2025-08-28 15:20:00,24800,CE,53.31,54.17,53.32,53.37,251,24569,0.154
2025-08-28 15:20:00,24800,PE,911.77,918.65,913.74,915.04,362,22691,0.154
2025-08-28 15:20:00,24850,CE,53.71,54.51,53.84,54.15,207,24250,0.154
2025-08-28 15:20:00,24850,PE,961.17,997.07,955.63,963.42,404,16794,0.154
2025-08-28 15:20:00,24900,CE,49.85,50.05,48.56,49.18,252,20023,0.154
2025-08-28 15:20:00,24900,PE,990.61,1017.88,1003.57,1010.29,385,20629,0.154
2025-08-28 15:25:00,23500,CE,528.26,553.91,534.31,540.5,126,44030,0.154
2025-08-28 15:25:00,23500,PE,50.16,50.94,50.26,50.34,560,46243,0.154
2025-08-28 15:25:00,23550,CE,493.83,492.56,488.81,489.91,503,48835,0.154
2025-08-28 15:25:00,23550,PE,50.52,51.3,50.75,50.87,558,55439,0.154
2025-08-28 15:25:00,23600,CE,441.57,443.34,432.95,439.98,642,50840,0.154
2025-08-28 15:25:00,23600,PE,52.39,52.67,52.11,52.58,403,52711,0.154
2025-08-28 15:25:00,23650,CE,389.76,398.4,385.05,392.79,236,58516,0.154
2025-08-28 15:25:00,23650,PE,53.79,54.59,53.21,54.0,766,59293,0.154
2025-08-28 15:25:00,23700,CE,340.63,348.66,337.92,340.11,820,68663,0.154
2025-08-28 15:25:00,23700,PE,50.08,50.1,49.48,49.64,572,64176,0.154
2025-08-28 15:25:00,23750,CE,289.15,289.02,287.24,287.86,400,77934,0.154
2025-08-28 15:25:00,23750,PE,56.34,55.82,55.23,55.68,259,72747,0.154
2025-08-28 15:25:00,23800,CE,237.2,236.91,232.84,236.29,723,87097,0.154
2025-08-28 15:25:00,23800,PE,49.31,49.52,49.19,49.44,577,86151,0.154
2025-08-28 15:25:00,23850,CE,192.31,195.64,191.96,192.86,1199,78514,0.154
2025-08-28 15:25:00,23850,PE,51.63,51.62,51.23,51.31,239,76044,0.154
2025-08-28 15:25:00,23900,CE,143.93,144.6,140.66,141.66,1322,69146,0.154
2025-08-28 15:25:00,23900,PE,48.66,48.6,48.08,48.22,982,62277,0.154
2025-08-28 15:25:00,23950,CE,90.22,92.62,89.55,90.9,1374,62690,0.154
2025-08-28 15:25:00,23950,PE,49.92,49.86,48.97,49.48,569,66271,0.154
2025-08-28 15:25:00,24000,CE,51.0,51.45,51.02,51.34,314,53441,0.154
2025-08-28 15:25:00,24000,PE,60.78,61.42,59.36,59.97,371,62206,0.154
2025-08-28 15:25:00,24050,CE,51.58,52.42,50.32,51.38,726,52246,0.154
2025-08-28 15:25:00,24050,PE,114.47,115.38,114.82,114.98,929,49861,0.154
2025-08-28 15:25:00,24100,CE,51.71,51.96,51.47,51.85,1267,45455,0.154
2025-08-28 15:25:00,24100,PE,163.36,164.9,162.62,163.35,662,45391,0.154
2025-08-28 15:25:00,24150,CE,50.02,50.14,49.63,50.0,353,36483,0.154
2025-08-28 15:25:00,24150,PE,213.73,217.96,208.75,212.23,581,44678,0.154
2025-08-28 15:25:00,24200,CE,52.78,53.24,52.53,53.23,35,38993,0.154
2025-08-28 15:25:00,24200,PE,261.7,264.96,259.27,262.39,408,41664,0.154
2025-08-28 15:25:00,24250,CE,49.61,49.13,48.95,49.09,689,40615,0.154
2025-08-28 15:25:00,24250,PE,316.12,314.14,309.66,312.8,248,37442,0.154
2025-08-28 15:25:00,24300,CE,50.91,51.66,51.06,51.17,413,34298,0.154
2025-08-28 15:25:00,24300,PE,365.77,368.4,364.1,365.36,415,33118,0.154
2025-08-28 15:25:00,24350,CE,51.58,51.91,51.27,51.84,253,32972,0.154
2025-08-28 15:25:00,24350,PE,408.34,414.23,411.2,411.74,128,30014,0.154
2025-08-28 15:25:00,24400,CE,54.23,55.14,54.47,54.72,493,31190,0.154
2025-08-28 15:25:00,24400,PE,460.88,465.1,461.74,461.96,622,28008,0.154
2025-08-28 15:25:00,24450,CE,47.99,48.52,48.02,48.02,282,33050,0.154
2025-08-28 15:25:00,24450,PE,522.51,520.04,515.14,516.13,52,30871,0.154
2025-08-28 15:25:00,24500,CE,52.85,52.62,52.24,52.47,166,27995,0.154
2025-08-28 15:25:00,24500,PE,564.78,574.86,567.14,567.49,608,32204,0.154
2025-08-28 15:25:00,24550,CE,50.13,50.52,49.57,49.98,263,24102,0.154
2025-08-28 15:25:00,24550,PE,613.26,614.77,612.64,613.06,59,30884,0.154
2025-08-28 15:25:00,24600,CE,51.4,52.21,51.35,51.58,493,28921,0.154
2025-08-28 15:25:00,24600,PE,676.9,668.34,651.73,663.63,402,31596,0.154
2025-08-28 15:25:00,24650,CE,50.48,52.33,50.56,51.15,513,25427,0.154
2025-08-28 15:25:00,24650,PE,718.66,719.42,714.66,715.36,122,24296,0.154
2025-08-28 15:25:00,24700,CE,51.01,51.78,51.19,51.38,355,22971,0.154
2025-08-28 15:25:00,24700,PE,760.27,765.01,760.37,764.05,351,24911,0.154
2025-08-28 15:25:00,24750,CE,52.44,52.01,50.97,51.43,380,21632,0.154
2025-08-28 15:25:00,24750,PE,807.63,818.61,804.52,812.97,167,23439,0.154
2025-08-28 15:25:00,24800,CE,54.08,55.1,53.74,54.0,300,24263,0.154
2025-08-28 15:25:00,24800,PE,877.37,875.88,864.14,864.63,34,22992,0.154
2025-08-28 15:25:00,24850,CE,49.96,50.16,49.44,49.97,378,24132,0.154
2025-08-28 15:25:00,24850,PE,911.05,912.21,908.65,912.05,365,17230,0.154
2025-08-28 15:25:00,24900,CE,50.34,50.71,49.66,50.45,296,20610,0.154
2025-08-28 15:25:00,24900,PE,963.23,978.5,958.45,965.09,409,20413,0.154
